9.29858666666666722200e-01	8.29009666666666727997e-02	1.09036333333333335105e+00
8.57508666666666585776e-01	1.10304933333333340939e-01	1.08092333333333345813e+00
8.02500333333333260022e-01	5.96662900000000037681e-02	1.06591333333333349032e+00
8.17285666666666688052e-01	-1.61864766666666680395e-02	1.05372333333333334515e+00
8.88528666666666633311e-01	-4.27574000000000009614e-02	1.04751333333333351838e+00
9.46093333333333341706e-01	5.69140000000000183950e-03	1.06914333333333355647e+00
1.07770333333333323544e+00	1.16399966666666673798e-01	1.09955666666666673770e+00
9.98991000000000073378e-01	1.43993366666666650078e-01	1.09912999999999994039e+00
9.84774666666666687043e-01	2.26053999999999977177e-01	1.09702666666666659445e+00
8.97978333333333211819e-01	2.55026333333333354858e-01	1.08622333333333331851e+00
8.39844666666666683774e-01	2.00369666666666668142e-01	1.07888666666666654947e+00
7.70843333333333435853e-01	2.25987333333333317853e-01	1.05665999999999993264e+00
7.05956000000000027939e-01	1.66655666666666674169e-01	1.04620333333333337400e+00
7.19949000000000061128e-01	9.03993566666666664711e-02	1.05342000000000002302e+00
6.62781000000000064531e-01	4.07496233333333388038e-02	1.04598333333333326500e+00
6.79130333333333280343e-01	-4.50873766666666717096e-02	1.03746666666666675916e+00
7.51083666666666704970e-01	-7.12904100000000123805e-02	1.03271333333333337201e+00
7.64822333333333381766e-01	-1.43478100000000025060e-01	1.00796966666666665269e+00
8.46150333333333226626e-01	-1.72954433333333351674e-01	1.00077400000000005242e+00
9.03654666666666606112e-01	-1.27337666666666654569e-01	1.01930766666666694498e+00
9.74025999999999947399e-01	-1.52475566666666645377e-01	1.00951433333333340236e+00
1.04252900000000003899e+00	-9.95324999999999820988e-02	1.02876666666666682914e+00
1.02972233333333318406e+00	-2.59458000000000015006e-02	1.06019000000000018780e+00
1.09220000000000005969e+00	2.36703666666666645568e-02	1.08183666666666677969e+00
1.22029333333333345202e+00	1.42399933333333339469e-01	1.07059333333333328575e+00
1.15381666666666671262e+00	1.79085933333333335860e-01	1.08616000000000001435e+00
1.14941999999999988624e+00	2.68437666666666630011e-01	1.06094666666666670451e+00
1.05909033333333346683e+00	2.87812333333333336682e-01	1.07223999999999985988e+00
1.03552700000000008629e+00	3.54360333333333332728e-01	1.04166999999999987381e+00
9.48747333333333386918e-01	3.85093333333333343038e-01	1.03556000000000003602e+00
8.85514333333333403253e-01	3.47517666666666669162e-01	1.05532666666666652411e+00
8.09578999999999937565e-01	3.83965000000000056257e-01	1.02924666666666664305e+00
7.53041666666666720253e-01	3.17091333333333336153e-01	1.03791666666666659857e+00
6.85640333333333296117e-01	3.30197999999999991516e-01	1.01733000000000006757e+00
6.17095666666666708977e-01	2.71647666666666676161e-01	1.02187666666666654436e+00
6.19609666666666725199e-01	1.99209333333333349358e-01	1.03200666666666651672e+00
5.45223333333333282091e-01	1.53938666666666668092e-01	1.02451000000000003176e+00
5.74401666666666699257e-01	7.17352666666666721751e-02	1.03127000000000013102e+00
5.25671666666666648204e-01	1.79886000000000004229e-02	1.02696333333333345017e+00
5.42596666666666727075e-01	-7.06053999999999987169e-02	1.02129833333333341905e+00
6.07676000000000104961e-01	-1.02695733333333330539e-01	1.01708833333333337201e+00
6.10599333333333382789e-01	-1.86111999999999971900e-01	9.93737333333333361374e-01
6.95792333333333345990e-01	-2.00691333333333332689e-01	9.89372000000000029196e-01
7.17994000000000021089e-01	-2.62878333333333324973e-01	9.68950333333333246877e-01
8.01495333333333448422e-01	-2.89205333333333369783e-01	9.58650666666666650961e-01
8.60621666666666729206e-01	-2.56494666666666704113e-01	9.71876666666666721994e-01
9.32653666666666603113e-01	-2.91991333333333324962e-01	9.51611666666666633496e-01
9.88553666666666663865e-01	-2.33589000000000018842e-01	9.70715666666666643358e-01
1.05531333333333332547e+00	-2.43508666666666678813e-01	9.51883000000000034646e-01
1.12514333333333338416e+00	-1.92043333333333343660e-01	9.63158999999999987374e-01
1.12688666666666659211e+00	-1.29180600000000006533e-01	1.00124400000000002287e+00
1.20336666666666669556e+00	-8.64625333333333273567e-02	1.01020733333333345705e+00
1.18148666666666657399e+00	-7.19826666666666548783e-03	1.05937666666666685522e+00
1.23346666666666671119e+00	4.88453333333333308830e-02	1.06153000000000008463e+00
1.35359666666666655921e+00	1.64570666666666670652e-01	1.00468566666666658804e+00
1.29364333333333347831e+00	2.03109333333333363925e-01	1.02769299999999996764e+00
1.29422333333333328120e+00	2.90838666666666689764e-01	9.93060666666666702618e-01
1.21647666666666665058e+00	3.19480999999999959460e-01	1.01074766666666659987e+00
1.19762999999999997236e+00	3.89423999999999992383e-01	9.67552999999999996383e-01
1.10701000000000004952e+00	4.04928666666666658980e-01	9.87181999999999892914e-01
1.08020999999999989249e+00	4.59816999999999975746e-01	9.45952333333333172938e-01
9.94336000000000108656e-01	4.92920666666666729139e-01	9.47785333333333368522e-01
9.34356333333333455293e-01	4.68765333333333311661e-01	9.82905000000000028670e-01
8.57717000000000062698e-01	5.17385333333333363726e-01	9.67869333333333359271e-01
7.96172666666666750679e-01	4.70160666666666671176e-01	9.94444333333333374547e-01
7.21475333333333357366e-01	4.94040000000000034674e-01	9.74483000000000099128e-01
6.67480333333333342161e-01	4.20951000000000019607e-01	9.88698666666666614589e-01
6.01719000000000003858e-01	4.29351333333333362585e-01	9.66321333333333254423e-01
5.30430333333333337009e-01	3.74466666666666669894e-01	9.75702666666666718065e-01
5.27646999999999977149e-01	3.07515999999999956049e-01	1.00262666666666677706e+00
4.43874666666666639614e-01	2.65980999999999967454e-01	9.96501333333333239040e-01
4.58936999999999983846e-01	1.84841999999999978543e-01	1.00825466666666652138e+00
3.94841333333333377453e-01	1.32699499999999998012e-01	9.94997333333333178196e-01
4.32397666666666680158e-01	4.80494999999999949925e-02	1.00694599999999989670e+00
3.85523666666666653402e-01	-7.20676666666666271288e-03	9.99080666666666616926e-01
4.02191000000000020709e-01	-9.90469333333333229463e-02	1.00309833333333320304e+00
4.65989999999999959801e-01	-1.32384666666666678259e-01	1.00529866666666678476e+00
4.62594666666666709531e-01	-2.23533333333333333881e-01	9.88649333333333379947e-01
5.42124666666666699122e-01	-2.45170333333333351211e-01	9.81297999999999892573e-01
5.57107666666666667687e-01	-3.19747000000000003439e-01	9.58372333333333270566e-01
6.47784000000000026454e-01	-3.22875666666666671922e-01	9.50389999999999957048e-01
6.72460000000000057696e-01	-3.80291666666666638985e-01	9.27255999999999969141e-01
7.57320666666666642008e-01	-4.03825000000000045031e-01	9.16567333333333400525e-01
8.16146000000000149122e-01	-3.72736000000000011756e-01	9.29401666666666681493e-01
8.88953666666666642016e-01	-4.15102000000000026514e-01	9.07705666666666743936e-01
9.46335000000000037268e-01	-3.67068000000000005389e-01	9.16689666666666624906e-01
1.01646833333333330707e+00	-3.89726666666666610173e-01	8.97603999999999957460e-01
1.09569999999999989626e+00	-3.53975666666666632931e-01	8.94375666666666568894e-01
1.10721333333333338267e+00	-3.01157999999999981267e-01	9.09936999999999884814e-01
1.20622999999999991338e+00	-2.81519000000000019224e-01	9.04787999999999925649e-01
1.21098666666666665570e+00	-2.21384666666666674040e-01	9.32881333333333340185e-01
1.29577666666666657669e+00	-1.86119666666666683241e-01	9.37874666666666634285e-01
1.28641333333333340860e+00	-1.14060266666666673685e-01	9.77115666666666604634e-01
1.35472666666666685664e+00	-6.53491666666666665142e-02	9.86495000000000010765e-01
1.32366000000000005876e+00	1.82921666666666683787e-02	1.02174000000000009258e+00
1.37044000000000010253e+00	7.33081000000000010397e-02	1.00779599999999991411e+00
1.49385000000000012221e+00	1.89168666666666679399e-01	9.45295666666666534184e-01
1.43094999999999994422e+00	2.26445000000000007390e-01	9.61329333333333369005e-01
1.43871333333333328852e+00	3.22243666666666650489e-01	9.35906000000000126704e-01
1.36193999999999992845e+00	3.48098666666666722858e-01	9.44630000000000080718e-01
1.34875000000000011546e+00	4.28319333333333329694e-01	9.06764666666666663275e-01
1.26218666666666678999e+00	4.41002333333333329524e-01	9.12000666666666681692e-01
1.23698333333333332362e+00	5.12087333333333338814e-01	8.80114333333333220821e-01
1.14562666666666657100e+00	5.15397333333333373950e-01	8.94436999999999926558e-01
1.11143666666666662834e+00	5.73754333333333366163e-01	8.64713000000000064915e-01
1.02241433333333331390e+00	5.97576666666666755923e-01	8.57345000000000023732e-01
9.70730333333333361701e-01	5.72323333333333295059e-01	8.88901999999999969937e-01
8.86018333333333352186e-01	6.27574666666666725057e-01	8.77006666666666601095e-01
8.32984666666666817569e-01	5.96791999999999989157e-01	9.20854333333333330280e-01
7.46757000000000004114e-01	6.28707333333333395764e-01	9.03920999999999974506e-01
6.96791999999999966953e-01	5.73179999999999911786e-01	9.30974666666666728077e-01
6.13122333333333435768e-01	5.79952333333333291954e-01	9.02877999999999958369e-01
5.72044333333333376856e-01	5.09212666666666646798e-01	9.24008999999999969255e-01
4.95418999999999998263e-01	5.04974666666666682779e-01	9.00015666666666658280e-01
4.63912333333333315455e-01	4.26514000000000004231e-01	9.33954666666666710739e-01
3.89628000000000029868e-01	4.16675666666666666416e-01	9.27544666666666572930e-01
3.27686000000000032806e-01	3.44481333333333361590e-01	9.50965333333333329158e-01
3.45713333333333316943e-01	2.81717666666666644026e-01	9.72173999999999982613e-01
2.64111666666666689007e-01	2.11495333333333285220e-01	9.64498666666666615299e-01
2.98177333333333349774e-01	1.43616166666666683627e-01	9.75568666666666639564e-01
2.35992666666666656150e-01	6.56594666666666659793e-02	9.70926333333333335673e-01
2.85782666666666684829e-01	-5.13466666666663462681e-04	9.82489666666666594530e-01
2.40846000000000004526e-01	-7.96279666666666746666e-02	9.94326999999999849855e-01
3.09076000000000017387e-01	-1.40002600000000004821e-01	1.00185499999999994003e+00
2.85026333333333325992e-01	-2.21040999999999959735e-01	1.00396899999999988928e+00
3.74746000000000023533e-01	-2.71234000000000030628e-01	9.88563000000000080547e-01
3.68282999999999971497e-01	-3.44211666666666638026e-01	9.75378333333333347177e-01
4.40573000000000047915e-01	-4.08448333333333302164e-01	9.51658999999999921648e-01
5.10552000000000005819e-01	-3.98513333333333330533e-01	9.42872666666666581214e-01
5.57448000000000054577e-01	-4.78511666666666612979e-01	9.16266333333333293787e-01
6.28679666666666636665e-01	-4.57161333333333363971e-01	9.08631999999999995232e-01
6.86100666666666580973e-01	-5.23289999999999921876e-01	8.96244666666666689459e-01
7.59465666666666705531e-01	-4.92400333333333328767e-01	8.97777666666666696038e-01
8.20926666666666693395e-01	-5.41008000000000044416e-01	8.83200666666666744931e-01
8.91589333333333455833e-01	-4.94798666666666664415e-01	8.80294333333333400837e-01
9.52810666666666583602e-01	-5.28509333333333386484e-01	8.58952999999999966541e-01
1.02030833333333337265e+00	-4.71471333333333297855e-01	8.67278666666666642193e-01
1.08244000000000006878e+00	-4.99452666666666600381e-01	8.58508666666666697687e-01
1.16556666666666663978e+00	-4.66750333333333322638e-01	8.66808999999999940655e-01
1.18266666666666675489e+00	-4.03018000000000042871e-01	8.72350666666666718640e-01
1.27863333333333328845e+00	-3.90960666666666678548e-01	8.68547333333333337890e-01
1.29068333333333318258e+00	-3.22279333333333306566e-01	8.85423333333333340001e-01
1.38092666666666663566e+00	-3.01076333333333334696e-01	9.04225333333333325392e-01
1.38126333333333328746e+00	-2.25051000000000001044e-01	9.28583333333333427184e-01
1.46137333333333319096e+00	-1.88740666666666667695e-01	9.43296666666666561163e-01
1.44420000000000015028e+00	-1.01098233333333342721e-01	9.61967333333333285417e-01
1.50909333333333339766e+00	-5.28656106666666736338e-02	9.65169666666666592469e-01
1.46639999999999992575e+00	3.78993893333333317641e-02	9.75753333333333361388e-01
1.51245666666666678246e+00	9.18856226666666664471e-02	9.56609333333333311522e-01
1.64633666666666655942e+00	2.16474666666666676340e-01	8.92094666666666591404e-01
1.57994666666666661037e+00	2.55022000000000026443e-01	9.08497333333333378924e-01
1.59224333333333323282e+00	3.56998333333333306427e-01	8.85207999999999994856e-01
1.51391000000000008896e+00	3.86943666666666630238e-01	8.96583000000000018836e-01
1.50442333333333344569e+00	4.76283666666666716250e-01	8.63179666666666789432e-01
1.41603666666666683227e+00	4.91804333333333343337e-01	8.64637333333333368834e-01
1.39196000000000008612e+00	5.70486333333333317519e-01	8.29907333333333330216e-01
1.29947000000000012498e+00	5.78086333333333368678e-01	8.40148333333333163786e-01
1.26674666666666646542e+00	6.46592666666666704423e-01	8.11376333333333366049e-01
1.17006999999999994344e+00	6.38950666666666666771e-01	8.21618333333333339397e-01
1.13175333333333338892e+00	6.94996666666666595980e-01	7.93057000000000011930e-01
1.03961033333333330297e+00	7.15350666666666690219e-01	7.86859999999999892850e-01
9.88904666666666654073e-01	6.83126999999999928725e-01	8.08053333333333401178e-01
9.02173000000000002707e-01	7.31476999999999932811e-01	7.84055333333333326351e-01
8.50970666666666653022e-01	7.01177999999999967962e-01	8.21451666666666802108e-01
7.62208000000000107654e-01	7.38583000000000100549e-01	8.06179666666666627783e-01
7.11028000000000104386e-01	6.96894999999999931184e-01	8.44801333333333293041e-01
6.23754333333333410572e-01	7.13592666666666652908e-01	8.22334999999999927134e-01
5.75813666666666668092e-01	6.52177333333333275611e-01	8.53358000000000060936e-01
4.92096666666666682222e-01	6.54228333333333300637e-01	8.31454000000000026382e-01
4.52780000000000015792e-01	5.77765333333333352961e-01	8.56980666666666723863e-01
3.75460333333333340367e-01	5.72636666666666571679e-01	8.38635666666666668156e-01
3.43814999999999981739e-01	4.90007666666666674704e-01	8.75260666666666686808e-01
2.65307333333333339453e-01	4.82444999999999957208e-01	8.73556666666666647991e-01
1.98130066666666659891e-01	4.08719333333333267877e-01	9.00330333333333343582e-01
2.14695733333333332871e-01	3.44087666666666625037e-01	9.25455000000000027605e-01
1.24396333333333330984e-01	2.74527000000000021007e-01	9.21788999999999969504e-01
1.55784933333333347472e-01	2.04698333333333343242e-01	9.39623999999999903743e-01
8.28937666666666600479e-02	1.23746833333333319804e-01	9.34548000000000045340e-01
1.29035833333333321837e-01	5.25871333333333343396e-02	9.54780333333333341983e-01
7.20454333333333390987e-02	-3.23898666666666626424e-02	9.57971000000000016961e-01
1.34065600000000006986e-01	-9.84320333333333352677e-02	9.85954333333333265976e-01
9.51540000000000024682e-02	-1.86519000000000018114e-01	9.84163666666666769878e-01
1.77884733333333322491e-01	-2.48753333333333298549e-01	9.94650333333333414032e-01
1.63002066666666639572e-01	-3.32366333333333374700e-01	9.62270666666666607547e-01
2.63680666666666674303e-01	-3.77631666666666643284e-01	9.58404666666666682495e-01
2.62741333333333326738e-01	-4.49287666666666585247e-01	9.23021333333333249271e-01
3.39676000000000033463e-01	-5.14444999999999930118e-01	9.08753333333333301880e-01
4.12905333333333401935e-01	-5.07025666666666707805e-01	9.20417333333333309575e-01
4.64561333333333326134e-01	-5.91317666666666741371e-01	8.92660333333333277928e-01
5.39124999999999965361e-01	-5.72738666666666618177e-01	8.97295666666666602573e-01
5.97533666666666629652e-01	-6.43137999999999987466e-01	8.74440666666666643891e-01
6.73277666666666552153e-01	-6.15039666666666651196e-01	8.81024000000000029331e-01
7.36341333333333292188e-01	-6.72906000000000115158e-01	8.63873666666666650826e-01
8.10625333333333308872e-01	-6.29764000000000101487e-01	8.64517333333333470868e-01
8.73991999999999991111e-01	-6.75781333333333456004e-01	8.48842666666666634256e-01
9.45514666666666614425e-01	-6.20736000000000065491e-01	8.46184666666666696067e-01
1.00898899999999991373e+00	-6.59312333333333278063e-01	8.38100999999999984880e-01
1.07841666666666657903e+00	-5.95066999999999901583e-01	8.42099333333333421869e-01
1.14386333333333323203e+00	-6.32820333333333429060e-01	8.52693333333333303159e-01
1.23022666666666680158e+00	-5.98563000000000067224e-01	8.59195666666666801881e-01
1.24790666666666649753e+00	-5.28107333333333373027e-01	8.56902000000000163560e-01
1.34945666666666674871e+00	-5.21507333333333433778e-01	8.58840333333333316723e-01
1.36308333333333320248e+00	-4.48093000000000019067e-01	8.64944000000000046136e-01
1.46147333333333317995e+00	-4.33551333333333344111e-01	8.83526666666666682382e-01
1.46726666666666649697e+00	-3.55215999999999976211e-01	9.05931999999999959527e-01
1.56102000000000007418e+00	-3.27697333333333340466e-01	9.26265000000000005009e-01
1.55478999999999989434e+00	-2.37247333333333337846e-01	9.39271666666666615875e-01
1.63186999999999993172e+00	-1.92008333333333336412e-01	9.30829000000000017501e-01
1.60334666666666669776e+00	-9.52690440000000110521e-02	9.38056333333333269842e-01
1.66276333333333337094e+00	-4.07408773333333348865e-02	9.12758333333333449211e-01
1.61456666666666670551e+00	5.56487893333333372148e-02	9.20727666666666610951e-01
1.66234999999999999432e+00	1.14384500000000000064e-01	8.93011333333333379159e-01
1.81492666666666657704e+00	2.46713666666666636695e-01	8.42606666666666614951e-01
1.74274999999999979927e+00	2.87372666666666665147e-01	8.58258333333333234272e-01
1.75820333333333311820e+00	3.94680666666666679632e-01	8.31741333333333443534e-01
1.67408666666666672285e+00	4.25759000000000054076e-01	8.42288333333333305575e-01
1.66496666666666648382e+00	5.16599000000000030397e-01	7.97163333333333334885e-01
1.57363666666666657257e+00	5.37178333333333424271e-01	8.06679666666666683739e-01
1.54855333333333344825e+00	6.13516999999999979032e-01	7.55516333333333456324e-01
1.45526333333333313114e+00	6.31304333333333356215e-01	7.77286333333333190332e-01
1.42077666666666679873e+00	6.95080666666666679987e-01	7.29285333333333340988e-01
1.32474999999999987210e+00	7.02768999999999977035e-01	7.53134333333333239047e-01
1.28501666666666669592e+00	7.54315666666666717610e-01	7.06588333333333373787e-01
1.18869666666666673471e+00	7.54185333333333374206e-01	7.36269000000000062300e-01
1.14812666666666651771e+00	8.03194333333333343461e-01	7.00795666666666594580e-01
1.05590833333333322663e+00	8.24552000000000062663e-01	6.99975666666666662685e-01
1.00433533333333335769e+00	7.95896999999999965603e-01	7.29252000000000122348e-01
9.16921999999999903785e-01	8.33948666666666671432e-01	6.92128333333333345401e-01
8.65465333333333308730e-01	8.01752333333333289112e-01	7.25738333333333263120e-01
7.79048666666666722591e-01	8.30959000000000003183e-01	6.94419333333333388403e-01
7.26993666666666649157e-01	7.98088666666666668448e-01	7.37464333333333388332e-01
6.40651666666666730343e-01	8.21338666666666661342e-01	7.14019999999999988027e-01
5.88592333333333272982e-01	7.78530666666666704145e-01	7.60268999999999972594e-01
5.04463333333333263653e-01	7.86711333333333318052e-01	7.33174333333333372309e-01
4.55908333333333359860e-01	7.23824333333333402862e-01	7.73336333333333292295e-01
3.75429666666666717045e-01	7.19405000000000072191e-01	7.44534333333333298022e-01
3.34298333333333363981e-01	6.44680333333333410728e-01	7.84306999999999976403e-01
2.56852000000000024738e-01	6.36563000000000100975e-01	7.59827333333333299059e-01
2.19506333333333358837e-01	5.56956666666666655452e-01	8.12451999999999951996e-01
1.40835700000000008103e-01	5.45032666666666720801e-01	7.96460999999999974541e-01
7.01998666666666659708e-02	4.68971333333333351145e-01	8.19878666666666755525e-01
8.16932333333333232650e-02	4.07169666666666707489e-01	8.62643333333333317547e-01
-1.70447666666666691748e-02	3.36448333333333404749e-01	8.51423666666666689729e-01
9.09266666666666556473e-03	2.68437333333333361107e-01	8.85444666666666546639e-01
-7.63610666666666576541e-02	1.89151666666666690153e-01	8.78305000000000002380e-01
-3.39485666666666657809e-02	1.14289833333333326615e-01	9.09573333333333344797e-01
-1.03943833333333346403e-01	2.51914666666666724193e-02	9.06210000000000071019e-01
-4.40918999999999963735e-02	-5.03285333333333348427e-02	9.34375333333333224495e-01
-9.34370666666666654931e-02	-1.44486033333333346862e-01	9.20870666666666615185e-01
-1.62113333333333310693e-02	-2.14634333333333343630e-01	9.42675666666666578486e-01
-4.13119666666666648935e-02	-3.05099333333333333496e-01	9.07540666666666662188e-01
5.51706999999999961326e-02	-3.60597000000000000863e-01	9.16649000000000047095e-01
4.95374999999999912625e-02	-4.39286000000000009802e-01	8.72494666666666751631e-01
1.56429533333333342648e-01	-4.82711333333333325601e-01	8.82732999999999989882e-01
1.60311866666666663628e-01	-5.51893000000000077954e-01	8.46195999999999948216e-01
2.42692666666666667652e-01	-6.14189666666666744810e-01	8.35607666666666637489e-01
3.15744999999999997886e-01	-6.10165333333333337329e-01	8.57876666666666731764e-01
3.70852333333333339382e-01	-6.95498666666666598424e-01	8.28732666666666673017e-01
4.46439333333333354670e-01	-6.84070333333333224779e-01	8.51852333333333433529e-01
5.08851666666666702099e-01	-7.54902999999999990699e-01	8.20017333333333375833e-01
5.85382333333333337855e-01	-7.32549666666666765558e-01	8.37970333333333372572e-01
6.49778666666666615548e-01	-7.85096999999999933806e-01	7.98954999999999970761e-01
7.24993666666666647380e-01	-7.53551666666666619676e-01	8.18274999999999974598e-01
7.89645666666666579125e-01	-8.01677666666666621786e-01	7.90545333333333322123e-01
8.64360000000000017195e-01	-7.67049333333333360763e-01	8.20469333333333383784e-01
9.30014666666666656170e-01	-8.14580333333333239665e-01	8.08128000000000068503e-01
1.00312099999999992939e+00	-7.61888666666666658500e-01	8.28417666666666718811e-01
1.06759866666666680679e+00	-7.96386666666666687142e-01	8.08586333333333406870e-01
1.13891333333333322209e+00	-7.31563666666666723160e-01	8.28863666666666776273e-01
1.20355666666666683007e+00	-7.62407000000000056872e-01	8.15398333333333447115e-01
1.29284666666666669954e+00	-7.30991333333333326294e-01	8.25443333333333306712e-01
1.31456666666666666110e+00	-6.65890666666666630746e-01	8.45411000000000023569e-01
1.41569999999999995843e+00	-6.53087333333333353025e-01	8.23144999999999904539e-01
1.43290999999999990600e+00	-5.79159666666666628210e-01	8.38868000000000058058e-01
1.53467333333333333378e+00	-5.63801333333333376530e-01	8.31532999999999966612e-01
1.54961000000000015397e+00	-4.91607333333333340608e-01	8.70087999999999972545e-01
1.65116333333333353828e+00	-4.68851666666666666572e-01	8.76530666666666680165e-01
1.65678000000000014147e+00	-3.83277000000000034330e-01	9.10302333333333435483e-01
1.74359666666666690560e+00	-3.38920666666666647870e-01	8.88285333333333260164e-01
1.72491666666666643160e+00	-2.38102000000000008084e-01	8.95805333333333231316e-01
1.79516333333333322209e+00	-1.82565333333333329469e-01	8.58791999999999888793e-01
1.76153333333333339539e+00	-8.19435000000000024478e-02	8.68517666666666632302e-01
1.82538666666666671290e+00	-2.21190333333333329080e-02	8.40171666666666649981e-01
1.77439999999999997726e+00	7.78192999999999940330e-02	8.56696000000000013053e-01
1.83056333333333332014e+00	1.39250466666666655735e-01	8.40127666666666605977e-01
1.98919000000000001371e+00	2.77158333333333339876e-01	7.67232666666666673905e-01
1.91579666666666681429e+00	3.21576333333333297393e-01	7.95561666666666611469e-01
1.92688666666666663652e+00	4.37017666666666693143e-01	7.53785999999999956067e-01
1.84146999999999994024e+00	4.69462999999999963663e-01	7.74314000000000057788e-01
1.82668666666666656972e+00	5.73911333333333328888e-01	7.23227666666666713091e-01
1.73429999999999995275e+00	5.89969000000000076689e-01	7.35529999999999906102e-01
1.70188000000000005940e+00	6.82047333333333338778e-01	6.85330333333333374668e-01
1.60746333333333346616e+00	6.85016000000000069292e-01	6.95800333333333242969e-01
1.56306999999999995943e+00	7.62860333333333251460e-01	6.48469333333333342040e-01
1.46967333333333338707e+00	7.55137666666666707016e-01	6.60184333333333372984e-01
1.41832666666666651345e+00	8.28179333333333267397e-01	6.22105000000000019078e-01
1.32969666666666674892e+00	8.19669000000000091966e-01	6.44660000000000010800e-01
1.27435666666666680413e+00	8.77863333333333328845e-01	6.06924333333333287932e-01
1.18910666666666653413e+00	8.61519000000000034767e-01	6.33379333333333405243e-01
1.13017333333333325207e+00	9.08812666666666824078e-01	5.95578666666666589613e-01
1.04765833333333335808e+00	8.90083666666666606382e-01	6.27964999999999995417e-01
9.86085333333333369232e-01	9.24996000000000040409e-01	5.86843999999999921258e-01
9.06922000000000116948e-01	8.97515999999999980474e-01	6.21730999999999922601e-01
8.45668333333333355206e-01	9.17853000000000029956e-01	5.78237999999999918721e-01
7.69251666666666555905e-01	8.83492333333333323964e-01	6.17316333333333466804e-01
7.08034666666666701040e-01	8.97740999999999900183e-01	5.77040333333333377297e-01
6.31489666666666615846e-01	8.68457666666666683319e-01	6.30699000000000009614e-01
5.68768999999999969042e-01	8.79807000000000005713e-01	5.93978000000000005976e-01
4.93801999999999907676e-01	8.40868666666666708664e-01	6.50204333333333384104e-01
4.30639999999999967262e-01	8.45200333333333220232e-01	6.11778333333333312893e-01
3.60822666666666680424e-01	7.86623666666666720992e-01	6.65946333333333306825e-01
2.97271666666666656287e-01	7.84652333333333396048e-01	6.29943666666666568510e-01
2.11353333333333309740e-01	7.29153999999999968828e-01	6.41170333333333286596e-01
1.93166666666666680952e-01	6.77408333333333279036e-01	6.89164333333333267717e-01
9.00726000000000026624e-02	6.34047000000000138265e-01	6.61873666666666582437e-01
7.50873000000000095921e-02	5.81277666666666692485e-01	7.16545666666666747346e-01
-2.91633666666666624412e-02	5.29421000000000030461e-01	6.97587333333333337038e-01
-3.66258000000000000229e-02	4.68370333333333332959e-01	7.55933666666666614908e-01
-1.30175833333333323960e-01	3.97331666666666694088e-01	7.27677666666666667084e-01
-1.22088166666666664284e-01	3.27211333333333354023e-01	7.80403000000000068859e-01
-2.10015999999999980474e-01	2.48175666666666655535e-01	7.56673333333333197892e-01
-1.90426333333333336340e-01	1.78127000000000007551e-01	8.20554333333333385525e-01
-2.64114333333333339837e-01	8.61790000000000055991e-02	7.99275666666666606552e-01
-2.20044333333333314018e-01	8.10530000000000104554e-03	8.53663000000000060652e-01
-2.75868666666666706444e-01	-9.20710333333333297290e-02	8.24373333333333402351e-01
-2.09113333333333345498e-01	-1.69142366666666682518e-01	8.63415666666666692386e-01
-2.42437333333333310259e-01	-2.67983666666666675571e-01	8.23936666666666650549e-01
-1.51861699999999988364e-01	-3.33792333333333302026e-01	8.46256666666666657051e-01
-1.64560700000000004195e-01	-4.24596999999999946684e-01	8.04763333333333275021e-01
-5.96441666666666647778e-02	-4.74592999999999987093e-01	8.21892999999999873673e-01
-5.69733666666666638267e-02	-5.58678666666666656759e-01	7.87481666666666746401e-01
5.60906333333333340097e-02	-5.92553333333333376309e-01	8.01546333333333360649e-01
6.99155000000000054206e-02	-6.71109999999999984333e-01	7.70015333333333273913e-01
1.83997733333333357564e-01	-6.91324999999999967315e-01	7.85118666666666520371e-01
2.06734400000000012598e-01	-7.62171999999999960629e-01	7.53812666666666686410e-01
3.20536666666666691938e-01	-7.70369999999999888196e-01	7.75157666666666744781e-01
3.51606000000000029626e-01	-8.29742333333333359491e-01	7.39094666666666566535e-01
4.64334000000000024500e-01	-8.25703666666666613594e-01	7.60834666666666659118e-01
5.00401666666666744554e-01	-8.69942333333333372991e-01	7.16885333333333374384e-01
5.99567000000000072113e-01	-8.78872666666666635393e-01	6.99049666666666680293e-01
6.58236333333333312190e-01	-8.51295000000000023910e-01	7.26700999999999930345e-01
7.42645666666666648403e-01	-8.89212000000000002409e-01	6.82378333333333308985e-01
7.98840000000000105551e-01	-8.71140000000000025437e-01	7.26902666666666696926e-01
8.85187666666666594928e-01	-9.20730333333333317292e-01	7.05531333333333399160e-01
9.41648000000000151566e-01	-8.98798999999999903565e-01	7.56832666666666820099e-01
1.03100433333333341146e+00	-9.31325333333333227337e-01	7.29534333333333395721e-01
1.08384866666666668245e+00	-8.81604666666666592079e-01	7.60998333333333332185e-01
1.16999666666666679582e+00	-8.90985999999999944698e-01	7.19047333333333260619e-01
1.21839000000000008406e+00	-8.36611333333333373474e-01	7.53169999999999895124e-01
1.30568666666666666210e+00	-8.43696000000000001506e-01	7.22063666666666659211e-01
1.35388000000000019440e+00	-7.89722666666666683888e-01	7.67879666666666627073e-01
1.44184000000000001052e+00	-7.87122666666666748192e-01	7.38692666666666664099e-01
1.48194000000000003503e+00	-7.15588000000000001855e-01	7.73990333333333335730e-01
1.56491333333333315636e+00	-6.94779333333333304346e-01	7.33640333333333338750e-01
1.60043666666666695164e+00	-6.16920333333333403836e-01	7.75459999999999927134e-01
1.69028333333333335986e+00	-5.99416000000000059877e-01	7.54049666666666618120e-01
1.72607333333333312630e+00	-5.23541333333333303024e-01	8.16565333333333254195e-01
1.81048999999999993271e+00	-4.89314000000000026702e-01	7.85213666666666587624e-01
1.82239666666666688677e+00	-3.90268000000000003791e-01	8.23161999999999949296e-01
1.89583000000000012619e+00	-3.40438000000000018375e-01	7.77102333333333228360e-01
1.88727666666666671347e+00	-2.33554000000000011594e-01	8.05212333333333418750e-01
1.96229333333333322287e+00	-1.80723999999999995758e-01	7.72110333333333342942e-01
1.93403333333333304900e+00	-6.99108666666666683787e-02	7.97343999999999941686e-01
2.00772666666666665947e+00	-1.17953333333333330174e-02	7.79214333333333342146e-01
1.95524333333333344420e+00	9.74276666666666762984e-02	8.05473666666666532343e-01
2.01299999999999990052e+00	1.60472866666666685864e-01	7.79623666666666714775e-01
2.17027666666666663176e+00	3.08270666666666637301e-01	6.67489666666666647821e-01
2.09083666666666667666e+00	3.56066999999999966864e-01	6.97933333333333294490e-01
2.10141666666666671048e+00	4.82672666666666694280e-01	6.52560666666666677749e-01
2.01085999999999964771e+00	5.19205333333333407531e-01	6.80084333333333290739e-01
1.99299333333333339446e+00	6.33593999999999990536e-01	6.27866000000000035186e-01
1.89423666666666679070e+00	6.55854666666666585861e-01	6.50481333333333355817e-01
1.85656666666666669840e+00	7.55795666666666754452e-01	5.97554666666666567387e-01
1.75659666666666680612e+00	7.65930666666666759568e-01	6.20101333333333282205e-01
1.70349333333333330387e+00	8.42529333333333352307e-01	5.60736333333333392126e-01
1.60438333333333349451e+00	8.36490333333333335730e-01	5.78634333333333361615e-01
1.54385333333333352179e+00	8.97180666666666737363e-01	5.20830666666666664000e-01
1.45119333333333333513e+00	8.96592333333333435519e-01	5.52586333333333290518e-01
1.38920333333333334558e+00	9.50371333333333345728e-01	5.03649666666666662174e-01
1.30099666666666657910e+00	9.40152666666666747552e-01	5.35432666666666667865e-01
1.23698666666666667879e+00	9.62241333333333392908e-01	4.75844333333333313618e-01
1.15141333333333339972e+00	9.47245666666666763511e-01	5.09535333333333340100e-01
1.08717666666666668007e+00	9.69831000000000109651e-01	4.57329999999999958771e-01
1.00436366666666665459e+00	9.66310333333333382200e-01	5.02252333333333300658e-01
9.41980333333333308410e-01	9.76956333333333315494e-01	4.51455333333333319601e-01
8.62448333333333372330e-01	9.55979000000000023185e-01	4.92553999999999991832e-01
8.03795666666666797084e-01	9.46814666666666582273e-01	4.38011333333333363615e-01
7.25798666666666592029e-01	9.22937333333333387309e-01	4.83419333333333367531e-01
6.67454333333333260647e-01	9.17541666666666699825e-01	4.36265666666666718232e-01
5.86969666666666722854e-01	9.03694666666666646115e-01	4.93165666666666668849e-01
5.27431666666666632004e-01	9.02297000000000015696e-01	4.50471000000000010299e-01
4.46068999999999993289e-01	8.82740999999999886860e-01	5.12857333333333387237e-01
3.87131666666666651722e-01	8.72588000000000030276e-01	4.70681666666666664867e-01
2.93229666666666666242e-01	8.43436999999999881261e-01	4.85685333333333302264e-01
2.60615666666666634388e-01	8.18408333333333293247e-01	5.41672999999999960075e-01
1.53108933333333335769e-01	7.84119333333333390357e-01	5.09821999999999997399e-01
1.26765266666666681639e-01	7.41850333333333278318e-01	5.62848999999999932697e-01
1.58639333333333333587e-02	7.04805000000000014815e-01	5.38252999999999981462e-01
-2.64206666666666825649e-03	6.48747333333333453531e-01	5.89283666666666650080e-01
-1.15095733333333338777e-01	6.02600333333333293417e-01	5.69640999999999952941e-01
-1.26631733333333329483e-01	5.36043333333333316126e-01	6.23272666666666697033e-01
-2.29946333333333363669e-01	4.69227999999999978442e-01	5.97224666666666625936e-01
-2.26028000000000006686e-01	3.91566999999999998394e-01	6.43283333333333318116e-01
-3.08857333333333372583e-01	3.02109000000000016417e-01	6.01030999999999981931e-01
-3.00933000000000006047e-01	2.28837999999999985867e-01	6.61695666666666570954e-01
-3.75842333333333333822e-01	1.35665633333333340849e-01	6.25155000000000016236e-01
-3.58613333333333395014e-01	6.30552999999999946867e-02	6.98853999999999975223e-01
-4.21743666666666683351e-01	-3.65883666666666704237e-02	6.63099333333333262885e-01
-3.83069000000000048356e-01	-1.13641000000000005898e-01	7.34231333333333346935e-01
-4.16612666666666686677e-01	-2.13678333333333331234e-01	6.78872666666666568780e-01
-3.42736333333333309525e-01	-2.90949666666666661996e-01	7.29535666666666582358e-01
-3.60529000000000043880e-01	-3.90415666666666660856e-01	6.81088000000000026724e-01
-2.72928999999999977177e-01	-4.58254333333333263578e-01	7.33995666666666601863e-01
-2.79111666666666646819e-01	-5.56497333333333288330e-01	6.98168666666666659637e-01
-1.68072566666666672885e-01	-6.06925666666666696614e-01	7.34524999999999983480e-01
-1.56061900000000003397e-01	-6.95983666666666667133e-01	6.95597999999999938581e-01
-3.11378333333333333355e-02	-7.26293333333333346324e-01	7.17023666666666614766e-01
-4.95756666666666897386e-03	-7.96503333333333340960e-01	6.67559999999999931219e-01
1.18832433333333334358e-01	-8.12166999999999972282e-01	6.89245666666666756406e-01
1.55288700000000001733e-01	-8.59930666666666621012e-01	6.32928666666666694951e-01
2.74260000000000003784e-01	-8.69308000000000080654e-01	6.61432666666666668753e-01
3.13637333333333323537e-01	-9.12070333333333316261e-01	6.10730333333333375023e-01
4.16461999999999943345e-01	-9.47981999999999991324e-01	6.06980000000000075033e-01
4.77872333333333287886e-01	-9.31698333333333406081e-01	6.42476999999999964786e-01
5.68029333333333386058e-01	-9.80157999999999973717e-01	5.95782333333333302683e-01
6.27538999999999957957e-01	-9.48525333333333442454e-01	6.22893666666666678822e-01
7.16561666666666652326e-01	-9.86860666666666830338e-01	5.79556999999999988837e-01
7.72998999999999991672e-01	-9.55125000000000112799e-01	6.11390333333333368948e-01
8.61446666666666693857e-01	-9.99767666666666721120e-01	5.82836666666666669556e-01
9.17441000000000062009e-01	-9.83445000000000013607e-01	6.32453333333333311828e-01
1.00782266666666653343e+00	-1.01963066666666679616e+00	6.04470000000000062812e-01
1.06492566666666665931e+00	-9.89442333333333312595e-01	6.50249666666666725767e-01
1.15264333333333346410e+00	-9.92097666666666655466e-01	6.04325333333333380992e-01
1.20486999999999988553e+00	-9.43362000000000033850e-01	6.41658999999999979380e-01
1.28873333333333328632e+00	-9.37366333333333301425e-01	5.95072999999999963094e-01
1.34115666666666655260e+00	-8.92075000000000062350e-01	6.41355000000000008420e-01
1.42861999999999977895e+00	-8.89743000000000061611e-01	6.05245333333333301873e-01
1.48110999999999992660e+00	-8.38763999999999954049e-01	6.56766999999999989690e-01
1.56532000000000004469e+00	-8.19270333333333433679e-01	6.14257999999999970697e-01
1.60902333333333369403e+00	-7.46820333333333308268e-01	6.55833666666666648126e-01
1.69196333333333348570e+00	-7.18246333333333430993e-01	6.12077666666666631023e-01
1.73770000000000002238e+00	-6.48700999999999972090e-01	6.68473999999999901611e-01
1.82971666666666687995e+00	-6.26015666666666636964e-01	6.40342999999999995531e-01
1.86671666666666680179e+00	-5.42503333333333337407e-01	6.94567000000000045468e-01
1.94679000000000002046e+00	-4.97799000000000047006e-01	6.50097666666666795798e-01
1.96399666666666661285e+00	-3.94779666666666695374e-01	6.94684666666666728041e-01
2.04219666666666688215e+00	-3.43003000000000002334e-01	6.50002333333333348619e-01
2.04904666666666646080e+00	-2.35831333333333309499e-01	6.99317999999999995175e-01
2.13096666666666623158e+00	-1.80474666666666672121e-01	6.64653999999999967052e-01
2.11790666666666682616e+00	-6.72517999999999865901e-02	7.19316666666666715280e-01
2.19101999999999996760e+00	-4.51390000000000124469e-03	6.85938999999999965418e-01
2.13859666666666692336e+00	1.13987766666666656690e-01	7.19986666666666663694e-01
2.19422666666666676960e+00	1.82876899999999981139e-01	6.77151999999999976154e-01
2.34502999999999994785e+00	3.35888333333333288788e-01	5.34371000000000040409e-01
2.27053333333333329236e+00	3.90303333333333390964e-01	5.79917000000000015802e-01
2.27805999999999997385e+00	5.27411666666666723025e-01	5.26528333333333375954e-01
2.18838333333333290298e+00	5.71984666666666696777e-01	5.68728333333333280208e-01
2.16323666666666669656e+00	6.92172000000000120501e-01	5.08509333333333368721e-01
2.05840333333333314059e+00	7.17248666666666756520e-01	5.40123333333333288664e-01
2.00935666666666667979e+00	8.18320666666666696187e-01	4.75272666666666676605e-01
1.90627666666666661932e+00	8.34606999999999987772e-01	5.10088666666666745719e-01
1.84405333333333332213e+00	9.16279999999999983373e-01	4.45063333333333366326e-01
1.74124000000000012101e+00	9.14067333333333231771e-01	4.73164333333333297915e-01
1.67190666666666665208e+00	9.73491666666666755070e-01	4.07299999999999995381e-01
1.57362999999999986223e+00	9.62644000000000055195e-01	4.37068333333333336466e-01
1.50434000000000001052e+00	1.01918166666666665243e+00	3.83282666666666660404e-01
1.41257333333333323644e+00	1.00749733333333346685e+00	4.18108333333333359594e-01
1.34334666666666691093e+00	1.04738233333333341513e+00	3.65297999999999956078e-01
1.25596666666666667567e+00	1.01234500000000005038e+00	3.91251000000000015433e-01
1.18766333333333329314e+00	1.03476933333333320775e+00	3.38333999999999968100e-01
1.10444666666666657662e+00	1.00725099999999989642e+00	3.70721999999999995978e-01
1.03916833333333324951e+00	1.02945166666666665378e+00	3.25328666666666654894e-01
9.59515000000000006786e-01	1.00267766666666657827e+00	3.61139666666666692141e-01
8.97336000000000022503e-01	1.01247933333333328676e+00	3.15349333333333314844e-01
8.21148666666666748881e-01	9.77593666666666583076e-01	3.51122333333333369598e-01
7.61695333333333279846e-01	9.78385333333333329087e-01	3.06342000000000003190e-01
6.85997999999999996668e-01	9.42210666666666640801e-01	3.46077333333333292398e-01
6.27184333333333343674e-01	9.44472000000000089237e-01	3.05746999999999991005e-01
5.49102666666666627826e-01	9.18405333333333295798e-01	3.53240666666666702778e-01
4.90085999999999966104e-01	9.15291666666666614560e-01	3.13095999999999985430e-01
4.09477666666666628714e-01	8.89030333333333366852e-01	3.68150666666666681603e-01
3.50877666666666643280e-01	8.83029666666666712693e-01	3.28856000000000037176e-01
2.68957000000000001627e-01	8.53357999999999949914e-01	3.89586666666666692205e-01
2.10114666666666671802e-01	8.43882000000000132012e-01	3.48828333333333351352e-01
1.13430916666666672943e-01	8.08015000000000038760e-01	3.62790333333333325783e-01
7.68051833333333322518e-02	7.81763666666666634519e-01	4.21570999999999973529e-01
-3.24754833333333256529e-02	7.40786333333333324447e-01	3.88829333333333304612e-01
-6.70730666666666669462e-02	7.06096666666666705758e-01	4.52484333333333321736e-01
-1.78625999999999979240e-01	6.55427333333333361765e-01	4.21704000000000023274e-01
-2.08142666666666670272e-01	6.07988666666666621730e-01	4.87829999999999985860e-01
-3.04661333333333284035e-01	5.33875666666666637283e-01	4.44069666666666640342e-01
-3.14929000000000014481e-01	4.61672000000000026798e-01	4.99832666666666647348e-01
-3.92827333333333361676e-01	3.63005666666666726439e-01	4.42788666666666663740e-01
-3.90674000000000021249e-01	2.81103666666666696106e-01	4.97928333333333306143e-01
-4.83950000000000046807e-01	1.86726000000000030843e-01	4.56070333333333355341e-01
-4.77042666666666670405e-01	1.14558966666666650625e-01	5.22632333333333254366e-01
-5.72300000000000030909e-01	2.45530999999999978434e-02	5.04678999999999988724e-01
-5.34229999999999982663e-01	-5.39839000000000013291e-02	5.71447000000000038256e-01
-6.05690333333333330579e-01	-1.57405533333333347290e-01	5.46039666666666589911e-01
-5.26747666666666614077e-01	-2.40047333333333362537e-01	5.82333333333333369453e-01
-5.54291999999999895898e-01	-3.40546666666666719703e-01	5.28966999999999964999e-01
-4.61949666666666702852e-01	-4.13643666666666576237e-01	5.77058666666666719713e-01
-4.78358666666666654255e-01	-5.16060666666666612024e-01	5.42600999999999999979e-01
-3.83120666666666664923e-01	-5.91075666666666665883e-01	6.10803333333333253741e-01
-3.71533333333333271042e-01	-6.83975666666666648474e-01	5.63713000000000019618e-01
-2.55513666666666638960e-01	-7.38455333333333352464e-01	6.12151333333333269593e-01
-2.22831000000000001293e-01	-8.14016333333333341749e-01	5.53336999999999967770e-01
-9.71989666666666779493e-02	-8.41754666666666651054e-01	5.87319999999999953211e-01
-5.39736199999999929910e-02	-8.91985666666666676683e-01	5.22760666666666651281e-01
7.47240466666666686146e-02	-8.94498000000000015319e-01	5.46683666666666678857e-01
1.20535013333333343444e-01	-9.32057666666666673194e-01	4.86214666666666628370e-01
2.40476999999999968560e-01	-9.40252666666666736539e-01	5.21757333333333295222e-01
2.84511666666666662717e-01	-9.77031000000000093841e-01	4.70931666666666692844e-01
3.97327666666666690087e-01	-9.89411666666666689274e-01	5.14957666666666646904e-01
4.40257333333333333858e-01	-1.02051333333333338338e+00	4.65668999999999944084e-01
5.41689333333333356002e-01	-1.05536000000000007581e+00	4.70009666666666658941e-01
6.00082333333333384218e-01	-1.04710999999999998522e+00	5.15584666666666691093e-01
6.92316000000000042469e-01	-1.08753333333333324084e+00	4.72474666666666653914e-01
7.49285666666666627656e-01	-1.05891666666666672825e+00	5.09335666666666631031e-01
8.39342666666666681330e-01	-1.08979000000000003645e+00	4.67440333333333291055e-01
8.95066333333333297162e-01	-1.06237666666666652482e+00	5.09108000000000004981e-01
9.83871666666666588874e-01	-1.09163999999999994373e+00	4.72631999999999996565e-01
1.04063366666666667903e+00	-1.06521666666666647849e+00	5.18377333333333356613e-01
1.12817666666666660547e+00	-1.07670333333333334558e+00	4.76226000000000038170e-01
1.18308333333333326465e+00	-1.03377266666666667305e+00	5.16394333333333288572e-01
1.26716666666666677443e+00	-1.02952266666666658601e+00	4.70098666666666664682e-01
1.32058999999999993058e+00	-9.81851999999999947022e-01	5.11443666666666629794e-01
1.40627999999999997449e+00	-9.79413999999999895785e-01	4.71559333333333274840e-01
1.46188666666666655658e+00	-9.32596333333333249449e-01	5.19078999999999957105e-01
1.54514333333333353515e+00	-9.17263000000000050527e-01	4.76650999999999991363e-01
1.59608666666666665357e+00	-8.54915999999999898229e-01	5.20308333333333372650e-01
1.67516333333333355959e+00	-8.23358666666666683120e-01	4.71644666666666656507e-01
1.72733666666666674239e+00	-7.59138999999999897206e-01	5.21838333333333292963e-01
1.81557999999999997165e+00	-7.37405333333333246060e-01	4.84064333333333263187e-01
1.87222333333333335048e+00	-6.73827333333333222676e-01	5.46172666666666639657e-01
1.95907333333333322223e+00	-6.39616666666666611185e-01	5.04362666666666625837e-01
1.99663999999999997037e+00	-5.47100666666666679561e-01	5.54063666666666621019e-01
2.06580333333333365786e+00	-4.88746666666666662593e-01	4.95627333333333364163e-01
2.09415333333333331112e+00	-3.87668333333333336999e-01	5.46978999999999992987e-01
2.16735333333333324290e+00	-3.27925666666666670857e-01	4.93583666666666642797e-01
2.19731666666666702881e+00	-2.27903666666666643303e-01	5.61942999999999970306e-01
2.27031333333333362745e+00	-1.66657666666666676170e-01	5.15624333333333351170e-01
2.27707666666666641575e+00	-5.64907666666666710698e-02	5.84957666666666598054e-01
2.34324666666666692194e+00	1.11594666666666644111e-02	5.33996333333333406124e-01
2.31281999999999987594e+00	1.32025466666666674298e-01	5.92142999999999974925e-01
2.36336666666666639358e+00	2.03004233333333311551e-01	5.36934666666666671198e-01
2.50396666666666645185e+00	3.62272999999999900655e-01	3.67813333333333325470e-01
2.43643333333333345081e+00	4.22721666666666606726e-01	4.24475666666666695548e-01
2.42850333333333345820e+00	5.63879000000000019099e-01	3.58806333333333338231e-01
2.34462666666666663673e+00	6.14153999999999977710e-01	4.15312999999999987732e-01
2.30185666666666710611e+00	7.44339666666666732731e-01	3.45339333333333275977e-01
2.21014333333333334863e+00	7.77784666666666679724e-01	3.96335666666666641689e-01
2.13098333333333345152e+00	8.73270666666666639522e-01	3.14995999999999998220e-01
2.03502999999999989456e+00	8.88730000000000130989e-01	3.62319000000000002171e-01
1.95249000000000005883e+00	9.86514000000000002011e-01	2.94356333333333330948e-01
1.86459333333333354688e+00	9.97777666666666784856e-01	3.42284666666666625989e-01
1.77010333333333336192e+00	1.05828600000000005998e+00	2.71335666666666697200e-01
1.68022999999999989029e+00	1.03621266666666667078e+00	3.08249999999999968470e-01
1.58473333333333332718e+00	1.08573666666666657221e+00	2.43830333333333343360e-01
1.50711999999999979316e+00	1.07955333333333336476e+00	2.89094666666666666455e-01
1.41346333333333329385e+00	1.11273666666666670721e+00	2.30137000000000008226e-01
1.34145666666666674161e+00	1.09224999999999994316e+00	2.71514666666666626416e-01
1.24978999999999995651e+00	1.10572333333333339134e+00	2.12397000000000030218e-01
1.18337666666666674331e+00	1.08328000000000002068e+00	2.53263333333333340303e-01
1.09614666666666660255e+00	1.07999666666666649384e+00	1.97304000000000007153e-01
1.03515500000000004732e+00	1.05368666666666666032e+00	2.36981333333333349378e-01
9.49669333333333365310e-01	1.06315333333333317256e+00	1.88762333333333337526e-01
8.91503666666666583218e-01	1.04872000000000009656e+00	2.31319333333333349012e-01
8.05541333333333220423e-01	1.06641666666666679042e+00	1.89256000000000007555e-01
7.51920333333333190673e-01	1.03096766666666694867e+00	2.28505666666666634734e-01
6.70786999999999911104e-01	1.02397766666666689694e+00	1.83922000000000002151e-01
6.21748333333333347284e-01	9.73656666666666725796e-01	2.21427999999999985947e-01
5.38104333333333295641e-01	9.66715333333333259880e-01	1.80620000000000002771e-01
4.84523666666666630309e-01	9.34417000000000164128e-01	2.24794333333333318237e-01
3.93359000000000014197e-01	9.45379999999999998117e-01	1.90938000000000024370e-01
3.40321333333333309046e-01	9.20253999999999905413e-01	2.39944999999999991624e-01
2.46490333333333339061e-01	9.26543666666666765330e-01	2.07596000000000030505e-01
1.98204333333333315714e-01	8.79843333333333421642e-01	2.55748666666666679692e-01
1.04903966666666667584e-01	8.63617333333333347944e-01	2.19294000000000016692e-01
5.54325499999999971035e-02	8.14939333333333348897e-01	2.72037333333333297691e-01
-4.95341166666666762874e-02	8.04328666666666691754e-01	2.39428666666666650764e-01
-1.00816416666666672231e-01	7.56426999999999960522e-01	2.97439999999999982183e-01
-2.04974999999999990541e-01	7.25650666666666666060e-01	2.61441333333333358890e-01
-2.48187000000000018707e-01	6.59340666666666685991e-01	3.22050333333333327346e-01
-3.57583333333333364124e-01	6.18708333333333304616e-01	2.86640666666666710238e-01
-3.84541000000000021686e-01	5.40681999999999995943e-01	3.42533999999999949626e-01
-4.68361666666666620618e-01	4.62549666666666636772e-01	2.91298999999999974619e-01
-4.66380333333333341184e-01	3.57077000000000033264e-01	3.35790666666666626217e-01
-5.71971333333333276094e-01	2.76765666666666687590e-01	3.00798666666666658642e-01
-5.91694333333333322145e-01	1.88316666666666687746e-01	3.65938666666666634342e-01
-5.80960999999999949672e-01	-5.54468333333333340818e-01	4.46685333333333378647e-01
-5.70711999999999997080e-01	-6.65824333333333240326e-01	4.05627999999999933056e-01
-4.56522333333333307781e-01	-7.20316666666666716168e-01	4.54453333333333375776e-01
-4.10897999999999985477e-01	-8.01007666666666673372e-01	3.92671666666666696610e-01
-2.93226333333333311071e-01	-8.40227666666666705986e-01	4.43116999999999983118e-01
-2.33925999999999995049e-01	-9.02451000000000003176e-01	3.78713333333333290742e-01
-1.20305320000000007252e-01	-9.26470666666666775590e-01	4.24373999999999973465e-01
-5.08065866666666601792e-02	-9.62306666666666643550e-01	3.55609333333333388349e-01
6.13360799999999942167e-02	-9.65381333333333313540e-01	3.93526999999999960167e-01
1.28168399999999987893e-01	-9.99261333333333445772e-01	3.34758666666666648837e-01
2.31401999999999996582e-01	-1.00271600000000016273e+00	3.76620666666666714661e-01
2.95065666666666670537e-01	-1.03883999999999976360e+00	3.27072333333333353789e-01
3.91105000000000035953e-01	-1.04425666666666661087e+00	3.72094666666666684662e-01
4.55332666666666663335e-01	-1.08321666666666671652e+00	3.26832333333333335812e-01
5.47127000000000029978e-01	-1.09518666666666675269e+00	3.77672000000000007702e-01
6.09686000000000061227e-01	-1.14461000000000012733e+00	3.37833666666666643241e-01
6.96482000000000045503e-01	-1.14520666666666670608e+00	3.87061333333333312812e-01
7.59258666666666748313e-01	-1.16620000000000012541e+00	3.39251666666666673589e-01
8.45149666666666576909e-01	-1.13940000000000019043e+00	3.82769666666666674715e-01
9.06998333333333461859e-01	-1.15027333333333325882e+00	3.33894333333333348524e-01
9.89996666666666746970e-01	-1.12992666666666652375e+00	3.82088999999999956447e-01
1.05323200000000016807e+00	-1.14663333333333317121e+00	3.35602333333333335830e-01
1.13464999999999993641e+00	-1.11983333333333323623e+00	3.83994000000000001993e-01
1.19719333333333333158e+00	-1.12243999999999988226e+00	3.35476999999999969670e-01
1.27480333333333328838e+00	-1.07505999999999990457e+00	3.81413333333333326447e-01
1.34067000000000002835e+00	-1.08162999999999986933e+00	3.36886333333333343187e-01
1.41872333333333355831e+00	-1.03365466666666661055e+00	3.85687333333333326468e-01
1.48316333333333361111e+00	-1.02849466666666677916e+00	3.39189333333333342679e-01
1.55397666666666656177e+00	-9.58920666666666643430e-01	3.82633333333333325310e-01
1.61788666666666691718e+00	-9.44802666666666790540e-01	3.33590999999999970882e-01
1.68813000000000013046e+00	-8.71587666666666649462e-01	3.78945000000000031815e-01
1.75867333333333331069e+00	-8.60429666666666648212e-01	3.34134666666666690915e-01
1.83394999999999996909e+00	-7.90466999999999919702e-01	3.89060333333333341344e-01
1.91444666666666662991e+00	-7.83770666666666726563e-01	3.49050333333333295815e-01
1.98292666666666672626e+00	-6.96498333333333441431e-01	4.02244333333333259350e-01
2.05329333333333385880e+00	-6.61079666666666732056e-01	3.49558333333333248749e-01
2.09860333333333359818e+00	-5.45843999999999884842e-01	3.93240333333333358379e-01
2.16055999999999981398e+00	-4.97143333333333325985e-01	3.35396666666666620760e-01
2.20096000000000024954e+00	-3.80303333333333271060e-01	3.84388333333333331865e-01
2.27066666666666661101e+00	-3.31520666666666685707e-01	3.31605666666666687448e-01
2.31005666666666664710e+00	-2.17897000000000007347e-01	3.94482333333333379244e-01
2.37801999999999980062e+00	-1.65493000000000001215e-01	3.41558666666666621570e-01
2.40444666666666684307e+00	-4.66034333333333328220e-02	4.11739333333333401566e-01
2.46338333333333325825e+00	1.56568000000000019656e-02	3.52607000000000059270e-01
2.45273000000000029885e+00	1.44398466666666669411e-01	4.19655666666666649078e-01
2.50192666666666641007e+00	2.16833899999999996089e-01	3.60429666666666648212e-01
2.60378666666666669371e+00	3.68447000000000024489e-01	1.63559566666666683643e-01
2.56566999999999989512e+00	4.42985000000000017639e-01	2.35689266666666674688e-01
2.53434333333333361438e+00	5.84467666666666718633e-01	1.56899966666666668136e-01
2.46471000000000017849e+00	6.44912999999999958511e-01	2.23354700000000017113e-01
2.38294333333333341329e+00	7.55779333333333358524e-01	1.38321699999999991881e-01
2.30396666666666716239e+00	8.04930999999999952088e-01	2.03799666666666684511e-01
2.20384333333333337634e+00	8.92666666666666608343e-01	1.23281033333333331359e-01
2.12257333333333297887e+00	9.27561333333333348783e-01	1.83481033333333320989e-01
2.01054666666666692620e+00	9.90975666666666810123e-01	1.05046199999999992358e-01
1.93641666666666689700e+00	1.03446900000000008291e+00	1.68598499999999984489e-01
1.82813000000000003276e+00	1.08949666666666655779e+00	9.85140333333333201304e-02
1.74971333333333323168e+00	1.10204999999999997407e+00	1.53322866666666696167e-01
1.63628666666666666707e+00	1.11837999999999992973e+00	8.13622999999999985121e-02
1.56118000000000001215e+00	1.12413999999999991708e+00	1.34955433333333346679e-01
1.45808333333333339787e+00	1.14200999999999996959e+00	7.34040999999999999037e-02
1.38797999999999999154e+00	1.13679000000000018922e+00	1.23321333333333338356e-01
1.29066333333333349564e+00	1.12882666666666664490e+00	6.43630666666666767517e-02
1.22448000000000001286e+00	1.11824666666666661108e+00	1.12061066666666667158e-01
1.13297333333333338778e+00	1.10572000000000003617e+00	5.79895733333333426862e-02
1.07105333333333341272e+00	1.08991333333333328959e+00	1.02366173333333351780e-01
9.83693333333333419510e-01	1.07509999999999994458e+00	5.20747266666666611123e-02
9.23301000000000038348e-01	1.07464999999999988312e+00	9.87935533333333254502e-02
8.36472999999999911047e-01	1.08431333333333324020e+00	5.40504399999999982085e-02
7.76879000000000097259e-01	1.09051333333333322351e+00	1.01955886666666661888e-01
6.95595666666666723188e-01	1.07532333333333340875e+00	5.60735333333333349493e-02
6.43124666666666677806e-01	1.04423666666666670189e+00	9.87899799999999994604e-02
5.64085666666666596392e-01	1.01327733333333336319e+00	5.18170366666666701305e-02
5.08104000000000000092e-01	9.86076999999999981306e-01	9.61410566666666688285e-02
4.21800333333333332675e-01	9.78313666666666637006e-01	5.51997899999999985798e-02
3.60636000000000012111e-01	9.69914999999999971614e-01	1.05822399999999997022e-01
2.71294333333333359537e-01	9.66806666666666703058e-01	6.52809666666666760237e-02
2.10186333333333336126e-01	9.48561333333333478457e-01	1.18047566666666672863e-01
1.24821566666666661227e-01	9.17010666666666640623e-01	7.28823999999999999622e-02
6.78251999999999882762e-02	8.78766999999999964821e-01	1.25976166666666666849e-01
-2.26274666666666651738e-02	8.43084999999999973319e-01	7.97147666666666587787e-02
-9.05153666666666661955e-02	8.17324666666666588277e-01	1.40423933333333333939e-01
-1.90949333333333332030e-01	7.87307666666666627897e-01	9.55691666666666633789e-02
-2.54126666666666667371e-01	7.43535333333333325889e-01	1.58575233333333315278e-01
-3.49318666666666721721e-01	6.86228999999999977888e-01	1.07700833333333356734e-01
-4.09563333333333279285e-01	6.27712000000000047706e-01	1.75157266666666672217e-01
-4.96023333333333316109e-01	5.55253333333333376487e-01	1.23373099999999999432e-01
-5.27863999999999999879e-01	4.68117333333333329737e-01	1.83621499999999993058e-01
-6.07840999999999964665e-01	3.72519333333333368952e-01	1.27247199999999976994e-01
-6.53929666666666631336e-01	2.86640333333333330312e-01	1.99932699999999990981e-01
-6.44005666666666587439e-01	-7.09479999999999999538e-01	2.89105333333333325285e-01
-5.79354666666666573427e-01	-7.87838000000000149292e-01	2.16399333333333360185e-01
-4.60436666666666660763e-01	-8.24873333333333236261e-01	2.71140333333333316546e-01
-3.80537000000000069644e-01	-8.76937333333333235430e-01	2.01551000000000007928e-01
-2.71697999999999995069e-01	-9.15294999999999969731e-01	2.58678666666666667862e-01
-1.98900333333333317887e-01	-9.73021333333333404703e-01	2.00198333333333339246e-01
-9.16295999999999916108e-02	-9.96013333333333306108e-01	2.51468333333333349255e-01
-1.51247999999999955395e-02	-1.03365866666666672558e+00	1.92747000000000001663e-01
9.25305333333333313028e-02	-1.03383200000000008423e+00	2.38119666666666646160e-01
1.64831800000000000539e-01	-1.06620666666666674693e+00	1.85675666666666683291e-01
2.64133333333333331083e-01	-1.06775999999999982037e+00	2.32766333333333325095e-01
3.33641666666666669716e-01	-1.09571999999999980524e+00	1.83662666666666640758e-01
4.28801666666666692063e-01	-1.10576000000000007617e+00	2.32706333333333320601e-01
4.97151666666666713912e-01	-1.13204666666666664554e+00	1.86517333333333340528e-01
5.86241666666666660923e-01	-1.15892666666666666053e+00	2.40805000000000019034e-01
6.49475000000000024514e-01	-1.17897999999999991694e+00	1.92396000000000011454e-01
7.35696000000000016605e-01	-1.18565666666666680307e+00	2.41614999999999996438e-01
7.99385000000000012221e-01	-1.18018666666666671716e+00	1.88355666666666671238e-01
8.84796333333333406834e-01	-1.17160333333333332995e+00	2.37117000000000022197e-01
9.46321333333333236659e-01	-1.17181333333333337343e+00	1.87121666666666658374e-01
1.03175866666666671279e+00	-1.16718999999999994976e+00	2.37412333333333336327e-01
1.09289333333333327225e+00	-1.16803999999999974513e+00	1.88742999999999994110e-01
1.17690999999999990067e+00	-1.15008999999999983466e+00	2.38415999999999961290e-01
1.23705666666666669329e+00	-1.14076666666666670658e+00	1.88276666666666647743e-01
1.32320666666666664213e+00	-1.11968666666666671894e+00	2.40810666666666645108e-01
1.38393000000000010452e+00	-1.11008666666666666600e+00	1.90891000000000005121e-01
1.46583333333333354354e+00	-1.06686999999999998501e+00	2.40468666666666663900e-01
1.52625333333333323971e+00	-1.04990999999999989889e+00	1.88141333333333354849e-01
1.60749333333333344065e+00	-9.97416666666666729135e-01	2.37819666666666679200e-01
1.67251666666666665151e+00	-9.84078333333333277189e-01	1.87401999999999985258e-01
1.75345333333333353032e+00	-9.20306333333333337343e-01	2.38363000000000019307e-01
1.81814333333333344456e+00	-8.98795999999999928320e-01	1.86372333333333334293e-01
1.90385999999999988574e+00	-8.32222999999999935028e-01	2.42133999999999988129e-01
1.97205333333333321377e+00	-8.06224666666666589521e-01	1.88382333333333318315e-01
2.05300666666666664639e+00	-7.22353666666666671681e-01	2.42612666666666670912e-01
2.11047999999999991161e+00	-6.74986333333333354823e-01	1.81331333333333316604e-01
2.17272333333333333982e+00	-5.65011666666666689807e-01	2.30433333333333351112e-01
2.22724000000000010857e+00	-5.12220333333333388559e-01	1.69028666666666632645e-01
2.28478333333333338828e+00	-3.95569333333333383873e-01	2.21209333333333341143e-01
2.35042999999999979721e+00	-3.47486666666666721426e-01	1.63423666666666661529e-01
2.40427666666666661754e+00	-2.31034000000000044883e-01	2.20896333333333361182e-01
2.46815000000000006608e+00	-1.78325333333333335695e-01	1.62657333333333348202e-01
2.50083000000000010843e+00	-5.05240999999999954029e-02	2.24187333333333321805e-01
2.54969666666666627819e+00	1.27115000000000005764e-02	1.61899399999999998867e-01
2.56144666666666642740e+00	1.51327833333333328092e-01	2.31093066666666652198e-01
2.60160333333333326777e+00	2.22228933333333295019e-01	1.66347033333333338412e-01
2.62052666666666667084e+00	3.64727666666666727746e-01	1.76478999999999941473e-02
2.59922000000000030795e+00	4.33917333333333321566e-01	-6.13744000000000164419e-02
2.55115333333333316190e+00	5.79119333333333319302e-01	5.74796666666665956313e-03
2.50700999999999973866e+00	6.40010666666666616642e-01	-7.42093000000000196925e-02
2.40843333333333342594e+00	7.56225333333333415986e-01	-8.09030000000000686089e-03
2.34758999999999984354e+00	8.01020666666666714129e-01	-8.45756666666666739873e-02
2.22197666666666693303e+00	8.88310333333333423944e-01	-1.86822999999999989074e-02
2.15999333333333387586e+00	9.25067333333333352563e-01	-8.91086333333333396878e-02
2.02983333333333337833e+00	9.92837999999999998302e-01	-2.55801333333333380526e-02
1.96864333333333330067e+00	1.02661800000000003052e+00	-9.30388333333333344966e-02
1.84106999999999998430e+00	1.07978333333333331723e+00	-3.24969666666666615051e-02
1.78105666666666651032e+00	1.10986333333333320184e+00	-9.69904666666666637198e-02
1.65468999999999977213e+00	1.13590666666666684215e+00	-3.79400333333333381058e-02
1.59434333333333344562e+00	1.14885999999999999233e+00	-9.78225666666666660021e-02
1.47284333333333328220e+00	1.14920333333333335446e+00	-4.00715666666666692208e-02
1.41501666666666658934e+00	1.14671999999999996156e+00	-9.44646666666666828815e-02
1.30294000000000020911e+00	1.13156333333333347646e+00	-3.99472666666666684221e-02
1.24873999999999996113e+00	1.11902333333333348087e+00	-9.05762666666666688142e-02
1.14495666666666662259e+00	1.10376000000000007439e+00	-4.03374266666666619896e-02
1.09383333333333343518e+00	1.09863999999999983892e+00	-8.86608266666666783307e-02
9.94489999999999874092e-01	1.08578666666666667773e+00	-4.06252733333333435062e-02
9.45631999999999917073e-01	1.07902333333333344534e+00	-8.61137799999999870026e-02
8.48007333333333335190e-01	1.07800000000000006928e+00	-3.81568933333333304425e-02
8.01592333333333351142e-01	1.07221666666666659573e+00	-8.27097799999999966358e-02
7.08774666666666774972e-01	1.06333999999999995190e+00	-3.63847999999999949239e-02
6.64436333333333406514e-01	1.04203333333333336697e+00	-8.21450199999999991496e-02
5.72218333333333384338e-01	1.02305733333333326307e+00	-3.66596299999999986063e-02
5.24498999999999937494e-01	1.01095066666666677513e+00	-8.25882766666666684463e-02
4.30062666666666704174e-01	9.93407333333333308900e-01	-3.50528766666666699581e-02
3.80540333333333313792e-01	9.86629333333333469191e-01	-8.10039333333333333442e-02
2.82936333333333345230e-01	9.68427333333333417720e-01	-3.12926999999999996827e-02
2.35457666666666676214e-01	9.50147333333333343752e-01	-7.81727666666666709538e-02
1.38450899999999987866e-01	9.16976000000000013301e-01	-2.67642666666666646791e-02
9.06804333333333240086e-02	8.89229999999999964899e-01	-7.57965000000000027613e-02
-1.34015666666666647538e-02	8.53582666666666711741e-01	-2.24112333333333392515e-02
-6.54338000000000002965e-02	8.28135000000000065512e-01	-7.29150666666666807947e-02
-1.75093666666666675225e-01	7.87620333333333255688e-01	-1.56438333333333325081e-02
-2.29984666666666642820e-01	7.58226666666666715422e-01	-7.01864333333333395570e-02
-3.41032333333333326220e-01	7.00607666666666628608e-01	-9.84783333333333343873e-03
-3.99265666666666685369e-01	6.65015333333333291677e-01	-6.92540666666666693274e-02
-4.94011999999999951161e-01	5.78177999999999969738e-01	-3.48956666666667058782e-03
-5.33487666666666693338e-01	5.16789666666666591688e-01	-6.14871666666666691348e-02
-6.15476000000000023071e-01	3.98266999999999982141e-01	9.00119999999999566287e-03
-6.68814666666666668426e-01	3.40644666666666651178e-01	-5.35573000000000021270e-02
-6.38397333333333372174e-01	-7.99510999999999971699e-01	7.61645333333333396375e-02
-5.68567333333333313483e-01	-8.31131666666666713006e-01	6.70723333333333743972e-03
-4.29624999999999979128e-01	-8.71522666666666778745e-01	7.73527000000000103386e-02
-3.70872333333333303873e-01	-9.13946333333333416071e-01	1.59360666666666685176e-02
-2.48986666666666689451e-01	-9.77087333333333307728e-01	8.16540333333333340216e-02
-1.94605999999999973449e-01	-1.02396066666666674116e+00	2.56813333333333303210e-02
-6.80148666666666734670e-02	-1.05754000000000014658e+00	8.55042999999999914218e-02
-8.37190000000000156266e-03	-1.08630333333333339851e+00	2.86096666666666686607e-02
1.16819433333333333458e-01	-1.09479666666666664021e+00	8.34083666666666639911e-02
1.75314966666666682826e-01	-1.11383666666666658607e+00	3.26022666666666641189e-02
2.92835666666666660785e-01	-1.11320666666666645561e+00	8.57658999999999921426e-02
3.48182333333333371428e-01	-1.12615666666666669471e+00	3.67741333333333336730e-02
4.57338333333333346697e-01	-1.13495666666666661371e+00	8.84819000000000022155e-02
5.10886333333333442219e-01	-1.13834000000000012953e+00	4.09003433333333457633e-02
6.13932999999999950980e-01	-1.15548333333333341777e+00	9.05267766666666834352e-02
6.64077000000000139401e-01	-1.16010666666666661939e+00	4.07252266666666626338e-02
7.63307999999999986507e-01	-1.17813333333333325470e+00	8.93351166666666723915e-02
8.13597000000000014630e-01	-1.18533333333333334991e+00	4.07446299999999969610e-02
9.11198999999999981192e-01	-1.18759666666666663382e+00	8.97698466666666528013e-02
9.60443000000000046690e-01	-1.19012999999999991019e+00	4.07093033333333284562e-02
1.05669999999999997264e+00	-1.17519666666666666721e+00	8.93917900000000126282e-02
1.10502666666666660156e+00	-1.17215666666666673557e+00	3.99710133333333397787e-02
1.20136666666666669379e+00	-1.15567666666666668540e+00	8.91828900000000007742e-02
1.24998666666666657932e+00	-1.15033000000000007468e+00	3.89979233333333299982e-02
1.34640000000000004121e+00	-1.12582000000000004292e+00	8.81720333333333439185e-02
1.39512333333333349294e+00	-1.11470999999999986763e+00	3.62576333333333375442e-02
1.49307333333333325243e+00	-1.08201666666666662664e+00	8.66492666666666688791e-02
1.54278666666666652851e+00	-1.06932999999999989171e+00	3.35699333333333363449e-02
1.64099000000000017074e+00	-1.02388499999999993406e+00	8.46443333333333353119e-02
1.69052333333333315579e+00	-1.00376799999999999358e+00	2.90739666666666694839e-02
1.78673999999999999488e+00	-9.42451000000000038703e-01	7.98409666666666656409e-02
1.83457333333333338921e+00	-9.13494666666666788046e-01	2.26795666666666645428e-02
1.93416999999999994486e+00	-8.43841333333333332156e-01	7.54592666666666633812e-02
1.98625666666666655935e+00	-8.15072666666666667545e-01	1.71738333333333291486e-02
2.08161333333333331552e+00	-7.30088666666666608052e-01	6.88155666666666609999e-02
2.13154999999999983373e+00	-6.92256666666666631293e-01	6.60103333333332976257e-03
2.21493333333333319857e+00	-5.84362999999999965794e-01	5.77121333333333319526e-02
2.26557333333333366099e+00	-5.41606666666666680676e-01	-4.75090000000000234337e-03
2.34352666666666697992e+00	-4.21381333333333385482e-01	4.87799666666666673076e-02
2.40582999999999991303e+00	-3.84015333333333375165e-01	-1.46414333333333337300e-02
2.47660666666666662294e+00	-2.57412000000000029676e-01	4.17632666666666665933e-02
2.51684333333333354332e+00	-2.03848999999999974664e-01	-2.51958999999999967712e-02
2.55725333333333315622e+00	-6.15267333333333402146e-02	3.34102333333333376131e-02
2.57163333333333321562e+00	2.72116666666666817340e-03	-3.60540999999999986492e-02
2.60423333333333317796e+00	1.47860499999999978060e-01	2.76890333333333349408e-02
2.61240000000000005542e+00	2.15471566666666669576e-01	-4.66277000000000010904e-02
2.57905000000000006466e+00	3.47556333333333355995e-01	-1.99760999999999994126e-01
2.54084333333333312055e+00	4.09667999999999976612e-01	-2.74446333333333347682e-01
2.51686999999999994060e+00	5.56920333333333350545e-01	-2.16017000000000014559e-01
2.45200333333333331254e+00	6.08172999999999963627e-01	-2.88015333333333345411e-01
2.38129999999999997229e+00	7.36058666666666749911e-01	-2.22693000000000002059e-01
2.29969000000000001194e+00	7.72446333333333345905e-01	-2.90006333333333310431e-01
2.20399666666666682602e+00	8.74165333333333349763e-01	-2.22315333333333337018e-01
2.12011666666666664938e+00	8.98318000000000060901e-01	-2.85690666666666703843e-01
2.01492333333333339951e+00	9.82999999999999984901e-01	-2.19942666666666702957e-01
1.93685333333333353778e+00	1.00857200000000002404e+00	-2.83894333333333304115e-01
1.83056000000000018701e+00	1.08227000000000006530e+00	-2.21484000000000014197e-01
1.75276999999999993918e+00	1.09884333333333317206e+00	-2.82908666666666641643e-01
1.64292000000000015802e+00	1.13938999999999990287e+00	-2.18297666666666639879e-01
1.56390999999999991132e+00	1.11605333333333334167e+00	-2.66481000000000023409e-01
1.45750666666666650606e+00	1.12304000000000003823e+00	-2.00398999999999993804e-01
1.38593000000000010630e+00	1.10242666666666688791e+00	-2.47583333333333349691e-01
1.28923999999999994159e+00	1.11356666666666659360e+00	-1.92278000000000032221e-01
1.22387000000000001343e+00	1.09899333333333326657e+00	-2.38888999999999990242e-01
1.13224666666666684556e+00	1.09933000000000014040e+00	-1.85510666666666684810e-01
1.07093666666666664788e+00	1.08321333333333336135e+00	-2.29391666666666660390e-01
9.83665333333333502530e-01	1.07576000000000004952e+00	-1.78030333333333373735e-01
9.23808999999999991282e-01	1.06248333333333344619e+00	-2.22689333333333322473e-01
8.39360666666666754843e-01	1.05996333333333336846e+00	-1.75325666666666629689e-01
7.80952000000000090552e-01	1.04888666666666652283e+00	-2.20606333333333320956e-01
6.98845333333333429415e-01	1.03983333333333338722e+00	-1.73750666666666692128e-01
6.39413333333333278041e-01	1.03048000000000006260e+00	-2.21419000000000004702e-01
5.57285000000000030340e-01	1.02057333333333333236e+00	-1.75741999999999981563e-01
4.98590000000000033165e-01	1.00520233333333330883e+00	-2.22353666666666643925e-01
4.16281666666666660959e-01	9.88801666666666689842e-01	-1.75150999999999973378e-01
3.58710333333333408756e-01	9.63959000000000010289e-01	-2.20648333333333335204e-01
2.75490333333333337062e-01	9.43506666666666604648e-01	-1.73381333333333359503e-01
2.18299000000000020805e-01	9.09440666666666786000e-01	-2.19726333333333329056e-01
1.30495866666666654465e-01	8.88335333333333365680e-01	-1.73549999999999982059e-01
7.16189333333333288945e-02	8.48322000000000020492e-01	-2.20187666666666670423e-01
-2.02287333333333319008e-02	8.23768999999999973483e-01	-1.72938000000000008383e-01
-8.00286000000000052879e-02	7.76377999999999901526e-01	-2.22763333333333340969e-01
-1.80124666666666627401e-01	7.51350333333333231245e-01	-1.77282999999999996144e-01
-2.47310000000000002052e-01	7.05509999999999970477e-01	-2.35871999999999998332e-01
-3.55403333333333293353e-01	6.76794000000000006700e-01	-1.88181666666666663756e-01
-4.10995333333333323633e-01	6.09424999999999994493e-01	-2.45562333333333354668e-01
-4.94333333333333346804e-01	5.36258000000000012442e-01	-1.84632333333333370495e-01
-5.26449999999999973532e-01	4.36032999999999948404e-01	-2.37060999999999993948e-01
-6.18942999999999909910e-01	3.58942333333333307710e-01	-1.76474333333333371909e-01
-6.70784333333333315785e-01	2.91455000000000019611e-01	-2.52821333333333342352e-01
-6.62518999999999969042e-01	-7.92075666666666733384e-01	-2.29825799999999996759e-01
-5.90106666666666668242e-01	-8.27953333333333318933e-01	-1.32245100000000004314e-01
-4.71804333333333325573e-01	-8.67159333333333393057e-01	-1.86948966666666688274e-01
-3.91512333333333295560e-01	-9.12761333333333424456e-01	-1.09413266666666675331e-01
-2.88576666666666648009e-01	-9.73442333333333298384e-01	-1.66014300000000003532e-01
-2.13555999999999995831e-01	-1.02150066666666661241e+00	-9.66376666666666633843e-02
-1.06671343333333334957e-01	-1.06242333333333327516e+00	-1.49753033333333340771e-01
-2.80783766666666684264e-02	-1.09364666666666665584e+00	-8.43286666666666628878e-02
7.87276233333333297360e-02	-1.11363999999999996326e+00	-1.36132966666666660460e-01
1.56929633333333345968e-01	-1.12533666666666665179e+00	-7.40007333333333322534e-02
2.58611666666666684122e-01	-1.12999666666666676029e+00	-1.20957433333333350123e-01
3.32343666666666648357e-01	-1.13144666666666648958e+00	-6.33462000000000052813e-02
4.25306333333333341784e-01	-1.13459333333333334259e+00	-1.09941099999999999937e-01
4.94692999999999993843e-01	-1.13268666666666661946e+00	-5.74023233333333313122e-02
5.83915999999999990600e-01	-1.14919666666666664412e+00	-1.06170556666666679457e-01
6.50253333333333460864e-01	-1.15947333333333335581e+00	-5.76694399999999954276e-02
7.35949999999999993072e-01	-1.17526333333333332654e+00	-1.06583216666666660832e-01
8.00062666666666699733e-01	-1.18309666666666668533e+00	-5.67790366666666712625e-02
8.85112666666666658699e-01	-1.18959333333333328042e+00	-1.06068820000000008097e-01
9.47890999999999928072e-01	-1.19436333333333322138e+00	-5.76056966666666572796e-02
1.02971799999999991115e+00	-1.17254666666666662600e+00	-1.05540876666666672001e-01
1.09059666666666665868e+00	-1.16527333333333316112e+00	-5.66466533333333313593e-02
1.17168333333333318791e+00	-1.13721333333333340931e+00	-1.04045776666666658916e-01
1.23473333333333346040e+00	-1.13875000000000015099e+00	-5.76130766666666724318e-02
1.31719999999999992646e+00	-1.11420666666666678957e+00	-1.09795966666666675038e-01
1.38117666666666671915e+00	-1.11467666666666676001e+00	-6.50993666666666720433e-02
1.46346666666666691548e+00	-1.08026666666666648631e+00	-1.19400066666666679338e-01
1.52712666666666674331e+00	-1.06761333333333330309e+00	-7.11224000000000022848e-02
1.60871999999999992781e+00	-1.02146999999999987807e+00	-1.27003000000000004777e-01
1.67391333333333314215e+00	-1.00306966666666674826e+00	-7.78810333333333354444e-02
1.75411333333333341322e+00	-9.43552666666666595141e-01	-1.35656366666666666765e-01
1.81855666666666682119e+00	-9.15294666666666700827e-01	-8.58627666666666594653e-02
1.89691999999999993953e+00	-8.42628000000000043634e-01	-1.44854733333333346446e-01
1.96502333333333312204e+00	-8.12059333333333355220e-01	-9.45978333333333393229e-02
2.05164999999999997371e+00	-7.41303333333333314137e-01	-1.60589766666666661221e-01
2.12281999999999992923e+00	-7.06484666666666538681e-01	-1.11032633333333352610e-01
2.20951999999999992852e+00	-6.26184999999999991616e-01	-1.83416200000000001458e-01
2.26889000000000029544e+00	-5.69200666666666688087e-01	-1.28245566666666671596e-01
2.35011666666666663161e+00	-4.73788333333333311348e-01	-2.04789699999999991187e-01
2.40910333333333381844e+00	-4.08828333333333349131e-01	-1.44716433333333310829e-01
2.48156666666666714249e+00	-3.02004666666666699015e-01	-2.27239066666666683636e-01
2.51853000000000015746e+00	-2.23628666666666670038e-01	-1.64123233333333312656e-01
2.53396333333333334537e+00	-9.17060999999999987287e-02	-2.38287499999999985434e-01
2.54665666666666679063e+00	-7.67853333333333443189e-03	-1.68824499999999960709e-01
2.54542333333333337109e+00	1.25882133333333340319e-01	-2.46205333333333303836e-01
2.57856666666666667354e+00	2.03892899999999960281e-01	-1.87751666666666677807e-01
2.48737666666666656923e+00	3.16605666666666674125e-01	-3.97665333333333315124e-01
2.43162666666666682502e+00	3.70688666666666666316e-01	-4.67881000000000046857e-01
2.42022666666666674828e+00	5.15003666666666748419e-01	-4.16660333333333354755e-01
2.33445999999999997954e+00	5.53551666666666775107e-01	-4.72225000000000061373e-01
2.28462666666666658344e+00	6.83108666666666586309e-01	-4.10893333333333332646e-01
2.19261000000000016996e+00	7.08973999999999993094e-01	-4.63332333333333401537e-01
2.12379333333333342182e+00	8.22464333333333352805e-01	-4.05820666666666662881e-01
2.03046666666666686396e+00	8.34400000000000030553e-01	-4.54687333333333387753e-01
1.94871999999999978570e+00	9.35825666666666555749e-01	-3.98509000000000002117e-01
1.86397000000000012676e+00	9.52522333333333359739e-01	-4.55065999999999970527e-01
1.77431333333333340896e+00	1.04184199999999993480e+00	-4.01875999999999955481e-01
1.68967333333333336043e+00	1.03345866666666652556e+00	-4.46706666666666640797e-01
1.58912000000000008804e+00	1.06712333333333320162e+00	-3.75922666666666682733e-01
1.50790000000000001812e+00	1.03181666666666660426e+00	-4.09401333333333339315e-01
1.41111333333333344164e+00	1.06013333333333359398e+00	-3.47144000000000063633e-01
1.34085333333333323047e+00	1.05490666666666665918e+00	-3.94424666666666645654e-01
1.25029999999999996696e+00	1.08262666666666662607e+00	-3.41474999999999972999e-01
1.18522000000000016229e+00	1.05681666666666651544e+00	-3.79754666666666629293e-01
1.09748000000000001108e+00	1.05706666666666659893e+00	-3.21049666666666677628e-01
1.03590099999999996072e+00	1.02552733333333323529e+00	-3.57545333333333326120e-01
9.49501333333333419340e-01	1.03839733333333339438e+00	-3.10546333333333313131e-01
8.89406000000000029893e-01	1.02468733333333328339e+00	-3.55632333333333328085e-01
8.05305000000000048566e-01	1.03769666666666671162e+00	-3.13056000000000000938e-01
7.47145666666666596889e-01	1.02212333333333327268e+00	-3.59394666666666695587e-01
6.63360666666666709546e-01	1.02395999999999998131e+00	-3.14613333333333355935e-01
6.07367333333333259127e-01	1.00482199999999988194e+00	-3.60935666666666710167e-01
5.24724999999999996980e-01	9.95971000000000050711e-01	-3.14352999999999993541e-01
4.73362999999999978229e-01	9.57177000000000055557e-01	-3.53523333333333356077e-01
3.89656666666666595678e-01	9.41565666666666634121e-01	-3.07021333333333312776e-01
3.42065333333333387866e-01	8.93191999999999985960e-01	-3.42368666666666709997e-01
2.53927666666666607131e-01	8.81519333333333321434e-01	-3.02340666666666646467e-01
2.07034000000000023567e-01	8.26438666666666654770e-01	-3.39183666666666716605e-01
1.12528400000000014525e-01	8.14346666666666663126e-01	-3.03206999999999948781e-01
6.73063666666666726712e-02	7.54260000000000041531e-01	-3.43148666666666712910e-01
-3.34029666666666655295e-02	7.40844333333333437963e-01	-3.09954666666666656116e-01
-8.22447000000000039144e-02	6.80648000000000030774e-01	-3.59193333333333308932e-01
-1.96055666666666655873e-01	6.70341333333333344591e-01	-3.30591000000000023729e-01
-2.37728999999999995874e-01	6.02333333333333276194e-01	-3.80929000000000017589e-01
-3.44575333333333400088e-01	5.70132999999999889873e-01	-3.43590666666666655349e-01
-3.67123666666666681468e-01	4.79009666666666611423e-01	-3.89380000000000003890e-01
-4.65660333333333342765e-01	4.18076666666666652006e-01	-3.43780333333333354418e-01
-4.80442999999999953431e-01	3.16514999999999990798e-01	-3.89426666666666643213e-01
-5.93073999999999990074e-01	2.66983999999999999098e-01	-3.59054333333333364209e-01
-6.12125999999999947931e-01	1.57805000000000000826e-01	-4.34871000000000007546e-01
-6.15796000000000010033e-01	-6.63326666666666731054e-01	-4.44997666666666680246e-01
-5.93450999999999950774e-01	-7.59226000000000067480e-01	-3.63222666666666693658e-01
-4.79141333333333363509e-01	-8.00021333333333362070e-01	-3.97995000000000043183e-01
-4.29907000000000039108e-01	-8.72076999999999991076e-01	-3.19302000000000030244e-01
-3.04743333333333310531e-01	-9.05830666666666672882e-01	-3.59466666666666656571e-01
-2.43705000000000032712e-01	-9.61593999999999948791e-01	-2.83714666666666670558e-01
-1.27324300000000001365e-01	-9.91295666666666797084e-01	-3.27906333333333355196e-01
-6.53113099999999974221e-02	-1.04406666666666669840e+00	-2.63321333333333351678e-01
4.97313566666666637128e-02	-1.05113999999999996326e+00	-3.02341999999999999638e-01
1.15177323333333345157e-01	-1.08949000000000006949e+00	-2.40577999999999986303e-01
2.22184333333333317029e-01	-1.08995333333333332959e+00	-2.81241666666666667584e-01
2.87416666666666653640e-01	-1.11876333333333333186e+00	-2.23753333333333359612e-01
3.87027000000000009905e-01	-1.12014333333333326870e+00	-2.67441333333333364219e-01
4.51184666666666622792e-01	-1.13452333333333332810e+00	-2.11240333333333335508e-01
5.43879333333333270240e-01	-1.13853333333333339716e+00	-2.58156333333333321001e-01
6.07223999999999985988e-01	-1.15511333333333343631e+00	-2.05625333333333326635e-01
6.95859666666666654145e-01	-1.15551333333333339226e+00	-2.52600666666666640037e-01
7.58248333333333301987e-01	-1.16538666666666657079e+00	-2.02059666666666665202e-01
8.42130000000000045191e-01	-1.14080999999999987971e+00	-2.44781666666666675169e-01
9.04881666666666695242e-01	-1.15718333333333345259e+00	-1.98594999999999993756e-01
9.85500000000000042633e-01	-1.12922333333333324568e+00	-2.42785000000000028564e-01
1.04755800000000021122e+00	-1.13981666666666670018e+00	-1.98193999999999981299e-01
1.12096333333333331161e+00	-1.08595666666666645916e+00	-2.35291333333333324562e-01
1.18420999999999998487e+00	-1.09062666666666641113e+00	-1.90037333333333308127e-01
1.25906000000000006800e+00	-1.04376033333333340103e+00	-2.31600333333333324726e-01
1.32899999999999995914e+00	-1.06580366666666659370e+00	-1.97791666666666671182e-01
1.40304666666666655317e+00	-1.02012199999999997324e+00	-2.48541333333333364086e-01
1.47353666666666671681e+00	-1.03411500000000011745e+00	-2.14846333333333333604e-01
1.54699666666666679760e+00	-9.78371999999999908404e-01	-2.66986333333333325513e-01
1.61851999999999995872e+00	-9.78380333333333296331e-01	-2.27420666666666687616e-01
1.68698999999999998956e+00	-9.06888333333333296338e-01	-2.79084333333333323157e-01
1.75739000000000000767e+00	-8.90460999999999835985e-01	-2.36442000000000013271e-01
1.82034333333333342431e+00	-8.05828333333333368671e-01	-2.87361333333333357487e-01
1.89542999999999994820e+00	-7.86253333333333359612e-01	-2.45567666666666656328e-01
1.96174333333333339446e+00	-7.02721999999999957787e-01	-3.04517333333333306555e-01
2.04986000000000023746e+00	-6.88340666666666600726e-01	-2.69796333333333360205e-01
2.11987333333333394236e+00	-6.06836333333333421969e-01	-3.42948666666666623914e-01
2.20836333333333323381e+00	-5.79499333333333366269e-01	-3.06125666666666684801e-01
2.26586666666666669556e+00	-4.79650999999999994028e-01	-3.83923000000000014253e-01
2.34825000000000017053e+00	-4.30924333333333298146e-01	-3.37757666666666678257e-01
2.38699000000000038924e+00	-3.14078999999999997073e-01	-4.18385333333333331307e-01
2.46132000000000017437e+00	-2.50119333333333360159e-01	-3.67939999999999989289e-01
2.46205666666666678211e+00	-1.18608599999999994590e-01	-4.41883999999999999009e-01
2.49773666666666693814e+00	-3.85713666666666690763e-02	-3.75347333333333310623e-01
2.49838666666666675553e+00	1.08351299999999997614e-01	-3.79995333333333296100e-01
2.46443666666666638676e+00	1.66314066666666676708e-01	-4.49516333333333351074e-01
2.34817666666666680086e+00	2.75478333333333325061e-01	-5.72673333333333367534e-01
2.27548666666666621339e+00	3.24801666666666655203e-01	-6.28067000000000041915e-01
2.27316999999999991289e+00	4.58560000000000023146e-01	-5.78839333333333372344e-01
2.18024666666666666615e+00	4.96164333333333373854e-01	-6.21639666666666701467e-01
2.14952000000000031932e+00	6.17021333333333310556e-01	-5.67464333333333348364e-01
2.05589999999999983871e+00	6.49134000000000099817e-01	-6.16372666666666790825e-01
2.00566333333333313149e+00	7.53022333333333349081e-01	-5.61107333333333291314e-01
1.90698666666666660774e+00	7.71988333333333387465e-01	-6.04079000000000032600e-01
1.84703999999999979309e+00	8.70062666666666650883e-01	-5.54215999999999930914e-01
1.74878999999999984460e+00	8.78416666666666734464e-01	-5.94416333333333324340e-01
1.68107999999999990770e+00	9.52492999999999923055e-01	-5.40096999999999938247e-01
1.57997000000000009656e+00	9.29004333333333320866e-01	-5.61909333333333371741e-01
1.50734333333333325733e+00	9.74663333333333326003e-01	-5.01997666666666675361e-01
1.41253000000000006331e+00	9.51204666666666809327e-01	-5.29418333333333213098e-01
1.34282666666666661293e+00	1.00313133333333337482e+00	-4.84102666666666625606e-01
1.25583666666666693423e+00	9.85434000000000032138e-01	-5.18440333333333280841e-01
1.18878333333333330302e+00	1.01139933333333331689e+00	-4.67041999999999957183e-01
1.10472666666666685664e+00	9.75700333333333280628e-01	-4.95292999999999983274e-01
1.03958433333333322146e+00	9.89578333333333226562e-01	-4.44501333333333359388e-01
9.57337333333333262431e-01	9.74427666666666691953e-01	-4.87800000000000011369e-01
8.93558666666666723266e-01	9.96666666666666700714e-01	-4.45929999999999993054e-01
8.13215333333333290078e-01	9.84075999999999950774e-01	-4.93579666666666694308e-01
7.50903333333333367072e-01	9.96523333333333538597e-01	-4.49620666666666668476e-01
6.74873666666666593983e-01	9.60949000000000164157e-01	-4.89260000000000028209e-01
6.15122666666666595425e-01	9.67410999999999909882e-01	-4.45356333333333298530e-01
5.46414333333333335219e-01	9.08135000000000025544e-01	-4.76005333333333335855e-01
4.87297000000000035680e-01	9.06752000000000002444e-01	-4.30754999999999999005e-01
4.14671333333333336224e-01	8.41309666666666622348e-01	-4.63494000000000017092e-01
3.53146000000000015451e-01	8.43360999999999916277e-01	-4.21609666666666660362e-01
2.65714999999999978986e-01	7.95688333333333441821e-01	-4.17577333333333300391e-01
2.34964333333333330600e-01	7.53081333333333269309e-01	-4.64582000000000050477e-01
1.31061299999999991694e-01	7.23745000000000082707e-01	-4.26129999999999953264e-01
1.03600033333333341190e-01	6.76444333333333425173e-01	-4.71067999999999986738e-01
-8.99663333333333183062e-03	6.46762999999999976808e-01	-4.37325333333333343688e-01
-3.95576999999999942559e-02	5.96089333333333359910e-01	-4.89584999999999992415e-01
-1.54479100000000008075e-01	5.61966333333333345479e-01	-4.61791000000000007031e-01
-1.79671766666666649082e-01	5.06055999999999950312e-01	-5.21713333333333362241e-01
-2.85470000000000057039e-01	4.55299666666666658088e-01	-4.86640666666666665829e-01
-2.96961333333333354911e-01	3.89867000000000019089e-01	-5.43140999999999984915e-01
-3.93397666666666701030e-01	3.12015333333333366728e-01	-4.91526666666666667282e-01
-3.90419666666666664856e-01	2.30580333333333303836e-01	-5.32940999999999998060e-01
-4.87265666666666652507e-01	1.45096333333333327165e-01	-4.88136999999999987576e-01
-4.69384000000000023434e-01	6.24970333333333336046e-02	-5.33186333333333317697e-01
-5.71505333333333309653e-01	-2.63276333333333327491e-02	-5.12974666666666689885e-01
-5.30868000000000006544e-01	-1.16294300000000003226e-01	-5.51837999999999939682e-01
-6.27967666666666701758e-01	-2.66404666666666622987e-01	-5.65869666666666604193e-01
-5.38040333333333342658e-01	-3.09917999999999971283e-01	-5.80569333333333381653e-01
-5.90836666666666676662e-01	-4.24513666666666622529e-01	-5.60729666666666681785e-01
-4.89424666666666674519e-01	-4.99614000000000002544e-01	-5.72762666666666753201e-01
-5.07237000000000048949e-01	-6.05344666666666642030e-01	-5.29450333333333356123e-01
-3.92830333333333392432e-01	-6.67989000000000054946e-01	-5.55862333333333347163e-01
-3.87079666666666655228e-01	-7.66766333333333327538e-01	-5.06182000000000020812e-01
-2.59610333333333331840e-01	-8.10123333333333306427e-01	-5.31714666666666668782e-01
-2.26508333333333311543e-01	-8.77132000000000022766e-01	-4.63692333333333372991e-01
-9.19384999999999924514e-02	-8.92812000000000050015e-01	-4.82066333333333318922e-01
-5.37928000000000017256e-02	-9.51212333333333326379e-01	-4.22032333333333342651e-01
7.33362000000000041622e-02	-9.59903333333333441679e-01	-4.46564666666666665318e-01
1.14847366666666658719e-01	-1.00706000000000006622e+00	-3.91459333333333325822e-01
2.36952999999999996961e-01	-1.01370999999999988894e+00	-4.23395333333333290238e-01
2.78844000000000036277e-01	-1.05825333333333326813e+00	-3.74941666666666673091e-01
3.85840333333333340704e-01	-1.08574999999999999289e+00	-3.67556666666666698173e-01
4.46358333333333245907e-01	-1.08848333333333324724e+00	-4.16665666666666656415e-01
5.40239666666666673578e-01	-1.12688666666666659211e+00	-3.63466333333333391220e-01
5.99359333333333355043e-01	-1.11191666666666666430e+00	-4.05203000000000035374e-01
6.91634666666666730883e-01	-1.12396333333333320326e+00	-3.46868333333333334068e-01
7.48682000000000069662e-01	-1.09968333333333334600e+00	-3.86596666666666699541e-01
8.36788666666666625105e-01	-1.10665666666666662188e+00	-3.35050999999999987722e-01
8.91505666666666640729e-01	-1.07563333333333321917e+00	-3.73583333333333378334e-01
9.77465333333333408206e-01	-1.08182666666666649213e+00	-3.27504000000000017323e-01
1.03014666666666676598e+00	-1.05011666666666680925e+00	-3.67632333333333338743e-01
1.11158666666666672285e+00	-1.04365333333333332178e+00	-3.20010666666666665492e-01
1.16215000000000001634e+00	-9.97524666666666615100e-01	-3.56818666666666672871e-01
1.24637666666666668824e+00	-9.92961666666666631365e-01	-3.13662333333333320784e-01
1.30079666666666660113e+00	-9.58208999999999977426e-01	-3.61630333333333275903e-01
1.38752666666666679696e+00	-9.63326000000000015611e-01	-3.30317999999999944993e-01
1.43871333333333328852e+00	-9.18982333333333456515e-01	-3.79598000000000046494e-01
1.52769333333333334757e+00	-9.20035333333333316119e-01	-3.49961333333333346474e-01
1.57799666666666671411e+00	-8.64415333333333202326e-01	-3.98060000000000024922e-01
1.66576999999999997293e+00	-8.51260000000000016662e-01	-3.66748666666666611746e-01
1.71044000000000018247e+00	-7.81275333333333321661e-01	-4.15628000000000052960e-01
1.79461333333333339368e+00	-7.52271000000000023000e-01	-3.78883000000000025320e-01
1.83627666666666677919e+00	-6.76153000000000115044e-01	-4.29240000000000010427e-01
1.92832000000000003403e+00	-6.46178999999999947867e-01	-3.96668000000000020577e-01
1.97175000000000011369e+00	-5.69895999999999958163e-01	-4.58658666666666714473e-01
2.07518666666666673493e+00	-5.44934666666666678303e-01	-4.39660333333333319672e-01
2.10600999999999993761e+00	-4.54458333333333353021e-01	-5.04554666666666595809e-01
2.20820000000000016271e+00	-4.16511666666666613423e-01	-4.85640333333333396038e-01
2.21652666666666675610e+00	-3.05796999999999985498e-01	-5.46654666666666622099e-01
2.31293333333333350765e+00	-2.52091000000000009518e-01	-5.25564999999999948876e-01
2.28941999999999978854e+00	-1.29493356666666670218e-01	-5.79714666666666711414e-01
2.36421333333333327786e+00	-5.99706233333333338376e-02	-5.46479000000000048054e-01
2.36594333333333350922e+00	7.80293766666666638310e-02	-5.49463333333333303621e-01
2.30543333333333322344e+00	1.33110643333333333871e-01	-6.02404666666666699371e-01
2.17451999999999978641e+00	2.32145999999999991248e-01	-7.06254999999999966143e-01
2.10022000000000019782e+00	2.78657666666666692379e-01	-7.53134666666666618973e-01
2.10826333333333337805e+00	4.08917666666666679287e-01	-7.17747000000000023867e-01
2.02002000000000014879e+00	4.46116666666666716878e-01	-7.57328333333333270083e-01
1.99838333333333317832e+00	5.65475999999999978662e-01	-7.10129333333333279121e-01
1.90357000000000020634e+00	5.91290333333333362198e-01	-7.46067333333333304601e-01
1.86240999999999989889e+00	6.93914333333333410714e-01	-6.95282333333333446568e-01
1.76281666666666669840e+00	7.03441333333333473909e-01	-7.21815666666666744256e-01
1.70914333333333323672e+00	7.89869333333333312197e-01	-6.70812666666666612691e-01
1.61105666666666658138e+00	7.87701333333333253428e-01	-6.95563333333333311259e-01
1.54959333333333315608e+00	8.52759999999999962483e-01	-6.40979333333333456402e-01
1.45423666666666662195e+00	8.34235666666666708657e-01	-6.58686333333333373652e-01
1.38979999999999992433e+00	8.87021333333333217297e-01	-6.07037000000000048772e-01
1.29982333333333333059e+00	8.62339999999999995417e-01	-6.27217000000000024507e-01
1.23556333333333334679e+00	9.08826000000000022716e-01	-5.83936000000000010601e-01
1.15018666666666669052e+00	8.83780666666666658848e-01	-6.11190666666666659879e-01
1.08640333333333338750e+00	9.24689666666666632011e-01	-5.73945999999999956209e-01
1.00386633333333352702e+00	9.03649666666666795400e-01	-6.10923666666666753677e-01
9.39942666666666704067e-01	9.39509666666666798385e-01	-5.75569333333333266189e-01
8.60393333333333232282e-01	9.12849000000000021515e-01	-6.13675333333333350438e-01
7.97444666666666690524e-01	9.35176333333333276165e-01	-5.73555666666666685849e-01
7.20398666666666631642e-01	8.93565333333333433607e-01	-6.08137333333333418572e-01
6.60139666666666680150e-01	9.06890666666666622753e-01	-5.67800666666666620230e-01
5.87842666666666624486e-01	8.51122333333333425109e-01	-5.98942333333333354339e-01
5.33868333333333389135e-01	8.45904666666666749109e-01	-5.51050666666666688620e-01
4.60242666666666633279e-01	7.88440333333333409627e-01	-5.89409666666666609558e-01
4.00163000000000046441e-01	7.85228333333333416988e-01	-5.47103333333333385902e-01
3.07887000000000021771e-01	7.44672666666666649427e-01	-5.52223666666666557212e-01
2.80444000000000026596e-01	7.07007333333333320979e-01	-5.98125000000000017764e-01
1.80060066666666657165e-01	6.68115333333333283328e-01	-5.55421333333333322457e-01
1.56184733333333353178e-01	6.19088666666666731508e-01	-5.94952999999999954106e-01
4.91636333333333244711e-02	5.76744000000000034412e-01	-5.62859333333333267113e-01
1.77022666666666640689e-02	5.36159666666666701040e-01	-6.25554000000000054449e-01
-9.62117333333333268897e-02	4.99594666666666686883e-01	-6.12202000000000023938e-01
-1.20241299999999995407e-01	4.51974000000000042387e-01	-6.79540666666666681728e-01
-2.15192666666666670983e-01	3.93002666666666666817e-01	-6.45552333333333283605e-01
-2.17449333333333355567e-01	3.22291333333333318567e-01	-6.92235000000000044729e-01
-2.96240000000000003322e-01	2.37720666666666663458e-01	-6.31238000000000076817e-01
-2.90794666666666701271e-01	1.53311666666666651659e-01	-6.74312333333333402408e-01
-3.67092666666666678221e-01	6.35720333333333331716e-02	-6.21064666666666709283e-01
-3.44870999999999983121e-01	-1.78571666666666704903e-02	-6.73883000000000009777e-01
-4.06525000000000025224e-01	-1.08898833333333333595e-01	-6.24867999999999979011e-01
-3.53176666666666694283e-01	-1.90823533333333322792e-01	-6.67790000000000105729e-01
-4.02641666666666731000e-01	-2.87684666666666644108e-01	-6.28051666666666674743e-01
-3.29909999999999981046e-01	-3.67162666666666692716e-01	-6.71565666666666616358e-01
-3.63896666666666701584e-01	-4.64496333333333344395e-01	-6.36116333333333283662e-01
-2.64105333333333358592e-01	-5.30057000000000111406e-01	-6.61855666666666730968e-01
-2.75226666666666675010e-01	-6.27819000000000015937e-01	-6.24914000000000080526e-01
-1.61869933333333326786e-01	-6.79129666666666742536e-01	-6.48544000000000009365e-01
-1.52004266666666665309e-01	-7.62656666666666649412e-01	-6.05025000000000034994e-01
-2.61736999999999976618e-02	-7.88575666666666674764e-01	-6.16368666666666675802e-01
7.90066666666667583897e-04	-8.51722333333333359029e-01	-5.61432333333333311032e-01
1.24542066666666673136e-01	-8.65223333333333344264e-01	-5.77262666666666590665e-01
1.58942500000000014326e-01	-9.15004000000000039527e-01	-5.22428999999999921222e-01
2.76346333333333360471e-01	-9.31867666666666649711e-01	-5.54247333333333425109e-01
3.12845666666666633038e-01	-9.83416999999999874582e-01	-5.10318999999999967088e-01
4.15254666666666605312e-01	-1.03069366666666661914e+00	-5.10974333333333308182e-01
4.77225666666666603621e-01	-1.01708633333333331450e+00	-5.48362666666666664916e-01
5.67448999999999981192e-01	-1.05990600000000001479e+00	-4.95790666666666712814e-01
6.28133666666666701239e-01	-1.02565566666666652118e+00	-5.24342666666666623598e-01
7.17091333333333302846e-01	-1.05338633333333331343e+00	-4.73483333333333311632e-01
7.73772000000000126363e-01	-1.01987133333333335194e+00	-5.05131333333333376601e-01
8.60079666666666575736e-01	-1.03514499999999998181e+00	-4.56776999999999988589e-01
9.15136666666666709347e-01	-1.00561233333333333029e+00	-4.95023000000000046317e-01
9.99244000000000021089e-01	-1.01439066666666666272e+00	-4.51957666666666646460e-01
1.05319733333333331871e+00	-9.85638666666666662941e-01	-4.94674000000000002597e-01
1.13466333333333335709e+00	-9.75236000000000102794e-01	-4.47156666666666702259e-01
1.18763000000000018552e+00	-9.39830000000000054250e-01	-4.90116333333333376032e-01
1.26953666666666675766e+00	-9.27366000000000023640e-01	-4.47746333333333357274e-01
1.32362999999999986223e+00	-8.98488999999999982116e-01	-5.01262333333333365282e-01
1.40607666666666664135e+00	-8.84988333333333376807e-01	-4.64426333333333329900e-01
1.45691999999999999282e+00	-8.43073333333333341244e-01	-5.16355000000000008420e-01
1.53986000000000000654e+00	-8.21447333333333418182e-01	-4.79625333333333347952e-01
1.59049999999999980282e+00	-7.74179000000000061554e-01	-5.38212999999999941458e-01
1.67330666666666671993e+00	-7.47162333333333261720e-01	-5.05526999999999948621e-01
1.71821999999999985853e+00	-6.88009000000000092712e-01	-5.66441333333333241207e-01
1.79701666666666670658e+00	-6.46004000000000022652e-01	-5.26899333333333386165e-01
1.83328000000000024272e+00	-5.71603666666666732077e-01	-5.85136333333333369389e-01
1.91596999999999972886e+00	-5.25469666666666612720e-01	-5.49467666666666687547e-01
1.94740999999999986336e+00	-4.48080666666666627140e-01	-6.20159999999999933529e-01
2.03401333333333322884e+00	-4.02030666666666647302e-01	-5.94245333333333292103e-01
2.04063000000000016598e+00	-3.05691666666666694852e-01	-6.54443666666666756804e-01
2.12095333333333302406e+00	-2.47404666666666633867e-01	-6.25767333333333342082e-01
2.10293333333333309909e+00	-1.40082666666666688648e-01	-6.84063333333333356556e-01
2.17499333333333311202e+00	-7.58773566666666732239e-02	-6.59100333333333399111e-01
2.18927666666666631556e+00	4.87266433333333401356e-02	-6.78805999999999909456e-01
2.13105333333333346602e+00	9.84386666666666743097e-02	-7.27262666666666723891e-01
1.99558333333333326465e+00	1.91639000000000003787e-01	-8.08117000000000085258e-01
1.92295999999999978058e+00	2.33863999999999988555e-01	-8.44888999999999890100e-01
1.93935333333333326244e+00	3.58081666666666631471e-01	-8.29488000000000003098e-01
1.85180999999999973404e+00	3.89104999999999978666e-01	-8.52011999999999880551e-01
1.83766333333333342637e+00	5.02954333333333392098e-01	-8.15790333333333284038e-01
1.74450000000000016165e+00	5.20019333333333388936e-01	-8.33082666666666749045e-01
1.71081333333333329705e+00	6.17882333333333311209e-01	-7.89892999999999845251e-01
1.61828000000000016279e+00	6.28156333333333316560e-01	-8.15278666666666596008e-01
1.57219666666666668675e+00	7.11547333333333309469e-01	-7.71952000000000082558e-01
1.48060666666666662650e+00	7.11812000000000000277e-01	-7.97246000000000010210e-01
1.42410999999999998700e+00	7.69441666666666690411e-01	-7.38564333333333267184e-01
1.33474000000000003752e+00	7.56278000000000005798e-01	-7.59265666666666727558e-01
1.27489000000000007873e+00	7.96390666666666580120e-01	-6.99567666666666698738e-01
1.18973666666666666458e+00	7.81890000000000084945e-01	-7.29167333333333278489e-01
1.12929333333333326017e+00	8.22794000000000025352e-01	-6.84071333333333364557e-01
1.04765933333333327582e+00	8.09024666666666725234e-01	-7.22437333333333264740e-01
9.86015666666666734663e-01	8.48971333333333411097e-01	-6.86534333333333357530e-01
9.07468666666666812226e-01	8.17645000000000066187e-01	-7.16737333333333226371e-01
8.45770000000000021778e-01	8.45662666666666673621e-01	-6.79232666666666595745e-01
7.70293666666666765330e-01	8.01312333333333293162e-01	-7.07492333333333278667e-01
7.07871000000000027974e-01	8.26887666666666576454e-01	-6.76516666666666655061e-01
6.34691000000000005166e-01	7.78072333333333254757e-01	-7.10493666666666690013e-01
5.74921666666666664192e-01	7.88981666666666581200e-01	-6.73255999999999965588e-01
5.04468333333333296409e-01	7.32654000000000027448e-01	-7.11952000000000029267e-01
4.43763666666666722893e-01	7.37330333333333420853e-01	-6.75997333333333449978e-01
3.77396666666666658063e-01	6.70778666666666745222e-01	-7.13438666666666665428e-01
3.17671000000000036678e-01	6.66965666666666678886e-01	-6.73823666666666709624e-01
2.35332999999999986640e-01	6.08299333333333414053e-01	-6.72160666666666628544e-01
2.16687999999999991729e-01	5.52793333333333247737e-01	-7.09152333333333384502e-01
1.06078366666666659701e-01	5.22998333333333342843e-01	-6.94639333333333386378e-01
8.52083666666666600387e-02	4.78226999999999957680e-01	-7.55725333333333360031e-01
-2.71973000000000041110e-02	4.43767666666666726893e-01	-7.53978666666666685892e-01
-3.26052000000000008484e-02	3.79027999999999976044e-01	-8.03493666666666661591e-01
-1.27905866666666673259e-01	3.16522999999999998799e-01	-7.75738333333333307529e-01
-1.20392533333333329182e-01	2.39213333333333361130e-01	-8.22058333333333224324e-01
-2.04490666666666681683e-01	1.60572666666666669100e-01	-7.81629333333333398137e-01
-1.82165666666666670181e-01	7.87334933333333347738e-02	-8.22390666666666603213e-01
-2.46247999999999994669e-01	-9.95670666666667071587e-03	-7.67891999999999907978e-01
-1.99350999999999972667e-01	-8.87930399999999897531e-02	-8.06912666666666722470e-01
-2.44625666666666657934e-01	-1.78618199999999976990e-01	-7.55825666666666617921e-01
-1.79276666666666667505e-01	-2.53915000000000001812e-01	-7.87698333333333278183e-01
-2.15096000000000037167e-01	-3.45598333333333396222e-01	-7.43176666666666707606e-01
-1.35413866666666660166e-01	-4.12121333333333339510e-01	-7.71368333333333211499e-01
-1.50436533333333316564e-01	-4.99246333333333403015e-01	-7.25496666666666789602e-01
-5.22311666666666687964e-02	-5.55706000000000033268e-01	-7.49994666666666698340e-01
-5.25432333333333348446e-02	-6.37827333333333301724e-01	-7.09983666666666679568e-01
5.47600999999999990542e-02	-6.79954333333333327261e-01	-7.34138333333333448216e-01
7.12639666666666643513e-02	-7.47175666666666682403e-01	-6.84042333333333307799e-01
1.84676233333333300601e-01	-7.73400666666666736226e-01	-7.04289666666666591688e-01
2.10990566666666629070e-01	-8.28301666666666602801e-01	-6.52446333333333350346e-01
3.24195999999999984187e-01	-8.42884999999999884324e-01	-6.75394999999999967599e-01
3.55151333333333374398e-01	-8.96670333333333235970e-01	-6.32029666666666600783e-01
4.65670999999999946084e-01	-9.05044666666666608457e-01	-6.63616333333333252575e-01
5.00433333333333285609e-01	-9.50768000000000057526e-01	-6.22186000000000016819e-01
6.00083666666666570855e-01	-9.64370666666666598310e-01	-6.08133000000000034646e-01
6.59236666666666693004e-01	-9.34573666666666635905e-01	-6.34439666666666624018e-01
7.43967333333333313838e-01	-9.62343666666666597287e-01	-5.82297333333333333449e-01
7.99390999999999962711e-01	-9.29744666666666663701e-01	-6.11700999999999939227e-01
8.84252666666666686801e-01	-9.57739666666666544792e-01	-5.72780999999999984595e-01
9.38337999999999894385e-01	-9.29536000000000028898e-01	-6.11959666666666568524e-01
1.02317533333333332557e+00	-9.48656666666666592569e-01	-5.76918000000000041894e-01
1.07461466666666671799e+00	-9.11793666666666724474e-01	-6.16211333333333333151e-01
1.15760333333333331751e+00	-9.13369666666666635280e-01	-5.76926999999999967628e-01
1.20606999999999997542e+00	-8.68200666666666620586e-01	-6.16242666666666605302e-01
1.29018999999999994799e+00	-8.65783999999999998032e-01	-5.82947999999999910692e-01
1.33804999999999996163e+00	-8.22102999999999917158e-01	-6.31854000000000026738e-01
1.42233333333333344939e+00	-8.12892999999999976701e-01	-6.02096999999999993314e-01
1.46567666666666673869e+00	-7.57695666666666767242e-01	-6.51359333333333290206e-01
1.55090333333333330046e+00	-7.40607666666666664135e-01	-6.24205000000000009841e-01
1.59121000000000001329e+00	-6.81277666666666559259e-01	-6.82365333333333268229e-01
1.67572000000000009834e+00	-6.55695666666666676647e-01	-6.57287666666666603454e-01
1.70324000000000008725e+00	-5.78488666666666651039e-01	-7.07822666666666600044e-01
1.78200333333333316155e+00	-5.36401666666666776528e-01	-6.75213333333333332043e-01
1.79634999999999966924e+00	-4.46631000000000000227e-01	-7.22898333333333309447e-01
1.87906666666666666288e+00	-4.04443999999999970196e-01	-7.03513666666666703797e-01
1.87768666666666672604e+00	-3.10010666666666656610e-01	-7.52585666666666708302e-01
1.95264666666666641959e+00	-2.57308333333333305593e-01	-7.29430333333333291712e-01
1.92728666666666659246e+00	-1.53303099999999997705e-01	-7.73566333333333466804e-01
1.99724999999999996980e+00	-9.43644333333333307223e-02	-7.56875666666666724325e-01
2.01108666666666691114e+00	1.95529000000000015291e-02	-7.80369333333333359271e-01
1.94991666666666674246e+00	6.62415666666666680396e-02	-8.14344000000000067807e-01
1.82038000000000010914e+00	1.51271066666666648137e-01	-8.83028333333333304012e-01
1.75187000000000003830e+00	1.90807399999999988127e-01	-9.14364999999999983338e-01
1.76690666666666662543e+00	3.04423666666666647984e-01	-8.98749666666666668924e-01
1.68151000000000006018e+00	3.34876999999999924729e-01	-9.09966333333333321498e-01
1.67325000000000012612e+00	4.36623333333333363271e-01	-8.80520999999999998131e-01
1.58255000000000012328e+00	4.59673333333333322681e-01	-9.01143666666666676157e-01
1.56126666666666658045e+00	5.53343333333333298185e-01	-8.79091000000000177828e-01
1.46577999999999986080e+00	5.67161000000000026233e-01	-9.00356333333333314073e-01
1.43120333333333338288e+00	6.42238666666666624394e-01	-8.61837999999999992973e-01
1.33123333333333349060e+00	6.39184333333333243310e-01	-8.72997666666666671809e-01
1.29126666666666678474e+00	6.95593999999999934580e-01	-8.29106999999999927375e-01
1.19135000000000013110e+00	6.84957000000000149065e-01	-8.47977333333333249676e-01
1.14966999999999996973e+00	7.31140333333333392041e-01	-8.07735666666666740632e-01
1.05605266666666675057e+00	7.46281000000000083183e-01	-7.99772666666666687263e-01
1.00455266666666687136e+00	7.15542333333333391288e-01	-8.26131333333333439661e-01
9.17612333333333363150e-01	7.46959666666666688428e-01	-7.78999000000000108024e-01
8.66436666666666632786e-01	7.07518333333333360180e-01	-8.03707999999999977980e-01
7.80816666666666825414e-01	7.33853333333333357480e-01	-7.69705999999999890271e-01
7.28932666666666673194e-01	6.97598333333333431305e-01	-8.08997666666666614965e-01
6.45229666666666701325e-01	7.16241999999999934268e-01	-7.80761000000000038312e-01
5.94883333333333319537e-01	6.68803666666666685181e-01	-8.17876666666666696237e-01
5.13891333333333366618e-01	6.74306333333333340896e-01	-7.86305333333333300594e-01
4.67883999999999966590e-01	6.12366000000000076930e-01	-8.17684999999999995168e-01
3.92093999999999998085e-01	6.04161999999999976829e-01	-7.80772999999999939291e-01
3.51215666666666648243e-01	5.26119999999999921059e-01	-8.05397999999999947285e-01
2.75482000000000004647e-01	5.13223666666666633596e-01	-7.75712999999999985867e-01
2.35919000000000017581e-01	4.31989333333333336284e-01	-8.18361333333333273998e-01
1.56255000000000005000e-01	4.26787666666666620774e-01	-8.12886666666666646286e-01
8.00381333333333305768e-02	3.62084666666666665780e-01	-8.44743333333333290547e-01
8.91859666666666717205e-02	2.99377999999999977465e-01	-8.83516666666666616869e-01
-1.59440333333333329746e-02	2.39011666666666705572e-01	-8.88586999999999904709e-01
6.38923333333333426376e-03	1.68122966666666678881e-01	-9.22168333333333367641e-01
-7.57342666666666608499e-02	8.64854600000000001137e-02	-8.96401000000000003354e-01
-2.99691666666666682584e-02	9.35676000000000042400e-03	-9.06279333333333325662e-01
-8.95035666666666590574e-02	-7.72315400000000013003e-02	-8.71289666666666628991e-01
-2.85929666666666637553e-02	-1.48073700000000002541e-01	-8.82179999999999964189e-01
-7.30913999999999869361e-02	-2.34932000000000001938e-01	-8.49675666666666606908e-01
3.23379999999999978230e-03	-3.01622666666666650048e-01	-8.55462333333333213581e-01
-2.32693333333333328417e-02	-3.87128666666666676477e-01	-8.21676666666666721817e-01
6.80749999999999966249e-02	-4.46494666666666706334e-01	-8.33709333333333524330e-01
5.41358333333333274773e-02	-5.27947000000000055131e-01	-8.07899000000000033772e-01
1.56770033333333308478e-01	-5.77571000000000056573e-01	-8.26802666666666574713e-01
1.57706366666666680798e-01	-6.47457000000000060247e-01	-7.93053000000000007930e-01
2.41098666666666655578e-01	-7.10097333333333247118e-01	-7.74748999999999909960e-01
3.15695000000000003393e-01	-7.08164666666666775541e-01	-7.96952333333333373666e-01
3.72478000000000031289e-01	-7.86051333333333324127e-01	-7.49441666666666672647e-01
4.47840000000000015845e-01	-7.78476333333333325726e-01	-7.74677666666666708828e-01
5.10077666666666651452e-01	-8.43684333333333369431e-01	-7.32217666666666655573e-01
5.85675000000000056666e-01	-8.27177333333333320020e-01	-7.57082333333333301617e-01
6.50545333333333308801e-01	-8.69843000000000032834e-01	-7.07879333333333193856e-01
7.25863666666666684790e-01	-8.40677333333333276499e-01	-7.29670333333333309689e-01
7.89978666666666717866e-01	-8.72809000000000057007e-01	-6.85634333333333234606e-01
8.64215999999999984205e-01	-8.42293666666666607235e-01	-7.17378666666666497953e-01
9.27713666666666658678e-01	-8.71025666666666698035e-01	-6.82624000000000008548e-01
1.00179433333333345324e+00	-8.35674666666666676740e-01	-7.22540333333333339993e-01
1.06385799999999997034e+00	-8.57321999999999917463e-01	-6.91169333333333302249e-01
1.13505666666666660269e+00	-8.03777000000000074742e-01	-7.26243666666666620735e-01
1.19428000000000023029e+00	-8.13079666666666533992e-01	-6.90601333333333400333e-01
1.28054000000000023363e+00	-7.79638333333333322095e-01	-6.98705999999999938233e-01
1.30649000000000015120e+00	-7.32605000000000061711e-01	-7.38842666666666647579e-01
1.40734333333333339056e+00	-7.19872333333333336292e-01	-7.21252999999999921954e-01
1.42832999999999987750e+00	-6.60294333333333316460e-01	-7.58471333333333386229e-01
1.52697000000000016051e+00	-6.38787666666666642534e-01	-7.46738000000000012868e-01
1.54040999999999983494e+00	-5.67377000000000020208e-01	-7.81061333333333274176e-01
1.63217000000000012072e+00	-5.32660000000000022347e-01	-7.67223666666666637148e-01
1.63487000000000004540e+00	-4.50048000000000003595e-01	-8.00009000000000081165e-01
1.72028666666666651963e+00	-4.06106000000000022521e-01	-7.88292999999999910443e-01
1.71450666666666684534e+00	-3.21221999999999952013e-01	-8.34456666666666624366e-01
1.78918999999999983608e+00	-2.67313666666666671645e-01	-8.18134000000000027875e-01
1.76455000000000006288e+00	-1.75806299999999970929e-01	-8.61563666666666727600e-01
1.82768666666666668164e+00	-1.14498066666666675761e-01	-8.40151333333333361075e-01
1.83647999999999989029e+00	-8.87073333333333359507e-03	-8.57435333333333438155e-01
1.77956666666666651899e+00	3.39337666666666634696e-02	-8.89347666666666647473e-01
1.65484000000000008868e+00	1.15534833333333322725e-01	-9.38026333333333295350e-01
1.58675666666666681515e+00	1.53276099999999998458e-01	-9.55096999999999973774e-01
1.59838999999999997748e+00	2.59002000000000009994e-01	-9.42652333333333314336e-01
1.51787000000000005251e+00	2.87994000000000027750e-01	-9.51736000000000026411e-01
1.51029000000000013237e+00	3.86919000000000012918e-01	-9.39672666666666600577e-01
1.42215666666666673557e+00	4.05386666666666728442e-01	-9.50324999999999975309e-01
1.39893000000000000682e+00	4.91958666666666655232e-01	-9.33061333333333298157e-01
1.30284333333333335325e+00	4.94166999999999967397e-01	-9.31795333333333419823e-01
1.26972333333333331495e+00	5.66315000000000012825e-01	-9.10250000000000003553e-01
1.17166666666666663410e+00	5.55862666666666727089e-01	-9.15522999999999975707e-01
1.13326000000000015611e+00	6.18094999999999950013e-01	-8.97140999999999966263e-01
1.04007999999999989349e+00	6.33539666666666723138e-01	-8.83257999999999987573e-01
9.88284999999999969056e-01	5.93382666666666724886e-01	-8.92800666666666686844e-01
9.01581999999999994522e-01	6.35943999999999953765e-01	-8.60383000000000008889e-01
8.50461666666666560310e-01	5.95597333333333311955e-01	-8.83487000000000022304e-01
7.63432333333333268399e-01	6.30916666666666681174e-01	-8.66103666666666716090e-01
7.12359999999999993214e-01	5.88838333333333352471e-01	-9.04101333333333312403e-01
6.27514000000000016222e-01	6.08081666666666742493e-01	-8.84110999999999980226e-01
5.82058666666666724154e-01	5.43747333333333360272e-01	-9.03077999999999936342e-01
5.03420666666666627442e-01	5.42529000000000038995e-01	-8.68223333333333346928e-01
4.64733333333333276105e-01	4.64492000000000071491e-01	-8.82562999999999875378e-01
3.88318333333333320923e-01	4.56286999999999942634e-01	-8.56649666666666642634e-01
3.53051999999999976954e-01	3.73903666666666689711e-01	-8.91428666666666646989e-01
2.76386333333333344964e-01	3.62502333333333315313e-01	-8.82825333333333350794e-01
2.05870166666666659649e-01	2.94594000000000022510e-01	-9.16123999999999938382e-01
2.15823833333333325868e-01	2.38186666666666657655e-01	-9.61264333333333276244e-01
1.21472900000000008647e-01	1.72081966666666669186e-01	-9.62238333333333417663e-01
1.51171066666666659151e-01	1.00645900000000010355e-01	-9.77736999999999967237e-01
8.18524999999999947065e-02	1.95582000000000012785e-02	-9.47545333333333350545e-01
1.27705099999999988070e-01	-5.39627666666666616635e-02	-9.60232666666666734301e-01
7.67940333333333308152e-02	-1.35006366666666655085e-01	-9.29857000000000044615e-01
1.39359933333333324557e-01	-2.04018000000000004901e-01	-9.39623333333333365935e-01
1.10298133333333339690e-01	-2.83776000000000028223e-01	-8.97733000000000003205e-01
1.89412533333333327201e-01	-3.47310999999999980847e-01	-9.09402000000000043656e-01
1.73692533333333343215e-01	-4.24523666666666688041e-01	-8.79163999999999945523e-01
2.67288999999999998813e-01	-4.75102333333333348708e-01	-8.90867666666666724318e-01
2.64305666666666660980e-01	-5.46697333333333368444e-01	-8.64316666666666733043e-01
3.39838333333333297848e-01	-6.14650666666666678495e-01	-8.52770333333333296899e-01
4.12161333333333379514e-01	-6.12376333333333300324e-01	-8.69556333333333264513e-01
4.63380000000000069615e-01	-6.98315333333333398969e-01	-8.38974333333333266438e-01
5.37335999999999924803e-01	-6.91891666666666682595e-01	-8.64954000000000000625e-01
5.97393333333333331758e-01	-7.55545666666666559941e-01	-8.25521999999999978037e-01
6.72853333333333303301e-01	-7.34177999999999997272e-01	-8.44913333333333405051e-01
7.36453333333333293176e-01	-7.76644000000000001016e-01	-7.98264666666666733441e-01
8.11538666666666741456e-01	-7.47184666666666608137e-01	-8.23680333333333347667e-01
8.75186333333333288387e-01	-7.80702666666666655892e-01	-7.86830333333333187262e-01
9.49149333333333289353e-01	-7.41321000000000118746e-01	-8.17640666666666682261e-01
1.01225966666666677973e+00	-7.67561000000000048793e-01	-7.88105333333333324397e-01
1.08315333333333319032e+00	-7.12787333333333328333e-01	-8.18518666666666505627e-01
1.14388666666666671823e+00	-7.27356000000000002537e-01	-7.88028000000000061753e-01
1.22906000000000026340e+00	-6.89625333333333312424e-01	-7.92522333333333328653e-01
1.25338333333333329378e+00	-6.40205000000000024052e-01	-8.32540666666666595574e-01
1.35179999999999989058e+00	-6.23606666666666753507e-01	-8.16079333333333267753e-01
1.36900333333333357189e+00	-5.60438333333333260633e-01	-8.49950666666666632132e-01
1.45897333333333345529e+00	-5.25715333333333423305e-01	-8.26666000000000011916e-01
1.46783333333333332327e+00	-4.53989999999999949143e-01	-8.63614666666666752626e-01
1.55196999999999984965e+00	-4.13039666666666693828e-01	-8.50795333333333236858e-01
1.54960333333333344363e+00	-3.34557666666666697619e-01	-8.94221666666666692436e-01
1.62672333333333352101e+00	-2.86681999999999992390e-01	-8.89599000000000028621e-01
1.60466999999999981874e+00	-1.98589333333333312170e-01	-9.25326999999999899593e-01
1.66781333333333336988e+00	-1.41621966666666654344e-01	-9.13614333333333306086e-01
1.67403666666666661733e+00	-3.75092333333333360912e-02	-9.24114333333333370923e-01
1.61782000000000003581e+00	4.55549999999999965378e-03	-9.41456333333333339475e-01
1.49697333333333326699e+00	8.27475333333333312735e-02	-9.68984666666666605295e-01
1.43302999999999980396e+00	1.18328766666666654328e-01	-9.85470999999999985874e-01
1.44229333333333342715e+00	2.17849333333333339269e-01	-9.80667000000000066429e-01
1.36491000000000006764e+00	2.43572666666666659552e-01	-9.85984666666666620394e-01
1.35235333333333329620e+00	3.32185000000000008047e-01	-9.67706000000000066130e-01
1.26543333333333340995e+00	3.43436333333333398965e-01	-9.66682666666666690070e-01
1.23914999999999997371e+00	4.18846333333333376014e-01	-9.48035666666666720914e-01
1.14638333333333353181e+00	4.13854333333333324063e-01	-9.46004666666666604868e-01
1.11202000000000000846e+00	4.78722666666666629709e-01	-9.35037333333333275931e-01
1.02181833333333327296e+00	5.00797999999999965404e-01	-9.26197999999999965759e-01
9.70767666666666695363e-01	4.61955333333333328927e-01	-9.29717666666666775477e-01
8.86114000000000068269e-01	5.14193333333333391089e-01	-9.19424333333333287932e-01
8.36098333333333276762e-01	4.69731000000000065153e-01	-9.33207000000000008733e-01
7.49373666666666604641e-01	5.09056666666666601806e-01	-9.35267333333333339418e-01
7.02668333333333339219e-01	4.52369999999999994333e-01	-9.50362333333333197949e-01
6.20199333333333324703e-01	4.67817333333333362777e-01	-9.38163333333333349096e-01
5.81284333333333402827e-01	3.91881333333333359281e-01	-9.41142000000000034099e-01
5.04456333333333284408e-01	3.89774333333333278251e-01	-9.20396333333333260818e-01
4.72284666666666630430e-01	3.07970333333333290415e-01	-9.43240999999999996106e-01
3.97295333333333333670e-01	3.00304666666666664199e-01	-9.40186666666666615022e-01
3.30583333333333395654e-01	2.32496000000000008212e-01	-9.76723666666666656688e-01
3.47430666666666665421e-01	1.69939666666666683303e-01	-9.94354999999999988880e-01
2.62369333333333287772e-01	1.04194266666666660037e-01	-9.94394333333333491076e-01
2.98404000000000002579e-01	3.38044666666666715482e-02	-9.87307000000000045681e-01
2.33058333333333367321e-01	-4.32648666666666584235e-02	-9.83337000000000016620e-01
2.83181000000000016037e-01	-1.10876466666666659289e-01	-9.87528666666666610219e-01
2.40393666666666699916e-01	-1.90586000000000005405e-01	-9.74190666666666760243e-01
3.11336000000000001631e-01	-2.50987333333333340057e-01	-9.66010333333333304218e-01
2.89416666666666710928e-01	-3.27954333333333292178e-01	-9.43111999999999839339e-01
3.76106666666666644705e-01	-3.76452333333333388765e-01	-9.40358333333333296089e-01
3.69699000000000055355e-01	-4.46387666666666682591e-01	-9.18352000000000057156e-01
4.39038666666666743676e-01	-5.15708333333333324155e-01	-9.08586999999999922473e-01
5.07753999999999927617e-01	-5.13994333333333330849e-01	-9.23422333333333344996e-01
5.54832666666666640687e-01	-6.04238666666666701666e-01	-9.10371333333333421223e-01
6.27650333333333310115e-01	-5.89695666666666618028e-01	-9.21839999999999992752e-01
6.85613666666666676797e-01	-6.55981000000000036287e-01	-8.95813999999999999169e-01
7.60056666666666713716e-01	-6.26164333333333322784e-01	-9.05654333333333227962e-01
8.22381666666666677479e-01	-6.74902000000000001911e-01	-8.80169333333333359093e-01
8.95477333333333347376e-01	-6.33058666666666658429e-01	-8.96744666666666634391e-01
9.58597333333333190275e-01	-6.65959666666666616486e-01	-8.71065999999999895920e-01
1.02824433333333331575e+00	-6.08399999999999940847e-01	-8.90951999999999966207e-01
1.08968999999999982542e+00	-6.28987666666666611626e-01	-8.67939999999999933777e-01
1.17474666666666682779e+00	-5.94135999999999997456e-01	-8.77467666666666645803e-01
1.19567333333333336576e+00	-5.39418666666666712928e-01	-9.09978666666666602403e-01
1.29151333333333329101e+00	-5.22319333333333246649e-01	-8.98923000000000027576e-01
1.30334333333333329819e+00	-4.53697999999999990184e-01	-9.26894666666666644517e-01
1.38969333333333344704e+00	-4.20091666666666696539e-01	-9.14871000000000100805e-01
1.39017999999999997129e+00	-3.44421000000000032681e-01	-9.48718999999999978989e-01
1.46595333333333321946e+00	-2.99837333333333344587e-01	-9.40888999999999975365e-01
1.44673333333333320461e+00	-2.14252333333333294663e-01	-9.63874000000000008548e-01
1.50832999999999994856e+00	-1.60879999999999995230e-01	-9.52934666666666707613e-01
1.51525666666666669613e+00	-6.18479000000000042614e-02	-9.58563999999999971635e-01
1.46249333333333342289e+00	-2.13971333333333318949e-02	-9.69021666666666781076e-01
1.35079333333333306832e+00	5.21298999999999998489e-02	-1.00031100000000017225e+00
1.28863333333333329733e+00	8.69337999999999916367e-02	-1.01833666666666666778e+00
1.29348666666666667346e+00	1.78855999999999987216e-01	-1.00881433333333325741e+00
1.21402333333333323218e+00	2.03171999999999991493e-01	-1.01362433333333323837e+00
1.19852666666666674011e+00	2.79139999999999999236e-01	-9.89771333333333225291e-01
1.12074000000000029154e+00	3.24682666666666674971e-01	-9.74757333333333253478e-01
1.06488999999999989221e+00	3.04539000000000059654e-01	-9.90133666666666578671e-01
9.95035999999999920540e-01	3.72077999999999964320e-01	-9.63442999999999938332e-01
9.35994666666666752519e-01	3.41382999999999992013e-01	-9.83569333333333406522e-01
8.61710666666666624813e-01	3.86798000000000030685e-01	-9.63626666666666742422e-01
8.02785999999999888566e-01	3.38769000000000042316e-01	-9.79994333333333300651e-01
7.30468333333333386115e-01	3.65015333333333302779e-01	-9.64669666666666647536e-01
6.49548666666666663083e-01	3.29159333333333359306e-01	-9.66827333333333371890e-01
6.38380333333333438439e-01	2.72551333333333312137e-01	-9.79859333333333304417e-01
5.37944333333333357672e-01	2.53469333333333324276e-01	-9.77018666666666590892e-01
5.33892333333333302114e-01	1.87595999999999984986e-01	-9.99450333333333329477e-01
4.48643999999999987249e-01	1.50054999999999993943e-01	-9.99661666666666559600e-01
4.62237666666666713322e-01	7.11283333333333350756e-02	-1.00796866666666673495e+00
3.97059000000000050790e-01	2.06231999999999977835e-02	-9.95574666666666607817e-01
3.86541333333333347877e-01	-7.30124666666666644055e-02	-9.93716666666666692542e-01
4.34545999999999932317e-01	-1.12507333333333334191e-01	-1.00345066666666671296e+00
4.02127999999999985459e-01	-2.10772666666666635971e-01	-9.89082333333333285630e-01
4.66762999999999983469e-01	-2.44886999999999993571e-01	-9.85176999999999858382e-01
4.62660999999999988930e-01	-3.33599666666666683223e-01	-9.59351333333333333719e-01
5.41367666666666691455e-01	-3.58632333333333275238e-01	-9.64665999999999912440e-01
5.55154666666666685160e-01	-4.36574333333333342022e-01	-9.51107999999999953467e-01
6.32061000000000094978e-01	-4.87590666666666672224e-01	-9.48686333333333298157e-01
6.88657333333333454561e-01	-4.65170000000000027907e-01	-9.54958666666666622369e-01
7.58689666666666595596e-01	-5.37458333333333260207e-01	-9.37952666666666545758e-01
8.18027999999999977376e-01	-5.02853666666666643259e-01	-9.47535666666666664959e-01
8.92490666666666654372e-01	-5.49716333333333362354e-01	-9.31812666666666622461e-01
9.50544000000000166573e-01	-4.94027666666666698259e-01	-9.32288999999999923318e-01
1.02317766666666654096e+00	-5.19810333333333374206e-01	-9.17107000000000005535e-01
1.10555000000000003268e+00	-4.85680666666666649434e-01	-9.26606000000000040728e-01
1.11660333333333361416e+00	-4.30417666666666642872e-01	-9.45597333333333289751e-01
1.21855666666666651032e+00	-4.15534333333333283367e-01	-9.56941666666666690411e-01
1.22023666666666663616e+00	-3.46943000000000001393e-01	-9.71408999999999966946e-01
1.30550999999999994827e+00	-3.09435999999999988841e-01	-9.75210000000000021281e-01
1.29117999999999999439e+00	-2.30242333333333326628e-01	-9.88252333333333399246e-01
1.35663000000000000256e+00	-1.79642333333333320544e-01	-9.84746333333333390136e-01
1.36546333333333325122e+00	-8.58192333333333418066e-02	-9.84264666666666676598e-01
1.31770666666666680378e+00	-4.78734333333333331173e-02	-9.99067666666666798214e-01
1.21080333333333345358e+00	2.50024666666666672832e-02	-1.02271000000000023000e+00
1.14644666666666661392e+00	5.83539333333333298803e-02	-1.03493333333333348278e+00
1.14481333333333323843e+00	1.44601266666666644634e-01	-1.03537000000000012356e+00
1.07346666666666679113e+00	2.00425599999999981549e-01	-1.02689333333333343568e+00
1.01848733333333352213e+00	1.81008599999999991725e-01	-1.03398666666666660952e+00
9.50869333333333344171e-01	2.54427000000000014257e-01	-1.01735333333333333172e+00
8.91067000000000053461e-01	2.17651333333333335540e-01	-1.02879000000000009329e+00
8.17267666666666614539e-01	2.56578333333333352684e-01	-1.01137366666666661530e+00
7.33781666666666776422e-01	2.26216666666666649244e-01	-1.00908100000000011676e+00
7.21811333333333471352e-01	1.71702333333333317933e-01	-1.02214733333333351872e+00
6.22358000000000077812e-01	1.52163666666666669292e-01	-1.01535733333333322292e+00
6.23966666666666669450e-01	8.19789133333333336351e-02	-1.02156000000000002359e+00
5.49094666666666730848e-01	3.84845799999999974017e-02	-1.01395999999999997243e+00
5.31920666666666708267e-01	-5.15154199999999992676e-02	-1.01130000000000008775e+00
5.76139999999999985469e-01	-9.01220866666666564626e-02	-1.01774666666666657733e+00
5.43400333333333374064e-01	-1.85228333333333328170e-01	-1.00599199999999999733e+00
6.08592999999999939575e-01	-2.16996333333333318860e-01	-9.98968666666666726961e-01
6.10662333333333307017e-01	-3.01687666666666631787e-01	-9.83468333333333277757e-01
6.81045666666666549283e-01	-3.57208999999999943231e-01	-9.76182666666666754018e-01
7.36049000000000064325e-01	-3.37596999999999980435e-01	-9.79760666666666613089e-01
8.02998999999999907295e-01	-4.10953333333333337141e-01	-9.68119666666666600641e-01
8.62256666666666671262e-01	-3.73088666666666679550e-01	-9.73348333333333370909e-01
9.35338999999999920476e-01	-4.09300333333333321573e-01	-9.53240666666666736084e-01
9.90832666666666583843e-01	-3.46283666666666656297e-01	-9.64394333333333353409e-01
1.05982000000000020634e+00	-3.62172333333333318350e-01	-9.62554333333333289602e-01
1.13044666666666659971e+00	-3.10482333333333304637e-01	-9.81113999999999930601e-01
1.12867333333333341727e+00	-2.40932333333333331682e-01	-9.93705666666666709297e-01
1.20413333333333327779e+00	-1.98199333333333366225e-01	-9.97043000000000012584e-01
1.22182666666666683852e+00	-1.09653533333333330635e-01	-1.00834000000000001407e+00
1.17708333333333325932e+00	-7.15815333333333359001e-02	-1.01395666666666683930e+00
1.07368666666666667808e+00	-1.51906666666666578802e-03	-1.03688666666666673422e+00
1.01707400000000003359e+00	6.53112666666666730197e-02	-1.04441666666666677088e+00
9.64459000000000066244e-01	4.88686000000000050902e-02	-1.03439666666666663097e+00
9.06070000000000042029e-01	1.27790266666666679773e-01	-1.03540333333333323118e+00
8.20300333333333298036e-01	1.12202933333333323973e-01	-1.03105333333333337720e+00
8.07749333333333319196e-01	5.89741333333333242472e-02	-1.02722333333333337713e+00
7.10869000000000084150e-01	4.82887800000000033673e-02	-1.02452000000000009727e+00
6.80216333333333422750e-01	-3.38122200000000039388e-02	-1.02336666666666675773e+00
7.19275999999999915424e-01	-7.13918000000000052552e-02	-1.02917666666666662856e+00
6.80392333333333265699e-01	-1.59469666666666648469e-01	-1.01653333333333351085e+00
7.37464999999999926139e-01	-2.24548999999999998600e-01	-1.00461099999999992072e+00
7.89438666666666732930e-01	-2.09118666666666674914e-01	-1.00668399999999991223e+00
8.47280333333333302015e-01	-2.84301999999999999158e-01	-9.87062333333333374874e-01
9.32526000000000077073e-01	-2.69169666666666640431e-01	-9.88003999999999993342e-01
9.45467999999999975103e-01	-2.18953999999999981974e-01	-1.00032233333333331338e+00
1.04235800000000011778e+00	-2.08710333333333331041e-01	-1.00300933333333319730e+00
1.07307466666666662114e+00	-1.27905333333333343093e-01	-1.01196333333333332583e+00
1.03403466666666665752e+00	-9.11943333333333217006e-02	-1.02266999999999996795e+00
9.34705999999999925798e-01	-3.36866000000000040404e-02	-1.03352666666666670459e+00
8.63766000000000033765e-01	-7.99373333333333428719e-03	-1.03070333333333330472e+00
8.05945333333333291392e-01	-5.62586666666666720960e-02	-1.03381000000000011774e+00
8.19035333333333337436e-01	-1.28906199999999998562e-01	-1.02323966666666676950e+00
8.89819000000000137618e-01	-1.53873866666666664349e-01	-1.01593633333333333013e+00
9.47668999999999983608e-01	-1.06919199999999992023e-01	-1.02932999999999985619e+00
-1.40911999999999992816e+00	1.33992133333333346412e-01	8.60914000000000068091e-01
-1.39617333333333326628e+00	1.02903333333333180111e-03	8.46771666666666700252e-01
-1.37011666666666687142e+00	7.13534333333333270488e-02	8.42963999999999935575e-01
-1.30864666666666673578e+00	2.26164333333333328335e-01	8.18278666666666709695e-01
-1.37632666666666669819e+00	2.17694333333333323033e-01	8.49353333333333293531e-01
-1.41914999999999991154e+00	2.83520333333333318659e-01	8.52825999999999972978e-01
-1.36948333333333316375e+00	-1.40900733333333333386e-01	8.33445666666666640232e-01
-1.34649666666666667503e+00	-6.86867666666666626396e-02	8.33250000000000046185e-01
-1.27882666666666655608e+00	-5.59155666666666661957e-02	8.06509666666666569235e-01
-1.25121999999999999886e+00	2.77994333333333350222e-02	7.85631666666666617083e-01
-1.29283333333333327886e+00	8.53526333333333303566e-02	8.08564333333333329357e-01
-1.26415666666666681728e+00	1.56461333333333341145e-01	7.95439666666666655992e-01
-1.22325333333333330366e+00	2.99381999999999981465e-01	7.35467666666666630704e-01
-1.27912666666666674509e+00	3.06231666666666679788e-01	7.78432000000000012818e-01
-1.31907999999999980822e+00	3.78154000000000045656e-01	7.70976000000000105672e-01
-1.39142333333333323431e+00	3.63912666666666606563e-01	8.14295333333333370973e-01
-1.44130999999999986905e+00	4.15350999999999970225e-01	8.05901666666666627314e-01
-1.32095666666666677891e+00	-2.19747333333333322303e-01	8.05501000000000022538e-01
-1.24155666666666686382e+00	-2.20226000000000005086e-01	7.83850333333333204600e-01
-1.22241333333333312972e+00	-1.28608199999999978091e-01	7.85054666666666567387e-01
-1.16355666666666657250e+00	-1.05238900000000010215e-01	7.46754666666666566677e-01
-1.14798666666666648872e+00	-1.99321666666666674761e-02	7.14697000000000026709e-01
-1.17923666666666648872e+00	4.04135333333333346406e-02	7.32118999999999964245e-01
-1.15061666666666662096e+00	1.09969733333333333225e-01	6.97016333333333348854e-01
-1.19392333333333344747e+00	1.68464333333333327047e-01	7.37404333333333217304e-01
-1.18254000000000014658e+00	2.31317666666666671427e-01	7.17278999999999999915e-01
-1.15318000000000009386e+00	3.60184333333333384086e-01	6.47333000000000047258e-01
-1.20140333333333337862e+00	3.70537333333333329666e-01	6.85293666666666578813e-01
-1.23595333333333345927e+00	4.42036000000000040000e-01	6.72051000000000064993e-01
-1.29775666666666666949e+00	4.42803000000000057668e-01	7.14768999999999987693e-01
-1.34204333333333347689e+00	5.01443666666666731935e-01	7.04242666666666572439e-01
-1.41325333333333347241e+00	4.88232999999999972562e-01	7.52055999999999946759e-01
-1.46222999999999991871e+00	5.35478666666666658358e-01	7.43475666666666756832e-01
-1.22208999999999989861e+00	-3.68429666666666655317e-01	7.14815666666666627016e-01
-1.18904000000000009685e+00	-2.92910000000000003695e-01	7.43864666666666618511e-01
-1.11928333333333340782e+00	-2.71712333333333333485e-01	7.03026999999999957502e-01
-1.08695000000000008278e+00	-1.88618999999999981121e-01	6.73576999999999981306e-01
-1.10352999999999989988e+00	-1.34389033333333324238e-01	6.90853999999999968118e-01
-1.06402333333333332099e+00	-6.54885433333333294437e-02	6.28184333333333344562e-01
-1.08973000000000008747e+00	-9.23481000000000128158e-03	6.47059000000000050790e-01
-1.06730666666666684783e+00	5.98658899999999979946e-02	6.01439999999999863611e-01
-1.09694333333333338132e+00	1.18724733333333332119e-01	6.33975333333333335162e-01
-1.08365333333333335730e+00	1.83979666666666652475e-01	6.05441000000000006942e-01
-1.12594333333333351810e+00	2.38078000000000011838e-01	6.48356666666666581200e-01
-1.11843333333333316837e+00	2.95789333333333293030e-01	6.28584666666666680435e-01
-1.09465333333333325605e+00	4.14202999999999932346e-01	5.58784000000000058428e-01
-1.13715999999999994863e+00	4.25859999999999960796e-01	5.95617999999999980787e-01
-1.17176333333333348996e+00	4.97908666666666721579e-01	5.80487666666666624060e-01
-1.22233333333333327175e+00	5.03731666666666688670e-01	6.18960000000000065690e-01
-1.26849000000000011745e+00	5.68017666666666642961e-01	6.06358666666666601408e-01
-1.32639666666666666828e+00	5.64962666666666724069e-01	6.48923333333333407502e-01
-1.37514999999999987246e+00	6.29632333333333349401e-01	6.52834333333333405314e-01
-1.43977333333333334942e+00	6.13358999999999987551e-01	6.99573333333333380324e-01
-1.50150000000000005684e+00	6.63961666666666672221e-01	6.99040333333333374632e-01
-1.25690333333333348342e+00	-5.12610333333333278993e-01	6.16078666666666663332e-01
-1.19497666666666657598e+00	-4.41505333333333360724e-01	6.49257666666666621857e-01
-1.13326999999999977753e+00	-4.41983000000000014751e-01	6.11730666666666644815e-01
-1.06375499999999978407e+00	-3.75280333333333382395e-01	6.01831333333333273750e-01
-1.06054833333333320411e+00	-3.11499999999999943601e-01	6.31333666666666570855e-01
-9.92580333333333286738e-01	-2.54147666666666660618e-01	5.77738333333333353714e-01
-1.01003866666666675123e+00	-1.85306999999999999496e-01	5.98499333333333383145e-01
-9.65993666666666528364e-01	-1.25271933333333335137e-01	5.49896999999999969155e-01
-1.00339833333333339205e+00	-5.96834433333333358451e-02	5.62305000000000054783e-01
-9.70912666666666646087e-01	1.70198999999999806172e-03	5.23963999999999985313e-01
-1.00911433333333344642e+00	6.49975899999999939816e-02	5.44224333333333309959e-01
-9.86676666666666757344e-01	1.26445100000000004714e-01	5.15129000000000059067e-01
-1.03157900000000002372e+00	1.86568333333333336022e-01	5.43810333333333284500e-01
-1.02108899999999991337e+00	2.43802999999999991942e-01	5.21551666666666746686e-01
-1.06565333333333334132e+00	2.98925666666666645099e-01	5.63410333333333346317e-01
-1.05789333333333335219e+00	3.51663666666666652194e-01	5.45324666666666679760e-01
-1.04668333333333340995e+00	4.59707333333333412195e-01	4.66078999999999965542e-01
-1.08410666666666677393e+00	4.74624333333333314755e-01	5.02997999999999945153e-01
-1.12456666666666671439e+00	5.40018333333333377944e-01	4.79437333333333326468e-01
-1.16971666666666673784e+00	5.51645666666666589784e-01	5.20093000000000027505e-01
-1.21527000000000007240e+00	6.14580666666666664000e-01	5.02205333333333392432e-01
-1.26347333333333322614e+00	6.25129666666666694574e-01	5.49998666666666635727e-01
-1.31306000000000011596e+00	6.87585999999999919474e-01	5.39609000000000005315e-01
-1.36682999999999998941e+00	6.95143666666666604215e-01	5.99879999999999968807e-01
-1.42306333333333334679e+00	7.54658000000000050989e-01	5.95114999999999949587e-01
-1.49310999999999993726e+00	7.39749333333333258800e-01	6.47536333333333380402e-01
-1.56274666666666672832e+00	7.85104333333333292977e-01	6.34885666666666681479e-01
-1.26166333333333313682e+00	-5.88156000000000012129e-01	5.44624333333333265905e-01
-1.19902333333333355192e+00	-5.90023000000000075183e-01	4.92390999999999967596e-01
-1.13255666666666665598e+00	-5.14955000000000051585e-01	5.26318333333333332469e-01
-1.07189333333333336462e+00	-5.07493333333333240809e-01	4.78564666666666582717e-01
-9.91383999999999931951e-01	-4.49726666666666663463e-01	4.82577333333333358123e-01
-9.82532333333333340875e-01	-3.90485666666666675351e-01	5.20431666666666625787e-01
-8.95388666666666721561e-01	-3.41558333333333352666e-01	4.98431666666666606247e-01
-9.08643333333333358404e-01	-2.69000666666666665705e-01	5.26235999999999926047e-01
-8.45381000000000049077e-01	-2.04434000000000004604e-01	5.04591333333333391664e-01
-8.85272999999999865572e-01	-1.29545933333333335158e-01	5.07491333333333294320e-01
-8.42584333333333268534e-01	-5.96281333333333329882e-02	4.84812999999999993950e-01
-8.90819333333333296387e-01	6.03129999999999898835e-03	4.88877666666666599316e-01
-8.62462333333333219798e-01	7.04692333333333392753e-02	4.59931333333333303148e-01
-9.20117999999999991445e-01	1.27587433333333333252e-01	4.65922333333333327232e-01
-9.15834999999999954667e-01	1.83269333333333367397e-01	4.33974333333333295304e-01
-9.71903666666666610219e-01	2.39361666666666694780e-01	4.60922333333333267280e-01
-9.75450333333333419183e-01	2.91580333333333385770e-01	4.32960666666666715852e-01
-1.01687566666666673321e+00	3.48759666666666745538e-01	4.75504333333333306655e-01
-1.01621233333333349513e+00	3.96382000000000012108e-01	4.52044666666666650201e-01
-1.01458866666666658318e+00	4.92487333333333332508e-01	3.65286999999999972832e-01
-1.04720000000000013074e+00	5.10438999999999976076e-01	4.03442000000000022819e-01
-1.08904666666666671837e+00	5.70849666666666699655e-01	3.76526333333333351749e-01
-1.12898999999999993804e+00	5.85512000000000032429e-01	4.15602666666666731299e-01
-1.17941333333333342459e+00	6.39668666666666663190e-01	3.89795000000000058105e-01
-1.22054333333333331346e+00	6.57109999999999971898e-01	4.35742000000000018201e-01
-1.26807000000000003048e+00	7.16013666666666659388e-01	4.18704999999999938343e-01
-1.31238333333333323516e+00	7.35940666666666687412e-01	4.74778666666666682161e-01
-1.36221000000000014296e+00	7.98035666666666698710e-01	4.63384666666666611423e-01
-1.41912000000000015909e+00	8.09195333333333266523e-01	5.23449999999999970868e-01
-1.47746666666666670586e+00	8.70880333333333367385e-01	5.14751000000000069612e-01
-1.55104666666666690666e+00	8.61697999999999963983e-01	5.73765333333333349408e-01
-1.62221333333333350701e+00	9.09921666666666628664e-01	5.59089999999999975877e-01
-1.28163333333333340214e+00	-7.02079666666666657449e-01	3.62327999999999983416e-01
-1.20735333333333350048e+00	-6.43486666666666651260e-01	4.01674000000000031019e-01
-1.14226000000000005308e+00	-6.33076333333333352016e-01	3.45878333333333287669e-01
-1.07326666666666681316e+00	-5.72150999999999965162e-01	3.88841666666666696539e-01
-1.01118400000000008276e+00	-5.68318999999999907580e-01	3.44598999999999933141e-01
-9.19279000000000068304e-01	-5.31503333333333327637e-01	3.70525333333333317665e-01
-9.00852333333333366028e-01	-4.77568666666666696852e-01	4.18780666666666634423e-01
-8.57215666666666709084e-01	1.87446000000000001506e-01	3.80258333333333364834e-01
-8.74715666666666558093e-01	2.36604666666666657582e-01	3.40653666666666687934e-01
-9.36881666666666723664e-01	2.84646666666666658951e-01	3.66408000000000011465e-01
-9.39175666666666741911e-01	3.36781000000000052541e-01	3.38249666666666726211e-01
-9.77081000000000088335e-01	3.91337000000000045929e-01	3.81342666666666663122e-01
-9.74940666666666566620e-01	4.36710666666666691427e-01	3.57221999999999983988e-01
-9.94363666666666645710e-01	5.18225999999999964452e-01	2.63817999999999996952e-01
-1.02265200000000011649e+00	5.37189999999999945324e-01	3.00761000000000000565e-01
-1.06837666666666675219e+00	5.94990666666666778717e-01	2.73111666666666697001e-01
-1.10215999999999980652e+00	6.10698666666666611924e-01	3.10721999999999998199e-01
-1.14680999999999988503e+00	6.71597666666666648361e-01	2.88289666666666721806e-01
-1.18411999999999983935e+00	6.85905333333333366852e-01	3.28286333333333402162e-01
-1.22832666666666678879e+00	7.52758000000000038199e-01	3.11450333333333329033e-01
-1.27114666666666664696e+00	7.65424999999999911005e-01	3.55922000000000016140e-01
-1.32413666666666673954e+00	8.31711333333333246998e-01	3.40437333333333314034e-01
-1.37088666666666658678e+00	8.44395000000000006679e-01	3.91826333333333332032e-01
-1.43537666666666652304e+00	9.10908666666666699818e-01	3.77475333333333384900e-01
-1.48504666666666662600e+00	9.26234333333333381688e-01	4.40334666666666707524e-01
-1.56587999999999993861e+00	9.86955000000000026716e-01	4.23810333333333344452e-01
-1.62946666666666684087e+00	9.79824666666666566073e-01	4.83551333333333388520e-01
-1.72761999999999993349e+00	1.01685566666666660218e+00	4.54445666666666692191e-01
-1.79652666666666660511e+00	9.78720000000000034390e-01	5.04896000000000011454e-01
-1.89744666666666650379e+00	1.01053766666666677843e+00	4.79130999999999973582e-01
-1.27405666666666661513e+00	-7.40083666666666695200e-01	2.66322333333333327587e-01
-1.18587666666666669002e+00	-7.31140666666666660944e-01	2.15697999999999973086e-01
-1.12836000000000002963e+00	-6.82726333333333212927e-01	2.55907999999999968832e-01
-1.03693400000000002237e+00	-6.81728333333333380573e-01	2.12726999999999999424e-01
-9.88751333333333426445e-01	-6.28246333333333351057e-01	2.58454666666666665886e-01
-8.92043999999999948081e-01	-6.40822000000000002728e-01	2.39214666666666658790e-01
-8.45171666666666765444e-01	-5.85705333333333300061e-01	3.04534000000000026898e-01
-8.21841333333333312616e-01	2.36284999999999995035e-01	2.80168333333333297031e-01
-8.37245333333333285886e-01	2.79086000000000000743e-01	2.42505666666666647169e-01
-8.92413666666666660632e-01	3.31540000000000001368e-01	2.74832666666666669553e-01
-8.94776666666666664618e-01	3.77585666666666652791e-01	2.48077666666666640793e-01
-9.39398333333333446227e-01	4.28200333333333349461e-01	2.87374000000000018318e-01
-9.50757999999999992013e-01	4.65012999999999954159e-01	2.58496000000000003549e-01
-9.87595666666666538447e-01	5.33651666666666746330e-01	1.61733333333333312298e-01
-1.01442833333333326529e+00	5.52721333333333286753e-01	1.98121999999999992559e-01
-1.05991333333333326294e+00	6.08739000000000030077e-01	1.70573666666666651226e-01
-1.08557333333333327907e+00	6.32044333333333319125e-01	2.08620333333333324299e-01
-1.13054333333333345557e+00	6.91279999999999894555e-01	1.83123666666666684577e-01
-1.15799666666666678516e+00	7.15125333333333279562e-01	2.25182666666666669864e-01
-1.20252000000000003332e+00	7.79091333333333246891e-01	2.02617999999999992555e-01
-1.23554000000000008264e+00	8.02416333333333398059e-01	2.48889000000000026880e-01
-1.28868000000000004768e+00	8.66846000000000116437e-01	2.25293999999999994266e-01
-1.33445666666666684641e+00	8.83473999999999981547e-01	2.72370666666666705336e-01
-1.39706666666666667886e+00	9.48738333333333350161e-01	2.48719333333333375569e-01
-1.45123666666666650826e+00	9.63489333333333419773e-01	3.02435000000000009379e-01
-1.52716999999999991644e+00	1.02113266666666668847e+00	2.76040666666666656415e-01
-1.59214333333333324383e+00	1.02927266666666672457e+00	3.34556666666666668863e-01
-1.68200333333333329477e+00	1.07844000000000006523e+00	3.02970333333333285974e-01
-1.75389333333333330422e+00	1.07315333333333318144e+00	3.63118333333333265234e-01
-1.85508000000000006224e+00	1.10014666666666660610e+00	3.22011999999999964928e-01
-1.92972666666666659019e+00	1.07566666666666677088e+00	3.87574333333333298501e-01
-1.22796000000000016250e+00	-7.97474999999999933920e-01	7.07103000000000037062e-02
-1.15918999999999994266e+00	-7.62533666666666665179e-01	1.20460266666666648838e-01
-1.06612233333333317198e+00	-7.57405999999999912653e-01	7.14479333333333382905e-02
-1.00138299999999991208e+00	-7.25014999999999965041e-01	1.23504666666666665376e-01
-9.06307333333333353664e-01	-7.32933999999999863384e-01	8.33411000000000012911e-02
-8.45150999999999985590e-01	-7.02223000000000041609e-01	1.53323433333333342121e-01
-7.85903666666666667062e-01	2.79967000000000021398e-01	1.81874333333333332297e-01
-8.13810666666666793212e-01	3.15752333333333357057e-01	1.44336333333333316498e-01
-8.67515333333333416022e-01	3.60916999999999987825e-01	1.78212666666666658122e-01
-8.85819666666666782895e-01	3.98689666666666664430e-01	1.46188000000000012379e-01
-9.24440666666666799323e-01	4.52171000000000045116e-01	1.87175000000000008038e-01
-9.41213666666666615157e-01	4.86314333333333348452e-01	1.56108333333333321180e-01
-9.80344333333333373126e-01	5.47520000000000006679e-01	9.48693333333333194135e-02
-1.00426366666666666561e+00	5.76577333333333386101e-01	6.40711666666666651571e-02
-1.05700000000000016165e+00	6.18726666666666647032e-01	1.03386833333333316709e-01
-1.07357666666666662358e+00	6.56812666666666600257e-01	7.38257999999999969809e-02
-1.12145999999999990138e+00	7.06060666666666669755e-01	1.15515966666666677898e-01
-1.13451999999999997293e+00	7.49328666666666642904e-01	8.69532666666666537170e-02
-1.18812666666666655324e+00	7.98513999999999946056e-01	1.31996299999999983088e-01
-1.20849000000000006416e+00	8.40217666666666751496e-01	1.02011566666666664283e-01
-1.27602333333333350929e+00	8.85224666666666770709e-01	1.49038266666666668891e-01
-1.30264000000000002011e+00	9.29445999999999994401e-01	1.16094500000000003248e-01
-1.37790666666666683504e+00	9.76331666666666819765e-01	1.68698900000000012733e-01
-1.41547333333333358318e+00	1.01651333333333337983e+00	1.32337633333333343222e-01
-1.51056666666666661314e+00	1.04656333333333328994e+00	1.85963733333333353093e-01
-1.56042666666666662856e+00	1.08102999999999993541e+00	1.43772966666666640601e-01
-1.66688999999999976076e+00	1.10476666666666667460e+00	2.02263566666666644300e-01
-1.72405000000000008242e+00	1.13218999999999980766e+00	1.56009900000000006903e-01
-1.84034999999999993037e+00	1.13285666666666684499e+00	2.15610333333333320516e-01
-1.90316666666666667318e+00	1.13941666666666674423e+00	1.61103666666666645035e-01
-1.24426333333333349884e+00	-8.17472666666666625268e-01	-3.41797000000000003594e-02
-1.18944000000000005279e+00	-7.92359333333333304417e-01	-8.56250666666666521154e-02
-1.08006899999999994577e+00	-7.67233999999999860542e-01	-2.97473999999999967614e-02
-1.02132833333333317150e+00	-7.63868666666666640275e-01	-8.05896666666666705581e-02
-9.12306000000000061334e-01	-7.61959666666666479706e-01	-1.95578999999999995907e-02
-8.50891999999999981696e-01	-7.69808999999999965524e-01	-7.42565666666666762685e-02
-7.68888000000000015888e-01	3.01550666666666689064e-01	9.97460333333333309946e-02
-8.15021333333333264370e-01	3.27931000000000028027e-01	3.42373933333333310691e-02
-8.64806333333333454583e-01	3.79814666666666689299e-01	7.46101500000000000812e-02
-8.70509000000000088271e-01	4.23181000000000029360e-01	4.58619166666666688847e-02
-9.08295333333333343440e-01	4.76199333333333363338e-01	8.63730999999999943251e-02
-9.23507666666666726663e-01	5.10036666666666693715e-01	5.64197666666666555746e-02
-9.68173333333333441253e-01	5.71216333333333325939e-01	-5.44783333333333230630e-03
-9.87603000000000008640e-01	6.03955000000000019611e-01	-3.65364666666666629280e-02
-1.04027000000000002800e+00	6.47402000000000032998e-01	3.42150000000000309788e-03
-1.05535000000000001030e+00	6.84810666666666789659e-01	-2.70449333333333298557e-02
-1.10171666666666667744e+00	7.37489333333333441090e-01	1.47966666666666663010e-02
-1.12065999999999998948e+00	7.74367333333333296430e-01	-1.74930333333333347390e-02
-1.17382666666666657385e+00	8.27910333333333192662e-01	2.46788333333333338715e-02
-1.20348000000000010523e+00	8.59136666666666659609e-01	-1.12607999999999961599e-02
-1.26475999999999988432e+00	9.15665333333333442134e-01	3.31281666666666738119e-02
-1.29820999999999986407e+00	9.48039666666666724915e-01	-5.66979999999999827870e-03
-1.37365666666666652596e+00	1.00200200000000005929e+00	4.09352666666666711870e-02
-1.41551666666666675631e+00	1.03139533333333321963e+00	-2.58616666666666716878e-03
-1.50719333333333338487e+00	1.08037333333333340768e+00	4.66254333333333340073e-02
-1.55708333333333359683e+00	1.10402333333333335652e+00	-1.49623333333333513422e-03
-1.66747666666666671809e+00	1.13210333333333323935e+00	4.93976333333333295084e-02
-1.72439666666666657768e+00	1.13960666666666665670e+00	-3.65900000000000035980e-03
-1.84378666666666646279e+00	1.14625333333333334629e+00	4.84465999999999993864e-02
-1.90233666666666678680e+00	1.15261666666666662273e+00	-1.05396666666666676687e-02
-2.02279666666666679831e+00	1.13942000000000009940e+00	4.20273999999999994803e-02
-2.07656000000000018346e+00	1.12765666666666675155e+00	-2.16645666666666660005e-02
-1.24523000000000005905e+00	-7.91189666666666568950e-01	-1.89738333333333342168e-01
-1.19081666666666663446e+00	-7.56025333333333215968e-01	-2.35991333333333330735e-01
-1.07628599999999985393e+00	-7.53829666666666731167e-01	-1.82720333333333345704e-01
-1.02380699999999991157e+00	-7.42565333333333299493e-01	-2.35987666666666678905e-01
-9.07435333333333260519e-01	-7.60453666666666694418e-01	-1.88555666666666676967e-01
-8.53258333333333340853e-01	-7.45879333333333338629e-01	-2.49773333333333319439e-01
-7.82734666666666689672e-01	3.14589000000000007518e-01	-3.94896066666666697986e-02
-8.03560999999999858723e-01	3.50834333333333303617e-01	-7.15911833333333358365e-02
-8.41550333333333289154e-01	4.07542666666666608677e-01	-2.66124166666666661651e-02
-8.47167333333333272272e-01	4.50102333333333382015e-01	-5.71108666666666695000e-02
-8.91338333333333454611e-01	4.99578000000000022052e-01	-1.45898666666666645270e-02
-9.12084666666666543655e-01	5.31700333333333330366e-01	-4.56592999999999929472e-02
-9.54047999999999896126e-01	5.95362999999999975564e-01	-1.08479300000000000725e-01
-9.81551666666666711158e-01	6.23578000000000076675e-01	-1.40214966666666662753e-01
-1.03018666666666658394e+00	6.69578666666666766361e-01	-9.87385666666666522717e-02
-1.06175333333333332675e+00	6.96274333333333328433e-01	-1.30906266666666659670e-01
-1.10585999999999984311e+00	7.48384333333333429117e-01	-9.15023333333333382944e-02
-1.13975666666666675120e+00	7.76950333333333298391e-01	-1.26462733333333327002e-01
-1.18420999999999998487e+00	8.34159666666666743673e-01	-8.83930666666666725595e-02
-1.22256666666666657939e+00	8.64321000000000005947e-01	-1.27239666666666667583e-01
-1.27528666666666667950e+00	9.21672333333333426708e-01	-8.89053666666666658758e-02
-1.32002333333333332632e+00	9.53611666666666635273e-01	-1.32302366666666670891e-01
-1.38480666666666674125e+00	1.00937233333333331586e+00	-9.25882333333333251701e-02
-1.44099333333333334828e+00	1.03559033333333339044e+00	-1.40616199999999996750e-01
-1.52159333333333335325e+00	1.08126333333333346509e+00	-9.87357999999999985663e-02
-1.59179666666666652652e+00	1.08618666666666663367e+00	-1.48866266666666663410e-01
-1.68420666666666662969e+00	1.11645000000000016449e+00	-1.04683333333333336568e-01
-1.75814999999999987956e+00	1.11909333333333327332e+00	-1.63838733333333347320e-01
-1.85688999999999992951e+00	1.14861333333333326401e+00	-1.21800666666666668192e-01
-1.93049999999999966072e+00	1.12995333333333336512e+00	-1.84348266666666676938e-01
-2.02971000000000012520e+00	1.12219333333333337599e+00	-1.36779233333333333222e-01
-1.23299333333333338558e+00	-7.30198999999999931454e-01	-3.33363666666666613736e-01
-1.16135666666666659275e+00	-6.95118000000000013650e-01	-3.79467999999999971994e-01
-1.06670099999999989926e+00	-7.09679999999999977511e-01	-3.35363000000000022194e-01
-9.97569999999999956763e-01	-6.80563333333333297936e-01	-3.88868333333333315860e-01
-9.00498999999999938382e-01	-6.98874333333333375151e-01	-3.50710666666666615043e-01
-8.33473000000000019405e-01	-6.52426666666666599248e-01	-4.12897000000000014008e-01
-7.76940333333333454924e-01	3.30484999999999973230e-01	-1.87454333333333306166e-01
-7.92607666666666710320e-01	3.63984333333333298643e-01	-1.43632333333333334080e-01
-8.25440333333333331467e-01	4.31832333333333373560e-01	-1.70104666666666654029e-01
-8.42010666666666574010e-01	4.61241999999999985338e-01	-1.28561966666666666059e-01
-8.81260999999999961041e-01	5.18856666666666632715e-01	-1.19981633333333337355e-01
-9.03794666666666635102e-01	5.49780666666666584241e-01	-1.51713000000000014511e-01
-9.62184999999999956977e-01	6.04672666666666747126e-01	-2.15473333333333322281e-01
-1.00048333333333339112e+00	6.24597333333333337713e-01	-2.45876666666666660044e-01
-1.05141666666666666607e+00	6.70198333333333340356e-01	-2.02785999999999994037e-01
-1.08677333333333336896e+00	6.93663000000000029566e-01	-2.36531999999999992257e-01
-1.13100666666666671567e+00	7.48304999999999886917e-01	-1.99612666666666660475e-01
-1.16551333333333340114e+00	7.75729333333333159750e-01	-2.37264999999999975921e-01
-1.21262000000000003119e+00	8.34535999999999944521e-01	-2.02961666666666679104e-01
-1.25317333333333347234e+00	8.60936666666666572389e-01	-2.44500333333333319530e-01
-1.30785666666666666735e+00	9.22661000000000064425e-01	-2.12175333333333299146e-01
-1.35771999999999981590e+00	9.43625999999999964807e-01	-2.58388999999999979806e-01
-1.42607333333333330394e+00	1.00079466666666672126e+00	-2.26543999999999995376e-01
-1.48707000000000011397e+00	1.00914433333333342091e+00	-2.75896333333333299009e-01
-1.57219333333333355363e+00	1.04886333333333325868e+00	-2.40098999999999979105e-01
-1.63889999999999980140e+00	1.04312333333333318031e+00	-2.92663333333333330888e-01
-1.73244666666666646826e+00	1.08309000000000010822e+00	-2.60585999999999984311e-01
-1.79771666666666685153e+00	1.06561666666666687853e+00	-3.18589666666666604389e-01
-1.89702999999999999403e+00	1.08296000000000014474e+00	-2.84389999999999976144e-01
-1.28024333333333317775e+00	-6.35627999999999970804e-01	-5.13943333333333307600e-01
-1.18800666666666665527e+00	-6.50531333333333350311e-01	-4.68906333333333258384e-01
-1.12279000000000017678e+00	-6.08860333333333336725e-01	-5.12595999999999940577e-01
-1.02700899999999983869e+00	-6.24330333333333320489e-01	-4.76663000000000003364e-01
-9.69865666666666736973e-01	-5.69404333333333290135e-01	-5.21205666666666567188e-01
-8.73400666666666603000e-01	-5.79189666666666713724e-01	-4.95597333333333278649e-01
-8.29007666666666698241e-01	-5.00160999999999966725e-01	-5.38646000000000069186e-01
-8.13412000000000023903e-01	3.14122333333333336736e-01	-2.95141999999999959936e-01
-8.14733333333333420434e-01	3.55524666666666655512e-01	-2.51944000000000001283e-01
-8.54903333333333459443e-01	4.21678999999999970516e-01	-2.76048666666666664415e-01
-8.49943000000000004057e-01	4.64487333333333307639e-01	-2.38031333333333344759e-01
-8.89047000000000031683e-01	5.24821000000000092989e-01	-2.28219999999999978435e-01
-9.19933666666666649547e-01	5.51498000000000043741e-01	-2.60244666666666679689e-01
-9.96456666666666657228e-01	5.91963999999999934687e-01	-3.18762666666666694137e-01
-1.04443666666666667986e+00	6.05775333333333332320e-01	-3.45709999999999961773e-01
-1.08382000000000000561e+00	6.61873333333333313533e-01	-3.06570000000000009166e-01
-1.12480000000000024407e+00	6.85073000000000043030e-01	-3.40826000000000017831e-01
-1.16226000000000007084e+00	7.44286999999999920874e-01	-3.08440333333333316368e-01
-1.21147666666666675717e+00	7.63524333333333249385e-01	-3.44687666666666669979e-01
-1.25528333333333352861e+00	8.21367333333333338174e-01	-3.15050999999999969958e-01
-1.31043666666666669407e+00	8.40942000000000078330e-01	-3.58655666666666650411e-01
-1.35818999999999978634e+00	9.01476333333333212927e-01	-3.34318666666666652887e-01
-1.42255666666666691356e+00	9.16363999999999845336e-01	-3.85142000000000039872e-01
-1.48308333333333330906e+00	9.66863333333333407893e-01	-3.58564666666666642669e-01
-1.55997333333333343397e+00	9.61437666666666523874e-01	-4.09283666666666656742e-01
-1.63066666666666670871e+00	9.97978666666666680563e-01	-3.79179666666666637109e-01
-1.71187000000000000277e+00	9.65544666666666717703e-01	-4.27644333333333348524e-01
-1.78537333333333325669e+00	9.93215999999999987757e-01	-3.99131666666666662380e-01
-1.28767333333333322543e+00	-5.73334666666666659118e-01	-5.94305666666666732034e-01
-1.20832000000000006068e+00	-5.19392999999999993577e-01	-6.27182999999999934992e-01
-1.13567333333333331247e+00	-5.40015333333333291677e-01	-5.90510333333333359285e-01
-1.03633333333333355064e+00	-5.10869666666666666366e-01	-5.95928999999999930992e-01
-1.01186600000000015420e+00	-4.55934666666666654766e-01	-6.34090333333333311394e-01
-9.01005333333333435775e-01	-4.35440666666666642559e-01	-6.02415666666666682616e-01
-8.91656333333333273039e-01	-3.62327333333333390097e-01	-6.25739666666666582984e-01
-8.04380999999999901640e-01	-3.16219666666666621158e-01	-5.88490333333333448529e-01
-8.21922000000000152475e-01	-2.34436666666666654324e-01	-5.89025000000000020783e-01
-7.48329000000000021942e-01	-1.23074100000000005717e-01	-5.24161666666666636871e-01
-7.92841666666666555763e-01	-8.65795666666666630107e-02	-5.38715999999999972658e-01
-7.46375000000000010658e-01	-1.49562999999999987621e-02	-5.05796333333333403282e-01
-7.82416000000000000369e-01	5.60557999999999959084e-02	-5.06584000000000034269e-01
-7.60642333333333309220e-01	1.21094600000000010565e-01	-4.58975333333333346264e-01
-8.14376666666666637617e-01	1.79766666666666657948e-01	-4.49485999999999996657e-01
-8.09104666666666694219e-01	2.30734333333333346827e-01	-3.96935666666666631119e-01
-8.61073666666666626135e-01	2.85343666666666662124e-01	-4.01944333333333292391e-01
-8.60159333333333275817e-01	3.32306333333333314695e-01	-3.57074000000000058019e-01
-9.02216999999999935689e-01	3.94919666666666724364e-01	-3.79197000000000006281e-01
-8.95639666666666722783e-01	4.42890000000000005898e-01	-3.41369666666666737864e-01
-9.21565999999999996284e-01	5.12375333333333404795e-01	-3.35377000000000036195e-01
-9.59790666666666680840e-01	5.32916666666666594132e-01	-3.63491666666666712882e-01
-1.05004333333333321754e+00	5.65088999999999952450e-01	-4.15607666666666653033e-01
-1.09420000000000006146e+00	5.83839999999999914593e-01	-4.45145666666666661726e-01
-1.12957333333333331815e+00	6.47726000000000023960e-01	-4.09503999999999923620e-01
-1.17601333333333335496e+00	6.65136666666666598324e-01	-4.43074333333333292284e-01
-1.22045666666666652311e+00	7.21720999999999945906e-01	-4.10643666666666629084e-01
-1.27617666666666651487e+00	7.33595000000000108109e-01	-4.47410666666666678726e-01
-1.32234999999999991438e+00	7.94973000000000040721e-01	-4.25059333333333289051e-01
-1.37939000000000011603e+00	8.10640333333333296117e-01	-4.75548666666666675074e-01
-1.43184333333333313476e+00	8.71496999999999855113e-01	-4.59968333333333312396e-01
-1.50146333333333337201e+00	8.68801999999999963187e-01	-5.11341666666666694319e-01
-1.56906666666666683163e+00	9.08243333333333402457e-01	-4.87234333333333324845e-01
-1.64548666666666676406e+00	8.77504333333333330636e-01	-5.35912333333333434915e-01
-1.71759666666666688251e+00	8.98264666666666600214e-01	-5.06426333333333311693e-01
-1.27479000000000008974e+00	-4.09297999999999995158e-01	-7.15914666666666810180e-01
-1.20288666666666688165e+00	-4.38272666666666588231e-01	-6.92840000000000011404e-01
-1.10577266666666673700e+00	-4.03960000000000041265e-01	-6.94328666666666705076e-01
-1.08549600000000001643e+00	-3.43436999999999992284e-01	-7.20369666666666574883e-01
-9.82240333333333381916e-01	-3.22298333333333353323e-01	-6.83455333333333303614e-01
-9.78086333333333279860e-01	-2.48225000000000028955e-01	-6.94570333333333400638e-01
-9.05043333333333421820e-01	-2.06470999999999987873e-01	-6.37389333333333474307e-01
-9.14913666666666736127e-01	-1.27362633333333336028e-01	-6.45636666666666636516e-01
-8.61255666666666641618e-01	-7.28814333333333286280e-02	-5.93234666666666576873e-01
-8.77928999999999959414e-01	7.19723333333333308709e-03	-6.07867666666666695008e-01
-8.45555999999999863270e-01	6.45112000000000046507e-02	-5.54136666666666721781e-01
-8.80025666666666595006e-01	1.36721666666666658019e-01	-5.59753000000000056069e-01
-8.70620000000000060503e-01	1.86938333333333345232e-01	-5.02711000000000018950e-01
-9.12615000000000065050e-01	2.53061999999999953648e-01	-5.12153666666666618212e-01
-9.08340666666666685103e-01	3.00499666666666664927e-01	-4.63937333333333257190e-01
-9.49534333333333258054e-01	3.66338333333333376896e-01	-4.83717666666666656905e-01
-9.44325000000000081002e-01	4.13795666666666672739e-01	-4.43847666666666640367e-01
-9.75972333333333330607e-01	4.82307333333333365655e-01	-4.34134999999999993125e-01
-1.01824500000000006672e+00	5.00668333333333381852e-01	-4.59303666666666721152e-01
-1.09933333333333327353e+00	5.42593999999999909711e-01	-5.17726666666666668348e-01
-1.13825666666666669435e+00	5.67554000000000002935e-01	-5.53836333333333374895e-01
-1.17956333333333329705e+00	6.26210666666666582181e-01	-5.14825666666666736937e-01
-1.22633666666666663048e+00	6.45141999999999882220e-01	-5.54938333333333311259e-01
-1.27850666666666668014e+00	6.95942000000000060567e-01	-5.19954000000000027271e-01
-1.33217999999999991978e+00	7.08860333333333314521e-01	-5.65652333333333312559e-01
-1.38689000000000017820e+00	7.62180666666666617459e-01	-5.43598333333333294526e-01
-1.44581333333333339475e+00	7.67126333333333465525e-01	-6.01277666666666710249e-01
-1.50793333333333312574e+00	8.12891000000000030212e-01	-5.84601333333333417208e-01
-1.57824333333333322038e+00	7.82862999999999975564e-01	-6.30081666666666539989e-01
-1.64819333333333339908e+00	8.08034999999999947740e-01	-6.05500000000000038192e-01
-1.33994333333333326408e+00	-2.83528000000000002245e-01	-7.67594333333333267433e-01
-1.27191333333333322919e+00	-3.17965666666666646467e-01	-7.57912999999999947853e-01
-1.17973333333333330053e+00	-2.86417333333333357093e-01	-7.60879333333333351952e-01
-1.16268999999999977923e+00	-2.24550666666666648430e-01	-7.74652666666666767092e-01
-1.06429866666666650410e+00	-2.07497000000000014763e-01	-7.45258000000000087049e-01
-1.05987533333333328045e+00	-1.35695166666666672262e-01	-7.53603333333333402777e-01
-9.83533333333333370518e-01	-9.73147999999999929743e-02	-7.11162999999999989598e-01
-9.87481999999999970896e-01	-2.04079333333333362566e-02	-7.26547000000000053888e-01
-9.35535666666666543279e-01	2.96228999999999971504e-02	-6.75653666666666707918e-01
-9.56431666666666679966e-01	1.05210866666666680302e-01	-6.84302999999999994607e-01
-9.33294666666666716814e-01	1.54995666666666670475e-01	-6.22133333333333315984e-01
-9.64112333333333348939e-01	2.27986000000000021970e-01	-6.34819000000000022155e-01
-9.52838333333333342701e-01	2.75835666666666645686e-01	-5.81881333333333361502e-01
-9.95388000000000050527e-01	3.41645666666666680822e-01	-5.97478999999999982329e-01
-9.96358333333333234805e-01	3.84710666666666700753e-01	-5.47531666666666638754e-01
-1.03342166666666668284e+00	4.50529000000000012793e-01	-5.32830333333333405754e-01
-1.07035333333333326777e+00	4.73703666666666689533e-01	-5.61715333333333344257e-01
-1.15185999999999988397e+00	5.18356333333333307856e-01	-6.22391000000000027548e-01
-1.20056333333333320468e+00	5.38702666666666551976e-01	-6.58190666666666701623e-01
-1.23373333333333334849e+00	6.06831666666666547094e-01	-6.29748666666666623293e-01
-1.29834666666666653789e+00	6.13896666666666646073e-01	-6.64855000000000084803e-01
-1.34462333333333350360e+00	6.65125333333333346175e-01	-6.35743000000000058058e-01
-1.42343666666666668341e+00	6.96799666666666706050e-01	-6.56303666666666618568e-01
-1.45992999999999994998e+00	6.72902666666666759987e-01	-6.95764666666666697914e-01
-1.55261666666666653391e+00	7.13201333333333464815e-01	-6.86218999999999912376e-01
-1.59378666666666646279e+00	6.61604333333333349820e-01	-7.09563999999999972523e-01
-1.36426666666666651651e+00	-1.97145333333333366843e-01	-7.94202666666666612372e-01
-1.32552999999999987502e+00	-1.42787533333333327423e-01	-8.05086000000000079346e-01
-1.23614000000000001656e+00	-1.58222533333333331695e-01	-7.96043000000000056104e-01
-1.20446333333333321924e+00	-8.47377266666666656425e-02	-8.04679333333333191014e-01
-1.12658999999999998032e+00	-7.92640266666666676310e-02	-7.91634333333333217730e-01
-1.07297066666666651713e+00	-6.01282666666666520960e-03	-7.78896333333333301674e-01
-1.09053066666666675921e+00	5.26226733333333349107e-02	-7.85337000000000062805e-01
-1.02593800000000001660e+00	1.13815533333333343546e-01	-7.41636999999999990685e-01
-1.05786066666666678238e+00	1.74534333333333346872e-01	-7.43152666666666683604e-01
-1.01917199999999996685e+00	2.38920000000000021245e-01	-6.98504333333333282674e-01
-1.06049799999999994071e+00	3.00067666666666676978e-01	-7.09057000000000048345e-01
-1.04798799999999991961e+00	3.54943666666666712839e-01	-6.60969333333333408653e-01
-1.08589000000000002188e+00	4.21183333333333298487e-01	-6.39907000000000003581e-01
-1.12847333333333321725e+00	4.40875999999999990120e-01	-6.64472999999999980325e-01
-1.22847333333333330607e+00	4.76363999999999954138e-01	-7.13172666666666565938e-01
-1.29068333333333318258e+00	4.85032333333333287584e-01	-7.35455999999999998629e-01
-1.32738666666666649263e+00	5.54435999999999928889e-01	-7.15580333333333373780e-01
-1.41015666666666672491e+00	5.81767666666666571906e-01	-7.25929333333333315359e-01
-1.44974000000000002863e+00	5.47588999999999992419e-01	-7.46022666666666722790e-01
-1.54068333333333318258e+00	5.87126999999999954483e-01	-7.39202999999999943448e-01
-1.57868333333333321633e+00	5.30281666666666651189e-01	-7.57743666666666704224e-01
-1.37912333333333325669e+00	-6.31904999999999966720e-02	-8.16463000000000049816e-01
-1.34255666666666662046e+00	-4.43599999999999983907e-03	-8.21064333333333284948e-01
-1.25728666666666666352e+00	-1.05482266666666671395e-02	-8.18323666666666671432e-01
-1.23420000000000018581e+00	7.24986399999999892030e-02	-8.28905666666666651743e-01
-1.16739999999999999325e+00	8.93471399999999915664e-02	-8.15448333333333330586e-01
-1.13655666666666665954e+00	1.70541666666666674734e-01	-7.94317000000000050797e-01
-1.17119333333333330849e+00	2.30844333333333345815e-01	-7.91762999999999994571e-01
-1.13382333333333340519e+00	2.95984666666666618173e-01	-7.51151333333333393050e-01
-1.16389666666666680150e+00	3.70553333333333345667e-01	-7.27629666666666619079e-01
-1.21519333333333334757e+00	3.85694999999999954543e-01	-7.40529666666666641639e-01
-1.32743999999999995332e+00	4.09797333333333346772e-01	-7.65714333333333385667e-01
-1.40372666666666678914e+00	4.45022333333333353078e-01	-7.65931999999999946205e-01
-1.44228999999999984993e+00	4.12102666666666672679e-01	-7.80480666666666600406e-01
-1.52630333333333312318e+00	4.57824000000000008725e-01	-7.79112000000000026745e-01
-1.39513333333333311437e+00	7.02055333333333336787e-02	-8.33455666666666594722e-01
-1.32396666666666651402e+00	1.21293499999999998540e-01	-8.38179333333333276279e-01
-1.33560666666666683078e+00	1.73853000000000007530e-01	-8.38925000000000031797e-01
-1.25735333333333332284e+00	2.23623333333333368378e-01	-8.17375333333333231600e-01
-1.27127999999999996561e+00	3.03905333333333305124e-01	-7.89663666666666652638e-01
-1.32131666666666647281e+00	3.19339333333333363907e-01	-7.92565000000000074998e-01
-1.43250333333333323971e+00	3.30828666666666659779e-01	-8.05324000000000039812e-01
-1.41603333333333325506e+00	2.08085999999999993193e-01	-8.36274333333333341756e-01
-1.38781666666666669840e+00	2.73290333333333357313e-01	-8.17626000000000074941e-01
-1.86936999999999997613e+00	-2.12530666666666673281e-02	9.50249666666666659154e-01
-1.94699000000000022048e+00	1.47668333333333332003e-02	9.72806333333333328461e-01
-2.01950333333333320596e+00	-3.46681666666666665755e-02	9.72434333333333289495e-01
-2.01204666666666653896e+00	-1.21452766666666669981e-01	9.55158999999999980268e-01
-1.93357000000000023299e+00	-1.55920799999999998287e-01	9.37295333333333258174e-01
-1.86340666666666643358e+00	-1.05156099999999988470e-01	9.32014000000000009116e-01
-1.71216333333333348143e+00	1.45999999999999840843e-03	9.23773000000000066301e-01
-1.78592999999999979543e+00	3.64574000000000009170e-02	9.47798666666666567160e-01
-1.78889999999999993463e+00	1.24603366666666673379e-01	9.67613999999999863100e-01
-1.88118666666666656262e+00	1.68877699999999991709e-01	9.78175666666666665527e-01
-1.95583666666666666778e+00	1.16751633333333326714e-01	9.80916999999999927873e-01
-2.03679666666666703279e+00	1.56060266666666641600e-01	9.87561000000000022148e-01
-2.11970999999999998309e+00	9.80726999999999987656e-02	9.72044666666666667965e-01
-2.11126333333333349174e+00	9.32906666666666328780e-03	9.65028666666666645746e-01
-2.17630666666666661158e+00	-3.61956333333333310498e-02	9.27090999999999998415e-01
-2.16528000000000009351e+00	-1.33149733333333325502e-01	9.08977666666666572759e-01
-2.09277999999999986258e+00	-1.74409633333333341509e-01	9.29640000000000021885e-01
-2.08492999999999994998e+00	-2.59042999999999967731e-01	9.06584333333333436400e-01
-1.99662666666666699378e+00	-3.04811333333333323026e-01	9.09953999999999929571e-01
-1.92600000000000015632e+00	-2.54645999999999983476e-01	9.15146000000000015007e-01
-1.84778333333333333321e+00	-2.88514666666666697026e-01	8.95806666666666751020e-01
-1.76905000000000001137e+00	-2.28396000000000015673e-01	8.87649000000000021338e-01
-1.77710333333333303507e+00	-1.43762633333333333940e-01	9.01707000000000036266e-01
-1.70930000000000004157e+00	-9.48570000000000107532e-02	8.95916999999999963400e-01
-1.56627333333333318421e+00	1.65844333333333322777e-02	8.82567333333333259304e-01
-1.62500000000000000000e+00	5.86816333333333370326e-02	9.12193999999999949324e-01
-1.61127333333333333520e+00	1.55763333333333336972e-01	9.23005666666666613196e-01
-1.70140666666666651174e+00	1.86687666666666668425e-01	9.54400000000000026112e-01
-1.71807333333333356329e+00	2.69398999999999999577e-01	9.53551666666666686289e-01
-1.81240666666666672135e+00	3.14935666666666669311e-01	9.61752333333333431220e-01
-1.88802666666666674189e+00	2.76498666666666670366e-01	9.73162333333333351426e-01
-1.97151666666666680605e+00	3.30697999999999991960e-01	9.54570000000000029594e-01
-2.04563666666666676974e+00	2.62385666666666683700e-01	9.66227333333333326948e-01
-2.12308333333333321136e+00	2.85925333333333309138e-01	9.45929000000000019810e-01
-2.20237000000000016087e+00	2.26233666666666666245e-01	9.27251333333333427333e-01
-2.20783666666666666956e+00	1.44706433333333328584e-01	9.32033333333333380288e-01
-2.27954666666666661001e+00	1.02919833333333321512e-01	8.78303666666666593699e-01
-2.25646333333333304338e+00	1.07613999999999990914e-02	8.80377333333333456089e-01
-2.29885999999999990351e+00	-3.74018333333333355406e-02	8.33292666666666792530e-01
-2.29092999999999991090e+00	-1.30943900000000001960e-01	8.21458000000000132523e-01
-2.23750666666666697679e+00	-1.79734766666666656576e-01	8.50429333333333481448e-01
-2.24165999999999998593e+00	-2.67670333333333287928e-01	8.17925666666666661975e-01
-2.16158333333333319004e+00	-3.05718666666666638587e-01	8.53418333333333389845e-01
-2.14278000000000012903e+00	-3.78116333333333332067e-01	8.26066666666666726826e-01
-2.05847333333333315508e+00	-4.29540333333333357313e-01	8.37668666666666617004e-01
-1.98897333333333325989e+00	-4.02911000000000019128e-01	8.68390000000000106262e-01
-1.90547666666666670743e+00	-4.61739999999999983782e-01	8.58498666666666743197e-01
-1.83491333333333339617e+00	-3.97509000000000056740e-01	8.80723333333333413542e-01
-1.75531333333333350311e+00	-4.19132000000000060069e-01	8.65308000000000077101e-01
-1.67722999999999999865e+00	-3.50134666666666649615e-01	8.50572666666666754587e-01
-1.67809666666666679191e+00	-2.68393000000000048200e-01	8.57830333333333250323e-01
-1.59534333333333333549e+00	-2.22045000000000020135e-01	8.36782999999999943519e-01
-1.61849333333333333940e+00	-1.33142366666666678299e-01	8.60811666666666752690e-01
-1.56262999999999974143e+00	-7.89225666666666658688e-02	8.59041000000000054548e-01
-1.63713333333333355135e+00	3.30466666666666686325e-01	9.10835666666666710078e-01
-1.66413999999999995261e+00	4.02394666666666678267e-01	8.86307333333333335901e-01
-1.75619666666666685018e+00	4.43948666666666713621e-01	8.86065666666666640339e-01
-1.82352333333333338494e+00	4.17557333333333335901e-01	9.18794666666666537402e-01
-1.90639000000000002899e+00	4.74153999999999964388e-01	8.87823000000000028820e-01
-1.97876333333333320752e+00	4.25731666666666619392e-01	9.12188333333333378761e-01
-2.06059666666666663204e+00	4.63492999999999988336e-01	8.90637000000000012001e-01
-2.13079666666666645014e+00	3.91998999999999986343e-01	9.12720333333333244674e-01
-2.20345000000000013074e+00	4.09065999999999985182e-01	8.86406000000000027228e-01
-2.27455333333333342694e+00	3.44856666666666644705e-01	8.57081333333333361679e-01
-2.28118666666666669585e+00	2.68098000000000002974e-01	8.64717999999999986649e-01
-2.35569333333333341685e+00	2.28257666666666664268e-01	8.10831999999999997186e-01
-2.34858666666666637823e+00	1.44606733333333320468e-01	8.19635666666666651281e-01
-2.40945333333333344683e+00	9.79174666666666748682e-02	7.79360666666666701552e-01
-2.38280999999999965056e+00	8.06733333333333434145e-03	7.90944000000000091433e-01
-2.43124666666666700010e+00	-4.02121000000000006214e-02	7.62138666666666630967e-01
-2.42415000000000047109e+00	-1.32861833333333345664e-01	7.51997666666666564339e-01
-2.36778333333333357302e+00	-1.78124466666666675385e-01	7.68968333333333364799e-01
-2.38537666666666670068e+00	-2.68861999999999989885e-01	7.42383333333333284010e-01
-2.31267666666666693587e+00	-3.09616999999999975568e-01	7.62369333333333343283e-01
-2.31147333333333326877e+00	-3.93087333333333344143e-01	7.40605999999999986549e-01
-2.22165333333333281374e+00	-4.23538333333333349984e-01	7.68810666666666642222e-01
-2.20348333333333323836e+00	-4.91746666666666609746e-01	7.44298333333333395068e-01
-2.11550333333333329122e+00	-5.37316666666666775676e-01	7.43811333333333379869e-01
-2.04936666666666678083e+00	-5.20532333333333263603e-01	7.79925666666666739246e-01
-1.97259666666666677592e+00	-5.79244999999999898854e-01	7.53824666666666587389e-01
-1.89820666666666681976e+00	-5.47081999999999957218e-01	8.01676333333333435149e-01
-1.81920000000000015028e+00	-5.77921000000000018026e-01	7.71836333333333346474e-01
-1.72158000000000011021e+00	-5.48432333333333410508e-01	7.81561333333333330131e-01
-1.69880000000000008775e+00	-4.94170666666666702493e-01	8.20312666666666578941e-01
-1.58888666666666655836e+00	-4.65084666666666646240e-01	7.86176333333333254849e-01
-1.58359333333333318627e+00	-3.89086333333333367346e-01	8.08338666666666760818e-01
-1.49482333333333339276e+00	-3.48152999999999990255e-01	7.91664333333333303244e-01
-1.50570666666666674871e+00	-2.62853333333333327726e-01	8.12850999999999879186e-01
-1.74252333333333342402e+00	5.25637666666666669713e-01	8.20270999999999972374e-01
-1.79279333333333323885e+00	5.82165000000000043556e-01	7.90742000000000166970e-01
-1.88933333333333330906e+00	5.57072666666666660440e-01	8.25565000000000104308e-01
-1.94246999999999991893e+00	6.02982666666666666799e-01	7.99229999999999995985e-01
-2.04506333333333323310e+00	6.01115666666666714768e-01	8.08080666666666669329e-01
-2.09357000000000015305e+00	5.50046666666666683732e-01	8.42156666666666553489e-01
-2.20068333333333354673e+00	5.67288000000000014467e-01	8.20309333333333334792e-01
-2.24036333333333326223e+00	4.97801333333333317910e-01	8.42475333333333353814e-01
-2.32648000000000010346e+00	4.81243333333333300761e-01	7.91515999999999997350e-01
-2.34221333333333348037e+00	3.93476333333333316844e-01	7.92714999999999947455e-01
-2.40785666666666697822e+00	3.60978999999999994319e-01	7.34939666666666546746e-01
-2.41470333333333364578e+00	2.72519000000000011230e-01	7.45419999999999860485e-01
-2.47866333333333344058e+00	2.35792333333333353762e-01	7.05459333333333327154e-01
-2.48051999999999983615e+00	1.44841733333333305689e-01	7.30596333333333292082e-01
-2.53835666666666659452e+00	1.02210333333333333594e-01	6.97761999999999993349e-01
-2.51572666666666666657e+00	7.00663333333333571834e-03	7.17721000000000053376e-01
-2.54589666666666669670e+00	-3.71933333333333351889e-02	6.72796333333333329563e-01
-2.53621000000000007546e+00	-1.32043266666666658793e-01	6.59749666666666567671e-01
-2.49894333333333351632e+00	-1.80493033333333330326e-01	6.94533333333333224857e-01
-2.51130666666666657605e+00	-2.72799333333333338114e-01	6.55793999999999988049e-01
-2.45410666666666665847e+00	-3.15905666666666640197e-01	6.86673333333333357764e-01
-2.44872999999999985121e+00	-4.04547333333333369865e-01	6.50349666666666603732e-01
-2.37879666666666667041e+00	-4.40973999999999977106e-01	6.84296333333333284266e-01
-2.35237666666666678239e+00	-5.17353666666666711649e-01	6.46178333333333299038e-01
-2.26688333333333380537e+00	-5.37675333333333393959e-01	6.77975666666666643145e-01
-2.22286333333333319118e+00	-5.96839333333333388332e-01	6.34144999999999958717e-01
-2.13225333333333333385e+00	-6.05296666666666705048e-01	6.73137666666666745208e-01
-2.08454000000000005954e+00	-6.59797333333333235750e-01	6.37325000000000030376e-01
-1.99102000000000001201e+00	-6.50529999999999941629e-01	6.81897666666666624202e-01
-1.93824333333333331808e+00	-6.91349666666666529125e-01	6.46559666666666643664e-01
-1.83847333333333362582e+00	-6.80950333333333435171e-01	6.44584333333333314719e-01
-1.79214000000000006629e+00	-6.35000000000000008882e-01	6.83806999999999942652e-01
-1.69200333333333330366e+00	-6.36665666666666685281e-01	6.47407333333333334657e-01
-1.64627333333333325527e+00	-5.86587666666666618376e-01	6.98538999999999909996e-01
-1.54859666666666662138e+00	-5.74155999999999999694e-01	6.71942666666666688080e-01
-1.51398999999999994692e+00	-5.06914666666666624550e-01	7.20828666666666673102e-01
-1.74462000000000005961e+00	6.58128333333333315203e-01	7.33747000000000149100e-01
-1.79601333333333346154e+00	7.13271000000000099384e-01	7.06386333333333449325e-01
-1.89732333333333325065e+00	6.83217666666666723074e-01	7.37046333333333247850e-01
-1.95073666666666678537e+00	7.34787333333333236851e-01	7.17160333333333288586e-01
-2.05595666666666643252e+00	7.34544333333333354652e-01	7.24776333333333355746e-01
-2.10513666666666665606e+00	6.81107666666666666799e-01	7.53512999999999988354e-01
-2.20999666666666660930e+00	6.92607333333333241576e-01	7.17698666666666706959e-01
-2.25703666666666658003e+00	6.29856666666666620280e-01	7.50418999999999947192e-01
-2.34958666666666671219e+00	6.15408666666666714917e-01	7.02840666666666558093e-01
-2.37935000000000007603e+00	5.36282000000000036444e-01	7.21771666666666589229e-01
-2.44570666666666669542e+00	4.99319000000000012829e-01	6.58140000000000058300e-01
-2.45848000000000022069e+00	4.11783000000000010132e-01	6.70109000000000065711e-01
-2.51891666666666669272e+00	3.73068666666666715059e-01	6.18893666666666675269e-01
-2.53225333333333368913e+00	2.85538000000000014023e-01	6.43763666666666733995e-01
-2.58392666666666670494e+00	2.44136666666666668490e-01	5.99364333333333387799e-01
-2.58817333333333321477e+00	1.51759599999999994502e-01	6.28225666666666682225e-01
-2.61690666666666649220e+00	1.07169600000000017626e-01	5.76475666666666608506e-01
-2.59725999999999990209e+00	1.34203666666666693308e-02	6.01087333333333417862e-01
-2.60684000000000004604e+00	-2.93178333333333346333e-02	5.44990666666666623286e-01
-2.60197000000000011610e+00	-1.20493499999999989503e-01	5.34738999999999964352e-01
-2.58270333333333335091e+00	-1.72605233333333329959e-01	5.77788999999999997037e-01
-2.59244666666666701005e+00	-2.61806999999999956419e-01	5.33905666666666611775e-01
-2.55831666666666679433e+00	-3.13551333333333348552e-01	5.77127000000000056623e-01
-2.54486333333333325513e+00	-3.96211666666666684211e-01	5.30435666666666638669e-01
-2.49247666666666667368e+00	-4.44101333333333292419e-01	5.72779000000000038106e-01
-2.45948333333333346573e+00	-5.13774666666666601778e-01	5.23198666666666700742e-01
-2.38931666666666675525e+00	-5.50600333333333469277e-01	5.62651333333333281139e-01
-2.33948666666666671432e+00	-6.05575333333333354346e-01	5.08713666666666619598e-01
-2.25852666666666657136e+00	-6.31492666666666702113e-01	5.48409999999999953069e-01
-2.20735666666666618951e+00	-6.80155333333333333989e-01	5.00265999999999988468e-01
-2.12397999999999997911e+00	-7.00002666666666661932e-01	5.50188333333333390307e-01
-2.07537333333333329222e+00	-7.49548333333333371975e-01	5.11588333333333422637e-01
-1.98315666666666690077e+00	-7.50162666666666644311e-01	5.63386999999999971145e-01
-1.92924999999999990941e+00	-7.93986999999999998323e-01	5.29177000000000119506e-01
-1.82366999999999990223e+00	-8.01526666666666720573e-01	5.40535333333333367634e-01
-1.77780666666666675724e+00	-7.47303000000000050562e-01	5.72770000000000001350e-01
-1.67501333333333324305e+00	-7.47344666666666657129e-01	5.33187666666666726378e-01
-1.63554333333333334899e+00	-6.82657666666666607114e-01	5.68602333333333320731e-01
-1.53463333333333307174e+00	-6.77767666666666657171e-01	5.44217666666666599617e-01
-1.49341666666666661456e+00	-6.19344000000000005635e-01	5.96426333333333280606e-01
-1.90341666666666675667e+00	8.15767000000000130910e-01	6.51136999999999965816e-01
-1.95824333333333355789e+00	8.71651666666666713468e-01	6.29690333333333351895e-01
-2.06740333333333348165e+00	8.68555666666666614795e-01	6.32661333333333408824e-01
-2.11779666666666654962e+00	8.12428000000000039016e-01	6.61724000000000089905e-01
-2.21890666666666680484e+00	8.12268333333333369950e-01	6.10607666666666659694e-01
-2.26192666666666664099e+00	7.45884333333333260363e-01	6.37845666666666644140e-01
-2.34428333333333327460e+00	7.20300333333333320240e-01	5.77437000000000089095e-01
-2.38490333333333337507e+00	6.52575333333333396091e-01	6.09711666666666651793e-01
-2.45210666666666687874e+00	6.14968666666666607945e-01	5.48164666666666744455e-01
-2.48314666666666683525e+00	5.40838999999999958668e-01	5.77662000000000008804e-01
-2.53655333333333343759e+00	4.97350666666666663129e-01	5.17668666666666665854e-01
-2.55955000000000021387e+00	4.17116333333333366706e-01	5.46931333333333324909e-01
-2.59718000000000026617e+00	3.71651333333333333542e-01	4.89529666666666640751e-01
-2.60821999999999976083e+00	2.86202333333333336363e-01	5.17092666666666644915e-01
-2.62560666666666664426e+00	2.39557333333333316583e-01	4.58115333333333374366e-01
-2.63004666666666642172e+00	1.52901666666666685712e-01	4.88637000000000043531e-01
-2.64202333333333294618e+00	1.08417266666666664565e-01	4.33657333333333339098e-01
-2.63846333333333360471e+00	1.99470000000000029228e-02	4.65399333333333331542e-01
-2.65342333333333302292e+00	-2.23281333333333331659e-02	4.15764333333333346854e-01
-2.66516999999999981696e+00	-1.10193399999999996908e-01	4.12265666666666696916e-01
-2.64533999999999958064e+00	-1.59093933333333326097e-01	4.51648999999999967159e-01
-2.65733333333333332504e+00	-2.44754999999999972582e-01	4.06612666666666677795e-01
-2.62370666666666663147e+00	-2.95356333333333331836e-01	4.45819333333333345237e-01
-2.61794666666666664412e+00	-3.76336999999999977096e-01	4.00510333333333357064e-01
-2.57323333333333303941e+00	-4.25447999999999992848e-01	4.41905333333333372181e-01
-2.54856000000000015859e+00	-4.99050999999999966850e-01	3.94219666666666634924e-01
-2.48719666666666672228e+00	-5.39487999999999967571e-01	4.33169666666666675070e-01
-2.44506999999999985462e+00	-6.00360333333333384687e-01	3.82260333333333368611e-01
-2.36752666666666655715e+00	-6.29622000000000014985e-01	4.18351666666666677230e-01
-2.31953000000000031378e+00	-6.82108000000000047613e-01	3.68782333333333323111e-01
-2.24032000000000008910e+00	-7.06724000000000018851e-01	4.11000333333333356389e-01
-2.19296333333333315352e+00	-7.51409666666666642421e-01	3.65532000000000023565e-01
-2.11139333333333345522e+00	-7.74386666666666667602e-01	4.16197666666666687973e-01
-2.06494333333333335290e+00	-8.22201000000000070678e-01	3.76436666666666586156e-01
-1.97501666666666664263e+00	-8.41187000000000018041e-01	4.37617333333333302647e-01
-1.92129999999999978577e+00	-8.85455333333333372003e-01	4.00678000000000034131e-01
-1.81365333333333356158e+00	-9.02191999999999993953e-01	4.12654000000000020787e-01
-1.76179000000000018922e+00	-8.65463333333333473263e-01	4.60951666666666648453e-01
-1.65527333333333337428e+00	-8.61813666666666811089e-01	4.15698333333333336359e-01
-1.61435999999999979515e+00	-7.97918666666666775988e-01	4.55699666666666669546e-01
-1.51635000000000008669e+00	-7.80121999999999982123e-01	4.13482666666666665023e-01
-1.47609333333333325733e+00	-7.24657999999999913321e-01	4.66585999999999945231e-01
-2.10563333333333346786e+00	9.53745333333333333847e-01	5.56771333333333395821e-01
-2.18953666666666668661e+00	9.57394999999999996021e-01	5.00559666666666736035e-01
-2.25241666666666651153e+00	8.72045666666666718925e-01	5.25333333333333318826e-01
-2.31282333333333367520e+00	8.44354000000000048942e-01	4.58600333333333332053e-01
-2.36167000000000015802e+00	7.58992666666666759845e-01	4.83465999999999951342e-01
-2.42373666666666665037e+00	7.35513333333333352293e-01	4.28160666666666633873e-01
-2.47355333333333327062e+00	6.59214333333333346587e-01	4.60584666666666697754e-01
-2.53027333333333315224e+00	6.32175666666666691285e-01	4.09346333333333312066e-01
-2.56223333333333336270e+00	5.44441666666666601593e-01	4.36932999999999960306e-01
-2.60372666666666674473e+00	5.08929666666666613573e-01	3.83819333333333290170e-01
-2.61567666666666687192e+00	4.16373666666666641945e-01	4.07153333333333311561e-01
-2.63996333333333321747e+00	3.76078333333333347799e-01	3.52604666666666677344e-01
-2.63885333333333349515e+00	2.84710999999999991861e-01	3.76003666666666680474e-01
-2.66058333333333330017e+00	2.45877666666666661044e-01	3.26132666666666681810e-01
-2.65931333333333341784e+00	1.56239600000000006252e-01	3.53264666666666615757e-01
-2.68412333333333341656e+00	1.16509566666666675161e-01	3.06507333333333298331e-01
-2.68179333333333325129e+00	2.64121000000000043240e-02	3.37264999999999981473e-01
-2.70928666666666684293e+00	-1.31000333333333319336e-02	2.94525666666666685600e-01
-2.72817333333333289502e+00	-1.00964000000000012069e-01	2.91660000000000030340e-01
-2.71242666666666698561e+00	-1.49317133333333323941e-01	3.30900666666666676274e-01
-2.73046000000000033126e+00	-2.36457333333333324932e-01	2.86283333333333278592e-01
-2.69519666666666646293e+00	-2.82994666666666672139e-01	3.22611999999999954358e-01
-2.68326000000000020052e+00	-3.66254000000000023984e-01	2.72683666666666713052e-01
-2.63963666666666663119e+00	-4.08994999999999997442e-01	3.11375333333333337293e-01
-2.60860000000000002984e+00	-4.85392666666666638964e-01	2.61103333333333298416e-01
-2.56223666666666671787e+00	-5.26337666666666703641e-01	3.02552666666666691953e-01
-2.51469666666666613608e+00	-5.94404999999999961169e-01	2.50687333333333317587e-01
-2.45889333333333359732e+00	-6.27990666666666697004e-01	2.91445000000000009610e-01
-2.39586999999999994415e+00	-6.81451000000000028933e-01	2.37637000000000014888e-01
-2.33404999999999995808e+00	-7.06306666666666749244e-01	2.78882999999999992013e-01
-2.27329666666666652119e+00	-7.60235333333333263006e-01	2.30166666666666658303e-01
-2.21141999999999994131e+00	-7.80722333333333295968e-01	2.74597666666666684332e-01
-2.14968666666666630150e+00	-8.34820666666666544309e-01	2.30392333333333337864e-01
-2.08477999999999985548e+00	-8.53322333333333293837e-01	2.81565666666666658546e-01
-2.01727666666666660689e+00	-9.11181000000000018701e-01	2.42158666666666660960e-01
-1.94372333333333346950e+00	-9.24328000000000038483e-01	3.00090333333333347809e-01
-1.86058666666666661094e+00	-9.67712333333333396546e-01	2.58784999999999987264e-01
-1.77909333333333319338e+00	-9.54456333333333351021e-01	3.16863333333333330177e-01
-1.69215666666666675333e+00	-9.59529666666666614105e-01	2.67998000000000013987e-01
-1.62019999999999986251e+00	-9.03615666666666705886e-01	3.18535333333333336991e-01
-1.53996333333333335069e+00	-8.83932000000000051010e-01	2.68010333333333350403e-01
-1.47702666666666693196e+00	-8.24333333333333251325e-01	3.22956333333333345248e-01
-1.40933666666666668199e+00	-8.06036333333333465667e-01	2.80431000000000041350e-01
-2.19323999999999985633e+00	1.00726899999999996993e+00	4.00248666666666697012e-01
-2.25392333333333327872e+00	9.61185000000000067111e-01	3.29193666666666662213e-01
-2.31062666666666638449e+00	8.83619333333333312197e-01	3.62771666666666658951e-01
-2.36065666666666684748e+00	8.41525999999999996248e-01	2.98178666666666647433e-01
-2.42492000000000018645e+00	7.78781333333333325442e-01	3.38702000000000003066e-01
-2.48143333333333337976e+00	7.50420999999999893681e-01	2.85365666666666628615e-01
-2.53696999999999972530e+00	6.80114333333333376252e-01	3.23585999999999984755e-01
-2.57564999999999955094e+00	6.39751333333333338516e-01	2.67035666666666671176e-01
-2.61044666666666680399e+00	5.56300666666666665527e-01	2.99682333333333328351e-01
-2.64063000000000025480e+00	5.14009000000000049191e-01	2.44851000000000013079e-01
-2.65819666666666654109e+00	4.26342666666666592068e-01	2.74439333333333312925e-01
-2.67769000000000012562e+00	3.84183333333333321136e-01	2.21644666666666684263e-01
-2.68118666666666660703e+00	2.95085666666666690539e-01	2.49939000000000022261e-01
-2.70072333333333380878e+00	2.54982333333333366365e-01	2.00660000000000032783e-01
-2.70492999999999961247e+00	1.66044300000000005779e-01	2.30096333333333347149e-01
-2.72824666666666670878e+00	1.26554300000000008453e-01	1.83117000000000001991e-01
-2.73493333333333366042e+00	3.75074333333333329032e-02	2.16788666666666657301e-01
-2.75950666666666677429e+00	1.63066666666665055713e-04	1.73047333333333330785e-01
-2.77369333333333356606e+00	-8.62812666666666477910e-02	1.66170333333333336556e-01
-2.76800666666666694837e+00	-1.36800866666666659510e-01	2.07045999999999980057e-01
-2.77821999999999968978e+00	-2.21790666666666691498e-01	1.56629999999999991456e-01
-2.75641999999999987025e+00	-2.73094000000000003414e-01	1.96626666666666644057e-01
-2.73245999999999966690e+00	-3.52179999999999993054e-01	1.41867566666666694575e-01
-2.69456333333333342139e+00	-3.98802666666666638662e-01	1.81595900000000004537e-01
-2.65307000000000003936e+00	-4.70006666666666683696e-01	1.27031033333333348567e-01
-2.61072999999999977305e+00	-5.13855666666666710540e-01	1.67846799999999990449e-01
-2.56024999999999991473e+00	-5.78318333333333378654e-01	1.14304133333333335365e-01
-2.51057999999999958973e+00	-6.17922666666666731139e-01	1.55695333333333324477e-01
-2.45364666666666675354e+00	-6.75785333333333348982e-01	1.03159666666666663404e-01
-2.39474000000000009081e+00	-7.05728000000000021963e-01	1.44343666666666675669e-01
-2.33096666666666685330e+00	-7.53953666666666744156e-01	9.28650333333333327657e-02
-2.27134333333333282567e+00	-7.83605333333333375911e-01	1.37442033333333324396e-01
-2.20914333333333301468e+00	-8.32816666666666649554e-01	8.88233333333333235915e-02
-2.14936333333333351447e+00	-8.63544999999999896012e-01	1.37342633333333324908e-01
-2.08058666666666658429e+00	-9.06681333333333339120e-01	8.83880333333333378931e-02
-2.01340666666666701090e+00	-9.35815666666666601259e-01	1.42030733333333353263e-01
-1.93730666666666695441e+00	-9.78951999999999933344e-01	9.34532333333333298242e-02
-1.85803999999999991388e+00	-9.97701666666666597827e-01	1.52275833333333332487e-01
-1.77174666666666680293e+00	-1.01535333333333332995e+00	1.01198066666666683378e-01
-1.68735666666666683788e+00	-9.90437333333333391749e-01	1.58841900000000008086e-01
-1.60558333333333358439e+00	-9.68866999999999922721e-01	1.04740733333333335686e-01
-1.53014666666666676598e+00	-9.18275666666666601223e-01	1.63371833333333354998e-01
-1.45672666666666672519e+00	-8.98164666666666611228e-01	1.14426699999999992308e-01
-1.39885333333333328198e+00	-8.45524000000000053312e-01	1.76539866666666656059e-01
-2.23132333333333310321e+00	1.00680600000000008976e+00	2.26596999999999965114e-01
-2.27700666666666640126e+00	9.83471333333333253002e-01	1.68389333333333307552e-01
-2.34963666666666659566e+00	8.95757000000000025430e-01	2.06392999999999965377e-01
-2.39546999999999998820e+00	8.78830333333333268975e-01	1.53705000000000008287e-01
-2.46300333333333343333e+00	7.96238999999999919055e-01	1.92154333333333315892e-01
-2.50474666666666712089e+00	7.74371333333333300430e-01	1.40562300000000001132e-01
-2.56185666666666689295e+00	6.88190333333333348342e-01	1.77223300000000000276e-01
-2.59181000000000016925e+00	6.56407666666666611555e-01	1.24819599999999988893e-01
-2.63578666666666672214e+00	5.65676999999999985391e-01	1.59800633333333302888e-01
-2.66135000000000010445e+00	5.31979666666666628494e-01	1.08791866666666667274e-01
-2.68568666666666677756e+00	4.38152333333333310339e-01	1.41047566666666651658e-01
-2.70247666666666708224e+00	4.01882000000000016993e-01	9.08636666666666759085e-02
-2.71401666666666718797e+00	3.07809666666666703616e-01	1.22181766666666649646e-01
-2.73680000000000012150e+00	2.73155333333333361079e-01	7.50327999999999967207e-02
-2.74682333333333339453e+00	1.80838000000000026501e-01	1.06531700000000006945e-01
-2.77689333333333365772e+00	1.46283666666666672951e-01	6.10298000000000021026e-02
-2.78289000000000008583e+00	5.46556000000000055672e-02	9.38737666666666498161e-02
-2.80546333333333341997e+00	1.76719000000000008022e-02	4.80679866999999885757e-02
-2.80049999999999998934e+00	-7.63670999999999933205e-02	8.15408866999999953906e-02
-2.81470666666666646805e+00	-1.17997699999999983156e-01	3.25022200333333344258e-02
-2.79811333333333323026e+00	-2.12901666666666683492e-01	6.67156666666666592347e-02
-2.78799999999999981171e+00	-2.52769999999999994689e-01	1.57730666666666650977e-02
-2.74414666666666695605e+00	-3.40745000000000020091e-01	5.09283000000000027341e-02
-2.70841666666666691654e+00	-3.71051999999999992941e-01	5.27833333333333821515e-04
-2.65523666666666668945e+00	-4.53691000000000066450e-01	3.69022333333333327210e-02
-2.62303333333333332789e+00	-4.83821999999999974307e-01	-1.27058666666666694733e-02
-2.57038666666666637539e+00	-5.64600333333333370689e-01	2.38802666666666670026e-02
-2.53962333333333312169e+00	-5.95621666666666604861e-01	-2.64782333333333334824e-02
-2.47255333333333338075e+00	-6.67202333333333341692e-01	1.14099666666666668680e-02
-2.44050666666666726812e+00	-6.98565333333333260413e-01	-3.93668000000000004035e-02
-2.35782666666666651523e+00	-7.55374000000000100918e-01	9.04266666666664830319e-04
-2.32258000000000031093e+00	-7.84888000000000030099e-01	-4.98974000000000014743e-02
-2.23351999999999994984e+00	-8.32679000000000058002e-01	-6.55533333333333228382e-03
-2.19562333333333326024e+00	-8.59960000000000057696e-01	-5.77077000000000006619e-02
-2.10246999999999983899e+00	-9.03233999999999981334e-01	-1.12836333333333344031e-02
-2.05976000000000025736e+00	-9.32825666666666664106e-01	-6.45932666666666627231e-02
-1.96177666666666650208e+00	-9.79409333333333242955e-01	-1.34990999999999982534e-02
-1.91016666666666634633e+00	-1.00979566666666653596e+00	-6.90428333333333310584e-02
-1.79940333333333324362e+00	-1.02698999999999984745e+00	-1.31682666666666711719e-02
-1.73995000000000010765e+00	-1.02113666666666680349e+00	-6.92654333333333344092e-02
-1.63051999999999996938e+00	-9.87929666666666594921e-01	-9.00026666666666093353e-03
-1.57696666666666662771e+00	-9.58319666666666680754e-01	-6.40625000000000083267e-02
-1.47860999999999997989e+00	-9.19146000000000018559e-01	7.33366666666665500962e-04
-1.43270333333333343973e+00	-8.96678999999999892800e-01	-5.37238000000000090473e-02
-2.24445999999999967756e+00	1.04719866666666683308e+00	6.75273666666666577685e-02
-2.28811999999999970967e+00	1.01642033333333325906e+00	9.89003333333333262134e-03
-2.36649999999999982592e+00	9.35766333333333366618e-01	5.80640000000000044977e-02
-2.40366999999999997328e+00	9.04676666666666684513e-01	3.10599999999999982006e-03
-2.47438333333333337904e+00	8.25872999999999968246e-01	4.71549666666666658643e-02
-2.51270999999999977703e+00	7.96829333333333278411e-01	-6.26573333333333305079e-03
-2.57302666666666679518e+00	7.13544999999999873808e-01	3.47379000000000021098e-02
-2.60250666666666630178e+00	6.78848000000000006970e-01	-1.74687999999999961365e-02
-2.64685333333333305816e+00	5.88013333333333276798e-01	2.16041333333333342159e-02
-2.67197333333333331140e+00	5.51969333333333422864e-01	-2.96650666666666666671e-02
-2.70326000000000021828e+00	4.59665333333333314680e-01	7.33876666666666722244e-03
-2.71914333333333324560e+00	4.21323333333333327477e-01	-4.29009333333333353622e-02
-2.74114333333333348719e+00	3.28885666666666687252e-01	-6.52499999999999694827e-03
-2.75829666666666639685e+00	2.91590999999999989090e-01	-5.60971000000000039054e-02
-2.78402333333333329435e+00	2.01306333333333364877e-01	-2.00412000000000055377e-02
-2.80085000000000006182e+00	1.64664666666666681394e-01	-7.04915666666666718143e-02
-2.81629333333333287115e+00	7.26583000000000089891e-02	-3.52263466333333358227e-02
-2.82051000000000007262e+00	3.25334833333333350858e-02	-8.77424466333333458179e-02
-2.82388666666666665606e+00	-6.40835166666666594670e-02	-5.34867799666666754455e-02
-2.81788999999999978385e+00	-1.04706149999999997835e-01	-1.07088666666666679217e-01
-2.79859666666666662138e+00	-1.98488666666666646599e-01	-7.20422666666666738911e-02
-2.76894000000000017891e+00	-2.33362333333333310526e-01	-1.22290599999999985426e-01
-2.72261333333333332973e+00	-3.17950666666666659221e-01	-8.48757333333333280345e-02
-2.68446333333333342352e+00	-3.46660666666666672509e-01	-1.33084800000000003095e-01
-2.63806333333333364877e+00	-4.29893000000000025107e-01	-9.72893333333333387714e-02
-2.60758000000000000895e+00	-4.59043666666666683174e-01	-1.45638200000000023193e-01
-2.56178666666666643437e+00	-5.43993999999999977568e-01	-1.11413233333333347441e-01
-2.52985000000000015419e+00	-5.72242666666666566222e-01	-1.61663033333333344688e-01
-2.47564000000000028479e+00	-6.55233333333333334281e-01	-1.27504800000000001470e-01
-2.44104000000000009862e+00	-6.82643666666666759646e-01	-1.79475099999999998523e-01
-2.37066000000000043357e+00	-7.55489666666666614958e-01	-1.42138766666666666039e-01
-2.33048333333333346218e+00	-7.76827333333333314158e-01	-1.94391666666666657060e-01
-2.24450666666666664995e+00	-8.33506666666666617971e-01	-1.53302666666666670414e-01
-2.19895333333333331538e+00	-8.46250000000000057732e-01	-2.05467666666666687325e-01
-2.10735999999999989996e+00	-9.02294999999999958185e-01	-1.63182333333333345893e-01
-2.06422000000000016584e+00	-9.29997000000000073605e-01	-2.21739666666666668249e-01
-1.96501000000000014545e+00	-9.90914000000000072532e-01	-1.78694333333333316149e-01
-1.91111333333333344164e+00	-1.00408166666666676115e+00	-2.37963000000000007850e-01
-1.79681666666666650656e+00	-1.01710999999999995858e+00	-1.84408666666666665179e-01
-1.73813666666666666316e+00	-9.94628666666666716445e-01	-2.40603333333333363475e-01
-1.62771666666666647849e+00	-9.69045333333333314130e-01	-1.80522333333333340200e-01
-1.57893333333333329982e+00	-9.30482333333333411218e-01	-2.32582999999999984198e-01
-1.48227666666666668682e+00	-8.97289666666666652084e-01	-1.70580333333333333812e-01
-1.44578999999999990855e+00	-8.60058333333333258075e-01	-2.20961333333333342921e-01
-2.19393666666666620202e+00	1.06047000000000002373e+00	-1.52890966666666683338e-01
-2.26588333333333347142e+00	1.02918833333333337166e+00	-9.71689666666666757022e-02
-2.32282000000000010687e+00	9.58746666666666746970e-01	-1.48078999999999988413e-01
-2.38222666666666649249e+00	9.14889000000000063295e-01	-9.59780000000000077520e-02
-2.44045999999999985164e+00	8.53775666666666599447e-01	-1.50002666666666645279e-01
-2.50022999999999973042e+00	8.14519666666666530830e-01	-1.04339366666666655270e-01
-2.55921333333333356208e+00	7.53413333333333379294e-01	-1.59922366666666676549e-01
-2.60117333333333311529e+00	7.01026000000000037993e-01	-1.14055433333333344770e-01
-2.64333333333333309056e+00	6.28402666666666775974e-01	-1.68227733333333323573e-01
-2.66978666666666697438e+00	5.70180666666666557951e-01	-1.22910299999999986231e-01
-2.69757999999999986684e+00	4.93110666666666697111e-01	-1.75523566666666658298e-01
-2.71565000000000011937e+00	4.36557333333333297265e-01	-1.32518033333333340451e-01
-2.73012666666666703463e+00	3.56918999999999986272e-01	-1.84605800000000014327e-01
-2.75077333333333351462e+00	3.04390333333333318322e-01	-1.44560800000000017063e-01
-2.76482333333333363257e+00	2.25938333333333352115e-01	-1.99746333333333359050e-01
-2.78917333333333283818e+00	1.76497333333333311645e-01	-1.61733000000000015639e-01
-2.80541000000000018133e+00	8.89445166666666814370e-02	-1.73528000000000015568e-01
-2.78964666666666616379e+00	5.00640166666666622253e-02	-2.22574333333333346241e-01
-2.79874999999999962697e+00	-4.69696500000000016772e-02	-1.90390666666666680262e-01
-2.77260000000000017550e+00	-8.47554999999999975069e-02	-2.38074000000000007837e-01
-2.76208333333333300175e+00	-1.77365666666666671469e-01	-2.05020333333333359960e-01
-2.73014666666666672157e+00	-2.13527000000000022339e-01	-2.52065333333333363441e-01
-2.69885333333333354844e+00	-2.98233666666666674683e-01	-2.17544666666666691723e-01
-2.66924000000000027910e+00	-3.35318999999999978190e-01	-2.67355666666666658138e-01
-2.62436666666666695846e+00	-4.12896666666666689594e-01	-2.31244666666666653931e-01
-2.59264666666666654393e+00	-4.49567333333333374323e-01	-2.82766999999999990578e-01
-2.54392333333333375833e+00	-5.23963000000000067580e-01	-2.47410333333333315453e-01
-2.50704666666666708963e+00	-5.60214333333333258658e-01	-3.00885666666666662383e-01
-2.45837333333333374341e+00	-6.35904333333333293687e-01	-2.67108666666666716427e-01
-2.41048000000000017806e+00	-6.66732333333333371250e-01	-3.20738333333333347497e-01
-2.35297000000000000597e+00	-7.34809333333333314364e-01	-2.85357666666666676125e-01
-2.29016000000000019554e+00	-7.50584000000000028940e-01	-3.35731000000000001648e-01
-2.22211999999999987310e+00	-8.05345333333333357473e-01	-2.96929999999999971738e-01
-2.15780333333333373957e+00	-8.22709666666666783463e-01	-3.53020000000000055973e-01
-2.09149666666666655956e+00	-8.91316333333333266076e-01	-3.20114999999999982894e-01
-2.02451666666666652006e+00	-9.18435000000000001386e-01	-3.86716999999999977433e-01
-1.94334333333333320049e+00	-9.70283333333333275483e-01	-3.47610333333333354489e-01
-1.86029666666666670949e+00	-9.53384333333333278127e-01	-4.02446666666666619250e-01
-1.76938666666666666316e+00	-9.64701333333333299613e-01	-3.48993999999999970907e-01
-1.69132666666666664490e+00	-9.11936999999999997613e-01	-3.93304333333333311362e-01
-1.61129333333333324418e+00	-9.03301333333333289488e-01	-3.36974333333333320173e-01
-1.54263666666666665606e+00	-8.40917000000000025572e-01	-3.79910666666666674285e-01
-1.47378999999999993342e+00	-8.30866666666666753294e-01	-3.25900333333333291908e-01
-2.09778999999999982151e+00	1.00614966666666671991e+00	-3.00071666666666680978e-01
-2.17978333333333296196e+00	1.00684633333333328764e+00	-2.51130333333333344292e-01
-2.23909333333333337990e+00	9.37304333333333183909e-01	-2.92045000000000054552e-01
-2.31018333333333325541e+00	9.20486333333333295315e-01	-2.44715666666666664675e-01
-2.36059666666666689849e+00	8.47316999999999986848e-01	-2.89241666666666674690e-01
-2.43146666666666666501e+00	8.24463999999999863633e-01	-2.46629666666666663710e-01
-2.48444999999999982521e+00	7.58314666666666692407e-01	-2.98168999999999961847e-01
-2.55242666666666684350e+00	7.26519999999999943618e-01	-2.57124999999999992450e-01
-2.59249999999999980460e+00	6.49893000000000053973e-01	-3.08098000000000038501e-01
-2.64144666666666694255e+00	6.04163000000000005585e-01	-2.65067666666666701403e-01
-2.65954666666666694752e+00	5.18431333333333355107e-01	-3.13048333333333372863e-01
-2.68922666666666643209e+00	4.65600999999999987100e-01	-2.68821666666666680978e-01
-2.69499666666666648496e+00	3.80430666666666639220e-01	-3.17225666666666683557e-01
-2.71782666666666594679e+00	3.28302000000000038238e-01	-2.76015333333333334753e-01
-2.71514999999999995239e+00	2.45040333333333332222e-01	-3.25128666666666676921e-01
-2.74149999999999982592e+00	1.95205333333333341805e-01	-2.88904666666666642971e-01
-2.75008666666666679035e+00	1.06883833333333330695e-01	-2.99937666666666657989e-01
-2.73151999999999972601e+00	6.80309000000000052566e-02	-3.45300666666666700166e-01
-2.74493000000000009209e+00	-2.65747666666666659818e-02	-3.15620666666666715994e-01
-2.73395999999999972374e+00	-6.62342666666666662900e-02	-3.66793666666666684506e-01
-2.72969333333333352698e+00	-1.60576333333333348685e-01	-3.36291999999999979831e-01
-2.71158333333333345649e+00	-2.01065000000000021485e-01	-3.89671666666666693946e-01
-2.68242333333333382583e+00	-2.91100999999999998646e-01	-3.55255999999999960703e-01
-2.64646333333333361182e+00	-3.25573999999999974531e-01	-4.05484333333333335503e-01
-2.60155999999999965056e+00	-4.06462666666666638804e-01	-3.69106333333333314073e-01
-2.55392666666666690034e+00	-4.33775666666666726012e-01	-4.17576666666666651562e-01
-2.50813666666666668092e+00	-5.13131666666666652610e-01	-3.84712666666666702753e-01
-2.45661666666666667069e+00	-5.38045333333333375414e-01	-4.34290999999999982606e-01
-2.40763333333333351405e+00	-6.15956000000000059025e-01	-4.04093666666666628817e-01
-2.34757333333333351177e+00	-6.31881333333333405911e-01	-4.52553333333333362987e-01
-2.28761000000000036536e+00	-6.98432333333333321690e-01	-4.19571333333333351678e-01
-2.22187000000000001165e+00	-7.07556666666666722598e-01	-4.69910666666666643199e-01
-2.16010333333333370831e+00	-7.77072666666666633795e-01	-4.42160333333333321892e-01
-2.09497333333333335403e+00	-7.89769333333333434233e-01	-5.02559333333333246863e-01
-2.02569333333333334579e+00	-8.62525000000000097167e-01	-4.80020999999999975483e-01
-1.94886666666666674708e+00	-8.55690999999999868386e-01	-5.37839333333333335929e-01
-1.86464333333333343035e+00	-8.94701999999999997293e-01	-4.99371666666666602641e-01
-1.77980000000000004867e+00	-8.53864000000000067381e-01	-5.45483333333333320070e-01
-1.69739333333333330955e+00	-8.59782000000000046214e-01	-4.92868666666666677134e-01
-1.62261333333333346296e+00	-7.99116333333333428435e-01	-5.32896666666666685153e-01
-1.54788999999999998813e+00	-7.88887000000000004896e-01	-4.76268666666666729004e-01
-1.48494666666666685906e+00	-7.22496666666666675916e-01	-5.18893333333333317547e-01
-2.06057999999999985619e+00	9.42445666666666626021e-01	-3.83482000000000045059e-01
-2.10293666666666645426e+00	8.87578666666666626917e-01	-4.16924333333333396734e-01
-2.19945666666666683753e+00	8.81740666666666617068e-01	-3.74428666666666687401e-01
-2.23574666666666699300e+00	8.25029333333333281253e-01	-4.11592333333333282308e-01
-2.32579666666666673436e+00	8.07423666666666761671e-01	-3.73734666666666714985e-01
-2.36471000000000008967e+00	7.52014666666666720118e-01	-4.19691333333333360667e-01
-2.45249333333333341400e+00	7.25758666666666663048e-01	-3.86737666666666646265e-01
-2.48728333333333351263e+00	6.62407333333333347980e-01	-4.34525999999999967827e-01
-2.55931333333333332902e+00	6.18336333333333265649e-01	-3.96930333333333329460e-01
-2.58314666666666647998e+00	5.45738999999999974122e-01	-4.45175333333333311803e-01
-2.63443333333333340462e+00	4.91563999999999945434e-01	-4.04323666666666692304e-01
-2.65149333333333325768e+00	4.13905666666666671727e-01	-4.55940333333333336352e-01
-2.68237666666666685344e+00	3.55602666666666678008e-01	-4.13068999999999963979e-01
-2.68021333333333311444e+00	2.74062666666666621129e-01	-4.61601999999999901281e-01
-2.69015666666666675155e+00	2.15628999999999987347e-01	-4.14871999999999963027e-01
-2.69794000000000044892e+00	1.26941066666666685370e-01	-4.24010999999999971255e-01
-2.69460999999999950560e+00	8.98073333333333362338e-02	-4.78047666666666648538e-01
-2.71721999999999974662e+00	-8.76233333333333551385e-03	-4.50510333333333345962e-01
-2.70414666666666647643e+00	-5.07354666666666662134e-02	-5.06990666666666700557e-01
-2.70277666666666682715e+00	-1.48696066666666654177e-01	-4.76653666666666697704e-01
-2.65969333333333324276e+00	-1.87529399999999984994e-01	-5.24500666666666615079e-01
-2.63254000000000010218e+00	-2.74371333333333300430e-01	-4.87746999999999986120e-01
-2.57460999999999984311e+00	-3.06600999999999956902e-01	-5.32261999999999901867e-01
-2.54090000000000015845e+00	-3.85116666666666718211e-01	-4.98469666666666644250e-01
-2.47800000000000020250e+00	-4.14932999999999996277e-01	-5.44794666666666649313e-01
-2.43950666666666693416e+00	-4.88505666666666671372e-01	-5.13480000000000047500e-01
-2.37179000000000028692e+00	-5.15781999999999962725e-01	-5.63820666666666636679e-01
-2.32884000000000002117e+00	-5.81246999999999958142e-01	-5.33091333333333361466e-01
-2.25428333333333341670e+00	-6.02988999999999997215e-01	-5.87889333333333374831e-01
-2.20727666666666655360e+00	-6.62747666666666623847e-01	-5.57690666666666667872e-01
-2.12519333333333326763e+00	-6.78908333333333335879e-01	-6.19438000000000044132e-01
-2.07465666666666637141e+00	-7.36414000000000013024e-01	-5.92057000000000055451e-01
-1.97739333333333355824e+00	-7.72882333333333448877e-01	-6.13447999999999993292e-01
-1.92694666666666658550e+00	-7.54989666666666559003e-01	-6.70938333333333414288e-01
-1.81357666666666683675e+00	-7.96960333333333381667e-01	-6.41441333333333307820e-01
-1.75758999999999976360e+00	-7.55167666666666570485e-01	-6.87836333333333382889e-01
-1.64903333333333335098e+00	-7.51405666666666527398e-01	-6.31906333333333347646e-01
-1.60790000000000010694e+00	-6.78961333333333194595e-01	-6.56475333333333410657e-01
-1.51853666666666664575e+00	-6.60281666666666655630e-01	-6.00090333333333281196e-01
-1.48455666666666652453e+00	-5.87337666666666646798e-01	-6.31439666666666621353e-01
-1.94864666666666663808e+00	8.34368333333333378476e-01	-5.52652333333333412035e-01
-2.04891666666666649732e+00	8.46471666666666622270e-01	-5.05098999999999964672e-01
-2.09437999999999968637e+00	8.03542666666666627329e-01	-5.44994666666666627286e-01
-2.18468999999999979877e+00	7.87938333333333296160e-01	-4.93983666666666654255e-01
-2.23191666666666632679e+00	7.45639999999999969482e-01	-5.43955333333333235224e-01
-2.32188666666666643223e+00	7.27322000000000024045e-01	-5.07520666666666619982e-01
-2.36750333333333307095e+00	6.76413666666666579808e-01	-5.61186333333333453588e-01
-2.44511666666666682701e+00	6.37754999999999960814e-01	-5.21145333333333349302e-01
-2.47315333333333375876e+00	5.66854333333333237910e-01	-5.66850999999999993761e-01
-2.53915333333333315124e+00	5.18909333333333333549e-01	-5.28476666666666705652e-01
-2.55664999999999986713e+00	4.40104666666666644037e-01	-5.76766000000000000902e-01
-2.61770333333333349302e+00	3.89276000000000010903e-01	-5.45081333333333417634e-01
-2.61410333333333300132e+00	3.03215333333333336707e-01	-5.90137666666666671489e-01
-2.64573000000000035925e+00	2.46304999999999996163e-01	-5.49529666666666583019e-01
-2.65234333333333349714e+00	1.50737599999999999367e-01	-5.56836333333333377560e-01
-2.63118666666666678466e+00	1.11181900000000000173e-01	-6.04583666666666741385e-01
-2.66037999999999996703e+00	8.27849999999999940081e-03	-5.82275333333333366959e-01
-2.61621000000000014651e+00	-3.20452999999999987857e-02	-6.23813666666666599703e-01
-2.61689333333333351561e+00	-1.29892599999999996951e-01	-5.96376000000000128232e-01
-2.55723333333333302519e+00	-1.65437866666666683058e-01	-6.34344666666666667787e-01
-2.54210333333333338146e+00	-2.55304333333333355327e-01	-6.06984333333333236915e-01
-2.48031666666666650300e+00	-2.87917999999999951743e-01	-6.51251666666666673144e-01
-2.44992333333333300871e+00	-3.69030999999999942407e-01	-6.22854333333333287648e-01
-2.37970666666666685884e+00	-3.95687666666666659765e-01	-6.69253666666666635621e-01
-2.34006666666666696131e+00	-4.68866000000000004988e-01	-6.41534666666666697488e-01
-2.26655666666666677500e+00	-4.91228999999999971227e-01	-6.97572999999999887599e-01
-2.22372333333333349614e+00	-5.59886999999999912525e-01	-6.74656999999999951179e-01
-2.13965666666666676221e+00	-5.70888333333333330977e-01	-7.34487666666666760840e-01
-2.08813333333333339681e+00	-6.30151000000000016676e-01	-7.09467333333333338707e-01
-1.98714999999999997193e+00	-6.69763999999999914969e-01	-7.39576666666666771022e-01
-1.93630666666666662046e+00	-6.39416000000000095405e-01	-7.86873666666666693459e-01
-1.82011666666666660497e+00	-6.82849000000000039279e-01	-7.64630333333333300772e-01
-1.77137666666666682147e+00	-6.15724999999999966782e-01	-7.80560333333333300487e-01
-1.66771666666666651402e+00	-6.15599333333333276208e-01	-7.28335333333333334593e-01
-1.63550000000000017586e+00	-5.33564333333333307152e-01	-7.33440666666666629681e-01
-1.54170333333333342551e+00	-5.23982333333333216707e-01	-6.92929999999999934879e-01
-1.50961999999999996191e+00	-4.47515333333333320542e-01	-7.16788666666666629546e-01
-1.89482333333333330394e+00	7.71937666666666633120e-01	-6.36407999999999973717e-01
-1.94345999999999996533e+00	7.39420333333333346104e-01	-6.75167000000000072646e-01
-2.04274666666666648851e+00	7.58922000000000096520e-01	-6.31306999999999951534e-01
-2.08752333333333339738e+00	7.11652000000000062307e-01	-6.68024999999999979927e-01
-2.18638333333333312325e+00	7.13974333333333377460e-01	-6.31684333333333403182e-01
-2.23067666666666619690e+00	6.64811666666666689629e-01	-6.80697333333333376437e-01
-2.32182666666666692734e+00	6.45569000000000059458e-01	-6.46634000000000042085e-01
-2.35263333333333335418e+00	5.75671666666666692613e-01	-6.88501666666666678474e-01
-2.42634666666666687362e+00	5.35615666666666601081e-01	-6.48759666666666734436e-01
-2.43749333333333373375e+00	4.53325999999999951218e-01	-6.85188999999999936996e-01
-2.50179666666666689068e+00	4.05760000000000065068e-01	-6.51569666666666713617e-01
-2.49700333333333368557e+00	3.19450333333333336139e-01	-6.89896000000000064745e-01
-2.54825666666666661442e+00	2.67734333333333351934e-01	-6.60148666666666716907e-01
-2.55872666666666681579e+00	1.71268300000000012195e-01	-6.67288000000000103284e-01
-2.51805000000000012150e+00	1.30089433333333337472e-01	-6.99988666666666592420e-01
-2.54634000000000026986e+00	2.96792333333333324674e-02	-6.78822666666666685309e-01
-2.49316000000000004277e+00	-8.73930000000000019311e-03	-7.10929666666666570940e-01
-2.50336999999999987310e+00	-1.06009100000000008879e-01	-6.93889333333333357956e-01
-2.44709666666666647572e+00	-1.40503566666666662721e-01	-7.34693666666666689302e-01
-2.43917333333333319345e+00	-2.32546000000000002705e-01	-7.19416333333333324340e-01
-2.37197666666666684421e+00	-2.59763666666666670491e-01	-7.62202333333333315046e-01
-2.34290333333333355981e+00	-3.41792333333333309131e-01	-7.40437000000000011823e-01
-2.26469666666666702426e+00	-3.57882000000000033424e-01	-7.84190999999999971415e-01
-2.22799000000000013699e+00	-4.34140333333333294785e-01	-7.69046000000000007368e-01
-2.14278333333333348421e+00	-4.39022999999999996579e-01	-8.22057000000000037687e-01
-2.09728333333333338828e+00	-5.07113000000000035961e-01	-8.10414666666666616557e-01
-1.99491666666666667140e+00	-5.36027666666666680051e-01	-8.32691333333333338906e-01
-1.94453999999999993520e+00	-4.91387999999999991463e-01	-8.58064666666666808759e-01
-1.83718999999999987871e+00	-5.27652333333333389831e-01	-8.28177000000000052005e-01
-1.79259666666666661605e+00	-4.61413999999999990820e-01	-8.36826999999999987523e-01
-1.69456666666666677656e+00	-4.67451666666666654226e-01	-7.94315666666666753137e-01
-1.66098000000000012299e+00	-3.93287333333333322116e-01	-8.04290333333333329335e-01
-1.56983000000000028074e+00	-3.82932999999999967855e-01	-7.67274000000000011568e-01
-1.54147666666666682822e+00	-3.04559666666666617463e-01	-7.88357333333333354375e-01
-1.69641333333333332867e+00	5.48560666666666696401e-01	-7.79017333333333339418e-01
-1.76501333333333332298e+00	6.31815333333333284394e-01	-7.47392333333333325207e-01
-1.83275666666666658955e+00	6.12338333333333317832e-01	-7.80990999999999879755e-01
-1.91088666666666662231e+00	6.65669999999999983942e-01	-7.47713000000000072021e-01
-1.98360999999999987331e+00	6.28147000000000121922e-01	-7.86571333333333289062e-01
-2.06096000000000012520e+00	6.54627333333333338850e-01	-7.50743333333333318080e-01
-2.15524666666666675496e+00	6.22966000000000019732e-01	-7.56134666666666621637e-01
-2.17593333333333305291e+00	5.68711333333333346474e-01	-7.91059999999999985398e-01
-2.28217000000000025395e+00	5.40659666666666649526e-01	-7.57490333333333265564e-01
-2.29171666666666640211e+00	4.69953999999999982862e-01	-7.87244333333333323743e-01
-2.37332666666666680655e+00	4.22676333333333265063e-01	-7.54684999999999939213e-01
-2.36564000000000040913e+00	3.41065666666666655882e-01	-7.83381666666666642840e-01
-2.42501333333333368714e+00	2.85405666666666668618e-01	-7.52212000000000102773e-01
-2.43558999999999992170e+00	1.92510800000000009691e-01	-7.55165333333333244070e-01
-2.39578999999999986414e+00	1.52162133333333310370e-01	-7.86257666666666743538e-01
-2.42506999999999983686e+00	5.13222333333333349814e-02	-7.63187999999999977518e-01
-2.37667000000000028237e+00	1.09746666666666672918e-02	-8.01426333333333240638e-01
-2.38848666666666664682e+00	-8.35813333333333269293e-02	-7.89972333333333387451e-01
-2.32164999999999999147e+00	-1.18958766666666673761e-01	-8.27794666666666678623e-01
-2.31306333333333347113e+00	-2.03098666666666677338e-01	-8.15301999999999971180e-01
-2.24297000000000013031e+00	-2.68324666666666711290e-01	-8.31318666666666650222e-01
-2.18433666666666637113e+00	-2.54133666666666646616e-01	-8.56442333333333305490e-01
-2.12085666666666661229e+00	-3.48573666666666726055e-01	-8.62325666666666657001e-01
-2.05479999999999973781e+00	-3.22785333333333313011e-01	-8.93243666666666769061e-01
-1.97851999999999983437e+00	-3.89153333333333406596e-01	-8.90286999999999939526e-01
-1.90567666666666668540e+00	-3.36524333333333369733e-01	-9.02031666666666676058e-01
-1.82710333333333352357e+00	-3.72520666666666722122e-01	-8.78459333333333369787e-01
-1.73785666666666660518e+00	-3.32855666666666660802e-01	-8.60044333333333299585e-01
-1.71931333333333324909e+00	-2.69842999999999999527e-01	-8.75564999999999926672e-01
-1.61408333333333331439e+00	-2.51901333333333310449e-01	-8.40894333333333299230e-01
-1.60292333333333325562e+00	-1.78621666666666678580e-01	-8.56234666666666588419e-01
-1.69636000000000009003e+00	4.38768666666666640186e-01	-8.36061000000000054122e-01
-1.75631666666666674814e+00	4.30891333333333348410e-01	-8.61987000000000058719e-01
-1.82411333333333325335e+00	5.21206333333333327040e-01	-8.38542000000000009585e-01
-1.89541000000000003922e+00	4.91292666666666655306e-01	-8.62985000000000002096e-01
-1.97677666666666662643e+00	5.44901666666666617544e-01	-8.44292333333333311352e-01
-2.07481333333333317626e+00	5.17127333333333272236e-01	-8.43389666666666593109e-01
-2.09376666666666677585e+00	4.55985333333333298089e-01	-8.64209999999999922693e-01
-2.20443333333333324475e+00	4.36863666666666705662e-01	-8.41634333333333373162e-01
-2.21204999999999962768e+00	3.61188333333333388975e-01	-8.70603666666666664575e-01
-2.29164666666666683170e+00	3.12668000000000001481e-01	-8.44910333333333429806e-01
-2.31122000000000005215e+00	2.16659333333333314897e-01	-8.44833000000000056140e-01
-2.27197333333333295613e+00	1.74174666666666672077e-01	-8.73134999999999994458e-01
-2.30814333333333321363e+00	6.93298999999999998600e-02	-8.52797999999999944976e-01
-2.24850666666666665350e+00	2.88077000000000020552e-02	-8.81472000000000033282e-01
-2.25019666666666662280e+00	-6.49249666666666669368e-02	-8.67922666666666509094e-01
-2.18297666666666634327e+00	-1.34873866666666675229e-01	-8.80553666666666678964e-01
-2.12639999999999984581e+00	-1.22253866666666669016e-01	-9.06908333333333316340e-01
-2.06170333333333299919e+00	-2.15725333333333324504e-01	-9.13714999999999943903e-01
-1.99303999999999992276e+00	-1.82023000000000018117e-01	-9.32318666666666628906e-01
-1.91329333333333306832e+00	-2.36454000000000025272e-01	-9.23591999999999857529e-01
-1.84327666666666645234e+00	-1.68646366666666658318e-01	-9.27381000000000010886e-01
-1.76836333333333328710e+00	-1.92461699999999985566e-01	-9.14956000000000102546e-01
-1.68911000000000011134e+00	-1.33911033333333345796e-01	-8.98638666666666696692e-01
-1.68519333333333332092e+00	-5.42194333333333236546e-02	-8.99700999999999972978e-01
-1.60239666666666669137e+00	-1.35789999999999955876e-02	-8.74388999999999971813e-01
-1.71501999999999998892e+00	2.22950000000000009281e-01	-9.07366333333333385802e-01
-1.76993666666666649157e+00	3.05775999999999992252e-01	-9.03415999999999996817e-01
-1.83057666666666674082e+00	2.94880000000000030980e-01	-9.11294999999999966178e-01
-1.88825333333333333918e+00	3.90081666666666659893e-01	-8.94308999999999909569e-01
-1.98857333333333330394e+00	3.82548666666666647984e-01	-8.96436666666666659431e-01
-2.00952000000000019497e+00	3.25821666666666676093e-01	-9.14893999999999985029e-01
-2.12232999999999982776e+00	3.23583000000000009511e-01	-9.11636666666666539705e-01
-2.16267999999999993577e+00	2.32578000000000034708e-01	-9.14245333333333243253e-01
-2.12198666666666690972e+00	1.87287666666666657855e-01	-9.31183333333333251858e-01
-2.17164333333333336995e+00	8.83621333333333286442e-02	-9.18747000000000091369e-01
-2.11675666666666684179e+00	7.24946666666666673234e-03	-9.31552333333333315579e-01
-2.05993333333333339397e+00	1.89035333333333332995e-02	-9.54683333333333217219e-01
-2.00091333333333309952e+00	-7.68974666666666639703e-02	-9.48643000000000014005e-01
-1.90212333333333316610e+00	-6.86761666666666631409e-02	-9.47649666666666612436e-01
-1.88149000000000010679e+00	-1.02510333333333345657e-02	-9.58364666666666642492e-01
-1.77258333333333339965e+00	-8.66863333333333513364e-03	-9.35050999999999965517e-01
-1.73067333333333350787e+00	7.99347333333333270877e-02	-9.22452999999999967429e-01
-1.76812333333333349117e+00	1.27149133333333330675e-01	-9.33600666666666634264e-01
-1.87363666666666683902e+00	2.06790333333333326005e-01	-9.37435000000000129283e-01
-1.95226000000000010637e+00	2.45264999999999983027e-01	-9.38906333333333287250e-01
-2.02437666666666649107e+00	1.97735999999999995103e-01	-9.52586999999999961553e-01
-2.01720999999999994756e+00	1.10464533333333336795e-01	-9.63281666666666591681e-01
-1.93755666666666659381e+00	7.30886666666666767744e-02	-9.67956333333333307500e-01
-1.86610000000000009202e+00	1.21885466666666664182e-01	-9.55790333333333297361e-01
-6.91647999999999929521e-01	1.67006000000000029426e-02	4.67228999999999949910e-01
-7.07470666666666581079e-01	-1.56110866666666681102e-01	4.96068000000000008942e-01
-7.55358333333333242798e-01	-6.05417333333333404499e-02	4.84025333333333307451e-01
-6.80568666666666488574e-01	-3.31879333333333359501e-01	4.90560999999999969301e-01
-7.54804666666666679298e-01	-2.30085333333333336148e-01	4.93955666666666626252e-01
-7.03171333333333259397e-01	1.69591999999999992754e-01	3.47325666666666643678e-01
-6.87440666666666699847e-01	-5.20153333333333356414e-01	4.00940333333333287502e-01
-7.28440666666666736262e-01	2.41970666666666667233e-01	1.93500366666666673288e-01
-7.57959333333333318272e-01	2.13371333333333357274e-01	2.75753333333333350286e-01
-7.26497333333333217276e-01	-6.74339666666666670558e-01	2.51356333333333348268e-01
-7.59683333333333377091e-01	-5.96369000000000037964e-01	3.22133999999999975916e-01
-7.29970000000000118767e-01	2.87641333333333359956e-01	-1.55780566666666678982e-02
-7.41643666666666701026e-01	-7.71890333333333344967e-01	4.53793000000000043559e-02
-7.65092666666666754161e-01	-7.25077000000000082558e-01	1.47865099999999999314e-01
-7.35439000000000064894e-01	2.78277333333333320997e-01	-1.95142000000000009896e-01
-7.44753000000000109360e-01	2.92761333333333373385e-01	-8.08157566666666687949e-02
-7.38609999999999988773e-01	-7.74843000000000059480e-01	-1.84850133333333332963e-01
-7.69769666666666796395e-01	-7.81871333333333473625e-01	-5.36903666666666626317e-02
-6.56324999999999936229e-01	2.15097666666666659241e-01	-3.96791333333333329225e-01
-7.03188666666666684080e-01	-6.24910666666666725355e-01	-4.47090000000000042935e-01
-6.62035333333333309014e-01	-4.76617666666666606190e-02	-4.87367999999999967908e-01
-6.25464666666666668782e-01	-1.93931999999999993278e-01	-5.46703999999999967763e-01
-7.52395666666666684819e-01	-1.79377666666666657491e-01	-5.44634333333333331417e-01
-7.03755999999999937167e-01	-4.28807333333333318137e-01	-5.50201666666666588945e-01
-7.37357666666666689004e-01	-3.33633333333333281789e-01	-5.63265333333333284571e-01
-7.31580000000000008065e-01	-5.13114999999999987779e-01	-5.23107666666666748512e-01
-1.47303666666666654983e+00	1.25147133333333354654e-01	8.77203999999999872728e-01
-1.45692999999999983629e+00	-1.14541333333333331806e-02	8.59202333333333512222e-01
-1.49479000000000006310e+00	5.00252666666666720441e-02	8.71684666666666552182e-01
-1.49216666666666664121e+00	3.10361999999999971234e-01	8.65230999999999972339e-01
-1.44654666666666664732e+00	-1.48140066666666680995e-01	8.35607000000000099682e-01
-1.48431666666666650656e+00	-8.84092666666666665565e-02	8.47841999999999984539e-01
-1.50709333333333339588e+00	3.98530666666666644193e-01	8.37896666666666622980e-01
-1.36078000000000010061e+00	-2.73209666666666628476e-01	7.98722000000000043052e-01
-1.44352333333333326948e+00	-2.28390666666666658502e-01	8.15622666666666717994e-01
-1.52057333333333333236e+00	4.79917666666666686837e-01	7.98816999999999999282e-01
-1.31442999999999998728e+00	-3.49208000000000018392e-01	7.48022333333333455663e-01
-1.59250333333333338182e+00	6.29288333333333338437e-01	7.27741333333333351163e-01
-1.34339333333333321718e+00	-5.23702000000000000846e-01	6.40923666666666669300e-01
-1.63182666666666675859e+00	7.62768000000000001570e-01	6.69728333333333369914e-01
-1.65319333333333329250e+00	6.82739666666666633610e-01	7.11079999999999934346e-01
-1.34257999999999988461e+00	-6.36836000000000068688e-01	5.27618666666666680243e-01
-1.40204000000000017501e+00	-6.03352666666666648254e-01	5.91173000000000059551e-01
-7.54502333333333385923e-01	-4.55554999999999987725e-01	4.31595666666666655242e-01
-7.57890333333333443555e-01	-3.78785666666666687163e-01	4.73392333333333359402e-01
-7.50516999999999989690e-01	8.20521333333333463544e-02	4.39070333333333284731e-01
-7.49553333333333404731e-01	1.43347000000000002196e-01	3.91345333333333378345e-01
-1.67441333333333353117e+00	8.44681666666666663978e-01	6.18847999999999953680e-01
-1.34834333333333344918e+00	-7.30152666666666672057e-01	3.87799333333333329232e-01
-1.37541666666666650976e+00	-6.99717666666666571196e-01	4.55240333333333413446e-01
-1.80456333333333351909e+00	9.27375333333333329300e-01	5.58396333333333383386e-01
-1.90548333333333341777e+00	9.59192999999999962313e-01	5.32631333333333345514e-01
-1.31920999999999999375e+00	-7.72467000000000125759e-01	2.44404999999999983373e-01
-1.37479666666666666686e+00	-7.71424666666666758452e-01	3.13874333333333310758e-01
-2.02634333333333360727e+00	1.07418999999999997819e+00	4.04691333333333347344e-01
-1.31087333333333333485e+00	-8.33642666666666642961e-01	8.75282333333333301129e-02
-1.32992333333333334622e+00	-8.14376333333333257691e-01	1.59714866666666649442e-01
-7.40981000000000000760e-01	2.65765333333333353405e-01	1.37284033333333305160e-01
-7.70354666666666632047e-01	3.02469666666666692212e-01	5.90632766666666642053e-02
-2.02163000000000003809e+00	1.12528666666666654628e+00	1.59518999999999994133e-01
-1.32807000000000008377e+00	-8.48636666666666594772e-01	-7.74296333333333308691e-02
-1.35687000000000002053e+00	-8.67084333333333234783e-01	-6.96143333333333613755e-03
-2.15749333333333348506e+00	1.10475000000000012079e+00	-1.10766000000000006814e-02
-1.33940000000000014602e+00	-8.08666333333333375855e-01	-2.35436333333333358553e-01
-1.36741666666666650265e+00	-8.40999999999999858780e-01	-1.74572999999999978193e-01
-7.65555333333333254409e-01	-7.48206333333333417634e-01	-2.66633999999999982133e-01
-7.60688666666666679639e-01	-6.85193666666666700849e-01	-3.79928000000000043457e-01
-2.08070666666666648226e+00	1.09193666666666655551e+00	-1.82265966666666640039e-01
-2.14857666666666657918e+00	1.09498666666666655267e+00	-1.13964933333333337528e-01
-1.32543000000000010807e+00	-7.60263333333333179986e-01	-3.29469999999999985096e-01
-7.47355000000000102567e-01	2.77480333333333328838e-01	-2.32720666666666659017e-01
-1.95960666666666671887e+00	1.03998666666666683689e+00	-3.24688333333333301045e-01
-2.04407333333333296466e+00	1.05672333333333345884e+00	-2.70133333333333336412e-01
-1.35193333333333320923e+00	-6.53938999999999936996e-01	-5.17246333333333363491e-01
-1.88541000000000003034e+00	9.42555333333333411616e-01	-4.36116000000000003656e-01
-1.96032999999999990592e+00	9.71982666666666772493e-01	-3.95872333333333326078e-01
-1.35936333333333325690e+00	-5.91645666666666625311e-01	-5.97608666666666787926e-01
-6.71151000000000053092e-01	1.19851666666666700073e-02	-4.77746666666666708334e-01
-6.82907333333333421699e-01	1.03167266666666687658e-01	-4.46573000000000053245e-01
-7.59742333333333186296e-01	2.33144000000000017891e-01	-3.64471333333333369353e-01
-7.64963999999999977319e-01	2.69569333333333327474e-01	-3.07547999999999988052e-01
-1.78519000000000005457e+00	8.51055666666666765785e-01	-5.51527333333333369403e-01
-1.87949999999999994849e+00	8.67675000000000085087e-01	-5.09729666666666747510e-01
-1.35763333333333324759e+00	-4.64253666666666620078e-01	-6.88661999999999996369e-01
-1.38673333333333315132e+00	-5.54603999999999985882e-01	-6.30099999999999993427e-01
-1.68913333333333337549e+00	7.41215333333333337151e-01	-6.57884000000000024322e-01
-1.40856000000000025629e+00	-3.31127000000000004665e-01	-7.50794333333333341329e-01
-1.42337333333333337926e+00	-4.20520333333333329318e-01	-7.13860333333333318961e-01
-1.66035333333333312567e+00	6.64446333333333361004e-01	-7.05810666666666697289e-01
-1.44640333333333326316e+00	-1.96005333333333336965e-01	-7.99376333333333355391e-01
-1.46645333333333316439e+00	-2.79748666666666645497e-01	-7.74805999999999994721e-01
-1.62741666666666673358e+00	5.09247000000000116238e-01	-7.74240333333333197174e-01
-1.65598333333333336270e+00	5.68934333333333430716e-01	-7.51946333333333272186e-01
-1.45913666666666674843e+00	-2.43375666666666712334e-02	-8.33210000000000117204e-01
-1.57503666666666664042e+00	4.36789333333333307241e-01	-7.95608666666666741740e-01
-1.46865999999999985448e+00	6.17977666666666702877e-02	-8.43349666666666664128e-01
-1.47791999999999990045e+00	1.47118733333333334690e-01	-8.45422666666666766666e-01
-1.53079333333333345024e+00	1.88787999999999983602e-01	8.98898333333333354744e-01
-1.53998666666666661484e+00	2.80779999999999974047e-01	8.87576666666666569405e-01
-1.65046666666666674850e+00	4.84083666666666634359e-01	8.20512666666666667936e-01
-1.58912000000000008804e+00	5.23124666666666682247e-01	7.83615666666666821349e-01
-1.45051000000000018808e+00	-4.31750999999999995893e-01	7.35836333333333314499e-01
-1.37380666666666662046e+00	-4.33375333333333390140e-01	7.07309333333333345450e-01
-1.79907666666666687938e+00	8.00162333333333308794e-01	6.46993666666666578102e-01
-1.74823666666666643899e+00	8.65293333333333358759e-01	6.03599666666666645476e-01
-1.95690999999999992731e+00	9.58424666666666702497e-01	5.50263999999999975365e-01
-2.04549000000000047450e+00	1.00829266666666672592e+00	5.13880666666666652276e-01
-2.17064000000000012491e+00	1.05288999999999988155e+00	2.97651999999999972157e-01
-2.18160999999999960508e+00	1.09368000000000020755e+00	6.15883666666666648726e-02
-1.38735000000000030518e+00	-7.07065333333333434496e-01	-4.70180666666666635667e-01
-1.38144666666666648958e+00	-7.63405333333333380175e-01	-3.73545666666666720257e-01
-1.80153999999999991921e+00	7.78994999999999993001e-01	-6.31276666666666597116e-01
-1.75336333333333338480e+00	7.28957999999999994856e-01	-6.72394666666666585009e-01
-1.51026666666666642413e+00	-1.47536666666666677061e-01	-8.28268000000000004235e-01
-1.51365666666666665030e+00	-6.21856000000000005978e-02	-8.45360000000000000320e-01
-1.60355000000000003091e+00	3.86684666666666732038e-01	-8.30358333333333420434e-01
-1.62069666666666667432e+00	7.91260000000000018883e-02	-8.85841666666666527341e-01
-1.62579000000000006843e+00	1.77475733333333329789e-01	-8.81685000000000052012e-01
-2.07302333333333344001e+00	1.09266333333333331979e+00	2.83124333333333311202e-01
-2.15347333333333335048e+00	1.07603666666666675233e+00	2.33505333333333342516e-01
-1.56223000000000022958e+00	2.07939733333333348630e-01	-8.60155333333333271817e-01
-1.54502999999999990344e+00	3.26445333333333309600e-01	-8.38705000000000033822e-01
