8.92627999999999977021e-01	9.71139000000000029988e-02	1.08858999999999994657e+00
9.39321500000000031427e-01	4.34799500000000033184e-02	1.08339000000000007518e+00
9.57626500000000047130e-01	1.08109049999999998204e-01	1.09911000000000003141e+00
8.30796499999999937813e-01	8.45859000000000055275e-02	1.06923000000000012477e+00
8.49101499999999953516e-01	1.49214999999999986535e-01	1.08495000000000008100e+00
8.10115499999999988390e-01	2.11559350000000007119e-02	1.06607500000000010587e+00
7.66588999999999964885e-01	7.32570349999999981261e-02	1.06243500000000001826e+00
8.52974499999999968836e-01	-2.91932500000000004492e-02	1.05094500000000001805e+00
7.88766999999999995907e-01	-4.05221149999999974423e-02	1.04415000000000013358e+00
9.16979999999999906279e-01	-1.87004499999999969362e-02	1.05676000000000014367e+00
8.95631499999999913797e-01	-8.03784999999999916209e-02	1.03483500000000017138e+00
9.81978500000000087411e-01	-7.70529999999999826166e-03	1.06728000000000000647e+00
1.04302000000000005819e+00	1.35118550000000003930e-01	1.09654000000000007020e+00
1.07569500000000006779e+00	6.67189499999999990898e-02	1.09975000000000000533e+00
1.11439500000000002444e+00	1.47362400000000004496e-01	1.10238000000000013756e+00
9.96326500000000003787e-01	1.88752499999999989733e-01	1.10173999999999994159e+00
9.36301999999999967628e-01	2.31200000000000016609e-01	1.09595500000000001251e+00
1.02169550000000008971e+00	2.58209499999999980702e-01	1.09338500000000005130e+00
8.66132000000000012996e-01	2.32211000000000000743e-01	1.08553499999999991665e+00
8.91501000000000098922e-01	3.01667999999999991712e-01	1.07717999999999980432e+00
8.04300500000000084810e-01	2.19682999999999989393e-01	1.06617499999999987281e+00
7.45599499999999970612e-01	1.87641500000000016612e-01	1.05161000000000015575e+00
7.62630000000000030091e-01	2.70637499999999975309e-01	1.05219499999999999140e+00
7.06969500000000028450e-01	1.30685500000000009990e-01	1.05048999999999992383e+00
6.65299000000000084754e-01	1.81639999999999995905e-01	1.03651000000000004242e+00
6.86288500000000079027e-01	6.72555350000000051747e-02	1.04733499999999990493e+00
6.80837000000000025501e-01	-1.21756499999999944633e-03	1.05127999999999999226e+00
6.21217499999999978044e-01	5.62109000000000011421e-02	1.03933499999999989782e+00
7.10812500000000069278e-01	-6.14999650000000036565e-02	1.03455999999999992411e+00
6.45741499999999968296e-01	-7.25446000000000007502e-02	1.02655999999999991701e+00
7.53671500000000049724e-01	-1.11849150000000008287e-01	1.01943000000000005834e+00
8.09374999999999955591e-01	-1.48803650000000009523e-01	1.00703450000000005460e+00
7.31420500000000028962e-01	-1.69781500000000001860e-01	9.97444500000000067175e-01
8.75663499999999928036e-01	-1.56063649999999998208e-01	1.00863650000000015794e+00
8.53412500000000018296e-01	-2.13996000000000019536e-01	9.86650999999999944734e-01
9.39668999999999976502e-01	-1.45570850000000001634e-01	1.01445150000000006152e+00
1.00118850000000003675e+00	-1.18085349999999991710e-01	1.02014500000000007951e+00
9.81220500000000050989e-01	-1.93770500000000012175e-01	9.93946500000000066066e-01
1.04242349999999994736e+00	-6.61562499999999997780e-02	1.04333000000000009067e+00
1.08397500000000013287e+00	-1.14355899999999996441e-01	1.02282500000000009521e+00
1.06476499999999996149e+00	-3.97584999999999952336e-03	1.06996000000000002217e+00
1.13614000000000014978e+00	8.26800000000000104294e-03	1.07580000000000008953e+00
1.18986500000000017252e+00	1.60747899999999999121e-01	1.07965500000000003133e+00
1.21411000000000002252e+00	9.23334000000000099107e-02	1.07902999999999993364e+00
1.25690500000000016101e+00	1.74118500000000009376e-01	1.05309499999999989228e+00
1.15718999999999994088e+00	2.29147500000000003961e-01	1.07644500000000009621e+00
1.10780000000000011795e+00	2.81390000000000028990e-01	1.06455999999999995076e+00
1.18327000000000004398e+00	2.94775499999999968104e-01	1.04183499999999984453e+00
1.04777549999999997077e+00	3.23837500000000000355e-01	1.05877499999999979963e+00
9.86350500000000129930e-01	3.58031500000000002526e-01	1.04753000000000007219e+00
1.07245500000000015817e+00	3.81211999999999995303e-01	1.01870499999999997165e+00
9.17606000000000032735e-01	3.69937000000000015820e-01	1.04960999999999993193e+00
9.42285500000000109111e-01	4.27311500000000010768e-01	1.00953999999999988191e+00
8.47436000000000078103e-01	3.70947999999999999954e-01	1.03919000000000005812e+00
7.77598000000000011411e-01	3.56338999999999961332e-01	1.03805999999999998273e+00
8.03703000000000056247e-01	4.24607999999999985441e-01	1.01048999999999988830e+00
7.18897000000000008235e-01	3.24297500000000016307e-01	1.02349500000000004363e+00
6.61528000000000004910e-01	2.90297499999999986109e-01	1.02131499999999997286e+00
6.76495999999999986230e-01	3.75998999999999972133e-01	1.00717999999999996419e+00
6.16079999999999960991e-01	2.36472000000000015518e-01	1.03031499999999986983e+00
5.73679000000000050008e-01	2.88173499999999971344e-01	1.01399999999999979039e+00
5.77450000000000018829e-01	1.79516000000000008896e-01	1.02919500000000008200e+00
5.53719500000000031115e-01	1.13734000000000001762e-01	1.02526500000000009294e+00
5.04500500000000018375e-01	1.68565999999999993619e-01	1.01906999999999992035e+00
5.48267999999999977589e-01	4.52608999999999997432e-02	1.02920999999999995822e+00
5.48122500000000067999e-01	-2.44090999999999995473e-02	1.03287499999999998757e+00
4.80624500000000010047e-01	3.31140000000000045421e-02	1.01880499999999996064e+00
5.73655500000000095895e-01	-8.76301000000000024359e-02	1.02071249999999991154e+00
5.06012000000000017330e-01	-9.97770000000000045759e-02	1.01030749999999991395e+00
6.03631000000000028649e-01	-1.47912500000000002309e-01	1.00399250000000006544e+00
6.50126500000000051571e-01	-1.97668999999999983608e-01	9.91533500000000067587e-01
5.78040499999999957126e-01	-2.12754500000000013049e-01	9.85685999999999951093e-01
7.05829999999999957438e-01	-2.34623499999999984844e-01	9.79137999999999952827e-01
7.64723000000000041609e-01	-2.63062000000000018041e-01	9.66812000000000004718e-01
6.83429000000000064219e-01	-2.90949499999999972033e-01	9.60901000000000005130e-01
8.31082000000000098439e-01	-2.74114000000000024304e-01	9.63688499999999947931e-01
8.08680999999999983174e-01	-3.30440000000000011493e-01	9.45451500000000000234e-01
8.97370500000000070884e-01	-2.81374000000000012989e-01	9.65290500000000051273e-01
9.61460500000000051202e-01	-2.67241000000000006320e-01	9.56253500000000089543e-01
9.39130000000000020322e-01	-3.27359000000000011088e-01	9.33291000000000092740e-01
1.02298000000000000043e+00	-2.39755500000000010274e-01	9.61946999999999996511e-01
1.08136000000000009891e+00	-2.08650000000000002132e-01	9.65697499999999986464e-01
1.06159999999999987708e+00	-2.82120499999999996277e-01	9.28004500000000009940e-01
1.12772499999999986642e+00	-1.62557499999999993667e-01	9.78860999999999981114e-01
1.16634499999999996511e+00	-2.04922500000000007425e-01	9.44918499999999994543e-01
1.16895999999999999908e+00	-1.10628400000000001735e-01	1.00204599999999999227e+00
1.19869500000000006601e+00	-5.02787999999999984935e-02	1.03627000000000002444e+00
1.24244500000000002160e+00	-9.84803999999999957193e-02	9.92305999999999910344e-01
1.20962499999999995026e+00	2.04160000000000001197e-02	1.06606000000000000760e+00
1.27666499999999993875e+00	3.37865999999999999659e-02	1.03949999999999986855e+00
1.32413500000000006196e+00	1.83397500000000018838e-01	1.01467949999999995647e+00
1.34683500000000000441e+00	1.16310500000000011100e-01	1.01858399999999993391e+00
1.38981999999999983331e+00	1.94004000000000009774e-01	9.80793499999999984773e-01
1.29988999999999998991e+00	2.51812000000000035804e-01	1.01530450000000005417e+00
1.25777500000000008740e+00	3.05712499999999998135e-01	1.00114649999999993923e+00
1.32500499999999998835e+00	3.14991499999999979842e-01	9.62731000000000003425e-01
1.20838500000000004242e+00	3.57955000000000023164e-01	9.89261500000000015831e-01
1.15500000000000002665e+00	3.99689999999999989733e-01	9.77042999999999883798e-01
1.22950500000000007006e+00	4.10626999999999964253e-01	9.36354499999999978499e-01
1.09357499999999996376e+00	4.33883999999999991903e-01	9.65797999999999934317e-01
1.03225500000000014467e+00	4.63544500000000025963e-01	9.56860500000000002707e-01
1.11480000000000001315e+00	4.82022500000000020393e-01	9.15198500000000025878e-01
9.64764000000000065960e-01	4.83539500000000010971e-01	9.68547500000000005649e-01
9.85989000000000004320e-01	5.31677999999999983949e-01	9.17947999999999986187e-01
8.96019499999999968765e-01	4.95445000000000024265e-01	9.70627499999999976410e-01
8.27326500000000075730e-01	5.00241500000000005599e-01	9.86986499999999988830e-01
8.49805000000000032578e-01	5.56469499999999950290e-01	9.45994000000000001549e-01
7.57488500000000009038e-01	4.85632500000000022489e-01	9.85856500000000024464e-01
6.91656999999999966278e-01	4.60426999999999975177e-01	9.80547999999999975174e-01
7.15280499999999985761e-01	5.36060500000000050846e-01	9.57044500000000075701e-01
6.34287999999999962952e-01	4.26427000000000000490e-01	9.78367999999999904404e-01
5.77853999999999978776e-01	3.88599499999999986599e-01	9.73613999999999979451e-01
5.93015000000000069846e-01	4.73027499999999934133e-01	9.46981999999999990436e-01
5.27355000000000018190e-01	3.44099999999999961453e-01	9.92439999999999988844e-01
4.86082000000000014062e-01	3.90700500000000006118e-01	9.61053999999999963855e-01
4.81906999999999974271e-01	2.90274499999999990862e-01	1.00143999999999988582e+00
4.48020500000000043705e-01	2.25870999999999988450e-01	1.00481199999999981642e+00
4.01696500000000011887e-01	2.81797499999999978559e-01	9.83252000000000014879e-01
4.24290000000000000480e-01	1.60089000000000009072e-01	1.00088199999999982737e+00
4.08356999999999970008e-01	9.03522499999999950671e-02	9.99183999999999961084e-01
3.51876999999999995339e-01	1.47657250000000017653e-01	9.84925999999999968182e-01
4.08211500000000004906e-01	2.06822500000000027154e-02	1.00284899999999987941e+00
4.10313499999999997669e-01	-4.97703999999999924242e-02	1.00700699999999998546e+00
3.38046000000000013141e-01	7.46785000000000503961e-03	9.87385999999999985910e-01
4.33212500000000000355e-01	-1.17078000000000001513e-01	1.00887550000000003614e+00
3.63047000000000008590e-01	-1.30292400000000002658e-01	9.93412500000000031619e-01
4.58745500000000028251e-01	-1.80298999999999987054e-01	9.96712999999999960110e-01
5.00919000000000003148e-01	-2.36499999999999988010e-01	9.85333499999999973262e-01
4.28119499999999986173e-01	-2.53800999999999998824e-01	9.83901499999999984425e-01
5.47414500000000026070e-01	-2.86256500000000024819e-01	9.72874499999999975408e-01
6.00514999999999909974e-01	-3.24619500000000005269e-01	9.51297499999999907061e-01
5.23393499999999955996e-01	-3.48365000000000035740e-01	9.50944999999999929230e-01
6.59407999999999994145e-01	-3.53057999999999982954e-01	9.38971499999999958952e-01
7.20442999999999944549e-01	-3.77073500000000005894e-01	9.26199999999999912248e-01
6.37529000000000012349e-01	-4.10743500000000039130e-01	9.16596500000000036223e-01
7.86699000000000037147e-01	-3.88357999999999981000e-01	9.22938499999999995005e-01
7.64820000000000055351e-01	-4.46043500000000037176e-01	9.00563500000000072276e-01
8.53058000000000093976e-01	-3.99410000000000042775e-01	9.19815000000000049241e-01
9.17892500000000000071e-01	-3.93989000000000033630e-01	9.12907499999999982876e-01
8.95910500000000054044e-01	-4.51907000000000003137e-01	8.90394499999999977646e-01
9.81982499999999980389e-01	-3.79855999999999971450e-01	9.03870500000000021146e-01
1.04432999999999998053e+00	-3.61346999999999973774e-01	9.04662500000000036060e-01
1.02309249999999996028e+00	-4.27976999999999996316e-01	8.84279000000000037218e-01
1.10082999999999997520e+00	-3.26229500000000005588e-01	8.99027999999999938296e-01
1.14193999999999995509e+00	-3.74350500000000030454e-01	8.79436499999999954369e-01
1.15920999999999985164e+00	-2.95123999999999997446e-01	9.02778499999999928249e-01
1.21012500000000011724e+00	-2.52661999999999997701e-01	9.20281000000000015682e-01
1.24935499999999999332e+00	-2.96771000000000007013e-01	8.91304499999999944038e-01
1.25648999999999988475e+00	-2.06569500000000016993e-01	9.33444500000000010331e-01
1.29353000000000006864e+00	-1.52024999999999993472e-01	9.52408499999999991203e-01
1.33730999999999999872e+00	-1.99764500000000011504e-01	9.27771000000000012342e-01
1.32326500000000013557e+00	-9.16753999999999902304e-02	9.86632500000000023377e-01
1.34491500000000008264e+00	-2.54137499999999988409e-02	1.00637500000000001954e+00
1.39599999999999990763e+00	-7.89583499999999965935e-02	9.66477499999999989377e-01
1.34940000000000015490e+00	4.65036500000000005417e-02	1.01934499999999994557e+00
1.41508499999999992625e+00	5.71101499999999984158e-02	9.85458999999999973873e-01
1.46286499999999985988e+00	2.09122000000000002329e-01	9.53549500000000049837e-01
1.48416999999999998927e+00	1.38089500000000003910e-01	9.56742999999999899075e-01
1.53451499999999985135e+00	2.20294500000000004203e-01	9.25594499999999986706e-01
1.44016499999999991743e+00	2.76209000000000037822e-01	9.49645000000000072404e-01
1.40146499999999996078e+00	3.37702000000000002178e-01	9.42658500000000065810e-01
1.47450999999999998735e+00	3.52820000000000022489e-01	9.15414500000000019853e-01
1.35935000000000005826e+00	3.91602499999999964508e-01	9.28500499999999950873e-01
1.30522000000000004682e+00	4.35322500000000001119e-01	9.05932999999999988283e-01
1.38168000000000001926e+00	4.58033000000000023455e-01	8.85860499999999939647e-01
1.25183500000000003105e+00	4.77057500000000023199e-01	8.93714499999999967272e-01
1.19169999999999998153e+00	5.17254499999999950433e-01	8.88525000000000009237e-01
1.26741499999999995829e+00	5.41949999999999931788e-01	8.58103499999999907999e-01
1.13037999999999994039e+00	5.46915000000000040004e-01	8.79587499999999966604e-01
1.06351499999999998813e+00	5.69558000000000008711e-01	8.70612500000000011369e-01
1.14041499999999995651e+00	6.04789999999999938751e-01	8.43938999999999994728e-01
9.96846499999999968722e-01	5.82648500000000013621e-01	8.68535500000000015852e-01
1.00688149999999998485e+00	6.40523500000000023391e-01	8.32887000000000043975e-01
9.29355500000000001037e-01	6.02643499999999998629e-01	8.80222500000000018794e-01
8.58921000000000045560e-01	6.14554999999999962412e-01	9.00104999999999932925e-01
8.69778500000000009962e-01	6.65525499999999992085e-01	8.50692500000000073612e-01
7.90228000000000041503e-01	6.19351500000000054769e-01	9.16463999999999945345e-01
7.20463500000000034440e-01	6.04342500000000004690e-01	9.20594000000000023398e-01
7.29579500000000047422e-01	6.62428000000000016811e-01	8.74705000000000065796e-01
6.54632000000000102702e-01	5.79137000000000012889e-01	9.15285499999999974108e-01
5.89776000000000077961e-01	5.46219000000000010075e-01	9.14899499999999976652e-01
5.94959000000000015618e-01	6.14500999999999963919e-01	8.78449000000000035371e-01
5.33341999999999982762e-01	5.08391499999999996184e-01	9.10145500000000051699e-01
4.78076999999999974200e-01	4.66670499999999988106e-01	9.10992000000000023974e-01
4.74837999999999982315e-01	5.39861999999999953026e-01	8.78909500000000010189e-01
4.27578000000000013614e-01	4.22170999999999962959e-01	9.29818000000000033367e-01
3.74655500000000030170e-01	3.75943000000000027150e-01	9.51438999999999923673e-01
3.66650499999999990308e-01	4.51913000000000009138e-01	9.01376999999999983793e-01
3.34664999999999990266e-01	3.13879499999999977966e-01	9.64949000000000056687e-01
2.73737500000000022471e-01	3.43621500000000024144e-01	9.36508000000000007113e-01
3.00778500000000004189e-01	2.49475999999999975554e-01	9.68320999999999987295e-01
2.79294000000000042228e-01	1.76464000000000009738e-01	9.71738999999999908397e-01
2.12262500000000020606e-01	2.08545999999999981389e-01	9.53435999999999950205e-01
2.63361000000000011756e-01	1.06727249999999995733e-01	9.70040999999999931092e-01
2.58599999999999996536e-01	3.07222000000000015907e-02	9.77962500000000067857e-01
1.86016999999999987914e-01	5.95289499999999971447e-02	9.64775500000000008072e-01
2.60701999999999989299e-01	-3.97304500000000004878e-02	9.82120499999999951868e-01
2.70641000000000020442e-01	-1.11203899999999994419e-01	1.00514199999999997992e+00
1.91195000000000003837e-01	-8.79495500000000013374e-02	9.95718499999999950845e-01
2.93540000000000023128e-01	-1.78511499999999989630e-01	1.00701050000000003060e+00
3.26972499999999999254e-01	-2.51850000000000018296e-01	9.96583500000000066521e-01
2.34566500000000011106e-01	-2.32761500000000010058e-01	1.00831300000000001482e+00
3.69145999999999974150e-01	-3.08050999999999963741e-01	9.85203999999999968651e-01
4.18425000000000046896e-01	-3.63267499999999965432e-01	9.64124500000000050903e-01
3.17278000000000004466e-01	-3.61316499999999984905e-01	9.76806500000000021977e-01
4.77581000000000033268e-01	-4.04405999999999987704e-01	9.49624999999999941380e-01
4.25713000000000008072e-01	-4.57671500000000008868e-01	9.41227499999999994706e-01
5.30681500000000028194e-01	-4.42768999999999968153e-01	9.28047999999999984055e-01
5.93737500000000029132e-01	-4.68362500000000014921e-01	9.11035499999999998089e-01
5.47924999999999995381e-01	-5.24403500000000022396e-01	9.09715500000000010239e-01
6.54772499999999979536e-01	-4.92377999999999982350e-01	8.98263999999999951385e-01
7.23660500000000039833e-01	-5.09936500000000014765e-01	8.98015500000000077563e-01
6.79869000000000056616e-01	-5.67555499999999990557e-01	8.92454500000000039428e-01
7.89916500000000021409e-01	-5.21221000000000045382e-01	8.94754000000000049297e-01
8.57011500000000037147e-01	-5.18955000000000055138e-01	8.78697999999999979082e-01
8.15852000000000021629e-01	-5.82848000000000032728e-01	8.76149999999999984368e-01
9.21845999999999943242e-01	-5.13534000000000045993e-01	8.71790500000000023739e-01
9.87742499999999967741e-01	-5.02472999999999947462e-01	8.58382500000000048246e-01
9.48843499999999950845e-01	-5.69520999999999943952e-01	8.46686000000000049681e-01
1.05008999999999996788e+00	-4.83963999999999949786e-01	8.59174499999999952138e-01
1.11629000000000000448e+00	-4.69948999999999950106e-01	8.71124000000000009436e-01
1.08094000000000001194e+00	-5.44444999999999956763e-01	8.45227500000000020464e-01
1.17477999999999993541e+00	-4.34910499999999977661e-01	8.71625000000000094147e-01
1.20562999999999997947e+00	-4.95391499999999984638e-01	8.57677999999999940428e-01
1.23127999999999993008e+00	-3.99793000000000009475e-01	8.65990499999999996383e-01
1.28588999999999997748e+00	-3.56264499999999983970e-01	8.73731499999999994266e-01
1.31872999999999995779e+00	-4.16824500000000042199e-01	8.65920000000000023022e-01
1.33680500000000002103e+00	-3.13802499999999984226e-01	8.91234000000000081698e-01
1.38472000000000017295e+00	-2.64966499999999993697e-01	9.19507500000000033147e-01
1.42125499999999993506e+00	-3.24459999999999970655e-01	9.01934500000000083375e-01
1.42175999999999991275e+00	-2.10421999999999997932e-01	9.38471500000000014019e-01
1.45747500000000007603e+00	-1.45299000000000011479e-01	9.49840999999999935355e-01
1.50488500000000002821e+00	-2.10500999999999993673e-01	9.41577499999999956160e-01
1.47912500000000002309e+00	-7.90373500000000062116e-02	9.69583499999999931518e-01
1.49333999999999988972e+00	-6.60941599999999990223e-03	9.71281000000000060979e-01
1.55481500000000005812e+00	-7.29500660000000078487e-02	9.54644500000000006956e-01
1.49077499999999996128e+00	6.31974339999999967787e-02	9.70520000000000049312e-01
1.56242499999999995275e+00	7.43699339999999986528e-02	9.42564999999999986180e-01
1.61331500000000005457e+00	2.36869500000000010598e-01	9.01545499999999999652e-01
1.63410000000000010800e+00	1.62473499999999992927e-01	9.00990500000000027470e-01
1.69159499999999995978e+00	2.50080999999999997740e-01	8.73747999999999969134e-01
1.59200999999999992518e+00	3.07902000000000009017e-01	8.98352000000000039392e-01
1.55296000000000011809e+00	3.73259000000000007446e-01	8.90660500000000077137e-01
1.63175999999999987722e+00	3.89834000000000013841e-01	8.66611500000000090083e-01
1.51426000000000016144e+00	4.34752000000000027313e-01	8.83674000000000070543e-01
1.46028000000000002245e+00	4.86829999999999984972e-01	8.65309499999999953701e-01
1.53873000000000015319e+00	5.07268999999999969930e-01	8.40555500000000010985e-01
1.40615000000000001101e+00	5.30550000000000077094e-01	8.42741999999999991111e-01
1.34556500000000012207e+00	5.76056000000000012484e-01	8.33765499999999937231e-01
1.42416499999999990322e+00	6.04853000000000085024e-01	8.13214499999999951285e-01
1.28542999999999985050e+00	6.16252999999999939718e-01	8.28575999999999979195e-01
1.21832999999999991303e+00	6.44709500000000046427e-01	8.14945499999999989349e-01
1.29647999999999985477e+00	6.78815500000000016101e-01	7.90607500000000018581e-01
1.15146499999999996078e+00	6.67352500000000015135e-01	8.05970500000000034113e-01
1.08294000000000001371e+00	6.88858999999999999098e-01	8.01096999999999948017e-01
1.16085499999999997023e+00	7.28778499999999995751e-01	7.72103500000000053660e-01
1.01325050000000005390e+00	6.97883499999999989960e-01	7.96675000000000022027e-01
1.02264050000000006335e+00	7.59309499999999970576e-01	7.62807999999999930552e-01
9.46582000000000034490e-01	7.10973999999999994870e-01	7.94598000000000026510e-01
8.76784000000000007802e-01	7.13048499999999974008e-01	7.96890000000000098268e-01
8.83153000000000076852e-01	7.70408500000000051600e-01	7.60677999999999965297e-01
8.06349500000000052324e-01	7.24960000000000048814e-01	8.16772500000000012399e-01
7.36634500000000080888e-01	7.21632999999999968921e-01	8.27784499999999923148e-01
7.43640000000000078728e-01	7.69155999999999950845e-01	7.73981999999999947804e-01
6.66870000000000073825e-01	7.06623999999999918842e-01	8.31914500000000001201e-01
5.98669000000000006700e-01	6.87474499999999988376e-01	8.41005500000000072447e-01
6.05723999999999929145e-01	7.46679499999999940485e-01	7.94084999999999929798e-01
5.33812999999999981959e-01	6.54556499999999985562e-01	8.40619500000000074991e-01
4.69383500000000009056e-01	6.17577500000000001457e-01	8.45593000000000039051e-01
4.73093500000000000139e-01	6.90551000000000025913e-01	8.08149500000000076128e-01
4.14118500000000000494e-01	5.75856499999999993378e-01	8.46439500000000011326e-01
3.58858499999999969177e-01	5.32169000000000003148e-01	8.51391999999999926629e-01
3.53404000000000051429e-01	6.09884499999999940556e-01	8.18075499999999955492e-01
3.05935999999999985732e-01	4.85940999999999956316e-01	8.73013000000000038980e-01
2.48888999999999999124e-01	4.40568999999999988404e-01	8.98820999999999981078e-01
2.41097000000000005748e-01	5.20824999999999982414e-01	8.48835999999999923915e-01
2.05170099999999994145e-01	3.75352499999999977831e-01	9.13173499999999971344e-01
1.40331099999999986405e-01	4.10236500000000003929e-01	8.88996499999999967301e-01
1.65179600000000009752e-01	3.13288999999999984158e-01	9.26683499999999993335e-01
1.38288400000000005763e-01	2.39280500000000007077e-01	9.31008999999999975472e-01
6.97210000000000051923e-02	2.71011500000000016275e-01	9.07674499999999939703e-01
1.16803900000000002168e-01	1.66268499999999985750e-01	9.34427000000000007596e-01
1.02925749999999996409e-01	8.71187499999999948042e-02	9.45821999999999940556e-01
2.89516500000000023829e-02	1.17853250000000006614e-01	9.23394999999999965823e-01
9.81647499999999950671e-02	1.11137000000000006616e-02	9.53743500000000077321e-01
1.00531399999999992989e-01	-6.79365499999999983283e-02	9.69561499999999965027e-01
1.74401500000000014845e-02	-4.03467500000000006688e-02	9.50608000000000008534e-01
1.10470399999999996377e-01	-1.39410000000000006137e-01	9.92582999999999993079e-01
1.32827599999999990121e-01	-2.20079999999999997851e-01	9.93032499999999984652e-01
4.21640000000000000902e-02	-2.00066999999999994841e-01	9.66875499999999998835e-01
1.66260099999999994003e-01	-2.93418500000000026517e-01	9.82605500000000020577e-01
2.12242500000000000604e-01	-3.58180999999999971628e-01	9.59743500000000082650e-01
1.10503599999999993497e-01	-3.45499500000000014932e-01	9.44463000000000052481e-01
2.61521500000000017838e-01	-4.13397499999999973319e-01	9.38663999999999942858e-01
3.15869000000000010875e-01	-4.68800499999999953360e-01	9.23731499999999927653e-01
2.10833500000000007013e-01	-4.65664999999999995595e-01	9.06668499999999988326e-01
3.76923500000000022414e-01	-5.11133500000000018382e-01	9.17262000000000021771e-01
3.26235500000000011589e-01	-5.63401000000000040657e-01	8.85266499999999956216e-01
4.36079500000000008786e-01	-5.52271999999999985143e-01	9.02762500000000023270e-01
5.03197000000000005393e-01	-5.84109500000000059217e-01	8.99591999999999947235e-01
4.54407500000000019735e-01	-6.37571499999999957708e-01	8.75626500000000085322e-01
5.66253000000000006331e-01	-6.09702999999999994962e-01	8.82579500000000072291e-01
6.35537999999999936307e-01	-6.30002500000000020819e-01	8.75433000000000016705e-01
5.90810000000000057341e-01	-6.89708500000000057639e-01	8.65309499999999953701e-01
7.04425999999999996604e-01	-6.47561000000000053234e-01	8.75184500000000031861e-01
7.74464500000000000135e-01	-6.54355000000000019966e-01	8.66729000000000082693e-01
7.30133499999999990848e-01	-7.16801999999999939206e-01	8.49707500000000059970e-01
8.41559500000000015874e-01	-6.52089000000000029722e-01	8.50673000000000012477e-01
9.10902000000000100499e-01	-6.51874000000000064503e-01	8.52638000000000007006e-01
8.69514499999999967983e-01	-7.23381000000000051742e-01	8.43216999999999994309e-01
9.76798500000000013976e-01	-6.40812999999999965972e-01	8.39229999999999920490e-01
1.04405499999999995531e+00	-6.27385499999999929344e-01	8.34560500000000038412e-01
1.00611350000000010496e+00	-7.09738500000000049894e-01	8.40512499999999995737e-01
1.11025499999999999190e+00	-6.13370500000000040686e-01	8.46509999999999984688e-01
1.17911000000000010246e+00	-6.01075000000000025935e-01	8.61118500000000008932e-01
1.14222499999999982379e+00	-6.84015499999999998515e-01	8.50451500000000026880e-01
1.23980000000000001315e+00	-5.61984499999999997932e-01	8.56263500000000066237e-01
1.27177000000000006708e+00	-6.32629499999999955762e-01	8.60205000000000108429e-01
1.29828999999999994408e+00	-5.26946000000000025487e-01	8.56764500000000039925e-01
1.35795500000000002316e+00	-4.85491500000000020254e-01	8.60585500000000003240e-01
1.39212500000000005684e+00	-5.52084500000000089059e-01	8.59171000000000018026e-01
1.41256499999999984851e+00	-4.41962999999999994749e-01	8.68326500000000001123e-01
1.46631500000000003503e+00	-3.95012000000000029765e-01	8.93793999999999977391e-01
1.50553999999999987836e+00	-4.63679000000000007820e-01	8.88459499999999957609e-01
1.51422999999999996490e+00	-3.46175999999999983725e-01	9.22067500000000039861e-01
1.56188500000000018986e+00	-2.83181999999999989281e-01	9.32433999999999985064e-01
1.60694500000000006779e+00	-3.53733999999999992880e-01	9.24293500000000101124e-01
1.59759999999999990905e+00	-2.18059000000000002828e-01	9.43803500000000017423e-01
1.62050500000000008427e+00	-1.42642500000000005400e-01	9.28913499999999947576e-01
1.67750500000000002387e+00	-2.15323500000000001009e-01	9.19769999999999976481e-01
1.63471999999999995090e+00	-7.02145660000000060297e-02	9.30611000000000077037e-01
1.64393999999999995687e+00	8.84218399999999946082e-03	9.16697499999999942943e-01
1.70962999999999998302e+00	-6.08502500000000015601e-02	8.90966499999999994586e-01
1.63733499999999998487e+00	8.37342500000000100613e-02	9.02920500000000014751e-01
1.71561500000000011212e+00	9.69457499999999972040e-02	8.75122999999999984233e-01
1.77871999999999985675e+00	2.68820500000000017771e-01	8.50235999999999991772e-01
1.79986000000000001542e+00	1.89092499999999996696e-01	8.50270499999999929130e-01
1.86620000000000008100e+00	2.82228000000000034397e-01	8.27313500000000034973e-01
1.75793499999999980332e+00	3.43216500000000035442e-01	8.50791000000000074976e-01
1.71477499999999993818e+00	4.11043000000000047223e-01	8.33972500000000005471e-01
1.80189999999999983515e+00	4.29782500000000011742e-01	8.10460500000000028109e-01
1.67572499999999990905e+00	4.76400000000000045652e-01	8.26281000000000043215e-01
1.61807999999999996277e+00	5.26094000000000061590e-01	7.98923999999999967514e-01
1.70109500000000002373e+00	5.47302999999999983949e-01	7.66284999999999993925e-01
1.56410000000000004583e+00	5.78172000000000019249e-01	7.80559500000000072717e-01
1.50110499999999991161e+00	6.21777000000000024116e-01	7.63810499999999947818e-01
1.58045500000000016527e+00	6.40602000000000004754e-01	7.22179000000000015369e-01
1.44052000000000002267e+00	6.67283000000000070528e-01	7.54834000000000004960e-01
1.37243499999999984951e+00	7.00517500000000015170e-01	7.41213000000000010736e-01
1.44937499999999985789e+00	7.17441500000000065285e-01	6.91809000000000007269e-01
1.30533499999999991203e+00	7.28974000000000010857e-01	7.27582500000000020890e-01
1.23687999999999997947e+00	7.56135500000000071452e-01	7.20788500000000054158e-01
1.31283499999999997421e+00	7.77837499999999959499e-01	6.71394000000000046313e-01
1.16835500000000003240e+00	7.77641999999999944393e-01	7.15914999999999968061e-01
1.10000000000000008882e+00	8.02292000000000005144e-01	7.18893499999999963102e-01
1.17602500000000009805e+00	8.29649000000000080846e-01	6.67578499999999963599e-01
1.03002750000000009578e+00	8.09678499999999967685e-01	7.14685000000000014708e-01
1.03769749999999993939e+00	8.61685499999999993115e-01	6.66348500000000010246e-01
9.60337999999999913925e-01	8.18702999999999958547e-01	7.10262999999999977696e-01
8.91520499999999938012e-01	8.16386999999999973809e-01	7.07122499999999987175e-01
8.98907499999999970441e-01	8.66755999999999970917e-01	6.58999499999999960309e-01
8.21722500000000022347e-01	8.18461499999999952948e-01	7.09414500000000058932e-01
7.53527999999999975600e-01	8.14218499999999956174e-01	7.13699500000000042199e-01
7.61895500000000058805e-01	8.60196999999999989406e-01	6.60144000000000064077e-01
6.83813000000000004164e-01	8.10891499999999987303e-01	7.24711499999999952948e-01
6.14126999999999978463e-01	8.04030999999999940187e-01	7.38815499999999958369e-01
6.24014999999999986358e-01	8.49093499999999945516e-01	6.78533000000000052765e-01
5.45925999999999911338e-01	7.84881500000000009720e-01	7.47906500000000029615e-01
4.79530499999999970662e-01	7.58950500000000083389e-01	7.53442999999999973859e-01
4.87933500000000019980e-01	8.16302000000000083091e-01	6.98173500000000002430e-01
4.15101000000000053269e-01	7.21971499999999988262e-01	7.58416500000000048942e-01
3.52375500000000008161e-01	6.83922000000000029907e-01	7.64946499999999973696e-01
3.58812499999999978684e-01	7.52321500000000087383e-01	7.10239999999999982450e-01
2.97115499999999976843e-01	6.40234500000000039677e-01	7.69899000000000000021e-01
2.37234500000000014808e-01	5.97708499999999975927e-01	7.81355999999999939476e-01
2.36205999999999999295e-01	6.71745999999999954255e-01	7.28226999999999957680e-01
1.80187500000000000444e-01	5.52336500000000008015e-01	8.07163999999999992596e-01
1.23091049999999993525e-01	5.02939000000000024926e-01	8.24849500000000013245e-01
1.19228550000000002584e-01	5.79822500000000018439e-01	7.57369500000000028805e-01
7.42337499999999872458e-02	4.38244500000000036799e-01	8.42290500000000053049e-01
1.32747999999999997944e-02	4.65730500000000047223e-01	7.92496000000000089258e-01
3.05148499999999961441e-02	3.73028000000000026226e-01	8.56643000000000043315e-01
-7.77590000000000225455e-03	3.04154499999999994309e-01	8.72166999999999914550e-01
-7.38732500000000014140e-02	3.32162500000000027178e-01	8.25461000000000000298e-01
-3.46670999999999993046e-02	2.30146000000000017227e-01	8.76492500000000007709e-01
-5.84596000000000004526e-02	1.52082999999999995966e-01	8.96965000000000012292e-01
-1.35956500000000007899e-01	1.85226000000000001755e-01	8.61457499999999987139e-01
-7.23377500000000062119e-02	7.29332500000000050200e-02	9.08360000000000056275e-01
-7.60412500000000046718e-02	-1.57942999999999972305e-02	9.18349999999999999645e-01
-1.63452500000000000568e-01	1.84354499999999990600e-02	8.91920000000000046114e-01
-7.36746000000000067498e-02	-9.48445499999999996898e-02	9.34167999999999998373e-01
-5.65775999999999987256e-02	-1.81582999999999994412e-01	9.30350999999999928036e-01
-1.50058999999999997943e-01	-1.57030549999999990973e-01	8.98093000000000030170e-01
-3.42203999999999980419e-02	-2.62253000000000013880e-01	9.30800499999999919609e-01
4.51305000000000108851e-03	-3.35764500000000021274e-01	9.14173000000000013365e-01
-9.42285499999999942577e-02	-3.17280499999999965333e-01	8.77648500000000053589e-01
5.04954499999999972815e-02	-4.00526999999999966384e-01	8.91310999999999964416e-01
1.02053800000000000070e-01	-4.63533000000000028340e-01	8.78231500000000053774e-01
-3.93674999999999927769e-03	-4.53798000000000034682e-01	8.47941500000000014658e-01
1.56401299999999993107e-01	-5.18936000000000063892e-01	8.63299000000000038568e-01
2.16656999999999988482e-01	-5.69437500000000040856e-01	8.51863000000000036849e-01
1.07877300000000009295e-01	-5.67305500000000018090e-01	8.23425999999999991275e-01
2.79972500000000013021e-01	-6.12381000000000064176e-01	8.47416500000000016968e-01
2.31448500000000001453e-01	-6.60750500000000018375e-01	8.07543499999999969674e-01
3.41027000000000024560e-01	-6.54714000000000018176e-01	8.40947000000000000064e-01
4.08896499999999996078e-01	-6.91400999999999932299e-01	8.41550500000000090139e-01
3.62633500000000053021e-01	-7.40380999999999955818e-01	8.03700499999999928846e-01
4.76014000000000048196e-01	-7.23238500000000006374e-01	8.38380000000000014104e-01
5.48026000000000013124e-01	-7.43820499999999995566e-01	8.27873999999999998778e-01
5.02515000000000044977e-01	-7.97649999999999970157e-01	7.93798000000000003595e-01
6.17310999999999943100e-01	-7.64119999999999910401e-01	8.20727500000000054214e-01
6.87404499999999973880e-01	-7.68529499999999976545e-01	8.06786500000000073030e-01
6.44620500000000040686e-01	-8.22641500000000025494e-01	7.69351000000000007084e-01
7.57442999999999977412e-01	-7.75323500000000054300e-01	7.98331000000000012840e-01
8.27111499999999999488e-01	-7.88990999999999997883e-01	8.08113000000000081258e-01
7.84382499999999982521e-01	-8.40718499999999924199e-01	7.65192000000000094317e-01
8.96454000000000084114e-01	-7.88775999999999921641e-01	8.10078000000000075786e-01
9.67996500000000037467e-01	-7.94677499999999925606e-01	8.24705000000000021387e-01
9.25593499999999957950e-01	-8.60287499999999982769e-01	7.89600999999999997314e-01
1.03525299999999997880e+00	-7.81250000000000000000e-01	8.20035500000000028287e-01
1.10282999999999997698e+00	-7.61485500000000037346e-01	8.10765500000000027825e-01
1.06471300000000002051e+00	-8.46424499999999913058e-01	7.94958000000000053475e-01
1.17168500000000008754e+00	-7.49190000000000022595e-01	8.25374000000000052069e-01
1.23919000000000001371e+00	-7.30280499999999999083e-01	8.30253499999999977632e-01
1.19979499999999994486e+00	-8.07750500000000037915e-01	7.90567500000000089599e-01
1.30562000000000000277e+00	-7.02066499999999926729e-01	8.40441500000000063508e-01
1.33373000000000008214e+00	-7.60626999999999942048e-01	8.05634999999999990017e-01
1.36630999999999991346e+00	-6.62976000000000009749e-01	8.35586500000000009791e-01
1.42347000000000001307e+00	-6.13424500000000039179e-01	8.26806000000000040906e-01
1.45732000000000017081e+00	-6.82861500000000010147e-01	8.07042499999999995985e-01
1.48313499999999987011e+00	-5.71970000000000089457e-01	8.30627000000000004221e-01
1.54476999999999997648e+00	-5.29047000000000045006e-01	8.48168499999999991878e-01
1.57611500000000015476e+00	-5.90386999999999995126e-01	8.15803500000000014758e-01
1.59852000000000016300e+00	-4.82095999999999968999e-01	8.73636000000000079169e-01
1.65786999999999995481e+00	-4.29545500000000024521e-01	8.98123500000000074550e-01
1.69710000000000005294e+00	-4.94913500000000006196e-01	8.57832499999999997797e-01
1.70552500000000017977e+00	-3.66551500000000030077e-01	9.08490000000000019753e-01
1.73716999999999988091e+00	-2.87199499999999996458e-01	8.91267999999999949168e-01
1.78809499999999998998e+00	-3.63010999999999972587e-01	8.65097999999999922593e-01
1.76007500000000005613e+00	-2.11782999999999999030e-01	8.76377999999999990344e-01
1.78287499999999998757e+00	-1.32018500000000010841e-01	8.64249999999999962697e-01
1.84254000000000006665e+00	-2.03894500000000006290e-01	8.35747999999999935383e-01
1.79209499999999999353e+00	-5.29617500000000018812e-02	8.50336500000000050647e-01
1.80540999999999995929e+00	2.88864500000000010149e-02	8.48447500000000021103e-01
1.87865499999999996383e+00	-4.22818000000000013272e-02	8.21730999999999989214e-01
1.80217500000000008242e+00	1.07625700000000004697e-01	8.46517500000000033822e-01
1.88965499999999986258e+00	1.21033200000000007446e-01	8.23594999999999966001e-01
1.95116500000000003823e+00	3.01386500000000001620e-01	7.79703000000000034930e-01
1.97629000000000010218e+00	2.15600999999999987100e-01	7.84819999999999962093e-01
2.04011500000000012278e+00	3.14487499999999975397e-01	7.37174999999999913669e-01
1.93002500000000010161e+00	3.81114500000000022695e-01	7.79668499999999986549e-01
1.88283500000000003638e+00	4.55389999999999961489e-01	7.64650000000000051870e-01
1.96779999999999999361e+00	4.74548499999999984222e-01	7.17039500000000051827e-01
1.83967499999999994920e+00	5.23216499999999973269e-01	7.47831499999999982364e-01
1.77972500000000000142e+00	5.86455000000000059579e-01	7.33830999999999900041e-01
1.86065999999999998060e+00	6.12062499999999953815e-01	6.88020499999999923801e-01
1.72208000000000005514e+00	6.36149000000000075516e-01	7.06474000000000046384e-01
1.65246500000000007269e+00	6.85420499999999988106e-01	6.90985500000000030241e-01
1.73109500000000005038e+00	7.24572500000000063736e-01	6.58531500000000047379e-01
1.58946999999999993847e+00	7.29025499999999992973e-01	6.74236500000000016364e-01
1.51386500000000001620e+00	7.57368500000000000050e-01	6.51182499999999997442e-01
1.58587500000000014566e+00	8.02186999999999983402e-01	6.19989000000000012314e-01
1.44578000000000006509e+00	7.90602999999999944691e-01	6.37561500000000003219e-01
1.37235499999999999154e+00	8.27004000000000072390e-01	6.34689999999999976410e-01
1.43684499999999992781e+00	8.66931000000000007155e-01	5.94063500000000077605e-01
1.30390000000000005898e+00	8.54165500000000021963e-01	6.27896000000000009678e-01
1.22982499999999994600e+00	8.65129000000000036863e-01	6.14790500000000017522e-01
1.28934499999999996334e+00	9.14295500000000038732e-01	5.78086499999999947619e-01
1.16147000000000000242e+00	8.89779000000000097614e-01	6.17769000000000012562e-01
1.08762500000000006395e+00	9.00589500000000042768e-01	6.10877499999999962199e-01
1.14142499999999991189e+00	9.36069500000000109807e-01	5.58089499999999905100e-01
1.01765250000000007091e+00	9.07976000000000005308e-01	6.06668999999999902784e-01
9.45338000000000011624e-01	9.14053999999999922110e-01	6.04666999999999954518e-01
9.95265499999999914138e-01	9.52957999999999971763e-01	5.49196000000000017494e-01
8.76520500000000035712e-01	9.11737999999999937373e-01	6.01526499999999963997e-01
8.07026999999999938851e-01	8.97261499999999934118e-01	5.93760000000000065512e-01
8.53457499999999980034e-01	9.44559499999999996334e-01	5.39427499999999948699e-01
7.38832500000000003126e-01	8.93018499999999937344e-01	5.98045000000000048779e-01
6.70069999999999943441e-01	8.81569999999999964757e-01	5.99730000000000096350e-01
7.15201500000000045532e-01	9.18634500000000020492e-01	5.33346000000000097785e-01
6.00384000000000028763e-01	8.74709500000000028663e-01	6.13833999999999990749e-01
5.29933999999999905128e-01	8.66117499999999984617e-01	6.23451500000000047308e-01
5.75988999999999973234e-01	8.98594000000000003858e-01	5.44648500000000090893e-01
4.63538499999999964452e-01	8.40186499999999947264e-01	6.28987999999999991552e-01
3.93190499999999998337e-01	8.22799500000000016975e-01	6.40534500000000006636e-01
4.35190999999999994508e-01	8.72614999999999918501e-01	5.65812500000000051514e-01
3.30465000000000008740e-01	7.84750000000000058620e-01	6.47064499999999931390e-01
2.63485999999999997989e-01	7.49364499999999988944e-01	6.56236000000000041510e-01
2.97864000000000017643e-01	8.19842500000000029559e-01	5.86530499999999954674e-01
2.01587500000000002798e-01	7.01502500000000028813e-01	6.63904500000000008519e-01
1.68986500000000011701e-01	7.36594999999999999751e-01	6.03370500000000031804e-01
1.41706500000000013006e-01	6.58976500000000076085e-01	6.75361499999999947974e-01
8.15649000000000096167e-02	6.06704000000000021053e-01	6.87290999999999985270e-01
4.69463999999999992419e-02	6.36460500000000095611e-01	6.22968500000000036110e-01
2.44684500000000026976e-02	5.57306500000000037964e-01	7.04976500000000005919e-01
-3.71474499999999985267e-02	5.02037500000000025402e-01	7.28932000000000024365e-01
-7.48110999999999914944e-02	5.28919000000000028017e-01	6.58853499999999980830e-01
-8.60047499999999909281e-02	4.37343000000000037275e-01	7.46372999999999953147e-01
-1.27050250000000003459e-01	3.59172500000000005649e-01	7.50112000000000000988e-01
-1.77472499999999977494e-01	3.95479499999999983828e-01	6.86547999999999936094e-01
-1.65340999999999987979e-01	2.90298999999999973731e-01	7.65635999999999983245e-01
-2.05765000000000003455e-01	2.13608999999999993324e-01	7.89866500000000026915e-01
-2.58942000000000005500e-01	2.40618999999999999551e-01	7.14517499999999916582e-01
-2.29557500000000025420e-01	1.35545999999999999819e-01	8.10338999999999920476e-01
-2.46488499999999999268e-01	4.73039999999999988267e-02	8.29539499999999985214e-01
-3.16297000000000050335e-01	7.56869999999999903961e-02	7.57948499999999913967e-01
-2.50192000000000025484e-01	-4.14235499999999964849e-02	8.39529500000000039606e-01
-2.47188999999999992063e-01	-1.31829050000000003173e-01	8.47985500000000058662e-01
-3.30224999999999990763e-01	-1.02960500000000010346e-01	7.85604999999999997762e-01
-2.30092000000000018733e-01	-2.18567500000000025651e-01	8.44168499999999988326e-01
-2.00044999999999972840e-01	-3.05292499999999966676e-01	8.38874499999999967415e-01
-2.97174999999999966960e-01	-2.80090999999999978876e-01	7.88766999999999995907e-01
-1.61311549999999997995e-01	-3.78803999999999974069e-01	8.22246999999999950148e-01
-1.13277049999999990249e-01	-4.53487499999999932321e-01	8.15408499999999980545e-01
-2.19093499999999996586e-01	-4.41499499999999933664e-01	7.76634500000000005393e-01
-6.17186999999999943989e-02	-5.16493499999999938765e-01	8.02329000000000069903e-01
6.94499999999986794563e-05	-5.79926500000000011426e-01	7.96324499999999990685e-01
-1.09270850000000002700e-01	-5.79615999999999909065e-01	7.63791499999999956572e-01
6.03251500000000009938e-02	-6.30427999999999988390e-01	7.84888499999999988965e-01
1.28614599999999995594e-01	-6.85140499999999930125e-01	7.76129499999999916682e-01
2.08067499999999988569e-02	-6.97761499999999923460e-01	7.49028000000000027114e-01
1.91930100000000020133e-01	-7.28083999999999953445e-01	7.71682999999999896801e-01
2.65553499999999997883e-01	-7.67020999999999952834e-01	7.60584499999999996689e-01
1.62719599999999992024e-01	-7.91410999999999975607e-01	7.29170499999999943697e-01
3.33423000000000024912e-01	-8.03707999999999977980e-01	7.61187999999999975742e-01
4.09237500000000031797e-01	-8.29439499999999996227e-01	7.49605999999999994543e-01
3.12157499999999976659e-01	-8.56079499999999993243e-01	7.06490000000000062386e-01
4.81249499999999996724e-01	-8.50021499999999985420e-01	7.39099999999999979217e-01
5.56616500000000069548e-01	-8.64007999999999998231e-01	7.27874000000000020982e-01
4.63339000000000000856e-01	-8.95797500000000024301e-01	6.83682000000000011930e-01
6.29997499999999988063e-01	-8.63416999999999990045e-01	7.12346499999999993591e-01
6.12087000000000047706e-01	-9.09193000000000028926e-01	6.56928500000000026304e-01
7.00091000000000018844e-01	-8.67826500000000056190e-01	6.98405500000000012406e-01
7.71234500000000045006e-01	-8.79516999999999993243e-01	7.02867000000000019533e-01
7.56611499999999992383e-01	-9.20292499999999957794e-01	6.45862500000000006040e-01
8.40902999999999956060e-01	-8.93184500000000047848e-01	7.12649000000000087951e-01
9.13904000000000049653e-01	-9.15103999999999917492e-01	7.33135000000000092157e-01
9.00756000000000001116e-01	-9.53902499999999986535e-01	6.70810000000000017373e-01
9.85446500000000003006e-01	-9.21005499999999921457e-01	7.47762000000000037758e-01
1.05962800000000001432e+00	-9.09076999999999912916e-01	7.48653500000000082792e-01
1.04793849999999988398e+00	-9.63893499999999958661e-01	6.92187499999999955591e-01
1.12720500000000001251e+00	-8.89312499999999950262e-01	7.39383499999999971308e-01
1.19393499999999996852e+00	-8.60496499999999997499e-01	7.32031499999999946127e-01
1.18884999999999996234e+00	-9.23148999999999997357e-01	6.85726999999999975444e-01
1.26143999999999989470e+00	-8.41587000000000085009e-01	7.36910999999999982712e-01
1.33074000000000003396e+00	-8.18377499999999979963e-01	7.43908000000000013685e-01
1.32487999999999983558e+00	-8.71123499999999939547e-01	6.85371999999999981235e-01
1.39717000000000002302e+00	-7.90163500000000018630e-01	7.54095999999999988539e-01
1.46567000000000002835e+00	-7.56726999999999927482e-01	7.61854499999999990045e-01
1.46267999999999998018e+00	-8.14477499999999965397e-01	7.00127500000000013713e-01
1.52282999999999990592e+00	-7.07175499999999956913e-01	7.53074000000000021160e-01
1.58178000000000018588e+00	-6.51648500000000074905e-01	7.46517499999999945004e-01
1.59013000000000004341e+00	-7.25513999999999992241e-01	7.01329499999999939064e-01
1.64341500000000007020e+00	-6.08725500000000030454e-01	7.64059000000000043684e-01
1.71088499999999998913e+00	-5.64130499999999979188e-01	7.83687999999999940215e-01
1.71655000000000002025e+00	-6.25391999999999947946e-01	7.14401999999999981483e-01
1.77023500000000000298e+00	-5.11580000000000034710e-01	8.08175499999999935596e-01
1.82372500000000004050e+00	-4.43572500000000036202e-01	8.10804999999999997939e-01
1.83750999999999997669e+00	-5.12789500000000009194e-01	7.36660499999999940357e-01
1.85536999999999996369e+00	-3.64220500000000002583e-01	7.93582999999999927354e-01
1.89824499999999996014e+00	-2.88266000000000022219e-01	7.96008500000000007724e-01
1.93387500000000001066e+00	-3.68827499999999974811e-01	7.41715499999999972047e-01
1.92104499999999989157e+00	-2.08501500000000006274e-01	7.83880499999999980076e-01
1.95506499999999983075e+00	-1.24649499999999996414e-01	7.86094999999999988205e-01
2.01076999999999994628e+00	-2.09021000000000012342e-01	7.46355499999999949523e-01
1.96837999999999979650e+00	-4.28013000000000004563e-02	7.84205999999999958661e-01
1.98919500000000004647e+00	4.48915000000000008473e-02	7.94536499999999978883e-01
2.06560499999999969134e+00	-3.74762000000000011779e-02	7.58900499999999977874e-01
1.98687999999999997947e+00	1.26358300000000006724e-01	7.98289499999999985214e-01
2.07582999999999984198e+00	1.39459300000000008257e-01	7.55761499999999974975e-01
2.12875999999999976353e+00	3.33963999999999983093e-01	6.80871000000000003993e-01
2.15927500000000005542e+00	2.42792999999999981053e-01	6.91509499999999999176e-01
2.22279499999999963222e+00	3.48055000000000003268e-01	6.30088500000000051315e-01
2.10363499999999969958e+00	4.19749499999999997613e-01	6.75753999999999965809e-01
2.05598499999999972943e+00	5.04396000000000066521e-01	6.69116000000000044068e-01
2.14462999999999981426e+00	5.23872499999999963194e-01	6.12811999999999912347e-01
2.00879500000000010829e+00	5.78671500000000005315e-01	6.54097499999999998366e-01
1.94099999999999983658e+00	6.46131499999999969752e-01	6.38711999999999946453e-01
2.02918500000000001648e+00	6.75978999999999996540e-01	5.90788499999999938694e-01
1.88105000000000011084e+00	7.09370000000000056062e-01	6.24711499999999975152e-01
1.80415500000000017522e+00	7.61974000000000040167e-01	6.08630499999999963201e-01
1.88449500000000003119e+00	7.96043000000000056104e-01	5.59321999999999985853e-01
1.73453999999999997073e+00	8.11245500000000063778e-01	5.93142000000000058080e-01
1.65144000000000001904e+00	8.39470500000000008356e-01	5.69483999999999990216e-01
1.72449999999999992184e+00	8.76872000000000095810e-01	5.19583000000000017060e-01
1.57583500000000009678e+00	8.67813500000000015433e-01	5.46429999999999971294e-01
1.49507999999999996454e+00	8.93222500000000030340e-01	5.33283500000000021402e-01
1.56064500000000005997e+00	9.30506000000000055294e-01	4.82778499999999999304e-01
1.42165499999999989100e+00	9.29623499999999935994e-01	5.30411999999999994593e-01
1.34386000000000005450e+00	9.47599500000000039002e-01	5.20658500000000024066e-01
1.40209500000000009123e+00	9.73891000000000062187e-01	4.59878499999999967862e-01
1.26978500000000016357e+00	9.58563000000000053902e-01	5.07552999999999920888e-01
1.19333000000000000185e+00	9.47428500000000006764e-01	4.88703999999999971759e-01
1.24784499999999987097e+00	9.80732500000000007034e-01	4.31275999999999992696e-01
1.11948500000000006338e+00	9.58239000000000062940e-01	4.81812499999999976907e-01
1.04506999999999994344e+00	9.69947499999999962483e-01	4.79781499999999971884e-01
1.09697500000000003340e+00	9.81306499999999970463e-01	4.10395999999999983032e-01
9.72755499999999884153e-01	9.76025499999999990308e-01	4.77779499999999968107e-01
9.01690499999999950376e-01	9.68926999999999982727e-01	4.73000499999999990397e-01
9.51494999999999979678e-01	9.85916499999999973447e-01	4.03586000000000000298e-01
8.32197000000000075559e-01	9.54450499999999979472e-01	4.65234000000000036401e-01
7.65478499999999950631e-01	9.30813000000000001499e-01	4.57613500000000006374e-01
8.13711500000000031996e-01	9.55180499999999987892e-01	3.91186499999999992561e-01
6.96716000000000001968e-01	9.19364500000000028912e-01	4.59298500000000053944e-01
6.27685000000000048459e-01	9.10541000000000044778e-01	4.62615500000000012815e-01
6.77961999999999953559e-01	9.22719500000000025786e-01	3.86882999999999976914e-01
5.57234999999999924825e-01	9.01949000000000000732e-01	4.72233000000000013863e-01
4.86681999999999947981e-01	8.96497499999999947207e-01	4.80606500000000047557e-01
5.38378000000000023206e-01	9.08444500000000099149e-01	3.98573500000000024990e-01
4.16333999999999981867e-01	8.79110500000000016918e-01	4.92152999999999951619e-01
3.46785000000000009912e-01	8.57385499999999911580e-01	5.02548999999999912447e-01
3.98275999999999963386e-01	8.81267999999999940286e-01	4.17343000000000019512e-01
2.75480999999999975891e-01	8.35384000000000015440e-01	5.14658500000000018737e-01
2.57423000000000012921e-01	8.37541499999999938808e-01	4.39848499999999975607e-01
2.08502000000000020652e-01	7.99998500000000056787e-01	5.23830000000000017835e-01
1.36603900000000000325e-01	7.68408999999999897668e-01	5.38753999999999955151e-01
1.14220900000000000207e-01	7.83950499999999994571e-01	4.66882000000000019213e-01
7.47054000000000051340e-02	7.20547000000000048558e-01	5.46422500000000033182e-01
2.63449999999999795453e-03	6.81027000000000048985e-01	5.66476500000000049440e-01
-2.97481000000000030126e-02	7.12840999999999946901e-01	5.01859999999999972786e-01
-5.75071000000000054353e-02	6.28754499999999993953e-01	5.78405999999999975714e-01
-1.21734099999999997865e-01	5.67239999999999966462e-01	5.93504499999999990401e-01
-1.66045999999999999153e-01	6.11806499999999919837e-01	5.37012500000000003730e-01
-1.83350000000000012967e-01	5.11970999999999953900e-01	6.17460000000000008846e-01
-2.29783000000000015017e-01	4.28696000000000021490e-01	6.19781499999999985207e-01
-2.76706000000000007510e-01	4.67017000000000015447e-01	5.54432499999999994778e-01
-2.70828500000000027548e-01	3.50525500000000045375e-01	6.23520499999999922025e-01
-3.01716499999999998582e-01	2.61292499999999983107e-01	6.23169499999999931816e-01
-3.54026999999999980595e-01	2.94509000000000020769e-01	5.56402999999999980929e-01
-3.42140500000000014058e-01	1.84602500000000002700e-01	6.47399999999999975486e-01
-3.71306000000000024919e-01	1.00860449999999990389e-01	6.59706499999999973483e-01
-4.14080499999999962490e-01	1.21533950000000001701e-01	5.68358499999999988717e-01
-3.88236999999999998767e-01	1.26184500000000015402e-02	6.78906999999999927198e-01
-4.10992499999999982840e-01	-7.37785000000000107390e-02	7.04316500000000011994e-01
-4.66001499999999957424e-01	-4.86050500000000038070e-02	6.06074500000000071509e-01
-4.07989500000000004931e-01	-1.64183999999999996611e-01	7.12772500000000031051e-01
-3.80540500000000003755e-01	-2.53016499999999977533e-01	7.02566999999999941551e-01
-4.61307999999999995833e-01	-2.23834499999999991804e-01	6.21278500000000066805e-01
-3.50493500000000013372e-01	-3.39741499999999974069e-01	6.97273000000000031662e-01
-3.23863999999999985224e-01	-4.29289999999999949409e-01	7.16095499999999995921e-01
-4.07229500000000022020e-01	-4.02215499999999948066e-01	6.29895499999999941565e-01
-2.75829500000000005233e-01	-5.03973499999999963173e-01	7.09257000000000026319e-01
-2.28367500000000001048e-01	-5.88864000000000054058e-01	7.22894000000000036543e-01
-3.33137999999999989686e-01	-5.76654500000000069804e-01	6.62355000000000027072e-01
-1.66579349999999987153e-01	-6.52297000000000015696e-01	7.16889499999999957325e-01
-9.12548499999999984666e-02	-7.13203000000000031378e-01	7.05400999999999944734e-01
-2.10351499999999996815e-01	-7.22450999999999954326e-01	6.64503500000000024706e-01
-2.29654000000000038662e-02	-7.67915499999999973113e-01	6.96641999999999983473e-01
6.00771500000000027719e-02	-8.03076499999999970925e-01	6.74832499999999946283e-01
-5.19844500000000014905e-02	-8.18517999999999967820e-01	6.31205500000000085947e-01
1.33700550000000001338e-01	-8.42013499999999970314e-01	6.63734000000000046171e-01
2.17403999999999986148e-01	-8.63056500000000004214e-01	6.44695000000000018048e-01
1.14761550000000003835e-01	-8.74721999999999999531e-01	5.90357000000000020634e-01
2.93218499999999993033e-01	-8.88788000000000022460e-01	6.33113000000000036849e-01
3.71223499999999984045e-01	-9.20223000000000013188e-01	6.30436500000000066279e-01
2.76469999999999993534e-01	-9.27200000000000024158e-01	5.68641500000000021942e-01
4.47455500000000006011e-01	-9.42655500000000090566e-01	6.27487499999999975842e-01
4.30707000000000006512e-01	-9.81067499999999981242e-01	5.63015999999999960934e-01
5.22822499999999967812e-01	-9.56641999999999992355e-01	6.16261500000000017607e-01
5.98574500000000009337e-01	-9.68487000000000097799e-01	6.13639999999999963265e-01
5.82691000000000070003e-01	-1.01534499999999994202e+00	5.57445500000000038199e-01
6.71955499999999927851e-01	-9.67896000000000089614e-01	5.98112500000000046896e-01
7.45620999999999978236e-01	-9.66695999999999999730e-01	5.91923500000000046839e-01
7.32108500000000050889e-01	-1.02599000000000017963e+00	5.48634999999999983800e-01
8.16764500000000004398e-01	-9.78386500000000047805e-01	5.96384999999999942943e-01
8.89283000000000045659e-01	-9.87256499999999981299e-01	6.03032000000000012463e-01
8.78292499999999920490e-01	-1.03366000000000002323e+00	5.49093000000000053262e-01
9.62283999999999917208e-01	-1.00917600000000007299e+00	6.23518000000000016669e-01
1.03632849999999998580e+00	-1.00818099999999999383e+00	6.28835000000000032827e-01
1.02485549999999991932e+00	-1.04153500000000009962e+00	5.61057000000000027917e-01
1.11051000000000010814e+00	-9.96252499999999985292e-01	6.29726500000000077861e-01
1.17951499999999986912e+00	-9.67876500000000028479e-01	6.23300999999999993939e-01
1.16790499999999997094e+00	-1.01216400000000006365e+00	5.59948499999999960153e-01
1.24624500000000004718e+00	-9.39060500000000075715e-01	6.15948999999999968757e-01
1.31464500000000006352e+00	-9.14155500000000009742e-01	6.15847999999999951015e-01
1.30530999999999997030e+00	-9.58882999999999929841e-01	5.53421999999999969511e-01
1.38394499999999998074e+00	-8.90946000000000015717e-01	6.22844999999999981988e-01
1.45607500000000000817e+00	-8.67625499999999938439e-01	6.31207500000000032436e-01
1.44584000000000001407e+00	-9.10657500000000008633e-01	5.61683500000000002217e-01
1.52457500000000001350e+00	-8.34189000000000069335e-01	6.38966000000000033943e-01
1.58899500000000015731e+00	-7.85236999999999962796e-01	6.36363999999999929713e-01
1.58239000000000018531e+00	-8.38385000000000046860e-01	5.67444000000000059458e-01
1.64794499999999999318e+00	-7.29710000000000080789e-01	6.29807499999999964579e-01
1.71453999999999995296e+00	-6.82652999999999954284e-01	6.35695499999999968921e-01
1.71340500000000006686e+00	-7.42376000000000035861e-01	5.70729999999999959570e-01
1.78201000000000009393e+00	-6.38058000000000014040e-01	6.55324499999999976474e-01
1.85457500000000008455e+00	-5.91364000000000000767e-01	6.72205500000000011340e-01
1.85256500000000001727e+00	-6.48625000000000007105e-01	5.93498999999999998778e-01
1.90806500000000012207e+00	-5.23356500000000002260e-01	6.74835000000000073683e-01
1.95761999999999991573e+00	-4.45733000000000045837e-01	6.69956500000000065853e-01
1.97468500000000002359e+00	-5.24307500000000037410e-01	6.05501500000000025814e-01
2.00049499999999991218e+00	-3.69778500000000009962e-01	6.72382000000000035200e-01
2.05117499999999974847e+00	-2.91162499999999990763e-01	6.74692000000000069448e-01
2.07491999999999965354e+00	-3.68068000000000006278e-01	6.02932999999999941210e-01
2.08519499999999968765e+00	-2.07310500000000008658e-01	6.76906499999999966555e-01
2.13365000000000026859e+00	-1.25985999999999986887e-01	6.94359500000000018360e-01
2.17405500000000007077e+00	-2.08127499999999993063e-01	6.22695999999999916241e-01
2.15446500000000007446e+00	-3.82931999999999994611e-02	7.04690000000000038582e-01
2.17527500000000006963e+00	5.66306499999999976569e-02	7.08833999999999964103e-01
2.24332000000000020279e+00	-3.18791500000000019299e-02	6.44293000000000004590e-01
2.16468500000000041439e+00	1.45873349999999984972e-01	6.95364499999999940982e-01
2.25872000000000028308e+00	1.59964350000000005148e-01	6.44581999999999988304e-01
2.30966000000000004633e+00	3.65842000000000000526e-01	5.60150499999999995637e-01
2.33454000000000005954e+00	2.66432499999999961027e-01	5.61769500000000032713e-01
2.39089000000000018176e+00	3.75390499999999960323e-01	4.81192999999999981853e-01
2.27914499999999975444e+00	4.57013000000000002565e-01	5.49512000000000000455e-01
2.23408499999999987651e+00	5.53717500000000084626e-01	5.50005499999999925009e-01
2.32094999999999984652e+00	5.71504500000000081883e-01	4.80067499999999980353e-01
2.18643499999999990635e+00	6.38364000000000042512e-01	5.43367500000000003268e-01
2.10691000000000006054e+00	7.04153500000000098780e-01	5.22483499999999989605e-01
2.19636500000000012278e+00	7.33998499999999998167e-01	4.59677000000000002267e-01
2.03911499999999978883e+00	7.71613499999999952195e-01	5.07098000000000048715e-01
1.95561499999999988120e+00	8.27586999999999961553e-01	4.93512500000000020606e-01
2.03333999999999992525e+00	8.55761500000000063793e-01	4.25207499999999960494e-01
1.87871999999999994557e+00	8.80190999999999945658e-01	4.77431500000000008654e-01
1.79116000000000008541e+00	9.18552499999999993996e-01	4.61783999999999972275e-01
1.86228000000000015746e+00	9.50096499999999899444e-01	3.95974500000000007027e-01
1.70806000000000013372e+00	9.46777500000000049596e-01	4.38126000000000015433e-01
1.62049999999999982947e+00	9.66008500000000047692e-01	4.20786500000000007748e-01
1.68715999999999999304e+00	1.00768900000000005690e+00	3.62987500000000018474e-01
1.53974499999999991928e+00	9.91417500000000062599e-01	4.07640000000000002345e-01
1.45670999999999994934e+00	1.01531250000000006217e+00	4.02100000000000012967e-01
1.51656499999999994088e+00	1.05081500000000005457e+00	3.40107999999999965901e-01
1.37891500000000011283e+00	1.03328850000000005416e+00	3.92346499999999986930e-01
1.29825500000000015888e+00	1.03371849999999998460e+00	3.80662999999999973610e-01
1.35287000000000001698e+00	1.07513999999999998458e+00	3.22884500000000018716e-01
1.22179999999999999716e+00	1.02258399999999993746e+00	3.61813999999999968971e-01
1.14538999999999990820e+00	1.01436899999999985411e+00	3.51900500000000004963e-01
1.19580000000000019611e+00	1.06735500000000005372e+00	3.01287500000000041389e-01
1.07097500000000001030e+00	1.02607749999999997570e+00	3.49869499999999999940e-01
9.99057499999999931717e-01	1.01460749999999988447e+00	3.42305999999999999162e-01
1.04747250000000002856e+00	1.04767000000000010118e+00	2.83810500000000021092e-01
9.27992499999999997939e-01	1.00750899999999998791e+00	3.37527000000000021451e-01
8.58226500000000003254e-01	1.00061899999999992517e+00	3.34900500000000045375e-01
9.05788999999999955293e-01	1.02931000000000016925e+00	2.73620500000000044238e-01
7.91507999999999989349e-01	9.76981500000000058215e-01	3.27280000000000015348e-01
7.24531499999999994976e-01	9.56367999999999995886e-01	3.24015999999999970704e-01
7.69046499999999966235e-01	1.00180650000000004418e+00	2.67730000000000023519e-01
6.55500500000000041467e-01	9.47544500000000011752e-01	3.27332999999999985086e-01
5.89741499999999918558e-01	9.26111499999999976396e-01	3.26387499999999997069e-01
6.36310999999999959975e-01	9.59759999999999946496e-01	2.63520499999999990859e-01
5.19188499999999941714e-01	9.20660000000000033893e-01	3.34760999999999975252e-01
4.49853000000000002867e-01	9.03774000000000077293e-01	3.38356500000000004480e-01
5.01216499999999953729e-01	9.21440999999999954539e-01	2.66170499999999976559e-01
3.80303999999999975401e-01	8.82048999999999971955e-01	3.48752500000000020819e-01
3.10375999999999985235e-01	8.72266999999999903537e-01	3.58400999999999969603e-01
3.61952999999999969205e-01	8.94773000000000040544e-01	2.79414500000000010083e-01
2.39072000000000006725e-01	8.50265500000000007397e-01	3.70510500000000020382e-01
1.69159500000000018183e-01	8.23327499999999989910e-01	3.78711000000000019838e-01
2.22112499999999990496e-01	8.58052999999999954639e-01	2.97263500000000013834e-01
9.40463750000000014984e-02	7.96464999999999978542e-01	3.91453500000000009784e-01
7.70868749999999991473e-02	8.04252500000000036806e-01	3.18206500000000003237e-01
2.21482750000000019885e-02	7.64875500000000041467e-01	4.06377500000000002611e-01
-4.97000999999999970580e-02	7.22484499999999973952e-01	4.17769500000000015838e-01
-6.98746249999999957669e-02	7.34998999999999957922e-01	3.42341000000000006409e-01
-1.21770999999999990360e-01	6.82964499999999974378e-01	4.37823500000000032095e-01
-1.97077499999999988800e-01	6.36836999999999986422e-01	4.55689499999999969582e-01
-2.17029499999999986315e-01	6.46480500000000013472e-01	3.71599000000000012633e-01
-2.61304499999999995108e-01	5.75322499999999958931e-01	4.70787999999999984269e-01
-3.10823999999999989186e-01	5.00636999999999998678e-01	4.71372000000000013209e-01
-3.41855499999999978833e-01	5.25667499999999954241e-01	3.90048999999999979060e-01
-3.57256999999999991235e-01	4.17362000000000010758e-01	4.73693499999999989569e-01
-3.93553500000000000547e-01	3.19017500000000009397e-01	4.68866499999999963855e-01
-4.27671499999999982222e-01	3.52637499999999992628e-01	3.85805999999999982286e-01
-4.24441500000000027093e-01	2.29784500000000002640e-01	4.68515499999999973646e-01
-4.93941000000000018932e-01	1.52942499999999981242e-01	4.93615999999999999215e-01
-5.33467499999999983373e-01	1.77450999999999997625e-01	4.06079500000000037652e-01
-5.23106500000000029793e-01	6.92004499999999966864e-02	5.05922500000000052722e-01
-5.56966500000000031001e-01	-1.34748499999999965526e-02	5.41428499999999979231e-01
-6.36827000000000031932e-01	1.79337000000000038047e-02	4.66685999999999989729e-01
-5.79722000000000070585e-01	-9.98718000000000105665e-02	5.66837999999999953005e-01
-5.73191999999999923787e-01	-2.03737500000000015810e-01	5.67963500000000065526e-01
-6.64156999999999997364e-01	-1.68607300000000015494e-01	5.03317499999999973248e-01
-5.45742999999999978122e-01	-2.92569999999999996732e-01	5.57757999999999976026e-01
-5.02624500000000029587e-01	-3.74583499999999958163e-01	5.41228999999999960124e-01
-6.14508499999999902030e-01	-3.54486500000000037680e-01	4.87913999999999958845e-01
-4.75994999999999945928e-01	-4.64131999999999989015e-01	5.60051500000000035406e-01
-4.31842999999999976879e-01	-5.55841000000000029502e-01	5.78208999999999972985e-01
-5.27237999999999984446e-01	-5.28208999999999928576e-01	4.89542499999999991545e-01
-3.84380999999999972694e-01	-6.40731500000000009365e-01	5.91846000000000094232e-01
-3.15756999999999954376e-01	-7.16004500000000043691e-01	5.91719499999999953843e-01
-4.14461999999999997080e-01	-6.95191000000000003389e-01	5.07573500000000010779e-01
-2.40432499999999993445e-01	-7.76910500000000059373e-01	5.80230999999999941252e-01
-1.61327500000000012559e-01	-8.35792499999999938254e-01	5.76281999999999960949e-01
-2.66732999999999997875e-01	-8.29346000000000027619e-01	5.03498000000000001108e-01
-7.82849499999999920430e-02	-8.70953499999999936065e-01	5.54472500000000034781e-01
1.28535700000000016607e-02	-8.93864500000000061775e-01	5.34366499999999966519e-01
-9.64894799999999885909e-02	-9.11139000000000032209e-01	4.79443000000000008054e-01
9.65570200000000072871e-02	-9.14907499999999984652e-01	5.15327499999999938396e-01
1.83478000000000002201e-01	-9.31061499999999986343e-01	4.99653499999999972658e-01
8.15700200000000069656e-02	-9.50204000000000048587e-01	4.43663000000000029566e-01
2.61483000000000020968e-01	-9.62496500000000088093e-01	4.96977000000000002089e-01
3.42521999999999993136e-01	-9.82367500000000060112e-01	4.92403000000000035108e-01
2.49530000000000001803e-01	-9.86229000000000022297e-01	4.23414999999999985825e-01
4.18754000000000015103e-01	-1.00479999999999991545e+00	4.89454000000000000181e-01
4.95101500000000027679e-01	-1.02771999999999996689e+00	4.89082999999999989971e-01
4.06916500000000014303e-01	-1.02902000000000004576e+00	4.18470000000000008633e-01
5.70902000000000020563e-01	-1.05706999999999995410e+00	4.95964999999999989200e-01
5.59064500000000075275e-01	-1.08129000000000008441e+00	4.24980999999999997652e-01
6.46654000000000062087e-01	-1.06891500000000005954e+00	4.93343499999999990369e-01
7.21041500000000001869e-01	-1.07597999999999993648e+00	4.92780499999999954674e-01
7.09252500000000063451e-01	-1.11770499999999994856e+00	4.31300000000000016698e-01
7.94707000000000052253e-01	-1.07478000000000006864e+00	4.86591499999999954618e-01
8.67194000000000020378e-01	-1.07230000000000003091e+00	4.85792000000000001592e-01
8.56127000000000082380e-01	-1.12229000000000000981e+00	4.29937499999999972466e-01
9.39712499999999950617e-01	-1.08116999999999996440e+00	4.92439000000000015600e-01
1.01150049999999991357e+00	-1.07755499999999981853e+00	4.94379000000000012882e-01
1.00040200000000001346e+00	-1.11619499999999982620e+00	4.31078000000000016723e-01
1.08554499999999998217e+00	-1.07655999999999996142e+00	4.99696000000000029040e-01
1.15616999999999991999e+00	-1.05876499999999995616e+00	4.97829999999999994742e-01
1.14281500000000013628e+00	-1.09478499999999989711e+00	4.31151999999999979707e-01
1.22517500000000012506e+00	-1.03038899999999999935e+00	4.91404500000000021842e-01
1.29403000000000001357e+00	-1.00578900000000004411e+00	4.90504999999999968807e-01
1.28229499999999996263e+00	-1.05238999999999993662e+00	4.28386500000000003396e-01
1.36243000000000002991e+00	-9.80883999999999978137e-01	4.90403999999999951065e-01
1.43384500000000003617e+00	-9.55225999999999908496e-01	4.93595499999999964835e-01
1.42256500000000007944e+00	-1.00213200000000002277e+00	4.30678499999999964132e-01
1.50597500000000006359e+00	-9.31905500000000053262e-01	5.01958000000000015284e-01
1.57072499999999992681e+00	-8.87657499999999988205e-01	4.98041500000000025850e-01
1.55873000000000017096e+00	-9.32225999999999999091e-01	4.29953499999999988468e-01
1.63514500000000007063e+00	-8.38705500000000103711e-01	4.95439499999999977131e-01
1.70100500000000010026e+00	-7.91049000000000002153e-01	4.94448499999999957488e-01
1.68934000000000006381e+00	-8.40321499999999943498e-01	4.25046000000000034902e-01
1.76760000000000006004e+00	-7.43991999999999986670e-01	5.00336499999999961830e-01
1.84576999999999991076e+00	-7.09775500000000003631e-01	5.14068999999999998174e-01
1.83336999999999994415e+00	-7.58448499999999969923e-01	4.37787499999999996092e-01
1.91833499999999990138e+00	-6.63081499999999990358e-01	5.30950000000000033040e-01
1.98283999999999993591e+00	-5.97308999999999978847e-01	5.30784000000000033559e-01
1.97604500000000005144e+00	-6.58459499999999975373e-01	4.51353999999999977444e-01
2.03239500000000017366e+00	-5.19685500000000022425e-01	5.25905500000000025729e-01
2.07842999999999999972e+00	-4.36776500000000011958e-01	5.17846999999999946240e-01
2.08658500000000035612e+00	-5.09777999999999953396e-01	4.43129499999999953985e-01
2.12910999999999983601e+00	-3.58160499999999992760e-01	5.20156999999999980488e-01
2.18471999999999999531e+00	-2.78453999999999979309e-01	5.22839999999999971436e-01
2.18822999999999989740e+00	-3.47162500000000040501e-01	4.37753999999999976467e-01
2.23317500000000013216e+00	-1.97129500000000013049e-01	5.40293000000000023242e-01
2.28354999999999996874e+00	-1.16258500000000000729e-01	5.53217999999999987537e-01
2.29421500000000033737e+00	-1.86585000000000000853e-01	4.53362000000000042732e-01
2.30435999999999996390e+00	-2.13346500000000036112e-02	5.57362000000000024080e-01
2.34257500000000007390e+00	6.95961999999999969546e-02	5.67850999999999994650e-01
2.38280500000000028393e+00	-1.47831500000000018447e-02	4.76775999999999977597e-01
2.33716499999999971493e+00	1.66515849999999993036e-01	5.63996000000000052843e-01
2.41839500000000029445e+00	1.76064349999999980589e-01	4.85038500000000039059e-01
2.47164500000000009194e+00	3.96682499999999937934e-01	3.96926500000000015422e-01
2.49218999999999990536e+00	2.84717499999999956728e-01	3.96199500000000037758e-01
2.54806500000000024642e+00	4.05418999999999973838e-01	3.10313999999999978741e-01
2.44676500000000007873e+00	4.96091999999999977433e-01	3.95307500000000033857e-01
2.37899500000000019284e+00	5.87126499999999995616e-01	3.82689000000000001389e-01
2.45975000000000010303e+00	6.08418499999999973227e-01	2.98422500000000034959e-01
2.33393500000000031491e+00	6.83831000000000077677e-01	3.83182499999999981455e-01
2.25679499999999988447e+00	7.66782999999999992369e-01	3.75106999999999968232e-01
2.31484000000000023078e+00	7.82405000000000017124e-01	2.77728499999999989267e-01
2.17727000000000003865e+00	8.32572500000000048637e-01	3.54222999999999954568e-01
2.07762499999999983302e+00	8.77227500000000048885e-01	3.37667500000000009308e-01
2.13805499999999959471e+00	9.10012000000000043087e-01	2.53097499999999975273e-01
1.99412499999999992539e+00	9.33200999999999947221e-01	3.24081999999999981199e-01
1.90953000000000017167e+00	1.00243750000000009237e+00	3.23263499999999981416e-01
1.95381500000000007944e+00	1.02390350000000007746e+00	2.35723500000000002474e-01
1.82197000000000008946e+00	1.04079900000000002969e+00	3.07616000000000000547e-01
1.72054499999999999105e+00	1.04085899999999997867e+00	2.89551000000000002821e-01
1.76779500000000000526e+00	1.09319999999999994955e+00	2.16840000000000004965e-01
1.63298499999999990884e+00	1.06008999999999997677e+00	2.72211499999999995136e-01
1.54391499999999992632e+00	1.08197499999999990905e+00	2.66357999999999983665e-01
1.57729999999999992433e+00	1.11514500000000005286e+00	1.92921500000000023523e-01
1.46087999999999995637e+00	1.10586999999999990862e+00	2.60817999999999994287e-01
1.37607999999999996987e+00	1.10058999999999995723e+00	2.51671499999999992436e-01
1.40342999999999995531e+00	1.13175000000000003375e+00	1.77921500000000010200e-01
1.29542000000000001592e+00	1.10102000000000010971e+00	2.39988000000000006873e-01
1.21537000000000006139e+00	1.09534999999999982379e+00	2.34207999999999999519e-01
1.23858000000000001428e+00	1.12080000000000001847e+00	1.62995000000000000995e-01
1.13895999999999997243e+00	1.08713499999999996248e+00	2.24294500000000007756e-01
1.06495500000000009599e+00	1.06242999999999998550e+00	2.17348500000000000032e-01
1.08452500000000018332e+00	1.09042499999999997762e+00	1.50268999999999985917e-01
9.93037500000000017408e-01	1.05095999999999989427e+00	2.09784999999999999254e-01
9.19243999999999950035e-01	1.06186999999999986954e+00	2.11482000000000003315e-01
9.36726500000000017465e-01	1.07662999999999997591e+00	1.45019999999999982254e-01
8.49477999999999955349e-01	1.05498000000000002885e+00	2.08855499999999999483e-01
7.76845499999999966612e-01	1.05585500000000021004e+00	2.10525500000000004297e-01
7.90300499999999961354e-01	1.08841499999999991033e+00	1.48386999999999991129e-01
7.09868999999999972239e-01	1.03524150000000014771e+00	2.07261499999999987409e-01
6.47346500000000046882e-01	9.91321499999999966590e-01	2.00854499999999991378e-01
6.55145499999999936236e-01	1.04537000000000013245e+00	1.43649999999999999911e-01
5.81587499999999923972e-01	9.69888499999999931234e-01	1.99909000000000003361e-01
5.10844999999999993534e-01	9.49348000000000080689e-01	2.02308500000000002217e-01
5.21880499999999969418e-01	9.80909499999999989761e-01	1.39642500000000002736e-01
4.41509499999999999176e-01	9.32462000000000013067e-01	2.05904000000000003689e-01
3.64469500000000001805e-01	9.37885499999999927567e-01	2.15386000000000021881e-01
3.74097999999999986098e-01	9.65792500000000053717e-01	1.51523999999999992028e-01
2.94541500000000011639e-01	9.28103499999999970171e-01	2.25034500000000026176e-01
2.21206499999999972594e-01	9.04207500000000052864e-01	2.30891000000000012893e-01
2.23723000000000005194e-01	9.47319999999999939888e-01	1.66862500000000024691e-01
1.51293999999999984052e-01	8.77269500000000035378e-01	2.39091500000000012349e-01
8.21619499999999974849e-02	8.33714000000000066137e-01	2.42581500000000005457e-01
8.12559499999999934605e-02	8.79868499999999942318e-01	1.76209000000000004515e-01
7.04882499999999988238e-03	8.06851500000000054769e-01	2.55323999999999995403e-01
-8.03631250000000074696e-02	7.88336499999999995580e-01	2.69293499999999963457e-01
-7.52880500000000091321e-02	8.17798000000000024912e-01	1.93668499999999993433e-01
-1.52211499999999999577e-01	7.45945499999999928065e-01	2.80685500000000032195e-01
-2.26112499999999994049e-01	6.88834500000000016229e-01	2.88343000000000015959e-01
-2.36601000000000005752e-01	7.42172000000000053888e-01	2.15295500000000000762e-01
-3.01418999999999992490e-01	6.42707000000000028272e-01	3.06209000000000008956e-01
-3.81124000000000018318e-01	5.85531999999999941409e-01	3.18484500000000003705e-01
-3.90206999999999970541e-01	6.27885999999999944166e-01	2.35228500000000007031e-01
-4.30643499999999956884e-01	5.10846499999999981156e-01	3.19068499999999977135e-01
-4.67586500000000016009e-01	4.08468999999999970996e-01	3.13196499999999988795e-01
-5.06855000000000055493e-01	4.68333499999999958163e-01	2.41632000000000013440e-01
-5.03882999999999969809e-01	3.10124500000000025146e-01	3.08369500000000018591e-01
-5.86057999999999967855e-01	2.32170500000000001872e-01	3.33318000000000003169e-01
-6.25973000000000001641e-01	2.88001999999999980240e-01	2.60708500000000009678e-01
-6.55557500000000015206e-01	1.55328500000000008230e-01	3.58418499999999973227e-01
-5.85746499999999947761e-01	-6.13452499999999956160e-01	4.34335499999999985477e-01
-6.29898499999999916810e-01	-5.21743500000000026695e-01	4.16177999999999992387e-01
-5.11864499999999944535e-01	-6.95243000000000055394e-01	4.27956500000000017447e-01
-6.14524999999999987921e-01	-6.88777500000000042490e-01	3.54592000000000018289e-01
-4.43240499999999981728e-01	-7.70515999999999978698e-01	4.27829999999999988081e-01
-3.46025499999999985867e-01	-8.16227499999999994706e-01	4.14900999999999964274e-01
-4.43427999999999988834e-01	-8.16279500000000046711e-01	3.35284000000000026454e-01
-2.66920500000000004981e-01	-8.75109499999999984610e-01	4.10951999999999983970e-01
-1.77782500000000009965e-01	-9.22681000000000084427e-01	4.06892499999999990301e-01
-2.57074999999999997957e-01	-9.09562500000000051514e-01	3.18295500000000008978e-01
-8.66439799999999954450e-02	-9.45591999999999988091e-01	3.86786500000000033062e-01
7.75861999999999992633e-03	-9.64893000000000000682e-01	3.76295999999999963848e-01
-7.35343999999999997641e-02	-9.76434999999999941878e-01	3.03745500000000001606e-01
9.46796000000000026464e-02	-9.81047000000000002373e-01	3.60621999999999998110e-01
1.81818499999999994010e-01	-1.00102400000000013591e+00	3.55510500000000007059e-01
1.08007099999999994777e-01	-1.01571299999999986596e+00	2.88143499999999996852e-01
2.62857499999999966178e-01	-1.02089499999999988589e+00	3.50936499999999984567e-01
3.45025499999999984979e-01	-1.04041499999999986770e+00	3.49092500000000027782e-01
2.77314000000000004942e-01	-1.05520999999999998131e+00	2.81187999999999993506e-01
4.21372999999999997556e-01	-1.06333499999999991914e+00	3.48721500000000017572e-01
5.03257999999999983132e-01	-1.08746000000000009322e+00	3.50576499999999957602e-01
4.41367000000000064830e-01	-1.09885499999999991516e+00	2.81198999999999976751e-01
5.79058500000000031527e-01	-1.11681000000000008043e+00	3.57458500000000012342e-01
6.52903000000000011127e-01	-1.15542500000000014637e+00	3.65223500000000034227e-01
5.97096500000000030006e-01	-1.16159500000000015518e+00	2.90818999999999994177e-01
7.27290500000000061931e-01	-1.16249000000000002331e+00	3.64660499999999998533e-01
8.03417500000000006644e-01	-1.14919500000000018858e+00	3.59585500000000002352e-01
7.47068000000000065342e-01	-1.18691499999999994230e+00	2.93509000000000019881e-01
8.75904500000000085791e-01	-1.14671499999999992880e+00	3.58786000000000049326e-01
9.48900000000000076739e-01	-1.13859999999999983444e+00	3.56624500000000010935e-01
8.96190500000000001002e-01	-1.16550500000000001322e+00	2.86272500000000040821e-01
1.02068800000000003969e+00	-1.13498499999999991061e+00	3.58564500000000008217e-01
1.09525499999999986755e+00	-1.14125499999999990841e+00	3.61348000000000002530e-01
1.04375299999999993084e+00	-1.16365999999999991665e+00	2.86894499999999996742e-01
1.16588000000000002743e+00	-1.12345999999999990315e+00	3.59481999999999968232e-01
1.23662999999999989598e+00	-1.09869499999999997719e+00	3.58376499999999986734e-01
1.18907000000000007134e+00	-1.14516499999999998849e+00	2.88572500000000009557e-01
1.30548500000000000654e+00	-1.07409500000000002196e+00	3.57476999999999989210e-01
1.38109500000000018360e+00	-1.06224499999999988376e+00	3.61596000000000028507e-01
1.33543000000000011696e+00	-1.10855000000000014637e+00	2.91586000000000011845e-01
1.45251000000000018986e+00	-1.03658699999999992514e+00	3.64787499999999986766e-01
1.51922500000000004761e+00	-9.94391999999999942617e-01	3.60931499999999960693e-01
1.47775500000000015177e+00	-1.05450500000000002565e+00	2.91849000000000025068e-01
1.58397500000000013287e+00	-9.50144000000000099604e-01	3.57014999999999971259e-01
1.65459500000000003794e+00	-9.11048999999999997712e-01	3.56389999999999984581e-01
1.61508999999999991459e+00	-9.73214999999999941238e-01	2.87368000000000012317e-01
1.72045500000000006757e+00	-8.63392500000000007176e-01	3.55399000000000020449e-01
1.79515500000000005620e+00	-8.23584499999999941622e-01	3.57830499999999995797e-01
1.76041000000000003034e+00	-8.94311999999999995836e-01	2.89174500000000000988e-01
1.87332499999999990692e+00	-7.89368000000000069605e-01	3.71562999999999976630e-01
1.95411500000000004640e+00	-7.48404000000000069193e-01	3.77772499999999955556e-01
1.91590000000000015845e+00	-8.13540000000000040892e-01	2.97815500000000010772e-01
2.01862000000000030298e+00	-6.82631500000000057682e-01	3.77606499999999956074e-01
2.08159500000000008413e+00	-6.05331499999999911310e-01	3.72325000000000017053e-01
2.05966499999999985704e+00	-6.95276000000000005130e-01	2.98743499999999995165e-01
2.12762999999999991019e+00	-5.22422500000000011866e-01	3.64266499999999993076e-01
2.17952000000000012392e+00	-4.36726999999999976332e-01	3.56364000000000014090e-01
2.17452999999999985192e+00	-5.32280499999999934246e-01	2.85559499999999966136e-01
2.23512999999999983913e+00	-3.57020500000000018392e-01	3.59047000000000005038e-01
2.29279000000000010573e+00	-2.73988500000000023693e-01	3.58580000000000009841e-01
2.28408000000000033225e+00	-3.63553000000000015035e-01	2.77189999999999991953e-01
2.34316499999999994230e+00	-1.93117499999999997495e-01	3.71504999999999974136e-01
2.39616000000000006764e+00	-1.07978999999999991655e-01	3.73976500000000044999e-01
2.39473499999999983601e+00	-1.95382500000000014495e-01	2.79194500000000012108e-01
2.43437500000000017764e+00	-1.70481499999999980277e-02	3.84465500000000015568e-01
2.47121000000000012875e+00	7.86072000000000020714e-02	3.88077499999999964153e-01
2.48456499999999991246e+00	-1.45886499999999946775e-02	2.85278000000000031555e-01
2.46858500000000002927e+00	1.78523849999999983940e-01	3.85850999999999999535e-01
2.54500499999999973966e+00	1.87260349999999992088e-01	2.99238499999999962853e-01
2.58474499999999984823e+00	4.05785500000000021181e-01	1.98013400000000006074e-01
2.60524000000000022226e+00	2.93611999999999984112e-01	2.02119450000000006051e-01
2.62137500000000001066e+00	4.05943500000000012662e-01	9.05458499999999971708e-02
2.56420000000000003482e+00	5.17750500000000002387e-01	1.98740400000000011493e-01
2.50107500000000015916e+00	6.17642999999999942062e-01	1.92130049999999996668e-01
2.53775499999999976097e+00	6.18009500000000100428e-01	7.98294499999999962458e-02
2.43330499999999982919e+00	7.08677500000000071267e-01	1.79511549999999991956e-01
2.33710000000000039933e+00	7.74718000000000017735e-01	1.70872999999999997112e-01
2.37842500000000001137e+00	7.83942499999999986571e-01	6.45805500000000004546e-02
2.25995999999999996888e+00	8.57670000000000043450e-01	1.62797499999999983888e-01
2.16465499999999977376e+00	9.14008500000000001506e-01	1.56950549999999994233e-01
2.18691499999999994230e+00	9.06321500000000002117e-01	5.00950500000000020773e-02
2.06501000000000001222e+00	9.58663500000000001755e-01	1.40395049999999993462e-01
1.97001500000000007162e+00	1.00513350000000012407e+00	1.35445249999999989265e-01
1.99661500000000025068e+00	1.00913000000000008249e+00	3.92982999999999943475e-02
1.88542000000000009585e+00	1.07437000000000004718e+00	1.34626749999999989482e-01
1.79138500000000000512e+00	1.10644499999999990081e+00	1.30596800000000012876e-01
1.80758499999999999730e+00	1.08767499999999994742e+00	3.03185499999999996668e-02
1.68995999999999990671e+00	1.10650499999999984979e+00	1.12531800000000001272e-01
1.59765500000000004732e+00	1.11769499999999988304e+00	1.08899150000000000116e-01
1.62124500000000004718e+00	1.13094000000000005635e+00	2.26559500000000010878e-02
1.50858500000000006480e+00	1.13958000000000003737e+00	1.03045650000000002522e-01
1.42265500000000000291e+00	1.14195000000000002061e+00	1.00594500000000003359e-01
1.44301000000000012591e+00	1.14450000000000007283e+00	1.65721500000000007691e-02
1.33785500000000001641e+00	1.13667000000000006921e+00	9.14480000000000015081e-02
1.25745499999999998941e+00	1.11980499999999993932e+00	8.94841000000000108550e-02
1.27668000000000003702e+00	1.13000500000000014822e+00	1.21571000000000005448e-02
1.17740500000000003489e+00	1.11413500000000009749e+00	8.37041000000000035008e-02
1.10132000000000007667e+00	1.10200999999999993406e+00	8.18877600000000038794e-02
1.12019500000000005180e+00	1.10101499999999985491e+00	8.37685999999999986176e-03
1.02731500000000020023e+00	1.07730499999999995708e+00	7.49417599999999961558e-02
9.53485000000000026965e-01	1.06820499999999984908e+00	7.48318300000000019567e-02
9.70280000000000031335e-01	1.07979000000000002757e+00	6.45058999999999996972e-03
8.79691499999999959591e-01	1.07911499999999982435e+00	7.65288299999999921397e-02
8.06484500000000048558e-01	1.09112499999999990052e+00	7.79053299999999948611e-02
8.23242999999999947036e-01	1.08269999999999999574e+00	7.71715999999999981845e-03
7.33851999999999948798e-01	1.09200000000000008171e+00	7.95753299999999996750e-02
6.68375500000000011269e-01	1.06563000000000007716e+00	7.95634699999999972508e-02
6.84559499999999987452e-01	1.06834000000000006736e+00	9.08180000000000098304e-03
6.05852999999999974889e-01	1.02171000000000011809e+00	7.31564700000000012192e-02
5.36587000000000036160e-01	9.98931000000000013372e-01	7.31905850000000024469e-02
5.49817000000000000171e-01	1.01919099999999995809e+00	9.10405499999999978655e-03
4.65844499999999994699e-01	9.78390499999999940783e-01	7.55900850000000013029e-02
3.92425000000000023803e-01	9.69264499999999973312e-01	7.82305999999999973626e-02
4.07131499999999979522e-01	9.87285999999999996923e-01	1.17786850000000005434e-02
3.15385000000000026432e-01	9.74687999999999998835e-01	8.77126000000000016765e-02
2.40085500000000007237e-01	9.61130000000000039861e-01	9.07118500000000105299e-02
2.58412499999999989431e-01	9.64601999999999959456e-01	1.74184500000000019870e-02
1.66750499999999995948e-01	9.37234000000000011532e-01	9.65683500000000111241e-02
9.56758499999999928454e-02	8.99993999999999960693e-01	9.91147500000000014619e-02
1.12038349999999994888e-01	9.13804000000000060666e-01	2.29641000000000011783e-02
2.65437999999999993395e-02	8.56438499999999991452e-01	1.02604749999999994570e-01
-5.44230500000000005922e-02	8.26345499999999955065e-01	1.06816899999999992410e-01
-4.00031500000000012074e-02	8.46470999999999973440e-01	2.97226499999999997648e-02
-1.41834999999999988862e-01	8.07830500000000006899e-01	1.20786399999999988220e-01
-2.25939000000000000945e-01	7.72772499999999973319e-01	1.26386349999999980653e-01
-2.05073999999999978527e-01	7.81320000000000014495e-01	3.95347500000000004472e-02
-2.99839999999999995417e-01	7.15661499999999950461e-01	1.34043850000000019929e-01
-3.79388999999999976254e-01	6.56212500000000087397e-01	1.38983899999999993558e-01
-3.68727000000000026958e-01	6.86813000000000006828e-01	5.00747500000000012044e-02
-4.59094000000000002082e-01	5.99037500000000000533e-01	1.51259399999999988307e-01
-5.19897000000000053532e-01	5.19198000000000048360e-01	1.57552250000000004793e-01
-5.09079000000000059245e-01	5.47524499999999969546e-01	6.13076499999999982582e-02
-5.56840000000000001634e-01	4.16820500000000038199e-01	1.51680249999999988697e-01
-6.26820500000000002672e-01	3.24936499999999961474e-01	1.57070550000000003221e-01
-6.39862500000000000711e-01	3.75800999999999996160e-01	7.29907999999999945739e-02
-7.08995500000000000718e-01	2.46982499999999993712e-01	1.82019049999999987799e-01
-6.21804999999999941096e-01	-7.60726500000000083190e-01	2.53172500000000022524e-01
-6.95686999999999944322e-01	-6.78935999999999983956e-01	2.59551499999999990553e-01
-5.17548499999999966903e-01	-8.06314500000000045077e-01	2.45533000000000001251e-01
-5.98710500000000034326e-01	-7.96472999999999986542e-01	1.50492500000000001270e-01
-4.20333500000000026553e-01	-8.52025999999999950063e-01	2.32604000000000005199e-01
-3.23578499999999991132e-01	-8.94375499999999989953e-01	2.30899999999999994138e-01
-3.97699000000000024713e-01	-8.84410499999999988319e-01	1.41149000000000024446e-01
-2.34440499999999996117e-01	-9.41947000000000089770e-01	2.26840500000000000469e-01
-1.47878499999999996062e-01	-9.96151999999999926416e-01	2.30575000000000002176e-01
-2.14381999999999989237e-01	-9.80964999999999975877e-01	1.43179500000000015092e-01
-5.34758999999999928843e-02	-1.01545299999999993901e+00	2.20084499999999988473e-01
4.12227999999999969449e-02	-1.03290300000000012659e+00	2.15663500000000007972e-01
-3.31212999999999924139e-02	-1.05262000000000011113e+00	1.42492999999999980787e-01
1.28361699999999995248e-01	-1.05288000000000003809e+00	2.10552000000000016922e-01
2.16459000000000012509e-01	-1.06427499999999986002e+00	2.09477499999999983160e-01
1.49674699999999993860e-01	-1.08146500000000012065e+00	1.36997499999999994280e-01
2.98627000000000031310e-01	-1.08379499999999984183e+00	2.07633499999999970864e-01
3.81576499999999985135e-01	-1.09715000000000006963e+00	2.07532500000000008633e-01
3.20721499999999992703e-01	-1.10621499999999994834e+00	1.35821999999999998288e-01
4.63461500000000026223e-01	-1.12127500000000002167e+00	2.09387500000000004174e-01
5.43892000000000042093e-01	-1.13828499999999999126e+00	2.11915499999999978886e-01
4.84101500000000017909e-01	-1.13657999999999992369e+00	1.38249000000000010768e-01
6.17736500000000021693e-01	-1.17689999999999983515e+00	2.19680500000000000771e-01
6.91946500000000019881e-01	-1.19167500000000003979e+00	2.18205499999999996685e-01
6.38742000000000031967e-01	-1.16836500000000009791e+00	1.39302000000000009150e-01
7.68073500000000075616e-01	-1.17838000000000020506e+00	2.13130500000000000504e-01
8.42601500000000003254e-01	-1.17871000000000014651e+00	2.13620000000000032081e-01
7.87479999999999957794e-01	-1.18347000000000002196e+00	1.38316500000000008885e-01
9.15596999999999994202e-01	-1.17059500000000005215e+00	2.11458499999999993690e-01
9.88477999999999967784e-01	-1.16582000000000007844e+00	2.11279500000000008963e-01
9.34889000000000081059e-01	-1.17902499999999998970e+00	1.38627000000000000224e-01
1.06304500000000001769e+00	-1.17208999999999985420e+00	2.14063000000000003276e-01
1.13545499999999988106e+00	-1.16493499999999983174e+00	2.13890499999999983416e-01
1.08017999999999991800e+00	-1.16709499999999999353e+00	1.38275499999999995637e-01
1.20620499999999997165e+00	-1.14016999999999990578e+00	2.12785000000000001918e-01
1.27929000000000003823e+00	-1.13118000000000007432e+00	2.13363499999999983725e-01
1.22567499999999984794e+00	-1.15094999999999991758e+00	1.38681500000000013095e-01
1.35489999999999999325e+00	-1.11933000000000015817e+00	2.17482499999999995266e-01
1.42651500000000019952e+00	-1.09414999999999995595e+00	2.16706499999999996353e-01
1.37037500000000012079e+00	-1.11677999999999988390e+00	1.38483999999999995989e-01
1.49323000000000005727e+00	-1.05195499999999997343e+00	2.12850499999999998035e-01
1.56838500000000014012e+00	-1.02906500000000011852e+00	2.13357999999999992102e-01
1.51714500000000018787e+00	-1.06870999999999982677e+00	1.38215499999999991143e-01
1.63900500000000004519e+00	-9.89970000000000016627e-01	2.12733000000000005425e-01
1.71262500000000006395e+00	-9.53207499999999985363e-01	2.11741500000000026915e-01
1.66592000000000006743e+00	-1.00905749999999994060e+00	1.37731500000000006700e-01
1.78732500000000005258e+00	-9.13399500000000030830e-01	2.14173000000000002263e-01
1.85744500000000001272e+00	-8.62046499999999937813e-01	2.11188500000000001222e-01
1.80966000000000004633e+00	-9.20941999999999927340e-01	1.33755499999999999394e-01
1.93823500000000015220e+00	-8.21082499999999937401e-01	2.17397999999999980147e-01
2.01818999999999970640e+00	-7.74542500000000022631e-01	2.17187999999999992173e-01
1.95973499999999978272e+00	-8.23048999999999919552e-01	1.30560999999999982624e-01
2.08116499999999993165e+00	-6.97242499999999987281e-01	2.11906499999999997641e-01
2.14587500000000019895e+00	-6.24225000000000029843e-01	2.06821499999999991459e-01
2.10440000000000004832e+00	-7.03491499999999936321e-01	1.25265999999999988468e-01
2.19776499999999996859e+00	-5.38529499999999994309e-01	1.98918999999999984718e-01
2.25630500000000022709e+00	-4.53093500000000037886e-01	1.93452499999999999458e-01
2.22764999999999968594e+00	-5.45038000000000022460e-01	1.14714499999999997026e-01
2.31396500000000004960e+00	-3.70061500000000043187e-01	1.92985500000000004261e-01
2.38255000000000016769e+00	-2.91429000000000049120e-01	1.90511500000000000288e-01
2.35477500000000006253e+00	-3.80969500000000016460e-01	1.06774000000000007793e-01
2.43554500000000029303e+00	-2.06290500000000015524e-01	1.92983000000000015639e-01
2.49054500000000000881e+00	-1.16319499999999992346e-01	1.91836000000000006516e-01
2.47836000000000034049e+00	-2.12365999999999999215e-01	1.03152999999999994696e-01
2.52737999999999995993e+00	-2.06641499999999991855e-02	1.95447999999999982856e-01
2.55786499999999961119e+00	8.02647499999999958220e-02	1.91846099999999991637e-01
2.56384499999999970754e+00	-2.14661000000000018462e-02	9.84040999999999943526e-02
2.58146999999999993136e+00	1.86458399999999996366e-01	2.02194600000000002105e-01
2.61810000000000009379e+00	1.86616399999999987847e-01	9.47270500000000070795e-02
2.60985500000000003595e+00	4.00206500000000020556e-01	-2.08541000000000073533e-02
2.63034999999999996589e+00	2.88032999999999983487e-01	-1.67480500000000073757e-02
2.58941499999999980020e+00	5.09727999999999958902e-01	-2.79876000000000083046e-02
2.59839000000000019952e+00	3.91817499999999985238e-01	-1.35281499999999998973e-01
2.52628999999999992454e+00	6.09620500000000009599e-01	-3.45979500000000092519e-02
2.47154000000000007020e+00	7.09346500000000101949e-01	-4.01064500000000087598e-02
2.52320000000000010942e+00	6.01064999999999960423e-01	-1.47923500000000013310e-01
2.37533499999999975216e+00	7.75387000000000048416e-01	-4.87450000000000105427e-02
2.28716000000000008185e+00	8.51135500000000044807e-01	-5.01474999999999976330e-02
2.38027500000000014069e+00	7.76539500000000049162e-01	-1.54834499999999986031e-01
2.19185500000000033083e+00	9.07474000000000002863e-01	-5.59944499999999942275e-02
2.09393999999999991246e+00	9.61457000000000006068e-01	-5.55444500000000021545e-02
2.19418500000000005201e+00	9.06271000000000048757e-01	-1.55787000000000008804e-01
1.99894499999999997186e+00	1.00792700000000001737e+00	-6.04942499999999994120e-02
1.90483000000000002316e+00	1.05980000000000007532e+00	-6.18897499999999933795e-02
2.00215500000000012903e+00	1.01212699999999999889e+00	-1.56732499999999996820e-01
1.81079499999999993243e+00	1.09187499999999992895e+00	-6.59196999999999977415e-02
1.71756500000000000838e+00	1.13279499999999999638e+00	-6.64217000000000001858e-02
1.81481000000000003425e+00	1.10491999999999990223e+00	-1.58629999999999993232e-01
1.62525999999999992696e+00	1.14398500000000002963e+00	-7.00543500000000013417e-02
1.53072499999999989129e+00	1.15037000000000011468e+00	-6.71678500000000011649e-02
1.62704500000000007454e+00	1.15222500000000005471e+00	-1.56245499999999981622e-01
1.44479500000000005144e+00	1.15274000000000009791e+00	-6.96190000000000003277e-02
1.35627000000000008662e+00	1.14077500000000009450e+00	-6.50175000000000058442e-02
1.44398500000000007404e+00	1.14664499999999991431e+00	-1.48757499999999986962e-01
1.27587000000000005961e+00	1.12390999999999996461e+00	-6.69813999999999964974e-02
1.19538000000000010914e+00	1.11119499999999993278e+00	-6.37863999999999931045e-02
1.27497000000000015874e+00	1.12196499999999987907e+00	-1.40961000000000002963e-01
1.11929500000000015092e+00	1.09906999999999999140e+00	-6.56027399999999927260e-02
1.04350999999999993761e+00	1.09333499999999994579e+00	-6.41082400000000107720e-02
1.11869499999999999496e+00	1.10351500000000002366e+00	-1.36271499999999989861e-01
9.69679999999999986393e-01	1.08423500000000005983e+00	-6.42181700000000049711e-02
8.96992999999999929273e-01	1.06964499999999995694e+00	-6.17821699999999973674e-02
9.70223000000000057597e-01	1.08319000000000009720e+00	-1.32340999999999986425e-01
8.23786000000000018240e-01	1.08165500000000003311e+00	-6.04056699999999946460e-02
7.53620500000000026475e-01	1.07402500000000000746e+00	-5.91121699999999916653e-02
8.27370500000000008711e-01	1.06096999999999996867e+00	-1.28611499999999989718e-01
6.88144000000000088946e-01	1.04765500000000000291e+00	-5.91240299999999940894e-02
6.18052000000000045787e-01	1.03638000000000007894e+00	-5.95585299999999984166e-02
6.87113000000000084810e-01	1.04206500000000001904e+00	-1.27752499999999991065e-01
5.48785999999999996035e-01	1.01360099999999997422e+00	-5.95244149999999971890e-02
4.78237999999999996437e-01	1.00103100000000000414e+00	-5.97889149999999980345e-02
5.46472999999999986542e-01	1.01821999999999990294e+00	-1.28451499999999996238e-01
4.04818499999999970029e-01	9.91905000000000036664e-01	-5.71484000000000019748e-02
3.32848000000000032728e-01	9.77119000000000070827e-01	-5.71479000000000014747e-02
4.03954499999999994131e-01	9.90863999999999967017e-01	-1.28715499999999982705e-01
2.57548500000000013532e-01	9.63561000000000000831e-01	-5.41486499999999995603e-02
1.87194499999999985906e-01	9.37181999999999959527e-01	-5.29016500000000014503e-02
2.61630000000000029203e-01	9.49699000000000070898e-01	-1.27467999999999997973e-01
1.16119849999999996681e-01	8.99942000000000019710e-01	-5.03552500000000041736e-02
4.03826499999999991020e-02	8.72184999999999988063e-01	-5.05842500000000111493e-02
1.15538799999999997059e-01	8.95562999999999997947e-01	-1.26450000000000006839e-01
-4.05842000000000008297e-02	8.42092000000000062698e-01	-4.63721000000000063701e-02
-1.18051500000000003654e-01	8.08299499999999948585e-01	-4.60331000000000004069e-02
-3.76656999999999964057e-02	8.34013499999999963208e-01	-1.26340000000000007851e-01
-2.02155499999999987981e-01	7.73241499999999915005e-01	-4.04331500000000010342e-02
-2.87410500000000013188e-01	7.37229499999999982052e-01	-4.22791500000000014525e-02
-2.00387999999999982803e-01	7.64208999999999916142e-01	-1.27846999999999988429e-01
-3.66959499999999994024e-01	6.77780500000000007965e-01	-3.73391000000000000680e-02
-4.56077000000000010171e-01	6.33424500000000056943e-01	-3.90346000000000026287e-02
-3.74760499999999996401e-01	6.83840999999999921144e-01	-1.31388500000000019163e-01
-5.16880000000000006111e-01	5.53584999999999993747e-01	-3.27417500000000069593e-02
-5.68292499999999978222e-01	4.55442000000000013493e-01	-2.56887500000000032485e-02
-5.15290499999999984659e-01	5.41341999999999989868e-01	-1.26031000000000004135e-01
-6.38272999999999979259e-01	3.63557999999999992280e-01	-2.02984500000000026021e-02
-6.48300499999999946255e-01	3.69008500000000017049e-01	-1.19526500000000007740e-01
-7.19870500000000079766e-01	2.89367499999999999716e-01	-2.08469500000000029782e-02
-6.06112500000000054001e-01	-8.23824000000000000732e-01	3.51808000000000051233e-02
-7.10369000000000028194e-01	-7.78236000000000038845e-01	4.28202999999999986414e-02
-4.93965500000000001801e-01	-8.43903999999999987480e-01	4.63065500000000018765e-02
-6.05624000000000051180e-01	-8.25667000000000039783e-01	-6.13656499999999938133e-02
-3.97210500000000021892e-01	-8.86253500000000027370e-01	4.46025500000000046930e-02
-3.09570000000000011831e-01	-9.48045999999999944308e-01	4.90240500000000065106e-02
-4.05836499999999988919e-01	-9.07539499999999943469e-01	-4.58183999999999952424e-02
-2.23007999999999984020e-01	-1.00225100000000000300e+00	5.27585499999999943399e-02
-1.32811000000000012378e-01	-1.05127499999999995950e+00	5.92204499999999939286e-02
-2.27999000000000007216e-01	-1.01835600000000003895e+00	-3.49350000000000007749e-02
-3.81123000000000017318e-02	-1.06872500000000014708e+00	5.47994499999999995499e-02
5.63431499999999946260e-02	-1.09576500000000010004e+00	5.71510500000000018495e-02
-4.33465500000000045211e-02	-1.09441999999999994841e+00	-2.61214999999999988867e-02
1.44440449999999998010e-01	-1.10715999999999992198e+00	5.60765499999999958436e-02
2.37418000000000017913e-01	-1.11002499999999981739e+00	6.07883499999999910024e-02
1.44086450000000004801e-01	-1.12432499999999979678e+00	-1.90581000000000014283e-02
3.20367500000000027249e-01	-1.12338000000000004519e+00	6.06873500000000010157e-02
4.03741499999999975401e-01	-1.12563999999999997392e+00	6.23343500000000036443e-02
3.20438000000000000611e-01	-1.12944999999999984297e+00	-1.26993000000000001715e-02
4.84172000000000046782e-01	-1.14264999999999994351e+00	6.48623500000000130505e-02
5.64423499999999966903e-01	-1.14165500000000008640e+00	6.68766650000000018039e-02
4.84063499999999979906e-01	-1.13071499999999991459e+00	-9.03798500000000011589e-03
6.38633500000000076113e-01	-1.15643000000000006899e+00	6.54016649999999977183e-02
7.13958000000000092555e-01	-1.17530000000000001137e+00	6.45996749999999952951e-02
6.39639500000000027491e-01	-1.14858999999999999986e+00	-7.82565999999999990788e-03
7.88486000000000020194e-01	-1.17562999999999995282e+00	6.50891749999999991161e-02
8.62913499999999999979e-01	-1.19426999999999994273e+00	6.54307699999999992091e-02
7.89391500000000023718e-01	-1.18609999999999993214e+00	-8.28605500000000050331e-03
9.35794500000000084583e-01	-1.18949499999999996902e+00	6.52517699999999867266e-02
1.00875500000000006828e+00	-1.18282500000000001528e+00	6.50361849999999963590e-02
9.36779500000000098225e-01	-1.19806999999999996831e+00	-8.16004500000000118631e-03
1.08116499999999993165e+00	-1.17566999999999999282e+00	6.48636850000000042549e-02
1.15267000000000008342e+00	-1.16253500000000009607e+00	6.41443349999999967714e-02
1.08124500000000001165e+00	-1.17826500000000011781e+00	-9.09497999999999903742e-03
1.22575499999999992795e+00	-1.15354500000000004256e+00	6.47228349999999924558e-02
1.29860500000000000931e+00	-1.14293000000000000149e+00	6.34040500000000034619e-02
1.22560000000000002274e+00	-1.15451499999999995794e+00	-1.11331149999999989841e-02
1.37022000000000021558e+00	-1.11775000000000002132e+00	6.26280500000000045491e-02
1.44345999999999996533e+00	-1.10011499999999995403e+00	6.06123999999999968358e-02
1.37169000000000007589e+00	-1.12626500000000007162e+00	-1.44675499999999991607e-02
1.51861500000000004817e+00	-1.07722499999999987708e+00	6.11199000000000047805e-02
1.59171499999999999098e+00	-1.04967999999999994643e+00	5.85965000000000096891e-02
1.51802999999999999048e+00	-1.08108499999999985164e+00	-1.90065999999999984960e-02
1.66533500000000000973e+00	-1.01291749999999991516e+00	5.76050000000000034239e-02
1.74021999999999987807e+00	-9.78882000000000029871e-01	5.43759499999999992847e-02
1.66601499999999980162e+00	-1.01950450000000003570e+00	-2.47590499999999977265e-02
1.81034000000000006025e+00	-9.27529000000000047876e-01	5.13914499999999982438e-02
1.88141000000000002679e+00	-8.77507499999999995843e-01	4.80133999999999977470e-02
1.81197000000000008058e+00	-9.35447499999999987352e-01	-3.13661500000000023625e-02
1.96136499999999980304e+00	-8.30967500000000081073e-01	4.78033999999999958952e-02
2.03786500000000003752e+00	-7.79895999999999922636e-01	4.31328500000000003567e-02
1.95954000000000005954e+00	-8.34354499999999998927e-01	-3.94147499999999983977e-02
2.10257499999999986073e+00	-7.06878499999999965198e-01	3.80478499999999941750e-02
2.17930499999999982563e+00	-6.46743499999999915673e-01	3.19441999999999989845e-02
2.11276999999999981483e+00	-7.23147999999999901988e-01	-5.01889499999999960655e-02
2.23784500000000008413e+00	-5.61307499999999959250e-01	2.64776999999999998470e-02
2.30360999999999993548e+00	-4.80903500000000039272e-01	2.10199499999999955824e-02
2.25526499999999963109e+00	-5.82608999999999932484e-01	-6.17503500000000024595e-02
2.37219500000000005357e+00	-4.02271000000000045205e-01	1.85459499999999985476e-02
2.44823000000000012832e+00	-3.24920500000000000984e-01	1.16419000000000036343e-02
2.39706500000000000128e+00	-4.24854500000000023796e-01	-7.41121500000000016373e-02
2.50323000000000028820e+00	-2.34949499999999977806e-01	1.04949000000000014499e-02
2.53871499999999983288e+00	-1.32021500000000013841e-01	2.71425000000000138378e-03
2.50858500000000006480e+00	-2.44575999999999987855e-01	-8.87968499999999966166e-02
2.56919999999999992824e+00	-3.10925999999999980172e-02	-8.87649999999996774935e-04
2.58541499999999979664e+00	7.49057499999999931717e-02	-5.79239999999999616298e-03
2.56028499999999992198e+00	-3.56496499999999980068e-02	-1.01482249999999996071e-01
2.60918500000000008754e+00	1.82059349999999980918e-01	-5.86754999999999915516e-03
2.59766500000000011283e+00	1.76322349999999988812e-01	-1.17267499999999996740e-01
2.55915999999999987935e+00	3.80186499999999982791e-01	-2.35567500000000012994e-01
2.57960000000000011511e+00	2.70664999999999988933e-01	-2.28434000000000025921e-01
2.54108000000000000540e+00	4.84984999999999999432e-01	-2.47309500000000015429e-01
2.52228999999999992099e+00	3.63832500000000003126e-01	-3.40462000000000042377e-01
2.48632999999999970697e+00	5.84710999999999980759e-01	-2.52817999999999987182e-01
2.42589999999999994529e+00	6.77944000000000102091e-01	-2.55921000000000009589e-01
2.44378000000000028535e+00	5.61864000000000030077e-01	-3.55307000000000039464e-01
2.33772499999999983089e+00	7.53692500000000098481e-01	-2.57323499999999982801e-01
2.25785999999999997812e+00	8.31120999999999998664e-01	-2.55804499999999990223e-01
2.30348500000000022681e+00	7.32525499999999940570e-01	-3.56891000000000013781e-01
2.15994500000000000384e+00	8.85104000000000001869e-01	-2.55354500000000039783e-01
2.06836500000000000909e+00	9.42500000000000004441e-01	-2.50850000000000017408e-01
2.13203999999999993520e+00	8.67349999999999954348e-01	-3.50867499999999998828e-01
1.97425000000000006040e+00	9.94372999999999951370e-01	-2.52245500000000011376e-01
1.88505000000000011440e+00	1.05048500000000011312e+00	-2.52659999999999995701e-01
1.95125999999999999446e+00	9.80858000000000007645e-01	-3.46777499999999960778e-01
1.79181999999999996831e+00	1.09140499999999995850e+00	-2.53161999999999998145e-01
1.69812500000000010658e+00	1.12978000000000000647e+00	-2.50766999999999962156e-01
1.76836500000000018673e+00	1.07534499999999999531e+00	-3.44797000000000020137e-01
1.60359000000000007091e+00	1.13616500000000009152e+00	-2.47880500000000003613e-01
1.50852999999999992653e+00	1.11722000000000010189e+00	-2.28520500000000015284e-01
1.57961000000000018062e+00	1.09477500000000005365e+00	-3.23041999999999995818e-01
1.42000500000000018375e+00	1.10525500000000009848e+00	-2.23919000000000006922e-01
1.33661999999999991928e+00	1.11572499999999985576e+00	-2.19534000000000006914e-01
1.40116499999999999382e+00	1.08630000000000004334e+00	-2.99297000000000035236e-01
1.25612999999999996881e+00	1.10301000000000004597e+00	-2.16339000000000003521e-01
1.17691500000000015547e+00	1.10010500000000011056e+00	-2.10877499999999995506e-01
1.23856499999999991601e+00	1.09386500000000008725e+00	-2.89450499999999999456e-01
1.10112999999999994216e+00	1.09437000000000006494e+00	-2.09382999999999985796e-01
1.02673000000000014253e+00	1.07933999999999996611e+00	-2.02093000000000022620e-01
1.08495000000000008100e+00	1.07593000000000005301e+00	-2.76699000000000028265e-01
9.54042999999999974392e-01	1.06475000000000008527e+00	-1.99657000000000001139e-01
8.80438500000000012768e-01	1.06327499999999997016e+00	-1.99329499999999992799e-01
9.36945499999999986684e-01	1.05942500000000006111e+00	-2.69081499999999973483e-01
8.10273000000000021004e-01	1.05564499999999994451e+00	-1.98035999999999989818e-01
7.39757500000000067786e-01	1.04435499999999992227e+00	-1.96532499999999998863e-01
7.92825499999999960821e-01	1.04665999999999992376e+00	-2.67250500000000001943e-01
6.69665500000000024627e-01	1.03307999999999999829e+00	-1.96967000000000003190e-01
5.97965000000000079794e-01	1.02803500000000003212e+00	-1.99254999999999987681e-01
6.50609500000000062769e-01	1.03032499999999993534e+00	-2.68035000000000023235e-01
5.27417000000000024684e-01	1.01546499999999983999e+00	-1.99519499999999988527e-01
4.58430499999999963023e-01	9.95163499999999978662e-01	-1.98368999999999989781e-01
5.09922500000000056275e-01	1.00497849999999999682e+00	-2.69172499999999981224e-01
3.86460000000000025722e-01	9.80377500000000012825e-01	-1.98368500000000003158e-01
3.17597499999999977049e-01	9.53600000000000003197e-01	-1.96961500000000011568e-01
3.72073500000000001453e-01	9.57899500000000014843e-01	-2.66614999999999990887e-01
2.47243500000000004935e-01	9.27221000000000072916e-01	-1.95714500000000013458e-01
1.75842999999999999305e-01	8.98600000000000065370e-01	-1.96985499999999980059e-01
2.31810500000000002663e-01	9.02500999999999997669e-01	-2.66479000000000021409e-01
1.00105799999999994787e-01	8.70843000000000033722e-01	-1.97214500000000014790e-01
2.72234000000000017638e-02	8.35542999999999924654e-01	-1.96406499999999983874e-01
8.75275999999999970713e-02	8.38579999999999992077e-01	-2.66942000000000012605e-01
-5.02439000000000010604e-02	8.01750500000000032585e-01	-1.96067500000000005667e-01
-1.27365499999999992609e-01	7.62926999999999910784e-01	-2.01077999999999978975e-01
-6.24764000000000013779e-02	7.64456499999999983253e-01	-2.71144500000000010509e-01
-2.12620499999999990060e-01	7.26914999999999977831e-01	-2.02923999999999993271e-01
-3.01165999999999989267e-01	6.95448499999999913967e-01	-2.15730499999999991712e-01
-2.28143499999999999073e-01	6.94166499999999908610e-01	-2.88961499999999982258e-01
-3.90283500000000005414e-01	6.51092499999999962945e-01	-2.17426000000000008150e-01
-4.58148500000000014065e-01	5.82787500000000013856e-01	-2.17459500000000027775e-01
-3.84554000000000006931e-01	5.94395000000000006679e-01	-3.01801500000000000323e-01
-5.09560999999999930665e-01	4.84644499999999978090e-01	-2.10406499999999996309e-01
-5.63465499999999952507e-01	3.91004499999999977078e-01	-2.04674000000000022581e-01
-5.06323499999999926402e-01	4.32450000000000001066e-01	-2.96102500000000046221e-01
-6.45062999999999941991e-01	3.16814000000000040025e-01	-2.05222500000000002141e-01
-6.41227499999999950298e-01	2.89773500000000017174e-01	-3.19194500000000047635e-01
-7.26062500000000055067e-01	2.67777500000000001634e-01	-2.34047000000000005038e-01
-6.38421499999999975117e-01	-8.19056500000000076156e-01	-1.73247700000000004472e-01
-6.34892999999999929628e-01	-7.85320000000000018048e-01	-3.08493000000000017202e-01
-7.14242500000000002380e-01	-7.71850499999999994927e-01	-2.07736699999999996358e-01
-5.26274499999999978428e-01	-8.39136499999999951882e-01	-1.62121950000000014658e-01
-4.28170500000000009422e-01	-8.84476000000000039947e-01	-1.43421450000000005875e-01
-4.60968000000000044380e-01	-8.77865499999999965297e-01	-2.55303500000000016534e-01
-3.40529999999999999361e-01	-9.46268499999999956884e-01	-1.38999950000000010997e-01
-2.51433000000000017593e-01	-9.98561000000000031918e-01	-1.30719950000000001422e-01
-2.73766999999999982585e-01	-9.75497500000000017373e-01	-2.28322999999999998177e-01
-1.61235999999999990440e-01	-1.04758499999999998842e+00	-1.24258049999999994895e-01
-6.76720150000000020274e-02	-1.07974000000000014410e+00	-1.14608050000000002977e-01
-9.11060149999999985271e-02	-1.05994499999999991502e+00	-2.10392999999999996685e-01
2.67834349999999977998e-02	-1.10678000000000009706e+00	-1.12256450000000007616e-01
1.16862450000000006600e-01	-1.12440999999999990955e+00	-1.03827950000000002184e-01
9.25369850000000021550e-02	-1.10972999999999988319e+00	-1.92314499999999999336e-01
2.09839999999999998748e-01	-1.12727500000000002700e+00	-9.91161500000000000865e-02
2.96609499999999970399e-01	-1.13131499999999984851e+00	-8.94931500000000074158e-02
2.69385499999999999954e-01	-1.13139999999999996128e+00	-1.74263000000000001233e-01
3.79983500000000029573e-01	-1.13357499999999999929e+00	-8.78461499999999978483e-02
4.59882000000000012996e-01	-1.13417000000000012250e+00	-8.25916499999999886850e-02
4.36053499999999982784e-01	-1.13603500000000012804e+00	-1.59385500000000013276e-01
5.40133500000000044139e-01	-1.13317500000000004334e+00	-8.05773349999999999316e-02
6.17898000000000058307e-01	-1.15548000000000006260e+00	-8.21903350000000032516e-02
5.93716499999999980375e-01	-1.15893500000000004846e+00	-1.55743999999999993555e-01
6.93222500000000074749e-01	-1.17435000000000000497e+00	-8.29923250000000056747e-02
7.68184500000000047848e-01	-1.17227499999999995595e+00	-8.11963250000000136275e-02
7.46442999999999967642e-01	-1.17916500000000001869e+00	-1.55561000000000004828e-01
8.42612000000000027633e-01	-1.19091499999999994586e+00	-8.08547300000000135345e-02
9.16966500000000017678e-01	-1.19584499999999982478e+00	-8.22207299999999918771e-02
8.95759500000000041808e-01	-1.18202000000000007063e+00	-1.55131000000000018879e-01
9.89927000000000001378e-01	-1.18917500000000009308e+00	-8.24363149999999961226e-02
1.05952000000000001734e+00	-1.16534499999999985320e+00	-8.00628149999999955133e-02
1.03970699999999993679e+00	-1.16311999999999993172e+00	-1.54123499999999996612e-01
1.13102499999999994706e+00	-1.15220999999999995644e+00	-8.07821650000000029967e-02
1.20287499999999991651e+00	-1.13617500000000015703e+00	-8.01936650000000111893e-02
1.18114999999999992220e+00	-1.12325499999999989242e+00	-1.51161500000000004196e-01
1.27572499999999999787e+00	-1.12556000000000011596e+00	-8.15124500000000001831e-02
1.34929999999999994387e+00	-1.11769999999999991580e+00	-8.94074499999999994237e-02
1.32657500000000005969e+00	-1.09935999999999989285e+00	-1.58467999999999997751e-01
1.42254000000000013770e+00	-1.10006499999999984851e+00	-9.14231000000000071370e-02
1.49512500000000003730e+00	-1.07465000000000010516e+00	-9.59186000000000066334e-02
1.47273500000000012733e+00	-1.06608499999999994934e+00	-1.70858500000000024244e-01
1.56822499999999998010e+00	-1.04710499999999995246e+00	-9.84420000000000017248e-02
1.64041999999999998927e+00	-1.01187000000000004718e+00	-1.02827500000000002234e-01
1.61751500000000003610e+00	-1.00543499999999985661e+00	-1.79739499999999996493e-01
1.71530499999999985761e+00	-9.77834499999999939845e-01	-1.06056549999999999434e-01
1.78631500000000009720e+00	-9.30228999999999972559e-01	-1.11422049999999994707e-01
1.76072000000000006281e+00	-9.22594499999999984041e-01	-1.89490500000000006153e-01
1.85738500000000006374e+00	-8.80207500000000031548e-01	-1.14800100000000002143e-01
1.92951499999999986912e+00	-8.26447500000000001563e-01	-1.19854100000000005077e-01
1.90385999999999988574e+00	-8.21228999999999986770e-01	-1.99910000000000004361e-01
2.00601499999999965951e+00	-7.75375999999999954149e-01	-1.24524650000000000616e-01
2.08948000000000000398e+00	-7.28220499999999937302e-01	-1.38402650000000015940e-01
2.05945499999999981355e+00	-7.20313500000000050960e-01	-2.18842000000000008741e-01
2.16620999999999996888e+00	-6.68085499999999998799e-01	-1.44506300000000004191e-01
2.24282000000000003581e+00	-6.02698500000000025878e-01	-1.58764300000000024848e-01
2.21952999999999978087e+00	-6.07771000000000061192e-01	-2.46978000000000030845e-01
2.30858499999999988717e+00	-5.22294499999999994877e-01	-1.64222050000000008296e-01
2.37710500000000024556e+00	-4.39490500000000006153e-01	-1.76566549999999988785e-01
2.36465999999999976211e+00	-4.59579999999999988525e-01	-2.73580500000000004235e-01
2.45314000000000032031e+00	-3.62140000000000017444e-01	-1.83470599999999983698e-01
2.50575999999999998735e+00	-2.64618999999999993111e-01	-1.97896099999999991459e-01
2.48580000000000023164e+00	-2.79255000000000030980e-01	-3.00350499999999964729e-01
2.54124499999999997613e+00	-1.61691000000000001391e-01	-2.05676749999999991525e-01
2.53173500000000029075e+00	-4.66921500000000017083e-02	-2.00043249999999978028e-01
2.52890999999999976922e+00	-6.67351500000000069646e-02	-3.09142499999999986748e-01
2.54795000000000015916e+00	5.93062000000000033584e-02	-2.04947999999999991294e-01
2.55843499999999979266e+00	1.64691349999999986364e-01	-2.17553500000000010761e-01
2.52988500000000016144e+00	1.53648850000000003480e-01	-3.16114499999999964963e-01
2.46087999999999995637e+00	3.45391500000000017945e-01	-4.32138000000000022105e-01
2.47895999999999983032e+00	2.40593000000000001304e-01	-4.20395999999999991914e-01
2.43866500000000030468e+00	4.44957000000000046924e-01	-4.45785500000000056708e-01
2.39533500000000021402e+00	3.21717499999999989591e-01	-5.25719500000000006246e-01
2.37823500000000009891e+00	5.38190000000000057234e-01	-4.48888500000000023604e-01
2.31512999999999991019e+00	6.19685999999999959087e-01	-4.38653999999999988368e-01
2.31001499999999992951e+00	5.02778999999999975934e-01	-5.29132500000000005613e-01
2.23526500000000005741e+00	6.97114499999999970292e-01	-4.37134999999999995790e-01
2.16545999999999994046e+00	7.71323500000000050747e-01	-4.35549500000000033850e-01
2.17710500000000006793e+00	6.58484000000000069264e-01	-5.17312500000000063949e-01
2.07387999999999994571e+00	8.28719500000000053319e-01	-4.31045000000000011475e-01
1.99204999999999987637e+00	8.85253499999999915460e-01	-4.24167499999999975113e-01
2.02546999999999988162e+00	7.89227000000000011859e-01	-5.08849499999999954625e-01
1.90284999999999993037e+00	9.41365499999999966185e-01	-4.24582000000000014950e-01
1.82413500000000006196e+00	1.00590299999999999159e+00	-4.31613000000000024414e-01
1.86492499999999994387e+00	9.10298500000000010424e-01	-5.09002999999999983238e-01
1.73044000000000020023e+00	1.04427800000000003955e+00	-4.29217999999999988425e-01
1.64140500000000000291e+00	1.06276999999999999247e+00	-4.12042999999999992600e-01
1.69717500000000010019e+00	9.93327999999999988745e-01	-4.98858999999999996877e-01
1.54634500000000008058e+00	1.04382500000000000284e+00	-3.92683000000000004270e-01
1.45778000000000007574e+00	1.04181500000000015760e+00	-3.73260000000000036202e-01
1.51957499999999989804e+00	1.00980999999999987438e+00	-4.62261000000000032983e-01
1.37439499999999981128e+00	1.05228499999999991488e+00	-3.68875000000000008438e-01
1.29577499999999989910e+00	1.07845999999999997421e+00	-3.70217999999999991534e-01
1.35238999999999998103e+00	1.03397499999999986642e+00	-4.44180999999999992500e-01
1.21656000000000008576e+00	1.07555500000000003880e+00	-3.64756499999999983519e-01
1.14094500000000009798e+00	1.05514999999999981029e+00	-3.46870000000000011653e-01
1.19815500000000008107e+00	1.03974499999999991928e+00	-4.27637500000000003730e-01
1.06654500000000007631e+00	1.04011999999999993349e+00	-3.39579999999999992966e-01
9.92581500000000005457e-01	1.02862100000000000755e+00	-3.31442499999999973248e-01
1.04857650000000002244e+00	1.00784099999999998687e+00	-4.01613499999999956636e-01
9.18976999999999932811e-01	1.02714599999999989244e+00	-3.31114999999999992664e-01
8.46802500000000013536e-01	1.03886000000000011667e+00	-3.36710500000000023668e-01
9.02438499999999921286e-01	1.00805600000000006311e+00	-3.99071500000000023434e-01
7.76286999999999949296e-01	1.02756999999999987239e+00	-3.35207000000000032713e-01
7.05586500000000005350e-01	1.02329999999999987637e+00	-3.36758500000000016161e-01
7.59563500000000058066e-01	1.01550000000000006928e+00	-4.06218500000000037886e-01
6.33885999999999949495e-01	1.01825499999999991019e+00	-3.39046500000000028407e-01
5.66619500000000053674e-01	1.00161800000000011934e+00	-3.37518499999999999073e-01
6.21596499999999996255e-01	9.94593000000000060368e-01	-4.06241999999999991999e-01
4.97632999999999992013e-01	9.81316500000000035975e-01	-3.36368000000000000327e-01
4.32879499999999972637e-01	9.46787500000000004086e-01	-3.27927999999999997272e-01
4.89576499999999970036e-01	9.43427000000000015589e-01	-3.96274000000000015120e-01
3.64017000000000034987e-01	9.20009999999999994458e-01	-3.26521000000000005681e-01
3.00686499999999967692e-01	8.85338999999999987089e-01	-3.19636000000000031207e-01
3.61492499999999994387e-01	8.74226999999999976332e-01	-3.80948999999999982080e-01
2.29285999999999989818e-01	8.56717999999999979543e-01	-3.20906999999999997808e-01
1.61470000000000002416e-01	8.19879999999999942162e-01	-3.21743499999999960082e-01
2.30345999999999995200e-01	8.02718000000000042604e-01	-3.74900499999999969880e-01
8.85876000000000024537e-02	7.84580000000000055138e-01	-3.20935499999999984677e-01
1.96945499999999981688e-02	7.48450000000000059686e-01	-3.26854499999999992266e-01
9.36369499999999965745e-02	7.29750000000000009770e-01	-3.81655999999999995254e-01
-5.74270500000000003182e-02	7.09626499999999937884e-01	-3.31864999999999965574e-01
-1.35738999999999998547e-01	6.74161999999999927979e-01	-3.45002499999999989733e-01
-5.35680499999999990002e-02	6.58155500000000004412e-01	-4.00712500000000027001e-01
-2.24284499999999997755e-01	6.42695499999999975138e-01	-3.57808999999999988173e-01
-2.90653500000000009074e-01	5.92154499999999917037e-01	-3.64468499999999973049e-01
-1.98249000000000008548e-01	5.72149999999999936406e-01	-4.20509499999999980524e-01
-3.58518500000000017724e-01	5.23849499999999967947e-01	-3.64501999999999992674e-01
-4.18376500000000040025e-01	4.57709999999999950226e-01	-3.70485500000000023135e-01
-3.24475999999999986656e-01	4.55469499999999971607e-01	-4.33152500000000051372e-01
-4.72280999999999950845e-01	3.64070000000000004725e-01	-3.64752999999999993896e-01
-5.28497499999999953424e-01	2.80107500000000009255e-01	-3.64572000000000007169e-01
-4.40550500000000011536e-01	3.05367500000000013927e-01	-4.38954999999999984084e-01
-6.09496999999999955477e-01	2.31070999999999998620e-01	-3.93396500000000037822e-01
-5.43198500000000028543e-01	1.45131999999999983242e-01	-4.50516000000000027548e-01
-6.23373999999999983679e-01	2.02278000000000013348e-01	-4.21177499999999982450e-01
-6.69805500000000053618e-01	1.26005000000000005889e-01	-4.32919500000000012641e-01
-6.10640499999999919467e-01	-7.22576000000000107093e-01	-4.07831999999999972317e-01
-5.68336999999999981092e-01	-6.25933000000000072660e-01	-4.96005499999999988070e-01
-6.68410500000000018517e-01	-6.41471000000000013408e-01	-4.31155500000000024841e-01
-5.34819500000000003226e-01	-7.69781999999999966278e-01	-3.73342999999999980432e-01
-4.63428500000000020975e-01	-8.46513000000000070955e-01	-3.60651500000000013735e-01
-4.39176000000000010814e-01	-7.83769000000000048978e-01	-4.59990499999999968850e-01
-3.65324499999999996458e-01	-8.91852500000000047997e-01	-3.41951000000000004952e-01
-2.73222500000000034781e-01	-9.28495999999999988006e-01	-3.15550500000000011536e-01
-2.75683000000000011376e-01	-8.97143500000000093664e-01	-4.20898500000000008736e-01
-1.84125499999999997502e-01	-9.80788500000000063039e-01	-3.07270500000000001961e-01
-9.91959500000000049535e-02	-1.02004999999999990123e+00	-2.94610499999999997378e-01
-9.86514500000000016389e-02	-9.73048499999999982890e-01	-3.81838000000000010736e-01
-5.63196500000000006142e-03	-1.05220500000000005691e+00	-2.84960500000000005461e-01
8.14579849999999966448e-02	-1.07055500000000014538e+00	-2.68923999999999996380e-01
7.33680499999999902183e-02	-1.03066000000000013159e+00	-3.53141499999999997073e-01
1.71536999999999995037e-01	-1.08818499999999995786e+00	-2.60495499999999990948e-01
2.53047499999999980780e-01	-1.11042499999999999538e+00	-2.53310000000000035136e-01
2.41968500000000003025e-01	-1.07125000000000003553e+00	-3.29919500000000032180e-01
3.39817000000000035698e-01	-1.11446500000000003894e+00	-2.43687000000000014710e-01
4.18800999999999978840e-01	-1.13346999999999997755e+00	-2.39795000000000008145e-01
4.02463000000000015177e-01	-1.11249500000000001165e+00	-3.18842000000000014293e-01
4.98699499999999962263e-01	-1.13406500000000010075e+00	-2.34540499999999985103e-01
5.75095499999999981711e-01	-1.14205000000000000959e+00	-2.29759500000000005393e-01
5.57842999999999977767e-01	-1.13948500000000008114e+00	-3.10169000000000028017e-01
6.52859999999999995879e-01	-1.16435500000000002885e+00	-2.31372499999999980957e-01
7.26669999999999927098e-01	-1.15953499999999998238e+00	-2.26206999999999991413e-01
7.08048999999999928434e-01	-1.14264999999999994351e+00	-3.00222500000000003251e-01
8.01632000000000011219e-01	-1.15745999999999993335e+00	-2.24411000000000027121e-01
8.72265500000000026937e-01	-1.14230000000000009308e+00	-2.19644000000000005901e-01
8.52492499999999986393e-01	-1.12266999999999983473e+00	-2.90290000000000047997e-01
9.46620000000000016982e-01	-1.14722999999999997200e+00	-2.21010000000000011999e-01
1.01668700000000011840e+00	-1.14007999999999998231e+00	-2.21416000000000001702e-01
9.93192999999999992511e-01	-1.10036000000000000476e+00	-2.85928999999999988724e-01
1.08627999999999991232e+00	-1.11624999999999996447e+00	-2.19042500000000001092e-01
1.14981500000000003148e+00	-1.08232999999999979224e+00	-2.09769499999999997630e-01
1.12679499999999999105e+00	-1.05928999999999984283e+00	-2.77062000000000030475e-01
1.22166500000000000092e+00	-1.06629499999999999282e+00	-2.09181000000000005823e-01
1.29342500000000004690e+00	-1.05295549999999993318e+00	-2.13506000000000001338e-01
1.26209000000000015618e+00	-1.01203049999999983299e+00	-2.72113999999999967017e-01
1.36699999999999999289e+00	-1.04509549999999995507e+00	-2.21401000000000014456e-01
1.43764499999999983970e+00	-1.03083750000000007319e+00	-2.34592499999999981597e-01
1.40449499999999982691e+00	-9.84433000000000002494e-01	-2.89630500000000012939e-01
1.51022999999999996135e+00	-1.00542249999999988574e+00	-2.39087999999999994971e-01
1.58292499999999991545e+00	-9.82470500000000024343e-01	-2.49068499999999998229e-01
1.54783500000000007191e+00	-9.47222999999999926146e-01	-3.12802499999999983338e-01
1.65512000000000014666e+00	-9.47235499999999897014e-01	-2.53454000000000012616e-01
1.72021999999999986031e+00	-8.98196999999999912134e-01	-2.57234999999999991438e-01
1.68562999999999996170e+00	-8.75232499999999968843e-01	-3.26563999999999965418e-01
1.79123000000000009990e+00	-8.50591499999999944848e-01	-2.62600500000000014467e-01
1.85515000000000007674e+00	-7.95645500000000005514e-01	-2.65869499999999980844e-01
1.81464999999999987423e+00	-7.71247999999999933607e-01	-3.33613999999999966128e-01
1.92728000000000010417e+00	-7.41885499999999975529e-01	-2.70923499999999983778e-01
2.00333000000000005514e+00	-6.95931999999999995055e-01	-2.88334499999999993580e-01
1.95462000000000024613e+00	-6.70348500000000013799e-01	-3.54293999999999997819e-01
2.08679500000000039961e+00	-6.48776500000000089230e-01	-3.02212499999999995026e-01
2.16447500000000037090e+00	-5.98057000000000060780e-01	-3.28570499999999987573e-01
2.10835000000000016840e+00	-5.73675500000000004874e-01	-3.98063000000000000167e-01
2.24108499999999999375e+00	-5.32669999999999976836e-01	-3.42828499999999980474e-01
2.30578500000000019554e+00	-4.57998499999999975074e-01	-3.63674000000000052779e-01
2.25072999999999989740e+00	-4.48284499999999974662e-01	-4.45266500000000009507e-01
2.37430500000000010985e+00	-3.75194499999999986350e-01	-3.76018500000000033268e-01
2.42276999999999986812e+00	-2.84312000000000009159e-01	-3.94521999999999983810e-01
2.36389500000000030155e+00	-2.82730499999999995708e-01	-4.84615499999999976843e-01
2.47538999999999997925e+00	-1.86790999999999984826e-01	-4.08947500000000019327e-01
2.48690500000000014325e+00	-8.19889000000000034429e-02	-4.11266499999999979309e-01
2.42387499999999977973e+00	-8.70458999999999955000e-02	-5.05438000000000053902e-01
2.47739500000000001378e+00	3.30099499999999962396e-02	-4.05633000000000021323e-01
2.48787999999999964729e+00	1.38395099999999993123e-01	-4.18238500000000013035e-01
2.42647000000000012676e+00	1.19954099999999994064e-01	-5.09914500000000048274e-01
2.31348999999999982435e+00	3.02141500000000007287e-01	-6.02974000000000009969e-01
2.33570499999999992013e+00	2.02575999999999978307e-01	-5.89326499999999975365e-01
2.28629999999999977689e+00	3.95702500000000012559e-01	-6.08810000000000073328e-01
2.22666999999999992710e+00	2.76561000000000001275e-01	-6.72417000000000042448e-01
2.22319500000000003226e+00	4.77198499999999969923e-01	-5.98575499999999927070e-01
2.17063000000000005940e+00	5.59185500000000001997e-01	-5.93332999999999999297e-01
2.14691499999999990678e+00	4.52108999999999983110e-01	-6.73010499999999955989e-01
2.10082499999999994245e+00	6.33394500000000082451e-01	-5.91747500000000092868e-01
2.03667499999999979110e+00	7.06652999999999975600e-01	-5.90675000000000061107e-01
2.03019999999999978257e+00	6.07354500000000019355e-01	-6.66695499999999996454e-01
1.95484500000000016584e+00	7.63187000000000059785e-01	-5.83797499999999969233e-01
1.87745499999999987395e+00	8.17676000000000069434e-01	-5.73307000000000011042e-01
1.88866000000000000547e+00	7.35102000000000033175e-01	-6.55132500000000006501e-01
1.79874000000000000554e+00	8.82213499999999983814e-01	-5.80338000000000020506e-01
1.71755000000000013216e+00	9.22829499999999969262e-01	-5.69303499999999962355e-01
1.73008000000000006224e+00	8.30207000000000028272e-01	-6.33607500000000101181e-01
1.62851499999999993484e+00	9.41321499999999922181e-01	-5.52128500000000022041e-01
1.54550999999999993939e+00	9.58094999999999918927e-01	-5.31577500000000036096e-01
1.56588499999999997137e+00	8.87596500000000010466e-01	-6.02022000000000057085e-01
1.45694499999999993456e+00	9.56085000000000073683e-01	-5.12154499999999957005e-01
1.37735500000000010701e+00	9.74621999999999988340e-01	-5.03391999999999950610e-01
1.40329000000000014836e+00	9.22906999999999921869e-01	-5.72708499999999953722e-01
1.29873500000000019483e+00	1.00079699999999993665e+00	-5.04734999999999933706e-01
1.22190500000000001890e+00	1.00742899999999990790e+00	-4.95687499999999947597e-01
1.24686999999999992284e+00	9.48075999999999918799e-01	-5.54898499999999961219e-01
1.14629000000000003112e+00	9.87023999999999901434e-01	-4.77800999999999975731e-01
1.07207000000000007844e+00	9.86196499999999920405e-01	-4.70013999999999987356e-01
1.09582000000000001627e+00	9.53880500000000020044e-01	-5.38063999999999986734e-01
9.98106500000000007589e-01	9.74697499999999994458e-01	-4.61876500000000023149e-01
9.25205999999999972871e-01	9.85114999999999962910e-01	-4.66561499999999962363e-01
9.48699500000000028876e-01	9.63470500000000007468e-01	-5.34961999999999937572e-01
8.53031499999999942574e-01	9.96828999999999965098e-01	-4.72156999999999993367e-01
7.81923499999999993548e-01	9.89170000000000104734e-01	-4.70546000000000019803e-01
8.04691000000000045134e-01	9.66229000000000004533e-01	-5.38035999999999958732e-01
7.11222999999999938581e-01	9.84900000000000108713e-01	-4.72097500000000058762e-01
6.45518999999999953943e-01	9.62138500000000007617e-01	-4.65677499999999966462e-01
6.67879000000000000448e-01	9.35808500000000043073e-01	-5.30005000000000059401e-01
5.78252500000000058122e-01	9.45501499999999994728e-01	-4.64149499999999992639e-01
5.18534000000000050434e-01	9.05679000000000011816e-01	-4.52215499999999992475e-01
5.42456500000000008122e-01	8.73224500000000070088e-01	-5.11650999999999966938e-01
4.53780500000000031058e-01	8.71149999999999979927e-01	-4.43775499999999989420e-01
3.80638000000000031875e-01	8.45263499999999945445e-01	-4.45382500000000014495e-01
4.09595500000000001251e-01	8.07515500000000052694e-01	-5.01323999999999991850e-01
3.17307499999999964579e-01	8.10592500000000049099e-01	-4.38497499999999984510e-01
2.49491500000000004933e-01	7.73754500000000011717e-01	-4.39334000000000002295e-01
1.84219999999999994866e-01	7.38807500000000061391e-01	-4.45407500000000011742e-01
2.71181500000000019757e-01	7.46682000000000067885e-01	-5.09004500000000081883e-01
1.15326950000000011398e-01	7.02677500000000065938e-01	-4.51326500000000019330e-01
5.24450500000000000012e-02	6.58799000000000023469e-01	-4.49062999999999989953e-01
1.43028099999999991354e-01	6.67856500000000075090e-01	-5.12814499999999950930e-01
-2.58668999999999982276e-02	6.23334500000000013564e-01	-4.62200500000000014111e-01
-9.94096499999999883013e-02	5.82145000000000023554e-01	-4.79102000000000027846e-01
6.60345000000000376117e-03	5.82788500000000042611e-01	-5.27452499999999990798e-01
-1.65778649999999999620e-01	5.31603999999999965453e-01	-4.85761500000000012722e-01
-2.36038000000000025569e-01	4.88284500000000010189e-01	-5.10392999999999985583e-01
-1.37198650000000005322e-01	4.98279499999999986315e-01	-5.68985499999999921883e-01
-2.95895999999999992358e-01	4.22144999999999992468e-01	-5.16376500000000016044e-01
-3.41713000000000044487e-01	3.57320500000000040863e-01	-5.17903000000000002245e-01
-2.53275000000000027889e-01	3.90135499999999968423e-01	-5.95143500000000047478e-01
-3.97929500000000047066e-01	2.73357999999999989882e-01	-5.17722000000000015518e-01
-4.36083500000000012786e-01	1.83214999999999988978e-01	-5.01076499999999924739e-01
-3.37246000000000045738e-01	2.35167999999999988159e-01	-5.80024499999999942901e-01
-4.82515000000000027214e-01	1.06941999999999995397e-01	-5.12818499999999954930e-01
-5.16375999999999946155e-01	2.12330500000000033101e-02	-5.18090000000000050484e-01
-4.09260999999999985910e-01	5.93160499999999951681e-02	-5.68650499999999947676e-01
-5.62443000000000026262e-01	-7.39209499999999991582e-02	-5.38332999999999950447e-01
-6.35696999999999956543e-01	-2.62949999999999989297e-02	-4.82500999999999957701e-01
-4.55420000000000047002e-01	-1.13716949999999997201e-01	-5.76385000000000036202e-01
-5.74741000000000057391e-01	-1.61244999999999999440e-01	-5.40796000000000054442e-01
-5.78495500000000051344e-01	-2.69953999999999971759e-01	-5.69544500000000009088e-01
-5.97315000000000040359e-01	-2.30173499999999975341e-01	-5.68683999999999967301e-01
-7.08092500000000013571e-01	-2.99086499999999977373e-01	-5.59380500000000058236e-01
-5.73201500000000030433e-01	-3.64356499999999972061e-01	-5.81430000000000002380e-01
-4.62424000000000001709e-01	-2.95443500000000025540e-01	-5.90733500000000022467e-01
-5.41618500000000002714e-01	-4.67337000000000002409e-01	-5.60974000000000083688e-01
-6.57689999999999996838e-01	-4.41847499999999948628e-01	-5.39784999999999959286e-01
-5.05572000000000021380e-01	-5.54497999999999935383e-01	-5.57834500000000010900e-01
-4.21083499999999999464e-01	-4.77007000000000014328e-01	-5.99479499999999942972e-01
-4.47802000000000033353e-01	-6.35603000000000029068e-01	-5.34510999999999958376e-01
-3.96726999999999996316e-01	-7.19899500000000025501e-01	-5.35623500000000030141e-01
-3.33961999999999981092e-01	-6.48464499999999999247e-01	-5.97452499999999941949e-01
-3.25335999999999958554e-01	-7.96630500000000019156e-01	-5.22931999999999952422e-01
-2.47971999999999970221e-01	-8.48804499999999961801e-01	-4.98289499999999996316e-01
-2.05523000000000011234e-01	-7.84934999999999938325e-01	-5.73922500000000002096e-01
-1.55870000000000008544e-01	-8.85448000000000012832e-01	-4.71889000000000002899e-01
-7.38282499999999980433e-02	-9.20663500000000079027e-01	-4.48459500000000010900e-01
-4.61172499999999985221e-02	-8.72324499999999947164e-01	-5.25850499999999998479e-01
1.11012999999999979750e-02	-9.59925000000000028244e-01	-4.35799500000000006317e-01
9.20420500000000002538e-02	-9.86085000000000100329e-01	-4.18636499999999966981e-01
1.16865250000000003849e-01	-9.33699999999999974420e-01	-4.85257999999999967145e-01
1.79132000000000013440e-01	-1.00443499999999996675e+00	-4.02599999999999957900e-01
2.56526499999999990642e-01	-1.04063499999999997669e+00	-4.01045499999999999208e-01
2.75200500000000014555e-01	-9.96059999999999945430e-01	-4.66540500000000024627e-01
3.38037000000000031896e-01	-1.06287500000000001421e+00	-3.93859999999999987885e-01
4.17020999999999975039e-01	-1.08187999999999995282e+00	-3.89967999999999981320e-01
4.93240000000000011759e-01	-1.11659500000000000419e+00	-3.92505500000000007166e-01
4.28813999999999972967e-01	-1.06697500000000000675e+00	-4.67523499999999980759e-01
5.69636000000000031207e-01	-1.12457999999999991303e+00	-3.87724500000000027455e-01
6.46522499999999999964e-01	-1.11702999999999996739e+00	-3.72773999999999994248e-01
5.81919499999999922935e-01	-1.09413999999999989043e+00	-4.55110499999999973397e-01
7.20332500000000042206e-01	-1.11220999999999992092e+00	-3.67608500000000004704e-01
7.93619999999999992113e-01	-1.10623000000000004661e+00	-3.59814999999999995950e-01
7.32093499999999952621e-01	-1.08061000000000007049e+00	-4.32366499999999986947e-01
8.64253500000000007830e-01	-1.09106999999999998430e+00	-3.55048000000000030241e-01
9.34568000000000065342e-01	-1.07613499999999984169e+00	-3.48088500000000022894e-01
8.75695499999999960039e-01	-1.05969500000000005357e+00	-4.17613499999999970846e-01
1.00463499999999994472e+00	-1.06898500000000007404e+00	-3.48494500000000040352e-01
1.07221499999999991815e+00	-1.05279500000000014737e+00	-3.46121499999999970854e-01
1.01358999999999999098e+00	-1.02856999999999998430e+00	-4.08281000000000005024e-01
1.13575000000000003730e+00	-1.01887499999999997513e+00	-3.36848499999999995147e-01
1.20264000000000015334e+00	-9.90097000000000004860e-01	-3.32273999999999958277e-01
1.14806000000000008043e+00	-9.83602000000000087354e-01	-4.01333500000000009678e-01
1.27439999999999997726e+00	-9.76757499999999945217e-01	-3.36598999999999981547e-01
1.34372000000000002551e+00	-9.59901499999999963109e-01	-3.44065999999999982961e-01
1.28427000000000002267e+00	-9.37968000000000023952e-01	-4.04225999999999974222e-01
1.41436500000000009436e+00	-9.45643500000000081229e-01	-3.57257500000000005613e-01
1.48127499999999989733e+00	-9.17917499999999941807e-01	-3.63550499999999998657e-01
1.42050000000000009592e+00	-8.93386000000000013443e-01	-4.17985999999999968679e-01
1.55397000000000007347e+00	-8.94965499999999969383e-01	-3.73531000000000001915e-01
1.62328999999999989967e+00	-8.63793000000000033012e-01	-3.84950499999999973255e-01
1.55672999999999994714e+00	-8.34487500000000048672e-01	-4.35698499999999988574e-01
1.68839000000000005741e+00	-8.14754500000000048132e-01	-3.88731500000000007589e-01
1.75263499999999994294e+00	-7.70255499999999981853e-01	-3.99882999999999988461e-01
1.69029499999999988091e+00	-7.58815999999999935000e-01	-4.58269499999999996298e-01
1.81655500000000014182e+00	-7.15309500000000042519e-01	-4.03151999999999954838e-01
1.87714500000000006352e+00	-6.57070999999999960650e-01	-4.09149499999999999300e-01
1.81512999999999991019e+00	-6.56078500000000008896e-01	-4.75418499999999966121e-01
1.95319500000000001450e+00	-6.11117499999999980176e-01	-4.26560500000000009102e-01
2.01976500000000003254e+00	-5.55924000000000084754e-01	-4.47280000000000010907e-01
1.94228999999999984993e+00	-5.42646500000000031605e-01	-5.02135499999999956877e-01
2.09744500000000000384e+00	-5.05204500000000056303e-01	-4.73638000000000003453e-01
2.15458499999999997243e+00	-4.37960999999999989196e-01	-4.95404500000000025395e-01
2.06599999999999983658e+00	-4.20209500000000013564e-01	-5.44621499999999980623e-01
2.21928500000000017423e+00	-3.63289499999999987434e-01	-5.16249999999999986677e-01
2.26322000000000000952e+00	-2.82212499999999977263e-01	-5.36788000000000042888e-01
2.16707499999999964047e+00	-2.71888999999999991797e-01	-5.86926000000000058776e-01
2.31168499999999976779e+00	-1.91330000000000000071e-01	-5.55291500000000048942e-01
2.32862499999999972289e+00	-9.88340350000000006370e-02	-5.65840000000000009628e-01
2.22794999999999987494e+00	-9.83160350000000099469e-02	-6.18012500000000075673e-01
2.34013999999999988688e+00	5.96806499999999982842e-03	-5.68159000000000080632e-01
2.33122000000000006992e+00	1.08165964999999988927e-01	-5.70316500000000004000e-01
2.24937499999999968026e+00	8.85899649999999927452e-02	-6.47571000000000007724e-01
2.13485000000000013642e+00	2.56719000000000030504e-01	-7.26091999999999959670e-01
2.16204000000000018389e+00	1.63157999999999997476e-01	-7.20256000000000007333e-01
2.11521999999999987807e+00	3.46328500000000039094e-01	-7.42736500000000021693e-01
2.05058999999999969077e+00	2.32925500000000007539e-01	-7.90575500000000097600e-01
2.06265499999999990521e+00	4.28315500000000015657e-01	-7.37494000000000093920e-01
2.01454999999999984084e+00	5.07907499999999956231e-01	-7.32382499999999936335e-01
1.98285499999999981213e+00	4.02127000000000012214e-01	-8.02108500000000002039e-01
1.95040000000000013358e+00	5.81166000000000071424e-01	-7.31309999999999904574e-01
1.88797999999999999154e+00	6.46076000000000094659e-01	-7.20602500000000034674e-01
1.87232999999999982776e+00	5.46629000000000031534e-01	-7.86289499999999974555e-01
1.81058999999999992170e+00	7.00565000000000104308e-01	-7.10112000000000076483e-01
1.73926999999999987168e+00	7.49392500000000016946e-01	-6.94932499999999953033e-01
1.73858999999999985775e+00	6.60366500000000078430e-01	-7.60402499999999981206e-01
1.65807999999999999829e+00	7.90008500000000002395e-01	-6.83898000000000005905e-01
1.58294999999999985718e+00	8.26954999999999995630e-01	-6.70733500000000093522e-01
1.59214000000000011070e+00	7.46140499999999984304e-01	-7.32058499999999945373e-01
1.49994499999999986173e+00	8.43728499999999992376e-01	-6.50182499999999996554e-01
1.42284999999999994813e+00	8.59809999999999963194e-01	-6.28582500000000043983e-01
1.43991500000000005599e+00	7.99168499999999948358e-01	-6.97294000000000080419e-01
1.34325999999999989853e+00	8.78346999999999988873e-01	-6.19820000000000037588e-01
1.26832499999999992468e+00	8.85885000000000033538e-01	-6.02978499999999972836e-01
1.28788499999999994650e+00	8.22788000000000074863e-01	-6.58852500000000063096e-01
1.19149499999999997080e+00	8.92517000000000004789e-01	-5.93930999999999986727e-01
1.11880500000000004945e+00	9.10507999999999984020e-01	-5.95780500000000046157e-01
1.14026000000000005130e+00	8.48316999999999987736e-01	-6.43860499999999946752e-01
1.04458500000000009678e+00	9.09680500000000002991e-01	-5.87993500000000057781e-01
9.72014500000000003510e-01	9.22320500000000098595e-01	-5.93530499999999960892e-01
9.94999500000000036692e-01	8.78948000000000062570e-01	-6.51247000000000020314e-01
8.99113999999999968793e-01	9.32738000000000067047e-01	-5.98215500000000011127e-01
8.29375500000000043244e-01	9.23479500000000008697e-01	-5.92121000000000008434e-01
8.52690500000000017877e-01	8.82329499999999988802e-01	-6.50689500000000031754e-01
7.58267499999999983196e-01	9.15820500000000037311e-01	-5.90510000000000090381e-01
6.89122000000000012321e-01	9.03812500000000018652e-01	-5.89908499999999946795e-01
7.13806500000000010431e-01	8.61063000000000022816e-01	-6.43993499999999996497e-01
6.23418000000000027683e-01	8.81051000000000028578e-01	-5.83488499999999965517e-01
5.59433500000000027974e-01	8.52156000000000024563e-01	-5.76717499999999994031e-01
5.80676500000000039847e-01	8.20160000000000000142e-01	-6.36620999999999992447e-01
4.99715000000000020286e-01	8.12333500000000041652e-01	-5.64783499999999993868e-01
4.32018000000000013117e-01	7.87028000000000060865e-01	-5.69189500000000014879e-01
4.48995000000000032969e-01	7.65959500000000015341e-01	-6.34255999999999930949e-01
3.58875500000000013934e-01	7.61141500000000026382e-01	-5.70796499999999928932e-01
2.93604000000000031623e-01	7.26194500000000076056e-01	-5.76869999999999993889e-01
2.30017000000000026994e-01	6.90184000000000019703e-01	-5.77856499999999995154e-01
3.17711000000000021171e-01	7.04643499999999978201e-01	-6.39648499999999953225e-01
1.67135100000000008658e-01	6.46305499999999977234e-01	-5.75593000000000021288e-01
1.07215099999999993741e-01	5.94316500000000025317e-01	-5.72111999999999953914e-01
1.94203999999999987747e-01	6.16643999999999969930e-01	-6.37153999999999998138e-01
3.36723499999999967280e-02	5.53127000000000035307e-01	-5.89013500000000078671e-01
-4.05885999999999955157e-02	5.21912000000000042554e-01	-6.21494500000000060780e-01
6.00230499999999944638e-02	5.33440000000000025260e-01	-6.66154000000000023896e-01
-1.10847950000000000648e-01	4.78592499999999976268e-01	-6.46125999999999978129e-01
-1.73243000000000008098e-01	4.26848499999999964061e-01	-6.69993499999999908567e-01
-7.66329500000000052307e-02	4.50481000000000020300e-01	-7.22502500000000047464e-01
-2.19060000000000032472e-01	3.62024000000000012456e-01	-6.71520000000000005791e-01
-2.56659999999999999254e-01	2.84068500000000001560e-01	-6.65167500000000022631e-01
-1.76628000000000007219e-01	3.20781499999999997197e-01	-7.40017499999999994742e-01
-2.94814000000000020485e-01	1.93925499999999972900e-01	-6.48522000000000042874e-01
-3.29077999999999981640e-01	1.08554499999999998217e-01	-6.44635999999999986798e-01
-2.48491999999999990667e-01	1.57454999999999983862e-01	-7.29778999999999955506e-01
-3.62939000000000011603e-01	2.28455499999999991911e-02	-6.49907500000000082352e-01
-3.75928499999999998771e-01	-6.28277500000000016511e-02	-6.47877999999999953928e-01
-2.95745499999999994500e-01	-1.35893000000000055416e-02	-7.23863499999999993051e-01
-3.88226500000000029900e-01	-1.50151800000000001933e-01	-6.50341000000000057923e-01
-3.75397500000000050591e-01	-2.36603999999999980997e-01	-6.40768000000000004235e-01
-2.95906000000000002359e-01	-1.85714800000000013203e-01	-7.12261000000000032983e-01
-3.70103500000000029679e-01	-3.31006499999999981299e-01	-6.52653499999999997527e-01
-3.53326499999999987800e-01	-4.14660499999999987430e-01	-6.56004499999999990401e-01
-2.66299999999999981171e-01	-3.55820999999999998398e-01	-7.06038999999999972168e-01
-3.17280000000000006466e-01	-5.01821500000000031427e-01	-6.52865000000000028635e-01
-2.71396500000000040487e-01	-5.75347999999999970555e-01	-6.38088500000000058421e-01
-2.03639500000000001068e-01	-5.13001499999999999169e-01	-6.94613499999999994827e-01
-2.20321500000000003450e-01	-6.59644499999999966988e-01	-6.39201000000000019163e-01
-1.63926899999999986512e-01	-7.25430499999999978122e-01	-6.32897500000000001741e-01
-1.01361400000000004273e-01	-6.52314000000000060453e-01	-6.73533500000000007191e-01
-8.65628999999999981796e-02	-7.77604500000000031790e-01	-6.08254999999999990123e-01
-1.67771499999999976205e-02	-8.23813499999999976353e-01	-5.90937999999999963308e-01
2.48189499999999993451e-02	-7.64308999999999905128e-01	-6.49912999999999962952e-01
6.52646000000000059416e-02	-8.59029000000000042547e-01	-5.67508499999999971308e-01
1.39510750000000016691e-01	-8.92576000000000036039e-01	-5.49595999999999973440e-01
1.68850849999999996776e-01	-8.44064999999999954206e-01	-6.14683500000000049290e-01
2.20451500000000022439e-01	-9.18735999999999997101e-01	-5.32433000000000045127e-01
2.92970999999999981434e-01	-9.58995500000000000718e-01	-5.32985500000000000931e-01
3.15616499999999966519e-01	-9.17871499999999951314e-01	-5.97323500000000007226e-01
3.70365500000000014147e-01	-9.95195499999999899643e-01	-5.31430999999999986727e-01
4.46584499999999939845e-01	-1.02991049999999995102e+00	-5.33968499999999957062e-01
5.21770499999999914920e-01	-1.04656400000000004979e+00	-5.23606000000000015859e-01
4.63322000000000011610e-01	-9.74784499999999942688e-01	-5.87513500000000021828e-01
5.98656999999999994699e-01	-1.03901399999999988211e+00	-5.08655499999999927141e-01
6.72946500000000003006e-01	-1.04276450000000009410e+00	-4.97938500000000006107e-01
6.12797499999999994991e-01	-9.95188500000000031420e-01	-5.66433999999999993058e-01
7.46234000000000063935e-01	-1.03678449999999999775e+00	-4.90144999999999997353e-01
8.17114499999999965851e-01	-1.03033749999999990621e+00	-4.79838500000000001133e-01
7.57967500000000016236e-01	-9.92491999999999929827e-01	-5.45410500000000020293e-01
8.87429000000000023363e-01	-1.01540249999999998565e+00	-4.72879000000000049297e-01
9.58280999999999938410e-01	-1.01539599999999996527e+00	-4.74982499999999974172e-01
8.99699999999999944222e-01	-9.86038500000000039947e-01	-5.37207500000000059970e-01
1.02586099999999991184e+00	-9.99206000000000038597e-01	-4.72609500000000015696e-01
1.09451999999999993740e+00	-9.85442000000000040139e-01	-4.72355500000000039229e-01
1.03921099999999988484e+00	-9.72268000000000021110e-01	-5.39057000000000008377e-01
1.16141000000000005343e+00	-9.56663999999999958845e-01	-4.67781000000000002359e-01
1.22751000000000010104e+00	-9.30493000000000014538e-01	-4.65772999999999992582e-01
1.17396999999999995801e+00	-9.32333000000000078344e-01	-5.36795000000000022133e-01
1.29682999999999992724e+00	-9.13637000000000032429e-01	-4.73239999999999993996e-01
1.36541000000000001258e+00	-8.94652500000000072689e-01	-4.84499999999999986233e-01
1.30865000000000009095e+00	-8.87177499999999952252e-01	-5.46046999999999949083e-01
1.43231999999999981554e+00	-8.66926499999999933266e-01	-4.90793000000000034788e-01
1.49676499999999990109e+00	-8.30513500000000015611e-01	-4.95878999999999958703e-01
1.44167500000000003979e+00	-8.31779999999999963833e-01	-5.62392999999999920746e-01
1.56608499999999994934e+00	-7.99341000000000079240e-01	-5.07298499999999985555e-01
1.63268999999999997463e+00	-7.63584999999999958220e-01	-5.23579999999999934346e-01
1.57272499999999992859e+00	-7.59611000000000036181e-01	-5.83760499999999904475e-01
1.69693499999999986017e+00	-7.19086000000000002963e-01	-5.34731499999999915218e-01
1.75766500000000003290e+00	-6.70085999999999959442e-01	-5.49641000000000046199e-01
1.70006000000000012662e+00	-6.74854999999999982663e-01	-6.14951499999999984247e-01
1.81825500000000017664e+00	-6.11847500000000099618e-01	-5.55638500000000035151e-01
1.86952499999999988134e+00	-5.44478000000000017522e-01	-5.62773999999999996469e-01
1.81206000000000000405e+00	-5.58485499999999968068e-01	-6.36996499999999965524e-01
1.93609499999999989939e+00	-4.89284500000000011077e-01	-5.83493499999999998273e-01
1.98944999999999994067e+00	-4.26563000000000025480e-01	-6.08173999999999992383e-01
1.91668499999999997208e+00	-4.28394500000000011397e-01	-6.68812500000000031974e-01
2.04659000000000013131e+00	-3.59319500000000013884e-01	-6.29940500000000014325e-01
2.07592499999999979821e+00	-2.75700999999999973866e-01	-6.34919000000000011141e-01
1.99937499999999990230e+00	-2.82054499999999985782e-01	-6.98471500000000022901e-01
2.11986000000000007759e+00	-1.94624000000000019206e-01	-6.55456999999999956330e-01
2.14004499999999975302e+00	-1.10906000000000004579e-01	-6.74370000000000024976e-01
2.04889499999999991076e+00	-1.14718000000000000527e-01	-7.22363000000000088363e-01
2.15698499999999970811e+00	-1.84100349999999982065e-02	-6.84918499999999985661e-01
2.16147000000000000242e+00	7.59999999999999981126e-02	-7.03928499999999957026e-01
2.06965000000000021174e+00	5.61579999999999995852e-02	-7.57603500000000096293e-01
1.95826499999999992241e+00	2.15800500000000006207e-01	-8.25209999999999999076e-01
1.97789499999999995872e+00	1.26190999999999997616e-01	-8.08565500000000048075e-01
1.94165499999999990877e+00	2.96262999999999998568e-01	-8.45733500000000026908e-01
1.86895999999999995467e+00	1.89528499999999988646e-01	-8.63723499999999977383e-01
1.89354999999999984439e+00	3.75854999999999994653e-01	-8.40621999999999980346e-01
1.85153999999999996362e+00	4.48662000000000005251e-01	-8.35894499999999984752e-01
1.81034000000000006025e+00	3.42797999999999991605e-01	-8.79519500000000009621e-01
1.78912000000000004363e+00	5.13572000000000028486e-01	-8.25187000000000003830e-01
1.73258499999999981966e+00	5.72226499999999971280e-01	-8.12227999999999950020e-01
1.71179499999999995552e+00	4.74259500000000000508e-01	-8.61833000000000071239e-01
1.66126499999999999169e+00	6.21053999999999994941e-01	-7.97048500000000048615e-01
1.59979000000000004533e+00	6.75777499999999919922e-01	-7.98480999999999996319e-01
1.59378500000000000725e+00	5.87637500000000034817e-01	-8.50306500000000076156e-01
1.52465999999999990422e+00	7.12723999999999913157e-01	-7.85316499999999972914e-01
1.45475500000000002032e+00	7.46537499999999965006e-01	-7.69999499999999947875e-01
1.46240499999999995495e+00	6.76174499999999900623e-01	-8.36421999999999998820e-01
1.37766000000000010672e+00	7.62618999999999935824e-01	-7.48399499999999995303e-01
1.30586000000000002075e+00	7.79422999999999976950e-01	-7.28345999999999937913e-01
1.32069999999999998508e+00	7.26791999999999993598e-01	-8.01051500000000027413e-01
1.23092500000000004690e+00	7.86961000000000021615e-01	-7.11504499999999984183e-01
1.16015500000000004732e+00	8.01036999999999999034e-01	-7.03251999999999988233e-01
1.17812999999999989953e+00	7.57672000000000012143e-01	-7.72745499999999974072e-01
1.08746499999999990393e+00	8.19027999999999978264e-01	-7.05101500000000047663e-01
1.01780899999999996375e+00	8.27663000000000037559e-01	-7.01409500000000019071e-01
1.03770399999999995977e+00	7.80383000000000048857e-01	-7.60801000000000060552e-01
9.45238500000000092527e-01	8.40303000000000022141e-01	-7.06946500000000033204e-01
8.77179000000000042014e-01	8.31958500000000045205e-01	-6.96551499999999990109e-01
8.99988500000000080092e-01	7.80673500000000020194e-01	-7.46713999999999988866e-01
8.07440500000000005443e-01	8.22699999999999986855e-01	-6.90456999999999987416e-01
7.39476000000000022183e-01	8.15803999999999973625e-01	-6.93079000000000000625e-01
7.63964499999999935298e-01	7.65433000000000030028e-01	-7.38940999999999958980e-01
6.70330499999999940286e-01	8.03795999999999954966e-01	-6.92477499999999968061e-01
6.04036500000000087240e-01	7.87839999999999984759e-01	-6.94958999999999993413e-01
6.29705999999999987971e-01	7.42580999999999935568e-01	-7.44044499999999997542e-01
5.40051999999999976509e-01	7.58944999999999980744e-01	-6.88188000000000021927e-01
4.74996500000000043684e-01	7.35668500000000058492e-01	-6.94665000000000087965e-01
4.98356499999999980055e-01	7.03348499999999932086e-01	-7.53003000000000088932e-01
4.07299500000000036515e-01	7.10363000000000077705e-01	-6.99070999999999997954e-01
3.49444500000000046747e-01	6.66131999999999946382e-01	-6.90417999999999976168e-01
3.75446000000000001950e-01	6.35840999999999989534e-01	-7.50827000000000022162e-01
2.85857499999999986606e-01	6.30121500000000001052e-01	-6.91404499999999977433e-01
2.25937500000000013323e-01	5.78132499999999938112e-01	-6.87923500000000021082e-01
1.66236500000000009258e-01	5.33384999999999998010e-01	-6.92641500000000021053e-01
2.57890000000000008118e-01	5.46862500000000029132e-01	-7.46892000000000000348e-01
9.19755500000000031369e-02	5.02170000000000005258e-01	-7.25122500000000003162e-01
2.87180500000000019090e-02	4.66283000000000003027e-01	-7.57782999999999984375e-01
1.34931500000000009765e-01	4.66227999999999975778e-01	-7.84270499999999981533e-01
-3.36770000000000055418e-02	4.14538999999999990820e-01	-7.81650500000000025835e-01
-8.47448000000000090104e-02	3.53371500000000005048e-01	-7.96775000000000011013e-01
2.06062000000000015987e-02	3.69173499999999987775e-01	-8.32055500000000058947e-01
-1.22344800000000003548e-01	2.75415999999999994152e-01	-7.90422500000000027853e-01
-1.65358000000000004981e-01	2.04816999999999999060e-01	-8.09497499999999980957e-01
-7.34747999999999928944e-02	2.37407000000000006912e-01	-8.66254999999999997229e-01
-1.99621999999999993891e-01	1.19445999999999996621e-01	-8.05611499999999924881e-01
-2.15004499999999987292e-01	3.46962399999999962508e-02	-7.90920999999999985164e-01
-1.31870500000000001606e-01	8.20582400000000045104e-02	-8.70639500000000010616e-01
-2.27993999999999974460e-01	-5.09770600000000045915e-02	-7.88891499999999967763e-01
-2.25399999999999989253e-01	-1.31843800000000010986e-01	-7.82394499999999992745e-01
-1.44658999999999982045e-01	-8.35582599999999953155e-02	-8.49451999999999984858e-01
-2.12571000000000009944e-01	-2.18295999999999990049e-01	-7.72821500000000050079e-01
-1.97882500000000016716e-01	-2.98660000000000036557e-01	-7.60070000000000023377e-01
-1.27376500000000003610e-01	-2.44789000000000006585e-01	-8.30203499999999983139e-01
-1.81105500000000002592e-01	-3.82314000000000042689e-01	-7.63420999999999905228e-01
-1.46776799999999985058e-01	-4.55605499999999996597e-01	-7.48326500000000005564e-01
-7.83592999999999928473e-02	-3.98444499999999979245e-01	-8.02357500000000056772e-01
-1.00893300000000005201e-01	-5.29132000000000046747e-01	-7.33550000000000035350e-01
-5.63314500000000051294e-02	-5.97690999999999972303e-01	-7.31360500000000079979e-01
5.31249999999997002398e-04	-5.40294999999999969731e-01	-7.85073499999999979693e-01
6.31499999999979300114e-05	-6.63476999999999983437e-01	-7.25057000000000062556e-01
5.95935999999999965748e-02	-7.15504499999999987736e-01	-7.09765500000000049141e-01
1.04623549999999995719e-01	-6.60881500000000010608e-01	-7.67592500000000010907e-01
1.29379350000000004073e-01	-7.61713499999999932299e-01	-6.92448500000000022325e-01
1.94937349999999981476e-01	-8.03646499999999930353e-01	-6.80283999999999999808e-01
2.29711999999999971767e-01	-7.54842000000000012960e-01	-7.40136499999999974975e-01
2.69183500000000019980e-01	-8.37193499999999923844e-01	-6.62371500000000001940e-01
3.38659000000000043329e-01	-8.65939999999999932001e-01	-6.49106500000000030681e-01
3.64745500000000000274e-01	-8.25521500000000019170e-01	-7.14706999999999981199e-01
4.11178500000000002323e-01	-9.06199500000000046640e-01	-6.49658999999999986485e-01
4.81395999999999935071e-01	-9.30432999999999954532e-01	-6.44703499999999984915e-01
5.04438500000000011880e-01	-8.78501500000000046242e-01	-6.96486500000000008370e-01
5.56581999999999910145e-01	-9.47086499999999942290e-01	-6.34341000000000043713e-01
6.30871500000000029473e-01	-9.50836999999999932243e-01	-6.23623999999999956145e-01
7.01527000000000011681e-01	-9.50493000000000032301e-01	-6.05893999999999932626e-01
6.45311500000000037858e-01	-9.02390999999999943171e-01	-6.73800999999999983281e-01
7.72407500000000024620e-01	-9.44045999999999940755e-01	-5.95587499999999936406e-01
8.41102999999999934033e-01	-9.43593499999999973937e-01	-5.89515999999999928960e-01
7.84662500000000040501e-01	-9.01594500000000076412e-01	-6.49999499999999952315e-01
9.11954999999999960103e-01	-9.43586999999999953559e-01	-5.91619499999999964857e-01
9.80828000000000033154e-01	-9.43732999999999933038e-01	-5.95975499999999991374e-01
9.22231000000000022965e-01	-9.01287999999999978051e-01	-6.48283999999999971386e-01
1.04948700000000005872e+00	-9.29969000000000045603e-01	-5.95721500000000014907e-01
1.11636999999999986244e+00	-9.16973499999999996923e-01	-5.97997000000000000774e-01
1.05798700000000001076e+00	-8.88438499999999908852e-01	-6.54915499999999983771e-01
1.18246999999999991005e+00	-8.90802499999999941593e-01	-5.95988999999999990997e-01
1.24666999999999994486e+00	-8.64579500000000056303e-01	-5.95768499999999923133e-01
1.18907000000000007134e+00	-8.49219999999999974882e-01	-6.56970499999999901775e-01
1.31525000000000003020e+00	-8.45594999999999985540e-01	-6.07028499999999970882e-01
1.38044000000000011141e+00	-8.21655999999999941963e-01	-6.19406000000000012129e-01
1.31845999999999996533e+00	-7.99058000000000046015e-01	-6.69127499999999986180e-01
1.44488499999999997492e+00	-7.85243000000000024308e-01	-6.24492000000000047066e-01
1.50668999999999986272e+00	-7.48984000000000094133e-01	-6.36286499999999977106e-01
1.44545499999999993435e+00	-7.38860000000000072262e-01	-6.93299499999999957467e-01
1.57329499999999988802e+00	-7.13227999999999973113e-01	-6.52568000000000036920e-01
1.63318500000000010886e+00	-6.70615999999999989889e-01	-6.71000999999999958590e-01
1.56715000000000004299e+00	-6.59988999999999936819e-01	-7.23527000000000031221e-01
1.69391500000000005954e+00	-6.21615999999999946368e-01	-6.85910499999999978549e-01
1.74134000000000010999e+00	-5.59044500000000055273e-01	-6.90753999999999979131e-01
1.67446500000000009223e+00	-5.54805499999999951477e-01	-7.46803499999999953474e-01
1.79260999999999981469e+00	-4.91674999999999973177e-01	-6.97889500000000051472e-01
1.83357999999999998764e+00	-4.23829499999999970150e-01	-7.08524000000000042654e-01
1.76285999999999987153e+00	-4.24388500000000001844e-01	-7.62281500000000056261e-01
1.88693500000000002892e+00	-3.61107999999999984553e-01	-7.33204500000000036763e-01
1.91461499999999995580e+00	-2.86744500000000013262e-01	-7.42420500000000038732e-01
1.83150999999999997137e+00	-2.82179500000000027526e-01	-7.82132000000000049411e-01
1.94394999999999984475e+00	-2.03126000000000001000e-01	-7.47399000000000035548e-01
1.96133500000000005059e+00	-1.26046650000000010072e-01	-7.64675500000000063494e-01
1.87657499999999988205e+00	-1.30736650000000009797e-01	-8.08624500000000079325e-01
1.98152000000000017010e+00	-4.23286499999999954458e-02	-7.83588500000000021117e-01
1.98208999999999990749e+00	4.48293500000000039174e-02	-7.99916000000000071424e-01
1.88976500000000013912e+00	2.77043499999999991157e-02	-8.34550499999999972900e-01
1.78778499999999995751e+00	1.72373599999999987942e-01	-9.02942499999999981242e-01
1.80439499999999997115e+00	9.19110999999999955801e-02	-8.82418999999999953410e-01
1.76619499999999995943e+00	2.48832999999999970875e-01	-9.10728500000000051884e-01
1.70162999999999997591e+00	1.51215600000000005565e-01	-9.29424000000000027910e-01
1.72418499999999985661e+00	3.21639999999999981473e-01	-9.06001000000000056289e-01
1.68224499999999999034e+00	3.88477999999999989988e-01	-8.96344499999999988482e-01
1.63810000000000011156e+00	2.94512999999999969258e-01	-9.27553499999999919723e-01
1.62570999999999998842e+00	4.47132499999999988294e-01	-8.83385499999999934673e-01
1.57574499999999995126e+00	5.08834499999999967379e-01	-8.92767000000000088278e-01
1.54619499999999998607e+00	4.23053000000000012371e-01	-9.27278500000000005521e-01
1.51427000000000000490e+00	5.63558000000000003382e-01	-8.94199500000000035982e-01
1.45055500000000003880e+00	6.08363999999999904844e-01	-8.82204500000000058080e-01
1.43251499999999998280e+00	5.29560999999999948429e-01	-9.24665000000000070202e-01
1.38065000000000015490e+00	6.42177499999999956692e-01	-8.66887500000000033040e-01
1.31245000000000011653e+00	6.71592999999999995531e-01	-8.53161499999999906052e-01
1.30059999999999997833e+00	6.03782499999999999751e-01	-8.98943999999999965311e-01
1.24065000000000003055e+00	6.88397000000000036657e-01	-8.33107999999999959684e-01
1.17082500000000000462e+00	7.10836500000000093280e-01	-8.29357000000000010864e-01
1.16257499999999991402e+00	6.55637500000000095213e-01	-8.81467000000000000526e-01
1.10005500000000000504e+00	7.24912500000000070699e-01	-8.21104500000000014914e-01
1.03039900000000006486e+00	7.33547500000000018971e-01	-8.17412500000000097344e-01
9.60454000000000029935e-01	7.34275000000000011013e-01	-8.00339000000000022617e-01
1.02280499999999996419e+00	6.78804500000000032855e-01	-8.60642499999999976978e-01
8.92394499999999979423e-01	7.25930500000000034078e-01	-7.89943999999999979522e-01
8.23225000000000095568e-01	7.21511500000000083332e-01	-7.83777500000000015845e-01
8.83690500000000045411e-01	6.75113000000000074152e-01	-8.37402500000000049596e-01
7.55260500000000001286e-01	7.14615500000000070102e-01	-7.86399499999999918032e-01
6.86138499999999984524e-01	7.11050500000000029743e-01	-7.97878499999999935000e-01
7.45399000000000033772e-01	6.67129000000000083048e-01	-8.42714999999999991864e-01
6.19844500000000020457e-01	6.95094499999999948514e-01	-8.00359999999999960352e-01
5.54186500000000026311e-01	6.71423499999999950916e-01	-7.99717999999999928917e-01
6.10619000000000022865e-01	6.39893000000000045091e-01	-8.53551999999999977398e-01
4.89130999999999982464e-01	6.48147000000000028663e-01	-8.06194999999999994955e-01
4.29345499999999991037e-01	6.10438000000000036138e-01	-8.00072499999999964260e-01
4.85175499999999981782e-01	5.78513000000000054968e-01	-8.46787500000000026290e-01
3.71490500000000001268e-01	5.66206999999999904816e-01	-7.91419499999999942474e-01
3.14128500000000032699e-01	5.18777999999999961389e-01	-7.87764499999999978641e-01
3.68028000000000021785e-01	4.93375000000000007994e-01	-8.37010000000000031761e-01
2.54427500000000028635e-01	4.74030500000000021288e-01	-7.92482499999999978613e-01
1.98545499999999985885e-01	4.25011000000000027654e-01	-8.10864499999999988056e-01
2.54784000000000010466e-01	3.96926500000000015422e-01	-8.51736999999999966349e-01
1.35287999999999991596e-01	3.89124000000000025423e-01	-8.43524999999999969269e-01
8.42201999999999950663e-02	3.27956499999999984141e-01	-8.58649500000000065469e-01
3.43279499999999959670e-02	2.75113500000000010814e-01	-8.90215500000000048431e-01
1.49009749999999996373e-01	2.95063999999999992951e-01	-9.01685000000000069775e-01
-8.68524999999999852696e-03	2.04514499999999987967e-01	-9.09290500000000001535e-01
-3.99748999999999937716e-02	1.31073949999999994631e-01	-9.16626999999999969582e-01
6.78278499999999950898e-02	1.68780449999999998534e-01	-9.40587500000000020783e-01
-5.53574000000000010502e-02	4.63241900000000011994e-02	-9.01936499999999918842e-01
-6.32228499999999971060e-02	-3.36348100000000010956e-02	-8.85456999999999938566e-01
2.86727500000000003200e-02	1.53809000000000029029e-02	-9.31444500000000008555e-01
-6.06288499999999980217e-02	-1.14501549999999993612e-01	-8.78959999999999963549e-01
-5.32930999999999960304e-02	-1.89821499999999976360e-01	-8.65787499999999932143e-01
2.81430499999999993166e-02	-1.39898049999999996018e-01	-9.01792499999999996874e-01
-3.86046000000000028018e-02	-2.70185500000000022869e-01	-8.53035999999999905441e-01
-1.28886999999999959932e-02	-3.44825000000000048139e-01	-8.38883500000000004171e-01
6.11947000000000046471e-02	-2.89857499999999990159e-01	-8.74467499999999953175e-01
2.14400000000000007239e-02	-4.18116500000000002046e-01	-8.23789000000000104507e-01
5.86571999999999926789e-02	-4.87493500000000024031e-01	-8.20406500000000038497e-01
1.24127799999999996472e-01	-4.33873999999999981902e-01	-8.56932500000000096918e-01
1.03219049999999992751e-01	-5.56052500000000060609e-01	-8.18216999999999972104e-01
1.54482549999999996260e-01	-6.14731000000000027406e-01	-8.13428999999999957637e-01
2.12608499999999978058e-01	-5.61929499999999970683e-01	-8.48762000000000016442e-01
2.14013000000000008782e-01	-6.66758500000000031704e-01	-7.98137499999999944222e-01
2.79571000000000013941e-01	-7.08691500000000029758e-01	-7.85973000000000032728e-01
3.41606499999999979611e-01	-7.51943000000000028038e-01	-7.73441499999999892978e-01
3.25907500000000016627e-01	-6.63859500000000046782e-01	-8.31442499999999973248e-01
4.11082000000000002959e-01	-7.80689500000000036195e-01	-7.60176500000000032742e-01
4.77788500000000060375e-01	-8.14159000000000077080e-01	-7.52561000000000035470e-01
4.54649500000000039712e-01	-7.40580500000000085947e-01	-8.11295499999999947249e-01
5.48005999999999993122e-01	-8.38392499999999984972e-01	-7.47605499999999922878e-01
6.17834499999999953168e-01	-8.53740999999999972125e-01	-7.33783499999999921926e-01
5.91184500000000001663e-01	-7.89398500000000002963e-01	-7.89857999999999949026e-01
6.88490000000000046398e-01	-8.53396999999999961162e-01	-7.16053499999999898407e-01
7.58288999999999990820e-01	-8.58642499999999975202e-01	-7.06487499999999934985e-01
7.30812000000000017153e-01	-8.09992500000000004157e-01	-7.66469999999999984652e-01
8.26984500000000011255e-01	-8.58190000000000008384e-01	-7.00415999999999927539e-01
8.96018500000000051031e-01	-8.55821500000000012776e-01	-6.97616000000000013870e-01
8.69645000000000001350e-01	-8.12869500000000022588e-01	-7.54103999999999996540e-01
9.64891500000000013060e-01	-8.55967499999999992255e-01	-7.01972000000000040387e-01
1.03335199999999982623e+00	-8.48261500000000001620e-01	-7.08158500000000024066e-01
1.00713950000000007634e+00	-8.02795000000000036344e-01	-7.57490500000000066549e-01
1.10023500000000007404e+00	-8.35266000000000063963e-01	-7.10434000000000009933e-01
1.16478500000000018133e+00	-8.08120999999999978236e-01	-7.07527000000000017010e-01
1.14014999999999999680e+00	-7.67943999999999959982e-01	-7.60769999999999946283e-01
1.22898500000000021615e+00	-7.81897999999999981924e-01	-7.07306499999999949146e-01
1.29417500000000007532e+00	-7.57959000000000049369e-01	-7.19683999999999990393e-01
1.35738500000000006374e+00	-7.28507999999999933394e-01	-7.29332499999999939178e-01
1.26791000000000009251e+00	-7.11347999999999980325e-01	-7.67511499999999902144e-01
1.41918999999999995154e+00	-6.92249000000000003219e-01	-7.41126999999999980240e-01
1.47693500000000010886e+00	-6.49493000000000098026e-01	-7.49126999999999987345e-01
1.38886500000000001620e+00	-6.39140999999999959158e-01	-7.85159999999999969056e-01
1.53682499999999988560e+00	-6.06881000000000003780e-01	-7.67560000000000020037e-01
1.58730999999999999872e+00	-5.52872999999999947818e-01	-7.75012000000000034206e-01
1.49709499999999984254e+00	-5.42376999999999998003e-01	-8.00611999999999990330e-01
1.63473500000000004917e+00	-4.90301500000000001211e-01	-7.79855500000000034788e-01
1.67851499999999997925e+00	-4.30887499999999978861e-01	-7.95981499999999897454e-01
1.59135999999999988574e+00	-4.28954999999999975202e-01	-8.24189999999999978186e-01
1.71948500000000015220e+00	-3.63041999999999975834e-01	-8.06615999999999999659e-01
1.75418999999999991601e+00	-2.97062500000000007105e-01	-8.31527000000000016122e-01
1.66984500000000002373e+00	-3.03561499999999984123e-01	-8.65226999999999968338e-01
1.78187000000000006494e+00	-2.22698999999999980304e-01	-8.40743000000000018090e-01
1.79455000000000008953e+00	-1.44918450000000004207e-01	-8.47276499999999987978e-01
1.71723000000000003418e+00	-1.59801449999999983786e-01	-8.96671500000000065711e-01
1.81193500000000007333e+00	-6.78390999999999994019e-02	-8.64553000000000015923e-01
1.80773999999999990251e+00	1.35225500000000012357e-02	-8.73202499999999992575e-01
1.72656499999999990536e+00	-3.63234999999999946807e-03	-9.12421499999999996433e-01
1.62064999999999992397e+00	1.35924149999999993588e-01	-9.46220500000000019902e-01
1.64224000000000014410e+00	5.94647499999999967768e-02	-9.38434500000000060282e-01
1.59950499999999995460e+00	2.07827499999999998348e-01	-9.55030000000000045546e-01
1.54011500000000012278e+00	1.16076650000000003438e-01	-9.64040500000000077918e-01
1.55756499999999986628e+00	2.74665500000000006864e-01	-9.45373499999999977739e-01
1.51732000000000000206e+00	3.38000999999999995893e-01	-9.41178999999999987836e-01
1.47872499999999984510e+00	2.51315500000000024983e-01	-9.68655500000000002636e-01
1.46735499999999996490e+00	3.99703000000000030489e-01	-9.50560500000000030418e-01
1.41399499999999989086e+00	4.50754500000000002391e-01	-9.43257000000000012108e-01
1.38512000000000012889e+00	3.65702500000000041425e-01	-9.57157499999999994422e-01
1.35028000000000014680e+00	4.95560499999999959364e-01	-9.31262000000000034206e-01
1.28838499999999989143e+00	5.32873499999999999943e-01	-9.22765999999999975145e-01
1.26986500000000002153e+00	4.54066999999999998394e-01	-9.41357999999999917051e-01
1.22018499999999985306e+00	5.62289000000000038781e-01	-9.09039999999999959179e-01
1.15351500000000006807e+00	5.88103999999999960124e-01	-9.06853499999999979053e-01
1.14129999999999998117e+00	5.17194999999999960316e-01	-9.30675499999999988887e-01
1.08369000000000004214e+00	6.10543500000000016747e-01	-9.03102500000000030234e-01
1.01374500000000011823e+00	6.11271000000000008789e-01	-8.86028999999999955506e-01
9.45112500000000022027e-01	6.18569000000000035477e-01	-8.74956500000000025885e-01
1.00599749999999987793e+00	5.50308000000000019369e-01	-9.17416500000000079140e-01
8.75943000000000027150e-01	6.14149999999999973710e-01	-8.68789999999999951186e-01
8.07010000000000005116e-01	6.14592999999999944905e-01	-8.72058500000000069718e-01
8.68431999999999981732e-01	5.58049000000000017252e-01	-9.09612500000000046008e-01
7.37887999999999988354e-01	6.11028000000000015568e-01	-8.83537500000000086686e-01
6.68790500000000065484e-01	6.04011500000000034483e-01	-8.99711499999999997357e-01
7.30401499999999925805e-01	5.51475500000000007361e-01	-9.29054999999999964189e-01
6.03132500000000071338e-01	5.80340500000000036884e-01	-8.99069499999999965922e-01
5.42436000000000029253e-01	5.43391500000000027271e-01	-8.82002500000000022595e-01
6.00607499999999960849e-01	5.07510000000000016662e-01	-9.28161999999999931532e-01
4.82650499999999982315e-01	5.05682500000000034746e-01	-8.75879999999999991900e-01
4.27144499999999982531e-01	4.61457499999999964935e-01	-8.68296999999999985498e-01
4.84404999999999974492e-01	4.26335999999999992749e-01	-9.03511999999999981803e-01
3.69782500000000013962e-01	4.14028500000000021508e-01	-8.64641999999999910642e-01
3.15128500000000033587e-01	3.69800000000000017586e-01	-8.89178499999999982784e-01
3.74244999999999994333e-01	3.37882499999999974527e-01	-9.20465499999999936520e-01
2.59246499999999990838e-01	3.20780500000000023952e-01	-9.07560499999999992227e-01
2.09354250000000019494e-01	2.67937499999999995115e-01	-9.39126499999999975188e-01
1.63940250000000009578e-01	2.10453000000000001180e-01	-9.69395500000000076568e-01
2.74177000000000004043e-01	2.36169500000000032180e-01	-9.75270999999999999019e-01
1.32650600000000007395e-01	1.37012450000000007844e-01	-9.76732000000000044615e-01
1.12375099999999991662e-01	6.16263500000000033485e-02	-9.63835500000000067189e-01
2.08487499999999992273e-01	1.03298899999999999055e-01	-9.92643500000000011951e-01
1.04509649999999995607e-01	-1.83326499999999989465e-02	-9.47356000000000086914e-01
9.74516500000000007731e-02	-9.49005500000000001837e-02	-9.50475500000000028678e-01
1.81153999999999981707e-01	-4.86550999999999997381e-02	-9.82866500000000087311e-01
1.04787400000000002764e-01	-1.70220499999999996810e-01	-9.37302999999999997272e-01
1.21991900000000000337e-01	-2.43415500000000006864e-01	-9.16441999999999978854e-01
1.91300499999999984446e-01	-1.98417999999999983274e-01	-9.65125000000000010658e-01
1.47707800000000000207e-01	-3.18054999999999976623e-01	-9.02289499999999966562e-01
1.79866300000000006731e-01	-3.85160000000000002363e-01	-8.91971000000000069363e-01
2.40663500000000002421e-01	-3.38717999999999963556e-01	-9.33945499999999984020e-01
2.17083499999999984809e-01	-4.54536999999999968836e-01	-8.88588500000000003354e-01
2.64522499999999993747e-01	-5.09742000000000028415e-01	-8.74488000000000043066e-01
3.20261000000000017884e-01	-4.61027999999999993364e-01	-9.09526500000000015511e-01
3.15786000000000011134e-01	-5.68420499999999995211e-01	-8.69700000000000028599e-01
3.77821500000000032315e-01	-6.11671999999999993491e-01	-8.57168499999999999872e-01
4.34392000000000000348e-01	-6.60448000000000035037e-01	-8.56621499999999924668e-01
4.24270499999999994856e-01	-5.65009000000000094488e-01	-8.94878999999999980020e-01
5.01098500000000002252e-01	-6.93917499999999964899e-01	-8.49005999999999927397e-01
5.65583500000000016783e-01	-7.30944999999999955875e-01	-8.50265000000000048530e-01
5.45325999999999977419e-01	-6.50812500000000015987e-01	-8.95591000000000025949e-01
6.35411999999999976829e-01	-7.46293499999999943029e-01	-8.36443000000000047578e-01
7.04374499999999903466e-01	-7.57346999999999992426e-01	-8.18945000000000034035e-01
6.78773499999999918586e-01	-6.98893500000000056360e-01	-8.79352000000000022517e-01
7.74173499999999958909e-01	-7.62592500000000006466e-01	-8.09379000000000070614e-01
8.43439999999999967528e-01	-7.65803500000000081371e-01	-8.04593499999999961503e-01
8.17002499999999964864e-01	-7.13157999999999958618e-01	-8.57068500000000010886e-01
9.12474000000000007304e-01	-7.63435000000000085763e-01	-8.01793500000000047834e-01
9.80589500000000002800e-01	-7.53797000000000050335e-01	-8.00319499999999961481e-01
9.54384499999999968978e-01	-7.06730999999999998096e-01	-8.50808999999999926445e-01
1.04904999999999981597e+00	-7.46091000000000059700e-01	-8.06505999999999945160e-01
1.11348000000000002530e+00	-7.20634500000000066677e-01	-8.03110500000000060439e-01
1.08692999999999995175e+00	-6.71636499999999969646e-01	-8.45939499999999955371e-01
1.17803000000000013259e+00	-6.93489499999999980950e-01	-8.00203499999999956493e-01
1.24123999999999989896e+00	-6.64038499999999975998e-01	-8.09852000000000016300e-01
1.30439499999999997115e+00	-6.37217499999999992255e-01	-8.27539000000000024571e-01
1.21451500000000001123e+00	-6.19358999999999992880e-01	-8.60230999999999967898e-01
1.36214000000000012847e+00	-5.94461499999999976040e-01	-8.35539000000000031676e-01
1.41467000000000009408e+00	-5.44388500000000052914e-01	-8.35967000000000015625e-01
1.33020000000000004903e+00	-5.42464999999999974989e-01	-8.78346000000000071140e-01
1.46515499999999998515e+00	-4.90380499999999996952e-01	-8.43419000000000029793e-01
1.51038499999999986656e+00	-4.34788999999999981050e-01	-8.56034999999999990372e-01
1.42796000000000011809e+00	-4.36800500000000035961e-01	-8.91390000000000015667e-01
1.55416500000000001869e+00	-3.75375000000000014211e-01	-8.72160999999999964061e-01
1.58781000000000016570e+00	-3.11232000000000008644e-01	-8.89329499999999995019e-01
1.50683500000000014651e+00	-3.17066000000000014492e-01	-9.21174500000000007205e-01
1.62251499999999992951e+00	-2.45252499999999984404e-01	-9.14240500000000011482e-01
1.63676500000000002544e+00	-1.71422499999999977671e-01	-9.18819000000000052353e-01
1.55473000000000016740e+00	-1.79093000000000002192e-01	-9.42921499999999968011e-01
1.64944500000000005002e+00	-9.36419500000000015749e-02	-9.25352500000000022240e-01
1.64610000000000011866e+00	-1.52534000000000002917e-02	-9.34568999999999983075e-01
1.56512000000000006672e+00	-3.05448499999999983912e-02	-9.51365500000000086089e-01
1.46483000000000007645e+00	1.02034650000000004511e-01	-9.75861499999999937316e-01
1.48597500000000004583e+00	3.01312999999999997502e-02	-9.67052000000000022695e-01
1.44419999999999992824e+00	1.69448500000000001897e-01	-9.88770000000000037765e-01
1.39006000000000007333e+00	8.35031499999999982098e-02	-9.91781500000000093564e-01
1.40395499999999984198e+00	2.32783999999999990926e-01	-9.84575500000000047862e-01
1.36264999999999991687e+00	2.89900500000000005407e-01	-9.76631999999999944606e-01
1.32812500000000000000e+00	2.08033499999999982322e-01	-9.96746499999999979735e-01
1.30929000000000006487e+00	3.40952000000000032820e-01	-9.69328500000000037318e-01
1.25473999999999996646e+00	3.82579500000000016779e-01	-9.55622500000000041354e-01
1.23227000000000019853e+00	3.06777500000000036273e-01	-9.75096999999999991537e-01
1.19284500000000015518e+00	4.19892500000000001847e-01	-9.47126499999999982293e-01
1.13071499999999991459e+00	4.46579000000000003734e-01	-9.38311499999999965027e-01
1.11559000000000008157e+00	3.75091500000000022119e-01	-9.52575999999999978307e-01
1.06404500000000012960e+00	4.72393999999999980588e-01	-9.36124999999999984901e-01
9.95412500000000033396e-01	4.79692000000000007276e-01	-9.25052500000000055280e-01
9.29421500000000011532e-01	4.92044000000000036898e-01	-9.22695999999999960650e-01
9.87469000000000041162e-01	4.14129999999999998117e-01	-9.41404499999999977433e-01
8.60488499999999989498e-01	4.92487000000000008093e-01	-9.25964500000000079183e-01
7.93408499999999961005e-01	4.91355500000000000593e-01	-9.30286500000000016186e-01
8.54397999999999990806e-01	4.25350500000000020240e-01	-9.43370000000000041851e-01
7.24310999999999927113e-01	4.84339000000000019508e-01	-9.46460499999999926857e-01
6.60343499999999972161e-01	4.66445500000000012886e-01	-9.51697499999999974030e-01
7.23350500000000007361e-01	4.06325500000000006118e-01	-9.52928999999999915005e-01
5.99647000000000041098e-01	4.29496500000000003272e-01	-9.34630499999999919680e-01
5.42235000000000022524e-01	3.93606000000000011418e-01	-9.32630000000000070060e-01
6.01971000000000033836e-01	3.52541500000000007642e-01	-9.56165500000000001535e-01
4.86728999999999967230e-01	3.49380999999999997119e-01	-9.25046999999999952635e-01
4.36147500000000021281e-01	3.03629999999999955484e-01	-9.37778999999999918202e-01
4.93977500000000013802e-01	2.70900000000000029665e-01	-9.66897000000000006459e-01
3.81493500000000040906e-01	2.59401500000000007073e-01	-9.62315499999999990344e-01
3.36079499999999975479e-01	2.01917000000000013138e-01	-9.92584499999999980702e-01
2.99447999999999991960e-01	1.42334999999999989306e-01	-1.00171800000000010833e+00
4.06764499999999973312e-01	1.65566999999999991955e-01	-9.88762499999999988631e-01
2.79172499999999990106e-01	6.69489000000000056279e-02	-9.88821500000000019881e-01
2.62539500000000036728e-01	-2.28579999999999755600e-03	-9.82012499999999954881e-01
3.53500000000000036415e-01	3.67502999999999996339e-02	-9.91087000000000051259e-01
2.55481500000000028017e-01	-7.88536999999999987931e-02	-9.85132000000000007667e-01
2.56338000000000010292e-01	-1.50072499999999997566e-01	-9.89154000000000088733e-01
3.37723500000000009802e-01	-1.03703199999999995384e-01	-9.88299999999999956302e-01
2.73542500000000021743e-01	-2.23267500000000007621e-01	-9.68293000000000070315e-01
2.97714000000000034163e-01	-2.89019999999999999130e-01	-9.52854499999999937643e-01
3.62751500000000004498e-01	-2.40674500000000013422e-01	-9.76883500000000015717e-01
3.29872500000000012932e-01	-3.56125000000000024869e-01	-9.42536000000000040444e-01
3.70698500000000041865e-01	-4.11464999999999969660e-01	-9.29815000000000058122e-01
4.27749000000000045851e-01	-3.61767000000000005233e-01	-9.48724000000000011745e-01
4.18137500000000050804e-01	-4.66670000000000029239e-01	-9.15714499999999986812e-01
4.74708000000000018836e-01	-5.15446000000000070784e-01	-9.15167500000000022631e-01
5.27343499999999965056e-01	-5.62437999999999993506e-01	-9.17132000000000058293e-01
5.21210500000000021004e-01	-4.64098999999999983768e-01	-9.37967500000000065086e-01
5.91828499999999979586e-01	-5.99465499999999984482e-01	-9.18390999999999957382e-01
6.54552499999999981561e-01	-6.28997999999999946041e-01	-9.12793999999999994266e-01
6.36569999999999969198e-01	-5.40623499999999923560e-01	-9.34334999999999915588e-01
7.23514999999999908198e-01	-6.40051499999999995438e-01	-8.95295999999999980723e-01
7.90437999999999973966e-01	-6.54168499999999930594e-01	-8.94112500000000087752e-01
7.66216999999999925919e-01	-5.84273000000000042320e-01	-9.27554500000000059501e-01
8.59704499999999982585e-01	-6.57379500000000005500e-01	-8.89326999999999978641e-01
9.26645999999999969710e-01	-6.50392999999999998906e-01	-8.81931499999999979345e-01
9.00081499999999978812e-01	-5.91403499999999970882e-01	-9.18975499999999945189e-01
9.94761499999999965205e-01	-6.40754999999999963478e-01	-8.80457499999999892992e-01
1.05885499999999987963e+00	-6.20391499999999984638e-01	-8.80638000000000031875e-01
1.03111649999999999139e+00	-5.64053499999999985448e-01	-9.11760499999999973753e-01
1.12328500000000008896e+00	-5.94934999999999991616e-01	-8.77242499999999925109e-01
1.18644000000000016115e+00	-5.68114000000000007873e-01	-8.94929499999999933380e-01
1.24590500000000004022e+00	-5.37282999999999955065e-01	-9.08997500000000013820e-01
1.15467500000000011795e+00	-5.12858999999999953801e-01	-9.26009000000000082053e-01
1.29843500000000000583e+00	-4.87210000000000031939e-01	-9.09425499999999997769e-01
1.34794500000000017081e+00	-4.39533000000000007024e-01	-9.20303500000000052061e-01
1.26365000000000016200e+00	-4.34351000000000042611e-01	-9.50954999999999994742e-01
1.39317500000000005222e+00	-3.83941500000000046633e-01	-9.32919500000000012641e-01
1.42869000000000001549e+00	-3.23294500000000040174e-01	-9.42161999999999943967e-01
1.34867500000000006821e+00	-3.26027000000000011237e-01	-9.71075499999999980361e-01
1.46233499999999994046e+00	-2.59151499999999979096e-01	-9.59330500000000085947e-01
1.47800500000000001322e+00	-1.88688500000000008994e-01	-9.55651999999999945956e-01
1.39985999999999988219e+00	-1.94917000000000006921e-01	-9.76639499999999993740e-01
1.49225500000000010914e+00	-1.14858500000000002261e-01	-9.60230499999999986827e-01
1.48839500000000013458e+00	-4.01403499999999982539e-02	-9.64096000000000064034e-01
1.41311000000000008825e+00	-5.41823499999999971810e-02	-9.75916999999999923432e-01
1.32084499999999982478e+00	7.01501999999999958924e-02	-1.01103000000000009528e+00
1.34147499999999997300e+00	2.73635000000000024045e-03	-9.98121500000000105857e-01
1.29681999999999986173e+00	1.35708999999999996300e-01	-1.01882000000000005890e+00
1.24823499999999998344e+00	5.49421999999999965958e-02	-1.02516000000000007120e+00
1.25551499999999993662e+00	1.92825499999999983025e-01	-1.01087649999999995565e+00
1.20893000000000006011e+00	2.44507499999999988738e-01	-1.00396149999999995117e+00
1.17762499999999992184e+00	1.72183000000000002716e-01	-1.02603500000000003034e+00
1.15438000000000018375e+00	2.86135000000000028209e-01	-9.90255499999999955207e-01
1.09224999999999994316e+00	3.12821500000000030095e-01	-9.81440499999999937941e-01
1.03181499999999992667e+00	3.44876000000000015877e-01	-9.75640499999999910585e-01
1.07060500000000002885e+00	2.55919500000000021966e-01	-1.01331999999999999851e+00
9.65824000000000015831e-01	3.57227999999999989988e-01	-9.73284000000000038000e-01
8.98907000000000011575e-01	3.68087500000000011902e-01	-9.71594000000000068695e-01
9.43253000000000008107e-01	2.98833499999999974150e-01	-1.00583000000000000185e+00
8.31826999999999983082e-01	3.66956000000000004402e-01	-9.75916000000000005699e-01
7.66010999999999997456e-01	3.53307000000000037687e-01	-9.67921499999999990216e-01
8.10520000000000018225e-01	2.96043999999999973838e-01	-9.96145500000000017060e-01
7.02043500000000042505e-01	3.35413500000000031065e-01	-9.73158500000000037389e-01
6.44631500000000023931e-01	2.99522999999999983700e-01	-9.71157999999999965723e-01
5.85218500000000085848e-01	2.67629500000000020155e-01	-9.75713500000000011347e-01
6.85291000000000094516e-01	2.50501499999999988066e-01	-9.92706499999999936179e-01
5.34637000000000028876e-01	2.21878499999999978520e-01	-9.88445499999999976914e-01
4.87899499999999985977e-01	1.72089999999999992975e-01	-1.00054449999999994780e+00
5.79140500000000058023e-01	1.68819500000000011219e-01	-1.00936099999999995269e+00
4.51268000000000002458e-01	1.12507999999999996898e-01	-1.00967800000000007543e+00
4.27155000000000006910e-01	4.71769999999999967155e-02	-1.00122299999999997411e+00
5.08290000000000019575e-01	5.36999999999999977351e-02	-1.01300500000000015532e+00
4.10522000000000053532e-01	-2.20576999999999995294e-02	-9.94414000000000020130e-01
4.11378499999999980297e-01	-9.32764999999999983027e-02	-9.98436000000000101195e-01
4.09730499999999997485e-01	-1.62945499999999993124e-01	-1.00290100000000004243e+00
4.82528999999999985704e-01	-8.12999999999999972689e-02	-1.00901499999999999524e+00
4.33902000000000009905e-01	-2.28698000000000012388e-01	-9.87462499999999909761e-01
4.59704000000000001513e-01	-2.91845999999999994312e-01	-9.71025499999999985867e-01
5.06682999999999994500e-01	-2.14117000000000001769e-01	-9.97042999999999901561e-01
5.00530000000000030447e-01	-3.47185999999999994614e-01	-9.58304500000000003546e-01
5.45808999999999988617e-01	-3.99316000000000004277e-01	-9.56695999999999990848e-01
5.77763999999999944279e-01	-3.29394999999999993356e-01	-9.78997499999999964970e-01
5.98444500000000045858e-01	-4.46307999999999982510e-01	-9.58660499999999915488e-01
6.61168500000000047834e-01	-4.75840499999999999581e-01	-9.53063499999999952372e-01
7.21464499999999953062e-01	-5.06992499999999957083e-01	-9.43743499999999957417e-01
6.83339000000000029722e-01	-4.12676999999999960522e-01	-9.68068999999999957318e-01
7.88387500000000018829e-01	-5.21109500000000003261e-01	-9.42560000000000064446e-01
8.55224500000000054101e-01	-5.32366000000000005876e-01	-9.41929000000000016257e-01
8.10472000000000081243e-01	-4.55085499999999976151e-01	-9.58118000000000025196e-01
9.22166000000000041226e-01	-5.25379499999999999282e-01	-9.34533499999999905938e-01
9.87161500000000025068e-01	-5.07870500000000002494e-01	-9.19689999999999896474e-01
9.42304500000000100357e-01	-4.48832999999999981977e-01	-9.42643499999999967542e-01
1.05125500000000005052e+00	-4.87507000000000023654e-01	-9.19870500000000035357e-01
1.11072000000000015163e+00	-4.56675999999999970846e-01	-9.33938500000000004775e-01
1.17125499999999993506e+00	-4.29964499999999971713e-01	-9.54496000000000011099e-01
1.06783500000000008967e+00	-4.04612499999999986056e-01	-9.48357499999999964402e-01
1.22076500000000010004e+00	-3.82287500000000002309e-01	-9.65373999999999954369e-01
1.26617000000000001769e+00	-3.31463999999999980872e-01	-9.72655999999999965056e-01
1.17377500000000001279e+00	-3.27077500000000020997e-01	-9.76196999999999981412e-01
1.30168499999999998096e+00	-2.70816999999999974413e-01	-9.81898500000000007404e-01
1.32718000000000002636e+00	-2.07236499999999990163e-01	-9.90639000000000047308e-01
1.24467499999999997584e+00	-2.12673500000000015309e-01	-9.92219500000000032003e-01
1.34284999999999987708e+00	-1.36773499999999992305e-01	-9.86960500000000018339e-01
1.34043000000000001037e+00	-6.65018500000000012395e-02	-9.89916500000000088022e-01
1.27121499999999998387e+00	-7.98548000000000035570e-02	-1.00916500000000008974e+00
1.18007499999999998508e+00	4.28120000000000028306e-02	-1.02538000000000018019e+00
1.20409999999999994813e+00	-2.27467999999999975769e-02	-1.01759000000000021657e+00
1.15169999999999994600e+00	1.04969399999999990492e-01	-1.04349500000000006139e+00
1.10756500000000013273e+00	2.72803999999999997883e-02	-1.03592500000000020677e+00
1.10511500000000006949e+00	1.56651399999999996204e-01	-1.03658000000000005691e+00
1.04468000000000005301e+00	1.88705900000000009742e-01	-1.03078000000000002956e+00
9.88136000000000014332e-01	2.26793999999999995598e-01	-1.02395999999999998131e+00
1.02264599999999994395e+00	1.27525899999999997592e-01	-1.04722000000000003972e+00
9.21219000000000010075e-01	2.37653500000000017511e-01	-1.02227000000000001201e+00
8.53549499999999961020e-01	2.43669999999999997708e-01	-1.02298500000000003318e+00
8.98432499999999967244e-01	1.71630500000000019156e-01	-1.04111500000000001265e+00
7.87733500000000086416e-01	2.30021000000000003238e-01	-1.01499050000000012872e+00
7.28320500000000037311e-01	1.98127500000000011937e-01	-1.01954600000000006332e+00
6.67335500000000081400e-01	1.68729999999999991100e-01	-1.01230599999999992811e+00
7.69778000000000073300e-01	1.48249500000000006272e-01	-1.03459000000000012065e+00
6.20597999999999982990e-01	1.18941500000000005555e-01	-1.02440500000000001002e+00
5.81553500000000056502e-01	6.35423700000000007959e-02	-1.01866499999999993165e+00
6.69748500000000079879e-01	6.34528699999999945547e-02	-1.02160999999999990706e+00
5.57440500000000005443e-01	-1.78863000000000025441e-03	-1.01021000000000005237e+00
5.55792500000000022631e-01	-7.14576299999999942081e-02	-1.01467499999999999361e+00
5.48858000000000068042e-01	-1.39210000000000000409e-01	-1.01868500000000006267e+00
6.23769500000000087780e-01	-5.96986300000000025268e-02	-1.01988000000000011980e+00
5.74659999999999948628e-01	-2.02357999999999982332e-01	-1.00224800000000002775e+00
6.04472000000000009301e-01	-2.61768999999999973927e-01	-9.86507999999999940499e-01
6.46646999999999971820e-01	-1.86862000000000000322e-01	-1.00815000000000010161e+00
6.49750999999999967471e-01	-3.13898999999999983590e-01	-9.84899500000000038824e-01
7.10047000000000094744e-01	-3.45050999999999996604e-01	-9.75579500000000043869e-01
7.65843999999999969219e-01	-3.83259000000000016328e-01	-9.73435999999999967969e-01
7.32256000000000017991e-01	-2.84480999999999983885e-01	-9.90266499999999938453e-01
8.32681000000000004491e-01	-3.94515500000000018943e-01	-9.72804999999999919780e-01
8.99358499999999949637e-01	-3.98288499999999989765e-01	-9.65961000000000069576e-01
8.54730500000000059657e-01	-3.26462000000000029942e-01	-9.81279000000000012349e-01
9.64354000000000044501e-01	-3.80779499999999992976e-01	-9.51117500000000060112e-01
1.02554500000000015092e+00	-3.54307999999999956309e-01	-9.59373999999999949040e-01
9.82599000000000000199e-01	-3.03763499999999964096e-01	-9.82691500000000051074e-01
1.08607999999999993435e+00	-3.27596499999999957176e-01	-9.79931499999999955364e-01
1.13148500000000007404e+00	-2.76772999999999991250e-01	-9.87213499999999966050e-01
1.17111499999999990607e+00	-2.22752500000000019931e-01	-9.95084500000000038433e-01
1.08342000000000004967e+00	-2.23271500000000011621e-01	-9.98819000000000123407e-01
1.19661000000000017351e+00	-1.59172000000000007924e-01	-1.00382499999999996732e+00
1.19765500000000013614e+00	-8.99338000000000081791e-02	-1.01203000000000020719e+00
1.12949499999999991573e+00	-1.02064000000000001944e-01	-1.01225000000000009415e+00
1.04255999999999993122e+00	1.51599000000000004584e-02	-1.04642500000000016058e+00
1.07093499999999997030e+00	-4.69974999999999976108e-02	-1.02831000000000005734e+00
9.86016000000000003567e-01	5.32480000000000036620e-02	-1.03960499999999989029e+00
9.43723499999999937415e-01	1.02861900000000006106e-01	-1.03218999999999994088e+00
9.63637499999999924682e-01	-9.50409999999999796638e-03	-1.03139499999999983970e+00
8.76053999999999999382e-01	1.08878400000000000181e-01	-1.03290499999999996206e+00
8.15069000000000043471e-01	7.94808999999999932218e-02	-1.02566500000000004889e+00
7.50951499999999994017e-01	6.84063000000000032141e-02	-1.02884500000000000952e+00
8.57227500000000031122e-01	2.90352000000000005919e-02	-1.02715999999999985093e+00
7.11907000000000067530e-01	1.30071700000000001901e-02	-1.02310500000000015319e+00
7.04972500000000001918e-01	-5.47452000000000077451e-02	-1.02711500000000000021e+00
6.82358999999999937813e-01	-1.16068000000000004501e-01	-1.02859500000000014808e+00
7.70496499999999917563e-01	-4.33622000000000035191e-02	-1.03182000000000018147e+00
7.12170999999999998487e-01	-1.75478999999999996096e-01	-1.01285500000000006082e+00
7.67967999999999983984e-01	-2.13687000000000015820e-01	-1.01071149999999998492e+00
8.10216500000000006132e-01	-2.61335499999999998355e-01	-9.93376000000000036749e-01
7.90131499999999986628e-01	-1.52333500000000010566e-01	-1.01596449999999993707e+00
8.76894000000000062300e-01	-2.65108499999999969177e-01	-9.86531999999999964501e-01
9.38085000000000057696e-01	-2.38636999999999988020e-01	-9.94788500000000075474e-01
1.00201200000000012480e+00	-2.28439999999999976410e-01	-1.00116899999999997561e+00
8.96306999999999964857e-01	-1.89784999999999981490e-01	-1.00500949999999988904e+00
1.04164199999999995683e+00	-1.74419500000000005091e-01	-1.00904000000000015902e+00
1.04808699999999999086e+00	-1.07232499999999994489e-01	-1.01460000000000016840e+00
9.83082000000000011397e-01	-1.19353000000000000758e-01	-1.02510000000000012221e+00
8.99094000000000059813e-01	-2.09709000000000006514e-02	-1.03088500000000005130e+00
9.41386500000000014943e-01	-7.05848000000000030951e-02	-1.03830000000000000071e+00
8.34976500000000010360e-01	-3.20455000000000045368e-02	-1.03406500000000001194e+00
8.12362999999999946255e-01	-9.33683000000000012930e-02	-1.03554499999999993776e+00
8.54611500000000079424e-01	-1.41016799999999997706e-01	-1.01820949999999998958e+00
9.18538500000000035506e-01	-1.30819799999999986095e-01	-1.02458999999999988972e+00
-1.39050999999999991275e+00	1.00718699999999994343e-01	8.51472000000000006636e-01
-1.39375999999999988788e+00	1.71176500000000009205e-01	8.62541999999999919879e-01
-1.44308999999999998387e+00	1.30081200000000007932e-01	8.68727999999999944691e-01
-1.38458499999999995467e+00	3.61231499999999997041e-02	8.41803000000000078984e-01
-1.37433999999999989505e+00	-2.82681500000000023032e-02	8.41328500000000034653e-01
-1.42959499999999994913e+00	-4.76790000000000199765e-03	8.57183500000000098140e-01
-1.33525500000000008072e+00	7.72184499999999940378e-02	8.35617000000000054172e-01
-1.34132000000000006779e+00	2.26272000000000000908e-01	8.34130999999999955818e-01
-1.29224000000000005528e+00	1.83881500000000003281e-01	8.15930000000000044125e-01
-1.29238000000000008427e+00	2.68339500000000008573e-01	8.04775000000000018119e-01
-1.39389999999999991687e+00	2.55634499999999986741e-01	8.51387000000000004896e-01
-1.40555500000000010985e+00	3.25010999999999994348e-01	8.39339999999999974989e-01
-1.45799499999999992994e+00	2.69915499999999974889e-01	8.67750999999999939050e-01
-1.35508000000000006224e+00	-1.09341599999999997128e-01	8.36901000000000006018e-01
-1.34454999999999991189e+00	-1.76771499999999998076e-01	8.21814000000000044466e-01
-1.40881999999999996120e+00	-1.36589100000000018831e-01	8.41622000000000092257e-01
-1.31007000000000006779e+00	-6.84505499999999988958e-02	8.21520499999999986862e-01
-1.27283499999999993868e+00	-9.11135000000000069842e-03	8.01217999999999985761e-01
-1.25357500000000010587e+00	-9.01847999999999955234e-02	7.96790499999999957126e-01
-1.26865999999999989889e+00	5.71219500000000046658e-02	7.90203500000000058634e-01
-1.21216499999999993697e+00	3.53877000000000010993e-02	7.65473499999999917875e-01
-1.27458500000000007901e+00	1.21717500000000006244e-01	7.99872499999999986287e-01
-1.22564500000000009550e+00	1.63785000000000013909e-01	7.70516500000000048587e-01
-1.24795999999999995822e+00	3.03982500000000044338e-01	7.56159999999999943299e-01
-1.20856999999999992212e+00	2.58064999999999988844e-01	7.40328499999999944947e-01
-1.21323000000000003062e+00	3.36098500000000022236e-01	7.09914500000000003865e-01
-1.29703999999999997073e+00	3.46373000000000041965e-01	7.74361000000000077037e-01
-1.35231000000000012307e+00	3.76222999999999974108e-01	7.93591000000000046377e-01
-1.30788999999999999702e+00	4.11866000000000009873e-01	7.44976000000000082579e-01
-1.41640499999999991410e+00	3.90503999999999962256e-01	8.09954999999999980531e-01
-1.42714000000000007518e+00	4.53380499999999964089e-01	7.81000499999999986400e-01
-1.48038500000000006196e+00	4.02168499999999984329e-01	8.26749500000000026034e-01
-1.28229000000000015191e+00	-2.27611499999999994381e-01	7.94983999999999912944e-01
-1.33603000000000005087e+00	-2.54859000000000002206e-01	7.99704999999999999183e-01
-1.22544999999999992824e+00	-1.77489499999999994495e-01	7.89337999999999984091e-01
-1.21693000000000006722e+00	-2.55576999999999998625e-01	7.67228999999999938808e-01
-1.18821500000000002117e+00	-1.18150299999999999767e-01	7.69035499999999982990e-01
-1.16528999999999993697e+00	-5.51308500000000020758e-02	7.39340499999999956060e-01
-1.13716499999999998138e+00	-1.42435549999999994109e-01	7.31887999999999983025e-01
-1.16486000000000000654e+00	9.80980000000000046390e-03	7.20948999999999950994e-01
-1.11380999999999996675e+00	-1.44754500000000008164e-02	6.83801499999999951029e-01
-1.16068499999999996675e+00	7.60431000000000023586e-02	7.09934499999999912845e-01
-1.16923500000000002430e+00	1.39722000000000012854e-01	7.12819499999999939277e-01
-1.12192999999999987182e+00	1.14144099999999998341e-01	6.68294999999999972395e-01
-1.18689000000000000057e+00	2.01886000000000009891e-01	7.28876999999999997115e-01
-1.15215999999999985093e+00	2.34002000000000015545e-01	6.82631500000000057682e-01
-1.17579499999999992355e+00	3.64798000000000011145e-01	6.65067499999999922622e-01
-1.14089499999999999247e+00	3.20568999999999992845e-01	6.52973499999999984489e-01
-1.14285000000000014353e+00	3.95186000000000037247e-01	6.23958000000000012619e-01
-1.21518499999999995964e+00	4.10715500000000011127e-01	6.80898999999999920973e-01
-1.26505500000000004057e+00	4.43346500000000032227e-01	6.90050500000000011092e-01
-1.22761999999999993349e+00	4.72046000000000021135e-01	6.45203500000000040870e-01
-1.32032499999999997087e+00	4.73196500000000019881e-01	7.09280499999999980432e-01
-1.37431999999999998607e+00	4.99827000000000021274e-01	7.29186499999999959698e-01
-1.33148500000000002963e+00	5.31307500000000043627e-01	6.74260999999999999233e-01
-1.43829999999999991189e+00	5.11491499999999987836e-01	7.45981000000000005201e-01
-1.44778500000000009962e+00	5.70695500000000022212e-01	7.16315999999999952763e-01
-1.50060499999999996668e+00	5.24248999999999965027e-01	7.68129999999999979465e-01
-1.20351499999999989043e+00	-3.36637500000000033928e-01	7.35005499999999978300e-01
-1.19625000000000003553e+00	-3.99795000000000011475e-01	6.85786000000000006693e-01
-1.26650499999999999190e+00	-3.68856500000000031569e-01	7.23655500000000007077e-01
-1.14667500000000011084e+00	-2.86515500000000034042e-01	7.29359499999999938424e-01
-1.11229500000000003368e+00	-2.23780499999999993310e-01	7.05972500000000002807e-01
-1.09887999999999985690e+00	-3.04841000000000028614e-01	6.73748999999999931276e-01
-1.09817499999999990123e+00	-1.61875500000000005496e-01	6.85184500000000085151e-01
-1.05038000000000009138e+00	-1.80201000000000000068e-01	6.29574000000000078003e-01
-1.07525000000000003908e+00	-9.88560500000000008658e-02	6.55489500000000058222e-01
-1.07790499999999989100e+00	-3.90848150000000019166e-02	6.37883500000000047692e-01
-1.03891500000000003290e+00	-5.85247649999999994264e-02	5.91180000000000038796e-01
-1.07747500000000018261e+00	2.58558350000000006230e-02	6.19491999999999931603e-01
-1.08017500000000010729e+00	8.91755999999999937611e-02	6.15372999999999947818e-01
-1.04427000000000003155e+00	6.45662349999999995998e-02	5.69455000000000044480e-01
-1.08872499999999994280e+00	1.52854500000000004256e-01	6.18257999999999974250e-01
-1.10199500000000005784e+00	2.12026500000000006629e-01	6.25493499999999924555e-01
-1.06023999999999984922e+00	1.87058000000000002050e-01	5.72571500000000010999e-01
-1.12367499999999997939e+00	2.68205499999999985583e-01	6.36944999999999983409e-01
-1.09072999999999997733e+00	2.98593500000000011685e-01	5.95835499999999962384e-01
-1.11686499999999999666e+00	4.19082500000000024443e-01	5.75401000000000051315e-01
-1.07908999999999988262e+00	3.77700499999999994571e-01	5.68706999999999962547e-01
-1.08800499999999988887e+00	4.45826000000000000068e-01	5.32243999999999939376e-01
-1.15176500000000014978e+00	4.63311499999999987232e-01	5.87494999999999989448e-01
-1.19475500000000001144e+00	5.03259000000000011887e-01	6.01262500000000033040e-01
-1.16876999999999986457e+00	5.27155499999999999083e-01	5.52705500000000071736e-01
-1.24462500000000009237e+00	5.35889999999999977476e-01	6.10414000000000012136e-01
-1.29685499999999986898e+00	5.68475000000000063594e-01	6.26301500000000066493e-01
-1.26398999999999994692e+00	5.99687999999999998835e-01	5.82360500000000058662e-01
-1.35084999999999988418e+00	5.95105500000000064986e-01	6.46207500000000045759e-01
-1.40461500000000016897e+00	6.28311999999999981625e-01	6.80127499999999995950e-01
-1.36998500000000000831e+00	6.65479500000000001592e-01	6.32168000000000063210e-01
-1.46692000000000000171e+00	6.41069499999999958817e-01	7.02276499999999970214e-01
-1.49720500000000011909e+00	7.04215999999999953118e-01	6.79327999999999931902e-01
-1.54037500000000004974e+00	6.46599499999999993705e-01	7.15516499999999999737e-01
-1.22583500000000000796e+00	-4.78470000000000006413e-01	6.25318499999999999339e-01
-1.25573500000000004562e+00	-5.52908500000000024954e-01	5.86899999999999977263e-01
-1.28913999999999995261e+00	-5.06452499999999972147e-01	6.36017500000000013394e-01
-1.16284499999999990649e+00	-4.46251000000000008772e-01	6.36668499999999970562e-01
-1.10368999999999983785e+00	-4.00511500000000020272e-01	6.29495499999999985619e-01
-1.13327500000000003233e+00	-4.79186500000000015209e-01	5.69027999999999978264e-01
-1.05857249999999991630e+00	-3.46196999999999976971e-01	6.21819499999999969475e-01
-1.02900250000000004214e+00	-3.79132499999999983409e-01	5.54178999999999977177e-01
-1.02419250000000006118e+00	-2.83461999999999991751e-01	5.98432499999999922835e-01
-9.96928000000000036351e-01	-2.18812499999999993117e-01	5.93355999999999994543e-01
-9.56620499999999984730e-01	-2.60168500000000024741e-01	5.41426500000000032742e-01
-9.82807999999999903906e-01	-1.56907500000000005302e-01	5.72567999999999965866e-01
-9.84312499999999923617e-01	-9.01484000000000035291e-02	5.56670500000000068042e-01
-9.30860499999999979615e-01	-1.28759900000000010456e-01	5.20452499999999984581e-01
-9.86967499999999997584e-01	-3.03771650000000011105e-02	5.39064500000000057511e-01
-9.90186500000000080490e-01	3.35533849999999980729e-02	5.33668499999999990102e-01
-9.35583999999999971209e-01	1.92974999999999743960e-03	4.99159000000000019348e-01
-9.92886500000000005173e-01	9.68731499999999912109e-02	5.29549500000000006317e-01
-1.01061350000000005345e+00	1.56737500000000001821e-01	5.25811999999999946098e-01
-9.56530000000000102389e-01	1.25724649999999993355e-01	4.90025500000000002743e-01
-1.02388349999999994644e+00	2.15909500000000004194e-01	5.33047500000000007425e-01
-1.04450500000000001677e+00	2.72909999999999985931e-01	5.39183500000000037744e-01
-9.94878499999999998948e-01	2.42589500000000013458e-01	4.92423999999999972843e-01
-1.06172500000000002984e+00	3.25273499999999993193e-01	5.55212000000000038824e-01
-1.03286500000000014410e+00	3.52017000000000024329e-01	5.12054999999999926885e-01
-1.06327000000000015945e+00	4.68332500000000040430e-01	4.85028000000000014680e-01
-1.03187000000000006494e+00	4.23450500000000007450e-01	4.76865499999999942204e-01
-1.04491000000000000547e+00	4.87339000000000022172e-01	4.36343499999999995254e-01
-1.10104500000000005144e+00	5.09714500000000070301e-01	4.91721999999999992426e-01
-1.14869500000000002160e+00	5.43916999999999983828e-01	4.96902999999999983594e-01
-1.12396000000000007013e+00	5.66423499999999968679e-01	4.49687000000000003386e-01
-1.19168500000000010530e+00	5.83864500000000008484e-01	5.10670500000000027185e-01
-1.23709999999999986642e+00	6.21558000000000054897e-01	5.25873999999999952593e-01
-1.21702500000000002345e+00	6.38319499999999928619e-01	4.70071499999999975472e-01
-1.28933000000000008711e+00	6.54142999999999918970e-01	5.41761500000000006949e-01
-1.33836999999999983757e+00	6.93372499999999947207e-01	5.66775999999999946510e-01
-1.31147999999999997911e+00	7.15242500000000003268e-01	5.10289500000000062485e-01
-1.39213500000000012236e+00	7.26579000000000085890e-01	6.00696000000000007724e-01
-1.45433499999999993335e+00	7.54750999999999949708e-01	6.25020499999999978868e-01
-1.42271999999999998465e+00	7.82644000000000006345e-01	5.59628500000000084214e-01
-1.52778999999999998138e+00	7.60280999999999984595e-01	6.38260500000000008392e-01
-1.55879000000000011994e+00	8.22783500000000000973e-01	6.06044500000000097018e-01
-1.60165999999999986159e+00	7.72248500000000004384e-01	6.60352000000000050051e-01
-1.23297500000000015419e+00	-5.91788500000000050605e-01	5.18136999999999958710e-01
-1.29627999999999987679e+00	-6.19771000000000071850e-01	5.28835999999999972765e-01
-1.16177500000000000213e+00	-5.55709000000000008512e-01	5.08549999999999946532e-01
-1.20231999999999983331e+00	-6.22571500000000055408e-01	4.50485999999999997545e-01
-1.10261999999999993349e+00	-5.09969499999999964501e-01	5.01376999999999961588e-01
-1.04227999999999987324e+00	-4.67994000000000021089e-01	4.97397499999999992415e-01
-1.07078000000000006509e+00	-5.44516500000000069903e-01	4.36919500000000016193e-01
-9.81856000000000062045e-01	-4.23319500000000015216e-01	5.07395999999999958163e-01
-9.50015999999999971593e-01	-4.57866500000000009596e-01	4.42938500000000012768e-01
-9.36738500000000029466e-01	-3.69005000000000027427e-01	4.99719999999999942020e-01
-8.98287000000000057653e-01	-3.05741499999999999382e-01	5.21178999999999947867e-01
-8.51140500000000077563e-01	-3.49928499999999975678e-01	4.74395999999999984365e-01
-8.71022500000000032827e-01	-2.41092000000000000748e-01	5.16102500000000019575e-01
-8.61726999999999909718e-01	-1.63318500000000005334e-01	5.08959500000000009123e-01
-8.03393499999999982641e-01	-2.08891500000000007731e-01	4.88712000000000035271e-01
-8.63231499999999929429e-01	-9.65594000000000035611e-02	4.93062000000000000277e-01
-8.66827499999999973035e-01	-2.38832000000000002626e-02	4.86434999999999950759e-01
-7.97693999999999903139e-01	-5.84418000000000090188e-02	4.74941999999999975302e-01
-8.70046499999999944919e-01	4.00473499999999954513e-02	4.81038999999999994373e-01
-8.93048500000000022858e-01	9.85866499999999978954e-02	4.55739499999999964075e-01
-8.24292000000000024684e-01	7.27737000000000106015e-02	4.43015500000000006509e-01
-9.10775499999999960110e-01	1.58451000000000008505e-01	4.52002000000000014879e-01
-9.50105500000000047223e-01	2.09247500000000002940e-01	4.42103499999999982606e-01
-8.86624000000000078714e-01	1.82109500000000007480e-01	4.07817499999999999449e-01
-9.70727000000000117552e-01	2.66248000000000040188e-01	4.48239500000000012925e-01
-1.00019849999999999035e+00	3.20917500000000022187e-01	4.50481499999999979167e-01
-9.55425500000000038625e-01	2.87575499999999983913e-01	4.00160999999999988930e-01
-1.01756350000000006517e+00	3.73344500000000023565e-01	4.63976500000000013912e-01
-9.99203499999999911196e-01	3.92351000000000005308e-01	4.15291999999999994486e-01
-1.03264500000000003510e+00	4.99547999999999992049e-01	3.82909999999999972609e-01
-9.95992999999999906180e-01	4.60411499999999973554e-01	3.79110999999999975785e-01
-1.01512800000000003031e+00	5.17502499999999976410e-01	3.33840000000000025615e-01
-1.06404500000000012960e+00	5.44429999999999969518e-01	3.91072500000000045084e-01
-1.10767999999999999794e+00	5.77954999999999996518e-01	3.95970000000000044160e-01
-1.09541500000000002757e+00	5.90164000000000021906e-01	3.42536500000000021515e-01
-1.15532999999999996810e+00	6.12157500000000021068e-01	4.01151000000000035328e-01
-1.19959499999999996689e+00	6.47658499999999914820e-01	4.10975499999999993594e-01
-1.18331499999999989470e+00	6.59189999999999942659e-01	3.57258500000000034369e-01
-1.24500999999999995005e+00	6.85351999999999961233e-01	4.26178999999999974513e-01
-1.28831499999999987693e+00	7.26674999999999959854e-01	4.44516000000000022219e-01
-1.27088499999999982037e+00	7.36013999999999946056e-01	3.85419999999999984830e-01
-1.33735500000000007148e+00	7.65904499999999988091e-01	4.69530499999999961780e-01
-1.38622000000000000774e+00	8.08385000000000020215e-01	4.93198499999999984134e-01
-1.36305500000000012761e+00	8.19817499999999976801e-01	4.27424999999999999378e-01
-1.44842000000000004079e+00	8.36556999999999995055e-01	5.17523000000000066301e-01
-1.51024000000000002686e+00	8.75171499999999991104e-01	5.46580000000000065796e-01
-1.47374000000000004995e+00	9.00912500000000004974e-01	4.80149999999999965716e-01
-1.58410999999999990706e+00	8.87139000000000010893e-01	5.68671499999999996433e-01
-1.61698999999999992738e+00	9.47506999999999988127e-01	5.24567000000000005500e-01
-1.66554000000000002046e+00	8.95118999999999997996e-01	5.84031500000000036721e-01
-1.24547000000000007702e+00	-6.71983999999999914721e-01	3.82061499999999998334e-01
-1.28568999999999999950e+00	-7.23794000000000048445e-01	3.13455499999999998018e-01
-1.31374000000000012989e+00	-7.10461000000000009180e-01	3.91467000000000009408e-01
-1.17426999999999992497e+00	-6.35904499999999983650e-01	3.72474499999999986155e-01
-1.10468000000000010630e+00	-6.06956000000000051031e-01	3.66792499999999965787e-01
-1.14782999999999990592e+00	-6.56368499999999910344e-01	2.98367999999999966576e-01
-1.04434000000000004604e+00	-5.64980499999999996597e-01	3.62812999999999996614e-01
-9.77656000000000080519e-01	-5.38768499999999983530e-01	3.70555499999999982119e-01
-1.01155600000000012173e+00	-6.01207999999999964658e-01	3.00428499999999987224e-01
-9.06482500000000079865e-01	-5.09757000000000015660e-01	4.01702499999999962377e-01
-8.73698500000000044530e-01	-5.45984499999999983721e-01	3.39318000000000008498e-01
-8.46058500000000046626e-01	-4.65082500000000009788e-01	4.11700999999999983636e-01
-8.62176500000000012314e-01	2.15512499999999995737e-01	3.61529500000000003634e-01
-8.22846500000000036223e-01	1.64716000000000001302e-01	3.71427999999999980396e-01
-9.12873999999999963251e-01	2.55847500000000005471e-01	3.48410500000000011855e-01
-8.49096499999999920760e-01	2.38453999999999999293e-01	3.12020999999999992802e-01
-9.42345500000000058094e-01	3.10517000000000042981e-01	3.50652500000000033609e-01
-9.58866500000000065995e-01	3.65777000000000018787e-01	3.57923500000000005539e-01
-9.16314999999999990621e-01	3.34049000000000040345e-01	3.06173000000000028464e-01
-9.73172999999999954746e-01	4.15883000000000002672e-01	3.70812499999999989342e-01
-9.55656000000000060979e-01	4.33837499999999987033e-01	3.21742499999999986837e-01
-1.00808800000000009511e+00	5.27465500000000031555e-01	2.82321999999999961872e-01
-9.72695499999999935170e-01	4.89056500000000005102e-01	2.78425499999999992440e-01
-1.00230750000000012889e+00	5.38155999999999967720e-01	2.30706500000000008788e-01
-1.04474000000000000199e+00	5.66602000000000050051e-01	2.86121000000000014207e-01
-1.08371499999999998387e+00	6.04203500000000004455e-01	2.92366000000000014758e-01
-1.07667500000000004867e+00	6.14166500000000059600e-01	2.40848000000000006526e-01
-1.12734999999999985221e+00	6.37728500000000031456e-01	2.97263500000000013834e-01
-1.16238999999999981227e+00	6.81512499999999965539e-01	3.08888000000000051415e-01
-1.15068999999999999062e+00	6.95551999999999948088e-01	2.58717500000000044658e-01
-1.20665500000000003311e+00	7.17013499999999970314e-01	3.18712500000000009681e-01
-1.24962499999999998579e+00	7.59468999999999949679e-01	3.32004500000000035698e-01
-1.22869999999999990337e+00	7.81791499999999972559e-01	2.83634000000000052744e-01
-1.29293000000000013472e+00	8.00791999999999948301e-01	3.50341499999999972381e-01
-1.35036999999999984823e+00	8.35443500000000005556e-01	3.62192999999999987182e-01
-1.32911000000000001364e+00	8.58898500000000009180e-01	3.08777500000000038050e-01
-1.39923500000000000654e+00	8.77923999999999926658e-01	3.85861000000000009535e-01
-1.45978999999999992099e+00	9.19588000000000072021e-01	4.05898500000000050925e-01
-1.44710500000000008569e+00	9.35213999999999989754e-01	3.40666499999999983217e-01
-1.52160999999999990706e+00	9.58202500000000068070e-01	4.34955499999999994909e-01
-1.59499000000000012989e+00	9.91993499999999972516e-01	4.55363499999999976620e-01
-1.58104000000000000092e+00	1.01066900000000003956e+00	3.81112000000000006317e-01
-1.67642000000000002125e+00	9.99973499999999959620e-01	4.70723500000000016907e-01
-1.76421999999999989939e+00	1.00305350000000004229e+00	4.80908500000000016517e-01
-1.74222000000000010189e+00	1.04754000000000013770e+00	4.11704999999999987637e-01
-1.84557999999999999829e+00	9.90336500000000063970e-01	4.87380499999999994287e-01
-1.77978000000000013969e+00	9.42769999999999996909e-01	5.46399000000000079069e-01
-1.91559999999999996945e+00	1.05078000000000004732e+00	4.42261000000000015220e-01
-1.93116000000000020975e+00	9.90496500000000001940e-01	5.07751500000000022261e-01
-1.23410500000000000753e+00	-7.28990000000000026859e-01	2.38052999999999986835e-01
-1.30237500000000006040e+00	-7.67467000000000010296e-01	2.47458499999999997909e-01
-1.15342000000000011184e+00	-7.10379499999999941551e-01	2.37518999999999980144e-01
-1.17010499999999995069e+00	-7.54052500000000014424e-01	1.71522000000000007791e-01
-1.08383000000000007113e+00	-6.81431000000000008932e-01	2.31837000000000015287e-01
-1.01069100000000000605e+00	-6.54871500000000050790e-01	2.33596499999999984709e-01
-1.01628099999999998992e+00	-7.08882500000000081997e-01	1.72747499999999998277e-01
-9.44007000000000040529e-01	-6.28659499999999926700e-01	2.41338999999999970214e-01
-8.66495000000000015206e-01	-6.20071499999999997677e-01	2.71568499999999990457e-01
-8.65630000000000010552e-01	-6.73734999999999972786e-01	2.04736499999999987942e-01
-7.95321500000000014552e-01	-5.91060000000000029807e-01	3.02715500000000026226e-01
-8.33562499999999984013e-01	2.55367999999999983896e-01	2.57682499999999981011e-01
-7.82864999999999922053e-01	2.15032999999999974161e-01	2.70801499999999972790e-01
-8.72202499999999991687e-01	3.02655499999999966221e-01	2.55527000000000004132e-01
-8.05970999999999992980e-01	2.79234499999999996600e-01	2.14307499999999984119e-01
-8.88723499999999999588e-01	3.57915499999999997538e-01	2.62797999999999976062e-01
-9.19859500000000052111e-01	4.03117500000000017479e-01	2.66040500000000013081e-01
-8.75747000000000053177e-01	3.71723999999999998867e-01	2.15394499999999988749e-01
-9.42679500000000003546e-01	4.47645999999999988361e-01	2.74338999999999999524e-01
-9.36898999999999926303e-01	4.58336500000000035548e-01	2.22723500000000018684e-01
-1.00279249999999997556e+00	5.40799499999999988553e-01	1.79881499999999999728e-01
-9.62058499999999927610e-01	5.09551500000000046064e-01	1.76123499999999988397e-01
-9.97935999999999934218e-01	5.50604000000000093351e-01	1.29195000000000004281e-01
-1.03818499999999991346e+00	5.79208500000000015007e-01	1.83777999999999996916e-01
-1.07053500000000001435e+00	6.22182499999999971685e-01	1.89383999999999996788e-01
-1.07101999999999986102e+00	6.24825999999999992518e-01	1.38558999999999987729e-01
-1.10950999999999999623e+00	6.59783999999999926089e-01	1.95628999999999997339e-01
-1.14413000000000009138e+00	7.03019999999999978257e-01	2.02603000000000005310e-01
-1.13798999999999983501e+00	7.11036000000000001364e-01	1.51138999999999995572e-01
-1.17917000000000005144e+00	7.46804000000000023363e-01	2.14227500000000015135e-01
-1.21747499999999986287e+00	7.91501000000000010104e-01	2.24870500000000028695e-01
-1.21091499999999996362e+00	7.98969000000000040274e-01	1.68756000000000017103e-01
-1.26044500000000003759e+00	8.33956499999999989470e-01	2.38162499999999999201e-01
-1.30841000000000007297e+00	8.78435999999999994614e-01	2.48241500000000003823e-01
-1.29718500000000003247e+00	8.88145500000000032159e-01	1.89478000000000007530e-01
-1.36585000000000000853e+00	9.13087500000000051870e-01	2.60093000000000018623e-01
-1.42302499999999998437e+00	9.56795000000000062101e-01	2.73300500000000001766e-01
-1.40232500000000004370e+00	9.76332500000000047535e-01	2.12764500000000023050e-01
-1.48357999999999989882e+00	9.98458999999999985420e-01	2.93337999999999987644e-01
-1.56100499999999997591e+00	1.02167900000000000382e+00	3.01074999999999981526e-01
-1.53692500000000009663e+00	1.04326000000000007617e+00	2.33709000000000000075e-01
-1.63438499999999997669e+00	1.05547000000000013031e+00	3.21482999999999963237e-01
-1.71582999999999996632e+00	1.08441999999999993953e+00	3.33732499999999987494e-01
-1.69579499999999994131e+00	1.09542999999999990379e+00	2.53695499999999962704e-01
-1.80363000000000006651e+00	1.08749999999999991118e+00	3.43917499999999987104e-01
-1.89400000000000012790e+00	1.08803000000000005265e+00	3.50045500000000009422e-01
-1.86760999999999999233e+00	1.12490999999999985448e+00	2.72073000000000009280e-01
-1.97958000000000011731e+00	1.08818999999999999062e+00	3.70416499999999981885e-01
-1.19407499999999999751e+00	-7.76079500000000033211e-01	9.51963999999999865853e-02
-1.21654499999999998749e+00	-8.09880999999999962036e-01	2.00374499999999983180e-02
-1.27326000000000005841e+00	-8.06464499999999917534e-01	9.68970499999999984597e-02
-1.11338999999999987978e+00	-7.57468999999999947903e-01	9.46624000000000076493e-02
-1.03050350000000001671e+00	-7.46361000000000052168e-01	9.80034999999999933973e-02
-1.05447349999999984149e+00	-7.68387999999999959932e-01	2.16778999999999999471e-02
-9.57364499999999951640e-01	-7.19801499999999983004e-01	9.97629999999999905747e-02
-8.73667500000000041283e-01	-7.20760999999999985022e-01	1.12502149999999995211e-01
-8.87890000000000068070e-01	-7.58239499999999955193e-01	3.77581500000000042094e-02
-7.96155500000000015959e-01	-7.12172999999999944976e-01	1.42731650000000015455e-01
-7.95190000000000063451e-01	3.03976999999999997204e-01	1.64580000000000004068e-01
-7.56550000000000055778e-01	2.56689500000000014879e-01	1.66735499999999980947e-01
-8.47831500000000071182e-01	3.32912500000000000089e-01	1.58000499999999988177e-01
-7.98410500000000022958e-01	3.10367500000000018368e-01	1.10428499999999998882e-01
-8.78967500000000012683e-01	3.78114500000000020030e-01	1.61242999999999997440e-01
-9.03203500000000047976e-01	4.28383000000000013774e-01	1.67357499999999992379e-01
-8.75288000000000065981e-01	3.89571500000000014996e-01	1.09963499999999991807e-01
-9.33219499999999979600e-01	4.69793499999999975003e-01	1.71444000000000013051e-01
-9.28363000000000049283e-01	4.79598000000000024290e-01	1.20757499999999989848e-01
-9.91915499999999950020e-01	5.61602000000000045610e-01	7.95854999999999895843e-02
-9.51181500000000013095e-01	5.30353999999999992099e-01	7.58274999999999921307e-02
-1.03381500000000015049e+00	5.94189999999999995950e-01	8.29977499999999951408e-02
-9.87060500000000118348e-01	5.73940000000000005720e-01	2.96302500000000038072e-02
-1.06616500000000002935e+00	6.37163999999999952628e-01	8.86037499999999950129e-02
-1.09588499999999999801e+00	6.81954999999999977867e-01	9.42174499999999942590e-02
-1.05868000000000006544e+00	6.51318999999999981299e-01	3.86562000000000016708e-02
-1.13050499999999987111e+00	7.25191000000000030035e-01	1.01191450000000002230e-01
-1.15757999999999983132e+00	7.75938000000000016598e-01	1.08294950000000000934e-01
-1.11547499999999999432e+00	7.46856999999999993101e-01	5.13733999999999996211e-02
-1.19588500000000008683e+00	8.20635000000000003340e-01	1.18937950000000000617e-01
-1.24146000000000000796e+00	8.61524500000000026390e-01	1.23778899999999997261e-01
-1.18812499999999987566e+00	8.38493500000000002714e-01	6.33178500000000088477e-02
-1.28942500000000004334e+00	9.06004000000000031534e-01	1.33857900000000001883e-01
-1.33711000000000002075e+00	9.54477500000000089742e-01	1.40062350000000002126e-01
-1.28138499999999999623e+00	9.27856500000000083972e-01	7.43632500000000057350e-02
-1.39428499999999999659e+00	9.98185000000000099973e-01	1.53269850000000013024e-01
-1.45867499999999994387e+00	1.03660499999999999865e+00	1.58222599999999991027e-01
-1.39346000000000014296e+00	1.01475000000000004086e+00	8.55204499999999978588e-02
-1.53610000000000002096e+00	1.05982500000000001705e+00	1.65959599999999984909e-01
-1.61171500000000000874e+00	1.09495999999999993335e+00	1.70422849999999986847e-01
-1.53346500000000007802e+00	1.08830500000000007788e+00	9.49364500000000055557e-02
-1.69315999999999999837e+00	1.12390999999999996461e+00	1.82672349999999983350e-01
-1.78153499999999986869e+00	1.13656500000000004746e+00	1.84315000000000006608e-01
-1.69745500000000015817e+00	1.13609500000000007702e+00	1.01042350000000002996e-01
-1.87190499999999993008e+00	1.13709499999999996689e+00	1.90442999999999973415e-01
-1.87576000000000009393e+00	1.14640500000000011838e+00	1.02555000000000007265e-01
-1.96183499999999999552e+00	1.13474999999999992539e+00	1.90312999999999982181e-01
-1.21852999999999989100e+00	-8.06076000000000014722e-01	-6.21385999999999952270e-02
-1.29771500000000017394e+00	-8.36460999999999899046e-01	-6.04379499999999972304e-02
-1.13430999999999992944e+00	-7.72210999999999980759e-01	-5.71305999999999966632e-02
-1.21547999999999989384e+00	-7.98791000000000028791e-01	-1.37606000000000006089e-01
-1.05142349999999984433e+00	-7.61102999999999974001e-01	-5.37894999999999970375e-02
-9.66362500000000013145e-01	-7.63339999999999907487e-01	-5.45855000000000020743e-02
-1.04619900000000010110e+00	-7.67163000000000039336e-01	-1.33394000000000012562e-01
-8.82665500000000102787e-01	-7.64299499999999909505e-01	-4.18463500000000043766e-02
-8.74241500000000004711e-01	-7.75113999999999969681e-01	-1.36633500000000018826e-01
-7.95768999999999948614e-01	-7.70013499999999906365e-01	-4.42898500000000056032e-02
-7.27805999999999952976e-01	2.82674499999999995214e-01	9.76945499999999911189e-02
-7.80447499999999960707e-01	3.11609999999999998099e-01	9.11150500000000029832e-02
-8.47447500000000020215e-01	3.49802000000000001823e-01	5.38762249999999998096e-02
-7.97005999999999992234e-01	3.22245000000000003659e-01	-5.68410000000000095732e-04
-8.00610500000000002707e-01	3.11746000000000023089e-01	4.94043649999999986977e-02
-8.71683500000000055508e-01	4.00070499999999995566e-01	5.99907250000000016876e-02
-8.83842000000000016513e-01	4.54620999999999997332e-01	6.68411500000000019517e-02
-8.56001500000000081769e-01	4.14851499999999984158e-01	1.07538749999999995455e-02
-9.12681000000000075545e-01	4.94379000000000012882e-01	7.15206499999999911754e-02
-9.06660500000000091347e-01	5.05376999999999965141e-01	2.19111500000000007649e-02
-9.79679500000000036408e-01	5.86148499999999961219e-01	-2.12807500000000010543e-02
-9.37780000000000057980e-01	5.53560500000000010878e-01	-2.46929999999999996718e-02
-1.01620500000000002494e+00	6.23048000000000046228e-01	-1.70026999999999955948e-02
-9.66924499999999964572e-01	6.02668500000000051386e-01	-7.13259499999999990738e-02
-1.04592499999999999361e+00	6.67839000000000071466e-01	-1.13889999999999963487e-02
-1.08130000000000014992e+00	7.07432000000000060780e-01	-7.04344999999999971108e-03
-1.03882500000000010942e+00	6.79161000000000014687e-01	-6.27023499999999900378e-02
-1.10837500000000011013e+00	7.58178999999999936321e-01	6.00499999999989930721e-05
-1.14388999999999985135e+00	8.02173999999999942645e-01	2.93884999999999979581e-03
-1.10971500000000000696e+00	7.62749000000000010324e-01	-5.54779999999999995364e-02
-1.18946499999999999453e+00	8.43063499999999965695e-01	7.77980000000000337934e-03
-1.23260499999999995069e+00	8.85333000000000036600e-01	9.40840000000000425961e-03
-1.18836999999999992639e+00	8.49013500000000087553e-01	-5.09705999999999978534e-02
-1.28028999999999992809e+00	9.33806499999999983785e-01	1.56128500000000045023e-02
-1.33156000000000007688e+00	9.76418000000000008143e-01	1.61663000000000015022e-02
-1.28278000000000003133e+00	9.33894500000000071793e-01	-4.87885499999999999732e-02
-1.39595000000000002416e+00	1.01483799999999990682e+00	2.11190500000000003222e-02
-1.45625000000000004441e+00	1.05884000000000000341e+00	2.02383000000000007335e-02
-1.39434999999999997833e+00	1.02050799999999997070e+00	-4.91158500000000025620e-02
-1.53186500000000003219e+00	1.09397499999999991971e+00	2.47015499999999957326e-02
-1.60830000000000006288e+00	1.12378000000000000114e+00	2.27539499999999984825e-02
-1.53108500000000002927e+00	1.09431499999999992667e+00	-5.19441999999999959314e-02
-1.69667499999999993321e+00	1.13643500000000008399e+00	2.43966000000000009240e-02
-1.78283499999999994756e+00	1.14734999999999986997e+00	2.14573999999999980026e-02
-1.69368000000000007432e+00	1.13503500000000001613e+00	-5.68309999999999995723e-02
-1.87276500000000001300e+00	1.14500500000000005052e+00	2.13273999999999998300e-02
-1.96358499999999991381e+00	1.15595000000000003304e+00	1.40756000000000006112e-02
-1.87065999999999998948e+00	1.15689500000000000668e+00	-6.70219999999999982432e-02
-2.05135000000000022879e+00	1.13709999999999999964e+00	1.18286000000000016130e-02
-2.05345500000000003027e+00	1.12521000000000004349e+00	1.00178000000000003156e-01
-2.04422999999999976950e+00	1.13830499999999990024e+00	-8.14623500000000028143e-02
-2.13410000000000010800e+00	1.10756500000000013273e+00	4.64004999999999973026e-03
-1.21799499999999993882e+00	-7.70456499999999988582e-01	-2.13300500000000003986e-01
-1.30221499999999990038e+00	-8.04321499999999911523e-01	-2.18308500000000016428e-01
-1.13385999999999986798e+00	-7.46044499999999999318e-01	-2.06985499999999988940e-01
-1.22059499999999987452e+00	-7.51574999999999993072e-01	-2.87687999999999999279e-01
-1.04879900000000003679e+00	-7.48281500000000043826e-01	-2.07781500000000007855e-01
-9.67480499999999965510e-01	-7.50266499999999947335e-01	-2.13295000000000012363e-01
-1.05514149999999995444e+00	-7.29148000000000018339e-01	-2.86886499999999988741e-01
-8.80584000000000033381e-01	-7.55980499999999944194e-01	-2.15738499999999999712e-01
-8.86214999999999974989e-01	-7.28404999999999969162e-01	-3.05121499999999989949e-01
-7.92975999999999903167e-01	-7.53252499999999991509e-01	-2.28459999999999996412e-01
-7.99017499999999936122e-01	3.29788999999999998813e-01	-5.67142750000000014921e-02
-7.52180499999999918614e-01	2.91733000000000020080e-01	-6.11861350000000026039e-02
-8.28245499999999967855e-01	3.76612999999999975564e-01	-4.87207750000000008872e-02
-7.83420000000000005258e-01	3.46100999999999991985e-01	-1.09338500000000005130e-01
-8.40404000000000039883e-01	4.31163500000000032841e-01	-4.18703500000000006231e-02
-8.64427000000000056446e-01	4.78690999999999977632e-01	-3.49937999999999985179e-02
-8.36670999999999942531e-01	4.40452500000000024549e-01	-9.44684500000000093589e-02
-9.02927499999999993996e-01	5.14666000000000067871e-01	-3.06869499999999975626e-02
-8.95546500000000023078e-01	5.26874500000000023370e-01	-8.15979500000000024240e-02
-9.65872499999999911680e-01	6.10160000000000035669e-01	-1.24916949999999998822e-01
-9.29346999999999923148e-01	5.73260499999999950660e-01	-1.29195000000000004281e-01
-1.00817999999999985405e+00	6.44991000000000092029e-01	-1.18929449999999992116e-01
-9.70602500000000034674e-01	6.15582999999999991303e-01	-1.76798499999999997323e-01
-1.04355500000000001037e+00	6.84584000000000081343e-01	-1.14583899999999988539e-01
-1.08617499999999989058e+00	7.19204500000000024329e-01	-1.10953899999999994197e-01
-1.05553000000000007930e+00	6.85034499999999990649e-01	-1.67180999999999996275e-01
-1.12169000000000007589e+00	7.63199500000000030653e-01	-1.08075100000000007272e-01
-1.16056000000000003602e+00	8.05598000000000036280e-01	-1.07918600000000003414e-01
-1.13702000000000014168e+00	7.62053499999999939263e-01	-1.63394499999999998074e-01
-1.20369999999999999218e+00	8.47867499999999996163e-01	-1.06289999999999995595e-01
-1.24590500000000004022e+00	8.94255500000000091987e-01	-1.09240500000000004266e-01
-1.21809499999999992781e+00	8.50840000000000040714e-01	-1.66188500000000016765e-01
-1.29717499999999996696e+00	9.36867000000000005322e-01	-1.08687050000000007266e-01
-1.34988500000000000156e+00	9.81803500000000051173e-01	-1.13884050000000000558e-01
-1.31301000000000001044e+00	9.42164500000000071367e-01	-1.74335999999999990973e-01
-1.41018500000000002181e+00	1.02580550000000014776e+00	-1.14764800000000000146e-01
-1.47862999999999988887e+00	1.05983500000000008257e+00	-1.21157799999999996055e-01
-1.43416500000000013415e+00	1.02113049999999994100e+00	-1.85925999999999980172e-01
-1.55506499999999991957e+00	1.08964000000000016399e+00	-1.23105399999999989835e-01
-1.63639000000000001123e+00	1.10170000000000012363e+00	-1.27139900000000000135e-01
-1.58393499999999987082e+00	1.06722000000000005748e+00	-1.96353500000000014136e-01
-1.72255000000000002558e+00	1.11261499999999990962e+00	-1.30079100000000003057e-01
-1.80459499999999994913e+00	1.13900000000000001243e+00	-1.45564100000000001822e-01
-1.74730499999999988603e+00	1.10566500000000011994e+00	-2.15873000000000009324e-01
-1.89541499999999984993e+00	1.14994499999999999496e+00	-1.52815900000000004511e-01
-1.98107499999999991935e+00	1.12890500000000004732e+00	-1.60843399999999997485e-01
-1.91501000000000010104e+00	1.11101000000000005308e+00	-2.39385500000000001064e-01
-2.06382500000000002061e+00	1.09936999999999995836e+00	-1.68031949999999985490e-01
-1.19712499999999999467e+00	-7.07305000000000072546e-01	-3.53044000000000024464e-01
-1.28126000000000006551e+00	-7.31716999999999950788e-01	-3.59358999999999983999e-01
-1.11314000000000001833e+00	-6.98953500000000005343e-01	-3.56844500000000008910e-01
-1.17380499999999998728e+00	-6.79095500000000074081e-01	-4.28515499999999993630e-01
-1.03182149999999994705e+00	-7.00938500000000019874e-01	-3.62357999999999957907e-01
-9.51444999999999985185e-01	-6.85472999999999998977e-01	-3.67144499999999984752e-01
-1.00944349999999993805e+00	-6.55278499999999985981e-01	-4.37102499999999949409e-01
-8.63836999999999965993e-01	-6.82744999999999935270e-01	-3.79865999999999981451e-01
-8.50905999999999940187e-01	-6.15801500000000001656e-01	-4.60423999999999999932e-01
-7.85676000000000041013e-01	-6.58733500000000082863e-01	-3.98401000000000005130e-01
-7.82587499999999991473e-01	3.49513999999999991353e-01	-1.64776000000000005796e-01
-7.88314500000000029090e-01	3.46088999999999979984e-01	-2.22515499999999977199e-01
-7.59919000000000011141e-01	2.95852000000000003865e-01	-1.75071499999999991015e-01
-8.11815500000000023206e-01	3.96338000000000023615e-01	-1.56782499999999991314e-01
-8.32668999999999992490e-01	4.47872999999999965581e-01	-1.49047000000000012809e-01
-8.31836499999999978705e-01	4.51285999999999964949e-01	-2.04484500000000013475e-01
-8.56692000000000009052e-01	4.95400500000000021394e-01	-1.42170450000000003765e-01
-8.91544499999999962014e-01	5.34294999999999964402e-01	-1.36176500000000005874e-01
-8.90492499999999909122e-01	5.41786499999999948685e-01	-1.89767500000000005622e-01
-9.79130000000000055849e-01	6.16632999999999986684e-01	-2.31816999999999995286e-01
-9.36822500000000002451e-01	5.81802000000000041346e-01	-2.37804500000000001991e-01
-1.02804999999999990834e+00	6.45469999999999988205e-01	-2.22403500000000003967e-01
-9.94269999999999987139e-01	6.11689000000000038249e-01	-2.83409499999999980879e-01
-1.07067000000000001059e+00	6.80090500000000042213e-01	-2.18773500000000009624e-01
-1.10856500000000002260e+00	7.20231500000000024464e-01	-2.17799999999999993605e-01
-1.08108500000000007368e+00	6.80667000000000022020e-01	-2.73022500000000001297e-01
-1.14743500000000020478e+00	7.62629999999999919069e-01	-2.17643499999999989747e-01
-1.18877999999999994785e+00	8.03189999999999959535e-01	-2.19872999999999985121e-01
-1.16032500000000005080e+00	7.61368000000000044736e-01	-2.74278499999999980652e-01
-1.23098499999999999588e+00	8.49577999999999944336e-01	-2.22823500000000007670e-01
-1.27892500000000008953e+00	8.90441000000000038028e-01	-2.28496499999999991282e-01
-1.24961000000000010957e+00	8.42791000000000067871e-01	-2.82181000000000015149e-01
-1.33163499999999990209e+00	9.35377499999999972857e-01	-2.33693499999999998451e-01
-1.38780500000000017735e+00	9.73611999999999921940e-01	-2.43656499999999998085e-01
-1.35372000000000003439e+00	9.21888499999999999623e-01	-2.97816999999999998394e-01
-1.45625000000000004441e+00	1.00764150000000007878e+00	-2.50049499999999980115e-01
-1.52566000000000001613e+00	1.03365499999999999048e+00	-2.59954499999999977256e-01
-1.47930000000000005933e+00	9.86136499999999971422e-01	-3.17684999999999995168e-01
-1.60698499999999988574e+00	1.04571499999999995012e+00	-2.63989000000000029189e-01
-1.68399499999999990862e+00	1.05861000000000005095e+00	-2.75200000000000000178e-01
-1.62572000000000005393e+00	1.02504499999999998394e+00	-3.38801000000000018808e-01
-1.76604000000000005421e+00	1.08499500000000015376e+00	-2.90684999999999971187e-01
-1.84521000000000001684e+00	1.07945500000000005336e+00	-3.02878499999999994952e-01
-1.78190000000000003944e+00	1.03239999999999998437e+00	-3.62205499999999958050e-01
-1.93087000000000008626e+00	1.05841500000000010573e+00	-3.10906000000000015682e-01
-1.23709999999999986642e+00	-6.40425000000000022027e-01	-4.87201499999999954049e-01
-1.29146999999999989583e+00	-6.09718500000000052097e-01	-5.58557500000000040075e-01
-1.31215999999999999304e+00	-6.56740499999999949310e-01	-4.96071000000000039698e-01
-1.15311500000000011212e+00	-6.32073499999999954824e-01	-4.91001999999999938495e-01
-1.07597999999999993648e+00	-6.16589000000000053703e-01	-4.94049999999999989164e-01
-1.13927500000000003766e+00	-5.77918500000000001648e-01	-5.52735999999999894072e-01
-9.95603500000000085635e-01	-6.01123499999999921783e-01	-4.98836499999999960497e-01
-9.23728499999999952408e-01	-5.72889500000000051472e-01	-5.03916499999999989434e-01
-9.90265000000000061853e-01	-5.34200000000000008171e-01	-5.60864000000000029189e-01
-8.45567500000000027427e-01	-5.48877999999999977021e-01	-5.22451500000000068624e-01
-8.57139000000000095270e-01	-4.54346499999999986485e-01	-5.68489499999999980950e-01
-7.84316500000000083048e-01	-4.97258500000000047692e-01	-5.24996999999999935937e-01
-8.16608500000000070429e-01	3.33411499999999971777e-01	-2.71805999999999992056e-01
-8.37295000000000011475e-01	3.24969999999999981100e-01	-3.26307499999999972573e-01
-7.86332500000000100826e-01	2.83985500000000001819e-01	-2.87312499999999970690e-01
-8.39277000000000050761e-01	3.87073500000000014776e-01	-2.61510499999999979082e-01
-8.48569499999999976581e-01	4.45320500000000008001e-01	-2.58672499999999971898e-01
-8.76863500000000017920e-01	4.32642999999999999794e-01	-3.07962999999999986755e-01
-8.69423000000000056886e-01	4.96855500000000005478e-01	-2.50936999999999965638e-01
-9.07225500000000018019e-01	5.35820999999999991736e-01	-2.43955499999999991800e-01
-9.15753000000000039194e-01	5.36870999999999987118e-01	-2.98973999999999962007e-01
-1.02201000000000008505e+00	5.96519999999999939178e-01	-3.31732499999999985718e-01
-9.73090000000000010516e-01	5.67682999999999937657e-01	-3.41146000000000004793e-01
-1.06624000000000007660e+00	6.32406000000000023675e-01	-3.23830500000000021110e-01
-1.04506000000000009997e+00	5.88400000000000034106e-01	-3.81566999999999989512e-01
-1.10413500000000008860e+00	6.72547000000000005926e-01	-3.22857000000000005091e-01
-1.14255500000000020933e+00	7.15466500000000005244e-01	-3.24406499999999986539e-01
-1.12770999999999999019e+00	6.67205500000000006899e-01	-3.75214500000000006352e-01
-1.18389999999999995239e+00	7.56026499999999934687e-01	-3.26635999999999981913e-01
-1.23415000000000008029e+00	7.90224000000000037502e-01	-3.28649499999999983313e-01
-1.21638000000000001677e+00	7.44322499999999998010e-01	-3.78777499999999989200e-01
-1.28208999999999995190e+00	8.31087000000000020172e-01	-3.34322499999999966924e-01
-1.33233999999999985775e+00	8.72152999999999956060e-01	-3.47588000000000008072e-01
-1.31687999999999982847e+00	8.19585999999999925691e-01	-3.94056500000000031747e-01
-1.38851000000000013301e+00	9.10387499999999905143e-01	-3.57551000000000007706e-01
-1.45027000000000017010e+00	9.44219999999999948237e-01	-3.74051999999999995605e-01
-1.42888999999999999346e+00	8.94484499999999904674e-01	-4.23823000000000005283e-01
-1.51968000000000014182e+00	9.70233499999999970953e-01	-3.83956999999999992745e-01
-1.59463500000000002466e+00	9.77998000000000033971e-01	-3.93763499999999988521e-01
-1.56560500000000013543e+00	9.36081500000000010786e-01	-4.50130499999999988958e-01
-1.67164500000000004754e+00	9.90893000000000023775e-01	-4.04974500000000015021e-01
-1.74752499999999999503e+00	9.76393999999999984141e-01	-4.11498000000000030418e-01
-1.71643999999999996575e+00	9.29346999999999923148e-01	-4.66460500000000000131e-01
-1.82669499999999995765e+00	9.70854000000000105786e-01	-4.23691499999999998671e-01
-1.24824500000000004896e+00	-5.46985000000000054499e-01	-6.07744999999999979678e-01
-1.32330499999999995353e+00	-5.63300499999999981782e-01	-6.16614500000000065327e-01
-1.17243999999999992667e+00	-5.28805999999999998273e-01	-6.07873499999999955534e-01
-1.20427499999999998437e+00	-4.82387999999999983469e-01	-6.65930499999999980787e-01
-1.09530500000000019512e+00	-5.13321499999999986130e-01	-6.10921499999999895181e-01
-1.02343000000000006189e+00	-4.85087500000000004796e-01	-6.16001499999999979629e-01
-9.53564000000000078217e-01	-4.51797500000000018527e-01	-6.18106000000000044281e-01
-1.05860400000000010046e+00	-4.30918999999999996486e-01	-6.68163499999999910273e-01
-8.92313000000000022816e-01	-4.00178000000000033687e-01	-6.20651499999999911594e-01
-8.43115500000000017700e-01	-3.44676499999999996771e-01	-6.03475500000000053547e-01
-9.39540500000000000647e-01	-3.42127500000000028813e-01	-6.53092000000000005855e-01
-8.08627500000000054570e-01	-2.72965999999999986425e-01	-5.97218000000000026617e-01
-7.61400000000000076739e-01	-3.31016499999999991299e-01	-5.64777499999999932356e-01
-8.69426999999999949864e-01	-2.22001999999999977131e-01	-6.04277500000000022951e-01
-7.87711500000000008903e-01	-2.08341999999999971660e-01	-5.65579500000000012783e-01
-7.81611500000000014587e-01	-1.23886649999999987060e-01	-5.34870500000000026475e-01
-6.98238000000000025302e-01	-1.05922149999999992698e-01	-4.99923000000000006260e-01
-7.65137500000000025935e-01	-1.39413499999999995760e-01	-5.37691499999999988901e-01
-7.65006999999999992568e-01	-5.11803499999999994552e-02	-5.21754500000000009940e-01
-8.31906499999999993200e-01	-8.46716999999999886395e-02	-5.59522999999999992582e-01
-7.62206500000000009010e-01	2.27632000000000007944e-02	-5.10143499999999971983e-01
-7.11911500000000030397e-01	-1.64517499999999976257e-02	-4.85491000000000005876e-01
-7.65973000000000014964e-01	9.00664000000000047885e-02	-4.86672500000000007869e-01
-8.19068499999999977135e-01	5.53377999999999994896e-02	-5.22935999999999956422e-01
-7.86407999999999995921e-01	1.52896000000000004126e-01	-4.51523000000000007681e-01
-7.29546000000000027796e-01	1.20321400000000008901e-01	-4.38730500000000023242e-01
-8.10147500000000020393e-01	2.08329500000000000792e-01	-4.24496499999999998831e-01
-8.46574500000000007560e-01	1.78074499999999996680e-01	-4.72438499999999983459e-01
-8.38666499999999981441e-01	2.54526000000000029999e-01	-3.93612999999999990663e-01
-7.78499999999999969802e-01	2.29347500000000009690e-01	-3.72697500000000014886e-01
-8.56453499999999978698e-01	3.11261499999999968757e-01	-3.80210500000000006793e-01
-8.88101000000000029289e-01	2.90243499999999987615e-01	-4.32009499999999990738e-01
-8.86729499999999948301e-01	3.60687499999999994227e-01	-3.64704000000000028159e-01
-9.00381499999999945771e-01	4.18889999999999984581e-01	-3.59492000000000033744e-01
-9.19540000000000024016e-01	4.05181499999999972239e-01	-4.13395000000000012452e-01
-9.09674000000000093635e-01	4.77137000000000033317e-01	-3.56654000000000026560e-01
-9.39270999999999967045e-01	5.23117999999999971905e-01	-3.50503000000000008995e-01
-9.67011000000000064958e-01	5.07948999999999983856e-01	-3.98826000000000013834e-01
-1.07465000000000010516e+00	5.71376499999999953872e-01	-4.28676999999999974733e-01
-1.03041999999999989157e+00	5.35490499999999980396e-01	-4.36578999999999994852e-01
-1.11129500000000014381e+00	6.16526499999999977319e-01	-4.25873999999999974797e-01
-1.09665499999999993541e+00	5.63617000000000034632e-01	-4.80885999999999980137e-01
-1.14971500000000004249e+00	6.59445999999999976637e-01	-4.27423499999999956245e-01
-1.19737000000000004540e+00	6.93321499999999923958e-01	-4.25570000000000003837e-01
-1.18095499999999997698e+00	6.42642500000000005400e-01	-4.76229499999999972282e-01
-1.24761999999999995126e+00	7.27519000000000026773e-01	-4.27583500000000005237e-01
-1.29996000000000000441e+00	7.62133500000000019270e-01	-4.33927999999999980396e-01
-1.28095000000000003304e+00	7.11132499999999945217e-01	-4.80720499999999995033e-01
-1.35021000000000013230e+00	8.03199500000000066180e-01	-4.47193500000000021544e-01
-1.40243999999999990891e+00	8.43086999999999919808e-01	-4.69790499999999999758e-01
-1.38552000000000008484e+00	7.85634500000000013387e-01	-5.09662000000000059430e-01
-1.46419999999999994600e+00	8.76919499999999962903e-01	-4.86291499999999987658e-01
-1.53332000000000001627e+00	8.90441999999999955762e-01	-5.00882999999999967145e-01
-1.50687000000000015376e+00	8.39044499999999970896e-01	-5.46850500000000017131e-01
-1.60827499999999989910e+00	8.98206499999999907757e-01	-5.10689500000000018431e-01
-1.68023500000000014509e+00	8.89972999999999903054e-01	-5.23147499999999987530e-01
-1.64795000000000002593e+00	8.44333499999999959051e-01	-5.73900000000000076739e-01
-1.75611499999999987054e+00	8.75473999999999974442e-01	-5.29671000000000002927e-01
-1.24009500000000016939e+00	-4.25304499999999974236e-01	-7.06230499999999983274e-01
-1.27214500000000008129e+00	-3.63663500000000028400e-01	-7.40971000000000046271e-01
-1.31213000000000001855e+00	-4.38925999999999982837e-01	-7.00542500000000067928e-01
-1.16429000000000004711e+00	-4.07125500000000029033e-01	-7.06358999999999959130e-01
-1.09442400000000006344e+00	-3.73835499999999987253e-01	-7.08463499999999912760e-01
-1.02818900000000001960e+00	-3.40134500000000006281e-01	-7.07224999999999992539e-01
-1.13387499999999996625e+00	-3.16340999999999983316e-01	-7.45420500000000041396e-01
-9.78991500000000014481e-01	-2.84633000000000024876e-01	-6.90049000000000023469e-01
-9.33309500000000014097e-01	-2.31017499999999986748e-01	-6.69764500000000095881e-01
-1.02195799999999992203e+00	-2.29024500000000019728e-01	-7.23897500000000082565e-01
-9.12393500000000079453e-01	-1.66393499999999999739e-01	-6.38125999999999971024e-01
-8.84232499999999976836e-01	-1.03339449999999999363e-01	-6.16648499999999932797e-01
-9.48115000000000041069e-01	-1.12354950000000008981e-01	-6.82135500000000005727e-01
-8.67628000000000065839e-01	-3.06331500000000013506e-02	-6.03532500000000027285e-01
-8.56916499999999969894e-01	3.54463000000000000300e-02	-5.81472500000000058762e-01
-9.09242499999999953531e-01	1.67785499999999997145e-02	-6.38597999999999998977e-01
-8.60682999999999975849e-01	1.02749499999999993616e-01	-5.58001500000000039137e-01
-8.70773000000000019227e-01	1.63653500000000007297e-01	-5.31360500000000013365e-01
-9.08621000000000011987e-01	1.43762000000000000899e-01	-5.89897000000000004682e-01
-8.94512500000000043698e-01	2.19086999999999976207e-01	-5.04333999999999949004e-01
-9.09567000000000014381e-01	2.77260000000000006448e-01	-4.86602499999999937863e-01
-9.33765500000000026048e-01	2.62838999999999989310e-01	-5.45524499999999967770e-01
-9.27354000000000011639e-01	3.33995500000000000718e-01	-4.73199999999999953992e-01
-9.49891499999999999737e-01	3.89001500000000000057e-01	-4.61679999999999979288e-01
-9.71357499999999984830e-01	3.76018000000000018890e-01	-5.16272999999999981924e-01
-9.63543499999999997208e-01	4.47204000000000045922e-01	-4.56467999999999984873e-01
-9.97362500000000040679e-01	4.91769000000000011674e-01	-4.47111000000000036181e-01
-1.02695249999999993484e+00	4.74745500000000042462e-01	-4.94221000000000021402e-01
-1.11899499999999996191e+00	5.54657500000000025508e-01	-5.34745499999999984730e-01
-1.08234999999999992326e+00	5.09507500000000002061e-01	-5.37548499999999984666e-01
-1.15504000000000006665e+00	6.01056999999999952422e-01	-5.35050499999999984446e-01
-1.14073499999999983245e+00	5.46947499999999919851e-01	-5.91713000000000044487e-01
-1.20269499999999984752e+00	6.34932499999999899742e-01	-5.33197000000000032038e-01
-1.25111499999999997712e+00	6.71039500000000010971e-01	-5.36398500000000000298e-01
-1.22520000000000006679e+00	6.29453999999999957993e-01	-5.95219500000000012463e-01
-1.30345500000000003027e+00	7.05654000000000003467e-01	-5.42742999999999975458e-01
-1.36146000000000011454e+00	7.30509999999999992681e-01	-5.49267999999999978478e-01
-1.33162499999999983658e+00	6.90417000000000058435e-01	-6.04945999999999983743e-01
-1.41368999999999989114e+00	7.70397500000000068354e-01	-5.71865000000000067715e-01
-1.47390500000000002068e+00	7.93053000000000007930e-01	-5.96181000000000071992e-01
-1.44984499999999982833e+00	7.37928499999999987224e-01	-6.35786999999999991040e-01
-1.54302500000000009095e+00	8.06575500000000000789e-01	-6.10772499999999940457e-01
-1.61233499999999985164e+00	7.94002499999999944436e-01	-6.15070999999999923347e-01
-1.57936999999999994060e+00	7.48010999999999981469e-01	-6.64401499999999978208e-01
-1.68429500000000009763e+00	7.85768999999999939732e-01	-6.27529000000000003467e-01
-1.30781499999999994976e+00	-3.01927500000000015312e-01	-7.63539999999999996483e-01
-1.33782500000000004192e+00	-2.36649500000000012623e-01	-7.83749999999999946709e-01
-1.37419000000000002260e+00	-3.12006999999999978801e-01	-7.55492999999999970129e-01
-1.23578000000000010061e+00	-2.88306000000000006711e-01	-7.69228000000000022851e-01
-1.16954499999999983473e+00	-2.54604999999999970228e-01	-7.67989499999999991608e-01
-1.10830999999999990635e+00	-2.23540999999999989711e-01	-7.66080499999999942062e-01
-1.21021499999999981867e+00	-1.95506000000000013106e-01	-7.89887999999999923517e-01
-1.06262799999999990597e+00	-1.69925500000000007095e-01	-7.45796000000000014474e-01
-1.01532299999999997553e+00	-1.21321750000000005976e-01	-7.36415500000000000647e-01
-1.10167499999999995985e+00	-1.15838250000000003714e-01	-7.78598499999999971166e-01
-9.87162000000000094957e-01	-5.82677000000000056001e-02	-7.14937999999999962419e-01
-9.54037999999999941636e-01	3.00535000000000038223e-03	-7.05211499999999991140e-01
-1.02124600000000009814e+00	-5.96145000000000008233e-03	-7.59491499999999986059e-01
-9.43326499999999956714e-01	6.90848000000000017629e-02	-6.83151500000000022617e-01
-9.40586499999999992028e-01	1.30160500000000012299e-01	-6.51572000000000040032e-01
-9.85381999999999980133e-01	1.16387299999999999089e-01	-7.18185500000000032195e-01
-9.50676500000000035406e-01	1.91064499999999998225e-01	-6.24931000000000014261e-01
-9.54847500000000071196e-01	2.53247500000000014264e-01	-6.08925500000000008427e-01
-9.86812999999999940215e-01	2.39646000000000025665e-01	-6.70600500000000043777e-01
-9.69902000000000041879e-01	3.11420499999999988994e-01	-5.91193999999999997286e-01
-9.97589999999999976765e-01	3.61554000000000042014e-01	-5.68921000000000010033e-01
-1.01867200000000002191e+00	3.51962500000000011458e-01	-6.32322000000000050690e-01
-1.02012750000000007589e+00	4.16560000000000041354e-01	-5.57401000000000035328e-01
-1.05318500000000003780e+00	4.60281500000000010075e-01	-5.46868999999999938488e-01
-1.07552499999999984226e+00	4.51322000000000000952e-01	-6.00728499999999998593e-01
-1.17544499999999985107e+00	5.27260499999999909804e-01	-6.37882500000000018936e-01
-1.13939999999999996838e+00	4.80860999999999982890e-01	-6.37577500000000019220e-01
-1.21378999999999992454e+00	5.77466999999999952564e-01	-6.45412499999999944578e-01
-1.21245499999999983842e+00	5.11380500000000015604e-01	-6.91276999999999919311e-01
-1.26221000000000005414e+00	6.13573999999999952770e-01	-6.48614000000000023860e-01
-1.32211999999999996191e+00	6.40051499999999995438e-01	-6.47878999999999982684e-01
-1.31070999999999981966e+00	5.88064499999999990010e-01	-6.98072000000000025821e-01
-1.38012500000000004619e+00	6.64907499999999984652e-01	-6.54403999999999985704e-01
-1.44033999999999995367e+00	6.87563000000000035250e-01	-6.78719999999999989981e-01
-1.50458500000000006125e+00	7.02083000000000012619e-01	-6.94978499999999943526e-01
-1.43486499999999983501e+00	6.29062000000000010047e-01	-7.13595500000000049212e-01
-1.57389499999999982194e+00	6.89510000000000067288e-01	-6.99276999999999926416e-01
-1.56633999999999984354e+00	6.24687500000000062172e-01	-7.29995999999999978236e-01
-1.64112499999999994493e+00	6.70615500000000031022e-01	-6.99419000000000012918e-01
-1.34430000000000005045e+00	-1.72353499999999992820e-01	-8.03452500000000013891e-01
-1.41067499999999990123e+00	-1.82433000000000011820e-01	-7.95405499999999987537e-01
-1.27971999999999996867e+00	-1.55112799999999995126e-01	-8.00074999999999980638e-01
-1.35257000000000005002e+00	-1.00896299999999994323e-01	-8.11730500000000021465e-01
-1.21848499999999981824e+00	-1.24048800000000000732e-01	-7.98165999999999931092e-01
-1.16270000000000006679e+00	-8.52787900000000070877e-02	-8.02842500000000014460e-01
-1.23220499999999999474e+00	-4.48855899999999960470e-02	-8.13029500000000071580e-01
-1.11539499999999991431e+00	-3.66750399999999990297e-02	-7.93462000000000000632e-01
-1.08227099999999998303e+00	2.45980100000000000138e-02	-7.83735500000000029353e-01
-1.04758599999999990615e+00	8.19918000000000035676e-02	-7.69152500000000016733e-01
-1.14173500000000016641e+00	5.12782100000000046203e-02	-8.03123000000000031307e-01
-1.04484600000000016351e+00	1.43067500000000014104e-01	-7.37573000000000034149e-01
-1.03326600000000001778e+00	2.07465500000000024894e-01	-7.20458999999999960551e-01
-1.09547000000000016584e+00	1.73070000000000001616e-01	-7.71425999999999945089e-01
-1.03743699999999994255e+00	2.69648500000000013177e-01	-7.04453500000000065739e-01
-1.04880200000000001204e+00	3.31367500000000037019e-01	-6.86429500000000025750e-01
-1.09525499999999986755e+00	2.99186999999999980737e-01	-7.36288000000000053547e-01
-1.07648999999999994692e+00	3.81500999999999979018e-01	-6.64156500000000038497e-01
-1.10565500000000005443e+00	4.30726999999999971003e-01	-6.54835999999999973653e-01
-1.14036500000000007304e+00	4.11039999999999960956e-01	-7.01005499999999948102e-01
-1.25565499999999996561e+00	4.83958999999999972541e-01	-7.27885499999999963094e-01
-1.21730999999999989214e+00	4.33752499999999985292e-01	-7.20355499999999926430e-01
-1.30576999999999987523e+00	5.24382999999999932506e-01	-7.24701999999999957325e-01
-1.31062499999999992895e+00	4.46755000000000013216e-01	-7.53780499999999964444e-01
-1.36568000000000000504e+00	5.50860499999999975174e-01	-7.23967000000000027171e-01
-1.42992499999999989058e+00	5.65380499999999952543e-01	-7.40225499999999980716e-01
-1.49424000000000001265e+00	5.77793999999999918771e-01	-7.43735499999999993825e-01
-1.42505499999999996064e+00	4.99592499999999994920e-01	-7.54106999999999971784e-01
-1.56146999999999991360e+00	5.58899499999999993527e-01	-7.43877499999999969305e-01
-1.55123999999999995225e+00	4.92526000000000019341e-01	-7.71546499999999912944e-01
-1.62334000000000000519e+00	5.39419500000000051720e-01	-7.57806999999999897355e-01
-1.36010999999999993015e+00	-3.57172499999999989995e-02	-8.17140500000000047365e-01
-1.42469000000000001194e+00	-5.29579500000000036319e-02	-8.20518000000000080618e-01
-1.29771999999999998465e+00	-1.27645499999999995078e-02	-8.18632499999999985185e-01
-1.36983999999999994657e+00	3.51737999999999981227e-02	-8.27420000000000044338e-01
-1.24193500000000001116e+00	2.60054599999999976057e-02	-8.23309000000000068553e-01
-1.19757500000000005613e+00	7.96847099999999919362e-02	-8.28902500000000097558e-01
-1.26309000000000004604e+00	1.11805749999999995414e-01	-8.34505500000000011163e-01
-1.16288999999999997925e+00	1.37078499999999992021e-01	-8.14319500000000084938e-01
-1.15131000000000005556e+00	2.01476500000000002810e-01	-7.97205500000000011340e-01
-1.14742500000000013927e+00	2.63523999999999980481e-01	-7.67595000000000027285e-01
-1.21484499999999995268e+00	2.27532499999999998641e-01	-8.10488499999999945089e-01
-1.15878999999999998671e+00	3.25243000000000004324e-01	-7.49570999999999987295e-01
-1.19253499999999990067e+00	3.75376999999999960700e-01	-7.32312499999999921840e-01
-1.23573500000000002785e+00	3.47955499999999973149e-01	-7.68920999999999965624e-01
-1.36090500000000003133e+00	4.11530500000000021288e-01	-7.70089499999999982371e-01
-1.31078999999999989967e+00	3.71106500000000005812e-01	-7.73272999999999988141e-01
-1.42521999999999993136e+00	4.23943999999999987516e-01	-7.73599499999999995481e-01
-1.48289999999999988489e+00	4.50212999999999974321e-01	-7.75930000000000008598e-01
-1.41874999999999995559e+00	3.62151000000000000689e-01	-7.91912500000000019185e-01
-1.54476999999999997648e+00	4.30733000000000032514e-01	-7.89859499999999936648e-01
-1.37658499999999994756e+00	9.91977500000000012026e-02	-8.37219500000000005357e-01
-1.43897499999999989306e+00	7.62450500000000086498e-02	-8.35727499999999956515e-01
-1.33222499999999999254e+00	1.52876999999999985125e-01	-8.42813000000000034362e-01
-1.28055000000000007709e+00	1.90645000000000008900e-01	-8.35624000000000033417e-01
-1.39404499999999997861e+00	1.78037000000000000810e-01	-8.38338000000000027612e-01
-1.27666499999999993875e+00	2.52692499999999986571e-01	-8.06013499999999938339e-01
-1.30143999999999993022e+00	3.11068000000000011163e-01	-7.94056499999999942929e-01
-1.35172000000000003261e+00	2.75843500000000019234e-01	-8.10365500000000071879e-01
-1.41054000000000012705e+00	3.02032999999999995921e-01	-8.10864499999999988056e-01
-1.46822000000000008058e+00	3.28301999999999982727e-01	-8.13195000000000001172e-01
-1.40119000000000015760e+00	2.41994500000000001272e-01	-8.31647999999999942844e-01
-1.45286500000000007304e+00	2.04226499999999977497e-01	-8.38837000000000054811e-01
-1.90684500000000012321e+00	-3.68664999999999964952e-03	9.60928000000000004377e-01
-1.86626000000000002998e+00	-6.40261500000000038924e-02	9.44182999999999994500e-01
-1.83500499999999999723e+00	3.95360000000000155751e-03	9.45637999999999978584e-01
-1.98269000000000006345e+00	-9.99630000000000309979e-03	9.78018000000000053973e-01
-1.95143500000000003070e+00	5.79834500000000058195e-02	9.79473000000000038057e-01
-2.01561499999999993449e+00	-7.78391499999999958437e-02	9.60369999999999945928e-01
-2.06020499999999984198e+00	-1.61690500000000007830e-02	9.78914999999999979607e-01
-1.97150500000000006295e+00	-1.40173199999999997800e-01	9.52104999999999979110e-01
-2.04902000000000006352e+00	-1.46345950000000002422e-01	9.53002000000000015767e-01
-1.89789999999999992042e+00	-1.29541199999999995240e-01	9.33574499999999973809e-01
-1.93130500000000004945e+00	-1.98048000000000001819e-01	9.26206500000000043649e-01
-1.82606000000000001648e+00	-1.21900950000000007911e-01	9.18284499999999948017e-01
-1.74109999999999986997e+00	2.25395499999999984753e-02	9.40506499999999912021e-01
-1.72435500000000008214e+00	-4.85425000000000023137e-02	9.09599500000000005251e-01
-1.67103500000000004810e+00	3.03829499999999988469e-02	9.21213000000000059586e-01
-1.78168499999999996319e+00	8.28790500000000096570e-02	9.57251499999999921897e-01
-1.83946000000000009500e+00	1.36172550000000003312e-01	9.75360999999999922494e-01
-1.74555499999999996774e+00	1.54758499999999993291e-01	9.70229499999999966953e-01
-1.92011500000000001620e+00	1.49290549999999994091e-01	9.73094000000000014516e-01
-1.88398500000000002075e+00	2.21169999999999977724e-01	9.86072000000000059572e-01
-1.99596000000000017849e+00	1.42980899999999994110e-01	9.90183999999999953090e-01
-2.07287499999999980105e+00	1.16946399999999992025e-01	9.89438999999999957424e-01
-2.04155499999999978655e+00	2.08253499999999980297e-01	9.83060000000000044906e-01
-2.12033000000000004803e+00	5.59995499999999951646e-02	9.66909499999999977327e-01
-2.16592499999999965610e+00	1.21272149999999995229e-01	9.59785499999999958121e-01
-2.15325499999999969702e+00	-1.18433000000000010488e-02	9.49261499999999980304e-01
-2.15777000000000018787e+00	-8.44561000000000061672e-02	9.22008500000000008612e-01
-2.21789499999999994984e+00	-1.22874999999999998113e-02	9.10003000000000006331e-01
-2.13671499999999969788e+00	-1.57274450000000010075e-01	9.22091500000000063864e-01
-2.20135499999999995069e+00	-1.57718649999999988021e-01	8.82832999999999978868e-01
-2.09260499999999982634e+00	-2.19608499999999984276e-01	9.13826500000000097046e-01
-2.03724500000000041666e+00	-2.73295999999999983388e-01	9.18418500000000026517e-01
-2.12494000000000005102e+00	-2.84224499999999991040e-01	8.87507999999999963592e-01
-1.96015000000000005898e+00	-2.88260999999999989463e-01	9.18881000000000058847e-01
-1.99248500000000006160e+00	-3.52876999999999996227e-01	8.92562499999999925393e-01
-1.88654499999999991644e+00	-2.77629000000000014658e-01	9.00350500000000053547e-01
-1.81397999999999992582e+00	-2.48850999999999988876e-01	8.97197500000000092157e-01
-1.84282499999999993534e+00	-3.39064000000000032031e-01	8.89871999999999996334e-01
-1.76844499999999982265e+00	-1.87451000000000006507e-01	8.88114000000000070045e-01
-1.72472499999999984155e+00	-2.48885999999999996124e-01	8.77635500000000012832e-01
-1.73680499999999993221e+00	-1.21935950000000015159e-01	8.98722499999999979714e-01
-1.66673999999999988830e+00	-1.14092550000000014787e-01	8.79429000000000016257e-01
-1.59360999999999997101e+00	3.72899500000000022615e-02	8.92230999999999996319e-01
-1.58294500000000004647e+00	-3.27628500000000030812e-02	8.76773000000000024556e-01
-1.52226499999999997925e+00	4.52262000000000011224e-02	8.78697999999999979082e-01
-1.61035499999999998089e+00	1.08371999999999996112e-01	9.23138000000000014111e-01
-1.65044499999999993989e+00	1.76005499999999981409e-01	9.37430500000000055394e-01
-1.57302000000000008484e+00	1.82912500000000005640e-01	9.08448499999999992127e-01
-1.70822000000000007169e+00	2.29298999999999975064e-01	9.55540000000000055991e-01
-1.77055500000000010097e+00	2.78825500000000003897e-01	9.68956999999999957218e-01
-1.67544500000000007311e+00	3.00072499999999964260e-01	9.36158000000000045659e-01
-1.84972000000000003084e+00	2.97603999999999979664e-01	9.67840999999999951342e-01
-1.81694500000000003226e+00	3.68377500000000024372e-01	9.48458999999999941011e-01
-1.93037499999999995204e+00	3.10721999999999998199e-01	9.65574000000000043364e-01
-2.00922000000000000597e+00	3.02468999999999987871e-01	9.58183500000000076824e-01
-1.97495500000000001606e+00	3.78902999999999989811e-01	9.39952499999999968594e-01
-2.08613499999999962853e+00	2.76434499999999971909e-01	9.57438500000000081158e-01
-2.15772500000000011511e+00	2.43562999999999973966e-01	9.52612500000000084199e-01
-2.12538999999999989043e+00	3.37778499999999981540e-01	9.27736000000000005095e-01
-2.20506499999999983075e+00	1.86896999999999979813e-01	9.29421999999999970399e-01
-2.24432000000000009265e+00	2.48240999999999989445e-01	8.99719500000000005357e-01
-2.25251999999999963364e+00	1.25950149999999982953e-01	9.06892499999999990301e-01
-2.27348999999999978883e+00	5.85922499999999984999e-02	8.79191000000000055792e-01
-2.31262999999999996348e+00	1.24217099999999996962e-01	8.48827500000000068070e-01
-2.27800500000000027967e+00	-1.40205499999999996796e-02	8.51938000000000084100e-01
-2.28148999999999979593e+00	-8.45323500000000060961e-02	8.39376000000000010992e-01
-2.33708500000000007901e+00	-1.36526000000000008461e-02	8.08564000000000060453e-01
-2.26611000000000029075e+00	-1.54333649999999988900e-01	8.34186000000000094090e-01
-2.32519000000000009010e+00	-1.53965699999999983127e-01	7.90812000000000070443e-01
-2.24505499999999980076e+00	-2.27151999999999992808e-01	8.34269000000000038320e-01
-2.20758499999999990848e+00	-2.89621999999999990560e-01	8.34077500000000027214e-01
-2.27233999999999980446e+00	-2.86236999999999963684e-01	7.85430500000000031413e-01
-2.15222500000000005471e+00	-3.43309499999999989672e-01	8.38669499999999956685e-01
-2.09673499999999979337e+00	-3.92820999999999975749e-01	8.46480499999999969063e-01
-2.17938000000000009493e+00	-3.98218500000000030781e-01	7.93050000000000032685e-01
-2.02576500000000025992e+00	-4.20445499999999972029e-01	8.56072500000000013998e-01
-2.05291999999999985604e+00	-4.75354500000000013138e-01	8.10453000000000089997e-01
-1.94866999999999990223e+00	-4.35410499999999978105e-01	8.56535000000000046327e-01
-1.86724000000000001087e+00	-4.41120500000000026475e-01	8.77725499999999936307e-01
-1.90052000000000020918e+00	-5.08688999999999946766e-01	8.41235500000000024912e-01
-1.79467500000000002025e+00	-4.12342500000000056204e-01	8.74572499999999974918e-01
-1.72342499999999998472e+00	-3.71498500000000009269e-01	8.66748999999999991672e-01
-1.74784000000000006025e+00	-4.73555000000000059224e-01	8.54602499999999931646e-01
-1.67755000000000009663e+00	-3.08846500000000023789e-01	8.52469499999999991147e-01
-1.63071499999999991459e+00	-3.70059000000000026809e-01	8.32499499999999947875e-01
-1.63201499999999999346e+00	-2.47446500000000013664e-01	8.43385999999999969035e-01
-1.60059499999999998998e+00	-1.79364000000000023416e-01	8.46064499999999997115e-01
-1.55342000000000002302e+00	-2.39324499999999995570e-01	8.20898499999999975429e-01
-1.58814499999999991786e+00	-1.05970549999999996693e-01	8.56941500000000022652e-01
-1.51679999999999992610e+00	-9.80343000000000047711e-02	8.43408500000000005414e-01
-1.64914500000000008306e+00	3.70427000000000006263e-01	9.04882999999999992902e-01
-1.58681000000000005379e+00	3.20900500000000032941e-01	8.91466000000000091674e-01
-1.71595500000000011909e+00	4.07964500000000007685e-01	8.99365500000000039904e-01
-1.62732000000000009976e+00	4.28792500000000020854e-01	8.54673500000000085919e-01
-1.78723000000000009635e+00	4.32757999999999976026e-01	9.04520499999999949559e-01
-1.76540499999999989100e+00	4.91123499999999990617e-01	8.54311000000000042576e-01
-1.86639500000000002622e+00	4.51536500000000007304e-01	9.03404499999999943682e-01
-1.94124499999999988731e+00	4.53272499999999967102e-01	9.02001500000000011603e-01
-1.91152999999999995140e+00	5.17652999999999918757e-01	8.58063000000000020151e-01
-2.02008999999999971919e+00	4.45019500000000012285e-01	8.94611000000000045063e-01
-2.09770499999999993079e+00	4.35544999999999959961e-01	9.07625499999999973966e-01
-2.06399500000000024613e+00	5.09914500000000048274e-01	8.69674499999999905953e-01
-2.16929499999999997328e+00	4.02673500000000017529e-01	9.02799499999999977007e-01
-2.23437000000000018929e+00	3.63379000000000007553e-01	8.88264500000000012392e-01
-2.20668500000000022965e+00	4.61145499999999985974e-01	8.68153999999999981263e-01
-2.27594999999999991758e+00	3.06359500000000006814e-01	8.58812499999999978684e-01
-2.31334000000000017394e+00	3.64831499999999975259e-01	8.24166999999999982940e-01
-2.32329000000000007731e+00	2.49693499999999984906e-01	8.35621999999999975905e-01
-2.35607999999999995211e+00	1.88480499999999995264e-01	8.18890499999999965652e-01
-2.38771000000000022112e+00	2.46598999999999984878e-01	7.77983499999999938979e-01
-2.37705000000000010729e+00	1.21122599999999996934e-01	7.91189000000000031143e-01
-2.40392999999999990024e+00	5.41832000000000008066e-02	7.88415000000000087965e-01
-2.44737999999999988887e+00	1.18446599999999999109e-01	7.58477999999999985548e-01
-2.40741500000000030468e+00	-1.63285999999999986709e-02	7.75853000000000014857e-01
-2.40974000000000021515e+00	-8.60717500000000024230e-02	7.65355999999999925265e-01
-2.47658500000000003638e+00	-1.82359500000000007702e-02	7.45206999999999952777e-01
-2.39677000000000006708e+00	-1.55303200000000002357e-01	7.60641499999999970427e-01
-2.46593999999999979877e+00	-1.57210550000000004456e-01	7.29995500000000019369e-01
-2.38139000000000011781e+00	-2.25104499999999985160e-01	7.55451499999999942503e-01
-2.35158000000000022567e+00	-2.90071999999999996511e-01	7.50934500000000060282e-01
-2.42316000000000020265e+00	-2.91409499999999987985e-01	7.20763999999999960266e-01
-2.31410999999999988930e+00	-3.52542000000000022020e-01	7.50742999999999938154e-01
-2.27053499999999974790e+00	-4.11442499999999988791e-01	7.52785499999999996312e-01
-2.34977500000000016911e+00	-4.15277499999999966107e-01	7.18289500000000025182e-01
-2.21504499999999993065e+00	-4.60953999999999974868e-01	7.60596500000000008690e-01
-2.15212499999999984368e+00	-5.00531000000000059202e-01	7.56281500000000050932e-01
-2.24327999999999994074e+00	-5.13754999999999961702e-01	7.16016999999999903537e-01
-2.08307500000000000995e+00	-5.29309000000000029473e-01	7.59866000000000041403e-01
-2.11131000000000002004e+00	-5.82110000000000016307e-01	7.15286499999999936250e-01
-2.01210500000000003240e+00	-5.56933499999999970242e-01	7.69457999999999975316e-01
-1.93776500000000018176e+00	-5.63423499999999966015e-01	7.71301500000000084256e-01
-1.96792000000000011362e+00	-6.17377999999999982350e-01	7.20714500000000035662e-01
-1.85633500000000006835e+00	-5.69133499999999958874e-01	7.92491999999999974236e-01
-1.78201000000000009393e+00	-5.54947500000000037979e-01	7.96475500000000002920e-01
-1.81925500000000006651e+00	-6.09682000000000057227e-01	7.26541499999999951243e-01
-1.70990500000000000824e+00	-5.24900499999999992085e-01	8.07079499999999949722e-01
-1.67282500000000000639e+00	-5.65449000000000090438e-01	7.41128999999999926729e-01
-1.63865499999999997272e+00	-4.84056500000000000661e-01	7.99255999999999966477e-01
-1.58296999999999998820e+00	-4.29926000000000030354e-01	8.03398000000000056531e-01
-1.54503499999999993619e+00	-4.81271500000000018726e-01	7.55875000000000074607e-01
-1.53709499999999987807e+00	-3.67273999999999989363e-01	7.89118500000000056005e-01
-1.49756000000000000227e+00	-3.08659000000000016684e-01	8.07487999999999983558e-01
-1.44981500000000007589e+00	-3.68526000000000020229e-01	7.78386500000000092214e-01
-1.46613999999999999879e+00	-2.40576499999999998680e-01	8.10166500000000011639e-01
-1.76672000000000006814e+00	5.55291500000000048942e-01	8.05828500000000058634e-01
-1.69544499999999986883e+00	5.30498000000000025089e-01	8.00673500000000037957e-01
-1.84081000000000005734e+00	5.75914499999999995872e-01	8.10017500000000056914e-01
-1.77085000000000003517e+00	6.15288999999999974833e-01	7.56380000000000052296e-01
-1.91565999999999991843e+00	5.77650500000000066692e-01	8.08614500000000013813e-01
-1.99123500000000008825e+00	5.86517999999999983807e-01	8.18560500000000024201e-01
-1.92051499999999997215e+00	6.44779500000000060922e-01	7.70515000000000060965e-01
-2.06955000000000000071e+00	5.74849999999999972111e-01	8.21890499999999968317e-01
-2.07440500000000005443e+00	6.41978999999999966342e-01	7.83790999999999904446e-01
-2.14716500000000021231e+00	5.65375500000000030809e-01	8.34905000000000008242e-01
-2.22466499999999989257e+00	5.35776499999999988866e-01	8.36903500000000022396e-01
-2.23022000000000009123e+00	6.00711999999999912703e-01	7.89119499999999973738e-01
-2.28974000000000010857e+00	4.96481999999999978890e-01	8.22368500000000057781e-01
-2.33586000000000026944e+00	4.36308499999999988006e-01	7.91714999999999946567e-01
-2.35383999999999993236e+00	5.10939499999999990898e-01	7.60464499999999987701e-01
-2.37743999999999999773e+00	3.79288999999999987267e-01	7.62262999999999912859e-01
-2.41180500000000019867e+00	3.16085500000000019227e-01	7.37503999999999937387e-01
-2.43432500000000029416e+00	3.87562500000000031974e-01	7.05052000000000012037e-01
-2.44459500000000007347e+00	2.54872500000000001830e-01	7.20772500000000038156e-01
-2.48364999999999991331e+00	1.91508999999999984798e-01	7.18042500000000027960e-01
-2.50774499999999989086e+00	2.60995499999999991392e-01	6.77563000000000026368e-01
-2.51053000000000015035e+00	1.24569600000000002549e-01	7.15268500000000084782e-01
-2.53413500000000002643e+00	5.44995000000000062723e-02	7.09226499999999981938e-01
-2.57040500000000005087e+00	1.27561900000000005839e-01	6.68791000000000024350e-01
-2.53645999999999993690e+00	-1.52436500000000009492e-02	6.98729500000000003368e-01
-2.52184000000000008157e+00	-8.45358999999999971564e-02	6.77819999999999978080e-01
-2.57939000000000007162e+00	-1.18004500000000005222e-02	6.41839500000000007240e-01
-2.52193000000000022709e+00	-1.57518550000000007172e-01	6.79159499999999916042e-01
-2.56486000000000036181e+00	-1.54075349999999999806e-01	6.22269500000000030937e-01
-2.50896000000000007901e+00	-2.26750000000000007105e-01	6.74444999999999961204e-01
-2.48448500000000027654e+00	-2.95669999999999988383e-01	6.71886500000000053134e-01
-2.54047499999999981668e+00	-2.95978000000000018854e-01	6.21050499999999949807e-01
-2.45467499999999994031e+00	-3.60637499999999999734e-01	6.67369499999999948869e-01
-2.41509499999999999176e+00	-4.24371999999999971465e-01	6.66278499999999995751e-01
-2.47642000000000006565e+00	-4.28632499999999971863e-01	6.17401000000000088619e-01
-2.37152000000000029445e+00	-4.83272499999999993747e-01	6.68320999999999942887e-01
-2.31014500000000033708e+00	-5.29846999999999956898e-01	6.61112499999999991829e-01
-2.37546500000000015973e+00	-5.38941499999999962256e-01	6.09101499999999962398e-01
-2.24722500000000025011e+00	-5.69424000000000041233e-01	6.56797499999999923048e-01
-2.17724999999999990763e+00	-6.02500999999999953260e-01	6.50271000000000043428e-01
-2.24411499999999985988e+00	-6.18592999999999948457e-01	5.95366500000000020698e-01
-2.10820000000000007390e+00	-6.31278999999999923531e-01	6.53855500000000033900e-01
-2.03974000000000010857e+00	-6.63861000000000034404e-01	6.61567500000000086047e-01
-2.10567999999999999616e+00	-6.84251999999999971358e-01	5.96551999999999971180e-01
-1.96540000000000003588e+00	-6.70350999999999919154e-01	6.63410999999999972943e-01
-1.88875500000000018375e+00	-6.78607500000000030127e-01	6.67707500000000009344e-01
-1.96057499999999995666e+00	-7.25090499999999971159e-01	6.08560500000000059728e-01
-1.81574500000000016442e+00	-6.54752000000000000668e-01	6.60448000000000035037e-01
-1.81092000000000008519e+00	-7.09491499999999941650e-01	6.05597500000000010800e-01
-1.74142000000000019000e+00	-6.40565999999999968750e-01	6.64431500000000063721e-01
-1.66904999999999992255e+00	-6.12180500000000016314e-01	6.71942000000000039250e-01
-1.66554000000000002046e+00	-6.57250499999999959755e-01	6.05848500000000012022e-01
-1.59694499999999983686e+00	-5.82133500000000081442e-01	6.82545999999999986052e-01
-1.52631000000000005556e+00	-5.46801499999999940371e-01	7.01234499999999982833e-01
-1.52253499999999997172e+00	-5.93532999999999977270e-01	6.32047499999999984333e-01
-1.47062500000000007105e+00	-4.92670999999999970065e-01	7.05376500000000072887e-01
-1.76855000000000006644e+00	6.89859500000000069875e-01	7.24525000000000085620e-01
-1.69446000000000007724e+00	6.69236500000000011923e-01	7.20336000000000087340e-01
-1.84793999999999991601e+00	6.98003000000000040082e-01	7.15338999999999947121e-01
-1.77154999999999995808e+00	7.51950499999999966150e-01	6.79294999999999982165e-01
-1.92351500000000008583e+00	7.06870499999999957197e-01	7.25284999999999957510e-01
-2.00063499999999994117e+00	7.22134000000000053632e-01	7.40685999999999955534e-01
-1.92806000000000010708e+00	7.75357500000000032792e-01	6.85509999999999952713e-01
-2.08134499999999977859e+00	7.06505999999999967365e-01	7.36709000000000058250e-01
-2.08589000000000002188e+00	7.74993000000000042959e-01	6.96933999999999942432e-01
-2.15965999999999969106e+00	6.94837999999999955669e-01	7.40039000000000002366e-01
-2.23169500000000020634e+00	6.59228499999999995040e-01	7.30069499999999926843e-01
-2.23863499999999993051e+00	7.23755499999999996064e-01	6.82987500000000080647e-01
-2.30919499999999988660e+00	6.29629500000000064119e-01	7.32067999999999940997e-01
-2.36904499999999984539e+00	5.79039999999999999147e-01	7.17751999999999945601e-01
-2.37051999999999996049e+00	6.37556500000000081485e-01	6.58702000000000009727e-01
-2.41516500000000000625e+00	5.18866500000000008264e-01	6.87098500000000056431e-01
-2.45337500000000030553e+00	4.55494999999999983231e-01	6.65016999999999969262e-01
-2.46858000000000021856e+00	5.23595499999999991481e-01	6.22304500000000038185e-01
-2.48774000000000006239e+00	3.92291500000000015191e-01	6.40257999999999993790e-01
-2.52498000000000022425e+00	3.29490999999999978343e-01	6.28229000000000037396e-01
-2.54403000000000023562e+00	3.97423500000000040622e-01	5.88193999999999994621e-01
-2.56403500000000006409e+00	2.66127500000000016822e-01	6.25499000000000027200e-01
-2.58525500000000008072e+00	1.98893500000000000849e-01	6.10964000000000062585e-01
-2.60248999999999997002e+00	2.67388999999999987800e-01	5.61630000000000073612e-01
-2.60885999999999995680e+00	1.28823400000000004573e-01	6.04921999999999959741e-01
-2.61350499999999996703e+00	6.06769000000000058304e-02	5.91166000000000080306e-01
-2.62835499999999999687e+00	1.32008500000000000840e-01	5.33339000000000007518e-01
-2.59888500000000011170e+00	-8.61535000000000078524e-03	5.70256499999999943995e-01
-2.59376000000000006551e+00	-7.59077499999999960600e-02	5.57694499999999981910e-01
-2.62787499999999996092e+00	-3.43040000000000011582e-03	5.07020999999999943952e-01
-2.59158000000000043883e+00	-1.45378850000000003906e-01	5.54879000000000011106e-01
-2.62056999999999984396e+00	-1.40193899999999982420e-01	4.91643500000000011063e-01
-2.59167000000000014026e+00	-2.18361499999999986166e-01	5.56218499999999949068e-01
-2.57947499999999996234e+00	-2.87878000000000022762e-01	5.56444500000000008555e-01
-2.60619500000000003936e+00	-2.79181499999999971351e-01	4.89053999999999988724e-01
-2.55499999999999971578e+00	-3.56798000000000004039e-01	5.53885999999999989463e-01
-2.52029499999999995197e+00	-4.19968499999999966832e-01	5.51013500000000044921e-01
-2.55929499999999965354e+00	-4.11868499999999970740e-01	4.86407499999999992646e-01
-2.48071500000000000341e+00	-4.83702999999999994074e-01	5.49922499999999980780e-01
-2.42693000000000003169e+00	-5.33142500000000074678e-01	5.43030499999999971550e-01
-2.47080499999999991800e+00	-5.24478500000000069647e-01	4.76642999999999983363e-01
-2.36555500000000007432e+00	-5.79717000000000037829e-01	5.35822000000000020492e-01
-2.30072000000000009834e+00	-6.21404000000000067416e-01	5.28194999999999970086e-01
-2.35218499999999997030e+00	-6.15604999999999957794e-01	4.62123999999999979238e-01
-2.23074499999999975586e+00	-6.54480999999999979444e-01	5.21668499999999979444e-01
-2.16735999999999995325e+00	-6.91586999999999951783e-01	5.23150500000000073797e-01
-2.22396499999999974762e+00	-6.94398000000000070742e-01	4.55979000000000023185e-01
-2.09889999999999998792e+00	-7.24169000000000062656e-01	5.30862500000000014921e-01
-2.03277000000000018787e+00	-7.58570500000000036422e-01	5.38652000000000019675e-01
-2.09445000000000014495e+00	-7.65905500000000016847e-01	4.65250500000000011269e-01
-1.95612500000000011369e+00	-7.66826999999999925350e-01	5.42948500000000056076e-01
-1.87971500000000002473e+00	-7.90826999999999946667e-01	5.57245500000000060226e-01
-1.95190999999999981185e+00	-8.24307000000000011930e-01	4.87337000000000020172e-01
-1.79775499999999999190e+00	-7.78136500000000008725e-01	5.59985999999999983778e-01
-1.79354000000000013415e+00	-8.35616499999999984283e-01	5.04374499999999947875e-01
-1.72474499999999997257e+00	-7.54280999999999979266e-01	5.52726500000000009472e-01
-1.65673000000000003595e+00	-7.09554000000000018034e-01	5.46224000000000042832e-01
-1.64356500000000016470e+00	-7.78199000000000085109e-01	5.00612500000000015810e-01
-1.58435999999999999055e+00	-6.81168500000000065597e-01	5.53734500000000018360e-01
-1.51417499999999982663e+00	-6.49915499999999979330e-01	5.69271499999999930353e-01
-1.50536499999999984212e+00	-7.02218999999999926587e-01	5.09646999999999961162e-01
-1.44354000000000004533e+00	-6.14583499999999949281e-01	5.87960000000000038156e-01
-1.92965500000000012015e+00	8.43603499999999950631e-01	6.41650999999999971379e-01
-1.85253500000000004277e+00	8.28340000000000076241e-01	6.26249999999999973355e-01
-2.01029999999999997584e+00	8.59184500000000017650e-01	6.53340000000000031832e-01
-1.93477500000000013358e+00	9.12166999999999950077e-01	5.94079999999999941451e-01
-2.09339500000000011681e+00	8.38959500000000080178e-01	6.46107500000000056772e-01
-2.09851499999999990820e+00	9.07523000000000079623e-01	5.98536500000000026844e-01
-2.17410499999999995424e+00	8.23331499999999993911e-01	6.42130500000000048466e-01
-2.23755499999999996064e+00	7.74753499999999983849e-01	6.20259499999999963649e-01
-2.24506000000000005556e+00	8.38720000000000021068e-01	5.69433000000000077989e-01
-2.30959000000000003183e+00	7.39144000000000023221e-01	6.10289999999999999147e-01
-2.36216999999999988091e+00	6.85379500000000030369e-01	5.92374500000000026034e-01
-2.36108999999999991104e+00	7.36377500000000018154e-01	5.29646500000000020059e-01
-2.42201999999999983970e+00	6.34789999999999965397e-01	5.78058500000000030639e-01
-2.47132500000000021600e+00	5.81146500000000010289e-01	5.66381499999999982187e-01
-2.46297500000000013642e+00	6.28969499999999959172e-01	5.00053999999999998494e-01
-2.50953500000000007120e+00	5.17774999999999985256e-01	5.44300000000000006040e-01
-2.54869000000000012207e+00	4.58363000000000020417e-01	5.32314500000000023761e-01
-2.55143500000000011951e+00	5.15913999999999983714e-01	4.76391499999999967763e-01
-2.58593000000000028393e+00	3.95562500000000039080e-01	5.20285499999999956344e-01
-2.60047499999999986997e+00	3.29226000000000018630e-01	5.02091500000000023896e-01
-2.60513499999999975643e+00	3.90165499999999998426e-01	4.46211999999999997524e-01
-2.62169499999999988660e+00	2.61992000000000002657e-01	4.87556500000000003769e-01
-2.62856999999999985107e+00	1.97421499999999999764e-01	4.73164000000000029011e-01
-2.62655499999999975103e+00	2.59258500000000002839e-01	4.13625499999999979295e-01
-2.63321499999999986130e+00	1.29275000000000001021e-01	4.59408000000000038554e-01
-2.64632000000000022766e+00	6.52819000000000038142e-02	4.50869500000000034134e-01
-2.64653500000000008185e+00	1.30694900000000002738e-01	3.90694500000000000117e-01
-2.64119499999999973738e+00	-2.01049999999999839950e-03	4.38307499999999961027e-01
-2.65031499999999997641e+00	-6.68431000000000025141e-02	4.32568500000000022432e-01
-2.66875999999999979906e+00	1.86920000000000141593e-03	3.76417000000000001592e-01
-2.65881499999999970640e+00	-1.33808399999999994012e-01	4.33059499999999986120e-01
-2.68637999999999976808e+00	-1.29928700000000008075e-01	3.71168999999999971173e-01
-2.65663500000000007972e+00	-2.03279500000000001858e-01	4.30243999999999959805e-01
-2.63856000000000001648e+00	-2.68685500000000021537e-01	4.24088999999999993751e-01
-2.67680499999999987892e+00	-2.62299999999999977618e-01	3.65504999999999968807e-01
-2.62636499999999983856e+00	-3.38202000000000002622e-01	4.24314999999999997726e-01
-2.59755499999999983629e+00	-4.00652499999999966995e-01	4.21090500000000034220e-01
-2.62991999999999981341e+00	-3.90156500000000017181e-01	3.56125499999999983736e-01
-2.56285000000000007248e+00	-4.63822999999999985299e-01	4.18217999999999978655e-01
-2.52228500000000011028e+00	-5.22272999999999987253e-01	4.14878999999999997783e-01
-2.56054499999999984894e+00	-5.11056999999999983508e-01	3.49562000000000039357e-01
-2.46849999999999969447e+00	-5.71712500000000067857e-01	4.07986999999999988553e-01
-2.40761499999999983856e+00	-6.15787000000000084299e-01	4.00278999999999995918e-01
-2.45909500000000003084e+00	-6.13581500000000001904e-01	3.38515000000000010338e-01
-2.34278000000000030667e+00	-6.57474000000000002863e-01	3.92652000000000001023e-01
-2.28019000000000016115e+00	-6.94334000000000006736e-01	3.87770000000000003570e-01
-2.33562000000000002942e+00	-6.94516000000000022219e-01	3.25925000000000020250e-01
-2.21680499999999991445e+00	-7.31440000000000090097e-01	3.89252000000000042412e-01
-2.15293000000000001037e+00	-7.61426500000000006096e-01	3.87776499999999968438e-01
-2.20915499999999997982e+00	-7.61362499999999942091e-01	3.19567500000000004334e-01
-2.08680000000000021032e+00	-7.95827999999999979863e-01	3.95565999999999973191e-01
-2.02477499999999999147e+00	-8.37627000000000010438e-01	4.05608999999999997321e-01
-2.08325500000000030099e+00	-8.33147999999999999687e-01	3.28134999999999954490e-01
-1.94836499999999990251e+00	-8.61627000000000031754e-01	4.19906000000000001471e-01
-1.87133499999999997065e+00	-8.90709500000000042874e-01	4.31927999999999978620e-01
-1.94419999999999992824e+00	-9.04029500000000041382e-01	3.50199999999999955769e-01
-1.78689499999999990010e+00	-8.86732000000000075701e-01	4.37869999999999981455e-01
-1.78272999999999992582e+00	-9.29134499999999974307e-01	3.68163999999999991264e-01
-1.70493500000000008932e+00	-8.74041500000000026738e-01	4.40610500000000016030e-01
-1.63376499999999991175e+00	-8.30142000000000046533e-01	4.36494500000000007489e-01
-1.62712000000000012179e+00	-8.81257500000000026930e-01	3.69989999999999985558e-01
-1.56574999999999997513e+00	-7.85414999999999974278e-01	4.29991999999999985338e-01
-1.49655000000000004690e+00	-7.51503999999999949821e-01	4.37286999999999981270e-01
-1.48675000000000001599e+00	-8.03447000000000022268e-01	3.73168999999999972950e-01
-1.42636500000000010502e+00	-7.20250999999999974577e-01	4.52824000000000004285e-01
-2.15073999999999987409e+00	9.66744000000000047734e-01	5.32272500000000037268e-01
-2.06764500000000017721e+00	9.86968999999999985207e-01	5.39505000000000012328e-01
-2.22436999999999995836e+00	9.12997500000000017373e-01	5.14218999999999981654e-01
-2.19350000000000022737e+00	9.92443500000000033978e-01	4.55187500000000022649e-01
-2.28781999999999996476e+00	8.64419500000000007311e-01	4.92348000000000007859e-01
-2.33567000000000035698e+00	7.97182500000000016094e-01	4.69333499999999959051e-01
-2.31498000000000025977e+00	8.71460000000000012399e-01	4.14119499999999973738e-01
-2.38825000000000020606e+00	7.43418000000000023242e-01	4.51417999999999985938e-01
-2.45419000000000009365e+00	7.01158500000000017849e-01	4.46688500000000043855e-01
-2.42877000000000009550e+00	7.61963500000000015788e-01	3.86375499999999982847e-01
-2.50349500000000002586e+00	6.47515000000000062741e-01	4.35011499999999995403e-01
-2.54805499999999973681e+00	5.88411499999999976218e-01	4.23196499999999975472e-01
-2.53927000000000013813e+00	6.60600499999999923872e-01	3.69831000000000020833e-01
-2.58720999999999978769e+00	5.28999499999999955868e-01	4.11210999999999993193e-01
-2.61367500000000019256e+00	4.62646000000000001684e-01	3.96720999999999990315e-01
-2.61029499999999980986e+00	5.35143499999999994188e-01	3.43525999999999998025e-01
-2.62821999999999977859e+00	3.96309499999999981235e-01	3.78527000000000002355e-01
-2.64156499999999994088e+00	3.29722500000000029452e-01	3.64389000000000018442e-01
-2.65010499999999993292e+00	4.02202999999999977199e-01	3.14898000000000011234e-01
-2.64843999999999990536e+00	2.65151999999999998803e-01	3.49996500000000043684e-01
-2.65915000000000034674e+00	2.01008500000000006613e-01	3.38818999999999981299e-01
-2.67416000000000009251e+00	2.71472500000000005471e-01	2.89582500000000020446e-01
-2.67225499999999982492e+00	1.37015400000000009406e-01	3.30280499999999976879e-01
-2.68374999999999985789e+00	7.10998500000000061005e-02	3.20558499999999968466e-01
-2.69636500000000012278e+00	1.41413449999999996098e-01	2.68683000000000005159e-01
-2.69287000000000009692e+00	6.26725000000000198597e-03	3.14819500000000029871e-01
-2.70999999999999996447e+00	-5.73990000000000055724e-02	3.12308000000000030028e-01
-2.72499000000000002331e+00	1.18316500000000025816e-02	2.56449499999999996902e-01
-2.72120000000000006324e+00	-1.25528699999999993064e-01	3.10520999999999991470e-01
-2.75331999999999998963e+00	-1.19964300000000009816e-01	2.52151000000000014012e-01
-2.72970000000000023732e+00	-1.92493999999999998440e-01	3.11011999999999955158e-01
-2.71342999999999978655e+00	-2.60639000000000009560e-01	3.04242999999999985672e-01
-2.74825000000000008171e+00	-2.56238999999999994550e-01	2.43595000000000005969e-01
-2.69535500000000016740e+00	-3.26045000000000029239e-01	2.98088000000000019618e-01
-2.65890000000000004121e+00	-3.87189000000000005386e-01	2.90612499999999995826e-01
-2.69552499999999994884e+00	-3.85527999999999981817e-01	2.29350500000000012690e-01
-2.63009000000000003894e+00	-4.49639499999999969759e-01	2.87387999999999976808e-01
-2.58336499999999968935e+00	-5.04753000000000007219e-01	2.80717500000000008686e-01
-2.61234499999999991715e+00	-5.01785499999999995424e-01	2.15204499999999993021e-01
-2.54279999999999972715e+00	-5.63203000000000009173e-01	2.77378499999999972303e-01
-2.48923499999999986443e+00	-6.13157999999999980822e-01	2.71764000000000005564e-01
-2.51205500000000014893e+00	-6.06854000000000004533e-01	2.02919500000000002649e-01
-2.42835000000000000853e+00	-6.57232499999999997264e-01	2.64056000000000012928e-01
-2.36455999999999999517e+00	-6.93772000000000055309e-01	2.57803000000000004377e-01
-2.39469999999999982876e+00	-6.93348499999999923205e-01	1.91051999999999999602e-01
-2.30196999999999984965e+00	-7.30631999999999948159e-01	2.52921000000000006924e-01
-2.24448999999999987409e+00	-7.75409000000000014907e-01	2.52850499999999978051e-01
-2.27342999999999983984e+00	-7.74664999999999936975e-01	1.84728499999999989933e-01
-2.18061499999999997002e+00	-8.05395499999999930907e-01	2.51375000000000015099e-01
-2.11655499999999996419e+00	-8.42509999999999981135e-01	2.53259499999999970754e-01
-2.15188999999999985846e+00	-8.56556499999999942929e-01	1.86542499999999999982e-01
-2.05452999999999974534e+00	-8.84309000000000011710e-01	2.63302499999999994884e-01
-1.98200000000000020606e+00	-9.19936000000000086985e-01	2.69024499999999999744e-01
-2.01529999999999986926e+00	-9.29297999999999957410e-01	1.94149000000000016009e-01
-1.90497000000000005215e+00	-9.49018499999999987082e-01	2.81046499999999976893e-01
-1.81949499999999986244e+00	-9.69106000000000022965e-01	2.88241999999999998217e-01
-1.85729500000000014026e+00	-9.85012500000000068567e-01	2.07066499999999986681e-01
-1.73505500000000001393e+00	-9.65128500000000055792e-01	2.94184000000000001052e-01
-1.65232500000000004370e+00	-9.36744499999999979956e-01	2.94866000000000016978e-01
-1.68908999999999998032e+00	-9.76716000000000028614e-01	2.14944000000000023931e-01
-1.58115499999999986613e+00	-8.92844999999999999751e-01	2.90750000000000008438e-01
-1.50676500000000013202e+00	-8.51732000000000044615e-01	2.94202499999999977920e-01
-1.53197000000000005393e+00	-9.07218999999999997641e-01	2.19078500000000009340e-01
-1.43756500000000020378e+00	-8.17821000000000020158e-01	3.01497500000000029363e-01
-1.40522999999999997911e+00	-8.24286500000000033062e-01	2.30414500000000022073e-01
-1.38521500000000008512e+00	-7.76001500000000010715e-01	3.09381000000000017103e-01
-2.22992499999999971294e+00	9.87808500000000089258e-01	3.63752500000000034142e-01
-2.15629500000000007276e+00	1.04155500000000000860e+00	3.81805999999999978733e-01
-2.28452499999999991687e+00	9.23317500000000013216e-01	3.48604999999999998206e-01
-2.24732000000000020634e+00	9.72428999999999987836e-01	2.75223499999999954291e-01
-2.33237499999999986500e+00	8.56080500000000021998e-01	3.25590500000000004910e-01
-2.39002500000000006608e+00	8.08319999999999927454e-01	3.17230000000000011973e-01
-2.35956999999999972317e+00	8.60177500000000039293e-01	2.51715499999999980929e-01
-2.45596499999999995367e+00	7.66060500000000033083e-01	3.12500499999999958867e-01
-2.51353999999999988546e+00	7.19422999999999923659e-01	3.06371000000000004437e-01
-2.47479499999999985604e+00	7.65779499999999946347e-01	2.37225499999999978051e-01
-2.55809999999999959641e+00	6.60319499999999948159e-01	2.94555999999999984507e-01
-2.59729000000000009862e+00	6.00055999999999922778e-01	2.85005500000000022709e-01
-2.57155999999999984595e+00	6.58878499999999922565e-01	2.21545500000000006313e-01
-2.62375500000000005940e+00	5.33702499999999968594e-01	2.70515500000000019831e-01
-2.65556999999999998607e+00	4.71705999999999958661e-01	2.61278999999999983483e-01
-2.64256500000000027484e+00	5.36618499999999998273e-01	2.02758500000000008168e-01
-2.66891500000000014836e+00	4.05119000000000006878e-01	2.47140999999999999570e-01
-2.67934500000000008768e+00	3.38964000000000043045e-01	2.35706000000000026606e-01
-2.68481000000000014083e+00	4.08467000000000024507e-01	1.82086999999999998856e-01
-2.69005500000000008498e+00	2.74820500000000023100e-01	2.24528500000000019732e-01
-2.70346500000000000696e+00	2.11317499999999991456e-01	2.15664000000000022350e-01
-2.70865000000000000213e+00	2.78808999999999973518e-01	1.61787500000000000755e-01
-2.71496000000000003993e+00	1.45401950000000002028e-01	2.05942000000000013937e-01
-2.73134000000000032315e+00	8.21784500000000001085e-02	1.98214000000000001300e-01
-2.73843999999999976325e+00	1.52082500000000009344e-01	1.45195000000000018492e-01
-2.74847000000000019071e+00	1.85121999999999960196e-02	1.95702500000000001457e-01
-2.76184999999999991616e+00	-4.41848999999999991761e-02	1.90837499999999993250e-01
-2.76820000000000021600e+00	2.61618999999999983508e-02	1.32601999999999997648e-01
-2.76975000000000015632e+00	-1.11154299999999997550e-01	1.85386999999999996236e-01
-2.78948000000000018161e+00	-1.03504599999999988280e-01	1.22286499999999992427e-01
-2.78094999999999981100e+00	-1.79283999999999998920e-01	1.83599999999999985434e-01
-2.76863999999999998991e+00	-2.47449000000000030042e-01	1.76526999999999989477e-01
-2.78507000000000015660e+00	-2.38638999999999990020e-01	1.09762999999999999456e-01
-2.75236999999999998323e+00	-3.15594000000000041162e-01	1.69758000000000019991e-01
-2.71230999999999999872e+00	-3.74867999999999979011e-01	1.61456349999999998479e-01
-2.73269999999999990692e+00	-3.66078000000000014502e-01	9.43883500000000097430e-02
-2.67585499999999987253e+00	-4.36012000000000010669e-01	1.53980850000000002442e-01
-2.63328499999999987580e+00	-4.92334000000000049369e-01	1.47503200000000000980e-01
-2.65006999999999992568e+00	-4.81674000000000046562e-01	7.96090500000000006464e-02
-2.58655999999999997030e+00	-5.47447500000000086828e-01	1.40832700000000005103e-01
-2.53662499999999990763e+00	-5.98479500000000053106e-01	1.34890499999999996517e-01
-2.55756499999999986628e+00	-5.89027999999999996028e-01	6.71892000000000044757e-02
-2.48306000000000004491e+00	-6.48434500000000024755e-01	1.29276000000000002021e-01
-2.42665500000000022851e+00	-6.93648000000000042320e-01	1.24116000000000004100e-01
-2.45122499999999998721e+00	-6.85273499999999979870e-01	5.60869999999999979678e-02
-2.36286500000000021515e+00	-7.30187499999999989342e-01	1.17862999999999995548e-01
-2.29903999999999975046e+00	-7.65687000000000006494e-01	1.13834049999999992187e-01
-2.33099500000000015021e+00	-7.65986500000000014587e-01	4.68980499999999966843e-02
-2.24155999999999977490e+00	-8.10464000000000073243e-01	1.13763549999999991069e-01
-2.18013000000000012335e+00	-8.48481999999999958462e-01	1.11800449999999995665e-01
-2.20574000000000003396e+00	-8.39504000000000027981e-01	4.09059999999999979181e-02
-2.11606999999999967343e+00	-8.85596500000000008690e-01	1.13684950000000006831e-01
-2.04872500000000012932e+00	-9.21260999999999996568e-01	1.13110600000000005583e-01
-2.07696499999999995012e+00	-9.13186500000000012101e-01	3.83685500000000012655e-02
-1.97619500000000014595e+00	-9.56887999999999960821e-01	1.18832599999999996565e-01
-1.90114999999999989555e+00	-9.94002500000000011049e-01	1.21282749999999994728e-01
-1.93457499999999993356e+00	-9.85965500000000050207e-01	4.02443499999999981798e-02
-1.81567499999999992788e+00	-1.01408999999999993591e+00	1.28478250000000016051e-01
-1.72785499999999991871e+00	-1.01149000000000000021e+00	1.30449850000000006078e-01
-1.77171000000000011809e+00	-1.02048000000000005372e+00	4.46661000000000002474e-02
-1.64512500000000017053e+00	-9.83105999999999924377e-01	1.31131849999999994250e-01
-1.56642999999999998906e+00	-9.44360499999999936094e-01	1.33792250000000001453e-01
-1.60519500000000014950e+00	-9.79134500000000018716e-01	4.92980999999999974781e-02
-1.49204000000000003290e+00	-9.03247499999999980957e-01	1.37244749999999998691e-01
-1.42183999999999999275e+00	-8.77052500000000012648e-01	1.45660800000000006937e-01
-1.45630000000000014992e+00	-9.14193999999999951100e-01	6.03745499999999990504e-02
-1.36949000000000009614e+00	-8.35233000000000003205e-01	1.53544299999999994677e-01
-2.25062499999999987566e+00	9.91748999999999991672e-01	1.94709999999999994191e-01
-2.19602499999999967173e+00	1.05624000000000006771e+00	2.09857499999999974616e-01
-2.31584499999999993136e+00	9.37427000000000010260e-01	1.87911999999999995703e-01
-2.26454999999999984084e+00	1.02123800000000009014e+00	1.22545999999999988272e-01
-2.37349500000000013245e+00	8.89666499999999915715e-01	1.79551500000000002766e-01
-2.42832000000000025608e+00	8.34787500000000015632e-01	1.72683499999999989782e-01
-2.38459500000000002018e+00	9.12036999999999986599e-01	1.08880000000000004556e-01
-2.48589500000000018787e+00	7.88149999999999906208e-01	1.66554000000000007597e-01
-2.53740999999999994330e+00	7.32977999999999907388e-01	1.59837449999999992034e-01
-2.49093500000000034333e+00	8.01985999999999976673e-01	9.52954500000000037652e-02
-2.57660000000000000142e+00	6.72714499999999993030e-01	1.50286950000000002481e-01
-2.61648999999999976040e+00	6.11204499999999928406e-01	1.42939949999999982300e-01
-2.58234000000000030184e+00	6.85303999999999913229e-01	8.12318999999999957762e-02
-2.64830500000000013117e+00	5.49207999999999918472e-01	1.33703450000000001463e-01
-2.68090999999999990422e+00	4.86072500000000018439e-01	1.26245350000000006174e-01
-2.65483500000000027796e+00	5.60658499999999948571e-01	6.64268000000000080618e-02
-2.69134000000000028763e+00	4.19917499999999999094e-01	1.14810350000000005455e-01
-2.70999500000000015376e+00	3.54061500000000028976e-01	1.06811149999999993598e-01
-2.70609499999999991715e+00	4.31667000000000022908e-01	5.09695000000000009166e-02
-2.72340499999999963165e+00	2.90558499999999997332e-01	9.79466499999999962167e-02
-2.74282499999999984652e+00	2.26827500000000015223e-01	9.10640500000000074898e-02
-2.74416999999999999815e+00	3.02080000000000015170e-01	3.60877000000000003332e-02
-2.75920500000000012975e+00	1.63603999999999999426e-01	8.33360500000000087306e-02
-2.78354500000000015802e+00	1.00251000000000006773e-01	7.69421500000000008201e-02
-2.78793000000000024130e+00	1.74996000000000012653e-01	2.28112000000000002264e-02
-2.79692499999999988347e+00	3.75539000000000011692e-02	7.20771499999999926134e-02
-2.80205999999999999517e+00	-2.93136499999999966537e-02	6.38933300499999884403e-02
-2.81740499999999993719e+00	4.47754500000000013604e-02	8.23348005000000028597e-03
-2.80996000000000023533e+00	-9.62830499999999950278e-02	5.84428300499999983653e-02
-2.81078999999999989967e+00	-1.65950500000000000789e-01	4.87284999999999940412e-02
-2.82336999999999971322e+00	-9.17595499999999952845e-02	-9.66466994999999953753e-03
-2.79847999999999963450e+00	-2.34115500000000004155e-01	4.16554999999999980842e-02
-2.76989999999999980673e+00	-2.98441500000000026205e-01	3.33491000000000065162e-02
-2.79561999999999999389e+00	-2.25752999999999981462e-01	-2.76853999999999988990e-02
-2.72984000000000026631e+00	-3.57715499999999964054e-01	2.50474500000000023514e-02
-2.67910499999999984766e+00	-4.11538500000000029289e-01	1.87876499999999994894e-02
-2.71630500000000019156e+00	-3.43901999999999985480e-01	-4.22516000000000002679e-02
-2.63653500000000029502e+00	-4.67860500000000012477e-01	1.23099999999999980271e-02
-2.60176499999999988333e+00	-5.26870500000000019369e-01	5.19689999999999735492e-03
-2.63079999999999980531e+00	-4.56735000000000002096e-01	-5.56245000000000072715e-02
-2.55182999999999982066e+00	-5.77902499999999985647e-01	-7.45300000000000822942e-04
-2.51142000000000020776e+00	-6.35559999999999902798e-01	-8.34854999999999972116e-03
-2.55562000000000022482e+00	-5.73402500000000037161e-01	-7.03408500000000103114e-02
-2.45501500000000039137e+00	-6.80773499999999920362e-01	-1.35085500000000011123e-02
-2.40315499999999993008e+00	-7.32318000000000024485e-01	-2.00781500000000029393e-02
-2.46335000000000015064e+00	-6.82604500000000058435e-01	-8.45136999999999971589e-02
-2.33933000000000035357e+00	-7.67817500000000041638e-01	-2.41071000000000028318e-02
-2.27812500000000017764e+00	-8.10257500000000074891e-01	-2.93044499999999992490e-02
-2.35028499999999995751e+00	-7.76588999999999973767e-01	-9.62806499999999954031e-02
-2.21669499999999963791e+00	-8.48275499999999960110e-01	-3.12675499999999981227e-02
-2.14889499999999999957e+00	-8.80425500000000083034e-01	-3.58225500000000016132e-02
-2.22128000000000014325e+00	-8.51179000000000018922e-01	-1.06033000000000002250e-01
-2.08155000000000001137e+00	-9.16090000000000070912e-01	-3.63969000000000028616e-02
-2.01290000000000013358e+00	-9.57573999999999925237e-01	-4.15958999999999981534e-02
-2.08483000000000018304e+00	-9.24812999999999996170e-01	-1.15787000000000001032e-01
-1.93785499999999988319e+00	-9.94688499999999975465e-01	-3.91457499999999930518e-02
-1.85715999999999992198e+00	-1.03154499999999993420e+00	-4.30712500000000053646e-02
-1.93548499999999989996e+00	-1.00315350000000003128e+00	-1.24911500000000008637e-01
-1.76934000000000013486e+00	-1.02894499999999999851e+00	-4.10996500000000014596e-02
-1.68253000000000008107e+00	-1.01169999999999982165e+00	-3.94796499999999911390e-02
-1.76798000000000010701e+00	-1.02276500000000014623e+00	-1.27216999999999996751e-01
-1.60383500000000012164e+00	-9.72954499999999944393e-01	-3.68192499999999978133e-02
-1.52486500000000013699e+00	-9.34719500000000036444e-01	-3.32952499999999984581e-02
-1.60220000000000006857e+00	-9.67284999999999950404e-01	-1.22072999999999987075e-01
-1.45466500000000009685e+00	-9.08524499999999957112e-01	-2.48792000000000040894e-02
-1.45600499999999999368e+00	-9.01019000000000014339e-01	-1.14980999999999999872e-01
-1.38744000000000000661e+00	-8.80493500000000040018e-01	-2.13112000000000023636e-02
-2.26702499999999984581e+00	1.03301799999999999180e+00	3.66190500000000002112e-02
-2.20180499999999979011e+00	1.08734000000000019526e+00	4.34170499999999917606e-02
-2.33003999999999988901e+00	9.75070499999999951157e-01	3.60899999999999970823e-02
-2.26729499999999983828e+00	1.04117250000000005627e+00	-4.30389500000000063684e-02
-2.38486500000000001265e+00	9.20191500000000051074e-01	2.92220000000000014462e-02
-2.44035000000000001918e+00	8.65402499999999963443e-01	2.64430000000000012261e-02
-2.38579499999999988802e+00	9.28436000000000039023e-01	-4.63469999999999993090e-02
-2.49186499999999977462e+00	8.10230499999999964622e-01	1.97264499999999995405e-02
-2.54842499999999994031e+00	7.58420499999999941920e-01	1.51644000000000014894e-02
-2.49784000000000006025e+00	8.21836999999999928690e-01	-5.36880500000000010496e-02
-2.58831499999999969930e+00	6.96910499999999988319e-01	7.81740000000000212488e-03
-2.62656000000000000583e+00	6.33258499999999946439e-01	2.92185000000000361098e-03
-2.59264500000000008839e+00	7.06374999999999975131e-01	-6.31456499999999976147e-02
-2.65916499999999977888e+00	5.70123000000000046406e-01	-4.53624999999999861666e-03
-2.69251500000000021373e+00	5.06592500000000001137e-01	-1.04770000000000002016e-02
-2.66423999999999994159e+00	5.79192499999999999005e-01	-7.39819499999999907747e-02
-2.71117000000000007987e+00	4.40736499999999975508e-01	-1.84761999999999981803e-02
-2.72991999999999990223e+00	3.74153999999999986592e-01	-2.43900499999999964551e-02
-2.71633999999999975472e+00	4.49079499999999964821e-01	-8.58365499999999975733e-02
-2.74934000000000011710e+00	3.10423000000000004484e-01	-3.12726499999999990598e-02
-2.76989999999999980673e+00	2.46138000000000023437e-01	-3.82704500000000044646e-02
-2.75565000000000015490e+00	3.18211999999999994859e-01	-9.87482000000000081918e-02
-2.79423999999999983501e+00	1.82785000000000003029e-01	-4.46643500000000054362e-02
-2.81316999999999994841e+00	1.20033500000000015184e-01	-5.28643500000000043926e-02
-2.79513999999999995794e+00	1.91175499999999998213e-01	-1.13946000000000005614e-01
-2.81830500000000006011e+00	5.31659500000000034836e-02	-6.10481699500000016267e-02
-2.82373000000000029530e+00	-1.54117749999999990862e-02	-7.05406699500000095027e-02
-2.81949499999999986244e+00	5.98462750000000043293e-02	-1.31638499999999991630e-01
-2.82455999999999995964e+00	-8.50792249999999944388e-02	-8.02550000000000068878e-02
-2.81437500000000007105e+00	-1.52693499999999982020e-01	-9.00675000000000086642e-02
-2.81473499999999976495e+00	-7.63457250000000031687e-02	-1.50943500000000008221e-01
-2.78579500000000024329e+00	-2.17019499999999976314e-01	-9.83739000000000002322e-02
-2.75113500000000010814e+00	-2.78063500000000018986e-01	-1.03057899999999993956e-01
-2.76989000000000018531e+00	-2.05004000000000019543e-01	-1.65440000000000003721e-01
-2.70040000000000013358e+00	-3.31886499999999973198e-01	-1.09317700000000003757e-01
-2.65908000000000033225e+00	-3.86967000000000005411e-01	-1.14565200000000005920e-01
-2.69390999999999980474e+00	-3.21128500000000038916e-01	-1.75371500000000013486e-01
-2.62430999999999992056e+00	-4.45977000000000012303e-01	-1.21678300000000003123e-01
-2.58507499999999978968e+00	-5.00461000000000044707e-01	-1.28147800000000006149e-01
-2.61335500000000031662e+00	-4.30692999999999992511e-01	-1.87088499999999990919e-01
-2.54466500000000017678e+00	-5.58118499999999961858e-01	-1.35751050000000011986e-01
-2.50771500000000013841e+00	-6.15775500000000031164e-01	-1.45715549999999999242e-01
-2.53717000000000014737e+00	-5.42834000000000038710e-01	-2.03522499999999995079e-01
-2.45585500000000012122e+00	-6.67320000000000024265e-01	-1.52285150000000008008e-01
-2.41145000000000031548e+00	-7.23720000000000029949e-01	-1.62469150000000006617e-01
-2.45581500000000030326e+00	-6.56891000000000002679e-01	-2.23671000000000008701e-01
-2.35024500000000013955e+00	-7.66159999999999952180e-01	-1.67666499999999996096e-01
-2.29002000000000016655e+00	-8.08595500000000022567e-01	-1.74660000000000009690e-01
-2.35118500000000008043e+00	-7.55726499999999967727e-01	-2.40848500000000020904e-01
-2.22222000000000008413e+00	-8.40745500000000034468e-01	-1.79215000000000013181e-01
-2.15295000000000014140e+00	-8.70294000000000012029e-01	-1.84280500000000013738e-01
-2.22169000000000016470e+00	-8.27710500000000015675e-01	-2.52907500000000007301e-01
-2.08429999999999981952e+00	-9.11777999999999977376e-01	-1.89479499999999995152e-01
-2.02011999999999991573e+00	-9.66366000000000058279e-01	-2.03622999999999998444e-01
-2.08823999999999987409e+00	-9.11847000000000074138e-01	-2.72116499999999983395e-01
-1.93942499999999995453e+00	-1.00322250000000012804e+00	-2.07548500000000024635e-01
-1.85463999999999984425e+00	-1.02290500000000017522e+00	-2.13814500000000018431e-01
-1.93927499999999986002e+00	-9.86117499999999980176e-01	-2.92526000000000008239e-01
-1.76783000000000001251e+00	-1.00565999999999999837e+00	-2.12194500000000008111e-01
-1.67995999999999989782e+00	-9.89043000000000005478e-01	-2.11509000000000002562e-01
-1.76662000000000007915e+00	-9.89183000000000034468e-01	-2.98106499999999996486e-01
-1.60098999999999991317e+00	-9.50808000000000097529e-01	-2.07985000000000003206e-01
-1.52902500000000007851e+00	-9.09440500000000096037e-01	-2.00164000000000008583e-01
-1.60678499999999990777e+00	-9.31198500000000040089e-01	-2.89599999999999968558e-01
-1.46179999999999998828e+00	-8.81409499999999956898e-01	-1.96595999999999992980e-01
-1.47429500000000013316e+00	-8.53593500000000005024e-01	-2.75735500000000022247e-01
-1.40127500000000004832e+00	-8.45172000000000034348e-01	-1.90552499999999985780e-01
-2.23367000000000004434e+00	1.05217000000000004967e+00	-1.23969450000000008805e-01
-2.18876500000000007162e+00	1.04114499999999998714e+00	-2.08081500000000002570e-01
-2.15937499999999982236e+00	1.08809500000000003439e+00	-1.26621950000000010883e-01
-2.29668500000000008754e+00	9.94222500000000009024e-01	-1.24498499999999998056e-01
-2.35270000000000001350e+00	9.35510000000000063736e-01	-1.19403999999999996251e-01
-2.31907499999999977547e+00	9.46507500000000057128e-01	-2.00334499999999998687e-01
-2.40818500000000002004e+00	8.80720999999999976104e-01	-1.22182999999999999940e-01
-2.47314499999999970470e+00	8.36765999999999898762e-01	-1.27383999999999997232e-01
-2.44005000000000027427e+00	8.43839999999999923475e-01	-2.00440999999999980297e-01
-2.52970499999999987040e+00	7.84955999999999987082e-01	-1.31946049999999981406e-01
-2.58631499999999991957e+00	7.30177500000000034852e-01	-1.37062550000000005213e-01
-2.56162000000000000810e+00	7.45106500000000004924e-01	-2.10758500000000015273e-01
-2.62455999999999978201e+00	6.66525500000000103995e-01	-1.41958100000000003726e-01
-2.65588500000000005130e+00	5.97439999999999971081e-01	-1.44404099999999979698e-01
-2.64955500000000032657e+00	6.21242500000000030802e-01	-2.18320999999999987295e-01
-2.68923500000000004206e+00	5.33909500000000036835e-01	-1.50344850000000002099e-01
-2.70592999999999994643e+00	4.63587499999999985700e-01	-1.52901850000000005814e-01
-2.69757500000000005613e+00	4.81835000000000013287e-01	-2.23323999999999994737e-01
-2.72468000000000021288e+00	3.97004999999999996785e-01	-1.58815700000000004088e-01
-2.73805500000000012761e+00	3.29621999999999970576e-01	-1.63968200000000008387e-01
-2.72764499999999987523e+00	3.44130000000000046967e-01	-2.31033500000000002750e-01
-2.75861499999999981725e+00	2.65337000000000045041e-01	-1.70966000000000006853e-01
-2.77672499999999988773e+00	2.00533999999999990038e-01	-1.81526500000000007295e-01
-2.75912999999999986045e+00	2.11944000000000021267e-01	-2.46746500000000007491e-01
-2.79565500000000000114e+00	1.37782500000000002194e-01	-1.89726500000000020130e-01
-2.80107999999999979224e+00	6.92047749999999961545e-02	-1.99219000000000007189e-01
-2.79584999999999972431e+00	1.52552499999999979785e-03	-2.05208000000000001517e-01
-2.77200999999999986301e+00	7.94617499999999976623e-02	-2.63295999999999974506e-01
-2.78566499999999983572e+00	-6.60887500000000016609e-02	-2.15020500000000003293e-01
-2.77550999999999969958e+00	-1.33024499999999989974e-01	-2.22468500000000013461e-01
-2.75662499999999965894e+00	-5.51532500000000008855e-02	-2.76733000000000006757e-01
-2.74085000000000000853e+00	-1.94068500000000004890e-01	-2.27152500000000007185e-01
-2.72198500000000009891e+00	-2.59245999999999976460e-01	-2.36007500000000008944e-01
-2.72760500000000005727e+00	-1.87266500000000002402e-01	-2.93036000000000018684e-01
-2.68066500000000029758e+00	-3.14326500000000008672e-01	-2.41254999999999997229e-01
-2.64949000000000012278e+00	-3.76756499999999994177e-01	-2.50087999999999976986e-01
-2.67756499999999997286e+00	-3.14873999999999987232e-01	-3.10724000000000000199e-01
-2.61025499999999999190e+00	-4.31240500000000026581e-01	-2.56557499999999993889e-01
-2.56577500000000036096e+00	-4.85698999999999991850e-01	-2.64371999999999995890e-01
-2.60191000000000016712e+00	-4.31762499999999993516e-01	-3.27371499999999981956e-01
-2.52882500000000032259e+00	-5.43355999999999950134e-01	-2.74336499999999983146e-01
-2.48185500000000036636e+00	-5.97210999999999936350e-01	-2.83735500000000029353e-01
-2.51046000000000013586e+00	-5.40076000000000000512e-01	-3.44585000000000030163e-01
-2.43745000000000011653e+00	-6.53610999999999942034e-01	-2.93919500000000000206e-01
-2.38397499999999995524e+00	-7.03133000000000008001e-01	-3.04115499999999983061e-01
-2.41001500000000001833e+00	-6.43453000000000052694e-01	-3.64180000000000003713e-01
-2.32374999999999998224e+00	-7.45568500000000078387e-01	-3.11108999999999968900e-01
-2.25696999999999992070e+00	-7.79388500000000039591e-01	-3.16408499999999981434e-01
-2.28976000000000023960e+00	-7.26795000000000079865e-01	-3.79675499999999999101e-01
-2.18770000000000042206e+00	-8.08937000000000017153e-01	-3.21474000000000037502e-01
-2.12521499999999985420e+00	-8.53756999999999988127e-01	-3.37042500000000022631e-01
-2.16049500000000005429e+00	-8.05435000000000012044e-01	-4.00543499999999996763e-01
-2.06103499999999995040e+00	-9.08344999999999958007e-01	-3.51185999999999998167e-01
-1.98777000000000003688e+00	-9.52525000000000066080e-01	-3.72019500000000002959e-01
-2.02474500000000023903e+00	-8.94434999999999980069e-01	-4.36945499999999986684e-01
-1.90298500000000014865e+00	-9.72207500000000002238e-01	-3.78285499999999996756e-01
-1.81470500000000001251e+00	-9.60768999999999984141e-01	-3.74780499999999960892e-01
-1.86319999999999996732e+00	-9.27176500000000070045e-01	-4.54273999999999955612e-01
-1.72683499999999989782e+00	-9.44152000000000102276e-01	-3.74094999999999955342e-01
-1.64952999999999994074e+00	-9.10036500000000025956e-01	-3.64572000000000007169e-01
-1.69761499999999987409e+00	-8.81622499999999975628e-01	-4.41246000000000027086e-01
-1.57756499999999988404e+00	-8.68669000000000024464e-01	-3.56751000000000040302e-01
-1.50380000000000002558e+00	-8.37622000000000088704e-01	-3.54004499999999999726e-01
-1.54654500000000005855e+00	-8.16459999999999963549e-01	-4.28976499999999982826e-01
-1.44327499999999986358e+00	-8.01384499999999944109e-01	-3.47960999999999964771e-01
-2.13814499999999974023e+00	1.00765949999999993025e+00	-2.73981000000000030070e-01
-2.08945000000000025153e+00	9.70689499999999982904e-01	-3.44740500000000005265e-01
-2.06577499999999991687e+00	1.04010000000000002451e+00	-2.81493500000000007599e-01
-2.21243999999999996220e+00	9.71734499999999945530e-01	-2.71328500000000027992e-01
-2.27773000000000003240e+00	9.36831999999999998074e-01	-2.69453500000000012449e-01
-2.22711000000000014509e+00	9.03346500000000052211e-01	-3.35353000000000012193e-01
-2.33374500000000040245e+00	8.78119499999999941764e-01	-2.64359000000000010644e-01
-2.39469500000000001805e+00	8.36753499999999927894e-01	-2.67123500000000013710e-01
-2.35334999999999983089e+00	8.27077999999999979863e-01	-3.36242499999999999716e-01
-2.45965499999999970271e+00	7.92798499999999961574e-01	-2.72324499999999969369e-01
-2.51952499999999979252e+00	7.44615999999999944592e-01	-2.77749999999999996891e-01
-2.47416999999999998039e+00	7.37529499999999949011e-01	-3.44432500000000030305e-01
-2.57613499999999984169e+00	6.89837500000000103384e-01	-2.82866500000000020698e-01
-2.62173000000000033793e+00	6.30166000000000003922e-01	-2.87218000000000028837e-01
-2.57963500000000012236e+00	6.29675500000000054612e-01	-3.54209500000000010456e-01
-2.65305500000000016314e+00	5.61080499999999982030e-01	-2.89664000000000032564e-01
-2.67670500000000011198e+00	4.92644999999999999574e-01	-2.90291999999999994486e-01
-2.64888000000000012335e+00	5.01568499999999972694e-01	-3.59188999999999980517e-01
-2.69340000000000001634e+00	4.22323000000000003951e-01	-2.92849000000000025956e-01
-2.70622999999999969134e+00	3.54079499999999991466e-01	-2.95930000000000026361e-01
-2.68536000000000019128e+00	3.64889499999999977753e-01	-3.62897999999999998355e-01
-2.71960499999999960608e+00	2.86696500000000020769e-01	-3.01082500000000030660e-01
-2.72362999999999999545e+00	2.19237500000000029576e-01	-3.04703500000000016001e-01
-2.70221499999999981156e+00	2.29187000000000029587e-01	-3.69600000000000039613e-01
-2.74174000000000006594e+00	1.54434500000000002329e-01	-3.15263999999999988688e-01
-2.73650999999999999801e+00	8.67552500000000059721e-02	-3.21253000000000010772e-01
-2.74415999999999993264e+00	2.11823499999999990961e-02	-3.31340500000000037772e-01
-2.71389000000000013557e+00	9.61551000000000072321e-02	-3.83308500000000051955e-01
-2.73400499999999979650e+00	-4.57533999999999996255e-02	-3.38788500000000047940e-01
-2.74016999999999999460e+00	-1.14642500000000008287e-01	-3.53492499999999987281e-01
-2.72770500000000026830e+00	-3.83068999999999978967e-02	-4.08100000000000018296e-01
-2.72130500000000008498e+00	-1.79820000000000007612e-01	-3.62347500000000044551e-01
-2.70044000000000039563e+00	-2.47999499999999983846e-01	-3.73105499999999978833e-01
-2.71300499999999988887e+00	-1.75375499999999989731e-01	-4.33562000000000002942e-01
-2.66926500000000022084e+00	-3.10429499999999969351e-01	-3.81938499999999958590e-01
-2.62362499999999965183e+00	-3.66583499999999951058e-01	-3.86066499999999979131e-01
-2.64650000000000007461e+00	-2.99709000000000003183e-01	-4.48447999999999957765e-01
-2.57914500000000002089e+00	-4.21042000000000027349e-01	-3.93880999999999981132e-01
-2.53046000000000015362e+00	-4.72732000000000041062e-01	-4.00077000000000015945e-01
-2.55217500000000008242e+00	-4.07552999999999998604e-01	-4.58771999999999957609e-01
-2.48349000000000019739e+00	-5.26587000000000027278e-01	-4.09476000000000006640e-01
-2.43318000000000012051e+00	-5.77446499999999973696e-01	-4.18952500000000005453e-01
-2.45318000000000013827e+00	-5.10102500000000014246e-01	-4.74444499999999991235e-01
-2.37970499999999995921e+00	-6.26968500000000039662e-01	-4.29148499999999988308e-01
-2.31992500000000001492e+00	-6.67340999999999962000e-01	-4.36869500000000021700e-01
-2.34309000000000011710e+00	-6.01334499999999994024e-01	-4.91642000000000023441e-01
-2.25314499999999995339e+00	-7.01161000000000034227e-01	-4.42169000000000034234e-01
-2.19115000000000037517e+00	-7.40481500000000014694e-01	-4.55184499999999991893e-01
-2.22131500000000015049e+00	-6.81027500000000007851e-01	-5.12378500000000070003e-01
-2.12866499999999980730e+00	-7.85301499999999985668e-01	-4.70752999999999977021e-01
-2.06280000000000018900e+00	-8.24479999999999990656e-01	-4.91141999999999967486e-01
-2.09345500000000006580e+00	-7.59526499999999993307e-01	-5.45783000000000018126e-01
-1.98953500000000005343e+00	-8.68659999999999987708e-01	-5.11975500000000027789e-01
-1.90950500000000000789e+00	-8.84183999999999969965e-01	-5.23672999999999944087e-01
-1.94755999999999995786e+00	-8.14228999999999980552e-01	-5.77869500000000035911e-01
-1.82122500000000009379e+00	-8.72745499999999951868e-01	-5.20167999999999963734e-01
-1.73593500000000000583e+00	-8.65919499999999953133e-01	-5.23441500000000004000e-01
-1.78223999999999982435e+00	-8.22926999999999964075e-01	-5.92840499999999992475e-01
-1.65863000000000004874e+00	-8.31803999999999987836e-01	-5.13918500000000055827e-01
-1.58544499999999999318e+00	-7.90623999999999993449e-01	-5.01288000000000066869e-01
-1.62376500000000012491e+00	-7.74920999999999970953e-01	-5.83483500000000043784e-01
-1.51168000000000013472e+00	-7.59576999999999946667e-01	-4.98541500000000026294e-01
-1.49103000000000007752e+00	-6.91038499999999999979e-01	-5.65225000000000088463e-01
-1.45212999999999992085e+00	-7.16874500000000081101e-01	-4.92913500000000004420e-01
-2.08232999999999979224e+00	9.12103499999999955961e-01	-3.99096500000000020680e-01
-2.00995999999999996888e+00	9.44544000000000050221e-01	-4.06608999999999998209e-01
-2.15298500000000014865e+00	8.88388999999999984247e-01	-3.94904000000000032777e-01
-2.07349499999999986599e+00	8.62243499999999940542e-01	-4.56772500000000025722e-01
-2.21827500000000021885e+00	8.53486500000000036792e-01	-3.93028999999999961723e-01
-2.28154500000000037829e+00	8.18279500000000048487e-01	-3.91098500000000015575e-01
-2.20741999999999993776e+00	8.03321999999999980524e-01	-4.50649499999999980648e-01
-2.34249499999999999389e+00	7.76913500000000034618e-01	-3.93862999999999963130e-01
-2.41171999999999986386e+00	7.43964499999999917534e-01	-4.05177499999999968239e-01
-2.33991499999999996717e+00	7.35165999999999986159e-01	-4.60033499999999984098e-01
-2.47158999999999995367e+00	6.95782000000000011575e-01	-4.10602999999999995762e-01
-2.52635500000000012832e+00	6.42502499999999976410e-01	-4.16115000000000012648e-01
-2.46390500000000001180e+00	6.48937499999999944933e-01	-4.76860000000000006093e-01
-2.57195000000000018048e+00	5.82830999999999987971e-01	-4.20466500000000020787e-01
-2.61538499999999984880e+00	5.20779499999999950788e-01	-4.26576999999999983970e-01
-2.56210499999999985477e+00	5.33606499999999983608e-01	-4.88482500000000041673e-01
-2.63903499999999979764e+00	4.52343999999999968331e-01	-4.27205000000000001403e-01
-2.67447000000000034703e+00	3.85081000000000006622e-01	-4.36613999999999946589e-01
-2.64097500000000007248e+00	4.04291999999999984716e-01	-5.04001999999999950042e-01
-2.68730000000000002203e+00	3.16837499999999994138e-01	-4.39694999999999946994e-01
-2.68211500000000002686e+00	2.42579500000000003457e-01	-4.35697499999999959819e-01
-2.67122500000000018261e+00	2.62770999999999976815e-01	-5.09413499999999963563e-01
-2.68613999999999997215e+00	1.75120500000000012264e-01	-4.39318500000000000671e-01
-2.69378999999999990678e+00	1.09547599999999994980e-01	-4.49405999999999972161e-01
-2.70889500000000005286e+00	4.04544999999999974061e-02	-4.64363500000000040124e-01
-2.68114499999999988944e+00	1.19419899999999995499e-01	-5.20373500000000044352e-01
-2.71506000000000025096e+00	-2.84346000000000008467e-02	-4.79067499999999979465e-01
-2.70809500000000014097e+00	-1.01266599999999998283e-01	-4.92820499999999994678e-01
-2.68928499999999992554e+00	-2.25051999999999995106e-02	-5.49084000000000016506e-01
-2.68723000000000000753e+00	-1.69446099999999988395e-01	-5.03578500000000039982e-01
-2.64838000000000040046e+00	-2.33625499999999985956e-01	-5.05332499999999962270e-01
-2.64346999999999976438e+00	-1.59516600000000008386e-01	-5.64591000000000065029e-01
-2.60273999999999983146e+00	-2.89779499999999967663e-01	-5.09460499999999982812e-01
-2.55960499999999990806e+00	-3.48053500000000015646e-01	-5.15220499999999970164e-01
-2.56148500000000023391e+00	-2.81969999999999998419e-01	-5.72104999999999974669e-01
-2.51092000000000004079e+00	-3.99743500000000029360e-01	-5.21416499999999949466e-01
-2.45782500000000014850e+00	-4.52277499999999998970e-01	-5.28259499999999992959e-01
-2.46525499999999997414e+00	-3.92777999999999960501e-01	-5.84708000000000005514e-01
-2.40751500000000007162e+00	-5.03136999999999945388e-01	-5.37735999999999991772e-01
-2.35160500000000016740e+00	-5.51016999999999979032e-01	-5.49955500000000041538e-01
-2.35625000000000017764e+00	-4.93191999999999963755e-01	-6.03770499999999987750e-01
-2.29182500000000022311e+00	-5.91389500000000012392e-01	-5.57676500000000019419e-01
-2.23125499999999998835e+00	-6.33947499999999997122e-01	-5.73838999999999987978e-01
-2.23977000000000003865e+00	-5.83629999999999982130e-01	-6.32152500000000006075e-01
-2.16925999999999996604e+00	-6.73267999999999977589e-01	-5.86854500000000056659e-01
-2.09818999999999977746e+00	-7.05268500000000075900e-01	-6.04999500000000023370e-01
-2.10813000000000005940e+00	-6.58188500000000065171e-01	-6.66460000000000052367e-01
-2.03232500000000015916e+00	-7.44447000000000080888e-01	-6.25388500000000013834e-01
-1.95229499999999989157e+00	-7.59970999999999952124e-01	-6.37086000000000041155e-01
-1.87189000000000005386e+00	-7.87390000000000034319e-01	-6.64104999999999945359e-01
-1.95665500000000003311e+00	-7.17608000000000023633e-01	-7.11624000000000034305e-01
-1.78659999999999996589e+00	-7.80564000000000035584e-01	-6.67378500000000096648e-01
-1.69825999999999988077e+00	-7.60237999999999969347e-01	-6.62433000000000049567e-01
-1.78791000000000011028e+00	-7.24701000000000039591e-01	-7.33697500000000002451e-01
-1.62507500000000004725e+00	-7.19057999999999974960e-01	-6.49802500000000060609e-01
-1.56206500000000003681e+00	-6.66254499999999971749e-01	-6.20337000000000027278e-01
-1.63656000000000001471e+00	-6.51571499999999970143e-01	-6.99286499999999922039e-01
-1.50251500000000004498e+00	-6.23551999999999995161e-01	-6.14708999999999949893e-01
-1.51109500000000007702e+00	-5.56838500000000014012e-01	-6.67360999999999982002e-01
-1.44005999999999989569e+00	-5.81622499999999931219e-01	-6.12249000000000043187e-01
-2.00130000000000007887e+00	8.50443000000000060012e-01	-5.31358499999999955854e-01
-1.92154999999999986926e+00	8.08573500000000056076e-01	-5.98495999999999916952e-01
-1.92308999999999996611e+00	8.44088500000000019341e-01	-5.28102500000000030234e-01
-2.07195499999999999119e+00	8.26728499999999977277e-01	-5.27166000000000023462e-01
-2.14168999999999964956e+00	7.97849999999999948130e-01	-5.16615999999999964132e-01
-2.06949499999999986244e+00	7.86049500000000067601e-01	-5.91202000000000005286e-01
-2.20495999999999980901e+00	7.62642999999999959826e-01	-5.14685499999999906962e-01
-2.27825999999999995183e+00	7.39874499999999990507e-01	-5.25606999999999935369e-01
-2.21253000000000010772e+00	7.34402500000000069136e-01	-5.91573499999999974364e-01
-2.34748499999999982180e+00	7.06925499999999984446e-01	-5.36921500000000051500e-01
-2.40833999999999992525e+00	6.58803499999999986336e-01	-5.40532000000000012463e-01
-2.34668499999999990990e+00	6.63511999999999990685e-01	-6.06105499999999963734e-01
-2.46310500000000009990e+00	6.05523999999999951172e-01	-5.46043999999999973838e-01
-2.50595999999999996533e+00	5.42586499999999971600e-01	-5.45418500000000028294e-01
-2.45039500000000032287e+00	5.52452500000000013003e-01	-6.09090499999999979153e-01
-2.54939500000000007773e+00	4.80534999999999989928e-01	-5.51529000000000046988e-01
-2.58835000000000015064e+00	4.15399500000000032607e-01	-5.60916500000000040060e-01
-2.53220500000000026120e+00	4.24379500000000020599e-01	-6.17852500000000026681e-01
-2.62378499999999981185e+00	3.48136500000000015387e-01	-5.70325500000000040757e-01
-2.63557500000000022311e+00	2.75201000000000028933e-01	-5.71586499999999997357e-01
-2.58294999999999985718e+00	2.86308500000000021313e-01	-6.28500999999999976353e-01
-2.63039000000000022794e+00	2.00942999999999982741e-01	-5.67589000000000010182e-01
-2.64549499999999992994e+00	1.31849899999999992106e-01	-5.82546500000000078145e-01
-2.64941000000000004277e+00	6.00863499999999967072e-02	-5.91994499999999979067e-01
-2.59865499999999993719e+00	1.41609449999999997827e-01	-6.39210000000000055920e-01
-2.64244499999999993278e+00	-1.27456499999999972594e-02	-6.05747499999999994280e-01
-2.62302999999999997272e+00	-8.29909000000000063313e-02	-6.11391500000000087667e-01
-2.58315500000000008995e+00	-3.99349999999999705214e-04	-6.54301999999999939206e-01
-2.58417999999999992156e+00	-1.47170300000000003893e-01	-6.13145500000000009955e-01
-2.55398000000000013898e+00	-2.12834500000000009790e-01	-6.21543999999999985384e-01
-2.53354000000000034731e+00	-1.36308800000000007735e-01	-6.68344500000000008022e-01
-2.51084499999999977149e+00	-2.71108499999999974506e-01	-6.27303999999999972736e-01
-2.46880499999999969418e+00	-3.30890499999999976311e-01	-6.38506000000000017991e-01
-2.46130000000000004334e+00	-2.61755000000000015437e-01	-6.87945000000000028706e-01
-2.41570999999999980190e+00	-3.83424500000000001432e-01	-6.45348999999999950461e-01
-2.35993000000000030525e+00	-4.32763000000000008782e-01	-6.54306999999999971962e-01
-2.36348000000000002530e+00	-3.70875500000000024592e-01	-7.08104999999999984439e-01
-2.30401999999999995694e+00	-4.80642999999999986915e-01	-6.66526500000000021728e-01
-2.24598500000000012022e+00	-5.26736499999999940869e-01	-6.87827999999999994962e-01
-2.24966500000000024784e+00	-4.66307499999999985896e-01	-7.38364499999999979174e-01
-2.18541499999999988546e+00	-5.69294500000000036621e-01	-7.03990499999999963521e-01
-2.11366999999999993776e+00	-6.00131999999999998785e-01	-7.21898499999999998522e-01
-2.11988500000000001933e+00	-5.43238499999999957524e-01	-7.77573999999999987409e-01
-2.04260000000000019327e+00	-6.32132499999999986073e-01	-7.40043500000000076255e-01
-1.96219499999999991147e+00	-6.59551500000000068269e-01	-7.67062499999999980460e-01
-1.88039000000000000590e+00	-6.72085999999999961219e-01	-7.82569500000000028983e-01
-1.96633499999999994401e+00	-5.86610500000000034682e-01	-8.10988999999999959911e-01
-1.79205000000000014282e+00	-6.51760000000000006004e-01	-7.77623999999999981902e-01
-1.71479999999999987992e+00	-6.24014999999999986358e-01	-7.57592500000000002025e-01
-1.80727999999999999758e+00	-5.71400000000000019007e-01	-8.06464500000000028557e-01
-1.65179000000000009152e+00	-5.71211499999999983146e-01	-7.28126999999999968693e-01
-1.58823500000000006338e+00	-5.28518999999999961048e-01	-7.06944499999999975692e-01
-1.66647499999999992859e+00	-5.00962499999999977263e-01	-7.65250500000000055678e-01
-1.52577999999999991410e+00	-4.86589500000000008129e-01	-7.04484499999999957964e-01
-1.54010999999999986798e+00	-4.13818499999999978023e-01	-7.42732500000000017693e-01
-1.46296999999999988162e+00	-4.42137999999999975476e-01	-7.03149000000000024002e-01
-1.92056499999999985562e+00	7.56796999999999941977e-01	-6.56992000000000020421e-01
-1.84235499999999996490e+00	7.50442500000000012328e-01	-6.53735999999999983778e-01
-1.99450499999999997236e+00	7.59797500000000014531e-01	-6.56634500000000009834e-01
-1.91530999999999984595e+00	7.01666499999999970782e-01	-7.11874499999999965638e-01
-2.06423999999999985278e+00	7.30919000000000096406e-01	-6.46084499999999950504e-01
-2.13666000000000000369e+00	7.15144500000000071793e-01	-6.46279000000000047876e-01
-2.06166999999999989157e+00	6.88892500000000018723e-01	-7.11711500000000052424e-01
-2.20995999999999970242e+00	6.92375999999999991452e-01	-6.57200500000000076284e-01
-2.27897000000000016229e+00	6.60658500000000037389e-01	-6.65092999999999934246e-01
-2.20310000000000005826e+00	6.41400500000000040046e-01	-7.19798500000000007759e-01
-2.33982500000000026574e+00	6.12536500000000039279e-01	-6.68703500000000006231e-01
-2.39289500000000021629e+00	5.58665999999999995929e-01	-6.68907000000000029338e-01
-2.32518000000000002458e+00	5.55812500000000042633e-01	-7.27894499999999999851e-01
-2.43575000000000008171e+00	4.95728500000000016357e-01	-6.68281499999999972772e-01
-2.46711500000000016897e+00	4.29018000000000010452e-01	-6.63734500000000005038e-01
-2.40961500000000006239e+00	4.35231499999999993378e-01	-7.23551000000000055223e-01
-2.50607000000000024187e+00	3.63882499999999997620e-01	-6.73121999999999998110e-01
-2.52501499999999978741e+00	2.94915000000000038227e-01	-6.75341999999999997861e-01
-2.45992500000000013927e+00	2.99553500000000028081e-01	-7.21223999999999976218e-01
-2.53680500000000019867e+00	2.21979499999999996263e-01	-6.76603000000000065484e-01
-2.54072000000000031150e+00	1.50215950000000014741e-01	-6.86050999999999966406e-01
-2.53764000000000011781e+00	7.98411499999999996202e-02	-6.88261000000000011667e-01
-2.47578999999999993520e+00	1.60211199999999998056e-01	-7.25654000000000021231e-01
-2.51822500000000015774e+00	9.59589999999999748725e-03	-6.93904999999999994031e-01
-2.50338499999999974932e+00	-5.80271499999999995634e-02	-7.02462499999999989697e-01
-2.45786999999999977717e+00	2.22133499999999997621e-02	-7.36421499999999951136e-01
-2.47318499999999996675e+00	-1.23691350000000005460e-01	-7.10860999999999965127e-01
-2.44913000000000025125e+00	-1.88050500000000009315e-01	-7.29551000000000060552e-01
-2.41897499999999965326e+00	-1.09768850000000001144e-01	-7.63668999999999931205e-01
-2.40709000000000017394e+00	-2.47832500000000011120e-01	-7.40752999999999994785e-01
-2.36050499999999985334e+00	-3.02581500000000003237e-01	-7.52124000000000014765e-01
-2.34833500000000006125e+00	-2.28876999999999997115e-01	-7.93730000000000046612e-01
-2.30472500000000035669e+00	-3.51920000000000010587e-01	-7.61082000000000036266e-01
-2.24617000000000022197e+00	-3.95009999999999972253e-01	-7.73735999999999979337e-01
-2.24319500000000005002e+00	-3.26716000000000006409e-01	-8.17755000000000009663e-01
-2.18813499999999994117e+00	-4.41103499999999981718e-01	-7.95037499999999952571e-01
-2.12185500000000004661e+00	-4.73631499999999983075e-01	-8.17880999999999969141e-01
-2.11836000000000002075e+00	-4.02334000000000024944e-01	-8.53252499999999969305e-01
-2.05011000000000009891e+00	-5.04469000000000056261e-01	-8.35789000000000004142e-01
-1.96830499999999997129e+00	-5.17003500000000060233e-01	-8.51296000000000052665e-01
-1.89077000000000006175e+00	-5.19651000000000085066e-01	-8.49048999999999942645e-01
-1.97454499999999999460e+00	-4.37509499999999995623e-01	-8.73848999999999986876e-01
-1.81352000000000002089e+00	-4.91906000000000009909e-01	-8.29017499999999962768e-01
-1.74039000000000010360e+00	-4.72042500000000031513e-01	-8.19439500000000098368e-01
-1.82387999999999994571e+00	-4.20293499999999986549e-01	-8.62024000000000012456e-01
-1.67683500000000007546e+00	-4.29350000000000009415e-01	-7.98256999999999994344e-01
-1.61609500000000005926e+00	-3.89716000000000006853e-01	-7.80212499999999975486e-01
-1.69001000000000001222e+00	-3.60796000000000005592e-01	-8.34401500000000018176e-01
-1.55328500000000002679e+00	-3.45264499999999974200e-01	-7.78877000000000041524e-01
-1.57356499999999988049e+00	-2.72156000000000009020e-01	-8.11837499999999989697e-01
-1.49758000000000013330e+00	-2.96258499999999980190e-01	-7.74357500000000031903e-01
-1.72683499999999989782e+00	5.98389999999999977476e-01	-7.64972500000000055209e-01
-1.69521500000000013841e+00	4.96787000000000034117e-01	-8.09228999999999976112e-01
-1.66718999999999994976e+00	5.50505000000000022098e-01	-7.62850499999999986933e-01
-1.79811500000000012989e+00	6.21669000000000027129e-01	-7.61791499999999954795e-01
-1.77008999999999994124e+00	6.75386999999999959599e-01	-7.15412999999999965617e-01
-1.87170499999999995211e+00	6.46171500000000009756e-01	-7.65811000000000019483e-01
-1.82845000000000013074e+00	5.69174500000000027633e-01	-8.15370499999999998053e-01
-1.94564499999999984681e+00	6.49172000000000082309e-01	-7.65453500000000008896e-01
-2.02439500000000016655e+00	6.45382000000000011219e-01	-7.70162000000000013245e-01
-1.98079000000000005066e+00	5.89887000000000050193e-01	-8.24098499999999956067e-01
-2.09681500000000031747e+00	6.29607499999999986606e-01	-7.70356499999999999595e-01
-2.16582499999999988916e+00	5.97890000000000032543e-01	-7.78248999999999968580e-01
-2.23412999999999994927e+00	5.60018499999999974648e-01	-7.72186499999999997890e-01
-2.12784499999999976438e+00	5.48225500000000032230e-01	-8.22744499999999989726e-01
-2.28719999999999989981e+00	5.06148000000000042320e-01	-7.72390000000000020997e-01
-2.33950000000000013500e+00	4.49753999999999987125e-01	-7.72525499999999976097e-01
-2.24845000000000005969e+00	4.53959999999999974651e-01	-8.16817499999999974136e-01
-2.37086500000000022226e+00	3.83043499999999981220e-01	-7.67978500000000008363e-01
-2.39808500000000002217e+00	3.12815500000000024095e-01	-7.66596000000000055152e-01
-2.32796999999999965070e+00	3.27338000000000017842e-01	-8.15570499999999976026e-01
-2.41703000000000001180e+00	2.43848000000000009191e-01	-7.68815999999999943881e-01
-2.41394999999999981810e+00	1.73473199999999994070e-01	-7.71025999999999989143e-01
-2.41609000000000007091e+00	9.96882000000000045858e-02	-7.72292500000000048388e-01
-2.35733000000000014751e+00	1.83325000000000015721e-01	-8.15454499999999971038e-01
-2.40125000000000010658e+00	3.20651500000000005963e-02	-7.80850000000000044054e-01
-2.38527000000000022339e+00	-3.83079999999999948335e-02	-7.93779000000000012349e-01
-2.34349000000000007304e+00	3.91668500000000030514e-02	-8.29649999999999998579e-01
-2.36121500000000006381e+00	-1.02667149999999998689e-01	-8.12468999999999996753e-01
-2.31871999999999989228e+00	-1.62835000000000007514e-01	-8.20402500000000034497e-01
-2.28501500000000001833e+00	-9.13741500000000012038e-02	-8.50512500000000004619e-01
-2.27213500000000001577e+00	-2.17583999999999999631e-01	-8.31773499999999943455e-01
-2.21357999999999988106e+00	-2.60674000000000016808e-01	-8.44427499999999997549e-01
-2.15524499999999985533e+00	-3.05429500000000020421e-01	-8.55440500000000048075e-01
-2.18418499999999982109e+00	-1.96297500000000013642e-01	-8.69458999999999981867e-01
-2.08896499999999996078e+00	-3.37957500000000021778e-01	-8.78284000000000064645e-01
-2.01927499999999993108e+00	-3.63651500000000016399e-01	-8.99629499999999970861e-01
-2.05615999999999976566e+00	-2.66747000000000011877e-01	-9.01817499999999938609e-01
-1.94174000000000002153e+00	-3.66299000000000041233e-01	-8.97382499999999971863e-01
-1.86528000000000004910e+00	-3.58566000000000051351e-01	-8.91465999999999980652e-01
-1.91000999999999998558e+00	-2.84708000000000016616e-01	-9.17246499999999964636e-01
-1.79214999999999990976e+00	-3.38702500000000017444e-01	-8.81888000000000005230e-01
-1.73140999999999989356e+00	-2.99068500000000014882e-01	-8.63843499999999986372e-01
-1.66219500000000008910e+00	-2.66276999999999985924e-01	-8.57682500000000014317e-01
-1.76433499999999998664e+00	-2.44183499999999997776e-01	-9.05169000000000001371e-01
-1.60648999999999997357e+00	-2.17270999999999991914e-01	-8.53163000000000004697e-01
-1.64545500000000011198e+00	-1.56357499999999982609e-01	-8.80692999999999948102e-01
-1.55682499999999990337e+00	-1.62236500000000005706e-01	-8.34848000000000034504e-01
-1.72675500000000003986e+00	4.33702000000000031932e-01	-8.50538000000000016243e-01
-1.66711000000000009180e+00	3.85817000000000021043e-01	-8.48416000000000058989e-01
-1.78515000000000001457e+00	4.84971000000000040941e-01	-8.48118000000000038519e-01
-1.75704499999999996795e+00	3.74001000000000027867e-01	-8.87305000000000010374e-01
-1.85874000000000005883e+00	5.09473500000000023569e-01	-8.52137499999999992184e-01
-1.93539499999999997648e+00	5.24303999999999992276e-01	-8.52034999999999986819e-01
-1.89209499999999986031e+00	4.40100500000000005585e-01	-8.84782500000000027285e-01
-2.01414500000000007418e+00	5.20513999999999921187e-01	-8.56743499999999991168e-01
-2.08244999999999969020e+00	4.82642499999999974314e-01	-8.50681000000000020478e-01
-2.15627499999999994174e+00	4.56512499999999987743e-01	-8.53974999999999928590e-01
-2.04257500000000025153e+00	4.28800999999999987722e-01	-8.87974000000000041055e-01
-2.20857499999999973284e+00	4.00118499999999988059e-01	-8.54110499999999994714e-01
-2.25987500000000007816e+00	3.40446999999999999620e-01	-8.60271500000000077790e-01
-2.16769999999999996021e+00	3.42999500000000012712e-01	-8.97429000000000032244e-01
-2.28709499999999987807e+00	2.70218999999999986983e-01	-8.58889000000000013557e-01
-2.28923499999999968679e+00	1.96433999999999997499e-01	-8.60155500000000072802e-01
-2.29845999999999994756e+00	1.19597999999999995979e-01	-8.57907500000000045048e-01
-2.22822500000000012221e+00	2.06492000000000008875e-01	-9.01341999999999976545e-01
-2.28248000000000006438e+00	4.92248500000000005494e-02	-8.70836500000000013344e-01
-2.25403500000000001080e+00	-2.16164499999999988600e-02	-8.72660999999999908994e-01
-2.20900499999999988532e+00	5.88146999999999975373e-02	-9.00918499999999955463e-01
-2.21153999999999983928e+00	-8.17843000000000042160e-02	-8.80594499999999946738e-01
-2.15320499999999981355e+00	-1.26539800000000007829e-01	-8.91607499999999997264e-01
-2.09931999999999963080e+00	-1.77367500000000011262e-01	-9.08990999999999993442e-01
-2.12667499999999964899e+00	-6.28543000000000018357e-02	-9.20126499999999958312e-01
-2.02963000000000004519e+00	-2.03061500000000005883e-01	-9.30336499999999899657e-01
-1.95316499999999981796e+00	-2.16193499999999982908e-01	-9.29722999999999966114e-01
-1.99632499999999990514e+00	-1.26813999999999982293e-01	-9.36896500000000020947e-01
-1.87670499999999984553e+00	-2.08460499999999993026e-01	-9.23806499999999974904e-01
-1.80498500000000006160e+00	-1.82996550000000007818e-01	-9.22930000000000028137e-01
-1.84813999999999989399e+00	-1.14482050000000001866e-01	-9.35406500000000029615e-01
-1.73577000000000003510e+00	-1.50205050000000006616e-01	-9.16768999999999945061e-01
-1.68610499999999996490e+00	-9.51705499999999926519e-02	-8.98453999999999974868e-01
-1.63958000000000003737e+00	-3.68200999999999945000e-02	-8.82286499999999973554e-01
-1.72989499999999996049e+00	-3.06676500000000011592e-02	-9.18362499999999970512e-01
-1.56191000000000013159e+00	-3.42099000000000014188e-02	-8.60485999999999973120e-01
-1.60570000000000012719e+00	3.02930000000000004823e-02	-8.80394499999999968765e-01
-1.74718499999999998806e+00	2.46028999999999997694e-01	-9.12681499999999923389e-01
-1.72320500000000009777e+00	1.73059000000000018371e-01	-9.16186999999999973632e-01
-1.67466999999999988091e+00	2.49762000000000011779e-01	-8.93230500000000038341e-01
-1.80557999999999996277e+00	2.97298000000000006704e-01	-9.10261500000000056687e-01
-1.84800500000000011980e+00	3.57657000000000002693e-01	-8.99123499999999964416e-01
-1.83814499999999991786e+00	2.29685000000000028031e-01	-9.24499999999999988454e-01
-1.92466000000000003745e+00	3.72487499999999971401e-01	-8.99021000000000070074e-01
-1.99848500000000006693e+00	3.46357499999999984830e-01	-9.02314999999999978186e-01
-2.07399500000000003297e+00	3.43710500000000029885e-01	-9.15659999999999918430e-01
-1.95608000000000004093e+00	2.87397000000000013564e-01	-9.26706999999999947448e-01
-2.12529499999999993420e+00	2.84039000000000041446e-01	-9.21821000000000001506e-01
-2.13452000000000019497e+00	2.07202999999999998293e-01	-9.19572999999999973753e-01
-2.16718499999999991701e+00	1.38556499999999999106e-01	-9.26749000000000044963e-01
-2.06425500000000017309e+00	2.16103500000000003922e-01	-9.47227999999999958902e-01
-2.13873999999999986343e+00	6.77152000000000031665e-02	-9.28573499999999940613e-01
-2.08485500000000012477e+00	1.68874999999999997335e-02	-9.45956999999999936790e-01
-2.04143999999999969930e+00	-4.53732000000000024187e-02	-9.54822999999999977305e-01
-2.05350499999999991374e+00	8.51963000000000025835e-02	-9.63270000000000070628e-01
-1.96497499999999991616e+00	-5.85051999999999933211e-02	-9.54209499999999932740e-01
-1.89325499999999991019e+00	-3.30412500000000011746e-02	-9.53332999999999985974e-01
-1.81719000000000008299e+00	-2.68443500000000029315e-02	-9.51478999999999963677e-01
-1.93402500000000010516e+00	2.91324999999999986744e-02	-9.70281999999999977824e-01
-1.77066500000000015547e+00	3.15060999999999952204e-02	-9.35311499999999962363e-01
-1.75432500000000013429e+00	1.06060700000000007748e-01	-9.32582000000000022055e-01
-1.66703000000000001180e+00	1.02237400000000006051e-01	-8.99465500000000028891e-01
-1.82684000000000001940e+00	1.02327699999999993663e-01	-9.52032999999999907104e-01
-1.91259500000000004505e+00	2.25522500000000014619e-01	-9.38333499999999931518e-01
-1.87016999999999988802e+00	1.65163500000000018630e-01	-9.49471500000000023789e-01
-1.98810500000000001108e+00	2.22875500000000004164e-01	-9.51678499999999982784e-01
-2.02076999999999973312e+00	1.54229000000000004977e-01	-9.58854499999999942972e-01
-1.97735499999999997378e+00	9.19683000000000028251e-02	-9.67720499999999983487e-01
-1.90128999999999992454e+00	9.81652000000000080071e-02	-9.65866499999999961190e-01
-7.35988499999999934431e-01	-2.52535999999999975774e-02	4.85253500000000004277e-01
-7.02128499999999933223e-01	5.74216999999999991311e-02	4.49747499999999966747e-01
-7.32392500000000001847e-01	-9.79298000000000112841e-02	4.91880499999999998284e-01
-7.25862499999999966072e-01	-2.01795500000000016527e-01	4.93005999999999999783e-01
-7.35157999999999978158e-01	-2.79569000000000011941e-01	5.00148999999999954724e-01
-6.92039499999999918600e-01	-3.61582500000000028884e-01	4.83619999999999994333e-01
-7.53273499999999929244e-01	2.04083500000000001018e-01	3.05398500000000017174e-01
-7.00682999999999944762e-01	1.49363999999999996771e-01	3.78159999999999996145e-01
-7.45465999999999962000e-01	-5.61980000000000035065e-01	3.65717999999999987537e-01
-6.86957499999999998685e-01	-4.76736500000000007482e-01	4.20924999999999993605e-01
-7.37739499999999992497e-01	2.20997500000000013376e-01	2.51060000000000005382e-01
-7.38586999999999993527e-01	2.57931999999999994611e-01	1.47422049999999998926e-01
-7.38262500000000043698e-01	-6.36067000000000049020e-01	2.97968499999999969496e-01
-7.45542499999999996874e-01	-7.08015999999999978698e-01	1.96549000000000001487e-01
-7.40033500000000010743e-01	2.89503500000000024706e-01	-6.25576350000000003249e-02
-7.30005999999999932726e-01	2.84052999999999999936e-01	3.66704149999999978737e-02
-7.53580000000000027605e-01	-7.55041999999999990933e-01	1.04314649999999994878e-01
-7.60982000000000047280e-01	-7.82393000000000005123e-01	-1.09970499999999977991e-02
-7.42045000000000065654e-01	2.97047500000000019860e-01	-1.18703500000000003456e-01
-7.38209499999999962938e-01	2.70006999999999997009e-01	-2.32675500000000007317e-01
-7.52558000000000060226e-01	-7.93207500000000065299e-01	-1.05784199999999994901e-01
-7.49029500000000014737e-01	-7.59471000000000007191e-01	-2.41029500000000007631e-01
-7.36103999999999980552e-01	2.11944000000000021267e-01	-3.75800000000000022915e-01
-6.99425999999999992163e-01	-5.68308999999999953090e-01	-4.99144000000000032102e-01
-7.41729499999999930537e-01	-6.64951999999999987523e-01	-4.10970500000000016350e-01
-6.52171000000000056218e-01	-1.07681499999999971684e-02	-4.79679999999999995275e-01
-7.04338000000000019618e-01	-1.90377499999999977298e-01	-5.30631999999999992568e-01
-7.42580500000000087724e-01	-3.70796999999999987718e-01	-5.65637999999999974143e-01
-7.10997499999999948983e-01	-4.73777499999999962554e-01	-5.45182000000000055451e-01
-1.48638499999999984524e+00	8.74512000000000067068e-02	8.75906999999999991147e-01
-1.48963499999999982037e+00	1.57908999999999993813e-01	8.86976999999999904389e-01
-1.47571999999999992070e+00	1.73984000000000013642e-02	8.60449000000000019384e-01
-1.46547500000000008313e+00	-4.69929000000000041126e-02	8.59974500000000086075e-01
-1.51507999999999998231e+00	3.65273500000000028720e-01	8.57947500000000085052e-01
-1.50342500000000001137e+00	2.95897000000000021114e-01	8.69994500000000003936e-01
-1.47067499999999995453e+00	-1.20200600000000004663e-01	8.40143000000000084171e-01
-1.46014500000000002622e+00	-1.87630500000000005612e-01	8.25056000000000011596e-01
-1.52581500000000014339e+00	4.28150000000000030553e-01	8.28993000000000090921e-01
-1.40428500000000000547e+00	-2.56964999999999998970e-01	8.11645500000000019725e-01
-1.34202500000000002345e+00	-3.07804999999999995275e-01	7.84815499999999999226e-01
-1.53529999999999988702e+00	4.87354000000000009418e-01	7.99328000000000038483e-01
-1.33475999999999994650e+00	-3.70962499999999972822e-01	7.35596000000000027619e-01
-1.63370999999999999552e+00	6.52206000000000063466e-01	7.22379499999999952209e-01
-1.60342500000000010019e+00	5.89059500000000069164e-01	7.45327999999999990521e-01
-1.38546999999999997932e+00	-5.69545999999999996710e-01	6.24167499999999986215e-01
-1.35556999999999994166e+00	-4.95107499999999978169e-01	6.62586000000000008292e-01
-1.63141000000000002679e+00	7.26776499999999936463e-01	6.90524499999999985533e-01
-1.66240999999999994330e+00	7.89279000000000063864e-01	6.58308499999999963137e-01
-1.37711000000000005627e+00	-6.25928499999999998771e-01	5.61391500000000043258e-01
-1.35434999999999994280e+00	-6.64808499999999913399e-01	4.92628500000000024706e-01
-7.30491000000000001435e-01	-4.24846000000000001418e-01	4.62160999999999988486e-01
-7.25130500000000011163e-01	1.15961000000000008514e-01	4.24447999999999991960e-01
-1.69528999999999996362e+00	8.49647000000000041098e-01	6.14203999999999972204e-01
-1.34553499999999992554e+00	-7.14093499999999936634e-01	4.20268500000000044814e-01
-1.38575500000000007006e+00	-7.65903500000000070358e-01	3.51662499999999988987e-01
-1.85763500000000014722e+00	9.13319500000000061846e-01	5.67630999999999996675e-01
-1.77627500000000004832e+00	9.26036499999999929145e-01	5.61158999999999963393e-01
-1.92765500000000011838e+00	9.73762999999999934175e-01	5.22511500000000017607e-01
-1.35342000000000006743e+00	-7.72369000000000083261e-01	2.80579499999999981696e-01
-1.30183500000000007546e+00	-7.77565000000000061675e-01	2.05176999999999998270e-01
-2.06052500000000016200e+00	1.04856499999999996930e+00	4.67936499999999977462e-01
-2.03892499999999987637e+00	1.08581499999999997463e+00	3.75720999999999971664e-01
-1.31844500000000008910e+00	-8.30330999999999930239e-01	1.20423299999999983134e-01
-1.34091500000000007908e+00	-8.64132499999999970086e-01	4.52643499999999948669e-02
-2.04959999999999986642e+00	1.11589999999999989200e+00	1.88065999999999983183e-01
-1.34225499999999997591e+00	-8.56627000000000027313e-01	-4.48374500000000009159e-02
-1.34424000000000010147e+00	-8.52821999999999968978e-01	-1.27013500000000001400e-01
-2.16563000000000016598e+00	1.10394499999999995410e+00	-6.55804000000000109072e-02
-2.17274999999999973710e+00	1.10274000000000005350e+00	2.77105500000000004590e-02
-1.35673500000000002430e+00	-8.25005999999999906080e-01	-2.06152999999999975156e-01
-1.35924999999999984723e+00	-7.96671499999999976893e-01	-2.81847500000000028564e-01
-7.54660499999999956344e-01	-7.31895500000000032159e-01	-3.30412499999999997868e-01
-2.12072500000000019327e+00	1.09291999999999989157e+00	-1.49692450000000004673e-01
-2.05757000000000012108e+00	1.08352000000000003865e+00	-2.29073499999999985466e-01
-1.33577999999999996739e+00	-7.52401499999999945345e-01	-3.47203499999999998238e-01
-7.43936500000000000554e-01	2.66581999999999985640e-01	-2.90414999999999978719e-01
-2.00887499999999974420e+00	1.04655000000000009130e+00	-2.99833000000000016172e-01
-1.93907499999999988205e+00	1.01499500000000009159e+00	-3.63325999999999982304e-01
-1.39900500000000005407e+00	-6.37185000000000001386e-01	-5.63512000000000012889e-01
-1.34463500000000002466e+00	-6.67891500000000082338e-01	-4.92156000000000037886e-01
-1.93195499999999986684e+00	9.56409000000000064645e-01	-4.17681999999999997719e-01
-1.89758000000000004448e+00	9.00403000000000064418e-01	-4.66974500000000014577e-01
-1.35578000000000020719e+00	-5.74451500000000003787e-01	-6.12699499999999952493e-01
-6.49370500000000072660e-01	6.31754000000000065507e-02	-4.68069000000000012829e-01
-7.64623000000000052623e-01	2.58140499999999994962e-01	-3.44916500000000014747e-01
-1.81782999999999983487e+00	8.58533500000000060481e-01	-5.34112000000000031186e-01
-1.78162500000000001421e+00	8.19159500000000040387e-01	-5.90799000000000074095e-01
-1.36436000000000001720e+00	-5.07738000000000022638e-01	-6.65351499999999984603e-01
-1.39640999999999992909e+00	-4.46096999999999965780e-01	-7.00091999999999936577e-01
-1.67374499999999981625e+00	6.93772999999999973042e-01	-6.93646999999999902542e-01
-1.70935999999999999055e+00	7.44103999999999987658e-01	-6.52476000000000055934e-01
-1.41074000000000010502e+00	-3.73325999999999991186e-01	-7.38339999999999996305e-01
-1.44074999999999997513e+00	-3.08047999999999988496e-01	-7.58550000000000057554e-01
-1.66618999999999983785e+00	6.28950499999999967926e-01	-7.24365999999999954362e-01
-1.46103000000000005087e+00	-2.34939499999999995561e-01	-7.91510500000000005727e-01
-1.46750500000000005940e+00	-1.70643500000000003514e-01	-8.11212999999999961886e-01
-1.63457000000000007844e+00	5.27347500000000080078e-01	-7.68622499999999986287e-01
-1.62434000000000011710e+00	4.60973999999999994870e-01	-7.96291499999999929926e-01
-1.48012999999999994571e+00	2.25621499999999995667e-02	-8.42260999999999926402e-01
-1.47258999999999984354e+00	-4.26168999999999992268e-02	-8.36851000000000011525e-01
-1.55600000000000004974e+00	4.18661000000000005361e-01	-8.00675000000000025580e-01
-1.48687499999999994671e+00	8.65860999999999991772e-02	-8.52060499999999998444e-01
-1.49401999999999990365e+00	1.50543599999999999639e-01	-8.45370500000000024698e-01
-1.52972500000000000142e+00	2.25542499999999979110e-01	9.01269499999999945672e-01
-1.62863500000000005485e+00	4.92960500000000023668e-01	8.06191000000000101977e-01
-1.43108999999999997321e+00	-4.34055999999999997385e-01	7.23746000000000000441e-01
-1.77314499999999997115e+00	8.20196499999999995012e-01	6.35436000000000000831e-01
-2.00830000000000019611e+00	9.89344000000000001194e-01	5.34200499999999967038e-01
-2.15960000000000018616e+00	1.06087500000000001243e+00	3.01292500000000018634e-01
-2.17027500000000017621e+00	1.09095999999999992980e+00	1.13637500000000002398e-01
-1.36528500000000008185e+00	-7.36430000000000029026e-01	-4.25472500000000031228e-01
-1.78064000000000000057e+00	7.67382999999999926288e-01	-6.49294999999999955520e-01
-1.50646999999999997577e+00	-1.09729999999999994209e-01	-8.38743000000000016314e-01
-1.58753999999999995119e+00	3.55576000000000003176e-01	-8.41984000000000065711e-01
-1.58936000000000010601e+00	1.04847599999999999132e-01	-8.77664999999999917435e-01
-1.61333999999999999631e+00	1.77817600000000020088e-01	-8.74159499999999978215e-01
-2.13054500000000013316e+00	1.07627499999999987068e+00	2.85586000000000006516e-01
-1.57933000000000012264e+00	2.95457999999999998408e-01	-8.60935999999999923560e-01
