1.37972634849233749543e-01
1.33512077742390156132e-01
1.42603275346010277547e-01
1.35975445187136584346e-01
1.31983253123265531492e-01
1.31104817050148425572e-01
1.33581709015886229697e-01
1.37704697509598378291e-01
1.35659149505873322106e-01
1.37099694624933404752e-01
1.30240041570785752834e-01
1.42473880643576189531e-01
1.78974556045293747841e-01
1.45305307374816783383e-01
1.51742742892831627977e-01
1.79200087416273357022e-01
1.48831005304674357514e-01
1.47488265045053634772e-01
1.71176741994933351299e-01
1.41893303873015796945e-01
1.69454609512400072857e-01
1.34584279029907494252e-01
1.36888339141798320853e-01
1.63856013652230653177e-01
1.37659249395018862261e-01
1.67274581422357460081e-01
1.32969455188524016132e-01
1.37605919943293131258e-01
1.66497068348259197323e-01
1.38737979659644711239e-01
1.62590803686709139964e-01
1.31675759162763139631e-01
1.35972988534488026247e-01
1.62540222431526187874e-01
1.33408234172407769158e-01
1.65085727508740148783e-01
1.33718935642974712241e-01
1.35240785752671510700e-01
1.65827570440533283991e-01
1.40492005136377828833e-01
1.74856673660486766630e-01
1.54979530868305293012e-01
1.91758586060807229012e-01
1.46677443996819062422e-01
1.45172372857234749377e-01
1.59891439861551132307e-01
1.57290214368218106422e-01
1.45738177993962908507e-01
1.87426797715801507493e-01
1.48411803715203127751e-01
1.42389750839026246743e-01
1.80938472691686003113e-01
1.39597616175921951376e-01
1.56233572397228404061e-01
1.49875426791719251751e-01
1.42717147182810533135e-01
1.76279168948007020079e-01
1.37652738850340405907e-01
1.33445937532770203537e-01
1.76357221592992940984e-01
1.42038095653947704644e-01
1.47884227827040443115e-01
1.48916724047368220774e-01
1.40083590106050648316e-01
1.79586769419242037182e-01
1.39017326932436791065e-01
1.39532968079232072567e-01
1.78470239725395135588e-01
1.38517224001205002670e-01
1.47758681132446473283e-01
1.44145573591421827242e-01
1.38459633012658206441e-01
1.72294712783068348916e-01
1.26601915404151776912e-01
1.33102426833623194158e-01
1.66473680901816994959e-01
1.34691051480786944117e-01
1.36236581878730333983e-01
1.39748975888913051779e-01
1.32498108031775280180e-01
1.69813241170999384977e-01
1.33242499695104765767e-01
1.32511777295453991865e-01
1.75135505506450572799e-01
1.33379301445164244466e-01
1.57102387487396272236e-01
1.50232975461447926246e-01
1.50963924447664016304e-01
1.88716472150578407074e-01
1.46430168309129554727e-01
1.92998570538747693526e-01
1.49335569282739888397e-01
1.41861914399179084301e-01
1.55970809849150765514e-01
1.71888165357595212868e-01
1.39705205189355641249e-01
1.71186062823467072258e-01
1.55171448829995756169e-01
1.37710714067569933716e-01
1.88582456798080749794e-01
1.45988016049263424900e-01
1.37401114500574628163e-01
1.82174633080459391632e-01
1.42708389031619226062e-01
1.46249868410197159108e-01
1.60830083414142371856e-01
1.41553545236422828602e-01
1.65298645932143134507e-01
1.43591501029831064562e-01
1.41382938075992753424e-01
1.79635258554661170205e-01
1.39429525212560301295e-01
1.36210375937371286348e-01
1.85302647417677213149e-01
1.39782298983097269529e-01
1.51506039196462355401e-01
1.65364895709458226136e-01
1.45704853433233277871e-01
1.63427586276001707288e-01
1.50370009151592404217e-01
1.43107763500971513215e-01
1.88507744777900276834e-01
1.46108481979794702088e-01
1.41213076731901865379e-01
1.88708504699708762287e-01
1.42241604476468136431e-01
1.49681560991993978238e-01
1.61302577936621949206e-01
1.42360802519513773845e-01
1.61390195349655596324e-01
1.40219501974582716475e-01
1.37941288934821798540e-01
1.80006972178857638234e-01
1.31254686411571619420e-01
1.33643206748416509821e-01
1.71853532535703179551e-01
1.34578376546903022426e-01
1.31826222232149237179e-01
1.47754358115082307101e-01
1.30852790379112599028e-01
1.45685625625866066457e-01
1.32506446835616215063e-01
1.30083374821688885214e-01
2.03304246765777102413e-01
1.33525074746281252613e-01
1.31517821351328667578e-01
1.81774435056198224725e-01
1.37137831035057639051e-01
1.38603819088797153292e-01
1.62608351904199560645e-01
1.37210748503898166684e-01
1.68148885460594005314e-01
1.53079425275933128647e-01
1.44901277661344335401e-01
1.92457886979177927866e-01
1.39716207405189751789e-01
2.02608095615649019816e-01
1.55435250586860113087e-01
1.48454942975975029418e-01
1.58825205619259363088e-01
1.81334513827346194281e-01
1.45984796896800134158e-01
1.64496853058044789631e-01
1.64070836290304805649e-01
1.46298152500296485545e-01
1.70506265075509727547e-01
1.51286698387531698407e-01
1.45037208250159088685e-01
1.77385224032330202082e-01
1.37419538672635621612e-01
1.42326164832752982692e-01
1.96638438386293135096e-01
1.35946519065403115256e-01
1.43631087620333774968e-01
1.83036452686343303897e-01
1.48299918122027168943e-01
1.49168724433106247851e-01
1.70618164161967178494e-01
1.42960308355151499704e-01
1.55150687568569922714e-01
1.57078415541410443268e-01
1.45465383593485958480e-01
1.59959664909626458895e-01
1.46816866636636816912e-01
1.38500232898721126196e-01
1.82666086277666783744e-01
1.47046078509425082181e-01
1.47041308906715018079e-01
2.14028566759206229086e-01
1.50115132115320126793e-01
1.53068305344378846611e-01
1.97300890834278819241e-01
1.52368219891813372335e-01
1.58392142526862761409e-01
1.81521341435545824350e-01
1.53129813018268889913e-01
1.66628137625942390754e-01
1.71361725689373245451e-01
1.51488973039657248698e-01
1.90166462221917548225e-01
1.60282659180586345427e-01
1.62542178741396203812e-01
2.03915228798635883578e-01
1.49639846571693574395e-01
1.53904217401603427007e-01
1.94828157810928326299e-01
1.46997197503897975013e-01
1.44791177041282415061e-01
1.70852104918259584121e-01
1.40292715912124221767e-01
1.45169822680197485587e-01
1.58936982590585279551e-01
1.42181844389500072756e-01
1.52090922717300958134e-01
1.38804122492813625245e-01
1.38053162470115148297e-01
1.56784879593027087763e-01
1.34069311857710371516e-01
1.36300680809011337535e-01
1.72857226962022020311e-01
1.38624567375339374786e-01
1.37428538160747459873e-01
1.87720551056617085406e-01
1.36367556013151314254e-01
1.38665045808235298797e-01
1.78186188718430171818e-01
1.40526232330479922128e-01
1.43987403563645116611e-01
1.71579550139286746147e-01
1.48056650282923890627e-01
1.62077689226494153774e-01
1.66366091521078895976e-01
1.50277501765899657027e-01
1.83924230047837838908e-01
1.54779906286270169113e-01
1.47658434974211411062e-01
2.03814070174052036633e-01
1.52869268379859230000e-01
2.16544710279424679200e-01
1.68226075725495083368e-01
1.54493871282973593839e-01
1.68077660930892269775e-01
1.92876898194159124289e-01
1.53043773101031371775e-01
1.69527764534308705846e-01
1.75689512848661549826e-01
1.54443689987645710326e-01
1.72389916294428319210e-01
1.63918873718068236478e-01
1.52602959515862612871e-01
1.77346891486713204023e-01
1.48023996682970282457e-01
1.48296634115545666877e-01
1.84444427918004555389e-01
1.41538676904936489009e-01
1.43971610666825455827e-01
2.00652437528179544701e-01
1.40820766856312812321e-01
1.36265075569641069819e-01
1.86614728585393213622e-01
1.39732853949956881134e-01
1.44252855299297294556e-01
1.75690576827557898287e-01
1.41315452771450356106e-01
1.51743709856455050167e-01
1.64612848423201840742e-01
1.42838734694059832364e-01
1.64206108223780816724e-01
1.55393212342109732216e-01
1.48907254537849781384e-01
1.69463148592843060314e-01
1.50315292505453279581e-01
1.41234450648558163000e-01
1.89739200219669890135e-01
1.54990537853121890244e-01
1.54648394197935329375e-01
2.26286535250420972609e-01
1.59631179231502273730e-01
1.58149847853357117256e-01
2.12236409705874928822e-01
1.57722600282140912320e-01
1.66370036846302360445e-01
2.01829227681473322153e-01
1.62322296650645014893e-01
1.79160130083146573732e-01
1.91566910708634657867e-01
1.61304087750868851980e-01
1.92920679896790736585e-01
1.89798961917182262837e-01
1.67423956972590992631e-01
2.07317320990890674448e-01
1.70599743956431570968e-01
1.65302553640408078639e-01
2.12917200709571624584e-01
1.59058189609966343925e-01
1.58064831275018302659e-01
2.05292719281517627161e-01
1.49152127567795722562e-01
1.52485355946071071687e-01
1.82737875441847080760e-01
1.48706923614874114703e-01
1.50570723213379081828e-01
1.70905578367120614125e-01
1.45100701411123383933e-01
1.56902477128310485766e-01
1.56259645030314864300e-01
1.41746892713738192882e-01
1.66312133607262713220e-01
1.53878175515568094145e-01
1.38741338558484500476e-01
1.81736076058112344667e-01
1.49823076747208794313e-01
1.37485108702724484475e-01
1.82794033318924381559e-01
1.55284672099341464202e-01
1.42906943393244556528e-01
1.95779432551021537190e-01
1.44705415451530372550e-01
1.49722641697907610236e-01
1.94347551047086758436e-01
1.45505846428932134051e-01
1.58520842847241993923e-01
1.95154020916813331077e-01
1.51552663549671895460e-01
1.68217193464282960269e-01
1.86098357488721527497e-01
1.59332449717563801039e-01
1.85635463780496473563e-01
1.66971867181270966496e-01
1.60424432020188217907e-01
1.98336036239956742255e-01
1.70538967915228850680e-01
1.61599054487487681087e-01
2.15478154821434286781e-01
1.57658613663351765410e-01
2.33257289783191934518e-01
1.82843675991268578285e-01
1.64966114996383417246e-01
1.84333921232636976928e-01
2.10267855948074094963e-01
1.64269067623822595525e-01
1.83375202543855364556e-01
1.92565753185762467137e-01
1.61750982809997057021e-01
1.83128205552831241354e-01
1.74049116116686997113e-01
1.56847633721392210049e-01
1.85977854509616291612e-01
1.62067106745940270329e-01
1.53956238668655542856e-01
1.86332557104226942402e-01
1.49680181246549859342e-01
1.47918795874628333786e-01
1.91430773900123002429e-01
1.42828207035585269535e-01
1.45449647469493820173e-01
2.01694485531955014501e-01
1.40974077202157960231e-01
1.40106060668338000541e-01
1.86662728700723784536e-01
1.37856082963357051696e-01
1.42158068342954080343e-01
1.76053447106269411737e-01
1.36921205140036639225e-01
1.51820700255268170586e-01
1.69323919990649912615e-01
1.42858361634872477186e-01
1.60181429529143631862e-01
1.65211974935232847050e-01
1.42988559171704276984e-01
1.75644273592964084152e-01
1.60131107340204248413e-01
1.47307755403441043018e-01
1.82266835814966665641e-01
1.60492958181971345777e-01
1.48666844804078601694e-01
2.04739267152151321882e-01
1.66744907104864781289e-01
1.55085712031798717003e-01
2.40755728476499591961e-01
1.65850566167740326451e-01
1.71286405497021232414e-01
2.32715978272743428956e-01
1.60632937018688665143e-01
1.82920862832646857754e-01
2.23637207792978853771e-01
1.68274041747383001910e-01
1.95048171605119113892e-01
2.14869090121427186446e-01
1.78729898352262245309e-01
2.03785902465921292537e-01
2.09791141703933731177e-01
1.76979497189957035719e-01
2.13781205224500503448e-01
1.94464792974692407546e-01
1.69477957710169435668e-01
2.21325561237761231359e-01
1.75289216645976270170e-01
1.64913223374870770987e-01
2.24910929259473757469e-01
1.58543914865881874210e-01
1.58895348965789412476e-01
2.05144539498374245401e-01
1.53267975712475607031e-01
1.54556501888468034167e-01
1.91760032264285978920e-01
1.54305790059867775632e-01
1.56589143522148394050e-01
1.81404840698918462527e-01
1.51257699361057318388e-01
1.56971282217480773147e-01
1.65046896423410499599e-01
1.43204663520431429991e-01
1.59294870454136067162e-01
1.56210575906370635613e-01
1.43334405813817122866e-01
1.71288964326368670088e-01
1.59778754801757016946e-01
1.46521072034025201525e-01
1.88864146584257680539e-01
1.51584802094405196593e-01
1.42031254155555508589e-01
1.91086844350938978021e-01
1.47390592678094733969e-01
1.40546131010426650354e-01
2.04595133905965759213e-01
1.45777502242286999268e-01
1.59473074859049490648e-01
1.94864190104287848815e-01
1.52311705820662335320e-01
1.52218236095416681319e-01
1.91877069409036066228e-01
1.54259020822122450145e-01
1.72456754057357775078e-01
2.01316222083566837009e-01
1.65935110287123960271e-01
1.90006400494825450354e-01
1.86689107387120911685e-01
1.74295647828624750142e-01
1.95329829826373368995e-01
1.84537275987806864697e-01
1.67681887444649180274e-01
2.11125755940032078239e-01
1.83575265896607053850e-01
1.65891354678174840487e-01
2.31575410108586399183e-01
1.63172102226330356656e-01
2.53946581250860725643e-01
1.98920783077083357382e-01
1.79070950455399141577e-01
1.98523137769883256665e-01
2.37312069832109451273e-01
1.78541886878121752735e-01
1.92922991802428694941e-01
2.18278149726444242740e-01
1.76512032252761713602e-01
1.87283935456301231515e-01
2.01974937885867400489e-01
1.73364616568664253737e-01
1.80744819947903367918e-01
1.82299976560612836396e-01
1.67939615219280607983e-01
1.72088790236319649773e-01
1.76611141358635675980e-01
1.64006206446585367509e-01
1.70963841068806132739e-01
1.58851518283584597357e-01
1.52040232668856467591e-01
1.66611444312808332224e-01
1.56285061800544466948e-01
1.49899215574999022937e-01
1.68324785022883699481e-01
1.52678797768386970146e-01
1.45194173412709626181e-01
1.71404932140239191218e-01
1.47857209932420879950e-01
1.42817843657576604155e-01
1.76832857902596812805e-01
1.46977062400906660633e-01
1.39458793677559117485e-01
1.93759633425024779818e-01
1.54301247895148180289e-01
1.43241352552257089625e-01
1.98282660104205643581e-01
1.52922623162827009402e-01
1.46757903163679731540e-01
2.09836623097589936027e-01
1.54384894510441017523e-01
1.52609782956401568432e-01
2.18063997218706423498e-01
1.57238687841128932376e-01
1.57750104161613807774e-01
2.21191982286971733362e-01
1.61142660733401082984e-01
1.67954300163139697011e-01
2.26182318791301656402e-01
1.72337430340132463646e-01
1.77774954817178892919e-01
2.34076334107594041800e-01
1.76740943321008675548e-01
1.92195787987146066156e-01
2.35307038936365064963e-01
1.80028586688336822430e-01
2.07885474646498619178e-01
2.35385685473862238393e-01
1.83760371410704337336e-01
2.15589399139684084750e-01
2.28909842554246678592e-01
1.81699492297034248534e-01
2.24322215203933833516e-01
2.13115894700512620297e-01
1.83870326806692740984e-01
2.26665006656100315174e-01
1.93390585316891766565e-01
1.78120222824360935343e-01
2.28156031726886393551e-01
1.75849889191008551537e-01
1.77511407967741646763e-01
2.23752662240005534278e-01
1.71831075432355956378e-01
1.75882082300073988579e-01
2.20513242098609563158e-01
1.63350848121459002460e-01
1.68043705015213234999e-01
2.19026988802750066654e-01
1.57313276064037332880e-01
1.61791115040350708121e-01
2.16001825737654390425e-01
1.48153743256793868355e-01
1.54942956564666112218e-01
2.01513518807051761339e-01
1.50016315089392837656e-01
1.43191990690820475374e-01
1.86633490298499266080e-01
1.44471040208756090761e-01
1.49165668050661087696e-01
1.89942718249476449888e-01
1.57851660456898551521e-01
1.59121365485594051803e-01
1.87969738609702841092e-01
1.50279457368597157974e-01
1.56144800765187219405e-01
1.76907147956208959938e-01
1.46113745554619062217e-01
1.58024598237109986654e-01
1.73819526558439241271e-01
1.46834994456362583071e-01
1.69165988062021432903e-01
1.76582328541108446451e-01
1.53237643606262741169e-01
1.73986090642326868272e-01
1.73701857934795922400e-01
1.62497235930338268517e-01
1.85317170313492596279e-01
1.79914625267097116890e-01
1.66447740339122518538e-01
2.04728368276113598112e-01
1.96385169911070384119e-01
1.73125554745681670132e-01
2.06952961140931757100e-01
1.88409097766004951513e-01
1.74507704649393663443e-01
2.17263203488303524580e-01
1.94514484090516942549e-01
1.81035049802517472584e-01
2.35735874226134678455e-01
2.01210592616392847098e-01
1.81438812023117068684e-01
2.57294900852232166777e-01
1.81745261655317957850e-01
2.74863007951233584425e-01
2.15592205909675427300e-01
1.93457945282689336430e-01
2.13610959393472854551e-01
2.56779162067329702612e-01
1.94726634092514422347e-01
2.09419476969072704264e-01
2.35733163871781087328e-01
1.93739280841547317769e-01
2.00464865083634952159e-01
2.17254354748069422598e-01
1.89088554936569286369e-01
1.92111900758386189292e-01
1.98177350706381261158e-01
1.81790666306056641899e-01
1.81544304479650364659e-01
1.81246783237661884813e-01
1.71345472869871895405e-01
1.76371954655494961317e-01
1.71081030842113013257e-01
1.60876715073996867655e-01
1.71802407724688133150e-01
1.64815424754481021363e-01
1.59055071170334072495e-01
1.74785623164492504023e-01
1.56705151523490099352e-01
1.50715707983607366538e-01
1.74212561438605750830e-01
1.55621543283698260396e-01
1.43156722067110636631e-01
1.71262881842505543251e-01
1.52647029011376472729e-01
1.42382044777422694937e-01
1.83428505391065116426e-01
1.49759449534912519875e-01
1.39343253905598180031e-01
1.95393145365951953485e-01
1.52623719119932360622e-01
1.42514001606859674887e-01
2.04760927163851247368e-01
1.53977690205432005133e-01
1.47202117403249371774e-01
2.21907224580453810159e-01
1.51194793673591787453e-01
1.53728608856647047665e-01
2.22616610568124484448e-01
1.59874439105943427775e-01
1.57937398370493559119e-01
2.27646502318836457812e-01
1.69212386577460682791e-01
1.69009626564406018057e-01
2.34787984015025791296e-01
1.80411817146216874042e-01
1.78221870386324920954e-01
2.42558616488880912643e-01
1.90747356220210828592e-01
1.82181116526933195576e-01
2.41367748307432322674e-01
1.88856771485694990842e-01
2.05927254694467265494e-01
2.48198020309207900702e-01
1.79050911985418226280e-01
2.30748202419022080401e-01
2.45765802899833851747e-01
1.85772855280877918771e-01
2.36497766691357969027e-01
2.43081851469828996715e-01
1.87070178141787196724e-01
2.45872122376653373665e-01
2.15978720046674954602e-01
1.90602734804619228237e-01
2.43235688841090924583e-01
2.07524355556161249625e-01
1.96417984953007856985e-01
2.52524399228846785359e-01
1.95774133405028749610e-01
1.95092867819405380025e-01
2.42483461257133992017e-01
1.75324314359446370437e-01
1.85558781217731644242e-01
2.33445279894475471449e-01
1.65078354998467374815e-01
1.76766047779572221810e-01
2.26676212393360748676e-01
1.53786453350091861791e-01
1.68286694687963950257e-01
2.17125436305836860829e-01
1.59037498486992112667e-01
1.49743508259957691653e-01
2.04837509819368823738e-01
1.53434569654299191033e-01
1.49295148273478756051e-01
1.94332902528110335050e-01
1.47869531834654815983e-01
1.43992939042162843011e-01
1.90550653110924728129e-01
1.46721400637398441402e-01
1.52813302156585839597e-01
1.88294174251355972416e-01
1.48483648854006833329e-01
1.56329319227072688347e-01
1.83481128634527423937e-01
1.49775491336199578774e-01
1.54721646284545405470e-01
1.76535905245930102581e-01
1.45586115079701233777e-01
1.64804063360100505609e-01
1.78440615774548394512e-01
1.52532147778755206025e-01
1.74565773609834523628e-01
1.84125795313964751854e-01
1.61901267542907206787e-01
1.76506556753566579143e-01
1.78163858986608109047e-01
1.63510535660549988224e-01
1.94705679046606155991e-01
1.88807435915538057714e-01
1.75851949343759056399e-01
2.06103015992003341106e-01
1.92314981457503586526e-01
1.84444089517663722955e-01
2.15663024519735430085e-01
2.03618958216075729428e-01
1.87128554272190189556e-01
2.32511911776579732747e-01
2.08187851703695969707e-01
1.92521879631900677543e-01
2.57911980350196357037e-01
2.15259366081037406548e-01
1.94532939471159987965e-01
2.75333133073900115928e-01
1.94294083091817310072e-01
2.93528469598776875493e-01
2.27365551995019898879e-01
2.04976918224955312331e-01
2.25860394385558715946e-01
2.80560155243042397277e-01
2.13376732213238440306e-01
2.26606067811521871835e-01
2.54940481528532492117e-01
2.10605084375947687603e-01
2.14481244870035142602e-01
2.35119463415940949114e-01
2.02877781065349566125e-01
2.03803519363626201022e-01
2.17184671459566769336e-01
1.93733864241644598847e-01
1.95156799330692076744e-01
1.97917306110405644137e-01
1.82617011488524993990e-01
1.86398032127487872645e-01
1.85751946748883400851e-01
1.73164359496981890008e-01
1.79297450617681652929e-01
1.70350926281602504941e-01
1.63005824095337065183e-01
1.77880409995030130954e-01
1.59297202025019790650e-01
1.54974214722966047164e-01
1.65636525579354099147e-01
1.46729615872188495773e-01
1.46436255599492998192e-01
1.65415879373777136019e-01
1.42159343773105628639e-01
1.40309163752764171074e-01
1.69874733886472978339e-01
1.36630920471904920843e-01
1.40305689556767476667e-01
1.70331436575871075778e-01
1.35491557032163451035e-01
1.38340356226952093666e-01
1.80678173748242160146e-01
1.41820441901017918473e-01
1.42905229806329969744e-01
1.93964678714966032302e-01
1.45690323920293324234e-01
1.42530084687409103195e-01
2.06335414463925670425e-01
1.51173976669266740824e-01
1.50740329049660726213e-01
2.23624850315349593677e-01
1.61566664380566160641e-01
1.58152872645116709949e-01
2.32047346107728591491e-01
1.68391965783889152597e-01
1.73922874706002927869e-01
2.43236086784013177953e-01
1.80199990615981991970e-01
1.81139838263149610675e-01
2.48779973044455454678e-01
1.79225509863970011715e-01
1.91764323942176434512e-01
2.59782026835961077360e-01
2.09879741961914945136e-01
1.98248829572837570456e-01
2.72203732481757110229e-01
2.13212650323567842747e-01
2.27601737951207250266e-01
2.61534966748712238704e-01
1.92274604314662422855e-01
2.33990320253125078098e-01
2.52100710871667299529e-01
2.08153705580659820207e-01
2.51112788125176900067e-01
2.31866610778697468387e-01
1.88240559556116904272e-01
2.66274156998008326713e-01
2.16362899398210128954e-01
2.06781378187205183705e-01
2.62727449066518403686e-01
2.09499956634840417413e-01
2.03718373322093943001e-01
2.56510330774415429289e-01
1.93175063085275072750e-01
1.97385770003817628826e-01
2.47150980461761482498e-01
1.74077054122832725058e-01
1.92201924910136129343e-01
2.35682903785407404929e-01
1.62557726872640528892e-01
1.79575975633272266752e-01
2.31704703364001673993e-01
1.56428560170449704181e-01
1.67129861341413166187e-01
2.25959996406443569539e-01
1.51861292793786017974e-01
1.59429041234650903380e-01
2.10428863733091497945e-01
1.63150240260319545627e-01
1.50463391245179628486e-01
2.01478854419018388322e-01
1.49448738372058520518e-01
1.51541463095088257962e-01
1.92242474141382152508e-01
1.45067636214973927355e-01
1.49976570213483650917e-01
1.86280845566579922323e-01
1.43810274584259017994e-01
1.53905842761085570602e-01
1.82321512290788162458e-01
1.45712519791540318082e-01
1.57074141325044241979e-01
1.75704373593829538125e-01
1.46246095677799170520e-01
1.58568094205612464265e-01
1.74755040891529128677e-01
1.51902875038624624038e-01
1.64513913834058445040e-01
1.78525524959317838380e-01
1.57045050558748816583e-01
1.71820353712824114290e-01
1.77707110980399374256e-01
1.62599676177414442790e-01
1.82665685570662039705e-01
1.83815784885303007412e-01
1.72857158700471441604e-01
2.00944575196744273926e-01
1.96848471673010533278e-01
1.84249226182907011040e-01
2.09555986156444606916e-01
1.98862573977609202736e-01
1.90347712655025119721e-01
2.18840631220529990841e-01
2.04023379179936181771e-01
1.94450988490673298825e-01
2.45200159569687048400e-01
2.13485988685440386536e-01
1.92299920863218315459e-01
2.61020943461803489605e-01
2.25305513232588100481e-01
1.98381701048483738425e-01
2.90418387299582025918e-01
1.99951842946970576032e-01
3.16652407775465882800e-01
2.31672769124901617444e-01
2.27673334222521533965e-01
2.37280950025491793598e-01
2.97809039837611366774e-01
2.28379330347560027814e-01
2.28874124105369447513e-01
2.91218121805632168542e-01
2.27128400727430262984e-01
2.17978836039189827201e-01
2.66541247355826682597e-01
2.20882589900154829854e-01
2.00850212656098453534e-01
2.65774822949804645500e-01
2.18638303135566564039e-01
2.02573762387926292750e-01
2.35975232615628610633e-01
2.06042504838200996042e-01
1.74444566063262584965e-01
2.22879127331385540334e-01
1.83811659991960252292e-01
1.69210290467217083776e-01
2.08250873825297527775e-01
1.70910232136639472778e-01
1.58211225505651170709e-01
1.95447753110645938701e-01
1.60916870464224398551e-01
1.50550513054589080175e-01
1.83888748706928811805e-01
1.56656617683390536611e-01
1.40580124487781038534e-01
1.79157839303782651097e-01
1.49229870351079652036e-01
1.42861944649371158667e-01
1.81948511656457340147e-01
1.45313930251025819063e-01
1.58169776803281925126e-01
1.69040479137394727971e-01
1.53350305578437040577e-01
1.42055455347550790846e-01
1.71095754620037232563e-01
1.47406526948436034097e-01
1.40710535572145439831e-01
1.85606217164188763702e-01
1.55621133221037794003e-01
1.54462542265107111161e-01
1.87280702673820603765e-01
1.54704099923046622944e-01
1.61695608629300741077e-01
1.88321980183434795064e-01
1.63566524905953802893e-01
1.62639195687947546443e-01
2.06887288418265313794e-01
1.80873449218535126137e-01
1.82108042598343261576e-01
2.13650921949801120281e-01
1.87421038608262924274e-01
1.87701078750229871650e-01
2.29270166966834165745e-01
1.97712473559459617212e-01
2.02457413919569756411e-01
2.33340604554800989945e-01
2.17994661762622027323e-01
1.99824954472658411486e-01
2.65834113892479961816e-01
2.31965380117378716651e-01
2.10278103974236935114e-01
2.52692151130580244800e-01
2.34414263333100170161e-01
2.26813434165615585014e-01
2.20806951477982210674e-01
2.51603786928972894543e-01
2.06485788416539639556e-01
2.16402000898790192185e-01
2.39238993539932803811e-01
1.98687393374617521369e-01
2.02238573931878828915e-01
2.19137837125133655425e-01
1.79097285493403257650e-01
1.93849736424994922857e-01
2.02011902421218719761e-01
1.62880161769320436216e-01
1.79090992006409988058e-01
1.94059376248611109572e-01
1.58131121155830695058e-01
1.68949826398253538651e-01
1.87334774265217496314e-01
1.57743062506723291660e-01
1.70770136440772407616e-01
1.86423860731398854940e-01
1.64582971528041077658e-01
1.67384869450616646791e-01
1.89358584727495199429e-01
1.55566912722468059238e-01
1.54891352618537092578e-01
1.83864888646527668836e-01
1.55213318735861055542e-01
1.46953983647943348112e-01
1.86523603774428503588e-01
1.61131483577853312772e-01
1.49763790834099796978e-01
1.92810922055779876416e-01
1.55396786520828694700e-01
1.49934517109970300019e-01
1.91110913869407372800e-01
1.60318107910491530754e-01
1.53287452337104362909e-01
2.01054474958902634762e-01
1.58472578463909635760e-01
1.58065530537179338433e-01
2.01884056477969558996e-01
1.59387814778922110026e-01
1.61443414854864936148e-01
2.09028616387804677679e-01
1.66590538812983024464e-01
1.69359724329605526583e-01
2.19965511569427674132e-01
1.77037961638175228574e-01
1.81588890477914488564e-01
2.36517865054629683463e-01
1.79598977438625712066e-01
1.99690108590786286058e-01
2.38064265966146187958e-01
1.84299560639736681456e-01
2.00984977811775739065e-01
2.42668464043023113241e-01
1.91199837920956461357e-01
2.02180184122974865302e-01
2.57876171533936049407e-01
2.11526107469030749675e-01
2.00630431585041374420e-01
2.78794258782152803988e-01
2.22380263481272072434e-01
2.05132247612339058129e-01
2.94542056977420363406e-01
2.18553231754394394759e-01
3.18291516281599962124e-01
2.27077574119528530217e-01
2.28208665688685058415e-01
2.36279338771802099872e-01
3.15537757714683064769e-01
2.36702124269069558160e-01
2.28831221228681880309e-01
2.95876794534481957211e-01
2.34020291524922902093e-01
2.18839625746801214046e-01
2.85687820624208332898e-01
2.21731878010830801840e-01
1.99677419920756299421e-01
2.64161287911855002797e-01
2.11735792392689387009e-01
2.06596034067089456832e-01
2.61652524063805014265e-01
1.98873098703696127298e-01
1.80773976791351265181e-01
2.31486404466633877153e-01
1.86103468758886864132e-01
1.72980736783290428571e-01
2.17273589994274207715e-01
1.71995231751609800597e-01
1.60662448058032564235e-01
2.00737138295931649701e-01
1.64346525709672425242e-01
1.51803927074499606098e-01
1.90990173422797809843e-01
1.54132954827909451900e-01
1.42720401259772255997e-01
1.78327864541343139582e-01
1.48777565306129538891e-01
1.45302541687320790897e-01
1.78149726976371131082e-01
1.48396761437034008235e-01
1.44733296265771554934e-01
1.78425154371359834249e-01
1.41174347427705154656e-01
1.37004873306622226847e-01
1.70283182074240369008e-01
1.45830898794915619909e-01
1.40810690100819035919e-01
1.74335780139476814732e-01
1.48063218602260904255e-01
1.51259461807319695037e-01
1.82086360570719280050e-01
1.53138232519674871712e-01
1.58207066867096679541e-01
1.89314234812757831161e-01
1.60560364045208847639e-01
1.61944344134921869305e-01
1.98390000866601134977e-01
1.72961980279424387685e-01
1.79461510121920020389e-01
2.12638739264250670180e-01
1.82580454813788900514e-01
1.89260728076085543714e-01
2.24752881859699410461e-01
1.98863079489406457956e-01
2.01816181268103495006e-01
2.30160002798596580176e-01
2.01106444753742313880e-01
1.98259380452098676884e-01
2.43042090410714672899e-01
2.31248742010329688679e-01
2.20051814141147217274e-01
2.50733500007478071758e-01
2.49123037724334084331e-01
2.22300252743895865315e-01
2.28088101368747381281e-01
2.33652663124133908035e-01
1.99249526528923054380e-01
2.11262053301107588510e-01
2.21732576781130646948e-01
1.88932905204466677906e-01
2.04402625807497823063e-01
2.12317944263408858729e-01
1.76817832838319838329e-01
1.92788915891863477103e-01
2.00089872072426483429e-01
1.63482239576658611169e-01
1.77675376375456134381e-01
1.88975141859981154990e-01
1.56814729697181159951e-01
1.68035541195902943246e-01
1.89784763745670603807e-01
1.51273775747814198667e-01
1.64496762451423333973e-01
1.95957518176772205187e-01
1.67030302849512923835e-01
1.51361822795578165879e-01
1.86886644514796723682e-01
1.54914879056209459085e-01
1.49060676159072841296e-01
1.82477820046711425306e-01
1.51626825545481930257e-01
1.46074950994344060495e-01
1.87377901044920414098e-01
1.55721590105547008642e-01
1.45525693693587948596e-01
1.88072563113283408587e-01
1.54746476693332163377e-01
1.47276230088225601467e-01
1.97813811512240061985e-01
1.61080614938607674658e-01
1.51833366570066102819e-01
1.98430430440998534225e-01
1.60287747192354029790e-01
1.57130311286524132486e-01
2.07634868218225826508e-01
1.63877696877885170590e-01
1.64588807377658574715e-01
2.16775973154314266500e-01
1.67603291584622476895e-01
1.73929321843673018178e-01
2.30426601730355756770e-01
1.78961243751265819402e-01
1.85027757106872803305e-01
2.42112810297183705943e-01
1.79838721817632996025e-01
1.95394950101071024351e-01
2.48793671537280075556e-01
1.79174458196473901372e-01
2.07423473293164212228e-01
2.51403426162015553036e-01
1.92008992458686689186e-01
2.08739962223336766867e-01
2.62587729159227845077e-01
1.99393729342223879897e-01
2.10913218646911704290e-01
2.76523659788615594479e-01
2.07343752025591493426e-01
2.10987694084939392258e-01
3.04279907960548656742e-01
2.19516856213663014152e-01
3.19345691140243859163e-01
2.24281719531507967025e-01
2.30611807301881271970e-01
2.23281341670100136332e-01
3.22602883514406968413e-01
2.27380077958052428944e-01
2.27799746692133209258e-01
3.17454465459221235601e-01
2.12421410093238921535e-01
2.32504906472960098940e-01
3.04257282256333028148e-01
1.99653992141429537099e-01
2.23622127831750977522e-01
2.88027899909453211080e-01
1.92766645071832887215e-01
2.14945470054616533107e-01
2.73758844524811639776e-01
1.87419230348328968994e-01
2.03632328513917271184e-01
2.62418072201763663553e-01
1.73205059548761419741e-01
1.89588674052539402082e-01
2.42823110308718337347e-01
1.58753989647504617500e-01
1.78896737278799983217e-01
2.22768757999500549571e-01
1.48021272000479736652e-01
1.63101432856980227415e-01
2.09417790255055386028e-01
1.41621914475657334487e-01
1.52032759367841496800e-01
2.05179418226769549882e-01
1.36266016911171211623e-01
1.48353660756989774727e-01
2.04349234355785142059e-01
1.42727055756628029570e-01
1.41181973813939848350e-01
1.94444423837361768381e-01
1.37726946608728667565e-01
1.41988772503321480922e-01
1.96631915261813283724e-01
1.38240778015710330529e-01
1.43319156629530958247e-01
2.03636742627748751344e-01
1.43159770597888286181e-01
1.46947319356291739023e-01
2.12202351556927848453e-01
1.49459570060568563976e-01
1.50294270895466930416e-01
2.18637506296472383660e-01
1.52445718046326256223e-01
1.61327331272044571797e-01
2.33000298928992793934e-01
1.60855771856778601014e-01
1.69035269059921333668e-01
2.49981326343569121295e-01
1.75794098698704909234e-01
1.85134403988021611909e-01
2.65958188365840675349e-01
1.89133549658541538774e-01
1.99120649481664802050e-01
2.84651289398537565845e-01
1.88205225483380228502e-01
2.22036379129637140295e-01
2.91222302505852070897e-01
2.20569110700025328153e-01
1.99764507491220766333e-01
3.12368445551659379422e-01
2.37483935977909871307e-01
1.93130549513560928476e-01
2.28944869539044332241e-01
2.82156735779973910638e-01
1.86584563894256788563e-01
2.14650599428466509755e-01
2.75751081011135823484e-01
1.78599438046176395289e-01
2.05724160337185463243e-01
2.59801177014982009883e-01
1.70127370484175727272e-01
1.96555576438446510945e-01
2.47311332558821511673e-01
1.54142507720907401270e-01
1.86281873388072838349e-01
2.24357195958342303665e-01
1.47274577147211649386e-01
1.66841770369413194830e-01
2.22175131683296195328e-01
1.49715937833782092303e-01
1.60565883576421375434e-01
2.14309054331469878152e-01
1.47305380250086270788e-01
1.55312593027224943310e-01
2.08867457226640490520e-01
1.48247970749051438677e-01
1.53453824239007108332e-01
2.07562720269926143102e-01
1.47834981402836102005e-01
1.46530132561766696098e-01
2.07006867390134852158e-01
1.48008439672637936990e-01
1.45409913202951740496e-01
2.09949815110537535423e-01
1.51724619958693573984e-01
1.47262214011283115722e-01
2.14212551378321430784e-01
1.55156664882434236485e-01
1.50720319398845420400e-01
2.23051513149855162865e-01
1.60443109259949201473e-01
1.56316404418218313221e-01
2.31680104939979730760e-01
1.65259646634046741820e-01
1.64640277564786580156e-01
2.40666326337545727343e-01
1.66303095581651766421e-01
1.73948343873145394589e-01
2.52306481193091680648e-01
1.74605934417161184902e-01
1.84199480450434383005e-01
2.60847911045287095266e-01
1.80603073390128099351e-01
1.95355733658600289049e-01
2.79515082364726830111e-01
1.84839380101238182075e-01
2.08034857425985292290e-01
2.82548535104342801727e-01
1.97119809941669693609e-01
2.17366851029797220063e-01
2.96314790676807049419e-01
1.99801873317669353991e-01
2.18301598009932096289e-01
2.96719131585292228426e-01
2.02183258247190217327e-01
2.14687055970172513408e-01
3.07582433677380251424e-01
2.17225753533714371901e-01
3.07950519483244256058e-01
2.16624604853650065683e-01
2.24763932571487079493e-01
2.13985855291886045704e-01
3.07713098817713692767e-01
2.26596408003304300438e-01
2.22295351260434592700e-01
2.96790793169195210588e-01
2.14793915605168000971e-01
2.22494028668187016073e-01
2.80752762631109320512e-01
2.02154660693242504976e-01
2.16346830217130747798e-01
2.68996557860876728263e-01
1.96443318532344091132e-01
2.10764023061337374410e-01
2.58754460637879601936e-01
1.91885735269717194740e-01
2.02554976981559248239e-01
2.40752639754998332133e-01
1.78184439076480460873e-01
1.97687897707472276521e-01
2.13485585639873964858e-01
1.59950998859025583787e-01
1.68308138246491295620e-01
2.00133719587679670404e-01
1.51491936184735553894e-01
1.58912343538820000077e-01
1.89391148008559301319e-01
1.43293682428779822757e-01
1.52504491737128877737e-01
1.79702031741435841461e-01
1.43393742283267011661e-01
1.47240012245313300898e-01
1.76890487850534267045e-01
1.43885961671040063514e-01
1.42858816353769374485e-01
1.73290229156176034397e-01
1.47260066345224760465e-01
1.43828351436703888444e-01
1.76191894265882720294e-01
1.45155979849264177295e-01
1.43841742686189655309e-01
1.77061913900194795035e-01
1.46558065332481779475e-01
1.47797943984346397128e-01
1.78627270028962836790e-01
1.53060384806128074731e-01
1.53867585699522829712e-01
1.85699506374034262191e-01
1.55705318348346694046e-01
1.61970208294735490417e-01
1.91020931746340300039e-01
1.69434735768672878331e-01
1.72975263538576534694e-01
2.06849785025268961824e-01
1.86717746210690954678e-01
1.89678176232797007783e-01
2.25072943291724864023e-01
2.03633579517229934552e-01
1.92574477771588425945e-01
2.31016088154050391879e-01
2.00783979963541941993e-01
2.16397839882934067690e-01
2.44384107480417056557e-01
1.97953015968436313310e-01
2.34397239612585933655e-01
2.57911632697635451184e-01
1.91485995289472715752e-01
2.78868376956513341902e-01
2.33554857185223230243e-01
2.40396968730077792431e-01
2.19360650769457765641e-01
2.05495381530120979630e-01
2.30566605312239408798e-01
2.07280866123721096983e-01
2.01154179946651856525e-01
2.23519252035279752944e-01
1.98809313806775439515e-01
1.85872000886295102307e-01
2.07282639962009351819e-01
1.84348425061026471861e-01
1.78068311274325263849e-01
1.91934689518830858823e-01
1.74789815026505479523e-01
1.60854854263991681185e-01
1.81854613341784626668e-01
1.60146609049333255026e-01
1.55007401141780631892e-01
1.91674129879044696789e-01
1.61832410279894228777e-01
1.55566960632463668901e-01
1.80242264039327082514e-01
1.50024433809963164688e-01
1.54360292115205549601e-01
1.83529202759265541722e-01
1.49060558515658303502e-01
1.53394793349308000696e-01
1.82164364442930742927e-01
1.47196304997781718393e-01
1.50669646970944010045e-01
1.82254310731375768206e-01
1.47239805178490945625e-01
1.49961872371646570690e-01
1.91774025100402978339e-01
1.48827299243116162319e-01
1.57361493854246331514e-01
1.99841549214971825332e-01
1.54074189535431255171e-01
1.61015576811686128567e-01
2.07607095314683354204e-01
1.60908121115747315688e-01
1.65022089438383950943e-01
2.19774464736943564436e-01
1.71318327338320697262e-01
1.68456034526044795552e-01
2.26998538896266893738e-01
1.80204521763467295781e-01
1.72447212820880324546e-01
2.43174628752857474590e-01
1.93728121750560700054e-01
1.82754602940007976342e-01
2.60624715720823407761e-01
2.03448690661797881862e-01
1.99701502546700965235e-01
2.75947710421032554873e-01
2.16368939510734936693e-01
2.10803398220806681440e-01
2.93921825314215123814e-01
2.23493220400530157033e-01
2.21922047796630633743e-01
2.81949833107132730170e-01
2.31057671792758267948e-01
2.06410368220687867602e-01
2.93835808275795418165e-01
2.13306012065037631231e-01
3.06299902815851399218e-01
2.23747603848622189648e-01
2.33358971914516266644e-01
2.05845080305554040123e-01
2.95836230615859563375e-01
2.22234172502790316983e-01
2.07157756613166627035e-01
2.79667995696683158169e-01
2.12634264750533541477e-01
2.03786432485089846756e-01
2.64643354167453048742e-01
1.99566789586844761661e-01
1.99394504059163979459e-01
2.59177596410260668858e-01
1.95247221286245137284e-01
2.04064451507360772320e-01
2.48752906475482205018e-01
1.84957634132792841930e-01
1.85085557664557004420e-01
2.25956810483773612441e-01
1.63887171053746671934e-01
1.81384147642510373810e-01
2.06443201089306860307e-01
1.61126903538794497006e-01
1.65747261503772475022e-01
2.00336588582814778547e-01
1.49333456211258958080e-01
1.60672575534843514733e-01
1.84295606740909584387e-01
1.44401606022924844375e-01
1.50586124719377906223e-01
1.78136411022564333795e-01
1.44997047894086433795e-01
1.46665413325705346059e-01
1.76624439180992132137e-01
1.47891764266980030307e-01
1.41692635694308399774e-01
1.76575656377089551530e-01
1.44584332131804660371e-01
1.38620439694151914578e-01
1.77730340519000884481e-01
1.42677962397841973097e-01
1.47736267764554007886e-01
1.74127885750674643583e-01
1.42335707020410068280e-01
1.45054937127282956855e-01
1.77359570015265893828e-01
1.52740585860471289603e-01
1.54359940816910096162e-01
1.87833680898927185554e-01
1.63936621359261874842e-01
1.56034147535755784997e-01
2.01115659918888467494e-01
1.72094555152102368645e-01
1.73932011766695759913e-01
2.19812331969796465048e-01
1.95814887388574221383e-01
1.67374858114951091670e-01
2.25827160718103159276e-01
2.05403090108206481945e-01
1.78809573530054555235e-01
2.35843788114081964746e-01
1.99587023030055710215e-01
2.02089376657953012639e-01
2.43808137372401867449e-01
1.80125836961275487269e-01
2.58494188640673305812e-01
2.05470423161096371611e-01
2.40513262389000032071e-01
2.04542216446874425273e-01
2.74983793438813461929e-01
2.39943578478358038319e-01
2.59623608460401777975e-01
2.11143509625562497689e-01
2.19883918652547222239e-01
2.39134279930753562704e-01
2.05158581555829611087e-01
1.98172392010088016523e-01
2.27385425035576987929e-01
1.88836113553022461042e-01
1.87079078248255509243e-01
2.13108781198712932126e-01
1.80870685554652549376e-01
1.73510119085314412635e-01
2.00669700684981355820e-01
1.69590219299345257298e-01
1.66796991315790815724e-01
1.95720987540937974014e-01
1.62662963762498780085e-01
1.64558994546029013772e-01
1.92322645619282223128e-01
1.53921629435242124373e-01
1.56334757571692933853e-01
1.81738881321526823953e-01
1.48294718587682672339e-01
1.51883715321952827981e-01
1.80412607112141687438e-01
1.44798359262113207624e-01
1.58638880543201021833e-01
1.85260009608118059177e-01
1.40864073844256060264e-01
1.49519798772603962345e-01
1.81682901839991639559e-01
1.45234309362491958995e-01
1.56097860510642505449e-01
1.84817521617946262102e-01
1.46234681047280851152e-01
1.58511596601005777529e-01
1.97393805389125515104e-01
1.46533576510641333490e-01
1.61687564299175495774e-01
2.02337790197481409704e-01
1.53765636073213834978e-01
1.61621119922490313892e-01
2.14106181218571944846e-01
1.63181867169731709133e-01
1.65224759482348881878e-01
2.18053246474341683170e-01
1.68707032183012584081e-01
1.71788651691547888944e-01
2.26412528268645080187e-01
1.81090801348384428104e-01
1.85188344379445202215e-01
2.47322433889447246269e-01
1.92887472317410990641e-01
1.97815579540641661715e-01
2.66138929728440942757e-01
2.01955022542149198461e-01
2.15272901309012942850e-01
2.86015858336561457076e-01
2.09292757098758636092e-01
2.26862297980514937557e-01
2.96062809479745336905e-01
2.10916601057479585757e-01
2.22947601826640057210e-01
3.18260937819645040037e-01
2.05218244517001963123e-01
2.95271294718941534896e-01
2.28473907230125450329e-01
2.28161386998326387587e-01
1.95212865528888779298e-01
2.71118292142009553736e-01
2.18985758762984594750e-01
1.95063386623425538691e-01
2.50449469134993385477e-01
2.12444580340379440830e-01
1.94763246825472607915e-01
2.33575940124405773135e-01
2.02562619206999888766e-01
1.90455389120392282187e-01
2.26900267273972167104e-01
2.02548870868242664178e-01
1.82901457033562170329e-01
2.03446373351799991713e-01
1.92854907816731396819e-01
1.74281656272253754336e-01
1.80575110380694514589e-01
1.74887685386936136966e-01
1.64377247516193564225e-01
1.74951105798162920291e-01
1.78727264828285242748e-01
1.55289273039061009873e-01
1.57977072463063361596e-01
1.70614673006163203306e-01
1.49263934361251404681e-01
1.50984202123930849604e-01
1.77860478895678186806e-01
1.47579896076667632654e-01
1.49660263760959616475e-01
1.74507381863920063569e-01
1.43074851263246122235e-01
1.46031034458432878997e-01
1.74836566707310958613e-01
1.39661274492967418803e-01
1.43640652139288171885e-01
1.87208021700460303105e-01
1.45527332202579795517e-01
1.46872730382464150578e-01
1.93012887315847370129e-01
1.55209775948552897162e-01
1.46384567830765560670e-01
2.16045260457155136047e-01
1.55658021656450512582e-01
1.48573872851184701771e-01
2.22275333816440406887e-01
1.51797627073976315604e-01
1.53422026347066586816e-01
2.33040445537764956407e-01
1.66806777429725550110e-01
1.71939194950569640419e-01
2.30670311827703589103e-01
1.88186852635884166451e-01
1.72274967826698516271e-01
2.43837641960793188867e-01
1.90214594815960424956e-01
1.58792235219484184627e-01
2.73501388071431927873e-01
1.89974364360036729327e-01
1.98580571408685430113e-01
2.48839725721195836883e-01
2.07379766162492346071e-01
1.84611810492747191459e-01
2.66555761511939603992e-01
2.15278714730462866767e-01
1.76440322844892805154e-01
2.40712266816629050226e-01
2.61589076128954600708e-01
2.66438674829687582868e-01
8.80318628849804385439e-02
2.41423126013230210374e-01
1.90589858623170210761e-01
2.43946450994885294383e-01
2.19279886950445146443e-01
2.53809918287288327488e-01
1.88745824255796418312e-01
2.26849991765483677275e-01
2.61431415132152789038e-01
1.97137446402250032795e-01
2.15421273974972155019e-01
2.61472528419335048522e-01
1.93024014860845749553e-01
1.90724149734636388986e-01
2.46005982586298077575e-01
1.84606843357038086229e-01
1.76621671892098236478e-01
2.39331627386373674282e-01
1.73554823379386408133e-01
1.62791202784425659278e-01
2.31410326973538527096e-01
1.70912434895767545440e-01
1.57583266433971386222e-01
2.21274076204150044189e-01
1.59700838498111813424e-01
1.67581694611911607984e-01
2.14259645675521470665e-01
1.49911320029542827204e-01
1.57379208696701800019e-01
1.97034156982996172536e-01
1.46020268250678070254e-01
1.47885857315701418901e-01
1.85148270110741197669e-01
1.41841485881247064693e-01
1.44438468220900229078e-01
1.77623699885460201164e-01
1.45437131878348002711e-01
1.39065504407095780204e-01
1.76526212957169692519e-01
1.49050808169563342442e-01
1.45922875989339007052e-01
1.74752470909569662672e-01
1.57168105406281455316e-01
1.43459307470794716899e-01
1.70395056002220768310e-01
1.60703892217954724675e-01
1.45399876547402745475e-01
1.77362966080859274509e-01
1.73551192911486490411e-01
1.53719122252242990090e-01
1.72349889962250840680e-01
1.78530425992322078210e-01
1.57885236526408623270e-01
1.81531547035219231745e-01
1.86898785531099675961e-01
1.68509239966240426112e-01
1.91705957252246206313e-01
2.05122183012954512060e-01
1.77844707793062967172e-01
2.05764244379338379076e-01
2.30231147521355233865e-01
1.81774018104898571480e-01
2.17846319420365946984e-01
2.53574702809645446955e-01
1.88950507784446081194e-01
2.26783541777175828846e-01
2.79979083154590302485e-01
1.89248386978924848512e-01
2.26803211888881667280e-01
3.08791883671000855216e-01
1.92818567920221062284e-01
2.78034869971376052966e-01
2.16385054835124934769e-01
2.17476435638438797548e-01
1.86464353381551206645e-01
2.61195729530557252396e-01
2.11933113434404046815e-01
1.86280486592128008416e-01
2.40411399713075180085e-01
2.03081015254996333219e-01
1.81374916195707780453e-01
2.21019564527667966569e-01
1.93174054080769264097e-01
1.75511644929901872159e-01
2.03727220913161227722e-01
1.85385207438457738638e-01
1.69503567189602272203e-01
1.86439008573849762662e-01
1.76733561410955614113e-01
1.63325609348319938929e-01
1.73040213649891166936e-01
1.75233891268213343162e-01
1.54346516530176308679e-01
1.62969002034129201162e-01
1.68185851904968569626e-01
1.49812320337814719462e-01
1.51534528784696448378e-01
1.72095480809346085271e-01
1.47741740063530996308e-01
1.50561361806407723041e-01
1.72623044817312831789e-01
1.41227775380765752100e-01
1.46451787500187224911e-01
1.77038403737720090314e-01
1.40366007801034170521e-01
1.42315682582770913767e-01
1.82839954709029667290e-01
1.41064293231845189203e-01
1.40936150699527751318e-01
1.95443030392490502134e-01
1.44812499118687959543e-01
1.48704166084881378440e-01
2.16495413718166301864e-01
1.41233609487968481133e-01
1.46164781825171563590e-01
2.21775090967944371600e-01
1.47000498644868610176e-01
1.58812844342011622034e-01
2.21360067220558093259e-01
1.67721126871244213818e-01
1.73713330299116619493e-01
2.24937252568377432649e-01
1.76570579763447588206e-01
1.68999897713016405953e-01
2.31131892156837548402e-01
1.81033985058054791573e-01
1.73564676550270469146e-01
2.54044820811210436684e-01
2.00783715507508259135e-01
1.84144837918416820477e-01
2.41888690580212922798e-01
2.12715346628046531041e-01
1.73352361545956457078e-01
2.36810965099929437994e-01
2.33425689153957477417e-01
1.75843208055813160495e-01
2.32715703404389934184e-01
2.38670799493779672851e-01
1.70771058976631057158e-01
2.16084916051537484494e-01
2.43163261143619358062e-01
1.75838411352582490998e-01
2.08918633525111835381e-01
2.48064202806531491907e-01
1.73757104227827113840e-01
1.87072944922134609680e-01
2.39316324505224692354e-01
1.70940938023195598827e-01
1.72633035601648443524e-01
2.29604121130806387852e-01
1.66838240881070187793e-01
1.59290681337610068313e-01
2.30372755120912653393e-01
1.65894068329762750524e-01
1.56262674436347670515e-01
2.24968374032884915747e-01
1.57303360514008089277e-01
1.55404698313789751962e-01
2.05650300240481004321e-01
1.47769865030052710564e-01
1.50304359876884480185e-01
1.92149282207870891748e-01
1.43579609537705654709e-01
1.43830915056534391905e-01
1.80726832454397856598e-01
1.43540626294439643829e-01
1.41766436909446180703e-01
1.75290956518013213428e-01
1.45864986891988623885e-01
1.40050997754389394689e-01
1.77921799496295662824e-01
1.48494893609174338778e-01
1.42241531276909499715e-01
1.68114323411183569368e-01
1.56724941081501145668e-01
1.44089073010412516140e-01
1.72749811209737591522e-01
1.60615721363134233979e-01
1.48390457779467660471e-01
1.70097460078038803521e-01
1.72846752286526877951e-01
1.54658395223149836006e-01
1.74430969684285147592e-01
1.83318252075454823924e-01
1.58888968657361573378e-01
1.89814812778139080374e-01
1.94987232741018257087e-01
1.69919719756124798504e-01
1.89474296932328006848e-01
2.13201050288219784434e-01
1.71928702286732820737e-01
1.99390969890815117349e-01
2.27117893711614032837e-01
1.77509224881412797092e-01
2.06166747008338008262e-01
2.52169886362348938391e-01
1.76338757146578595236e-01
2.10351743990404849161e-01
2.92436303192678159757e-01
1.77351956518669390261e-01
2.60771598263691228858e-01
2.00167128572600494518e-01
2.01483405681460475689e-01
1.69367293873404017868e-01
2.43374338178863919291e-01
1.95240209539428666297e-01
1.68381098764083386721e-01
2.23521034482216052197e-01
1.88335419900240746971e-01
1.64978692881838528983e-01
2.04847280433497591634e-01
1.84462759778227319840e-01
1.64631578179886134405e-01
1.94128027602919833727e-01
1.76899102377598177460e-01
1.58299365712563727682e-01
1.81948756426088292804e-01
1.70882984910727730998e-01
1.52836609204077988888e-01
1.67725613932398487371e-01
1.71995553744857060385e-01
1.45253301955583780103e-01
1.56952982733683604755e-01
1.68190694703957921430e-01
1.40572435776008253239e-01
1.50554985589983064687e-01
1.69525146529946962870e-01
1.38705187293049703179e-01
1.44779105084262726955e-01
1.73440135159080188743e-01
1.36727509452194834205e-01
1.43062037193659424839e-01
1.79519154568530736604e-01
1.36464591953370767419e-01
1.41330736133369105900e-01
1.90057567673586752521e-01
1.38794309126851478364e-01
1.44815330186413682156e-01
1.92321163497416569577e-01
1.46675925700163911625e-01
1.42375458345179756181e-01
2.14710258895563721460e-01
1.48000799301895663573e-01
1.49516657015196813285e-01
2.18932753530873047687e-01
1.62917487194008725471e-01
1.59450259774012281788e-01
2.24439302130887946563e-01
1.73728045145163656482e-01
1.62211389900216301774e-01
2.25619541250220628781e-01
1.95791001195151914693e-01
1.69684528466681333603e-01
2.49073966863259305127e-01
2.02155891668460624411e-01
1.74756446708641932641e-01
2.31061124037269388642e-01
2.16091008407939072500e-01
1.62337543202151463051e-01
2.26202462402600779079e-01
2.12157260571020772622e-01
1.65368984764374754581e-01
2.08496361486237929972e-01
2.22108313009126256965e-01
1.64656582573427606730e-01
1.94038695484070961017e-01
2.28615161036642533521e-01
1.63595707360217751392e-01
1.82814993422339394646e-01
2.25821899988995739017e-01
1.61053596118838654450e-01
1.69392765596674682582e-01
2.22602816804033210030e-01
1.57533525489020886923e-01
1.62697095545679487616e-01
2.19155980874353478738e-01
1.52697957910379433777e-01
1.53744158750828641136e-01
2.15939079929965443982e-01
1.48893476133106550385e-01
1.49190095224180419020e-01
2.00851641698543303960e-01
1.42453639405948434549e-01
1.45693801052069554780e-01
1.85555380557934690433e-01
1.40185314797948684662e-01
1.37929541270171651668e-01
1.78565008960322346709e-01
1.42907902332236380616e-01
1.38021537174456976338e-01
1.72771948605669162236e-01
1.45615412182227454974e-01
1.36343633654087442730e-01
1.70872572922046161992e-01
1.48208065212389827892e-01
1.38698728894680267665e-01
1.65220066169336571305e-01
1.55335537080218744066e-01
1.41081739814194195848e-01
1.68555068390125795119e-01
1.65966016343708194780e-01
1.45240260757821537663e-01
1.70088624310974961817e-01
1.77846358714481456165e-01
1.51556855773666704357e-01
1.74720132740906530788e-01
1.84931369532051026461e-01
1.57324921477812823545e-01
1.77668226616353619463e-01
1.95538898905051605759e-01
1.59933053000310188008e-01
1.84437344182245249735e-01
2.16291830576191751456e-01
1.59762914197882549550e-01
1.91183349703890198557e-01
2.32621327213757250751e-01
1.61764543379227604403e-01
1.95810516235185833045e-01
2.69382533607674612419e-01
1.63855179545505963423e-01
2.37042761779472976880e-01
1.83540744032598929225e-01
1.85166031779589596029e-01
1.59659509511460045994e-01
2.16815164884746947038e-01
1.85591073171637144235e-01
1.58990941078414882437e-01
1.94141308067088042000e-01
1.87926081151606000352e-01
1.59895598078871520320e-01
1.82628020514377820138e-01
1.87273305350762697685e-01
1.57620542899712112739e-01
1.65344775744503041937e-01
1.88783449669191139009e-01
1.51061771686287427130e-01
1.52714690858476331847e-01
1.95012649294859730098e-01
1.46875890278152676505e-01
1.47672462124798342664e-01
2.05923633257574428823e-01
1.40332430820534093119e-01
1.44004676083799521003e-01
1.86381738563626497829e-01
1.40149736275171105104e-01
1.39168574232834602045e-01
1.72640861382814092551e-01
1.48642556554305804717e-01
1.40318602473086279092e-01
1.68248614169626914405e-01
1.54424147289211111111e-01
1.39595148468705743117e-01
1.58977806627214446333e-01
1.61397533965051659388e-01
1.41897987265500097331e-01
1.54603852209445252752e-01
1.71988171924699451143e-01
1.49040506037788234028e-01
1.49960918625487188427e-01
1.94486500081625157677e-01
1.53148388541962776621e-01
1.60658929674014683275e-01
2.33935778637984315154e-01
1.68898272409193112020e-01
1.58468061325460846112e-01
2.33386534402158701829e-01
1.80118616583766849581e-01
1.60329421051471382453e-01
2.27703239172516835875e-01
1.88565907512960595493e-01
1.64035129224840120488e-01
2.04162263033352969765e-01
1.90228867400402706922e-01
1.53628419926978371235e-01
1.97747285875786438236e-01
2.07905719562882673745e-01
1.60407677239089774268e-01
1.84343146556740722364e-01
2.18096993719216564189e-01
1.57603672686774637368e-01
1.72221315227267968151e-01
2.27451866778907746403e-01
1.56128635919231734119e-01
1.63911845374274250942e-01
2.13253629035943942371e-01
1.57790429196450310290e-01
1.53311891316362025606e-01
1.93896368955171483073e-01
1.56460999590952359872e-01
1.50039466977858887420e-01
1.78824264086280965147e-01
1.55564374514218339840e-01
1.45638505190076622542e-01
1.63947654271111825652e-01
1.57694968550046027422e-01
1.41292944300131256830e-01
1.51411095369527043397e-01
1.64393032997143806462e-01
1.38262691254727204671e-01
1.44054767397680999474e-01
1.75436736204251070292e-01
1.38340092214802146131e-01
1.42209586216963668193e-01
1.86109342108342318278e-01
1.40171383299160123848e-01
1.39066152866180930969e-01
1.97563936648366994531e-01
1.43525681357030976404e-01
1.40797145613822699550e-01
1.91435272538787837338e-01
1.50717887166719549663e-01
1.44589910588532960523e-01
1.88724902871878652544e-01
1.65307877852206464020e-01
1.48608634917356041694e-01
1.83253355259869632476e-01
1.74474428814081455874e-01
1.51086196219244350836e-01
1.82120905181146069962e-01
1.94291624124664719098e-01
1.57204190354455902723e-01
1.85900533770078091322e-01
2.12249179110332364395e-01
1.58155404340825506138e-01
1.83555998869445874400e-01
2.53662845084986710020e-01
1.57998704657380029115e-01
2.19331527017640526278e-01
1.68210716131315385358e-01
1.69674534108687075085e-01
1.50927930569162760399e-01
1.97574370681017241758e-01
1.70915413278030642319e-01
1.50314861746934369524e-01
1.81778241043860866455e-01
1.78461756511023833527e-01
1.48416796414691493089e-01
1.66121850534479614803e-01
1.82101202447979476640e-01
1.45539451833514937862e-01
1.51588656435763718955e-01
1.86809067459264399602e-01
1.43053611030969807238e-01
1.45428079881431471243e-01
2.01686875586885916434e-01
1.38009945750297291500e-01
1.39803878579959267592e-01
1.83086743769176218954e-01
1.39573834628844456462e-01
1.38023734629229677395e-01
1.72243869083924167063e-01
1.50657103977874212708e-01
1.42622495483706840380e-01
1.64949748647883670527e-01
1.56933500712881618400e-01
1.46158492086501751173e-01
1.51688903318601409076e-01
1.68077038961304853215e-01
1.42748289657004368003e-01
1.48220966769212508796e-01
1.89043808409585317731e-01
1.48933001856539459773e-01
1.52041725914302899847e-01
2.26698045188418018103e-01
1.61463551575115576986e-01
1.58532160740336908189e-01
2.17293310723201987811e-01
1.69009049313490922195e-01
1.58246386192039178997e-01
2.01929709772732557393e-01
1.79497108290635143391e-01
1.53911532441984327813e-01
1.91817533392649008928e-01
1.90301646465394519447e-01
1.56060041858894799072e-01
1.74528135749970086943e-01
2.00697026061573691180e-01
1.50249413835795042615e-01
1.63799031260871613691e-01
2.10960938860728475230e-01
1.48281824189615413223e-01
1.55954167988547248713e-01
2.06636722675327039189e-01
1.51750149657257416003e-01
1.49393692708226444310e-01
1.88531484251304864985e-01
1.54716191864329472017e-01
1.48740526585729115894e-01
1.75741042585390416786e-01
1.54507759847199943604e-01
1.44002587094815726054e-01
1.57786129954441828316e-01
1.61893563077720903376e-01
1.39011647763775558762e-01
1.47663130012200438657e-01
1.71748104694054770647e-01
1.37619548905669658589e-01
1.40570690330523717648e-01
1.84752460254254818883e-01
1.38719684435915563414e-01
1.37727203275170073660e-01
1.94587844288897082734e-01
1.44893436514564016848e-01
1.41714502221896965217e-01
1.89048780934974430812e-01
1.49080365726007024740e-01
1.45146676338109764659e-01
1.79420208251467566685e-01
1.61932100165470549413e-01
1.45538053144186302346e-01
1.74414336635495687000e-01
1.79358764081937210877e-01
1.48876698865201939626e-01
1.71691680654596612321e-01
1.97934185286422897887e-01
1.50663785459545646050e-01
1.68525093494737460142e-01
2.38465370678092314360e-01
1.49835157819151382208e-01
2.03241845286569827733e-01
1.54980579815666014154e-01
1.57320256702689148520e-01
1.43343691093434644213e-01
1.82195218644727402468e-01
1.61380412581576870856e-01
1.41866088823227876059e-01
1.62850855131313337898e-01
1.68917168369588727161e-01
1.39948643326757549143e-01
1.48898680202344257939e-01
1.78943138189202377575e-01
1.36381969589091989192e-01
1.43624095151196645714e-01
1.97889985845671384501e-01
1.36071495034779416100e-01
1.34356794800263135148e-01
1.81632123893324559649e-01
1.39245901235907076909e-01
1.34457225558911541707e-01
1.74193146148176547516e-01
1.56574202661230260647e-01
1.33258314074582162601e-01
1.52428378151838905818e-01
1.59890327737483850523e-01
1.35473506406234289745e-01
1.45098859044446026889e-01
1.78473870504900516964e-01
1.38762328709920390590e-01
1.45669633688699867724e-01
2.21128035097316433255e-01
1.59151492723128423767e-01
1.41071646173141412861e-01
1.98796138933430982521e-01
1.60519969953398677909e-01
1.43058908902451792367e-01
1.87343971440129375416e-01
1.71945112617369832986e-01
1.42674840805097791208e-01
1.69050958204915252603e-01
1.82592946416338913762e-01
1.43471250789138971005e-01
1.55976934644196679747e-01
1.96468142560059844115e-01
1.39872823908005816662e-01
1.47133349142877900562e-01
2.01417880738031795929e-01
1.45860713219838594723e-01
1.41175113734680501842e-01
1.85444732872087847397e-01
1.51240125922322582452e-01
1.39108520820976327981e-01
1.62362620393365131299e-01
1.54600293512011210950e-01
1.36811962784692209283e-01
1.49099855217904281313e-01
1.65676410599095269571e-01
1.35420368109823108238e-01
1.40171389841151239342e-01
1.80938486080214566698e-01
1.34501768832235080176e-01
1.35915290563644791666e-01
1.91925358493868714049e-01
1.41817707924645347584e-01
1.36887478024836140023e-01
1.79688782078904429884e-01
1.51377270106842598540e-01
1.39178551695295416035e-01
1.70245202734173900483e-01
1.64805578136785174648e-01
1.41771614087588038178e-01
1.62307244366972136529e-01
1.82524498040674054700e-01
1.44556073981690569319e-01
1.56727341271394066125e-01
2.23577172594363993152e-01
1.40750831325750946910e-01
1.88933573588602826687e-01
1.46144069341899829340e-01
1.51038435691051742271e-01
1.40511081163586487586e-01
1.63683545019039755619e-01
1.63984694755333837435e-01
1.39842891474683095332e-01
1.44989211464163825216e-01
2.08208239150135476780e-01
1.37443023093207633556e-01
1.37310162701090726634e-01
1.78154853181158118192e-01
1.41118528723197828034e-01
1.35626984472117489977e-01
1.55649560564750766289e-01
1.53515245669607669488e-01
1.35380250956334075019e-01
1.39365055286466976714e-01
2.05879923151821714322e-01
1.34471413389612298728e-01
1.35171779473379716219e-01
1.83448596871167185496e-01
1.44682785893830490043e-01
1.38703632821927269614e-01
1.64490161140415896979e-01
1.63962901621067969060e-01
1.40300582393659334368e-01
1.50153436109734084170e-01
2.19116318593572584339e-01
1.45845746506368834083e-01
1.39662760820484982416e-01
1.88952207589644205488e-01
1.49685877787451904197e-01
1.40336567964304992362e-01
1.60092787698259519935e-01
1.63826868199328012921e-01
1.38134890787954101032e-01
1.43564341025200242763e-01
2.09195575868611510773e-01
1.37205303581895143861e-01
1.37009738631967331601e-01
1.81517444423394153086e-01
1.42673684753005514114e-01
1.35562406621452358202e-01
1.55234532466200919609e-01
1.59131366417812170067e-01
1.37859487791011398050e-01
1.43547183660983013187e-01
2.13317617521385172186e-01
1.37951278620388223528e-01
1.38572742824842748410e-01
1.85133639171815550517e-01
1.46606159884228731682e-01
1.37079096892998131274e-01
1.65398113341718722147e-01
1.64162477238253223799e-01
1.38114030358975514723e-01
1.50068497433671899088e-01
2.17988298315047179798e-01
1.39460996543693177552e-01
1.79340835795978176259e-01
1.38462641200289116039e-01
1.49801571734878596898e-01
1.41376606618775435553e-01
1.48251478912825723766e-01
2.15277712526030007290e-01
1.34145639601143951136e-01
1.37031962659957623485e-01
1.73584217591922773671e-01
1.44684417077306559651e-01
1.35880399285548153498e-01
1.45807167265536052891e-01
2.13639821592323919663e-01
1.33159470203962571055e-01
1.36173431053932120216e-01
1.76488402567987506808e-01
1.48358642950478680778e-01
1.36036527227166414988e-01
1.48276070617843147570e-01
2.18496854133206241944e-01
1.38365293842061448659e-01
1.36448540202772417018e-01
1.77292587978178040053e-01
1.47744208536240151375e-01
1.36618737587491989594e-01
1.46191665292519340502e-01
2.11362369008771283641e-01
1.32327964542646808743e-01
1.35318159391117909252e-01
1.71876067097778306714e-01
1.44073147928404754481e-01
1.34267864677293485842e-01
1.40610258551785688441e-01
1.70426074965071006062e-01
1.34361431750335269530e-01
1.33271903903260935387e-01
1.75552030762962052446e-01
1.45703017916582522329e-01
1.34917811444597662840e-01
1.48605088284351760652e-01
2.18042563192051924714e-01
1.35448065235351383651e-01
1.66336424795172327373e-01
1.33907528470209563620e-01
2.28239500323673183413e-01
1.34253900005325776945e-01
1.31227693029482173070e-01
1.65650845478796132637e-01
2.26693722155775601035e-01
1.31519470737073734812e-01
1.30289108852735646682e-01
1.63350040131796658827e-01
2.28602299943723191733e-01
1.33343230649328375881e-01
1.30752385555140043794e-01
1.63769782377580247479e-01
2.26230710216363012366e-01
1.30890285407283007979e-01
1.31997497927044099564e-01
1.59615721121072529076e-01
2.25233261222671093948e-01
1.30175082546545722861e-01
1.30097669744696081695e-01
1.63211499058736747569e-01
2.27717123548054622972e-01
1.31730792588521217201e-01
1.30746134757246251779e-01
1.31112333431908645309e-01
1.30648987511729347544e-01
1.31008062712033190866e-01
1.31977731205533299619e-01
1.31012855117198318000e-01
1.29004483303333278288e-01
1.25292974140611662603e-01
1.42792282436271733559e-01
1.24205600518857539605e-01
1.25451789151888953855e-01
1.30405900034315958003e-01
1.31166768135873523793e-01
1.70383184487202243851e-01
1.41796655704568702605e-01
1.34715660429662043018e-01
1.62390303174173439293e-01
1.35349864898343913433e-01
1.42745479595677515761e-01
1.56685864502960098266e-01
1.20875170274957657868e-01
1.39789697517520933312e-01
1.66894633240886408609e-01
1.30776688259987644569e-01
1.45873608139238136738e-01
1.66597522564442740434e-01
1.34545157685291655314e-01
1.66146312863090755974e-01
1.33175151244517148141e-01
1.67761188816126366463e-01
1.32306562592337084716e-01
1.25069985184295962011e-01
1.49759514876351057522e-01
1.45196883905957113692e-01
1.31386274777847200657e-01
1.73789182287045679276e-01
1.34336237709711120436e-01
1.40100785829345014788e-01
1.63206077549213818267e-01
1.69479935095574046899e-01
1.52634711848255499866e-01
1.51985233493257487769e-01
1.84050710657036015183e-01
1.35289506227386363557e-01
1.46680601693645995542e-01
1.71902675606402322028e-01
1.34992150804000454745e-01
1.39634137569005611912e-01
1.36930408401494202453e-01
1.28630136907491476883e-01
1.68404986600753703296e-01
1.22592647303988055985e-01
1.60167636609272606707e-01
1.21635431667750523732e-01
1.15247200000694188793e-01
1.30173636873984616136e-01
1.44086476471596725002e-01
1.20591028078377363042e-01
1.52874715443725356367e-01
1.37517988659665996165e-01
1.26821013893597317468e-01
1.74721725704046343397e-01
1.34688455811921653504e-01
1.33792242914154035915e-01
1.71196434980405015613e-01
1.43312617183554341649e-01
1.60800612082168364880e-01
1.76511992085523788942e-01
1.51164991787119867839e-01
1.50527291797866308309e-01
2.15122019770176031717e-01
1.33622518596230616117e-01
1.27739557980329543341e-01
1.68315852669927823460e-01
1.24733648939253372045e-01
1.26542523994161271172e-01
1.42895324796299794112e-01
1.27022026446679314748e-01
1.43772655275612171177e-01
1.27570073598787275815e-01
1.22143701339856247667e-01
1.58293409455352945825e-01
1.14810754626907693399e-01
1.55564923350349076925e-01
1.16801387684393534472e-01
1.12857967109105741810e-01
1.20067400842193583443e-01
1.49339019298373565370e-01
1.20556823324107206807e-01
1.26256422806921037028e-01
1.44667714314562878553e-01
1.27156089610368228104e-01
1.39725067135428510090e-01
1.48536267103357599861e-01
1.43442159315174955214e-01
1.61157283477973756192e-01
1.49686546155624683463e-01
1.47394644943430713768e-01
1.50818868411747436520e-01
1.40071580732852363216e-01
1.77888520422201573679e-01
2.07087869333285712337e-01
1.61670891634827063044e-01
1.50238048632828136153e-01
2.16405725150699251857e-01
1.42050338859152303073e-01
1.55327863083221495710e-01
1.82846890728281197269e-01
1.40693733517168434455e-01
1.50462058476547533292e-01
1.57567198137937347635e-01
1.37284689012431376787e-01
1.43838699759323923599e-01
1.45278350201497374883e-01
1.28477141940541328413e-01
1.43770586972753133814e-01
1.21923758480453600650e-01
1.25091260065162024340e-01
1.49245744498796267807e-01
1.13196840543364915521e-01
1.21851610715656963335e-01
1.54994734120227378726e-01
1.13705735633696125575e-01
1.53542365700805871764e-01
1.10788396188409549170e-01
1.10760648792791197015e-01
1.15718856255149701862e-01
1.48431117101502724198e-01
1.17765466368541085740e-01
1.23253762839111713490e-01
1.44992985016517250685e-01
1.21892880505794887203e-01
1.32545745797441522074e-01
1.44419641105356627575e-01
1.35197640223489096156e-01
1.55610299633411219844e-01
1.51858697561252559138e-01
1.44971485254859727698e-01
1.71358427645097066705e-01
1.56051687956266560420e-01
1.53693632428282489499e-01
1.94791365591496290488e-01
1.64414380989011982281e-01
1.60797760121215688178e-01
1.60786577664306373769e-01
2.03229244846798551283e-01
1.59524921128330277043e-01
1.47223566326862120857e-01
2.15230059547917185192e-01
1.51615839917866063180e-01
1.59548519519925324772e-01
1.82562158535113733260e-01
1.54159358658499917594e-01
1.53488198992626112549e-01
1.59509163768104533787e-01
1.57304114014859747206e-01
1.56279579026947751386e-01
1.55903171693330261371e-01
1.46132520561851692031e-01
1.49072664911478774963e-01
1.35798008922406593380e-01
1.35587703701183809324e-01
1.54167463263167214826e-01
1.11270654078242908769e-01
1.30001747903634001791e-01
1.50312517286485508583e-01
1.09554375918992849548e-01
1.24295617082823953159e-01
1.52650909263587375442e-01
1.07357598692407366081e-01
1.50665111382828093012e-01
1.10219313357505524498e-01
1.07507527871307628775e-01
1.12332165086407920196e-01
1.47396322233629611942e-01
1.10488449283171683013e-01
1.14604188077923260791e-01
1.40310624508623638107e-01
1.15173469622999485873e-01
1.24633206441943117371e-01
1.39963565973434650447e-01
1.25206372409714078442e-01
1.41329014480396059072e-01
1.46150261022688576773e-01
1.37877559149413547734e-01
1.60097395119346036507e-01
1.57219259752105489092e-01
1.56934397239738315788e-01
1.85877721142153007339e-01
1.66498707502490850274e-01
1.63347442517475571755e-01
1.67932909475778491259e-01
1.57857351545628188383e-01
1.89828425015854840296e-01
1.89583014603102034679e-01
1.62599166520003945990e-01
1.51169691092493674311e-01
1.99656678217884797633e-01
1.58480891624195457945e-01
1.44135645920778432405e-01
2.17577699854557687908e-01
1.65861024276350105255e-01
1.58596309017580872069e-01
1.50921159003633509332e-01
1.24193713355386869956e-01
1.12222821110503231945e-01
1.32200709411863598364e-01
1.48262070490061653727e-01
1.13309626678407188161e-01
1.16266564101636729611e-01
1.49991944280351202634e-01
1.01437760513528693607e-01
1.49194294867464660737e-01
1.06053963825026326129e-01
1.04748518834396953103e-01
1.05885358629038028866e-01
1.46039315449641909916e-01
1.09030701222178699750e-01
1.06790947753075002313e-01
1.46616600264090124472e-01
1.14542031695792731472e-01
1.14470169066005975078e-01
1.53787807985548752310e-01
1.23702346691564477044e-01
1.24182772802832769310e-01
1.60161466504899346885e-01
1.36242990344457609586e-01
1.36532705605653365000e-01
1.74541958625999110710e-01
1.52371891466241332624e-01
1.55649118886037995946e-01
1.91664091728210722598e-01
1.66648642898764659526e-01
1.70319383447686351074e-01
2.00752536865664604759e-01
1.76884828348843975432e-01
1.80723208941187263310e-01
1.65203613435057738990e-01
1.75942486523295638090e-01
2.05834752872298104576e-01
1.61756906041133269314e-01
1.83014181387672808521e-01
1.91316521683308843338e-01
1.65610447632388219086e-01
1.63107780586948136747e-01
1.87702117872974527657e-01
1.55663948318163908313e-01
1.71429701991807736938e-01
1.95084574843835428792e-01
1.67280441872324159291e-01
2.01303439925898941532e-01
1.62901221769512827287e-01
1.17984085948063338600e-01
1.13354158626845238911e-01
1.22209712159058792036e-01
1.48276522949521594175e-01
1.02101048706661187704e-01
1.09966996980912445903e-01
1.45983843164235127521e-01
1.02615578710057442358e-01
1.43871983023102917310e-01
1.03707957163372985199e-01
1.02952781875964849423e-01
1.01792022128455644792e-01
1.44275451719965086550e-01
1.08161257611031791370e-01
1.04890402840298047060e-01
1.47203777179799294439e-01
1.11651829756614445754e-01
1.13976168285304310657e-01
1.52270674290882479518e-01
1.19638928163035646035e-01
1.21217555617987984840e-01
1.63174211948457159593e-01
1.32373009125727802981e-01
1.33788059291552602348e-01
1.74015431065753595208e-01
1.46338842929688323080e-01
1.49449174196447154284e-01
1.83395051917983886725e-01
1.62402711726128468062e-01
1.66475736298116461231e-01
1.99631008175082835798e-01
1.74601727084814306590e-01
1.80402630316190193405e-01
2.06442056570360715773e-01
1.81158164971938373533e-01
2.03546760625169409487e-01
1.91161312083904744163e-01
1.69663250710606255955e-01
1.70836882052471272786e-01
1.65955980240062389575e-01
1.88860962334729237666e-01
1.67388440406857186282e-01
1.69629985609856120954e-01
2.01482380547505918189e-01
1.69332742161372840073e-01
2.07684582019681901466e-01
1.44413398962838612771e-01
1.13159100800598433345e-01
1.09244589115434026505e-01
1.20858272414427661556e-01
1.49394496665707171568e-01
1.05344932284377107434e-01
1.12279880628721698277e-01
1.42800459922228534237e-01
9.86769315544418768038e-02
1.47568774833973542782e-01
1.02338749542878415522e-01
1.03369710680885587561e-01
1.06380248059731452592e-01
1.47103079812252651726e-01
1.04902754987702767631e-01
1.08093028613134911620e-01
1.53082963655692239069e-01
1.12732507499877745993e-01
1.15909850250097312685e-01
1.67697200371413529529e-01
1.17859902363102259093e-01
1.22840817844110841706e-01
1.80336629743488380262e-01
1.27777724739056158798e-01
1.36558187261731023288e-01
2.00162332766407380369e-01
1.39499979216629238499e-01
1.50289031303851350341e-01
2.17858193419113693734e-01
1.53131857703385776404e-01
1.66997210163074283340e-01
2.36677008076597833464e-01
1.65292203687893268782e-01
1.78583178928167746191e-01
2.46951098106487465511e-01
1.79921325306368201646e-01
1.76927529446380932265e-01
2.34702835987637886683e-01
1.64576078986011814509e-01
1.51759048333336588055e-01
1.81823284416490621451e-01
2.24492866109371025374e-01
1.60011192364784254893e-01
1.70188266411054195393e-01
2.42580279922523789349e-01
1.74236875551646713811e-01
1.91546558218857077005e-01
5.28099432361937015656e-02
1.53805736588106534146e-01
1.02381632384927798163e-01
1.21028281601609138951e-01
1.58340790089392030593e-01
1.48357527445365927621e-01
1.07492706411597971350e-01
1.12614643722397420045e-01
1.48498387429931349990e-01
1.05736239429487982600e-01
1.52248575573796507410e-01
1.05744154528749245703e-01
1.08445792321140849213e-01
1.04191879958133046258e-01
1.51013750568747912029e-01
1.06050131017787999110e-01
1.06543513717213253478e-01
1.56649795581385892218e-01
1.11483729715192075860e-01
1.13228313410383321647e-01
1.66390684189349991051e-01
1.18122157534647165278e-01
1.20837453932297125836e-01
1.83377959316516486732e-01
1.28899156955505328481e-01
1.33336553715063310666e-01
2.01106442922373895854e-01
1.40963116849905117922e-01
1.49305615762602927887e-01
2.22801759987864556045e-01
1.53300945764368978796e-01
1.64127272514472760667e-01
2.38573651726757068881e-01
1.62589704800273238128e-01
1.73796682610917546663e-01
2.46680111689288716903e-01
1.78341465793684650354e-01
1.83528243365864346393e-01
2.56399592712313162401e-01
1.79589161521512968855e-01
1.76312835336540546516e-01
1.87140030745989810468e-01
2.37204048544707613022e-01
1.61726020732595787699e-01
1.53580873789674721142e-01
1.75664716935416409527e-01
2.32775865033297613138e-01
1.63265662691210095003e-01
1.63058729904289434476e-01
2.46478355719117858680e-01
1.77137688934342840685e-01
1.87418644219298491382e-01
1.62663040404704417607e-01
1.13372240426803341795e-01
1.14519385382574001575e-01
1.11546564308364098972e-01
1.51918562537597751083e-01
1.07084656858207297181e-01
1.07391894017239461490e-01
1.51446154824115664095e-01
1.05136222551554484039e-01
1.50009678596449202992e-01
1.08244622171265403310e-01
1.04756423371600460026e-01
1.10253766801864869218e-01
1.45164619648315146305e-01
1.07889916186082915339e-01
1.10058535702597812267e-01
1.48698763425389651749e-01
1.14831323816457012144e-01
1.15039718262867823872e-01
1.53640833690135952816e-01
1.23351239693810926790e-01
1.25567735015807285803e-01
1.62301622971583348054e-01
1.35478343174877974286e-01
1.38919285072303805295e-01
1.75158148842581684601e-01
1.50476741198631747132e-01
1.53409195868435460630e-01
1.86878782636873991274e-01
1.63724371473644658703e-01
1.64626564262879471201e-01
1.93253281930320763848e-01
1.79127952058968170634e-01
1.75126645317039114635e-01
2.08361961234866388537e-01
1.93847299637214420809e-01
1.77141276457521201770e-01
2.03747541080647215361e-01
1.91951187857746785603e-01
1.64706776254044839902e-01
1.67756318539719978533e-01
1.68969483369039108478e-01
1.91516637360830882519e-01
1.80802110211689764929e-01
1.63981389489783302427e-01
1.99448861144906036680e-01
1.67681129269217354949e-01
2.11075667164645014440e-01
1.49412097572452301497e-01
1.18312610595827885640e-01
1.16247649683767786954e-01
1.11097399276490704789e-01
1.50938450356428333077e-01
1.12259746080240099819e-01
1.10451762219577101498e-01
1.57089943694687234066e-01
1.09472928868282401438e-01
1.54970660410285399067e-01
1.11370662178151738630e-01
1.07989791966648457366e-01
1.15123463312219745380e-01
1.46560902924347424836e-01
1.10485448421952833775e-01
1.10422436275423654917e-01
1.48576244928319500804e-01
1.16194112914553421279e-01
1.15922272152507360721e-01
1.55073108761641847986e-01
1.25160166191164823335e-01
1.26494447277340993363e-01
1.64565700405643472459e-01
1.38297123589032067148e-01
1.37349295728081577384e-01
1.75955313332675500337e-01
1.49242465608820595868e-01
1.49566831981559345000e-01
1.85123440449879189673e-01
1.59688252154001592009e-01
1.57765745914631327906e-01
1.97403364246914403424e-01
1.80365801029463368454e-01
1.60589687617231441363e-01
1.98988633584936153165e-01
1.61786368600695118491e-01
1.54646269537936198457e-01
1.89638232202791912062e-01
1.89163539734801933179e-01
1.66558054515535181039e-01
1.57465783829376620995e-01
1.91488913504150454203e-01
1.82807715272085780089e-01
1.54777010967391437379e-01
1.90117372236205728342e-01
1.60283964906037940112e-01
2.11561825937478631410e-01
1.52282837792050568249e-01
1.20000286570491124238e-01
1.17806684135493777710e-01
1.16461544425617152809e-01
1.50295163844349960458e-01
1.18103646163020728488e-01
1.14051213465705833516e-01
1.57536361789905487996e-01
1.10055796230821054116e-01
1.51243166698532244263e-01
1.15494042963262905088e-01
1.11008365274874690187e-01
1.15005034672400349716e-01
1.43261313828960845651e-01
1.15336378536869288425e-01
1.15248962346738731410e-01
1.40506754090328311868e-01
1.25070700617690599987e-01
1.21631997245790379747e-01
1.43688866391937314360e-01
1.40153742112010704091e-01
1.32475693563008034559e-01
1.47076535195115376542e-01
1.58435195496455238917e-01
1.44654328068675536167e-01
1.52012796319915211019e-01
1.74978819646836147861e-01
1.51982984935814441352e-01
1.57487445090077032850e-01
1.95704167937220979701e-01
1.55055492688907892163e-01
1.64293191791382658939e-01
1.61724620240704330953e-01
1.81364856612299563121e-01
1.94850565503413397650e-01
1.55908826924584381635e-01
1.61890071190298773240e-01
2.36432372305486138142e-01
1.66039885717257695852e-01
1.54840704935750084204e-01
2.16943080998219406386e-01
1.63127966293336729153e-01
1.52260638176778984043e-01
1.82883063669110723648e-01
1.59636765946945979877e-01
1.49863072359404159162e-01
1.59295260902514002055e-01
1.67614715551141268968e-01
4.56260358971716795118e-02
1.84338726465710395219e-01
1.36750065224883865511e-01
1.51445632963648074698e-01
1.46154017535748831369e-01
1.49803961334171648057e-01
1.33537105935541300372e-01
1.42755666696492283796e-01
1.34769829234884730429e-01
1.49674783599776733967e-01
1.36987922456689587003e-01
1.32164571421391180417e-01
1.28475008951157487758e-01
1.24919823014604067235e-01
1.44136058066675287748e-01
1.21900309031601705723e-01
1.17652105863006159470e-01
1.47337143005421444819e-01
1.20017882905007144956e-01
1.16575798071469380335e-01
1.66518316073638011909e-01
1.13442803826421717561e-01
1.55435709336690069948e-01
1.16356688716205594614e-01
1.14371492011777042830e-01
1.16434279041869800930e-01
1.47026503818189269168e-01
1.20670142922762776982e-01
1.16995452689410125990e-01
1.43555148389042486201e-01
1.29660279981959114526e-01
1.26141062156619077061e-01
1.43900141327241132272e-01
1.47751667567577793516e-01
1.38990790561820981575e-01
1.47706689929738788081e-01
1.66404771638315684967e-01
1.43851927738212731489e-01
1.51011276949769568390e-01
1.84086643342204536733e-01
1.46986174672994379664e-01
1.55878540793785963503e-01
1.88655323206105146605e-01
1.47063793385727586971e-01
1.55354017923579890148e-01
1.57043794812147807782e-01
2.29735129734222387476e-01
1.57833060925143292552e-01
1.48652164575562184545e-01
2.07777864944752865828e-01
1.56001876229101804627e-01
1.46600517113685435699e-01
1.83856468099438979946e-01
1.56627284195346994089e-01
1.44639388116135247930e-01
1.59371489499376933763e-01
1.44349924799287682164e-01
1.40966287381806276713e-01
1.44978132261386255530e-01
1.41384580778810553525e-01
1.34474506089444362233e-01
1.30619060282180871058e-01
1.43550587644216881555e-01
1.25301907271996498805e-01
1.20162491273275384707e-01
1.49097040178536061061e-01
1.21100113001598785889e-01
1.18565546045214978421e-01
1.67625520076747219766e-01
1.11629581966430330153e-01
1.59287286642719877472e-01
1.17986337861635565138e-01
1.22920588287723439591e-01
1.17511678572812458543e-01
1.53112391089029797886e-01
1.32412680563456564009e-01
1.20970433598462420721e-01
1.49634428631916172048e-01
1.39927528070783735448e-01
1.26885403195166612811e-01
1.44030959675341990733e-01
1.60591930930541970657e-01
1.37555599831486352613e-01
1.50138702905013798894e-01
1.74663440092653526881e-01
1.41144373338082412817e-01
1.48279317870025240111e-01
1.76630960822274835076e-01
1.35233001212721665185e-01
1.49268368839483189792e-01
1.49573291158548754565e-01
2.16678446609255559441e-01
1.50017132398269747995e-01
1.37380371261690864548e-01
1.92521605699204428896e-01
1.48675523578193552465e-01
1.36939129825079497493e-01
1.73708228547066800829e-01
1.53397225624357341767e-01
1.40658321254769763664e-01
1.62895012087417800917e-01
1.44686872141186362306e-01
1.37622869476551723533e-01
1.41571178104867134717e-01
1.51680084450794006035e-01
1.28690306709557583664e-01
1.34998287355803214815e-01
1.51177763550067068010e-01
1.22899628888780643177e-01
1.21147236968079413666e-01
1.72323479946871971347e-01
1.15942537858199357093e-01
1.60906930459815772361e-01
1.22048921326654902231e-01
1.33759293213593116745e-01
1.27243586357034060841e-01
1.46317101092114321137e-01
1.47635745729142398019e-01
1.31008493331539466187e-01
1.33720172064651504629e-01
2.05324499561060663799e-01
1.36654939555802434903e-01
1.35684770659790676639e-01
1.85872325406446686769e-01
1.39669541335969177309e-01
1.44259370472077125269e-01
1.83110917779361198621e-01
1.35116094485446119888e-01
1.44817811278033059530e-01
1.33854034571095348305e-01
1.62065796517834148638e-01
1.63413290154186707781e-01
1.36190301455721834989e-01
1.44854447725868640262e-01
2.09392967235655813596e-01
1.35995228214669472422e-01
1.37255385971758486763e-01
1.74928821241669640862e-01
1.35778716907326818530e-01
1.35264005559498384779e-01
1.50722736327337153428e-01
1.44621983066199111256e-01
1.30587331116000654463e-01
1.30531107116273303870e-01
1.88669175542800271472e-01
1.25698031858100300884e-01
1.66075122414526571424e-01
1.25831012624074506379e-01
1.42497572484586665365e-01
1.28930177588491678975e-01
1.38403669637043980067e-01
2.09853347264226358648e-01
1.34825426181414298465e-01
1.31191986146258210422e-01
1.74197407586909797095e-01
1.32686069656916066917e-01
1.45267587069518033793e-01
1.74087333909994645964e-01
1.31672749783734666096e-01
1.44580524142811139843e-01
1.32989692853092839053e-01
1.46360787708752076997e-01
1.78152579564081564589e-01
1.39721991437461195984e-01
1.35493431021581262064e-01
1.75279169492555592091e-01
1.39886374604533930688e-01
1.37720981575067263902e-01
1.41048739349205143334e-01
2.00591262264835423768e-01
1.29065401626462239459e-01
1.56239307902972968112e-01
1.27040580622886006834e-01
2.20232410423624985762e-01
1.29546929226439011540e-01
1.26845953680044420953e-01
1.60996405441239720524e-01
1.61685006822679666616e-01
1.30239646787796536920e-01
2.28450804200816759426e-01
1.33787348056533333951e-01
1.28816290429432739328e-01
1.58866334275075460347e-01
2.20237668215498560986e-01
1.28436721454574687140e-01
1.27216044699558272768e-01
1.27133887347158525127e-01
1.28777813481204872481e-01
1.29404311075790673380e-01
1.49669481993658232133e-01
1.47690800255974002964e-01
1.49243324946210009774e-01
1.56657414238969366904e-01
1.56004407734172789723e-01
1.55531124557916039519e-01
1.54895575470992585831e-01
1.53145200319696722646e-01
1.53616875562582494430e-01
1.50150121908575240326e-01
1.53285548950317179751e-01
1.47048993859223653402e-01
1.91907503135781448700e-01
1.46189771062273571323e-01
1.58597547348028056202e-01
1.91728128918554924232e-01
1.62978044120089954339e-01
1.61320820199997772004e-01
1.93098603335213114818e-01
1.63492510385032457920e-01
1.93479927138812068943e-01
1.59877049156656431128e-01
1.62410189831180135078e-01
1.95513116442989298704e-01
1.60923260222660208241e-01
1.89393289017430577204e-01
1.51258146701458734418e-01
1.55379920940126620144e-01
1.87635532431919688223e-01
1.51602533101825198703e-01
1.87246406080330163313e-01
1.53797829935925944866e-01
1.54507782590392300781e-01
1.89790683617505451242e-01
1.57070737647087177447e-01
1.89990340220233339119e-01
1.52256317928025547426e-01
1.56253562109796378943e-01
1.82747126861135616993e-01
1.53959815500668867339e-01
1.84678708575217148669e-01
1.50464748454945423939e-01
1.97666992134777091961e-01
1.46099078409995447592e-01
1.45052911406010703876e-01
1.65919180301736218786e-01
1.69304102437005332682e-01
1.59822075803063012867e-01
2.05651370138883349270e-01
1.60732707950186681778e-01
1.61474980306547832853e-01
2.05832561155906451633e-01
1.62738744535528334634e-01
1.71448137254389565420e-01
1.70792112502304915811e-01
1.59239009344444126803e-01
2.05338285933237496561e-01
1.57305815115017344485e-01
1.57847443922922076043e-01
2.03157546332889127338e-01
1.54789023464197789126e-01
1.64444551989690379568e-01
1.67185642772368581177e-01
1.51581010613599048709e-01
1.90411368663349567232e-01
1.46586297629792194908e-01
1.43413569905221999212e-01
1.90673985516876504098e-01
1.43327624437021877712e-01
1.62125862946045917745e-01
1.62735460576359958207e-01
1.45691982926309415713e-01
1.97120748390421596241e-01
1.52755112336706938558e-01
1.49553207297603685255e-01
2.00294918592559406667e-01
1.53516909352031688529e-01
1.67386746097174604619e-01
1.78013884430400476377e-01
1.68671115372490493245e-01
2.11273840117512018422e-01
1.59239295166111544111e-01
1.64996993769583655265e-01
1.97689094393190989418e-01
1.57907477330872458854e-01
1.60674450255788914266e-01
1.64302508383164930228e-01
1.50061554949960429539e-01
1.97471142908046237707e-01
1.52048620270491097184e-01
2.02853086473930688260e-01
1.62721495755785150461e-01
1.60048194060414206152e-01
1.53663044516240021586e-01
2.13453786579203080853e-01
1.51280101695497437575e-01
1.66834310469998914339e-01
1.84004471896745014359e-01
1.49766546398052424749e-01
1.80082925689805412039e-01
1.64448643439220998363e-01
1.58533675734841866811e-01
2.07163509890134850400e-01
1.55142483598142782997e-01
1.54791208797528279106e-01
2.03439034233846099964e-01
1.52938420081417059126e-01
1.55584055625889949859e-01
1.72993745696195799777e-01
1.42858791276560981309e-01
1.66299862279678384303e-01
1.55222155596422523027e-01
1.44376074865055131768e-01
1.94688797701768195880e-01
1.51357909605312590529e-01
1.41133973315038518948e-01
1.94623059534989373276e-01
1.41186983526846387971e-01
1.55380106532335721115e-01
1.71397883082026331047e-01
1.43245459896640420228e-01
1.73016286412580211351e-01
1.58252517799875841442e-01
1.46590877362815341645e-01
2.01050622095531150713e-01
1.49298260488861772588e-01
1.48914533259853654190e-01
2.00015874280017907916e-01
1.49785505630551263323e-01
1.59743001903056819346e-01
1.78681622977854143164e-01
1.49291047183011088562e-01
1.92601348606389499718e-01
1.71680816662782703697e-01
1.51542950918213209510e-01
2.45722451473201958239e-01
1.57662906861442991824e-01
1.59171104466231616570e-01
2.06440032803717643528e-01
1.55538887989467133899e-01
1.63835771628176501968e-01
1.75892486798043812257e-01
1.46098226960493904336e-01
1.80082803182313899715e-01
1.93098257439056147922e-01
1.60870311185749848004e-01
1.55716550931492170307e-01
1.54041344450118300458e-01
2.06921152640323374738e-01
1.54679611665532679154e-01
1.53481413822651374668e-01
2.11679848367764961159e-01
1.58498837207091264334e-01
1.61626580007744963252e-01
2.02416533588538810617e-01
1.65968006594644834628e-01
1.65766827939126670799e-01
1.80553975555787837859e-01
1.63554780602708088599e-01
1.63330881746227091211e-01
1.62202990703007726703e-01
1.52166273769846843722e-01
1.67899167687037692565e-01
1.53524910281686938207e-01
1.48965486704135674501e-01
1.82084121811980109706e-01
1.51711930849752069106e-01
1.48371435296825143757e-01
1.98967781984445896137e-01
1.42706869158285593047e-01
1.47680296591149867735e-01
1.97710025608743539260e-01
1.45989993647133248222e-01
1.51251761774863269228e-01
1.85867520984705575371e-01
1.46363082056234383721e-01
1.57072180751398560172e-01
1.74275827839089625382e-01
1.50064694998523817659e-01
1.67982814016791631717e-01
1.62745811205695894985e-01
1.54764817028935824927e-01
1.76004372778065021343e-01
1.57493243309038383204e-01
1.55347143601033299554e-01
1.89640625618562902455e-01
1.56156078860222424787e-01
1.52418283260244008526e-01
2.08011050648757606085e-01
1.55283879852353035034e-01
1.54416135549365368673e-01
2.08516289828876433265e-01
1.54301591961975570477e-01
1.60149626815050627471e-01
1.94608476991625506392e-01
1.56199374140871732886e-01
1.67151723727277157217e-01
1.81294183056158686451e-01
1.62319604253460453291e-01
1.74704215922226679947e-01
2.00448844269554143915e-01
1.62244143133118967626e-01
1.53753636457808762206e-01
1.60667000821574978975e-01
2.11132778632309919820e-01
1.58659091375187244477e-01
1.60220593348670503620e-01
2.18876462051084769156e-01
1.64610510150475813917e-01
1.60357251822298263466e-01
2.03254973700522284519e-01
1.61944047689317777161e-01
1.66292019017750841714e-01
1.91897502954050752644e-01
1.59326932641659757550e-01
1.63624298702851556087e-01
1.68211629823862063304e-01
1.54447968643164817992e-01
1.62240910762359857866e-01
1.53695304027156198767e-01
1.47992124672226998960e-01
1.72308122864245655270e-01
1.49125820276033965728e-01
1.43971738629496331940e-01
1.86039582751198417920e-01
1.48517012843781687215e-01
1.39352058086703534112e-01
1.89574292458365684100e-01
1.39513902773200221263e-01
1.37292921401796996772e-01
1.91981455175467385921e-01
1.39124594165948939350e-01
1.46028312357569939328e-01
1.83533300359907391996e-01
1.41156832966031153820e-01
1.51796511633172898081e-01
1.74408198861177421435e-01
1.44266425082206828368e-01
1.60092231882124652609e-01
1.68887354417078916491e-01
1.46759531877830667890e-01
1.67900585669020080415e-01
1.66109610173523714050e-01
1.54913580076118495565e-01
1.75773014518725317901e-01
1.54330109819827504536e-01
1.46924603589732444275e-01
1.92312296302134533299e-01
1.55777693862118815638e-01
1.49897517157556697809e-01
2.11851143940739533589e-01
1.60179343952333658185e-01
1.62713150163101422097e-01
2.21156709834904208201e-01
1.65963860288919379249e-01
1.66923481658513256365e-01
1.98777585456710953471e-01
1.63325775801004630106e-01
1.59603924920410394916e-01
1.85763734151744547285e-01
1.56768397363754530272e-01
1.69584221934117457264e-01
2.19298139811992087722e-01
1.62279665047719318105e-01
1.67214448816482341709e-01
1.65927891651765579972e-01
2.29101902388434836011e-01
1.71652424465837200040e-01
1.64089868663485821676e-01
2.05488145288238166497e-01
1.65699308688962293479e-01
1.61700518094408079994e-01
1.91450020783493324306e-01
1.54612328104844293231e-01
1.64390986191457533216e-01
1.76588700267033021918e-01
1.47579950484474614614e-01
1.60586855688751778404e-01
1.59632549227906539446e-01
1.44312882020282640116e-01
1.65624355461387456900e-01
1.53425461201848745141e-01
1.40614506979187564584e-01
1.71728946613551425315e-01
1.48281952822991919261e-01
1.33022692071691317484e-01
1.77763184253658113043e-01
1.40014050698635261760e-01
1.31753768141332466834e-01
1.81268741359783269740e-01
1.35724946672894336563e-01
1.31443927874360183550e-01
1.90266925687151422508e-01
1.35008777271553720434e-01
1.40506792593810048153e-01
1.79793063728832330783e-01
1.36272293383504800035e-01
1.46671203254081172762e-01
1.71600885842701833539e-01
1.37702265057623507438e-01
1.53048185157485555630e-01
1.66733441360754020000e-01
1.42450983092430732979e-01
1.60870709903947334274e-01
1.63313514076453503154e-01
1.51115294252434723132e-01
1.66100235388153605331e-01
1.53308419768778514403e-01
1.45602220092964473874e-01
1.76790524655593417336e-01
1.52444193677555295263e-01
1.41157825252445523478e-01
1.94341889637823700410e-01
1.54302160529268067579e-01
1.50932022778468094559e-01
2.20600966534600789748e-01
1.63392113239899106070e-01
1.66420445742102324216e-01
2.31457765875331900052e-01
1.69484411911538263018e-01
1.68283081567934200695e-01
2.10660863961486810592e-01
1.67442843457103390792e-01
1.66195465317198143307e-01
1.97939448852420457614e-01
1.54813603355777373860e-01
1.75985056751986723711e-01
2.07358065271163183318e-01
2.06160085001922649406e-01
1.83640726694815653586e-01
1.85860076665215839808e-01
1.89671388482817865340e-01
1.66215913227344219694e-01
1.71348812417828150201e-01
1.78673807750324764587e-01
1.57687447521988821642e-01
1.56924403589753819199e-01
1.80402932750551497909e-01
1.50991105903625882911e-01
1.49912128091759105919e-01
1.79966885078894411887e-01
1.43553825250322036888e-01
1.45782622932227517998e-01
1.76360013169085533269e-01
1.35090135957441487280e-01
1.38734287586018134597e-01
1.74524592287161633974e-01
1.31929049359873706848e-01
1.31970135992958675919e-01
1.76569624456869717077e-01
1.32587887079514216149e-01
1.35225915279616443199e-01
1.80419012542165357882e-01
1.33711837132843180953e-01
1.31956597732928782030e-01
1.94009317436972666959e-01
1.38134563250332131901e-01
1.40142389076253537361e-01
1.89236142573241006293e-01
1.40773197534189709046e-01
1.42789105886968969994e-01
1.81803191338876124483e-01
1.43156402039867014508e-01
1.43395950085767803772e-01
1.81598986927240330091e-01
1.45123658684585155054e-01
1.45602994423191772766e-01
1.83246364296812180861e-01
1.46918124957406193154e-01
1.46482694585401335141e-01
1.76252908878123337733e-01
1.47558790578535187210e-01
1.48036266097196611558e-01
1.72088974025066482332e-01
1.45724879128445283794e-01
1.53584172052330852898e-01
1.74880834881927599289e-01
1.48117805148469589005e-01
1.64959116683498135947e-01
1.82704237315394507624e-01
1.62020064350067244385e-01
1.81893579243468661577e-01
1.90173752773614923584e-01
1.76196010187518320445e-01
1.93255397039772208734e-01
1.84672997281681655624e-01
1.74932781147502464103e-01
1.93470561791710238264e-01
1.76211010022075426074e-01
1.70130192796575513414e-01
1.89396405163878484013e-01
1.34930243496408197590e-01
1.56718190447056926473e-01
1.91635028108120164525e-01
1.97064690647512974486e-01
1.83046430025280815190e-01
1.71693865204904760891e-01
1.77863509933881697167e-01
1.57656196313370328133e-01
1.50658366120172693137e-01
1.83643135319564831942e-01
1.55189864179333530947e-01
1.48694422242396040446e-01
1.80546847175463071045e-01
1.48509679028001440049e-01
1.45034583220692570027e-01
1.76719117262394753709e-01
1.40759798309034261932e-01
1.40585535095186953125e-01
1.75903728158330968645e-01
1.34102692664987172000e-01
1.35882716340232134744e-01
1.73027905836024037400e-01
1.31120024988557681844e-01
1.31012037145447013398e-01
1.76045455123414046339e-01
1.30937208726969539496e-01
1.31533073198340538790e-01
1.83088702332940250761e-01
1.33108435650637901837e-01
1.28586452994240374448e-01
1.89541376053778853894e-01
1.35307331458572488447e-01
1.38636109235653282035e-01
1.89651185010798167818e-01
1.39255601740109591358e-01
1.41295899784813244748e-01
1.85646193573932499765e-01
1.44043438847071381126e-01
1.41491871557662296510e-01
1.82000539606232997203e-01
1.41793265475092300498e-01
1.42986439552007849052e-01
1.78807305191930054900e-01
1.43291018418322424477e-01
1.45626398585558647358e-01
1.75809088126865520341e-01
1.44947027665281641395e-01
1.48346079439262701349e-01
1.71269255028478367686e-01
1.46288448803758991401e-01
1.51822259564301120793e-01
1.72448445536658834243e-01
1.44538811197685052035e-01
1.60612193664771335522e-01
1.78470941432604057741e-01
1.52415687685651279892e-01
1.76057334622105349231e-01
1.87123899535174359476e-01
1.67514075471555556884e-01
1.93524498594493166159e-01
1.89717999279166882332e-01
1.75761197157506682265e-01
1.98506601252678771541e-01
1.82284835916896870156e-01
1.75512900077572697732e-01
1.98400877632257444105e-01
1.70952638005852364245e-01
1.50798513555041258094e-01
2.02418699923598954804e-01
2.36035376179080519377e-01
1.65730010646834874377e-01
1.58381181230599438203e-01
1.70302564725256094791e-01
2.18634375041986517285e-01
1.49908107619301261826e-01
1.55751785736151532324e-01
2.10596291068954805104e-01
1.45528243913028820788e-01
1.51563278572383719478e-01
2.04595619064069811355e-01
1.40855146029564698429e-01
1.47359025634672263783e-01
1.98204298087629793290e-01
1.37111669605070429778e-01
1.42895775177014905388e-01
1.91375165629947913137e-01
1.33137746773369952669e-01
1.37826107274928055801e-01
1.86409729795120937546e-01
1.32521090885224845923e-01
1.33957410302827345516e-01
1.84783148559629240015e-01
1.35914101645450979827e-01
1.36336644614864860303e-01
1.87858272810462079150e-01
1.34871722419297901396e-01
1.35123830273960465753e-01
1.90497409522671273807e-01
1.39124716833494366242e-01
1.40692724727653650785e-01
1.96675841144762886259e-01
1.39803739850692110291e-01
1.41755380243008627383e-01
1.96817948092266353788e-01
1.40045294646446383258e-01
1.48460643270059949872e-01
1.94538040323326083536e-01
1.38155901292706301264e-01
1.37720429735170596386e-01
1.96573040527331710514e-01
1.39687575393125096301e-01
1.41635656764989570355e-01
2.02453058372082911331e-01
1.43032249685481782642e-01
1.46825811414887236195e-01
2.08100407098977091547e-01
1.47050638310107256723e-01
1.49321372509396921302e-01
2.09994793044518041070e-01
1.49924314918594869805e-01
1.50349067506253347704e-01
2.16808923619024568330e-01
1.59870411358825209591e-01
1.60757884497153197279e-01
2.33569770452535213634e-01
1.72430124955733898862e-01
1.77600609993321778557e-01
2.45942914596232992119e-01
1.72699044247760669091e-01
1.77042260774087412134e-01
2.44317031009403884401e-01
1.70915398303517401812e-01
1.75619984067873019518e-01
2.35766722056273220209e-01
1.45844687390388166870e-01
1.80847587691846167779e-01
2.41394284581077145369e-01
1.73531953960099238898e-01
1.60149501831882090652e-01
1.71220125863199984506e-01
2.21340048317063664562e-01
1.52046183000429158128e-01
1.56053101052173959218e-01
2.12801828641132784181e-01
1.49132159878411163501e-01
1.53676569459400558237e-01
2.08433820225989357988e-01
1.43444485785302999759e-01
1.48838483448367697726e-01
2.01028498472256483831e-01
1.40438124506702205485e-01
1.43994992146428552049e-01
1.95692813485830341413e-01
1.36143325963816536062e-01
1.38849060898120602037e-01
1.90318493279686307140e-01
1.36432173167512049705e-01
1.35709160042201931740e-01
1.90968406085640279857e-01
1.39587356404117068909e-01
1.32111099492056377480e-01
1.94058281468441173878e-01
1.41831414555077445216e-01
1.38887617121550843713e-01
1.95294646352127371225e-01
1.43800816124248748151e-01
1.38155123901006704479e-01
1.95764827950885927921e-01
1.39931455140865329545e-01
1.40707148247699115329e-01
1.92304374385399712288e-01
1.34476156376362898648e-01
1.38112130336187383106e-01
1.91220692818429072179e-01
1.36119167570772275910e-01
1.34903608717483802781e-01
1.95240394545314277508e-01
1.39753503002286144641e-01
1.38404095448798059032e-01
2.01792318083939964390e-01
1.44287285943322129977e-01
1.45003143152140023808e-01
2.08970868000781545559e-01
1.47855965672677530653e-01
1.48009882474110454620e-01
2.12115131013796393011e-01
1.49676673950886546249e-01
1.50958352435365317223e-01
2.21846931944077369048e-01
1.65461803809821950129e-01
1.70867910811246470626e-01
2.42585272541430307935e-01
1.73364114294164123331e-01
1.74529765796554020563e-01
2.45023282210078907628e-01
1.74972310643712991585e-01
1.78860073792336343734e-01
2.40988184440648373075e-01
1.68275045568260034345e-01
1.66750104314809854955e-01
2.25024314697323452039e-01
1.41604462126022123680e-01
1.69622113431592419497e-01
1.97015054107065656908e-01
1.65134955793738574803e-01
1.91967149327196051622e-01
1.76650292516032952905e-01
1.84706602166787831054e-01
1.62613551852236692952e-01
1.61029758119423271889e-01
1.84389814794635564787e-01
1.57211882833327709630e-01
1.58288484892647768332e-01
1.87807903457256120117e-01
1.57880394406652024841e-01
1.55824722195933990099e-01
1.84462382185745482621e-01
1.51789918654039790447e-01
1.46452128586408714117e-01
1.80080709516288767214e-01
1.44643630457756355856e-01
1.38803524855675042282e-01
1.79108542362892309008e-01
1.37781095513862111845e-01
1.37017086890650258146e-01
1.85405090051487003722e-01
1.36219309486577622170e-01
1.41333898658460604958e-01
2.00166096142684768466e-01
1.42212972195234460537e-01
1.36289425878349051979e-01
1.93548038086801599267e-01
1.38149765349058734065e-01
1.36220282734437148076e-01
1.84009593581421743158e-01
1.35090085517035635165e-01
1.36856212957249340212e-01
1.82146906943269348833e-01
1.39080576893396562488e-01
1.40675618555597736759e-01
1.80928950226324880557e-01
1.42611838288411368891e-01
1.41495795449900069185e-01
1.76468874312157353312e-01
1.45366892754161869394e-01
1.44151075278681067848e-01
1.77172550472696033186e-01
1.52215663441710280512e-01
1.47186446726592562451e-01
1.77132420874892254625e-01
1.57596057368196845738e-01
1.50085915398480734817e-01
1.74494367645491615937e-01
1.67384131377499523197e-01
1.56915082987582971130e-01
1.89282690185869878485e-01
1.88309787746149759347e-01
1.76109821954937961763e-01
1.97984217790206751264e-01
1.93751276829341095853e-01
1.78173878077006603293e-01
1.89720055840177342921e-01
1.92592871843690033318e-01
1.70066080030675276236e-01
1.77716246336681288343e-01
1.88727771472563143895e-01
1.60159104596023449396e-01
1.70313478013338681638e-01
1.93685375227454936731e-01
1.59326590329423783965e-01
1.87028241346059692640e-01
1.79180436549306237870e-01
1.89644552194361798447e-01
1.48114607399135483901e-01
1.62240075027719310441e-01
1.80630322144428423492e-01
1.47427146974361295007e-01
1.61911708205429105689e-01
1.84009904624723913402e-01
1.54083175674698591440e-01
1.58241469754296704142e-01
1.86778370193124959586e-01
1.50446369042260497118e-01
1.49675062535480518644e-01
1.83224827946433077575e-01
1.44818984173346487765e-01
1.41945426470879959568e-01
1.81880300453347631962e-01
1.39014772643053952095e-01
1.38118072495962640467e-01
1.82256988853651297200e-01
1.35351822255926845795e-01
1.36710774867967038704e-01
1.92227564793007676958e-01
1.33430231361149870262e-01
1.33567741175180443314e-01
1.89361866368178782816e-01
1.39988919482936208238e-01
1.41420266437452285535e-01
1.90652699883846366014e-01
1.43668348504463527782e-01
1.44215491667850942425e-01
1.88540880633352392337e-01
1.42220785196819882179e-01
1.44959604028156885391e-01
1.80720184716594373109e-01
1.43110808844056164313e-01
1.42554912100565506217e-01
1.79048333139406767867e-01
1.47123632805882031960e-01
1.44327251654010307869e-01
1.77690765359373781251e-01
1.53664540128814225417e-01
1.45095844147928587642e-01
1.75679924601532089223e-01
1.59347175845698685315e-01
1.49115860799580973728e-01
1.80491828826127270746e-01
1.73592576166148288008e-01
1.58604721345236232555e-01
1.92656644445500457863e-01
1.90437954431358108520e-01
1.64713411503131762492e-01
1.87709661789157739031e-01
1.92696709089698908768e-01
1.71250625438273906820e-01
1.84077231935402624297e-01
1.92774823449536586439e-01
1.69839526085655223575e-01
1.72158786336916419524e-01
1.46988168098660193506e-01
1.95659271740441675913e-01
2.08134173671696759422e-01
1.60469168777058301956e-01
1.53500459947193662602e-01
1.49292780689489312795e-01
1.92505210654153796623e-01
1.54329907736640598026e-01
1.44863419526808340221e-01
1.81577006950219166370e-01
1.56563664066730362512e-01
1.54993614529760320719e-01
1.74715388560939433038e-01
1.63014802447507822780e-01
1.53209562224425360766e-01
1.65355148202286111880e-01
1.69069827955788704044e-01
1.51977973239545371964e-01
1.55333448941301799362e-01
1.81224032766076542655e-01
1.53212005730621603217e-01
1.54406443236673157626e-01
1.79357311414951758888e-01
1.49092116428066079337e-01
1.40744428841783952855e-01
2.01422113951373216167e-01
1.45516244983713044503e-01
1.44578619427078447490e-01
1.97208069431349580780e-01
1.49690596653363705570e-01
1.48891322218590027582e-01
1.90029544876158723588e-01
1.51473532031176999491e-01
1.50085234455092031425e-01
1.74429466690694201514e-01
1.50828335474472469135e-01
1.45460165007468777976e-01
1.64703716442586661772e-01
1.56711510585534313789e-01
1.50009690753630825499e-01
1.58257522727989152767e-01
1.68375276572898496807e-01
1.49234562756085625823e-01
1.54981551334344325177e-01
1.82390870837879581767e-01
1.51540551275887863669e-01
1.56111794048367724663e-01
2.02990678116016093346e-01
1.60052715381526711180e-01
1.60909224859856897494e-01
2.39271294642712989420e-01
1.71692129266312082381e-01
1.78289561634998594553e-01
2.39821849123469155174e-01
1.73442793220127705611e-01
1.81566074432973262320e-01
2.19071851813508799989e-01
1.68937848491686415375e-01
1.74661792072565213996e-01
1.86521317012292131565e-01
1.50529221020372055984e-01
1.70839580732920326422e-01
1.57720406634652032807e-01
1.57070497627657623685e-01
2.24682544373166620533e-01
2.08944406206531263503e-01
1.51808325687361356238e-01
1.52423626610181384144e-01
1.86568537607497003661e-01
1.64518634619303827371e-01
1.55055780343720056580e-01
1.80259733712218733759e-01
1.63362147858676282075e-01
1.55333108116074369853e-01
1.70163812427907373825e-01
1.66769174303886297261e-01
1.52290133383617576346e-01
1.60929916684250967629e-01
1.77174974897698261911e-01
1.52947710561485511471e-01
1.56614526676167820085e-01
1.88410059277630104191e-01
1.47786080281601617248e-01
1.45477274225220720716e-01
2.14022328730999578106e-01
1.48323789709574188622e-01
1.44977226316446022869e-01
2.02511143067757998226e-01
1.55245285840697661017e-01
1.46194283179096995440e-01
1.84002860420592412316e-01
1.51384429625374655748e-01
1.45524732796731171014e-01
1.70648845366735468776e-01
1.57727941319856124203e-01
1.47874729795188564196e-01
1.64157119373483068037e-01
1.65212176754620576613e-01
1.50012556091148469006e-01
1.57723102597558617610e-01
1.82435422319789486423e-01
1.54226143951017691247e-01
1.59690423851901630581e-01
2.03839422175888074218e-01
1.60237235313768378031e-01
1.60930743793720187895e-01
2.49000177554153601100e-01
1.70494181522420240604e-01
1.68399985323633594181e-01
2.34173961054597201681e-01
1.73452667206359212315e-01
1.68980573052052440719e-01
2.02785087501522132136e-01
1.61601057895670890963e-01
1.58878392331997186915e-01
1.82421787651585037837e-01
1.53919661024834536489e-01
1.66899692570118274304e-01
2.25410902895135073498e-01
1.56250544872649971273e-01
1.55936857240358633936e-01
1.48003437885746436109e-01
2.05855091365261116954e-01
1.55945307479898320757e-01
1.48236690201852622240e-01
1.90995488891753495420e-01
1.62037906728641711851e-01
1.52717667118117045311e-01
1.79699625414189378958e-01
1.66561252180691760083e-01
1.51241490107708126400e-01
1.66407587020544367462e-01
1.72019102011956775966e-01
1.47712277678600650832e-01
1.59541614712274737453e-01
1.85271516105417421993e-01
1.43113346425132514916e-01
1.49994871222318526538e-01
2.16175890293089784100e-01
1.53417176764044121962e-01
1.40953651602787527475e-01
1.96604849851167134966e-01
1.49794243437490148807e-01
1.39518218130142479527e-01
1.81122927049255810772e-01
1.53899252373103007097e-01
1.42408697960798719118e-01
1.71014870186776496430e-01
1.62702471207415738652e-01
1.45559814055940428545e-01
1.62611111822039966501e-01
1.74734214680468402658e-01
1.47588073244419248908e-01
1.59332250891023291528e-01
1.97591608933679052651e-01
1.54569527090561903426e-01
1.60918235113364310740e-01
2.39837583770767748259e-01
1.65733176461443615368e-01
1.55225442376564076730e-01
2.14121262290787067739e-01
1.59061105220603821175e-01
1.52765095702519754228e-01
1.92210731708716137112e-01
1.57221581486130634886e-01
1.49476493620234518467e-01
1.76174925925910302871e-01
1.48661507341342397082e-01
1.65439121522087395633e-01
1.52603924081263497836e-01
1.53035971379280738569e-01
2.30491924381311025227e-01
2.02540633693587462938e-01
1.50104883358270546623e-01
1.61822050367062153509e-01
1.55332121423741448263e-01
1.77654012983101544654e-01
1.80987494319359093486e-01
1.57963243474550318890e-01
1.63695451195199570549e-01
2.36572926921065851413e-01
1.53478239245829400916e-01
1.56672619732995815900e-01
2.02677815263536093005e-01
1.57466854928267452340e-01
1.53825766323460927376e-01
1.73499485664943969843e-01
1.69800850636856487386e-01
1.50662692001039183465e-01
1.55675105627072124514e-01
2.21908180635505408729e-01
1.45282813511991404365e-01
1.47653782169641700772e-01
1.90101545743557781565e-01
1.51895908343707281007e-01
1.46627414652547083396e-01
1.69106974518764191506e-01
1.71828748947898790611e-01
1.48174702576013506139e-01
1.54272696809902298831e-01
2.27541955395043571375e-01
1.50132951339804254776e-01
1.48691804404277816420e-01
2.07420082819865736479e-01
1.63718404066250378115e-01
1.54564007534095576579e-01
1.80226648909088849049e-01
1.79537880983373560051e-01
1.54154933248988129657e-01
1.59888406337044902683e-01
2.29570642935894575487e-01
1.52370808231104437613e-01
1.53674417106426708379e-01
1.99916018027570779880e-01
1.52719974335382813191e-01
1.54746587778212429942e-01
2.41990519599425663033e-01
1.63473818160584982717e-01
1.52754781136303530165e-01
1.55490742952755806039e-01
2.00374830440352508232e-01
1.67222787669623618179e-01
1.56153043665501506387e-01
1.69024068655916681614e-01
2.43733864969560426461e-01
1.53358281109954891486e-01
1.56764255632462379264e-01
1.98830839534514636213e-01
1.65043487944844330384e-01
1.57864952833109695174e-01
1.65008536833704477775e-01
2.39750522429045043182e-01
1.48589518422397454112e-01
1.54840886396326260499e-01
1.92824864543683888174e-01
1.59943334616013649319e-01
1.52721139478986384086e-01
1.58952233850801843973e-01
2.36521190251444468622e-01
1.49305286862187081010e-01
1.52174037004214307567e-01
1.99027030551128886193e-01
1.66924388646476740128e-01
1.55173735293702347304e-01
1.63856690891766743068e-01
1.97812722436171956053e-01
1.52222723689368844013e-01
1.51151823955948422240e-01
1.94896173815726880818e-01
1.60929010195924593329e-01
1.52718547615572936005e-01
1.50407476617487351200e-01
1.61427430683759587371e-01
1.87253809854432601290e-01
1.50342301631975816534e-01
1.53778409801246185307e-01
2.61671696109839091449e-01
1.52770833292876967446e-01
1.49226600175705992335e-01
1.89172123456390811613e-01
2.62276142386226152059e-01
1.53225249215003772596e-01
1.53451695774272811601e-01
1.90929326264981991113e-01
2.60979014865180214411e-01
1.52068249812378736285e-01
1.52719863321704119041e-01
1.87348678111055794160e-01
2.62795055998015336662e-01
1.54255043696340771175e-01
1.52837991945589224407e-01
1.89624118000743802082e-01
2.61819615536517669163e-01
1.52512775727969729367e-01
1.52679050437314306476e-01
1.86887530029587606295e-01
2.60983261844050129508e-01
1.52745987199795207889e-01
1.51340974331342303927e-01
1.52475577054162980684e-01
1.51677218177285966227e-01
1.53030382310180484984e-01
1.53159909039539327003e-01
1.53056728496855032340e-01
1.52740144610249706236e-01
1.56339385037807976353e-01
2.19480277198567358399e-01
1.41638305295424871133e-01
1.97809983929022159543e-01
1.55946755182658436389e-01
2.85086856108800634768e-01
9.92292866597356687519e-02
2.42788690683894858857e-01
1.45655669838149509632e-01
2.64734089897769031552e-01
9.36482959054781571862e-02
1.58342546877363293811e-01
1.70886304735048899506e-01
1.43196232495830660936e-01
1.17289719021629934570e-01
9.26573539050025707375e-02
1.47990048030568616122e-01
1.57311248662293734490e-01
2.48516632441371267126e-02
2.40135763254872180994e-01
9.94343586712359284174e-02
2.21977577655942531765e-01
8.46969170395239501214e-02
1.59178734094727686310e-01
2.09160948711751670803e-01
2.05478814305733253898e-01
1.55415110362538411160e-01
1.24745213379111305474e-01
2.27358291245338156594e-01
1.14435125356509195815e-01
1.22365223262167047147e-01
1.10961519564216529177e-01
1.02557768519795852735e-01
1.04765577066133860895e-01
2.23140798611549368013e-01
1.48511447302354548938e-01
1.28012677469850622014e-01
1.18967209835315571032e-01
1.10651094007244210626e-01
1.38647117550275728037e-01
2.33022459604219273066e-01
2.29530840213248960024e-01
1.80830081924993973930e-01
1.87509528677878234415e-01
1.44879800072335807037e-01
2.31522622153862128735e-01
1.26250169465232958688e-01
1.24308407442940138665e-01
1.63847299184331884891e-01
1.74714215637995440300e-01
3.19587397079421853263e-01
2.46616499531154609315e-01
2.58681079547770476079e-01
1.98438194423351949025e-01
8.61079202745020644283e-02
4.51731179906811469715e-02
1.71808390938859550934e-01
2.44522141936062781253e-01
8.69479487107085169395e-02
1.22092133571332125963e-01
1.19257827755665554714e-01
2.65573975005082230094e-01
2.05608686181202010568e-01
1.12512727925555222619e-01
2.57756119035028929964e-01
1.65705302314711616640e-01
1.02642189303424211100e-01
9.05395183386787927304e-02
1.54118874875240258193e-01
1.71449330660693954886e-01
1.19130770508714525779e-01
9.22595671949527490474e-02
1.26750437496720352870e-01
1.20258883418232279117e-01
2.55417773872532227752e-01
1.33528831811710296806e-01
1.37120017867560117786e-01
1.59350802683889847255e-01
6.91172236421574576193e-02
2.23363023674465949187e-01
2.17820519832269271499e-01
2.12832701578023530953e-01
2.36721649592934374473e-01
1.20581895327781338234e-01
9.18679080963532845860e-02
1.73881745956842748146e-01
1.28303456636990026452e-01
1.69171446659889784803e-01
1.86563348222527347620e-01
1.09299208762003399742e-01
2.27562355762107482171e-01
1.33495356173913531928e-01
1.46835250127481387050e-01
8.08368774817533053412e-02
1.20308241887245703783e-01
1.45708333217424490513e-01
1.74765593988061657127e-01
3.94370954432498657671e-02
1.03307583537753988612e-01
1.92350067876359276386e-01
1.70731058744447633524e-01
1.35915773913994314404e-01
2.46339641669058195816e-01
1.79323824959206234997e-01
2.67589419486271906656e-01
2.91036061167684156903e-01
2.46638990917900063904e-01
1.89386502246068205713e-01
3.54177406265560545950e-01
7.28847629412345404676e-02
2.36263269428406919026e-01
2.22452016920503425901e-01
1.85551645360530370610e-01
2.50626124073289768823e-01
1.92884096102918761728e-01
3.37758873858911345955e-01
3.80701782895746410063e-01
2.51475167736299576315e-01
