-7.44032746614456508283e-01	-4.63004474152599543313e-01	4.81707513829733147137e-01
1.82522312885089549317e-01	8.24308760079896951645e-01	-5.35911068512883281834e-01
6.87871021387205239250e-01	-6.93593277409925601518e-01	2.13920133385058164333e-01
-4.18925161059757245052e-01	8.82402088102833159766e-01	2.14168775368437730444e-01
9.50976451153635160551e-01	-3.01983511972592044703e-01	6.67064303342416869969e-02
-8.60954489512317011624e-01	-4.20684080030034213138e-01	-2.85975998639517225985e-01
8.50169743414339817988e-01	-6.76068029116463353745e-02	5.22150100625156987633e-01
6.15800948062132813554e-01	6.71856243507792605385e-01	-4.11580345042588446880e-01
-9.39848366779512556235e-01	-2.95168238531850979367e-01	-1.71932424003988365557e-01
-9.01630143226776925580e-01	4.32497870606929624149e-01	2.94563156786211517366e-03
3.67227233255246254817e-01	-8.42609027529522602862e-01	3.93896161293111668478e-01
6.58907416443029747555e-01	7.47176931829754420455e-01	8.69922358480698376670e-02
-1.50676342349238101548e-01	-9.36032361417257430247e-01	-3.18025247796284160628e-01
-5.51780245085800924443e-01	7.04959215828561469586e-01	4.45613133953020934541e-01
9.58417494569213102018e-01	-1.70494166025656673780e-01	-2.28839781189565244501e-01
-5.20334068423847995177e-01	6.96635642270199362258e-01	4.93914202221674536464e-01
1.38814189953537520800e-02	9.51053728294996347792e-01	-3.08713640940698808013e-01
-6.87789389208406043430e-01	-2.51121547073352824331e-01	6.81090100271479315097e-01
-3.73067127330012626718e-01	7.62739749609082418047e-01	5.28250880616404239198e-01
-3.34747989054729411240e-01	-9.27135931537937274527e-01	-1.68412435037013197281e-01
8.72712336796748755496e-01	2.10096886960099510366e-01	-4.40718135878741756883e-01
7.98144727067290560285e-01	4.25921132020152526376e-01	4.26094102227843496422e-01
-2.15110519913347841836e-01	-8.94717300806456727891e-01	-3.91418466427195688162e-01
-6.83270032706114638366e-01	7.29792732651961095769e-01	2.33373043466521372380e-02
-3.89984955508019093262e-01	-9.18903609444238544945e-01	-5.93960522910295732335e-02
-5.31262762891567597023e-01	7.66958693137868241507e-01	-3.59908654779335979157e-01
8.65746103445243275765e-01	-2.28377732422385681943e-01	4.45339528565551090455e-01
-9.97752531893175698130e-01	-3.11558909545655467188e-02	-5.93228080891693779209e-02
7.87946441500268934810e-01	-4.02257779885290600586e-01	4.66185675293461110336e-01
8.74226785893193469867e-01	-2.13577262394111400123e-01	4.36018669113024726069e-01
-9.83989229704705814505e-01	-1.36186084622145597844e-01	-1.14971936490734324976e-01
5.62845600390003086844e-01	6.52394915159467903010e-01	-5.07529018673501752801e-01
-9.37768649904962670050e-01	-3.02265067830704503571e-01	-1.70955514753760889901e-01
5.10320524397328223465e-01	7.88171486126384990278e-01	-3.44032950218669586473e-01
3.64871745573023209541e-01	-6.85907380295505686441e-01	6.29602791399983763299e-01
-2.54085457526129099293e-01	-9.00023171281640999020e-01	3.54117030697304435716e-01
-5.61712832183055676971e-01	4.09941294002801215335e-01	-7.18628436420518545980e-01
3.98174700918452084686e-01	-8.88400932639750839925e-01	2.28474704143198287243e-01
-7.97698822788341255219e-01	5.91316619206920579543e-01	-1.18411333797878534635e-01
9.79399993011309644153e-01	1.69209555818523871284e-01	-1.10198819908129005962e-01
7.10918748278100198768e-01	-4.87337723491827579103e-01	-5.07046818951171429646e-01
-7.28211867659252831686e-01	-3.29327919428726301199e-02	6.84560374996296516770e-01
3.10485234446267077679e-01	7.87738200943027822021e-01	-5.32040831107809308875e-01
-1.30366628475106660634e-01	-9.78522940746531455503e-01	1.59679042497108847343e-01
-4.96495482043677605066e-01	8.56345333028989519342e-01	1.42003193308057135136e-01
9.08775680610195091269e-01	-3.32742508995890820533e-02	-4.15956231541910914640e-01
3.59011376835540685359e-01	9.28891870740921832272e-01	9.09435196926084987723e-02
-8.30645408410467411819e-01	2.21278322949512218365e-01	5.10944330900401477713e-01
8.96929858059172024909e-01	2.97823435911279577049e-01	-3.26830278193366352557e-01
-7.60498868224174229269e-01	3.71808131437836419941e-01	5.32353439762019875481e-01
-9.09636219474430407494e-01	2.96358583749926240980e-01	2.91090257580022437889e-01
9.90122640368251816234e-01	1.40167190562192178760e-01	3.21180947497279106403e-03
-5.19869739057176483144e-01	-7.24807321231424772634e-01	-4.52094903202800491027e-01
-9.74560050146955680894e-01	-8.99093769689080467289e-03	-2.23946135704311571901e-01
7.94773472421556714806e-01	3.28262320988828348867e-01	5.10469368477686868957e-01
-1.31175518804430679687e-01	-6.78900279241523518792e-01	-7.22417742107826277298e-01
3.47739923697653052770e-01	-9.24479080834225253049e-01	-1.56254198556891904515e-01
-7.84941784925505037229e-01	6.03761519081248310137e-01	-1.39062656218934377339e-01
8.75839664367914161325e-01	1.92707556796862355952e-01	4.42457545842856625473e-01
-4.60375480039554307865e-01	6.55572912215260039659e-01	5.98563759467571454564e-01
8.78024872477950135696e-01	-4.07027391719146258708e-01	-2.51795603020362579461e-01
-9.10581924435399980844e-01	-1.78622336813175186521e-01	-3.72739345498867502560e-01
7.91484635980915673947e-01	5.26927037039364609683e-01	3.09677200715637868100e-01
-3.67412040807949757948e-01	-9.22280431927117394508e-01	1.20029984394180166962e-01
-2.53153539778187219866e-01	8.34468021327393949527e-01	-4.89465429504186533283e-01
-7.61593541106930782547e-01	6.47555520620177071933e-01	-2.54386685684882749015e-02
9.57318927429575361465e-01	-1.04825053365193137517e-02	-2.88843535961871622497e-01
-5.69069339864676115859e-01	-6.88754749439018154611e-01	4.49195927798969607547e-01
7.81535400303497218566e-01	4.09715789937944829813e-01	-4.70462952364984976494e-01
-3.01307784241505560718e-01	-9.53219894433812720003e-01	-2.41961156193567818173e-02
-3.08372427186939357391e-01	8.40874626380369361023e-01	4.44787936954803120315e-01
7.52928220660035063538e-01	-2.20011859018635791418e-01	-6.20236951837664696185e-01
5.55259109088142438493e-02	9.76561406394393372032e-01	2.07953583183245638288e-01
6.14345353974286134680e-01	6.19859862452459942084e-01	-4.88214642314859725847e-01
-3.73935196317275009292e-01	6.18831739951888892826e-01	6.90810934035701706968e-01
-1.14193751901944209881e-01	-9.62961927753913760064e-01	-2.44262384994135689498e-01
6.56055268871170826905e-01	-2.93690131710606594506e-01	-6.95224849039634218428e-01
6.33412792484244618896e-02	9.03462406959139707752e-01	4.23961745390749933371e-01
-8.89436360578582552172e-01	1.88035060665571629457e-01	4.16588257685236107442e-01
-5.47107385085160324856e-01	-6.90065052635402076397e-01	-4.73797142579583163702e-01
1.32911765395153202984e-01	-8.44118978531245289787e-01	5.19420458494764036850e-01
3.19374119071157258620e-01	9.47414847685625116647e-01	-2.01315288129293515351e-02
-6.54757202367459045789e-01	-8.26562675391522561075e-02	-7.51306160885450546871e-01
-7.39310439612756664651e-01	3.59097193302297335027e-01	-5.69622049820760367744e-01
-2.47557685879635974713e-01	-7.99810240666588123659e-01	5.46826088520631636847e-01
8.76077747413057772441e-01	4.79514686859843664024e-01	-5.05316294351216485636e-02
4.26347175185901150485e-01	-7.37223140612636274049e-01	5.24147047264642673703e-01
-8.65725460304927474375e-01	3.84132132581398499926e-01	-3.20876817639243638869e-01
9.31057749970151671270e-01	3.31532368410126787595e-01	-1.52373734340569638723e-01
9.07969866109882617344e-01	4.12876132605985768365e-01	-7.15822698768776716216e-02
-4.25819938304479617130e-01	-8.62056880704139771865e-01	2.74836887213157743393e-01
-2.82321808592011946892e-01	8.94397942519614463919e-01	-3.46910243160988229771e-01
-4.17304861849247255012e-01	7.04766846666683877132e-01	-5.73724972540397337717e-01
-7.72814044098488861501e-01	-5.57446671186045183966e-01	3.03334241436301221828e-01
8.67940234072691052525e-01	-3.36587717260317387247e-01	3.65223847342052543308e-01
3.77219532846495397838e-01	-7.54745935282638447106e-01	5.36715937171057810851e-01
-7.52742948196032712893e-01	5.16608760908275899126e-01	-4.08036079402251672388e-01
9.97476286077013440945e-01	2.13487013567353507704e-02	6.77147817273956731388e-02
-5.83116028606087133390e-01	6.45755074058948386195e-01	-4.92926040608311466507e-01
9.72533391804325408891e-01	-1.75509863426571544043e-01	-1.52889141751664764390e-01
-8.00075157968363037675e-01	-2.45441407778311637689e-01	5.47392233183573106992e-01
-7.02884008412809513366e-01	-6.46791301706758636758e-02	7.08357735073110061919e-01
2.02895368372610268581e-01	6.59231576222366277840e-01	-7.24049168499154571776e-01
4.72202855848889380130e-01	-8.46478975692141921705e-01	2.45963018844978509314e-01
3.96600943201431910268e-01	-8.81144759308869152115e-01	2.57471561525247916169e-01
5.40581161322737702157e-01	6.60734747116358822616e-01	-5.20770200737371125044e-01
-8.62400239739941287809e-01	4.95127354046154821710e-01	1.05426418756141240807e-01
-6.61188357762041545307e-01	-5.48113098380157870437e-01	5.12251878419238027007e-01
3.32650698602390326730e-01	9.13281294944434773875e-01	2.35076134526578661710e-01
2.13673956798385689115e-01	-9.11863286180465193453e-01	-3.50497913691771800782e-01
-8.61838861428472657877e-01	3.96963968566649338943e-01	3.15679243206597237581e-01
-3.97249670515301245288e-01	9.14912913902291902168e-01	7.16034862999119781080e-02
7.91302104747943380048e-01	-5.90366951640696080439e-01	1.59084384626357849823e-01
-9.11370577428237793605e-01	-1.44941746976367386024e-01	-3.85221443564034871088e-01
7.10604947241520568113e-01	-6.82927874264028789142e-01	-1.69263485457113338484e-01
8.10014300167615913795e-02	8.28056598853787018122e-01	5.54762144914321075895e-01
-9.01860274575020826049e-01	-1.24917765569561883821e-01	-4.13574173502862629803e-01
6.30954118451743983798e-01	-3.39216978604487851001e-01	6.97731138645270143606e-01
1.85100874438472395855e-01	9.79776470251452757942e-01	-7.59982540833469971675e-02
7.34359556426348536462e-01	6.68573360004619643426e-01	-1.17156750456087171974e-01
-8.07171807673374153147e-02	-9.08218927310157075894e-01	4.10637451780229811860e-01
-8.47548607277835763796e-01	3.49776933127937561530e-01	-3.99145907348447070984e-01
-2.28260473867198193654e-01	-6.64604833777834635988e-01	7.11475629230586492646e-01
8.46951816794919709608e-01	4.45353254263858966411e-01	-2.90401616635265091837e-01
-5.50110793809671760890e-01	5.12311980972895208986e-01	-6.59480514257791083921e-01
-2.10819359926150556861e-01	-6.83582406954169496949e-01	6.98763400861172945255e-01
9.69613556184521940828e-01	-4.95901784936791587000e-02	2.39562864109130690959e-01
-9.94577372622928002066e-01	-2.30233373006259495371e-04	1.03999023356315348221e-01
3.64896321004687274048e-01	8.01031205597071527258e-01	-4.74552086263401007304e-01
-2.99588715290899421095e-01	-7.16937859133539467926e-01	6.29481300605002513926e-01
-4.50070043140198106091e-01	8.73711438636129433810e-01	-1.84567814811156055699e-01
-9.54956403710155665721e-01	2.82762708804006945851e-01	9.00195396721537727247e-02
4.88409820809535211161e-01	-8.25048166337759125710e-01	2.84167855605624297688e-01
-4.98964602015134983670e-01	-7.00107607930244846273e-01	5.10767719471452719127e-01
-4.01093125525807780996e-01	-5.26791788352810597118e-01	7.49409578521642916193e-01
7.16922482356671886272e-01	-1.55556662389085637033e-01	-6.79576543943296806916e-01
-5.04730034347407249817e-02	8.78942710049721909193e-01	-4.74249078412101288116e-01
3.33107571980151895286e-01	7.65508193472203113394e-01	-5.50487557730791943200e-01
-7.61125368208272368165e-01	2.54077509644194288185e-01	5.96768625987347034467e-01
4.84898296481864832241e-01	-8.61744416697852178011e-01	-1.49232041998573816688e-01
7.84145246281725105675e-01	-7.14864166699967079621e-02	-6.16446206059747092709e-01
-3.65483603136880497164e-01	9.27225825919021806598e-01	8.16945750149366267667e-02
-6.53611477193790424423e-01	5.16659992590274397273e-01	5.53041127708571944588e-01
1.71944731618279028629e-01	-9.02105364250870289666e-01	-3.95778878994979654848e-01
8.67661961136226511648e-01	4.62434699008586747038e-02	-4.94999255240617497265e-01
-7.95942159281131100812e-01	-3.67858995734037519387e-01	4.80786686937602070202e-01
6.20274570733138519429e-01	-2.19667420366470717008e-01	-7.52997796365541094410e-01
6.89663913701108244325e-01	7.13890217481825239965e-01	-1.21344318046716498349e-01
8.21249081539902503479e-01	5.02037455768588269933e-01	-2.71124213369572930610e-01
-6.52947187480062085640e-01	4.37005977849735494090e-01	6.18615992102914624695e-01
-1.16166204067155318103e-01	-9.21158836810241798965e-01	-3.71445568554842897591e-01
6.98090663181795578751e-01	-7.96702610861009935528e-02	-7.11563121217558158804e-01
1.91364936528665707804e-01	9.69815941076899390438e-01	1.51117508914446530000e-01
-5.17193156733015579896e-01	1.84304101496578248698e-01	8.35788990595160541375e-01
-2.38158169627112614730e-01	-7.79021285240823924134e-01	-5.80005623577563467208e-01
7.74585903243288353970e-01	4.26816227011035054240e-01	-4.66738242333798680761e-01
8.09541778873454687115e-01	1.52099510670847398730e-01	-5.67016619784721620512e-01
1.90574257058110929641e-01	6.99868518341234091551e-01	6.88378899721363346487e-01
-7.59422403757259112389e-01	-6.44466767583591448876e-01	-8.91077895130569647142e-02
3.97919916448216781646e-01	-5.85545039779578280204e-01	-7.06255439967280129743e-01
7.79867762574443457169e-01	5.52649500337049848220e-01	2.93912916821191194661e-01
-1.86042270466422687836e-01	7.64449658363254846982e-01	6.17256019353397245020e-01
-7.75694906278030171798e-01	-4.34061531502949626837e-01	-4.58135350353617465391e-01
7.58644536855767048777e-01	-5.42184969703156882659e-01	-3.61239429363525321737e-01
8.41006290249430965567e-01	3.56678477279704531089e-01	4.06803249257329357924e-01
-9.77722287850959603794e-01	2.09869686262933952126e-01	-3.72056815322077422820e-03
-1.12595284154898250817e-01	-7.85399752428251218817e-01	-6.08662082663048442654e-01
5.32917512940309645586e-01	1.87857241103245670155e-01	8.25050653818656054561e-01
-3.90903754007708881257e-01	-7.41470593409272127339e-01	-5.45358243920436747132e-01
1.34944199783649299018e-01	9.84027235237076469687e-01	1.16105397189045320139e-01
4.20456946879765369740e-01	-5.39692082039474052557e-01	7.29347936450391087781e-01
2.74499537761400513869e-01	9.61172176002056177779e-01	2.82498114728190509448e-02
-6.22199648322080078877e-01	-8.39073747452296070382e-02	-7.78348989908282495875e-01
-8.52739431160268845922e-01	-5.21602314638807129654e-01	2.76855180175460471870e-02
8.58637931574465662621e-01	-3.03893818881075417071e-01	4.12782569045011149544e-01
1.02189181241223461805e-01	8.90489011236576866182e-01	-4.43380978509624656958e-01
-9.23919967434363331726e-01	1.58195604767763814413e-01	-3.48347591362773989498e-01
-3.19510040690993979418e-01	-8.70056326931800017022e-01	3.75386896233185607397e-01
-2.59470870830725452993e-01	8.32381356798605920311e-01	-4.89710265406451183967e-01
-7.98946775651305785004e-01	-5.88912596977584468227e-01	1.21926218663171201384e-01
8.16510816975567155218e-01	5.37527089288105774934e-01	-2.10653065592097954450e-01
-4.34174116438804491569e-01	-7.61293014307594440027e-01	4.81586734639815272629e-01
-1.85739397184243898442e-01	7.52411681252736275205e-01	-6.31963241215867221889e-01
-3.99033817244407673641e-01	7.99157224904950780342e-01	-4.49577293218390350305e-01
-5.20362010507755323729e-01	-8.24076608795578313682e-01	2.23877468398018891760e-01
9.53997049109541972456e-01	-9.19926520613991716147e-02	2.85354134816715898637e-01
-2.53218100660026090853e-01	-8.42405486638817979639e-01	4.75640189196565976726e-01
-2.06371150009595993868e-01	9.68854604258201246303e-01	-1.36863816443211799845e-01
5.93208673029078092931e-01	-7.66503508316291215507e-01	-2.46121599990528461266e-01
4.61783384277994202183e-01	-8.20143353829831056601e-01	-3.37817976391900975930e-01
-6.31070085706401107117e-01	3.78323556658639370553e-01	6.77216238290010874579e-01
5.78853494962190406881e-01	2.18937776845743226062e-01	-7.85490217150984659789e-01
7.43958186610697902452e-01	3.83081857475920273259e-01	-5.47516672849074792495e-01
-2.86533264221886907475e-01	6.13004095476362809158e-01	7.36291156692484349833e-01
-3.24188072151515349617e-01	-9.06039607422676196435e-01	-2.72018976646936416763e-01
7.27805180501526205461e-01	-5.18340831054464490357e-01	4.49023832437553227503e-01
2.29219215435477963183e-01	8.49027481821155616259e-01	4.76036643954613314378e-01
-7.50410006376740823519e-01	-5.70809314215927551817e-02	-6.58503295054552517662e-01
4.83410352402041998410e-01	-8.58833847867539357246e-01	-1.69466377041494420386e-01
5.87389100621058091178e-01	5.96138933825467898231e-01	5.47350359503872896383e-01
-7.76117292896326138596e-02	-8.34046255213473530787e-01	-5.46208077238934608388e-01
8.91758674258801287138e-01	1.28861356220331901845e-01	4.33775538449601649749e-01
-5.42009878751105039774e-02	9.81740299124659987484e-01	-1.82340993712289206607e-01
3.46472201387302003450e-01	-6.16006280729605060209e-01	7.07455493842203408938e-01
-1.96758471094863052198e-01	-9.77565649768362354699e-01	7.51764886475247001707e-02
6.08310287327253562673e-01	5.01185699796813377560e-01	6.15444139342485319055e-01
-7.48169959062232159397e-01	-4.33114598372332737508e-01	-5.02646453318424279999e-01
1.46741599940182192857e-02	-7.12723108442533948015e-01	7.01291978936364301944e-01
2.04889691372700466498e-01	-6.65671652958874981998e-01	7.17566348720589330945e-01
6.11225742554990292277e-01	7.80580314598245283975e-01	-1.30757271689972059958e-01
3.63693984505108591776e-01	-8.38620905361951329837e-01	4.05514072166058170410e-01
5.93187487739294749822e-01	7.28645880880984475603e-01	-3.42350382889691162713e-01
-8.85236088963198053392e-01	4.15673356200458310461e-01	-2.08740814749267311612e-01
-6.27155902078250115927e-01	-7.58998036122549568638e-01	1.74921284155272388494e-01
9.67597887229437958467e-01	1.87843654103752893958e-01	1.68727858523947588099e-01
3.41617430158990750821e-02	9.15999050666025382839e-01	-3.99723297410916333927e-01
9.74360332973838172421e-01	2.04066980654883517454e-01	9.47555219156691747040e-02
-6.82669217468471201116e-01	-6.87073616209421089707e-01	2.48782204809536472423e-01
-2.11720076159544301486e-01	-4.27616690023583045921e-01	8.78816576860195319831e-01
9.42292759583954642189e-01	-7.50801518464429828992e-02	-3.26262664174695959929e-01
-4.45496472325035253181e-01	5.21981237356298755081e-01	-7.27370937688560981194e-01
-8.44816529083099787556e-01	1.57819569353537719758e-01	5.11251421237191139291e-01
2.45551955986770459317e-01	-9.05112257409574572087e-01	3.47096583673788317004e-01
-6.93253721243549114739e-01	7.09678933870283468188e-01	-1.25519276618013875257e-01
1.47780128736692412117e-01	-8.92741480875311799181e-01	4.25645018618944714905e-01
-6.23476037475321209769e-01	-1.80901190389401361758e-01	7.60626314302739192641e-01
5.63817295062675749584e-01	-8.24014097479405793756e-01	-5.57747697745873682873e-02
-1.30726463952027027737e-01	9.51730877832553390228e-01	-2.77702948854845033111e-01
4.88934769424309856323e-01	-8.64131348013831401822e-01	-1.19246822296426149834e-01
-7.35312181438843248671e-01	2.72080420326047900392e-01	6.20715909819339883846e-01
-4.76285906057935748414e-01	5.94978830930387614373e-01	6.47419436250781910047e-01
6.48172410405870924599e-01	-2.47900793951361369388e-03	-7.61489580301844326549e-01
-3.25267224692329770530e-01	-9.12868983300378800116e-01	2.46721405372704011283e-01
6.15550321979917103299e-01	1.78276305117410716061e-01	-7.67668782838083263442e-01
-4.30394692713205517798e-01	-8.80740062729006178976e-01	1.97629325729790944477e-01
-9.25513974453025939360e-02	8.54701141057266244871e-01	5.10803483060098928448e-01
-4.40962821104664670635e-01	5.35827212300758609631e-02	8.95924484758060191147e-01
6.30518794390149683871e-01	3.93128348411397210427e-01	-6.69250440116492484321e-01
-6.27602987797800881964e-01	-7.54046829016381980892e-01	1.93721112317714022621e-01
7.34195240410925653585e-01	3.48477586271548400720e-01	-5.82684066046342707956e-01
4.87703781049553461435e-02	7.37749817547900810233e-01	6.73310223394490425797e-01
-6.67860547588088881987e-01	-7.35678834635022260713e-01	1.12866918294927010002e-01
5.00793033996689951337e-01	-3.07287894819841034266e-01	-8.09185075738288905889e-01
5.41668064238784108255e-01	8.11034295794903492549e-01	2.20950399927842267012e-01
-2.50269621560151644957e-01	-9.63369459812485451344e-01	9.63555936349226732629e-02
6.28883622909901962572e-01	-4.90517720307623639187e-01	-6.03239384407158740764e-01
-2.21563660930986533470e-01	9.25909829312271503987e-01	3.05942040487702737739e-01
8.11360698680097414126e-01	-3.57289272698357418534e-01	-4.62642618283295226078e-01
1.80113836115500886015e-01	9.49875144925109160532e-01	2.55531240933983272434e-01
-9.03370596303071704547e-01	-3.43184903659218554228e-01	2.57188039448660088482e-01
-6.54844468392340561813e-01	3.44259526454701703102e-01	6.72803166357841542222e-01
1.35964787141260850384e-02	-8.67665498425985504127e-01	-4.96962492153846913112e-01
8.19946994328262568352e-01	4.57969808279288848052e-01	-3.43439341364205841245e-01
-1.09530551755712884932e-01	7.49361573233496836011e-01	6.53039272014407590206e-01
-9.67363254561751317873e-01	2.53148632278038743237e-01	1.11401839955388194670e-02
6.31353759578616280379e-01	-6.40545888786808181870e-01	-4.37142304775304024744e-01
7.56074714876807552066e-01	3.90269599169239644887e-01	5.25395722754035454649e-01
-7.20880398286080414927e-01	4.84096048362689601596e-01	4.95966195749801608272e-01
8.94398950458635821903e-01	-2.64346599322485775740e-01	-3.60792728370636417434e-01
-7.17358140395918733589e-03	7.32551814130422251914e-01	6.80673474835084335588e-01
-9.78539537970571582370e-01	-1.97932569587984996673e-01	-5.72980848252158808664e-02
8.63779279453037118763e-01	4.35528604828850585129e-01	2.53377565627714795848e-01
1.47108837532882896770e-01	-6.95245303768714517645e-01	-7.03557359074064136983e-01
-1.57306984126292598303e-01	6.98286415343802424616e-01	6.98319837102880147661e-01
-4.51815485248760695391e-01	-6.32398299065633717753e-01	-6.29233786941165496032e-01
8.93813939677173485698e-01	-3.14866388098979155252e-01	-3.19305181424093642573e-01
-8.67184473374027042780e-01	-1.51349218049096095884e-01	-4.74430714999501845774e-01
-2.33145887734612033970e-01	7.14018406046476039606e-01	6.60167184021812292194e-01
8.86280001124727490058e-01	-4.42108021520698279971e-01	-1.38015422737485543569e-01
6.20132206156514750872e-02	-5.00245305465545242463e-01	-8.63660231125966459942e-01
-5.75347674410534470901e-01	5.26149508884992789248e-01	6.26212222693289799480e-01
9.17449165549939715802e-01	-3.67551824591024589584e-01	-1.52291447138465319000e-01
7.05804121815825746822e-01	1.76563537598754538571e-01	6.86050915616621237447e-01
-7.61184061023831737280e-01	6.29762520586997998073e-01	-1.54912855848630182098e-01
-3.19740021561826737173e-01	-6.32891566475997535690e-01	-7.05134443702192581505e-01
4.90395745355164502932e-01	-8.71040741238664595336e-01	-2.82849790516188880074e-02
-6.82133729991408060966e-02	9.07959019988730187123e-01	4.13469894629808376596e-01
-7.76373460427129735706e-01	4.54949812343007575777e-01	-4.36193670510549913466e-01
-4.22881602260251204806e-02	-7.42911220733078025980e-01	-6.68052864385436206973e-01
-4.63326518848624635538e-01	8.06614545041817954107e-01	3.67017046822891046531e-01
8.81302260288694294665e-01	-3.41070783921283759987e-01	3.27073457139767653779e-01
-7.80576557782452606915e-01	-2.91292151904639189108e-02	-6.24381074555343307253e-01
7.04080489107541507288e-01	-6.91494138563734872527e-01	-1.61575125530148938635e-01
6.25196315783993039616e-01	-4.13935970555184384878e-01	6.61654425671482471216e-01
-3.39987959784022963916e-01	9.16467883616404743741e-01	-2.10937918595887952122e-01
-5.94055857244962570718e-01	-2.45103364444905741371e-01	-7.66173596002068135746e-01
-3.03244551219630287253e-01	9.42647773635056029917e-01	-1.39491637801256618268e-01
5.98738276768446597842e-01	-5.97753045920527470436e-01	5.33107655192722518223e-01
-6.78478047793797944820e-01	4.38871701284996793002e-02	-7.33308567357581875257e-01
-6.91143086394168881803e-01	2.38630159189133078668e-02	-7.22323882064546007875e-01
3.82796352924957561381e-01	-7.02631138909801000736e-01	5.99813666751323082416e-01
5.42782406201784972666e-01	7.68315558198654713351e-01	3.39232166145384927969e-01
6.70428129885993318027e-01	-2.02018908420217052635e-01	7.13942913192836314806e-01
1.35004425273038242139e-01	9.21397345211029894507e-01	-3.64418354909248232154e-01
-6.94372983167248158942e-01	-6.63577280809633629488e-01	-2.78408607339480973497e-01
-5.57561033993066446079e-01	4.06517567785941169589e-01	-7.23788063216011745560e-01
8.08122148254796779376e-01	6.41727257211474749754e-02	5.85508714515480477303e-01
-7.77550066997053535012e-01	-6.02617659689236306875e-01	-1.79632540324813100296e-01
-7.79586281642539069558e-01	-5.73593114672476755977e-01	-2.51468026347459849834e-01
8.03101581770987449360e-01	4.02599195242820361018e-03	5.95828533007388694287e-01
5.04866941003754912676e-02	8.82000987260439184290e-01	-4.68535326512767580365e-01
-3.82863788738053767435e-01	-8.40489543537530026107e-01	3.83396200394862052274e-01
7.03227155888576982434e-01	-1.22937837972815738885e-01	7.00255564215974457554e-01
-8.31585863678461767456e-01	-4.67410694832837758650e-01	-2.99986989194582776008e-01
3.88175542415925778350e-01	-5.08163633627841559992e-01	7.68823432088441616195e-01
-5.56785346042152240464e-01	-7.61171483591637776378e-01	3.32577887117627923885e-01
-3.45128560197110689778e-01	6.32168053323595380277e-01	-6.93721723238738596784e-01
8.37853397191727466975e-01	-1.21490427238145140554e-01	5.32204623151447564489e-01
-9.50006519799148629879e-01	-2.52344794401016037089e-01	-1.83874188177185260429e-01
6.39083784893448303421e-01	-3.83097183811389907504e-01	6.66939625185103857063e-01
-7.97516619923839487072e-01	-5.50582518482732763410e-01	2.46629542606852630859e-01
8.65814613827980861238e-01	-1.15851749294030831328e-01	4.86768350108567782186e-01
-1.61137526600169084245e-01	6.43544306111629604850e-01	-7.48254918856188444565e-01
-9.56530983010362767516e-01	-2.21359115632516270655e-02	-2.90789408267379700934e-01
-2.67312844823696327268e-01	-6.71033359461297829185e-01	6.91562053240594609704e-01
-3.35366479770082548395e-01	-6.62034469398925851102e-01	6.70253448759725145578e-01
-8.32893224175117241614e-01	4.37427674478525263524e-01	-3.39036733590163175123e-01
-5.63846481294219201152e-02	-6.22470427022412620133e-01	7.80609594443891219306e-01
9.87385193208574873935e-01	-8.29741794732824083924e-02	-1.34854609758809113051e-01
1.26802836061673113166e-01	5.15983574788993704097e-01	-8.47161136570066752860e-01
-9.95169263466824882691e-01	-9.74711071134614220890e-02	1.17269061978677903435e-02
-1.05681797845247685275e-01	-3.17451338123329651619e-01	9.42367234960927557808e-01
-4.68555169914119828967e-01	3.53590769222016154671e-01	-8.09586079838168437561e-01
9.16033686657896972783e-01	-2.44661151253125597194e-01	3.17841479318601571880e-01
-8.78887813706603959751e-01	-3.48317850959592653637e-02	4.75755144654321726616e-01
4.49484905803006595804e-01	-5.30798629278701250556e-01	7.18481826221870623073e-01
-7.92136163757498512616e-01	5.01554575424334680989e-01	-3.47797794614153499282e-01
3.26042941238086414479e-01	-5.19467932997652592775e-01	7.89841165713692339168e-01
2.86009443745772695689e-01	3.96341469119173339664e-01	-8.72417353074025681003e-01
-8.08197308505878009299e-01	2.86511448127879542191e-01	5.14517541601372419002e-01
2.57457007173686303059e-01	-6.94128082421999526019e-01	6.72236635903106893863e-01
-3.93247822672387059573e-01	-2.07947125655839476499e-01	8.95608253029694489911e-01
7.17483569177845947884e-01	-6.70535607158189161936e-01	-1.88677840492246923221e-01
-4.35953553689026995777e-01	7.95890116206936615306e-01	-4.20123103328081337615e-01
-5.95490014759143981848e-01	7.70630752920262618311e-01	2.26979921966026815250e-01
-9.78006614987102090852e-02	-7.88684039363679589840e-01	6.06969947084206706833e-01
7.02407283046308061891e-01	-3.08939349222800807571e-01	-6.41233566826703182961e-01
-4.50001171169179092768e-01	-3.31548145642092617624e-01	8.29201286219249045217e-01
-1.02901053204199240121e-02	9.58961310414295664550e-01	-2.83350170038755400093e-01
5.74994579708232089743e-01	2.19129458382068098565e-01	-7.88266143999179491608e-01
-3.98045111670020490546e-01	-6.75802337373442085777e-01	6.20363836692785830529e-01
5.99162059901681420815e-02	9.74175927797056084856e-01	-2.17695452319263460517e-01
-3.17207598043935445897e-01	9.29918522781056688942e-01	-1.86093741785946620304e-01
-1.35606992425195999052e-01	-8.02272738102477234179e-01	5.81351182421560808145e-01
7.05522514892689356358e-01	-5.81505306279319289509e-01	-4.05079695551986362911e-01
-6.58724169743909349073e-01	1.47557898956515248790e-01	7.37773091574053019315e-01
6.24830618593388620319e-01	-6.98945795193864793937e-01	-3.47938893268659232838e-01
2.53159552073008942141e-01	6.42218995313336038500e-01	-7.23508813528157879169e-01
8.24948443755645355324e-01	4.60298722762712775314e-01	-3.28001754519932353649e-01
-2.49923876274708689493e-01	-8.65371629318435253708e-01	-4.34361599636271633607e-01
-3.26903424025622224569e-01	6.15818926053349979810e-01	7.16869026862524627575e-01
-9.27851870166325753964e-02	7.69799353824579091210e-01	6.31506028412674003114e-01
-1.68459344461727167364e-01	4.21996193595425617140e-01	8.90808992912901165262e-01
-9.61279084609976797182e-01	-2.39174276339480684772e-01	-1.36887497708486849390e-01
9.15614140588314584512e-01	-4.11291938584165822634e-02	-3.99948915447059238915e-01
6.94734081100620959326e-01	2.58197096944029591548e-01	6.71326161926489528575e-01
-9.19424573772158582052e-01	2.70412603480767621544e-01	2.85544177007057364825e-01
-1.27617720263543427128e-01	6.54542301947933613526e-01	7.45176551184641100534e-01
9.00428929282273471379e-01	-9.16105142070848393887e-02	-4.25247289230974656604e-01
-9.38422365413984715943e-01	-3.44473530395518590108e-01	-2.64849192498162640252e-02
7.71801808280951906482e-01	5.62296659380972951858e-01	2.96891285798776549676e-01
-9.32581055041666995287e-01	2.41002795287285603854e-01	2.68719609334871489814e-01
8.88376109051713047648e-01	-4.05717029275286356071e-01	-2.14899001910607345689e-01
-4.18258331869437116612e-01	6.76979542682104695750e-01	6.05606032509356739801e-01
5.98628805368934369113e-01	-6.69873310362933849227e-01	4.39218967538933857675e-01
5.15753598370447763344e-01	6.91264078897044331740e-01	5.06114808116257419712e-01
-7.64611470318433461557e-01	3.67861560226347278357e-02	-6.43440811716634697426e-01
-4.16495957125933791154e-01	-3.98524407569350092029e-01	8.17134881319633188390e-01
1.92608613483224139218e-01	8.02115415853188906681e-01	-5.65254616666450382390e-01
1.52281295008976164107e-01	-9.87318682527651980685e-01	4.48578457156705023845e-02
-6.06701951772498304649e-01	6.39005591663286520721e-01	4.72847327938410055825e-01
-2.77285965784752419863e-03	-7.53576510655686648832e-01	6.57354359411510769107e-01
4.28660253175564887052e-01	1.84054757170487415241e-01	-8.84519210481249817946e-01
3.91972496452902996467e-01	-9.14471145476639546423e-01	1.00499184649040299022e-01
3.08559726687118937583e-02	7.77724589594842363738e-01	-6.27847411151946754870e-01
-6.23279850150343261994e-01	6.40059772273406712984e-01	4.49272429950782037356e-01
-3.74581190136617947495e-01	9.25065426840124716001e-01	6.27924204098935234697e-02
-2.59201029555669315574e-01	-3.94002297720394190073e-01	8.81803274924929603173e-01
9.45159469854803674371e-02	8.29912120347930271080e-01	-5.49829617486217725464e-01
-3.77991668277005754550e-01	-3.00973358458631948253e-02	9.25319646980516274937e-01
-8.16961078768412979345e-02	9.45612006221036582865e-01	3.14870893618958869187e-01
5.25151721830094841970e-01	1.49712083655012609396e-02	-8.50876919406657439282e-01
-2.61055456940998575899e-01	5.50275368586831570283e-01	7.93124874863947892933e-01
-8.06841056987949584167e-02	-9.02674586256625777203e-01	-4.22692165072899472822e-01
5.50072205438915995401e-01	2.40253309503406592418e-01	-7.99811800410713646947e-01
7.75741854745909537039e-02	8.47306228046550868882e-01	5.25408794807890600076e-01
-5.86860441031400892342e-01	-8.05768135204914970338e-01	-7.95772268982995883979e-02
6.05270247763914026606e-01	7.43122052172210056931e-01	-2.85337594346018907920e-01
-7.93377378497667207213e-01	2.35322992376358536282e-01	5.61404866871677343809e-01
8.18447542656789317483e-01	-3.26352797178109388376e-01	-4.72903237135343379460e-01
2.45765040610505414165e-01	9.42890712234123795632e-01	2.24848058911664261394e-01
8.57070290429260084331e-01	3.48812293256448135992e-01	3.79157620702368969301e-01
-4.70567800234534483472e-01	-5.81047232067016361512e-01	-6.64040706199318875314e-01
-3.12347949777038613739e-01	6.11880844021152836554e-01	7.26664015202378221758e-01
6.84413129168484068998e-01	-6.32096610795330970944e-01	3.63362825895632790552e-01
-1.77670859422787014159e-01	7.79761471075382406326e-01	6.00337500026713155599e-01
4.02154813173205616383e-01	-7.90510378147551096006e-01	-4.61914330025211428143e-01
5.81058716229223781724e-01	9.34850036092024494483e-02	8.08474688777721661737e-01
7.43766752469831593508e-01	-5.62645932117552094454e-01	3.60888588060153836512e-01
-2.77552437943919594332e-01	8.83304846627364859124e-01	3.77805759770803606390e-01
-4.94905482453199097037e-01	-3.53219892314949879264e-01	-7.93917042965309627256e-01
2.47433249305754665581e-01	-9.50158711957496793232e-01	-1.89671318942182032252e-01
4.44661051786851224676e-01	2.36270329628792630228e-01	8.63975046144802028003e-01
3.38138084802831306863e-01	8.12558418923082448337e-01	4.74775158831097332524e-01
3.93609090657637411548e-02	-9.98605042770624118376e-01	-3.51949909873093269574e-02
-5.14119504995851350770e-01	6.44166462190975952495e-01	-5.66330913487143927654e-01
1.37861879520322527792e-01	-9.89366347035640303353e-01	-4.63501189693962395433e-02
-5.58060203624649364684e-01	6.43203922751544698855e-01	-5.24268559888383722800e-01
6.21179186032405072915e-01	1.55446165550694348489e-01	7.68096939491171859515e-01
-3.59357146144028083423e-01	-6.63089922808267617782e-01	-6.56638557949002388270e-01
6.69436103027685303068e-01	-3.18447897359254883387e-01	6.71152918961525402075e-01
-1.23426547096771338508e-01	-9.91625826869646398443e-01	-3.80014073010263922492e-02
6.48624056226895784327e-01	1.85402375891273285546e-01	7.38182086410690163625e-01
-6.32749699226937356578e-01	-5.32733786135107356685e-01	-5.61980899353682894493e-01
5.78858515345631263749e-01	-3.16566396921799830810e-01	7.51470914641279352786e-01
-9.83430252232571217030e-02	-8.95844874153568726527e-01	4.33348140462970599085e-01
7.27331499771389777820e-01	4.78114134493653142322e-01	4.92337042926576651247e-01
4.97872675779523210515e-01	8.66969584761114742122e-01	-2.20576021198673269397e-02
-7.45346956597752074991e-01	-5.43741472396702119063e-01	-3.85750081641384912068e-01
-9.94250055876214483552e-02	-9.06031172244015747808e-01	4.11366239725668325633e-01
7.11732309153527364920e-01	8.33655486358639008504e-02	6.97486419514838473788e-01
-4.89827863402301666440e-01	3.78178226419486951393e-01	-7.85525234029402441571e-01
-7.35767273055182524644e-01	-5.49188502457785165944e-01	-3.96280845700515416130e-01
3.91367961122561391907e-01	-4.21443745969927063832e-01	8.18056408806632884279e-01
6.88261662325296397213e-01	7.05075872849649121221e-01	-1.70774405864945799660e-01
-8.58952873169409936160e-01	-3.79974755672522701566e-01	-3.43247937685898563132e-01
-4.03380982291011436214e-01	7.28979253118239745035e-01	-5.53057891770031617718e-01
8.53434807796465744190e-01	-3.53742331553377198361e-01	3.82773290223586748482e-01
-9.79943230911502483060e-01	-1.94947665171320033695e-01	-4.13118873325428043186e-02
-8.95620244111602237247e-01	-2.86967519051736730251e-01	-3.39873537285215965298e-01
3.50004996515227206899e-01	-5.20402395823144958698e-01	7.78895274626766886961e-01
7.45922203885647783217e-01	6.51521494850993754255e-01	-1.38274392052559064181e-01
-5.85000581209139780547e-01	2.60070377481213865778e-01	-7.68204216821118168745e-01
-6.61247098670066701942e-01	-7.27496861554390528148e-01	1.83031666464933989724e-01
4.52908766196850942620e-01	-4.03442120439417406530e-01	7.95052265550757808477e-01
3.16951336357574942060e-01	4.51360249865518536883e-01	-8.34155726002335784486e-01
-9.39993846110150466089e-01	1.32563829867541144170e-01	-3.14385750767900318259e-01
8.65947882848194572247e-01	4.40647887082780020940e-01	-2.36566489174208555157e-01
-4.18837159469692466018e-01	-5.37832523598955392075e-01	7.31649923396796686426e-01
-6.94488835801612136578e-01	1.19644798622702039359e-01	-7.09485996415330499865e-01
-5.24386476892669373129e-01	-3.25123345644996342152e-01	7.86964823209206798538e-01
9.15403343661683521759e-01	4.77522746935741537744e-02	-3.99695432391463822963e-01
9.69522495646777726641e-01	-8.40071408149699466739e-02	2.30149800623284522816e-01
-9.20527008202216667776e-01	-1.58692143381256728363e-01	3.56996961890908348636e-01
-7.01195432898763515439e-01	2.65885236392617518852e-01	-6.61536095727480066842e-01
-6.72425135885595604002e-01	-3.96698866732921984202e-01	6.24879545002117620101e-01
9.80013731187178049886e-01	3.15265243564995939485e-02	-1.96415796071966991532e-01
9.41778266597537050409e-01	-1.29486886036125264932e-01	-3.10301213193254821210e-01
-7.48262045412714016379e-01	4.07165286122932679191e-01	-5.23755993923899598741e-01
-6.66329770141949273565e-01	-1.12820583735800880620e-01	7.37072692010828922626e-01
2.41606061545043659944e-01	4.40451368623866246210e-01	-8.64655482202047798168e-01
2.20708812495055112235e-01	-6.46584315361906747377e-01	7.30216641288732204451e-01
-6.26787825985337221368e-01	6.74471697444600670757e-01	-3.90160160117321241913e-01
-8.05601040093494868977e-01	5.51585813673275082714e-01	-2.16240732413369163289e-01
2.25243541220107118539e-01	-5.15869315192111543844e-01	8.26525375764015968194e-01
8.43549794054851420633e-01	-2.45081510588844114773e-01	-4.77869017741795132359e-01
-6.76666087685693251608e-01	4.71837802623724447693e-02	7.34776630450567513897e-01
-1.92458491236218096065e-02	4.50416673132110534361e-01	-8.92611011502833950892e-01
-2.77344459200726700665e-01	7.70313389652313107447e-01	5.74192766127387121955e-01
7.42862942531429149007e-01	-1.59705849662894389107e-01	-6.50114367013219895952e-01
-7.02361171422885788296e-01	-6.73619678368438612459e-01	2.30055023401517816373e-01
2.45477295610737250575e-01	9.69114280340937717106e-01	2.36306787652255691212e-02
-7.59692763902817369548e-01	-3.20981947791739108400e-01	5.65541770044900804493e-01
2.62800574579882484372e-01	-8.64580337693582556824e-01	-4.28295105825567790081e-01
8.32377716051841631817e-01	5.33510410608683760536e-01	-1.50046591405715218359e-01
-4.44807524322653413673e-01	5.09791068289169535532e-01	7.36382599603317089532e-01
7.02920727340443862730e-01	-2.59843712047759634043e-01	-6.62105502457442485209e-01
4.52647855724502001795e-01	7.94796820095398981465e-01	4.04237471635488510024e-01
-1.53369758612149631460e-01	2.55208353709927393549e-01	9.54644652915376479285e-01
6.31239852488344688197e-01	1.40133619713554563591e-01	-7.62822926540930312811e-01
-8.41581358827208858564e-01	-4.67512686519027387266e-01	2.70504536779534066060e-01
6.69382454777968982640e-01	4.20075193392160040062e-01	6.12751141273486177319e-01
-9.86648418655715397918e-01	-1.23331167329903595986e-01	1.06368797723861097104e-01
9.49170158424989529600e-01	2.44295269950412063942e-01	-1.98483831672343902230e-01
-1.91024297922899266577e-01	5.37911126991146182341e-01	8.21073283612478999061e-01
6.71749981442591570513e-01	5.92562051591681737683e-01	4.44547159978933070779e-01
-9.68486852908636342008e-01	-1.78680809947012020356e-01	1.73511912846943727740e-01
9.74550728563871593302e-01	1.27441851392307792246e-01	-1.84416517615228925386e-01
-9.92523784827188948476e-02	5.88813291368848745755e-01	8.02152026284859709371e-01
-6.71350187122959907171e-01	2.91477165379597336070e-01	6.81417631348236851885e-01
-4.46646604937863470064e-02	-4.22008039319585026572e-01	-9.05491183199822469163e-01
9.96552307122840597131e-01	-1.61202902383875829040e-03	-8.29511936657338216916e-02
-4.55290934201467434317e-02	-5.02905880292063400816e-01	-8.63141226694684293719e-01
-6.53999466418839103810e-01	4.31393580510489815794e-01	6.21437266840518143241e-01
9.90747794662153014045e-01	-1.27437598351436282007e-01	-4.66740388063695971210e-02
-2.37695465039255184048e-02	-9.99682536052573289531e-01	-8.35677991175931035583e-03
-7.95433329807038735915e-02	8.39981798092426457103e-01	-5.36752677731313077025e-01
1.58278468180620635053e-01	-3.80525335386248331204e-01	9.11124796962292871072e-01
-2.52697493908705272947e-01	-2.12655190738946009432e-01	-9.43886511411219486511e-01
2.00696466019703451122e-01	7.49301674028185371590e-01	6.31084724760282322897e-01
-5.34973726501721882909e-02	-9.98555280948121182227e-01	-5.03805618743017637196e-03
-3.74802339637736181555e-01	-9.15928844781012441167e-01	1.43518491840594314413e-01
3.39644013090401430954e-01	4.87971134404517725702e-01	8.04068477407127057965e-01
1.36585098001216681540e-01	6.02546474906148321615e-01	-7.86309262683692722362e-01
-8.92299914639887586931e-02	-5.77111029984886614308e-01	8.11776365566970636856e-01
-3.33691226737983293038e-01	-5.42337472600057379779e-01	-7.71051380267153030346e-01
-1.36569918444525623125e-01	-5.67544820593533616560e-01	8.11936902716897890286e-01
4.93901478684561745514e-01	8.50519936300138890140e-01	-1.80768269641579881757e-01
-1.96809189123278938105e-01	1.17115659470264879549e-01	-9.73421833216967957725e-01
6.51035132248280690170e-01	7.26689058325193704135e-01	-2.19263013499556874697e-01
-2.78234690990087241147e-01	-4.79931217562298340074e-01	8.32016516145455242714e-01
-5.53805309322896177626e-01	-4.09001615885868030631e-01	-7.25270540949044861812e-01
-1.59874830780947774223e-01	-6.08905809030187539221e-01	7.76964448486580416819e-01
6.78490861488175056593e-01	6.96417581851182521113e-01	-2.33779174790197330491e-01
7.63999357467503692476e-01	5.75798564154838987683e-01	-2.91137416534645032673e-01
-2.83637512194444163516e-01	-5.07800192100025249431e-01	8.13442515841976465651e-01
-7.30560331080563840622e-01	-1.57578883290131616102e-01	-6.64417412619877079116e-01
-2.38709731978813732844e-01	-6.12098333920327974944e-01	7.53892096702546532505e-01
7.30348232040909706164e-01	6.41881590382616162849e-01	-2.33622524347719962012e-01
-7.67796216938183007095e-01	-2.99990626411014260633e-01	-5.66122419023431522334e-01
7.62413663605879921015e-01	5.87207274555586078435e-01	-2.71869494897939767419e-01
-3.96461331785332327104e-01	-5.19003640521047859835e-01	7.57267214082915085527e-01
-8.65936620710475168927e-01	-4.64533934569307416229e-01	1.85369880363776440291e-01
4.29260761285211400740e-01	-1.23366504466013493513e-01	8.94715543844342597879e-01
2.57002841765091860626e-01	4.28620633659779703972e-01	-8.66160430708858952720e-01
-9.21278743573049285764e-01	-6.74807646923149678786e-02	-3.83003685409166849674e-01
7.18344275277270488678e-02	-2.46594854360021487061e-01	9.66452685248959109110e-01
-3.34175941835083811782e-01	-3.02525635240473989018e-01	8.92639165576428306181e-01
-7.60198481935229319895e-01	1.59343591945581730673e-01	-6.29847511521044900462e-01
8.90367839790138337897e-01	3.14802009224533385634e-01	-3.28853774276104959817e-01
-4.40413422882963923044e-01	-4.45655998414525744700e-01	7.79375870823355465511e-01
-2.44936115180613214748e-02	3.96677784281081802220e-01	-9.17631079711587416270e-01
-8.94951807216176620230e-01	-3.24846746320172241607e-01	3.05836319239061626973e-01
9.06426516597121478824e-01	-1.01452431331798577363e-02	-4.22241689144235043951e-01
-8.00385025097611002565e-01	2.41839140150675369068e-01	-5.48541376644167688603e-01
-5.39123378528336028026e-01	-1.40385253610091492726e-01	8.30444437209993502336e-01
-8.40282005864544934148e-01	6.24621325856423229017e-02	5.38539351034917790351e-01
6.33975651840662374203e-02	3.05884465689548024070e-01	-9.49955494946237877230e-01
7.66385159759386036527e-01	-3.97189005390414462404e-01	5.04870954697884788409e-01
-8.19870581854759694629e-01	4.01954107999781318217e-01	-4.07731681466179440854e-01
4.20836717542727556385e-01	-3.98971823611428633161e-01	8.14688861549017095953e-01
-8.65449853731989793282e-01	2.09127540728704375272e-01	4.55260609304210916992e-01
1.25442872021351986556e-01	3.03262491154954738626e-01	-9.44614179079229066005e-01
-4.31977376282782210559e-01	-1.25815444159597750184e-01	8.93065518531964697146e-01
8.03609418448925083567e-01	-5.43420164141540262825e-01	2.42706464241399494375e-01
-2.44646654832214344166e-01	4.79401104020497847991e-01	-8.42806380934159160567e-01
-1.51105334309131589254e-01	4.55250729637273199302e-01	8.77447406462664281079e-01
3.97725847994910230998e-01	-9.09386278917035051350e-01	-1.21781548496306554763e-01
-2.27265206049226231588e-01	3.92778162237668371226e-01	-8.91109331894017753228e-01
-3.27181649105199479077e-01	5.66025944039072914649e-01	7.56681438363251079871e-01
3.16490011657823810953e-01	-9.31292624777070310316e-01	-1.80355536529005794355e-01
-4.87648897659519187098e-01	2.68936861808677596386e-01	8.30585044996571153497e-01
1.16317882716629489304e-01	3.24068109148093252969e-01	-9.38855692209138115167e-01
2.77707214261887380680e-01	-7.28970942171018987388e-01	6.25683680958037280462e-01
-4.64284765958570433408e-01	7.41708132726138003044e-01	4.84054441098004162303e-01
4.84049932405648752898e-01	4.95010211359654603291e-02	-8.73639119914271899958e-01
-3.43107228549500015147e-02	-8.87993943002030716727e-01	4.58573365437720592563e-01
-7.23470783199886974257e-02	9.60390644117561143034e-01	-2.69101674000771229345e-01
-4.53564220546652963062e-01	-1.21599164001239004596e-01	8.82889087685484352797e-01
-4.44420820369893276869e-01	8.08704627980160184464e-01	3.85340056450431622803e-01
-1.73587524004769316877e-01	-6.97089239732600507438e-01	6.95653623119235064998e-01
4.62321334990644594587e-01	5.79862496593130591349e-02	-8.84814431427808356645e-01
-2.64185246113354921249e-01	5.09529696740592119575e-01	8.18892937981190782715e-01
-3.18418924980863604635e-01	-9.45916447487132772132e-01	-6.20601529755896025309e-02
5.33754277342871064072e-01	2.14488062855645311711e-01	-8.17986089313639919141e-01
-4.29726713955464190153e-01	-6.44433934611870817832e-01	6.32487039577651621869e-01
5.02058006905205522763e-01	8.64795191769383020386e-01	8.18742907930151454787e-03
-3.36698442173039458325e-01	-6.77130939106484475154e-01	-6.54314794531668075805e-01
-1.49001607038896061175e-01	1.67471777415520106658e-01	9.74552063703685744755e-01
9.13871488372206219886e-01	-2.82595751728880462128e-01	-2.91510795417867396573e-01
-3.89075537343548716329e-01	-1.65537913069608577654e-02	-9.21057109105724358677e-01
9.24824069645517665705e-01	-3.80384137473669836638e-01	-2.88931872848351839478e-03
-7.70998868678418602940e-01	1.42402015971276635353e-01	-6.20711213322197807862e-01
9.09563290782212652275e-02	2.34068755742596612546e-01	9.67955972028545885699e-01
4.66666721540865969686e-01	-4.65499514499305488968e-01	-7.52018864794767427639e-01
3.75150720302983742283e-01	7.24139349996200665238e-02	9.24131029169578011029e-01
-1.00632351620623949895e-01	3.58486879853806283958e-01	9.28094977241007201840e-01
4.63800975273224336259e-01	-7.75434117137212330917e-01	-4.28474719575423768081e-01
-5.50897176828167634000e-01	7.02471199343347119104e-01	-4.50606829348906223753e-01
4.86109470977035551531e-01	-5.50208158561522053809e-01	-6.78946658051106100018e-01
-7.13582224365731820903e-01	6.67272102099170538736e-01	2.13420596075937440972e-01
7.18649345826170349305e-01	-5.59447734627338322255e-01	4.12990738351305730625e-01
-2.42080955211107035074e-01	-1.38779815906607373321e-01	-9.60279633138705235318e-01
6.64100787070675768753e-01	-6.30057455023047885412e-01	4.02489438348373029797e-01
1.27831336757582347818e-01	-7.95024464887358450760e-01	-5.92954677503550020568e-01
-3.23416517260591784844e-01	9.39630950302599576851e-01	1.11782975432141967742e-01
4.29240853145009648717e-01	-7.76672869995315484637e-01	4.61011434787233886912e-01
-2.36562446939316217698e-01	-7.15283557258257346456e-02	-9.68979825912409276079e-01
4.39699139497533808552e-01	-7.77049743902523681882e-01	4.50398004243081295783e-01
9.49862520145048350173e-02	-1.03456341093099882245e-01	9.90088075585129456790e-01
9.23389141632584287134e-03	8.38809080144414132008e-01	-5.44347372838882348489e-01
-1.29294660943614692084e-01	-5.67612843942410516540e-01	-8.13079670169587043205e-01
7.12768302986424378241e-04	9.37086974338664502326e-01	-3.49095251308512211086e-01
1.01950447469830132730e-01	-5.79743387355863393218e-01	8.08395763891579632876e-01
-1.81559511086332003860e-01	-3.73357152143331816330e-01	-9.09747536890050056968e-01
1.71475805331651659502e-01	-5.58833578703397462761e-02	9.83602103748765443925e-01
1.52633456000544648345e-01	6.49676436357825903833e-01	-7.44730525862023151618e-01
-2.07326507879378348076e-02	8.69844002062729493296e-01	4.92891031838478044236e-01
-5.74486454711215843716e-01	-2.03863262071509176998e-01	7.92720053821587944398e-01
-4.17913228391065816325e-02	1.21587687697348345583e-01	9.91700519076081477010e-01
-3.74689163063405605847e-01	-7.13589261622052162259e-01	-5.91944589282256239393e-01
1.30803703821015498976e-01	1.30084841246784294055e-01	9.82836876162317740757e-01
6.50019406032572993892e-02	3.92780990725060563662e-01	-9.17331914327006558985e-01
-2.88782321811771158782e-01	-8.81111927167480213363e-01	3.74495049916833577797e-01
-3.41795597100453596440e-01	-8.39478073514657197052e-01	4.22436189134955730751e-01
2.08786296713143609827e-01	9.29900026390362510753e-01	3.02810540146829121344e-01
2.39131389995178134100e-01	8.79803246250092513270e-02	-9.66993092425097011677e-01
2.87514153844165176732e-01	1.19738931674508303216e-01	-9.50262174129182790594e-01
1.79823026103300948053e-01	3.74364497909895344030e-01	9.09678460769366314942e-01
-6.44298044023065452635e-01	-5.97219537548662748883e-01	4.77712104136176485270e-01
-7.13073535022546445283e-01	-5.24549891054858608008e-01	4.65159698861353776422e-01
7.27261116951319785962e-01	6.76212596741198379569e-01	1.17591631416713124358e-01
-5.15275332333157032316e-01	-6.04222333609943373922e-01	-6.07788370615882200809e-01
-1.51820107562630868259e-01	2.25572891425498800455e-01	9.62324023182218657446e-01
8.24207859478696125421e-01	3.75133877275025229281e-01	-4.24212185697384447369e-01
-8.10118568714329079228e-01	-5.62616719624192351823e-01	-1.64834254399866569907e-01
5.48239173171663707329e-01	5.82335813656530976168e-01	6.00265615484542380820e-01
-8.10178675733314590524e-01	-3.94776114710555570131e-01	4.33315511655249674394e-01
-5.59213218153948032896e-02	1.14109718515886332524e-01	9.91893027451369979630e-01
7.73990278381245899730e-01	4.49762248406513520660e-01	-4.45705024516932224454e-01
-8.07434687138337103818e-01	-5.65768000233452528214e-01	-1.67199868174755628125e-01
9.00121319172872413894e-02	-2.71406526375375600768e-01	-9.58246478495255127328e-01
-5.54523877713902990649e-01	9.61837925417952238627e-02	8.26590555896577594552e-01
9.14799805367493501507e-01	1.47937130179022574561e-01	-3.75840287374824943978e-01
9.21556046920706806169e-01	9.68144311041015531716e-02	-3.75980608959916251521e-01
-5.44755169902853664254e-01	1.42017330551458292875e-01	8.26482233739570859576e-01
-6.72411223635114296826e-01	-3.72095157215736438427e-01	-6.39850248344192351624e-01
-9.89653999818649373482e-04	-1.65356207155714668433e-01	-9.86233413214152476733e-01
-4.93922978084898101070e-01	4.41914175058369938006e-04	8.69505547096513287109e-01
9.00211509614681770763e-01	1.99662904514724209859e-01	-3.86980571240985726789e-01
9.32723387376854229380e-01	-1.49482138869912323242e-01	-3.28149619532192682314e-01
-4.98871471446639125347e-01	2.29605638631615344147e-01	8.35708385553976085269e-01
-7.14503689296590693836e-01	-9.94561295588452243255e-02	-6.92526502218316020176e-01
-2.34695830188222376300e-02	-1.37560274703004498109e-01	-9.90215304616403280136e-01
-4.93754833301199957951e-01	1.36690509374227303629e-01	8.58790934534545802315e-01
9.37486441270429460282e-01	-7.90612972158187821137e-02	-3.38922533503834333413e-01
9.38691738381529749979e-01	-9.55560738889441041444e-02	-3.31250444584142489379e-01
-7.26956761528532280359e-01	-3.99732757825072212987e-02	-6.85518784637711098284e-01
-4.96674358719523478811e-01	1.33120905226015995293e-01	8.57667421546578490066e-01
-4.13608903212441050834e-02	-2.21769987666708551233e-01	9.74221406725463978660e-01
5.60669395702155681782e-01	9.06533552634239542245e-02	-8.23062450791228195079e-01
-9.52932655703742970132e-01	1.08649139040767894748e-01	2.83045435008430823487e-01
1.44552565600094534010e-02	9.48678996605980678902e-02	-9.95384914076846483155e-01
-5.14588060610210340506e-01	5.45170312667018694408e-02	8.55702647640690483577e-01
9.22621094599877511477e-01	-2.18458236875594208337e-01	-3.17877829583207371922e-01
7.97282200236886895439e-01	-5.07451979694469312854e-01	-3.26854067573882967057e-01
-5.01837159039033142705e-01	5.35165487499926317838e-01	-6.79527311295578639871e-01
-5.13584984193625970761e-01	1.73392128024171199296e-01	8.40336619427049846820e-01
-1.27014980770435548241e-01	2.98082249504819152275e-01	-9.46051883984188601850e-01
-3.39793092422104148209e-01	6.02621766658787832993e-02	9.38567591815162693969e-01
7.82338375780973427354e-01	-5.27537742933057218764e-01	-3.31135313069270909025e-01
-5.63612655627738656783e-01	5.72723972022992411368e-01	-5.95254589471139516910e-01
-1.04384166091774033269e-01	-1.36154394861933231153e-01	9.85173044002476627767e-01
7.94564823374191653294e-01	-5.93036194562688523391e-01	-1.30287426081508450615e-01
1.35273357169399914557e-02	-3.10661603257109675269e-01	9.50424315477104930672e-01
-3.71596719366852457078e-01	6.30955562915541334768e-01	-6.81036677266155021648e-01
-2.09952711010519127433e-01	-1.99405346310279840694e-01	9.57161097727133203250e-01
5.57401671856542546557e-01	-2.20911575248878722100e-01	-8.00313346216711685166e-01
-7.31441315124109703305e-01	6.28065310691267031373e-01	2.65570269487748034098e-01
4.28746677423925137695e-01	-5.54300896308458690420e-01	7.13391058921811982430e-01
-6.67135501881551462589e-01	6.75352400257136387118e-01	3.14371368919268923126e-01
5.47576113251743365473e-02	7.20239915210112019439e-02	-9.95898663844541176537e-01
5.99218159268309791265e-01	-7.54983413161915306588e-01	-2.66341216212367726257e-01
-4.73408501782311030848e-01	3.47369104579588028336e-01	8.09456049223058582420e-01
5.67457577862402334778e-02	-7.34731334612092945591e-01	6.75980609864216486216e-01
-3.37851031550150449068e-01	8.85628713895772357034e-01	3.18619618987625197182e-01
2.17294096087983057419e-01	4.88751323681296187540e-02	-9.74881786290678564733e-01
4.05725610984957685279e-01	-8.58355477352927720425e-01	-3.14026436927068941518e-01
-1.51928564598168586164e-01	7.64188438528808633432e-02	9.85432834628179543657e-01
-7.62616522858056283818e-02	-7.03761947004671095662e-01	7.06330858973918451760e-01
7.84326041859868677841e-02	9.36444552641473859644e-01	3.41935558883123658092e-01
2.04997296433957254536e-01	9.68706076665880377874e-01	-1.39945151703679382393e-01
-3.70808059830110836597e-02	-6.77616066798161997831e-01	7.34480414881594545484e-01
-2.74157061419407710456e-01	-8.64537075639890351120e-01	-4.21204879503907780869e-01
2.01000021231145742373e-01	5.26662441029984607077e-01	8.25969530111987149112e-01
-3.19156837069105192572e-01	-8.63962366449323004858e-01	-3.89497038129085260127e-01
2.91420531075365252249e-01	8.14633187582496476331e-01	-5.01444756435774352532e-01
6.48331303644077427961e-01	5.70372490112255547956e-01	-5.04323054438636453334e-01
-6.56187294720073088783e-01	-6.48755819278686418627e-01	-3.85401247014059922247e-01
-3.63393712438384378083e-02	4.54224151031157805103e-02	9.98306693508464237929e-01
4.55354641462051901168e-01	3.63374866221507442088e-01	8.12779710067535798856e-01
-6.93717944657281648801e-01	-6.08099658748249116691e-01	-3.85966602558744431573e-01
6.14640115011616638974e-01	5.93859038514284343080e-01	-5.19181058392345851082e-01
7.11119185269247111592e-01	5.01683887089361735256e-01	-4.92567540320015928579e-01
-6.84276795980880647718e-01	-6.27632097447954007130e-01	-3.71272429268889370135e-01
1.45924361396577665501e-02	1.80601653883750962182e-01	9.83448068492670302021e-01
3.97409893169606731611e-01	4.91992426781073410869e-01	7.74602368187053635928e-01
-6.74979204563830870178e-01	-6.43394589245513071063e-01	-3.61173747573070025307e-01
7.32861484076435698576e-01	5.34907013689899790698e-01	-4.20462283519743906801e-01
-8.21976900490366868546e-01	-3.29747820686693782211e-01	-4.64349383344724087053e-01
8.70548902095421794911e-01	2.57209919773598527648e-01	-4.19508839275782918765e-01
-1.45422216552236777121e-01	4.97382040694189439534e-02	9.88118661896931871347e-01
-6.87597206089264001427e-01	-2.17284961737267856563e-01	6.92818394372632373468e-01
7.37978358514573135052e-02	-1.45809690062771224461e-01	-9.86556340868295245095e-01
-4.43859309665038892501e-01	-1.15505728443184005338e-01	8.88621032792092147012e-01
8.88774569879860476540e-01	3.97427991247114587026e-01	-2.28321605872402216830e-01
-2.71992904997578277548e-01	-2.29221374447773545979e-01	-9.34600139699996002030e-01
-8.47716376309550212476e-01	-2.53436523312851991196e-01	4.65990208038430109294e-01
6.62233240015708407578e-02	-1.32247354553635648733e-01	-9.89002077132170698270e-01
7.85489317228335259813e-01	3.81526409077611483589e-01	4.87282394199202273377e-01
-1.70048213156500788168e-01	-3.41948765240331742365e-01	-9.24204872932887000481e-01
-5.53306911855968031055e-01	1.42219735807689234841e-01	8.20746616221598057628e-01
6.69536188210637761564e-01	3.65459972398364751900e-01	6.46653153747011377739e-01
-9.64997972673792614451e-01	-1.94418921944731371010e-01	1.76011918702452557772e-01
6.33423947297410916413e-01	-5.35712537793254627710e-03	-7.73786407348857396826e-01
-5.78090278950922631385e-02	1.84424291457537914418e-01	9.81145145742570279346e-01
7.63970533916087379822e-01	5.57493773354861069103e-02	6.42838261333808502762e-01
-7.07022995377505538567e-03	-1.67427174556058544486e-01	-9.85859093921933493654e-01
-9.89019774734914536296e-01	8.95984859095384639227e-02	1.17524450673113303734e-01
-9.71225669048612849643e-01	1.64847807299108722878e-01	-1.71889209113749608093e-01
1.51265431328944682798e-01	1.45214680901440101879e-01	9.77768615642556460088e-01
6.33545443185732914948e-01	-2.58709311553547649520e-01	-7.29170531175034941640e-01
7.01074983365053472362e-01	-5.27794996352031545173e-02	7.11131627842516600424e-01
-2.86730258940741077056e-02	-1.59019050277570322960e-01	-9.86859057431656472303e-01
-9.63415837094031113352e-01	2.08681449710038297018e-01	-1.68172463213583339714e-01
9.71404750631220337276e-01	-2.33937962672771337935e-01	-4.05689545294152867361e-02
-8.49319524745467457905e-01	8.62546257041436198465e-02	5.20784489429909291935e-01
1.61488917035521206689e-01	1.95236050779383774056e-01	-9.67369740146322931729e-01
-7.04110899139674950575e-01	5.64723026754329393562e-01	4.30483152708845739909e-01
7.03059098493397982566e-01	-4.74761458720535323152e-01	5.29442594942265531976e-01
1.62334569265891431877e-01	-5.84177591587277111884e-02	9.85005001528484802620e-01
-7.77316475596949607585e-01	4.74233336818341122409e-01	-4.13378566226744237344e-01
-1.88836428224503166673e-01	3.71420948446541332455e-01	-9.09058459303076826785e-01
4.94800057192748110602e-01	-7.63744703418658188454e-01	4.14568367584888186617e-01
-5.60981811178041689381e-01	7.89267479644963798613e-01	2.49712340708845681458e-01
-4.09544579809141773286e-01	9.09243135551704662056e-01	-7.44993798702908716081e-02
2.91040296076622517774e-01	-8.38987972409645843541e-01	-4.59776824352406243701e-01
-7.40894404004249773621e-02	4.95138639602600238998e-01	8.65649168193234230806e-01
2.69107114308943462522e-01	-5.95366906112932747774e-01	7.57046635375805299084e-01
-1.39639462513597937404e-02	-3.95194612923439048124e-02	-9.99121224068557189923e-01
-3.82883681552447008301e-01	9.19816774507151602158e-01	-8.56573857650585329671e-02
-4.22517791308119727844e-01	9.01843995768514261613e-01	-9.03112580157540700831e-02
-6.14879635644773568648e-03	-1.97375050370131414901e-02	9.99786288762893993187e-01
3.22458889732455400434e-01	-6.63860925265320700461e-01	-6.74765838153047470271e-01
4.33962042316777402151e-02	2.85332238781827396412e-01	-9.57445707583481131486e-01
4.55874987224137856456e-02	-8.11841531983753750268e-01	5.82095444842601117408e-01
-1.05504591284472801216e-01	9.91258757280382041266e-01	-7.92139970765838447031e-02
-5.55951234819529571674e-01	-8.19615137592320741611e-01	-1.38380817789755666825e-01
5.61670755833941548474e-01	5.23546642750386759246e-01	6.40644109397509264880e-01
-2.18577757796595550932e-01	2.22353983806295785186e-01	-9.50148656622784582026e-01
6.61307896115745141863e-01	5.04980584178453040245e-01	5.54676911487899548803e-01
-3.18588413230211198179e-01	-8.33147136756291373239e-01	4.52069985146381303487e-01
-7.23350443011231414303e-01	-4.82566207779748179707e-01	-4.93856245991207698509e-01
7.78745746365777979925e-01	5.35879071056321598654e-01	-3.26172782005214545453e-01
-2.40143803578234837914e-01	-1.81515746205955480486e-01	9.53615744145551058608e-01
7.02855022194692202753e-01	2.55768226889702909865e-01	6.63760071026719966625e-01
-7.56131019469865828242e-01	-5.70094974993693548448e-01	3.21337207435430927127e-01
7.08556948077834869437e-01	6.36245039734624984185e-01	-3.05187320745325230131e-01
-3.35624581669139665507e-01	-4.05143084052777491255e-01	8.50420614533549001912e-01
6.11172838978575105884e-01	3.61243809730046383510e-01	7.04251851844629905841e-01
-7.77657960895838940019e-01	-5.37705212338943416839e-01	3.25762490902279100435e-01
8.58536380874921456474e-01	4.22221995342149603037e-01	-2.90936194660419977787e-01
-4.16435393164380718289e-01	-3.93103051225582589279e-01	8.19787505660561022225e-01
-4.32592607316090171921e-01	-3.57904647301381995117e-01	8.27507038964346408605e-01
-8.39562140637978154833e-02	2.26549730894835071870e-01	-9.70374450174545488679e-01
8.82337704635883790516e-01	3.65755493345060522792e-01	-2.96147081812046852889e-01
9.45894551807532901755e-01	3.24048292136568660826e-01	-1.66193027591214001482e-02
-4.17458178059396500803e-01	-2.57186678452209549484e-01	8.71540981249906088202e-01
-7.01621732722941260363e-01	-1.46613497409487675283e-01	-6.97302966111729483067e-01
-7.21887854656276806153e-01	1.24720592532166815736e-01	6.80678117099546287072e-01
2.67797313091633869264e-02	7.99536573422189589255e-03	-9.99609383768372272705e-01
9.81419870105248670633e-01	-1.80712427765114508338e-01	-6.44829978663754438406e-02
9.49360814040071332442e-01	7.60500917836842982300e-02	-3.04844925010842870972e-01
-2.16533281959297246866e-01	-1.09232070618324531019e-01	9.70145191480310753462e-01
-7.86077092577253777606e-01	2.57931666400160498898e-02	-6.17590088230026479366e-01
5.10007467500543820726e-01	-4.30151556122192746390e-02	-8.59093754767975337217e-01
6.98832186648166375775e-01	-1.30194943505198890144e-01	7.03336940299754354022e-01
-3.95372261199646468643e-01	8.86769867244757592495e-01	2.39415909288822476020e-01
8.00735011156201437199e-02	-3.76856109987984966292e-01	9.22804262443455813880e-01
2.40070148876728811649e-01	-3.87178485176791820077e-01	-8.90201743558453162386e-01
-2.64059231543316952351e-01	3.24188869061769802116e-01	9.08391049831075547694e-01
-2.13819950331762570483e-01	4.24101167612057516898e-01	-8.80010925199347759929e-01
5.34881899644364500190e-01	-8.20586818278883689537e-01	-2.01342064903920203722e-01
-3.69140880395410694859e-02	-2.03333021859989721003e-01	9.78413528282133904135e-01
7.10978453989760561527e-01	-5.68824584279792599961e-02	-7.00909426306651317518e-01
-9.59156222965488192145e-01	2.82843001757635714721e-01	4.37907562265015849745e-03
-7.09434475087990623621e-01	1.14068330317677296692e-01	6.95479073427205607416e-01
9.60218487058219216657e-02	2.21938453270456553801e-01	-9.70321146595823580405e-01
9.22887568013222581165e-01	-3.83181227674185775900e-01	-3.80878401165400462536e-02
9.02576229973252597283e-01	-4.28973613024055511200e-01	-3.65757900305380689865e-02
-6.06275437782948234400e-01	4.05400907555158007689e-01	-6.84163867574537065686e-01
-6.61961499090094468434e-02	-1.31726339275805709450e-01	9.89073425625326962951e-01
-1.42853073832736685717e-02	-1.37915284944298086739e-02	-9.99802842431822935687e-01
-5.16996256195487613461e-01	4.59189329678638347154e-01	7.22398803009205336956e-01
7.59078145487460664853e-01	-6.48221745051176467811e-01	-6.00744395406647216373e-02
6.30110608051041909405e-01	-7.67248084751216086197e-01	-1.19544962533504189883e-01
-3.40946811615279732344e-01	6.92635470737995362356e-01	-6.35618892359982035067e-01
-1.56916778969703601954e-01	-1.81776704793677107430e-01	9.70739076205406337117e-01
5.04010404271959422395e-01	-5.43709803940329639005e-01	6.71083572653052073953e-01
-6.99826390451271818094e-01	7.08074845782036610409e-01	9.41967939936877163287e-02
6.74323337090894425749e-01	-7.31017572093434875313e-01	-1.04409512714215682583e-01
-5.10171352553638046690e-02	-4.30228524932181680129e-02	9.97770658054085490818e-01
-5.94680269884079959475e-01	3.70547102481980916711e-01	7.13477554974791150499e-01
1.98473210238008263007e-01	1.61479423672558186631e-01	-9.66712356675033746001e-01
6.87615360288683752366e-01	-7.22269016314271206092e-01	-7.42467801825675705052e-02
4.56640711944346244788e-01	-8.81413854166165688930e-01	-1.20784427302967442563e-01
-4.05123669043759848662e-01	-1.76428457561102008944e-01	8.97077372439597509057e-01
-7.06708504482431720817e-02	8.30129697211649530963e-01	-5.53073518353769277844e-01
-4.93271368885308036933e-01	5.29239748488666839066e-01	6.90353999957751485184e-01
3.29832804603292117918e-01	6.77469073456273430250e-03	-9.44015055268176084269e-01
4.58837419712570027119e-01	-8.79856439988730865132e-01	-1.23777491014594009933e-01
4.11174955899573202345e-01	-9.09448776504677480759e-01	6.19522280077919318408e-02
-1.34778343751604856582e-01	6.80749272169561270296e-01	-7.20010573878041681972e-01
-2.20654927585008042712e-01	-6.24216416635632875831e-02	9.73352424142705063836e-01
2.61996444947181550411e-01	-6.82418850602996451826e-01	-6.82394589058796574577e-01
-2.32164247838236498245e-01	-3.42426566357094952497e-02	9.72073661042328063253e-01
-2.08682354105255624122e-01	-9.77109209433994374550e-01	4.13432935838834725306e-02
-1.51652971712401413162e-01	-9.01758061668943566858e-02	9.84311790111724871366e-01
2.93931114925067682453e-01	-8.87513187161481753584e-01	-3.54858904768324878720e-01
-8.97235359294824980081e-02	-3.73335043550127726464e-02	9.95266746431771931469e-01
-1.57342975951211577756e-01	-3.60971361496978448979e-01	9.19207737183404205439e-01
-8.02068118302471239067e-02	-4.01782687484246614495e-01	-9.12215730720515205476e-01
2.56663749132798990615e-01	8.86165109597204847525e-01	3.85791547877437801528e-01
-3.41149733815563072081e-01	-4.13657118103073873083e-01	8.44099903897773229389e-01
1.40424269048834732265e-01	-4.60509589824098619637e-01	-8.76477006168525085705e-01
1.42131103829745086831e-01	9.44560119643357953834e-01	2.95981299584050838725e-01
-3.96390623236292372056e-01	-4.24409660830758095340e-01	8.14095150215172647101e-01
-4.42048875142188740783e-02	-3.46541567837036490474e-01	-9.36992459778041020257e-01
4.30708123599836345541e-01	8.25114975870096634125e-01	3.65616997498746154616e-01
3.95877950000815825859e-01	-2.71437283515875482642e-01	-8.77269884254938792090e-01
-6.28188826327186200515e-01	-4.19807716045943746241e-01	6.55087994109158300304e-01
2.38195204038042118722e-01	8.91243811063049617971e-01	3.85937189209703768178e-01
4.10402630627859477119e-01	7.86936829041721686018e-01	4.60760358398477010144e-01
1.47642437564255019078e-01	-1.06241357724968663034e-01	-9.83318099365022568747e-01
-5.60393523667215287531e-01	-8.18515064256469138115e-01	1.26460223853472941702e-01
-6.81253671182788345106e-01	-5.28433307010705011209e-01	-5.06608009748862331278e-01
-1.01270015528661092019e-01	5.82753676427327713117e-02	9.93150726466496158729e-01
8.28454922111205416257e-01	5.50584881784832891327e-01	-1.02560859881818330908e-01
5.18659791052353616458e-02	-2.34779595907459226467e-01	-9.70663928224895666830e-01
-7.27553063751201212206e-01	-6.66739282732598970149e-01	1.61633128681777232805e-01
6.19341972831476073047e-01	3.50151141043900993033e-01	-7.02715944827544958251e-01
-3.02480781408915655462e-01	3.83127596313686744067e-02	9.52385168578176122267e-01
-1.34816853295296246174e-01	-4.34736014005274673533e-01	-8.90409464344556589310e-01
-4.15829962383680917792e-01	-4.56598279478968138712e-01	-7.86513479579868834968e-01
-4.83597208011630530500e-01	1.41448228494754496554e-02	8.75176361877943231882e-01
8.43692180443183059602e-01	4.99934574052561642166e-01	1.95573327235365135301e-01
1.05706890736442848944e-01	1.15258695267401206630e-01	-9.87695037152708454897e-01
-9.33619647683035402963e-01	-2.49769909759868347088e-01	2.56844983674496374348e-01
-2.41767612794461933534e-01	-3.39390316373579969955e-01	-9.09044902386844988484e-01
6.83010819397415813725e-01	4.48395621314251369149e-01	5.76574008581965835596e-01
-9.09399209182946033359e-01	-3.38237894939473593414e-01	2.42050004677434010825e-01
-8.34586501375988887297e-01	-3.09800654007920506228e-01	-4.55509524046700142730e-01
9.36033574002339996412e-01	2.20617431857470042145e-01	-2.74169832587431938631e-01
-5.00854794229925182059e-01	-1.90737929966038597708e-03	8.65529223655161494833e-01
-1.08085459882103218643e-01	-6.67065479855448451030e-02	-9.91901088727059732086e-01
-7.15050458204745886803e-01	-2.62502412101062905514e-02	6.98579821536232326018e-01
-6.40243590257973171909e-01	4.83820857516161662026e-01	5.96661983845046317576e-01
9.32584492678119381104e-01	-3.60832800989980218009e-01	-9.26572965394367210890e-03
-3.38930116198781994363e-01	-2.34612842344362831914e-01	-9.11089013511072520757e-01
-7.60084390908753904093e-01	4.48595553734145779945e-01	4.70142263433977636300e-01
7.37445913710097211702e-02	-8.49348582087978143385e-02	-9.93653765204245642551e-01
7.67757655003277306172e-01	-4.10905461435506547119e-01	4.91634910219302889711e-01
-6.81550977397949786507e-01	6.32957187531927756297e-01	-3.67223996982184275328e-01
5.55124319661409529325e-02	2.29241001020498130769e-01	9.71785435859338520004e-01
-3.19852180846220135457e-01	-1.55044507316336538372e-01	-9.34695556402699079257e-01
-4.78292072175199700634e-01	5.32101258151136291552e-01	6.98645077824449622916e-01
1.81413140503760061950e-01	2.33324963395398071730e-01	9.55326506441174339024e-01
4.15407671034932368670e-01	-5.89904280109255441111e-01	-6.92422852853741832568e-01
-7.01393194642160322516e-01	2.84569929347572025957e-01	-6.53504048817436733465e-01
-2.69926860224788012221e-01	2.73365929986770450633e-01	-9.23260829046513742391e-01
4.39713623938478126441e-01	-6.47436390729364985575e-01	6.22477348087642101682e-01
-4.86415528198676228033e-01	8.73726213728220679755e-01	-1.56120829824876392045e-03
-3.71668994604687275007e-01	9.23046640689823227888e-01	9.92323413045029384394e-02
3.81378256764861645056e-01	-2.34038194140460564796e-01	8.94302381161130144349e-01
3.13172527285323631929e-01	-6.41782961761287906732e-01	7.00026855303875095160e-01
-4.48492389489507023437e-02	-1.31165258460526588935e-02	-9.98907654648531484476e-01
-3.93267195008916603527e-01	9.16787755770086421059e-01	6.95781876730556247956e-02
-2.22348513228851546453e-01	9.73991713904075018249e-01	4.36036685511863031373e-02
-2.92020896963206995356e-02	-2.21653738345784683331e-03	9.99571070469426725680e-01
1.73994933121010580956e-01	-6.72448480997852704455e-01	-7.19401698393808075593e-01
6.57252281969787022220e-01	4.62475925844914648177e-01	5.95092812811074511892e-01
-3.84532602831713088420e-01	3.04289949099700585133e-01	-8.71517242650063583831e-01
-3.68162617664399727246e-01	-8.96387104691768299425e-01	2.46873338975285128161e-01
2.98390576578762500848e-01	9.54397276343205702709e-01	9.42882376887306528079e-03
1.64251482632403050799e-01	-3.83596747805211080173e-01	9.08776642264931155957e-01
-1.68906746594782497528e-01	7.56230457036524250647e-01	-6.32128156946908603686e-01
2.52520093865746420025e-01	4.11419264478168233978e-01	8.75766973007247817584e-01
2.54526783140303247688e-01	9.60920788602206532580e-01	1.08845554325211243962e-01
1.58119415066696106242e-01	8.23256251104795278017e-02	9.83982084201300177817e-01
5.68229010031778072887e-02	9.45936778131104882839e-01	-3.19334886444509247205e-01
1.16151950160542985491e-01	-1.88769197445307658489e-02	9.93052056226087942470e-01
-9.49538513690487140373e-03	3.76587196857519346249e-01	-9.26332510939834152808e-01
1.51314930621360921315e-01	3.63113531161136371406e-01	9.19376068460966200391e-01
-5.17352759044167442859e-01	-7.69239899784288305717e-01	-3.74988132197867696238e-01
2.33993485944310991576e-01	6.81237253154064026361e-01	-6.93659032559034272047e-01
3.74005372923452927836e-01	3.25450480789556018113e-01	8.68448021229961453216e-01
-3.29006567249636339145e-01	-1.56311820354179481507e-01	-9.31300860905955207869e-01
-6.26376492739118828634e-02	-3.62601561790920956518e-01	9.29836884770777083453e-01
5.28283539705283411436e-01	7.92309320461085153653e-01	-3.05225232225236675632e-01
6.88883139582253667399e-01	6.42161641172801944677e-01	-3.36256519052866242880e-01
4.17694439998002667314e-03	1.88157633176920038864e-02	9.99814242840264877366e-01
-6.09807515911722441970e-01	-5.80912832987312555133e-01	-5.39142906851448056038e-01
-4.95338619768892152173e-01	-2.87090432118978611253e-01	8.19889465447133924947e-01
-2.94605849043236556195e-02	2.93664451864990086460e-02	-9.99134468344578530186e-01
8.24556691733073776618e-01	4.33525028714702609367e-01	-3.63541347849354212762e-01
6.66047034421393124859e-01	6.71651574230339276639e-01	-3.24446468269227350500e-01
1.11943312312782539131e-01	-1.70029417741850569223e-01	9.79060106393274676151e-01
-7.01705342558305189549e-01	-4.66694151555123559749e-01	-5.38336494331728365736e-01
-5.24482886682220317276e-01	-2.51001306972753746027e-01	8.13582230309545684221e-01
-2.49158084932306241044e-02	4.58586242579894359794e-02	-9.98637165875721377617e-01
8.57470138108351154216e-01	3.56909689932414397884e-01	-3.70621687823032119891e-01
-9.14491335109494318800e-01	-3.88396868467989153650e-01	1.13373147499370996449e-01
4.15587337914171073283e-01	2.92223341245451906367e-01	-8.61331924055271813678e-01
8.20865485016278428887e-01	2.61540678008949589728e-01	5.07716780553497892825e-01
-7.65771305174450356290e-01	6.54796917854135462900e-02	-6.39770832513569476241e-01
3.60016946568850415566e-01	-7.32101202432018371979e-02	9.30068855772096747536e-01
4.30966380372490298623e-01	4.81727531422830382302e-02	-9.01081219892705620467e-01
-9.01446759208189216106e-03	-8.83844711469571053808e-02	9.96045643850774431449e-01
6.59346137540267385191e-01	-2.01914946784490456633e-01	-7.24218906944403828518e-01
-9.26196732132053335285e-01	3.76965534945704838776e-01	7.52322078661266015892e-03
4.87360003096495408847e-01	8.44141616680111228632e-01	-2.23394624757338289278e-01
-2.98483479197236722946e-01	-8.18874319957183516294e-01	-4.90257545338134315127e-01
-4.45113041143133436606e-01	-5.17310156223413031285e-01	7.30934048237198430442e-01
-7.11596621759640779459e-01	-4.65763476263319542436e-01	5.26017710803899585237e-01
6.67892750141372726347e-01	4.81933912757762927814e-01	5.67149872646187547254e-01
-3.11868529206721645242e-01	-1.53175788139293167500e-01	9.37696751843762332790e-01
7.12864816591335159757e-01	6.56132010931570364143e-01	2.47617724521278614880e-01
-2.34328360392325463213e-01	-3.22629956379470783645e-01	-9.17060592743154101569e-01
2.78996577275065604784e-01	4.01094554603242947621e-01	8.72515941479824475024e-01
-8.54631758138620356569e-01	-4.35407242990172416164e-01	-2.82887063565281593469e-01
8.95069927812291110669e-01	2.31080897783918798316e-01	-3.81380968331507363978e-01
-7.79020807185948127582e-01	-4.93001948689357691324e-02	6.25056855619742002261e-01
8.63401738304029553461e-01	4.05169830550494269872e-01	3.00624095350428777174e-01
3.73936613098397319099e-01	-1.90734515929379788712e-01	-9.07629744894736578686e-01
-9.70394826561446710578e-01	-2.32226865291259271240e-01	6.63668864704025640577e-02
-8.11026187209171467440e-02	3.61892392831723086477e-01	9.28685232598828069861e-01
-7.07809874933067573188e-01	-4.95851638362102220547e-01	-5.03126558313963800906e-01
-5.10618746452574323591e-01	1.46863643072545763113e-01	8.47171509267551692268e-01
-4.81351334104900552280e-01	2.73948150141569979343e-02	8.76099547577655513031e-01
-2.71774417809922619327e-01	-1.83877962185332782807e-01	-9.44630912497916752635e-01
9.78810051980773643265e-01	1.76709225953011417332e-01	-1.03463672873538262142e-01
-4.66332728722645084574e-01	4.98087302289826561186e-01	7.31055965996950773977e-01
-3.46881687934208537971e-01	-4.02750536171655071360e-01	-8.47033116347500669718e-01
9.79839716290139661758e-01	-1.99405624761867156236e-01	-1.23096382476515359139e-02
-8.56748616719594568991e-01	5.05366932674837454620e-01	-1.02888634493258246394e-01
5.39941391010132165640e-01	-6.29415405549273776487e-01	5.58837670107596551361e-01
4.02655951643836607090e-01	3.30245118560831829591e-01	-8.53701555739790451938e-01
1.22373825918307227445e-01	2.95536149978148421358e-01	-9.47461361104614652184e-01
-6.84600438281008027985e-01	-7.01158953449562832860e-02	7.25538421536328415051e-01
9.46798730026819801431e-01	-1.52135474059567926686e-01	-2.83596478032206389397e-01
8.12726483145614131409e-01	-4.21034565434876217882e-01	-4.02747511851813344563e-01
-6.54963249439887373882e-01	6.26350899450586418027e-01	-4.22738326439163814019e-01
-4.08411707878474861122e-01	-6.05233617664126255509e-02	9.10789108162959548665e-01
1.35160841447158092121e-01	1.85920850355183325808e-01	-9.73224015498231453947e-01
6.81158847758834173902e-01	-7.15076742892199246349e-01	1.57123759802714313416e-01
7.73286234729770205476e-01	-3.18677616883240533152e-01	-5.48154153204254313003e-01
2.42104459254606219076e-01	-8.59952312552940689727e-01	4.49296617997380742793e-01
-6.86087972276212321177e-01	7.15244394669875438453e-01	1.33074228125655391608e-01
3.60971541786151650655e-01	2.47564362005639471143e-01	-8.99117029471285911235e-01
3.86038833037436024398e-01	-9.17259892754823558114e-01	9.80219798336280229156e-02
-7.59560195962285189530e-01	3.08810062565201270957e-01	5.72454936189925378542e-01
3.66466824772888777328e-01	2.66154123952565824229e-01	-8.91551484011954942233e-01
6.31840201811195045778e-01	-7.37995651394204310591e-01	2.36939608125008305262e-01
6.42104289340950429299e-01	-6.13543575091586190773e-01	-4.59637208104161643085e-01
-4.65487518292846513823e-01	8.03418023565943717479e-01	-3.71269241552487971880e-01
1.65085460799318184399e-01	-6.11744513527296751576e-01	7.73637796906231800520e-01
1.51080821894184980092e-01	3.14936292369494760801e-02	-9.88019603334500118308e-01
6.94326318052084084931e-02	-5.09288975922035813682e-01	8.57790095912097982911e-01
3.35772099718634531307e-01	-8.45125993886726378790e-01	-4.15955708588681472015e-01
-3.01111866825157781236e-01	-3.96739958772517720131e-01	8.67138425379852084696e-01
-7.08620830430902425012e-03	9.25160858927689067066e-01	-3.79509118151393487484e-01
3.12187037202042549922e-01	2.20316916662314787878e-02	-9.49765159587008023223e-01
-2.14727372047726489113e-01	-6.89515981675261624417e-01	6.91707934541651359162e-01
-3.74018989855155803426e-01	-7.07357943473883921115e-01	5.99795410979549248331e-01
4.63115733534440188190e-01	2.57860423539463201603e-01	-8.47957439571648596832e-01
-2.84997501233107686236e-01	6.89114601283657091102e-01	6.66256324989527803915e-01
1.89212849547054778876e-01	-2.59923005027702241909e-02	-9.81592022115531204207e-01
-1.52397367451296533725e-01	-6.22430388255268640663e-01	7.67694896537882365273e-01
-1.32765305570071434627e-01	6.88859790135427418889e-01	7.12632838965101766959e-01
-4.81761477320341302555e-01	-5.66321168600309343688e-01	6.68719831443110535041e-01
1.68733464236407837422e-01	9.85443806165982372214e-01	-2.07249351237217341315e-02
3.74516884255757021016e-01	-5.06505232681381589721e-01	-7.76652787720316761799e-01
-9.77692201297374552382e-01	1.31175441742712617366e-01	1.64045612577412652788e-01
1.52255709180154047422e-01	3.09373494804828008675e-01	9.38672594536718918334e-01
-7.24735434201078998484e-01	1.10563424821596131831e-01	-6.80098727763177701711e-01
1.45721519852113706728e-01	3.32875050203666256188e-01	9.31643407964601433235e-01
-1.27858227575144728361e-01	-3.90857276891365346128e-01	-9.11527763012410452426e-01
-8.82480744332972522059e-01	4.68265620721931064008e-01	4.42158832483005095892e-02
7.34503634098737534508e-01	-6.68539470315317130300e-01	1.16444785740980452649e-01
-3.82643164432654447893e-01	8.17960723071491146996e-01	4.29563108547891758793e-01
-2.68300620859947103192e-01	-5.02495443673441566368e-01	-8.21896043264352282876e-01
-3.62929722961362555278e-01	6.92204668226941932652e-01	6.23806631478070916508e-01
7.62449761587659313733e-01	-1.73409940660602140960e-01	6.23377376502394220381e-01
-3.27149473534586232581e-01	7.76161764575585166881e-01	5.39023317841591076416e-01
5.59325213975729429450e-01	-8.19831837158691567602e-01	1.22601238949731836114e-01
3.17042660609073087552e-02	-4.76576147838663755074e-01	-8.78561332420679241828e-01
-5.03345798974441205331e-01	8.37138485541789156841e-01	-2.14107829561604567914e-01
7.66463550750884903273e-02	4.79434097343701681737e-01	8.74224389134696577841e-01
-4.98440215443450795885e-01	1.21836409240903914553e-01	-8.58320010842092195880e-01
-3.61012674463114359782e-03	5.14033013948332229148e-01	8.57762803784403615737e-01
3.52903372468220677405e-01	5.86309480537052785110e-01	7.29177895120887153979e-01
-7.48707382902046636453e-01	2.06889305845730925304e-01	-6.29788909012090836192e-01
5.90723918409431059118e-01	-8.01448800688652429614e-01	9.34080943694300253055e-02
-2.81572410269873396604e-01	-7.34552760734223375572e-02	-9.56724255045199312164e-01
4.27375110833601967730e-01	-5.27975620865867578679e-01	7.33888450931930225174e-01
-3.95563648389275823725e-01	8.89381703321646788218e-01	-2.29193337315140466259e-01
-1.41819464852847298975e-01	9.70615354926050222240e-01	-1.94404403681165044437e-01
2.95396026794521204817e-01	-1.21717377078514737976e-02	9.55297354835227041647e-01
-8.78924499245722218310e-02	-8.50714655392609486739e-01	-5.18227259362618042360e-01
-1.82647246124040846249e-01	3.92338855142244924412e-01	-9.01504412761788165298e-01
2.62485557677080372230e-01	6.72440132076892127522e-01	6.92044507805216202456e-01
1.86090919872347576591e-01	-3.38263126658857993245e-01	9.22468550512176910239e-01
-1.11235456736967247560e-01	-8.74125545275683757396e-01	-4.72790867362100242222e-01
-4.58923144811602679027e-02	9.55563232064786993725e-01	-2.91192041439082616172e-01
-2.49723199698068776264e-01	9.52985543627001413514e-02	-9.63616370278617573319e-01
3.45382723107351630176e-01	6.99523144647739458790e-01	6.25602225604327766284e-01
7.65623027628319352544e-02	-6.09530545619175412320e-01	7.89056859645008601412e-01
3.54054410784271189616e-01	7.73945405373371975166e-01	-5.25027602803556758815e-01
3.17452036824647509938e-01	-1.36676488614134811206e-01	9.38372922550513965945e-01
-6.10407548025415636062e-01	-7.91946250039997412529e-01	-1.49586884848186794927e-02
-3.42974525032616162079e-01	2.11581298685902474688e-01	-9.15205894443997913790e-01
5.31127307498938550090e-01	8.44526725397127364658e-01	6.83987815602965232298e-02
4.05475062395924623626e-01	7.54441682255196810480e-01	-5.16146996359534759868e-01
-6.90302284854910408463e-01	-7.23002371629873130665e-01	2.73920817330342430962e-02
7.53665951379381970909e-01	4.60191518287865641845e-01	4.69266875271758476806e-01
-1.90391620552096296759e-01	1.91457945035393761746e-01	-9.62857666587523586266e-01
8.03185469971841703440e-01	3.51798229337274781514e-01	4.80760966241301490598e-01
3.45582786952220166743e-01	7.96420053920331327824e-01	-4.96273750137837588170e-01
-5.77030207858714616620e-01	-8.15885942922019213874e-01	-3.69630539968755222890e-02
6.08141306601896691753e-01	5.34593356214298265350e-01	5.86833958369886943274e-01
-4.57895242656229592426e-02	8.88975671400916434006e-02	-9.94987709483941662469e-01
7.28649549217098235765e-01	4.64199049530709950684e-01	5.03576287011715084674e-01
6.38628855547699658679e-01	4.96615275031806135964e-01	-5.87814982343014769128e-01
-9.24529563584252866981e-01	-3.19864802590281716022e-01	2.07199406665635049718e-01
9.51032863213676860070e-01	5.33071985532167919031e-03	3.09043810022818277172e-01
9.00994763209710058938e-01	-5.10845335215902932036e-02	4.30811800097861907766e-01
-6.92320750123110006946e-01	-1.93267326336490741223e-01	6.95226380051648051861e-01
-4.31601527895045189442e-01	1.78072791575643207818e-01	-8.84313407123922479158e-01
9.41009004569352991432e-01	2.51007073459423579731e-01	-2.26930611405185056473e-01
1.24752269632565117308e-02	-1.32763706192671304684e-01	9.91069203956111977050e-01
8.99869807260190168741e-02	-4.12106593555477851432e-01	9.06681034790027595704e-01
4.48127428203963007469e-01	3.02733580691149972708e-01	-8.41150514006391847310e-01
-9.55582684925985748059e-01	1.36206642872857223298e-02	2.94408236593369232459e-01
-9.32720495764179265141e-03	-4.58685475241251194856e-01	8.88549738647412823411e-01
5.31076686249969287523e-01	4.13769060041574820996e-01	-7.39427290728482233817e-01
-9.64379114716270913199e-01	-1.65485114782984304993e-01	2.06367632840821518814e-01
-9.22670353631825812535e-01	2.10351207922016864016e-01	3.23159075154435260213e-01
6.60062171916043549658e-01	-3.25029663123317158480e-01	6.77254492266694541058e-01
-6.29747228162525929385e-01	-3.49759467138537283315e-01	6.93604169370817702500e-01
8.87315843835207895829e-01	-2.99095392141702220989e-01	-3.51016437903717282154e-01
-5.64681881973775334771e-01	7.87012322143610720815e-01	-2.48487377877985193830e-01
9.19375345112504460676e-02	-6.67140956740873702913e-01	7.39236385459255074259e-01
3.75361696951861611993e-01	2.46717827930320404706e-01	-8.93439371106267921085e-01
-7.29797296348721813430e-01	4.45952916969799662006e-01	5.18190989972059257163e-01
-6.91277251203143427993e-01	5.16301516225238454894e-01	5.05537838655570781476e-01
2.97674573095760230945e-01	-9.31553989236787227668e-01	2.08798979090618452847e-01
4.99457560445619508371e-01	3.42711345041153581104e-01	-7.95670207619836422630e-01
6.42381757866462788087e-01	-1.85778863834323737514e-01	-7.43526657836032889293e-01
-6.26989714793621422118e-01	6.63239204354963640675e-01	4.08653466092737727156e-01
3.03747707973671399184e-01	-9.30861744214503850081e-01	2.03060934348960581142e-01
-1.77554822426191527551e-01	4.35554292818356281192e-01	8.82477616169784262468e-01
1.73144081587301851277e-02	-9.99494028694615455066e-01	-2.66814143913012280507e-02
1.25651764570714585822e-01	7.14770887203437399471e-01	-6.87978352033460915926e-01
-8.14148864264157834381e-02	4.73937793220827241480e-01	8.76786510175165734182e-01
1.42120291926229685986e-01	1.41087099244283392663e-01	-9.79742952538897871051e-01
-6.52932971688329893967e-02	-9.94749748026639180054e-01	-7.88018029347046372601e-02
-2.86476840500787977017e-01	-9.53071352081893974351e-01	-9.79082105723320106350e-02
3.36414780090863452244e-01	6.56173754308072232355e-01	-6.75471020765262331054e-01
-1.42115797439119118106e-01	1.30437815497467163306e-01	9.81218159435755743480e-01
-6.62973206356544803031e-02	-7.46960065064331213414e-01	-6.61555233125415864670e-01
-2.39709282858105221514e-01	-2.36522568625778945028e-01	9.41592552138299621056e-01
4.89888511430285000792e-01	8.17867180927794090728e-01	3.01831941202123810175e-01
-6.56253063653141177625e-01	-6.33510266845519254275e-01	4.09873954097092263460e-01
2.59216555808492843394e-01	-1.94769282717765279678e-01	-9.45976587291878834307e-01
-4.50232702769449766311e-01	-5.50307116449278432846e-01	-7.03173229682555911424e-01
7.67771386373606090636e-01	5.74358623994577044414e-01	2.83970543030446942456e-01
-8.65595404879679897192e-01	-4.00705657111052437891e-01	3.00299136546182621199e-01
-9.28967907880425380895e-01	-2.76623013808920681367e-01	2.45964091605939738638e-01
3.53497880486929760835e-01	7.07340217373162993830e-01	6.12134842479771568158e-01
-3.47193183737318444848e-01	5.19584979677425007338e-01	7.80697343443638724914e-01
-8.01458438210025381210e-01	-5.46733261409572346423e-01	-2.42378036732702389910e-01
8.24817596564461630315e-01	9.84975508449542763723e-02	-5.56753235172612992443e-01
-3.65482368254938683183e-01	3.13736799053487336320e-01	8.76351447431013896860e-01
-1.86913449701351735976e-01	4.09117318231426885244e-01	8.93132902900719338746e-01
8.61425010257182210971e-01	-8.39995988573954640612e-04	-5.07884087277946538741e-01
-4.59179946494995605555e-01	-5.17928291180710376196e-01	-7.21736837033750244785e-01
-8.40627496503784099602e-01	2.08730283932387655765e-01	4.99777030976099767567e-01
1.54402028634275712005e-01	-5.99723936415269887057e-01	-7.85169544521559958916e-01
4.11970250510245661335e-01	6.29443757613692866926e-01	6.58848289590008961980e-01
-9.29140248953871705773e-01	-3.01953403375475715187e-01	-2.13360118025615691506e-01
2.66890358365825086651e-01	6.64736796371064420086e-01	6.97778280087375302188e-01
-9.06863795848711490288e-02	-8.04057215513568679377e-01	-5.87595077190368852982e-01
-6.64148816913846973264e-01	3.20037781472506777103e-01	6.75634640484110482461e-01
1.79039078208743124287e-01	6.28693000763195897207e-01	7.56762921439423807968e-01
-1.74622451382829363409e-01	9.08996073052161235317e-01	-3.78461541835893144903e-01
2.43387655755358360554e-02	-9.88263708242063665388e-01	-1.50806059102093409363e-01
-9.26423821646526063356e-02	-7.92670689007928697123e-01	-6.02569969227270796353e-01
8.25747437087267360800e-02	2.06082212106750428671e-01	9.75044375172036237309e-01
5.19066024526138258821e-01	7.18396190414100965782e-01	4.63117021692290409263e-01
8.05627781361758360523e-02	6.59302449487049080368e-01	-7.47549275218268416410e-01
-3.54971579833550043848e-01	-8.91396527379737180219e-01	2.81793201631655720885e-01
5.35448842370781830091e-01	4.33546748742040966018e-01	7.24797733066953830949e-01
-5.96305725339916881111e-01	-8.02679919650343798310e-01	1.11547531103632427407e-02
7.66302079773771738225e-01	1.92919042743194574241e-01	6.12832249054699684798e-01
-5.96583696131941398910e-01	-8.01681936673046102726e-01	3.73358530330467688896e-02
-4.82057178408459630070e-01	3.86299824807469771581e-01	-7.86379884088213798599e-01
3.73582477931936496329e-01	-3.30220108529460876223e-01	8.66828017605006495572e-01
-7.19915375497779175262e-01	-6.13910482271008639543e-01	-3.23783526263565601955e-01
4.02610286789516547135e-01	8.42887413944587771120e-01	-3.56995468297664264590e-01
7.99434503202592461335e-01	2.76352345967379176006e-01	5.33417150050080612900e-01
-2.65978599909105106747e-01	3.41701983739235437554e-01	-9.01385122297380436684e-01
-5.42483946596660326911e-01	-6.90752021122498893746e-01	4.78092891601720637595e-01
6.17405963853780104245e-01	6.07487681503566689933e-01	-4.99768539045032100798e-01
-9.21810560613813279041e-01	-3.78496223100077688883e-01	8.37012511245998763743e-02
9.35333010969468747753e-01	3.54887638311209216435e-02	3.51983957351079346232e-01
8.12325650404992827269e-01	2.30918015737167720003e-01	5.35540761942650211935e-01
-1.63421280792502177093e-01	3.59116231892233905842e-01	-9.18873776410917719737e-01
-8.53917722691272418345e-01	-5.20350346970565702520e-01	-7.74850187863349894324e-03
6.90523511944103773885e-01	5.02577317726560779398e-01	-5.20185850594916399103e-01
-9.52467071519896402165e-01	-2.67700433345375465866e-01	1.45406174755443429181e-01
9.40457755968021835713e-01	-8.68840329107864045577e-02	3.28618888782659657188e-01
-9.63334579501844978644e-02	5.44412842189621604128e-01	-8.33267377339577675066e-01
9.26374714504136997917e-01	-1.40514265175963576349e-01	3.49407540859434706526e-01
5.27372570946493368638e-01	-6.27254647192205916362e-01	5.73087933033899266100e-01
7.61709851812928495640e-01	4.19536804793073647701e-01	-4.93747882096870205348e-01
-9.33589375507443586244e-01	2.95753778206292894382e-01	-2.02337788404253760000e-01
4.75053421441451073637e-01	-4.27930431125979560125e-01	7.68895176791416945505e-01
-9.12439452573405751501e-01	1.64889250942404613776e-01	-3.74520734153926726506e-01
2.29432738136134600770e-01	-3.53149758220707821188e-01	9.06998272842904240676e-01
-9.26258565928705479564e-01	2.38703675663088282777e-01	-2.91660117720316802714e-01
3.78560732465262506086e-01	2.57564187964577862022e-01	-8.89017694375939693252e-01
6.45344791567371678376e-01	-7.29699932630785585985e-01	2.25982539846538765804e-01
-6.40502000124768655631e-01	2.66193985979680858289e-01	7.20345715378678641549e-01
7.89354828263535757138e-01	-4.58387597741737595758e-01	-4.08411269841569057881e-01
-3.21081878010535892720e-01	-1.32396660343215427647e-01	9.37751327348135932382e-01
3.69220843830090628135e-01	-3.28069106572488888851e-01	-8.69509419037036490607e-01
2.25800617915984658257e-01	-5.63112219179983664041e-01	7.94933147855185207042e-01
-2.60323358448136754628e-01	7.24885178356639681141e-01	6.37787760344415532998e-01
8.46133721681180728247e-01	5.30388216227988262830e-01	-5.24029113737672705420e-02
-4.32152048365187391177e-01	-8.26023515774555572300e-01	-3.61842173441979109150e-01
-9.46517556847493835015e-01	-1.18781511426615301458e-02	3.22433596427052826527e-01
4.31610423613322025105e-01	-5.20016542741476683887e-01	-7.37085637835611873214e-01
5.13101106424649566762e-01	6.55507745956707132962e-01	5.54109059280352922450e-01
-6.11960008904931074269e-01	-7.40824497855962937898e-01	-2.76918780290425381452e-01
1.69452434021168607536e-01	6.62705963968287292687e-01	7.29456426337560359663e-01
-8.56818408576472845262e-01	-2.75267317030650493503e-01	4.35993255566216098007e-01
2.39343645208767830113e-01	-3.22831788140095332640e-01	-9.15693319875408917596e-01
-6.74283823041728180847e-01	-5.19011501006285236315e-01	-5.25326934210910367895e-01
-2.64285041361664418957e-01	4.19107069637642604132e-01	8.68621137834102885478e-01
-9.60131069560140715247e-01	-1.64563382703655891603e-01	2.25980579560346450663e-01
-2.63413146136637299488e-01	-5.72592869052631958660e-01	-7.76370350253327123902e-01
7.58466805998775916997e-01	4.05500685915395731040e-01	5.10193392666113187950e-01
-9.94744009106936388775e-01	2.23489758694686256602e-02	9.99243695173773482932e-02
-9.07281781163258305156e-01	-1.72626621007445107958e-01	-3.83457715124858655731e-01
9.65544050378497442644e-01	-2.36199208769794277707e-01	-1.09245688954800287962e-01
-6.67540389525413058180e-01	5.28064623844759051252e-01	5.24916737584117054638e-01
-2.03660333528072723386e-01	-4.95903911043610368115e-01	-8.44157437661296028431e-01
-6.48815394842326642610e-01	5.79330691656553931068e-01	4.93370583963347375533e-01
6.49813582358163999153e-01	-5.97533295902213712480e-01	-4.69783214335173227028e-01
-1.52624236076771752080e-01	7.04405533287593477176e-01	6.93194552225998572581e-01
-4.93524171097698804989e-01	-5.46355417425954170696e-01	-6.76704995098780681673e-01
-1.67429523775402350205e-01	-3.47828309847255434661e-01	-9.22487301504548495856e-01
6.75705236018957711153e-01	-5.85111019220067654634e-02	7.34846164151679470677e-01
-8.72749015791965843114e-01	4.11596468561729322833e-01	-2.62483337569583974336e-01
-8.13267987140519843514e-01	4.93538268537353497223e-01	-3.08245289634015817715e-01
1.46186980523124260278e-01	3.11576055853451883149e-01	9.38908796499605902142e-01
5.68182472628214862986e-01	-6.63138456975706280794e-01	-4.87253593807133733584e-01
-7.37592737290768463154e-01	5.39408778628856944160e-01	4.06195917549692087078e-01
-7.15116338656059252754e-02	-2.65903517630440455743e-01	-9.61343541890010144790e-01
6.70865701543610803981e-01	-1.41680550740977739821e-01	7.27918836158353621535e-01
-6.79623881367594218084e-01	6.16256332372474568970e-01	-3.97918977538986362585e-01
2.67724913211797976853e-01	3.27707687463384522708e-01	9.06052450150175214816e-01
-4.24384856177229596863e-01	1.19531223019810728392e-01	-8.97557675345055705485e-01
-1.00543563228758375816e-01	7.29975920011298851087e-01	6.76037090770116311234e-01
-5.39730309708614464093e-01	8.32129856716812610351e-01	1.27479780131203257465e-01
6.97176473073065405828e-01	-5.53986950680809719927e-01	4.55020245559227265453e-01
-4.81518781149721741830e-01	-2.30874991620607268594e-02	-8.76131628685169805415e-01
5.87165205337163542687e-01	-5.32499776245757727722e-01	6.09656468791715977495e-01
-4.01271448867992486242e-01	9.15309756219427561597e-01	3.44858593181960812468e-02
8.22929754811655644886e-01	-4.46305386175735008258e-01	3.51565244181157088299e-01
-7.66592087148242784522e-01	-2.34205500847864733771e-01	5.97899954251797649540e-01
7.94526927271121174989e-01	-2.78323048001438588805e-01	-5.39688097693750701289e-01
-3.33822030152108539802e-01	-6.17767233950265892695e-01	7.11987708350756642872e-01
-2.51041656767292620245e-01	-6.61043413491338327503e-01	7.07106563431037837830e-01
-8.79360102857290826250e-01	2.26720797619492153707e-01	4.18716478574221506737e-01
9.28902421172241206382e-03	-3.51598379436386554442e-01	9.36104851823181594028e-01
-7.56330563060930161079e-01	6.48421629549627898115e-01	8.66802729122457399358e-02
6.19658078798961065026e-01	-2.89839320033379588271e-01	-7.29394978006956740124e-01
7.19073969892590203479e-01	-6.53924221208649014692e-01	-2.35192981909690401743e-01
-6.12794088719498142304e-01	7.58395270588590353356e-01	-2.22081107659564014334e-01
1.13773150947480333750e-01	-5.23208619832349008938e-01	8.44575875961781408208e-01
6.07504336746921974610e-02	-9.62207989778203875986e-01	2.65452762681658571697e-01
-2.62934337017574626394e-01	8.76719901420698333183e-01	4.02775059890765008141e-01
2.05336761830006042651e-01	4.68980235797757105676e-01	-8.59007772183842055469e-01
-2.57358486410148468160e-01	-3.65201717037021034162e-01	8.94647592824062143357e-01
1.90510454711042470644e-01	-9.46802139451751623156e-01	-2.59367452421034483390e-01
1.09399953563263888090e-01	7.70888527847585769415e-01	-6.27505002205829054418e-01
-1.75174941766471276017e-01	-1.46626789396917117658e-01	9.73557560911662456249e-01
3.72050855766851651385e-01	7.55736952627087288370e-01	-5.38924687834095195171e-01
-3.66608957431188153819e-01	-2.48514115648493211230e-01	8.96570469430409411338e-01
2.15757525129888744209e-01	-3.66198661091710175874e-01	-9.05178010650095399292e-01
-7.52879708509086170709e-02	6.29099855036978405920e-01	7.73669886862352496060e-01
-2.34155777405717552275e-01	-8.85785733303085742740e-01	-4.00692783294432142149e-01
5.59785683680969814446e-01	7.02392582457763148263e-01	-4.39641499922543255163e-01
-9.19540449895968281524e-01	-2.99704340504442334758e-01	2.54209892191310515841e-01
6.89990045689012343466e-01	6.55320751580261262603e-01	3.07357201637371790781e-01
4.30456153288303944304e-01	-4.38582017120645262231e-01	-7.88893728175488750942e-01
-6.31338040501902786339e-01	-6.70133782252824494741e-01	-3.90298594026088629949e-01
-6.21260784765358398118e-01	2.98394093133223903269e-01	7.24566078764340093521e-01
9.45549635410141919856e-01	5.59708996116213899907e-02	3.20629295873620545620e-01
-9.04456915687013585092e-01	3.05624750762190644515e-01	2.97575535599758966843e-01
-1.13961612152851013424e-01	-4.95569276485855692016e-01	-8.61059721017542911703e-01
-3.96770239442936489827e-01	4.35521425237376691442e-01	8.08018852039727342174e-01
8.94625663649326496873e-01	-1.40153295609553057988e-01	4.24266397054708366277e-01
-4.07627704419418701587e-01	-1.97804045942739398223e-01	-8.91466888896294218370e-01
8.77804673183806699610e-02	-7.39276428976649468972e-01	-6.67656312122411832455e-01
4.41743402192755929558e-01	3.52403190523245368748e-01	8.25030155768991413368e-01
-7.61075872525281971193e-01	1.65896402239652934751e-01	-6.27090025422044061720e-01
-4.50997814576697242384e-01	2.96718265117794810504e-01	-8.41759610810906666600e-01
-2.50832657266232217363e-01	7.18086621053057538866e-01	6.49179930923132753051e-01
5.57510852849837368339e-01	-8.21024815540919883361e-01	1.22881655346294235698e-01
5.35063169846081043701e-01	2.19212139236746456072e-01	8.15875874312700255508e-01
-1.84623564720175437071e-01	-8.92510300821405033744e-01	-4.11508811907716542944e-01
-5.51857995618510455138e-01	3.72181073853547372821e-01	-7.46280108898220939651e-01
2.87192494191068015130e-01	9.57039247104654045017e-01	3.99543587318122103702e-02
2.26114309116825146218e-01	-8.03854145998299962628e-01	5.50173455533765842773e-01
-5.62606756512106676027e-01	-6.74473803538301663885e-01	-4.78078158743425019050e-01
-2.20864297258385022804e-01	9.30074402814875189627e-01	-2.93565269446358190208e-01
5.89104526287867913403e-01	1.90056239175510443933e-03	8.08054605190603347786e-01
-7.04299894714036978094e-01	3.49636080623706324566e-01	-6.17831910337989786974e-01
6.66411535596332149645e-01	2.62520561825321796512e-01	6.97838534220528550200e-01
3.49045310053758106594e-01	-9.22795594078654746184e-01	1.63143075484369098893e-01
3.62762455477514622615e-01	4.54419044112608527808e-01	8.13576507308137353291e-01
-4.16872255017803672317e-01	1.52394760179697164038e-01	-8.96098967785447175771e-01
1.61765710147896701887e-01	-9.41087657924939202658e-01	2.96961066676591778357e-01
-6.19025523086045748045e-01	3.31573016855097268962e-01	-7.11945739689238465964e-01
8.68166999107385040091e-01	3.99190276805179933284e-01	2.94844339550688283591e-01
-1.33968974493423265137e-01	-8.13156241659723111326e-01	5.66417902721139787658e-01
-5.12628191647410247356e-01	-8.56957974232502084355e-01	-5.32481692420718952241e-02
7.31533021899033242263e-01	5.15641386795869127724e-01	4.46064342998295892961e-01
-6.07368466490564418159e-01	2.82836292134539646348e-01	-7.42365932518785132110e-01
7.68028470779997363138e-01	4.35915338246012751267e-01	4.69158913325967763530e-01
-1.86735990212035768421e-01	-8.37508987482297850846e-01	5.13525428626379287778e-01
2.54917923804379720210e-01	-6.76332061225826119966e-01	6.91080165452091277345e-01
5.69570280813966434152e-01	7.14375629056423155916e-01	-4.06518333933094833110e-01
7.46073095203486191807e-01	-1.58522867163800595947e-02	6.65675327482813883329e-01
-8.87352960700933501847e-01	-3.75281167576403396069e-01	-2.67896936148547593071e-01
-2.77300869168684294142e-01	4.56017220397213929317e-01	-8.45666909994408411144e-01
7.82777043541677097771e-01	-1.87529654973003667706e-01	5.93374020841709648444e-01
-9.74202001228971825597e-01	-1.82223016580404156839e-01	-1.33136144715866544530e-01
-1.60488213781626143373e-01	5.27639601231038035678e-01	-8.34170237091886423997e-01
-9.58887151752171318364e-01	-1.21091991819907124350e-01	-2.56655722168230182589e-01
2.90139789498816247360e-01	5.73463931360059575582e-01	-7.66131856783574427538e-01
3.21524271156963636908e-01	-4.38560247044953777085e-01	8.39218119900215331342e-01
-7.12874516542562397525e-01	-5.12277677794074626227e-01	4.78937892109319474088e-01
9.20205778330988932723e-01	3.87034279819841176007e-01	-5.85302637154107990858e-02
-8.53269763325857244496e-01	-7.97973791390441111737e-02	-5.15328137477835790392e-01
7.62853738794453950511e-01	1.86413982663124422334e-01	-6.19115498332092673017e-01
4.68807062648169625696e-01	-4.85096406522641521164e-01	7.38174379391492552216e-01
-9.02366990078451225443e-01	3.24250764976640015735e-01	-2.83893037302467288185e-01
-7.98934248423581738763e-01	5.90691527267321658812e-01	-1.13082210406612870823e-01
-1.89903869134810582286e-01	-6.23184170662853698097e-01	7.58668577128959520373e-01
9.03766257221689794932e-01	-1.56663437528517524022e-01	-3.98325394180745750994e-01
2.48097635879820949123e-01	5.64748420786433946716e-01	-7.87087532800560207846e-01
-6.64791590770429374757e-01	-2.90267637804234091004e-01	6.88329019644291828506e-01
9.29646648708860823263e-01	-1.24032539369543573504e-01	-3.46948177285781811374e-01
8.80043807086844820375e-01	-2.33304475763169066882e-01	-4.13632589621472313013e-01
-8.68584250271469016091e-01	4.90471762749477457888e-01	-7.07025468124766465206e-02
6.09334239741021965742e-01	-5.99235968127997842281e-01	5.19257199065098928870e-01
4.57399888595496462163e-01	-7.89260370138864075784e-01	4.09699170173788262961e-01
-7.63964142529153233951e-01	3.72087020279012470336e-01	5.27171735082204162559e-01
7.69217787932156782382e-01	-3.90647699781782542505e-01	-5.05666262849284398051e-01
-2.18958135838458078926e-01	-4.47619444643990116450e-01	8.67002980114113142029e-01
2.42933428140352930535e-01	1.88963641978186852599e-01	-9.51459978928339111803e-01
1.22225565710006825459e-01	-6.79936549317210037202e-01	7.23012586328532602664e-01
-5.25372644391350118731e-01	-4.04458225366885693042e-01	7.48596772941421018110e-01
7.84558334725802497545e-01	-1.96283113267804926183e-01	-5.88167628196395897433e-01
-4.04794262512384039887e-01	8.88182186181798338787e-01	-2.17425870554486810882e-01
7.74934981251168136795e-02	-9.96077838266732462635e-01	-4.27047756369883027561e-02
-6.24879333349608878656e-01	5.04364930118027854355e-01	5.95937778647725346914e-01
3.75413935230914097563e-01	8.37927971303127461233e-01	-3.96157913138516615259e-01
6.15881409758103681718e-01	-4.33025119438007255468e-01	-6.58163608117366516481e-01
-4.52812192716097572376e-01	-8.11854783167563542889e-01	3.68582323471416617444e-01
8.07080698124106654667e-01	5.31543635422787708045e-01	-2.57064408965984425581e-01
-3.76805936893224946438e-01	-7.79976786987909953552e-01	-4.99653377534902076729e-01
-3.36515078714844706465e-01	4.12771623543715493465e-01	8.46390683192240200761e-01
-7.87365468169755611250e-01	1.52023216216937262502e-01	5.97448375397305664336e-01
8.15179575435748149381e-01	5.78527355174991875231e-01	2.80777332885393804407e-02
3.07986943710040761424e-01	8.04396839966950327749e-01	5.08025359952957833443e-01
2.57983718789976390617e-01	-3.42402167628006681710e-01	-9.03440732114141886733e-01
-6.32314043114429735759e-01	-3.11590445327468490433e-01	7.09288619153665145234e-01
6.32765428685875042092e-01	6.63480021347745863025e-01	-3.99252017568321848628e-01
-6.23335060111393168825e-01	-2.60526082549394633059e-01	7.37278484120750587927e-01
3.37091490447397224006e-01	-3.85174312647839578450e-01	-8.59075128230480711267e-01
-8.86471095812337961384e-01	-3.26095172245117081999e-01	3.28376209442310829090e-01
4.91886701035470830234e-01	2.20208245404889119134e-01	8.42351353058889307235e-01
8.68123727836648373390e-01	-5.64394066933530391683e-02	4.93128569988702858407e-01
-2.49542903154781781083e-01	-1.31766348311192910137e-01	-9.59357060190738630823e-01
-9.49756446488290828611e-01	2.02582795339231902521e-01	2.38585212002917990137e-01
-9.03287195842009005275e-01	4.29011316980715262659e-01	-4.64022955813861263941e-03
6.55418755846991940572e-01	1.54070607547573984464e-01	7.39383866725466409875e-01
7.97298636444663810785e-01	-1.00350567456034503455e-01	5.95184549475817226138e-01
-2.62938030310190029581e-01	-4.59470003618085209851e-01	-8.48381345853263302281e-01
-8.50247623539108654533e-01	5.18681718073586650597e-01	-8.97120616323726638441e-02
-8.02579292311856651310e-01	4.16488580461803648003e-01	-4.27087510818463522710e-01
3.31189211492038892981e-01	6.52507373807356905182e-01	6.81577459514549954811e-01
3.21776094114213540021e-01	-9.04247004532102161001e-01	-2.80708924067834098004e-01
-4.93717841015062774979e-01	-4.89867408191140996099e-01	-7.18521131112731747947e-01
-4.65783558229893174252e-02	8.68554031708235196874e-01	4.93400801349366258108e-01
-7.86645045895015826432e-01	1.42564548637235249950e-01	-6.00720335298123520040e-01
8.16938584940196110828e-01	-5.49016636499257471016e-01	1.76612800450454826562e-01
-6.00023030998915296585e-01	7.55460996737913559329e-01	2.63155932250506319203e-01
-3.35859229400903680496e-01	-7.19492204077158192810e-01	6.07889419465764357930e-01
9.73305497614148085184e-01	2.26168092806094761515e-01	3.90435924388303420840e-02
-7.93778198404589740989e-01	3.17931810170806739002e-01	-5.18493525339591809775e-01
-5.43895161424983064613e-01	-3.55835854151656472144e-01	7.59972958912784268826e-01
5.65930724565793935588e-02	5.20606515208437148345e-01	-8.51919057465233442450e-01
9.72309719245162185075e-01	-7.56088237516698152829e-02	-2.21126921997939984710e-01
-8.87465847327201351469e-01	1.19949127226664994939e-01	4.44990535523368146986e-01
4.12962880625319828098e-01	6.05205014247475303613e-01	-6.80579569158045738497e-01
7.47975722842391443912e-01	-6.63153066058839946173e-01	2.75740641756282919839e-02
9.13014559020511665133e-03	9.98317483750173817469e-01	-5.72611742826076020041e-02
-4.89512018838214824079e-01	-7.62344134208466583935e-01	4.23331317588102218341e-01
7.54801711158768484644e-01	2.50248825463116220114e-01	-6.06341407283162436848e-01
2.38860926802409223590e-01	-9.17024092183414407664e-01	3.19393600440395331042e-01
-7.92551018013760044667e-01	5.20529778783570096223e-01	3.17665914515360081616e-01
-8.87954533622209774002e-01	-2.26424038854049936020e-01	4.00335984953618162496e-01
5.76061836650634373491e-01	7.05631440277159960317e-01	-4.12597904559728168028e-01
-1.85484138521190528026e-01	-9.72762288122723584038e-01	-1.39029367988548591129e-01
6.61509132045490999552e-01	7.45832885412570090189e-01	-7.83516129864687271844e-02
-9.14119719859498802705e-01	-3.11129153782569223274e-01	2.59968820112208731654e-01
7.23108348534576728106e-01	-6.32676173737294011978e-01	-2.77191586208410389869e-01
-9.29783601315748664540e-01	-8.50382606106892396935e-02	3.58149338902957414810e-01
5.46711325497965749953e-01	-4.99672622272750388550e-01	-6.71888381446896776339e-01
-8.34000771872401402973e-01	-3.23381226873518057285e-01	4.47065201756988550574e-01
-1.83525587754711089206e-02	8.76862639005699384676e-01	4.80390566000575613970e-01
-7.30532355643890185526e-01	5.07156545198178321243e-01	4.57290625335832645604e-01
-2.56830004123731914234e-01	-7.56590992112074034459e-01	-6.01338855917918579941e-01
8.29092988258729346462e-01	4.56711527491099888998e-01	3.22520383041067115748e-01
-8.22072846978600946244e-01	2.74599909674947295635e-01	4.98789658941530544833e-01
4.59666682546113758434e-01	-3.63886159878926085387e-01	-8.10119376145033931458e-01
2.40292649644157418898e-01	3.37800146918884880431e-01	9.10027748625595545029e-01
-7.49473415556160316164e-01	2.66935971012241313183e-01	6.05833959723565573796e-01
-2.07296475556769770054e-02	-6.42824285872455436497e-01	-7.65733125315070206618e-01
6.46398484026003639080e-01	5.97867346652402709140e-01	4.74050245918826496094e-01
9.99976113702468971667e-01	-6.23425389439873599284e-03	-2.98430944893263248169e-03
-7.56750924230421673222e-01	-5.41473757148665968408e-01	-3.66243373995639720508e-01
-7.78049741109427261954e-01	5.21203779736133410161e-01	3.50692486871790887193e-01
-6.63428638791252689444e-01	5.30891527354950598649e-01	-5.27272820667169739295e-01
2.32949242178768833877e-01	-9.63621573138975229256e-01	1.31027151192048024742e-01
4.13925426505421745205e-01	8.13420227075077661993e-01	4.08672577349439625216e-01
3.64219585659068700867e-01	8.55314279552895073699e-01	3.68485517510862448098e-01
-7.98637396779531716362e-01	-7.58064886633002948946e-02	-5.97018998643890408395e-01
7.61293474955681892524e-01	-5.62050782940543780519e-01	3.23312793415021282328e-01
-3.53508720772189144466e-01	9.29088233485314773930e-01	1.08750350515057714329e-01
-8.64612068290050439501e-02	-9.95188467125146303260e-01	4.60909385321419950987e-02
5.53349108534104572321e-01	8.02707002065902619492e-01	2.22410055795332156636e-01
-8.62445725096071869054e-01	1.65526619108632339072e-01	-4.78318209594801535545e-01
3.02118548722704494125e-01	-8.79725539844651183152e-01	3.67161213995601753979e-01
3.76755418353611537530e-01	9.10215739666387912976e-01	1.71937959755155966857e-01
-7.57717812849300176303e-01	1.68240791599304967407e-01	-6.30522602396545450709e-01
-3.64007628916807213226e-01	-9.20908441574644132110e-01	-1.39377502944070419399e-01
5.74916817155569415121e-01	6.49307257186225617041e-01	4.97866185954629891786e-01
-6.25554356596602967322e-01	-1.56119914954171851162e-02	-7.80024366712064431972e-01
8.09575942907135637228e-01	4.59404170885207574493e-01	3.65423864080190174963e-01
-5.83892439583157396576e-01	2.52285127314507084950e-01	-7.71635816647679773084e-01
-1.00701632816335862747e-02	-7.58889649740089988761e-01	6.51141375838492297845e-01
3.02070730219217098433e-01	8.07082733613629033087e-01	-5.07317193723592407828e-01
3.10933892409852141725e-01	-5.84849981997401568989e-01	7.49179960429066538197e-01
-1.67331534331006281935e-01	4.84871812452077777245e-01	-8.58428496211459890475e-01
8.65503282339258217526e-01	4.92051367312733911596e-01	-9.37524409582989187717e-02
-3.30909120196660605506e-02	7.86884740467076349013e-01	-6.16212136168842739004e-01
7.65103602931373583118e-01	-1.44804495943197802932e-01	6.27413846465048719026e-01
-7.60559858504462504847e-01	-6.48767338380451419333e-01	-2.54880811835049188308e-02
-2.72932955147749845004e-01	-8.01724766064322080794e-01	5.31737718686030702564e-01
7.10981669416673844886e-01	6.16969219958383163771e-01	-3.37422653918529602546e-01
-9.85653774845603458665e-01	-1.67328427524514489200e-01	-2.20869525916477377203e-02
4.55810638339010365527e-01	-7.74715276554389653541e-01	4.38238408004409607521e-01
3.93163072939556379470e-01	6.54622999257397863992e-01	-6.45671376878342195837e-01
-9.53432955518422664554e-01	5.19902301246943782109e-02	2.97090247741299329221e-01
-3.55129778242412152967e-01	-6.72573640324060861850e-01	6.49251522098127975546e-01
-8.10312566744842310840e-01	5.85991421352281105506e-01	-2.75649721909345486390e-03
-9.12949423731014508832e-01	3.31314165436105423357e-01	2.38231554355390812150e-01
7.14847793056686886537e-01	6.95734403422913150195e-01	-7.03297423267523341694e-02
4.77867778494932948785e-01	-8.53584861383837045778e-01	-2.07449441292700043071e-01
3.27378474506797925714e-02	9.90947082953646196657e-01	1.30200276996461805634e-01
9.61031796031265539426e-01	-8.82863815292255355027e-02	-2.61960687610557574345e-01
-8.43788004595362628457e-01	-5.16179710929751789372e-01	1.46902380257960291088e-01
-7.70617241280462050845e-01	4.83814682558357300746e-01	4.14816128401784445234e-01
7.92182837766781666744e-01	4.83598060497261381108e-02	-6.08364759586386583123e-01
3.41367607692544927644e-01	-9.38164930134979146992e-01	5.75736075220082896275e-02
3.73876798588167469362e-02	-9.04767797391758721304e-01	-4.24260997733282241295e-01
-8.21517135474115089977e-01	9.44224265240724280890e-02	5.62311303009027763089e-01
7.10862005062728896654e-01	6.88060126302920460617e-01	-1.45768557481392807551e-01
-9.26116216004127745798e-01	3.06546577849865942156e-01	2.19858932187736805242e-01
6.71261040732307856516e-01	5.59748977086615528975e-01	4.85890623335608673461e-01
6.43122052639766850213e-02	-7.70831843528055005166e-01	-6.33784039919927377760e-01
-9.36155695730657044784e-01	-1.49885254532644507375e-01	-3.18036041707121408528e-01
1.97991060186703815571e-01	7.71874696432976570293e-01	6.04159741370314362641e-01
-2.26034954017493988632e-01	-5.64239901540649069211e-01	-7.94066453813349393265e-01
-5.70193424428055650743e-01	7.86968569088796199296e-01	2.35711539822172994052e-01
5.06976814760081828659e-01	-8.59435651168462766414e-01	-6.59156339297590626591e-02
6.35010826595374527903e-03	9.68483138864811521351e-01	2.48998164369886143543e-01
-6.79867527885962941170e-01	-6.34588042082745551475e-01	-3.67529810181183802520e-01
4.99829367226601095631e-01	7.55853920681932911485e-01	4.22913057551556281766e-01
-7.45271819161087756278e-01	-1.49067959854822129628e-01	-6.49883573349137599884e-01
6.75521306701583945653e-01	-4.28318017940441830849e-01	6.00178839763412352859e-01
6.87263859816200362030e-02	9.89887090927629165193e-01	-1.24097667523369606379e-01
-5.42816786240413184927e-01	-7.88152572209637747314e-01	-2.90112839245286080470e-01
7.74045145418003066595e-01	-6.94312629229287964217e-02	6.29311856382628098672e-01
-3.09701128878350939733e-01	6.14527765951042859172e-01	-7.25562427118918051860e-01
8.08414081275567908413e-01	1.02124423703100125627e-01	5.79687221938425145673e-01
4.93324921665985349772e-01	6.00356714862715135084e-01	-6.29446055339532573036e-01
-9.73023631888395690304e-01	-1.04163138063863066479e-02	2.30470198059104069976e-01
5.44487941559049115625e-01	-6.92796556220358183964e-01	4.72827466615468205990e-01
-8.89314947218172280330e-01	4.48598522452289594220e-01	-8.87597335956004651614e-02
9.68860558331870014293e-01	9.18614160144982511147e-02	-2.29936292821877857895e-01
5.46792765021654969537e-01	-7.68690900714711577990e-01	3.31861373585987995405e-01
4.19335154538233501054e-01	-5.61796017098290967340e-01	7.13122193835595385991e-01
-9.98402065417038464545e-01	-5.55028572690578619886e-02	1.06183146479345517227e-02
-8.19318142483744571436e-01	5.51952143033557995899e-01	-1.55134178044843556998e-01
9.90120166653801314638e-01	-1.42980163486099865616e-02	-1.39490581452453299427e-01
3.88586158040980400585e-01	-8.45592284501733182367e-01	3.66025253459498489672e-01
4.55559004576756521043e-01	-8.74317973204047249602e-01	1.67433793128513336290e-01
-9.65309837466841957898e-01	6.83360133613518383466e-02	2.52006164542886268443e-01
-6.50882269356472198396e-01	4.39141029104900160185e-01	6.19279765529326953200e-01
7.40533675694121318323e-01	2.76246097587135253093e-01	-6.12615677836302996440e-01
1.77464921701819045019e-01	-9.47235107141429333311e-01	-2.66930427947306370129e-01
-8.16660909212596153317e-01	3.46037852433724923973e-01	4.61868773622022721348e-01
1.40740162978123528603e-01	-9.79802214950418304262e-01	-1.42055714785240122522e-01
3.83440788482696637285e-01	9.12285241911663935532e-01	-1.43905521499158667309e-01
8.69953001126428593359e-01	4.11145984157781474444e-01	-2.72288001098192733451e-01
-9.01628091464503511610e-01	1.76076277023325816762e-01	3.95049274586958598654e-01
3.61872958316149684332e-01	-8.79153373464120591052e-01	-3.10060168299920280166e-01
-9.29222831086024547709e-01	2.21566243874647211820e-01	2.95725091535625372874e-01
3.61974715328570118000e-01	-7.46168230702298318491e-01	-5.58755113581435258752e-01
6.30153064833233633735e-01	6.86843078560270603461e-01	3.62151488075269700762e-01
-9.40535664707710994392e-01	3.29682383876632956188e-01	8.18668991366152815070e-02
9.67201941017957866897e-01	2.42508523127128561292e-01	7.55646842234766469293e-02
2.06552435806984818756e-01	-9.43969734406427174456e-01	-2.57404801405997307739e-01
-2.60485588580658733449e-01	9.23183820503483132391e-01	-2.82628540141261486163e-01
7.32447280132957234677e-01	-2.92814827770075392088e-01	6.14638477858175158453e-01
5.49764523496634516242e-01	7.01653127230047468643e-01	4.53256944516918780508e-01
-9.13243059409660218328e-01	1.17713524113741307975e-01	-3.90039280945916388976e-01
4.59613289398383806361e-01	-8.87311426208054587761e-01	-3.78689467641413063381e-02
1.11470364847085792737e-01	9.93603755193017024183e-01	-1.80536818181956590368e-02
9.63933165117947687861e-01	-2.03200478643747600715e-01	1.71879081521421006595e-01
-5.13151847539224936767e-01	8.12378369827949975424e-01	-2.76977554330243125325e-01
8.23212345837164183315e-01	-1.82534258877913496688e-01	5.37589692978914790444e-01
-5.56891496454656520498e-01	-7.08832909624120932612e-01	-4.32929286847512806435e-01
-7.87317572856416569849e-01	-5.96190216946165474354e-01	1.57124997022005497005e-01
9.66376877610897411230e-01	-1.26155725102941873583e-01	2.24054599244834867777e-01
-8.91221977278288390867e-02	8.89863133463357769415e-01	-4.47438082392342006965e-01
4.64631713444950356084e-01	-5.45329379151177406904e-01	6.97662697222519501139e-01
-9.97502940252237402241e-01	5.53690886869514370394e-02	4.38423106840649320914e-02
2.35511641498334436950e-02	5.84661190571188704723e-01	-8.10935653986842419627e-01
2.28383572029792480951e-01	-9.52223102692685507975e-01	-2.02761206164364965465e-01
-8.70793409472659929449e-01	-7.93810280884136298951e-02	4.85198403128665189943e-01
4.34442258271876546871e-01	8.83216413786273246700e-01	-1.76603201120892505660e-01
-8.01014264461225367064e-01	-4.62314809274100790848e-01	3.80317190323411435937e-01
3.76842156081194645800e-01	8.96172890233413732552e-01	-2.34230954851758765844e-01
-7.44949962872713311590e-01	-5.43875492638387414424e-01	3.86327582918039091897e-01
9.04127045758486791449e-01	-6.79980579189272491686e-03	-4.27209606363461613654e-01
-6.59701481816438617400e-01	-2.71489137024290894118e-01	7.00776428946494167604e-01
4.77729038368143621440e-01	8.17029645690652395196e-01	-3.22858365173423644823e-01
-8.06237280849136483951e-01	5.08248158074578904042e-01	3.02762707054201829493e-01
6.68114617108545139068e-01	7.39773644827326992690e-01	-7.97358942057729558339e-02
3.72385794247091617137e-01	-8.97174446251504775773e-01	-2.37501227862654817891e-01
-8.85117933537755363638e-01	4.27345468358220459404e-01	-1.84233803639687276910e-01
5.44778939795349192998e-01	-8.15820627368801010171e-01	1.94042806398565498283e-01
3.61408426558748552271e-01	9.28461890996769567685e-01	-8.56881915962312973312e-02
4.44139486077944276032e-02	9.93718341826995255062e-01	-1.02719317977053706259e-01
-7.71144512203852050547e-01	-6.36245776668527440734e-01	2.29663442747368475028e-02
3.91067238283508422647e-02	9.99100278463596058742e-01	-1.64102932751955116197e-02
-6.17232450228952456150e-01	-7.84142935114456984813e-01	6.43735946988214513542e-02
9.50589902210389858794e-01	-3.00082435462596774922e-01	-7.95573361952116725471e-02
5.11157826922077007659e-01	8.17436972596327193763e-01	2.65545611541316117776e-01
-8.51326893334410694791e-01	-4.32061083949004276494e-01	-2.97599967107512519693e-01
9.56808193508916771108e-01	-1.75834759058679651611e-01	2.31517209600020090754e-01
7.04427974479650997885e-01	-7.05892340696447462278e-01	7.41433214563975706568e-02
-1.03874287196591558180e-01	9.88473489428117635391e-01	-1.10137610093923837828e-01
-5.84316717977574784371e-01	-8.05994083763025837008e-01	9.45912788311683294662e-02
5.29999830750432221471e-01	-8.24309048942368782775e-01	-1.99034598088474679045e-01
5.74894973363342942640e-01	7.98753160200587064566e-01	1.77451848880581020129e-01
-9.97148724046096446294e-01	-7.53849091902158569001e-02	-3.39670422981889043659e-03
9.95518284855691049096e-01	3.42006132875503285340e-02	8.81683762396618248003e-02
-8.78668105310970504185e-01	4.77384023815729863216e-01	-6.84503577286526589118e-03
5.09437598724578721843e-01	-8.57040304397105767720e-01	-7.71702639923666500188e-02
-6.90957649643200721989e-01	7.22837683960331767175e-01	-9.12189927632101223154e-03
-2.41868927598479777075e-01	-9.68712631205096985632e-01	-5.56350609423522865504e-02
8.20387707630073625964e-01	5.67254224477750201849e-01	7.20184280696205131322e-02
-9.96317446735981882000e-01	-8.42265653213644105435e-02	-1.60446571686578345894e-02
2.65457705141689315198e-01	9.63550145543831337847e-01	-3.32163183295413680374e-02
-7.22450915296487639061e-01	-6.66964563714397939975e-01	-1.82271626251948037911e-01
-2.52345670178565795183e-01	9.63787749505293223073e-01	-8.62254988135924826942e-02
-8.84688890655100035332e-01	4.00967762457923482255e-01	-2.37803322560755758808e-01
1.22720665083646499061e-01	-9.74637049795201604319e-01	1.87142350973619087107e-01
7.75346913448115016010e-01	6.30015656866030338001e-01	4.37885362868585745200e-02
1.68726322592220867591e-01	9.72255888927150868639e-01	-1.62018253635143133495e-01
6.25896030538694359002e-01	-7.69609025323041540112e-01	1.26317485318636429925e-01
-9.91389037748008239426e-01	-1.28746501384506578658e-01	2.39189091374951770530e-02
9.97433698537281032692e-01	4.06330314192574100496e-03	-7.14808127389239683636e-02
-7.55534573270277398649e-01	6.39010991483977996985e-01	1.44334546647582412371e-01
-6.12820105680543680826e-01	-7.87433160251174490973e-01	-6.63365375229627435294e-02
-9.81556470618608623013e-01	1.68826052348822447380e-01	8.96920232520878601967e-02
6.77954707587985483386e-01	7.34509621273882307158e-01	2.95470931799899673431e-02
1.85282171353985086748e-01	-9.75529401664599782329e-01	-1.18376110200749909418e-01
9.16993303021000571995e-01	-3.63908106179640089550e-01	-1.63383513462598384258e-01
-2.10678431968506385541e-01	9.28963057837276839912e-01	3.04371870377187492274e-01
-7.09560902660671621867e-01	-6.81872192274909916243e-01	-1.77689726257826197120e-01
9.88372158214323892622e-01	1.31866519130244552738e-01	-7.57079784384201842640e-02
-3.09766120396531396963e-01	-9.48414689257715215476e-01	6.74872421622992185730e-02
-9.52187019137904822053e-01	-2.26573198009486914684e-01	-2.04949912244492493674e-01
4.52670987519867840110e-01	8.91206179145653476503e-01	-2.89917800487115052965e-02
-6.21246027862255911778e-01	7.83567759626446536103e-01	-8.65672798234871573864e-03
7.09210254199154843668e-01	7.04481718780513244127e-01	2.69503848362860620735e-02
7.77554944094418276634e-01	6.28123613294845672961e-01	2.94794052815374810206e-02
9.37221518200672787380e-01	2.94076572772530131505e-01	1.87442778383134445175e-01
-1.60871383144722296388e-01	-9.56027811196927035375e-01	-2.45216684389779976394e-01
3.41230690693239524514e-01	9.37630954054553100718e-01	6.64063982441694816705e-02
7.14701492501787938316e-01	-6.67822084829390427707e-01	-2.07883235567091817497e-01
-5.20889669604933658320e-01	-8.52237176329229462191e-01	-4.86389492201953488326e-02
-6.91872700409022156620e-01	6.45069396586499532731e-01	-3.24341856713339982132e-01
2.28014081706695737051e-01	-9.70531948225624718773e-01	7.79571421796984298513e-02
-7.12709080504218772667e-01	6.34544891968533919524e-01	-2.98995897368964869134e-01
-6.95042930452843932265e-01	7.16264289868316139653e-01	6.22960021747762104916e-02
9.27393784257204867316e-01	-1.62944248201021518740e-01	3.36734228879846164695e-01
-1.51656918443485000392e-01	-8.43209549879733066824e-01	-5.15749778555302906824e-01
-1.62361336016606738752e-01	-7.76569531319449279927e-01	-6.08751640320741582713e-01
9.04687845648514454844e-01	1.50232331638763011439e-01	3.98710607416243978385e-01
-2.86356717853002975746e-03	-4.74718902714209745053e-01	8.80132810085404559963e-01
-2.91882584388461041591e-01	8.57356917849091515471e-01	-4.23961876053754627147e-01
4.57609633671355764406e-01	-8.62111366782697619016e-01	-2.17617587605498485903e-01
-1.33938925218800297667e-01	4.93684595472633602764e-01	8.59264734819400577415e-01
5.53946586722895650823e-01	-8.09016891345352151532e-01	-1.96557494326611709168e-01
-9.06829570829430942069e-01	-1.55784564469280045751e-01	-3.91652012560164020094e-01
1.53125282420659980520e-01	7.70556199160440713491e-01	6.18704931141661473859e-01
8.55344472383377851799e-01	-5.05189192891109750683e-01	-1.14759369766612384645e-01
-7.61471682295637775084e-01	-9.89219910438623312166e-03	-6.48122690127980738417e-01
5.04914722053799724932e-02	7.93106709498897277655e-01	6.06986291922943732580e-01
7.08526921330335679450e-01	-6.98670396633068957470e-01	9.92435318736002852757e-02
1.23320927653432402260e-01	8.88419040043176178045e-01	-4.42157842960472835525e-01
1.97985501577378791849e-01	-6.33011457018092471571e-01	-7.48397111464886299892e-01
-1.44906882580958656925e-01	9.35538861186578696305e-01	3.22132014227688834307e-01
1.95824014551033792619e-01	3.86396445545639399821e-01	-9.01305021729498778704e-01
-3.72150217273476274782e-02	-9.12192193917019888971e-01	4.08069165111365983467e-01
3.19928185899111594548e-01	9.09340240468336613588e-01	2.65981734207992870367e-01
-8.51976177240849730232e-01	-4.42132813154918591358e-01	-2.80455288675014957622e-01
-8.42525926385964352150e-01	-4.24354662734291954163e-01	-3.31772789093888909040e-01
6.85884985492929200035e-01	-7.19633009943468349157e-01	-1.08120847550637805279e-01
-2.58290346844514739910e-01	-8.32212442212110548034e-01	-4.90620574124541575234e-01
7.46058669838771393312e-02	6.38306417316463092781e-01	-7.66158522907762984389e-01
-2.43208444650236499385e-01	-9.11670746610720339476e-01	3.31219115126323182530e-01
-1.95789876063343665225e-01	-3.53550905705677931401e-01	-9.14695622327884150238e-01
-4.30475740325304168099e-01	-8.58613907723503766434e-01	2.78339351251590150227e-01
1.75439615010937105533e-01	9.36498687207321212078e-01	3.03629956268774814365e-01
1.78658810205116619363e-01	9.41203775727628477732e-01	2.86734166244883292851e-01
-4.36015580661907320437e-01	-8.47994922465272971124e-01	3.01322128117361365263e-01
5.10325846298398055900e-01	4.04609979267088415433e-01	-7.58853276514841246225e-01
-9.35571889410281909427e-01	-3.28328885945246617961e-01	1.30020699887474167067e-01
4.79610758214394916621e-01	-1.62664233500217386696e-01	-8.62272502022881415229e-01
-9.96661802257867157628e-01	1.68961656986171930572e-02	7.98734718463215143114e-02
2.56805681156811849153e-01	4.09696890901130927887e-01	8.75328109746015603498e-01
2.34876005886100053255e-02	1.16222751083931832849e-01	-9.92945418816700398068e-01
-8.17303982790735933373e-02	-9.93166104186002374199e-01	8.33140533952261702622e-02
5.52677624825725702373e-02	9.97075084115035426002e-01	-5.27896871288798738564e-02
2.75457163570021923427e-01	-2.33707629814434089677e-02	-9.61029218325656908739e-01
-1.35157819774453291650e-01	-9.38598369923977216001e-02	-9.86368437630471217581e-01
2.02850205940238198510e-01	9.72265354649962665334e-01	1.16412516927455841897e-01
-4.92960337562967476632e-01	-8.68445422365408670196e-01	-5.28455671023781853313e-02
-2.19063236684378770391e-01	1.02482140094760351690e-01	-9.70313716946721194212e-01
5.83435065269062441695e-02	9.86751780663759014978e-01	1.51383481935928432272e-01
4.71308491503218018881e-01	-7.47182814856081845001e-01	4.68600199552564211647e-01
-6.44989447678260607866e-01	-1.71846463226422191406e-01	-7.44618966626731881853e-01
-5.88220239688835744296e-01	-1.72923807067868362530e-01	-7.89996396554796476153e-01
2.44358596618451689997e-01	8.64151810687247889931e-01	4.39921043307332393368e-01
1.85718595937451158573e-01	-9.77091605944650165583e-01	1.03925919363392058048e-01
7.78713901913161976598e-02	-9.74763200925979789169e-01	-2.09219379384916220888e-01
8.21182638735448056089e-01	-3.37752292659689534737e-01	4.59980937260023647895e-01
-4.96435826266777957549e-01	4.15550954298193664371e-01	-7.62147541346609558310e-01
3.87361194921194678525e-03	-9.79271534413065025682e-01	-2.02514831601905920255e-01
-2.60482243231669741146e-01	-6.32268139538735396421e-01	-7.29647860741894915826e-01
-6.55452612127258360530e-01	7.38531309846550909626e-01	-1.57966381334421285265e-01
6.80565475485540694045e-01	-7.28161444245328470792e-01	8.13114056679469093813e-02
-2.37392887280211156709e-01	8.65073844091067689632e-01	4.41918387644447463458e-01
-2.12436348104689420868e-01	-6.67298202144748553444e-01	-7.13851460332140308473e-01
4.10290627230748217169e-01	7.94642087346669301340e-01	4.47443353089447160009e-01
-6.26353914766184960428e-01	6.68947129909248927593e-02	-7.76663293088411976761e-01
-8.43301768897759984611e-01	1.12407086635729347446e-01	-5.25553777883839834395e-01
5.52959896751188506592e-01	-7.29045400549800937107e-01	4.03395781487728588566e-01
-5.38023117093011760126e-01	8.27976373797694509271e-01	1.58070395414004832846e-01
-1.10380664607847650549e-01	2.14650065456545580123e-01	-9.70433644449856580572e-01
4.46850853643607381915e-01	-7.70415956303515447878e-01	4.54734613671445742078e-01
-5.04366007408821315217e-01	8.50840136245288647387e-01	1.47261648519169674465e-01
1.36083938093851969375e-01	8.52830563992327150835e-01	5.04144018027981810626e-01
-6.35632408351999966811e-01	-7.49486065189731931468e-01	1.85046155158785197159e-01
8.39001115986895751320e-01	-4.55470457366676483024e-03	-5.44110634006531923568e-01
-7.25572278889092925347e-01	-5.45454902035595878829e-01	4.19551925216684884479e-01
-2.98240977012307784122e-01	4.14380597272860973224e-01	-8.59849428815610217214e-01
-2.90403638769304417444e-01	5.15110131647686819711e-01	-8.06428719021991535776e-01
8.71790593935402036152e-01	4.42174893410981206809e-01	2.10861385660690486832e-01
6.84490438576850213082e-01	2.95553244363308376119e-01	6.66424128647210567422e-01
-9.42950178217533796499e-01	9.81387982654446239250e-02	-3.18141065683975376999e-01
2.94297376644331309947e-01	-6.79939388431379021505e-01	-6.71618554061624184470e-01
8.60937030967253158487e-01	-4.44818502882410593546e-01	2.46827729809156182217e-01
7.52840178271674487220e-01	-5.79983365113051929640e-01	3.11208872257867585898e-01
-6.78229657079017611565e-01	7.12871408887879032257e-01	1.78378492674113153793e-01
-4.55505343073196344861e-01	6.04863296195158398061e-02	-8.88175819509250730199e-01
4.52029936109723196047e-01	-7.42738819485952550536e-01	-4.93971641786502935201e-01
3.84007249798689720421e-01	-9.48271986266237404406e-02	9.18447730958421804104e-01
8.57322037920806523381e-01	5.00599112381092115065e-01	-1.19997716555682087947e-01
5.55668201784396242893e-01	-7.19389063631833636236e-01	4.16787985254624571141e-01
-1.70009181356764113580e-02	-5.72646825649342883224e-01	8.19625879201160367771e-01
-3.65426568034888432646e-01	4.96349721104084595780e-01	-7.87464524746442351422e-01
-4.00820143878114043545e-01	-5.13970935029331998933e-01	-7.58404305240023113299e-01
9.14202723021409480175e-01	-3.50678524974432637151e-01	-2.03120538946696654881e-01
-2.63158056218039448915e-01	6.30334040292010899798e-01	7.30360756815899070382e-01
-8.11825647364992852850e-01	5.83370715211601775785e-01	2.48541126157189908030e-02
4.68721233599984216101e-02	-6.29012268749098657494e-01	-7.75981037020130326454e-01
3.50171354077379315406e-01	-3.50593817246330818893e-01	-8.68598870648736864908e-01
-8.03334133349820733727e-01	4.47264419432485405004e-01	-3.93203267159384695084e-01
-6.73077773634102483058e-01	6.96068407354910489993e-01	2.49910149698163275289e-01
2.73319605237529850150e-01	-2.97929839357956915968e-01	9.14622438065534781870e-01
8.10385089251320134274e-01	-4.89627568511217581282e-01	3.21777642593333301768e-01
-2.86823967171528859676e-01	-7.63596008171008033827e-01	-5.78492133188764801055e-01
3.66245978949031603111e-01	6.93092584552399082476e-01	6.20875633393791037662e-01
-7.50762979713107236890e-01	-1.01816305268987536414e-01	-6.52677859493999368290e-01
7.87154746416959372191e-01	-4.48627237194568651013e-01	4.23226898058736922259e-01
9.18742388909858931356e-01	-1.36809176784644798142e-01	3.70399341208530297198e-01
-6.83373451503706097476e-01	7.30046650746875247506e-01	-5.71082421210659940680e-03
-2.93519758741383196554e-01	-9.25243271218891716323e-01	-2.40356069805953975749e-01
-3.98355106121885682580e-01	8.03596607627902304039e-01	-4.42205497066181396626e-01
6.80004635673532753515e-01	-2.44211121710525835837e-01	6.91342623809202749818e-01
-3.66851826343367937167e-01	-3.02499004382882241693e-01	8.79723871368681575866e-01
2.94705123144557434856e-01	-4.83430747815078887264e-01	-8.24283690521233514126e-01
-1.80833083529745364260e-01	8.79677745651311182584e-01	4.39848223489593237456e-01
8.98145289933310608799e-02	-8.76388406665891128711e-01	4.73156116988173891524e-01
-6.86069097348885104104e-01	6.05811035639195694102e-01	-4.02867450609566024600e-01
7.05339950187006570204e-01	-6.93642462839057394319e-01	1.46135856027047900119e-01
8.33566601547931496086e-01	-3.28544709765180298344e-01	4.44100320275887194832e-01
-9.75763063075766767795e-01	-1.97994655348942005801e-01	-9.31909930747102793758e-02
-2.53905584668518591318e-01	7.49747327647909078685e-01	-6.11073562477511211810e-01
4.60500123213368195429e-01	8.13312618558467148588e-01	-3.55615271064168125825e-01
9.87710359376206104010e-01	-9.10882207854959435878e-02	-1.27008590319941244706e-01
-6.21283164285110212077e-01	6.14405472324738077816e-01	4.86326171774968563088e-01
-3.65372852871260977992e-01	-9.26598654483347217159e-01	-8.89809636628327987884e-02
-5.32164527223874750383e-01	-7.50226865852361313181e-01	-3.92378090262355039286e-01
8.45062892767198259314e-01	5.13720803386832902682e-01	-1.48187865345047242727e-01
-3.69312072855669137894e-01	4.38464502834928049335e-01	8.19364065966264099039e-01
4.65811732216376173099e-01	-5.48457008478366203619e-01	6.94416546447836458000e-01
2.85491533946611253381e-01	9.58359989997402461626e-01	-6.38072229371487286559e-03
-6.84234201332327263145e-01	-7.83641016416760510799e-02	-7.25039740497722795531e-01
-2.00439826352404926180e-01	-9.76762204143226453468e-01	7.58911890082362150522e-02
7.85618576317832051359e-01	-9.77423637242521986535e-02	6.10941799910546867736e-01
9.64963986691116049066e-01	-2.61804134024361256916e-01	-1.74097615417880234590e-02
-9.14619715595432203337e-01	-3.38751853486585263742e-01	2.20721447991657548915e-01
2.37671030634523626490e-02	-1.19834108289809213033e-01	-9.92509401115353462330e-01
8.31168854870375839461e-01	2.36979435777210062364e-01	5.02990140770356641831e-01
-9.77120786983527445102e-01	-2.09116844648178756838e-01	-3.87957849396209364379e-02
2.72960247977332259861e-01	9.09825644672312083827e-01	3.12585987083178418189e-01
-9.10200503082334466676e-01	-1.43561497583215097462e-01	-3.88490850085725369922e-01
-8.92450567502301117528e-01	-1.72103769377662807472e-01	-4.17027909294834853160e-01
9.37405362910740613813e-01	-3.40845518011860360019e-01	7.13829001751071362536e-02
3.97848865843945520560e-01	-4.48794297953306109417e-01	8.00187451833184737460e-01
6.39042156461983590354e-01	6.50691306124190127491e-01	-4.10153564410713544763e-01
5.61506077662543234830e-01	6.49620786691666340928e-01	-5.12546347412725644688e-01
-9.77782530834998220293e-01	-2.04278232131329950949e-01	-4.70289939420794819713e-02
-2.11629216580423940020e-01	-7.36993439667704586249e-01	-6.41914125546650837784e-01
-4.60072648831169717099e-01	8.81099570008543442334e-01	-1.09529473331295354455e-01
-8.92996569455354882727e-02	-8.70558150843807720953e-01	4.83894696466927509704e-01
-3.39649743545979931891e-01	3.08751417863208865722e-01	-8.88431546984126629951e-01
4.85898183303762831731e-01	8.10560921836755099434e-01	3.26946398440559116150e-01
-3.62299120698759635761e-01	7.54013228475627239611e-01	5.47908202552824685760e-01
6.66744675984009549374e-01	-7.40900407171092179048e-01	8.07348976632044079693e-02
-4.96243355576014066877e-01	7.34069635944719078857e-02	-8.65074534212224799390e-01
-6.98683740524855156906e-01	7.02488518481075741029e-01	-1.35465538527185236362e-01
1.79010268533917438205e-01	-6.69891614900193999027e-01	7.20555721680027350118e-01
8.40189022331267132415e-01	3.72449396018585288104e-01	-3.94162218077050985343e-01
-9.71317983067924273222e-01	7.01540846974456205887e-02	-2.27199868329898468922e-01
-1.63384738748095281746e-01	8.49156470459741741230e-01	-5.02233726287443560388e-01
-6.15341444412767279992e-01	-7.16144616582235493674e-01	-3.29380926782793514995e-01
7.18392667396749562414e-01	6.39454882894066184429e-02	6.92692536381050216754e-01
6.35404312976165175364e-01	5.42517375287248748705e-01	5.49487266970511534225e-01
-4.03653522913917595094e-01	5.24839249055265355537e-01	-7.49404827906978709962e-01
-7.29755606949325619226e-01	-3.04986850680331600394e-01	-6.11914842962739902177e-01
-8.92803605219092411005e-01	4.17904281018178058726e-01	1.68100370060480897028e-01
9.62472093533453532110e-01	-4.71587475366362363083e-02	2.67251794568543199482e-01
-7.64524912305906911847e-01	-2.89568360622250609016e-01	-5.75892197368732761120e-01
-6.33177916244574146010e-02	-3.60376429526654940005e-01	9.30655514304525866009e-01
3.81556459423163685241e-01	-3.92515536840256584750e-01	-8.36866907943828786109e-01
5.96327847838527214108e-01	-5.69066709877147802743e-01	-5.66176807721641361937e-01
-1.47967594817687370101e-01	9.20322833002965801086e-01	-3.62093184052480865365e-01
-4.26244838630373379385e-01	-2.92758995872664018467e-01	8.55924942898964813409e-01
-5.82660506341679540476e-01	-5.97307971104795942807e-01	-5.51116976697624383341e-01
6.98451866600227844195e-01	-7.04987816659603527825e-01	-1.23114452458608455987e-01
-4.54020442091722931099e-01	8.58033826210482186703e-01	-2.40090381401331376399e-01
8.66344048309022340959e-02	-9.76337089376873246138e-01	-1.98142291817498455986e-01
5.17824575078714266496e-01	8.13095450434919375660e-01	-2.65957699506114086940e-01
4.48232921460968658511e-01	8.08846987792201765899e-01	3.80596634848558323938e-01
2.19531578027403001530e-01	1.20662678722860391978e-01	9.68114871392967590857e-01
-6.60296655445939406626e-02	-7.39468216345230744402e-01	-6.69945400971804660983e-01
-2.81100619832754194949e-01	9.50301757088603982204e-01	1.33824556804620187211e-01
-6.18390245422151485499e-01	6.37908458722503790561e-01	4.58983989543220172180e-01
-1.26853631656657639404e-01	6.31532158462362547269e-01	-7.64902143390503441722e-01
4.96889044102911570100e-01	-7.72047942940745413054e-01	3.96286830025246228359e-01
4.32936754050938898963e-01	3.63412410134796359795e-01	-8.24922534030835707952e-01
-2.59138177942758174410e-01	7.73775947330514690670e-01	-5.78029573694350040647e-01
-9.82105537490591262717e-01	-1.29576998259756187570e-01	-1.36669362888352102781e-01
9.65936064518480241858e-01	1.70906074017087489247e-01	1.94315807711611471253e-01
-3.98175433931136801835e-01	8.89092440608906797728e-01	-2.25767481860981000796e-01
1.79734198737896977427e-01	4.91143583345278023078e-01	8.52334205780107323491e-01
1.56942201724489582837e-01	-9.10697646772207991539e-01	-3.82098078353493186832e-01
-1.29108712223395052932e-02	-5.15810140832514418818e-01	-8.56605631559016700294e-01
-6.78162318689385146264e-01	7.23297693648467965311e-01	-1.30139601477198552093e-01
5.28396054855511443371e-01	-1.03998512474281323836e-01	8.42604247922040916485e-01
2.00588537295573271502e-01	7.50624252953565496149e-01	6.29545446797547647577e-01
-3.19472519411700517367e-01	-8.60487279703961993604e-01	3.96861374800340394042e-01
-4.40842695524288730180e-01	-8.19215295839107793263e-01	3.66802422110490355944e-01
8.39544349857855309871e-02	2.19962317062054463213e-01	-9.71889001850988032416e-01
4.63784110028826468408e-01	8.08864339339499194281e-01	3.61445403663741504641e-01
2.33497809545800211195e-01	9.34164833626022983459e-01	2.69842243827348393648e-01
-7.04753641466149161054e-01	-6.71324700705757893004e-01	2.29445965452712341559e-01
-7.17079209332198264093e-01	-6.59906861753819407035e-01	2.24321959142958049505e-01
-1.79583718048589510707e-02	-1.06377983558890054638e-01	9.94163578842064965535e-01
-9.47073527919852553580e-01	-1.11481802707810412345e-01	3.01037440160623670504e-01
3.52532085123888117018e-01	-1.36785812699840803042e-01	9.25748762031172178766e-01
-5.34055531763849899995e-01	-6.16002656206233734082e-01	5.79072893977343738925e-01
8.93680022373715909900e-01	-8.40548764182431351610e-02	-4.40761608310465680116e-01
9.58891112984074811543e-01	-1.29211957398941180986e-02	-2.83479939573885231230e-01
-7.50783334229824572681e-01	6.60458178762399095163e-01	-1.09260765420399457576e-02
-7.86857798483463821704e-01	-4.18369541705096020801e-02	-6.15714604529965181534e-01
-4.46103020452427612152e-01	5.10879697898090068264e-01	7.34842860357761806789e-01
4.56444385550585252087e-01	-4.89675254947635030245e-01	-7.42884020282653212419e-01
-9.18480019071095443728e-01	3.86055021488681371356e-01	8.57669805375807781100e-02
-5.55297099056049403565e-01	-7.34927865937771929161e-01	-3.89263617164625708167e-01
-7.45721665388895504911e-01	3.64293054835910179445e-01	-5.57843856260811232772e-01
-2.42458301474275217391e-01	-8.01295328069617229794e-01	5.46936714126976308847e-01
8.00831055227771759775e-01	3.31480199932976810073e-02	-5.97972265036847194786e-01
-9.33972663716098605580e-02	-9.74415327812518716755e-01	-2.04430231517582411405e-01
-7.19363897795261442170e-01	-6.83362918222066739737e-01	1.24622247403220448581e-01
-4.84777387271521711942e-02	5.31416290437079608111e-01	8.45722552085490630880e-01
9.38454755038694715674e-02	9.80501388655746652923e-01	1.72655881949052680824e-01
-7.13946691794338228476e-01	-9.70253752979144401536e-02	-6.93445165693884701952e-01
4.34883082711650881258e-01	-8.30755816958190340671e-01	3.47449963248438187247e-01
-3.93801853309277805071e-01	9.08590071408844068834e-01	-1.39227089560364530874e-01
-2.65499252527272466828e-01	1.54091513703162819038e-01	-9.51717369974998228521e-01
4.60397207879610914638e-01	7.90323242023758809616e-01	4.04256829371766546188e-01
-3.51707889027163322915e-01	-3.17078659870503598572e-01	-8.80773912108426371148e-01
1.38147215107823434499e-01	9.54386816672563753627e-01	-2.64690670631896274312e-01
1.71982404599579669080e-01	-4.50309740012365788964e-01	8.76152492753483058685e-01
9.35117801185701424949e-01	3.34230559249142522571e-01	-1.17663210773904777784e-01
-7.65211934865088316826e-01	1.87471242447492358885e-01	-6.15877607967055040739e-01
2.09840589459182852439e-01	-6.50852869246176135576e-01	7.29628309216030057627e-01
-3.56424143794645542638e-01	-9.30400002376638224355e-01	-8.55433533233605908341e-02
8.23149031613740755908e-01	4.80296992579273052115e-01	3.02886894190994182541e-01
-2.99254364100445813257e-01	9.36985996087204675575e-01	-1.80288847972653126783e-01
5.25354318369424588830e-01	-6.93727108503375822224e-01	4.92692134195526210139e-01
-9.84985900435295103073e-01	-1.23805130238011540378e-01	-1.20312367071800263574e-01
-6.51991131678164359542e-01	-5.84320255579339198349e-01	-4.83194994937574173743e-01
-6.57269803561940979542e-01	-3.20844879332827459528e-01	-6.81949388687717150681e-01
4.25369289638997893910e-01	-7.94328435815766065176e-01	4.33708777276288093283e-01
-5.17964586876719645936e-01	7.47668664799649107522e-01	4.15577013823357488409e-01
-4.76495771208871710112e-01	-7.37333655124897568989e-01	-4.78843253100867283223e-01
-4.97947332478529569588e-01	-8.07183429324485501866e-01	-3.17022657709949862159e-01
9.80855084052148162854e-01	1.91576584889942003187e-01	3.49530572476862352871e-02
-8.49174186595884727957e-01	3.39852789896407381232e-01	-4.04231718224641434212e-01
1.40394088520393006680e-01	9.77569292055755822979e-01	-1.56996111856747833091e-01
-3.10032454013185854169e-01	-6.50464885505808720900e-01	6.93379629194914359758e-01
-8.43723541471754989729e-01	2.68320555670449212293e-01	-4.64902855412892612730e-01
-4.34896559095407572726e-02	-4.07411628238197487395e-01	-9.12208537016164111577e-01
1.08110675415678380434e-02	-7.06213838243966662844e-01	7.07916051160966453004e-01
-1.06576358889829053700e-01	-9.92902039700953809032e-01	5.27922274910966396466e-02
1.80566461895713931129e-01	7.09094306312656019742e-01	-6.81601802809702839170e-01
-6.71627515961290999513e-01	-7.36571069858369620320e-01	-7.98720154457254610803e-02
8.18408174370086727301e-01	4.21794792939513829566e-01	-3.90252754984938221572e-01
1.69844343138947251326e-01	7.68494228626552700057e-01	6.16903168796675394070e-01
2.35863197321833611975e-01	-9.53112561883893927295e-01	-1.89591657327642215680e-01
4.81139183869944531136e-01	7.59234221749130355761e-01	-4.38256183379032326908e-01
-7.46227369698102771522e-01	1.18707266942022937606e-01	6.55021600780162249755e-01
-5.62870683299634411156e-01	7.66479192851949986398e-01	-3.09331926588294503500e-01
9.44182231236727731449e-01	-2.92327316583948504380e-01	1.51870517861967646578e-01
1.46215068141981013872e-01	9.27337097343572835939e-01	-3.44480858305120651863e-01
-1.52948527914951948325e-01	-9.29573894040215842338e-01	-3.35408889756307060370e-01
-6.63984378465600211250e-02	-4.63416269183784979013e-01	8.83649596224271638434e-01
2.56714042887377369428e-01	8.86361401333590315232e-01	3.85306847084725290209e-01
-4.16497198130253987181e-01	8.43789887451770082016e-01	-3.38450453957114538728e-01
-2.46157509957108444620e-01	6.95161275155369295931e-01	-6.75394167739163275854e-01
-8.77144279308996632771e-01	-4.78405519644208687691e-01	4.17860269642315387828e-02
-4.30530188358029530793e-01	-2.48204393534168787916e-02	9.02234837890171004204e-01
6.92972255326864128300e-01	-7.10638651067263094063e-01	-1.21581910482192759315e-01
4.60411815702622795321e-01	-8.46746502593250793822e-01	-2.66535776787117151265e-01
-1.84301932336019713699e-01	8.99382566154693363636e-01	-3.96413669585456929223e-01
-5.08660253555710872853e-01	4.37457392052562399343e-01	7.41549577972511864132e-01
7.21139843939187286104e-01	6.78823761230688216273e-01	-1.38403853530117443293e-01
-8.76371410782420312557e-01	-1.90506997591339516385e-01	4.42357586384548917557e-01
-6.70761529515454674177e-03	-9.19393137049704933794e-01	-3.93282681341239115369e-01
7.14839374421245454805e-01	-1.60673051419257778560e-01	-6.80579781748375967076e-01
9.11025248746352711571e-02	9.89877568628964699116e-01	1.08824303750016240788e-01
-5.85950457927388868029e-01	-6.00585244929466854913e-01	-5.44021529378843071711e-01
5.28794087808094337433e-01	7.92406369365672214045e-01	-3.04087090301313645035e-01
3.48764683561308075355e-01	8.86322584492499565556e-01	-3.04623491738435447918e-01
-3.79107257742946790469e-01	-8.39012163505974184474e-01	-3.90302801188573689206e-01
-4.54647262733935408896e-01	-1.18541055027435629499e-01	8.82747916883139582822e-01
-8.70253314002409794625e-01	-2.66301908293794624416e-02	-4.91884135141817446790e-01
9.91808429590611329019e-01	1.27733727292573623346e-01	3.65930255285993992227e-04
-4.34708717377148834426e-01	1.45182394125608960067e-01	-8.88791541067009971400e-01
-2.49475759650060358030e-01	-2.44282547422430523776e-01	9.37063435617799256327e-01
8.15744392061167666874e-01	5.50971236138433351215e-01	-1.76044834541780159665e-01
-7.79744200137732712541e-01	-2.03527441255394375696e-01	5.92094218015679851774e-01
-5.27659029819038893905e-01	-7.48887815234496989625e-01	-4.00927659863637431137e-01
5.02070675910365582517e-01	-6.82499612449614240228e-02	-8.62129328570238273599e-01
3.59050580107155070664e-01	8.35719458304348017386e-01	4.15518553058949025036e-01
-5.20227227620388643636e-01	5.21184569725524404760e-01	-6.76557666368820642688e-01
5.64636740155108785011e-01	6.69601650728058328532e-01	-4.82513192575365457149e-01
4.40559077801181697698e-01	-1.75591544458211734625e-01	8.80383614387360236009e-01
-8.98809069295938511956e-01	3.37189473670907857022e-03	-4.38327374546985837345e-01
9.54814705589668522023e-01	1.68136490826537310372e-01	-2.45069374753868834960e-01
2.24586728407230734605e-01	4.38328784485588762720e-01	8.70303784959437720659e-01
-8.87375709586282090946e-01	3.16639517209372112205e-01	-3.35117540838521188462e-01
3.24100127255654513192e-01	-9.29574447397503389467e-01	-1.75642973837540017357e-01
4.87487726835378165635e-01	-2.04971908943201025499e-01	-8.48729776035373917331e-01
-4.23552826102948309916e-01	9.02121504649793681807e-01	8.23395066089045446489e-02
-3.09222105371197222845e-02	-7.07665886078022943195e-01	7.05870250525480580350e-01
-2.20299168910522813469e-01	4.85074866806014581844e-01	-8.46268662878674748917e-01
4.50097785703943931157e-01	6.66433647846296661754e-01	5.94372085753263501573e-01
-1.18543224074443648286e-01	-9.26373573576452669087e-01	3.57462594134308031535e-01
-1.60767338102584450565e-01	-7.01223787333568049362e-01	-6.94578334730486690596e-01
1.86139906064423404919e-01	9.75632471098535125620e-01	1.16160306079545957991e-01
4.89845817281293838263e-01	-6.18577037699706178131e-01	6.14339908945103152504e-01
-7.70598185957571540916e-02	9.73473419648775872837e-01	-2.15432786723161823206e-01
-6.80180494913894650999e-01	-1.65083116998664514163e-01	-7.14214294746817857096e-01
6.07927862678510955163e-01	7.81937608713670129212e-01	-1.37830656453072325496e-01
6.50712772248839277367e-01	-4.02167228168432866475e-01	-6.44076399675962196767e-01
-7.84377016277711169856e-01	-3.42486762132971411798e-01	5.17161013707480465840e-01
9.87017710344750387463e-01	6.49431925408411325762e-02	-1.46895953682903118720e-01
-6.32178423492899987934e-01	7.74807870775195639546e-01	4.81707949271508503036e-03
5.29280199983853782975e-01	-8.24358002263609002114e-01	2.00739517806044376336e-01
3.78808948220387409211e-01	9.25086493164250955878e-01	2.68097167689614543362e-02
-8.68692443492349086753e-01	4.92041510487343070057e-01	-5.71715888936623825578e-02
-8.85159171112330500630e-03	-7.34504385399956105651e-01	-6.78546208560929398068e-01
-8.31046784717512587726e-01	-1.54419174179794057439e-02	-5.55988119294954508121e-01
1.99217326627811504303e-02	7.80338697413905602041e-01	6.25039712247215439866e-01
-9.63800447106773372496e-01	1.16278175152172841278e-01	-2.39933499411950718061e-01
-5.18734676405799288723e-01	8.01768442215939902695e-01	-2.96785613803626946439e-01
-3.90177400667544166390e-02	7.05592464632524563051e-01	-7.07542853694306472789e-01
-5.32834192544512696976e-01	-7.77467786386723314074e-01	3.34113101189351002773e-01
9.73671093481819904802e-01	1.90586009272865120057e-01	1.25066281576453136593e-01
3.87747120749032503362e-01	-2.04227886007031955717e-01	8.98856574169613509184e-01
-3.66881236573824154323e-01	-7.36254931445501692444e-01	-5.68618355465457359088e-01
-1.81406427835035993779e-01	7.61358774298633078637e-01	-6.22434353758382297173e-01
2.05383280188658229326e-01	-9.60436910656674358577e-01	1.88092128668932934143e-01
6.50930362592822442380e-01	5.65652942538260039562e-01	5.06286886708104066912e-01
-1.73563750539005606788e-01	-6.40368165491314700333e-01	7.48200666348354692659e-01
-1.91113845532860676668e-01	-9.80913472531020791401e-01	-3.58365379574536735419e-02
-3.21533490447958536507e-01	1.96684177705427093441e-01	9.26245943991493403402e-01
8.31952686279875841535e-01	4.31340715860875578702e-01	3.48998445028521286915e-01
-8.85727065745863240132e-01	3.21511195809811245461e-01	3.34840433601093778737e-01
-8.03268859284092195949e-01	5.95490769374364292688e-01	-1.22426832990496121945e-02
-1.97122510157887342874e-01	9.39784053846360434292e-01	2.79192851135473929514e-01
9.43174477667601762754e-01	-3.31325968333659515164e-01	-2.53969955744693491606e-02
-6.73975217134901938287e-01	-6.86703833394641915966e-01	-2.72388053866291279803e-01
-8.96900492376072611123e-01	4.00791968664786335541e-01	-1.86909883712347957285e-01
2.81389517239324482567e-01	-9.26573034183779897788e-01	2.49564324195753972635e-01
5.32497944394245581456e-01	2.45480716115458547089e-01	8.10052564486616888395e-01
3.83265040537383527841e-01	8.66106718356591143149e-01	3.20884809736226794818e-01
-6.80656800393567018581e-01	-1.68553825144541064018e-01	-7.12948755596876981855e-01
-7.80964319722985744754e-01	-4.27570779853067434173e-02	6.23110394393940780766e-01
-1.60288151587895555394e-01	-3.09364873633916737106e-01	-9.37337230361627415931e-01
-7.50523629383105017610e-01	-3.54293787499786461126e-01	-5.57844238006155124232e-01
-3.59136993098142620617e-01	-7.24626955118145565926e-02	-9.30467505046568943428e-01
8.14300920128313676649e-01	-2.84917996954452190650e-01	5.05703219773856016417e-01
-7.60677004127682909740e-01	5.10679688432791101249e-01	4.00720290493906006191e-01
-8.04623764218720394226e-01	4.27624340979978312394e-01	-4.11968470948853471292e-01
8.13407241290164062519e-01	-3.86834537074384698929e-01	-4.34428015605774764385e-01
5.75604016093060888437e-01	7.52975792287045142537e-01	-3.18916090668432516964e-01
-3.75026049412768514024e-01	8.32934103913109180617e-01	4.06910605416370640963e-01
4.91305529723285616672e-01	-8.19804734381150979061e-01	-2.94175243604169134315e-01
3.24754786708358056391e-01	9.45744577674508035692e-01	1.00758279697145698012e-02
1.16137846270419189953e-01	1.10261186629074858789e-01	9.87093952664495288829e-01
-3.95146151392676725500e-01	9.13974098280196933786e-01	-9.22543587721295771376e-02
2.94015003460357249310e-01	-6.77744572618198648506e-01	-6.73956580223668000329e-01
1.99250099693606186335e-01	9.60892232122604550426e-01	1.92316187614372691161e-01
-1.86341440641854955151e-01	-3.80295999072588486456e-01	-9.05898350031006494021e-01
5.44296200215110617671e-02	-3.72387189823138009537e-01	-9.26480003734532875370e-01
1.35186464304263911917e-02	-3.73750010436172563910e-01	9.27430954787282213481e-01
2.69414106949696419147e-01	-3.02453805906098383005e-01	9.14296305510097551128e-01
2.89006568525979681827e-02	-5.76494789456175604769e-01	-8.16589560160652649934e-01
-4.98729405894339616889e-01	8.42263708352836371063e-01	2.04599182031618448407e-01
7.46400720019079200185e-01	4.98267097459734520370e-01	4.41152881373398364495e-01
-9.27231116203835137313e-01	3.21154976906359468369e-01	1.92618633448754822401e-01
1.41089608514607389722e-01	-5.54319877021184570509e-01	-8.20258005939846768229e-01
6.69249170148261462998e-01	2.93316310515581324392e-01	6.82693994584242958013e-01
-9.91363692182184896851e-01	-3.05861974450771824385e-02	-1.27524563707377913691e-01
2.41586716703393655781e-01	8.13296924556149436469e-01	5.29324069753098536140e-01
-9.48475379915429961386e-01	1.57456319763026597602e-01	-2.74958107829109843490e-01
1.45107806355520813080e-01	4.50066069459263640162e-01	8.81126697845535766795e-01
3.70590757604115306201e-01	9.17125058277376115079e-01	1.46779146536990201533e-01
3.17952268453693509542e-01	-8.08462518715152511639e-01	-4.95272360240203768367e-01
-9.92016259734921246327e-01	-7.20637234954088490291e-02	-1.03491836284388086242e-01
1.00324033418055999500e-01	9.32571953655791707760e-01	-3.46763088539355279760e-01
-1.51304922207426917335e-01	-8.86361291798858697000e-01	-4.37573400604359064037e-01
-1.41323341993933981886e-01	-3.71740512728640781770e-01	9.17516596146311091964e-01
-7.71667210719652330031e-02	-8.09491597328646728116e-01	5.82038358712995473887e-01
-5.69580135322393710240e-01	-5.78589886459242253025e-01	5.83791240712983494632e-01
7.51045150170017578040e-02	7.23663378759159980902e-01	-6.86054390020891524671e-01
-1.43397857367610018914e-02	7.85905995078188257530e-01	6.18179696726758098890e-01
2.52687506546287604658e-02	-9.08499330204910360287e-01	-4.17121633648488143731e-01
-6.37675869988218235740e-01	2.57972703359758359642e-01	7.25823373250012560121e-01
-6.38444683928422351826e-01	5.15643410693732207051e-01	-5.71402011347240446071e-01
5.72385294919520948298e-01	-3.43194112528613537449e-01	-7.44709926941752531349e-01
-4.55354016775471104328e-01	6.05535339421001544968e-02	-8.88248832779175101493e-01
-3.51324441818161026241e-01	6.22230099219320598181e-01	6.99571897810848386534e-01
-7.71830067592486290806e-01	6.18230117582513824526e-02	-6.32816135996323358981e-01
3.95216800357790276621e-01	-7.25345151527920006806e-01	5.63629392304809906378e-01
6.28347648486227705611e-01	7.39174689723096967064e-01	2.42487135152756383416e-01
2.32794854887578506197e-01	9.72375720768512419312e-01	-1.70883936573100192469e-02
-5.11253327179118977064e-01	2.71754000298662090618e-01	8.15334163867769912137e-01
-2.84819246404576786880e-01	-3.03840120061367700843e-02	-9.58099581824321644419e-01
4.13601853183718171092e-01	6.39605267381160302875e-01	6.47949542002514533579e-01
4.28974735000834550558e-01	2.64991065621510590855e-01	8.63574207507229685277e-01
-5.30258845954723612159e-01	6.44538810837986142488e-01	-5.50813287430794717991e-01
-5.99371604546955372150e-01	6.07839214009090134105e-01	-5.20850429178684404263e-01
2.86138181642788536063e-01	-9.44561292615471281842e-01	-1.61024549366699382125e-01
7.31430699555321139904e-01	-5.02053107846406443393e-01	4.61467017943620660958e-01
-4.46200419143849946746e-01	8.82714789596773630187e-01	-1.47376342005683447223e-01
3.75900985178697855105e-01	-9.26541452189838188325e-01	-1.48117087343109226499e-02
6.31469141235845299320e-01	5.32686877660342950058e-01	5.63463764616092266380e-01
-6.62066833657051767581e-01	2.95726881204062874708e-01	-6.88631337875821425420e-01
9.76170783842960965160e-01	-2.16967253447070712591e-01	3.97639322174221480910e-03
-3.16360833904878527290e-02	-2.04890557762075486981e-01	9.78273488124693946233e-01
-9.83488891255638431055e-01	1.80968453786697069940e-01	-1.39681090403078746968e-04
1.48304638661795523680e-01	7.45769083789899034365e-01	6.49487650240224922982e-01
-9.11237070494568701662e-01	-1.65860128672373985381e-01	-3.77011165714305984675e-01
-8.69489933446773943793e-01	-7.59203646495152095763e-02	-4.88081298418828135599e-01
7.18374110496810103221e-01	-6.86442991388603651615e-01	-1.12847937249123494996e-01
8.96338508508687792364e-02	6.14907918038828493756e-01	7.83488369482787883058e-01
9.95131662952547624279e-01	-6.43299019875130939639e-02	-7.46634924147961120955e-02
-7.51054366090271652290e-01	-2.79093933683987327488e-01	-5.98350996788288402861e-01
4.96756597495470908488e-01	1.42799070769251079671e-01	-8.56061509607902504371e-01
-7.05967002806597077047e-01	-2.54644885299815937341e-02	-7.07786797540174816845e-01
-9.76534126482588193952e-01	-2.12556446855948072416e-01	-3.46533795590398402409e-02
7.60109683935830393597e-02	7.44405391837122953902e-01	-6.63387477487847432300e-01
4.59601645801896649401e-02	6.36186276937879768845e-01	7.70165361664416403542e-01
-2.33164152018565884461e-01	-6.18111413284153421444e-01	-7.50714831997696507848e-01
1.62772044782978353439e-01	9.84906082422754569627e-01	5.88665460497735798517e-02
-8.74135917029250641974e-01	2.46475006970210686053e-01	4.18493093728517229213e-01
3.96260662340486735644e-01	-8.64850603809035667346e-01	3.08238415147471800370e-01
4.47861464369052941770e-01	-7.84834886554262922687e-01	4.28315665812686485747e-01
9.08500558279317305121e-01	-3.76464363988279829276e-02	-4.16184431992161207869e-01
-5.30233008416406526031e-01	5.19313543372346919647e-01	6.70198776823521469304e-01
-8.02185535957298911924e-01	-5.76281377367076186324e-01	-1.56199039692332009022e-01
4.38849470775836913994e-01	-7.31389205513989115737e-01	-5.21997099663766173094e-01
8.74076223820622777438e-01	3.19263844220531056717e-01	3.66143896200672946950e-01
9.16285996681253545049e-01	-3.50466396362244414497e-01	-1.93889858699994616087e-01
2.07806862714192297492e-01	-1.03042245597470993879e-01	9.72727404482425006549e-01
-1.63680645601615382123e-01	8.37706012183209280941e-01	-5.21015626836223932905e-01
-1.28944418838370628011e-01	-5.72387093941034375000e-01	-8.09781669056648945038e-01
-3.57381601129788256666e-02	-7.24122739394358561071e-01	6.88744540598144494581e-01
-6.91297198827911518748e-02	-9.19297994550727803897e-01	3.87443259128271377811e-01
-6.06149740883748955333e-01	2.81349683210575796100e-01	-7.43925296910834199515e-01
-5.30941104089280080380e-01	2.72618104945957617780e-01	-8.02359590734809668966e-01
6.27116269390359915015e-01	5.32121508111441543498e-01	5.68833794065650266703e-01
8.60435563497610883532e-02	-8.65098528744497552445e-01	4.94167018299270122128e-01
1.10198945939080555911e-01	-6.23590348192088250734e-01	7.73945262893691920958e-01
-6.31943102122423883138e-01	7.37280114398417230070e-01	-2.38884801928763990109e-01
3.22548063386648209416e-01	-9.45845861399204346220e-01	3.65835110332519627963e-02
1.01049978410999233280e-01	9.44022087692473421683e-01	3.14024202589355649895e-01
-7.18143050367083701779e-01	5.13235074550831615880e-01	-4.69957782636124199449e-01
-8.77709231046921480035e-03	-7.32444452034384130279e-01	-6.80770216251140203312e-01
-8.31302679455844906187e-01	4.19284673810807639871e-01	3.64878359781581951271e-01
3.25811545018446113708e-01	7.05333144462380712270e-01	-6.29564923145741639487e-01
-4.35627459787093884724e-01	7.67007789120970562280e-01	-4.71092101087679848703e-01
-8.83179567516664598692e-01	-3.35186183692562811309e-01	3.28091563108063977161e-01
5.68904425692229875899e-01	-5.70706886451787021031e-01	5.92149815658420175524e-01
7.74601294846568033670e-01	-6.17292149011480106857e-01	-1.37634431705183329919e-01
-4.56074301925070146879e-01	8.78197710671143882966e-02	-8.85598057209521782873e-01
-7.86385950986818627051e-01	3.96531236593468283669e-01	4.73666670239960840849e-01
8.21921117842961401756e-01	-2.94029094181999350877e-01	4.87844819402942553310e-01
7.29348442781561079329e-01	-5.19299279737212349239e-01	-4.45397695409983529480e-01
-8.95882654598663785706e-01	3.46442326925047838770e-01	-2.78158198340457907261e-01
9.64517391972034343617e-01	2.63555585135007597319e-01	-1.56414234521259805366e-02
3.91355176839131180255e-01	-8.40451694603267074335e-01	-3.74809384353845864712e-01
-3.68244782659469083175e-01	7.91402934227548926494e-01	4.87931527716857160737e-01
-2.50209399576025004475e-01	-8.32164317580610712888e-01	-4.94871503432357251473e-01
8.73831168932637680768e-01	-4.67465268817341572660e-01	-1.33773355535960897233e-01
2.06809507986013378644e-02	5.90533084060121060688e-01	8.06748396282575774840e-01
-4.51212778929062970773e-03	-6.95211318117242682568e-01	-7.18791251939322806130e-01
-2.97387255909258074738e-01	4.63002657260047800758e-01	-8.34978658046357624656e-01
8.75059515359362660725e-01	1.17219229619711193258e-01	4.69606746955789300380e-01
-4.18963245020836150267e-01	-6.75377280916970024194e-01	6.06906358298222925463e-01
-9.47959981390403716439e-01	-3.07541606795453392742e-01	-8.24016612209746979190e-02
3.63728312540744169734e-01	-7.37306689550907279340e-01	5.69280739354270259867e-01
-9.01896329169939670045e-01	1.38045615209311106630e-01	-4.09299913939974557842e-01
9.61700928031510526850e-01	-2.00660474050423476289e-01	1.86726268042797710622e-01
-4.00291868690540730835e-01	-2.52270292578354149438e-01	8.80980203717805721020e-01
-1.09944819809170216129e-01	8.85559881494399347979e-01	-4.51326747362434110844e-01
5.76655587766811583705e-01	-4.16477675144319825495e-01	-7.02861778163882955361e-01
3.09312652711302094044e-01	-9.38491106570598310199e-01	1.53493080497432710096e-01
-8.73295648545925451423e-01	-3.81529679107934005522e-01	-3.02968338594230501837e-01
7.74285267358496454015e-01	-1.92702308917605008576e-01	6.02783663422795101816e-01
4.55036601508572613461e-01	8.53440268073023644568e-01	-2.54128707782048990360e-01
-2.52326662094274734027e-01	-8.90472281724099645750e-01	3.78669210627741836817e-01
-6.26723277196870154349e-01	3.94937010953861411533e-01	-6.71746001996621155961e-01
7.29983434094999661390e-01	-5.40888010626348059162e-01	-4.17808982559665476053e-01
-4.98915237957864521334e-01	2.69266961544070260182e-01	8.23758999194710850311e-01
-1.60396602594337189807e-01	3.10757867696502765309e-01	-9.36857768042149152699e-01
-2.26804591501014063404e-01	-6.36346485167181619147e-01	7.37307824513908194319e-01
-8.53845196444954823711e-01	5.19934877978912135532e-01	-2.48214256022907080179e-02
4.19104605388146922440e-01	-7.10150366932125409747e-01	-5.65718822462726089739e-01
7.55823543051367563450e-01	-6.20674017349664638998e-02	6.51826978124676714721e-01
-2.53922014442711618809e-01	-5.08586471758499691909e-01	-8.22717090697401287613e-01
7.15476709298613400279e-01	-6.88595140557571760986e-01	1.18024619684731976732e-01
-3.38879965867052657114e-01	9.29030811705849668414e-01	1.48533227377295351523e-01
-8.74755861745346141589e-01	-1.18311005638035038334e-01	-4.69898593621085269856e-01
9.82564647959099479735e-01	1.50626166244115761161e-01	1.08988396738418341636e-01
-3.58315006777130296012e-01	-9.30118977144219760689e-01	8.05546043035143682909e-02
2.06498201536989445248e-01	9.72550942182732636176e-01	-1.07252774423172700380e-01
9.09724074833885953950e-01	-2.94077316392637566622e-01	-2.93122226470349578342e-01
-1.60646517105891367683e-01	6.65367806772804049054e-01	7.29025636210479999200e-01
6.75439730408212590795e-01	6.75676007058791161519e-01	2.95369436589450085062e-01
1.33935538072867399428e-02	-9.45395601161532428414e-01	3.25649765884816644324e-01
-6.66559455511736009825e-01	1.56399812973605528699e-01	-7.28860474144207737268e-01
-8.99354635855319356486e-02	-1.81780096963539888888e-01	9.79217855605983844569e-01
-6.58200100283114153399e-01	2.55274079116239505094e-01	-7.08242735591869232437e-01
9.64651909222353998175e-01	-2.62949009708073222491e-01	-1.74502815796994392716e-02
7.09214853738511896708e-01	-5.64046702965950497166e-01	-4.22925062049888500493e-01
6.69659152079926323076e-01	5.99060919346504960892e-01	4.38956301865361553372e-01
8.00170593357956427827e-02	9.00462654168007303745e-01	4.27509390147116419278e-01
-8.11940267165270346261e-01	-5.62679268503628815523e-01	-1.55386754106681901355e-01
9.19752588339486254476e-01	3.26516082735927692937e-01	-2.17812818625535475903e-01
-6.65406522033024638851e-01	-3.11281967252208413566e-01	6.78481906390663525031e-01
-8.55427939922612345924e-01	-2.06017730567492562965e-01	-4.75183895235913700272e-01
6.87992086511149736339e-01	-7.05215622702138125732e-03	7.25683922924150626166e-01
4.44103645447743444752e-01	1.04681164168573731521e-01	-8.89839202310359511650e-01
-2.66335977501039600224e-01	1.94276937385628484245e-01	-9.44098309864299323202e-01
5.95773759562680305102e-01	-6.77310776410056991637e-01	4.31629169050651018136e-01
3.86419941203712674627e-02	-4.22904757332973113559e-01	-9.05349856417694720534e-01
6.59327553873466865042e-01	-6.64478855452228178713e-01	3.51788327492723429391e-01
1.79904377010731225672e-01	-6.18581018919132974432e-01	7.64847656834580336138e-01
8.65850056816548696581e-01	1.69192602634748945345e-01	-4.70826446075896798416e-01
-8.97236949644018677574e-01	3.73212656527714570220e-01	-2.35962219859499278130e-01
8.42492891049032022188e-01	-3.63066095486530349135e-01	3.97980827226650901718e-01
2.62088047763211984265e-01	2.29036388475194724323e-01	9.37471166476019024394e-01
-8.16483478711334087485e-01	-4.42265371222735459433e-01	3.71155049014094018389e-01
5.43023940442852737220e-01	-1.19396928666458887469e-01	-8.31185522931513598444e-01
4.88657958753243970573e-01	8.11162278240382228489e-01	3.21292946867785478293e-01
4.24335872306697114986e-01	-3.84866896257437973716e-01	-8.19644154276037650853e-01
4.92732325632459000619e-01	-4.20260364742499670232e-01	-7.61968556505666860801e-01
-8.69302426080217349735e-01	-2.91151782503683953518e-01	3.99429507618022483495e-01
4.58421707224716812323e-01	-8.72993174514350434023e-01	-1.66530644616937950619e-01
-1.33260615665525578022e-01	8.18322587691596048387e-01	-5.59097264155509199313e-01
-4.75610068581707901014e-01	2.96748003110244684688e-01	8.28091592345789551111e-01
-6.80486185652494079967e-02	5.97112723445693549529e-01	7.99265776203778255393e-01
7.36981689726900812687e-01	-3.56943423958704653121e-01	-5.73976812336455366470e-01
-6.76776304367932901584e-01	-5.16951365138908713881e-01	-5.24151810000787476973e-01
9.63294805816215182759e-01	1.95686837953455872174e-01	-1.83765553190139790951e-01
-1.04496568264388314698e-04	2.27616951867420203026e-01	9.73750744442874238693e-01
-9.79517268180491784690e-01	-7.30252884700056670297e-02	-1.87651881365732381424e-01
6.56774620056319591299e-01	8.16801714230868114441e-02	-7.49650217132078244830e-01
7.55002816454921343858e-02	-5.50540037153288031035e-01	-8.31387620164449892002e-01
8.39854324254584616583e-01	-4.27188120740361942929e-01	3.34895541220233239343e-01
-6.68721246197287344515e-01	5.94103536142926325070e-01	-4.47049083688600856767e-01
5.18925462744758259070e-01	-7.92348828668394067343e-01	-3.20779827643451476149e-01
-8.85826958661912744475e-01	-2.73721599102466850439e-01	3.74682646372332395224e-01
4.50172889990012703443e-01	8.92922528782707281003e-01	-5.80747021819940940218e-03
3.04194498195240248251e-01	-9.32585541902049230956e-01	-1.94293371742339848751e-01
-3.45003506262397896531e-01	8.45240133718744846014e-01	-4.08095205825515616738e-01
-2.40914870771971656449e-01	3.43437643045919172025e-01	9.07750301779067569896e-01
-5.49206020980636866469e-01	8.23004872670910492261e-01	1.45036981761737709951e-01
3.84869751243349447756e-02	-4.62598504577507674274e-01	-8.85732113174425017554e-01
8.24327793538790820627e-01	3.44406828672089604382e-01	4.49296811877741342212e-01
-4.92276915321367636302e-01	1.12869851296968221055e-01	8.63089702933524383077e-01
-2.64982220731767470490e-01	-2.34616661349579064266e-01	-9.35275063771742964924e-01
9.67630602645936255257e-01	-2.51510802423619894697e-01	2.08166540848687756093e-02
-2.63385491553001560572e-01	5.58471174743759624093e-01	7.86599027344751400292e-01
-2.57193964432304522649e-01	5.83855279058311360529e-01	7.70041737683962002059e-01
-8.33262618484306605282e-01	-5.17422475322386610230e-02	-5.50450859257199720531e-01
-6.60761463267605098082e-01	6.20016934897083538125e-01	4.23052347944410711555e-01
-4.11419275321274924284e-01	-6.64874964189328676589e-01	6.23438418681713901748e-01
-2.12846182858066751420e-01	-9.76372481436482697603e-01	3.73266652182572822305e-02
9.55579806112821339426e-01	1.04761035016202250225e-01	-2.75485679649081827147e-01
6.59354970676844343025e-01	-6.64385522759750046795e-01	3.51913199228149953246e-01
-2.52673273912299545252e-01	-1.70933823509455240508e-01	-9.52332843406588747115e-01
-4.37956946003062674855e-01	7.63047908720977940966e-01	4.75343667722851470625e-01
-3.53491399688425300685e-01	-1.75463646317350237258e-02	-9.35273198287285500996e-01
-4.88090198945455466806e-01	6.56728039174428235292e-01	5.74870629146677081245e-01
-5.24892379736202757678e-02	-8.22038055262492295405e-01	-5.67008214752844907913e-01
9.41490864294949103552e-01	-1.32547090224990393725e-01	-3.09880979284044066890e-01
-9.22445678078153252777e-01	3.59663400583334513794e-01	-1.40485619462519722989e-01
4.40443788879980424600e-01	-8.69969817099922160253e-01	-2.21724572774817385579e-01
-9.12820411751933263877e-02	-1.11934047429111102612e-01	9.89514203023396654579e-01
-3.89262424755324021319e-01	6.84775176805069829555e-01	-6.16082560948766899678e-01
7.34916837150147994606e-01	-6.69967954779824070854e-01	-1.05072270563466949045e-01
-7.00358004135030687287e-01	-6.70455429182429285540e-01	-2.44924852809592946690e-01
-8.99138235617734760119e-01	6.83228193314367737710e-02	-4.32299000240378483717e-01
-2.05050510975945260439e-01	6.28973649864562278644e-01	7.49897616828160473723e-01
4.09954914601630859838e-01	-9.02155400105863147786e-01	-1.34359971917976689371e-01
3.03669279824805571355e-01	7.91031080231873962028e-01	-5.31088315252631448793e-01
3.44567681725949814808e-01	7.55686027125071269062e-01	-5.56966552961603356131e-01
-8.16984619363976038997e-01	-1.83699069024900324409e-01	5.46617584570862624638e-01
-2.51053130173472138775e-01	-9.43045137237811803566e-01	-2.18261757901420494488e-01
7.48012644795809311660e-01	6.49064184820794531916e-01	-1.38537963058851409937e-01
3.42477548699335165860e-01	-8.95491313886271789180e-01	-2.84261209789751501109e-01
-7.34544839593228471308e-01	1.41987176333996351074e-01	6.63538635185365044400e-01
3.01221373976562692421e-02	-8.90068824354869891913e-01	4.54829797561831228325e-01
1.41540808240732285395e-01	7.15552411773032193132e-01	-6.84069401163622581308e-01
4.70289060557524618567e-01	-8.67970862420067490461e-01	-1.59545546818723238403e-01
-6.07892881797227890850e-01	3.28549354198105270086e-01	7.22856532180673805321e-01
2.50871585312984535232e-01	1.56998636755252496400e-01	9.55204101613651102021e-01
4.11787377126249076742e-01	-5.83580403950731296803e-01	-6.99903613481303366051e-01
-9.86944193638973121807e-01	-9.83422780591610284917e-02	-1.27553733729953322484e-01
-2.45625737571417368521e-01	-8.04680004646361024534e-01	5.40516500363152241349e-01
9.73001727062925980682e-01	2.24051897345592221367e-01	-5.53930178669063064123e-02
8.31704561570622336042e-01	-5.67351353751465864450e-02	-5.52312091734902033124e-01
-9.01724885613881421698e-01	3.62708586502185015288e-01	-2.35233313844403241211e-01
9.86611133362449432838e-01	1.34866017211022176658e-01	9.17040289567433580808e-02
1.53531753746068116984e-01	-9.37309022586522821996e-01	3.12857470375175639177e-01
7.48621688262586348905e-01	-6.14837791603464189905e-01	-2.48072686684871257512e-01
-3.08534313518364189388e-01	-9.22506522295339359552e-02	-9.46729314294734169977e-01
1.95026956189776112804e-01	-5.28668897820985458913e-02	9.79372032643427314902e-01
-7.07266389374262560708e-01	5.76362578698215610729e-01	-4.09365890540281107679e-01
6.50552083573576189757e-01	-6.28434838001769802140e-01	-4.26440665208851821255e-01
-2.76476012373004786937e-01	2.41610128140747254522e-01	-9.30153514513670898189e-01
-5.31036814849542015970e-01	2.05795130521094271625e-01	8.21978263415924392810e-01
5.29888044828541793230e-01	-8.46532585569498285949e-01	5.10023677568507208258e-02
-9.80415109695025432934e-01	-9.75695624505838049467e-02	-1.71074232907509282686e-01
-4.84848513667504699143e-01	-8.41023513060238259165e-01	-2.40002852637685809567e-01
-4.17276966168051877126e-01	7.72799381676020913368e-01	4.78185162031138755179e-01
-6.05597252271992125827e-01	2.07134288958099072042e-01	-7.68340649958360377703e-01
1.35571372699791470318e-01	-6.06347453980026651621e-01	7.83558018245128939938e-01
8.42645996788437656733e-01	4.93533129718933816221e-01	2.15343386167893002803e-01
6.71039273238689282230e-01	-7.21701262427859924209e-01	-1.69863420374502360755e-01
-8.15566874838581479246e-01	4.86117957180036142084e-01	-3.13910822325606075900e-01
-2.86774333597296260390e-01	-6.32432822896301538584e-01	-7.19575712564870961785e-01
6.72058721618405741083e-01	1.98090415589187128498e-02	7.40232852938284113797e-01
-3.33081639043100175002e-02	-3.37466265351939603834e-02	9.98875233157183517463e-01
7.31403968281119976069e-01	-6.80598684871379089323e-01	-4.28213186856686786608e-02
-3.82616046992812763872e-01	6.11453920222500224568e-01	-6.92624764232502854178e-01
-2.52756540911927951587e-01	3.43674888658615673709e-01	9.04434465249818408950e-01
7.91481026536282494810e-01	1.75953487093863797375e-01	-5.85318849015288189541e-01
-2.39262268487121870786e-01	-9.55147562799584348703e-01	-1.74489828231935789615e-01
-1.83650379860234608254e-01	-6.41618077442263290422e-01	7.44713891824562046473e-01
3.45661732559605194837e-01	4.78676781720222821459e-01	8.07085190847820044269e-01
-3.16789169419938065886e-01	-9.03070456248864728011e-01	2.90014436172914003009e-01
-3.34047817459615647984e-01	3.04035447248409751442e-01	-8.92174031491012820005e-01
6.93632098721097656302e-01	5.14243696270545225246e-01	5.04408497618520246242e-01
-2.49078475281455075097e-01	-8.01069223118104023484e-01	5.44286701035789466374e-01
-9.10829713243422323110e-01	-4.12162315683940849720e-01	-2.26154593797376589348e-02
-4.14256593475252066217e-02	9.56571076715796664303e-01	-2.88540620950333837058e-01
8.34861530741290436275e-01	-2.89403367130042277200e-01	4.68243436240277977056e-01
-8.72655224463565137860e-01	-4.86397062293344728534e-01	4.34828357958504177483e-02
7.44608389634432099591e-01	-6.10326777040217982595e-01	2.70295340902720171439e-01
3.72909691609066451523e-01	6.67137962903513792590e-01	-6.44876189944225575168e-01
4.20559901401339253368e-01	8.93442003838330833787e-01	-1.57768042108165945647e-01
5.19784988500526901056e-01	-1.13947328392000071795e-01	-8.46663789282282253090e-01
3.95844559934460549222e-01	-3.66857235068131892763e-01	8.41856789156242846239e-01
-4.13793327371769048550e-01	-6.48689354022647379772e-01	-6.38730932553199903801e-01
-1.00894814215286010572e-01	9.08669712325749334703e-01	-4.05141444888452162409e-01
3.47573670857760030906e-01	8.40269924709897364501e-01	4.16099743997139615015e-01
-6.78980793621799971760e-01	7.12185435403382971487e-01	1.78261009455248781164e-01
-4.14416310454902181437e-01	6.78280857365446854246e-01	-6.06790079154677974849e-01
9.27679684498607382004e-01	-1.42915207386777098897e-01	-3.44942961177871543210e-01
5.27197301403340978787e-01	-6.48681535726206459636e-01	5.48885480406364201222e-01
-8.16198871663141756194e-01	3.28220019416898933784e-01	4.75490295116298866684e-01
4.71973067916375554898e-01	-2.83057364643507280988e-01	8.34937094326678619360e-01
2.34059389640429549306e-01	9.69622588758901837735e-01	-7.10509499558940882391e-02
-5.68217995210647863757e-01	-5.41484138957480265475e-01	-6.19615394560422805270e-01
-4.50885240376661111661e-01	-8.60793887207564112352e-01	-2.36085543302786166064e-01
6.88172102057544310405e-01	-1.36057582982287789131e-01	7.12676288410606928458e-01
2.70785874503806311964e-01	1.02633860372788904280e-01	9.57152705096834477416e-01
6.74490968203544594139e-01	-3.49003795791739512833e-01	-6.50583034158440542960e-01
-8.58965200361466840739e-01	1.84188555382903074165e-01	-4.77758684519647924827e-01
-4.62099441465934790418e-01	5.20590159947938890816e-01	7.17948460240880104166e-01
-1.82119883388381836875e-01	-1.83884490378204007444e-01	9.65929004778793398600e-01
6.62182737860915637818e-01	-2.86233845964092625813e-01	-6.92520185340200766788e-01
-1.25535402489592440300e-01	8.22768304513253112553e-01	-5.54340310468364516616e-01
4.98524789555761405069e-01	-8.46313073079859146119e-01	-1.87689148680760753418e-01
-6.57805811456412592442e-01	-3.63906841806821701457e-01	6.59441676648022667706e-01
1.05291290332062081880e-01	7.95180634941495934065e-01	-5.97161202686719017052e-01
8.83458929103120405024e-01	-3.02186460483136798416e-01	-3.58027462198978907448e-01
3.89281729542871768324e-01	-8.63491208968993895212e-01	3.20690921414023943914e-01
6.37310075988312463302e-01	-5.96534594199878975829e-01	-4.87834341725300324466e-01
-8.58358852732558075260e-02	8.05027527079071991700e-01	-5.86994788259921795870e-01
9.44020987531283051197e-01	-3.29097877493250090541e-01	2.27807403281585010846e-02
-4.31930811795238955852e-01	-7.84579840053335364480e-01	-4.44826087818361304294e-01
-8.06794055481408034503e-01	-2.98326752154746521750e-01	-5.09984804664475599445e-01
-3.14487499689368843470e-01	9.30667332604595332057e-01	1.86965046363690240439e-01
-6.12827298713644608164e-01	2.40630819618701419227e-01	7.52688189492148995718e-01
-6.91758851593796797452e-01	-7.13110535162793546249e-01	1.13767551970962541019e-01
-3.49920627671897632727e-01	-7.96075755808301033234e-01	-4.93780260180525509828e-01
7.59172429807626225617e-01	5.51678677667321260003e-01	-3.45409696486969841622e-01
-9.76708781101949807812e-01	-1.07347426732122080972e-01	1.85786132131371323206e-01
8.72810868291649555317e-01	3.82325389424480743816e-01	3.03361969919427987286e-01
5.74879252362262449516e-01	-3.27588541660260135213e-01	-7.49799701637917648256e-01
-4.94102549047676364857e-01	-6.26388812448859466642e-01	-6.02909385118108986923e-01
6.64022562820273276607e-01	4.53444042958782489450e-01	5.94527153266181662694e-01
-9.76707938215028437234e-01	-1.71171108652182685228e-01	1.29391093165375392626e-01
1.62894649807077934733e-01	-4.05110266819655173709e-01	-8.99639374850577211440e-01
9.68621794935305091556e-01	1.92156002336219461357e-01	-1.57632132328629714912e-01
3.81182367866644555843e-01	7.02392170709178809140e-01	-6.01119988815898453893e-01
-7.25942265128771246907e-01	2.83889035628958008584e-01	6.26430238054780486046e-01
5.04347561325045656844e-01	1.75417831160676829239e-01	-8.45495193301749936587e-01
-4.63862935264207520980e-01	8.68410783040303835278e-01	1.75196715686682047419e-01
5.80765098228022025317e-01	-6.98455145945624633619e-01	4.18177366415582285608e-01
-6.07845372853234450217e-02	9.97939337329642572882e-01	-2.05504023581787147179e-02
-1.83255597044081286473e-01	-9.82876090211222797066e-01	1.92867167531802774505e-02
6.22821460554818573385e-01	6.56882704198678557539e-01	-4.24968870856435587680e-01
8.54301081455073552107e-01	-2.29821042434048161685e-01	4.66210200102077698681e-01
5.83087536023432773113e-01	4.27245308332269424501e-01	6.90992309539104843097e-01
-8.26451956647582197668e-01	4.20852098070599645041e-01	-3.73979511341139492231e-01
8.12051168334647188729e-01	-5.10681476921905574962e-01	2.82448807990396399958e-01
3.30779909148138206998e-01	9.04255469582546211882e-01	2.70012402370702564447e-01
-8.71036571385065183648e-01	-2.65266989273133080296e-01	4.13435261814612986520e-01
2.20410168071850307014e-02	-7.56824381934248280324e-01	6.53246544949109275713e-01
3.12319481145758248708e-01	-1.28584379776890290331e-02	-9.49890100100858170151e-01
-5.64439334132170955627e-01	6.78706254319059176794e-01	4.69857487364651882356e-01
7.22274664935981136615e-01	5.83521957667986534979e-01	-3.71243091936990454727e-01
-6.86420977714572000394e-01	-1.82153614174131339709e-01	7.04021521117552784297e-01
-2.85665757653009388939e-01	-8.51900237254388126296e-01	-4.38931726661960064373e-01
2.86463264341369983068e-01	-5.10238418820722849922e-01	-8.10922656078996717532e-01
1.02596104575786370439e-01	8.80357608222542831200e-01	4.63081548942039178396e-01
-2.87205038808688528640e-01	-7.84840821143696798501e-01	5.49124895765423559624e-01
1.90916019249950830172e-01	-2.02080490754322689151e-01	-9.60580318791845910731e-01
-4.62943560348316740516e-01	-1.26836369779536106694e-01	8.77266091464370512121e-01
6.22514745237713953974e-03	7.46472622824775666750e-01	-6.65387008373545363327e-01
5.42398263864791729816e-01	-5.99597054869438927938e-01	-5.88461974258621900447e-01
-9.89550080200422010890e-01	-1.40583224446028581811e-01	-3.20467748719894252041e-02
4.47861702831849173290e-01	-3.85022413933630135857e-03	-8.94094553674628533813e-01
3.70520813700709827909e-01	3.35364573763934581407e-01	-8.66166802226163823342e-01
6.02988895735357743888e-01	1.19498802505057857837e-01	7.88748646794218521983e-01
-2.69256522459249914014e-01	-8.03191509435419170870e-01	5.31398460934922489685e-01
3.97661815786976235998e-01	9.17121946369494844831e-01	2.74301978198231849460e-02
-3.51333543090227629069e-01	-5.72994512010537304647e-01	-7.40433677452257188456e-01
7.06125150305270121720e-02	4.41423321430249981923e-01	8.94516251399911532793e-01
-1.05687936497374061762e-03	2.68530973299253072906e-01	-9.63270470524745014984e-01
-5.58682528674033160310e-02	-7.46351180908735090114e-01	6.63203327100882811251e-01
4.94802100584167070529e-01	-6.69856649094919931464e-01	-5.53590959934156745526e-01
-6.80330184640964397147e-01	-6.75774419609494914063e-01	-2.83689572716096904959e-01
7.22358116878619616053e-01	5.24412521286775512586e-01	4.50766301421503201574e-01
-4.37356401050144838472e-01	-8.95654842482893398525e-01	-8.07575482379709885805e-02
-6.77063667370246591304e-01	2.82195458595885573239e-01	-6.79669414844459307545e-01
3.86703802905180749061e-01	-7.03269732681188419754e-01	-5.96549957600535529778e-01
3.25714544239949777005e-01	7.80805916335636784886e-01	-5.33153033083211713716e-01
3.03841672744480650881e-01	6.01843927276276419169e-02	-9.50819686783904716165e-01
1.92255941269668356730e-01	-9.46779994088096987781e-01	-2.58157502004216443670e-01
1.60461462424740436417e-01	-4.07765904664015577108e-01	-8.98876568873641534907e-01
1.96353016961217069491e-01	-9.45181114384905929349e-01	-2.60917906132053623036e-01
-9.31653595002288614779e-01	1.80182743299871578335e-01	3.15524575803920681594e-01
6.61100058350135855179e-01	5.89872184315758385509e-01	4.63678249457533775413e-01
1.69108512434136104563e-01	2.13753946320519611080e-01	9.62139055155084244042e-01
-9.28311817699560282158e-02	5.83345327885362752163e-01	-8.06901852845506861733e-01
3.58263420996671244634e-01	-1.29931473842332056989e-01	9.24535090345910748333e-01
-7.84335175693092301330e-01	-1.84206909421616542299e-02	-6.20063714722688397174e-01
-6.59658120936096437070e-01	2.61864866637161963769e-01	7.04469981691313695826e-01
9.34267374897900793052e-01	2.04179486015821143319e-01	2.92327230499829338051e-01
-3.02898662970094600944e-01	-4.07892126291577117314e-01	-8.61322479260970719217e-01
-7.77404598176453576208e-01	-1.95436182472118580300e-01	-5.97868538488881773318e-01
-5.04565725940002818284e-01	3.57991943185813343842e-01	7.85655902301181430225e-01
8.82053636588166045662e-01	-1.54993524617954379213e-02	-4.70893992587351373214e-01
1.76526113385572752668e-01	-9.34053797728173429427e-01	3.10454560672830781609e-01
-8.25302919410436874870e-01	5.19645668456291009996e-01	2.21005589221685561085e-01
-4.90960930691253308322e-02	9.98194025094109038676e-01	-3.46159199179950499703e-02
8.06821877685049537732e-01	-5.10047705691024977348e-01	-2.98143917610426301135e-01
-4.86505463125533110791e-01	8.61650749485741718203e-01	1.44465983053693514115e-01
8.47621187125377817395e-01	-1.75178795621603822230e-01	-5.00849990217360097056e-01
-3.39681966925859724071e-01	-8.62158807549905259471e-01	3.75896730378843080267e-01
-7.56957345944408777072e-01	-5.95583238253530756340e-03	6.53437146542364843960e-01
5.00753510745966190498e-01	8.07929454053410434078e-01	-3.10637922264084986868e-01
7.15943718415048335757e-01	1.77635215190187850665e-01	6.75181695831847616951e-01
-1.87819786801187403602e-02	-2.58833394186412546478e-01	-9.65739359936624186531e-01
-9.92695753931927771241e-01	3.56006523150368750508e-02	1.15272432438400296295e-01
4.14950789256557428519e-01	-8.91059514197856228357e-01	1.83926030384065963830e-01
-8.71523577923055681183e-01	1.44832288328920172349e-01	-4.68476532370196596666e-01
-8.17972642711057407183e-01	1.59953280532257047231e-01	-5.52571899234170160753e-01
4.97975618558331223351e-01	7.44323605924450126814e-01	4.44974890286037483289e-01
8.08937262295605252760e-01	-4.92256159203320775575e-01	3.21409986459796015446e-01
-9.82919790189126563185e-01	1.62335438847043073141e-01	8.66942405751454509000e-02
-1.59228716972347750236e-01	6.86764584066657857164e-01	-7.09225367399594852635e-01
8.97772692197647104173e-01	-1.69598342152501219138e-01	-4.06497964919028509367e-01
6.37441095895071363486e-01	-5.96389578562636635262e-01	4.87840465568377512628e-01
1.85081014888989953127e-01	1.08202766856323989719e-01	-9.76748268067211600219e-01
1.64209040968113090253e-02	-2.55346951236644248429e-01	-9.66710033258574408244e-01
-7.89657980710810170066e-01	3.99625913957745881877e-01	4.65552792272973081644e-01
-4.17762869813453119328e-01	7.69174147775928407356e-01	-4.83575552523493434887e-01
4.52509788299196691330e-01	8.54531250453853030713e-01	-2.54973005416632814146e-01
-4.86449049432118918457e-01	8.55469685988178074609e-01	-1.77592056865941733124e-01
-5.86670769288581861467e-01	1.34094106192522793952e-01	-7.98646466934382570635e-01
6.05020674644574305012e-02	-7.13659251100766112152e-02	9.95613581951205195431e-01
7.62551709199159377661e-01	4.73300514269222039054e-01	-4.41023257878686625322e-01
8.77610766740821168774e-01	1.82856791344912034125e-01	-4.43128351563777944655e-01
-8.55730089903523172268e-01	-2.09553258422948501805e-01	-4.73089257030883059141e-01
4.10801298247084001325e-01	-5.88060787407711060837e-01	-6.96725773652685509418e-01
-7.38290455205554252416e-01	6.72943968932738667554e-01	4.55370006635105531445e-02
7.62785128811539037130e-01	-5.54609306641237642665e-01	3.32516712739208686322e-01
4.54564934593546909891e-01	-7.06835604824068708396e-01	5.41990911354570115144e-01
-1.83506162974016728828e-01	-3.66104968067580138769e-01	-9.12300740165648327284e-01
-1.80072154427782155084e-01	-5.23243292812716531692e-01	-8.32940859681071787968e-01
4.46824311749453806364e-01	8.24466859368144122655e-01	3.47278608948572597992e-01
7.54066800710448736922e-01	-1.80344527482258792928e-01	6.31552936398453779177e-01
-6.92497418402165498819e-01	-6.86580540787577686679e-01	-2.21482474516999677805e-01
7.94608823446114054256e-01	-3.94370503558460927529e-01	4.61593678059641798761e-01
3.03509735642578208636e-02	-9.57503335537833066837e-01	2.86820816604418715734e-01
-4.25740203000813721701e-01	-1.34360601983600336240e-01	8.94814231102428525588e-01
-7.64023897986344513455e-01	4.75430621736211367345e-01	4.36157319348502103828e-01
1.99461152451667400598e-01	-3.28663955515028249899e-01	-9.23144221131166675676e-01
1.32997727744221888591e-01	-7.52886188739768091871e-01	-6.44572719884870859453e-01
7.93268407427236144080e-01	5.69639757883348973877e-01	-2.15025068344265296583e-01
9.54108275336773337116e-01	2.09845948199445825333e-01	2.13640064028644438565e-01
-7.85103127825521274197e-01	3.32826315619682067126e-01	-5.22340619050070786855e-01
-3.82265661110098076136e-01	6.91548189125102963359e-01	-6.12889930129261073510e-01
-5.56996279954053985506e-01	-7.40120647468203940456e-01	3.76797785700223597516e-01
-8.27351845244497785536e-01	-5.60447466216196787947e-01	-3.72499903673719906516e-02
8.39928189191858964868e-01	-4.04005604819032859698e-01	-3.62353568046034302252e-01
-6.22854354051358138911e-01	7.01097194053537209335e-01	3.47152960709717239851e-01
4.88765892283954339614e-01	1.89285609005431842977e-01	-8.51633055231719282574e-01
-6.02155541235885771734e-01	-7.17702925521139345477e-01	-3.49730202952669544381e-01
8.30160040996293258075e-01	4.18559899775179877768e-01	3.68295963368082734934e-01
7.48003482061162655592e-02	6.02626556720098016662e-01	-7.94510000594028098497e-01
6.82208291431836921781e-01	7.25434424557905410680e-01	-9.13057652505820105393e-02
-6.71948475719163162978e-01	5.20954285721153320665e-01	-5.26395173009267081099e-01
-2.11297669410702049220e-01	9.73252230504229487451e-01	-9.01853132175511745805e-02
6.89149376358633158901e-01	2.31808424884093755569e-01	6.86540596918538081894e-01
9.25598983809602482431e-01	-3.78465426874593058315e-01	5.51741164527334935347e-03
-6.85984400154242002223e-01	3.75963926833705164299e-01	6.22957886590100984314e-01
5.47042040924751171715e-01	-2.94870134705310760204e-01	-7.83451727370458095301e-01
-8.45751882028076940045e-01	-3.41409270486854876658e-01	4.10053001539556316590e-01
-1.33046772280642044972e-01	8.95190428609146437999e-01	4.25361790611563705955e-01
-6.72008288213867377436e-01	-7.21145118638163107327e-01	1.68388177839827568594e-01
-4.48462199850839959847e-01	-7.11102761997480237177e-02	8.90968565059251038640e-01
3.97291606622093618206e-01	-8.31662571464646172004e-01	-3.87939101577100542428e-01
3.40385544573703485716e-02	1.63642769980972713206e-01	9.85932259662603449613e-01
7.83999957220396392898e-01	-2.52802105991613235147e-01	-5.66952522072723286151e-01
3.74415258957261409822e-01	9.75555155269292317843e-02	9.22115033632052938373e-01
7.37556745717213857461e-02	-8.01418218348820099450e-01	-5.93539332957027654381e-01
-4.37026385344222945140e-01	8.95795884672413222916e-01	-8.09794512017167067430e-02
-3.25201812261295575279e-01	5.68861954085730509023e-02	9.43932064331912901167e-01
9.36019549966264574614e-01	2.79979715879649759813e-01	-2.13257498758899488589e-01
8.93962493111952860581e-01	1.52510271616650289195e-01	4.21392546161506176272e-01
-8.90846950991704522593e-01	8.82049239972072240956e-02	4.45658615188162132714e-01
-1.48745893076974639024e-01	-4.50662536356050302810e-01	-8.80214711089212009654e-01
6.08087063538624184034e-01	3.15236399574350234509e-01	7.28598747967887927501e-01
1.17037024743325196452e-01	6.69448045701080740599e-01	-7.33581385359684645664e-01
-6.27717866978797278676e-01	-5.79144069775715308879e-01	5.20156155321851665363e-01
1.87023499141922344702e-01	-9.66803199115236155947e-01	1.74108543584904101875e-01
1.82571802937859378746e-01	3.47542595198817527713e-01	9.19718261912032541971e-01
8.77200684038054068203e-01	-4.08990039462998611342e-01	2.51487788059827799270e-01
5.16366625920772648328e-01	-7.42736037877657184758e-01	-4.26273017763259709501e-01
-8.86972101741610896575e-01	3.74187345676396998506e-01	-2.70673827821830803586e-01
-8.86656235347856425122e-01	1.05235564805198786309e-01	-4.50295676438157044252e-01
1.17355123345214834574e-02	-2.48223082066439337812e-01	-9.68631807902096575447e-01
-7.70677253262255890220e-01	1.39913596032888137843e-01	-6.21675765129452662094e-01
-6.67430336647960920082e-01	-6.59821959607926111779e-01	-3.45212582825634828332e-01
5.04233402357939342053e-01	-3.46870849775559264572e-01	-7.90840874969495954971e-01
-1.04950641170359154630e-01	7.77143807483483661791e-01	6.20510165434865812450e-01
-3.01839572465320893357e-01	-8.63592778879279210358e-01	-4.03856886485195964998e-01
-1.65362830484675815690e-01	-9.85091317661096366187e-01	4.74365909696434148723e-02
-2.10960898155744619453e-01	4.80642026771313013445e-01	8.51163169756825266354e-01
5.17855493852836912261e-01	3.61292108415696866519e-01	-7.75431299267043128154e-01
1.17740130467280781912e-01	-9.65495732971726750016e-01	2.32282696925397380561e-01
5.50959681503487508358e-01	5.86571716390102637639e-01	-5.93613553491448509014e-01
-2.93968153556301403651e-01	4.74881071566137236140e-01	8.29500266764813143361e-01
6.22360975702369145779e-01	6.84819116627846335987e-01	-3.79064101998397073867e-01
-2.45912173287503893482e-01	-8.99053356492627742114e-01	-3.62257181030765373908e-01
-6.67417074374430763228e-01	6.29077652330568559691e-01	3.98516945902850860950e-01
5.13124093769289468803e-01	-8.54155983342902436206e-01	8.43873243619241431013e-02
4.78745490877844737110e-01	1.04250999897041812803e-01	-8.71742211886403106647e-01
-2.29811759882483340744e-01	9.06411682266649809669e-01	-3.54407134903147180705e-01
2.83849695298014140232e-02	8.58490131200843054060e-01	5.12043931841352217837e-01
-2.71373072637726253653e-01	-9.51994955845075430112e-01	1.41641305743389039895e-01
3.84898727752290614745e-01	6.87602451035618789099e-01	-6.15675108076067290064e-01
-6.95226176786946648001e-01	6.63256005720611496734e-01	-2.77041574471676099733e-01
1.08393597978752198596e-01	-9.61126340593887795727e-01	2.53942878092343171659e-01
4.45253356614738804442e-01	8.83735910022150128462e-01	-1.44084314762678217248e-01
-7.44231388457473941322e-01	6.64815779195060851947e-01	-6.43398800739073128963e-02
1.22263507177995264796e-01	-9.92301793065455517429e-01	-1.97176644564785140401e-02
5.37742565756383128495e-01	8.38106471706207667438e-01	9.17086422204246853873e-02
-2.38092854572835826987e-01	2.18324954960245967706e-02	-9.70996979779944813238e-01
6.84753246003917404039e-01	1.85196650210508684253e-01	7.04851184887920201305e-01
-9.92733744628139014310e-01	2.64434257424174465334e-02	1.17390193421759728154e-01
5.73309603208420837106e-01	6.01325276204612624298e-01	5.56528535716228400787e-01
-5.36230838309723290003e-01	-7.85034930809945796781e-01	3.10123597060712019591e-01
6.99895215313095397924e-01	6.09502481499843873358e-01	-3.72361937672701148738e-01
-8.60071397630116779576e-02	8.93654397167975345084e-01	4.40436817639179856165e-01
-3.65169025471972719110e-01	-8.97389355009708733490e-01	2.47677064644889227685e-01
-9.29322697322166740852e-02	7.91352755469327817650e-01	6.04255252069455184305e-01
-6.03489163344814616430e-01	-7.97371032948182123512e-01	-5.15306243561950002782e-04
7.82739457532085736169e-01	1.05407072413624514073e-01	-6.13358207499960950138e-01
-2.72311883601620563500e-01	-9.06746167424603011220e-01	-3.21959043839633973771e-01
-8.74467386428884774219e-01	-1.32368594979464321293e-01	-4.66674774479399034899e-01
4.40407488747282638286e-01	8.13120011798516229007e-01	3.80627232693737993507e-01
-7.16084119324461310097e-02	-5.23007404566559919168e-01	8.49314717939742225283e-01
-4.56972392505166982724e-02	-3.13363468108639964260e-01	-9.48533130248915612448e-01
1.31078109141023579909e-01	8.23394155992293708124e-01	-5.52123711845228015704e-01
5.62505413598971104605e-01	-6.19830916880930171686e-01	-5.47172088241346332715e-01
6.15758688752673921663e-01	4.94996760050524231556e-02	-7.86378419910530479520e-01
-6.80125400834615700951e-01	-6.64576481469665636403e-01	3.09463308676412529596e-01
8.90423094991140140486e-02	2.96576422517393856193e-01	-9.50849037821382081503e-01
-7.36027226509525456244e-01	-6.67969459398397469307e-01	1.09912343018009409090e-01
8.63636444780770284879e-01	-1.86301486498790636048e-01	4.68426992577042289323e-01
-8.44401495923180700487e-01	-4.26873985848857717684e-01	3.23673776954828407160e-01
-9.33923552994741057454e-01	-1.31642418553179180174e-01	-3.32350824881101569730e-01
5.01183845526043780794e-01	-8.54670297072308460251e-01	-1.35474854810989614462e-01
-4.32873456425632796574e-01	-7.61707633406683681798e-01	-4.82101702892776318166e-01
1.40664597603588847896e-01	-9.09287705543501134642e-01	-3.91675043280084067554e-01
6.97921888581592098078e-01	-2.85004382896214158993e-01	-6.57021718947442323611e-01
-8.30311137493863982151e-01	-4.98417671570308029594e-01	-2.49325569527231144518e-01
-2.52956747555797667459e-01	-4.81657091203647580446e-01	-8.39058597691027641119e-01
1.55991450700283112996e-01	-8.96496089080371594271e-01	4.14682323679246622739e-01
4.81838882628321807378e-01	3.70964320195599217556e-02	-8.75474240579874773971e-01
-3.80299610448886549197e-01	8.39355432706936799292e-01	3.88400133725229579351e-01
3.08943414052060688624e-02	-9.59785291237558735311e-01	2.79029988340273038538e-01
3.14208667048791689957e-01	-9.20904552468756465444e-01	-2.30667983894039280157e-01
1.16906623538824833153e-02	7.44484593520953086276e-01	6.67537278677130196947e-01
-5.80041391743476908438e-01	6.60583952081251535304e-01	-4.76634898131688355960e-01
7.38742083072760791218e-01	-2.76593586544911895775e-01	-6.14618680630145464150e-01
-5.64250346077312725512e-01	-7.75546866290359293572e-01	2.83105289846086238814e-01
6.05830725231131378417e-02	-7.98513532122248292922e-01	-5.98920554281876516001e-01
4.87336209323252389503e-01	7.85211466679283320858e-01	-3.82029281178566049171e-01
-5.23992406894900564218e-01	-1.49022524341286682903e-01	8.38584667612901069056e-01
1.65419241609160549977e-01	3.76555222747056550503e-01	9.11505698680685427782e-01
-7.94103664405462317255e-01	1.24347023184280730534e-01	-5.94926203829537758594e-01
4.45871984786048891625e-01	-8.80301499776463658442e-01	-1.62072337782417780216e-01
-6.34311395552178525215e-01	2.55353156749666021508e-01	7.29687480234262997314e-01
5.42310257327504818825e-01	7.06662223159464253364e-01	-4.54453613866914796215e-01
6.13758927805945875278e-01	6.78857305371848074316e-01	-4.03054261212766606892e-01
-8.70794275969586500930e-02	-9.73114782983115267356e-01	-2.13224746286894417668e-01
-1.46098351267350434757e-01	-3.42674000128695976919e-01	9.28024677146443321973e-01
-9.60122818772409458710e-01	1.00141725182895616197e-01	2.61028365795590355791e-01
-6.72534199121607834115e-01	6.08302515914491359617e-01	-4.21504211300382569672e-01
8.70778584390303866947e-01	-3.27173277053252387070e-01	-3.67018124551709457037e-01
2.46700327584085415955e-01	-1.55427821742563782026e-01	9.56546465467447482034e-01
3.26680794833401066946e-01	8.11792656940979351354e-01	-4.84016880308654862120e-01
5.48028079353938046836e-01	6.80830759426605536255e-01	-4.85936931358613211085e-01
-4.54992429279108434592e-01	-8.17012592355703781699e-01	-3.54220712594433329024e-01
-1.36047704391101947907e-01	9.14927716456565010006e-01	-3.79997757611129360900e-01
-3.27104949573615189085e-01	3.37429521120656328304e-01	-8.82691152238837872801e-01
-7.56040500892281808198e-01	5.48185176146696928612e-01	-3.57625186002835382393e-01
-9.58928732186950516514e-01	2.81379316120934530598e-01	-3.57961875853151922922e-02
9.20971473382381611295e-01	1.98079840296758513674e-01	-3.35523355496895159256e-01
3.43414192745922886019e-01	-7.18161149323090386432e-01	6.05236528824561137441e-01
-8.47461254496801652536e-01	1.67045745075108525990e-01	-5.03890009008919559363e-01
9.46879395547773894393e-01	-3.05817254369989188767e-01	-9.94747064166752459347e-02
-6.10318617632025883779e-01	2.26282240410982077305e-01	-7.59149216324643050235e-01
-6.63918074663321422513e-01	9.06996580143247521644e-02	7.42284556064204181780e-01
-1.66018929738616954905e-01	-9.19876894930944155604e-01	3.55336760187640765540e-01
-2.24739127949639405646e-01	1.44339097202696969857e-01	-9.63669315370758283734e-01
-1.77724734556489072368e-01	1.00199666168108242337e-01	-9.78965753040741071267e-01
5.51753955204599758066e-02	6.36328039357647923246e-01	7.69442851715715470107e-01
-7.09666880095686125607e-01	6.86100979892802831372e-01	-1.60119844758202872770e-01
4.96291470785666433141e-01	-6.95538027580517304038e-01	-5.19539823511926623922e-01
4.12105498069068987288e-01	-1.93689540709994556522e-01	8.90310855982783144746e-01
-5.59421999278537418476e-01	6.37233089144698228168e-01	-5.30076425454206856536e-01
-8.39954376233004063046e-01	-4.12559702982783882419e-01	3.52521116136015555398e-01
-8.68745927778724502666e-01	1.28670908584267801311e-01	-4.78251304495850182441e-01
-3.59272057825099022654e-01	-7.84234019318954422850e-01	5.05866179348804512195e-01
-5.75831316603587661795e-01	-5.96593283070167124116e-01	-5.59012298088457315615e-01
-8.85108814621618833485e-01	4.27299351416596473463e-01	-1.84384518216874265795e-01
-7.37355663547064388297e-01	-6.71976106300845699160e-01	6.89546082276094735031e-02
-4.39095843745766878374e-01	8.97717854247485735897e-01	-3.60207463898666799262e-02
6.41413162528384095395e-01	7.43038623294265510033e-01	1.91004605254165599204e-01
-1.52158681159856395970e-01	-9.85214525531297402594e-01	-7.87405513686162683573e-02
-9.59623468999872830665e-01	1.57095174248117808169e-01	-2.33332175176514555748e-01
-4.81746917967381615977e-01	8.72518603297349315540e-01	-8.14321430945509905364e-02
2.46074899920612211179e-01	-9.49598166666688392468e-01	-1.94191826533262973387e-01
-6.93729140574452118884e-01	6.11439746608043344089e-01	3.80632783382781558768e-01
8.69153338735938696402e-01	-3.12026039053102333121e-01	-3.83682452969903775575e-01
-3.12480382975026005354e-01	-9.40515800078879582458e-01	1.33364313284199814680e-01
1.60790441674076328704e-01	-8.36768024963993745091e-02	9.83435115597482645278e-01
4.92163101074610809249e-01	4.71865405322940634214e-01	7.31517956854129014488e-01
9.56988977587217126697e-01	-2.75285466228672170974e-01	9.15969915435839304729e-02
-9.51883112020996180469e-01	-2.71234506703232847169e-01	-1.42654770066329927847e-01
-4.20398011447034536392e-01	9.06699781166123153220e-01	3.40737260170256156533e-02
3.99762307933114124925e-01	-9.16421928599307267227e-01	1.89985772708409460241e-02
-9.60881292286049348839e-01	1.46338199317441547409e-01	-2.35143091659568675977e-01
-8.33956817453203380630e-01	5.03896226161625881979e-01	-2.24954706293058109834e-01
4.12421321263854057104e-01	8.77426590174161802338e-02	-9.06757894675050746258e-01
-9.76037586042345778337e-02	3.23073198525157034844e-01	-9.41327368507391626373e-01
-8.90163019870992999749e-01	-1.72619135580387272899e-01	-4.21678114307150408990e-01
5.99954082296293211840e-01	5.02183758227467968993e-01	-6.22789348101385420442e-01
-7.05111053967875239801e-03	1.60599279810478390296e-01	9.86994505133900301708e-01
-7.05700961313617036730e-01	-4.74491131040885749659e-01	-5.26159975449081329657e-01
7.47867705106809110838e-01	5.61921542378917004967e-01	-3.53465805798487409106e-01
-8.41745908354080557556e-02	8.50026767520014187030e-02	9.92818806833697387049e-01
6.10080707952252332404e-01	6.15404598792253287876e-01	-4.99077859226217834809e-01
5.95935508478303677116e-01	6.22238044593368733182e-01	-5.07622581841397524371e-01
-5.79883326628689355076e-01	-7.28215161298010005275e-01	-3.65291672987159699026e-01
-6.63881239716580640042e-01	6.67422347075215971479e-01	-3.37356058456026230985e-01
4.20529873885190030869e-01	-3.68530521705078661920e-01	8.29059635817525952817e-01
-2.85007605596929836089e-01	-8.86514411505609917219e-02	-9.54416883093458956466e-01
6.56599379808228911237e-01	3.25941502550862072241e-01	-6.80176000275175329790e-01
5.26741787934882021993e-01	-5.21642522469448088884e-01	6.71142434655174646707e-01
8.74997813938747093232e-01	-2.83259600989725357501e-01	-3.92610269923693300242e-01
-4.24214549875563895487e-01	8.04288564352757529008e-01	-4.16127289330143423918e-01
-4.16569129389390613305e-01	-7.50487542596222523272e-01	5.13067840395057594982e-01
-3.60225425093284104539e-02	9.68502688279348156186e-01	2.46383682955749888643e-01
7.92625132643237084729e-01	4.11856681922207201740e-01	-4.49576993026023108424e-01
-5.41613862142710456027e-01	5.16209012054036353589e-01	6.63462644170003446042e-01
-3.99528556139704449368e-01	-9.12466799459887289991e-01	-8.82115225599975349979e-02
-8.03560868448094933747e-01	5.07658687700798694209e-01	3.10761303094266083669e-01
-8.55451920412606980904e-01	-5.17188072943396526249e-01	2.68050194455971384222e-02
-7.86558343628280115523e-02	-7.84759891879647564217e-01	-6.14788721283768269110e-01
-5.61645940842269222881e-02	-8.07287892864737233189e-01	-5.87479188061472257232e-01
-7.27331140909304063591e-01	6.81667965118871288510e-01	-7.94870857074744530113e-02
-8.65237292838774263437e-01	2.15765962921660697793e-01	-4.52558809797707684019e-01
3.85850184384924840830e-02	-7.13591231178881263419e-02	9.96704104486355157988e-01
-8.83306337838881461266e-01	-2.89329918575629146948e-02	-4.67902549165778447460e-01
-5.36207681365071131552e-01	-8.40642569109307902231e-01	-7.61668789330161161155e-02
5.76733197291656951577e-01	-1.89509884500216357894e-01	-7.94647609207035476864e-01
-7.53730760691131429496e-01	3.25538606145206188547e-01	5.70889267981983139499e-01
-3.50051575209827825486e-01	6.38605884022866221450e-01	-6.85307536500578629024e-01
-1.58545330139868156927e-01	-6.53392786306157047349e-01	7.40230535099651643094e-01
8.05427547730291015782e-01	-1.62439329279354588431e-01	-5.69999938298631048106e-01
6.46869036025233601350e-01	1.43375560726409390089e-01	-7.49001935123116302506e-01
4.02111954909828706040e-01	-8.31345209120841421857e-01	3.83628881851224012856e-01
-6.40216638145423705408e-02	-9.89267370511479393613e-01	-1.31344189836173907970e-01
-8.17955724007041196089e-01	5.39601166866292336621e-01	1.99446770544555840310e-01
7.32506685763583464954e-01	5.38172708124396548257e-01	-4.16898178865899804446e-01
-5.05363267240996560936e-01	3.63168110148200884435e-01	7.82762347008905123857e-01
-7.94323399303768634683e-02	-6.93434848607186626879e-01	7.16127512465701387967e-01
-4.36372111094584291813e-01	8.78895704857753590211e-01	-1.92669978568142163944e-01
-9.95863723576758674838e-01	-9.04971373488529517992e-02	8.10630590935019178234e-03
6.29954128842460270299e-01	-7.49436176563785361182e-01	-2.03723373258425155541e-01
4.53664102472921992870e-01	-5.30151103756807073886e-01	-7.16330014248235613650e-01
1.91157894777176706747e-01	6.13264124572370339372e-01	7.66397920650129349518e-01
-5.02724498655662932478e-01	-6.84257620862002591267e-01	-5.28260907832184933852e-01
-9.84656769080388460935e-01	-1.67900602397388437614e-01	-4.75440303168008088219e-02
6.43007889804621646235e-01	-3.61637857362824832741e-01	6.75099188098336133734e-01
2.18219633891675618420e-01	5.67914827530778376641e-01	-7.93632748854827263507e-01
-6.98811380074742416468e-01	-1.85373797525695521715e-01	-6.90868446427347238092e-01
1.73376513885887623134e-01	-6.92098736463131247731e-01	7.00671052219879908485e-01
3.20798010828078683510e-01	9.46960823617548963504e-01	1.88104965995371971321e-02
-9.26350606873150184128e-01	1.47670575924541497281e-01	-3.46508231001603828059e-01
-2.77249057361452555526e-01	7.84271407878982973472e-01	-5.55023710282456228526e-01
-1.27818965040634835439e-01	-9.34949373746005285568e-01	3.30956161308251561870e-01
-1.03446318293398828447e-01	3.04449275961099052878e-01	-9.46894660243843167002e-01
-7.45796563148410363020e-01	1.56282652552717116201e-01	6.47582596204612226387e-01
2.39805201835458808857e-01	4.78889212041482215110e-01	-8.44487174421816200187e-01
5.36025858115298126094e-01	-5.14689676956693653587e-01	6.69156794679672151105e-01
2.37544106695914691851e-01	8.54726923454676157377e-01	4.61535138094321284452e-01
1.54935870207294934531e-01	-9.41963642318107252649e-01	2.97824399057419642034e-01
1.23141826040651089502e-01	-9.47368129673592962448e-01	2.95516019122707251920e-01
-6.73456353382311800893e-01	2.66439131902331649560e-01	-6.89540955331973348663e-01
-5.89783094342658742448e-01	-2.61939363079499554221e-01	-7.63900302197285774319e-01
-5.21894945491555795059e-01	3.67866590591592823589e-01	7.69610185351573661272e-01
-2.94177372798742398086e-01	-2.43462731461949327683e-01	-9.24221603146299752751e-01
9.48741491291102079231e-01	-3.13821765546889897003e-01	3.74897608923870570563e-02
1.08760769851571459377e-01	9.60822705401749632692e-01	2.54932978890052508447e-01
-8.17487495776124117874e-01	-5.21222618225955613980e-01	2.45033011040065862307e-01
6.29227198934341980241e-01	-1.38180812058665614117e-01	-7.64839326460172053146e-01
-6.93756789333433321332e-01	-6.83666954276010541136e-01	2.26497269044748594791e-01
7.02253143690402537036e-02	-5.09144070551041522110e-02	9.96230961361870503978e-01
7.24554307496593330562e-01	2.18292740012513197811e-01	6.53734911983413602421e-01
-6.26806948327901292117e-01	-4.88257288974357425704e-02	-7.77643297229197227871e-01
3.63269487440653959798e-01	-8.89829032873236336343e-01	2.76115142197028651250e-01
-7.25128072780956589583e-01	2.62052119063958866008e-01	-6.36802924741292630806e-01
-3.96118399491641404175e-01	-8.46627742258692417288e-01	3.55403544751778766031e-01
-9.61252920480924255564e-01	-2.58532077798387605050e-01	-9.56764736815810673543e-02
-3.94744579912170878710e-01	4.13677853680689044946e-01	8.20394630652896195144e-01
-6.00980630511218673340e-03	-9.99980303797270209110e-01	1.80948768832434134929e-03
4.22160041333140667597e-01	2.54814104236361915756e-01	-8.69971649988562245603e-01
-2.74966748413266237616e-01	-8.18175113622264693625e-01	-5.04958187096941513161e-01
-9.44549890172865835858e-01	2.58946149204827447132e-01	2.01921759071225365156e-01
8.58261208482249404739e-01	-4.92557930478813854602e-01	1.44133213164130413730e-01
-1.74495175471985813909e-01	7.59597950430772272945e-01	-6.26547992925019836541e-01
-2.16774967126141165918e-01	-7.78907260346609481294e-02	-9.73109268492112211568e-01
1.48477134258716420012e-01	8.77805063174427191441e-01	-4.55425967274219967162e-01
7.25629857673123379591e-01	6.38711582080302098241e-01	-2.55946917484388025699e-01
3.46313976619080809982e-01	-4.57466185300177297091e-01	-8.19018509500965219416e-01
-8.35497520547400784885e-01	2.62502556637892126012e-01	4.82738335869149437496e-01
-7.27145093082441795751e-01	-3.87144360407645049538e-01	5.66903217322571206793e-01
1.61076154132309523614e-01	6.38739569022662267983e-01	7.52373733947888534423e-01
-1.26275584520532807575e-01	2.97345970115964974845e-01	-9.46382507662622329825e-01
-8.38575177898463253179e-01	5.43904669403039942033e-01	-3.09738860030625111353e-02
4.95291605202789975149e-01	8.52430861296606834365e-01	1.67474931033777668654e-01
3.07407282595752284760e-01	-3.74787762181386541194e-01	-8.74662732672522147404e-01
-7.65599352037135250093e-01	-4.71078252143329712087e-01	4.38112899282712686677e-01
7.80497717836627802335e-01	-3.04135370949936034712e-01	-5.46191347962378781489e-01
-3.70351632960998211619e-02	7.28032437300839996297e-01	-6.84541574279772913059e-01
-1.42107377131510143053e-01	7.07600895760804093904e-01	6.92175169796858891225e-01
-5.31732047752773495652e-01	1.83439251183991319794e-01	-8.26807759105886996842e-01
3.81220755467420013840e-01	-8.95560742158591827078e-01	2.29437775235905472293e-01
3.23427864183475022308e-01	-5.83976170108086889421e-01	7.44557754251210623941e-01
6.02374026885358571093e-01	6.59096257452729483717e-01	-4.50263983842503989763e-01
-4.00926847516039297492e-01	-8.25599247364518729064e-01	-3.97043506044351290907e-01
3.30731890591166699522e-01	-9.34602752929027613682e-01	1.30897329092213993151e-01
-4.16704265739505863575e-01	8.88384178063492013777e-01	1.92694335881864908799e-01
9.65867782400899654860e-01	-2.30305148395365033576e-01	-1.18570508738713401020e-01
9.30452565089163741163e-01	-2.84382719164946173862e-01	2.31050845398468235325e-01
-5.94918182959785268871e-01	-7.74992848310133930489e-01	-2.13209851207614903279e-01
4.39919843841128477280e-01	-8.92355470672142714328e-01	-1.00857547839989972194e-01
3.74864465437154070759e-01	7.14263383149989938836e-01	-5.91019840651434869017e-01
8.89003072570036301236e-01	3.19039434094379736884e-01	3.28462138539242776147e-01
-3.00176990809012778083e-01	9.27457154761773816531e-01	2.22973093152606688383e-01
-6.13929386016360489897e-01	7.42663481549981630003e-01	2.67472731615084280410e-01
3.95466196266194169873e-01	3.57367234114868370654e-01	8.46105872566688343994e-01
7.36913278361600143640e-01	4.05214359167450077770e-02	6.74771689837091681596e-01
-4.70160222263427629574e-01	-8.11445215415200871156e-01	-3.47139781328764884805e-01
3.36233838511564991913e-02	5.52862337308880347209e-01	8.32593961090133949376e-01
7.62483285822067258231e-01	-5.90391499139593434187e-01	-2.64683049297999406502e-01
-7.87614060962727458026e-01	6.16167287048447587239e-01	-1.40190768497718823080e-03
2.24620988835376622639e-01	-8.93412313549837300286e-01	3.89049931721038466659e-01
6.53925258340110476807e-02	9.59280043521140823870e-01	-2.74782851843280884196e-01
6.47138259061945442241e-01	-7.36536864524976353508e-01	1.96788009934526164635e-01
8.42683272676439110160e-02	1.58317687450428318252e-01	-9.83785728123691471936e-01
1.65422176390884939634e-01	1.88712406750379452225e-01	-9.67999551186147111359e-01
7.29832529969084098376e-01	5.99061228414784818774e-01	3.29348026879006661183e-01
8.20972940347485247159e-01	-3.37873465443640719208e-01	4.60266175779091346598e-01
-9.85934179044894554167e-01	4.15078355805963972180e-02	1.61897789288439675204e-01
5.30696075818162138482e-01	-8.45498222507263141878e-01	5.91137111697621342454e-02
4.96374131311690447443e-01	8.68091136032747567874e-01	5.52279874143976785839e-03
2.90051727291195549086e-01	9.48967589758623830676e-01	-1.23816433009120818731e-01
4.01644477715887904257e-01	9.03423327800288555878e-01	1.50026678649446160163e-01
-3.95802630922815479320e-01	-4.64872677671833156587e-01	-7.91980852615009500717e-01
-8.95901364649762665948e-01	3.82428824618818441472e-01	-2.26072861970122163111e-01
-3.26261670732174990928e-01	9.39451995054742194924e-01	-1.04801103041498408497e-01
3.53888431519731760933e-01	7.45561615670924160426e-01	5.64713073405127774507e-01
4.15598932225432926568e-01	8.70700200838211202381e-01	2.62980394313680032603e-01
-5.69305534877292185314e-01	2.64397791743531840325e-01	7.78450393846148669397e-01
-5.30949311469705698130e-01	8.43646812072653018433e-01	7.97049881092478373912e-02
-8.47436260179925349156e-01	-2.48976104802279524231e-01	-4.68895173967216527533e-01
4.51334869121164772299e-01	1.58858337494354628916e-01	8.78100714339710930467e-01
8.76247730860687079613e-01	2.19252509809754553283e-01	-4.29090026805122204401e-01
3.97770650658820015821e-02	-1.00211605299675501901e-01	-9.94170719372687305970e-01
4.26522224027308993755e-01	-7.08742757265629297336e-01	5.61927483252342319098e-01
4.16431662263931634538e-02	9.82161314592410294999e-01	-1.83371205004355913859e-01
-9.70880941195986113534e-01	-2.02226175065253754859e-01	-1.28431974760468109453e-01
6.54469944634336275868e-01	6.24670321446168519408e-01	-4.25976620338099576379e-01
-3.11484782127580184241e-01	-6.10126950240722720764e-01	-7.28506921787904881960e-01
-8.27033161248340309424e-02	9.22374812782148501000e-01	3.77339192566916004079e-01
-4.26111763112540842258e-01	1.53817178656427688832e-01	-8.91498200159315246083e-01
-4.04815957190401254362e-01	-6.50943159804742932373e-01	-6.42181472410591869249e-01
5.55402343393455399934e-01	-3.75687221887651578989e-01	7.41880952891632472479e-01
-7.80155341411307851063e-02	9.96951942304740046374e-01	-6.33377833794624453372e-04
1.21127562005598331946e-02	-2.86599523849522863639e-01	9.57973900514232590275e-01
-1.52157193058336775993e-01	-7.56911440551351066830e-01	-6.35557440176013233035e-01
-6.83322196080553667663e-01	6.85711796064119916139e-01	2.50739125551175834339e-01
9.80955917618182460238e-01	-2.94883784902389041449e-02	-1.91978965576664467596e-01
-8.96056760678429764511e-01	-2.70789388728908286819e-01	-3.51788840917820533338e-01
1.55290158810558381886e-01	3.28004641179313938260e-01	9.31825048998695448788e-01
-7.55179018550354741457e-01	-7.69505609707203941383e-02	-6.50986375516119486484e-01
9.26363641357936390408e-02	-5.70379878952223307031e-01	-8.16140488963847388071e-01
-6.30448327559801180442e-01	-6.75280921676422507538e-01	-3.82793133555045517191e-01
3.69015469145330843315e-01	4.51500180808976636637e-01	8.12388558671841898295e-01
6.33264509785474771775e-01	5.94125600946208365372e-01	-4.95974627321266181568e-01
3.05351101073667974273e-01	-8.92161066691960047415e-01	-3.32880363121892008937e-01
-4.46906911504322615358e-02	9.43811298134800136239e-01	-3.27449195506112400444e-01
-5.50750344035879524363e-01	-4.36845085594346149716e-01	7.11224598658137474594e-01
2.00682389883867884350e-01	-9.41148151071809047075e-01	2.71968263083423977822e-01
7.33600748976804717394e-01	-6.78243157474981317456e-01	4.26164339080462931109e-02
-9.90669154761664838560e-01	-4.80637291310720346504e-02	-1.27532363523238545522e-01
9.85748866723205496854e-01	1.54683329626575383209e-01	-6.61229104739970152682e-02
7.42207228946756170096e-01	-1.04713737930141104204e-01	-6.61939168192874793917e-01
9.42173515453208598736e-01	3.21277645834793679214e-01	-9.53401335503329810939e-02
3.16646353210797704136e-01	4.47717186686933221740e-01	-8.36232269015875995244e-01
-4.41444431446017637732e-01	4.08549964910116913952e-01	-7.98882807498849989436e-01
-4.50146325339383202024e-01	8.66803441662619134078e-01	2.14522910909973829607e-01
5.48073339731929509711e-01	-7.14422144353487609258e-01	4.34990360735101111445e-01
-4.48501373486360987997e-01	2.81157318638451780846e-01	-8.48408557333602098005e-01
-4.55672344049305177993e-01	4.83132044357281020819e-01	7.47627007660749187679e-01
-9.98547828483491550777e-01	4.85022282867646273297e-02	-2.34471337720025020668e-02
-9.04212672779809656376e-01	2.97871926689986243897e-01	3.06058421995520968384e-01
-4.69738246328438247001e-01	-6.23899715974701507548e-01	-6.24575955623469569744e-01
-2.52412202226647508496e-01	-9.66628429507204178783e-01	-4.37899467404339742815e-02
-1.23143124528873063039e-01	7.85367672811922101772e-01	6.06657555284076277502e-01
2.30069603230936906013e-02	9.79842436499754998458e-01	-1.98442635063423633568e-01
-3.61289596194437789833e-01	-7.08787682918387118569e-01	6.05879400726616279549e-01
4.40224551914801254249e-01	-7.71988510418402551494e-01	-4.58515085546144618434e-01
-1.96396915201179633748e-01	-7.49862979626213066453e-01	-6.31770340777056738091e-01
4.09716674172305062029e-01	-5.67230279829051942109e-01	7.14410285865370697778e-01
-7.69324746744925125341e-01	5.82284573111541359225e-01	2.62838562547749565734e-01
5.07067437672342857802e-01	-1.82411821207602908856e-01	-8.42382657190976380512e-01
7.14265244943534272082e-01	-6.67793651056139858646e-01	-2.09467896048209423210e-01
-4.09110724726322982914e-01	-8.29955207743673484266e-01	-3.79213354265193036685e-01
-9.69436797999702726258e-01	-2.37081228345266264990e-01	6.31251602008527090693e-02
-2.65098166190784634288e-01	-4.12748099036575832876e-01	-8.71413776012277763172e-01
3.49371564186096827953e-01	-9.31669146622678190361e-01	9.96599787754870458656e-02
-2.56101391611770479173e-01	3.96079951519143214078e-01	-8.81778174610319931404e-01
-2.33960497973458581011e-01	3.32031538030000572537e-01	9.13792943254347789228e-01
-9.53291736662428612625e-01	1.24364457863307326102e-01	2.75260506487030154332e-01
3.90136379866485194512e-01	3.50858681312465503499e-01	-8.51288312413809422630e-01
3.52212776031202101645e-01	2.64046640994358317034e-01	-8.97900624668448998911e-01
-1.69695585024421835563e-01	9.67840190873967332053e-01	-1.85711532631286646566e-01
3.53028215263777866983e-01	-6.68523166054947881598e-01	6.54559283545455561359e-01
-3.37511819306495874926e-01	4.12006282238518484196e-01	-8.46366702573071116866e-01
-1.16712574415603217992e-01	8.38347771594347479507e-01	-5.32495247712197139478e-01
4.74075513714302565482e-01	1.19989332734241060940e-01	-8.72270008269521834876e-01
9.55621352753518560341e-01	-9.94935672962138362152e-02	-2.77288406227539585558e-01
-2.37925323558650148037e-01	-4.83566986813150800906e-01	8.42350585964040110554e-01
9.40975990639190018605e-01	2.27417159549113095940e-01	-2.50690288170897945808e-01
3.73423915862864552739e-01	-1.65754664976598298232e-01	-9.12732145867636179837e-01
7.97511954280977874987e-01	-5.89935918692340299785e-01	-1.26294475791934979192e-01
-6.44362480279914717762e-01	3.15110495981089755446e-01	6.96780000667404531001e-01
3.70468916196511510730e-01	-1.33094021204002599390e-01	-9.19259899947740821702e-01
3.97850166097195312442e-01	-6.09436759029287511424e-01	6.85785740651052133643e-01
-3.30911909568646300794e-01	-6.93574222311285959464e-01	6.39884447577003578900e-01
-5.09021634962967706173e-01	2.75092632537101922097e-01	8.15610825494263558255e-01
3.61318539363804591691e-01	-8.79501347539544453547e-01	-3.09719700355228055866e-01
6.49838473030545982212e-01	-6.95111698789801724097e-01	-3.07456802128176442945e-01
-9.41659617691711026133e-01	1.84425738189145593804e-01	2.81539182889503358798e-01
-5.81427665477559862950e-01	2.68750016522616319570e-01	-7.67929227491966237551e-01
1.73621223074398645103e-01	-6.98174250788817563063e-01	6.94556251453849471389e-01
3.46446370494408462104e-01	-4.15655782464413925403e-01	-8.40954923212384186648e-01
4.36838224316084156040e-01	-8.47280140002650727915e-01	-3.02140249111996161968e-01
3.31858699727806905067e-01	9.42736654977625487817e-01	-3.34275750925263834268e-02
-2.12232468203362001358e-01	-9.62684715860971373935e-01	1.67915208626228690258e-01
-2.85887476599934908794e-01	6.88802850422264301145e-01	6.66197406159379834634e-01
-1.97579804934974373465e-01	6.86475391227759468293e-01	6.99795511503576328494e-01
8.91348670729701697546e-01	-3.41753739039494464080e-01	-2.97828690761852310498e-01
-6.24238870288535641073e-01	-7.45756328366226073356e-01	2.32751652029836747504e-01
-9.49285812421884034329e-01	-1.09898569911045018710e-01	2.94582332576193206553e-01
-3.72421301510023172732e-01	8.48526395660699983559e-01	3.75906012253916677057e-01
-6.88624312337241750726e-01	2.23882426922492244747e-01	-6.89690666439205846139e-01
9.56454145240514974624e-01	-5.68265719930045390407e-02	-2.86297413134941669544e-01
-9.57852497104530020700e-01	5.50266336333321906538e-02	2.81940886324774264704e-01
6.80223851422291247992e-01	1.82757723670343485978e-01	-7.09855708151353237412e-01
-3.80214007303368906054e-01	2.58712471466606530601e-01	8.87978133603499197868e-01
-7.12822489203755127463e-01	-6.99369454442928639715e-01	5.25971964800668531637e-02
2.71511727035161021249e-01	-6.97789181846056538738e-01	6.62851144512095924455e-01
4.77431683459874023345e-01	2.45237596820198744396e-01	-8.43752042210579866754e-01
1.35411177899584705964e-01	6.39094260384049595025e-01	7.57114482257479570748e-01
3.31945054627555469207e-01	-3.52895177520317515629e-01	-8.74801391397620475843e-01
1.10073303723319901315e-01	7.86337277447050730927e-01	-6.07912455789971328812e-01
-9.29482134342158761164e-01	-2.16635678899732980751e-01	2.98549735498789325927e-01
-3.42213551406504778996e-01	8.50021843237190433129e-01	4.00440696300209841851e-01
6.25352024072201029270e-02	-8.85054596822966943570e-01	4.61267502759975078774e-01
-7.96690974277338842535e-02	4.46761029624169747620e-01	8.91098994121417464775e-01
-7.69608591648534567931e-01	-5.63951928992266870999e-01	2.99434195519918289197e-01
1.77236272900692742871e-01	-2.68001440425653991717e-01	9.46975465098249480356e-01
7.15899944193517212554e-01	1.68223490705629530328e-01	6.77634213332334423008e-01
9.94321249609536605973e-01	6.62904467016001003321e-02	8.32516020928843331061e-02
-8.21500205963564988920e-01	-5.21383791664131623911e-01	-2.30860029870382177375e-01
9.09320201405994010813e-01	-3.29562547829345520167e-01	-2.54018303244456955525e-01
3.19724793246313698791e-01	-1.53900605359500036728e-02	-9.47385456200538045302e-01
3.18109488803713480465e-01	-5.32857983514891997423e-01	-7.84135653147772115901e-01
-6.32983818365000061590e-01	-4.14270690230564730960e-01	6.53996392118455061038e-01
-3.74024998266208746900e-02	9.85584217958726305220e-01	-1.64999400960747749645e-01
-2.46485809901796193433e-01	-8.60732231082907306430e-01	-4.45404054642631552774e-01
-3.24505045603125041875e-01	6.32564711649977406971e-01	-7.03248434732203664410e-01
-2.85791023221532158871e-01	4.33934258555722540684e-01	8.54414741385988163458e-01
-9.59668276579626167155e-01	2.17594003946583791631e-01	1.78015865509746823436e-01
1.86976545002563998565e-01	6.57569574437932513611e-01	7.29823284358905866043e-01
6.87303220311776152940e-01	-4.58707393987565381632e-01	-5.63206720530036286654e-01
2.85448265027834324759e-01	9.19355791338514638511e-01	2.70747515085425605186e-01
-1.72754390638553939619e-01	9.81408920333818324266e-01	8.36208801933528700356e-02
4.68772890947278919604e-01	-6.87147612177836264458e-01	5.55049669661399125431e-01
-3.77452832256588100002e-01	2.56140082304973870642e-01	-8.89899779558507963984e-01
7.32126187066231337575e-01	6.56843690838721516734e-02	6.77994697523450429166e-01
6.70096521765226271761e-01	6.64055967896919563387e-01	-3.31662966004091508410e-01
-3.62322283724407057104e-01	-5.02509003688210720284e-01	7.84988703058211112484e-01
-5.43219834289612402145e-01	-8.39303273733772225995e-01	2.19596524138833404383e-02
3.92147745656137969306e-01	-8.38818587845161056649e-01	-3.77628815455413491264e-01
9.67381360572398429909e-01	2.33935970983359220465e-01	9.71970405782406760009e-02
1.44484478660633186564e-01	-9.88043501410626912040e-01	-5.37984641638919874884e-02
2.66887007110754859163e-01	7.64623118848173688455e-01	5.86619818586412544725e-01
4.49640154639566302919e-01	-8.14240921407306195157e-01	3.67199473367661566314e-01
-7.60213640632088405447e-01	1.96302759392654263548e-01	6.19306424358520235529e-01
-2.88280004985224214131e-01	9.02271600181732469359e-01	-3.20625323752218527318e-01
-9.81547683858437158833e-01	-1.68697795304858289001e-01	9.00288740983555824116e-02
-5.55020219590890984129e-01	6.80482837524576722465e-01	-4.78430416758570675739e-01
4.72244260349092281892e-02	9.71266726142741676497e-01	-2.33261227540356552712e-01
6.55369491961139138958e-01	2.80852242592616818673e-01	7.01151087025682406839e-01
4.53478939703767680580e-01	2.27993847308153418929e-01	-8.61612242737284317329e-01
8.77270423219600026243e-01	3.68787866493296034864e-01	-3.07232996391055890317e-01
-2.52678965104763619820e-01	-3.35846610726507399658e-01	-9.07392084303749846264e-01
-6.16187408226556640467e-02	-1.82489042694301273340e-02	-9.97932917721625067919e-01
-7.47748608811571180421e-02	6.91713265289058742979e-01	-7.18290664566477499164e-01
-1.03449498536394970949e-01	5.33953577565385861803e-02	-9.93200451581965126913e-01
-8.58229639077509876000e-02	3.82771415919429952579e-02	-9.95574848666658240859e-01
1.64421866856163195747e-01	8.46905139856751421057e-01	5.05684816643480194998e-01
-1.02292716123732363442e-01	-9.42440464826033608148e-01	3.18342850534638510673e-01
5.92248034144598700657e-01	3.96790620797083715132e-01	7.01284157313797784639e-01
4.10062090346937579977e-01	3.07890087603461481969e-01	-8.58517778508885998079e-01
8.18214546305633061429e-01	4.71650609576344914675e-01	-3.28741020714071519038e-01
1.45518984467207790345e-01	9.89332320925276453849e-01	6.76638250753157713402e-03
-1.27031255347760912988e-01	-5.67835788886118741914e-01	-8.13280749203404651482e-01
6.13007995798004121091e-02	9.58070368510529069006e-01	2.79898876298165899534e-01
-1.53930389021634084212e-01	6.34865749186911521029e-01	7.57133354069803310438e-01
9.04020730916920145503e-01	-4.20283084147511976081e-01	-7.81578355118194706419e-02
9.46719516198881061442e-01	-1.37918657437533981325e-01	-2.91033677739853113842e-01
-6.78112955027736830083e-01	2.76333782296759644659e-01	-6.81030440571578132847e-01
-9.90117362277600186748e-03	-7.34429409376171765667e-02	-9.97250270086363688193e-01
9.22328980453268498785e-01	-2.23688466090799620289e-01	-3.15075740027662920539e-01
2.39613496967343436728e-01	9.49236973234949488187e-01	-2.03800247092178116182e-01
-9.61039121523273309755e-01	-1.40932223924438188023e-01	2.37785439338676213294e-01
-6.79069344064828328555e-01	-5.08928983235369614135e-01	-5.29014287117443249286e-01
9.78093432718367239431e-01	-1.25154862202541322658e-01	-1.66341508169980806242e-01
-1.41818696771744467977e-01	6.69729475632798165741e-01	7.28937505355967574339e-01
-4.91915313563617173642e-01	-8.16787320256278759345e-01	3.01459446277895615207e-01
9.11612413485070938179e-01	2.45800358393777590438e-01	3.29461669080660324305e-01
1.35739133808392670177e-01	-4.31933008610349222778e-01	8.91632639390101733312e-01
-1.50843016590546025180e-01	3.92517791816812733341e-01	-9.07290563961246965263e-01
1.37975778220064855539e-03	9.37522840818739267021e-01	-3.47920995646459507711e-01
-1.08825477934675063363e-02	5.66634111376646210090e-01	-8.23897659893461198344e-01
-3.49957859085855360615e-01	5.39670490897603105651e-01	-7.65692665576982567366e-01
-2.68292272871452186500e-01	-9.62868076022924457291e-01	-3.00719885172592779621e-02
-7.61545748407120526302e-01	-5.32207550114687788501e-01	-3.69869161574685245686e-01
2.49812194594718567364e-01	-8.07396102632646828212e-01	-5.34514172763812744904e-01
6.58955398857954399716e-01	-2.76849554844836698297e-01	6.99379801179709437164e-01
9.24028199466488953107e-01	-2.84473622401324455211e-01	-2.55434227832894766852e-01
-3.12460632600556287297e-01	2.54247966592855312307e-01	-9.15273906848795948399e-01
6.41597068714231055786e-01	5.39244249941322695285e-01	5.45498707901793777886e-01
7.87051689823107136768e-01	5.67578104695746765707e-01	-2.41670711126887899356e-01
6.98149380837718047665e-01	5.37514652712797635914e-01	-4.72932807230531937481e-01
-6.19382897637411167224e-01	1.46334334654291187139e-01	7.71330725833977215444e-01
6.12698599216480732643e-01	7.36085563129503794855e-01	-2.87712478475445454507e-01
-2.23567790977409613928e-01	-6.38476756353379193420e-01	7.36454258208851020306e-01
7.57206351171767710895e-01	-1.79748544470701876463e-01	6.27956210659470936974e-01
-2.84625396187887791388e-01	-7.62879951298217506839e-01	-5.80519219106583217460e-01
-4.26484913812756327722e-01	9.04418732000709990615e-01	1.17207293439335006463e-02
-4.56904454440996532494e-01	-3.39872132985255093196e-01	-8.22025092519704347893e-01
-5.04462786041254940272e-01	1.60995213327820435589e-01	8.48291128554946594065e-01
9.50841712024293017613e-01	9.48194459126300293050e-02	-2.94803852334960758697e-01
6.07686110994798744933e-01	-8.00463841025474687196e-02	-7.90133005826313183917e-01
6.24684895645825633004e-02	9.88365383826004473278e-01	-1.38677885280943130608e-01
6.88233727970100295224e-01	7.21400078870148342425e-01	7.69172405285180466050e-02
9.87540783759398244079e-01	1.30162306353894169364e-01	8.84362731943657276457e-02
7.32229990789282747521e-01	9.23827615866074924877e-02	6.74762673797505541096e-01
9.19620796180271704579e-01	-2.31235397516245749783e-01	-3.17533907115864877380e-01
-5.37497007358218037432e-01	-6.96292091196444085099e-01	-4.75682973016947951983e-01
5.86591205272989690833e-01	6.31304515547171041234e-01	-5.07311902626118915727e-01
6.72157644396548376031e-02	1.14397461340066564084e-01	9.91158545263945423009e-01
-6.86408102016200394324e-01	-1.82142397365567670908e-01	7.04036976705372574692e-01
-4.66424396892705539486e-01	8.79066543141964085173e-01	9.84392945510741829152e-02
1.92618802176024978001e-01	-2.06177121618354788901e-02	-9.81057035545581879177e-01
8.39417663747613340686e-02	-1.04901995023234818200e-02	-9.96415443262641642441e-01
-3.40894633644829858632e-02	-8.90522398414979710068e-01	4.53660408685564731091e-01
-3.38007026124311563131e-02	9.36069569757506991792e-01	3.50187482753027190530e-01
-2.64836617676114605135e-01	-2.15850106707700550857e-01	-9.39824609899182039641e-01
-5.80537738353871346497e-01	-7.04851355387637878991e-01	-4.07627895457587097194e-01
-3.00743991830317893010e-02	-6.85392676083979024426e-01	-7.27552341817563896775e-01
-7.03112995085460434908e-01	-7.11068273031393749406e-01	3.74529439489404382055e-03
-2.13656118605105471708e-01	-6.83991242115630004861e-01	6.97500568954405153477e-01
6.27337057193191882654e-01	-5.58763263929932696428e-01	5.42431407234642226634e-01
-5.61836277635267763997e-02	-8.97735693555680724920e-01	-4.36937094428282934988e-01
6.23900643735683546609e-01	-5.89990001437816879992e-01	-5.12503448719717979998e-01
-3.96792993078147082642e-01	-5.16242629235323491343e-01	-7.58978832645737067075e-01
-3.16052614668887565941e-01	9.37408702081577560605e-01	1.46204206583434609401e-01
3.28320123519900419762e-01	-9.30991578358229321388e-01	-1.59563709902754202741e-01
-5.44679687522772071340e-01	6.50547801589681840007e-01	5.29255699871930773703e-01
-8.82590088964487207157e-02	-6.10978241102064445478e-01	-7.86712105060322630656e-01
7.12548528403486175486e-02	1.58858160447566815199e-01	-9.84726779774936056278e-01
8.84484282656257780886e-01	2.35645638125909467897e-01	-4.02689318167589294095e-01
5.18732219739745703535e-01	-6.10331724564864841476e-01	5.98675262720579026698e-01
-2.91228875922697971745e-01	-8.05053379647914346684e-01	5.16792799626961452120e-01
-2.28539228994911997050e-01	3.91111615010038604634e-01	-8.91516419038174690037e-01
3.50351651243373418687e-01	1.27216875285116548522e-01	9.27938353078335054214e-01
-3.24171232326127711776e-01	-5.97929359877580779425e-01	-7.33071273975829718061e-01
-5.09776062351383729698e-01	5.35543167662038688270e-01	6.73291825157581791395e-01
-3.60569896871696271567e-01	-2.41881795170028529585e-01	-9.00823260487460308887e-01
-7.26238859115599155736e-01	4.37277356770205571923e-01	-5.30439094304459457518e-01
3.02758129186059210536e-01	-1.06758755550783623889e-01	-9.47069207252039024780e-01
7.44541730461215411907e-01	-5.11693963305305699052e-01	-4.28750393024574849576e-01
-4.11227855822570320665e-01	-1.28712415053234857654e-01	-9.02399448585123664657e-01
-4.05067469321752984812e-02	-7.43525443222948445587e-01	-6.67479676644233688165e-01
-7.28508706294443975082e-01	5.64038452917035512679e-02	-6.82710532429012140199e-01
6.98898652561902644642e-01	3.50412422291299263666e-01	6.23499645349619435741e-01
9.16095388069288585342e-01	-1.62371860825856945132e-01	-3.66612354906552473377e-01
-8.59748848375338770023e-02	8.17322320198100138455e-01	-5.69730237992654542367e-01
5.31938998856552047734e-01	8.14308165951218243528e-01	-2.32256565807410886304e-01
-1.39342816032515925267e-02	-3.97794829663676643983e-02	-9.99111319388950702702e-01
4.82561704703552363238e-01	-7.11772568972101060680e-01	-5.10405731954939212436e-01
-9.61159218240278667711e-02	-9.94390667180438225792e-01	-4.41466940592407583455e-02
1.84160725919773976544e-01	-8.11142645337010304019e-01	5.55096780700788161589e-01
-8.32915343537856789347e-01	4.61901467509539143119e-01	-3.04793478952139151872e-01
6.68620609659534403946e-01	-4.04708361435467955936e-02	7.42501576941325236447e-01
4.22124124552724577786e-01	-6.52449523299195810466e-01	6.29381317658260330816e-01
7.07769388942606769710e-01	4.94188120488842586031e-01	-5.04817386431483883236e-01
-3.68530145926231122999e-01	6.27464494493848556900e-01	-6.85910956096467350207e-01
5.10885517278608994318e-02	-9.23782099473962392544e-01	-3.79495181226096434113e-01
-6.39287875234000768643e-01	-7.11275760283231583969e-01	-2.92229029037683940562e-01
-6.01960949379191534447e-01	5.79081259066713482930e-01	-5.49825345741911220010e-01
9.75747949164455063986e-01	1.57482842433683684069e-02	-2.18329867963020340937e-01
-3.77469615971452676639e-01	-4.83651978647609392947e-01	7.89681867949756255420e-01
5.11195425301518735495e-01	-4.10636339736881794682e-01	-7.55021214031960652413e-01
-1.86667336222411966995e-01	9.78610313899452077813e-01	-8.64705679248424646799e-02
-3.76091462897128636644e-01	8.36474846713354813765e-01	-3.98578778100098229942e-01
-5.73217789309907743700e-01	-5.82728773445586600843e-01	5.76062967580163398651e-01
-9.80978521591761132292e-01	-1.65936656693535883322e-01	1.00728179478307006134e-01
7.65842185601910974135e-01	-2.01495799362822025635e-01	-6.10643258860380289121e-01
-5.54373271832154457250e-01	-6.43999916318896081791e-01	-5.27194824765349068230e-01
6.70981383279461329749e-01	-2.79207237950217179723e-01	6.86896863851183647753e-01
5.35309083645158612086e-01	1.31805245170729910809e-02	-8.44553407867397964992e-01
-3.22827406523659543591e-01	9.24093689030947240681e-01	-2.04531952248011517081e-01
-6.70131889736386154865e-01	5.85028999590623044469e-01	-4.56797898414971870196e-01
9.45193712493115484330e-02	-6.67431774221528995028e-01	7.38648032027525824894e-01
-6.29096922220753196342e-01	7.30782574223072134423e-01	2.64941298525306567768e-01
8.17734911018458854315e-01	-4.31175571920851929963e-01	3.81309902153562363392e-01
8.81628073365616660162e-01	4.08710850505530465249e-01	-2.35981738557619669105e-01
-2.45496429283000694443e-01	-9.67727578705692148553e-01	5.68756241435215414981e-02
-1.77573132389274218612e-01	4.72449945603238385949e-01	-8.63283749153752166805e-01
3.62463389807556463085e-02	-4.21722233406946478418e-01	-9.06000309470559206382e-01
-3.97293021885636754575e-01	8.76606947700131033940e-01	-2.71511535675445225824e-01
-5.84861103218792033331e-01	-6.94029879696633988928e-01	4.19833319342299671195e-01
9.21894968792367319743e-01	2.62315121737341838681e-01	2.85132326163210492176e-01
4.02649481808747711220e-01	6.54922766163183456278e-01	-6.39491645887818593863e-01
-2.74368128042389969323e-01	2.96642865046334636148e-01	-9.14726812185811533062e-01
-3.97421997817634764516e-01	8.89371994345121041903e-01	-2.25993830281319835196e-01
-4.92472363863297124542e-01	8.62809551213347569742e-01	1.14151868867391231843e-01
-5.95536320464879365133e-01	-7.83508429278272799934e-01	1.77344388851314732625e-01
8.76291651109307401235e-01	-7.37080776462214620759e-02	-4.76109295735572035646e-01
-9.46224637318062389291e-01	6.78896551410247683922e-02	-3.16306703149228318761e-01
1.78367401211053017152e-01	-8.06425948728903940754e-01	-5.63792745077392964959e-01
7.87077494960934820334e-01	4.85776679376826892032e-01	3.80171059787095144689e-01
8.19227387466592515963e-01	-1.30219911037399133091e-01	5.58488372657903409113e-01
4.58040882864071241531e-01	-2.91851549998822623611e-01	8.39655418840602130182e-01
-3.14700943834122004450e-01	7.17674453512755161633e-01	6.21213888065198505117e-01
7.11725404885844792346e-01	-4.85457521074252384974e-01	-5.07718370036501553955e-01
-4.45095121656448766689e-01	8.84380747923866783466e-01	1.40573914291567986234e-01
-9.11070359431584320120e-01	-3.39723221864651897528e-02	4.10848733100715401978e-01
7.56257282407201247842e-01	-1.65884997807655587554e-01	6.32895797354057987327e-01
4.95128148985439386909e-01	3.12853122132839833736e-01	-8.10537500708009783779e-01
2.87333296149867856162e-01	-9.55776265973306227153e-01	-6.27001301894679202720e-02
9.70203374693575759657e-01	1.27661329255783384529e-01	2.05932019719720887929e-01
-2.78785377321261351735e-01	2.58205641827540077760e-01	9.24991113427729105823e-01
-7.90606551648138977662e-01	-6.05963333895144562469e-01	8.80324852865129736657e-02
-4.57879492931247356058e-01	9.14735019294184575900e-02	-8.84295747133159282249e-01
6.75961091108296718843e-01	5.84821260357136329944e-01	4.48397922321202901941e-01
-2.10543401787457562513e-01	1.35336907415297191815e-01	-9.68171161239079869354e-01
2.21704041096611903505e-01	1.49229251457583339535e-01	-9.63627494766956638195e-01
9.38970345875024037241e-01	2.89617466460261374639e-01	1.85624386028552884609e-01
-1.80235275330799582516e-01	-9.44776004224601062553e-01	-2.73703393051360377441e-01
-5.51561968902966270889e-01	8.19433728601506872202e-01	1.55909457346612712048e-01
3.18780799597198849504e-01	9.33374935873495403804e-01	1.64893998954840359517e-01
-4.44144682114792688221e-01	-4.99705484819565393106e-01	-7.43659821282818045418e-01
6.12082667698685356505e-01	-2.25247258793825566592e-01	-7.58035936027262491343e-01
-8.73793952480103053304e-01	-3.78370886725476862633e-01	3.05482570186542068402e-01
-6.36226681158071349920e-02	-6.30324663051285205562e-01	7.73720217682793753866e-01
-6.62658655095767823440e-01	9.32396619173151419702e-02	7.43094793597837588450e-01
9.53736157293535891100e-01	-2.39140498940489970581e-01	1.82206377598187779787e-01
-3.13011338690966478548e-01	-4.13139581643038711345e-01	8.55183949762098882807e-01
-9.98154443434976168525e-01	-5.22254758725134646258e-02	-3.09872025343080510773e-02
4.58231588731418837401e-01	8.86829283529707468325e-01	-5.96458964461567611726e-02
-9.84642785685420518504e-01	-1.69271488087951421653e-01	4.27287715496923251046e-02
-9.57930052206753979149e-01	-2.27702636425990562197e-02	-2.86097064250600330304e-01
-7.82513954383870946607e-01	-5.76649042337785022738e-01	2.34835672685034441143e-01
3.59633656760493247706e-01	-6.77154232432901292960e-01	6.41970231726739837264e-01
8.99253014820379670269e-01	-3.49717202543921357183e-01	2.62758241700068895241e-01
-7.38138309049118368499e-01	-2.12022305979267217113e-01	6.40467312578356651187e-01
-1.32714853974090662980e-01	7.10946800142060242322e-01	-6.90609451790519135450e-01
2.22778544215012141994e-01	1.09140549498602912326e-01	9.68740450632976757284e-01
-5.18634557337153467849e-01	7.30401059918799999693e-01	-4.44446270774306928519e-01
-3.17311421618584277304e-01	2.32413666952598046977e-01	-9.19400537918071858456e-01
9.32263018185887304412e-01	2.02527045115452108970e-01	2.99780688036677456232e-01
7.41572840551046108537e-01	4.30685549676918633111e-01	5.14373093635877687291e-01
-8.48729321595161068092e-02	9.94705335324718720180e-01	5.79472282614546391200e-02
-4.46869716560182247966e-02	-8.29624240749556762786e-01	-5.56530945882558802928e-01
5.24023455087631706562e-01	1.38885518721873296721e-01	8.40303654167573466083e-01
8.11665719900322990554e-01	5.73143723888536960054e-01	-1.12716595521116375034e-01
2.55573665662684690325e-01	9.58642120411121068102e-01	-1.25249296977698126865e-01
1.53119637323540058738e-01	-5.96286001618877903319e-01	7.88033870426442351054e-01
-9.00012512834362232717e-01	-2.71571889407855482368e-01	3.40919617542059849580e-01
-9.11778993866486420217e-01	-1.03845422694451433587e-02	4.10549908812158692584e-01
7.19631212832964606285e-01	-4.16120925027906929383e-01	5.55854561257237089755e-01
5.22959122056255498734e-01	-8.42537708173592858607e-01	-1.29011499346919605857e-01
-3.46257598257608656400e-01	-5.86973904994040895922e-01	-7.31824644641678623280e-01
9.03924621443811693311e-01	1.13252476572957130885e-01	4.12424726826306764504e-01
1.65187001466559874041e-01	-1.70824654365683586965e-01	-9.71355852408030462364e-01
5.44238400556145363041e-01	5.60215628926662878584e-01	6.24470185410314293506e-01
-7.93684485917844906311e-01	-4.20520610719800458366e-01	4.39576333272359287552e-01
-5.51284072675896741345e-01	-7.21104432468687828184e-01	-4.19635876311699629326e-01
-2.12235868290423845828e-01	-1.20996280011889945083e-01	-9.69698838008117958154e-01
-4.30402366959679816283e-01	8.93084425167975815008e-01	1.30973325673173379702e-01
-5.86387205770499408963e-01	6.55882408061595145732e-01	-4.75361243376013042905e-01
8.46108542497889914991e-01	5.29248303061399028024e-01	-6.32184151867624249954e-02
7.41730097171603985906e-01	-6.41425252988167771129e-01	-1.95984968247230217919e-01
-5.96646805191382214456e-03	-9.98304031693556859217e-01	-5.79090801461684609452e-02
-8.13888448172154332916e-01	3.22675633089146873811e-01	4.83183225849615538561e-01
-5.48123049616647706195e-01	6.99773040882638142079e-01	-4.58125325356295576285e-01
3.87055779222583828947e-01	5.64539936196742364594e-01	-7.29028452263268289535e-01
8.98589982119411989636e-01	-3.62532510675061203642e-01	2.47196728817902500186e-01
9.29366710285856739704e-02	-9.39831018693104813799e-01	-3.28755884328182368392e-01
1.09525168497490180131e-01	8.92694969315756092776e-01	-4.37149778936164634668e-01
-1.04119841663248779984e-01	-9.17634341362348560089e-01	3.83544357440581629159e-01
-1.49886682713867291916e-01	9.29916329522456841516e-01	3.35841632964874847733e-01
1.98553815166417541027e-01	-3.84730379299538571836e-01	-9.01420499948216935593e-01
1.49673868347678772767e-02	-6.11769339570598143924e-03	-9.99869267033873021511e-01
6.67016326236693712914e-01	3.84000550280658936586e-01	6.38461273624216008038e-01
8.99382814340752512194e-01	1.78242016180622048216e-01	-3.99174569501082543432e-01
-1.49703912693916973975e-01	-3.89473843669560559899e-01	9.08789779663806918109e-01
-8.57155366686744024651e-02	4.25549853622759696736e-02	-9.95410427911229800380e-01
1.15651544010199752721e-01	8.91459165988206514442e-02	9.89281418971271753193e-01
-2.33553038238821036865e-01	-7.65138611223222686597e-01	-6.00013236474674638288e-01
-7.76385164668633831475e-01	-5.54482158716705586521e-01	2.99625786185568843134e-01
-3.69151438377240015409e-01	-9.19215400480063227207e-01	-1.37004609646141972679e-01
-5.98681300247031811246e-01	-5.11609956459408543594e-01	-6.16308326396881822618e-01
-6.53518636124263530007e-01	-1.68619357810081665905e-01	7.37889493359268566763e-01
6.60419179174033699198e-01	-5.23178801332550680314e-01	-5.38637586523008193851e-01
3.37579025560976020426e-01	8.26720635451666630011e-01	-4.50081539745515901707e-01
-3.35692863779296912785e-01	5.32953429758391480919e-02	-9.40462602991071650038e-01
6.33457482392564136253e-02	-2.22036790947749446135e-01	-9.72978406566987641391e-01
7.43299730189721286067e-01	1.07444087358485096395e-01	-6.60273639631016706630e-01
1.00412413183179449749e-01	9.94265226946340341385e-01	-3.67968173090111524970e-02
-9.87785138087355768510e-02	-7.69671579189421306566e-01	6.30752301143483573576e-01
-9.77345994696240838451e-01	1.11100348141916771549e-01	1.80143052305551248926e-01
-9.89689959252138540258e-01	1.25000783964342582211e-01	-6.99184422295004298631e-02
6.45603330911604378350e-01	-4.57795549036043303293e-01	-6.11244283734931448393e-01
-8.50051477604376271024e-01	-2.98650402354568800245e-01	4.33843776717000473298e-01
1.17471118762175100181e-01	9.43066683483196666060e-01	3.11168389719725824172e-01
-8.65347396677931812725e-02	-4.13515025017146486963e-01	9.06375784603547285379e-01
-8.49172780749353650620e-01	1.66818345901509276774e-02	5.27851593565006549369e-01
-4.88176954028683371400e-02	2.09421236839381574857e-01	-9.76606153050561420770e-01
-1.04602621752293359347e-01	-9.92840301379457668141e-01	5.76751894604111345344e-02
-4.51827735813285502608e-01	-8.06590584036712798799e-01	-3.81134263604251011248e-01
-6.34227343472137661262e-02	-5.53569303483084085293e-01	-8.30384599453275029646e-01
5.34937097576903664020e-01	-7.71837728551078350314e-01	3.43669641401608272346e-01
5.23531843966253185307e-01	7.73679402549438455239e-01	-3.56839726521639866164e-01
-9.83786957150501906177e-01	-1.32557379119920160093e-01	-1.20796374868678904613e-01
7.49340377819637470935e-01	-6.13518984403470524214e-01	-2.49165515161422213009e-01
-6.13177935284461628207e-01	6.33557316935239311917e-01	4.71824062377180164507e-01
-2.90372869094189356431e-01	-3.09737145160630888974e-01	-9.05398529820846897920e-01
-6.92627112020988477958e-01	3.03549055814132939801e-01	6.54313116487674761856e-01
-1.46031638225694898603e-01	-1.77668629524505600203e-01	-9.73195056871953068089e-01
-3.15245677761706477593e-01	-6.67257615922952296295e-01	6.74824004200636262674e-01
9.31215001788352592094e-01	3.07398351080172882455e-01	-1.95818472564539908243e-01
-6.61639351112024209911e-01	-3.46563569946194182173e-03	7.49814215942361195211e-01
4.09198068394747038745e-01	-8.28402738798413085242e-01	3.82499468200017289643e-01
-5.75464808372313840756e-01	4.28768781549079436299e-01	6.96417680917087222880e-01
-1.01839844539534096768e-02	3.54543967540929427784e-01	-9.34983883038086327488e-01
5.41769800326960315751e-01	7.57106994428005553033e-01	3.65067777874023668971e-01
-3.83435463035408721777e-02	-7.51772268416425304416e-01	6.58307093154016031988e-01
5.97485026739500102444e-01	7.89697412883816451945e-01	1.39246683647065355727e-01
8.15788893831559169811e-01	4.34417441464851283861e-01	3.81798333223461461294e-01
-8.45497629008024498276e-01	-4.23136192318824488900e-01	-3.25713865366115351563e-01
8.34026625058284731828e-01	4.28732861800790732154e-01	3.47257428870847262292e-01
-1.51495521761269621303e-02	3.04951442736655399524e-02	-9.99420100480569284507e-01
-8.60932512052685949833e-01	-2.78010249847876644846e-01	4.26034635528818095285e-01
6.40841367031547669286e-03	-6.82794008883799881382e-03	-9.99956154772984717738e-01
5.60983574532846307470e-01	-4.55008757452537382360e-01	6.91566670499561220176e-01
3.98561215855116723894e-01	6.72063101681165120382e-01	-6.24083443599317777561e-01
-1.50919323106327746276e-01	2.50770239370847247695e-01	9.56210042280991601160e-01
7.86892711675765132995e-01	5.99513519748115064623e-01	1.46230639575936460783e-01
-1.04630006319694716238e-02	-5.46199533055812327942e-02	-9.98452395619676691396e-01
-9.90191542376291256033e-01	1.34895508010421216749e-01	3.63855922732055150903e-02
-7.50633769483856072569e-01	-2.35413713268489671604e-01	-6.17356726468253902418e-01
-5.06442582162073495766e-01	8.55173573103757855840e-01	-1.10426766854612889990e-01
-7.75661462896935716138e-01	-4.51905256966810109365e-01	4.40602920669333486536e-01
-2.24823588586617828522e-01	1.99029716481808865991e-01	-9.53856134840158298438e-01
6.12016011076166113747e-02	-5.65827734938011486787e-02	-9.96520322806119795978e-01
-5.93710649537649959306e-01	-5.23590481883148162190e-01	6.11032463873200648585e-01
5.84514874173460374784e-01	6.45017335307627948104e-01	4.92234699124950825233e-01
6.33474251723800785285e-01	5.93164255419587171936e-01	-4.96856657895914100020e-01
9.36726769649806334517e-02	-2.90172993824771296989e-01	-9.52378634391271683413e-01
2.27155808944062460875e-02	1.87415779655723778452e-02	-9.99566283765108809511e-01
1.53516016953180456373e-01	1.43731751362169479780e-01	9.77636955208422087082e-01
9.22484285241291113167e-01	-1.34972774704553877267e-01	3.61669868210524159124e-01
2.23419593967944911383e-02	-5.19501523705712009438e-01	8.54177384222829627625e-01
-7.43606558745503076757e-01	-3.79470286646631571603e-01	5.50501214660779614185e-01
-2.29859667293166453073e-02	-1.38947034821312570552e-01	-9.90033013009103513014e-01
-2.20892423200487991730e-01	1.40200097323544714545e-01	-9.65168622616320304175e-01
4.47118483250458775835e-01	6.53759796263722048337e-01	6.10477838029379826779e-01
-2.16302006298081245239e-01	-8.53422877138773294803e-01	4.74218130028369044826e-01
7.16581597087979416116e-01	5.88907026234638530937e-01	3.73763734418302628892e-01
5.11043895478524801135e-01	-4.94406976524242980364e-01	-7.03132902414821625570e-01
9.03134743522977512242e-01	-2.04391375963830002060e-01	-3.77586811837090141619e-01
-1.34476171527638244108e-01	1.34039989743692994351e-01	-9.81809268870884044311e-01
6.64345009867721048025e-01	5.28682984183723503335e-01	5.28337023213829137802e-01
-4.97455823262127005968e-01	-6.59998007729996283288e-01	5.62974540894199959595e-01
8.47226044324366989180e-01	-3.81022579543633554966e-01	3.70175395854993483091e-01
9.07054760710951607332e-04	5.81747356742803090057e-01	-8.13369036891879004791e-01
9.10926972399362377963e-02	9.43498844757782673121e-01	-3.18609558002083070871e-01
-1.79899724956353701533e-01	-8.44184709115366471721e-01	-5.04963628251018148418e-01
-2.45860197104584649042e-01	-9.12041466383591403755e-01	3.28227249137793608558e-01
-1.77434772010232888473e-02	-3.14556549210570461639e-03	-9.99837624034298655396e-01
-9.54728959893700546147e-01	3.90484278814258942147e-02	2.94903091574642062245e-01
4.83861194433030883388e-01	-8.42586908218539321069e-01	2.36486038954868388329e-01
4.01603241734696636556e-01	7.36922479181510658997e-01	-5.43746352544234423654e-01
9.68861650704881172125e-01	2.06084637220228489296e-01	-1.37245124121840728071e-01
-6.59350991309886613756e-01	3.74830164814737437640e-02	7.50900322102820316772e-01
-6.78155667057452893332e-01	1.88697575168742776031e-01	7.10280308303206209253e-01
2.25430756338401178107e-01	-9.65626360988516285744e-01	-1.29409060968589312290e-01
-1.67636031449427763684e-01	2.57089683904779375823e-01	-9.51736862472830291715e-01
7.83725904218483204744e-01	3.72250401591600554863e-01	4.97195480240732790023e-01
-7.94221068961819209875e-01	-6.04070457532050575367e-01	6.56641146606293801824e-02
-1.67619277340193190140e-01	-3.89131085933128506582e-01	-9.05803938953930298794e-01
-3.93785017937390569021e-01	6.98103933829537282030e-01	5.97983492430831153897e-01
-7.82517495354244752015e-01	2.08108530040672895511e-01	-5.86819571238749615461e-01
-7.09419036367687105837e-01	7.04452969357550751184e-01	2.16943495517121810734e-02
9.95951992236339345155e-01	1.06496707067747897052e-02	-8.92536479607640154121e-02
2.94567292489739882000e-02	-2.74037451921466113092e-01	-9.61267796218276959763e-01
4.28328583378535299175e-01	-8.92820743383426429496e-01	-1.39304504037748161371e-01
-4.13024418921629443702e-01	5.47942956933517688611e-01	7.27440269246488413479e-01
-3.97415481886558008551e-01	2.70334762747975521080e-01	8.76915076165800000396e-01
-9.46300454007025643177e-02	-8.53648302642515011129e-01	5.12181344743259936436e-01
-7.72636890962200006960e-01	-5.89637385360182064709e-01	-2.35287034300391634245e-01
4.31557494155963450311e-01	-8.89851659851844112303e-01	-1.48061313977499581229e-01
5.33408080907562087702e-01	-7.82046625498878822391e-01	-3.22302489547208081966e-01
7.93884258851285218306e-01	4.43623256633880747035e-01	4.15867995548702407138e-01
1.31787619250452875397e-01	9.71300737696885074790e-01	-1.98007324010463059416e-01
-8.48999384284976121862e-01	2.95821771497297714149e-01	-4.37823623154269869762e-01
-8.34151632069250359436e-01	-2.49579694241467670013e-01	4.91834353150063741111e-01
-1.97854754752762707071e-01	-7.93279536027048925995e-01	5.75813401843369820909e-01
5.12396536874992203359e-01	-3.89250819709868078888e-01	7.65462989538821858559e-01
-9.98794582261668728584e-01	-3.04277411321126137200e-02	3.85166848824778154659e-02
3.46074386696937907892e-01	-8.80316687887215398867e-01	3.24461165472266221954e-01
-1.41872224494392601413e-01	-9.86974670523631525398e-01	-7.58503240716985743797e-02
8.17317580594558390494e-01	1.25433507965721335875e-01	-5.62368569116794336793e-01
-8.55170103815131921188e-01	4.77589462920068985596e-01	-2.01475552979850425217e-01
-8.51856274754835607332e-01	-1.46412757780311625355e-01	5.02895805828580955144e-01
1.51616772409814332123e-01	-3.83490370958684378966e-01	-9.11014538690794628550e-01
-5.63183846708758095723e-01	-5.92814194443963993209e-01	5.75669423951003400575e-01
8.25946624649439464783e-01	5.61158403822260010152e-01	5.39760970231376244199e-02
-2.32149753747326159647e-01	2.94932742251258206423e-01	-9.26887894722554173121e-01
5.28473895054856868114e-01	6.01281172448973499911e-01	5.99313185157757000177e-01
-1.09769224308450014105e-01	1.13491822853459101150e-01	-9.87456491973251582195e-01
-3.40873857820805592489e-01	9.36234677305895268695e-01	8.52621959856041111703e-02
-3.28922353003572365271e-01	-8.16345127622763899744e-01	4.74753323633617829724e-01
-5.16204811947129305061e-01	3.39821913045438572798e-01	-7.86163888471587801732e-01
4.70988130138052629725e-01	-5.89203152908793770237e-01	-6.56513385904200164056e-01
-2.59775565674206676547e-01	-7.62026604378702843157e-01	5.93154372568987953152e-01
2.21778807584657212948e-02	-9.90415374529883596466e-01	-1.36328747885006346108e-01
4.76855730172002334477e-01	5.65832246772412617020e-01	6.72638447544154249869e-01
3.77602085921214136732e-01	-8.70044655712496672884e-01	3.16921065525899214865e-01
2.62781933867413886041e-01	3.98804520119226180164e-01	8.78578744316851678597e-01
-7.04091891261597081775e-03	-3.87772672257740314006e-01	9.21728148702727345665e-01
4.20670721819699708344e-02	1.15883085510094185899e-01	-9.92371640027412849072e-01
-1.37248722803735678788e-01	-6.98621524896656520554e-01	7.02204210354661517712e-01
-2.34485495416389671391e-03	-6.66081402820982937385e-01	-7.45875369261698728529e-01
-1.21786217639443403171e-01	-8.89574696275912568666e-01	4.40255581382787419820e-01
-2.12143412646825429979e-01	8.70344460943089509586e-02	-9.73355113852912068317e-01
5.95488413745922207099e-01	6.52445319772611109777e-01	4.68730896998672874609e-01
1.02177410774171112395e-01	-1.06072993610080337779e-01	-9.89094685434151021930e-01
-5.30128979023725466213e-01	-6.38144590563461067134e-01	5.58332111859827895373e-01
-1.37971026843368899106e-01	5.17878764426576099211e-01	-8.44254452820824119463e-01
-8.96310669060744191761e-01	-4.43423184038376938521e-01	-1.75053853109784392228e-03
-8.23203184139886579018e-01	-2.34181878401538340340e-01	-5.17199541231698201038e-01
-8.57509356259457677929e-01	2.19407920081513885258e-01	4.65336296169764240815e-01
2.02733030999737301459e-01	1.46449136196564744239e-01	-9.68221032951122939636e-01
1.88247317502111738419e-01	-4.81010435819116843881e-01	8.56266260042028326538e-01
9.18783480720656964280e-01	-8.58955369761850301424e-02	3.85303610523450856817e-01
1.64723656878835722495e-01	-5.66232157843162720035e-01	8.07618263964318239267e-01
-2.36704875218765542488e-01	-6.19333896278220982778e-02	-9.69605619464366075277e-01
-4.93485209594164309088e-01	-8.68126347076223270349e-01	-5.31882827688247294962e-02
-5.17817749862585885445e-01	9.74794820411689078021e-02	8.49919130569628977767e-01
1.34640556081235096553e-01	7.37042051923377794509e-01	6.62299731507353661719e-01
7.56540312852015728318e-01	2.43667416150455534707e-01	-6.06854962356191740547e-01
-1.92273644798521853305e-01	-9.29126790284976800116e-01	-3.15838967023748640184e-01
-3.10194371120522394136e-01	-8.95156675366573395536e-01	3.20115570804993698761e-01
1.89771351138705524075e-01	9.38762531416010737040e-01	2.87596494930646817689e-01
2.79936345673501507658e-01	-4.70014280451304833353e-01	-8.37091523396819581215e-01
-8.49881980771420408871e-01	-3.04430217065311259361e-01	-4.30142838714786202026e-01
-3.79865051208867834931e-02	-4.26991367676090527450e-01	-9.03457468483603975962e-01
9.87495967850752665029e-01	-1.57539282679682479671e-01	-5.75220751331659632677e-03
5.94776486948507598918e-01	-5.11405920532745250640e-01	6.20245850463545855824e-01
9.78064964144509607635e-01	1.61813488577992187212e-02	2.07670628308727178712e-01
5.04034084951914485018e-01	5.11931098070069423578e-01	-6.95612098827686708979e-01
-2.12475298890030278587e-01	3.44269720294889947088e-01	-9.14512223564928894426e-01
-1.41313926735624935394e-02	3.82285949436099725673e-01	-9.23936013263280897512e-01
4.58022512796393832524e-01	-8.69657523529256515360e-01	1.84149856205857387348e-01
-8.32706645767242625844e-01	5.53539758050919372678e-01	1.39060545086513113328e-02
-1.22035847138750198210e-02	-3.88567220343931027382e-03	-9.99917983672490295888e-01
-8.11837167413074545230e-01	3.50365294496951695802e-01	4.67080907358435770682e-01
-1.85595349520667779464e-01	8.96650696901511001791e-01	4.01960065158636747906e-01
-9.75979668407775724503e-01	2.16235365273247659434e-01	2.65697884785204146985e-02
-9.17581781456182077328e-01	1.69393603308665957607e-01	3.59651889328842511162e-01
7.29928989521411858421e-02	-6.38459870193633816093e-01	-7.66186028882601566359e-01
-4.89489910732895661116e-01	-5.98341296226086893917e-01	-6.34340066936645685658e-01
-5.13647650240551534306e-02	-1.81401963275028582645e-01	9.82066692559109721827e-01
5.73606422522403569531e-01	7.32287919529781006212e-01	-3.67055956158996221639e-01
-7.08978763239564102605e-01	3.71734830390016424140e-01	-5.99301534413356873365e-01
-3.96001501011189416257e-01	-7.63344499557903288789e-01	5.10380236874018344828e-01
9.36856735031222770393e-02	-8.04332571816482211347e-01	-5.86747056656741761138e-01
2.32466559370611253188e-01	9.12911108564917084252e-01	-3.35488608797920861981e-01
-1.26991804346467201947e-01	7.34338112829954869909e-01	6.66798783497817404431e-01
9.70925512253974054566e-01	7.52160478459825698749e-02	2.27257993920541634392e-01
-1.60018436713893069667e-02	4.97950600952749178330e-01	-8.67057748947503648118e-01
5.41593581232943988013e-01	1.19882746205599247796e-02	-8.40554979783533551263e-01
-3.29722548499202350314e-01	-7.86564309870377731393e-01	-5.22110742514772852019e-01
-4.68312019592938832968e-01	8.59742825714572944662e-01	2.03779601376350316677e-01
-2.91597111712794232474e-01	8.41921393831012498943e-01	-4.54025870463789116283e-01
9.17592890611784617327e-01	-1.09543309491649296095e-01	-3.82130279413089857243e-01
-7.07574259027664909105e-01	6.99833073962943252866e-01	-9.78383184086299290128e-02
-3.42647845556694585767e-01	-7.06392103689422623525e-01	6.19356641831334098214e-01
-2.11291608516453122135e-01	5.91032635250625992818e-01	-7.78483320463084882412e-01
-2.73397791179827598373e-01	-4.57607551130226497538e-01	-8.46078587914023794170e-01
-1.40397405319985818517e-01	-3.32274425183266441941e-01	-9.32674795922215027488e-01
9.75529981178996252744e-01	-2.19659285829976569371e-01	9.54222036905433626530e-03
-4.89084630420313637433e-01	6.57368783175813820030e-01	5.73290944628096377222e-01
-3.76435627146440632274e-01	-7.43110322542410717261e-01	5.53247925568438492228e-01
9.45090433554998332610e-01	-6.71258500655094042520e-02	-3.19840886466705331959e-01
-7.87940824937797268390e-01	-5.33271755116054957391e-01	-3.07848163210024228231e-01
6.53982335586746899025e-01	1.10566655827234058829e-01	7.48386343648576590759e-01
1.16685793112866600940e-01	2.03221833605477075757e-01	-9.72154983545138740020e-01
3.12715437545449781442e-01	9.49560137542123428034e-01	2.33366731078240539909e-02
2.22444303956381345122e-01	-9.72593336778468819936e-01	-6.76811117778441800885e-02
-9.20758154704487075115e-01	-1.63208767077207023144e-01	3.54354792396442908053e-01
-5.25335897727501777155e-01	-8.45482935703475879663e-01	-9.58164912375326499605e-02
-9.75752793368260373796e-01	-4.17012742164140290391e-02	-2.14866214102553410026e-01
-4.47357232977915297845e-01	-8.91921488799554462723e-01	-6.59360593296998420687e-02
5.15359939917262033227e-01	6.01303002780646078662e-01	6.10605299007021651292e-01
7.33160429402550550826e-01	-6.75873302519262031396e-01	7.53064651937260798320e-02
-4.05988317116439539900e-02	-2.01203912296395837078e-01	9.78707678799075164733e-01
-7.78041915406904482921e-01	-2.07440480209645811138e-01	5.92974894106274019734e-01
-8.87327972679216148144e-01	-6.70392996977116767399e-02	-4.56239850513995293113e-01
9.02433281685967703112e-01	-4.29209853789111195344e-01	-3.73239000618193067504e-02
-6.71352334053011645665e-01	2.13859381198806708380e-01	7.09612717357036237864e-01
8.15686779038878873038e-01	3.42442741978773612654e-01	4.66248910955551987279e-01
5.27299633151613322823e-01	-6.94191494149951737747e-01	4.89952310258898071638e-01
-1.77383564392003673094e-01	-9.08413862686143325220e-01	-3.78575389008884988229e-01
-5.52490414703646792738e-01	-5.08139915056105229141e-01	-6.60717918924079716803e-01
-7.70693123306267602324e-01	-2.85634712452781325265e-01	-5.69600667775633340284e-01
6.62764756846231511966e-02	7.97595894460793375380e-01	-5.99540005262461539459e-01
5.44011556139827989753e-01	7.71624279065654894438e-01	3.29617048622687702775e-01
-4.28787363971115054184e-01	9.03365870780165503007e-01	-8.45576775319390253061e-03
-7.37343542415293762282e-01	-4.15157916114455682877e-01	5.32886859610901320039e-01
-6.24832780626059292040e-01	-5.76137794419768867193e-01	5.26924319135329777275e-01
-2.98821362949408142473e-01	5.40623313162200469506e-01	-7.86404619970269114226e-01
1.40256242771911426859e-01	-4.48169861469208230531e-01	8.82877093164262105596e-01
5.71225718109773294984e-01	6.15907382272841585902e-01	-5.42548869164602987070e-01
-8.83165371288893608082e-01	-2.05620457011867693864e-02	4.68610850528167866003e-01
-7.17689607614365066013e-01	6.38877934003603153990e-01	-2.77049837692835143610e-01
4.26591653923142299920e-01	7.34415288999498372391e-01	-5.27876637186096120402e-01
-1.54613136534469224059e-02	-9.58675136190513477175e-01	-2.84082613037492826003e-01
5.12845794961226952857e-01	-8.57462119870523786780e-01	4.18079367792139819371e-02
2.01536138626494693016e-01	3.51512935680493854296e-01	9.14232924848368933013e-01
-3.56937249507967402362e-01	-4.54868675148464629565e-01	8.15898454639036319058e-01
-8.18175657231099862088e-01	1.98789784814884878950e-01	5.39510162432284112732e-01
9.11081257854969517318e-01	2.38282565098657223013e-01	3.36381272896412675255e-01
9.82937912190920554112e-02	2.20497924308596660037e-01	-9.70422071051240009432e-01
-6.32522273018144010059e-02	-9.97979262571557668160e-01	-6.04542955376535448564e-03
-5.09261997647072028883e-01	-4.89236898311612933288e-01	-7.08025052581436664667e-01
-7.60376601491684622758e-01	5.18984855135478095889e-01	-3.90489620917077284723e-01
6.99889563830852656778e-01	-5.53060481431678963027e-01	-4.51972014973513969149e-01
7.14731279528606711082e-01	-1.84933037370947572775e-01	-6.74506463832746705478e-01
-2.03430884117032889646e-01	-2.77462946745220206957e-01	9.38951643361265575471e-01
1.54155658636738635003e-01	4.96211558419479115134e-01	-8.54406298081413440038e-01
-6.62859633421051142044e-01	7.34480951319015917811e-01	-1.45447029981443903823e-01
7.92500161798322833029e-01	-3.34451872672171968137e-01	-5.09985723737154783564e-01
-3.65624801514112418577e-01	-9.03367396482340545560e-01	-2.24155864278594740835e-01
9.16192897524694571665e-01	2.24622170718681068990e-01	-3.31866622224851637313e-01
-5.15007275723055824024e-01	4.63444982296127683252e-01	-7.21100724127259673502e-01
-6.52216807077980742502e-02	6.84479169776983864537e-01	7.26109081686120427790e-01
-7.86322989722092691167e-01	-4.05772244412690372140e-02	-6.16481666143570361527e-01
4.50312861063480118773e-01	2.19786097110615030736e-01	-8.65397249058319051329e-01
-7.55719873886845448091e-03	-1.32474003519026037323e-02	-9.99883690801654068103e-01
-6.66291406923463225276e-01	-3.10805886026055633309e-01	-6.77831440899218207186e-01
-9.07424423763550147548e-01	-1.77871858800977694637e-01	-3.80713168939654511558e-01
-9.66410683004346460212e-02	3.65218600945218074827e-01	9.25891936157437589472e-01
6.19023429206771336197e-01	-7.80962149635523017466e-01	-8.31150704129656053842e-02
3.38327721399427794324e-01	5.84873386006972473261e-01	7.37195683162489845408e-01
-5.74770508287376746814e-01	8.00126720967879290214e-01	1.71569499609517006622e-01
6.91049821758574878139e-01	-7.21407332931746192450e-01	-4.49622490512495628923e-02
-7.25598338724885660866e-01	2.87848527938589726638e-01	6.25020220315529617672e-01
-5.99967847198186188251e-01	5.08609232467186478388e-01	-6.17539659436957544258e-01
-6.11574086349603751600e-01	-7.88334415317834880099e-01	-6.71266454631445907975e-02
4.53283165399614274005e-01	-8.46246538578265372621e-01	-2.80002085545108470033e-01
8.64531156157414826247e-02	1.08224878639998717267e-01	-9.90360153905481488401e-01
-4.77341371989327856173e-01	6.37695148316751225792e-01	-6.04557782515966590786e-01
4.78813860978520855483e-01	1.96097815395244123859e-01	-8.55735317333610079338e-01
-7.80972961177968549862e-01	-1.72153033499638313808e-01	-6.00370358167179762887e-01
-6.98579670037112077097e-01	-4.87055163701222759709e-01	-5.24179084018825180991e-01
-2.03997603631275198355e-01	-1.64436571535566761204e-01	9.65062480699734548395e-01
-3.17886970894152909306e-01	-1.42623128177576469211e-01	-9.37340128792415794301e-01
7.40048574245456447507e-01	1.71923278238984539312e-01	6.50208039135804494180e-01
-6.32419871950173573261e-01	7.74462132467569897010e-01	1.59220267651471077130e-02
9.39328199328093083054e-01	-3.31868513055982750082e-01	-8.67515071284251509942e-02
5.70775015308555899729e-01	-6.82212668698970348125e-01	-4.56948308418082149718e-01
-3.57252222685207065922e-02	9.33718671913432274323e-01	3.56220648214110424679e-01
9.67611815001900743560e-01	1.48836232152658509698e-01	2.03899856467157719608e-01
6.68871263199413479406e-01	-5.15054196470523972806e-01	-5.36032096020493731281e-01
9.57452323285921558238e-01	2.82927790944938029050e-01	-5.68938814408763357533e-02
8.82836516872059995364e-01	-2.28954418800195541595e-01	-4.10097011192563587478e-01
2.09325269393706853149e-01	4.21950849666259120152e-01	-8.82122674042093879443e-01
-5.32842554713313543147e-01	-5.76341184997565925130e-01	6.19604430554035912060e-01
3.08427007750157022858e-01	2.58030618784758636330e-01	-9.15583409995964880856e-01
-6.36751433042605619050e-01	-1.41833348554195104452e-01	-7.57912207156008488340e-01
8.43552359674347496110e-01	-5.35179820277687179342e-01	4.47434515363177159886e-02
8.88876096735605414345e-01	3.83509079001543629062e-01	2.50639324479345060315e-01
6.79095166106365444314e-01	5.38051166904029543048e-01	-4.99330248597238735009e-01
-2.10478116061794701119e-01	-9.76855094392247713664e-01	3.81193811464778029019e-02
4.69720303066104988288e-02	9.96798463133519607737e-01	-6.47027995030204500226e-02
-1.82195652734032542686e-01	8.95763121259372074867e-01	-4.05478944849775535531e-01
9.35357119278829918230e-01	3.46524386347265178632e-01	-7.09077505006321662240e-02
-6.09620158886215457450e-01	5.27780034551396770581e-01	5.91448642748017228143e-01
8.82609201081940963896e-01	-2.78325002718241287791e-02	-4.69282803961659222836e-01
-3.22940285121195158613e-01	-7.84409232624158403446e-01	-5.29539165709034476137e-01
5.43159110334768713280e-01	-5.28322418209512090215e-01	6.52574595948689939462e-01
-2.55262775941115571676e-01	-6.29294025553608138424e-01	7.34050369267239433135e-01
-8.97079631644881358987e-01	2.80294631630993773541e-01	3.41589013240662153770e-01
2.32509932901803599570e-02	-8.23181160799977607034e-01	-5.67302536408062940687e-01
7.21566968073575010223e-01	-7.19265669244038841068e-04	-6.92344273639932117348e-01
7.19952507499537319724e-01	-4.20219505187974864957e-02	-6.92749985651190391955e-01
-5.58746073251982555696e-01	5.87501587478166498180e-01	5.85358616863307257283e-01
2.50525005875715300885e-01	9.62032942281845215859e-01	1.08304383085397637476e-01
-9.59314139405567367636e-02	-7.24067146357203150764e-01	6.83025571545825993525e-01
-4.72213521174009054349e-01	-8.74763325271691871698e-01	-1.08643983634878926736e-01
-2.05996930369568356789e-02	-7.28957201074722727085e-01	-6.84249261342742998160e-01
-5.91023422915581742032e-01	-1.67391354081865340042e-01	-7.89095335269312747606e-01
-5.20688618681216408568e-01	7.39768729701938632104e-01	-4.26175537696648121244e-01
5.50591371597565770735e-01	1.93120892835173862956e-01	8.12128968990059263433e-01
-6.91393762970025638204e-01	-7.09593690857129977267e-01	-1.35836145491190107837e-01
-9.65604620790017298404e-01	1.62261493135618578565e-01	2.03172153983675135569e-01
-2.35250841642556468569e-01	-6.27764064760478635030e-01	-7.42003585235186058355e-01
-8.89772534014635407829e-01	-4.07263743603054784170e-01	-2.06012331814383858886e-01
-5.25017348836511410504e-01	8.63762763547878120729e-02	8.46697066431532086028e-01
1.03302912290397605477e-01	4.09136709750031579702e-01	9.06606673837800913773e-01
3.31668743686827471873e-01	8.17499265090532500899e-01	4.70840520811071083784e-01
5.25348448078634122638e-01	1.97468303213712143007e-01	-8.27656497181812889075e-01
-1.06648083796311299309e-01	2.48759076488618335876e-01	9.62676014081115916099e-01
7.03084523226243041094e-01	5.49135727095438785916e-01	4.51798745490832542870e-01
9.83220864554631646115e-01	-1.10718519725861497260e-01	-1.44976345981531640206e-01
-3.34101559616974241873e-01	-7.29361748673578280666e-01	5.96998816944661614414e-01
4.49259783456440076055e-01	4.70251863915929935178e-01	7.59624138276467797404e-01
-4.20107220513956769459e-01	-8.75945147919726108121e-01	-2.37128701569267741345e-01
9.66447166222386910839e-01	-6.63381909289081778125e-02	-2.48151404035918704549e-01
6.87670637309809817950e-01	-3.26097582922150075468e-01	6.48667450234903797401e-01
3.88606014117816589426e-02	9.31919254720301570849e-01	-3.60577808994774873241e-01
3.32641261764526297018e-01	7.31289859286970544971e-01	5.95453552072490732705e-01
5.41782118225053954674e-01	-8.23010461289602868185e-01	-1.70663168198204900916e-01
6.08316710905173918533e-01	-3.26938053132218908736e-01	7.23230453346390356195e-01
-7.65020067801432501753e-01	6.97092072164757353692e-02	-6.40222556842807710709e-01
6.70233174777259299582e-01	2.38487735071666984155e-01	7.02788084452477312958e-01
5.62262531329803527669e-01	-2.62827425844221140849e-01	-7.84080729317270241907e-01
2.06739033009564004972e-01	8.94508406448104698150e-01	3.96375684198643274403e-01
6.71412490400541628333e-01	-7.26946617585557230967e-01	-1.44062080073348780518e-01
-7.50869296920733453327e-01	-5.62219242238541250245e-01	3.46561426876223210858e-01
4.76950179791439832222e-01	-7.53769480809668435128e-01	4.52050988049839452820e-01
5.79675347862308787406e-01	4.13955563734824838473e-01	-7.01866997609728482388e-01
7.83220104183312115786e-01	7.26170707209463587445e-03	-6.21702128043229995669e-01
-4.52047625714231238181e-01	2.93917814600729521146e-01	-8.42178877879549703245e-01
-1.23197074065258135867e-01	-9.74882526563022877575e-01	1.85543904087028005412e-01
6.60749337943596914968e-01	7.45238956101610838800e-01	8.96058631769137414746e-02
9.39872064787696248622e-01	-1.69142506627666056040e-01	-2.96700715003220372168e-01
-6.11151833741974459535e-01	4.77766647454320181332e-01	6.31056627169132244859e-01
6.41846771724461140352e-01	2.33932979484282155269e-01	7.30279455233743823861e-01
-8.08438688175230235622e-01	2.86450968404508232723e-01	5.14171887758979373473e-01
-2.66428462919289066324e-01	-8.16747136709510268560e-01	5.11800731557978116903e-01
-7.68392331658392380156e-01	1.62380926490883703561e-01	-6.19036072745798526817e-01
-3.72224282855745380871e-01	-7.13842843664685755556e-01	5.93192614418993957592e-01
-8.08627452694514192721e-01	3.48573399559400809444e-01	-4.73939055014865551207e-01
4.80273350832933709764e-01	7.21836188449449855931e-01	-4.98287091468839982156e-01
4.77880425163409949807e-01	1.47289986575624753939e-01	-8.65988428964377665586e-01
7.36717557992579874515e-01	-1.07564907968432904584e-01	-6.67590466018795125613e-01
-7.53464937128706768732e-01	-5.36665163248697063558e-01	-3.79843508662295381573e-01
-7.16712280150655023370e-01	5.11132746077112912197e-02	-6.95493307401390925548e-01
-4.89587167216840757344e-01	8.56563560066396001424e-01	1.63105098825790190142e-01
-7.10164272477265878791e-01	6.94285615913543319166e-01	-1.16765532724289924915e-01
3.02422851451502917863e-02	-9.11475154671246845517e-01	-4.10241936674233975690e-01
-1.87099225912710387387e-01	7.07708229404001687435e-01	6.81280369375720118441e-01
-7.51909957079987090189e-01	-5.22636578664843476361e-01	-4.01848756481190394485e-01
-6.69388245950168991882e-01	-2.84557797643052889924e-01	6.86255226562458742201e-01
5.66730816602912666931e-04	9.89873078038817966195e-01	-1.41954105929126078722e-01
3.19295391091962699193e-01	5.93934287407963279470e-01	-7.38439242909412096871e-01
-9.86549105471903331477e-01	1.44547093939507903526e-01	7.63347897503510591788e-02
-7.44516948997242189456e-01	6.63277645308953722747e-01	-7.58767282455408698105e-02
9.67598819687815026036e-01	1.87527770594762194234e-01	1.69073532507325152707e-01
-9.16499193496704722683e-01	-7.67927585887444863477e-02	3.92596613011651496272e-01
-9.72563358902392760541e-01	2.32502305913307200091e-01	7.94925565637409799191e-03
7.80651632541587869873e-01	-3.45780798239748887735e-01	5.20594533373945234089e-01
4.50169734209095118160e-01	-8.08940743947053286789e-01	3.78103270528701795872e-01
1.23491634984799883434e-01	7.84382174884838745399e-01	-6.07860526610925044899e-01
-5.57595323212470517227e-01	4.06695466400773142368e-01	-7.23661697991981656131e-01
-8.44989524390096113926e-01	4.05635935520678586608e-02	5.33242251279042789314e-01
-8.42692775065017385394e-01	3.30752865624016845203e-01	-4.24819289504044406147e-01
2.74895566908445299070e-01	9.61242117400373352609e-01	-2.11191626190834688681e-02
-5.26264087476536190913e-02	-4.08499392607417799450e-01	-9.11240202878305649570e-01
3.78724231084128337699e-01	6.30117806363727384067e-01	6.77878681544935468573e-01
-3.78464478171588625255e-01	-7.43950924010984171453e-01	-5.50728300912083024166e-01
6.68241799293161076179e-01	2.02658630321841198851e-01	-7.15808897146098410680e-01
8.21634422806471920175e-01	2.48297157029753717827e-01	5.13093945657535188687e-01
-5.79673037124510681650e-01	-5.75578576103587757906e-01	5.76791533191509664391e-01
5.56458764341057454672e-01	8.30009810321609697858e-01	-3.79125092536648847230e-02
-8.35876042876707581186e-01	5.44581519909208444652e-01	-6.88636995677174568176e-02
-3.16194644215128328746e-01	-4.20120885233851271146e-01	8.50599429085156177877e-01
6.23234372578413076127e-01	6.75880871932553639603e-01	-3.93400513208209845484e-01
-8.35218806702965776978e-01	5.31440163269901177934e-01	-1.41353803604057942644e-01
-5.37153799939442677669e-01	-8.40039843692650167739e-01	-7.61502214011564454443e-02
9.08210922013118482354e-01	-4.16905418047088194289e-01	-3.66441474053348856255e-02
-7.46155458013719741217e-01	-4.45192552375864247782e-01	4.95030932150102576106e-01
3.56605310118803087160e-01	9.30134646114110452686e-01	8.76481197359683938952e-02
-4.92190190359674817344e-01	5.98720022547873598207e-01	6.31888559094070934030e-01
2.49686745265723458731e-01	-9.11376577783666541599e-01	-3.27183836254088145079e-01
7.07924355078267564245e-01	-3.72737402132545192490e-01	5.99924942420716589275e-01
-4.77442905489313396128e-01	3.78286925760898007365e-01	-7.93061960880920846506e-01
8.84993494400471925054e-01	-1.71948264447520232645e-01	-4.32689622272510288070e-01
5.22147303221642822280e-01	5.26698911206608388902e-01	-6.70783460344796411690e-01
-5.38249899331784797951e-01	6.71234299936647627050e-01	-5.09638656753863217297e-01
-9.63012393541846201117e-01	-2.29137622278890284999e-01	1.41785330486552368923e-01
7.08629250432081803091e-02	-5.57459033701161565943e-01	-8.27174631863966114409e-01
-4.33196331871237502731e-02	9.09774779550771350856e-01	4.12835632999234369844e-01
8.57093113347991431006e-01	1.04332535142855648003e-01	5.04485993028658707971e-01
4.36843025858744460344e-01	8.73376698722763800120e-01	2.15363211544365024119e-01
3.69872519149426037810e-01	7.81505646391373987036e-01	-5.02437303786709366094e-01
7.81291226747588329893e-01	6.21713956760886810038e-01	-5.52790645359585788854e-02
9.32605584751400540355e-01	-3.41411821519275848758e-01	1.16982013221642144885e-01
-3.24842244712523375849e-01	7.47571091085074357352e-01	5.79322863198062254497e-01
-8.51365890447446815870e-01	-2.96346958833394069632e-01	4.32844776534065112106e-01
-3.80327701261653272624e-01	7.24279601129968253481e-01	-5.75125985363242775428e-01
8.64722259418739369607e-01	7.25965457415082490722e-03	-5.02197880801197982237e-01
-1.30086317188733646688e-01	9.53208087060544717595e-01	-2.72895388093402913032e-01
-5.75149857846061207667e-01	6.47790846841525103095e-01	-4.99569474415716641147e-01
-3.69289952748109218117e-01	-8.88760003202479387241e-01	-2.71533768630769167807e-01
2.37400238609974917336e-01	8.79787946402727616402e-01	4.11842562239987886041e-01
7.82090533008761856770e-01	-6.07022783770852947249e-01	-1.40917487066564067755e-01
-3.08891405986193301469e-01	-8.11481535524649189028e-01	-4.96068359009552428684e-01
-5.16747298290622936179e-01	8.31561803128240129013e-01	-2.03659513127798036392e-01
7.25263625525334743038e-01	-6.83410397668912539260e-01	8.33240772398092244266e-02
-7.79080354916677264576e-01	-3.02265616891926103271e-01	-5.49244296673026544120e-01
-3.49617396047526729497e-01	-7.99212307004973920854e-01	-4.88904249022990122775e-01
5.74932103311015185731e-01	6.83847240730479088988e-01	-4.49228258158013149526e-01
9.18657523354142191430e-01	-3.61809206773443747807e-01	-1.58626771633306989928e-01
-2.51566327359071417735e-01	-6.81244730077655957778e-01	6.87473636353053363379e-01
7.70869435358895738197e-01	-6.21947532891646837072e-01	1.37628412616912443323e-01
3.80857782417732326774e-01	5.11251224452822783384e-01	7.70434640360450506691e-01
-7.26484279885816319755e-01	-6.76521178194578354237e-01	1.20580622543617788089e-01
5.14665360023317308702e-01	-5.54600420246373126965e-01	6.53863855136996852124e-01
-3.97808545683535685900e-01	-6.01750259149350930077e-02	-9.15492942210526905455e-01
-2.50335415338464040147e-01	-4.42161445668616648330e-01	8.61292886184228057012e-01
8.40106721260503119808e-01	-2.50455851953275021593e-01	-4.81136740558530395795e-01
1.97700738397067782293e-01	-7.27668276714055206611e-01	-6.56820597348508283808e-01
-9.83054301266640284673e-01	-1.23060926802333759494e-02	-1.82901068460802618265e-01
4.35946294017090452133e-01	-5.23153962847138775949e-01	-7.32298272488812518333e-01
-1.60517375669801370952e-01	-8.03507912227789111714e-02	-9.83757044426088578248e-01
6.97312156201929211896e-01	-2.20239200255555017671e-01	-6.82092700066354584720e-01
7.37399759383834951798e-02	2.91898891002773108738e-01	-9.53602356005876172773e-01
-7.74332458997512296239e-02	7.12438117708806606387e-01	6.97449654717070877119e-01
-9.72831855733889416804e-01	-1.14994591476580240719e-01	2.00933880668471009923e-01
8.25721641604885807364e-03	6.95366341005165478073e-01	-7.18608008704430201163e-01
4.55289490151455200628e-01	1.65183750842570142847e-01	8.74886168947256570583e-01
1.79812476861836295638e-01	-7.40189963837606490493e-01	-6.47909168478803310087e-01
6.55060716147014776567e-01	-7.31519204766728048384e-01	-1.89143097200014292936e-01
-1.74011983761773431079e-01	5.59321795980214919730e-01	-8.10480695666935146981e-01
-1.68647689011407142523e-01	8.45977348593453970516e-01	-5.05846105705975990219e-01
-4.35618726064863182046e-01	-1.99061288577820384715e-02	-8.99911146466984890324e-01
-2.16405065706596816399e-01	9.71377943488097361779e-01	-9.79476311166237872952e-02
-1.92345194904295718752e-01	-9.66354743190753873172e-01	-1.70768370344043629583e-01
4.54410264899241578274e-01	3.64757135308910573901e-01	8.12689081626816300918e-01
1.29342517428598750839e-02	-8.39702655030231004396e-01	-5.42892398424433042514e-01
-5.43975019761186381895e-02	-1.74338486017328986311e-01	-9.83182080833425176003e-01
-5.57326025035687178111e-01	-8.13950540677041201043e-01	-1.63927481373541350518e-01
2.06508277324643607642e-01	3.78208299924041480011e-01	-9.02392826470254205695e-01
6.11881657088850228199e-01	-6.62131770383081352804e-01	-4.32645763145288408946e-01
2.72838933191109390963e-02	7.44164796731298094912e-01	6.67438644724155039079e-01
-3.35100905523994907487e-01	-7.30097311552635130916e-01	5.95537823131841892454e-01
-8.33867784935097722254e-01	-3.20755590905626608578e-01	4.49199697406639009145e-01
-9.89799214515813541304e-02	-3.52858242464456295373e-01	9.30426803071758956598e-01
3.83690654791759233611e-01	-9.17359148231037480059e-01	1.05989030480972551418e-01
4.56169173135655470208e-01	2.93319901655402559548e-01	-8.40162556160173878972e-01
-6.28216215047848414166e-01	-1.83682755822124454959e-01	7.56045654947203105145e-01
6.49797399212362014609e-01	5.37132816127255607874e-01	5.37821232210159316800e-01
8.67164756181827089954e-01	4.17468883641865406986e-01	-2.71560337359724235373e-01
-3.15647671861594758536e-01	3.11812378174474214010e-01	8.96180555505158182861e-01
-5.42697804755827156731e-02	-1.32556580627080727863e-01	-9.89688609543218134057e-01
-6.09061359428911930358e-01	2.22844464077268683555e-01	-7.61173176931978279214e-01
4.31199945179280008656e-02	9.98758426425084944178e-01	-2.49453746747147868390e-02
8.08408262401991817292e-01	4.51914852389278087763e-01	-3.77159180546052186234e-01
-7.61024721288681482712e-01	4.24681826280245311445e-01	-4.90394453491023896152e-01
-8.08191386790664378914e-01	3.79388436584407795493e-01	4.50434342056000136534e-01
-3.47022441551897875556e-01	8.47166053498887849926e-01	-4.02349478511504043965e-01
9.74329721304985962860e-01	-8.77065654506961889236e-02	-2.07338256379741070479e-01
2.00976394283170739508e-01	5.26605772845703756779e-01	8.26011409695116993746e-01
6.73414276034394965187e-01	3.67996161964756096641e-01	-6.41164594790043396166e-01
3.71408576466110973424e-01	4.48156310278869041142e-01	8.13149181199026349631e-01
-7.31388790270969701979e-01	-4.97387196973703427094e-01	4.66558049713655609292e-01
-3.53182050168799832601e-01	8.08143040459663564157e-01	-4.71346226881231955552e-01
6.39776744886967785320e-01	3.31363709084383950554e-01	-6.93457863899224591364e-01
-9.59227283726587942603e-01	-2.27992436284442101524e-01	-1.67040315946769907240e-01
-2.58069747802694038352e-01	9.41477916833935224439e-01	-2.16839427648866045484e-01
-7.74469172808088912596e-01	-3.72990900481207504624e-02	-6.31511106989842696535e-01
