7.42683126350525801840e-01	4.60205671336779198466e-01	-4.86448881079680650608e-01
-2.63739952078113737421e-01	-9.54131631638979960108e-01	1.41682981277823666355e-01
-7.21506696876609066038e-01	4.05962869844791740537e-01	-5.60911966951664786585e-01
3.98628273920621223336e-01	-9.10457017721183703429e-01	-1.10288340785933941524e-01
-9.33413511326254496936e-01	3.27150119895626034783e-01	-1.47349977692125877482e-01
7.74190792425363150109e-01	3.11525356860610613818e-01	5.50981459721339050795e-01
-8.92642726877249104156e-01	1.77607044755786924739e-01	-4.14300253205648671972e-01
-5.03306065666808133408e-01	-8.34051668141407076540e-01	2.25922152817147892101e-01
9.93540082581473860124e-01	1.13136399381385074903e-01	8.84643651498998387361e-03
6.77382632598973577487e-01	-6.16427867115021288491e-01	-4.01459155702432402002e-01
-3.42311392876133768759e-01	8.86482855196481178695e-01	-3.11401762599211706650e-01
-7.06362104822731429188e-01	-6.40916902404640498325e-01	-3.00463144299664808301e-01
7.75518604093141522560e-02	9.93167891082924580992e-01	8.71966115680542774857e-02
5.46822711336492517376e-01	-6.98722528315815050171e-01	-4.61271883806678439921e-01
-8.51218048271977556496e-01	4.35106661314000831009e-01	-2.93445101469130997796e-01
5.29649033437930127910e-01	-7.52584295892462895594e-01	-3.91265611770715449058e-01
-2.37870734089608348860e-01	-9.70750967953311727499e-01	3.25587481543585174903e-02
6.57235000390123835778e-01	2.40243999649712186573e-01	-7.14370334556596153774e-01
4.12033718222648559504e-01	-7.86828075624525391518e-01	-4.59488622771690946589e-01
1.16281879689974498859e-01	9.79607308711343383045e-01	-1.63853731038035826950e-01
-9.57526934788248129671e-01	-1.35135400769273411603e-01	2.54716690882144269903e-01
-7.59540197207482115083e-01	-3.88570704113079090636e-01	-5.21643074075641588472e-01
2.79284618366056058836e-01	9.43378518214676886622e-01	1.78989031270653187189e-01
7.31665746555008489338e-01	-6.50309841094408369599e-01	-2.04358376128475571765e-01
5.75392587436928670819e-01	6.08775820456695093696e-01	-5.46182543432059852684e-01
6.33756339353192643671e-01	-7.69369852813831300864e-01	8.01431962855519153255e-02
-8.74577456686565279931e-01	2.30936294568956534956e-01	-4.26359824686167121488e-01
8.96908641352359592425e-01	2.96900714319589753565e-01	3.27726799184902883866e-01
-7.62135994316101017532e-01	6.17776603625869280556e-01	-1.93651217864215546838e-01
-8.15470093281167596189e-01	5.88716076716217298626e-02	-5.75797412962373633682e-01
9.77805130032241121008e-01	1.58350661798075054154e-01	1.37194007124013250820e-01
-5.32580037569281405929e-01	-7.42956517286084805463e-01	4.05430779547920172590e-01
8.07885763585177829604e-01	4.45337615888083182547e-01	3.85998705789944607236e-01
-5.63258005685981943955e-01	-6.63910441572991172343e-01	4.91897697291831248467e-01
-3.17587379797745872345e-01	6.04157277335280906705e-01	-7.30843512960211549867e-01
3.89233210919378291859e-01	7.62406159915081205192e-01	-5.16947148982302207010e-01
6.02785198007391831432e-01	-4.41227064015099368355e-01	6.64807252550545624281e-01
-3.93553227489577384102e-01	7.31790216635045398519e-01	-5.56416153584500361440e-01
7.70219526189677039518e-01	-6.33640108539857194181e-01	-7.25402944972459717832e-02
-8.73946479915176155373e-01	-2.85114121876858528370e-01	-3.93608292278326332703e-01
-6.89961844970593651816e-01	4.94011448814881182212e-01	5.29060810233187295282e-01
8.71357820531427407218e-01	8.76981147213335837654e-02	-4.82746920521554712113e-01
-3.13356057781289609743e-01	-7.88694111222594584909e-01	5.28932490942436661641e-01
-2.65484557284627418344e-03	9.04237316374682187359e-01	-4.27022045649281811741e-01
6.02580076760180882722e-01	-7.83871429046918866135e-01	1.49809324862092113628e-01
-8.25745162851152403327e-01	4.82539769955306827032e-02	5.61975515242469025878e-01
-3.99248810423321887075e-01	-9.01180949919755946986e-01	-1.68740282319571860414e-01
7.85146510045219070406e-01	-1.96426220793004840948e-01	-5.87334400106779397355e-01
-9.90380358254745463142e-01	-1.19184909514465739444e-01	-7.02972497842603433194e-02
7.18455723620880726266e-01	-3.38508912482805901512e-01	-6.07645529372268677903e-01
9.10987126181379891499e-01	-3.78085828139849089435e-01	-1.64783380507850407692e-01
-9.79119860292253396672e-01	-1.90634141034991849706e-01	7.05898254221462156943e-02
5.09282741955373041698e-01	7.78714704900091092554e-01	3.66380263003864559135e-01
9.65710613198194622875e-01	2.57366857486631017693e-01	-3.41366697822626866121e-02
-7.43139882385847716506e-01	-1.68051329049448583408e-01	-6.47689637104271187518e-01
1.70798646420439598215e-01	8.59320074742479511620e-01	4.82075545454781539956e-01
-4.48308842984043109947e-01	7.88582175095644433149e-01	4.20900622978549299180e-01
8.65417753594999394906e-01	-4.77550637879024131305e-01	-1.51649266480000072255e-01
-8.00135190441612076384e-01	-1.41360431788966678379e-01	-5.82924442223348382441e-01
4.36630918224290065499e-01	-7.49478324251857896954e-01	-4.97630066140743010372e-01
-7.69717400349625435751e-01	6.38305818443827277520e-01	-1.00402061617208635674e-02
8.73110230245876084432e-01	5.18387716945960738690e-02	4.84758978863918499336e-01
-6.54759870517185094130e-01	-5.83160063227008196307e-01	-4.80847015814168055048e-01
1.93603732739273975971e-01	9.72902602364271729130e-01	1.26404592409640637030e-01
4.45025645968526895047e-01	-8.88022325608691209808e-01	1.15622331972793673804e-01
5.12550907378656162017e-01	-7.38794222498732500171e-01	-4.37578180612116118819e-01
-9.66313812862884757848e-01	-2.02440931807166320938e-03	2.57358731806998586311e-01
5.26912910846016990796e-01	6.34255016130914395234e-01	-5.65759099702824896916e-01
-7.76823831082023130712e-01	-4.11345028227711295710e-01	4.76801849005844102791e-01
1.90717768641101542704e-01	9.74361100884022723889e-01	-1.19361542418964294843e-01
7.87250722663473956331e-02	-7.11338299675928209531e-01	-6.98426937059860031276e-01
-8.90973384909053089942e-01	2.68687572944853347856e-01	3.66023790932650305852e-01
-2.28211662087281108580e-01	-8.72331164250162993667e-01	-4.32386143586165172525e-01
-7.63210499970022770988e-01	-5.50249649996711887034e-01	3.38725634421139898400e-01
3.70743791279936230065e-01	-6.17770403386432964687e-01	-6.93475861099103418894e-01
3.90283050229394579134e-01	7.95076970083684497759e-01	4.64253973969192379467e-01
-7.47458966332359531215e-01	3.54038801590130292052e-01	5.62104634937290792429e-01
-2.18783079326438284484e-01	-7.69523504980141326293e-01	-5.99972948959801133384e-01
9.05892391838521660041e-01	-3.94739409741558189282e-01	-1.53426766914930734487e-01
4.91861381173595957339e-01	8.14152335209829658424e-01	3.08590921419252928182e-01
-1.79637088458656279943e-01	8.59094482150593918846e-01	-4.79256911466595103555e-01
-2.27476077898776191111e-01	-9.72253397700341248644e-01	-5.45707306523562640788e-02
7.04393835547400981589e-01	6.42939690792213580650e-02	7.06891512173446034950e-01
7.70260768059225275906e-01	-4.34496110787185307878e-01	4.66809895888703918487e-01
2.42822995899338284209e-01	8.09590149558325755663e-01	-5.34416300650155884355e-01
-6.05323015389585550317e-01	-7.19358139880217350992e-01	-3.40746113151321472490e-01
-3.85275415176020541441e-01	5.25189800730841760412e-01	-7.58774358863848030765e-01
8.52164102946222135060e-01	-5.14559115763833507806e-01	9.51065614676623316548e-02
-8.79546418595853585209e-01	-4.69346529247490540371e-01	-7.81788527579033443171e-02
-8.96500384502266989273e-01	-3.07901531982662068909e-01	3.18565075282927212541e-01
4.13360252603873379318e-01	8.96054829130686125715e-01	-1.61922959332019111844e-01
2.41431160984945492043e-01	-7.37412424542607025657e-01	6.30820030306311174684e-01
3.92260980219347965559e-01	-5.93104072521966174669e-01	7.03106594020575514925e-01
6.64655306858899841416e-01	7.45945506211988518253e-01	4.24101971988099860078e-02
-8.58759244184934544819e-01	2.96800324275304061583e-01	-4.17662696487242357524e-01
-3.42333584131362334002e-01	5.65959426495316719752e-01	-7.49998429822934742361e-01
6.84580258269233521418e-01	-2.96697809174632509688e-01	6.65823009529561748998e-01
-8.71103401237050989359e-01	-2.58210924383737938648e-01	-4.17739132572155502654e-01
4.36722207725683653212e-01	-8.81535607099618756521e-01	1.79356312112820243110e-01
-9.47279571181334212326e-01	-2.31255595709219080591e-01	-2.21770745310741257406e-01
8.08524064046611701251e-01	2.73046907056722021334e-01	-5.21281329422326855649e-01
8.91390954662177770196e-01	2.86534591811888561530e-01	-3.51169608083680695465e-01
-4.19064749986716222896e-01	-8.07501676030604742529e-01	4.15121402154038643406e-01
-2.51567776075279858627e-01	9.67538217900498098700e-01	-2.41547291946372158500e-02
-3.90234895792523461822e-01	8.88525653363331113788e-01	-2.41327349094676624208e-01
-5.74102951285477725030e-01	-7.00787746862580385176e-01	4.23441064579915704691e-01
8.68509298921961159223e-01	-4.87544372645931256560e-01	-8.93984473431655712883e-02
6.93320635760456882579e-01	5.45917936248126789422e-01	-4.70404191000996507732e-01
-3.84968626071751640616e-01	-6.93797598541675775152e-01	-6.08641149774012291118e-01
-1.99916495231686863754e-01	8.88856580379460137209e-01	4.12270996373030274018e-01
8.35836604158087248528e-01	-3.61452652040007593737e-01	-4.13193842503397412713e-01
3.90814501168320616031e-01	-9.18825162138187656602e-01	-5.49940642096029830288e-02
-7.85786121146914484648e-01	5.93754994858575968486e-01	-1.73191159974691311074e-01
9.64818975876822526594e-01	1.89051128933292927892e-01	1.82712929036362325963e-01
-5.46670613719548614817e-01	8.24635583984238751398e-01	-1.45352652959846451175e-01
-5.02288095352268898486e-02	-7.71902915370780817739e-01	-6.33753071735958628530e-01
8.39773519950586466720e-01	3.84431491231552735499e-02	5.41574149563378459682e-01
-4.08305589703777616073e-01	2.72145622541382137261e-01	-8.71334210018299248901e-01
1.15563658520258308315e-01	-9.67532529983447853184e-01	-2.24779545896065857669e-01
-6.56653807747262674432e-01	-7.48377556046599279327e-01	-9.34709065792153348529e-02
7.87899556657264132919e-02	9.11533413911535195240e-01	-4.03607455591413477602e-01
7.27835385825396419257e-01	-1.99566001830972949982e-01	6.56070927608895515526e-01
2.36450925270782708054e-01	6.27147589304757335782e-01	-7.42143423583219496997e-01
-7.07608386879384987367e-01	-7.06537589620047090655e-01	9.74706478117390480442e-03
5.57629390255742318772e-01	-7.52000541203151740000e-01	3.51489187818311288325e-01
1.63033998496879717344e-01	8.68771653816360900358e-01	-4.67606382397957431873e-01
-9.45595226695692958607e-01	-4.26045746728401161785e-02	-3.22543822553257863994e-01
8.49069552645976610705e-01	-2.12594583022393229799e-01	-4.83616002670606393021e-01
-3.17721671668810767830e-01	-6.10765466075153029557e-01	7.25271318061025627166e-01
3.00477355524947364884e-01	7.17657617421199267582e-01	-6.28236343245169082117e-01
4.42136208815286091411e-01	-8.80004384903724679035e-01	1.73516153151984653391e-01
9.16134696104732193511e-01	-3.39869936470735323208e-01	-2.12569153163078145008e-01
-3.84283531389343846474e-01	9.22276427499852058389e-01	4.16216143493403009646e-02
5.53284307368910766023e-01	7.58677307076731310964e-01	-3.43926182408527791878e-01
4.26521264697467261673e-01	5.40756857666518819805e-01	-7.25025262765033318146e-01
-9.34734011694231314848e-01	-1.65992435384730366299e-02	3.54960268897744846139e-01
-9.12105601573084678879e-02	-9.38292926325939968812e-01	3.33597089499435339732e-01
-3.84346864899517637326e-01	-7.82313883361530737481e-01	4.90165763126835629659e-01
7.89678602800970574904e-01	-2.42990716506837567401e-01	-5.63349994204136561571e-01
-4.46370538427232010914e-01	8.74195408293369724539e-01	1.91143219976466050003e-01
-7.79954523453731396465e-01	7.26740779637598116603e-02	6.21602300298333965145e-01
1.98725135036974753788e-01	-9.41779710681799109295e-01	-2.71218172792021983142e-01
6.24344971401613157980e-01	-5.00141895560134996934e-01	-6.00042865961286087106e-01
-2.33031307184809077793e-01	9.29400414643539174442e-01	2.86201465985338465714e-01
-6.11127606115683952304e-01	-1.47581881022787464453e-01	7.77652002786007989776e-01
8.00434647166512691641e-01	3.64295653809666775125e-01	-4.76017911670146731673e-01
-5.69753730994630669393e-01	1.80770411788663404318e-01	8.01687435500554212986e-01
-8.06408357165817601953e-01	-5.90927232978314509459e-01	-2.25957256515473374481e-02
-6.73844430982934450292e-01	-5.80236077815291406701e-01	4.57449206835919941483e-01
4.51636812818803190517e-01	-2.85529565199026058586e-01	-8.45279277342186108335e-01
2.49555041713413555682e-01	7.77365651423609360648e-01	5.77429584574746135317e-01
-6.27665120895487316233e-01	5.53959093244019706859e-02	7.76510005886193344082e-01
-3.83830868824471815870e-01	-8.54663836841589530380e-01	-3.49604905761724149560e-01
6.71479049634728486495e-01	-3.37103196609854716126e-01	-6.59907054619860433675e-01
1.54057696528144327797e-01	8.47655677031474708016e-01	5.07686989528739474054e-01
-8.15622799533482045753e-01	-3.86560457100748378068e-01	4.30500246094268956831e-01
-9.27975131511975859233e-01	6.79732969455054958363e-02	3.66390210291826778910e-01
-1.74981692123505616632e-02	-8.78694851732540471723e-01	-4.77063068800074596698e-01
7.07243776905018717294e-01	7.06024798338760306571e-01	3.65407192025089325171e-02
-4.54477758972526901804e-01	8.13009039107527975432e-01	3.63959158325166509673e-01
-8.09560130362832808260e-01	-3.95138006112637107936e-01	-4.34140935011019968304e-01
1.98944522428777664791e-01	-6.47700232807509435062e-01	-7.35462769565315088727e-01
7.81246498568436198440e-01	5.12604538533757314589e-01	3.56216922042106365343e-01
-7.47538908422407888388e-01	5.96163724881642820286e-01	2.92872657532040447936e-01
-8.00857058532867038814e-01	-5.98422581663549335573e-01	2.27680818958555866716e-02
9.73466906578285495755e-01	-2.27234998142245653296e-01	2.69525029672065367936e-02
7.56649006310149419008e-02	6.08364771700476425487e-01	7.90042484532525457475e-01
-4.63892710788853579462e-01	-1.91473947970845603805e-01	-8.64951605655152833130e-01
5.96749838783130814868e-01	7.02303644848391583899e-01	3.88148451426733931413e-01
-1.85306438491515318434e-01	-9.79089918849248119770e-01	-8.39312496115898615257e-02
-4.23227674351656313334e-01	5.40417834450498291154e-01	-7.27204854130335309748e-01
-3.31933920523884817833e-01	-9.43154599428468909394e-01	1.67114925296234922980e-02
6.73079957767734438079e-01	6.99658697732533502167e-02	7.36252774200720438991e-01
8.54591395129660758023e-01	5.18180528621391522925e-01	-3.40952654777009339648e-02
-7.11348830970884193903e-01	1.20278287547912712818e-01	-6.92470919404488793880e-01
-1.89489332189253706362e-01	-6.51433792566492364529e-01	7.34661695536732661793e-01
9.34600981863736413047e-01	-1.80111492989800781039e-01	3.06726025619484810036e-01
3.01429026574234038005e-01	9.00348683006799821449e-01	-3.13867473540076935556e-01
3.00090282607522518266e-01	-9.16908066972942137340e-01	2.63107238601449522353e-01
7.66276791060566453417e-01	6.42465114289253902413e-01	-7.64567872834482666067e-03
-7.21794198754246218996e-01	-6.91544494364338957482e-01	-2.79167863316411093977e-02
4.15320168310234494324e-01	8.11031242404218200015e-01	-4.11992089291807528362e-01
2.31717647654750086295e-01	-8.86517615030759653649e-01	4.00491510528653837930e-01
3.92298468212677831080e-01	-7.87739867386586634090e-01	4.74939799519633221170e-01
5.52057132997106569938e-01	7.45336850238862536067e-01	-3.73772526522518189207e-01
-9.71325702383616151891e-01	1.27918431369564877809e-01	-2.00407721420420209535e-01
1.20066299935881012906e-01	7.75141321002770666837e-01	-6.20274145917582897525e-01
3.47114015456779834157e-01	-8.84808087582029889617e-01	3.10848047159542728579e-01
-8.27983870075147176948e-01	5.31237359035307110666e-01	-1.79525984917432046561e-01
-7.06135755958547495226e-01	7.01689174825140926650e-01	9.48925502347965632577e-02
4.95377299307024066000e-01	-4.02672724801897197189e-01	-7.69711639532555391696e-01
-7.07315763390357732376e-01	-2.47472441054433833774e-01	6.62164482419644095934e-01
-8.86432420735837389714e-01	-2.66247258158970656616e-01	3.78615848837887236655e-01
2.82538222372147818096e-01	-6.10468246954875670696e-01	-7.39932883685153974795e-01
4.20418264254321882856e-01	8.32661934287562743862e-01	3.60447758031420872893e-01
-8.79566131351655733361e-01	4.24725502059272119748e-01	-2.14410047524785873918e-01
-2.75781450069984279683e-01	-8.64941434311308432470e-01	-4.19310036856730905530e-01
9.10055515247256141542e-01	1.30837186436531804912e-01	3.93294533159848802573e-01
-5.32044369606261779992e-01	7.98361483638465041501e-01	2.82042071707155950211e-01
-6.11162942493061689397e-01	-6.19561728253112842246e-01	-4.92567886293086010241e-01
9.25917164046319157711e-02	8.56564219039855467841e-01	5.07665749006062871906e-01
-8.66888686899709104416e-01	-9.33160744457121188455e-02	-4.89689814857671434911e-01
5.36373840109006464610e-03	-9.78166938450845679931e-01	2.07751464091265131140e-01
-3.14493906947478085723e-01	6.14254459698324040140e-01	-7.23729950488185225232e-01
4.44885812884286746538e-01	8.53223029984467973286e-01	-2.72189409416330629909e-01
-7.05821292283393408873e-01	-4.69878119325625176472e-01	-5.30123435002089027357e-01
9.21471091024946953318e-01	2.43762171476943650950e-01	3.02441783095753702337e-01
4.07238454057406162878e-02	6.66984528192712589068e-01	-7.43957799587391943597e-01
-1.98894219386969134389e-01	6.59745379783933327822e-01	-7.24691053724414113724e-01
-7.10047253794997779153e-01	-6.53539724382347975151e-01	2.62142568142655019159e-01
-3.26717522279507177618e-01	5.83473865508731703855e-01	-7.43514565360920309800e-01
-5.73775151037943076382e-01	-5.84765283986275141714e-01	5.73438434965634735718e-01
8.85284235778452166521e-01	-4.18744374541458186378e-01	2.02299210754874225771e-01
6.56190763132251886347e-01	6.85735156416567903648e-01	-3.14930115476843353051e-01
-9.94980508259609486288e-01	-9.18734475919687210155e-02	3.96617928366195249268e-02
-3.38548078480170738791e-02	-9.16522856923410622620e-01	3.98546991862343769064e-01
-9.43322975230394988877e-01	-2.64280391254668012291e-01	-2.00742718923390239816e-01
6.76480648502426729074e-01	7.02237566459239404004e-01	-2.21892614692652173636e-01
2.14953665769082896686e-01	4.39595596264805099640e-01	-8.72095541392698403449e-01
-9.62587868270157964723e-01	-2.33700983055352501383e-01	1.37143889320942041765e-01
2.99166836441157990567e-01	-8.42794426518507666657e-01	4.47433524228045942372e-01
9.45496332775765280232e-01	-5.22337555020844848674e-02	-3.21416115796529233695e-01
-1.71816240716269358346e-01	9.54523897299070944733e-01	-2.43645867831000978443e-01
7.29170166502965400035e-01	-6.41155879648972581997e-01	2.39227937903560755606e-01
-1.20419134779024827875e-01	9.28398838381936375441e-01	-3.51532116413482476069e-01
6.43241690259933385221e-01	1.93227503551961887762e-01	-7.40880057622433474407e-01
-5.82746532261621874582e-01	8.11801314907030557855e-01	3.72169887587759512515e-02
8.21575315817641149696e-02	-9.69974303369534052166e-01	2.28910442765677374366e-01
-5.79460946585872882508e-01	8.14676511100797751119e-01	2.29606977776381886158e-02
7.20126554801168050624e-01	-2.78439641988699082553e-01	-6.35522706785056845646e-01
3.53955048442871123004e-01	-5.73171848578909459704e-01	-7.39046585594196892011e-01
-5.27535912709009457977e-01	-1.18475578195760700845e-02	8.49450114000807054992e-01
2.50343640616264073717e-01	9.17836732859676152074e-01	-3.08064592928935010452e-01
-8.45998382507498258853e-01	-8.03805104403405995539e-02	5.27091747550696321234e-01
2.85071382843771148341e-01	9.11947363695260748706e-01	-2.95103901249719358102e-01
-9.44996782919867300832e-02	-7.70537271825026182093e-01	-6.30350794027545235920e-01
6.69869541203743201763e-01	-2.27706370539175417811e-01	-7.06699799478790247065e-01
-7.77348263344863954494e-01	-2.71643855980124138139e-01	5.67396944812865178243e-01
7.84902743175646122609e-01	6.12239408768474047129e-01	-9.53445861398297817013e-02
-7.93795097097145685439e-01	-2.97479788039823722645e-01	5.30466888252522861258e-01
5.13817577625522367568e-02	-8.07856530651896553863e-01	-5.87135198103734601283e-01
7.30194154787410565355e-01	6.80550524265095657661e-01	-6.05597245436486769643e-02
-4.31727453678640238355e-01	2.43833824810586935472e-01	8.68421828156338615479e-01
-4.21202306879964238906e-01	-9.00384040593533940822e-01	-1.09074268842187377393e-01
3.45701381595012569026e-01	9.38157507740857155021e-01	1.87362064667097455439e-02
-5.66806197405056999550e-01	4.79914662258065338740e-01	6.69636208349687955810e-01
1.92955549791329478149e-01	-9.20942554224520870676e-01	-3.38574906960249055743e-01
-5.86300593829605198870e-01	1.98231259047201457957e-01	7.85465455390377931266e-01
-2.28736696164826891486e-01	-8.98851415926836705417e-01	-3.73825702586005337302e-01
6.73243363082848378376e-01	4.38517591530653338960e-01	-5.95353421072770228051e-01
5.80765979937881815509e-01	-2.88774948436388068096e-01	-7.61130675838487813500e-01
-1.12535187252020024706e-01	9.28816147697500205105e-01	3.53038801559443671252e-01
-9.80804348965375383251e-01	-1.59991135615522889202e-01	-1.11470469520234372052e-01
1.59919500821126880918e-01	-4.72915589163254934668e-01	-8.66473657293453491945e-01
9.76728625258434846046e-01	-2.04734154184197214565e-01	-6.39149333978328709760e-02
-6.51032353144271658252e-01	3.98320206053543623970e-01	6.46140765320448617892e-01
-7.55860664739175791560e-01	-5.09069675314349434636e-01	-4.11731370161898424520e-01
7.11249436363057929711e-01	-5.56918299034980690543e-01	-4.28912866994237473861e-01
-8.88500086689012591457e-01	2.29819935813810327652e-01	3.97178036976055692797e-01
2.10889734452253674313e-02	-8.24989382280237104617e-01	-5.64754614256403719708e-01
9.81004074948317317251e-01	1.76702179069677750567e-01	8.00458921296020309288e-02
-8.74051331374845030808e-01	-2.86139704700640928881e-01	-3.92630028800257047106e-01
-1.44154301998838524357e-01	6.80622974655329948668e-01	7.18311842855564930410e-01
1.55994256589067431529e-01	-6.18561627761670673742e-01	-7.70095646379108211832e-01
4.50115868936774576881e-01	5.62061735259776207307e-01	6.93889263707157755157e-01
-8.88312899097148833683e-01	3.94103414225452197694e-01	2.35759818869671511354e-01
8.95605867829888602216e-01	2.64240354810292565890e-01	3.57864729190238761714e-01
2.82531241838549163070e-01	-5.36882663124046088932e-01	-7.94942201309000173737e-01
-7.89798889754300015298e-01	6.11744605951736186711e-01	-4.45673740737558832237e-02
5.30467054699859455469e-02	8.08595694149518928739e-01	5.85968472224946634874e-01
4.20673212330665180492e-01	-8.22826857171021663895e-01	-3.82086392777154726375e-01
-8.65087740606909516572e-01	4.95766434761936602982e-01	7.64123237120205300865e-02
-5.21035861876113282065e-01	-2.96436431026891877849e-02	-8.53019862056339284173e-01
8.78044631646426543270e-01	-4.77479813289570176327e-01	-3.24137738908650135938e-02
2.49904639217287061204e-01	5.67456805603138492167e-01	7.84563856593177288978e-01
-5.15935548255140208340e-01	8.54645563370477256981e-01	5.82363379500082656293e-02
2.04760081100956781164e-01	-8.01212100676482186223e-01	-5.62256595263326497403e-01
7.37892657157756093333e-01	-4.76353303940969419195e-01	4.78123369369442829946e-01
8.79927835556530528460e-03	7.00279559847544419426e-01	7.13814479231228982137e-01
3.74609670045987497300e-01	-8.94130364019637746686e-01	-2.45353800146128314674e-01
-7.44724009798800601345e-01	4.67525356051073592845e-01	-4.76241735548778744036e-01
8.22115097345835987852e-01	8.87430088821837687041e-02	5.62362378800878803808e-01
-5.43837511261985429023e-01	8.38991895760337280663e-01	-1.82581541467179697680e-02
-5.48567353335036034245e-01	4.25206114039760441070e-01	-7.19912230371314021404e-01
5.18987105682264582285e-01	-8.53527629853467861842e-01	4.62922154607832633810e-02
5.29585090109061962238e-01	2.33075455337696024749e-01	8.15607420548208672528e-01
1.58167263389303786036e-01	-9.51341143119015297813e-01	2.64448759121580723175e-01
-5.10809451144987214377e-01	6.09453072153650188270e-01	-6.06333783871090603590e-01
5.01198230262896005094e-01	-7.27726210859399313957e-02	8.62267058167957123338e-01
6.94050289883888171794e-01	-2.46782107122268459798e-02	7.19503426696588843647e-01
-4.30977152782308914336e-01	7.14670948186716725736e-01	-5.50912088810505018444e-01
-2.18869131006383027538e-01	-7.83608248101761328819e-01	-5.81424472308656126174e-01
-6.18417176900503573478e-01	1.72289131617845064914e-01	-7.66731146126711227140e-01
-1.06063703139635964745e-01	-9.37213416531455734138e-01	3.32237118260051256247e-01
8.06761691736240238448e-01	5.75809095891333000417e-01	1.32587547815339934498e-01
4.01661377464582136643e-01	-2.68201515578291638242e-01	8.75634675475316037740e-01
-8.48273491163333392961e-01	-2.51657752928358020850e-02	-5.28960081616260291426e-01
7.77874074285343608537e-01	6.02323044765655124522e-01	1.79217393963170712468e-01
8.59527770794068834981e-01	4.95376080757009118472e-01	1.25755913767916227552e-01
-9.12225841590487140920e-01	9.93425626439003450763e-02	-3.97460776909961677195e-01
-9.44444584149939508899e-02	-8.45081981260259129662e-01	5.26228742301229068801e-01
3.89694510086877443644e-01	8.33608592285812632916e-01	-3.91452300638806427457e-01
-7.92079029235015497079e-01	2.21193123676231867547e-01	-5.68932696796788595073e-01
8.81885304551439097587e-01	4.09265427126004388558e-01	2.34051532307705589808e-01
-2.52270498447773494632e-01	3.66260819105618362634e-01	-8.95663222422911298182e-01
5.94357005464438148401e-01	6.91971294115629853572e-01	-4.09774911598167701499e-01
4.32237005194477108549e-01	-7.66278672329046228739e-01	4.75382128055045705128e-01
-7.97232508423404206965e-01	6.32560653061662037100e-02	-6.00349063224811518857e-01
9.75320655003582115405e-01	1.86876333628607421700e-01	1.17587651787562100236e-01
-5.19534397920366597390e-01	1.69174808942996551808e-01	-8.37534413261104671022e-01
8.17717534008559177039e-01	4.91096644491662348564e-01	-3.00270079002205370067e-01
-8.83389885550596165587e-01	1.65249446745459743768e-01	-4.38537262336080313485e-01
2.20223184528225701673e-01	-7.85751419917678939342e-01	5.78010774202002530764e-01
9.66345224985129536144e-01	-1.70694768613196719287e-02	2.56681785696064090896e-01
2.75194696469466426603e-01	6.42164819807897746529e-01	-7.15466437533004540050e-01
3.00459791554730570873e-01	7.86341171776144043370e-01	-5.39806886977749256218e-01
8.42631359586974215681e-01	-2.16877425947924168392e-01	4.92885964453046498956e-01
2.72082194033076568696e-02	4.66787097400727490903e-01	-8.83951083769404788448e-01
-9.96118999974323293678e-01	2.20554701470378720918e-02	8.52085331803525830585e-02
-7.51924726657407366259e-02	-8.58540563758555586027e-01	5.07202319036056281654e-01
9.97415078736722526820e-01	-4.12313418257657850891e-03	-7.17367442328547821884e-02
1.42250137585723385181e-01	5.90621301272699295026e-01	-7.94311888894901341196e-01
3.94940680985254366497e-01	-6.49589420846710785540e-01	6.49657942941466948206e-01
-8.92463638300416639559e-01	3.57721277762416023371e-01	-2.74852945677515669853e-01
8.35994775531433642612e-01	-8.96015806284846949570e-02	-5.41372600002091863836e-01
-4.09329106893108751741e-01	6.54048186407090725858e-01	-6.36137290298002699984e-01
6.71638346094033944489e-01	-7.04650657524426904388e-01	2.28843577376476897678e-01
-3.19051219594694512871e-01	5.35841678296209655841e-01	-7.81716070626566561508e-01
-5.31026991969925754589e-01	-6.90973617077427992861e-01	4.90475070011013314364e-01
7.65881025077476462748e-01	-3.35120236910454283308e-01	-5.48744642105373547913e-01
-2.60529991393408155709e-01	6.90334887411037101401e-01	-6.74953233052291823313e-01
6.10407066232154904561e-01	4.10476982221309960597e-01	-6.77430336315358649912e-01
-7.73418539538481386586e-01	6.15868000160740947102e-01	1.50101196118392066214e-01
5.34775522542501269285e-01	-6.93878692680974906715e-01	4.82231791084677285930e-01
3.94039557920582761419e-01	-8.40236168669603489256e-01	-3.72472828073642736602e-01
-1.53916047590057891714e-01	6.11066771524413021588e-01	-7.76471023949371730311e-01
-7.68548837324958156181e-01	2.70988936189696938417e-01	5.79566804699191862049e-01
3.73674764456368990739e-01	3.15773407620855539601e-01	-8.72154989349937848075e-01
1.91510907937435248538e-02	-9.57188581977088226438e-01	2.88830840205994698877e-01
-4.66919385606042347536e-01	-2.06100372861452357798e-01	8.59947047004433917650e-01
2.91775165309007766812e-01	6.58956569559205451725e-01	-6.93284568084177932334e-01
6.68420143174676129050e-02	-9.48177266073998326057e-01	3.10631642339317726176e-01
3.93699207812870100032e-01	-8.81307454737333517691e-01	2.61339059445620025546e-01
1.42657649298442018582e-01	8.06009536441688489994e-01	-5.74454021016214233519e-01
-5.63013309884044743647e-01	6.39794215537884403133e-01	5.23143741869933620592e-01
4.76182846079729438227e-01	-2.26282673740323708733e-01	-8.49732927845178287463e-01
-7.27614525669382339323e-01	6.36103284654210843208e-01	2.56806762541494926211e-01
-3.39334820842271456254e-01	-6.81470336374829122050e-01	6.48421205702837011309e-01
-7.72577071674567572579e-01	-5.03060959447647393361e-01	3.87368480135339088299e-01
3.49244574502940094418e-02	9.86547116473609153608e-01	1.59703065873544353126e-01
1.71748868593937648042e-01	-4.63378320165085955118e-01	-8.69357727599913698846e-01
6.85800409718356485111e-02	-7.51500933739393417454e-01	-6.56157850344809334686e-01
1.66453538308392490208e-01	-4.10681508929260308260e-01	-8.96456311154203655533e-01
8.83085812092184396782e-01	4.69091288490485036622e-01	1.06212778809242798517e-02
-9.26959552203724057584e-01	2.41079244039883178186e-01	2.87448754861505673119e-01
-6.94344143465227880974e-01	-5.33647119831216043551e-01	-4.82811518018560481558e-01
9.03540641051050252841e-01	-3.55624234737892674918e-01	-2.39051696576588756926e-01
1.13210730133271542108e-01	-6.11764218610223120542e-01	-7.82897101419410601508e-01
-9.02488913924102686970e-01	9.77540000323069285804e-02	4.19473379038262039753e-01
9.61640316801622208054e-01	2.50633856311509417569e-01	1.11492471369582540897e-01
-7.60841810063727197466e-01	-3.53880968929501382725e-01	-5.43955880461337248910e-01
9.31832570639069213136e-01	-2.36612203619800509635e-01	-2.75141282606529147259e-01
-9.02259532359776295074e-01	2.56387221882391602712e-01	3.46689095186663354120e-01
4.35443747480997511712e-01	-5.78321878759016305693e-01	-6.89878646812862927895e-01
-4.45801482661272119312e-01	6.70650802327875550368e-01	-5.92864688941741935224e-01
-5.66495076557548160601e-01	-6.95207945058078813361e-01	-4.42458180356269381583e-01
6.06057951194488131463e-01	-5.25835851539867144000e-02	7.93680493880436044307e-01
9.99316787574269921324e-02	3.21449757537162539300e-01	-9.41638844228519400481e-01
-1.37476755731302857644e-01	-7.90514059300046478818e-01	5.96814597410752267770e-01
-3.62902560703641408058e-01	9.15746301984311616984e-01	-1.72367171575093763858e-01
6.72532252257855067690e-01	-6.01744740202385219874e-01	-4.30817405999038838260e-01
-3.41782799394689668082e-02	7.33829624767997845680e-01	-6.78473232333626219415e-01
-5.98643196788373965767e-01	-2.72039406470813427408e-01	7.53406188099091544963e-01
-4.52142039745821233687e-01	8.80662108308319813155e-01	-1.41427815101674209108e-01
-2.18967934926099727644e-01	-8.48668248379912726342e-01	4.81471959376629010663e-01
4.21395277822519453981e-01	-7.13689932877390686983e-01	-5.59528997942329242576e-01
2.10697937956005804105e-01	-9.68276264152971744004e-01	-1.34340817397586409498e-01
5.16467741658424683848e-01	4.75055999026100794769e-01	-7.12448503132373733848e-01
-3.55366289669474422208e-01	-8.36735421165607173855e-01	4.16639694620381861867e-01
4.57861049841981615494e-01	4.30134960207886121730e-02	-8.87982600166055013879e-01
1.37256431441970055962e-01	-9.50165204181571798614e-01	-2.79904906692268751200e-01
-5.16061980573863765542e-01	-1.60432372463049886802e-02	8.56400984787406671650e-01
2.42697715199096025751e-01	-5.43541876601475681952e-01	-8.03529742708808947249e-01
-2.93289662782912408101e-01	9.41294849672759781356e-01	1.67168118025603329446e-01
-6.41683970523714286571e-01	-2.04280410797428479963e-01	7.39263955388976490291e-01
1.33437569495783198148e-01	-9.62208697850559735443e-01	-2.37379099391223341575e-01
6.69836626723117722904e-01	7.17940186720570805434e-01	1.89422231514220135162e-01
-7.21444216237351443333e-01	-6.88639277559853324462e-01	7.27611727469874847163e-02
8.42681829914933677728e-01	-2.46635802676687221346e-01	-4.78600161271645396788e-01
-6.07860170981179614991e-01	1.82449607822100789978e-01	7.72798908604491074925e-01
-1.21936396874447558480e-01	-9.91595794234791716448e-01	4.32353555918031998151e-02
-8.26935422917172369139e-01	-1.14541419278812381388e-01	-5.50507102219755739547e-01
4.59359457857196673558e-01	3.56987319132848368586e-01	8.13356589974830290757e-01
3.01476906788834486672e-01	-4.45887544636609400861e-01	-8.42790586214020254197e-01
-7.85806297794395258727e-01	5.46425706777385999935e-01	-2.89702277035407851358e-01
3.53313323170799220563e-01	-6.24685660887499438765e-01	-6.96374554928275935062e-01
-4.92576264205265290652e-01	6.85807222630915203077e-01	5.35758413213320294766e-01
-3.82642142679300578667e-01	8.39245796687916739698e-02	-9.20076983503668843767e-01
-5.62518280372968804137e-01	6.59080427104335231370e-01	-4.99185511462627740098e-01
1.46532548838677195713e-01	-9.56545730682616945906e-01	-2.52088233052832177972e-01
4.66168156753904272538e-01	3.32606678882725714796e-01	8.19792685251137576152e-01
-2.20351337561529331266e-01	9.59980164101609578786e-01	1.72868078505812566847e-01
-3.56845312907975720229e-01	-2.02172469892650974455e-01	-9.12023966282199172184e-01
-1.27128060522331748361e-01	-7.71031345806946988297e-01	-6.23978461175510701331e-01
-9.70911858707611957753e-02	9.91801287507192319559e-01	8.30873499714908647640e-02
5.32881036476974268012e-01	-6.42672445128750657872e-01	5.50463376833971174129e-01
-2.06081370912213346358e-01	9.72962397831629743905e-01	1.04281546635386468402e-01
5.49043832703862477729e-01	-6.44764922112288751954e-01	5.31816758840286452070e-01
-5.47096404007656800239e-01	-1.41993584962276958583e-01	-8.24938389548850792288e-01
6.38761422338325557391e-01	6.95982257732407405548e-01	3.28013021470215715425e-01
-5.90992885513491716942e-01	3.39561530809002865006e-01	-7.31727665232826507413e-01
2.16077384012499235100e-01	9.75456286767901192825e-01	-4.23744819825912846789e-02
-5.78813713059528667237e-01	-1.90836738952033235783e-01	-7.92815252527595659693e-01
6.79225119249538655808e-01	5.19194311179856815563e-01	5.18739341691878852458e-01
-5.11820468407237050279e-01	2.98510863569291629016e-01	-8.05562581337112670887e-01
1.70280118741209518518e-02	9.34680789399127243122e-01	-3.55080087782797482188e-01
-8.78915381187672539731e-01	-3.62277818168877774330e-01	-3.10262042755032885211e-01
-4.18171011280246918140e-01	-9.06350129475942734025e-01	-6.05181635858000610551e-02
8.16082410324650453504e-01	4.93823520307763552672e-01	3.00246282823878829493e-01
1.17656527607877217645e-01	8.94649437974513572769e-01	-4.30998056426179165790e-01
-8.08337425217456995163e-01	-1.23095963763153962850e-02	-5.88590758362603216902e-01
6.62973520353250189707e-01	-4.90038661076249160153e-01	5.65975460564338672675e-01
8.62950623881023615169e-01	4.39432935161990390061e-01	2.49429180807438893863e-01
-3.01441209535527832042e-01	3.10158630261734624689e-01	-9.01628982047451010828e-01
-7.69059032375073337029e-01	-5.78817616392491851585e-01	2.71142714591467604013e-01
8.67923437269075948031e-01	3.68552444554648528374e-01	3.32983487055777627184e-01
3.38971673277715490613e-01	-5.23499651542872368459e-01	7.81694518050240039209e-01
-7.08687491990802609365e-01	8.42168632941929645730e-02	-7.00478092899894599910e-01
9.25573751801884725410e-01	3.08729817319942367870e-01	2.19087037208909374275e-01
8.58097488370591299223e-01	3.36323338559639972711e-01	3.88014577551128392319e-01
-2.43280443008360769408e-01	3.65804085855597427290e-01	-8.98332898663411039131e-01
-8.58487857576930135650e-01	-3.58595533408665512187e-01	3.66616750588850293102e-01
6.05766776040172150175e-01	-2.85434801922165026777e-01	7.42680003027919366509e-01
6.98189158231810713673e-01	6.78667564075750906483e-01	-2.27908395630880444838e-01
-4.33824559484270455556e-01	1.91180940175494862299e-01	-8.80480607226469591531e-01
-3.08332858356256456211e-01	-5.82238136179564214068e-01	7.52282926322276668252e-01
9.21472439044844660039e-01	1.73475231873313207043e-02	3.88056191188866361763e-01
-8.99424307340341844252e-01	-3.23444715354718581590e-01	2.93971820885014667457e-01
4.82328764228260487013e-01	3.10634306236385604461e-01	-8.19063667236606507416e-01
7.41328894564946994095e-01	-2.82576537496205371092e-01	6.08754441905575927052e-01
5.16330850262935903139e-01	2.83469946522872440209e-01	-8.08113384671404477722e-01
-9.14047087899761967478e-01	-3.43023274793678556449e-01	2.16455432021894739192e-01
-9.50291597769974183407e-01	2.75592289026592329737e-01	-1.44895719180633514300e-01
8.79908857883682116174e-01	-1.30816169214770960938e-01	-4.56779521968538548826e-01
6.67074038809637448466e-01	-5.50126157476827581938e-01	5.02367830982417662433e-01
5.84358789693463887005e-01	6.34469454918925312992e-02	-8.09011304009862985964e-01
-9.60626231372109007367e-01	6.65304235619504497068e-02	2.69760905878681234160e-01
-9.08534719545249336292e-01	2.30427455788621671218e-01	3.48522382351001691614e-01
6.29191115832166025790e-01	-6.78297380830034768451e-01	3.79514430446311945566e-01
5.87127150015901433378e-01	-1.11084947411830850528e-01	-8.01836544548024443557e-01
-2.25454192557882099335e-01	-4.15430388779123416221e-01	8.81242304441235968504e-01
-2.16860013286902603147e-01	6.52504243916416704074e-01	-7.26092243663482572735e-01
6.96229631477265908934e-01	-5.44137991477341986801e-01	4.68164657448674303986e-01
7.90631733321755514332e-01	-5.77372963393234961416e-01	2.03818358856974829463e-01
-2.64736572789704971420e-01	4.41383972697064919100e-01	-8.57376659160790310921e-01
-8.86395582173274521054e-01	1.58473630042295005049e-01	4.34958596288106125183e-01
7.29751571179198643691e-01	4.95139577632920102612e-02	-6.81917159446883247575e-01
-1.63689380391527833369e-01	-7.17131034625651642145e-01	6.77442887573395435830e-01
2.69389297769333457833e-01	-7.65467562299784076707e-01	-5.84370445277797800898e-01
-8.36783730293691907498e-01	2.21253754429288768124e-01	5.00839060843618621988e-01
6.35363016493856069822e-01	7.07383226768626083292e-01	-3.09714074201083766624e-01
-4.82940937486297905412e-01	-8.12005809326571403872e-01	-3.27741691763125286840e-01
8.92345129635393363721e-01	2.67173351815223059091e-01	-3.63783685307370430184e-01
-6.56469439500739493365e-02	7.74416977696995689762e-01	6.29260536983423768298e-01
-8.61019761846842479613e-01	-4.97181648126554909251e-01	1.07029801809445698768e-01
3.35516654523732138493e-01	-3.82777222148163620563e-01	-8.60761391293625610643e-01
-5.48634090671669905070e-01	7.68256913360936682933e-02	8.32525343580362897633e-01
-3.44086877759097964358e-01	-9.08183940106352838306e-01	-2.38340410939681224267e-01
1.43942044533964946806e-01	-2.41265290121686237779e-01	-9.59724829103572041333e-01
-6.89343040935599282726e-01	-4.68970949600198347418e-02	7.22915509861264071745e-01
8.30886441811733322815e-01	4.82993066231688250589e-01	-2.76306747629421978196e-01
-6.11556819900856307726e-01	-6.21504511927889469192e-01	-4.89622709528497457310e-01
9.47946326900408919869e-01	2.65608256578210688570e-01	-1.75641724409396071671e-01
-9.96484028384041375936e-01	-5.93891974973450309516e-02	5.90974144623459957115e-02
9.25464796337358425182e-02	-2.97099217153551864445e-01	-9.50351095266454337640e-01
-6.83495938546256343038e-01	-5.53934757824839363316e-01	-4.75383619894826470187e-01
9.99412121571077616267e-01	9.85742086230166278393e-03	-3.28366032156350712290e-02
-9.80123367923980359784e-01	1.87587671136016903572e-01	-6.45681754978358335428e-02
1.24605784185430543132e-02	-2.58013657807130702970e-01	-9.66060912349971934177e-01
6.45732859652930368810e-01	-5.70600656996058219761e-01	-5.07389361536202843084e-01
3.93398754610600476234e-02	5.48701346829751579470e-01	8.35092333928365682105e-01
-9.90708448588554002612e-01	1.34468478936468432972e-01	2.03715013627611928049e-02
3.98184625734021926946e-02	4.46216101154852995414e-01	8.94038970687773049129e-01
6.59115479431502282459e-01	-3.53340394477624830660e-01	-6.63865461071878271149e-01
-9.90927030021155674788e-01	-2.18044119385612869544e-02	1.32620468983733141854e-01
-2.64366333554153093433e-02	9.99496802902323677742e-01	1.75284170667214904415e-02
-6.47068962604930991711e-02	-8.27813517893226991085e-01	5.57259183118209211472e-01
-5.19183222039869829434e-02	3.75985620197174796875e-01	-9.25169876954750836084e-01
6.92238110469227563293e-01	1.61027846577685707086e-01	7.03474541856737523027e-01
-9.69686312027574076611e-02	-7.50441172891475050122e-01	-6.53785232772912228150e-01
1.05301116616849294028e-01	9.94406180672158579448e-01	-8.24758632904902012906e-03
3.35312384859554557526e-01	9.32068575810929722536e-01	-1.37163313409902010154e-01
-3.78772096260242496779e-01	-4.70384809617324262110e-01	-7.97038160928255190463e-01
-1.76033429062508878227e-02	-6.48598111808074584417e-01	7.60927468079268032319e-01
5.56985083421306648166e-02	5.89575584590305901145e-01	-8.05790485314551663265e-01
4.49987982241289996566e-01	4.92109234221733526926e-01	7.45210921439099283070e-01
1.72959843415552205759e-01	5.43603433463344498655e-01	-8.21328314191426711588e-01
-3.94137731872159557955e-01	-9.06290845058709049198e-01	1.52618322875861189836e-01
5.66342211060665623457e-01	-3.54720167021484289460e-01	7.43928829310416595000e-01
-5.18816511896221022049e-01	-8.33744718568532605651e-01	1.88942243140375609745e-01
3.38153524338655087078e-01	4.19511040136835766656e-01	-8.42414791644031435425e-01
7.65020852002794571334e-01	1.48043320437508868492e-01	6.26758543040902948995e-01
2.07188915576595494850e-01	5.47938835725357176187e-01	-8.10454061354580757026e-01
-7.46407651697531426827e-01	-6.00169038068991689272e-01	2.87528682448756567336e-01
-7.12861754893749366424e-01	-6.52719009744187173006e-01	2.56487841287597384543e-01
2.93279080893605270663e-01	4.91390759310124491943e-01	-8.20074693168141521937e-01
7.75670789008441219359e-01	7.45697132020483183235e-02	6.26716989519181977286e-01
3.51696771578905997835e-01	4.21301710094504733295e-01	-8.35951104989054227801e-01
-7.93412573270865673081e-01	-5.34221577208599640585e-01	2.91725547425074893670e-01
8.56135495967686011021e-01	1.33621427033863066081e-01	4.99176648874522399524e-01
-8.12357979492520643205e-01	-5.00428876183671378364e-01	2.99408505283963399801e-01
4.80799434492972910249e-01	3.71415358843549481271e-01	-7.94281143554569690757e-01
9.36291923228380729149e-01	2.41761881777596804310e-01	-2.54771715495765715964e-01
-4.62341717499106352740e-01	1.98428658584157452394e-01	-8.64214211704753432208e-01
-1.08468210149716873247e-01	-6.94192283562087619764e-01	7.11569898765940567209e-01
9.28328137592074997819e-01	2.41582997341856196838e-02	3.70976071342590474345e-01
-6.15030183120072945768e-02	1.91000297258873658057e-01	-9.79661301259539651909e-01
3.04051961893795019698e-01	4.71737815910502622518e-01	-8.27656835595842355069e-01
7.52964912537032127204e-01	-1.22562521223266579495e-01	6.46546416647324595495e-01
-8.83997168501449048783e-01	-3.46790712230977016262e-01	3.13504717654698561446e-01
4.68688150086639887526e-01	8.90975641946993163200e-02	-8.78858943188800090240e-01
-5.59704299809146883782e-03	-2.52186131305380867307e-01	9.67662559101519992311e-01
9.11510804380549322090e-01	2.14453248446948047112e-01	-3.50938538391091570112e-01
-9.12580731227632391267e-01	-1.87611955151416653909e-01	3.63315514775109427159e-01
7.84247054447252844867e-01	-3.35552862417799302452e-01	5.21882011678912904884e-01
5.49505945651838412225e-01	2.45507441155431271884e-01	-7.98604603061234152861e-01
8.28606623039368384021e-01	-9.98121307269100449533e-02	-5.50861691184863944137e-01
-4.76965154198989091383e-02	-2.52189872721427177371e-01	9.66501583295935273732e-01
-7.80580966002791809544e-01	3.43730161436430925459e-01	-5.22056444872614933139e-01
7.85933696720194530094e-01	-4.90029652751432120983e-01	3.77066524348211640216e-01
-4.05999260635506842299e-01	4.41771865987441392232e-01	-8.00001386739670583559e-01
8.57579163657720022762e-01	-2.26519011148332477523e-01	-4.61786872538086812234e-01
-5.99443523858626675649e-02	-1.54591049805993779875e-01	9.86158345265566449456e-01
1.97791937310509285952e-01	-2.35793679834435332410e-01	-9.51461870011137911263e-01
-8.33282820297711945834e-01	4.84941093941198775319e-01	-2.65465396622242610913e-01
2.73093875358727977698e-01	-4.26089007427726262911e-01	8.62477763766003713286e-01
3.86059337941531688365e-01	-3.32188758543667694845e-01	-8.60586321228360651148e-01
-7.54093294931255098135e-01	6.43161455706999785065e-01	1.32991144188536331017e-01
-2.30204064219288712101e-01	-5.37974017509887936228e-01	8.10919259421794991205e-01
5.25831204130816409759e-01	-4.90265999677460151407e-01	-6.95083300276014837138e-01
-5.31781299624109804469e-01	8.37097068748459016696e-01	1.28363339247741292670e-01
9.57170073053931376450e-03	-5.12434119744603955304e-01	-8.58673194799219219320e-01
-3.25225015184446186733e-01	-4.59633671213371508557e-01	8.26417314548282710973e-01
-5.23965025107124282577e-01	5.05983108573522799567e-01	-6.85158190714206805083e-01
4.41290743883578306939e-01	-7.47259292795860674552e-01	-4.96856144867816096333e-01
-3.95837756200409895957e-01	-2.73896237600115902144e-02	9.17911912591023004815e-01
-2.50700995467729170763e-01	7.64996801178479124417e-01	-5.93235960692020336538e-01
1.28603148718136051087e-01	-9.45460397482703829297e-01	2.99275570221875675259e-01
6.12689663525198269234e-01	1.57544177029009135893e-01	-7.74461883176720045086e-01
3.83015752140163923123e-01	-8.24249432596883879754e-01	-4.17027344998166238366e-01
1.60589961700787597909e-01	6.93225733897450901999e-01	-7.02601555693751711473e-01
-5.47009596411135889937e-01	-8.30733165938583317800e-02	8.32994192959484403005e-01
3.21612288584606775821e-01	-5.29947158007099461408e-01	-7.84679262853027137403e-01
-1.27305947328425678178e-01	9.77073097512026533806e-01	-1.70649810703281862301e-01
-5.33467344102168450348e-01	-2.14595069655408227094e-01	8.18145188127491818086e-01
4.63626258443325778291e-01	6.24019980114192240883e-01	-6.29006960931375980195e-01
-3.90153108848892427041e-02	-9.98846873756121023114e-01	2.79772819297921387927e-02
-2.06164164662850507570e-01	8.41755478823209002393e-01	4.98942933690797063573e-01
1.31489867381699876425e-01	-2.31318045670669020231e-01	-9.63951438882190370094e-01
-8.37859925842379227312e-01	4.81119056824440449738e-01	2.57905404805256865952e-01
4.36421819807177868711e-01	2.29756615956818510682e-01	8.69912577573322631785e-01
-8.87030603709656806366e-01	4.61266147066923759557e-01	-2.02546205226592709869e-02
7.28463502472895929607e-01	-2.35017641991481646135e-01	6.43511952894182726048e-01
-4.86228054318360095043e-02	-1.30843414956743092636e-01	-9.90209989625632558408e-01
-4.05351235294953149424e-01	5.70893068051991914302e-01	7.13982829551971343029e-01
-4.05706262978711429401e-01	-1.31987426825735693070e-01	-9.04423433652495445401e-01
3.78024583712988249129e-01	-1.42209024317602600318e-01	-9.14808180719465013908e-01
-5.32506969024618581621e-01	7.24370276117786815462e-01	4.37863027689316675062e-01
6.05262446064256498524e-01	-6.62775530848030758335e-01	4.40892239774555605436e-01
-3.34523685777508239525e-01	6.96627562695555702099e-01	6.34668372102061395523e-01
6.76959083966995556203e-01	-7.06642094189543379379e-01	-2.05872167506884806709e-01
-6.45904685947960910397e-01	6.34381478668048282010e-01	-4.24696687288006191618e-01
2.61065757509024054528e-01	1.54319605537265175377e-01	9.52906149420320591759e-01
-5.78932586862002773742e-01	6.92680929587783378309e-01	-4.30151356681196583853e-01
-1.54593710418337138002e-01	7.84508531457031921263e-01	6.00539048497449989839e-01
4.33076638240572520111e-01	-8.89823165841289398514e-01	-1.43733638868671437239e-01
-3.46382185938879483267e-01	8.04269580819729212884e-01	-4.82876612223309797933e-01
4.92836086041423260262e-01	1.76935098680889885125e-01	8.51942816831126603638e-01
-3.56742520992337497354e-01	8.06893748178264536008e-01	-4.70804898941018956648e-01
2.63114733274367532112e-02	9.32102369768476185508e-02	-9.95298728068141236314e-01
5.57377803913890676468e-02	-8.42112663463393973373e-01	5.36413610818769037714e-01
1.02425532026881108139e-01	5.69513263117571999494e-01	8.15575657754806560007e-01
-1.19808150769431701055e-01	-9.22429483554100260179e-01	3.67110139984344496789e-01
2.47286685928066934936e-01	5.21033343951513239212e-01	-8.16929341775295525530e-01
1.94021841936018540897e-01	3.72514259217110177413e-01	9.07517851907984285376e-01
-1.33815765615261206278e-01	3.83899904306009773225e-02	-9.90262363976103010543e-01
-8.02421697462029487324e-02	-6.80999078599833662651e-01	7.27874610864123638976e-01
1.04198927318393946839e-01	-8.93428030959773744613e-01	-4.36954158969836914395e-01
3.63931408824724522688e-01	2.63409748366534579578e-01	-8.93403175579945085794e-01
-3.96475412153433015572e-01	1.65122472232975131545e-01	-9.03073538933256370065e-01
8.20922775196523540897e-02	8.45304180889448475433e-01	5.27941000247617475694e-01
1.78458176013172424568e-02	-1.81968080766758355526e-01	-9.83142484269804550756e-01
-4.42054543824433376908e-01	-2.19249565915292349283e-01	8.69780091822138667901e-01
2.06209167013182953498e-01	9.07418196731108350761e-01	-3.66155698687038011485e-01
5.57256944819941368863e-01	7.48062998302108761450e-01	-3.60369876683948264784e-01
-4.74241782700587810595e-01	-8.07810957063263779254e-01	-3.50051695024466757999e-01
-7.15226681133616981612e-01	7.91967661947626522245e-02	6.94390860264508025246e-01
-2.79398246326891586122e-01	-1.27267532781664666208e-01	9.51703522662980083702e-01
-2.05078832800995036756e-01	-3.50529935706018147545e-01	-9.13822431608524388125e-01
3.86237773181715482451e-01	7.77810066046411785479e-01	-4.95814364177265542999e-01
6.37754069397845957390e-01	6.01233527653036392557e-01	-4.81443654223807415704e-01
-7.29326470441313601256e-01	-6.73887746721374969461e-01	-1.18144844713611654741e-01
5.66193425800314509289e-01	5.43274733725998215661e-01	6.19901256875197481655e-01
-1.17731329688184310767e-01	2.02419998426134506442e-01	-9.72196213861695635039e-01
-7.93268820671819807622e-01	-4.21673881906080905146e-01	4.39221715615469854299e-01
7.47367221534762316004e-01	6.50931203356723386833e-01	1.33157067675650220284e-01
-6.86942809251093411405e-01	-3.09650538527746543860e-01	-6.57439062429129306153e-01
7.74216947743635586221e-01	4.44729092340564291508e-01	-4.50337820144462830374e-01
-4.34507073206231511642e-02	3.49044151282942166636e-02	-9.98445650918410865238e-01
-9.06810489530761376642e-01	-1.72208550442049967977e-01	3.84758302355685311014e-01
9.15784486087972471324e-01	3.52572898663740141867e-01	1.92434732230011035226e-01
-1.38918507301090204953e-01	4.41214463430093795093e-01	8.86584144675129803836e-01
5.45271715429588854640e-01	-6.52227824118287308197e-02	-8.35718101399588575440e-01
-9.26895941359095254519e-01	-1.02030798249700696556e-01	3.61183651485730228270e-01
-9.31002078474994498869e-01	-5.29925839941549556289e-02	3.61146668151407390646e-01
5.46342271737034312906e-01	-1.48697106041463855686e-01	-8.24256812388050819074e-01
6.72859976367986334367e-01	3.70215608422088171547e-01	6.40468465642716977548e-01
-9.37770511346503882200e-02	4.77900236812604795045e-01	8.73394085356058114122e-01
5.38209247643260502159e-01	-1.82568933578923842109e-01	-8.22799726691210042695e-01
-9.41967995147494074892e-01	1.12139464327725535409e-01	3.16419083903138831371e-01
-9.32442340393268009890e-01	1.52900275602258245433e-01	3.27372551632964636781e-01
4.87534195084945221055e-01	1.86051244145190752821e-01	-8.53050609972761941791e-01
7.18422852642471077012e-01	1.74567990936737832408e-01	6.73345840813890705867e-01
3.29347357380073077482e-02	4.46579009226533485410e-01	8.94137848265084578259e-01
4.88121442589568244053e-01	-2.32748902356921610890e-01	-8.41169070838869492590e-01
-9.37335641906334782192e-01	8.32688268851494856060e-02	3.38331489638801274911e-01
-9.02194421019245074156e-01	3.13436425731763279590e-01	2.96315429409685304751e-01
7.28349949579800037824e-01	6.87046712574589241163e-02	6.81752168382695589166e-01
5.00099929902742990073e-01	-2.42293516834812087957e-02	-8.65628672485073025200e-01
3.17280122651105306320e-02	1.69407586218234568198e-01	-9.85035229303711901139e-01
-5.53012496971069911211e-01	-5.14902241012132333431e-02	8.31580383977297166176e-01
9.23445512289812420192e-01	-2.27506963572441212040e-01	-3.09012891895878216708e-01
6.24022746454851243159e-02	1.90587004860744063661e-01	9.79684923685814501582e-01
5.40685944690698638837e-01	5.42790736556474015528e-02	-8.39471554834951838586e-01
-8.47987975989729969584e-01	4.14129214558639435761e-01	3.30776943310572058010e-01
-7.91005586654174974726e-01	5.15884254367262373719e-01	3.28897549364263408478e-01
6.24884197449250833323e-01	-3.33767705507432899115e-01	7.05775359826700920962e-01
6.01608504522519016433e-01	-4.21986093684722507469e-02	-7.97675676358220897555e-01
1.82878888564015879004e-01	-2.22918547900624125502e-01	9.57529442429561838956e-01
3.54144859297034819701e-01	-4.13360159276616248580e-02	-9.34276593103301244980e-01
-7.80372240502927416728e-01	5.30102076707115066334e-01	3.31678993189567228317e-01
5.69874679373320258691e-01	-5.64653236669237057477e-01	5.97000479169079056874e-01
1.27556567090288647259e-01	1.65760923862118575434e-01	-9.77881709775020646624e-01
-7.09334151651355715451e-01	6.88423534994508701246e-01	1.51387244398977688364e-01
-6.18403228631057566567e-02	2.67141056988338010392e-01	-9.61671165284340045964e-01
4.22477394182278198631e-01	-5.83459902808900587878e-01	6.93604637541575530513e-01
2.63718730404196091688e-02	1.88177614255301411950e-02	-9.99475070308045165923e-01
-4.58506110049901605130e-01	3.11039513746002860284e-01	8.32482172743391424241e-01
6.60908228409095355183e-01	-6.91020933966709605123e-01	-2.92729196427222559951e-01
-2.73975169061723478059e-01	6.79042327890291730341e-01	-6.81057357107999639112e-01
6.97207983018891419569e-01	-6.46210725649792205871e-01	-3.10342917544283947162e-01
7.56415391200247894110e-02	4.96995529360432786170e-02	9.95895733496991675260e-01
-4.33470798034092108519e-01	8.47699559045370309995e-01	3.05791636324429627614e-01
5.61536847751416101637e-01	-2.81970843620790501127e-01	-7.77925968177681226301e-01
-2.06559794070628577334e-01	6.80584549862388143993e-01	-7.02949302554679467114e-01
5.17619716832354082037e-01	-8.12601525868924756679e-01	-2.67859270703645069300e-01
2.08534324860853215178e-01	7.56316160310135932043e-02	9.75086300801813909978e-01
3.36151911292862856651e-02	9.43113562023437990156e-01	3.30767029875718043819e-01
2.65697786274580849408e-01	-2.65516599147642140544e-02	-9.63690663918955858769e-01
2.35133058215859030993e-01	6.80195430563216074660e-01	-6.94295773554022499496e-01
7.16026588055440338376e-02	-9.39351890695076297000e-01	-3.35396906216444301574e-01
-4.02942721092723776799e-01	-8.99179271723181794407e-01	1.70627667222405771108e-01
4.50734512149971067174e-01	5.11955840354856639429e-01	-7.31258926156446942279e-01
5.78537674323375328278e-01	7.39707298417666692103e-01	3.43696482461105512485e-01
-5.09570253751612911586e-01	-3.78176392978308850701e-01	-7.72865300220829221090e-01
5.17051409201776834834e-01	7.68065427057047056536e-01	3.77800661728023623454e-01
-2.91379243605134674588e-01	-8.14648234876291121864e-01	5.01444303795588908201e-01
-4.14311754499266993168e-01	-7.61395199191350458001e-01	4.98621219696978812408e-01
5.60234811561342471720e-01	7.38894753096726586428e-01	3.74394844730739806415e-01
5.66594779814173082899e-02	-6.69948543968466453391e-02	-9.96143259295177108115e-01
-3.08765896342344026149e-01	-5.06012880312243229497e-01	-8.05366119360639731717e-01
5.76453383128051721762e-01	7.18848296781633422370e-01	3.88533940981181713514e-01
-5.99463038158057015536e-01	-6.10181793628190027867e-01	5.17998305602438313677e-01
-5.48783504193798288284e-01	-6.62765404147820036407e-01	5.09488650108667395777e-01
8.65429526049388608833e-01	3.10036071845678884440e-01	3.93585276142834838975e-01
-8.66177141685936652360e-02	-9.19137140582469008843e-02	-9.91992560839155990138e-01
-5.73321412406229358183e-01	-2.37948255386890572538e-01	-7.84017337713179385261e-01
8.26402648598607569852e-01	4.06856193187136117029e-01	3.89264306679251437249e-01
-8.34625318913523206454e-01	-3.92212843789452036969e-01	3.86742371864127187919e-01
7.64297376135827932764e-01	4.66798195668609139375e-01	4.44914559609392523676e-01
-8.26392816716781331010e-01	-3.66170010927986955274e-01	4.27778488912079424278e-01
1.14742363008060468954e-01	3.78084569792725769255e-02	-9.92675531436215563552e-01
7.27995962302926624687e-01	1.29197662316782230230e-01	-6.73297737202877111251e-01
6.44211686724887461208e-02	-1.29030672085613140609e-01	9.89545854767734156532e-01
4.84363403810262993510e-01	2.48979656736917666360e-02	-8.74512540993351294993e-01
-9.09330378226356761395e-01	-3.51186750657693669275e-01	2.23128056051232703805e-01
2.17680837244269093089e-01	3.37602239513138058236e-01	9.15772778025394251777e-01
8.97861711368998283156e-01	8.43078954566276184135e-02	-4.32130218824381517884e-01
1.21343356017133918723e-01	-3.47550153334794498239e-01	9.29776683331788089681e-01
-7.31765779046995468171e-01	-4.99508016885213790292e-01	-4.63692339469981673616e-01
2.41033036266734335129e-01	-5.83627470788747187980e-02	9.68760478746654163373e-01
5.01586114729060894568e-01	4.03662863342804170697e-02	-8.64165454319127501748e-01
-7.02304445725541071077e-01	-9.33071614210220362517e-02	-7.05735247200883208940e-01
9.91440182370554423663e-01	-2.63807862857541215729e-02	-1.27868756527883986607e-01
-6.43753385214336559805e-01	5.18498409917046224060e-02	7.63474408879706301079e-01
1.72858427349238431836e-02	-1.52746879539858541885e-02	-9.99733906371516378719e-01
-7.67089315278867256431e-01	-1.48598689661497890269e-01	-6.24093271727779841385e-01
-2.74749060754432596065e-02	-3.32051672567167943662e-01	9.42860973994306350576e-01
9.70680561140946251975e-01	-2.21280493118876181446e-01	-9.38839261437479366545e-02
9.63448397971896408620e-01	-2.00094501150017006763e-01	1.78127412418504521563e-01
-9.69545462878999841916e-02	1.04466572041372024460e-01	-9.89791165488979496345e-01
-6.31276257043417499126e-01	2.69745850465628822512e-01	7.27136481996212169499e-01
-7.02975158481753403805e-01	4.49579778413087410849e-02	-7.09792016569624317768e-01
-7.58086502029997055807e-02	-2.69887827496372800784e-01	9.59902916509626780162e-01
9.34014715150564112101e-01	-3.06270880951487800559e-01	1.83887626999236081238e-01
-8.11151599583991966824e-01	5.71527708033123027498e-01	1.24053058981777722392e-01
7.39478254322450623270e-01	-3.64804227330885577629e-01	-5.65764780722286309000e-01
-6.71917002192557680923e-03	3.49343240867301840780e-01	9.36970732101353842580e-01
7.51329571323196221400e-01	-4.96109848759488603065e-01	-4.35176852807154068703e-01
-6.92462432897798740861e-01	4.88760953564259081894e-01	-5.30667984050496421844e-01
-8.47167196661766791488e-02	1.77633924743562460202e-01	-9.80443402848527933990e-01
8.44420493889583956282e-01	-3.51760173788549124207e-01	4.04003477256719700783e-01
7.88889157127551921000e-02	-4.42656343104855132253e-01	8.93214364465049537323e-01
-6.05562550668475196858e-01	6.76611257623092376967e-01	-4.18916702084779213333e-01
3.37820990754099104159e-01	-9.05489433666057386141e-01	-2.56838205345391590306e-01
4.89959499833709122285e-01	-8.69629323961327638237e-01	6.07003083127749740178e-02
-2.17691040302564919884e-01	8.67947948700291793678e-01	4.46404490702034306704e-01
3.19029128504956849266e-01	-3.68007453348582591612e-01	-8.73379029657375349771e-01
-4.20769054663606756339e-01	5.22580785972549977103e-01	-7.41527291992551407240e-01
-3.64471431099727516401e-01	-1.19881259783820984244e-01	9.23465786840400815194e-01
3.84110721343297711883e-01	-9.19308519960074344013e-01	8.56200845476621646979e-02
1.64073119054789079430e-01	-9.82929218402726401216e-01	8.32476018503744696897e-02
-2.57986871640224380009e-01	-1.05151462156838751416e-01	-9.60409258632781703824e-01
-2.65416728018210867912e-01	6.89087391018634698447e-01	6.74323756089935222313e-01
-2.92428394654149270693e-01	-3.04299360760747761301e-01	9.06580130512795512310e-01
-1.14071162510497634002e-01	8.02159843896523061524e-01	-5.86112066693229794012e-01
1.91719071790656461762e-02	-9.97210736926062990548e-01	7.21331001309093722274e-02
3.23620861990810027020e-01	9.21866068144715500310e-01	2.13148985659627004940e-01
-5.56425727931453839581e-01	-5.26755114310807015521e-01	-6.42588094227834583094e-01
1.86417027666140378006e-01	-2.02501616590729460743e-01	9.61374946144459618935e-01
-2.64949948765909215620e-01	-6.79902890373130897039e-01	-6.83764275398476950585e-01
2.99329548355144081651e-01	8.46069369877962662585e-01	-4.41099130395665894877e-01
5.68286184842885844226e-01	6.65897874048944182768e-01	4.83353735326224553948e-01
-7.70998759630870389437e-01	-5.47112729563231980912e-01	3.25927252308746528975e-01
2.00147195278860878798e-01	2.39007504495181377635e-01	-9.50166571195278142348e-01
-5.99106641312205034922e-01	-3.97882753400150668277e-01	-6.94809719910655543273e-01
6.21133698328079297823e-01	7.38946743654327109496e-01	-2.61056773219828675003e-01
-8.57829123982830510364e-01	-3.98658205641978236056e-01	3.24346772947054051706e-01
2.21752512710274463092e-01	5.29678239956241192488e-01	-8.18698225980451388395e-01
-7.42292200874370533548e-01	-1.11954666327819377103e-01	-6.60657582419599376244e-01
8.67412454378301389646e-01	3.72463995366401845466e-01	-3.29948793216626456992e-01
-8.82414869435596993519e-01	-3.55278500879391223588e-01	3.08417225543338557880e-01
4.93937202791212004449e-01	1.50649115510567782605e-01	-8.56347408295650036614e-01
4.37521606742460489325e-01	3.42586153834912698901e-01	-8.31390143575263529385e-01
-7.77238269596783604154e-02	2.64297546089152957105e-01	9.61304225442702442450e-01
-9.05008288371550673190e-01	-2.84969756466081025614e-01	3.15835773588835799774e-01
-9.95270325298055036356e-01	7.28744032062998009502e-02	6.42362898868651666096e-02
3.96407519224684534720e-01	3.16081651025938714650e-01	-8.61947485979771332865e-01
7.37665491041313514664e-01	2.13696588670577794500e-02	6.74828097374941537900e-01
7.40191575063623763420e-01	1.35292249171911852651e-02	-6.72259914228099719757e-01
-2.78542948198755753453e-02	-1.38066834757212646145e-02	9.99516640057327210300e-01
-9.89101707024144682912e-01	-1.35638261473182225592e-01	5.72719406555760035538e-02
-9.39173796016528728003e-01	1.27065979469148937486e-01	3.19071806553712700172e-01
2.12712996961062356105e-01	1.78457546678425615916e-01	-9.60680011740309258705e-01
7.76006587418049842420e-01	8.46001064893686510748e-02	6.25025278101438153122e-01
-4.86804081127839516352e-01	1.70394826440811081314e-01	8.56730640119451880565e-01
-6.50711356798634898979e-01	3.40598117649786369387e-01	-6.78651348180125624232e-01
4.19580277861716921528e-01	-8.76167083725352457968e-01	-2.37241716031762805983e-01
-3.89502277377477834630e-01	2.21264053288026285582e-01	-8.94052680014053691160e-01
-1.53905963956420727134e-01	4.21493794552673661791e-01	8.93675520204192053164e-01
-5.51061816549386421227e-02	-4.94615800313873810179e-01	-8.67362968325993799468e-01
1.75403478968175874364e-01	-4.47966336443481938367e-01	8.76675413696121563767e-01
-5.76680158827903355245e-01	7.92517655639072504670e-01	1.98382861947731053975e-01
3.00307991541381817668e-02	1.80045726453081034180e-01	-9.83199719023630569481e-01
-7.34129226197186124381e-01	-3.24702726174468936371e-02	6.78232969295410548227e-01
9.77373019003656806625e-01	-2.11229509122630609852e-01	1.11389496582865437507e-02
6.87182878887542036850e-01	-1.63506802811414025944e-01	-7.07845474943662344991e-01
-1.44849442576848563835e-01	-3.36483194113095518407e-01	9.30482508736529156934e-01
-8.61748358858681839934e-01	5.02343768793619527280e-01	7.09965066647004483524e-02
-8.56305857709083517726e-01	5.13964514260637272969e-01	5.08011430377105291378e-02
5.45929149967276483579e-01	-5.16757903304236987374e-01	6.59486643222298885014e-01
6.21024059008615098021e-02	1.23233016231000788721e-01	-9.90432690742755417190e-01
-1.49424056189410708884e-01	-1.78281312840964351052e-01	9.72567851064184640819e-01
6.49506220708942483277e-01	-2.76362197269177545245e-01	-7.08354152370788803239e-01
-8.05993826773788391016e-01	5.88730997709732473133e-01	6.13984001277481789005e-02
-7.94435852190118141358e-01	6.04351072900805807997e-01	6.02615751420900944146e-02
6.00188743535892466063e-01	-4.24831758955705740544e-01	6.77710446072220307201e-01
-1.62042092070103886658e-02	4.63840270099465587506e-02	-9.98792243483256125813e-01
-4.66433761490268994354e-01	5.79232115460896701542e-01	-6.68528011799605303978e-01
6.27407699731367451967e-01	-7.72643907053576994848e-01	-9.68554139466552138638e-02
-5.24877400287175777116e-01	8.43371674168166496344e-01	1.15012755286358986373e-01
3.56839243514336434959e-01	3.21494057628252782877e-01	-8.77101661837348056672e-01
3.71850130376979837177e-01	-5.38087125767585550129e-01	-7.56432234652782087281e-01
-2.57948257914456857698e-01	-2.15982972996630023799e-01	9.41708050095375281963e-01
-6.37765131872806145807e-01	7.64792568027640728978e-01	9.13671957375771365273e-02
-5.98385886369766306636e-01	8.00294706515629838961e-01	3.82454404672124964604e-02
1.92368389906540149248e-01	8.20256224348143297975e-02	-9.77888643879734731357e-01
3.19957342565172608850e-01	-6.77435033693909560704e-01	6.62351171254919934839e-01
6.80490845930046273082e-01	-4.19913920863356826541e-01	-6.00503545094092316958e-01
-2.05890916424335296275e-01	5.02411182601740780029e-02	9.77284380602654878523e-01
-3.99730165319150398950e-01	9.05254423060924517941e-01	1.43979944653959857082e-01
-1.40187021177765686053e-01	9.90108076526417635321e-01	5.79619620632340713101e-03
4.89746532946070609049e-02	-7.17563295623039998361e-01	6.94769314311790009420e-01
4.13778248660085778976e-01	1.54175136604569246179e-01	-8.97227723707172741818e-01
4.58196833078097914838e-02	6.90917694978779750592e-01	7.21479934153945734465e-01
4.47672073829022965086e-01	6.44025665726188772942e-02	-8.91875565161688532712e-01
-2.68754365925792770842e-01	9.58234481661908610306e-01	-9.77638427536408616270e-02
1.65295642921155394589e-01	8.73280209101980897657e-02	-9.82370178290846607361e-01
-9.24407650736645408740e-02	9.25573822341695273686e-01	3.67107347172975662097e-01
1.02849880500304718955e-01	4.11493035300703052792e-02	-9.93845378768781761991e-01
1.52246778724861392407e-01	3.62550368921708610070e-01	-9.19444478129395337263e-01
5.43559182982674793209e-04	4.25076496765253331045e-01	9.05157266137323945898e-01
1.67707206530201324846e-01	-9.28800097193336227086e-01	-3.30461302320688710132e-01
5.04724430144983804425e-01	3.66210442101576605367e-01	-7.81756459334100650693e-01
-6.31299126168324287178e-02	4.40503595746560672186e-01	8.95528445258631511372e-01
-1.10249894926369718107e-02	-9.66622420423131067935e-01	-2.55967861150603881448e-01
4.94713859684985712839e-01	3.60760913844689612429e-01	-7.90638830362845768107e-01
2.01090852641018918989e-02	3.60832100776212028048e-01	9.32413974444434523470e-01
-2.44261005120012281155e-01	-9.13020470129539463144e-01	-3.26695856267256778960e-01
-1.66890941436097894890e-01	1.46776673867861945366e-01	9.74989241825190755542e-01
2.25095768545782365377e-01	5.58761648359793694496e-01	-7.98196288706624956788e-01
-2.57024706385613366244e-01	-8.80881027131671268116e-01	-3.97475680195456593236e-01
-3.44362019936495455941e-01	-8.26643048295488847010e-01	-4.45057378244646972831e-01
-1.44802823923450119104e-01	1.04393876491185561006e-01	9.83938037040411161982e-01
5.77318452587315289470e-01	8.07250915182569195316e-01	-1.22675850268470706950e-01
5.54068837421042181823e-01	6.83753917526311094655e-01	4.74856087321534892087e-01
6.14535114184263930870e-02	1.31998165550868389192e-05	-9.98109946729372143892e-01
-7.08562877010502911723e-01	-6.95279568762648847446e-01	1.20519585893015479527e-01
-7.54889834176847712710e-02	2.58732119756569622915e-01	9.62994861662738288466e-01
7.09750021232523842230e-01	6.84410270541417342649e-01	-1.66845703983818705041e-01
-5.80761910217648225085e-01	-3.88967121751038313882e-01	7.15136477769845679830e-01
2.80135705697987180685e-01	-1.50727484186007967826e-02	-9.59842069638646488983e-01
8.41661792098514494054e-02	4.86139141124101670233e-01	8.69818825816236262938e-01
5.63320715594080256849e-01	6.18855310967061644778e-02	8.23917442723148152339e-01
4.35818149727507819780e-01	7.26936682560822833299e-02	-8.97094293239883544544e-01
-6.71498575265962238667e-01	-7.32993993647396480107e-01	-1.08671379362843933958e-01
-1.33641795116023809342e-01	4.04460999280277077456e-03	9.91021448672112725831e-01
8.91767964491201103883e-01	3.82284331691539081000e-01	-2.42092104890624659763e-01
2.60178629909026404299e-01	2.96552253050126612965e-01	9.18892725920471997725e-01
-7.20982386365902283565e-01	-3.50692727523453096072e-01	-5.97661283179937830035e-01
9.30261940047494406691e-01	2.86935608095924443717e-01	-2.28649687744580054627e-01
8.72053352748190957477e-01	1.08004299156391675441e-01	4.77344761492546065806e-01
-9.21254926000760310245e-01	-2.68336547385132351273e-01	2.81575671279960582094e-01
5.24866180241256419237e-01	-9.15014769140223421795e-02	-8.46252310225210191419e-01
1.16302296583636999294e-01	-2.75984941305538536427e-02	9.92830347507114407968e-01
7.20792655812196536580e-01	-8.03734222124297126300e-02	-6.88475170452110818431e-01
6.79430874648519034231e-01	-3.61965164308907516588e-01	-6.38243610544730888279e-01
-9.90808704999033729166e-01	5.87458075291044587440e-02	1.21848431240993204661e-01
2.39991638703883347628e-01	-1.30686823946007490797e-03	9.70774075389134738501e-01
5.44693383771326034015e-01	-7.21031965056982415696e-01	-4.28277974032998220988e-01
-1.23433290842500348328e-01	-4.42357638158198153422e-03	9.92343012613978725511e-01
-8.79808749376422394306e-01	1.29525715346373859749e-01	-4.57339757275382452484e-01
8.70004789999970107317e-01	-3.99444806746405256526e-01	2.89025105726881281765e-01
4.53741326479562001595e-02	-1.34898106378318116683e-01	-9.89820028581958721858e-01
2.27465499853952257681e-01	2.41904368690974529155e-03	9.73783135304690072864e-01
5.56443525987810883038e-01	-3.75366696543241173956e-01	-7.41262737167103780145e-01
-2.84633512912478847667e-01	-3.67520658521256371465e-01	-8.85388236248485394064e-01
-4.45065361022230543409e-01	5.49837638202105738472e-01	7.06820625077170361372e-01
6.41832124552648042304e-01	-3.56385763987558834565e-01	6.78999787274810695514e-01
4.91954719620229297128e-01	-1.34439755536620464405e-01	8.60178182689281811690e-01
-6.07520321068281909938e-01	5.35319071839979288008e-01	-5.86815602053553986295e-01
5.90620889028421136580e-01	-8.06856510653650715881e-01	-1.22285182705301146561e-02
5.45758793187740898212e-01	-8.23676381778771005138e-01	-1.53962845381906354714e-01
-2.62674124437696276946e-01	2.82370759141757021737e-01	-9.22642432761791697615e-01
-5.67195811279619488410e-01	4.97969602356274243515e-01	-6.55984136085613234179e-01
1.15573063931392080832e-03	-5.78692675141541119227e-03	9.99982587731137906317e-01
1.29833200127333403540e-01	-9.90042949039648179088e-01	-5.43902491405631183241e-02
-8.82666089402957265708e-02	-9.94821001719481068370e-01	-5.04002012300478335893e-02
-4.71183180662904377289e-01	-1.10734053685253311383e-01	-8.75056786508635719990e-01
-4.75793409298559330511e-02	6.95263434183221007423e-01	7.17178473885290546086e-01
-4.00192404092198750210e-01	-5.74445276301133178620e-01	-7.14043881174134087431e-01
2.23384995148754011973e-01	-2.07768951842188298595e-01	9.52329358254164870523e-01
1.81486776116403264458e-01	9.75302924762774359202e-01	-1.25883895094060449527e-01
-3.71668212560764196772e-02	-9.95524292318426984316e-01	-8.68907981411966012786e-02
3.23869483130920093883e-02	3.15250804917311777675e-01	-9.48455594942616220244e-01
-6.19770084886083552633e-02	-7.32180637949229606853e-01	6.78284869233467757610e-01
-2.76247890323941813762e-01	-4.10991338076411139024e-01	-8.68776854616726490477e-01
-1.13830333048172693822e-01	-9.85346106011431910332e-01	-1.27026401374872949246e-01
-1.40854798878080861302e-01	-8.66055753609941969540e-02	-9.86234961836887302766e-01
-1.50383831469405371273e-01	-9.32263118999498652251e-01	3.29044343798686411695e-01
-9.90821305069672364496e-02	1.71654611938358847567e-02	-9.94931192774758166308e-01
-1.23207004744265505303e-01	-3.47574904984248866935e-01	9.29522307105718148534e-01
-1.68124379301058030078e-01	-3.59818670043055122143e-01	-9.17749812189074143376e-01
3.00153978770642759777e-01	8.61961403732714459558e-01	4.08570835355732409067e-01
-8.22609350165635216934e-02	-7.54803335599046776316e-01	6.50772666250476028438e-01
-4.05640543235167960745e-01	-3.07170591099396872448e-01	-8.60872799923150688883e-01
3.36551039997380507796e-01	1.50603815342394420362e-01	9.29543914121864101041e-01
7.74227214727641749326e-02	3.51379460298675450058e-01	-9.33026364622116299863e-01
-7.47655211720649526264e-01	-5.67049748393457342388e-01	3.45638926097549648020e-01
-9.16224695784842113611e-01	-2.66735368512110604389e-01	2.98972490404522395213e-01
-2.80974953213666445162e-01	2.77814367763734471062e-01	-9.18625197091073930622e-01
7.09410780835238341524e-01	4.59743638196266402041e-01	5.34202331680420527960e-01
5.87525429589166314770e-01	6.95401300741173566955e-02	-8.06212155636058747099e-01
8.30785329005108985623e-02	-1.35488921484410634877e-01	9.87289577340959234597e-01
-6.28164597861532225664e-01	-7.04703888753424378955e-01	3.29850977214348695110e-01
-8.44349316862193943756e-01	-3.84212313342528699600e-01	3.73436914873622072264e-01
-9.47157206620647673656e-02	1.50327573000736292030e-01	-9.84088691661058501126e-01
6.47638830064884318816e-01	5.24381247875636335998e-01	5.52800373252929744261e-01
5.11176021141083181121e-01	2.83927599464186997125e-01	-8.11223886281016159927e-01
3.34906537248020885755e-02	-6.77292967583677657517e-02	9.97141473650405507634e-01
-9.00218103340795883227e-01	-2.22632786943126770307e-01	3.74221870813874757378e-01
9.84506690359823743997e-01	9.47550620558925554837e-02	-1.47540011019146988236e-01
-4.24691654013908514997e-01	-2.69453199970648815675e-01	8.64310113348506603437e-01
-9.01915582420629302618e-01	1.48132688342448054497e-01	-4.05715403739241864400e-01
7.53805816818226448461e-01	1.52741154870766837615e-01	6.39098529289303662893e-01
-3.29405519669888735557e-01	4.03444306486383741372e-01	-8.53653732595794023652e-01
-4.31394489709840289748e-01	-6.49198520957686986410e-02	8.99824542370261326596e-01
1.15681320271913537501e-01	3.47240834610736126553e-01	-9.30613579805810831047e-01
-6.99544444216402383496e-01	9.03202313083362601231e-02	7.08858114422324492310e-01
9.99443290010887164243e-01	-2.38560567736592447907e-02	2.33237777262951563595e-02
-2.21401980010550419875e-01	-9.35628904903406000138e-01	2.74917652319128513749e-01
4.16375284663678124630e-01	7.49077812511737661794e-01	5.15280557680833806167e-01
6.42660391254992080512e-01	3.93899657307834771824e-01	-6.57138251424120634070e-01
7.33711069441093433063e-01	4.32302302894644163711e-01	-5.24197277264575656197e-01
-3.48188616673138329194e-01	-7.97331920541410998915e-01	-4.92977175643042442310e-01
6.24878596475665903931e-01	-2.90877233404894464108e-01	-7.24511680204892427604e-01
-8.06766134199456308451e-01	-5.30804093086562622794e-01	-2.59567755068723260425e-01
1.50668003582517612271e-01	4.13525982590909002568e-01	8.97939538286783522913e-01
-2.07867053715401678415e-01	-5.59758170960193646160e-01	-8.02160880386831642852e-01
8.87968520230540847571e-01	3.36884989639919862903e-01	3.13082115162930829655e-01
-9.54421936297808026772e-01	-8.43599377017885398988e-03	2.98341417712412348973e-01
8.03533178057479813283e-01	-3.05533083717126306700e-02	-5.94475337678855630941e-01
-8.77987714321565193565e-01	-3.59363003191822016902e-01	-3.16221133761404482598e-01
-3.47569832358677388573e-01	1.17537300471395753099e-01	9.30258133332924952441e-01
9.36558558035790356122e-01	3.33350682997873459801e-01	-1.08330002837499758672e-01
6.51715413573426410876e-02	-3.02223770770268906904e-01	-9.51006552332058330279e-01
7.77534641989349961655e-01	2.32639828466981279931e-01	5.84224777561981545304e-01
4.82915939221874646048e-01	-8.14754387159881965363e-02	-8.71868079775542592635e-01
5.17103906973563676175e-01	-3.50497596533890565240e-01	-7.80868096554496182726e-01
2.49219759277307356671e-01	2.89852779461356291346e-01	9.24053503767118145085e-01
-9.81659449208814316457e-01	-1.61474828455112073833e-01	1.01343996144021619710e-01
4.90788648576576835847e-01	-3.15472760996133305689e-01	-8.12159737673478820952e-01
2.97431534383397144783e-01	1.89218456579938465456e-01	9.35804925208156834771e-01
-9.75415262223396695163e-01	2.20373972327893991041e-01	6.15257740305542801147e-04
9.12863276564112036127e-01	-3.63527665294111068661e-01	1.85817854003447691102e-01
-6.49286571943462620382e-01	2.97607104765928887069e-01	-6.99897820175736873338e-01
-2.93769584528457639028e-01	-1.32052226572380221326e-01	9.46710959408020302774e-01
-6.60537485481365593820e-02	-8.65803520836493367696e-02	9.94052687203153650941e-01
6.99687936122073583789e-01	1.33193650146787495592e-01	-7.01923246235518494274e-01
-8.62044872071092593835e-01	3.65723365426395718991e-01	3.50891804573894960928e-01
-7.09168697818360449503e-01	5.45185689209285451184e-01	4.47048456340033983913e-01
7.21932696610309232454e-01	-5.18291981810988566792e-01	4.58461125020873494496e-01
4.54804005344045025883e-01	1.27964866645691954794e-01	-8.81350276352917516576e-01
-2.07309675245975544300e-01	-2.59684236084628594643e-01	9.43179090140653597629e-01
-6.70113939187771845418e-01	7.26226785563111376653e-01	-1.53433909019218772674e-01
-5.76874941095786630818e-01	4.38529726924580531833e-01	6.89134951180961019546e-01
-2.81035763464824672742e-01	8.27477272763129878541e-01	-4.86107254332041383016e-01
6.09867631352501438080e-01	-7.66634112292343905537e-01	-2.00832293464520250659e-01
-3.32705077557427786328e-01	-2.34013289759245179944e-01	9.13534406349077565679e-01
-5.52309129716812785560e-01	8.11888771051988089589e-01	-1.89185751765690024495e-01
7.61041460339091369036e-01	-3.07187797395824802038e-01	-5.71359390205538497653e-01
-2.32846659206384809515e-01	-1.23058486726294755154e-01	9.64696347117091623780e-01
-3.73738245552259928939e-01	9.25473111644412260723e-01	-6.18000277890556129479e-02
-4.00045086483586997961e-01	7.51895671892784167589e-01	5.24038955965334785070e-01
4.26311380130705852576e-01	-8.31615356635388103257e-01	3.55913621233086618911e-01
2.59183326735224414672e-02	7.34155355209899496138e-01	-6.78486664900682323598e-01
-3.88548370828215305917e-01	-1.31466946000990569932e-01	9.12001428527342006269e-01
1.57614324229914698483e-01	5.87190823287934149377e-01	-7.93955075457034475939e-01
-1.73340956717614347316e-01	8.61333121810454183098e-01	4.77554359205817902101e-01
9.10864216113225905191e-02	3.49293281999568772100e-01	-9.32575716469185245217e-01
8.13187323855773108727e-02	-9.08320867434081913316e-01	4.10293145868901809603e-01
-5.33565896281630536180e-01	-2.57008870751524801102e-02	8.45367907321262213038e-01
-8.95228245724193462743e-04	6.68454601255965674689e-01	-7.43752408148112054143e-01
4.09933561398961476829e-01	7.03559962466159927175e-01	-5.80480709802986938328e-01
-1.88652632439391870767e-01	-2.69475639521261522980e-01	9.44347957046710151374e-01
3.71604561007919109716e-01	-6.93482249888788926384e-01	-6.17245833786907782681e-01
-2.59371561956382667979e-01	2.64102686463063215938e-02	9.65416433751951630349e-01
5.56671048051787575872e-01	5.60083028761394929873e-01	-6.13534306420094877055e-01
1.41407209112996756772e-01	-6.88892479097880761074e-01	-7.10936813966789316055e-01
4.60920667806710815384e-01	5.69444369954825835300e-01	-6.80650606049364559347e-01
-2.86016237154382235719e-01	-9.56963517201827706948e-01	-4.91481314879359809655e-02
-3.23134620268920258468e-01	4.97552775939739511113e-01	8.05000156731860649906e-01
8.64270810472858475038e-01	-5.02666920972882236285e-01	-1.90245295403232428377e-02
-1.62990507061623574048e-01	-4.77784335599273135564e-01	-8.63224318044710781095e-01
7.54718900154864424934e-01	-5.48905482251088247536e-02	6.53747970906662811963e-01
-2.30178916026093194347e-01	-4.79193138549009967075e-01	-8.46989729916840405899e-01
8.04349183255023136851e-02	2.96173559556696719408e-01	9.51741270794476679207e-01
7.66056020302233631192e-01	-6.40881264831834940310e-01	4.92887223028856333307e-02
-7.90868013157428495497e-01	6.08857217741303746728e-01	-6.18116022178700000311e-02
5.55793221339503262790e-01	-5.94186257313848553707e-01	-5.81409138844943385038e-01
1.33282511060234920564e-01	3.69697533455116633672e-01	9.19543096327019138236e-01
4.40055243181556865473e-01	-5.78628292248439923817e-01	-6.86688198790451620468e-01
-6.69363083938080305479e-01	2.80330671700782241285e-01	-6.88017279117821733969e-01
2.34851128958695032356e-01	-8.28830983298814438776e-01	-5.07822949807062995475e-01
-6.30815124143331740214e-01	7.69552071673639592753e-01	-9.93070397043557817618e-02
-1.60422039701389129718e-01	3.88455732992865065967e-01	9.07395675922594291407e-01
6.55082903811476713329e-01	-7.40248992990927612290e-01	1.51320248181930738784e-01
2.95247233435472471869e-03	-4.37096217780553519816e-01	-8.99409906165731576344e-01
4.26294418260639240703e-01	-1.76445559780753602475e-01	8.87209126076529797089e-01
7.31598000297121603408e-02	-4.56839201862631660855e-01	-8.86535722518346225307e-01
-1.87136134034892320788e-01	-4.72538254289781023409e-01	-8.61212903741717661354e-01
4.56820910546334835178e-01	-3.41435375703023236138e-01	8.21423483902276152513e-01
-6.38444815535195164813e-01	7.68380815525179894365e-01	-4.44875246455670100842e-02
4.10687621810202019290e-01	1.20472185404567583289e-01	9.03782125202599928571e-01
-5.39153944316675404202e-01	4.81913472420574029442e-01	-6.90704299557571843593e-01
2.26586902532042583358e-01	-9.33546167488867317807e-01	2.77758760019881811854e-01
-5.69122082990190444884e-02	-9.66426022686586949639e-01	2.50562852834800120494e-01
-4.09072969092717120265e-01	2.30247458110364750655e-03	-9.12498769625730621335e-01
-1.65541473165892985726e-03	8.39454938286277596582e-01	5.43426780890349681030e-01
1.09471088380610481749e-01	-3.82092414781705302929e-01	9.17617277177718349002e-01
-3.68033531943101011041e-01	-6.54786720209172168339e-01	-6.60155792524160012213e-01
-4.64970058777470149347e-02	3.32813446492170872393e-01	-9.41845655231475675784e-01
3.57783014736537896550e-01	8.41303189103573600960e-01	4.05216310592492356957e-01
-3.05117494894336815925e-01	-8.87891801847125017311e-01	3.44313029846490425978e-01
9.33474311578945531442e-02	-5.71890205439145871136e-02	9.93989775111117412898e-01
-4.16993928351909015628e-01	-6.79933354856446681147e-01	-6.03163905312063874931e-01
1.30380334710367584705e-01	5.45402291681186368599e-01	-8.27971804199709948691e-01
-2.52028393422351337794e-01	-8.42571517810496328771e-01	4.75977863228390973838e-01
-2.30347439171895290722e-01	7.09595666306725297856e-02	-9.70517798482097515667e-01
3.30627082477498668300e-01	9.35495848108433780688e-01	1.24632461679530431864e-01
1.84584750000529179692e-01	-1.18330534120366676065e-01	9.75667133177105183606e-01
-2.47435210244215525455e-01	-9.49077939282605309579e-01	-1.95004825321026781237e-01
-5.65592041879859230846e-01	-5.54876774912009262941e-01	6.10096227512856303932e-01
6.02296895791719077984e-01	7.97847068756936783629e-01	2.60481130914109980379e-02
-6.75090519891976215128e-01	-5.29379498002502502096e-01	-5.13819167652005526215e-01
2.46287931328725506752e-01	-2.80605142743936941674e-01	9.27686913105640331700e-01
-7.42264728457893263602e-01	-4.38556781479711665916e-01	-5.06666579029529495770e-01
-6.24056142361378740624e-01	-5.21718414036081767904e-01	5.81690491272386367427e-01
8.19785009437957401524e-01	5.66958970068015655208e-01	-8.06849710926580004910e-02
-8.44973862199733583012e-01	-3.09799587238355378371e-01	-4.35939660900692083079e-01
1.86685706172083597243e-02	-5.12944806453123278156e-02	9.98509068925484521984e-01
-8.87834219855852979641e-01	-1.47847034007709488002e-01	-4.35765593625830227609e-01
-6.28112914029072544331e-01	-5.41968835602078646829e-01	5.58340351816017488318e-01
9.32964359016440702987e-01	2.71211779805049013614e-01	-2.36688984323351309103e-01
-8.37654371979662526471e-01	-2.86040239349291514070e-01	-4.65312942627171322041e-01
-8.73743048719077930464e-01	-1.40467617795747234943e-01	-4.65662896488305888543e-01
6.92479263600945915691e-01	1.90126925223067011483e-01	-6.95934064253154738289e-01
4.34488116983522909553e-01	-3.01484205967942953119e-01	8.48721008195267523355e-01
-8.78631291520727608635e-01	-4.35118897316049524360e-01	1.96668753896198839071e-01
-2.29316473892786643063e-02	1.77415800348639268735e-01	-9.83868778514017883197e-01
-1.17049400291828184506e-01	2.07697918198147785107e-01	-9.71164771121501790851e-01
-4.44188320562224847610e-01	-2.77457617652575649903e-01	8.51888494042892463476e-01
9.54915377760875649926e-01	2.43783027309303207408e-01	-1.69429799361610761155e-01
5.97303519895387748095e-03	5.12278745434182725127e-01	-8.58798468691515326512e-01
-5.20807594888542668699e-01	-1.10119888286801109745e-01	8.46541823721730812835e-01
9.39616586211611370949e-01	-9.53820724770814837301e-02	-3.28668421309401881381e-01
9.41847262399189588677e-01	-1.34906011159401956201e-01	-3.07772809819534420850e-01
-6.33912239121772413952e-01	4.04266141312044580136e-01	-6.59336151049137453306e-01
6.23084999831446495477e-01	3.41843860795192799884e-01	-7.03496878331157371456e-01
-5.66193561601923578408e-01	5.22887880708079233472e-01	6.37191584226551421821e-01
5.19123200183262745178e-01	-8.35024798145407420868e-01	1.82331263127609832786e-01
-1.92211875855208602637e-01	5.71516565756464700598e-01	-7.97761499350625680194e-01
-4.70691171570933097890e-01	-3.30459402222310572039e-01	8.18074815947817501893e-01
6.72712769634176255273e-01	-4.92032597257223203169e-01	-5.52595197959072748084e-01
7.50888624902559809193e-01	-4.82599039188110923160e-01	-4.50848578090976004340e-01
-3.42338156534299997702e-01	9.06604797311808652260e-01	-2.46723181059079643695e-01
-3.84941048398343144132e-01	-2.83337529820917921608e-01	8.78373629757271956464e-01
-2.64615999747534302866e-01	3.23048959780958322430e-01	9.08635098519781858606e-01
6.89158956840747238815e-01	-6.29275736464636414880e-01	-3.59265889979917818486e-01
1.72270420027737444779e-02	9.99297773644109876834e-01	3.32744438535032341364e-02
1.62255963820120363561e-01	-4.35686551372234720514e-01	-8.85353167475088964622e-01
3.76521282001809134976e-02	9.98592096666547246464e-01	3.73649798221051682168e-02
-4.65902572427289718426e-01	-6.72424624925991087920e-01	5.75134694483626418560e-01
1.46136244522064140394e-01	-4.77863917408447247404e-01	-8.66192977618752246727e-01
-4.96559037035644301739e-01	-1.03350603910557906073e-01	8.61828158863213622531e-01
2.31652539543109436959e-01	9.67635222126054461711e-01	1.00095843191859920629e-01
2.32328339864755345490e-01	9.68676346614706362814e-01	8.76908091242848408697e-02
-2.54986978746918113714e-01	-6.79418195206757169480e-01	6.88020753096526660464e-01
4.37701911628504025664e-01	-2.20408551861800777738e-01	-8.71686358057149557332e-01
-4.44150491824373862271e-03	7.63044037041837430735e-01	6.46331239047716166191e-01
5.38342974442935773283e-01	1.43330765881639066173e-01	-8.30447550071475193434e-01
-3.36376873755180716419e-01	-9.12158764646173736423e-01	-2.34130277584633256227e-01
7.57683645526127436121e-01	5.44949297303270907555e-01	-3.59090179023193178942e-01
-3.07801861190628966991e-01	2.31584924395463936930e-01	9.22836083516640592883e-01
3.29456627807813262621e-01	7.18197329760572933388e-01	6.12903684046920083084e-01
-6.34085849152295266684e-01	-7.46531087974849238975e-01	-2.01560091763970911094e-01
9.25379131508495711422e-01	2.83051139589670819330e-01	-2.52102192266491165196e-01
9.51751519605176898864e-01	2.28473103816576206260e-01	-2.04863578416604935617e-01
-4.40896023380747348330e-01	-4.88233073650052862291e-01	-7.53152814746957832703e-01
2.47644177720132085962e-01	-2.96666286297986137033e-01	-9.22313111592522605342e-01
8.37998583664567808782e-01	4.33763261823600754230e-01	3.31070697084971110602e-01
-8.98046739463938203940e-01	1.00823454487118199796e-01	4.28190010116389296879e-01
3.63972233847754400582e-01	-3.10734725817495449629e-01	-8.78047916209019563283e-01
1.95488236263339165699e-01	-4.37159790136917802972e-01	-8.77881351533391862674e-01
-8.16563190246647141457e-01	-1.18063866004278983368e-01	5.65053519481421906434e-01
4.33260917640997389455e-01	5.93933343308488237433e-01	6.77885064705870510338e-01
8.55010494830846679015e-01	-2.90541303044656307186e-01	-4.29584456136653303204e-01
-7.91882949731055468812e-02	2.81274029522888435739e-01	9.56354606960833297791e-01
-4.43051671447050265940e-01	-4.23257295912407072169e-01	-7.90290122603649947131e-01
8.22005906767401373081e-01	5.65774213911927947862e-01	-6.48523562551300281065e-02
-2.79877074437040074262e-01	-4.59826634064704475868e-01	-8.42750431509404651642e-01
2.80242821610630910012e-01	4.64107147709560685644e-01	8.40278832519663287925e-01
4.55542467743489998266e-01	-9.14999889912668645797e-02	-8.85499188083630817125e-01
-3.13080366606018067888e-01	-6.31776526792344306216e-01	-7.09111489287857721386e-01
-9.70022622758138081123e-02	-8.91933354022553137597e-01	4.41639505813795019140e-01
3.98113590431514619006e-01	9.17259116156154297173e-01	1.18862501302458307278e-02
2.49755542851531397996e-01	7.72685971376261937493e-01	5.83591088394313617371e-01
-2.82255059889829240660e-01	-1.89225718145214882870e-01	-9.40492269377593892443e-01
-7.54098717975759669230e-01	-5.53421416728470894064e-01	-3.53638033946531038509e-01
-1.49018865876662826020e-01	-6.22470999334844510287e-01	7.68324952477734690603e-01
1.42581041410248854362e-01	9.68215612652846613351e-01	-2.05497382089509073033e-01
-6.85792131412130245849e-01	-3.03073750539361974621e-01	-6.61691358736996138035e-01
4.99358461721736146544e-01	8.66247823995928367680e-01	1.59948156982318706598e-02
-5.74828397159640180902e-01	-3.15610489051818987605e-01	-7.54958497547614015843e-01
4.37055317850165714333e-01	8.93033003312463269374e-01	1.07120045433206939611e-01
2.82292158853917007910e-01	-2.28105535117580499049e-01	9.31814896799958436446e-01
-4.40562125733665932437e-01	3.82761670372351425762e-01	-8.12033568926064042159e-01
5.87624580214884062457e-01	6.99325718393198236811e-01	4.06990039584654295091e-01
-5.80816470650529992348e-01	-6.54065148098387894038e-01	4.84614289372585382853e-01
-9.41044846497045561762e-01	7.00732233282117585732e-03	-3.38209246347695224877e-01
3.09706256312895611416e-01	-4.00418585534620841138e-01	8.62407671092450645034e-01
5.98289839020418545701e-01	6.07327792864262305805e-01	-5.22687497975172221665e-01
-6.56635956899270900600e-01	-4.39997531541201025718e-01	6.12561337618224843737e-01
9.33436940482855193046e-01	3.40231405989335267126e-01	-1.13745630775546502367e-01
-8.47561112748615452794e-01	-2.14446871160608398821e-01	-4.85440727180728226475e-01
-9.40219526870776700633e-01	1.27387186956515657821e-01	-3.15847662473855650411e-01
1.59772976654148385345e-01	-3.53170789618249825192e-01	9.21815051564843446208e-01
9.23251260291410913439e-01	3.79649381000510155459e-01	-5.89360490383509100232e-02
-6.98432533936954369480e-01	-4.42912596365995836489e-01	5.62156942071106557890e-01
9.57821115218169816252e-01	2.28684644289586069821e-01	-1.74017368984728054704e-01
-9.22907888521750541244e-01	8.64599152336610783653e-03	-3.84923727684981509256e-01
6.23971293830492754195e-02	-2.27668772231286314911e-01	9.71737376247025830267e-01
-9.14210263447088444799e-01	6.02257826242947047479e-02	-4.00739877370965558168e-01
-5.26071033174059565773e-01	4.06998931471166891516e-01	-7.46726949986744492627e-01
-7.34108608898575876189e-01	-2.76548933588049328236e-01	6.20165492165043019668e-01
8.56801617424373218590e-01	7.02712027242076708866e-02	5.10835537572192910361e-01
-4.75773281306301865090e-01	4.39870677756357297827e-01	-7.61678128637810814006e-01
8.88462929488410990686e-01	-4.08962531803289175425e-01	2.08286510619181880477e-01
-1.83377243138335060957e-01	5.94374211724586265504e-01	-7.83001968794306946187e-01
8.24512736042074534382e-01	-5.42020220022443099950e-01	1.62458699955511487456e-01
-3.64538607068729092475e-01	-1.71639159570328131421e-01	9.15233086627872283181e-01
-7.02818399940093097022e-01	6.63938055614613942268e-01	-2.55406646374625900808e-01
5.83900983428535802489e-01	-3.21866920672006839865e-01	-7.45292779334610799857e-01
-5.36157224896644413192e-01	6.87601176814932601999e-01	4.89632568191546047043e-01
2.17267612252825620400e-01	5.58158876672313567641e-03	-9.76096117466305090993e-01
-7.31526352802672086284e-01	1.65673649214339718805e-02	6.81611852577975962930e-01
5.19396321624205417611e-02	7.06824180331591889193e-01	-7.05479874064034451209e-01
2.19128977898674554003e-01	-6.65309107355627982194e-01	-7.13685002444873872740e-01
-6.68118345982326222732e-01	-6.78474776013222369286e-01	3.05433878401935310354e-01
3.88561752143474492538e-01	8.78570291288830129695e-01	2.77730099261591090176e-01
7.74601374403742770625e-01	3.02811695497369692820e-01	-5.55245700426253430138e-01
-3.29240852516890281088e-01	2.45254948549081253084e-01	9.11839059947608832069e-01
-4.06197605501942060613e-01	-8.61532964069415152508e-01	-3.04572581015193410980e-01
7.16222600555086019725e-01	5.96215195601805802994e-01	3.62701843099273557591e-01
3.38701316520944942234e-02	-8.43006579387616028498e-01	-5.36835842032795773626e-01
9.34741081278543495259e-01	1.00040494289263259819e-01	-3.40956024250311573454e-01
-2.60511529122109508627e-01	3.59588214708124909169e-01	8.96007845410677017384e-01
6.77888700004162791934e-01	5.07436206943285506021e-01	5.31954327259096082514e-01
1.14733200556326200847e-01	5.76523522869066759600e-03	-9.93379612611845264070e-01
9.92648738087840820654e-01	-9.77934839414648093836e-02	-7.13086058705925812662e-02
2.66321359228542886566e-01	4.75367462440782762023e-01	8.38509814654111562682e-01
-7.58127020475936275190e-01	-3.10292724453751112001e-01	-5.73551955776761102079e-01
8.89733572467277467055e-01	3.13603074036990170370e-01	-3.31703605616770536013e-01
8.65059274057439875349e-01	1.40564598125529176265e-02	5.01472699461050663849e-01
-9.58080394730072781861e-01	2.76114938675983578875e-01	7.64362340374354631845e-02
6.69607564626175655320e-01	-5.13695227857499103763e-01	-5.36416743094242032264e-01
1.44639302530082308751e-01	3.40134694254078995268e-01	9.29186666891155699233e-01
6.54176589583431611352e-01	-5.64722973952149986943e-01	-5.03131148242314529817e-01
-6.64631866772987689451e-01	3.26172387273378938666e-01	6.72217268039313697869e-01
1.66420514992834001067e-01	-6.35661455143666231926e-01	-7.53816109295998515449e-01
4.16789273591308073730e-01	2.88180319114255567570e-01	8.62112988589335271783e-01
2.57522255233041064137e-01	4.91988870992416282846e-01	8.31642494632937934185e-01
-6.80779499547063182696e-01	5.02470814557037584458e-02	-7.30762960064092248480e-01
8.04653929619390084760e-01	-5.07149550533024351395e-01	3.08757812763053973715e-01
9.44852977204428623459e-01	-2.60135533177736633093e-01	1.98953149877709151161e-01
-2.23071154747565947307e-01	-4.09187688386263459517e-01	-8.84762508017091331425e-01
-5.54290835446842322654e-01	6.80588203495722354752e-01	4.79125627578098567394e-01
4.76186572932107587963e-01	-8.40596436632957133561e-01	-2.58154950522257453649e-01
1.28854064560465386702e-01	3.67946663898885639732e-01	9.20875606459378381885e-01
-7.52392669489751475531e-01	-3.33228969800748869856e-02	-6.57871458139765219464e-01
5.45322347068512014445e-01	-6.99297089390571002809e-01	4.62176501520323079752e-01
-4.75806196964823790996e-01	-4.75536485831688060522e-01	-7.39914531262037211690e-01
6.77812102067497312952e-01	2.93592053283396915708e-02	7.34648753727472736408e-01
-1.31947720363292025914e-01	-8.19403258826370550771e-01	-5.57824433415796572255e-01
4.06199181488496208203e-01	-9.12567228265048324687e-01	-4.71516580272940133423e-02
-7.43591624828295882921e-01	5.17025913558793903668e-01	-4.23976060873617666136e-01
4.30091780447828919698e-01	-1.60384886660470049255e-04	9.02785154213284868341e-01
-5.99617756568565418718e-01	5.26680991590091518439e-01	-6.02549316741259333163e-01
7.86754583957898212532e-02	-9.87909515078991495862e-01	1.33585037570096903936e-01
-5.90764499478495519469e-01	8.06827999612500623705e-01	5.08774971999396887629e-03
7.74191840335088921066e-01	2.68240757009619634754e-01	-5.73300872699034180791e-01
-8.91353476222330631806e-01	1.93829000917727978237e-01	4.09779573465543001110e-01
2.96626976723022295346e-01	5.90102938071451754709e-01	-7.50860146205403422570e-01
6.51589031103882304619e-02	4.16919975789871832816e-01	-9.06604682942253270461e-01
9.10154666268045309252e-01	-1.87200767236174125951e-01	-3.69559678829672444422e-01
1.44793173485679771417e-01	5.12487921043999539172e-01	-8.46398882144786979254e-01
9.00476715365148727699e-01	-4.34687377050486822849e-01	-1.37320544042409779795e-02
-5.34514371893421214033e-01	3.76895905797125063685e-01	7.56468018116262408412e-01
-4.54662891868808038964e-01	8.29980633690373337252e-01	3.23131246487272816292e-01
3.78104137851137112047e-01	-9.18011338267407772662e-01	1.19551008997545407664e-01
1.46706534215802819610e-01	7.24428035343320231298e-01	-6.73558619889170984152e-01
-2.23781356853940162355e-02	9.67235419008476537961e-01	-2.52892987761114351741e-01
6.33504027366349142802e-01	-7.36036291924857200009e-01	-2.38585884494708799775e-01
-5.27884615864682382735e-01	-4.89197031636725954140e-01	6.94279552177084369191e-01
2.27930402918398694601e-01	3.61799260119172128025e-01	-9.03962956543395090847e-01
5.48806504039916695503e-03	9.48139271340676326183e-01	3.17807808720433238037e-01
-2.31050017604607138555e-01	-7.65527463887545556176e-01	6.00486129230986764860e-01
3.80825549887173098185e-01	1.44347415585783567238e-01	-9.13310310993386997858e-01
-2.15230267864644192466e-01	-7.83377225714896430198e-01	5.83091805830047604786e-01
4.23781186588999825293e-01	2.33539811936452068597e-01	-8.75139224428836848269e-01
-3.87970480351441993072e-01	4.03517112030015334678e-01	8.28645187444437825164e-01
3.89641026816977098512e-01	-7.35548990195434848616e-01	-5.54208943669702747137e-01
2.28708160344476635339e-01	8.88421095437334162881e-01	3.97995646425651439237e-01
-3.30084917183214088254e-01	-7.81732812685315359147e-01	5.29091444855476988884e-01
9.28780463502785202934e-01	2.82780731449300160030e-01	-2.39586954019933906501e-01
-7.59714078799886283200e-01	-4.85582210739737840655e-01	-4.32486340924599643731e-01
-3.74432299805265156323e-01	3.42261302334970540784e-01	8.61775872130631226398e-01
7.20603094030393909186e-01	3.85384179908169866025e-01	5.76376799281798524177e-01
6.83858443820948735947e-01	-4.35642877944309281357e-01	-5.85280199315840521379e-01
-9.50541727262410152122e-01	-9.97389868053012440541e-02	-2.94147172762285469272e-01
9.12446730335674582868e-01	-1.74361609476863216317e-01	-3.70187781322364239944e-01
1.28947288053678638109e-01	6.03488964249946135965e-01	7.86875890424994950401e-01
3.26037371523440477894e-01	-6.11656088600259328913e-01	-7.20816524261422397757e-01
-9.43087775650327864163e-01	-1.64710099720390079625e-01	-2.88887574099365163072e-01
4.85278316947652998969e-01	4.91667289563404108499e-01	7.23027130524041106163e-01
-1.48854561608342622625e-01	6.74887355043183867487e-01	7.22751255613716336867e-01
-3.90353404302155038152e-01	-3.02300982633659010013e-01	-8.69619649989834542225e-01
4.41073514138426436837e-01	-3.94516276405712351671e-01	8.06108592421983072285e-01
6.57370461552049811793e-01	-1.44044714404306883893e-01	7.39672357555037129906e-01
2.42742755154016193186e-01	-7.23158281049361750803e-01	-6.46620487898403761839e-01
-4.95660735370935745525e-01	8.56924411439722200079e-01	-1.41424851034847448572e-01
-7.16243124680127407622e-01	-2.34284597750361783808e-01	-6.57348091657227295848e-01
4.94821659604610247785e-02	8.66321105620999731833e-01	4.97030438914428940311e-01
7.82181964306725596714e-01	-3.25150316932496463718e-01	5.31477794561512562055e-01
-1.16814760016093935335e-01	-9.78479476777164736134e-01	-1.70094754088033317529e-01
-4.52290493177428365446e-01	8.27397025334662528095e-01	-3.32937640180065053119e-01
3.01300772157026663933e-01	7.04475867750485429397e-01	6.42597538475506713240e-01
1.63990579381626089273e-01	-9.28225360575271607466e-01	3.33923299365266379457e-01
-6.45687186350605180074e-01	-2.32287248862532999874e-03	-7.63598495052236536651e-01
3.50256768205310209385e-01	-3.74281654919560169414e-01	8.58622990093467541861e-01
-7.50143571893300276088e-01	-2.77855669463115739770e-01	-6.00067369963044106029e-01
-1.04916098866529888811e-01	9.16600206265988703969e-01	-3.85793564062149096916e-01
-4.08382670452023421870e-01	-4.55055469267712175974e-01	-7.91295213156263388399e-01
8.02177221160697562219e-01	-1.22032922946306979228e-01	5.84482396285877836561e-01
8.72316680777063258034e-03	9.29343403889017483088e-01	-3.69113456824345653740e-01
4.31907099027329599572e-01	-1.37797034228207937456e-01	8.91329476213878257873e-01
-6.40319222630500228810e-01	-5.68957176432172362368e-01	-5.16022310095408442976e-01
-6.77846802967339567836e-02	9.65039790234106797939e-01	-2.53186572278192745244e-01
4.98340403831902700738e-01	8.64333113318405565906e-01	6.77134486639731636437e-02
-8.74664164943879662850e-01	-4.08995170055542422993e-01	-2.60164466125302362709e-01
4.85197230405204238401e-01	-2.18140363796900688120e-01	8.46757597715943055583e-01
-9.60240223076169852057e-01	-1.98780709001035532646e-01	-1.96022814273423662268e-01
7.48254957465713799181e-02	9.10557824360682221965e-01	-4.06553309766161774519e-01
-2.97524596604247071330e-01	7.71844889485372331883e-01	-5.61902643694433434618e-01
-6.22028553827042474111e-01	-5.27580006117691180378e-01	5.78567036192604855493e-01
-8.26192202393006502881e-01	1.64295594536246175599e-01	-5.38900178438432853056e-01
9.92393453760705646083e-01	1.04503935005745937636e-01	6.50704272401293470907e-02
2.59985445544773818849e-01	-4.29360958273002524255e-01	8.64902731881322273111e-01
-7.45465059516568273601e-01	7.81566763021210864082e-02	-6.61946658719087976941e-01
9.95868420088243500032e-01	7.09561222125615759238e-02	5.66684973464233257556e-02
1.61858745466904901944e-01	-5.32519894217116207535e-01	8.30797393338996492673e-01
9.36706746923417155060e-01	1.85392094832159071149e-01	2.97002089962163595693e-01
-3.45370775862368806219e-01	-3.28328686766334587599e-01	8.79158290995722624395e-01
-3.76055627318341800791e-01	6.47538945803068588525e-01	-6.62778604686707573102e-01
7.70284352348447498571e-01	2.99966670232910737059e-01	-5.62745069526613628241e-01
-9.75793831843890679956e-01	-1.34727148574293492667e-01	1.72264311952467802369e-01
9.11520138292042703121e-01	-1.60220260436923611636e-01	3.78761805932936679309e-01
-7.67322423978862300231e-01	-2.11440002761309836510e-01	6.05400217122112005441e-01
-4.61552227850158369726e-01	5.20624368429797201863e-01	-7.18275579400852404177e-01
9.15510623020779124026e-01	-1.02025264543855326282e-01	3.89141548194048725318e-01
6.26897066081336440391e-01	-7.72533947933045306300e-01	-1.00952304726517866351e-01
2.78012521506815213357e-01	7.60918358618117518510e-01	-5.86269809390976948116e-01
-9.56844954376957046449e-01	4.56183137109951314381e-02	2.86995997772659161562e-01
-2.37975064641188838177e-01	-5.42476721800177474897e-01	8.05659279667251593260e-01
6.99915730560516591297e-01	3.76474043395013946434e-01	-6.06947497534793156682e-01
-7.85820234961871366686e-01	3.36839693271838991340e-01	5.18676758069033572163e-01
-9.62991197449503011363e-01	-9.37343272632545389256e-03	2.69369806017113744279e-01
7.94430514551849875637e-01	-6.07346575478529548953e-01	3.20855160247067059884e-03
-6.14833615680423051231e-01	5.88511698776271408029e-01	-5.25008195586321502191e-01
-4.60478194573752497298e-01	7.86245156366738306986e-01	-4.12041728969215537148e-01
9.52814370649054387385e-01	-9.29106980173102642295e-02	-2.88985081411796518314e-01
-5.48513213691676715378e-01	5.56136974786297089146e-01	6.24375623868496765212e-01
2.90763975948747754874e-01	5.16706957273023292920e-01	-8.05276493259383663315e-01
-3.92606252274953326786e-01	-2.73713975675645981855e-01	8.78032453952840796774e-01
2.12493513980063331026e-01	8.11082463039341505784e-01	-5.44969489665650841381e-01
5.80067579602453697873e-01	4.43905771617549960162e-01	-6.82985555497902629973e-01
-7.15347648574205519090e-01	2.41977837649349408755e-01	6.55533727405310462366e-01
2.97323588800036620050e-01	-9.49183889638852251736e-01	1.03192185717359163899e-01
-9.80321377887965854370e-03	9.93753550505135918591e-01	1.11165542584211060606e-01
8.72585295731801102725e-01	-4.39991498192622065844e-01	-2.12137651516314335032e-01
-9.95396165743543254179e-02	-7.73686264079587737719e-01	6.25700750764134006054e-01
-2.67175221023874309711e-01	3.63811217632338312900e-01	8.92333345334420990902e-01
6.58516312468276798775e-01	7.43441812137326851762e-01	-1.16835517626920487588e-01
-5.54495762075360554277e-01	-7.14505926534793833760e-01	4.26633016522538821569e-01
1.92459127327655604711e-01	9.26524038762192470031e-01	3.23284224644618978228e-01
3.32163379249918622182e-01	-4.08100719040279835692e-01	-8.50365387703474917558e-01
5.89148990676247374942e-01	7.52122659987111835678e-02	-8.04516365171335734452e-01
-6.24468374583611707251e-01	-7.51821965576624950955e-01	2.11667147241611314223e-01
-3.11923854877932227314e-01	-8.01466714954403025573e-01	-5.10249560096124210595e-01
-4.74831444663566470954e-01	4.95297878461103402437e-01	7.27471725052349138529e-01
7.60355235168248433375e-01	2.02433024215267487467e-01	-6.17155399441095875446e-01
-7.98415785049211068625e-01	-5.39175338393325098707e-01	2.67996620599393275963e-01
7.53009627962877736707e-01	1.76660322652257617548e-01	-6.33851426278752572152e-01
-3.11373149965887829893e-01	3.70530302918092246944e-01	8.75073743235247114569e-01
9.46597046466137626020e-01	-1.80269009807420887981e-01	-2.67314638066524223881e-01
-3.73088885847027929010e-01	-4.71498810135754564676e-01	-7.99057917361433278636e-01
-8.73609325918834889180e-01	2.00971387606584082908e-02	-4.86212762770861228745e-01
2.93182535420605849819e-01	4.97637224564248359382e-01	8.16333996384039584093e-01
9.62414919181976746820e-01	1.43402625670494884152e-02	-2.71204498866551457770e-01
8.18181477243345445238e-01	-5.66822280546528167733e-01	9.63928035276998690373e-02
-7.28681174454459346101e-01	-3.46511907784032291424e-01	-5.90722645375594157535e-01
-7.62392229176658720036e-01	1.48007236111767637166e-01	-6.29961861504012454738e-01
3.00377012395224352037e-01	5.13503341628370191252e-01	8.03795974461813722556e-01
8.81763979793332097756e-01	-4.68735571369360337624e-01	5.27185742605321763787e-02
8.03834646771415473054e-01	-4.15581238660092888715e-01	4.25607911960781848393e-01
-3.85100981565635325232e-01	-6.89528915315357870952e-01	-6.13389850699544880719e-01
-5.19716751919958364070e-01	6.77276342436061495889e-01	5.20760265141455680471e-01
4.94308284897890859444e-01	4.90295177303344986708e-01	7.17823069143356029542e-01
2.04954216362402436014e-01	-7.19345806775938401145e-01	-6.63728392845407744183e-01
7.22133033798720957996e-01	-2.10667624069539427545e-01	6.58895313130659965317e-01
-7.79593443781297357198e-01	5.88925906644237606713e-01	-2.13073552785134984200e-01
5.56425366499690654543e-01	-8.01494805705600277257e-01	-2.19081920620179976256e-01
3.66876784020185475743e-01	5.65593411569668580441e-01	-7.38583453738295814262e-01
-9.90292216530397118035e-01	-6.36277990417564998094e-02	1.23583287981891318252e-01
8.02631455522175074613e-01	-3.53945403325542640172e-01	4.80109777104230250888e-01
5.72532504135951358926e-01	5.53928208910179353808e-01	-6.04458494093165765726e-01
-5.11511418205128076675e-02	-4.95762867951876906591e-01	8.66950252004454635646e-01
-8.83005138256680033315e-01	3.04289344934620620275e-01	3.57365247850935707774e-01
9.13147615133348522498e-01	-8.68694300059006385695e-02	-3.98265156782171669825e-01
-3.60172235397782758426e-01	-5.41264716833973924537e-01	7.59808177870705869772e-01
-6.39160359390084864550e-01	7.58527413480582279881e-01	1.26925954724774608939e-01
1.98881340450426602473e-01	-9.27106718304927190921e-01	3.17678052900275176285e-01
6.24241593060538946247e-01	7.49288018632383034934e-01	-2.21110602701901720613e-01
-6.07466778519754391219e-01	-2.36304401994034296575e-01	7.58382715120191508440e-01
-2.90993659350068434311e-01	8.74510813611773074605e-01	-3.88012276988926319010e-01
6.28163616364453170071e-01	-6.03901015034120525193e-01	-4.90626166359572346565e-01
9.42949525024577184240e-01	2.76545947082336429634e-01	-1.85387519559052305063e-01
-4.13359202669934755470e-01	-5.69256349365284575192e-01	7.10690775425842136137e-01
1.16602556726686887312e-01	9.92075078231776097404e-01	-4.68068682589968323993e-02
-7.31912296621694213883e-01	-6.44776151613645764904e-01	-2.20381724206554246992e-01
9.36425412858827410645e-01	2.95474998036754366026e-01	-1.89214089558242787303e-01
-5.51776007091971831819e-01	5.93349288765235516330e-01	5.86071548123118901685e-01
9.52360824109358072853e-01	8.49597076013196839117e-02	-2.92900510047426565485e-01
-4.49357285371698556009e-01	4.28413341796314739440e-01	7.83926041571711085254e-01
9.55382192911611638486e-01	1.98375121532265025204e-01	-2.18842812594928548542e-01
2.50916610967134370846e-02	-8.81629041202835805890e-01	-4.71275548115087483669e-01
7.26106056173848934954e-01	-6.17569727185758532428e-01	-3.02287325654528760133e-01
2.60939268000947577342e-01	6.15095127529939333932e-01	7.44021963724228574399e-01
-7.78644545307498603393e-01	-6.22314459235000172477e-01	-8.02333215685845091425e-02
7.79214190566989262088e-01	-4.82834609277775439473e-01	-3.99619800939104985460e-01
-4.65290671998816074417e-01	8.33679519533778168316e-02	8.81223226621943633852e-01
-2.55453442832581145705e-01	-6.16152749829135815141e-01	-7.45049882506517602287e-01
7.77017043323444456249e-01	-5.67516023688645621093e-01	-2.72341838947894876455e-01
-1.97309515414730747562e-02	7.60708275014844170769e-01	6.48793965658750582115e-01
-6.74187924285861717166e-01	-4.80636949485931275206e-01	-5.60766230737889226354e-01
-9.93166827330242973915e-01	7.07899520796033826509e-02	-9.27816564593835629848e-02
7.55964730638323478829e-01	5.67123332185725081978e-01	3.26937994307004431427e-01
7.77248460551541731078e-01	-5.45356223077839930014e-01	-3.13801562329654393224e-01
6.40543872021802962458e-01	-5.32411491911003342814e-01	5.53390957006360872938e-01
-4.38705101717533185735e-01	8.88442232947056820258e-01	1.34937883646723988385e-01
-4.74142044551632446669e-01	-8.14746922644947413339e-01	-3.33731589198544176256e-01
-3.25662198127484203702e-01	-8.51982745156925846963e-01	-4.09962845469737768855e-01
6.31731243680619947156e-01	-3.34414826958022784464e-03	7.75180270924182068804e-01
-6.77969660812164809371e-01	5.98168657906683831627e-01	-4.27260337167346793130e-01
1.77745903594294069050e-01	-9.76513312796726151710e-01	1.21770865506537442902e-01
2.76642986333255659626e-02	9.97657097439091367086e-01	6.25699809056511208061e-02
-3.50530891834830826692e-01	-7.79582088927644356602e-01	-5.19018169713439281310e-01
7.61727276002429842805e-01	-1.47813218435854876187e-01	6.30811231232888292020e-01
-3.02127617977760609680e-01	8.79727153588825694364e-01	-3.67149884507113610788e-01
-5.21114469414543868275e-01	-8.52989382669936846426e-01	2.91345639946544374133e-02
3.83224611176043672423e-01	-9.77909125235004450527e-02	9.18463845133161149725e-01
3.27077441297609683435e-01	9.29889731183949797000e-01	1.68301619816478037484e-01
-8.73620165154848637989e-01	-4.66006220408586635529e-01	-1.40092860543707675713e-01
6.37924174796452803093e-01	1.21888224538159468252e-02	7.70002714162394408248e-01
-8.77174574747121016394e-01	-3.87262348831228730983e-01	-2.83888426313802288981e-01
6.91899154809269112398e-01	-3.57987726260303396053e-01	6.26993099978936818673e-01
-2.19405042173837577790e-01	9.08112834164300108952e-01	-3.56640586437913464923e-01
-4.09581938535861167505e-01	-6.36154506491423910042e-01	6.53873137157246264728e-01
-3.92688964637147641668e-01	6.83429252642477780277e-01	-6.15402172310716810699e-01
2.95540465602377677712e-01	-7.32697435993523660258e-01	6.13033686252269616190e-01
-8.83833931414715889829e-01	-4.52271546214762343308e-01	1.19532548556932363693e-01
-4.71763174749764355176e-02	-6.86807622733676792492e-01	7.25306614077395273021e-01
-8.92463937888326896974e-01	3.48118095039149200165e-01	-2.86917952514607610404e-01
8.88963123284943756985e-01	3.72631855274814072221e-01	-2.66251884263619675863e-01
2.94299551904776912625e-01	6.12209443591131940998e-01	-7.33885121069015822215e-01
-7.08081399389109189535e-01	-3.84559096362147856407e-01	5.92228868972366928602e-01
9.89850158163531945732e-01	5.58385243703959088801e-02	-1.30685590559048658843e-01
-4.63348440368287928237e-01	7.57500106718482668633e-01	-4.59893260583108198780e-01
-2.46873690251577043719e-01	-3.52963377768087283037e-01	9.02480046879769459700e-01
8.87219077765909247546e-01	-1.60004435360171615166e-01	-4.32713402511734235301e-01
4.50807929905369830781e-01	7.98017780396565679091e-01	-3.99924783559826135804e-01
8.57883682486060283878e-01	-5.00758205535809519660e-01	1.15225027284493117263e-01
7.77974223505317863392e-01	-2.67459615920719373516e-01	-5.68525691075468797564e-01
-6.44443353787263251142e-01	-7.03871599235927125626e-01	2.98759996566613283964e-01
-4.59949074337863639261e-01	8.41735808219885917048e-01	2.82714835436978284555e-01
-4.53633769203929046454e-02	-9.82837986494711990382e-01	-1.78806197704103247981e-01
-9.81201120536034143704e-01	1.01331092657096485943e-01	1.64244849903276923797e-01
7.15525457633726880147e-01	5.31667538391359606464e-01	-4.53158855258195270022e-01
8.92230525426766618580e-01	-4.02474098642463695708e-01	-2.04790843102450881297e-01
-7.99621830162020041932e-01	-5.17029167952669094221e-02	5.98273964938474733799e-01
-6.67458703896950528156e-02	9.59741714307854931754e-01	2.72838469800982807989e-01
1.03268342989146721944e-01	7.71935159913976320922e-01	6.27257330148368930089e-01
8.84161205345124878718e-01	-1.43017850189018386198e-01	-4.44752580082417747764e-01
-5.56669720633423237288e-01	-7.55331058702785274050e-01	3.45823385399015414965e-01
9.09248376269780944625e-01	-4.06120654120467994286e-01	-9.12874829729148212776e-02
-6.35647157987277222624e-01	-3.55487527552838800116e-01	-6.85260029694616745743e-01
-6.04000399707782173464e-02	8.43757008520669371521e-01	5.33315990519485083610e-01
7.64505585619315586321e-01	-1.17365718830466217448e-01	6.33842644195130588969e-01
-2.14978737641975420347e-01	-8.26322320017677913739e-01	-5.20553134466084088672e-01
4.34939552149124275537e-01	7.51390947465135461414e-01	4.96224979262194387797e-01
5.96082809857479634097e-01	-7.58842812564587410051e-01	-2.62379247676866322880e-01
-5.55370237384259612945e-01	7.88881284092105339312e-01	2.63116360260896520185e-01
-5.03745874207491631247e-02	-9.93700878095010398106e-01	-1.00104774188819772851e-01
5.71860511382732417118e-01	5.40964841537583174258e-01	6.16711112062444666293e-01
-5.38909865060746451348e-01	-7.53558229025229731057e-01	-3.76465340779954804606e-01
7.90206439041847841231e-01	1.47636384134363890519e-01	5.94791796998355715154e-01
-8.78469341193856445571e-01	4.00416122467773250015e-01	-2.60688598619703282289e-01
-3.02585749368470713350e-01	-8.58208663237990609929e-01	4.14632071386647815814e-01
7.65858158763533358737e-01	6.35383484207934667864e-01	-9.87375746669725135041e-02
-7.28358970933331906217e-01	5.93382161397415508475e-02	-6.82621553693033455978e-01
5.13144991672517480907e-01	-7.75539070091615823088e-01	3.67724582103024055790e-01
-7.67897809815553999968e-01	-1.38260510409360465323e-01	-6.25473408660846663665e-01
-5.19962677523901906085e-01	-8.08824691156614816734e-01	2.74666038959281377796e-01
9.55918117091992147749e-01	2.76138887778440644816e-01	9.98392110935677340455e-02
-5.66280612998473209529e-01	5.64693624830258422698e-01	-6.00372698761475032114e-01
9.03052509841228756571e-01	-3.43733870976291266963e-01	2.57571718969905105734e-01
-9.20879760447306350279e-01	2.16100316619930767070e-03	3.89840732689424762647e-01
-5.64711813245117211224e-01	6.84470716446043181413e-01	-4.61086115936331530918e-01
-3.87559498104463329149e-01	8.59010146128589058279e-01	-3.34513384301968141887e-01
9.89778442288403059734e-01	-7.85097322553696269631e-02	-1.19058208966591180800e-01
8.13361831219664543902e-01	-5.69396947649218110321e-01	1.19288086256538999885e-01
-9.38656456019379636935e-01	1.09528348227095076450e-01	3.26997857038516970274e-01
-3.21258009285979806435e-01	9.45941928539137055765e-01	-4.45775649993057215825e-02
-3.74865815987589778846e-01	9.24500468174753620154e-01	6.90977883048349700301e-02
9.74546436919271674704e-01	-5.64327587752194853588e-02	-2.16966785534030676130e-01
8.46724210029833002089e-01	-4.40926654065875056610e-01	-2.97727724412133576415e-01
-8.63124410852973422692e-01	-2.50889087181679404370e-01	4.38258961486073128633e-01
-3.42173395080402731327e-01	9.37614989067682036428e-01	6.16076291928283753530e-02
5.71513495543918614850e-01	-2.96271613618959928083e-01	-7.65242089390533286597e-01
-3.32056438644850571151e-01	9.08255732352681643960e-01	-2.54578173068691127057e-01
-3.28429830023089397439e-01	-9.13254865539261051488e-01	2.41038165691391886858e-01
-8.71601951811400876835e-01	-4.10368136228582758296e-01	2.68156727245160986239e-01
9.34064395152916393528e-01	-1.92461617364985404510e-01	-3.00802645515079236649e-01
-3.44418728537958795943e-01	8.70240417702946134071e-01	3.52217766202242599238e-01
9.08118972333617935355e-01	-1.56509069581300591656e-01	-3.88361742743191962202e-01
-3.84422466580572830264e-01	8.97109924656143919997e-01	2.17745609075260332377e-01
-5.16605965536478750622e-01	-8.56022534132871992796e-01	1.85390784252826047729e-02
9.32129618748165911235e-01	-3.60056474073498167243e-01	3.86485359381093726561e-02
-9.65525815746000826145e-01	-2.28862537987282510521e-01	-1.24023537419472765220e-01
-1.88570612532164977315e-01	7.24573759066657996364e-01	6.62898176012920337108e-01
3.68268897941778194927e-01	-9.19194097747920824126e-01	1.39499926430568133018e-01
-8.74556668233942291479e-01	2.98333513189730725745e-01	-3.82292752946506997347e-01
-6.63318329079735313769e-01	-7.43455739249368030563e-01	-8.53367334976198460561e-02
7.71005775538294968463e-01	-1.79896946073577701508e-01	6.10890483540211026714e-01
-3.27658838116701323084e-01	9.21411673774613970700e-01	-2.08902401220947414595e-01
-1.36306414245019991149e-01	-9.75699753921278389868e-01	1.71553349234638469190e-01
-9.28772010239034662149e-01	1.95591268051700434283e-01	-3.14843784849678065552e-01
3.51056587098157291127e-01	-8.02390358550615245825e-01	4.82627169935560984548e-01
-9.68369449651431457582e-01	1.45403737919393455380e-01	-2.02776630756239334419e-01
7.32201074699350917818e-01	6.77723373297608344679e-01	6.76211172284665457122e-02
7.94284034259936211342e-01	5.71863537918536390947e-01	-2.05146208639241489635e-01
-9.77581586605749008889e-01	1.80170179858346685142e-01	-1.08963057130375420845e-01
-1.18411541337274566280e-03	-5.38086931812840285616e-01	8.42888516758255268435e-01
-4.43870046305815835197e-01	6.84028789553619120944e-01	-5.78864402994590521168e-01
9.76448747189710086758e-01	1.76503081052121757466e-01	1.24074600506121221488e-01
-2.91933714059341882507e-02	-6.48249495148493948271e-01	7.60868148305393177111e-01
-1.41654359925035278067e-01	9.26876815565984890632e-01	3.47611005407607365214e-01
9.02218758851167423884e-01	7.45952128328861013840e-02	-4.24778607511578143452e-01
-2.94115830237930586666e-01	-8.70955806359644979509e-01	3.93613848551944700560e-01
6.48109438670012805161e-01	5.04279450132941065021e-01	-5.70663115752594873875e-01
-3.98441206096746769472e-01	-8.97890578624850221878e-01	1.87182034663857049805e-01
7.43260988997747062967e-01	5.43648922602168682694e-01	-3.89883253279224628596e-01
-6.56971073832784857593e-01	2.88479800907750182082e-02	7.53363658661392987526e-01
8.32540639194218057284e-01	2.12958974869634554139e-01	-5.11394719480517512267e-01
-3.97230999616393187779e-01	-8.32184131461676246388e-01	3.86881253470798824878e-01
8.49782919511420820058e-01	-5.25797734140509898104e-01	3.74930990897195046130e-02
-6.55255553478176100413e-01	-7.45368999024700884526e-01	1.22740437219867978835e-01
-3.68679228287167204403e-01	8.95175307471798964443e-01	2.50473143315503965489e-01
8.93526582152728954256e-01	-4.38203450324417653761e-01	9.79182470749863087534e-02
-5.46078444501656101728e-01	8.17185881995067697758e-01	-1.84405983413215263100e-01
-3.61634678239185936022e-01	-9.28220339148656981010e-01	8.73347667632585478170e-02
-3.60244337266192871105e-02	-9.98689016382210859035e-01	-3.63660381703679244647e-02
7.22035406187335748740e-01	6.39593196646647155212e-01	2.63790475596091922306e-01
-5.49215938769777520245e-02	-9.83557235831028719986e-01	-1.72042966640424704883e-01
6.23079376028018883105e-01	7.74708532215988787684e-01	1.07697638229827474809e-01
-9.52887088763027967353e-01	2.99520400026857702702e-01	4.78928599738258006790e-02
-5.68437421838326351065e-01	-8.19425385035859488170e-01	7.36270046425219065744e-02
8.61529167221759650808e-01	4.37982366141579593233e-01	2.56785788109865131812e-01
-9.90714322313184236890e-01	1.26020444524829550170e-01	5.10291987522094939167e-02
-7.00986439673492944813e-01	7.13021321855452083760e-01	1.47853296677631796535e-02
1.00956581503291148438e-01	-9.05152894400949148412e-01	4.12923729529744765188e-01
5.71069485574914659232e-01	8.10487600379773631687e-01	1.30343746592764014869e-01
-5.29737050195754233251e-01	8.37586318798976714461e-01	1.33520845603523730105e-01
-5.15428459174977926516e-01	-8.19671854669848043429e-01	2.49943101794387417813e-01
9.96292567765667658186e-01	6.22512674495839662958e-02	5.93792818735034352851e-02
-9.67489472633020985981e-01	-7.76097062658933634083e-02	2.40709064718387044657e-01
8.82283044622957812742e-01	-4.66685501553325554625e-01	-6.14920467277262836059e-02
-4.66653303688585874287e-01	8.61756753331739622226e-01	-1.99022592294612887809e-01
6.49446887693039820455e-01	-7.07423349155253733400e-01	2.78874425388539681769e-01
2.47553507017998886131e-01	9.65348865721459614697e-01	-8.25761988310251549006e-02
-8.17658312321966507241e-01	-5.65852922476180242306e-01	1.06044115423532411824e-01
9.61895892276368624785e-01	9.13611815802597010405e-02	2.57700265661694016828e-01
-2.66165594414465689344e-01	-9.58646528932250885369e-01	1.00760651626223537991e-01
7.52420109513628587727e-01	6.57386796165835840533e-01	4.13107616283792319911e-02
2.36261689693569781889e-01	-9.60957249272477498359e-01	1.44019370411805541776e-01
8.95183683782405092977e-01	-4.10922377164907648428e-01	1.72594820996762737808e-01
-1.84724554043119132407e-01	9.62868722395167186967e-01	1.96877277933917571584e-01
-7.89098501536429131065e-01	-6.12665181168405514889e-01	4.43275383576307441258e-02
-1.66507916395335853199e-01	-9.85924709092963813539e-01	-1.50858137877479779598e-02
-6.18722238919078626473e-01	7.34900422230995831185e-01	-2.77676359223587188030e-01
9.82238576028985677091e-01	1.50152028276466786849e-01	1.12524433635605172754e-01
-9.97193981857371736233e-01	-4.51894296393561423902e-03	7.47244384517439796944e-02
7.54701977533137724485e-01	-6.37442488510036930904e-01	-1.55215975175568898781e-01
6.15094719087273422709e-01	7.81571693779135046043e-01	1.03943128845355212131e-01
9.52499172428754814490e-01	-1.94171699788677987186e-01	2.34611759133494190976e-01
-6.64574495061238335047e-01	-6.59837508275584960771e-01	-3.50649687276015475934e-01
-1.82223251382456458147e-01	9.70448866172443413980e-01	1.58188763192033982063e-01
-9.10249451096251105398e-01	4.13689130383612824193e-01	-1.75282680668576405780e-02
2.15052564889081865296e-01	-9.57201075055150951698e-01	-1.93696918529672579279e-01
7.10053740037609570912e-01	6.78657570412322441733e-01	1.87743411017926603579e-01
-9.88808721941557222657e-01	-1.37126641022029510664e-01	-5.87673015742566917652e-02
3.12376925439386832206e-01	8.91342000929069233628e-01	3.28527158440210187429e-01
9.31655034726272091028e-01	2.37363799756028975851e-01	2.75095115977308124489e-01
-4.86721942549731612093e-01	-8.53170875803926254122e-01	1.87619847885496959794e-01
6.17355083854206010407e-01	-7.71263067238798893932e-01	-1.55003166266906355908e-01
-6.80242798224141131946e-01	-6.79809327397390417147e-01	-2.74096723526017493899e-01
-7.72440273377234531971e-01	-5.75726004273590663551e-01	-2.68096236579457747329e-01
-9.30782351647338024314e-01	-3.48598826471725964371e-01	1.10104822984220043769e-01
1.59565389323430506519e-01	9.53555629161209172828e-01	2.55481014216384472171e-01
-3.63009042064027565022e-01	-9.05082485031238781481e-01	-2.21472640904998879785e-01
-7.28862871774338838549e-01	6.78248520800081688975e-01	9.34765113885026310836e-02
4.54804466333113277532e-01	8.62980971338132007986e-01	2.20038043328298654755e-01
7.50367137465006717179e-01	-6.58274370511038764420e-01	6.01997686114098470855e-02
-1.51124804416948477215e-01	9.58237356424150532597e-01	-2.42780687541646389427e-01
7.92834123347199382081e-01	-6.07292615445963690490e-01	5.10855369070216946970e-02
6.11169749468019163352e-01	-7.85794992208255771438e-01	9.48565630603689230460e-02
-9.86352769031386578114e-01	6.50709194072492669303e-02	-1.51241497187814100123e-01
1.94228706360044384160e-01	8.88083840510111466315e-01	4.16632094119637474972e-01
2.25740049551161309216e-01	9.01715369165984825806e-01	3.68715097383455536750e-01
-8.50011006590194462262e-01	-5.44112117753901766704e-02	-5.23947238477938670442e-01
-4.12878232604754924484e-01	2.25132157202687199771e-01	-8.82523131047814768380e-01
6.65733971364815269034e-01	-5.71343071848028460913e-01	4.79963929501051100868e-01
-8.44008721388357363580e-01	5.31421650522500010894e-01	7.23899687548759385169e-02
3.28269375946085184559e-01	-3.27998745623389098558e-01	-8.85808128030811769982e-01
-8.59386513718789157856e-01	4.30707936665765789286e-01	2.75582099076453146402e-01
7.54536240817397008129e-01	-6.96461485692178861040e-02	6.52552277815827919127e-01
-2.41027933806612221224e-01	-9.45593200053325921850e-01	-2.18538406550944974693e-01
-7.18485140113476083989e-01	6.75686571009214587136e-01	-1.65005336864988527701e-01
7.90615089735749898558e-01	3.54356067220612941382e-02	6.11287246438506737256e-01
-1.65559757303584909049e-01	-8.74393979112186414682e-01	-4.56097726429254612945e-01
-8.29238519760555736759e-01	5.53816438917373310424e-01	7.51719983118842444147e-02
-1.59922197334158439075e-01	-8.87593051633465801586e-01	4.31976232554299344191e-01
-1.13265939835303794392e-01	6.30191599662158430384e-01	7.68133695777287850426e-01
1.22491938350835737059e-02	-9.36063660826047638785e-01	-3.51617377459261415407e-01
-1.27276972815003081019e-01	-3.80691812969928933263e-01	9.15900821993690272826e-01
2.05028023319558522219e-01	9.10051766959714014682e-01	-3.60235049803842743987e-01
-2.71139337131104107836e-01	-8.48443703637390300720e-01	-4.54562142746372688240e-01
7.50198578507199065335e-01	3.59558074159276208626e-01	5.54905473132722315555e-01
8.19633760981903658482e-01	3.90984036665690870560e-01	4.18726618369624437044e-01
-6.90466789380635992401e-01	7.11525859778533775746e-01	1.30332511787407373527e-01
5.25635611203381203360e-01	7.28256621912261925544e-01	4.39715245216479200252e-01
-6.36452587590889268254e-02	-6.40967422868382041834e-01	7.64924861577235715160e-01
1.83660520885992245566e-01	9.27766637338407251789e-01	-3.24835157748772862529e-01
2.24720119692810832435e-01	3.44619348001349801169e-01	9.11448502543272254250e-01
4.93670229446241060067e-01	8.34022722809757643958e-01	-2.46365180972258679404e-01
-5.66543355804487169802e-02	-9.68103657539161388534e-01	-2.44060636972117828147e-01
-2.27680820311372072995e-01	-9.22904377421186472574e-01	-3.10497913357164145864e-01
5.79708057804967924476e-01	7.83793391556805496556e-01	-2.22725137934343703217e-01
-5.45130065709536593133e-01	-3.92305638060952310830e-01	7.40897764745653164553e-01
9.98112184374422728439e-01	-5.43522042343653755125e-02	2.85990436585571161654e-02
-4.52778468711628911958e-01	9.96741812637933072283e-02	8.86034263367136976086e-01
9.54926218530885551061e-01	-2.92327771486725562777e-01	5.15789800200470854863e-02
-2.56148706752282517840e-01	-4.36550809462844580100e-01	-8.62444914638881954261e-01
-1.69184505612606256308e-01	-1.03132490313868563359e-01	9.80173603247035951647e-01
1.72891116934281080519e-01	9.81549427037625599191e-01	-8.16662963977524275494e-02
-2.52735692799758437932e-01	-9.67519789075461877914e-01	-5.48883707171306939321e-03
-6.55331569416004039441e-02	1.46515357399249999959e-02	9.97742821493459386417e-01
6.37386514146975197148e-02	1.07427497158132267963e-01	9.92167686013899152719e-01
-3.19909039969483222077e-01	-9.41996151659140967816e-01	-1.01496090590585827385e-01
1.54449695907910106163e-01	9.78586762511226671002e-01	1.36063366384013229027e-01
-2.29327223581352254711e-02	3.00070866122015660060e-02	9.99286578013681037191e-01
1.86081249943725636486e-02	-9.75697792245174500003e-01	-2.18329008361431625707e-01
-2.91629794382843976486e-01	7.40991364288170917263e-01	-6.04883345016686280182e-01
4.18505250747582824289e-01	1.49956239427886495186e-01	8.95749117417008355879e-01
4.82388339149167066910e-01	1.60560525531784015207e-01	8.61116605282853275760e-01
-1.78770690830972966978e-01	-8.54225829509486334068e-01	-4.88200033079317252671e-01
-2.48970832944917119800e-01	9.66975112457104546415e-01	-5.45220710472741065811e-02
-7.71912418585969234419e-02	9.75034488553285227930e-01	2.08204846994399145332e-01
-6.16539154620424190156e-01	3.87940178897055343299e-01	-6.85114507522102678116e-01
6.77970056189451497630e-01	-3.80534671446388417237e-01	6.28927632353406096399e-01
1.08028296125495110180e-01	9.84867291953216872358e-01	1.35522339401884434062e-01
2.82030701285663140676e-02	4.47156941074102032285e-01	8.94010770004799892874e-01
5.28113018512784360148e-01	-8.06358986935777344307e-01	2.66236405972628820127e-01
-6.07585087261573786321e-01	7.79293346306623169184e-01	-1.53434813975093065075e-01
2.21168377202223431777e-01	-8.77931473314478627579e-01	-4.24642057608056511242e-01
9.38029399848653439031e-02	5.61316906804925741525e-01	8.22267802230603028768e-01
-4.67479355337415247718e-01	-7.88927597734263796880e-01	-3.98818627782803691861e-01
4.37262966349361015261e-01	-5.49226765455261001225e-02	8.97655055052013373107e-01
6.55862231672064477372e-01	-8.53893287534166073316e-02	7.50035596222725975402e-01
-4.65617306918157891626e-01	7.08387894197751832870e-01	-5.30459343260496041239e-01
3.09224701567538895475e-01	-9.30119962282914825025e-01	-1.98133641018620632046e-01
-2.02010471736438823598e-01	-3.80766899143644088621e-01	9.02334936609103799299e-01
-2.03895982379854068256e-01	8.77123621537299169582e-01	-4.34833969361464511838e-01
7.56863766654095604380e-01	-6.39565475642283609581e-01	-1.34585441607308203826e-01
-2.66956425399677323151e-02	-9.45598797589608408565e-01	-3.24237963024789854760e-01
6.70232565766145094166e-01	7.30887052564074934935e-01	-1.28811584031597037292e-01
-9.17420477383698029783e-01	4.69597395348914370405e-02	3.95138520698606054982e-01
6.32591404120616762619e-01	7.16910237945129424908e-01	-2.93032124795498505332e-01
2.86364201606293333757e-01	-3.84472324319452329888e-01	8.77597046411841552604e-01
2.86512084056058824455e-01	-5.09737401150525348825e-01	8.11220443257048562380e-01
-9.88610874808296125060e-01	-1.44719873160852524618e-01	4.12879706825391851188e-02
-5.40868694311844255829e-01	-1.91531480346659385705e-02	-8.40888941795385425060e-01
8.58627239949797838037e-01	-2.55023714014569247155e-01	4.44659609259046018082e-01
-2.54363845780811448360e-01	7.70341253985200480336e-01	5.84699398296342098824e-01
-7.54681282263283237377e-01	5.80807251260357371159e-01	-3.05154221804049330391e-01
-6.64599390140620305267e-01	6.62778698521309550529e-01	-3.45010213488114836355e-01
6.77662185750430134945e-01	-7.13473326020851006390e-01	-1.78128535223006922994e-01
4.58669866640082191100e-01	-5.71203894137979756307e-02	8.86768974733321058146e-01
-4.43963732705634828157e-01	7.49366313241846659920e-01	4.91270121847850793628e-01
-3.10137553406660992916e-01	1.54180365238955119356e-01	-9.38106130958386241758e-01
-8.59195661761747220275e-01	-4.93648676142399933653e-01	1.34513193972371880580e-01
-5.11773246051384411714e-01	6.00490398337807040896e-01	-6.14409819363371689782e-01
-4.11826020583203819547e-02	8.97421500407392436216e-01	-4.39247816038111693615e-01
3.72937400926339091001e-01	-5.55372774907438748748e-01	7.43289160342002097615e-01
3.77027833032962167437e-01	4.11292867871896061782e-01	8.29872393778814609888e-01
-9.18307815175898212168e-01	3.29196495278868572765e-01	2.19864558496766449025e-01
2.90641586083646374927e-01	-4.58585897526781027800e-01	-8.39777615222232043379e-01
8.98838108373099964332e-01	-4.14317088613764539229e-01	-1.42938465847655488128e-01
4.66618440685002966450e-02	7.50626240362020524799e-01	6.59077324437812306357e-01
-4.47326292250605050960e-01	1.78682463705494232187e-01	8.76339982783771564989e-01
7.25978470956208155052e-01	-5.54789645947654674885e-01	4.06403381454143397544e-01
6.46383299070766192962e-01	-7.20851368442696038841e-01	-2.50123839920717794261e-01
-3.36812915821334046829e-01	2.34606346277999505689e-01	-9.11875496996173429132e-01
-7.72760982658911910193e-01	5.13971592985802527842e-01	-3.72389131532687878146e-01
1.36367509406127573879e-01	6.36528858587271262337e-01	7.59101386221863960735e-01
-5.73964627183729536597e-01	-7.72979501851193129269e-01	-2.70309630719520910258e-01
7.55501474406298667574e-01	1.04592455022391186970e-01	6.46744107450773597634e-01
-8.67393817484371609794e-01	3.91300967752039374759e-01	-3.07427256479001653755e-01
-9.07332154774556531862e-01	1.46913625154249161131e-01	-3.93909567865769083550e-01
7.48767559543487504214e-01	-6.42136808285066140733e-01	-1.64339469455021203181e-01
2.58777229352449178457e-01	9.26086802339775139181e-01	2.74586197942941145911e-01
6.92616582162337568462e-01	-7.20244866393468741173e-01	3.91101335668446667415e-02
-9.08366515340383373633e-01	2.39265896796371890787e-01	-3.42960791401286879676e-01
4.53461234085194120347e-01	3.20087700122088980592e-01	-8.31815348146741184721e-01
-5.28523954530659922924e-01	4.57920182001691877804e-01	7.14822730754143154108e-01
1.03054082556989820563e-01	-8.79681225472958572276e-01	-4.64263715595706505379e-01
-1.20859301032756480399e-01	9.82037914412951296050e-01	-1.44895010298264848014e-01
6.04147176196637936130e-01	-4.02981728120119619962e-01	6.87467756549316688641e-01
-6.97547040186242472970e-01	7.04724077139081139798e-01	1.29584342525951023983e-01
-7.10578207418428031694e-01	1.01209230949933934318e-01	-6.96301158057730296136e-01
9.68320197372855129281e-01	2.18369711874012772945e-01	1.21122517707713109325e-01
2.15546621608038557749e-01	-6.34856389086931427457e-01	7.41954863282709209393e-01
-4.34589443173600153969e-01	-5.90813738199588045497e-01	6.79758150106851255501e-01
-9.99515773209377011987e-01	-3.63120468197539961880e-03	3.09036156172504093698e-02
4.40151917219496868761e-01	-4.93252181068843775780e-01	-7.50312318730560146030e-01
4.04236534329784680253e-01	8.98638632702400075303e-01	1.70415469156428550646e-01
3.91892378682553055302e-01	8.88802897721271745191e-01	2.37591608717144825436e-01
-8.65025486856587977336e-01	-4.86113427168409661938e-01	1.24195986308360775685e-01
9.58634706942472630820e-02	-8.48982687398457669392e-02	-9.91767351222770487951e-01
-4.94143326063358478972e-01	5.56746478419652079950e-01	-6.67724293458278439495e-01
-3.03783324360078765825e-01	-9.52460470898999655986e-01	2.31245154672513816840e-02
5.48943510970442249963e-01	1.15158270521101807615e-01	8.27888636529112265094e-01
2.50274304542845882349e-01	9.60104246488562740325e-01	-1.24750183808377559935e-01
-7.89758317131614040463e-01	8.26525681928493433093e-02	-6.07824278465879830335e-01
-8.95007798383773756079e-01	4.45461591558179381689e-01	-2.29131245945203357306e-02
9.34968611230576174265e-01	2.86088293556739481360e-01	-2.09731219191040652028e-01
-4.54768789590612662610e-02	2.23662759407611128060e-01	9.73605065483081677513e-01
-7.90651073441543617015e-01	-3.81878741067852356394e-01	-4.78580721703420697288e-01
9.97825717596494854433e-01	2.55565945879909772742e-02	6.07511133733788719069e-02
-9.24863044515299159709e-02	-7.31876075138782389295e-01	-6.75132353045201250019e-01
9.65029446269937030145e-01	1.83950477001114359732e-01	1.86762924165908811291e-01
8.19796292066704235246e-01	5.46676458106978915841e-02	5.70039900371192564954e-01
-8.88547439765522195643e-01	4.18941880689442991414e-01	-1.87005742934617330553e-01
-4.71494197296672412634e-01	6.06068456871249439111e-01	-6.40604595285788613879e-01
-5.86528430625029351120e-01	-7.39497356713445519460e-01	3.30345363948651882247e-01
-5.29833027312341942050e-01	-7.43618129072291411674e-01	4.07810055398422188766e-01
9.13858352112986049853e-01	3.54107149504309104415e-01	1.98673196338284674400e-01
3.19631680495755354787e-01	7.75172697297795698645e-01	5.44924653679313197863e-01
2.15001852006497184977e-01	-9.33775346894886504323e-01	2.86073076616990717991e-01
-2.79055264745141362592e-01	9.26943460846046507484e-01	-2.50806657831830093208e-01
6.05472194111499217861e-01	-4.01993704741377633205e-01	6.86880254124479172617e-01
-2.98955708417629639762e-01	-8.61274476642731601217e-01	-4.10891421531652090149e-01
3.88539384856338210206e-01	-7.31102763150659362701e-01	-5.60826083673833020171e-01
-8.50748225386024792272e-01	5.24661093320042737354e-01	3.09547114143685873910e-02
4.16216274218556614439e-01	-1.38157218060833641982e-01	8.98708293148179682142e-01
5.56311588307174420542e-01	-8.07553267394865881279e-01	1.95895730007126761540e-01
-1.65977213452612099021e-01	6.28090248264577821757e-01	-7.60232993660132638780e-01
-8.13269257847056281641e-01	-5.07333500437623596824e-01	2.84966372708441217920e-01
9.44706733841403245577e-01	6.38752353794186655822e-02	3.21635105888539329921e-01
3.51447592740558478752e-01	-8.91379288650342771483e-01	2.86229895926465804923e-01
4.91519046059529784998e-01	7.51743779040729642738e-01	4.39647947833596119960e-01
-6.52329185445238324270e-01	-8.88118518676738188944e-02	-7.52714480254090934075e-01
-5.31876673986156345286e-01	-5.73796020184236810202e-01	-6.22788351601212042397e-01
4.19107762365986458164e-01	-5.30415483103038210011e-01	7.36890832355204694615e-01
6.47171819262066239098e-01	1.65871053046770300377e-01	7.44080257844664916256e-01
7.81758075375772243376e-01	-6.22143004089542039914e-01	4.23366749663754635136e-02
-8.69891975673085404708e-01	2.38866050847591243622e-01	-4.31544853302703923514e-01
6.86008727607984702956e-01	9.88561200178138671513e-02	7.20846372801235202310e-01
3.81023058343495257816e-01	4.81794360976828650589e-01	-7.89110653040179577111e-01
-6.17355481758275925763e-01	2.62640700398212856292e-01	7.41547079852212354112e-01
-2.90341856095371331214e-01	6.46696148754505428791e-01	7.05326660339154698498e-01
7.66597210227911302072e-02	-9.45833567141714959270e-01	3.15471314766789578954e-01
4.40842738308733550490e-01	2.98756024497312366872e-01	-8.46405646192780691806e-01
5.42063247719410612468e-01	5.40122266379444604389e-01	6.43766551502186423761e-01
-7.27326621841843601324e-01	6.53965387310492252126e-01	2.08147201182167285172e-01
7.21698020305328924451e-01	-6.88865125859217108939e-01	-6.79470813378607735311e-02
1.49581483403934591830e-02	9.94432975035621447013e-01	1.04303940290047372774e-01
-6.04475975254549879878e-01	-7.59067560721351841657e-01	2.41713122524611440101e-01
-2.75172502582326450327e-01	-9.05767346107551052370e-01	-3.22281877473529987377e-01
-1.22125334691361581152e-01	-5.06377380065246573970e-02	-9.91222085163615429515e-01
-2.73644713887161716848e-01	5.57104352531315516472e-01	7.84062058100171821451e-01
1.30654800715651303600e-01	-9.89716919400982830801e-01	-5.82214951833246452395e-02
7.99881005529241684293e-01	-4.78042512549668396904e-01	-3.62857731333823818609e-01
-8.20243758996045957410e-02	-7.49365126900406242072e-01	6.57057005398936966323e-01
-3.37943827616464520514e-01	9.11456745037212079374e-01	-2.34607270352186786377e-01
-3.41381236267960463948e-01	-2.57306726835338728243e-01	9.04019966510388184311e-01
2.68497267236732173323e-01	-8.01337559972933988206e-01	5.34572102211695265872e-01
9.80470500399999944641e-01	-8.40900257330859934868e-02	-1.77782072823956832641e-01
-9.74539587519371086621e-01	1.29673117294069079053e-01	1.82913845864146051845e-01
4.84169282544597900930e-01	-8.54395151750219961073e-01	1.88650551300460739279e-01
-1.83974129597676894221e-01	-4.92597015149398909095e-01	-8.50589031380419413608e-01
-2.38206016556651800631e-01	8.78572622631877742094e-01	4.13966231035764797852e-01
-1.00344071927366218500e-01	4.13829355387734132421e-01	9.04807345156087960980e-01
4.66883543926726540807e-01	-8.55619831145422726770e-01	2.23460199948667892489e-01
-6.23180156474064217420e-01	1.85583589671634609231e-02	-7.81858094470733622217e-01
-3.79923533790046841219e-01	-6.75183723421175607804e-01	-6.32285574799552385628e-01
2.33308716891891226863e-01	8.85392871713663875965e-01	-4.02052863863560594471e-01
4.08974852210399197894e-01	8.36230863899395160388e-01	-3.65318371453658752301e-01
-2.41137025672132354615e-01	-1.28175123055084744239e-01	9.61989642709219272554e-01
-4.31333286582556318933e-01	-8.26177514217523611961e-01	-3.62466979030150848740e-01
-3.32941854650903201751e-01	-8.55584807625669463427e-01	-3.96389150181690741448e-01
6.36898061544204696638e-01	7.06445154616448300899e-01	-3.08700668480288320517e-01
7.82515487441571067073e-01	6.04719140821804446162e-01	-1.48270943336242327915e-01
4.03331399734707662930e-02	3.90387141793094027964e-01	-9.19766882064417035103e-01
9.30632965530970190926e-01	2.40140433361995281336e-01	-2.76142817635630311024e-01
-3.27207192605430741139e-01	-1.04129842941713818272e-01	-9.39197758151182116038e-01
5.75575285261138547277e-01	6.51837977066394680392e-01	-4.93781675085810889403e-01
-8.11593403812444935674e-01	1.44998797210889512899e-01	5.65943014530195465106e-01
-9.21185186543344136645e-01	5.01772816132748933349e-02	3.85875747492643805803e-01
6.95380943405538243240e-01	-7.05039511554299780371e-01	-1.39156856445156712487e-01
8.13226223837623551915e-01	1.34770817923960783968e-01	5.66127137221760445840e-01
4.49696399146585823470e-01	-4.99932081009305695485e-01	-7.40162862464943893670e-01
-4.71979188256622161912e-01	4.46860966228692091384e-01	7.59967711625816111365e-01
9.52385260833148006299e-01	-2.75360429803770123680e-01	-1.30915807472053086213e-01
8.77099070758369792067e-01	4.76486024669860064318e-01	-6.04837860018521689121e-02
7.36216727432552842103e-01	-3.44163734518891761827e-01	5.82697394957718883823e-01
1.89648767958320890736e-01	8.95444345965547672250e-01	-4.02756462505846457578e-01
-7.15997053203379141273e-01	-6.18467672121552625164e-02	6.95358322873525946939e-01
3.44760456275110871438e-01	7.76472479476879029470e-01	5.27475796984093858732e-01
6.49209833129829938514e-01	7.42077614702598808982e-01	-1.66875421572020177230e-01
1.67902070777979917082e-02	-5.01228735374020351045e-01	-8.65151919480991904443e-01
3.42634370590761197506e-03	-9.62472619901605264126e-01	-2.71357174418788982262e-01
7.46206708670757445923e-01	9.98166580244201073757e-02	6.58188561671798844088e-01
-5.46841108887218707579e-01	8.08092387868562300746e-01	-2.18978296412868672638e-01
2.42022015906567578014e-01	-9.29629059790221479176e-01	2.77876150488073181410e-01
4.54266136897438499442e-02	-6.33388602982037085543e-02	9.96957677910555672973e-01
-3.68141009873377167416e-01	-8.22718817191805507072e-01	-4.33135019004382060270e-01
1.16006110761890005034e-01	3.59985815734870706617e-01	9.25717448650288599055e-01
-5.02117910839595227301e-01	-7.85943731901131203976e-01	3.60790872805013096425e-01
9.67020356031306378697e-03	4.00502074102933147692e-01	-9.16244823069877201149e-01
-8.48976158907390976438e-01	-5.25669276747412483886e-01	-5.39563999049661041640e-02
7.38194660013279047028e-01	-1.45835672487327455693e-01	6.58635407914005321928e-01
-1.75967568865033285874e-01	5.94678537022470421469e-01	-7.84469790567198344000e-01
4.89749492102191097409e-01	7.96459287535081550402e-01	-3.54680191559602286944e-01
-7.05563121562010842069e-01	-4.79892377191306895856e-01	-5.21424958939776250766e-01
4.12682354323842315313e-01	-8.96758812737124655357e-01	-1.59740120846433686363e-01
-4.88666695869582667910e-01	5.99264121425078788441e-01	-6.34103598097765952524e-01
9.35074794294747269063e-01	2.14197716640553953438e-01	2.82408334261949223176e-01
5.87615347826170086876e-01	5.83054344828314308202e-01	5.61031045465359645696e-01
8.83675370567603368777e-01	2.98051217662940626241e-01	3.60947795535375370868e-01
-4.45404615240141243948e-01	7.93865710267036006620e-01	-4.13995124107755851917e-01
5.19017901728510921977e-01	-7.37595342728398217780e-01	-4.31941579464990232928e-01
4.80097515750795511558e-01	7.85972829654805194011e-01	3.89554985097525230398e-01
4.97318954113678102225e-01	7.21589244137547991542e-01	4.81645949452790045342e-01
-9.81755283685755930634e-01	-1.78039530810047474940e-01	-6.67719134370060168893e-02
8.00969931935582857285e-01	-3.13983029042802230801e-01	5.09766442214681925194e-01
-2.23397082411950831382e-01	-8.99123008964355152628e-01	3.76392824480903442907e-01
2.45137516906876712364e-01	8.79024786492746290634e-01	-4.08929116762443978228e-01
7.82138846327377734724e-01	-6.06337472344170777538e-02	6.20147058174100762606e-01
-9.23317668910772076929e-02	4.06689799794130946164e-01	9.08888470367063994182e-01
-3.63652928916640624801e-02	7.06556139793388493509e-01	-7.06722001067724647783e-01
1.95104737088430374436e-01	9.80040426806896514123e-01	-3.81431958520850045158e-02
-7.33663569701394346900e-02	-7.15421375644904711244e-01	6.94830650543916461537e-01
4.56178055953254446564e-01	8.83734858644280363293e-01	-1.04471435730937159403e-01
-8.93928227280554654754e-01	-3.31153788320781017340e-01	3.02042203924948959859e-01
-1.33306935023902173310e-01	-8.03880985158455962925e-01	-5.79659057356307627629e-01
2.07403482382656850769e-01	7.71440969196506953764e-01	6.01550186219488303152e-01
-5.21710915890495008362e-01	-7.58632447568545309480e-01	3.90249317407294404880e-01
4.23803915404623809948e-01	-1.14675115054861082031e-01	-8.98465279949573147888e-01
5.53992382975068808904e-01	-7.21031756165381287893e-01	4.16179824362823691519e-01
-9.42563498525288867569e-01	3.31854624757636162968e-01	-3.80336597599569212202e-02
-2.90834514992530324129e-01	-8.93541314549371579190e-01	3.42051464084632717011e-01
1.31266665052208408859e-01	9.32838629101569671853e-01	3.35531153102026413748e-01
2.93079327598026295743e-01	4.14012911262257643497e-01	-8.61799174426872371946e-01
1.68153074824732434722e-01	-9.28151228077362833169e-01	-3.32053973392084533778e-01
4.46632603655725324288e-01	-6.75306012271206235198e-01	5.86925129077013663093e-01
2.55666857197317243244e-01	-7.14551016923266835157e-01	6.51192216127290612881e-01
9.24753132435237046316e-01	2.17486859180644087619e-01	-3.12299712031496701226e-01
5.08101704546048971167e-01	9.61789725621411961676e-02	-8.55910195683104557673e-01
-7.82544321805651810209e-01	6.18394597368181031527e-01	7.21976894060856883018e-02
-7.27172903469788800557e-01	6.76239540374308223392e-01	1.17981576924796688344e-01
4.02853005451684134663e-02	-9.43985479031846708153e-01	3.27518716926224806585e-01
6.17881186687804451196e-01	-3.87800554649529782836e-01	-6.83983602837661242013e-01
-5.55792691717088227499e-01	-7.49362107083856199274e-01	3.59931821739502222357e-01
7.49140153565796107493e-01	2.62230167290955107351e-01	-6.08296284451888769063e-01
-1.14874999121335460983e-01	9.77325081311254839633e-01	1.77874731248769540892e-01
-8.55827499469194785675e-01	1.90454130493052126161e-01	4.80922566875833679134e-01
-1.77511541550159052116e-01	-9.62773450633423788503e-01	-2.03855182352317337857e-01
3.79722614592459539740e-01	7.26207442347296616703e-01	5.73091167831492942497e-01
-7.47024916989865728212e-01	-5.66838432466735930859e-01	3.47344159120227480297e-01
-3.96968269176527166486e-01	-8.64714382479095267087e-01	3.07709652108589581943e-01
5.97713013974995877042e-01	7.15731729209855616070e-01	3.61202498229450719158e-01
4.41553931650406517040e-01	2.36665734386274195789e-01	-8.65459101062247548874e-01
8.40385914660149890842e-01	2.08569155519845145230e-01	5.00250359126869548199e-01
-9.98462017210114405330e-01	-5.29331280867220213548e-02	1.64828437978387677687e-02
4.31378989191059769581e-01	-1.20399638541651060608e-01	8.94100718444817754715e-01
1.85558917815731416745e-01	5.85266024001421802936e-01	-7.89323488291474695266e-01
-6.83301411805154468304e-01	-6.75770617667411199747e-01	2.76465645103488810719e-01
8.42490767132922813154e-01	1.20124392183968684011e-01	-5.25147062924483543078e-01
5.20888822330689449380e-01	7.56846851631988615239e-01	3.94788143116905687613e-01
-6.85077690106832171146e-01	2.18160050284405687693e-01	6.95035791148767345682e-01
-5.76159745711185222738e-01	-6.09823420827496076591e-01	-5.44201564525748970880e-01
5.25593858465598806617e-01	-5.39336913717019417192e-01	6.57926127650699466010e-01
-4.83270150202328441225e-01	-8.37642623121902740735e-01	2.54567864925793529984e-01
-4.42782695620294819427e-01	2.40146243017332228220e-01	-8.63871093638330811437e-01
9.05349891041998255936e-01	-1.01214231382308769702e-01	4.12428483686481217596e-01
-9.03766839770628993556e-01	-3.86112373367070438324e-01	1.84723399881710131920e-01
-4.35637161221154423085e-01	-6.95521284122950222972e-01	-5.71375889494066924179e-01
8.91641946427314868728e-01	-3.13518362908296377434e-01	3.26620384377048600388e-01
-3.78164082699289916256e-01	8.80435397231791205819e-01	2.86051460156215242581e-01
-7.28042291091464899289e-01	8.14536098543527931071e-02	6.80675937450403445439e-01
3.96731666040878117041e-01	-9.13021881445210348183e-01	-9.48421275735497060211e-02
-1.14019435227053229226e-02	6.88743015442235484436e-01	-7.24915894682577555130e-01
9.59568779816314249009e-02	-4.44599914102685789263e-01	8.90574642547104278201e-01
-6.70483092350951381810e-01	-5.72881716458969125760e-01	-4.71443487407060157768e-01
3.60653043008483664700e-01	8.17461843302517809917e-01	-4.49094107413101573112e-01
5.46869748633459940024e-01	5.66220110014528321685e-01	6.16707600929899291131e-01
-3.04455974038915833102e-01	-9.46152479426407899687e-01	-1.10009297549232679114e-01
-4.73029666022135086845e-01	6.16326750312539251020e-01	-6.29590558944598588376e-01
9.24783555026757048134e-02	-9.75189178474662354823e-01	2.01131349991576391378e-01
4.26821078801196351904e-01	1.85062862931780480746e-01	8.85198002400861660988e-01
-3.29892537946104069668e-01	-8.76539503662494889902e-01	3.50498804458139578966e-01
-5.91626704250908019844e-01	3.78279293099879843076e-01	7.11956894221176694870e-01
5.24152473807168339803e-01	4.04018424648463825299e-01	-7.49688799933945437814e-01
-9.64916921321340992357e-01	-1.01285805431746298022e-01	-2.42232368947231574419e-01
5.70509879123316188121e-01	-7.74902992398969203691e-01	-2.72109959747566132471e-01
-3.23631077732125460589e-01	6.67047761264764726974e-01	-6.71051570088028737082e-01
-1.94270681323815030961e-01	-8.29692619823056642936e-01	-5.23325003214191397660e-01
8.72206946193682997048e-01	-4.86460219478748179256e-01	5.11028167147170794826e-02
6.92968491950646248156e-02	8.20742700667434821327e-01	5.67079682225313130850e-01
9.17343514252799807629e-01	1.48201912273043800994e-01	3.69482164734559692665e-01
-9.77434655317088035842e-02	-8.62506574463442698963e-01	-4.96516489105034097840e-01
8.20088353642874690053e-01	-1.46031958312693443958e-01	5.53289941505065718808e-01
6.81244404705913964015e-01	-7.32049560387572073594e-01	-3.08256277265083400083e-03
-7.35129506112305042276e-02	-5.48534871877654484074e-01	8.32889752864444887770e-01
5.68474960224683023569e-01	7.29048759288576486703e-01	-3.81214016239345976356e-01
-8.94791197442414198981e-01	-3.53862109638915234289e-01	-2.72268838359198128707e-01
-7.55457963753308425758e-01	2.39420383373733725030e-01	-6.09886173828263933316e-01
2.91180964455912016930e-01	7.44191285043236616659e-01	6.01159693595820554535e-01
8.26838150935852445045e-02	-7.43144931747247050602e-01	6.64002256878656549333e-01
-2.77848154131108859843e-01	9.55983768645658371632e-01	-9.43156261283357305603e-02
-7.17956048617360620412e-01	-5.59734235335374585851e-01	-4.13807561612000551765e-01
3.95939560489304842594e-01	6.12761161481675031837e-01	-6.83926621370424925317e-01
3.90845474567382333841e-01	9.13240349935338202592e-01	1.15029901591623948121e-01
2.44081299237215609832e-01	-1.80033890285328318503e-01	-9.52896698342167169926e-01
-8.20917417954486805520e-01	-2.79831377052762730884e-01	-4.97784083027664581156e-01
8.74988496997196496530e-01	-2.39093419291656117398e-01	-4.20986302596665640241e-01
9.04794563406554841478e-01	-3.63274644080647191036e-01	-2.22212355637621900017e-01
1.46946156184345116946e-01	-9.79631303378728279796e-01	1.36855166592788762836e-01
-9.39697527102774987640e-01	2.63776643990246473237e-01	2.17693453374630196961e-01
6.76196646204846207873e-01	6.96035563292839665195e-01	2.41438584929868943485e-01
8.52284083239417622480e-01	-3.72342092150867498557e-01	3.67387000136722652321e-01
-3.24901393443050467980e-01	9.20095566576648260515e-01	-2.18776673584641645487e-01
-6.18093721405926221912e-01	-2.54421850292822437911e-01	-7.43794107029727591396e-01
-1.90854658812397576240e-01	-8.56766122298627474940e-01	-4.79089042758208683015e-01
4.26622386536506470467e-01	1.82169413482430625484e-01	8.85893697966840032443e-01
7.92606300157795762296e-01	-2.13746094170546522412e-03	-6.09730009275329054574e-01
1.49410577569910663076e-01	3.47475492250227613322e-01	9.25709058827711706030e-01
7.43410686969236067512e-01	3.82462027014796146496e-01	5.48692398700457495409e-01
2.42536772723107252325e-01	-1.32767832638095717446e-01	9.61014368515706651763e-01
-8.85293515788811435918e-01	1.15566521924030440882e-01	-4.50443969781667896690e-01
7.06823471214069409818e-01	-6.01700726853082401568e-01	-3.71963460363200104641e-01
7.37588728383658187582e-01	-5.42581688387136940044e-01	4.01955195498629902495e-01
-8.10677181340985875124e-01	3.92213711930220532142e-01	4.34707846521031060494e-01
-5.25078252333106454408e-01	-7.60208286879865080543e-01	3.82591413241321065541e-01
4.59562876466309722101e-01	-8.41435319734606723685e-01	-2.84233293752036431101e-01
-5.30480691764966705293e-01	8.29369939005129008791e-01	1.75316114316942300855e-01
-4.13736957757641465872e-01	-8.62298653553088656487e-01	-2.91997879899806689341e-01
1.04076733204598398386e-01	1.25282592461857140986e-02	-9.94490360096928815992e-01
1.31513349576340948799e-01	-9.87359271335051968954e-01	8.84641633201062455027e-02
-4.21306717589414625458e-01	6.14546094016372501656e-01	6.66958580455528138309e-01
3.17196427839643441127e-02	-9.75805163592139868101e-01	-2.16328793665047980355e-01
1.98782798381856862235e-01	3.78004981653095151195e-01	9.04211055513546191342e-01
5.38569749240477985142e-02	3.80026382787173488964e-01	9.23406397334200379490e-01
2.33743860523188823342e-01	3.84567378111595359336e-01	-8.93012731913766955039e-01
-3.35070119690368539711e-01	2.41432272251773494265e-01	-9.10735127688631296294e-01
-2.66262766865031308416e-01	3.79479185654699902042e-01	8.86058511970978068817e-01
5.83458814811790738020e-01	-7.74653278278962686976e-01	-2.43901844745127688308e-01
-7.24981051927801711798e-01	-4.22084292560782725623e-01	-5.44286068459520322449e-01
8.86414421766688165327e-01	-4.50956544373734280473e-01	-1.04439781551515356584e-01
-7.87251381700785068940e-02	7.85544460505496311420e-01	6.13777038662437157690e-01
-6.87088543053016365114e-01	-5.80994062550579615234e-01	-4.36297184595839993015e-01
9.95396444278928926863e-01	9.19441224014206220927e-02	2.70591402800910568738e-02
-2.58516165472499392930e-01	-9.36859100947089906697e-01	-2.35508847311530100654e-01
9.78192771836988383960e-01	1.99815367639997382154e-01	5.66808607976475656298e-02
-2.26774167531264864150e-01	-6.97120323554377807618e-01	-6.80144640078815143625e-01
-4.27975755209153763126e-01	-8.67907066192916798464e-01	-2.52139004133748234615e-01
-2.84625065916514985442e-01	7.84165469255619362876e-01	5.51428226226345463701e-01
9.02112722423890400769e-01	3.09722957655919395314e-01	-3.00440219580911549446e-01
-4.93880855329128454212e-01	-7.97685811951040490975e-01	3.46091095163365558562e-01
2.19826327891244344137e-01	8.74926889798567808398e-01	4.31485020682359166067e-01
2.58726054185400233809e-01	3.07597172146966968409e-01	-9.15666319448762089372e-01
1.45942807632164356368e-01	6.06410078616231307258e-01	-7.81644109203860959489e-01
5.83600039255957381279e-01	5.20328332559815809333e-01	-6.23433573459087009283e-01
-5.31061923723557760546e-01	-6.23023043989572644641e-01	5.74295672828031289470e-01
-2.74852861903371770147e-01	-7.41551018891582591763e-01	-6.12011430190957717024e-01
-2.08141925828451201941e-01	9.55318462866747819540e-01	2.09865607516662028287e-01
3.57897166270022604184e-01	-1.34283400334537256215e-01	-9.24054969561054928562e-01
8.08845872811323918228e-01	-1.81325898938683283124e-01	5.59365061842591382302e-01
-4.28026501153614402639e-01	5.14430829712203330217e-01	7.43070814762502362960e-01
4.58521089003238402348e-01	-5.71908698259575368206e-02	8.86841369889697195283e-01
5.08930096994454239656e-01	-4.21532691052807717558e-01	-7.50533374838849853816e-01
6.95974604923977446802e-01	-3.06581958486418539034e-02	7.17411614296994737394e-01
-3.43114117334320900543e-01	7.00648577436572050914e-01	-6.25591139181173039319e-01
-5.44929635674765933118e-01	-7.66913660223422999351e-01	-3.38961841401180352662e-01
-2.40774884773301778296e-01	-9.70513191617116688370e-01	1.14716938401041058937e-02
2.37610412142204380226e-01	-2.01999832738591011960e-01	-9.50124917900374343915e-01
-2.40186748179030629124e-01	1.97741001255920423318e-01	9.50372991210024276043e-01
-6.54765643593489210517e-01	-5.21124234528083651874e-01	-5.47459116425256686611e-01
-4.08475163611216829374e-01	-2.58485182070267105470e-01	-8.75404735743924744540e-01
5.51712367123719404916e-01	-6.37495206833915473155e-01	5.37785575509910684922e-01
5.21832076721006954401e-01	-6.36232275718439654888e-01	5.68242707862737561619e-01
-1.61568919859429976915e-01	9.83730975089882386797e-01	7.85420446905121527603e-02
-7.89280758309723218247e-01	4.81363166548767373865e-01	-3.81215669211237673242e-01
6.43063602532756850572e-01	-7.50172895109674886527e-01	-1.53979967984024579408e-01
-5.64743802734200328608e-01	7.45142898950778120870e-01	3.54720308717368204565e-01
-5.03189029646844643295e-01	-4.71501027137535888567e-01	-7.24215148868977642849e-01
6.71776822833207831742e-01	-2.47788083829600491725e-01	6.98080916381600968812e-01
-9.06485084042235378377e-01	4.20215523253200717857e-01	4.12759788009943520692e-02
4.55457569513414914364e-02	2.67586270426866279504e-01	-9.62456841579283128851e-01
9.55049435787217460003e-01	-2.95736138709028539839e-01	-2.05112521312503966187e-02
-1.78412036947022178968e-01	-8.35124143985955025293e-01	-5.20323754218602219090e-01
8.58102924472634587261e-01	4.77691678967104432774e-02	5.11250894972290037543e-01
9.33324540363816734789e-01	1.92776981658729862357e-01	3.02889976224404056104e-01
-7.53814991961149094557e-01	6.28845204349676056843e-01	1.90569322979924904438e-01
-1.46642270260386835268e-02	-2.91380272490768532645e-01	-9.56494901841580369428e-01
-9.95027118465019233540e-01	6.78954521309302894139e-02	7.28782621852149675723e-02
7.22484381258979069251e-01	5.27078746566199823897e-02	6.89375223507497580933e-01
-5.09913006672699564703e-01	2.09370535729748813436e-01	8.34357659756441272236e-01
6.78025917003285405471e-01	1.77138894562980681036e-01	7.13374143002715732642e-01
9.95227923154120119875e-01	-3.48593652338403600655e-02	9.11383872461582617008e-02
1.96404526762565145859e-01	-7.40728689277925900214e-01	6.42453321843523994517e-01
-5.37688345656033628295e-01	-5.06448637135081924932e-01	-6.74092739086912140500e-01
5.86450287745957865582e-01	5.14150772066871764032e-01	6.25879416170337932179e-01
-2.11278840407229384635e-01	-9.76153700244235089656e-01	-4.98518314173559962121e-02
6.67874395372913043367e-01	-3.90398928992855165365e-01	-6.33665896389017824220e-01
-4.38205491966023319428e-01	8.18078345041614252153e-01	-3.72456397696145025122e-01
-2.52784583423277309233e-01	9.23915700561862895945e-01	-2.87192849212514811352e-01
-9.58360019641295690640e-01	2.28951625210565445911e-01	1.70667003449923582181e-01
5.97661424478972524987e-01	-6.82558846130400964647e-01	-4.20611748836027199427e-01
6.66921091176477798257e-01	7.41142458797806824577e-01	-7.69682656106892570946e-02
-4.31552760544263780407e-01	6.25203358278565990425e-01	6.50294529935342757732e-01
-8.48410389402127429470e-01	-1.02287923811622064041e-01	-5.19362100847605590026e-01
-9.21825769352011437086e-01	3.27046934851754900198e-01	2.08032577647454947067e-01
8.19596806431824170813e-02	1.17497686518665905853e-01	-9.89685255225937310364e-01
1.98927961175567213914e-01	-8.34791304640618014865e-01	5.13372324886087527673e-01
-7.33502817891993393745e-03	5.57857059363952023645e-01	8.29904632279768961212e-01
1.05196518664075634036e-02	7.23054838635111996048e-01	-6.90710530722502991097e-01
-1.22706547602454470874e-02	9.52773626826109776289e-01	-3.03433431013090504358e-01
4.82376874762344420855e-01	-2.20020384191565110399e-01	8.47881820323274637552e-01
6.42542343148112315987e-01	-3.10110635452538752066e-01	7.00693036244086187025e-01
-9.06675309089994163614e-01	-3.51779268187647597976e-01	-2.32790099359759417030e-01
-1.31829018430975691833e-01	8.79399033889772141492e-01	-4.57469615486384928449e-01
-1.30830436752823658919e-01	6.00507576125179132198e-01	-7.88843487540670240676e-01
4.93561168577455022799e-01	-8.58172925726133684066e-01	1.41197034045000141544e-01
-5.88742673021673490474e-01	7.33619573591675955271e-01	3.39388252899923748007e-01
8.02637755659529605889e-02	-8.53398530825812295930e-01	-5.15042400115022891427e-01
8.86389928821510686419e-01	-4.22081801066924666710e-01	1.90157427653768057452e-01
6.78817992074828568949e-02	8.19180938115542378597e-01	5.69503864749392962885e-01
9.82829565230567081535e-01	-1.84053484197666705757e-01	1.30522282922818522871e-02
-5.05117835756482946863e-01	-8.09868270618019248097e-01	2.98277314334941145990e-01
3.73177650904115421060e-01	-9.16364969959815978129e-01	1.44960969561574615216e-01
8.60641942473186150053e-01	2.51639087452749654616e-01	-4.42688622534991915725e-01
-5.23390812236389502132e-01	6.27520747050039240378e-01	-5.76437134203108936248e-01
-8.19758277009945079961e-01	5.60040127077925053989e-01	1.19797426250431646166e-01
5.07241768522907365835e-01	4.26749096333200947373e-02	8.60746559884813633445e-01
8.24670198769121509663e-01	-2.94228959447796867277e-01	-4.83061468846734121119e-01
-8.12657505574291616490e-01	3.14965737425449143760e-01	-4.90290080342049128248e-01
-7.84043404830162993235e-01	3.87212596466384395555e-01	4.85120958607321017819e-01
7.71382695319213995688e-01	-5.37190461229496984963e-01	3.41167328046084850079e-01
-9.62179994540918737123e-01	-2.70372766211121828839e-01	3.32900194740643196045e-02
-3.44167073133902934323e-01	7.06593699767773641973e-01	6.18283405259216212180e-01
3.52249646964902074497e-01	-6.48251187180791998976e-01	-6.75048579386547276115e-01
2.34539536502332418566e-01	5.11712496975743835748e-01	8.26523760248984218357e-01
-7.46217028255541259263e-01	6.64892204711665879557e-01	-3.28405672169210585687e-02
-8.36708680399838727881e-02	-7.29355290503161501903e-01	-6.78999297537548729409e-01
1.96065012642254510311e-01	8.57975025162685422941e-01	4.74802450514613505472e-01
4.39157712664901278554e-01	-7.38179661572681555803e-01	5.12085237677648241750e-01
-8.98440790093813723693e-01	-6.97921920916511617783e-02	-4.33512625673861728970e-01
3.62353040230097678265e-01	7.68263235933220767215e-01	-5.27704343879621173841e-01
9.23407113705206561427e-01	3.48564887084602648137e-01	1.60691698137514271671e-01
-4.46217102592850689557e-01	8.62591235091146768532e-01	-2.38383427480962695189e-01
8.66083749821461523766e-01	-8.67620330433702124928e-02	4.92312185424429116232e-01
-9.29302895402208672948e-01	1.70258554450702148664e-01	-3.27731831278911589500e-01
3.82846859301822772803e-01	2.44984934769697848544e-01	-8.90736023779557961610e-01
4.48156188206030980936e-01	-6.55292021542584368632e-01	6.08069401857447067172e-01
-7.09435219587335463842e-01	3.51217562676233607810e-01	6.11022006867866451785e-01
-4.88397536622222683267e-01	8.35598015535150784316e-01	-2.51483205512937735282e-01
8.53109120906446527499e-01	4.00857410556270776780e-01	3.33943354819872750827e-01
-7.58464490980937156017e-01	1.77014587122115679696e-01	-6.27214039915414134363e-01
-5.39633556488514520844e-01	-7.40817221411140924836e-01	3.99981836052881012389e-01
2.73236947536808383319e-01	8.70517049852445823355e-01	-4.09318502412194640261e-01
6.94140375300477341369e-01	-4.57985615045552851843e-01	5.55354225507521448435e-01
-8.94442105044646940115e-01	2.75566795284580889902e-01	3.52187822134562955601e-01
6.18071674995444797496e-01	-1.10986158728595324385e-01	-7.78247696520199205850e-01
5.31264164260940394829e-03	-4.79668821006009660213e-01	8.77433529102622067342e-01
5.47326031829016707020e-02	5.36308940874108741603e-01	-8.42245250557885127840e-01
7.93055344085255797815e-01	-6.02102066646892586377e-01	9.23922213032975087055e-02
-4.36983157472138561417e-01	6.80698525287494748959e-01	5.87958534045650238475e-01
-7.46850187028555212443e-01	7.26371010412603240747e-02	-6.61013350612326133771e-01
1.33482648086942101706e-01	3.60132721247868214931e-01	9.23302120514354007774e-01
-8.12036036524132254222e-01	5.61551176658673156794e-01	1.58926874314691740642e-01
3.65438923224443656945e-01	-9.08268553365369601948e-01	-2.03721938828732712645e-01
8.05033528529712216759e-01	7.52310123616715120676e-02	5.88439727348552765740e-01
-9.82873616632287672168e-01	-1.50301019264391849672e-01	-1.06625781761502544387e-01
2.58393327474807976696e-01	8.87852849888387196664e-01	3.80723265984054981548e-01
-2.23408226380021029955e-01	-9.40790005660217421024e-01	2.54956721102976957560e-01
-8.98929970713691739448e-01	3.81143783907757882634e-01	2.15996119736345582041e-01
1.55975757489151822810e-01	-6.89462127853231798724e-01	-7.07328450814598053142e-01
-5.86701435707191243374e-01	-7.12096001504042397379e-01	-3.85617310271563706880e-01
-5.36165268002724570984e-02	9.56880314378363849848e-01	-2.85491386926189694151e-01
6.45493589335476292135e-01	-1.49583261721480120787e-01	7.48974548258862116157e-01
1.17388296468540723194e-01	2.39714651015432572700e-01	-9.63720329733042113673e-01
5.76502312900679436680e-01	-4.76504001317680447869e-01	6.63768800071536158036e-01
-8.82636719161452032445e-01	4.68406147963225272246e-01	3.93459342011486384871e-02
-7.01662049884644645203e-01	4.76697709535394309466e-01	5.29556098515905349089e-01
-6.62989748920530308496e-01	-5.03293458047323061244e-01	-5.54202388945644774942e-01
-1.13110397286477384893e-01	-7.44681726185697057119e-01	-6.57765280864523793625e-01
7.32698418545885021835e-01	6.68889744655975837517e-01	-1.25457311283251049527e-01
-9.65441070957725355761e-01	-9.16205745269166316191e-02	2.43986083273939974303e-01
6.10866161485144054666e-01	4.52814476495897511032e-01	-6.49462533660065899355e-01
8.79124516820224966018e-01	1.20600163217266104221e-01	4.61080995658653070013e-01
-6.54770193624857776982e-01	4.26859081005001528286e-01	-6.23752610017811126575e-01
-4.18135355283246301639e-01	-3.13935563354717617202e-01	8.52412627031832292879e-01
4.14013458303011394612e-01	-6.73051458879967007265e-02	9.07779088589826699263e-01
-6.89998275456250032001e-01	5.91929975120100260177e-01	-4.16558860692841759210e-01
-3.58050054141458642953e-02	4.25209775770685749485e-01	9.04386337897878700431e-01
-7.04793241720481522528e-01	6.25154126676214727532e-01	-3.35333869933882811054e-01
-2.01719303542832517628e-01	5.03958949214054596766e-01	-8.39842068537448693810e-01
-7.62698000913834661674e-01	9.67622965034144050245e-02	6.39475423591419733782e-01
9.11957578776734223425e-01	-1.75625140913577060253e-01	3.70795340303465559284e-01
-7.83845807848857156763e-01	5.58686192925926694564e-01	-2.71026728113126391673e-01
-1.60266614604681056910e-02	-5.57820630611089551820e-01	-8.29806778826901458856e-01
8.23157851334262113951e-01	4.34440093842285435244e-01	-3.65613124284491830540e-01
-5.20389729870549100355e-01	9.35605236069868978488e-02	8.48787934332035254315e-01
-5.28323692179414661219e-01	-7.68616815373000528133e-01	-3.60696919043922592518e-01
-4.02657950896819993858e-01	3.63387474789668374342e-01	8.40128631666343106410e-01
-4.31645673046984701404e-01	3.48444974120446782084e-01	8.32026509763971855449e-01
9.25571798111997190439e-01	2.12788458061475366234e-01	-3.13110074343742827985e-01
-4.76014431561301298856e-01	8.64914880097615856869e-01	1.59161902260239129792e-01
2.62850076409012811673e-01	-7.50107103513539485995e-01	6.06835373548958556533e-01
6.53682627112070813169e-01	-2.04570341043007281057e-01	-7.28594536472384590731e-01
4.18356379719965892905e-02	-3.48325610755522929729e-01	-9.36439559334860671669e-01
-7.41089728117738766322e-01	4.14394508971424546662e-01	5.28264333277108533160e-01
7.18954336602999788397e-01	3.10566722093341129884e-01	6.21814259251054712863e-01
-9.97849131886209383957e-01	5.55600785349450038142e-02	3.47877516825831067937e-02
-5.08094079230713194760e-04	-5.13939795087707956833e-02	-9.98678326945497851774e-01
9.53366781539253693722e-01	-2.52327387973447503366e-01	1.65597914044779609410e-01
-6.61788909599586916421e-01	3.62741983217848840138e-02	7.48812140437841500251e-01
1.70121908832665202915e-01	8.13177695751847173788e-01	5.56597315181134089102e-01
-6.89076899916891472131e-01	5.85657593424405265026e-01	-4.26823393530931294304e-01
6.74722320172507328273e-01	-5.89147176257356908202e-01	4.44584519938572897413e-01
-2.99520965139670913846e-01	9.26583841422232046270e-01	2.27441368833860263488e-01
8.97634875067083282119e-01	2.76237344502097581511e-01	-3.43430576049557956253e-01
-3.88117410862865941379e-01	-8.98074342623223720317e-01	2.06947699931576273302e-01
-3.62538165756531971518e-01	9.27784561855982237155e-01	-8.82149939159579538073e-02
5.03944380205767039627e-01	-7.56533168930172306155e-01	4.16770471563781164104e-01
2.93990406174417906460e-01	-3.18581915955579109134e-01	-9.01152153580888404250e-01
4.81559877878687259134e-01	-8.67817123077064822567e-01	-1.22448049848538770279e-01
-7.95697406001674573117e-02	4.32069134213926508981e-01	8.98323393684284599026e-01
-8.79162853530720322937e-01	-7.66435016214417480507e-02	-4.70317393502436065233e-01
4.80086136225308934833e-01	-3.66050153866187832907e-02	-8.76457286268303770171e-01
2.86981756577326774238e-01	3.49655923043082905721e-02	9.57297695989393404581e-01
-9.50992022494149047418e-01	3.04487850926647707350e-01	-5.38639191904894329421e-02
3.06564319260663131761e-01	-3.63476482214531826376e-01	-8.79717662112791232154e-01
2.59023553376767690093e-01	-5.78739517121142910128e-01	-7.73283499189307055310e-01
8.71677013088830943133e-01	1.95099347098529246614e-01	4.49572496505582064330e-01
8.76369370175508755061e-01	-4.70242118956739674207e-01	-1.04158900614675045682e-01
5.51418412643636335346e-01	7.01634390006889097080e-01	-4.51272552851636254978e-01
4.35718461457295855310e-02	8.56229302403687109191e-01	-5.14755161148237938562e-01
-8.40446252075860433806e-01	-1.07363377903413437231e-01	5.31152711050982051511e-01
-7.04836097376892567468e-01	6.25154666866152286531e-01	-3.35242775209223464739e-01
2.79960372950646629864e-01	1.93672641249768823224e-01	9.40272884650340867729e-01
4.76231527466341231225e-01	-7.29600534463473615610e-01	-4.90801988950420930991e-01
4.90570404338449450599e-01	3.32320371117137858263e-01	8.05545684196605993321e-01
5.05418999786062417279e-01	-7.14875207127221079517e-01	-4.83223626171226161574e-01
3.00653057826211454751e-02	8.83705414646653308886e-01	4.67076886082349651552e-01
-9.58122398858217705353e-01	2.10872402001983150210e-01	1.93737706397305198269e-01
9.56663903606899457266e-01	-1.82389885420907477132e-01	-2.26998029136284001916e-01
-4.46716244910479176600e-01	8.61313708573301028970e-01	2.42039856132801711741e-01
8.63464156547442129863e-02	1.03848056116789558279e-01	-9.90837967451965506704e-01
5.67447574180009794986e-01	-4.54890971026580215320e-01	6.86350825041914802682e-01
-8.37138106580703977855e-01	5.44970405072429664450e-01	4.69792305776283655727e-02
6.02122707655018962747e-01	5.38389297219672990913e-01	5.89563575507760617711e-01
9.30888785975777732773e-01	2.16155218309176319624e-02	3.64662634993660805804e-01
6.06851344893422073312e-02	-8.79932201637283473161e-01	-4.71207634672628827843e-01
-6.20619483587293574445e-01	7.75662029876422742802e-01	-1.14803623635442969553e-01
-3.06586240874713089610e-01	-7.91906276453433033424e-01	5.28099731319730203438e-01
-2.66510581853395045471e-01	-6.82557393766125009016e-01	6.80505337212985894624e-01
8.34368378914276065395e-01	1.99031431194875485513e-01	-5.14019355340324168857e-01
1.52563633142129506659e-01	9.87874614444292364901e-01	2.87764483391307127058e-02
-7.66277998855518172050e-01	-6.34595044731870561172e-01	1.00534360652155721483e-01
-3.84794279664710858757e-01	9.00748099048624628615e-01	2.01460230312599297697e-01
5.86702189181809385943e-01	-2.10943279987527626540e-01	-7.81846195768308271923e-01
1.28350810533041592709e-01	9.49732191076499643323e-01	-2.85543052215497250579e-01
-1.65512803043073863929e-01	-7.25378616789584262925e-01	6.68155202279570703539e-01
-4.59780415295772237894e-01	8.72317786020436636285e-01	1.66323930637930467169e-01
7.95044602894383278802e-01	-2.28704203755879686977e-01	-5.61781511437410618903e-01
-2.82698744754079078767e-01	-5.97642505304122995113e-01	-7.50269855164312993168e-01
-4.11812634956519263429e-01	5.65858077224252631332e-01	7.14293350193210385690e-01
9.86945941191000430948e-01	9.85801538951715655701e-02	1.27356438489048706675e-01
2.27801054831539784296e-01	8.89384124068413384201e-01	-3.96361652121769991730e-01
-8.21377937273065961143e-01	-4.65154800931802225872e-01	-3.30104976228985047548e-01
-9.62853598991785908368e-01	-2.69972468095205642147e-01	-5.27383912799016078832e-03
9.05893241007233229745e-01	-3.73486979597308699219e-01	1.99661994302096162945e-01
-9.41335203032968137471e-01	-1.90880551211852239613e-01	-2.78303163294886246604e-01
-1.63313441795641139942e-01	9.57919387116793807913e-01	-2.36049078614274571164e-01
-8.55543178053316033527e-01	4.21902232974133872823e-01	3.00073951381774950420e-01
2.92665662265787274166e-01	7.01011463580401561480e-02	9.53641777298906201388e-01
-2.71612015639051462834e-01	-3.55045236392851418228e-02	-9.61751704839476251330e-01
6.74929405729164932914e-01	-6.11301619566219756052e-01	4.13256127840583742383e-01
-6.79153618194423880361e-01	5.94807648828067581093e-01	4.30063046295597162239e-01
-9.35491804351993860855e-02	-5.95796012386107021186e-01	7.97668892752322444828e-01
6.28109351116241554358e-01	-1.37440597197845959521e-01	-7.65890805064425084225e-01
-6.68680024531246752773e-01	7.33524165580678899623e-01	-1.21693563108572322395e-01
9.50676010030524043515e-01	2.63775111235155623746e-01	-1.63210951364557960153e-01
5.25415449275049351030e-01	7.50727398736964257608e-01	4.00433488170918283622e-01
3.80807879981745811548e-01	-7.15854107523395732926e-01	-5.85267678319664974573e-01
7.86527937235178109532e-01	-5.05888299873298641351e-01	3.54190389479837719477e-01
-3.07709968443877546207e-01	7.88586348292625083367e-01	-5.32396606494416446687e-01
-8.58727466080432821904e-01	-4.73139324741741029712e-01	-1.96790036287430719630e-01
-3.00312276256839316702e-01	9.49279677479164418763e-01	-9.31699020847893966124e-02
4.89674248837405956536e-01	-7.18707716066293800239e-01	4.93637872222435825087e-01
1.52454347187004429776e-01	5.43582753804328633329e-01	8.25394125124650379632e-01
-3.80621331458231126899e-01	1.28114624220662970400e-01	-9.15813324373347281693e-01
3.91294120325715033548e-01	2.52645358304158074159e-01	-8.84906342120954869657e-01
-4.35246445981326057773e-01	8.90606874517166025029e-01	1.31832948550010653488e-01
1.40220307810843769492e-01	-8.09106806128227717956e-01	5.70687691784579120835e-01
2.18538433076119559262e-01	-3.17909518078754060877e-01	-9.22591183343721810139e-01
-6.13327043404642946456e-01	-3.41259606947027005486e-01	7.12300370977637431480e-01
2.20235953873450990281e-01	9.60157930278975446647e-01	1.72025793251609271373e-01
1.95973559118102297338e-01	6.35832169130521873690e-01	-7.46533198742935444336e-01
-4.22816059123699850009e-02	-5.86318169531949262563e-01	-8.08976680676381065815e-01
4.33064092793736310494e-01	8.29920189203125491240e-01	-3.51693006876432845420e-01
2.81279402614176721187e-01	-2.65063336148385342295e-01	9.22292429490180865059e-01
-9.19996472968861556119e-01	-2.65863011086265366156e-01	-2.87964145443489361043e-01
1.30377156430224516726e-01	8.75633466670320825820e-01	-4.65046050545625977435e-01
8.89924961943193593150e-01	4.36285100959254323882e-01	1.32999521771239914703e-01
1.19283022343212516403e-02	-9.36213471145947773167e-01	3.51229343948740169168e-01
-8.99087527482346438035e-01	3.32780233054426444195e-01	-2.84427379859820139707e-01
9.17338624605515851052e-01	2.30663810832717475208e-01	-3.24475044000288037616e-01
-7.75225027121256515805e-01	4.66123836377999978264e-01	-4.26327018244331779062e-01
-3.89159936303604681029e-01	-7.12459996777973780802e-01	5.83913775284762293083e-01
-6.47246331701010868542e-01	-7.62138847601468660820e-01	1.47160822330618633325e-02
-6.15186677355306965609e-01	1.97311751919290540025e-01	7.63291179406049402623e-01
-5.07578569521883737892e-01	3.77800381209216551426e-01	-7.74358358720488526572e-01
3.08043770019288343232e-01	6.56841579706840317243e-01	6.88235551915567955739e-01
-1.66287841686784898521e-01	-8.35205791646002393414e-01	5.24194276302331618744e-01
-4.55995413601822219274e-01	-8.24465366372205243906e-01	-3.35149283792832597406e-01
6.78414967282989667119e-01	-7.12787877307688555462e-01	-1.78007230554321993488e-01
3.11410248942774581238e-01	-8.48264751384109949583e-01	4.28334645356470200550e-01
-8.20411021406525886590e-01	3.14999586733875680533e-01	4.77180276533082037282e-01
-6.16530894266223428168e-01	4.96346656500906313614e-01	-6.11170723280870409333e-01
9.47159360594146737533e-01	-5.22985054901082685452e-02	-3.16471186622712952197e-01
-1.90949687548880753241e-01	1.94019417795711995867e-01	-9.62234213870613475095e-01
-2.74153008511301032879e-01	-9.56704097829716659795e-01	9.77619410610819083995e-02
5.14732656962973988968e-01	5.55521841632157453716e-01	6.53028158141326642294e-01
6.84387774593072983897e-01	7.27061690528984283510e-01	-5.47235977680245594401e-02
-4.88982468633582523232e-01	8.81398934328264660465e-02	-8.67829190886465595689e-01
-3.55085783081690975482e-01	-4.01721018212735869746e-01	-8.44117474158298186637e-01
-6.81974458967208430060e-01	3.25217599652040556535e-01	6.55091100682148153034e-01
9.11004159788682099652e-01	1.21790046122022002639e-01	3.94003306475101955364e-01
4.64563440862214183102e-01	-5.09869877320308084734e-01	-7.24025909491942121221e-01
4.38269834207534111914e-02	9.24231374009605761988e-03	-9.98996383957903355544e-01
-4.36856827366089162101e-01	5.13730148252275253817e-01	7.38401955008469945696e-01
5.55392075878104241049e-01	-4.72983539338828140597e-01	6.83978225944602113984e-01
-6.62939713691645060578e-01	7.42276378609673659348e-01	9.76560994948506150282e-02
6.68759967238343744356e-01	3.75537080244245480287e-01	-6.41663469102766170771e-01
1.10253459262201744528e-01	-4.98585990286745717182e-01	8.59800084328039004866e-01
-8.57906262183784407149e-01	3.27414935545641383463e-01	3.95975132157931064558e-01
-4.34338272056502494589e-01	8.08201937104971790404e-01	-3.97693216294599194427e-01
-5.10073768711721942104e-01	6.56143891817687174850e-01	5.56147411845600347924e-01
4.35195619779919218306e-01	-5.09962394108779193402e-01	7.41985935930873363731e-01
-8.74512450331551893790e-01	4.20820036163423338849e-01	-2.41119205743798470376e-01
3.15191567674449169001e-01	5.22899177471931153605e-01	7.91978993323750324329e-01
7.23211106522581803624e-01	2.40615527614460145145e-01	6.47356056025737425230e-01
4.76836877734546027430e-01	-6.71020067640588080415e-01	-5.67766378765060641953e-01
5.24522710186010043820e-01	-1.72411572717648509112e-01	-8.33756664796240332116e-01
4.69531683797481225184e-01	8.27211779823688986291e-01	-3.08643271806185115480e-01
2.86452482337400393675e-01	8.48463803993206311382e-01	4.45032750116347186609e-01
-6.15387324893473142140e-01	-6.57193241740650080374e-01	4.35195913780070275934e-01
8.88979859485662160523e-01	3.30221417439833908603e-01	-3.17283193524144191411e-01
-7.48514587629221406218e-01	-6.55258305512301575391e-01	-1.01796194248133839433e-01
-5.46644435951825991005e-01	2.20076384546080167093e-01	8.07927128897177104783e-01
5.38842952302682975940e-01	5.40037260644978700519e-01	6.46535404961550153047e-01
-6.52472081616889187927e-01	-4.97302341388898727637e-01	-5.71813399597842941802e-01
8.88287987152554747716e-01	3.93131000971251254317e-01	-2.37470983397560897465e-01
-1.82631431932789162209e-01	4.88401309289897000987e-01	8.53293572666578459263e-01
-9.78687974107687153058e-01	-1.53383653983358236861e-01	1.36540484940197104358e-01
-3.19455285764859153730e-01	-6.80176268833659114499e-01	6.59779177992465992730e-01
7.10452385470661140765e-01	-2.88771787835345072892e-01	-6.41769633536384942474e-01
-7.05305597377981707830e-01	-2.56243237750901464711e-01	6.60971570806357378025e-01
3.87801649879609633409e-01	-8.93945331306586155051e-01	-2.24658908093604531286e-01
-4.20126512080139125072e-01	6.82928600206679892182e-01	-5.97580321686650983715e-01
-6.56676526842898400371e-02	-9.80187946760176842531e-01	1.86867194598207636558e-01
2.18629246376871061441e-01	9.74388086635248895639e-01	-5.26223265542294788011e-02
-5.69134903830708971384e-01	-5.81432387616965917765e-01	5.81396456707162889721e-01
-7.74172935005562279365e-01	8.80921914370377673320e-02	-6.26814192973239481255e-01
-6.06670579850872027095e-01	-4.45750456544123652147e-01	-6.58222863499979160551e-01
7.95735073492026878661e-01	-4.43345465915533587520e-01	4.12614215298960806955e-01
-6.75043210033001050974e-01	5.89014959463885490187e-01	-4.44272486337044025806e-01
-1.61660557277137989507e-01	-9.79830338081628227087e-01	-1.17466475199042449939e-01
6.77249997813891058129e-01	3.44500455949186101812e-01	-6.50116817435057114949e-01
-5.61335751404691205013e-02	7.34710096264765577523e-01	-6.76054802651803066205e-01
-4.92049777800348586698e-01	-1.02096031184635518962e-01	8.64559666294335782410e-01
6.25199238347391217374e-01	-6.38720007714736359716e-01	-4.48511609788117882047e-01
-7.80799169788050417829e-01	-5.35691568673815954327e-01	3.21538799696207189260e-01
5.63178093280143010624e-01	2.63566919600648652544e-01	-7.83174893712488495723e-01
2.85482722641520081375e-01	8.52035489060455120125e-01	4.38788263806925482591e-01
-3.26613056730208850542e-01	5.45978780057419177396e-01	7.71512205282820939800e-01
-1.24780867435860018388e-01	-8.75827624332801146778e-01	-4.66214229273963720601e-01
5.46637668703804924242e-01	6.98851138474234856446e-01	-4.61296374804024578165e-01
-9.39236794547089748342e-02	1.82065062449532216737e-01	9.78790404260757362920e-01
2.72623112498298569850e-01	-3.52158610441229017254e-03	-9.62114461466539561130e-01
2.05076414268833467913e-01	-6.32512808261015524458e-01	7.46907766525694571946e-01
-5.86513976860358998699e-01	5.79606757194814914413e-01	5.65736123967311432814e-01
9.57753504969086177923e-01	2.86844002860788371834e-01	2.07060798373500526415e-02
-4.45580398824373502542e-01	-1.20681999747657003885e-02	8.95160581534330868081e-01
-4.69827601389612159455e-01	-6.86732869297009412834e-02	8.80082953269039625077e-01
-7.12940257410664579574e-01	2.37245858528363884332e-01	-6.59871648106171382331e-01
9.58261463564901994072e-02	8.61752935375315831656e-01	-4.98195973535004887900e-01
-1.73958048718174523861e-02	-9.97025442238085535251e-01	-7.50843092983604770696e-02
2.98868240819468056202e-01	5.94345109227246148897e-01	7.46613464764150358555e-01
-3.88761261360817067523e-01	-3.85201614801096881013e-01	-8.36949459417815622153e-01
2.75032896046825903191e-01	-2.85758221124623845721e-01	9.17986462401154557078e-01
-6.49876555560618129892e-02	7.52998481560141152968e-01	-6.54805231647891283764e-01
-5.09278829363061014135e-01	7.23037561098643588586e-01	4.66745925748811851808e-01
6.88085765919355774045e-01	6.27770404324961339704e-01	3.63926226305343769596e-01
-6.90141529912372653222e-01	-5.35809066748747953035e-01	-4.86429144562746662572e-01
3.58756993310980709655e-01	9.18292569494122301599e-01	1.67428123570525694275e-01
7.83045267096486585778e-01	-3.22519792065110166845e-01	5.31809264120201352632e-01
-5.36193944689131382630e-02	6.59678695963800576507e-01	7.49632562411937097835e-01
-2.01534240197662278815e-01	-7.71083613338703677265e-01	6.03998353696828971238e-01
-1.03854165234412515462e-01	-1.09696399572848268811e-01	9.88524664479454084898e-01
2.88688707972400253332e-02	9.48196401830312507464e-01	3.16370308112093157060e-01
-3.35886739930082722783e-01	4.19726024066126079948e-01	8.43214185519185144280e-01
-2.01334730584164428580e-01	7.20645940035339549468e-01	6.63425772314570005861e-01
9.37422924993134842886e-01	-2.33632989256179757209e-01	-2.58174138961548782500e-01
-6.33720423993553771957e-01	-6.95642142382608130724e-01	-3.38349573599207809060e-01
-6.77141893659609084288e-02	-2.09654627701112233895e-01	-9.75427970504239127969e-01
9.46546689024654608335e-02	-5.83253171209805687525e-01	8.06756612572013365181e-01
-2.86582507371998806978e-01	-1.61742511067739236363e-01	-9.44303884658895476001e-01
8.03050195629761764948e-01	-2.85743641577834772693e-01	5.22934942987021256222e-01
6.41952156847784172200e-01	-5.69620511630628545419e-01	-5.13254226527301571359e-01
-7.82440525352792737301e-01	-6.19921460957614467446e-01	-5.90271677265862826367e-02
3.10759978810094261714e-01	2.45837876971921887037e-01	9.18145943636352490635e-01
7.79377011577323530744e-01	2.97036430959481179137e-01	5.51670945861438166702e-01
5.07899670982010720266e-01	-2.08204660265906088545e-01	-8.35876033667626971990e-01
-6.73959710992037885902e-01	1.37958656756703351709e-01	7.25772496713271042523e-01
-1.41193889228862806684e-01	9.59122039807986825899e-01	-2.45253335143467671164e-01
5.44567589654269323951e-01	-6.23851486072629857205e-01	-5.60584929892974148657e-01
1.09166434182980706669e-01	-9.76759988975255843968e-01	1.84452198644610848577e-01
-8.78970955589439384426e-01	4.75972223101514990695e-01	2.93343155023161848705e-02
3.02482202524027132817e-01	-8.68428196575383504197e-01	-3.92857460854494466851e-01
-9.79730264502283398897e-01	1.07479754113113890046e-01	1.69046476668608031124e-01
5.10316226346730572594e-01	8.59058559473251492911e-01	-3.99467210541057105022e-02
9.51638673290952086248e-01	-3.92993575146231496897e-02	-3.04695579219610934718e-01
-6.06307485044809135744e-01	-7.75755027807579988774e-01	1.74915323542277345581e-01
-7.13949012001377059100e-01	-1.11053465462372075168e-01	-6.91334894295850821422e-01
1.58713270236007057690e-02	-1.06845120743187693702e-01	9.94148993437041883503e-01
9.73094974215856334254e-01	1.60530434929238297048e-01	-1.65275983183496649742e-01
-4.59815082841309619166e-01	8.82686561424330773384e-01	-9.71314772487824051872e-02
7.69685258978269892793e-01	-1.50015753843963012271e-01	6.20548044642943774640e-01
8.97293589897625420981e-01	-1.41516624398270118856e-01	4.18135454784153481889e-01
-5.45023890401003741069e-01	-7.50585952645977605435e-01	-3.73590265642300911608e-01
-7.07405168853222354741e-01	7.01181515866539095683e-01	-8.90079147427149802718e-02
9.33588503520843882022e-01	-2.92680354153767030567e-01	-2.06762463677856028754e-01
1.76379164713958119792e-01	-6.10190757474793454840e-01	7.72371432503264010450e-01
-7.76105150178720504250e-01	2.85269224828993916976e-01	5.62389780518396831255e-01
-8.07302710645428689418e-01	2.66691159134109123663e-01	-5.26439131357319012317e-01
1.48113956526980034001e-01	3.19389049922873091703e-01	9.35976971229147358677e-01
-9.46681459487190568591e-02	2.52045976659793814767e-02	9.95189766024112576481e-01
8.20246569064040143004e-01	-2.97562968738481148367e-01	-4.88520056470778285540e-01
3.17471948237577794583e-01	-6.80791656623165875040e-01	6.60101721217663639507e-01
-5.41092501152940275055e-01	-7.42580467524484366670e-01	3.94706415513066677381e-01
1.78234497990685136770e-01	-8.64616738335406975757e-01	4.69755638088837523814e-01
5.98690232952341916395e-01	-1.36645092083393843163e-01	7.89238952267937388108e-01
-6.81786433774796279961e-02	8.50895291313239626740e-02	-9.94037949285345945327e-01
-8.37307884849165628971e-01	-3.10014613284435913698e-01	4.50340366300332806127e-01
-7.63680421281399124389e-01	-4.80484509312824936700e-01	4.31192359002195935158e-01
7.87184183786018176754e-01	4.16989157007353949957e-01	4.54379911236661937490e-01
-4.33466372954715184473e-01	5.61990511674445580859e-01	7.04466868138863278048e-01
6.21300458998223947837e-01	-7.83543026595097336084e-01	-6.78712920098257632001e-03
-8.11596642400630785552e-01	4.92220708605220214071e-01	-3.14689790212834330507e-01
-3.35970771236949516947e-01	5.34965988218935151188e-01	-7.75199995048624468374e-01
2.37146849030950679360e-01	3.15022997999473530761e-01	9.18978717232404207493e-01
2.13822032743175433067e-01	5.02038829691644150621e-01	8.37995913949119985986e-01
-6.35145188613029154645e-01	-6.77315922188698849027e-01	-3.71259654327523558326e-01
-8.26600500123338965963e-01	2.61773091366337751218e-01	-4.98203233462366112949e-01
7.53062470795599292472e-01	6.53271642757259796142e-01	7.83139569199408497324e-02
-8.64332676023482182615e-01	4.17022420920351022389e-01	-2.81107320445084851723e-01
-5.52781734527948778735e-02	9.74981710560496539486e-01	-2.15302084551568712056e-01
2.59462661608508893263e-01	-1.74695151454572678018e-01	-9.49821420736178256838e-01
6.97727400234675831925e-01	-5.71807854278211458166e-01	-4.31523177532224855302e-01
-2.44944557566457332687e-01	4.08467174517043063453e-01	8.79293313440194346242e-01
-1.97892646382575643216e-01	8.07347684448333824392e-01	5.55903064322921913742e-01
-7.23838448156122971078e-01	-6.23862987911079192038e-01	2.94708115405049930757e-01
-9.68580375069970189728e-01	-1.80549133235841124945e-01	-1.71038204846468033793e-01
8.05945328336722388585e-01	-3.74397321317972486820e-01	4.58561635466966877051e-01
3.33772924352516875413e-01	-5.74227608630043739879e-01	7.47568250032189740573e-01
5.50178239500397459061e-01	7.56369231497781346896e-01	-3.53849530766537634374e-01
7.95644103629578935966e-01	2.39282910383840780044e-01	5.56501706338554558151e-01
-8.51957700573171994307e-01	5.21709794346857047564e-01	-4.45754070832069457242e-02
6.78175990647575832604e-01	-5.34081885542079026763e-01	-5.04810722196940453443e-01
-3.67141860978574929852e-01	-3.02365666803242560956e-01	8.79648712530075482796e-01
7.24369930307789511303e-01	5.68663912747343958110e-01	3.89755767635027117191e-01
-6.10427358866050484565e-01	-6.93459487802455698535e-01	-3.82743227666504814977e-01
-1.09101072924329703384e-01	-5.68830106129033286066e-01	8.15186645037805357461e-01
-5.81604570874357462706e-01	-8.12639247569944433991e-01	3.67909832297100211629e-02
7.34048582241511926583e-01	-5.20603966446415489244e-01	4.36055259146688911631e-01
3.07448069820244140882e-01	-9.51470283618842893603e-01	-1.34158024018213098416e-02
-8.19851813305941035104e-01	-2.44135384409181865895e-01	-5.17919799098606747911e-01
-9.50345459317333940419e-01	3.11162993901129114604e-01	4.59338452684442642704e-03
6.46025043329397030689e-01	-4.63670757923814180756e-01	-6.06350617743238062829e-01
-4.62735452405436620271e-01	5.01279881234675706025e-01	7.31159614418414927073e-01
7.33494133725414831915e-01	3.55547173924789683408e-01	-5.79286252991125572009e-01
-9.21878408813378014131e-02	-6.95246735453453057474e-01	-7.12834748616362867679e-01
7.91652840417078507151e-01	6.07902089761630959330e-01	-6.11623211055129234470e-02
5.51166673864845968467e-01	1.02732442397275580692e-01	-8.28046703332519173912e-01
-4.85721583368145359838e-01	8.09601127818513566226e-01	3.29576329983408855551e-01
1.91031555071968749127e-02	5.84386334140194821374e-02	-9.98108208349360204181e-01
-8.10768246663284397613e-01	1.57939400605381474740e-01	5.63657693941062132303e-01
-3.78506759834069950177e-01	-9.94636407749281969970e-02	-9.20238891225376165472e-01
-9.20269633266729836230e-02	7.93092274568923505385e-01	6.02109360531757675794e-01
9.59831151678473271094e-02	-9.70104155867348771913e-01	2.22901701141051400423e-01
3.67761361678055176405e-01	-1.91781823861782441121e-01	-9.09929290051128658590e-01
-9.78896901931996299417e-01	-9.96815236080275807184e-02	1.78394084092275667652e-01
-8.92279354676525637835e-01	-4.23529949239779046621e-01	-1.56396724118483432253e-01
8.97215058652585550902e-01	-2.84697030562836239653e-01	-3.37568866034385794972e-01
8.69409119871658170320e-02	7.61380981166281056716e-01	6.42448658914555603694e-01
-6.09767438864959987477e-01	-3.13992630329723743099e-01	-7.27730924585927252402e-01
1.43008471313190832497e-01	-8.16436520711322111232e-01	5.59446141090860660228e-01
7.00666575864823282238e-01	6.55945511418924542824e-01	-2.80716646309458250919e-01
-9.74145185580356232080e-02	9.70891455784578250032e-01	2.18815430577023850578e-01
-2.75828827485586514090e-01	-4.99615952324095946580e-01	-8.21159155164949305927e-01
-9.50995608316570817387e-01	2.55527230681086570119e-01	-1.74106827387814105945e-01
-5.40048295872069039625e-01	7.06628064436021330330e-01	4.57192100409746948753e-01
9.18293617744011414494e-01	-3.24764104257799002262e-01	2.26417994417945522834e-01
8.65890335188344018036e-01	-1.74292725357157618493e-01	4.68888017883792362905e-01
-6.60227930254190242820e-02	8.31684075903695446685e-02	9.94346019643064127358e-01
7.56601251482832526385e-01	-1.64018187073735999260e-01	6.32971232019004514946e-01
7.04154468070188777062e-01	3.27617622686877829619e-01	6.29946964753214766475e-01
-3.29123660735564149693e-01	2.44491887017918463343e-01	9.12086253117784129252e-01
2.06301742957613026830e-01	-8.27439186341031529537e-01	-5.22287261724755036418e-01
3.01633368211280283866e-01	8.63714928176327667586e-01	4.03749717061051893729e-01
3.18248844776510664278e-01	9.47148422513727550331e-01	4.03427630210649451614e-02
2.91809107602783501800e-01	-5.11740726077611229883e-01	-8.08064894667270161577e-01
-5.51955186765510585900e-01	-3.46920335181577110806e-01	7.58282106369491337716e-01
1.32226839248520022796e-01	9.84156443536466585265e-01	1.18119251724685347948e-01
-7.34692633509157588811e-01	-6.40524741002490904940e-01	2.23505683218728101735e-01
5.86443702002938715978e-01	-6.03783347330825725940e-01	-5.39934675555360121812e-01
-8.52432887616689560772e-01	-4.93016290912614008057e-01	1.74049156861621118209e-01
4.45502804858551759715e-01	7.51150212487283419627e-01	4.87135103583669126781e-01
5.19527563431017025408e-01	-7.08660755135167574892e-01	-4.77379351215240999018e-01
-5.56211839135285268654e-01	8.23473899996209013352e-01	-1.11888900391312939853e-01
-3.40123014368707010657e-01	-1.57500234868042619796e-02	9.40249047783037861237e-01
2.99909604022536635526e-01	-8.72781252218358227779e-01	3.85106628339736301037e-01
-7.40457400115514946526e-02	-8.46714437111319218054e-01	-5.26869898906175415654e-01
9.42732234477604846834e-02	9.75772191189643867126e-01	-1.97436547380999527501e-01
-3.82837953808759012819e-01	-6.88179763174457170827e-01	6.16314623127401373104e-01
7.11958157126601043352e-01	-7.02155210437088506126e-01	9.67692910699337327518e-03
-9.74549527866888781746e-02	9.42901020267913669848e-01	-3.18496778877074004921e-01
-4.17631275937813850607e-01	-9.08611425877971834453e-01	3.06498328746047671994e-03
7.49904798357980295620e-01	-6.35876890530262084411e-01	-1.82492118978442197097e-01
-1.23049128827903003769e-01	9.92048015316797426877e-01	2.64508449902305931012e-02
-5.45041399089346900730e-01	-8.38261634367842178861e-01	-1.57259538878009343110e-02
2.63439048346154780500e-01	-8.78644983403432944247e-02	9.60666278026803599488e-01
-7.74458383463059951701e-01	2.30889793355759098681e-01	-5.88985666725361678431e-01
9.94697922617250984700e-01	6.95804169812563183539e-02	-7.57271966577384020303e-02
-8.38375382320213247134e-01	-3.12748718085527899202e-01	-4.46447037906284482922e-01
2.17685100852778617986e-01	9.48176943485405487877e-01	-2.31459890066053775026e-01
-5.68742974473655182877e-01	-7.74159773513001026046e-01	2.77863409000102479229e-01
2.18123716057517513800e-01	-9.11992941141974822195e-01	-3.47405986995719506805e-01
2.85638997572421560189e-01	9.10978976746251056795e-01	-2.97535992767556545235e-01
-1.07852334387930112736e-01	-5.98297416376990409681e-01	-7.93982415122458595746e-01
2.73567388567931890631e-01	9.12737751730028024078e-01	-3.03431508711498376663e-01
-6.37560073411912675567e-01	-1.98991511419975508623e-01	7.44257704813184983728e-01
2.13473674543173619345e-01	8.63092676950055204266e-01	4.57711722891409822367e-01
8.07597733482083302015e-01	8.02996188119727560828e-02	5.84241279004876434833e-01
-1.23671052723180005528e-01	-9.07540541197586425604e-01	-4.01342293810573069734e-01
3.01599100694670496647e-01	4.75971683695578740014e-01	-8.26128887510999554422e-01
3.95853901776637012722e-02	3.14213211777962631022e-01	9.48526781081409198215e-01
-2.33513271460070170882e-01	-8.47664388021732162493e-01	4.76378670105786550248e-01
-4.33218428005775590961e-01	6.49454790148582761233e-01	6.24924210756204190353e-01
-7.03354129030227315234e-01	-6.48354001493640780263e-02	7.07876641840654463600e-01
4.22659154441925699608e-01	8.45624777039312824911e-01	-3.26003030083539091510e-01
-1.37455150384102581240e-01	-2.72898318641801806983e-01	9.52172562782272802195e-01
7.63402523260039322928e-01	3.99168315769936055126e-01	-5.07820089367876259523e-01
-8.68779709057672322459e-01	4.30871882216111834474e-01	-2.44072198837170406538e-01
8.22365600358869741626e-01	5.07594486451798276860e-01	-2.57026568023873469571e-01
8.92499390661750657827e-01	9.28119365919111150021e-02	4.41396400182945625179e-01
-5.52192985319354789908e-01	7.60740782816662464150e-01	3.41110492837131074051e-01
2.19156101490979193791e-01	5.45887708080228462038e-01	8.08688576243161039159e-01
-4.72299209538774522610e-01	8.69437527917584884740e-01	1.44954619511099641604e-01
-5.63400770711225296061e-01	3.29632773089884090201e-01	7.57576271055971250945e-01
8.35788377721724984326e-01	4.86436836111301063035e-01	2.54631090284187566741e-01
2.16142318424331070226e-01	5.59147204649624196549e-01	8.00397964589282584491e-01
2.18603677784551447827e-01	9.24666891966702486627e-01	-3.11774872239098999049e-01
-1.57711008217572945522e-01	2.25448902786323027159e-02	9.87227919889485772131e-01
8.49548154199891297766e-02	-8.48822966472116191561e-01	-5.21806717977482570348e-01
1.25677086605283566678e-01	9.74243977879514666540e-01	-1.87226978472408739362e-01
-2.10272826824220798736e-01	9.62248853279473070899e-01	1.72807646421361232880e-01
2.52139197747277311878e-02	-7.26014950887738264029e-01	-6.87216522892944214895e-01
5.14391558016536021292e-01	-6.89125573140437652775e-01	5.10399127629724835842e-01
-6.10307243370981300501e-01	2.43007100074453252780e-01	7.53971231548206000106e-01
7.50221307897565248268e-01	6.60047659275806219981e-01	3.87953175137911859816e-02
6.34616137989026246613e-02	7.46966455613598867558e-01	6.61826063072538994803e-01
-5.08188811112165850226e-01	-7.77681292262895063061e-01	3.70075586772103892752e-01
7.46106974350474572155e-01	5.74175783612710585735e-02	-6.63345765435121803577e-01
-2.06443674899271512047e-01	-4.86008611459744610528e-01	-8.49221195379068927167e-01
7.68478339994881021191e-01	-1.42274420728171563377e-01	6.23858181131878186676e-01
-6.72773399436418229058e-01	5.66369994804243437336e-01	4.76026240869352634810e-01
6.00703707708272194310e-01	-2.49484852133271928221e-01	-7.59547473237567993820e-01
-3.32334969049714157308e-01	-7.14338591060814653844e-01	6.15852129709702156291e-01
-5.31753269265684114231e-01	-6.98628132548641422872e-01	4.78703658892278283155e-01
3.84032297372914555034e-01	7.77653290173859312873e-01	4.97769580083247675795e-01
1.17743717216887672228e-01	2.13359599371357844255e-01	-9.69852616850644611013e-01
8.51228586522815633408e-01	-3.79461656718451612047e-01	-3.62517233475675437759e-01
7.89446712362617208925e-01	-3.08424619093813523474e-01	5.30705325653220816307e-01
-8.42795959443221720520e-01	3.71785110291600606747e-01	3.89192500585046785577e-01
1.42159204136163563881e-01	-8.44201889920513925958e-02	-9.86237290092966789601e-01
-3.26626331462769037284e-01	-8.11826196288555568259e-01	4.83997382859482960793e-01
-5.25874443603834396121e-01	-6.94876847581690992861e-01	4.90512218256884124923e-01
6.51626944101087013372e-01	6.51710774860705277511e-01	3.88143519399638814438e-01
9.37648502164097757960e-02	-9.12905146104342923863e-01	3.97256022081607484964e-01
2.20728346670335445756e-01	-3.27963205235345001132e-01	9.18541851516815333056e-01
5.09579597279048890357e-01	-6.55412675520024357034e-01	5.57461082771349869525e-01
9.57496526902496869482e-01	-2.87019569359470039238e-01	2.86385714441274308317e-02
-9.23137363921277098733e-01	-3.75361676954811429585e-01	8.31926607709319865247e-02
-3.30858695536398184078e-01	7.73751493464937878386e-01	-5.40223240844681762418e-01
8.66713287882343363933e-01	-9.52762676671066732759e-02	4.89622823638363346976e-01
-9.89221679273453724512e-01	4.51519315752951875403e-03	1.46356012128503909508e-01
6.15077841310352257942e-01	-2.06486737335783071545e-01	7.60948405894526169746e-01
6.58271471359420989877e-01	-1.12792159904693337080e-01	-7.44282606714907202239e-01
-2.30753920866648198906e-01	9.48196252793272686965e-01	-2.18349477199888925005e-01
1.82450279680600291332e-01	-1.32112667353537049930e-01	9.74298793270937268929e-01
3.91609073503092486312e-01	-7.18705370796548920209e-02	9.17320532556603840391e-01
-5.41272474686307569769e-01	-6.07921311969864874847e-01	-5.80909447848628857081e-01
5.04368051347238943727e-01	-8.36544317820936078611e-01	2.14024468464924622069e-01
-4.50282063414132072143e-01	7.37211768522274102367e-01	5.03750803195163188164e-01
-3.25460685108352520967e-01	2.43501722224498201586e-01	-9.13664190894283079203e-01
3.73100277954781678336e-01	-7.27463623023358763042e-01	5.75841002159270698435e-01
7.85892794386421345010e-01	5.95741855781350970744e-01	-1.65723133574325998119e-01
8.80638820585777692962e-01	-4.70528565992789693517e-01	-5.54809540478471488467e-02
1.61642995077397655379e-01	9.83169907407978493907e-01	-8.51379780696928795125e-02
5.44910707042884356888e-01	5.33346229145144512529e-01	6.47003957643752514173e-01
8.94393503218666063859e-01	-4.47196911471042346520e-01	-8.67085757020977752896e-03
7.35723329592279484679e-01	6.73722311983276145320e-01	6.93500441929141980824e-02
4.37120371901521309610e-01	-8.99390074212027323952e-01	-4.82440437355804128960e-03
-6.39280429456940746391e-01	-7.42661839550755265016e-01	-1.99434010611123618828e-01
1.39962048423588947266e-01	9.82017388794296230969e-01	1.26698354790837186545e-01
8.42460658322897515404e-01	-1.61872250511910287241e-01	5.13865170732906828555e-01
4.45823693064879178483e-01	-8.71245752928073824428e-01	2.05358400623851716782e-01
-2.82405321916805562843e-01	9.52324565863609029392e-01	1.15434636941231336116e-01
8.01867238572338880687e-01	-5.96671831402945218592e-01	-3.14905908904055467645e-02
-6.53329154602334316593e-01	2.92995435397334191840e-01	6.98079286745370897194e-01
4.97037747502923732412e-01	8.51385542539869533130e-01	-1.67619018942695763297e-01
-1.49794283181946936111e-03	2.59943441624864539363e-02	-9.99660967647949538772e-01
-4.42459207251102326630e-01	-5.04010279345393108485e-01	-7.41757027761048570724e-01
-9.64461786833539003183e-01	2.63896995100433129355e-01	1.31086885240000467628e-02
8.94775424798943785909e-01	2.40817260509721436934e-01	3.76010619818725799757e-01
3.99010591202378583908e-01	-9.10806572727149488244e-01	1.05933635760092431655e-01
-3.93406878661345715820e-01	9.18354911198982493126e-01	-4.30730182207608586209e-02
8.41969848413334776005e-01	-1.66237135614850595200e-01	5.13275743733712652705e-01
8.63523109334656369107e-01	-4.40924557644783499111e-01	2.44772086053044929388e-01
-4.23560235967103571042e-01	-1.09609003150595255005e-01	8.99212206843203465390e-01
8.08066915977088441603e-03	-5.18486145503931128431e-01	8.55047846442762882191e-01
9.33909361108577695809e-01	2.97529700051412521189e-02	3.56269653506499639484e-01
-6.66746718666007320842e-01	-2.68148680426119334630e-01	6.95374070794880116964e-01
-1.16123575077593202409e-01	2.06951473985227923924e-01	-9.71435228271314121784e-01
8.65169693371703685258e-01	1.61711842760974389144e-01	4.74690090039767031982e-01
-7.47542487651265963322e-01	-5.62372536174467696490e-01	3.53436500255497276779e-01
6.53491082442097387384e-02	-6.87582135537603555964e-02	-9.95490734321812786867e-01
-5.93429503317524642547e-01	-6.29494290702416359196e-01	5.01575879170218841274e-01
-5.98611238292028891017e-01	-6.19935758182223684010e-01	5.07291081251696307497e-01
7.19137017525469990353e-01	5.84076276400456562143e-01	3.76426424910299928239e-01
9.06038466107129458749e-01	-3.16705906249152957521e-01	2.80698533806542638303e-01
-5.58649682966921523608e-01	2.20957717774914047526e-01	-7.99429933563073125136e-01
2.74494886943430105308e-01	6.36610879651447331140e-02	9.59478933026154279240e-01
-6.53277194638427594064e-01	-3.07309547576067043639e-01	6.91946348305949920920e-01
-4.84495757446040509198e-01	6.86876551139128488366e-01	-5.41723605274870623205e-01
-8.17555944545578228144e-01	3.45557847732272993557e-01	4.60643084620649345684e-01
5.62302560283168051392e-01	-5.57101219096264643760e-01	6.11108879317303177459e-01
6.78963960946711964084e-01	6.34122538910585342720e-01	-3.69995331566689844571e-01
-2.34763125722825871655e-01	-8.57198858122015794336e-01	-4.58362730198650425439e-01
-9.28124665742885990305e-01	-3.00427111389025502941e-01	2.19836656593258850112e-01
4.15686434415981631574e-01	-4.41705265751050624168e-01	-7.95047952296162652175e-01
2.69164085623115389989e-01	9.60829138294239215590e-01	-6.60156194807122037593e-02
8.57112353905363666406e-01	-5.10685596537223562841e-01	6.75176589658344206146e-02
8.55787683450074387892e-01	5.14599378015414443688e-01	-5.30558290982608982134e-02
1.65114212930249110167e-01	8.73086981086807822905e-01	4.58755294405577551675e-01
1.68907483761705334846e-01	8.91754380988093786620e-01	4.19814704265859428567e-01
8.02358072200725191969e-01	-5.95793830769636434397e-01	-3.53728029872915419873e-02
9.82279548375635913615e-01	-1.06671526080674067272e-01	1.54104102367772582971e-01
-2.81278665423905019360e-02	4.62446310751767203362e-02	-9.98534054111573143864e-01
8.07003967777950803608e-01	3.06837402405718107090e-01	5.04574478620902322490e-01
6.38828864911367588775e-01	7.49413710152757039928e-01	1.74002219500595689539e-01
-5.83227266391702636739e-01	1.94191240616967131238e-01	7.88755803658461318584e-01
6.16367945093566071968e-01	-1.97937801018502029793e-01	-7.62175296889826214830e-01
3.48575486305403914322e-01	-6.58290537034461276100e-01	6.67194648657969846539e-01
1.63086467374435301059e-01	7.30341385415558375094e-01	-6.63328172859113718296e-01
-6.65630051688953949807e-01	2.36564952437792408446e-01	7.07794926208619612495e-01
-6.25973305126827694878e-01	-1.23462292660144107304e-01	7.70009404851457857077e-01
-1.75782394440832601124e-01	9.73141263970902614666e-01	-1.48649353048580540326e-01
-6.89302086188570140024e-02	9.91754344299478063363e-01	-1.08036784952503267521e-01
7.54007022397561010862e-01	-5.65412241720182007221e-01	-3.34338760971745807549e-01
-6.76733682112845125189e-01	-5.04455719179398354157e-01	5.36242436665718136268e-01
6.84660065248549054573e-01	-2.63505939731228433498e-01	-6.79562517197803250824e-01
2.49853758692430427679e-01	7.86658197787258650635e-01	-5.64572386077610954835e-01
1.92246489125877273452e-01	-9.81213968197698460649e-01	1.61380306264346830292e-02
9.57133599437345550243e-01	1.15845618988285006812e-01	2.65471402206211293251e-01
-4.68064233262080797715e-01	8.21042912853194306599e-01	3.26809438043521693906e-01
-4.44788519328119358320e-01	7.66103633002929496065e-01	4.63948700368490951629e-01
-1.81666262426834174137e-01	-7.18290782219219603455e-01	-6.71606820449856978250e-01
5.13311649539845427093e-01	7.90416678140819728426e-01	3.34294219757857502540e-01
9.70430347082133382131e-01	-1.44749621918128859588e-02	-2.40946917248583497573e-01
-6.19430575199723665314e-01	7.18829106989275379291e-01	-3.15579589727758236251e-01
-1.38618787079475586088e-01	-8.81960748077220468844e-01	4.50477602905721419280e-01
5.75374252241819816867e-01	2.22020860622754029334e-01	7.87179272659982220972e-01
-2.47134275414378157265e-01	7.13720757705593400466e-01	-6.55383345787458715392e-01
1.58758126339455032938e-02	-9.80421831256140352551e-01	-1.96267652376971968309e-01
8.62845373458583031478e-01	-7.35609802154312125699e-02	5.00086636185035016133e-01
3.73407784103197915027e-01	-8.61870049137963500918e-01	3.43142310375831705027e-01
1.46397170158872481222e-02	9.56998636213797215788e-01	-2.89722779516258799326e-01
2.98137169350970510084e-01	-3.36216255577045208813e-01	8.93349236154115544650e-01
8.39000471801158220764e-01	1.16011826454119948426e-01	-5.31619661450000613456e-01
-2.28615764318146202916e-01	-4.20684577813358384635e-01	8.77928993880043972986e-01
-4.90554249828332233907e-01	6.81333408558678743638e-01	-5.43269099394742771558e-01
-6.07264003712007172098e-01	-7.66312127818793653589e-01	-2.09752598442775994858e-01
1.46731234425026037249e-02	9.25385974346342843333e-01	-3.78741993884373517876e-01
5.95830232939561291183e-02	8.78940567296734864833e-01	-4.73194825093476600930e-01
7.87938180461448145486e-01	-2.86890415141530352727e-01	5.44836960448740748042e-01
5.36195003867446118306e-01	2.52587561507329805277e-01	8.05415694905041168461e-01
5.11360765128776928456e-01	-2.22789249799446420486e-01	-8.29985010744598739052e-01
3.20656649618606126584e-01	3.22554518528809675004e-01	8.90582896552599589945e-01
-9.91665768466677755022e-01	-7.86234002050558711261e-02	1.02065491678574662981e-01
-3.17783588126788529848e-01	-8.49096680263072167705e-01	-4.21957839936046019691e-01
7.16343310743056682632e-01	6.12688646947761594852e-01	-3.33863569523536740657e-01
-6.34769124076135393686e-01	1.44244165197104812215e-01	7.59119081518970895139e-01
5.96431097028955914396e-01	7.73848926922310109688e-01	-2.13137947813207384584e-01
-5.20041390993272595322e-02	3.16811993630438382130e-02	-9.98144213590128948077e-01
-4.87026121296738112587e-01	-4.64595691401394894626e-01	-7.39565007761937565078e-01
6.78085152847367700346e-01	3.87252867702810102402e-02	7.33962449756471846385e-01
-2.11667014840129535935e-01	8.78154011771226650218e-01	-4.29001872302171682882e-01
6.87470942443048516068e-01	-2.63960712748372294811e-01	6.76541532665835720906e-01
5.01892316268934046697e-01	6.47396003902101502270e-01	-5.73569975680208177238e-01
8.71925556640898324900e-01	4.27831356091912695661e-01	2.38130540714572680461e-01
1.98073686548777411209e-01	-4.03593665228697828784e-01	-8.93240711165944500927e-01
2.20240362185512017490e-01	9.70102127783157519580e-01	1.01960995164742385111e-01
-5.38005077811201770643e-01	-2.51941583347684461280e-01	8.04410327401149483073e-01
2.72057377419445356459e-01	6.11706572941979387359e-01	7.42832317559778854132e-01
9.39250045202737582350e-01	-3.35035587401760814874e-01	-7.45688122542697701123e-02
-9.36692970505609512344e-01	3.24806285255213655905e-01	1.30794327339093963136e-01
4.41534865908561544035e-02	-7.49658877719174276955e-01	6.60349935018319733615e-01
-6.34177833815243729987e-02	1.09613793018075320052e-01	9.91949092005816823736e-01
-2.62637438732238437389e-01	-7.19690255273415790960e-01	6.42703284759503334911e-01
-4.89741605359009124498e-01	-8.71372890626468499242e-01	-2.93674217740209145266e-02
-3.46054545888108300300e-01	4.40302890497171139916e-01	8.28480305070682709889e-01
7.56075585308035980070e-01	1.22710328862558198937e-01	-6.42877814589641549681e-01
8.31546076265879507972e-01	2.67803028787715946546e-01	-4.86634011161309831817e-01
-2.46004767024929377195e-01	-5.48804536985700308627e-01	-7.98933811266566262788e-01
2.85498277569778025065e-01	-7.28520323791276291914e-02	9.55606255150582728497e-01
7.16666399799923525826e-01	-6.95646380298870714576e-01	4.96526431813566967999e-02
-6.13403067921680422714e-01	-7.39718359565774474795e-01	-2.76682895722864752308e-01
-4.59508040294881570098e-01	5.13103652201127968802e-01	7.24966897866531123640e-01
8.38563822084031018633e-01	3.94428631010359020959e-01	-3.75814809887949463629e-01
-6.82696544127238125199e-01	3.80347668334661992429e-01	6.23907909734370824673e-01
1.22227981032750052104e-01	-6.64240251220121424858e-01	7.37458615321353261329e-01
9.71708736699899294775e-02	-7.49022399520365755876e-01	-6.55380245603240929597e-01
7.78207737510077546261e-01	-9.69418188427542404373e-02	6.20479654008819880850e-01
-6.71100665251544548084e-01	7.40866288600702360689e-01	-2.72220409586661077350e-02
-2.10701865228397899887e-01	4.31378514143809788095e-01	-8.77221352638177020999e-01
-5.75749323370646770570e-01	-6.98147283531828866110e-01	4.25562083761430509643e-01
3.96519043023260020497e-01	8.24879836512039221752e-01	4.02921709313099007943e-01
-1.22710468342619602455e-01	9.17889848489365611783e-01	-3.77386230537501643489e-01
4.18199167150208328536e-01	-8.91746103482123242401e-01	-1.72911374754012803212e-01
-9.67865048689329432463e-01	2.35750388362835683331e-01	8.75157238007794602286e-02
-9.63392467815237352191e-01	2.45401648182808351795e-01	1.07948988073200191629e-01
6.23653679275152139638e-01	7.76976170020558409846e-01	8.58144483566142673991e-02
-4.35862917832195995160e-01	9.00007126231614273948e-01	3.26949401521664777953e-03
-2.27576811964136482835e-01	-9.23733982620921101336e-01	3.08097913020409730489e-01
-9.04959526662185820278e-01	-3.04405220174802093602e-01	-2.97297354568928084984e-01
5.25364402806449359851e-01	-6.48543796540526962247e-01	-5.50802313205584037625e-01
5.71220228217504066848e-01	-7.88713065639822796804e-01	-2.27242493746603713145e-01
-3.60650880010085217453e-01	-3.16716073781595497394e-01	-8.77280953489999126838e-01
-8.59404816216435718523e-01	-8.68719174136739491487e-02	-5.03861718955574522383e-01
4.25584353142898941247e-01	7.95073030312518080898e-01	4.32130576133660737614e-01
-2.92380992827456984151e-02	-5.78869800364373854329e-01	-8.14895629989781156155e-01
-7.79278433532464509526e-01	2.66190613836752520971e-01	5.67333834824260585528e-01
5.93747902832689411490e-01	-7.40347128818574673481e-01	-3.15197647091275234832e-01
-1.31215113487493428845e-01	9.76295410286988074589e-01	-1.72133279307127184943e-01
-2.10915593617067353982e-01	-9.73630993332479488522e-01	8.69327394689097809888e-02
-7.26005455437754187997e-01	6.53147716207797435217e-01	-2.15207201290193217424e-01
-1.56522349875776678463e-01	-2.25975495394721365150e-01	9.61475860056026143674e-01
-5.27517747000561754156e-01	-7.92623394565290934066e-02	8.45838346342449365345e-01
-6.09756811969821677089e-01	-5.62233512410509894686e-01	-5.58650255328806411015e-01
-6.16312684984355985129e-01	3.87683584337853714974e-01	-6.85463429193949091989e-01
9.85107451001878464680e-01	-4.35979269270829195015e-02	-1.66320566221506288551e-01
-5.12580764413729128570e-01	7.88529775015071932032e-01	3.39826064138284256178e-01
-4.70979552831819303638e-01	-7.59658124494926978443e-01	4.48439287644592510240e-01
-3.37073528066480887500e-01	-9.31557782444161319724e-01	1.36314102882027110564e-01
-1.07940846057680325809e-01	-9.70506768623289772790e-01	-2.15558311852575845702e-01
3.95664745658921845894e-01	4.64927912781149033083e-01	7.92017326173881763829e-01
8.52928136106490653034e-01	-3.89847236456901558022e-01	3.47178235010238478431e-01
3.73513189747336438185e-01	-9.27518177193685122717e-01	-1.40686907732736534576e-02
-1.27423042500422939449e-01	-9.17699703516324793995e-01	-3.76285293900764983288e-01
-6.24047534680637672189e-01	-6.14737280544884634459e-01	-4.82351272795354113487e-01
6.37543208836891195368e-01	-3.18696379684465014304e-01	-7.01406639861625103016e-01
5.88928359535804468727e-01	-8.07195686954326196982e-01	3.99813743735690299563e-02
8.00675905938152077113e-01	3.86073921948151099759e-01	4.58110271050204964638e-01
-4.07071036419644982640e-01	-3.01726529542935384409e-01	-8.62121959283146943598e-01
-8.50329332894891209982e-01	-3.02004017927434864621e-01	4.30968210862721190502e-01
-8.70223011666482609838e-02	2.14018172791374527986e-01	9.72945702911885312858e-01
-3.59617005419326229987e-01	6.89829286656052476090e-01	-6.28340007229237218489e-01
-3.13962758648112794102e-02	-9.84515141244787006514e-01	1.72465099430515661494e-01
9.54685959130497474590e-01	2.44858617533004280231e-01	1.69171442208512323724e-01
-6.89545398573879197990e-01	-4.60597450891913728910e-01	5.58907086676722508756e-01
4.47835243762081045005e-02	4.75717422404277001657e-01	8.78457380847515123534e-01
2.60883078547801572356e-01	-8.23050713556010338223e-01	-5.04507227145819969749e-01
3.53133460782524444266e-01	-1.95894641545886150080e-01	9.14834437638508468638e-01
6.83483653228653231793e-01	6.26275271628042751182e-01	3.75005839843108701448e-01
-4.31116741102611014669e-02	3.52674539122063313012e-01	-9.34752401981642888629e-01
1.99672335363561104238e-01	-9.76055974009663041002e-01	-8.62884354389953922571e-02
-3.32011024542926691527e-01	2.16454972781214699529e-01	-9.18104528003342079678e-01
7.32290767419913144615e-03	7.26497180213197868426e-01	6.87130425876679828967e-01
6.57765607220885395456e-01	-7.11230921552984063361e-01	-2.47981818253340591252e-01
-9.40975724398274926408e-01	3.38454304233815839176e-01	3.65650635795693266378e-03
8.72903992109816173617e-01	-1.47137615230297624097e-02	4.87670099330058837150e-01
-1.55268640368906640781e-01	-3.27913210863458259858e-01	-9.31860813351011341155e-01
7.83750482009416882256e-01	2.74653628192303989053e-01	5.57046287547821594721e-01
2.42089270073382795134e-01	7.80470860468353455630e-01	5.76418269380078451825e-01
5.77672583047695309411e-01	7.24006489631383032268e-01	3.76973460294813933480e-01
-3.74541050769600647463e-01	-4.46021074295473440863e-01	-8.12886340500758586280e-01
-6.62304981131537351402e-01	-5.64400637933748172692e-01	4.92751490985397166966e-01
-6.59301273064027859583e-01	7.37618260562723837559e-01	1.45743380709292102981e-01
3.64573868000442391502e-01	-8.21502689234476113356e-01	4.38428131341636995177e-01
4.74604547944028398732e-01	4.03203579385042587546e-01	-7.82417661253843488289e-01
-1.43949153670722002074e-01	9.63923724945523141550e-01	-2.23896613740874939058e-01
-7.36188288058821527216e-01	6.23355549203044922990e-01	2.63542527503232149044e-01
9.90443251373050115305e-01	6.43851444554006530074e-02	-1.21970156116315078809e-01
-9.91588685754109411263e-01	-1.23062690890029274859e-01	-4.00930467206351559550e-02
-8.91358177527417749886e-01	2.76747976890795555072e-01	3.59014145462058398284e-01
-8.12121288847193811833e-01	-4.39159038688598013511e-01	3.84185308073173803489e-01
-2.79937633170021793472e-01	-5.93427783172901013309e-01	7.54637918271844343465e-01
4.60444303516988173719e-01	-4.76360899507098478622e-01	7.49046952319775249940e-01
5.43922739107115638113e-01	-8.03754435575308789907e-01	-2.41095128891542720417e-01
-7.10573397157176711580e-01	5.95460345020696113494e-01	-3.74849869628285592427e-01
1.03690694975503330810e-01	-4.92231837264179794555e-01	8.64266196353315252487e-01
4.54890099928064062240e-01	-4.96405935489050986753e-01	-7.39361984550650164216e-01
9.72937676307465526548e-01	1.92101564276754843696e-01	-1.28410540937467954059e-01
9.13455575760541704788e-01	-3.69985944661025523139e-01	-1.69438224333429976465e-01
4.57604452333726374746e-01	5.54841507478128992403e-01	6.94801458535996174781e-01
3.10782804344347129977e-01	9.47308957003989204892e-01	7.75872960211748119441e-02
-6.18772779659379976169e-02	-7.14457236811317342173e-01	-6.96937629375443568058e-01
9.73131615231773716701e-02	-9.53371663170584304758e-01	2.85679226507140393565e-01
1.51218356801988036697e-02	6.10240227753145680900e-01	-7.92072089217547126161e-01
-5.08365302827088472171e-01	7.60121004695652913163e-01	4.04698377933485176072e-01
8.69447206430941088584e-02	8.04841552954595584879e-01	5.87086612170580335324e-01
-3.00470479249590527449e-01	6.80304345878412819459e-01	-6.68508405391036286680e-01
6.56014584411123591323e-01	-6.94515768300574154459e-01	-2.95453401777275359574e-01
-4.13050341983516478006e-01	2.84160666063026035033e-01	8.65241082502395730813e-01
-6.65335096746247578459e-01	7.09620731932368298267e-01	2.31878472156065523757e-01
4.29549166102594637273e-01	8.17647501046487867882e-01	3.83327637841310409073e-01
9.21996487708550804818e-01	3.71673732943096579717e-01	-1.08540835141617927895e-01
2.65121930412842932157e-01	4.12694454836256996444e-01	8.71431953144691795465e-01
-6.57096573311413356677e-01	7.53323294436863188928e-01	-2.69834653295236981396e-02
4.53233501517504633327e-01	-2.45867943133299071690e-01	8.56812901187641307033e-01
2.82620127098260842669e-01	-2.98449211720682561211e-01	-9.11621594622607722691e-01
8.74935708939445277998e-01	-3.10707995235108225263e-01	-3.71413579341965061076e-01
-3.17446339553007828016e-01	-1.29293975633350738397e-01	9.39420507211397248781e-01
-3.43190717817493828878e-01	-2.47907594297656158622e-01	9.05959135884981447973e-01
6.33087527813527700671e-02	-9.70743533975643613232e-01	2.31622522794627860865e-01
-2.61272613228150596409e-01	6.73284855094170464618e-01	-6.91682098566787528782e-01
2.88566323497789455066e-02	-3.81070431890821514909e-01	9.24095569033837715978e-01
2.07237926696403035320e-01	-7.76653856947362997154e-01	5.94862360741845286327e-01
-3.43423814713236186247e-01	-2.39466768043694808177e-02	9.38875199458285680798e-01
-9.47158461807211748962e-01	1.41431080605326969790e-01	2.87902930978143900553e-01
2.97223760248700785702e-01	3.26493873916285703984e-01	-8.97251239418904056322e-01
-9.06226026379560956059e-01	-3.60978252917953656986e-01	2.20111539980558601481e-01
-3.12420798280332978614e-01	1.36524511606780474260e-01	9.40082072232211851670e-01
-7.02200388365637251376e-01	6.94868982822844594160e-01	1.55150608409679841015e-01
6.72488071725274583201e-01	-2.77871856790604832010e-01	-6.85964302708941153774e-01
-3.31470083288840255964e-01	1.69484662924914541993e-01	9.28117736560247652555e-01
-3.18320472844690005587e-01	6.79265162743927453093e-01	-6.61264633297743098517e-01
5.29366894953409716784e-01	6.67241166707611799147e-01	-5.23984652426052077701e-01
2.36368393392903664019e-01	-2.02236914971432868438e-01	-9.50384244833475277936e-01
-3.44036581537819463605e-01	8.70495559528089990486e-01	3.51960667412778982488e-01
-5.82123137356297393197e-01	6.38657990900802774448e-01	5.03238138074819985057e-01
8.96465401923131177675e-01	-1.55339855492469980369e-01	-4.14993147474000234620e-01
5.93141606706852786424e-01	-2.85973690888067566540e-01	7.52596892441809939278e-01
-1.81169811442804334911e-01	6.94814682723019272359e-01	-6.95995729939694829369e-01
-4.59536505258373251248e-01	3.61000059026600095269e-01	8.11483307109710172433e-01
-3.69278813052649590443e-01	8.74747385066553251320e-01	3.13767701571805279759e-01
-2.43566371249286733880e-01	-9.68632136829923662269e-01	-4.92666854654408153946e-02
3.53715405628843126973e-01	9.31467126451575255786e-01	-8.51727900263211934462e-02
3.70502432318919050491e-01	-6.96029136275394644251e-01	-6.15037713560309118321e-01
2.04604760796123025246e-01	-6.88770987339440754482e-01	-6.95508029327493226823e-01
-9.22279873136574779302e-01	3.84103469771884920014e-01	-4.31782366057498062650e-02
6.34853643416932067467e-01	7.67472899006406916733e-01	8.91414647117054481651e-02
7.64034041763421822857e-01	1.42096493890070174615e-01	-6.29333432649814783488e-01
4.62136475175999705822e-01	-8.47839426226148717980e-01	-2.59996510838929217879e-01
6.89295859118024822898e-01	-2.18211111556117332011e-01	6.90836543182385409700e-01
-9.35101578999211868748e-01	1.74687642100324530547e-01	3.08333041775625815717e-01
9.49962340517800596373e-01	2.27518117414868242809e-01	-2.14025834529237873882e-01
-7.67173305365127067290e-01	-8.96153120192513530373e-02	6.35148971019270147664e-01
4.42614176275962667440e-01	-3.19531300752233404783e-01	-8.37849890373649652808e-01
5.53825336054739603142e-01	8.18706964648715618260e-01	-1.51645650051498326327e-01
-2.61029461229911219355e-01	6.87180557026935145970e-01	-6.77972346349151044897e-01
-5.61456356987532267944e-01	-2.20023262321000195874e-01	7.97719576816259934304e-01
-4.77401277905282916958e-01	-7.41492340836405472437e-01	-4.71462753921612298669e-01
-4.50096738068711588188e-01	1.93216525368911012928e-01	8.71825843104154896146e-01
-2.12973822865472423027e-01	-8.59636382228423756580e-01	4.64400087342039302740e-01
8.07852222357842819633e-01	1.29029688069709880249e-01	-5.75087929301361544532e-01
4.69527161770521062056e-01	-8.22766485623734222798e-01	-3.20311652135991498103e-01
9.19442680261012626475e-03	9.10422407247270193409e-01	-4.13577686653737564004e-01
5.65704839872548659319e-02	-4.64904118261112664356e-01	-8.83551889345105312401e-01
8.13102478714966658835e-01	4.79632771206731478575e-01	-3.29873860577233946056e-01
9.88754364865123830386e-02	-2.02154928046375442774e-01	-9.74349543606485402059e-01
-7.40508798343648910745e-01	-1.17171764259346264381e-01	-6.61753350755398428440e-01
-9.84385256815768494576e-01	-1.33120930496679140687e-01	1.15171541742966940247e-01
8.23480319929965731696e-01	5.42000969018266998134e-01	1.67675616209694566816e-01
-9.20809308642816404245e-01	3.86749247017640407353e-01	5.03511375047953416151e-02
-1.79198532634441687339e-01	6.83832146723107742181e-02	9.81433452584913434968e-01
-4.21067714906983359135e-01	4.91036412343272554715e-01	7.62617349144417810969e-01
2.28986850157073179579e-01	5.63919251309005886696e-01	-7.93448234264991336673e-01
5.65263718288151681413e-02	-9.86153720907589348421e-01	1.55902559401656204408e-01
3.03218378101929919577e-01	8.56637548189771669271e-01	4.17409542551019863144e-01
5.67884353700762178896e-01	-6.11074946879694436142e-01	5.51447885223840694735e-01
2.81303355154598477839e-01	-6.32260238159799370372e-01	-7.21883240989067087590e-01
9.40598166644832867078e-01	-3.30429449158613275372e-01	-7.80478573255838498079e-02
-2.60492400880693975029e-01	-5.48209025971669872135e-01	-7.94739311300633133328e-01
-5.20280870536837469764e-01	9.56486572274865831655e-02	8.48621912352025775661e-01
-3.79816925487470591349e-01	-6.87907000913219879301e-01	-6.18484487443156871755e-01
-3.20669438845615328848e-01	-9.27160847552402467286e-01	1.93762415747607330552e-01
-4.07756453313591671339e-01	6.98885500316624219685e-01	-5.87616994502628831043e-01
3.06061360844041008278e-01	-2.22829678527255853338e-01	9.25566517202158545174e-01
-7.09387347187958039463e-01	-1.31442227367310704444e-01	-6.92453993066941220214e-01
-8.49234405782835488630e-01	-3.75275443110665074542e-01	3.71442143318132411700e-01
4.57663610857394764775e-01	3.82472776277450299265e-01	-8.02657208715894188167e-01
5.94101844721376615155e-01	7.75684416587601011095e-01	2.12971087149900012436e-01
-3.39817515899084598985e-01	7.06478400405423645481e-01	6.20815854862590610352e-01
-9.70398579060505750427e-01	-2.00820006651453164537e-01	-1.34156336733907338710e-01
-1.78931268252524061646e-01	9.80782504796142706738e-01	7.77771144190086138881e-02
-2.36097816391226539290e-01	-7.58447543334766383083e-01	-6.07466167868427442400e-01
-4.70606493952816784532e-01	8.08939397440555207908e-01	-3.52344404124642296416e-01
9.67236769396556450573e-01	2.49213722794557127060e-02	-2.52649870633296802502e-01
5.34833846940836687978e-01	-6.26157558053278551213e-01	5.67344224134890384725e-01
9.76246801271242414799e-01	2.15749864567445159835e-01	-1.98539403342620351944e-02
5.33277419500376881345e-01	-8.23598550729680245475e-01	1.93133687084851374260e-01
1.25883560966839919137e-01	-9.56264206118603077300e-01	2.64030485313090035326e-01
-6.84602193742185782810e-01	-2.11795181189389336573e-01	-6.97468735893115310276e-01
-4.68337885786628604912e-01	-1.94536599483081384943e-01	8.61867238151253767242e-01
-9.18965811883133643079e-01	-2.37671916499850532922e-01	3.14664736977725401079e-01
2.68969746744162352403e-01	2.91061714635837853749e-01	9.18116742908889116315e-01
-2.72847516170874639096e-02	6.23653180867605495818e-03	9.99608247264993865500e-01
4.84265267379341390885e-01	-5.71174945811057988010e-01	6.62756616027142975156e-01
1.34423247413359842062e-01	-6.07809899724233507201e-02	9.89058169074407134147e-01
1.17647667437053127237e-01	-4.27020025557150600948e-02	9.92136868241651481704e-01
-2.70955395474380467125e-01	-8.26864252153814649482e-01	-4.92827233595541869260e-01
4.61638042319504393607e-01	8.23760147498856731829e-01	-3.29104143510952296126e-01
-6.93780608164661249937e-01	-2.27047073704479018819e-01	-6.83460382214584272198e-01
-2.00229347501437032752e-01	-5.58851987182316656266e-01	8.04731424030107445056e-01
-6.31049181164783479225e-01	-7.30851125450130312267e-01	2.60064536950992408748e-01
3.65582118610959481975e-03	-9.99759079028800234923e-01	-2.16429866455734830344e-02
7.70932992205933670382e-02	5.68265213430065974087e-01	8.19226019130597227225e-01
1.11541566082126827886e-01	-9.47480462900130881998e-01	-2.99731966027149299148e-01
5.21594954701020616095e-02	-8.92858399387559842353e-01	-4.47306679667752338236e-01
-8.79590070973675586252e-01	4.75237547659330072936e-01	-2.16928637867396349737e-02
-9.46376290540848597033e-01	1.39569469887360436688e-01	2.91362797517981886308e-01
7.06688740449964436507e-01	-8.62958346733835369481e-04	7.07524048654273207681e-01
1.49363794733702748979e-02	9.66780666295921492503e-02	9.95203625395823965327e-01
-9.46177824316701943097e-01	5.25412079783140611999e-03	3.23604571948472419241e-01
-1.69738692393425288918e-01	-8.68968029327509161597e-01	4.64847652797381827305e-01
7.09861859322849064746e-01	4.15242971446926970036e-02	-7.03115832153811570748e-01
6.71496312899884095771e-01	5.93916218437145704279e-01	4.43121007445124059920e-01
-9.69333321248105561629e-01	2.38877609037033200590e-01	5.77096198121862802299e-02
1.36679130270296739225e-01	-5.46014412626708023346e-01	-8.26551315135646169630e-01
4.92316344224453361633e-01	8.16438237052466875276e-01	-3.01750264768946396821e-01
-7.46051475332698332821e-01	-4.41448717528727663240e-01	-4.98528059336829809656e-01
-3.42971662762240725453e-01	6.09968020178440206713e-02	-9.37363231989445933046e-01
6.81852355364293439416e-03	-4.41216095188069423738e-01	8.97374985768792710061e-01
-1.20275675152427444226e-01	-9.22271457159971830286e-01	3.67354217717246578356e-01
1.41736949357026020824e-01	-5.85955251758372486215e-01	7.97851540152518690086e-01
3.66484830231511349297e-01	-5.43614015984837606332e-01	7.55097788922081902818e-01
2.51965929988798464922e-01	9.66876667603994377487e-01	4.07759704712795240100e-02
7.57886339356954819024e-01	4.97934086662318031724e-01	4.21509124404060575575e-01
-2.40913784049932244713e-01	8.57359748946218913623e-01	4.54856911062829993853e-01
-5.84283836513906806864e-01	5.16792519908416458918e-01	-6.25729885617827497057e-01
-8.64002178663999864661e-01	4.01270997610373547637e-01	3.04108240172207777707e-01
4.96236619975675752325e-01	-1.05103566160010791775e-01	8.61801866658204129834e-01
-5.38448169932648545988e-01	-5.69287926842343861011e-01	-6.21276769763466796270e-01
-7.24153167541764397619e-01	-6.08245458432254415548e-01	3.25022541119482588634e-01
-8.17657142051847585229e-01	-4.60591005173028644748e-01	3.45387787863589201809e-01
7.10061189847901230721e-01	-1.93993295953436173384e-01	-6.76889730899283947885e-01
-8.21469887279638211197e-01	-3.75244098676446147245e-01	4.29393864303252326131e-01
1.80061527665364429218e-01	6.83356641311985701925e-01	-7.07532011310878505839e-01
-7.15247004168981015404e-01	2.19158025734235317739e-01	-6.63619983713246708312e-01
7.69203235755818448549e-02	6.07541647173004295546e-01	7.90554495763157616395e-01
2.71759580231399899830e-01	-9.61689505902061925191e-01	3.60558565326256907912e-02
4.73041616638035955500e-01	2.43088083067189958397e-01	8.46841078833090454836e-01
5.21461622362752952320e-01	-2.63102327911786504355e-01	-8.11698799709722695894e-01
-8.33084907440971189629e-01	-4.07070557940571897682e-01	3.74517152947658804596e-01
-5.06117721002004139486e-01	-3.05882698526250274007e-01	8.06399793669391073969e-01
-3.09046837712800559483e-01	-8.62263321738487520385e-01	4.01238103978457660848e-01
-7.95252998444879843909e-01	-6.04126623270755169770e-01	5.10263806271119696456e-02
-9.41797456772788588175e-01	-1.72928072322643761050e-01	-2.88294003092471384786e-01
-7.05943538372223011734e-01	8.24093443625085048110e-02	-7.03457476036929429952e-01
-9.43473616420772764890e-01	1.23188181907415983396e-02	3.31218631475181379820e-01
4.86067516640532382155e-01	7.42960904078604045253e-01	4.60160259341904687158e-01
-7.68847946653358760294e-01	-4.22218609586603510486e-01	4.80212745192866552468e-01
9.05378645463851133846e-02	-2.52492199094633718026e-01	-9.63353821023063328077e-01
5.63144732816177828738e-01	2.63522226589995633983e-01	-7.83213920965687759868e-01
4.63700270824006388626e-01	-8.82285487181364569409e-01	-8.09591128094002271398e-02
-1.16460794634136138859e-01	1.59344249093803409789e-02	9.93067458643164369114e-01
-2.55246745166288091511e-01	9.53587729250893537114e-03	9.66828922884642616431e-01
1.07708481991326474048e-01	8.88422436491045908191e-01	-4.46211224922051563624e-01
-1.65677020147314592313e-02	-9.35107089659204748777e-01	-3.53977742406274997755e-01
7.01046210647659817639e-01	1.37676204948954772345e-01	6.99699559187663244764e-01
4.28216663851454681922e-01	7.29722976901033271169e-01	5.33043024326014580616e-01
2.54066500698033534422e-02	6.90007687668926061875e-01	7.23355993332475466495e-01
5.48546587391072870687e-01	8.26466540931650728297e-01	-1.26687403407285403834e-01
1.19434131952963401568e-01	8.85532679970957525839e-01	-4.48962538334877037105e-01
-6.58658766529412020851e-01	6.08666708315471427504e-01	-4.42372543748323299173e-01
-2.98387135497460265210e-01	9.45985485359310152020e-01	1.26793449590784063075e-01
-4.12771854468369170377e-01	6.02028692158498079934e-01	6.83506291102482843591e-01
3.76295064002798496094e-01	4.12601807240717488590e-01	8.29555166019007694800e-01
3.51048366153309698845e-01	-9.15343085050895122201e-01	-1.97261454092282184636e-01
-4.67749158876799464579e-01	7.94663357794185176708e-01	3.86937814318163486593e-01
4.98199292874925203645e-01	-7.47760221944352543311e-01	-4.38921536332699424587e-01
1.78130021163658419647e-01	8.16831443341999086094e-01	5.48685783238513580251e-01
-1.74534071240818933202e-01	1.19188043339293101019e-01	9.77410900441086472057e-01
-8.52874104092517515419e-01	-3.15439171282488606263e-01	4.16057558264481430754e-01
-4.75503716373362805836e-01	8.14413822410775867233e-01	-3.32605384173782769874e-01
3.24571909467491481749e-01	8.77139971926446548878e-01	-3.53947093833949788522e-01
1.28235159948453497636e-01	-3.68031671314777542037e-01	9.20928027949114991202e-01
-1.23619549823095892238e-01	-1.69352138597077095383e-01	-9.77771987763063066268e-01
2.66628600642321855752e-01	6.11041305854595262481e-01	7.45344022488292456963e-01
6.42060461468160981191e-01	-6.29777833445890222741e-01	-4.37193600501531498548e-01
1.43475688866482681272e-01	3.83818402094045330042e-01	9.12194146505151515214e-01
7.42608033573171399944e-01	-4.06380871188042558373e-01	5.32341897660737251030e-01
-1.28109372972769919308e-01	4.05977205360572801496e-01	9.04859379839841770909e-01
-9.15276408034603305985e-01	2.75948902283399410962e-01	2.93464308262284812034e-01
3.43653132033821917535e-01	5.67654836321631495188e-01	7.48111296294880379065e-01
1.40179117441737777217e-01	8.06896889595516864091e-01	5.73818111072085024205e-01
6.64379275549697889680e-01	-8.98384891794500456408e-02	7.41976565722942793535e-01
-6.97969783008739241836e-01	1.42317558388781933987e-01	-7.01843212249708248152e-01
-9.24631222512877437580e-01	-1.72022724261897991260e-01	3.39801831501622020326e-01
9.56438106040752022974e-02	-8.29461803065721814399e-01	5.50313891109513564359e-01
-3.79932629110311892440e-01	-9.24459771685820719256e-01	-3.20207412769668992025e-02
-2.93518233235127268266e-01	-8.97397227037819295026e-02	9.51732015289796673407e-01
-5.61909810427488443096e-01	6.73838874115859631786e-01	4.79790096475130156684e-01
2.30790937353404307375e-01	9.71522422755535575156e-01	-5.36630722075388325032e-02
-1.20512057504002761954e-01	7.90970780502411097146e-01	-5.99868375885542759463e-01
9.54963694456857359327e-01	-2.47990015298048510628e-01	1.62927267766274946892e-01
-7.73596502386131978923e-01	-1.12526696947881768573e-01	-6.23607403716427310947e-01
-3.87272009043762077685e-01	8.59765938684582398110e-01	-3.32900768531746216183e-01
-6.94875631766982637672e-01	-3.71955176133893505863e-01	6.15465030138708235619e-01
4.09461301809255107109e-01	-5.91468484308025677088e-01	6.94626859825501430379e-01
7.76038947973718834517e-02	7.61330117498265179776e-01	6.43703415947403656538e-01
4.99551162886034239019e-01	8.62993822721134451470e-01	7.54340613010725108412e-02
5.13978861417417887125e-01	-8.10660996891693907962e-01	2.80454057083544094908e-01
-9.76758731303436267268e-01	-2.16509789118716974854e-02	2.13245435905810465371e-01
2.53746628983400890345e-01	4.04537196062558612741e-01	-8.78613854478407008131e-01
-4.82329196802579518444e-01	4.17242445869952405246e-01	7.70238461306781529991e-01
3.90840040398617860617e-01	-8.98770732505750236108e-01	1.98633414138417285777e-01
3.76096218841840190805e-01	-8.37088617540727053523e-01	3.97283627345281997734e-01
5.95034152216924461243e-01	7.27276418360549237185e-01	-3.42057552163575639970e-01
9.00449622867194765519e-01	3.70393487917687724842e-01	-2.28033201061811463539e-01
-7.24182757645323360585e-01	6.36389326758500656345e-02	6.86665435111665889423e-01
3.18403416594935373407e-01	9.06783585922486867759e-01	2.76338185204701547448e-01
-5.48767793329312913997e-01	5.94193040896212609780e-01	-5.88037872211465861838e-01
-5.46715045921197240197e-01	-6.31645658817521910011e-02	8.34932869265758936805e-01
4.91009386838478334436e-01	-8.67863025531947496205e-01	7.56541535610309595627e-02
7.35385164472313945794e-01	-5.48711055925864887861e-01	3.97649138033455251673e-01
-2.19513043173149569043e-01	5.62615593327047691652e-01	-7.97043109262050686326e-01
5.56495704846944216904e-01	-8.04789036644266819742e-01	-2.06463403498284736592e-01
-9.36845523807851798814e-01	2.47212185669101691676e-01	-2.47399676187939898675e-01
-9.20225743992887257328e-01	-3.26735770553836735175e-01	2.15472309899271824429e-01
3.43458075336812218570e-01	9.38190681513996871388e-01	4.28345141939860535318e-02
2.94338915364662556673e-01	-7.42348619852394753238e-01	6.01899600851503180365e-01
-3.35685615381553989489e-02	4.24180696968204984376e-01	9.04955185628452563051e-01
3.20665121146068710090e-01	-9.43515947282318023781e-01	8.33758796315035161095e-02
5.83417402343585189683e-01	6.93253003917905563647e-01	-4.23112759440629260244e-01
-8.96550905452571100795e-01	-3.08642116971616364829e-01	-3.17705079536752255098e-01
-2.81671758435696140133e-01	-8.38415051973677272201e-01	4.66606066316886780587e-01
3.35359935765837446908e-01	-3.98191660356233934071e-01	8.53801566586685933835e-01
4.85138068242075448655e-01	-8.54069311628403937675e-01	1.87634393640748964316e-01
4.30111565154462416327e-01	-8.83170529191760311782e-01	-1.87119902435644108740e-01
3.68346661334028713242e-01	7.81249615017976073439e-01	-5.03954140888174806356e-01
-6.08105196607635845041e-01	4.00054134733739651109e-03	7.93846374009302024888e-01
9.64975924947436336510e-01	-1.21321113316842046914e-01	2.32599767272887669733e-01
-2.14886389533910981964e-01	6.16723283577724212812e-01	7.57282134403149953528e-01
-7.84112663421191791180e-01	-3.11684706695036506385e-01	-5.36674924581868162399e-01
-8.06693337599413751171e-01	1.09130370650494912255e-01	-5.80806698716882729983e-01
-1.80602163146368149826e-01	1.86668260523613571689e-01	-9.65679977621955676348e-01
2.72560274850661143908e-01	-6.95528801142756836207e-01	-6.64793639676442227326e-01
-6.90785123078908158689e-01	4.92033243318819368817e-01	5.29829407641762673009e-01
5.51514614880041165179e-01	-8.34014182465756870322e-01	-1.58736580439124697062e-02
8.87830186454792502637e-01	2.68162504074245522379e-01	-3.73960467734597346023e-01
-7.30880855750689395478e-01	-1.31737709173511581551e-02	-6.82377920552062477988e-01
-4.92426065255719025426e-01	-3.47192530623461947936e-01	7.98106457144688530292e-01
-3.29556693083273566369e-01	9.02746099676390967304e-01	2.76481220995351939518e-01
-9.81143595599822559983e-01	-1.92435854978549508720e-01	-1.80467873076161008927e-02
5.68330019462467861402e-01	-5.52694443960956238726e-01	-6.09532477061296873444e-01
8.08623480319057841292e-01	5.85950947472396510562e-01	-5.28162307713747822269e-02
4.96498446762304646018e-01	4.45581367616452797553e-02	8.66893225726761196270e-01
-7.07536522272709245129e-01	-5.71391147808312127587e-01	-4.15817539140113268115e-01
6.17777376079360673877e-01	-3.27488267960911350052e-01	7.14914364069195618079e-01
-6.85253325913734667729e-01	2.09594848284598928023e-01	6.97493999183305457557e-01
-9.42786082595027830067e-01	-3.33395981742250546720e-01	1.23362200148521275120e-03
1.76634998413858212984e-01	9.36136509912453229632e-01	3.04053469219260130707e-01
5.48773583792838359763e-01	-8.25323305694630304785e-01	-1.32999980482902430134e-01
-3.12068176233119110030e-01	-9.46161679821174494975e-01	-8.59740020035622276584e-02
3.00790769823486181522e-01	7.54274215091356725615e-01	5.83605449972250056589e-01
-5.39573193943571283171e-01	1.34418757003649164128e-01	8.31139197814136920783e-01
8.24968805996899590127e-01	5.28748534145032644815e-01	-1.99628296520130976699e-01
1.58971425271353869468e-02	7.28141428594691997311e-01	-6.85242541603739874212e-01
6.57286169237523032471e-01	-1.15484244213667722190e-01	-7.44740411866752549663e-01
-9.51252018899794049567e-01	2.49315037528858640670e-01	-1.81553321646974491488e-01
9.27917219434531009847e-02	2.91247314023112435777e-01	-9.52136911590497847513e-01
9.95141916011512250861e-01	4.20693674458930827464e-02	8.90097484528454829800e-02
-4.52458586071716961641e-01	-8.71076286120013087988e-01	-1.91068918585278524347e-01
9.82411233967295460801e-01	1.73684488449590196391e-01	6.85701527405347677213e-02
9.30752335910483785675e-01	1.05169779433594082207e-01	3.50199095788477465785e-01
8.09376462558509479628e-01	3.25487829539410189472e-01	-4.88842934568965159503e-01
-2.92583789594655474531e-01	5.01324017151581591278e-01	-8.14290461624984862610e-01
-8.03268158511631913399e-01	5.86645144868094825519e-01	-1.02993881002823792215e-01
6.88205030730265288064e-01	1.25265785827373826722e-01	-7.14620401736897781220e-01
1.67376644739777369342e-01	-6.39430818919544230461e-01	7.50408746358633083062e-01
2.44791888796467682621e-01	1.38971888082288053123e-01	-9.59564351933887671464e-01
5.11361903024542097107e-01	-7.34245159154867321760e-01	4.46534489589284155908e-01
3.47323391218115229417e-01	-4.80309204863415384335e-01	8.05400229473658413326e-01
-9.86483387957066026885e-01	2.86744234712547653443e-02	-1.61332894114436242727e-01
-9.66919357993309969146e-01	-2.13557626520815946325e-01	-1.39499445492091866949e-01
2.78179688124732593657e-01	-9.55195493612153723184e-01	-1.01082293691132932278e-01
-1.02916923217859210271e-01	8.05546778478308023175e-01	5.83525915961398466969e-01
-1.25657648373229707817e-01	-5.00957975140944589132e-02	-9.90808037147830500402e-01
-7.45969557576746877814e-01	-6.52487809012739727876e-01	-1.33375703403981304973e-01
-3.10350029525796655694e-01	-9.09604141155008760755e-01	2.76230276340223290799e-01
-3.17830375638420092876e-01	7.87628527014840873477e-01	-5.27849557879868758192e-01
9.16738248343677120111e-01	1.55167093679581757915e-01	-3.68122475628422263227e-01
9.09675676234770858031e-01	4.40555700833723709164e-04	-4.15319118242210183478e-01
-7.37645366360064391742e-01	7.68898807922173826990e-02	-6.70795989641623680022e-01
-6.63687954942646318734e-01	6.11621995369652338148e-01	4.30623772270055826805e-01
3.43072040917263842985e-01	5.76651495280656067877e-01	7.41467887188276497668e-01
-8.65720383308629659602e-01	-1.53472334036545716290e-02	-5.00292594739131568637e-01
-3.56092322113333137334e-01	4.51208983521167894537e-01	8.18296224677670491765e-01
-4.93509901082342106182e-01	-6.28268439141084544808e-01	-6.01437233560512374275e-01
7.14225819368886849503e-01	5.21729801470774634531e-01	-4.66561349882422149449e-01
5.45875399346978151804e-01	7.29101990870993144078e-01	4.12832090922849059833e-01
3.63504625764044853042e-01	2.00040263238637577858e-01	9.09861681867941030077e-01
5.13353582999587443325e-01	-8.44154064644917268012e-01	-1.54505708518973994270e-01
5.20473187033510198418e-01	-6.87214085348931580377e-01	5.06798246324128509599e-01
-8.56646145527858560165e-01	-4.79720956880059501426e-01	-1.89803015999069596420e-01
-7.11357091671031227520e-01	6.16060106603558810257e-01	3.38291343638798869264e-01
-8.26418585283786137630e-03	9.66632624745177637671e-01	2.56033341599171848646e-01
9.67917148771397783946e-01	1.07210879742439986473e-02	-2.51040736508830464313e-01
4.93817220367863574104e-01	-7.64594304609599761946e-01	4.14173999940507631123e-01
-3.78888175955577555243e-01	-5.18548773375295257715e-01	7.66518701501817223409e-01
-7.92820042433021288097e-01	6.09445203764548804060e-01	3.59498607645853838696e-03
-8.14723207239859414930e-02	9.39840185219293910990e-01	3.31756970089267799739e-01
1.89527909603419059126e-01	-8.48534484688325707502e-01	4.94032792207233728554e-01
-1.02737605268215011906e-02	9.11847190038908461673e-01	-4.10401208408045892195e-01
-1.50594284840067579867e-02	-9.32701114372486261850e-01	-3.60335739085172579443e-01
-2.25080793713388765953e-01	3.82021462467540318109e-01	8.96324850997400779384e-01
8.60366472865173453899e-02	-7.59160509314972253847e-02	9.93395413989143438727e-01
-6.58913915568192898320e-01	-4.09305559868553103797e-01	-6.31111250518704203216e-01
-9.23695597156724335086e-01	-9.24927780365973895016e-02	3.71795010461887731612e-01
1.44766918807270106306e-01	3.88946616408440137835e-01	-9.09814854134331607582e-01
1.30751186564565302639e-01	-7.03945072522471765319e-02	9.88912908481162311602e-01
5.78203903698591287208e-02	8.67118406403335068022e-02	-9.94554100665339668730e-01
1.61091465296668789886e-01	8.33663824908768780197e-01	5.28255777864335196448e-01
7.35296252734219835112e-01	5.86581210028685240410e-01	-3.39502437040291926706e-01
3.30710276396534164078e-01	9.28636271980689320671e-01	1.68123131803851522115e-01
8.35695127517433244968e-01	4.18874341196488697570e-01	3.55187190268495600609e-01
8.92433405402924928573e-01	2.37985199936446567559e-01	-3.83308833099562817903e-01
-8.74912911708984553094e-01	4.12722931809644644208e-01	2.53351886678110038709e-01
-2.94565654099854912218e-01	-8.51477943040439555489e-01	4.33839126797418539461e-01
5.13479630508238304998e-01	-1.53206556996057091657e-01	8.44314171352428033401e-01
2.52208503864260573379e-02	-1.99939706507392067625e-01	9.79483548849863772112e-01
-8.24641705701568139553e-01	-8.54981028596222547566e-02	5.59156625307269283809e-01
-1.46701551742192987104e-01	-9.72143389055088347206e-01	1.82800125363524024191e-01
1.14532079894439184353e-01	8.11541979181135353372e-01	-5.72959002636156844446e-01
7.68234417346671083493e-01	-3.50244122675957336721e-01	-5.35859062193567603494e-01
9.01703525599548805225e-01	-3.50855313535664903313e-01	2.52648571904006968847e-01
-4.10924375395193108851e-01	3.06712573961216372620e-01	8.58526967939945317987e-01
9.90344427235874569249e-01	1.29128159073781306754e-01	-5.04364350154143589733e-02
-1.22166233140444252525e-01	-9.40074707729957603775e-01	-3.18331518022814285995e-01
5.97280231304758713051e-02	2.90001858327704253870e-01	-9.55160450091712909249e-01
8.43388799844375980364e-01	-4.19217009233868453943e-02	-5.35665850403731935714e-01
-7.19683767909147925623e-02	3.02885594256489865117e-01	9.50305671630962023322e-01
2.60330242777274574462e-02	9.98864411100373272845e-01	3.99020035093430244788e-02
4.49018972965541551812e-01	8.06517346303721960332e-01	3.84592943289619459968e-01
-8.12934365306708234256e-02	4.81435049627903344227e-01	8.72703655410479006704e-01
-5.47300005045503690226e-01	7.75133946625295333632e-01	-3.15642312224273191568e-01
-3.86397577893452803810e-01	-9.19641787743142646860e-01	-7.03981110163436479832e-02
9.76363307204942021400e-01	-6.72241455636927165429e-02	-2.05415692187962156678e-01
-8.58305912636099344049e-01	4.19727526673078665809e-01	2.95194450636885596939e-01
6.79488232517234114205e-01	-5.92917262115513099552e-01	-4.32139864113517013777e-01
2.76457598190250675163e-01	5.50432671371014481387e-02	9.59448505729073253256e-01
7.21664491646875960740e-01	-1.22498812123267866725e-01	-6.81318136060126033904e-01
7.67460693099916713145e-02	-1.01302578546125315873e-01	9.91891036568721129463e-01
2.61747096338680540484e-01	6.29209310726684067916e-01	-7.31836116116935442300e-01
-9.92100219915241887669e-01	-6.48706900005258102482e-02	1.07372935244335790395e-01
7.24251449475130981703e-01	-1.92496214844875002115e-01	-6.62121624177588130600e-01
-1.75629857117132442967e-01	9.71661986385262799182e-01	-1.58199676051694271273e-01
7.01269144319112136543e-01	-3.95117373076982580926e-01	-5.93383391003392324237e-01
-2.89601093197637549093e-03	-2.04466999464604032299e-01	9.78869173715580576101e-01
-4.14913177009720246513e-01	-8.20680075398449671020e-01	-3.92850186951330559992e-01
1.70870602213935962599e-01	7.04274647896174554873e-01	-6.89057659147451984083e-01
-5.84689331502216136371e-01	-8.10808010622857011640e-01	2.69954725333046811897e-02
-7.94074670320443321003e-01	-3.83878895405386777462e-01	-4.71256205919687920503e-01
8.22237377256714974116e-01	3.85295102708660464064e-01	4.18895427607799852865e-01
-7.93788463551829748255e-01	-3.87625685379110518358e-01	-4.68664275538898222884e-01
2.93790548728507412701e-02	-1.36173024154470606595e-01	9.90249351742986116953e-01
8.37547502085636663693e-01	3.36570119263504663465e-01	-4.30389052566466479011e-01
-2.48860417211171219831e-02	4.95051806067761807073e-02	9.98463781025904384414e-01
-5.45250025734617671525e-01	4.41983664675257459376e-01	-7.12287055614959307981e-01
-2.19684906456283163267e-01	-8.88402531386224270094e-01	4.03087439771872335648e-01
1.24877638634448173693e-01	-2.13819367484375938426e-01	-9.68858531188978910897e-01
-7.64518597793171994503e-01	-6.29986255940627404293e-01	-1.36486742778456543457e-01
1.50841415196052902603e-01	-2.49153267110188564315e-01	9.56644927311053550056e-01
9.91658581720903375967e-01	-1.21448205938170947227e-01	-4.31693244525077485241e-02
7.47470067993928899419e-01	2.07484146131549140879e-01	6.31061666207996863065e-01
4.79448918087907238750e-01	-8.70968504821432509821e-01	1.07436486136942413450e-01
6.90277243807456475366e-01	5.46067134779905871689e-01	-4.74687277051792477778e-01
-1.50860893556976294327e-01	1.72142106693928681471e-01	9.73451635109914725774e-01
-4.51743974681509882774e-02	4.06170202045069289598e-02	9.98153060148139870122e-01
5.94686138759041971191e-01	5.22617598395335392070e-01	-6.10916722815273316449e-01
-4.24150939671880500281e-01	-7.77702494112746056665e-01	-4.63977166492355486138e-01
-6.62385353534434839773e-01	-5.63303286024765981210e-01	4.93897814711467042503e-01
-1.31511615532663828088e-01	4.50873367250242851334e-01	8.82846476848843986218e-01
7.89343232602953415178e-02	1.83821529341784750677e-01	9.79785189703277104023e-01
-4.39400534129200538019e-03	-1.82432880897256260999e-01	-9.83208490954277758433e-01
-9.24140848990864571810e-01	1.55673744300658029038e-01	-3.48897372535044325570e-01
-2.45081158109922911392e-02	5.42666311155850622505e-01	-8.39590749708389982864e-01
7.43008263072938768268e-01	3.89160695573179282736e-01	-5.44511408536436314343e-01
3.37178291941667637732e-02	4.46771427139181498411e-01	8.94012527812922730419e-01
1.34212328502604505420e-01	-1.04085765312830133555e-01	9.85471057077350942599e-01
-6.79783184126804052028e-01	-5.23676278401527639517e-01	-5.13476365588474870094e-01
7.45505864652245414659e-03	9.15145713480737921230e-01	-4.03054270785471568939e-01
-7.52602009680976791195e-01	-3.85351543689195885634e-01	-5.33942321604598979512e-01
-5.52970722501383016301e-01	6.54400026096541687082e-01	5.15736353092492438854e-01
-8.98115505011280346181e-01	3.33464776712357413579e-01	2.86687604110310967354e-01
3.15931250756809944846e-01	-3.12771529914396606564e-01	8.95746289342158275026e-01
-8.12628463988913196658e-01	-3.48077036061106070974e-01	-4.67415614289825476213e-01
4.63739395652837560480e-01	6.91925395971710988086e-01	-5.53339876864962221248e-01
-8.34118225847091387948e-01	1.54039390852016067068e-01	-5.29640114960753805029e-01
-1.43441148199659317813e-02	-5.14564082597361416305e-01	8.57331937624376316798e-01
-1.51971766086529236350e-01	-9.33214934028658849030e-01	3.25598632089305950466e-01
1.36862664451149806943e-01	8.49323264412986111971e-01	5.09822129380630983952e-01
1.73869002341129202938e-01	9.31936710273884694189e-01	-3.18219323845661594685e-01
1.78387848795732370522e-02	2.55645432142346008819e-02	9.99513997843085588713e-01
8.91446906396321736565e-01	-1.50625062523794817082e-01	-4.27357582846181194292e-01
-3.35167994652529943611e-01	9.39665917500514202843e-01	6.84863405980976197585e-02
-3.08666647237965219297e-01	-6.13057403370433795509e-01	7.27245158839558647479e-01
-9.75429224992119148219e-01	2.19862108107950010583e-01	1.40883089688578003185e-02
6.99516339709590817542e-01	-3.87356374982893991721e-01	-6.00526376805722184038e-01
4.74796069696767408796e-01	-2.27716899879541218032e-01	-8.50125699946633450743e-01
-2.12290806822596073156e-01	9.67659899578256710306e-01	1.36260530186878808800e-01
1.87019956866742269319e-02	-5.15224403342054368404e-02	9.98496706804456013451e-01
-9.55775309716787146996e-01	3.86265303978442428590e-02	-2.91550250360386620230e-01
9.28756677962341736787e-01	3.35563951990266173819e-01	-1.57505134091017462428e-01
5.07369842204780097106e-02	2.51927708300229036276e-01	9.66415122099610779394e-01
4.31033972583151681057e-01	-6.53218061744293532200e-01	-6.22507733518399941630e-01
6.25759534619084178964e-01	-1.14461915827196322737e-01	7.71572080014871319875e-01
6.95767387158287120563e-01	-6.39880753343334052197e-01	3.26282645060532727754e-01
-9.02776016732529384967e-01	1.03872448329073666790e-02	4.29985544823694443295e-01
-2.24481637697653245433e-02	5.17905479710692562278e-01	8.55143259360093055399e-01
-5.65806076076497022065e-01	8.17944893955594887203e-01	1.04065530925892810177e-01
4.23093573748063056517e-01	-5.43433162776465694677e-01	-7.25032568542861799443e-01
1.80351327754494222821e-01	-4.88068530976426051549e-01	-8.53968680718271033747e-01
-6.59159071141543310979e-03	9.37947841509159663254e-01	-3.46713711208832264798e-01
8.48934395066038738342e-01	5.22863528096052188054e-01	7.69683302456785484180e-02
-2.56324345492011385073e-01	8.55206437502650573812e-01	4.50466179820546597234e-01
-6.61759389165146982847e-01	7.33940759521078622818e-01	1.52988471347986959570e-01
-8.44528016752390309207e-01	-4.21700376018200928652e-01	-3.30062451342745699634e-01
-2.40628806181876347958e-01	-8.81808407292899776309e-01	4.05600432030150059859e-01
8.08993359970052172692e-01	-5.11062058839675703581e-01	2.90422649837985824561e-01
7.97826816767032265254e-01	2.66221607839873669610e-02	-6.02298622779909642588e-01
1.24622341197303948546e-01	5.92124100906749717410e-01	-7.96152197258712557293e-01
-4.17322099545823110844e-01	1.06392516385665505951e-01	-9.02509223048602371442e-01
9.30690843051030891608e-01	3.60925936575069994383e-01	5.95568885047713242331e-02
-1.98695201425626716274e-01	7.96699267247524045565e-01	-5.70780601017315647461e-01
1.15422909489290001495e-01	9.86167164225191239524e-01	1.18961658399131420261e-01
-8.25771809637506182256e-01	-1.48842892949638039291e-01	5.44009845155748017476e-01
8.52538099454181907966e-01	-4.84459949704966252870e-01	1.96156432754352905157e-01
8.99094809088988866641e-01	4.03432062735991150970e-02	-4.35890984050829599639e-01
-1.92425869493679374544e-01	4.94148117723651414401e-01	8.47814792569564601443e-01
5.37445380433363983919e-01	6.30526520287614244964e-01	-5.59989973360978443573e-01
-8.62940317446520221978e-01	-5.04610589006039056414e-01	-2.64983393494279372005e-02
2.10934200563902524150e-01	-2.65153572950074689629e-01	9.40850862668614840167e-01
-6.84008422694007856002e-01	-3.35203618443463802201e-01	-6.47897377573072197343e-01
1.79260704866222780884e-01	-1.82758593101912003576e-01	9.66677245174559107710e-01
5.64873409219347699661e-01	-8.16093365475759058292e-01	-1.22105079269293662070e-01
1.40629495593339121084e-01	9.22992158220438896343e-01	-3.58202206627401098515e-01
4.34474517494909673321e-01	-3.07124972538430629498e-01	8.46703103154130221064e-01
-3.01381155637217346133e-01	7.23254920235063658573e-01	6.21346698214891191014e-01
2.32739944160625961134e-01	5.83683493710377199193e-01	-7.77911111607333172202e-01
-2.12496276332950970178e-02	9.90540600784450941951e-01	1.35564639648490914414e-01
-5.34286940103799179447e-01	-5.72151974149347597454e-01	-6.22237562440201452674e-01
-4.94959396406165375026e-01	8.42579077991085001464e-01	-2.12310370073950066550e-01
-2.25425793783889466537e-01	-6.04390792677917176867e-01	-7.64130212217173254707e-01
6.29811496874162490833e-02	6.00628224431350554724e-01	-7.97043982977410414570e-01
-1.82584845943299822757e-01	-9.01214886461734893119e-02	9.79051015686138281779e-01
2.14367724430695016924e-01	6.82936138658497893239e-01	-6.98315622936095281581e-01
2.64355358231897243082e-02	6.61237577453871239186e-01	7.49710629915753878905e-01
3.37310996009975716525e-01	7.95890456923716294035e-01	-5.02771988627564669905e-01
1.86026996600161309559e-01	-7.21252807702375819954e-02	9.79893820987630226327e-01
-4.33038487070633637543e-01	-7.86481742399433136903e-01	-4.40368184123159200904e-01
-1.32963184929762640030e-01	1.26883951884495943530e-01	9.82965540701965179160e-01
7.24188130071963254153e-01	4.72817499355454140542e-01	-5.01991199689923006666e-01
1.34799818993980614901e-02	-2.54982746399592674624e-01	9.66851637598299284981e-01
9.57394556808444985307e-01	2.65071407056064412000e-01	-1.14598480595859128495e-01
8.55497311405770011206e-01	1.55047808121847041640e-01	4.94049114333898753415e-01
9.12700434246422109830e-01	-3.72152708272590504457e-01	-1.68761011645962410999e-01
-2.58481801172831648916e-01	-1.90783837004539907900e-01	9.46989274490621646407e-01
-1.85669253953587964912e-01	4.62834949175769561069e-01	-8.66781828350006944284e-01
-8.66635648533543134775e-01	-1.12628535972402715748e-01	-4.86063232075373552465e-01
-1.62624969952126996464e-01	5.46961867599355722191e-01	-8.21209982002346738916e-01
4.34272486398716239808e-01	9.43987977516856230364e-02	8.95821564007092341342e-01
4.77318750872111896566e-01	8.76356429036727724302e-01	6.45462574583659520755e-02
6.40908216493169868855e-01	-2.55194220465081611504e-01	-7.23956191956919070662e-01
-1.08931516937913905330e-01	-7.72342915699116616679e-01	-6.25795769550252067859e-01
-8.27049354694089577933e-01	-2.62804997827687347733e-01	4.96913370736669968153e-01
1.87494940758904993228e-01	9.30439209292682201102e-01	3.14846827839543152994e-01
3.81681286271177755420e-01	8.72838491078147149516e-01	-3.04092690150228051049e-01
-2.35963233852710591032e-01	-9.20212087421691693478e-01	-3.12299642063169569095e-01
-1.46446041817344274616e-01	4.16443709713638587910e-01	8.97289358833578964969e-01
8.77415360953029521696e-01	7.59484702140521966696e-02	4.73681448059568743769e-01
5.97330275981020966669e-02	5.97199933340456956543e-01	7.99865116774145845646e-01
-9.32135226556804807885e-01	3.51572606272370802305e-01	8.67215194213433460124e-02
-6.63444197505651533930e-01	2.89700209948596520970e-01	-6.89866353108934404759e-01
-9.04280352865239334115e-01	-2.49654382588712892010e-01	-3.46337599281635988291e-01
-3.81697155684670330622e-01	-8.52556597316857733837e-01	3.57007744613101751785e-01
2.32555917454618205076e-01	-3.85127148096935156829e-01	8.93081645234948373613e-01
2.37067424867621195927e-02	-5.27732279748155397314e-01	8.49079873317275857225e-01
-3.81989906170434267985e-01	9.21651841402295057826e-01	6.81292508667273172263e-02
7.10722310725571571055e-01	-6.26246760783398581651e-01	-3.20450919245373611055e-01
2.01724062297283582290e-02	-2.83189165513758785153e-02	9.99395373709654144534e-01
5.36190581160739587752e-01	-3.37658722981198644586e-01	-7.73618929104772257155e-01
3.16250847708222371235e-01	-9.01179756667799258807e-01	-2.96412630459629455881e-01
9.82622516842804771819e-01	-1.76403134198998223781e-01	-5.77487977215274672638e-02
9.24916855800845483238e-01	-2.45029486956465730740e-01	-2.90670535791519579760e-01
-7.46337684458672351306e-02	6.84931681436286243780e-01	7.24774718359043057525e-01
1.80867391978983299561e-01	6.87191908229104808647e-01	7.03600929350695514231e-01
4.61772705206423897395e-02	1.64861076460013883382e-01	-9.85235243561510598553e-01
-5.27001434411256797219e-01	-7.29239443156342370678e-01	4.36439368840055075260e-01
6.75305699771933110043e-01	-4.70557211272345010666e-01	5.67924398820066067550e-01
4.98796306621710372475e-01	5.96097024199326308569e-01	-6.29182471339792215304e-01
-1.20550215036601945928e-01	7.96230511189668588301e-01	5.92861382369663458825e-01
-3.57815967192711359424e-01	-9.07848248142374636416e-01	2.18584747790796257716e-01
1.47469683393480349709e-01	-5.28553362204654986201e-01	-8.35992844336589824294e-01
-9.50521050910240083986e-01	5.62265461451261980286e-02	-3.05529552228721024143e-01
-4.40634568138011592509e-02	-5.98063183603655068588e-01	8.00236740091005205322e-01
-6.03020462175192784038e-01	-9.11151513117212236148e-03	7.97673681708273019098e-01
5.32036365994278614977e-01	7.75409439124166710577e-01	3.40113961749215709673e-01
4.26061155749620001920e-01	-8.96205274390650563632e-01	-1.23644642891136843921e-01
3.48208876442129444673e-01	-9.00675775278642953836e-01	2.59872519118750866518e-01
-9.72695715338751210055e-01	-1.92759266476305785032e-01	-1.29255214785135685851e-01
5.83883028659611724720e-01	-8.04694905145805106095e-01	-1.07455658183563770858e-01
3.19916173523264846246e-01	6.76518739897232102010e-01	-6.63306894646884859235e-01
1.26539073330237339388e-01	-5.38615771050237057693e-01	8.32995146502477190609e-01
3.12719136620174642527e-01	5.26071203390691910506e-01	7.90857655052160435361e-01
2.68522913981687538776e-01	4.85675217947360238213e-01	8.31874405988408449630e-01
-9.08340576477252747978e-01	4.15395399065045189957e-01	4.86215956192707701722e-02
7.04364126788910249743e-01	-5.82633465273228123849e-01	-4.05474317357593205813e-01
3.46032400938627415776e-01	7.25961559791903576766e-01	-5.94341140427915748390e-01
-8.17034563004795710839e-01	1.68648707077708182034e-01	5.51372955862526992199e-01
8.56660332536084756505e-01	4.50051933827442518510e-01	2.52163303272589400805e-01
-7.57330494445108581836e-01	1.35733504051415709846e-02	-6.52890715466460380689e-01
-1.64801760988463275037e-01	-2.82551127075537200639e-01	9.44989545002189568201e-01
-3.22850671721655602120e-01	-9.04914210276969832591e-01	-2.77304373942575566048e-01
-2.16014583512742219806e-01	9.66314112790825019417e-01	1.39909739228893825747e-01
7.89060639230947380440e-01	2.77710621239030508445e-01	-5.47959960642637078365e-01
4.97762560294535472138e-01	8.25963574942903622222e-01	2.64606512460610454607e-01
9.76022991830277297787e-01	4.19475456533431739770e-02	2.13587272168393738081e-01
3.87444045348732668543e-01	9.07479558104263173135e-01	1.62382152180282152143e-01
-4.55632487786429507537e-01	-6.64117109092969948314e-01	-5.92745730885972155200e-01
-7.94394778617044661218e-01	6.06158058275148681204e-01	-3.88502779150667124086e-02
4.08140923366496974345e-02	2.02211323744364873667e-01	-9.78491078352933585371e-01
8.41607750993569103670e-01	1.25107620194413488024e-01	-5.25399349863355791257e-01
9.28894165667723759050e-01	1.25547861226540574675e-01	3.48415504146851351397e-01
-8.55949889203846958630e-01	5.14570597481938785123e-01	5.06644587359071987831e-02
6.44050094180739440830e-01	-2.67547460942926473848e-01	-7.16671355872950832655e-01
-8.03666792597291457234e-01	-6.72630452690837071783e-02	-5.91265903986955110305e-01
-5.60726237857336662351e-01	5.68836154388924319925e-01	-6.01673928002848801277e-01
1.24235611517441182916e-01	8.87523040484870406885e-01	4.43698507366633188020e-01
1.31883041456454019880e-01	2.77438477658421223104e-01	9.51648440597037459376e-01
7.23544094279892857635e-01	1.63677136306022819046e-01	6.70592080689407676886e-01
-1.66815548362029719698e-01	-8.17381717936492391274e-01	5.51416086098205693311e-01
-5.42610212319723839158e-01	-7.70998447369243833371e-01	-3.33369992111706869853e-01
3.72782484416182946507e-01	-9.16491019541389118075e-01	1.45180681953500090309e-01
7.38898323837908654887e-01	3.96592472130010864628e-01	-5.44741845353682974107e-01
6.43329046646248792207e-01	4.91774050315555988355e-01	-5.86758912311915237225e-01
2.89923177556093203400e-01	-4.86070514600130398897e-01	8.24427077401113872490e-01
-1.07222433677934853025e-01	2.52298884135041090460e-01	-9.61690502594464757813e-01
-6.53746145262492417416e-01	-4.52170273074621431597e-01	6.06760267075930559422e-01
7.98789222621871353169e-01	-1.43021173430753739675e-01	-5.84363518517058588841e-01
7.83207982190583296145e-01	-5.15941345229243841786e-01	3.46972311454377013717e-01
-2.70157186261133885896e-01	-7.50386337079187226706e-01	6.03270619072690528206e-01
-1.81537523067185901926e-01	9.69057831284610093903e-01	1.67245470326102652070e-01
-5.61953723840714181037e-01	8.24963222335997947710e-01	-6.03630189318023757661e-02
-1.79856537805097305149e-01	-3.62471851994556504284e-01	-9.14475687112784818567e-01
4.64406804719428523143e-01	4.12698156679479399855e-01	-7.83585701250125277184e-01
8.21173052175032669453e-01	-2.58807894571460805899e-01	-5.08619004844518940445e-01
-8.62088451570141467428e-01	-4.60090733095439907707e-01	-2.12414733455795090578e-01
-2.91574961492099792026e-02	-9.18021581404003805815e-02	9.95350292198215913508e-01
-4.97878727576924889897e-02	9.98644056844575356280e-01	1.52057704596731419616e-02
4.56231157102086171129e-01	4.52382468831934669851e-01	7.66291872058431300374e-01
9.31981705302337704033e-01	-3.32378045344265460326e-01	1.44689101023096733378e-01
-8.27408649005912266716e-01	3.99505790616845046781e-01	3.94702483921523628041e-01
-4.14732068947487098054e-01	5.05054674354612598286e-01	7.56912866120726723906e-01
1.89242729752192334614e-01	2.56476590410299076783e-01	-9.47843313954076616135e-01
-1.68792154784631609488e-01	-5.11990079079426951836e-01	8.42244244508327355447e-01
6.99249497996059621308e-01	-6.92544314392385174095e-01	1.77292166084798974435e-01
-8.82286120137070750680e-01	2.20595726122802232583e-01	4.15822952504822429542e-01
2.01563131119394389756e-01	9.75843178425223611860e-01	8.42757099899089923145e-02
-6.57681089997426471250e-01	-3.48649330477251162552e-01	6.67756863100306574665e-01
6.20666246597009529928e-01	-5.88320575496454001296e-01	5.18316805421839776891e-01
4.13709794918435791455e-01	-7.11993467476656372028e-01	-5.67370697039522364769e-01
8.12132926621272011047e-01	1.34456353658499866421e-01	5.67768965740844233636e-01
-1.91652743893646199114e-01	-1.03510570136943744202e-01	9.75989132945629278559e-01
-1.44050819926166001617e-01	-1.94812996653996900465e-01	9.70204750355969536280e-01
8.88119453262377733793e-01	2.97199334703932338542e-01	3.50594341352616800656e-01
8.67645017770727444706e-01	1.71312224366513866924e-02	4.96888965821802142120e-01
3.45923849067006072833e-01	-1.47003766870522994958e-01	-9.26675014863649115782e-01
-7.81276137130824555044e-01	6.19383307759329926334e-01	7.72781703914365847297e-02
-2.02994466110939880688e-01	-4.73480160576543573914e-01	-8.57093801324420478949e-01
5.67728463757173562598e-01	-8.06197950773203442232e-01	-1.66521036535949962243e-01
-5.70617503881501897389e-01	8.11480750914057358258e-01	1.26074006678623895539e-01
6.75845434235978315130e-01	-3.30626922521348509676e-01	-6.58725122586382050294e-01
8.16007839253472977425e-01	-2.07727102926790863080e-01	5.39426229420224445654e-01
6.12747280741925970382e-01	7.85953868311496384180e-01	8.25668627814473282678e-02
-1.16076033045413307132e-02	9.34915743005528043774e-01	3.54679879646345064259e-01
5.49023943082779311564e-02	-1.09935843415900375009e-01	9.92421199608136683779e-01
3.46250384546178124889e-01	-4.56275752077013985186e-01	8.19709161390903995326e-01
-6.92530049107212386517e-01	-2.52769518159217942976e-01	6.75655016834122990055e-01
7.73776050930482739432e-01	2.80696061645384298266e-01	5.67873528158512996811e-01
7.79261632920277280689e-01	2.21373398069928756238e-01	5.86297813474854878635e-01
1.79028801059814626773e-02	1.39901843293513458016e-02	-9.99741847491812163362e-01
3.23406291694516179192e-01	1.34892835802700228331e-01	9.36596120716665758721e-01
-7.32347248786314297675e-01	-1.62886859345691636936e-01	-6.61162142176647371627e-01
6.53801783293927574192e-01	-7.42788535509617764419e-01	-1.44251238043759694163e-01
-7.81276826187094708409e-01	6.23242811966275733759e-01	-3.42770797383568637251e-02
-7.54013430425102937349e-01	3.54928776598493533889e-01	5.52710874038918498208e-01
1.34041504146734380409e-01	-7.97075271707987753622e-01	-5.88815664191874810207e-01
-9.80771552785676847819e-01	-9.98378197909765979778e-02	1.67688911338098128878e-01
-7.04104440553818933246e-01	3.96193335842016602921e-01	5.89294304593866336006e-01
-9.53213241484663131864e-01	-2.93713333842076373958e-01	7.15331656064109588922e-02
-9.21829879818144792836e-01	1.40127162534995713949e-01	3.61377989083944417548e-01
-2.77252717126107106616e-01	-6.07379706386637296944e-01	7.44460088329705671484e-01
5.28913939365748042576e-01	5.79004449284210020998e-01	-6.20486818920188198945e-01
-3.32358447756397501482e-01	-2.77461070334978965324e-01	9.01417337670807006234e-01
5.96541860475325536051e-01	1.03788786633929874803e-01	7.95842758633697577864e-01
-7.37807370838964415860e-01	6.57758297474304476360e-01	-1.51638733967938865721e-01
-7.32622717637446241312e-01	-6.75635012009722202286e-01	-8.23485527993368660038e-02
-6.94598907807315146812e-01	-4.73754824897242021731e-01	5.41376692478969356870e-01
-2.66805886198007213839e-01	9.58395407720932457352e-01	-1.01453740934099895243e-01
-2.30380459935193904197e-01	-9.71743617940975523695e-01	5.13729955427154119652e-02
4.95927785571523060959e-01	-5.92799930305034639133e-01	6.34542255589390480353e-01
-9.49538818029453834946e-01	-2.11289456935792485659e-01	2.31803361586940287475e-01
8.44164518020494081263e-01	-3.83966420760609106200e-01	-3.74107009080976604665e-01
-6.68487672018733158907e-01	1.24489052413136083719e-01	7.33230324105771158472e-01
3.93889136903766534648e-01	7.88189670985124157809e-01	4.72872488501464516286e-01
-4.68579508024233037933e-01	5.33162250667996939768e-01	-7.04394249779485281948e-01
9.41665063933092155724e-02	6.60642041019726011797e-01	-7.44771617820503051277e-01
8.93541294200945634962e-01	-2.50860344616692376718e-01	-3.72361441420152594617e-01
-6.02953569566962513382e-03	7.15654319769972624421e-01	6.98428621473857091928e-01
-6.36980161603280303773e-01	-6.78193216699300438499e-02	7.67891146798873824864e-01
-8.03786473204741058751e-01	4.97481280447704676817e-02	5.92834234208117427656e-01
4.20901910793576750081e-01	-5.65774864266777366417e-01	-7.09041877785949736790e-01
-1.11462585959993351614e-01	-9.86032893226511997220e-01	-1.23754698522783673775e-01
1.79106493312632203407e-01	7.00730366620504252495e-01	-6.90577886519070149873e-01
9.12340096881486400937e-02	9.92066458249752591847e-01	8.64898716152053548267e-02
3.09599262917884754387e-01	6.68613295913679239746e-01	6.76095079798802567339e-01
6.19174949600198809563e-01	1.73350659546464030969e-01	7.65879840851289794834e-01
3.28486216344063663986e-01	-7.56149594956443404925e-01	5.65981091308859651789e-01
-4.64013699705160542752e-01	-2.03363428411046126554e-01	-8.62168546440215566307e-01
8.34823134305137992683e-01	5.19459743936565354616e-01	1.82296211859444723391e-01
8.67085776996384560711e-01	-4.98046365318168593461e-01	1.05864689078718730852e-02
3.58284156576953116691e-01	3.74836194766664576594e-01	8.55061571022103783513e-01
7.24024073331288708921e-01	6.80301533542969516510e-01	1.13925259252952326694e-01
5.19173856262275301710e-01	3.12533629218717315390e-02	-8.54097028609649311370e-01
-3.73624386968546662313e-01	-3.90727543010403799428e-01	-8.41270946006951292340e-01
-1.24085025773695928342e-01	-7.71644749752951053523e-01	-6.23832739247826562057e-01
-5.15610003389949778096e-01	-1.94523883422804383381e-01	8.34449988424906918816e-01
2.19159214487996661935e-01	-4.42871327921737167888e-01	-8.69387270213822116460e-01
-3.62908051133225717511e-01	-8.96801180224688465614e-01	-2.53071905928512697059e-01
-8.79446424442315022318e-01	-2.48284384218085824036e-01	4.06114332533430377747e-01
3.53317573962074304994e-01	6.09979177319091236953e-01	-7.09289852716559643397e-01
-5.76786865718143637594e-01	-2.00224678428430613586e-01	-7.91976634556393777054e-01
6.16942688112438686332e-01	6.51482886490360346698e-01	4.41533428173661979255e-01
-8.72219322168166777409e-01	9.71200258488982975935e-02	4.79375796860472547234e-01
-5.59468466860993940415e-01	2.01371392310879082643e-01	-8.04017783974326660790e-01
-2.25393448947844743380e-01	-8.06085799747172093710e-01	5.47196012976481349632e-01
-5.03045226234263065379e-01	-6.51094387077649550122e-01	-5.68349891773455628829e-01
-5.37541833459280415930e-01	8.36816376659059835141e-01	1.03861104540812612673e-01
-9.21468741200974911232e-02	3.89993100169150674894e-01	-9.16195577052383192118e-01
7.51442495465699744628e-01	1.48790080649112699263e-01	6.42802993076971085351e-01
-7.00814937057662734610e-01	-5.02980659506938709846e-01	-5.05834834860974469350e-01
-2.98205622000362879920e-01	2.41114640241605254767e-01	9.23545958395432520227e-01
-2.07492504598012494910e-01	-8.91305639267349181232e-01	-4.03139080152080664377e-01
-6.67722137101779633639e-01	6.40134811113204471589e-01	3.79966539612758613664e-01
7.92628038897578046651e-01	4.18653433800852625701e-01	-4.43249471878009948522e-01
-4.80571243999742769848e-01	7.49851469133643977472e-01	-4.54724151193507064583e-01
-4.12225476647290201004e-01	-2.20473218059799497270e-01	8.84003233320597381351e-01
-7.17297977583367885046e-01	-8.45395902739060206565e-02	6.91618875560181645135e-01
6.55004884727356628815e-01	-1.46757264699941825103e-01	7.41236066473490828876e-01
-4.71926250776855196745e-02	9.07343417772515148378e-01	-4.17732903136882272044e-01
-6.94956012181575988329e-01	-6.86040741776801965557e-01	-2.15370011271338673842e-01
-9.57601526561343563415e-01	2.35957044692026524091e-01	1.65298485738948286450e-01
4.97067563319796013044e-01	-4.49992277777322313703e-01	-7.41910228690842221688e-01
-7.39647103898946389755e-01	-2.08438492279006765129e-01	-6.39902771231970590726e-01
7.67358748122302758432e-01	-3.34112636950927410773e-01	-5.47292698206243155568e-01
8.82301379046536021766e-02	8.69198461866293681233e-01	-4.86527981368590156652e-01
7.29903135301525396450e-01	-1.97703525289624482131e-01	6.54335333880922243033e-01
4.06669725651191249494e-01	7.12868473581922845739e-01	-5.71347769411734374145e-01
7.64639051692656557258e-01	-2.93205249356351504986e-01	5.73897031161892945406e-01
-6.43316061566240882108e-01	-3.93884430192613987920e-01	6.56505522126615614908e-01
-3.78211087565512416031e-01	-2.82589656534480981875e-01	8.81532449352964264655e-01
-9.17450336332275684370e-01	3.97132606925251555041e-02	3.95863281056682003722e-01
8.10428972291483584733e-01	4.95002865184427598422e-01	3.13332162935401614678e-01
8.58255258922471009342e-01	5.39488305676483551054e-02	5.10379696120746406685e-01
5.36691035137872640703e-01	-8.05486601034778648689e-01	-2.51304732060656121906e-01
5.81108580317336476107e-01	-8.09888578119658975041e-01	-7.99581697694917298280e-02
-8.31768921708135183790e-02	9.25050901645621870273e-01	3.70624383943402913033e-01
2.05630965833067225201e-01	-5.87628469030600841805e-01	-7.82565453029529067841e-01
7.52006130605274103473e-01	3.19698098990666590424e-01	5.76437251601453426453e-01
6.25764702799746608264e-01	4.31526596815517082817e-01	-6.49771754519048783116e-01
1.85823347392954030255e-01	-9.37602754187495945892e-01	2.93889024809875276656e-01
-4.35556087094579047481e-01	-6.39786933803452750880e-01	6.33216846214024631223e-01
9.39883610225604293475e-01	-2.87996719322874628055e-01	-1.83512094665571529051e-01
7.42054326252307716594e-01	-6.52740130617266989255e-01	-1.52596522804376938387e-01
-9.94993703669232787412e-01	-9.15939666121888540484e-02	3.99759294929881298097e-02
8.95513874143414434492e-01	-6.99715292525367321685e-02	-4.39498448587380297070e-01
9.73182487801925066861e-01	-2.29922662981471903620e-01	-7.17038933143707580414e-03
-7.86165730223570724533e-01	3.21776992070796907797e-01	-5.27639092558455424786e-01
-4.63279761642203913308e-01	7.91373788802208433246e-01	-3.98872647407139901965e-01
1.13428234181922521495e-01	-4.96818956662349209275e-01	8.60409762840534941830e-01
4.01572955142307619347e-01	-2.68070110855926413418e-01	8.75715465984223340179e-01
8.44336508435393429117e-01	-4.32865535433773901408e-02	-5.34061920385141220002e-01
8.10876551505761544725e-01	-4.36832494922141600924e-01	3.89431110208495134817e-01
-2.84666335398975678395e-01	-9.58455965905576801056e-01	1.80897460050066273551e-02
-8.38524629643929292344e-02	4.05283945903015807577e-01	9.10337128567261344436e-01
-6.03274401348366740017e-01	-5.65877646060503614045e-01	-5.61998653349626065001e-01
2.47416465335130036918e-01	7.65712934380569421045e-01	5.93690824253978233216e-01
-6.43542922348455115333e-01	-1.94329004427918727860e-01	7.40330159545904531448e-01
-9.38801023807645518282e-01	5.93988782553511590612e-02	-3.39299883524475376362e-01
7.90186771148254862851e-01	3.95561191192843109032e-01	-4.68119867901795216891e-01
-7.25109131407331908292e-01	-6.88079081765796018999e-01	-2.76391893159651375056e-02
8.39413100531973599416e-01	-5.39970716287538343714e-01	6.17840772952196748413e-02
4.80471662057716131233e-01	3.96899548138113400508e-01	-7.82059927785113795373e-01
-7.90092835396861148389e-01	-5.49830641734891489847e-01	2.70997374275003144461e-01
9.06249775017469727523e-01	-3.80032156011359090186e-01	1.85167237053814659475e-01
6.39210415650093066731e-01	7.48681587672984427684e-01	1.75743918255781922388e-01
-9.93088702126827649330e-01	9.58907048788818355822e-02	6.76742375345605051695e-02
8.47230843778439823843e-01	3.08174176842996028203e-01	-4.32699172725826752828e-01
-4.11113903489746246311e-01	-8.95078370921143062766e-01	-1.72684881407077162052e-01
3.63393924449942562482e-01	-5.90315490413430343786e-01	-7.20744391203164802562e-01
-4.33492465230669143939e-01	8.85593387142862842332e-01	1.66759213349873147703e-01
-4.33607310510268129100e-01	4.31582151001219826991e-01	-7.91025629931933482730e-01
6.49776664475995802128e-01	-3.74028105700695112645e-01	6.61735039459449336796e-01
-5.17335348870260003373e-01	1.37926322535847439843e-01	8.44594853382983679069e-01
-5.16232449937069182155e-01	-7.43474434053695953928e-01	4.25146825861969779314e-01
5.43678006286540393965e-01	-8.09161665348005154641e-01	2.22871318952294811266e-01
9.91044271794556674848e-01	-3.48513391166783287334e-03	-1.33488221146341290435e-01
9.00765135633577879171e-02	8.14241256251685752154e-01	5.73495770099437307543e-01
2.18701160403483196859e-01	-7.84833531930492211970e-01	-5.79832846254572764622e-01
-9.03609790224040421158e-01	-2.83321593082589973100e-02	-4.27418572081510073080e-01
-6.38674012399864876599e-01	-5.75412574358921680151e-01	-5.10877553974233400425e-01
-5.57140194380322251178e-01	-5.91236581894264756620e-01	5.83124436150503799858e-01
-6.69666487199198523506e-01	-7.42411908115171770284e-01	1.92705633305111992404e-02
-8.31395241135480578265e-01	4.95260505592263311492e-01	-2.51990048648298270439e-01
3.15847473769391318132e-01	-7.43761219180357091574e-01	-5.89117664101869054072e-01
9.91062781217861399341e-01	1.23362495982032374653e-01	-5.07568544119945744275e-02
2.31826174938857543228e-01	-8.70565366539972962379e-01	4.34019086209743665261e-01
-8.23607046771278827890e-01	-1.00677777685339281399e-01	5.58153578855348664334e-01
8.02188911737913429301e-02	-9.71060978728005896876e-01	2.24956673807768237072e-01
4.43413083472043445532e-01	-8.78233127367156529708e-01	1.79140758624939111510e-01
6.89967566365734197298e-01	7.22842139059154287217e-01	3.79999916280577346162e-02
-2.33516587024715255305e-01	-8.85982540555364739276e-01	-4.00630679573332371124e-01
-7.25747835966495613569e-01	4.66548029945676512309e-01	5.05591746712460543556e-01
2.59938381548490027306e-01	6.16374424361664896566e-01	7.43313262891748705030e-01
6.73802387789033341292e-01	-7.22453339045615816616e-01	1.55085509031752166731e-01
-6.39789510981732201245e-01	7.54884069133660573492e-01	-1.44289375235887390447e-01
8.41528461542727534983e-01	1.52975298795858166701e-01	5.18100768549756174330e-01
4.84802298043415902384e-01	6.76818628523365939387e-01	5.53970464822424402129e-01
-6.66265595343153882446e-01	-5.02775028108002786098e-01	5.50733535907365956419e-01
-9.11312714192608619435e-01	4.11422215981597949597e-01	-1.55208616929638550802e-02
1.76634342645204417410e-01	5.71267171831388975711e-01	-8.01532362032914336147e-01
-8.62190415091968254124e-01	4.15663026210624841905e-01	-2.89571988916339617681e-01
-4.27240780900849492774e-01	-5.02958390502741048422e-01	-7.51330934115004067664e-01
6.46304693436823285424e-01	7.45320249258882072674e-01	-1.63670306672321547170e-01
-5.32759611464058147057e-01	4.76635729486165837798e-01	-6.99275037284941447524e-01
2.64985733245708676709e-01	-1.25209482462413951298e-01	9.56088461742807815824e-01
1.09373816357155151380e-01	2.24214487870661199898e-01	-9.68382791939411013971e-01
-7.85039713696347840610e-01	3.46929730988715878670e-01	5.13178730731948307131e-01
-1.13402087890534769565e-01	7.68474502674020953918e-01	6.29751463040764569712e-01
9.77442165856807987367e-01	2.04478303557643764643e-01	5.28718808001045759148e-02
-3.90431761183632319856e-01	7.44446179326910151275e-01	5.41629879109907563794e-01
9.17201996509907913069e-02	1.02353375960133385902e-01	9.90510571072083956246e-01
-6.18396667986767067937e-01	1.17977106531883785268e-01	7.76960078354884675633e-01
-2.78840305730154225383e-01	-2.90790937512944658305e-01	9.15253360857340325651e-01
-3.43470092355324607691e-01	-6.58524166433215762950e-01	-6.69607510322922760970e-01
9.82628739265182571394e-01	1.42275256625332441329e-01	-1.19157509718496687490e-01
1.89209935510159271699e-01	-7.68746809234769123975e-01	6.10923844350179878759e-01
-3.98903606241174935043e-01	-3.06474858685250706181e-01	-8.64262155784713881346e-01
-2.53151625597797080847e-01	7.84828587530055243882e-01	5.65648603509962932812e-01
-6.74610730950888082269e-01	7.18674648847817620911e-01	1.68544091529114620220e-01
-8.53014759027379276812e-02	-8.02135017608520350940e-01	5.91018672915664677880e-01
2.57664221734058951352e-01	-8.29369972867640692371e-01	4.95736418819225643784e-01
3.40487771205310429945e-01	1.84876486819792081040e-02	9.40067170209582414486e-01
3.08243553811093584649e-01	-9.49572908583867669741e-01	-5.74212749552049095403e-02
1.31925611636927009318e-01	9.90590986915762305998e-01	-3.64023300830995655275e-02
-3.04735721806354942220e-01	-5.04918297906917667994e-01	-8.07585074338264985450e-01
-1.90735219153077804888e-02	9.00254044719281054654e-01	4.34946957373333997765e-01
-3.97197768942967391337e-02	-2.65861018876897003960e-01	9.63192741856584655480e-01
3.19478233881226036939e-01	9.19585737047511675435e-01	2.28682597271671644856e-01
-2.03875996910013346231e-01	-3.72132895583044243093e-01	9.05511836426740157613e-01
-4.10779928128449101088e-01	7.40266796790720826849e-01	5.32226380608845639486e-01
1.16277902155842507992e-02	-7.28134748315880431235e-01	-6.85335379788371668042e-01
1.51764843547262991835e-02	6.07187118782062440481e-01	-7.94413920514846161325e-01
9.54154954859020465463e-01	2.00544192065371162936e-01	-2.22194394949170703768e-01
1.54485263330591982012e-01	5.54882015031787689807e-01	-8.17459633748321867763e-01
-1.47622087905652149553e-01	9.88871251785980454052e-01	1.84761076421423829641e-02
-4.54980973838393865094e-01	-3.72450856942756980406e-01	8.08871233638378872577e-01
6.51141024245491917277e-01	1.99252965210147348074e-01	-7.32334365163547107436e-01
-8.03322444068639840431e-01	-3.64877003519261111641e-01	-4.70678046182729903357e-01
-8.68898332681945606559e-01	-4.16501409428142066460e-01	2.67473855557708861674e-01
3.98631337680878272689e-01	-3.58692713422002651402e-01	-8.44057221968223414521e-01
-1.05101254918536848870e-01	-3.10314185274787490698e-01	9.44806240787916085111e-01
6.14135302965631457717e-01	-2.03076606912629131774e-01	7.62625544665378685139e-01
-5.32533304129732820709e-02	-9.84670831476886720957e-01	-1.66094661077781147185e-01
-8.87498739370567779616e-01	-3.65541177213354495645e-01	2.80580889187285686948e-01
6.80966872816072266161e-01	-5.74292983849164939691e-01	4.54391556731330248375e-01
7.79357844854505987797e-01	-5.65280233253703134899e-01	-2.70295407945415511186e-01
5.02098926122924504867e-01	-7.55568555103150352181e-01	4.20728923328957615801e-01
-9.70035082998667586018e-01	2.09650484315829332971e-01	1.22795000622607883289e-01
-5.09549631589322427061e-01	-3.78137060137800962156e-01	-7.72898141217538969805e-01
-6.67214851653537444065e-01	-3.51060884980082199558e-01	6.56947940684761921837e-01
-3.76687792764423046155e-01	-4.42527255235670713418e-01	-8.13803376225394337062e-01
6.32995843639908017941e-01	6.07344238496275057315e-01	-4.80051286739220040012e-01
3.43995876456862414994e-01	-8.32571039153640723995e-01	4.34157001260260522191e-01
-5.66978338537501902472e-01	-3.97899326455823820758e-01	7.21257020510203128438e-01
8.87294650633030035358e-01	2.29841508412001821471e-01	3.99851327331677997012e-01
8.75904710099733863071e-02	-9.47637926864891899648e-01	3.07099770360481694187e-01
5.37586212545156816311e-01	2.97056131675286425042e-02	8.42685374637352158089e-01
