# x y z potential pseudo_potential
-1.5000000000e+00 -1.5000000000e+00 0.0000000000e+00 3.5309091468e-07 -3.6070635017e-07
-1.4696969697e+00 -1.5000000000e+00 0.0000000000e+00 3.5669601187e-07 -3.6415915420e-07
-1.4393939394e+00 -1.5000000000e+00 0.0000000000e+00 3.6033765933e-07 -3.6765161651e-07
-1.4090909091e+00 -1.5000000000e+00 0.0000000000e+00 3.6401461656e-07 -3.7118249661e-07
-1.3787878788e+00 -1.5000000000e+00 0.0000000000e+00 3.6772546552e-07 -3.7475037648e-07
-1.3484848485e+00 -1.5000000000e+00 0.0000000000e+00 3.7146859716e-07 -3.7835364705e-07
-1.3181818182e+00 -1.5000000000e+00 0.0000000000e+00 3.7524219806e-07 -3.8199049490e-07
-1.2878787879e+00 -1.5000000000e+00 0.0000000000e+00 3.7904423761e-07 -3.8565888942e-07
-1.2575757576e+00 -1.5000000000e+00 0.0000000000e+00 3.8287245619e-07 -3.8935657099e-07
-1.2272727273e+00 -1.5000000000e+00 0.0000000000e+00 3.8672435472e-07 -3.9308104055e-07
-1.1969696970e+00 -1.5000000000e+00 0.0000000000e+00 3.9059718626e-07 -3.9682955113e-07
-1.1666666667e+00 -1.5000000000e+00 0.0000000000e+00 3.9448794983e-07 -4.0059910177e-07
-1.1363636364e+00 -1.5000000000e+00 0.0000000000e+00 3.9839338710e-07 -4.0438643413e-07
-1.1060606061e+00 -1.5000000000e+00 0.0000000000e+00 4.0230998184e-07 -4.0818803198e-07
-1.0757575758e+00 -1.5000000000e+00 0.0000000000e+00 4.0623396229e-07 -4.1200012358e-07
-1.0454545455e+00 -1.5000000000e+00 0.0000000000e+00 4.1016130638e-07 -4.1581868684e-07
-1.0151515152e+00 -1.5000000000e+00 0.0000000000e+00 4.1408774966e-07 -4.1963945730e-07
-9.8484848485e-01 -1.5000000000e+00 0.0000000000e+00 4.1800879621e-07 -4.2345793906e-07
-9.5454545455e-01 -1.5000000000e+00 0.0000000000e+00 4.2191973262e-07 -4.2726941871e-07
-9.2424242424e-01 -1.5000000000e+00 0.0000000000e+00 4.2581564397e-07 -4.3106898132e-07
-8.9393939394e-01 -1.5000000000e+00 0.0000000000e+00 4.2969142772e-07 -4.3485152435e-07
-8.6363636364e-01 -1.5000000000e+00 0.0000000000e+00 4.3354179671e-07 -4.3861176065e-07
-8.3333333333e-01 -1.5000000000e+00 0.0000000000e+00 4.3736125814e-07 -4.4234419741e-07
-8.0303030303e-01 -1.5000000000e+00 0.0000000000e+00 4.4114405782e-07 -4.4604308045e-07
-7.7272727273e-01 -1.5000000000e+00 0.0000000000e+00 4.4488409313e-07 -4.4970230714e-07
-7.4242424242e-01 -1.5000000000e+00 0.0000000000e+00 4.4857482438e-07 -4.5331533779e-07
-7.1212121212e-01 -1.5000000000e+00 0.0000000000e+00 4.5220923161e-07 -4.5687515245e-07
-6.8181818182e-01 -1.5000000000e+00 0.0000000000e+00 4.5577984208e-07 -4.6037427837e-07
-6.5151515152e-01 -1.5000000000e+00 0.0000000000e+00 4.5927882882e-07 -4.6380488858e-07
-6.2121212121e-01 -1.5000000000e+00 0.0000000000e+00 4.6269837106e-07 -4.6715916232e-07
-5.9090909091e-01 -1.5000000000e+00 0.0000000000e+00 4.6603244589e-07 -4.7043107667e-07
-5.6060606061e-01 -1.5000000000e+00 0.0000000000e+00 4.6927933949e-07 -4.7361891782e-07
-5.3030303030e-01 -1.5000000000e+00 0.0000000000e+00 4.7242827931e-07 -4.7671191322e-07
-5.0000000000e-01 -1.5000000000e+00 0.0000000000e+00 4.7545120741e-07 -4.7968200491e-07
-4.6969696970e-01 -1.5000000000e+00 0.0000000000e+00 4.7830792031e-07 -4.8248898942e-07
-4.3939393939e-01 -1.5000000000e+00 0.0000000000e+00 4.8097418356e-07 -4.8510863232e-07
-4.0909090909e-01 -1.5000000000e+00 0.0000000000e+00 4.8345035227e-07 -4.8754128870e-07
-3.7878787879e-01 -1.5000000000e+00 0.0000000000e+00 4.8573960316e-07 -4.8979013528e-07
-3.4848484848e-01 -1.5000000000e+00 0.0000000000e+00 4.8784336638e-07 -4.9185660221e-07
-3.1818181818e-01 -1.5000000000e+00 0.0000000000e+00 4.8976100664e-07 -4.9374005420e-07
-2.8787878788e-01 -1.5000000000e+00 0.0000000000e+00 4.9149061237e-07 -4.9543857969e-07
-2.5757575758e-01 -1.5000000000e+00 0.0000000000e+00 4.9302940387e-07 -4.9694939898e-07
-2.2727272727e-01 -1.5000000000e+00 0.0000000000e+00 4.9437397428e-07 -4.9826910520e-07
-1.9696969697e-01 -1.5000000000e+00 0.0000000000e+00 4.9552086406e-07 -4.9939423881e-07
-1.6666666667e-01 -1.5000000000e+00 0.0000000000e+00 4.9646772520e-07 -5.0032245181e-07
-1.3636363636e-01 -1.5000000000e+00 0.0000000000e+00 4.9721451963e-07 -5.0105370612e-07
-1.0606060606e-01 -1.5000000000e+00 0.0000000000e+00 4.9776342387e-07 -5.0159017826e-07
-7.5757575758e-02 -1.5000000000e+00 0.0000000000e+00 4.9811750160e-07 -5.0193493192e-07
-4.5454545455e-02 -1.5000000000e+00 0.0000000000e+00 4.9827955178e-07 -5.0209076606e-07
-1.5151515152e-02 -1.5000000000e+00 0.0000000000e+00 4.9825185261e-07 -5.0205995886e-07
1.5151515152e-02 -1.5000000000e+00 0.0000000000e+00 4.9803699935e-07 -5.0184510560e-07
4.5454545455e-02 -1.5000000000e+00 0.0000000000e+00 4.9763942411e-07 -5.0145063839e-07
7.5757575758e-02 -1.5000000000e+00 0.0000000000e+00 4.9706563709e-07 -5.0088306741e-07
1.0606060606e-01 -1.5000000000e+00 0.0000000000e+00 4.9632255005e-07 -5.0014930445e-07
1.3636363636e-01 -1.5000000000e+00 0.0000000000e+00 4.9541591250e-07 -4.9925509899e-07
1.6666666667e-01 -1.5000000000e+00 0.0000000000e+00 4.9434981187e-07 -4.9820453848e-07
1.9696969697e-01 -1.5000000000e+00 0.0000000000e+00 4.9312670030e-07 -4.9700007505e-07
2.2727272727e-01 -1.5000000000e+00 0.0000000000e+00 4.9174743842e-07 -4.9564256934e-07
2.5757575758e-01 -1.5000000000e+00 0.0000000000e+00 4.9021070152e-07 -4.9413069663e-07
2.8787878788e-01 -1.5000000000e+00 0.0000000000e+00 4.8850954971e-07 -4.9245751703e-07
3.1818181818e-01 -1.5000000000e+00 0.0000000000e+00 4.8663262369e-07 -4.9061167125e-07
3.4848484848e-01 -1.5000000000e+00 0.0000000000e+00 4.8457642750e-07 -4.8858966333e-07
3.7878787879e-01 -1.5000000000e+00 0.0000000000e+00 4.8233975397e-07 -4.8639028609e-07
4.0909090909e-01 -1.5000000000e+00 0.0000000000e+00 4.7991478249e-07 -4.8400571891e-07
4.3939393939e-01 -1.5000000000e+00 0.0000000000e+00 4.7733665325e-07 -4.8147110201e-07
4.6969696970e-01 -1.5000000000e+00 0.0000000000e+00 4.7464389091e-07 -4.7882496002e-07
5.0000000000e-01 -1.5000000000e+00 0.0000000000e+00 4.7185125009e-07 -4.7608204758e-07
5.3030303030e-01 -1.5000000000e+00 0.0000000000e+00 4.6896812758e-07 -4.7325176148e-07
5.6060606061e-01 -1.5000000000e+00 0.0000000000e+00 4.6600123842e-07 -4.7034081675e-07
5.9090909091e-01 -1.5000000000e+00 0.0000000000e+00 4.6295542368e-07 -4.6735405447e-07
6.2121212121e-01 -1.5000000000e+00 0.0000000000e+00 4.5983400980e-07 -4.6429480106e-07
6.5151515152e-01 -1.5000000000e+00 0.0000000000e+00 4.5663933249e-07 -4.6116539225e-07
6.8181818182e-01 -1.5000000000e+00 0.0000000000e+00 4.5337336775e-07 -4.5796780404e-07
7.1212121212e-01 -1.5000000000e+00 0.0000000000e+00 4.5003824654e-07 -4.5470416738e-07
7.4242424242e-01 -1.5000000000e+00 0.0000000000e+00 4.4663655467e-07 -4.5137706808e-07
7.7272727273e-01 -1.5000000000e+00 0.0000000000e+00 4.4317140922e-07 -4.4798962323e-07
8.0303030303e-01 -1.5000000000e+00 0.0000000000e+00 4.3964641182e-07 -4.4454543445e-07
8.3333333333e-01 -1.5000000000e+00 0.0000000000e+00 4.3606560973e-07 -4.4104854900e-07
8.6363636364e-01 -1.5000000000e+00 0.0000000000e+00 4.3243351619e-07 -4.3750348013e-07
8.9393939394e-01 -1.5000000000e+00 0.0000000000e+00 4.2875514569e-07 -4.3391524233e-07
9.2424242424e-01 -1.5000000000e+00 0.0000000000e+00 4.2503599201e-07 -4.3028932937e-07
9.5454545455e-01 -1.5000000000e+00 0.0000000000e+00 4.2128191606e-07 -4.2663160215e-07
9.8484848485e-01 -1.5000000000e+00 0.0000000000e+00 4.1749896664e-07 -4.2294810950e-07
1.0151515152e+00 -1.5000000000e+00 0.0000000000e+00 4.1369318509e-07 -4.1924489273e-07
1.0454545455e+00 -1.5000000000e+00 0.0000000000e+00 4.0987043817e-07 -4.1552781863e-07
1.0757575758e+00 -1.5000000000e+00 0.0000000000e+00 4.0603630188e-07 -4.1180246317e-07
1.1060606061e+00 -1.5000000000e+00 0.0000000000e+00 4.0219599736e-07 -4.0807404751e-07
1.1363636364e+00 -1.5000000000e+00 0.0000000000e+00 3.9835436781e-07 -4.0434741484e-07
1.1666666667e+00 -1.5000000000e+00 0.0000000000e+00 3.9451588159e-07 -4.0062703353e-07
1.1969696970e+00 -1.5000000000e+00 0.0000000000e+00 3.9068464881e-07 -3.9691701368e-07
1.2272727273e+00 -1.5000000000e+00 0.0000000000e+00 3.8686444337e-07 -3.9322112920e-07
1.2575757576e+00 -1.5000000000e+00 0.0000000000e+00 3.8305872594e-07 -3.8954284074e-07
1.2878787879e+00 -1.5000000000e+00 0.0000000000e+00 3.7927066583e-07 -3.8588531764e-07
1.3181818182e+00 -1.5000000000e+00 0.0000000000e+00 3.7550316122e-07 -3.8225145806e-07
1.3484848485e+00 -1.5000000000e+00 0.0000000000e+00 3.7175885748e-07 -3.7864390736e-07
1.3787878788e+00 -1.5000000000e+00 0.0000000000e+00 3.6804016366e-07 -3.7506507462e-07
1.4090909091e+00 -1.5000000000e+00 0.0000000000e+00 3.6434926741e-07 -3.7151714746e-07
1.4393939394e+00 -1.5000000000e+00 0.0000000000e+00 3.6068814840e-07 -3.6800210558e-07
1.4696969697e+00 -1.5000000000e+00 0.0000000000e+00 3.5705859067e-07 -3.6452173299e-07
1.5000000000e+00 -1.5000000000e+00 0.0000000000e+00 3.5346219387e-07 -3.6107762936e-07
-1.5000000000e+00 -1.4696969697e+00 0.0000000000e+00 3.5667906125e-07 -3.6414220357e-07
-1.4696969697e+00 -1.4696969697e+00 0.0000000000e+00 3.6039604529e-07 -3.6770689445e-07
-1.4393939394e+00 -1.4696969697e+00 0.0000000000e+00 3.6415314876e-07 -3.7131481277e-07
-1.4090909091e+00 -1.4696969697e+00 0.0000000000e+00 3.6794919786e-07 -3.7496478475e-07
-1.3787878788e+00 -1.4696969697e+00 0.0000000000e+00 3.7178283236e-07 -3.7865545015e-07
-1.3484848485e+00 -1.4696969697e+00 0.0000000000e+00 3.7565249004e-07 -3.8238524676e-07
-1.3181818182e+00 -1.4696969697e+00 0.0000000000e+00 3.7955639103e-07 -3.8615239469e-07
-1.2878787879e+00 -1.4696969697e+00 0.0000000000e+00 3.8349252266e-07 -3.8995488130e-07
-1.2575757576e+00 -1.4696969697e+00 0.0000000000e+00 3.8745862522e-07 -3.9379044685e-07
-1.2272727273e+00 -1.4696969697e+00 0.0000000000e+00 3.9145217930e-07 -3.9765657196e-07
-1.1969696970e+00 -1.4696969697e+00 0.0000000000e+00 3.9547039529e-07 -4.0155046699e-07
-1.1666666667e+00 -1.4696969697e+00 0.0000000000e+00 3.9951020562e-07 -4.0546906439e-07
-1.1363636364e+00 -1.4696969697e+00 0.0000000000e+00 4.0356826018e-07 -4.0940901405e-07
-1.1060606061e+00 -1.4696969697e+00 0.0000000000e+00 4.0764092509e-07 -4.1336668207e-07
-1.0757575758e+00 -1.4696969697e+00 0.0000000000e+00 4.1172428457e-07 -4.1733815269e-07
-1.0454545455e+00 -1.4696969697e+00 0.0000000000e+00 4.1581414599e-07 -4.2131923327e-07
-1.0151515152e+00 -1.4696969697e+00 0.0000000000e+00 4.1990604776e-07 -4.2530546224e-07
-9.8484848485e-01 -1.4696969697e+00 0.0000000000e+00 4.2399527152e-07 -4.2929212121e-07
-9.5454545455e-01 -1.4696969697e+00 0.0000000000e+00 4.2807686046e-07 -4.3327425338e-07
-9.2424242424e-01 -1.4696969697e+00 0.0000000000e+00 4.3214564618e-07 -4.3724669037e-07
-8.9393939394e-01 -1.4696969697e+00 0.0000000000e+00 4.3619628203e-07 -4.4120408550e-07
-8.6363636364e-01 -1.4696969697e+00 0.0000000000e+00 4.4022327063e-07 -4.4514094140e-07
-8.3333333333e-01 -1.4696969697e+00 0.0000000000e+00 4.4422096146e-07 -4.4905160756e-07
-8.0303030303e-01 -1.4696969697e+00 0.0000000000e+00 4.4818349128e-07 -4.5293022074e-07
-7.7272727273e-01 -1.4696969697e+00 0.0000000000e+00 4.5210466126e-07 -4.5677058210e-07
-7.4242424242e-01 -1.4696969697e+00 0.0000000000e+00 4.5597779763e-07 -4.6056601787e-07
-7.1212121212e-01 -1.4696969697e+00 0.0000000000e+00 4.5979568593e-07 -4.6430931360e-07
-6.8181818182e-01 -1.4696969697e+00 0.0000000000e+00 4.6355058197e-07 -4.6799272509e-07
-6.5151515152e-01 -1.4696969697e+00 0.0000000000e+00 4.6723408382e-07 -4.7160785042e-07
-6.2121212121e-01 -1.4696969697e+00 0.0000000000e+00 4.7083616253e-07 -4.7514466062e-07
-5.9090909091e-01 -1.4696969697e+00 0.0000000000e+00 4.7434473155e-07 -4.7859106916e-07
-5.6060606061e-01 -1.4696969697e+00 0.0000000000e+00 4.7777332948e-07 -4.8196061464e-07
-5.3030303030e-01 -1.4696969697e+00 0.0000000000e+00 4.8103588528e-07 -4.8516722601e-07
-5.0000000000e-01 -1.4696969697e+00 0.0000000000e+00 4.8409106804e-07 -4.8816957237e-07
-4.6969696970e-01 -1.4696969697e+00 0.0000000000e+00 4.8695020514e-07 -4.9097898109e-07
-4.3939393939e-01 -1.4696969697e+00 0.0000000000e+00 4.8961699604e-07 -4.9359915163e-07
-4.0909090909e-01 -1.4696969697e+00 0.0000000000e+00 4.9209356820e-07 -4.9603221146e-07
-3.7878787879e-01 -1.4696969697e+00 0.0000000000e+00 4.9438165114e-07 -4.9827989008e-07
-3.4848484848e-01 -1.4696969697e+00 0.0000000000e+00 4.9648216234e-07 -5.0034310499e-07
-3.1818181818e-01 -1.4696969697e+00 0.0000000000e+00 4.9839500625e-07 -5.0222176064e-07
-2.8787878788e-01 -1.4696969697e+00 0.0000000000e+00 5.0011921169e-07 -5.0391488585e-07
-2.5757575758e-01 -1.4696969697e+00 0.0000000000e+00 5.0165314720e-07 -5.0542084914e-07
-2.2727272727e-01 -1.4696969697e+00 0.0000000000e+00 5.0299480149e-07 -5.0673763924e-07
-1.9696969697e-01 -1.4696969697e+00 0.0000000000e+00 5.0414223599e-07 -5.0786331757e-07
-1.6666666667e-01 -1.4696969697e+00 0.0000000000e+00 5.0509420097e-07 -5.0879663441e-07
-1.3636363636e-01 -1.4696969697e+00 0.0000000000e+00 5.0585063577e-07 -5.0953752909e-07
-1.0606060606e-01 -1.4696969697e+00 0.0000000000e+00 5.0641268213e-07 -5.1008714336e-07
-7.5757575758e-02 -1.4696969697e+00 0.0000000000e+00 5.0678224163e-07 -5.1044737879e-07
-4.5454545455e-02 -1.4696969697e+00 0.0000000000e+00 5.0696151745e-07 -5.1062043855e-07
-1.5151515152e-02 -1.4696969697e+00 0.0000000000e+00 5.0695291177e-07 -5.1060872485e-07
1.5151515152e-02 -1.4696969697e+00 0.0000000000e+00 5.0675934799e-07 -5.1041516107e-07
4.5454545455e-02 -1.4696969697e+00 0.0000000000e+00 5.0638470488e-07 -5.1004362598e-07
7.5757575758e-02 -1.4696969697e+00 0.0000000000e+00 5.0583378997e-07 -5.0949892712e-07
1.0606060606e-01 -1.4696969697e+00 0.0000000000e+00 5.0511169197e-07 -5.0878615319e-07
1.3636363636e-01 -1.4696969697e+00 0.0000000000e+00 5.0422296942e-07 -5.0790986274e-07
1.6666666667e-01 -1.4696969697e+00 0.0000000000e+00 5.0317106487e-07 -5.0687349830e-07
1.9696969697e-01 -1.4696969697e+00 0.0000000000e+00 5.0195794284e-07 -5.0567902443e-07
2.2727272727e-01 -1.4696969697e+00 0.0000000000e+00 5.0058374378e-07 -5.0432658153e-07
2.5757575758e-01 -1.4696969697e+00 0.0000000000e+00 4.9904625881e-07 -5.0281396075e-07
2.8787878788e-01 -1.4696969697e+00 0.0000000000e+00 4.9734069278e-07 -5.0113636694e-07
3.1818181818e-01 -1.4696969697e+00 0.0000000000e+00 4.9546141381e-07 -4.9928816821e-07
3.4848484848e-01 -1.4696969697e+00 0.0000000000e+00 4.9340439021e-07 -4.9726533287e-07
3.7878787879e-01 -1.4696969697e+00 0.0000000000e+00 4.9116622958e-07 -4.9506446852e-07
4.0909090909e-01 -1.4696969697e+00 0.0000000000e+00 4.8874223419e-07 -4.9268087744e-07
4.3939393939e-01 -1.4696969697e+00 0.0000000000e+00 4.8612844101e-07 -4.9011059660e-07
4.6969696970e-01 -1.4696969697e+00 0.0000000000e+00 4.8332597038e-07 -4.8735474633e-07
5.0000000000e-01 -1.4696969697e+00 0.0000000000e+00 4.8037491436e-07 -4.8445341869e-07
5.3030303030e-01 -1.4696969697e+00 0.0000000000e+00 4.7733828868e-07 -4.8146962942e-07
5.6060606061e-01 -1.4696969697e+00 0.0000000000e+00 4.7422218378e-07 -4.7840946894e-07
5.9090909091e-01 -1.4696969697e+00 0.0000000000e+00 4.7103066941e-07 -4.7527700703e-07
6.2121212121e-01 -1.4696969697e+00 0.0000000000e+00 4.6776580104e-07 -4.7207429913e-07
6.5151515152e-01 -1.4696969697e+00 0.0000000000e+00 4.6442827207e-07 -4.6880203866e-07
6.8181818182e-01 -1.4696969697e+00 0.0000000000e+00 4.6101849255e-07 -4.6546063567e-07
7.1212121212e-01 -1.4696969697e+00 0.0000000000e+00 4.5753743816e-07 -4.6205106583e-07
7.4242424242e-01 -1.4696969697e+00 0.0000000000e+00 4.5398712519e-07 -4.5857534543e-07
7.7272727273e-01 -1.4696969697e+00 0.0000000000e+00 4.5037053201e-07 -4.5503645285e-07
8.0303030303e-01 -1.4696969697e+00 0.0000000000e+00 4.4669127174e-07 -4.5143800120e-07
8.3333333333e-01 -1.4696969697e+00 0.0000000000e+00 4.4295341489e-07 -4.4778406100e-07
8.6363636364e-01 -1.4696969697e+00 0.0000000000e+00 4.3916156893e-07 -4.4407923970e-07
8.9393939394e-01 -1.4696969697e+00 0.0000000000e+00 4.3532104598e-07 -4.4032884945e-07
9.2424242424e-01 -1.4696969697e+00 0.0000000000e+00 4.3143790343e-07 -4.3653894761e-07
9.5454545455e-01 -1.4696969697e+00 0.0000000000e+00 4.2751877747e-07 -4.3271617039e-07
9.8484848485e-01 -1.4696969697e+00 0.0000000000e+00 4.2357058215e-07 -4.2886743184e-07
1.0151515152e+00 -1.4696969697e+00 0.0000000000e+00 4.1960019452e-07 -4.2499960899e-07
1.0454545455e+00 -1.4696969697e+00 0.0000000000e+00 4.1561420888e-07 -4.2111929616e-07
1.0757575758e+00 -1.4696969697e+00 0.0000000000e+00 4.1161878895e-07 -4.1723265707e-07
1.1060606061e+00 -1.4696969697e+00 0.0000000000e+00 4.0761960738e-07 -4.1334536436e-07
1.1363636364e+00 -1.4696969697e+00 0.0000000000e+00 4.0362184451e-07 -4.0946259837e-07
1.1666666667e+00 -1.4696969697e+00 0.0000000000e+00 3.9963021736e-07 -4.0558907613e-07
1.1969696970e+00 -1.4696969697e+00 0.0000000000e+00 3.9564901877e-07 -4.0172909047e-07
1.2272727273e+00 -1.4696969697e+00 0.0000000000e+00 3.9168215632e-07 -3.9788654898e-07
1.2575757576e+00 -1.4696969697e+00 0.0000000000e+00 3.8773318714e-07 -3.9406500877e-07
1.2878787879e+00 -1.4696969697e+00 0.0000000000e+00 3.8380534819e-07 -3.9026770683e-07
1.3181818182e+00 -1.4696969697e+00 0.0000000000e+00 3.7990158242e-07 -3.8649758609e-07
1.3484848485e+00 -1.4696969697e+00 0.0000000000e+00 3.7602456144e-07 -3.8275731816e-07
1.3787878788e+00 -1.4696969697e+00 0.0000000000e+00 3.7217670528e-07 -3.7904932307e-07
1.4090909091e+00 -1.4696969697e+00 0.0000000000e+00 3.6836019968e-07 -3.7537578656e-07
1.4393939394e+00 -1.4696969697e+00 0.0000000000e+00 3.6457701128e-07 -3.7173867529e-07
1.4696969697e+00 -1.4696969697e+00 0.0000000000e+00 3.6082890132e-07 -3.6813975048e-07
1.5000000000e+00 -1.4696969697e+00 0.0000000000e+00 3.5711743792e-07 -3.6458058025e-07
-1.5000000000e+00 -1.4393939394e+00 0.0000000000e+00 3.6030118345e-07 -3.6761514063e-07
-1.4696969697e+00 -1.4393939394e+00 0.0000000000e+00 3.6413339514e-07 -3.7129505915e-07
-1.4393939394e+00 -1.4393939394e+00 0.0000000000e+00 3.6800953454e-07 -3.7502201340e-07
-1.4090909091e+00 -1.4393939394e+00 0.0000000000e+00 3.7192850988e-07 -3.7879491163e-07
-1.3787878788e+00 -1.4393939394e+00 0.0000000000e+00 3.7588903425e-07 -3.8261246690e-07
-1.3484848485e+00 -1.4393939394e+00 0.0000000000e+00 3.7988960758e-07 -3.8647317915e-07
-1.3181818182e+00 -1.4393939394e+00 0.0000000000e+00 3.8392849840e-07 -3.9037531692e-07
-1.2878787879e+00 -1.4393939394e+00 0.0000000000e+00 3.8800372587e-07 -3.9431689937e-07
-1.2575757576e+00 -1.4393939394e+00 0.0000000000e+00 3.9211304276e-07 -3.9829567925e-07
-1.2272727273e+00 -1.4393939394e+00 0.0000000000e+00 3.9625392000e-07 -4.0230912751e-07
-1.1969696970e+00 -1.4393939394e+00 0.0000000000e+00 4.0042353376e-07 -4.0635442032e-07
-1.1666666667e+00 -1.4393939394e+00 0.0000000000e+00 4.0461875567e-07 -4.1042842929e-07
-1.1363636364e+00 -1.4393939394e+00 0.0000000000e+00 4.0883614675e-07 -4.1452771547e-07
-1.1060606061e+00 -1.4393939394e+00 0.0000000000e+00 4.1307195517e-07 -4.1864852700e-07
-1.0757575758e+00 -1.4393939394e+00 0.0000000000e+00 4.1732211722e-07 -4.2278680020e-07
-1.0454545455e+00 -1.4393939394e+00 0.0000000000e+00 4.2158226084e-07 -4.2693816298e-07
-1.0151515152e+00 -1.4393939394e+00 0.0000000000e+00 4.2584771085e-07 -4.3109794018e-07
-9.8484848485e-01 -1.4393939394e+00 0.0000000000e+00 4.3011349770e-07 -4.3526116224e-07
-9.5454545455e-01 -1.4393939394e+00 0.0000000000e+00 4.3437437497e-07 -4.3942258275e-07
-9.2424242424e-01 -1.4393939394e+00 0.0000000000e+00 4.3862485561e-07 -4.4357671464e-07
-8.9393939394e-01 -1.4393939394e+00 0.0000000000e+00 4.4285927359e-07 -4.4771789191e-07
-8.6363636364e-01 -1.4393939394e+00 0.0000000000e+00 4.4707185835e-07 -4.5184034398e-07
-8.3333333333e-01 -1.4393939394e+00 0.0000000000e+00 4.5125677671e-07 -4.5593823767e-07
-8.0303030303e-01 -1.4393939394e+00 0.0000000000e+00 4.5540808325e-07 -4.6000562757e-07
-7.7272727273e-01 -1.4393939394e+00 0.0000000000e+00 4.5951955623e-07 -4.6403629192e-07
-7.4242424242e-01 -1.4393939394e+00 0.0000000000e+00 4.6358450975e-07 -4.6802354485e-07
-7.1212121212e-01 -1.4393939394e+00 0.0000000000e+00 4.6759579795e-07 -4.7196024048e-07
-6.8181818182e-01 -1.4393939394e+00 0.0000000000e+00 4.7154598521e-07 -4.7583894319e-07
-6.5151515152e-01 -1.4393939394e+00 0.0000000000e+00 4.7542747847e-07 -4.7965205991e-07
-6.2121212121e-01 -1.4393939394e+00 0.0000000000e+00 4.7921590877e-07 -4.8337522172e-07
-5.9090909091e-01 -1.4393939394e+00 0.0000000000e+00 4.8282410128e-07 -4.8692125375e-07
-5.6060606061e-01 -1.4393939394e+00 0.0000000000e+00 4.8625813682e-07 -4.9029623684e-07
-5.3030303030e-01 -1.4393939394e+00 0.0000000000e+00 4.8950566269e-07 -4.9348781827e-07
-5.0000000000e-01 -1.4393939394e+00 0.0000000000e+00 4.9255774208e-07 -4.9648706126e-07
-4.6969696970e-01 -1.4393939394e+00 0.0000000000e+00 4.9541542569e-07 -4.9929501649e-07
-4.3939393939e-01 -1.4393939394e+00 0.0000000000e+00 4.9808100772e-07 -5.0191397816e-07
-4.0909090909e-01 -1.4393939394e+00 0.0000000000e+00 5.0055634014e-07 -5.0434579825e-07
-3.7878787879e-01 -1.4393939394e+00 0.0000000000e+00 5.0284272599e-07 -5.0659177979e-07
-3.4848484848e-01 -1.4393939394e+00 0.0000000000e+00 5.0494087071e-07 -5.0865262822e-07
-3.1818181818e-01 -1.4393939394e+00 0.0000000000e+00 5.0685086224e-07 -5.1052843149e-07
-2.8787878788e-01 -1.4393939394e+00 0.0000000000e+00 5.0857222639e-07 -5.1221871540e-07
-2.5757575758e-01 -1.4393939394e+00 0.0000000000e+00 5.1010405343e-07 -5.1372257022e-07
-2.2727272727e-01 -1.4393939394e+00 0.0000000000e+00 5.1144520714e-07 -5.1503885974e-07
-1.9696969697e-01 -1.4393939394e+00 0.0000000000e+00 5.1259462647e-07 -5.1616652290e-07
-1.6666666667e-01 -1.4393939394e+00 0.0000000000e+00 5.1355167160e-07 -5.1710491989e-07
-1.3636363636e-01 -1.4393939394e+00 0.0000000000e+00 5.1431638644e-07 -5.1785409461e-07
-1.0606060606e-01 -1.4393939394e+00 0.0000000000e+00 5.1488955522e-07 -5.1841483130e-07
-7.5757575758e-02 -1.4393939394e+00 0.0000000000e+00 5.1527256987e-07 -5.1878852188e-07
-4.5454545455e-02 -1.4393939394e+00 0.0000000000e+00 5.1546726366e-07 -5.1897699962e-07
-1.5151515152e-02 -1.4393939394e+00 0.0000000000e+00 5.1547586108e-07 -5.1898248902e-07
1.5151515152e-02 -1.4393939394e+00 0.0000000000e+00 5.1530106456e-07 -5.1880769250e-07
4.5454545455e-02 -1.4393939394e+00 0.0000000000e+00 5.1494614265e-07 -5.1845587861e-07
7.5757575758e-02 -1.4393939394e+00 0.0000000000e+00 5.1441482750e-07 -5.1793077951e-07
1.0606060606e-01 -1.4393939394e+00 0.0000000000e+00 5.1371096129e-07 -5.1723623737e-07
1.3636363636e-01 -1.4393939394e+00 0.0000000000e+00 5.1283801362e-07 -5.1637572179e-07
1.6666666667e-01 -1.4393939394e+00 0.0000000000e+00 5.1179862255e-07 -5.1535187084e-07
1.9696969697e-01 -1.4393939394e+00 0.0000000000e+00 5.1059422589e-07 -5.1416612233e-07
2.2727272727e-01 -1.4393939394e+00 0.0000000000e+00 5.0922478857e-07 -5.1281844118e-07
2.5757575758e-01 -1.4393939394e+00 0.0000000000e+00 5.0768868913e-07 -5.1130720593e-07
2.8787878788e-01 -1.4393939394e+00 0.0000000000e+00 5.0598301086e-07 -5.0962949987e-07
3.1818181818e-01 -1.4393939394e+00 0.0000000000e+00 5.0410440696e-07 -5.0778197621e-07
3.4848484848e-01 -1.4393939394e+00 0.0000000000e+00 5.0204992639e-07 -5.0576168390e-07
3.7878787879e-01 -1.4393939394e+00 0.0000000000e+00 4.9981705858e-07 -5.0356611238e-07
4.0909090909e-01 -1.4393939394e+00 0.0000000000e+00 4.9740360714e-07 -5.0119306525e-07
4.3939393939e-01 -1.4393939394e+00 0.0000000000e+00 4.9480841404e-07 -4.9864138448e-07
4.6969696970e-01 -1.4393939394e+00 0.0000000000e+00 4.9203239236e-07 -4.9591198316e-07
5.0000000000e-01 -1.4393939394e+00 0.0000000000e+00 4.8907811534e-07 -4.9300743453e-07
5.3030303030e-01 -1.4393939394e+00 0.0000000000e+00 4.8594882948e-07 -4.8993098507e-07
5.6060606061e-01 -1.4393939394e+00 0.0000000000e+00 4.8267837188e-07 -4.8671647190e-07
5.9090909091e-01 -1.4393939394e+00 0.0000000000e+00 4.7933650746e-07 -4.8343365993e-07
6.2121212121e-01 -1.4393939394e+00 0.0000000000e+00 4.7592550422e-07 -4.8008481717e-07
6.5151515152e-01 -1.4393939394e+00 0.0000000000e+00 4.7244323839e-07 -4.7666781984e-07
6.8181818182e-01 -1.4393939394e+00 0.0000000000e+00 4.6888730797e-07 -4.7318026594e-07
7.1212121212e-01 -1.4393939394e+00 0.0000000000e+00 4.6525666214e-07 -4.6962110467e-07
7.4242424242e-01 -1.4393939394e+00 0.0000000000e+00 4.6155279975e-07 -4.6599183485e-07
7.7272727273e-01 -1.4393939394e+00 0.0000000000e+00 4.5777903963e-07 -4.6229577532e-07
8.0303030303e-01 -1.4393939394e+00 0.0000000000e+00 4.5393929512e-07 -4.5853683944e-07
8.3333333333e-01 -1.4393939394e+00 0.0000000000e+00 4.5003757466e-07 -4.5471903562e-07
8.6363636364e-01 -1.4393939394e+00 0.0000000000e+00 4.4607833474e-07 -4.5084682037e-07
8.9393939394e-01 -1.4393939394e+00 0.0000000000e+00 4.4206707598e-07 -4.4692569430e-07
9.2424242424e-01 -1.4393939394e+00 0.0000000000e+00 4.3801056897e-07 -4.4296242800e-07
9.5454545455e-01 -1.4393939394e+00 0.0000000000e+00 4.3391654879e-07 -4.3896475656e-07
9.8484848485e-01 -1.4393939394e+00 0.0000000000e+00 4.2979314786e-07 -4.3494081240e-07
1.0151515152e+00 -1.4393939394e+00 0.0000000000e+00 4.2564836672e-07 -4.3089859604e-07
1.0454545455e+00 -1.4393939394e+00 0.0000000000e+00 4.2148971563e-07 -4.2684561777e-07
1.0757575758e+00 -1.4393939394e+00 0.0000000000e+00 4.1732404183e-07 -4.2278872480e-07
1.1060606061e+00 -1.4393939394e+00 0.0000000000e+00 4.1315749955e-07 -4.1873407138e-07
1.1363636364e+00 -1.4393939394e+00 0.0000000000e+00 4.0899559977e-07 -4.1468716849e-07
1.1666666667e+00 -1.4393939394e+00 0.0000000000e+00 4.0484328625e-07 -4.1065295988e-07
1.1969696970e+00 -1.4393939394e+00 0.0000000000e+00 4.0070500857e-07 -4.0663589512e-07
1.2272727273e+00 -1.4393939394e+00 0.0000000000e+00 3.9658478259e-07 -4.0263999010e-07
1.2575757576e+00 -1.4393939394e+00 0.0000000000e+00 3.9248623857e-07 -3.9866887506e-07
1.2878787879e+00 -1.4393939394e+00 0.0000000000e+00 3.8841265984e-07 -3.9472583334e-07
1.3181818182e+00 -1.4393939394e+00 0.0000000000e+00 3.8436701480e-07 -3.9081383332e-07
1.3484848485e+00 -1.4393939394e+00 0.0000000000e+00 3.8035198379e-07 -3.8693555535e-07
1.3787878788e+00 -1.4393939394e+00 0.0000000000e+00 3.7636998188e-07 -3.8309341452e-07
1.4090909091e+00 -1.4393939394e+00 0.0000000000e+00 3.7242317838e-07 -3.7928958012e-07
1.4393939394e+00 -1.4393939394e+00 0.0000000000e+00 3.6851351355e-07 -3.7552599241e-07
1.4696969697e+00 -1.4393939394e+00 0.0000000000e+00 3.6464271329e-07 -3.7180437730e-07
1.5000000000e+00 -1.4393939394e+00 0.0000000000e+00 3.6081230225e-07 -3.6812625943e-07
-1.5000000000e+00 -1.4090909091e+00 0.0000000000e+00 3.6395586803e-07 -3.7112374808e-07
-1.4696969697e+00 -1.4090909091e+00 0.0000000000e+00 3.6790667678e-07 -3.7492226367e-07
-1.4393939394e+00 -1.4090909091e+00 0.0000000000e+00 3.7190547224e-07 -3.7877187398e-07
-1.4090909091e+00 -1.4090909091e+00 0.0000000000e+00 3.7595126204e-07 -3.8267158666e-07
-1.3787878788e+00 -1.4090909091e+00 0.0000000000e+00 3.8004285035e-07 -3.8662020587e-07
-1.3484848485e+00 -1.4090909091e+00 0.0000000000e+00 3.8417881709e-07 -3.9061631154e-07
-1.3181818182e+00 -1.4090909091e+00 0.0000000000e+00 3.8835749666e-07 -3.9465823805e-07
-1.2878787879e+00 -1.4090909091e+00 0.0000000000e+00 3.9257695674e-07 -3.9874405311e-07
-1.2575757576e+00 -1.4090909091e+00 0.0000000000e+00 3.9683497797e-07 -4.0287153734e-07
-1.2272727273e+00 -1.4090909091e+00 0.0000000000e+00 4.0112903531e-07 -4.0703816569e-07
-1.1969696970e+00 -1.4090909091e+00 0.0000000000e+00 4.0545628223e-07 -4.1124109167e-07
-1.1666666667e+00 -1.4090909091e+00 0.0000000000e+00 4.0981353877e-07 -4.1547713527e-07
-1.1363636364e+00 -1.4090909091e+00 0.0000000000e+00 4.1419728396e-07 -4.1974277555e-07
-1.1060606061e+00 -1.4090909091e+00 0.0000000000e+00 4.1860365286e-07 -4.2403414757e-07
-1.0757575758e+00 -1.4090909091e+00 0.0000000000e+00 4.2302843695e-07 -4.2834704280e-07
-1.0454545455e+00 -1.4090909091e+00 0.0000000000e+00 4.2746708539e-07 -4.3267691041e-07
-1.0151515152e+00 -1.4090909091e+00 0.0000000000e+00 4.3191470428e-07 -4.3701885649e-07
-9.8484848485e-01 -1.4090909091e+00 0.0000000000e+00 4.3636605343e-07 -4.4136764084e-07
-9.5454545455e-01 -1.4090909091e+00 0.0000000000e+00 4.4081554883e-07 -4.4571767948e-07
-9.2424242424e-01 -1.4090909091e+00 0.0000000000e+00 4.4525729488e-07 -4.5006307679e-07
-8.9393939394e-01 -1.4090909091e+00 0.0000000000e+00 4.4968518069e-07 -4.5439772189e-07
-8.6363636364e-01 -1.4090909091e+00 0.0000000000e+00 4.5409303972e-07 -4.5871544823e-07
-8.3333333333e-01 -1.4090909091e+00 0.0000000000e+00 4.5847477524e-07 -4.6301015908e-07
-8.0303030303e-01 -1.4090909091e+00 0.0000000000e+00 4.6282430533e-07 -4.6727577252e-07
-7.7272727273e-01 -1.4090909091e+00 0.0000000000e+00 4.6713529625e-07 -4.7150595482e-07
-7.4242424242e-01 -1.4090909091e+00 0.0000000000e+00 4.7140096894e-07 -4.7569392692e-07
-7.1212121212e-01 -1.4090909091e+00 0.0000000000e+00 4.7561464839e-07 -4.7983301379e-07
-6.8181818182e-01 -1.4090909091e+00 0.0000000000e+00 4.7976247765e-07 -4.8390935850e-07
-6.5151515152e-01 -1.4090909091e+00 0.0000000000e+00 4.8374832752e-07 -4.8782683185e-07
-6.2121212121e-01 -1.4090909091e+00 0.0000000000e+00 4.8754305787e-07 -4.9155629369e-07
-5.9090909091e-01 -1.4090909091e+00 0.0000000000e+00 4.9114964420e-07 -4.9510071955e-07
-5.6060606061e-01 -1.4090909091e+00 0.0000000000e+00 4.9457174488e-07 -4.9846376778e-07
-5.3030303030e-01 -1.4090909091e+00 0.0000000000e+00 4.9780694290e-07 -5.0164302137e-07
-5.0000000000e-01 -1.4090909091e+00 0.0000000000e+00 5.0085168859e-07 -5.0463493065e-07
-4.6969696970e-01 -1.4090909091e+00 0.0000000000e+00 5.0370513148e-07 -5.0743864515e-07
-4.3939393939e-01 -1.4090909091e+00 0.0000000000e+00 5.0636798328e-07 -5.1005487660e-07
-4.0909090909e-01 -1.4090909091e+00 0.0000000000e+00 5.0884128021e-07 -5.1248466120e-07
-3.7878787879e-01 -1.4090909091e+00 0.0000000000e+00 5.1112588142e-07 -5.1472885809e-07
-3.4848484848e-01 -1.4090909091e+00 0.0000000000e+00 5.1322230678e-07 -5.1678798717e-07
-3.1818181818e-01 -1.4090909091e+00 0.0000000000e+00 5.1513070009e-07 -5.1866219222e-07
-2.8787878788e-01 -1.4090909091e+00 0.0000000000e+00 5.1685085571e-07 -5.2035126759e-07
-2.5757575758e-01 -1.4090909091e+00 0.0000000000e+00 5.1838230028e-07 -5.2185473995e-07
-2.2727272727e-01 -1.4090909091e+00 0.0000000000e+00 5.1972443391e-07 -5.2317200939e-07
-1.9696969697e-01 -1.4090909091e+00 0.0000000000e+00 5.2087672268e-07 -5.2430254199e-07
-1.6666666667e-01 -1.4090909091e+00 0.0000000000e+00 5.2183890561e-07 -5.2524607678e-07
-1.3636363636e-01 -1.4090909091e+00 0.0000000000e+00 5.2261115508e-07 -5.2600278613e-07
-1.0606060606e-01 -1.4090909091e+00 0.0000000000e+00 5.2319414264e-07 -5.2657334159e-07
-7.5757575758e-02 -1.4090909091e+00 0.0000000000e+00 5.2358901617e-07 -5.2695889105e-07
-4.5454545455e-02 -1.4090909091e+00 0.0000000000e+00 5.2379734452e-07 -5.2716100336e-07
-1.5151515152e-02 -1.4090909091e+00 0.0000000000e+00 5.2382108601e-07 -5.2718163683e-07
1.5151515152e-02 -1.4090909091e+00 0.0000000000e+00 5.2366258625e-07 -5.2702313706e-07
4.5454545455e-02 -1.4090909091e+00 0.0000000000e+00 5.2332455232e-07 -5.2668821116e-07
7.5757575758e-02 -1.4090909091e+00 0.0000000000e+00 5.2280993343e-07 -5.2617980832e-07
1.0606060606e-01 -1.4090909091e+00 0.0000000000e+00 5.2212168402e-07 -5.2550088298e-07
1.3636363636e-01 -1.4090909091e+00 0.0000000000e+00 5.2126245039e-07 -5.2465408144e-07
1.6666666667e-01 -1.4090909091e+00 0.0000000000e+00 5.2023425227e-07 -5.2364142345e-07
1.9696969697e-01 -1.4090909091e+00 0.0000000000e+00 5.1903822255e-07 -5.2246404186e-07
2.2727272727e-01 -1.4090909091e+00 0.0000000000e+00 5.1767445805e-07 -5.2112203353e-07
2.5757575758e-01 -1.4090909091e+00 0.0000000000e+00 5.1614204461e-07 -5.1961448429e-07
2.8787878788e-01 -1.4090909091e+00 0.0000000000e+00 5.1443932048e-07 -5.1793973236e-07
3.1818181818e-01 -1.4090909091e+00 0.0000000000e+00 5.1256433687e-07 -5.1609582899e-07
3.4848484848e-01 -1.4090909091e+00 0.0000000000e+00 5.1051529055e-07 -5.1408097094e-07
3.7878787879e-01 -1.4090909091e+00 0.0000000000e+00 5.0829075347e-07 -5.1189373015e-07
4.0909090909e-01 -1.4090909091e+00 0.0000000000e+00 5.0588984457e-07 -5.0953322556e-07
4.3939393939e-01 -1.4090909091e+00 0.0000000000e+00 5.0331256188e-07 -5.0699945520e-07
4.6969696970e-01 -1.4090909091e+00 0.0000000000e+00 5.0056013459e-07 -5.0429364826e-07
5.0000000000e-01 -1.4090909091e+00 0.0000000000e+00 4.9763503693e-07 -5.0141827899e-07
5.3030303030e-01 -1.4090909091e+00 0.0000000000e+00 4.9454076428e-07 -4.9837684275e-07
5.6060606061e-01 -1.4090909091e+00 0.0000000000e+00 4.9128199021e-07 -4.9517401310e-07
5.9090909091e-01 -1.4090909091e+00 0.0000000000e+00 4.8786629835e-07 -4.9181737370e-07
6.2121212121e-01 -1.4090909091e+00 0.0000000000e+00 4.8431573033e-07 -4.8832896616e-07
6.5151515152e-01 -1.4090909091e+00 0.0000000000e+00 4.8069083132e-07 -4.8476933564e-07
6.8181818182e-01 -1.4090909091e+00 0.0000000000e+00 4.7698933318e-07 -4.8113621404e-07
7.1212121212e-01 -1.4090909091e+00 0.0000000000e+00 4.7320607515e-07 -4.7742444055e-07
7.4242424242e-01 -1.4090909091e+00 0.0000000000e+00 4.6934299241e-07 -4.7363595038e-07
7.7272727273e-01 -1.4090909091e+00 0.0000000000e+00 4.6540567936e-07 -4.6977633794e-07
8.0303030303e-01 -1.4090909091e+00 0.0000000000e+00 4.6139920264e-07 -4.6585066983e-07
8.3333333333e-01 -1.4090909091e+00 0.0000000000e+00 4.5732709873e-07 -4.6186248257e-07
8.6363636364e-01 -1.4090909091e+00 0.0000000000e+00 4.5319281194e-07 -4.5781522044e-07
8.9393939394e-01 -1.4090909091e+00 0.0000000000e+00 4.4900160460e-07 -4.5371414580e-07
9.2424242424e-01 -1.4090909091e+00 0.0000000000e+00 4.4476124383e-07 -4.4956702575e-07
9.5454545455e-01 -1.4090909091e+00 0.0000000000e+00 4.4048118486e-07 -4.4538331552e-07
9.8484848485e-01 -1.4090909091e+00 0.0000000000e+00 4.3617136333e-07 -4.4117295075e-07
1.0151515152e+00 -1.4090909091e+00 0.0000000000e+00 4.3184131688e-07 -4.3694546908e-07
1.0454545455e+00 -1.4090909091e+00 0.0000000000e+00 4.2749969899e-07 -4.3270952401e-07
1.0757575758e+00 -1.4090909091e+00 0.0000000000e+00 4.2315411671e-07 -4.2847272256e-07
1.1060606061e+00 -1.4090909091e+00 0.0000000000e+00 4.1881119231e-07 -4.2424168703e-07
1.1363636364e+00 -1.4090909091e+00 0.0000000000e+00 4.1447671864e-07 -4.2002221024e-07
1.1666666667e+00 -1.4090909091e+00 0.0000000000e+00 4.1015581331e-07 -4.1581940981e-07
1.1969696970e+00 -1.4090909091e+00 0.0000000000e+00 4.0585303687e-07 -4.1163784630e-07
1.2272727273e+00 -1.4090909091e+00 0.0000000000e+00 4.0157247587e-07 -4.0748160626e-07
1.2575757576e+00 -1.4090909091e+00 0.0000000000e+00 3.9731780232e-07 -4.0335436169e-07
1.2878787879e+00 -1.4090909091e+00 0.0000000000e+00 3.9309231902e-07 -3.9925941539e-07
1.3181818182e+00 -1.4090909091e+00 0.0000000000e+00 3.8889899633e-07 -3.9519973773e-07
1.3484848485e+00 -1.4090909091e+00 0.0000000000e+00 3.8474050265e-07 -3.9117799709e-07
1.3787878788e+00 -1.4090909091e+00 0.0000000000e+00 3.8061922990e-07 -3.8719658542e-07
1.4090909091e+00 -1.4090909091e+00 0.0000000000e+00 3.7653731477e-07 -3.8325763939e-07
1.4393939394e+00 -1.4090909091e+00 0.0000000000e+00 3.7249665650e-07 -3.7936305824e-07
1.4696969697e+00 -1.4090909091e+00 0.0000000000e+00 3.6849893222e-07 -3.7551451910e-07
1.5000000000e+00 -1.4090909091e+00 0.0000000000e+00 3.6454561043e-07 -3.7171349049e-07
-1.5000000000e+00 -1.3787878788e+00 0.0000000000e+00 3.6764153871e-07 -3.7466644967e-07
-1.4696969697e+00 -1.3787878788e+00 0.0000000000e+00 3.7171433172e-07 -3.7858694951e-07
-1.4393939394e+00 -1.3787878788e+00 0.0000000000e+00 3.7583943236e-07 -3.8256286500e-07
-1.4090909091e+00 -1.3787878788e+00 0.0000000000e+00 3.8001596737e-07 -3.8659332289e-07
-1.3787878788e+00 -1.3787878788e+00 0.0000000000e+00 3.8424285229e-07 -3.9067723872e-07
-1.3484848485e+00 -1.3787878788e+00 0.0000000000e+00 3.8851876759e-07 -3.9481329294e-07
-1.3181818182e+00 -1.3787878788e+00 0.0000000000e+00 3.9284213396e-07 -3.9899990626e-07
-1.2878787879e+00 -1.3787878788e+00 0.0000000000e+00 3.9721108738e-07 -4.0323521465e-07
-1.2575757576e+00 -1.3787878788e+00 0.0000000000e+00 4.0162345496e-07 -4.0751704523e-07
-1.2272727273e+00 -1.3787878788e+00 0.0000000000e+00 4.0607673272e-07 -4.1184289401e-07
-1.1969696970e+00 -1.3787878788e+00 0.0000000000e+00 4.1056806659e-07 -4.1620990693e-07
-1.1666666667e+00 -1.3787878788e+00 0.0000000000e+00 4.1509423824e-07 -4.2061486564e-07
-1.1363636364e+00 -1.3787878788e+00 0.0000000000e+00 4.1965165667e-07 -4.2505417917e-07
-1.1060606061e+00 -1.3787878788e+00 0.0000000000e+00 4.2423635603e-07 -4.2952388164e-07
-1.0757575758e+00 -1.3787878788e+00 0.0000000000e+00 4.2884399758e-07 -4.3401963434e-07
-1.0454545455e+00 -1.3787878788e+00 0.0000000000e+00 4.3346987091e-07 -4.3853672683e-07
-1.0151515152e+00 -1.3787878788e+00 0.0000000000e+00 4.3810888602e-07 -4.4307006913e-07
-9.8484848485e-01 -1.3787878788e+00 0.0000000000e+00 4.4275554783e-07 -4.4761416615e-07
-9.5454545455e-01 -1.3787878788e+00 0.0000000000e+00 4.4740391524e-07 -4.5216307679e-07
-9.2424242424e-01 -1.3787878788e+00 0.0000000000e+00 4.5204758454e-07 -4.5671039735e-07
-8.9393939394e-01 -1.3787878788e+00 0.0000000000e+00 4.5667980852e-07 -4.6124938062e-07
-8.6363636364e-01 -1.3787878788e+00 0.0000000000e+00 4.6129383719e-07 -4.6577327660e-07
-8.3333333333e-01 -1.3787878788e+00 0.0000000000e+00 4.6588321495e-07 -4.7027562969e-07
-8.0303030303e-01 -1.3787878788e+00 0.0000000000e+00 4.7044147939e-07 -4.7474997748e-07
-7.7272727273e-01 -1.3787878788e+00 0.0000000000e+00 4.7496125738e-07 -4.7918894685e-07
-7.4242424242e-01 -1.3787878788e+00 0.0000000000e+00 4.7943221650e-07 -4.8358220537e-07
-7.1212121212e-01 -1.3787878788e+00 0.0000000000e+00 4.8377131317e-07 -4.8784670948e-07
-6.8181818182e-01 -1.3787878788e+00 0.0000000000e+00 4.8793098533e-07 -4.9193489708e-07
-6.5151515152e-01 -1.3787878788e+00 0.0000000000e+00 4.9190550278e-07 -4.9584103801e-07
-6.2121212121e-01 -1.3787878788e+00 0.0000000000e+00 4.9569263722e-07 -4.9956290395e-07
-5.9090909091e-01 -1.3787878788e+00 0.0000000000e+00 4.9929271777e-07 -5.0310082402e-07
-5.6060606061e-01 -1.3787878788e+00 0.0000000000e+00 5.0270637176e-07 -5.0645542555e-07
-5.3030303030e-01 -1.3787878788e+00 0.0000000000e+00 5.0593281044e-07 -5.0962591981e-07
-5.0000000000e-01 -1.3787878788e+00 0.0000000000e+00 5.0897069530e-07 -5.1261096826e-07
-4.6969696970e-01 -1.3787878788e+00 0.0000000000e+00 5.1181938733e-07 -5.1540993191e-07
-4.3939393939e-01 -1.3787878788e+00 0.0000000000e+00 5.1447901960e-07 -5.1802294382e-07
-4.0909090909e-01 -1.3787878788e+00 0.0000000000e+00 5.1695007391e-07 -5.2045048580e-07
-3.7878787879e-01 -1.3787878788e+00 0.0000000000e+00 5.1923304865e-07 -5.2269305622e-07
-3.4848484848e-01 -1.3787878788e+00 0.0000000000e+00 5.2132829386e-07 -5.2475100515e-07
-3.1818181818e-01 -1.3787878788e+00 0.0000000000e+00 5.2323595299e-07 -5.2662447602e-07
-2.8787878788e-01 -1.3787878788e+00 0.0000000000e+00 5.2495596684e-07 -5.2831340963e-07
-2.5757575758e-01 -1.3787878788e+00 0.0000000000e+00 5.2648812416e-07 -5.2981759473e-07
-2.2727272727e-01 -1.3787878788e+00 0.0000000000e+00 5.2783215362e-07 -5.3113676000e-07
-1.9696969697e-01 -1.3787878788e+00 0.0000000000e+00 5.2898784660e-07 -5.3227069681e-07
-1.6666666667e-01 -1.3787878788e+00 0.0000000000e+00 5.2995518699e-07 -5.3321938906e-07
-1.3636363636e-01 -1.3787878788e+00 0.0000000000e+00 5.3073445712e-07 -5.3398311908e-07
-1.0606060606e-01 -1.3787878788e+00 0.0000000000e+00 5.3132629700e-07 -5.3456252686e-07
-7.5757575758e-02 -1.3787878788e+00 0.0000000000e+00 5.3173171627e-07 -5.3495862206e-07
-4.5454545455e-02 -1.3787878788e+00 0.0000000000e+00 5.3195207836e-07 -5.3517276809e-07
-1.5151515152e-02 -1.3787878788e+00 0.0000000000e+00 5.3198907634e-07 -5.3520665806e-07
1.5151515152e-02 -1.3787878788e+00 0.0000000000e+00 5.3184470208e-07 -5.3506228379e-07
4.5454545455e-02 -1.3787878788e+00 0.0000000000e+00 5.3152118793e-07 -5.3474187766e-07
7.5757575758e-02 -1.3787878788e+00 0.0000000000e+00 5.3102089610e-07 -5.3424780189e-07
1.0606060606e-01 -1.3787878788e+00 0.0000000000e+00 5.3034614826e-07 -5.3358237812e-07
1.3636363636e-01 -1.3787878788e+00 0.0000000000e+00 5.2949901572e-07 -5.3274767768e-07
1.6666666667e-01 -1.3787878788e+00 0.0000000000e+00 5.2848111052e-07 -5.3174531259e-07
1.9696969697e-01 -1.3787878788e+00 0.0000000000e+00 5.2729342272e-07 -5.3057627294e-07
2.2727272727e-01 -1.3787878788e+00 0.0000000000e+00 5.2593624742e-07 -5.2924085381e-07
2.5757575758e-01 -1.3787878788e+00 0.0000000000e+00 5.2440923553e-07 -5.2773870610e-07
2.8787878788e-01 -1.3787878788e+00 0.0000000000e+00 5.2271157813e-07 -5.2606902092e-07
3.1818181818e-01 -1.3787878788e+00 0.0000000000e+00 5.2084228134e-07 -5.2423080437e-07
3.4848484848e-01 -1.3787878788e+00 0.0000000000e+00 5.1880044214e-07 -5.2222315343e-07
3.7878787879e-01 -1.3787878788e+00 0.0000000000e+00 5.1658546560e-07 -5.2004547318e-07
4.0909090909e-01 -1.3787878788e+00 0.0000000000e+00 5.1419725000e-07 -5.1769766189e-07
4.3939393939e-01 -1.3787878788e+00 0.0000000000e+00 5.1163638537e-07 -5.1518030959e-07
4.6969696970e-01 -1.3787878788e+00 0.0000000000e+00 5.0890433023e-07 -5.1249487481e-07
5.0000000000e-01 -1.3787878788e+00 0.0000000000e+00 5.0600348965e-07 -5.0964376261e-07
5.3030303030e-01 -1.3787878788e+00 0.0000000000e+00 5.0293723218e-07 -5.0663034155e-07
5.6060606061e-01 -1.3787878788e+00 0.0000000000e+00 4.9971003695e-07 -5.0345909075e-07
5.9090909091e-01 -1.3787878788e+00 0.0000000000e+00 4.9632786515e-07 -5.0013597140e-07
6.2121212121e-01 -1.3787878788e+00 0.0000000000e+00 4.9279829706e-07 -4.9666856379e-07
6.5151515152e-01 -1.3787878788e+00 0.0000000000e+00 4.8913099961e-07 -4.9306653484e-07
6.8181818182e-01 -1.3787878788e+00 0.0000000000e+00 4.8533207835e-07 -4.8933599011e-07
7.1212121212e-01 -1.3787878788e+00 0.0000000000e+00 4.8140209889e-07 -4.8547749519e-07
7.4242424242e-01 -1.3787878788e+00 0.0000000000e+00 4.7736931092e-07 -4.8151929979e-07
7.7272727273e-01 -1.3787878788e+00 0.0000000000e+00 4.7325932072e-07 -4.7748701019e-07
8.0303030303e-01 -1.3787878788e+00 0.0000000000e+00 4.6907982791e-07 -4.7338832600e-07
8.3333333333e-01 -1.3787878788e+00 0.0000000000e+00 4.6483215786e-07 -4.6922457260e-07
8.6363636364e-01 -1.3787878788e+00 0.0000000000e+00 4.6051581179e-07 -4.6499525119e-07
8.9393939394e-01 -1.3787878788e+00 0.0000000000e+00 4.5613454013e-07 -4.6070411222e-07
9.2424242424e-01 -1.3787878788e+00 0.0000000000e+00 4.5169805872e-07 -4.5636087153e-07
9.5454545455e-01 -1.3787878788e+00 0.0000000000e+00 4.4721892351e-07 -4.5197808506e-07
9.8484848485e-01 -1.3787878788e+00 0.0000000000e+00 4.4270979390e-07 -4.4756841222e-07
1.0151515152e+00 -1.3787878788e+00 0.0000000000e+00 4.3818228822e-07 -4.4314347133e-07
1.0454545455e+00 -1.3787878788e+00 0.0000000000e+00 4.3364643947e-07 -4.3871329539e-07
1.0757575758e+00 -1.3787878788e+00 0.0000000000e+00 4.2911061241e-07 -4.3428624916e-07
1.1060606061e+00 -1.3787878788e+00 0.0000000000e+00 4.2458178545e-07 -4.2986931106e-07
1.1363636364e+00 -1.3787878788e+00 0.0000000000e+00 4.2006591101e-07 -4.2546843350e-07
1.1666666667e+00 -1.3787878788e+00 0.0000000000e+00 4.1556818572e-07 -4.2108881313e-07
1.1969696970e+00 -1.3787878788e+00 0.0000000000e+00 4.1109321445e-07 -4.1673505478e-07
1.2272727273e+00 -1.3787878788e+00 0.0000000000e+00 4.0664510626e-07 -4.1241126756e-07
1.2575757576e+00 -1.3787878788e+00 0.0000000000e+00 4.0222753716e-07 -4.0812112743e-07
1.2878787879e+00 -1.3787878788e+00 0.0000000000e+00 3.9784379779e-07 -4.0386792506e-07
1.3181818182e+00 -1.3787878788e+00 0.0000000000e+00 3.9349683324e-07 -3.9965460554e-07
1.3484848485e+00 -1.3787878788e+00 0.0000000000e+00 3.8918927656e-07 -3.9548380191e-07
1.3787878788e+00 -1.3787878788e+00 0.0000000000e+00 3.8492347637e-07 -3.9135786279e-07
1.4090909091e+00 -1.3787878788e+00 0.0000000000e+00 3.8070151929e-07 -3.8727887481e-07
1.4393939394e+00 -1.3787878788e+00 0.0000000000e+00 3.7652524820e-07 -3.8324868085e-07
1.4696969697e+00 -1.3787878788e+00 0.0000000000e+00 3.7239627745e-07 -3.7926889524e-07
1.5000000000e+00 -1.3787878788e+00 0.0000000000e+00 3.6831600624e-07 -3.7534091720e-07
-1.5000000000e+00 -1.3484848485e+00 0.0000000000e+00 3.7135644904e-07 -3.7824149893e-07
-1.4696969697e+00 -1.3484848485e+00 0.0000000000e+00 3.7555461886e-07 -3.8228737557e-07
-1.4393939394e+00 -1.3484848485e+00 0.0000000000e+00 3.7980968994e-07 -3.8639326151e-07
-1.4090909091e+00 -1.3484848485e+00 0.0000000000e+00 3.8412093029e-07 -3.9055842473e-07
-1.3787878788e+00 -1.3484848485e+00 0.0000000000e+00 3.8848738987e-07 -3.9478191522e-07
-1.3484848485e+00 -1.3484848485e+00 0.0000000000e+00 3.9290787332e-07 -3.9906253760e-07
-1.3181818182e+00 -1.3484848485e+00 0.0000000000e+00 3.9738091121e-07 -4.0339882244e-07
-1.2878787879e+00 -1.3484848485e+00 0.0000000000e+00 4.0190473091e-07 -4.0778899710e-07
-1.2575757576e+00 -1.3484848485e+00 0.0000000000e+00 4.0647722804e-07 -4.1223095724e-07
-1.2272727273e+00 -1.3484848485e+00 0.0000000000e+00 4.1109594017e-07 -4.1672224039e-07
-1.1969696970e+00 -1.3484848485e+00 0.0000000000e+00 4.1575802442e-07 -4.2126000368e-07
-1.1666666667e+00 -1.3484848485e+00 0.0000000000e+00 4.2046024136e-07 -4.2584100769e-07
-1.1363636364e+00 -1.3484848485e+00 0.0000000000e+00 4.2519894711e-07 -4.3046160853e-07
-1.1060606061e+00 -1.3484848485e+00 0.0000000000e+00 4.2997009504e-07 -4.3511775958e-07
-1.0757575758e+00 -1.3484848485e+00 0.0000000000e+00 4.3476924517e-07 -4.3980502085e-07
-1.0454545455e+00 -1.3484848485e+00 0.0000000000e+00 4.3959157390e-07 -4.4451856874e-07
-1.0151515152e+00 -1.3484848485e+00 0.0000000000e+00 4.4443186731e-07 -4.4925318934e-07
-9.8484848485e-01 -1.3484848485e+00 0.0000000000e+00 4.4928447194e-07 -4.5400322918e-07
-9.5454545455e-01 -1.3484848485e+00 0.0000000000e+00 4.5414317412e-07 -4.5876247460e-07
-9.2424242424e-01 -1.3484848485e+00 0.0000000000e+00 4.5900101505e-07 -4.6352396679e-07
-8.9393939394e-01 -1.3484848485e+00 0.0000000000e+00 4.6385030964e-07 -4.6828002067e-07
-8.6363636364e-01 -1.3484848485e+00 0.0000000000e+00 4.6868352022e-07 -4.7302309855e-07
-8.3333333333e-01 -1.3484848485e+00 0.0000000000e+00 4.7349433497e-07 -4.7774688864e-07
-8.0303030303e-01 -1.3484848485e+00 0.0000000000e+00 4.7827377140e-07 -4.8244240842e-07
-7.7272727273e-01 -1.3484848485e+00 0.0000000000e+00 4.8293823470e-07 -4.8702606310e-07
-7.4242424242e-01 -1.3484848485e+00 0.0000000000e+00 4.8743885535e-07 -4.9144898315e-07
-7.1212121212e-01 -1.3484848485e+00 0.0000000000e+00 4.9176718516e-07 -4.9570272039e-07
-6.8181818182e-01 -1.3484848485e+00 0.0000000000e+00 4.9591628324e-07 -4.9978033392e-07
-6.5151515152e-01 -1.3484848485e+00 0.0000000000e+00 4.9988173672e-07 -5.0367741087e-07
-6.2121212121e-01 -1.3484848485e+00 0.0000000000e+00 5.0366142905e-07 -5.0739183470e-07
-5.9090909091e-01 -1.3484848485e+00 0.0000000000e+00 5.0725474517e-07 -5.1092299035e-07
-5.6060606061e-01 -1.3484848485e+00 0.0000000000e+00 5.1066151600e-07 -5.1427070872e-07
-5.3030303030e-01 -1.3484848485e+00 0.0000000000e+00 5.1388133469e-07 -5.1743458298e-07
-5.0000000000e-01 -1.3484848485e+00 0.0000000000e+00 5.1691364800e-07 -5.2041405989e-07
-4.6969696970e-01 -1.3484848485e+00 0.0000000000e+00 5.1975812123e-07 -5.2320880474e-07
-4.3939393939e-01 -1.3484848485e+00 0.0000000000e+00 5.2241475362e-07 -5.2581881676e-07
-4.0909090909e-01 -1.3484848485e+00 0.0000000000e+00 5.2488376238e-07 -5.2824431319e-07
-3.7878787879e-01 -1.3484848485e+00 0.0000000000e+00 5.2716542493e-07 -5.3048557143e-07
-3.4848484848e-01 -1.3484848485e+00 0.0000000000e+00 5.2925996988e-07 -5.3254282010e-07
-3.1818181818e-01 -1.3484848485e+00 0.0000000000e+00 5.3116752608e-07 -5.3441618803e-07
-2.8787878788e-01 -1.3484848485e+00 0.0000000000e+00 5.3288811687e-07 -5.3610569858e-07
-2.5757575758e-01 -1.3484848485e+00 0.0000000000e+00 5.3442169029e-07 -5.3761129978e-07
-2.2727272727e-01 -1.3484848485e+00 0.0000000000e+00 5.3576817834e-07 -5.3893292364e-07
-1.9696969697e-01 -1.3484848485e+00 0.0000000000e+00 5.3692757618e-07 -5.4007056532e-07
-1.6666666667e-01 -1.3484848485e+00 0.0000000000e+00 5.3790002635e-07 -5.4102436735e-07
-1.3636363636e-01 -1.3484848485e+00 0.0000000000e+00 5.3868589089e-07 -5.4179469177e-07
-1.0606060606e-01 -1.3484848485e+00 0.0000000000e+00 nan nan
-7.5757575758e-02 -1.3484848485e+00 0.0000000000e+00 nan nan
-4.5454545455e-02 -1.3484848485e+00 0.0000000000e+00 nan nan
-1.5151515152e-02 -1.3484848485e+00 0.0000000000e+00 nan nan
1.5151515152e-02 -1.3484848485e+00 0.0000000000e+00 nan nan
4.5454545455e-02 -1.3484848485e+00 0.0000000000e+00 nan nan
7.5757575758e-02 -1.3484848485e+00 0.0000000000e+00 nan nan
1.0606060606e-01 -1.3484848485e+00 0.0000000000e+00 nan nan
1.3636363636e-01 -1.3484848485e+00 0.0000000000e+00 5.3755037745e-07 -5.4065917833e-07
1.6666666667e-01 -1.3484848485e+00 0.0000000000e+00 5.3654211086e-07 -5.3966645186e-07
1.9696969697e-01 -1.3484848485e+00 0.0000000000e+00 5.3536276193e-07 -5.3850575107e-07
2.2727272727e-01 -1.3484848485e+00 0.0000000000e+00 5.3401280385e-07 -5.3717754916e-07
2.5757575758e-01 -1.3484848485e+00 0.0000000000e+00 5.3249229817e-07 -5.3568190767e-07
2.8787878788e-01 -1.3484848485e+00 0.0000000000e+00 5.3080101926e-07 -5.3401860097e-07
3.1818181818e-01 -1.3484848485e+00 0.0000000000e+00 5.2893863047e-07 -5.3218729242e-07
3.4848484848e-01 -1.3484848485e+00 0.0000000000e+00 5.2690487117e-07 -5.3018772139e-07
3.7878787879e-01 -1.3484848485e+00 0.0000000000e+00 5.2469972607e-07 -5.2801987257e-07
4.0909090909e-01 -1.3484848485e+00 0.0000000000e+00 5.2232357452e-07 -5.2568412533e-07
4.3939393939e-01 -1.3484848485e+00 0.0000000000e+00 5.1977732601e-07 -5.2318138916e-07
4.6969696970e-01 -1.3484848485e+00 0.0000000000e+00 5.1706253065e-07 -5.2051321415e-07
5.0000000000e-01 -1.3484848485e+00 0.0000000000e+00 5.1418144535e-07 -5.1768185724e-07
5.3030303030e-01 -1.3484848485e+00 0.0000000000e+00 5.1113706218e-07 -5.1469031047e-07
5.6060606061e-01 -1.3484848485e+00 0.0000000000e+00 5.0793312366e-07 -5.1154231638e-07
5.9090909091e-01 -1.3484848485e+00 0.0000000000e+00 5.0457408493e-07 -5.0824233010e-07
6.2121212121e-01 -1.3484848485e+00 0.0000000000e+00 5.0106486394e-07 -5.0479526959e-07
6.5151515152e-01 -1.3484848485e+00 0.0000000000e+00 4.9741009877e-07 -5.0120577292e-07
6.8181818182e-01 -1.3484848485e+00 0.0000000000e+00 4.9361246692e-07 -4.9747651760e-07
7.1212121212e-01 -1.3484848485e+00 0.0000000000e+00 4.8967126360e-07 -4.9360679883e-07
7.4242424242e-01 -1.3484848485e+00 0.0000000000e+00 4.8558277764e-07 -4.8959290544e-07
7.7272727273e-01 -1.3484848485e+00 0.0000000000e+00 4.8134453739e-07 -4.8543236579e-07
8.0303030303e-01 -1.3484848485e+00 0.0000000000e+00 4.7698768398e-07 -4.8115632099e-07
8.3333333333e-01 -1.3484848485e+00 0.0000000000e+00 4.7256497760e-07 -4.7681753127e-07
8.6363636364e-01 -1.3484848485e+00 0.0000000000e+00 4.6806216875e-07 -4.7240174708e-07
8.9393939394e-01 -1.3484848485e+00 0.0000000000e+00 4.6347840500e-07 -4.6790811602e-07
9.2424242424e-01 -1.3484848485e+00 0.0000000000e+00 4.5883010816e-07 -4.6335305990e-07
9.5454545455e-01 -1.3484848485e+00 0.0000000000e+00 4.5413606311e-07 -4.5875536359e-07
9.8484848485e-01 -1.3484848485e+00 0.0000000000e+00 4.4941251741e-07 -4.5413127466e-07
1.0151515152e+00 -1.3484848485e+00 0.0000000000e+00 4.4467377694e-07 -4.4949509897e-07
1.0454545455e+00 -1.3484848485e+00 0.0000000000e+00 4.3993145989e-07 -4.4485845474e-07
1.0757575758e+00 -1.3484848485e+00 0.0000000000e+00 4.3519447393e-07 -4.4023024961e-07
1.1060606061e+00 -1.3484848485e+00 0.0000000000e+00 4.3046983899e-07 -4.3561750353e-07
1.1363636364e+00 -1.3484848485e+00 0.0000000000e+00 4.2576343386e-07 -4.3102609528e-07
1.1666666667e+00 -1.3484848485e+00 0.0000000000e+00 4.2108039730e-07 -4.2646116363e-07
1.1969696970e+00 -1.3484848485e+00 0.0000000000e+00 4.1642530067e-07 -4.2192727993e-07
1.2272727273e+00 -1.3484848485e+00 0.0000000000e+00 4.1180222468e-07 -4.1742852490e-07
1.2575757576e+00 -1.3484848485e+00 0.0000000000e+00 4.0721480913e-07 -4.1296853832e-07
1.2878787879e+00 -1.3484848485e+00 0.0000000000e+00 4.0266629761e-07 -4.0855056381e-07
1.3181818182e+00 -1.3484848485e+00 0.0000000000e+00 3.9815957958e-07 -4.0417749080e-07
1.3484848485e+00 -1.3484848485e+00 0.0000000000e+00 3.9369722686e-07 -3.9985189114e-07
1.3787878788e+00 -1.3484848485e+00 0.0000000000e+00 3.8928152327e-07 -3.9557604861e-07
1.4090909091e+00 -1.3484848485e+00 0.0000000000e+00 3.8491448737e-07 -3.9135198182e-07
1.4393939394e+00 -1.3484848485e+00 0.0000000000e+00 3.8059789020e-07 -3.8718146177e-07
1.4696969697e+00 -1.3484848485e+00 0.0000000000e+00 3.7633326942e-07 -3.8306602614e-07
1.5000000000e+00 -1.3484848485e+00 0.0000000000e+00 3.7212194176e-07 -3.7900699164e-07
-1.5000000000e+00 -1.3181818182e+00 0.0000000000e+00 3.7509867603e-07 -3.8184697287e-07
-1.4696969697e+00 -1.3181818182e+00 0.0000000000e+00 3.7942560666e-07 -3.8602161032e-07
-1.4393939394e+00 -1.3181818182e+00 0.0000000000e+00 3.8381431496e-07 -3.9026113348e-07
-1.4090909091e+00 -1.3181818182e+00 0.0000000000e+00 3.8826423507e-07 -3.9456497646e-07
-1.3787878788e+00 -1.3181818182e+00 0.0000000000e+00 3.9277457759e-07 -3.9893234989e-07
-1.3484848485e+00 -1.3181818182e+00 0.0000000000e+00 3.9734429821e-07 -4.0336220943e-07
-1.3181818182e+00 -1.3181818182e+00 0.0000000000e+00 4.0197206446e-07 -4.0785322264e-07
-1.2878787879e+00 -1.3181818182e+00 0.0000000000e+00 4.0665622164e-07 -4.1240373479e-07
-1.2575757576e+00 -1.3181818182e+00 0.0000000000e+00 4.1139475927e-07 -4.1701173542e-07
-1.2272727273e+00 -1.3181818182e+00 0.0000000000e+00 4.1618528012e-07 -4.2167482728e-07
-1.1969696970e+00 -1.3181818182e+00 0.0000000000e+00 4.2102497416e-07 -4.2639020037e-07
-1.1666666667e+00 -1.3181818182e+00 0.0000000000e+00 4.2591060092e-07 -4.3115461420e-07
-1.1363636364e+00 -1.3181818182e+00 0.0000000000e+00 4.3083848386e-07 -4.3596439223e-07
-1.1060606061e+00 -1.3181818182e+00 0.0000000000e+00 4.3580452055e-07 -4.4081543203e-07
-1.0757575758e+00 -1.3181818182e+00 0.0000000000e+00 4.4080420985e-07 -4.4570323247e-07
-1.0454545455e+00 -1.3181818182e+00 0.0000000000e+00 4.4583268888e-07 -4.5062293067e-07
-1.0151515152e+00 -1.3181818182e+00 0.0000000000e+00 4.5088475507e-07 -4.5556932406e-07
-9.8484848485e-01 -1.3181818182e+00 0.0000000000e+00 4.5595482399e-07 -4.6053682819e-07
-9.5454545455e-01 -1.3181818182e+00 0.0000000000e+00 4.6103674391e-07 -4.6551929134e-07
-9.2424242424e-01 -1.3181818182e+00 0.0000000000e+00 4.6612324639e-07 -4.7050944508e-07
-8.9393939394e-01 -1.3181818182e+00 0.0000000000e+00 4.7120495799e-07 -4.7549791596e-07
-8.6363636364e-01 -1.3181818182e+00 0.0000000000e+00 4.7627290146e-07 -4.8047572674e-07
-8.3333333333e-01 -1.3181818182e+00 0.0000000000e+00 4.8126730476e-07 -4.8538310538e-07
-8.0303030303e-01 -1.3181818182e+00 0.0000000000e+00 4.8609783967e-07 -4.9012972364e-07
-7.7272727273e-01 -1.3181818182e+00 0.0000000000e+00 4.9076279863e-07 -4.9471387398e-07
-7.4242424242e-01 -1.3181818182e+00 0.0000000000e+00 4.9525809427e-07 -4.9913146902e-07
-7.1212121212e-01 -1.3181818182e+00 0.0000000000e+00 4.9957842820e-07 -5.0337721037e-07
-6.8181818182e-01 -1.3181818182e+00 0.0000000000e+00 5.0371908732e-07 -5.0744638495e-07
-6.5151515152e-01 -1.3181818182e+00 0.0000000000e+00 5.0767679145e-07 -5.1133571256e-07
-6.2121212121e-01 -1.3181818182e+00 0.0000000000e+00 5.1144967298e-07 -5.1504332559e-07
-5.9090909091e-01 -1.3181818182e+00 0.0000000000e+00 5.1503685177e-07 -5.1856834390e-07
-5.6060606061e-01 -1.3181818182e+00 0.0000000000e+00 5.1843791050e-07 -5.2191035017e-07
-5.3030303030e-01 -1.3181818182e+00 0.0000000000e+00 5.2165253721e-07 -5.2506903245e-07
-5.0000000000e-01 -1.3181818182e+00 0.0000000000e+00 5.2468045275e-07 -5.2804411159e-07
-4.6969696970e-01 -1.3181818182e+00 0.0000000000e+00 5.2752148815e-07 -5.3083541861e-07
-4.3939393939e-01 -1.3181818182e+00 0.0000000000e+00 5.3017563033e-07 -5.3344294043e-07
-4.0909090909e-01 -1.3181818182e+00 0.0000000000e+00 5.3264298889e-07 -5.3586678666e-07
-3.7878787879e-01 -1.3181818182e+00 0.0000000000e+00 5.3492372766e-07 -5.3810712111e-07
-3.4848484848e-01 -1.3181818182e+00 0.0000000000e+00 5.3701800492e-07 -5.4016410208e-07
-3.1818181818e-01 -1.3181818182e+00 0.0000000000e+00 5.3892593977e-07 -5.4203784867e-07
-2.8787878788e-01 -1.3181818182e+00 0.0000000000e+00 nan nan
-2.5757575758e-01 -1.3181818182e+00 0.0000000000e+00 nan nan
-2.2727272727e-01 -1.3181818182e+00 0.0000000000e+00 nan nan
-1.9696969697e-01 -1.3181818182e+00 0.0000000000e+00 nan nan
-1.6666666667e-01 -1.3181818182e+00 0.0000000000e+00 nan nan
-1.3636363636e-01 -1.3181818182e+00 0.0000000000e+00 nan nan
-1.0606060606e-01 -1.3181818182e+00 0.0000000000e+00 nan nan
-7.5757575758e-02 -1.3181818182e+00 0.0000000000e+00 nan nan
-4.5454545455e-02 -1.3181818182e+00 0.0000000000e+00 nan nan
-1.5151515152e-02 -1.3181818182e+00 0.0000000000e+00 nan nan
1.5151515152e-02 -1.3181818182e+00 0.0000000000e+00 nan nan
4.5454545455e-02 -1.3181818182e+00 0.0000000000e+00 nan nan
7.5757575758e-02 -1.3181818182e+00 0.0000000000e+00 nan nan
1.0606060606e-01 -1.3181818182e+00 0.0000000000e+00 nan nan
1.3636363636e-01 -1.3181818182e+00 0.0000000000e+00 nan nan
1.6666666667e-01 -1.3181818182e+00 0.0000000000e+00 nan nan
1.9696969697e-01 -1.3181818182e+00 0.0000000000e+00 nan nan
2.2727272727e-01 -1.3181818182e+00 0.0000000000e+00 nan nan
2.5757575758e-01 -1.3181818182e+00 0.0000000000e+00 nan nan
2.8787878788e-01 -1.3181818182e+00 0.0000000000e+00 nan nan
3.1818181818e-01 -1.3181818182e+00 0.0000000000e+00 5.3685351294e-07 -5.3996542184e-07
3.4848484848e-01 -1.3181818182e+00 0.0000000000e+00 5.3482808249e-07 -5.3797417966e-07
3.7878787879e-01 -1.3181818182e+00 0.0000000000e+00 5.3263249455e-07 -5.3581588800e-07
4.0909090909e-01 -1.3181818182e+00 0.0000000000e+00 5.3026741788e-07 -5.3349121565e-07
4.3939393939e-01 -1.3181818182e+00 0.0000000000e+00 5.2773391747e-07 -5.3100122757e-07
4.6969696970e-01 -1.3181818182e+00 0.0000000000e+00 5.2503352489e-07 -5.2834745534e-07
5.0000000000e-01 -1.3181818182e+00 0.0000000000e+00 5.2216827503e-07 -5.2553193387e-07
5.3030303030e-01 -1.3181818182e+00 0.0000000000e+00 5.1914070097e-07 -5.2255719621e-07
5.6060606061e-01 -1.3181818182e+00 0.0000000000e+00 5.1595377355e-07 -5.1942621322e-07
5.9090909091e-01 -1.3181818182e+00 0.0000000000e+00 5.1261074955e-07 -5.1614224167e-07
6.2121212121e-01 -1.3181818182e+00 0.0000000000e+00 5.0911487309e-07 -5.1270852569e-07
6.5151515152e-01 -1.3181818182e+00 0.0000000000e+00 5.0546889686e-07 -5.0912781797e-07
6.8181818182e-01 -1.3181818182e+00 0.0000000000e+00 5.0167451498e-07 -5.0540181261e-07
7.1212121212e-01 -1.3181818182e+00 0.0000000000e+00 4.9773211039e-07 -5.0153089257e-07
7.4242424242e-01 -1.3181818182e+00 0.0000000000e+00 4.9364137915e-07 -4.9751475391e-07
7.7272727273e-01 -1.3181818182e+00 0.0000000000e+00 4.8940307576e-07 -4.9335415111e-07
8.0303030303e-01 -1.3181818182e+00 0.0000000000e+00 4.8502149048e-07 -4.8905337445e-07
8.3333333333e-01 -1.3181818182e+00 0.0000000000e+00 4.8050532304e-07 -4.8462112365e-07
8.6363636364e-01 -1.3181818182e+00 0.0000000000e+00 4.7585238432e-07 -4.8005520961e-07
8.9393939394e-01 -1.3181818182e+00 0.0000000000e+00 4.7104867657e-07 -4.7534163454e-07
9.2424242424e-01 -1.3181818182e+00 0.0000000000e+00 4.6616652686e-07 -4.7055272555e-07
9.5454545455e-01 -1.3181818182e+00 0.0000000000e+00 4.6123845606e-07 -4.6572100349e-07
9.8484848485e-01 -1.3181818182e+00 0.0000000000e+00 4.5628247934e-07 -4.6086448353e-07
1.0151515152e+00 -1.3181818182e+00 0.0000000000e+00 4.5131687319e-07 -4.5600144217e-07
1.0454545455e+00 -1.3181818182e+00 0.0000000000e+00 4.4635509906e-07 -4.5114534086e-07
1.0757575758e+00 -1.3181818182e+00 0.0000000000e+00 4.4140578287e-07 -4.4630480550e-07
1.1060606061e+00 -1.3181818182e+00 0.0000000000e+00 4.3647527873e-07 -4.4148619022e-07
1.1363636364e+00 -1.3181818182e+00 0.0000000000e+00 4.3156903962e-07 -4.3669494799e-07
1.1666666667e+00 -1.3181818182e+00 0.0000000000e+00 4.2669200869e-07 -4.3193602197e-07
1.1969696970e+00 -1.3181818182e+00 0.0000000000e+00 4.2184866768e-07 -4.2721389389e-07
1.2272727273e+00 -1.3181818182e+00 0.0000000000e+00 4.1704303111e-07 -4.2253257828e-07
1.2575757576e+00 -1.3181818182e+00 0.0000000000e+00 4.1227866473e-07 -4.1789564087e-07
1.2878787879e+00 -1.3181818182e+00 0.0000000000e+00 4.0755872741e-07 -4.1330624055e-07
1.3181818182e+00 -1.3181818182e+00 0.0000000000e+00 4.0288601903e-07 -4.0876717720e-07
1.3484848485e+00 -1.3181818182e+00 0.0000000000e+00 3.9826302218e-07 -4.0428093340e-07
1.3787878788e+00 -1.3181818182e+00 0.0000000000e+00 3.9369193362e-07 -3.9984970592e-07
1.4090909091e+00 -1.3181818182e+00 0.0000000000e+00 3.8917468633e-07 -3.9547542773e-07
1.4393939394e+00 -1.3181818182e+00 0.0000000000e+00 3.8471296494e-07 -3.9115978346e-07
1.4696969697e+00 -1.3181818182e+00 0.0000000000e+00 3.8030821742e-07 -3.8690422109e-07
1.5000000000e+00 -1.3181818182e+00 0.0000000000e+00 3.7596166551e-07 -3.8270996235e-07
-1.5000000000e+00 -1.2878787879e+00 0.0000000000e+00 3.7886611495e-07 -3.8548076676e-07
-1.4696969697e+00 -1.2878787879e+00 0.0000000000e+00 3.8332516633e-07 -3.8978752497e-07
-1.4393939394e+00 -1.2878787879e+00 0.0000000000e+00 3.8785116375e-07 -3.9416433724e-07
-1.4090909091e+00 -1.2878787879e+00 0.0000000000e+00 3.9244373549e-07 -3.9861083186e-07
-1.3787878788e+00 -1.2878787879e+00 0.0000000000e+00 3.9710228245e-07 -4.0312640972e-07
-1.3484848485e+00 -1.2878787879e+00 0.0000000000e+00 4.0182594208e-07 -4.0771020827e-07
-1.3181818182e+00 -1.2878787879e+00 0.0000000000e+00 4.0661354972e-07 -4.1236106286e-07
-1.2878787879e+00 -1.2878787879e+00 0.0000000000e+00 4.1146359871e-07 -4.1707746683e-07
-1.2575757576e+00 -1.2878787879e+00 0.0000000000e+00 4.1637420095e-07 -4.2185753206e-07
-1.2272727273e+00 -1.2878787879e+00 0.0000000000e+00 4.2134305045e-07 -4.2669895259e-07
-1.1969696970e+00 -1.2878787879e+00 0.0000000000e+00 4.2636739314e-07 -4.3159897432e-07
-1.1666666667e+00 -1.2878787879e+00 0.0000000000e+00 4.3144400749e-07 -4.3655437574e-07
-1.1363636364e+00 -1.2878787879e+00 0.0000000000e+00 4.3656920234e-07 -4.4156146569e-07
-1.1060606061e+00 -1.2878787879e+00 0.0000000000e+00 4.4173884006e-07 -4.4661610652e-07
-1.0757575758e+00 -1.2878787879e+00 0.0000000000e+00 4.4694839366e-07 -4.5171377126e-07
-1.0454545455e+00 -1.2878787879e+00 0.0000000000e+00 4.5219304038e-07 -4.5684963715e-07
-1.0151515152e+00 -1.2878787879e+00 0.0000000000e+00 4.5746776540e-07 -4.6201868936e-07
-9.8484848485e-01 -1.2878787879e+00 0.0000000000e+00 4.6276739191e-07 -4.6721575108e-07
-9.5454545455e-01 -1.2878787879e+00 0.0000000000e+00 4.6808647177e-07 -4.7243537417e-07
-9.2424242424e-01 -1.2878787879e+00 0.0000000000e+00 4.7341902974e-07 -4.7767158340e-07
-8.9393939394e-01 -1.2878787879e+00 0.0000000000e+00 4.7873583021e-07 -4.8289514316e-07
-8.6363636364e-01 -1.2878787879e+00 0.0000000000e+00 4.8390609665e-07 -4.8797527690e-07
-8.3333333333e-01 -1.2878787879e+00 0.0000000000e+00 4.8890752582e-07 -4.9288968141e-07
-8.0303030303e-01 -1.2878787879e+00 0.0000000000e+00 4.9374051907e-07 -4.9763875801e-07
-7.7272727273e-01 -1.2878787879e+00 0.0000000000e+00 4.9840358452e-07 -5.0222101484e-07
-7.4242424242e-01 -1.2878787879e+00 0.0000000000e+00 5.0289368175e-07 -5.0663341147e-07
-7.1212121212e-01 -1.2878787879e+00 0.0000000000e+00 5.0720714033e-07 -5.1087227748e-07
-6.8181818182e-01 -1.2878787879e+00 0.0000000000e+00 5.1134060489e-07 -5.1493425749e-07
-6.5151515152e-01 -1.2878787879e+00 0.0000000000e+00 5.1529156479e-07 -5.1881684086e-07
-6.2121212121e-01 -1.2878787879e+00 0.0000000000e+00 5.1905841177e-07 -5.2251841935e-07
-5.9090909091e-01 -1.2878787879e+00 0.0000000000e+00 5.2264023160e-07 -5.2603807870e-07
-5.6060606061e-01 -1.2878787879e+00 0.0000000000e+00 5.2603652505e-07 -5.2937531970e-07
-5.3030303030e-01 -1.2878787879e+00 0.0000000000e+00 5.2924699422e-07 -5.3252984443e-07
-5.0000000000e-01 -1.2878787879e+00 0.0000000000e+00 5.3227144708e-07 -5.3550146089e-07
-4.6969696970e-01 -1.2878787879e+00 0.0000000000e+00 5.3510978342e-07 -5.3829006884e-07
-4.3939393939e-01 -1.2878787879e+00 0.0000000000e+00 5.3776199579e-07 -5.4089566086e-07
-4.0909090909e-01 -1.2878787879e+00 0.0000000000e+00 nan nan
-3.7878787879e-01 -1.2878787879e+00 0.0000000000e+00 nan nan
-3.4848484848e-01 -1.2878787879e+00 0.0000000000e+00 nan nan
-3.1818181818e-01 -1.2878787879e+00 0.0000000000e+00 nan nan
-2.8787878788e-01 -1.2878787879e+00 0.0000000000e+00 nan nan
-2.5757575758e-01 -1.2878787879e+00 0.0000000000e+00 nan nan
-2.2727272727e-01 -1.2878787879e+00 0.0000000000e+00 nan nan
-1.9696969697e-01 -1.2878787879e+00 0.0000000000e+00 nan nan
-1.6666666667e-01 -1.2878787879e+00 0.0000000000e+00 nan nan
-1.3636363636e-01 -1.2878787879e+00 0.0000000000e+00 nan nan
-1.0606060606e-01 -1.2878787879e+00 0.0000000000e+00 nan nan
-7.5757575758e-02 -1.2878787879e+00 0.0000000000e+00 nan nan
-4.5454545455e-02 -1.2878787879e+00 0.0000000000e+00 nan nan
-1.5151515152e-02 -1.2878787879e+00 0.0000000000e+00 nan nan
1.5151515152e-02 -1.2878787879e+00 0.0000000000e+00 nan nan
4.5454545455e-02 -1.2878787879e+00 0.0000000000e+00 nan nan
7.5757575758e-02 -1.2878787879e+00 0.0000000000e+00 nan nan
1.0606060606e-01 -1.2878787879e+00 0.0000000000e+00 nan nan
1.3636363636e-01 -1.2878787879e+00 0.0000000000e+00 nan nan
1.6666666667e-01 -1.2878787879e+00 0.0000000000e+00 nan nan
1.9696969697e-01 -1.2878787879e+00 0.0000000000e+00 nan nan
2.2727272727e-01 -1.2878787879e+00 0.0000000000e+00 nan nan
2.5757575758e-01 -1.2878787879e+00 0.0000000000e+00 nan nan
2.8787878788e-01 -1.2878787879e+00 0.0000000000e+00 nan nan
3.1818181818e-01 -1.2878787879e+00 0.0000000000e+00 nan nan
3.4848484848e-01 -1.2878787879e+00 0.0000000000e+00 nan nan
3.7878787879e-01 -1.2878787879e+00 0.0000000000e+00 nan nan
4.0909090909e-01 -1.2878787879e+00 0.0000000000e+00 nan nan
4.3939393939e-01 -1.2878787879e+00 0.0000000000e+00 5.3550542581e-07 -5.3863909088e-07
4.6969696970e-01 -1.2878787879e+00 0.0000000000e+00 5.3281691947e-07 -5.3599720489e-07
5.0000000000e-01 -1.2878787879e+00 0.0000000000e+00 5.2996423570e-07 -5.3319424951e-07
5.3030303030e-01 -1.2878787879e+00 0.0000000000e+00 5.2694947209e-07 -5.3023232230e-07
5.6060606061e-01 -1.2878787879e+00 0.0000000000e+00 5.2377495696e-07 -5.2711375160e-07
5.9090909091e-01 -1.2878787879e+00 0.0000000000e+00 5.2044310052e-07 -5.2384094762e-07
6.2121212121e-01 -1.2878787879e+00 0.0000000000e+00 5.1695617507e-07 -5.2041618265e-07
6.5151515152e-01 -1.2878787879e+00 0.0000000000e+00 5.1331605575e-07 -5.1684133183e-07
6.8181818182e-01 -1.2878787879e+00 0.0000000000e+00 5.0952401267e-07 -5.1311766527e-07
7.1212121212e-01 -1.2878787879e+00 0.0000000000e+00 5.0558070520e-07 -5.0924584235e-07
7.4242424242e-01 -1.2878787879e+00 0.0000000000e+00 5.0148650648e-07 -5.0522623620e-07
7.7272727273e-01 -1.2878787879e+00 0.0000000000e+00 4.9724206186e-07 -5.0105949218e-07
8.0303030303e-01 -1.2878787879e+00 0.0000000000e+00 4.9284848252e-07 -4.9674672147e-07
8.3333333333e-01 -1.2878787879e+00 0.0000000000e+00 4.8830577514e-07 -4.9228793073e-07
8.6363636364e-01 -1.2878787879e+00 0.0000000000e+00 4.8360888731e-07 -4.8767806756e-07
8.9393939394e-01 -1.2878787879e+00 0.0000000000e+00 4.7874635073e-07 -4.8290566368e-07
9.2424242424e-01 -1.2878787879e+00 0.0000000000e+00 4.7370905817e-07 -4.7796161183e-07
9.5454545455e-01 -1.2878787879e+00 0.0000000000e+00 4.6853183979e-07 -4.7288074219e-07
9.8484848485e-01 -1.2878787879e+00 0.0000000000e+00 4.6332025409e-07 -4.6776861326e-07
1.0151515152e+00 -1.2878787879e+00 0.0000000000e+00 4.5810998693e-07 -4.6266091089e-07
1.0454545455e+00 -1.2878787879e+00 0.0000000000e+00 4.5291598465e-07 -4.5757258142e-07
1.0757575758e+00 -1.2878787879e+00 0.0000000000e+00 4.4774365288e-07 -4.5250903048e-07
1.1060606061e+00 -1.2878787879e+00 0.0000000000e+00 4.4259741041e-07 -4.4747467687e-07
1.1363636364e+00 -1.2878787879e+00 0.0000000000e+00 4.3748198713e-07 -4.4247425047e-07
1.1666666667e+00 -1.2878787879e+00 0.0000000000e+00 4.3240213405e-07 -4.3751250231e-07
1.1969696970e+00 -1.2878787879e+00 0.0000000000e+00 4.2736227371e-07 -4.3259385490e-07
1.2272727273e+00 -1.2878787879e+00 0.0000000000e+00 4.2236634642e-07 -4.2772224856e-07
1.2575757576e+00 -1.2878787879e+00 0.0000000000e+00 4.1741780704e-07 -4.2290113816e-07
1.2878787879e+00 -1.2878787879e+00 0.0000000000e+00 4.1251968484e-07 -4.1813355296e-07
1.3181818182e+00 -1.2878787879e+00 0.0000000000e+00 4.0767465022e-07 -4.1342216337e-07
1.3484848485e+00 -1.2878787879e+00 0.0000000000e+00 4.0288506597e-07 -4.0876933217e-07
1.3787878788e+00 -1.2878787879e+00 0.0000000000e+00 3.9815301999e-07 -4.0417714726e-07
1.4090909091e+00 -1.2878787879e+00 0.0000000000e+00 3.9348034404e-07 -3.9964744041e-07
1.4393939394e+00 -1.2878787879e+00 0.0000000000e+00 3.8886862419e-07 -3.9518179768e-07
1.4696969697e+00 -1.2878787879e+00 0.0000000000e+00 3.8431920788e-07 -3.9078156652e-07
1.5000000000e+00 -1.2878787879e+00 0.0000000000e+00 3.7983321074e-07 -3.8644786255e-07
-1.5000000000e+00 -1.2575757576e+00 0.0000000000e+00 3.8265647540e-07 -3.8914059020e-07
-1.4696969697e+00 -1.2575757576e+00 0.0000000000e+00 3.8725096630e-07 -3.9358278793e-07
-1.4393939394e+00 -1.2575757576e+00 0.0000000000e+00 3.9191787167e-07 -3.9810050816e-07
-1.4090909091e+00 -1.2575757576e+00 0.0000000000e+00 3.9665704563e-07 -4.0269360500e-07
-1.3787878788e+00 -1.2575757576e+00 0.0000000000e+00 4.0146811324e-07 -4.0736170351e-07
-1.3484848485e+00 -1.2575757576e+00 0.0000000000e+00 4.0635042890e-07 -4.1210415809e-07
-1.3181818182e+00 -1.2575757576e+00 0.0000000000e+00 4.1130303103e-07 -4.1692000718e-07
-1.2878787879e+00 -1.2575757576e+00 0.0000000000e+00 4.1632459494e-07 -4.2180792605e-07
-1.2575757576e+00 -1.2575757576e+00 0.0000000000e+00 4.2141338615e-07 -4.2676618026e-07
-1.2272727273e+00 -1.2575757576e+00 0.0000000000e+00 4.2656721730e-07 -4.3179258244e-07
-1.1969696970e+00 -1.2575757576e+00 0.0000000000e+00 4.3178341242e-07 -4.3688445660e-07
-1.1666666667e+00 -1.2575757576e+00 0.0000000000e+00 4.3705878453e-07 -4.4203861579e-07
-1.1363636364e+00 -1.2575757576e+00 0.0000000000e+00 4.4238963579e-07 -4.4725136214e-07
-1.1060606061e+00 -1.2575757576e+00 0.0000000000e+00 4.4777179327e-07 -4.5251852273e-07
-1.0757575758e+00 -1.2575757576e+00 0.0000000000e+00 4.5320070100e-07 -4.5783554160e-07
-1.0454545455e+00 -1.2575757576e+00 0.0000000000e+00 4.5867159969e-07 -4.6319765946e-07
-1.0151515152e+00 -1.2575757576e+00 0.0000000000e+00 4.6417980202e-07 -4.6860018897e-07
-9.8484848485e-01 -1.2575757576e+00 0.0000000000e+00 4.6972089344e-07 -4.7403871560e-07
-9.5454545455e-01 -1.2575757576e+00 0.0000000000e+00 4.7529030886e-07 -4.7950867426e-07
-9.2424242424e-01 -1.2575757576e+00 0.0000000000e+00 4.8082605429e-07 -4.8494807095e-07
-8.9393939394e-01 -1.2575757576e+00 0.0000000000e+00 4.8618269956e-07 -4.9021147551e-07
-8.6363636364e-01 -1.2575757576e+00 0.0000000000e+00 4.9136159862e-07 -4.9530024187e-07
-8.3333333333e-01 -1.2575757576e+00 0.0000000000e+00 4.9636741892e-07 -5.0021903750e-07
-8.0303030303e-01 -1.2575757576e+00 0.0000000000e+00 5.0120112001e-07 -5.0496882195e-07
-7.7272727273e-01 -1.2575757576e+00 0.0000000000e+00 5.0586170635e-07 -5.0954859967e-07
-7.4242424242e-01 -1.2575757576e+00 0.0000000000e+00 5.1034705635e-07 -5.1395624907e-07
-7.1212121212e-01 -1.2575757576e+00 0.0000000000e+00 5.1465460260e-07 -5.1818920275e-07
-6.8181818182e-01 -1.2575757576e+00 0.0000000000e+00 5.1878191600e-07 -5.2224503161e-07
-6.5151515152e-01 -1.2575757576e+00 0.0000000000e+00 5.2272705858e-07 -5.2612179766e-07
-6.2121212121e-01 -1.2575757576e+00 0.0000000000e+00 5.2648867273e-07 -5.2981814330e-07
-5.9090909091e-01 -1.2575757576e+00 0.0000000000e+00 5.3006589608e-07 -5.3333320618e-07
-5.6060606061e-01 -1.2575757576e+00 0.0000000000e+00 5.3345821266e-07 -5.3666647030e-07
-5.3030303030e-01 -1.2575757576e+00 0.0000000000e+00 5.3666531983e-07 -5.3981763304e-07
-5.0000000000e-01 -1.2575757576e+00 0.0000000000e+00 nan nan
-4.6969696970e-01 -1.2575757576e+00 0.0000000000e+00 nan nan
-4.3939393939e-01 -1.2575757576e+00 0.0000000000e+00 nan nan
-4.0909090909e-01 -1.2575757576e+00 0.0000000000e+00 nan nan
-3.7878787879e-01 -1.2575757576e+00 0.0000000000e+00 nan nan
-3.4848484848e-01 -1.2575757576e+00 0.0000000000e+00 nan nan
-3.1818181818e-01 -1.2575757576e+00 0.0000000000e+00 nan nan
-2.8787878788e-01 -1.2575757576e+00 0.0000000000e+00 nan nan
-2.5757575758e-01 -1.2575757576e+00 0.0000000000e+00 nan nan
-2.2727272727e-01 -1.2575757576e+00 0.0000000000e+00 nan nan
-1.9696969697e-01 -1.2575757576e+00 0.0000000000e+00 nan nan
-1.6666666667e-01 -1.2575757576e+00 0.0000000000e+00 nan nan
-1.3636363636e-01 -1.2575757576e+00 0.0000000000e+00 nan nan
-1.0606060606e-01 -1.2575757576e+00 0.0000000000e+00 nan nan
-7.5757575758e-02 -1.2575757576e+00 0.0000000000e+00 nan nan
-4.5454545455e-02 -1.2575757576e+00 0.0000000000e+00 nan nan
-1.5151515152e-02 -1.2575757576e+00 0.0000000000e+00 nan nan
1.5151515152e-02 -1.2575757576e+00 0.0000000000e+00 nan nan
4.5454545455e-02 -1.2575757576e+00 0.0000000000e+00 nan nan
7.5757575758e-02 -1.2575757576e+00 0.0000000000e+00 nan nan
1.0606060606e-01 -1.2575757576e+00 0.0000000000e+00 nan nan
1.3636363636e-01 -1.2575757576e+00 0.0000000000e+00 nan nan
1.6666666667e-01 -1.2575757576e+00 0.0000000000e+00 nan nan
1.9696969697e-01 -1.2575757576e+00 0.0000000000e+00 nan nan
2.2727272727e-01 -1.2575757576e+00 0.0000000000e+00 nan nan
2.5757575758e-01 -1.2575757576e+00 0.0000000000e+00 nan nan
2.8787878788e-01 -1.2575757576e+00 0.0000000000e+00 nan nan
3.1818181818e-01 -1.2575757576e+00 0.0000000000e+00 nan nan
3.4848484848e-01 -1.2575757576e+00 0.0000000000e+00 nan nan
3.7878787879e-01 -1.2575757576e+00 0.0000000000e+00 nan nan
4.0909090909e-01 -1.2575757576e+00 0.0000000000e+00 nan nan
4.3939393939e-01 -1.2575757576e+00 0.0000000000e+00 nan nan
4.6969696970e-01 -1.2575757576e+00 0.0000000000e+00 nan nan
5.0000000000e-01 -1.2575757576e+00 0.0000000000e+00 nan nan
5.3030303030e-01 -1.2575757576e+00 0.0000000000e+00 5.3456502045e-07 -5.3771733366e-07
5.6060606061e-01 -1.2575757576e+00 0.0000000000e+00 5.3139951794e-07 -5.3460777559e-07
5.9090909091e-01 -1.2575757576e+00 0.0000000000e+00 5.2807538613e-07 -5.3134269623e-07
6.2121212121e-01 -1.2575757576e+00 0.0000000000e+00 5.2459428362e-07 -5.2792375419e-07
6.5151515152e-01 -1.2575757576e+00 0.0000000000e+00 5.2095756034e-07 -5.2435229941e-07
6.8181818182e-01 -1.2575757576e+00 0.0000000000e+00 5.1716615684e-07 -5.2062927244e-07
7.1212121212e-01 -1.2575757576e+00 0.0000000000e+00 5.1322059816e-07 -5.1675519831e-07
7.4242424242e-01 -1.2575757576e+00 0.0000000000e+00 5.0912107967e-07 -5.1273027240e-07
7.7272727273e-01 -1.2575757576e+00 0.0000000000e+00 5.0486752088e-07 -5.0855441420e-07
8.0303030303e-01 -1.2575757576e+00 0.0000000000e+00 5.0045930505e-07 -5.0422700699e-07
8.3333333333e-01 -1.2575757576e+00 0.0000000000e+00 4.9589444854e-07 -4.9974606713e-07
8.6363636364e-01 -1.2575757576e+00 0.0000000000e+00 4.9116859369e-07 -4.9510723694e-07
8.9393939394e-01 -1.2575757576e+00 0.0000000000e+00 4.8627522098e-07 -4.9030399692e-07
9.2424242424e-01 -1.2575757576e+00 0.0000000000e+00 4.8120760237e-07 -4.8532961903e-07
9.5454545455e-01 -1.2575757576e+00 0.0000000000e+00 4.7595891641e-07 -4.8017728181e-07
9.8484848485e-01 -1.2575757576e+00 0.0000000000e+00 4.7051790489e-07 -4.7483572705e-07
1.0151515152e+00 -1.2575757576e+00 0.0000000000e+00 4.6504634020e-07 -4.6946672716e-07
1.0454545455e+00 -1.2575757576e+00 0.0000000000e+00 4.5961083768e-07 -4.6413689745e-07
1.0757575758e+00 -1.2575757576e+00 0.0000000000e+00 4.5420657928e-07 -4.5884141988e-07
1.1060606061e+00 -1.2575757576e+00 0.0000000000e+00 4.4883519005e-07 -4.5358191951e-07
1.1363636364e+00 -1.2575757576e+00 0.0000000000e+00 4.4350114868e-07 -4.4836287503e-07
1.1666666667e+00 -1.2575757576e+00 0.0000000000e+00 4.3820944884e-07 -4.4318928009e-07
1.1969696970e+00 -1.2575757576e+00 0.0000000000e+00 4.3296463561e-07 -4.3806567979e-07
1.2272727273e+00 -1.2575757576e+00 0.0000000000e+00 4.2777058262e-07 -4.3299594775e-07
1.2575757576e+00 -1.2575757576e+00 0.0000000000e+00 4.2263057379e-07 -4.2798336790e-07
1.2878787879e+00 -1.2575757576e+00 0.0000000000e+00 4.1754744209e-07 -4.2303077321e-07
1.3181818182e+00 -1.2575757576e+00 0.0000000000e+00 4.1252367713e-07 -4.1814065328e-07
1.3484848485e+00 -1.2575757576e+00 0.0000000000e+00 4.0756148865e-07 -4.1331521784e-07
1.3787878788e+00 -1.2575757576e+00 0.0000000000e+00 4.0266283633e-07 -4.0855642660e-07
1.4090909091e+00 -1.2575757576e+00 0.0000000000e+00 3.9782943966e-07 -4.0386599903e-07
1.4393939394e+00 -1.2575757576e+00 0.0000000000e+00 3.9306277865e-07 -3.9924541514e-07
1.4696969697e+00 -1.2575757576e+00 0.0000000000e+00 3.8836409302e-07 -3.9469591465e-07
1.5000000000e+00 -1.2575757576e+00 0.0000000000e+00 3.8373438366e-07 -3.9021849847e-07
-1.5000000000e+00 -1.2272727273e+00 0.0000000000e+00 3.8646727899e-07 -3.9282396481e-07
-1.4696969697e+00 -1.2272727273e+00 0.0000000000e+00 3.9120046807e-07 -3.9740486073e-07
-1.4393939394e+00 -1.2272727273e+00 0.0000000000e+00 3.9601184699e-07 -4.0206705450e-07
-1.4090909091e+00 -1.2272727273e+00 0.0000000000e+00 4.0090153177e-07 -4.0681066216e-07
-1.3787878788e+00 -1.2272727273e+00 0.0000000000e+00 4.0586941097e-07 -4.1163557226e-07
-1.3484848485e+00 -1.2272727273e+00 0.0000000000e+00 4.1091509697e-07 -4.1654139718e-07
-1.3181818182e+00 -1.2272727273e+00 0.0000000000e+00 4.1603787210e-07 -4.2152741927e-07
-1.2878787879e+00 -1.2272727273e+00 0.0000000000e+00 4.2123663212e-07 -4.2659253426e-07
-1.2575757576e+00 -1.2272727273e+00 0.0000000000e+00 4.2650983012e-07 -4.3173519526e-07
-1.2272727273e+00 -1.2272727273e+00 0.0000000000e+00 4.3185542475e-07 -4.3695336091e-07
-1.1969696970e+00 -1.2272727273e+00 0.0000000000e+00 4.3727083665e-07 -4.4224445185e-07
-1.1666666667e+00 -1.2272727273e+00 0.0000000000e+00 4.4275291959e-07 -4.4760532187e-07
-1.1363636364e+00 -1.2272727273e+00 0.0000000000e+00 4.4829795780e-07 -4.5303225517e-07
-1.1060606061e+00 -1.2272727273e+00 0.0000000000e+00 4.5390170576e-07 -4.5852100624e-07
-1.0757575758e+00 -1.2272727273e+00 0.0000000000e+00 4.5955949233e-07 -4.6406690395e-07
-1.0454545455e+00 -1.2272727273e+00 0.0000000000e+00 4.6526646609e-07 -4.6966509688e-07
-1.0151515152e+00 -1.2272727273e+00 0.0000000000e+00 4.7101816927e-07 -4.7531112724e-07
-9.8484848485e-01 -1.2272727273e+00 0.0000000000e+00 4.7681145867e-07 -4.8100185186e-07
-9.5454545455e-01 -1.2272727273e+00 0.0000000000e+00 4.8254404975e-07 -4.8663498617e-07
-9.2424242424e-01 -1.2272727273e+00 0.0000000000e+00 4.8808992424e-07 -4.9208451192e-07
-8.9393939394e-01 -1.2272727273e+00 0.0000000000e+00 4.9345293890e-07 -4.9735428587e-07
-8.6363636364e-01 -1.2272727273e+00 0.0000000000e+00 4.9863735071e-07 -5.0244856498e-07
-8.3333333333e-01 -1.2272727273e+00 0.0000000000e+00 5.0364595582e-07 -5.0737014542e-07
-8.0303030303e-01 -1.2272727273e+00 0.0000000000e+00 5.0847962276e-07 -5.1211989572e-07
-7.7272727273e-01 -1.2272727273e+00 0.0000000000e+00 5.1313780218e-07 -5.1669726652e-07
-7.4242424242e-01 -1.2272727273e+00 0.0000000000e+00 5.1761908487e-07 -5.2110084862e-07
-7.1212121212e-01 -1.2272727273e+00 0.0000000000e+00 5.2192168771e-07 -5.2532885888e-07
-6.8181818182e-01 -1.2272727273e+00 0.0000000000e+00 5.2604384791e-07 -5.2937953453e-07
-6.5151515152e-01 -1.2272727273e+00 0.0000000000e+00 5.2998407502e-07 -5.3325138511e-07
-6.2121212121e-01 -1.2272727273e+00 0.0000000000e+00 5.3374124701e-07 -5.3694328860e-07
-5.9090909091e-01 -1.2272727273e+00 0.0000000000e+00 5.3731459123e-07 -5.4045447235e-07
-5.6060606061e-01 -1.2272727273e+00 0.0000000000e+00 nan nan
-5.3030303030e-01 -1.2272727273e+00 0.0000000000e+00 nan nan
-5.0000000000e-01 -1.2272727273e+00 0.0000000000e+00 nan nan
-4.6969696970e-01 -1.2272727273e+00 0.0000000000e+00 nan nan
-4.3939393939e-01 -1.2272727273e+00 0.0000000000e+00 nan nan
-4.0909090909e-01 -1.2272727273e+00 0.0000000000e+00 nan nan
-3.7878787879e-01 -1.2272727273e+00 0.0000000000e+00 nan nan
-3.4848484848e-01 -1.2272727273e+00 0.0000000000e+00 nan nan
-3.1818181818e-01 -1.2272727273e+00 0.0000000000e+00 nan nan
-2.8787878788e-01 -1.2272727273e+00 0.0000000000e+00 nan nan
-2.5757575758e-01 -1.2272727273e+00 0.0000000000e+00 nan nan
-2.2727272727e-01 -1.2272727273e+00 0.0000000000e+00 nan nan
-1.9696969697e-01 -1.2272727273e+00 0.0000000000e+00 nan nan
-1.6666666667e-01 -1.2272727273e+00 0.0000000000e+00 nan nan
-1.3636363636e-01 -1.2272727273e+00 0.0000000000e+00 nan nan
-1.0606060606e-01 -1.2272727273e+00 0.0000000000e+00 nan nan
-7.5757575758e-02 -1.2272727273e+00 0.0000000000e+00 nan nan
-4.5454545455e-02 -1.2272727273e+00 0.0000000000e+00 nan nan
-1.5151515152e-02 -1.2272727273e+00 0.0000000000e+00 nan nan
1.5151515152e-02 -1.2272727273e+00 0.0000000000e+00 nan nan
4.5454545455e-02 -1.2272727273e+00 0.0000000000e+00 nan nan
7.5757575758e-02 -1.2272727273e+00 0.0000000000e+00 nan nan
1.0606060606e-01 -1.2272727273e+00 0.0000000000e+00 nan nan
1.3636363636e-01 -1.2272727273e+00 0.0000000000e+00 nan nan
1.6666666667e-01 -1.2272727273e+00 0.0000000000e+00 nan nan
1.9696969697e-01 -1.2272727273e+00 0.0000000000e+00 nan nan
2.2727272727e-01 -1.2272727273e+00 0.0000000000e+00 nan nan
2.5757575758e-01 -1.2272727273e+00 0.0000000000e+00 nan nan
2.8787878788e-01 -1.2272727273e+00 0.0000000000e+00 nan nan
3.1818181818e-01 -1.2272727273e+00 0.0000000000e+00 nan nan
3.4848484848e-01 -1.2272727273e+00 0.0000000000e+00 nan nan
3.7878787879e-01 -1.2272727273e+00 0.0000000000e+00 nan nan
4.0909090909e-01 -1.2272727273e+00 0.0000000000e+00 nan nan
4.3939393939e-01 -1.2272727273e+00 0.0000000000e+00 nan nan
4.6969696970e-01 -1.2272727273e+00 0.0000000000e+00 nan nan
5.0000000000e-01 -1.2272727273e+00 0.0000000000e+00 nan nan
5.3030303030e-01 -1.2272727273e+00 0.0000000000e+00 nan nan
5.6060606061e-01 -1.2272727273e+00 0.0000000000e+00 nan nan
5.9090909091e-01 -1.2272727273e+00 0.0000000000e+00 5.3551107704e-07 -5.3865095815e-07
6.2121212121e-01 -1.2272727273e+00 0.0000000000e+00 5.3203349376e-07 -5.3523553536e-07
6.5151515152e-01 -1.2272727273e+00 0.0000000000e+00 5.2839822713e-07 -5.3166553723e-07
6.8181818182e-01 -1.2272727273e+00 0.0000000000e+00 5.2460592502e-07 -5.2794161165e-07
7.1212121212e-01 -1.2272727273e+00 0.0000000000e+00 5.2065686968e-07 -5.2406404085e-07
7.4242424242e-01 -1.2272727273e+00 0.0000000000e+00 5.1655095396e-07 -5.2003271770e-07
7.7272727273e-01 -1.2272727273e+00 0.0000000000e+00 5.1228760321e-07 -5.1584706755e-07
8.0303030303e-01 -1.2272727273e+00 0.0000000000e+00 5.0786555694e-07 -5.1150582991e-07
8.3333333333e-01 -1.2272727273e+00 0.0000000000e+00 5.0328251261e-07 -5.0700670222e-07
8.6363636364e-01 -1.2272727273e+00 0.0000000000e+00 4.9853484769e-07 -5.0234606196e-07
8.9393939394e-01 -1.2272727273e+00 0.0000000000e+00 4.9361771651e-07 -4.9751906348e-07
9.2424242424e-01 -1.2272727273e+00 0.0000000000e+00 4.8852528386e-07 -4.9251987155e-07
9.5454545455e-01 -1.2272727273e+00 0.0000000000e+00 4.8324981574e-07 -4.8734075216e-07
9.8484848485e-01 -1.2272727273e+00 0.0000000000e+00 4.7777872801e-07 -4.8196912119e-07
1.0151515152e+00 -1.2272727273e+00 0.0000000000e+00 4.7211233943e-07 -4.7640529740e-07
1.0454545455e+00 -1.2272727273e+00 0.0000000000e+00 4.6643643980e-07 -4.7083507059e-07
1.0757575758e+00 -1.2272727273e+00 0.0000000000e+00 4.6079394235e-07 -4.6530135397e-07
1.1060606061e+00 -1.2272727273e+00 0.0000000000e+00 4.5518789431e-07 -4.5980719480e-07
1.1363636364e+00 -1.2272727273e+00 0.0000000000e+00 4.4962517327e-07 -4.5435947063e-07
1.1666666667e+00 -1.2272727273e+00 0.0000000000e+00 4.4411216274e-07 -4.4896456502e-07
1.1969696970e+00 -1.2272727273e+00 0.0000000000e+00 4.3865377061e-07 -4.4362738582e-07
1.2272727273e+00 -1.2272727273e+00 0.0000000000e+00 4.3325370160e-07 -4.3835163775e-07
1.2575757576e+00 -1.2272727273e+00 0.0000000000e+00 4.2791491681e-07 -4.3314028195e-07
1.2878787879e+00 -1.2272727273e+00 0.0000000000e+00 4.2263993843e-07 -4.2799584056e-07
1.3181818182e+00 -1.2272727273e+00 0.0000000000e+00 4.1743100705e-07 -4.2292055422e-07
1.3484848485e+00 -1.2272727273e+00 0.0000000000e+00 4.1229014597e-07 -4.1791644619e-07
1.3787878788e+00 -1.2272727273e+00 0.0000000000e+00 4.0721917433e-07 -4.1298533562e-07
1.4090909091e+00 -1.2272727273e+00 0.0000000000e+00 4.0221969709e-07 -4.0812882748e-07
1.4393939394e+00 -1.2272727273e+00 0.0000000000e+00 3.9729308869e-07 -4.0334829620e-07
1.4696969697e+00 -1.2272727273e+00 0.0000000000e+00 3.9244047980e-07 -3.9864487246e-07
1.5000000000e+00 -1.2272727273e+00 0.0000000000e+00 3.8766275147e-07 -3.9401943729e-07
-1.5000000000e+00 -1.1969696970e+00 0.0000000000e+00 3.9029585878e-07 -3.9652822365e-07
-1.4696969697e+00 -1.1969696970e+00 0.0000000000e+00 3.9517092368e-07 -4.0125099538e-07
-1.4393939394e+00 -1.1969696970e+00 0.0000000000e+00 4.0013026574e-07 -4.0606115230e-07
-1.4090909091e+00 -1.1969696970e+00 0.0000000000e+00 4.0517430487e-07 -4.1095911430e-07
-1.3787878788e+00 -1.1969696970e+00 0.0000000000e+00 4.1030323966e-07 -4.1594508000e-07
-1.3484848485e+00 -1.1969696970e+00 0.0000000000e+00 4.1551698981e-07 -4.2101896907e-07
-1.3181818182e+00 -1.1969696970e+00 0.0000000000e+00 4.2081513053e-07 -4.2618035674e-07
-1.2878787879e+00 -1.1969696970e+00 0.0000000000e+00 4.2619682279e-07 -4.3142840398e-07
-1.2575757576e+00 -1.1969696970e+00 0.0000000000e+00 4.3166074422e-07 -4.3676178841e-07
-1.2272727273e+00 -1.1969696970e+00 0.0000000000e+00 4.3720502557e-07 -4.4217864077e-07
-1.1969696970e+00 -1.1969696970e+00 0.0000000000e+00 4.4282719589e-07 -4.4767649014e-07
-1.1666666667e+00 -1.1969696970e+00 0.0000000000e+00 4.4852414062e-07 -4.5325222193e-07
-1.1363636364e+00 -1.1969696970e+00 0.0000000000e+00 4.5429208679e-07 -4.5890206320e-07
-1.1060606061e+00 -1.1969696970e+00 0.0000000000e+00 4.6012664068e-07 -4.6462162021e-07
-1.0757575758e+00 -1.1969696970e+00 0.0000000000e+00 4.6602285242e-07 -4.7040594309e-07
-1.0454545455e+00 -1.1969696970e+00 0.0000000000e+00 4.7197527942e-07 -4.7624958925e-07
-1.0151515152e+00 -1.1969696970e+00 0.0000000000e+00 4.7797838060e-07 -4.8214701762e-07
-9.8484848485e-01 -1.1969696970e+00 0.0000000000e+00 4.8389763572e-07 -4.8796370795e-07
-9.5454545455e-01 -1.1969696970e+00 0.0000000000e+00 4.8963033466e-07 -4.9359695013e-07
-9.2424242424e-01 -1.1969696970e+00 0.0000000000e+00 4.9517869642e-07 -4.9904896315e-07
-8.9393939394e-01 -1.1969696970e+00 0.0000000000e+00 5.0054545489e-07 -5.0432248090e-07
-8.6363636364e-01 -1.1969696970e+00 0.0000000000e+00 5.0573308063e-07 -5.0941997395e-07
-8.3333333333e-01 -1.1969696970e+00 0.0000000000e+00 5.1074322581e-07 -5.1434309446e-07
-8.0303030303e-01 -1.1969696970e+00 0.0000000000e+00 5.1557648882e-07 -5.1909244083e-07
-7.7272727273e-01 -1.1969696970e+00 0.0000000000e+00 5.2023255762e-07 -5.2366770101e-07
-7.4242424242e-01 -1.1969696970e+00 0.0000000000e+00 5.2471050318e-07 -5.2806794597e-07
-7.1212121212e-01 -1.1969696970e+00 0.0000000000e+00 5.2900908915e-07 -5.3229193937e-07
-6.8181818182e-01 -1.1969696970e+00 0.0000000000e+00 5.3312703699e-07 -5.3633840265e-07
-6.5151515152e-01 -1.1969696970e+00 0.0000000000e+00 5.3706320833e-07 -5.4020619747e-07
-6.2121212121e-01 -1.1969696970e+00 0.0000000000e+00 nan nan
-5.9090909091e-01 -1.1969696970e+00 0.0000000000e+00 nan nan
-5.6060606061e-01 -1.1969696970e+00 0.0000000000e+00 nan nan
-5.3030303030e-01 -1.1969696970e+00 0.0000000000e+00 nan nan
-5.0000000000e-01 -1.1969696970e+00 0.0000000000e+00 nan nan
-4.6969696970e-01 -1.1969696970e+00 0.0000000000e+00 nan nan
-4.3939393939e-01 -1.1969696970e+00 0.0000000000e+00 nan nan
-4.0909090909e-01 -1.1969696970e+00 0.0000000000e+00 nan nan
-3.7878787879e-01 -1.1969696970e+00 0.0000000000e+00 nan nan
-3.4848484848e-01 -1.1969696970e+00 0.0000000000e+00 nan nan
-3.1818181818e-01 -1.1969696970e+00 0.0000000000e+00 nan nan
-2.8787878788e-01 -1.1969696970e+00 0.0000000000e+00 nan nan
-2.5757575758e-01 -1.1969696970e+00 0.0000000000e+00 nan nan
-2.2727272727e-01 -1.1969696970e+00 0.0000000000e+00 nan nan
-1.9696969697e-01 -1.1969696970e+00 0.0000000000e+00 nan nan
-1.6666666667e-01 -1.1969696970e+00 0.0000000000e+00 nan nan
-1.3636363636e-01 -1.1969696970e+00 0.0000000000e+00 nan nan
-1.0606060606e-01 -1.1969696970e+00 0.0000000000e+00 nan nan
-7.5757575758e-02 -1.1969696970e+00 0.0000000000e+00 nan nan
-4.5454545455e-02 -1.1969696970e+00 0.0000000000e+00 nan nan
-1.5151515152e-02 -1.1969696970e+00 0.0000000000e+00 nan nan
1.5151515152e-02 -1.1969696970e+00 0.0000000000e+00 nan nan
4.5454545455e-02 -1.1969696970e+00 0.0000000000e+00 nan nan
7.5757575758e-02 -1.1969696970e+00 0.0000000000e+00 nan nan
1.0606060606e-01 -1.1969696970e+00 0.0000000000e+00 nan nan
1.3636363636e-01 -1.1969696970e+00 0.0000000000e+00 nan nan
1.6666666667e-01 -1.1969696970e+00 0.0000000000e+00 nan nan
1.9696969697e-01 -1.1969696970e+00 0.0000000000e+00 nan nan
2.2727272727e-01 -1.1969696970e+00 0.0000000000e+00 nan nan
2.5757575758e-01 -1.1969696970e+00 0.0000000000e+00 nan nan
2.8787878788e-01 -1.1969696970e+00 0.0000000000e+00 nan nan
3.1818181818e-01 -1.1969696970e+00 0.0000000000e+00 nan nan
3.4848484848e-01 -1.1969696970e+00 0.0000000000e+00 nan nan
3.7878787879e-01 -1.1969696970e+00 0.0000000000e+00 nan nan
4.0909090909e-01 -1.1969696970e+00 0.0000000000e+00 nan nan
4.3939393939e-01 -1.1969696970e+00 0.0000000000e+00 nan nan
4.6969696970e-01 -1.1969696970e+00 0.0000000000e+00 nan nan
5.0000000000e-01 -1.1969696970e+00 0.0000000000e+00 nan nan
5.3030303030e-01 -1.1969696970e+00 0.0000000000e+00 nan nan
5.6060606061e-01 -1.1969696970e+00 0.0000000000e+00 nan nan
5.9090909091e-01 -1.1969696970e+00 0.0000000000e+00 nan nan
6.2121212121e-01 -1.1969696970e+00 0.0000000000e+00 nan nan
6.5151515152e-01 -1.1969696970e+00 0.0000000000e+00 5.3564206160e-07 -5.3878505074e-07
6.8181818182e-01 -1.1969696970e+00 0.0000000000e+00 5.3184774410e-07 -5.3505910976e-07
7.1212121212e-01 -1.1969696970e+00 0.0000000000e+00 5.2789441695e-07 -5.3117726716e-07
7.4242424242e-01 -1.1969696970e+00 0.0000000000e+00 5.2378175459e-07 -5.2713919738e-07
7.7272727273e-01 -1.1969696970e+00 0.0000000000e+00 5.1950895368e-07 -5.2294409706e-07
8.0303030303e-01 -1.1969696970e+00 0.0000000000e+00 5.1507460267e-07 -5.1859055467e-07
8.3333333333e-01 -1.1969696970e+00 0.0000000000e+00 5.1047653363e-07 -5.1407640228e-07
8.6363636364e-01 -1.1969696970e+00 0.0000000000e+00 5.0571173922e-07 -5.0939863254e-07
8.9393939394e-01 -1.1969696970e+00 0.0000000000e+00 5.0077641020e-07 -5.0455343622e-07
9.2424242424e-01 -1.1969696970e+00 0.0000000000e+00 4.9566599016e-07 -4.9953625689e-07
9.5454545455e-01 -1.1969696970e+00 0.0000000000e+00 4.9037510455e-07 -4.9434172002e-07
9.8484848485e-01 -1.1969696970e+00 0.0000000000e+00 4.8489806054e-07 -4.8896413277e-07
1.0151515152e+00 -1.1969696970e+00 0.0000000000e+00 4.7923324693e-07 -4.8340188395e-07
1.0454545455e+00 -1.1969696970e+00 0.0000000000e+00 4.7339708022e-07 -4.7767139006e-07
1.0757575758e+00 -1.1969696970e+00 0.0000000000e+00 4.6750930823e-07 -4.7189239890e-07
1.1060606061e+00 -1.1969696970e+00 0.0000000000e+00 4.6165604135e-07 -4.6615102088e-07
1.1363636364e+00 -1.1969696970e+00 0.0000000000e+00 4.5585241940e-07 -4.6046239581e-07
1.1666666667e+00 -1.1969696970e+00 0.0000000000e+00 4.5010780922e-07 -4.5483589054e-07
1.1969696970e+00 -1.1969696970e+00 0.0000000000e+00 4.4442706104e-07 -4.4927635529e-07
1.2272727273e+00 -1.1969696970e+00 0.0000000000e+00 4.3881315641e-07 -4.4378677162e-07
1.2575757576e+00 -1.1969696970e+00 0.0000000000e+00 4.3326838783e-07 -4.3836943201e-07
1.2878787879e+00 -1.1969696970e+00 0.0000000000e+00 4.2779478554e-07 -4.3302636672e-07
1.3181818182e+00 -1.1969696970e+00 0.0000000000e+00 4.2239426080e-07 -4.2775948701e-07
1.3484848485e+00 -1.1969696970e+00 0.0000000000e+00 4.1706862653e-07 -4.2257060579e-07
1.3787878788e+00 -1.1969696970e+00 0.0000000000e+00 4.1181956524e-07 -4.1746140557e-07
1.4090909091e+00 -1.1969696970e+00 0.0000000000e+00 4.0664858112e-07 -4.1243339056e-07
1.4393939394e+00 -1.1969696970e+00 0.0000000000e+00 4.0155695604e-07 -4.0748784259e-07
1.4696969697e+00 -1.1969696970e+00 0.0000000000e+00 3.9654571867e-07 -4.0262579038e-07
1.5000000000e+00 -1.1969696970e+00 0.0000000000e+00 3.9161562962e-07 -3.9784799449e-07
-1.5000000000e+00 -1.1666666667e+00 0.0000000000e+00 3.9413936096e-07 -4.0025051290e-07
-1.4696969697e+00 -1.1666666667e+00 0.0000000000e+00 3.9915937472e-07 -4.0511823349e-07
-1.4393939394e+00 -1.1666666667e+00 0.0000000000e+00 4.0427006750e-07 -4.1007974112e-07
-1.4090909091e+00 -1.1666666667e+00 0.0000000000e+00 4.0947221247e-07 -4.1513580897e-07
-1.3787878788e+00 -1.1666666667e+00 0.0000000000e+00 4.1476637536e-07 -4.2028700276e-07
-1.3484848485e+00 -1.1666666667e+00 0.0000000000e+00 4.2015284515e-07 -4.2553361148e-07
-1.3181818182e+00 -1.1666666667e+00 0.0000000000e+00 4.2563155191e-07 -4.3087556519e-07
-1.2878787879e+00 -1.1666666667e+00 0.0000000000e+00 4.3120197687e-07 -4.3631234513e-07
-1.2575757576e+00 -1.1666666667e+00 0.0000000000e+00 4.3686306335e-07 -4.4184289461e-07
-1.2272727273e+00 -1.1666666667e+00 0.0000000000e+00 4.4261313674e-07 -4.4746553902e-07
-1.1969696970e+00 -1.1666666667e+00 0.0000000000e+00 4.4844983477e-07 -4.5317791608e-07
-1.1666666667e+00 -1.1666666667e+00 0.0000000000e+00 4.5437004178e-07 -4.5897691016e-07
-1.1363636364e+00 -1.1666666667e+00 0.0000000000e+00 4.6036983946e-07 -4.6485860294e-07
-1.1060606061e+00 -1.1666666667e+00 0.0000000000e+00 4.6644456776e-07 -4.7081833435e-07
-1.0757575758e+00 -1.1666666667e+00 0.0000000000e+00 4.7258903030e-07 -4.7685090803e-07
-1.0454545455e+00 -1.1666666667e+00 0.0000000000e+00 4.7879196729e-07 -4.8294506419e-07
-1.0151515152e+00 -1.1666666667e+00 0.0000000000e+00 4.8489118200e-07 -4.8893860609e-07
-9.8484848485e-01 -1.1666666667e+00 0.0000000000e+00 4.9080722494e-07 -4.9475208424e-07
-9.5454545455e-01 -1.1666666667e+00 0.0000000000e+00 4.9653981923e-07 -5.0038522177e-07
-9.2424242424e-01 -1.1666666667e+00 0.0000000000e+00 5.0208994837e-07 -5.0583900217e-07
-8.9393939394e-01 -1.1666666667e+00 0.0000000000e+00 5.0745908932e-07 -5.1111490240e-07
-8.6363636364e-01 -1.1666666667e+00 0.0000000000e+00 5.1264865446e-07 -5.1621433485e-07
-8.3333333333e-01 -1.1666666667e+00 0.0000000000e+00 5.1765962183e-07 -5.2113827755e-07
-8.0303030303e-01 -1.1666666667e+00 0.0000000000e+00 5.2249236930e-07 -5.2588710837e-07
-7.7272727273e-01 -1.1666666667e+00 0.0000000000e+00 5.2714670319e-07 -5.3046063364e-07
-7.4242424242e-01 -1.1666666667e+00 0.0000000000e+00 5.3162200382e-07 -5.3485823368e-07
-7.1212121212e-01 -1.1666666667e+00 0.0000000000e+00 5.3591741119e-07 -5.3907904848e-07
-6.8181818182e-01 -1.1666666667e+00 0.0000000000e+00 nan nan
-6.5151515152e-01 -1.1666666667e+00 0.0000000000e+00 nan nan
-6.2121212121e-01 -1.1666666667e+00 0.0000000000e+00 nan nan
-5.9090909091e-01 -1.1666666667e+00 0.0000000000e+00 nan nan
-5.6060606061e-01 -1.1666666667e+00 0.0000000000e+00 nan nan
-5.3030303030e-01 -1.1666666667e+00 0.0000000000e+00 nan nan
-5.0000000000e-01 -1.1666666667e+00 0.0000000000e+00 nan nan
-4.6969696970e-01 -1.1666666667e+00 0.0000000000e+00 nan nan
-4.3939393939e-01 -1.1666666667e+00 0.0000000000e+00 nan nan
-4.0909090909e-01 -1.1666666667e+00 0.0000000000e+00 nan nan
-3.7878787879e-01 -1.1666666667e+00 0.0000000000e+00 nan nan
-3.4848484848e-01 -1.1666666667e+00 0.0000000000e+00 nan nan
-3.1818181818e-01 -1.1666666667e+00 0.0000000000e+00 nan nan
-2.8787878788e-01 -1.1666666667e+00 0.0000000000e+00 nan nan
-2.5757575758e-01 -1.1666666667e+00 0.0000000000e+00 nan nan
-2.2727272727e-01 -1.1666666667e+00 0.0000000000e+00 nan nan
-1.9696969697e-01 -1.1666666667e+00 0.0000000000e+00 nan nan
-1.6666666667e-01 -1.1666666667e+00 0.0000000000e+00 nan nan
-1.3636363636e-01 -1.1666666667e+00 0.0000000000e+00 nan nan
-1.0606060606e-01 -1.1666666667e+00 0.0000000000e+00 nan nan
-7.5757575758e-02 -1.1666666667e+00 0.0000000000e+00 nan nan
-4.5454545455e-02 -1.1666666667e+00 0.0000000000e+00 nan nan
-1.5151515152e-02 -1.1666666667e+00 0.0000000000e+00 nan nan
1.5151515152e-02 -1.1666666667e+00 0.0000000000e+00 nan nan
4.5454545455e-02 -1.1666666667e+00 0.0000000000e+00 nan nan
7.5757575758e-02 -1.1666666667e+00 0.0000000000e+00 nan nan
1.0606060606e-01 -1.1666666667e+00 0.0000000000e+00 nan nan
1.3636363636e-01 -1.1666666667e+00 0.0000000000e+00 nan nan
1.6666666667e-01 -1.1666666667e+00 0.0000000000e+00 nan nan
1.9696969697e-01 -1.1666666667e+00 0.0000000000e+00 nan nan
2.2727272727e-01 -1.1666666667e+00 0.0000000000e+00 nan nan
2.5757575758e-01 -1.1666666667e+00 0.0000000000e+00 nan nan
2.8787878788e-01 -1.1666666667e+00 0.0000000000e+00 nan nan
3.1818181818e-01 -1.1666666667e+00 0.0000000000e+00 nan nan
3.4848484848e-01 -1.1666666667e+00 0.0000000000e+00 nan nan
3.7878787879e-01 -1.1666666667e+00 0.0000000000e+00 nan nan
4.0909090909e-01 -1.1666666667e+00 0.0000000000e+00 nan nan
4.3939393939e-01 -1.1666666667e+00 0.0000000000e+00 nan nan
4.6969696970e-01 -1.1666666667e+00 0.0000000000e+00 nan nan
5.0000000000e-01 -1.1666666667e+00 0.0000000000e+00 nan nan
5.3030303030e-01 -1.1666666667e+00 0.0000000000e+00 nan nan
5.6060606061e-01 -1.1666666667e+00 0.0000000000e+00 nan nan
5.9090909091e-01 -1.1666666667e+00 0.0000000000e+00 nan nan
6.2121212121e-01 -1.1666666667e+00 0.0000000000e+00 nan nan
6.5151515152e-01 -1.1666666667e+00 0.0000000000e+00 nan nan
6.8181818182e-01 -1.1666666667e+00 0.0000000000e+00 nan nan
7.1212121212e-01 -1.1666666667e+00 0.0000000000e+00 5.3493736654e-07 -5.3809900383e-07
7.4242424242e-01 -1.1666666667e+00 0.0000000000e+00 5.3081805142e-07 -5.3405428127e-07
7.7272727273e-01 -1.1666666667e+00 0.0000000000e+00 5.2653652107e-07 -5.2985045153e-07
8.0303030303e-01 -1.1666666667e+00 0.0000000000e+00 5.2209142339e-07 -5.2548616247e-07
8.3333333333e-01 -1.1666666667e+00 0.0000000000e+00 5.1748085900e-07 -5.2095951472e-07
8.6363636364e-01 -1.1666666667e+00 0.0000000000e+00 5.1270237156e-07 -5.1626805195e-07
8.9393939394e-01 -1.1666666667e+00 0.0000000000e+00 5.0775300631e-07 -5.1140881939e-07
9.2424242424e-01 -1.1666666667e+00 0.0000000000e+00 5.0262944130e-07 -5.0637849510e-07
9.5454545455e-01 -1.1666666667e+00 0.0000000000e+00 4.9732828524e-07 -5.0117368777e-07
9.8484848485e-01 -1.1666666667e+00 0.0000000000e+00 4.9184697134e-07 -4.9579183065e-07
1.0151515152e+00 -1.1666666667e+00 0.0000000000e+00 4.8618598398e-07 -4.9023340807e-07
1.0454545455e+00 -1.1666666667e+00 0.0000000000e+00 4.8035151699e-07 -4.8450461389e-07
1.0757575758e+00 -1.1666666667e+00 0.0000000000e+00 4.7435370065e-07 -4.7861557839e-07
1.1060606061e+00 -1.1666666667e+00 0.0000000000e+00 4.6824139820e-07 -4.7261516479e-07
1.1363636364e+00 -1.1666666667e+00 0.0000000000e+00 4.6217980478e-07 -4.6666856826e-07
1.1666666667e+00 -1.1666666667e+00 0.0000000000e+00 4.5619265722e-07 -4.6079952560e-07
1.1969696970e+00 -1.1666666667e+00 0.0000000000e+00 4.5028103476e-07 -4.5500911608e-07
1.2272727273e+00 -1.1666666667e+00 0.0000000000e+00 4.4444583637e-07 -4.4929823864e-07
1.2575757576e+00 -1.1666666667e+00 0.0000000000e+00 4.3868814890e-07 -4.4366798015e-07
1.2878787879e+00 -1.1666666667e+00 0.0000000000e+00 4.3300929790e-07 -4.3811966615e-07
1.3181818182e+00 -1.1666666667e+00 0.0000000000e+00 4.2741080207e-07 -4.3265481535e-07
1.3484848485e+00 -1.1666666667e+00 0.0000000000e+00 4.2189427166e-07 -4.2727503799e-07
1.3787878788e+00 -1.1666666667e+00 0.0000000000e+00 4.1646128851e-07 -4.2198191591e-07
1.4090909091e+00 -1.1666666667e+00 0.0000000000e+00 4.1111329612e-07 -4.1677689263e-07
1.4393939394e+00 -1.1666666667e+00 0.0000000000e+00 4.0585151536e-07 -4.1166118899e-07
1.4696969697e+00 -1.1666666667e+00 0.0000000000e+00 4.0067689102e-07 -4.0663574979e-07
1.5000000000e+00 -1.1666666667e+00 0.0000000000e+00 3.9559006766e-07 -4.0170121960e-07
-1.5000000000e+00 -1.1363636364e+00 0.0000000000e+00 3.9799474925e-07 -4.0398779628e-07
-1.4696969697e+00 -1.1363636364e+00 0.0000000000e+00 4.0316265363e-07 -4.0900340749e-07
-1.4393939394e+00 -1.1363636364e+00 0.0000000000e+00 4.0842795159e-07 -4.1411952031e-07
-1.4090909091e+00 -1.1363636364e+00 0.0000000000e+00 4.1379182883e-07 -4.1933732042e-07
-1.3787878788e+00 -1.1363636364e+00 0.0000000000e+00 4.1925529034e-07 -4.2465781284e-07
-1.3484848485e+00 -1.1363636364e+00 0.0000000000e+00 4.2481907671e-07 -4.3008173813e-07
-1.3181818182e+00 -1.1363636364e+00 0.0000000000e+00 4.3048355761e-07 -4.3560946598e-07
-1.2878787879e+00 -1.1363636364e+00 0.0000000000e+00 4.3624860878e-07 -4.4124087213e-07
-1.2575757576e+00 -1.1363636364e+00 0.0000000000e+00 4.4211348780e-07 -4.4697521414e-07
-1.2272727273e+00 -1.1363636364e+00 0.0000000000e+00 4.4807672712e-07 -4.5281102449e-07
-1.1969696970e+00 -1.1363636364e+00 0.0000000000e+00 4.5413604809e-07 -4.5874602450e-07
-1.1666666667e+00 -1.1363636364e+00 0.0000000000e+00 4.6028826608e-07 -4.6477702956e-07
-1.1363636364e+00 -1.1363636364e+00 0.0000000000e+00 4.6652914242e-07 -4.7089980099e-07
-1.1060606061e+00 -1.1363636364e+00 0.0000000000e+00 4.7285335731e-07 -4.7710901900e-07
-1.0757575758e+00 -1.1363636364e+00 0.0000000000e+00 4.7924620938e-07 -4.8338998220e-07
-1.0454545455e+00 -1.1363636364e+00 0.0000000000e+00 4.8552513735e-07 -4.8956012934e-07
-1.0151515152e+00 -1.1363636364e+00 0.0000000000e+00 4.9162234753e-07 -4.9555166671e-07
-9.8484848485e-01 -1.1363636364e+00 0.0000000000e+00 4.9753763283e-07 -5.0136438722e-07
-9.5454545455e-01 -1.1363636364e+00 0.0000000000e+00 5.0327086924e-07 -5.0699816687e-07
-9.2424242424e-01 -1.1363636364e+00 0.0000000000e+00 5.0882251893e-07 -5.1245346782e-07
-8.9393939394e-01 -1.1363636364e+00 0.0000000000e+00 5.1419337350e-07 -5.1773108168e-07
-8.6363636364e-01 -1.1363636364e+00 0.0000000000e+00 5.1938423956e-07 -5.2283181505e-07
-8.3333333333e-01 -1.1363636364e+00 0.0000000000e+00 5.2439569943e-07 -5.2775625024e-07
-8.0303030303e-01 -1.1363636364e+00 0.0000000000e+00 5.2922798658e-07 -5.3250462075e-07
-7.7272727273e-01 -1.1363636364e+00 0.0000000000e+00 5.3388097442e-07 -5.3707679997e-07
-7.4242424242e-01 -1.1363636364e+00 0.0000000000e+00 5.3835424584e-07 -5.4147237079e-07
-7.1212121212e-01 -1.1363636364e+00 0.0000000000e+00 nan nan
-6.8181818182e-01 -1.1363636364e+00 0.0000000000e+00 nan nan
-6.5151515152e-01 -1.1363636364e+00 0.0000000000e+00 nan nan
-6.2121212121e-01 -1.1363636364e+00 0.0000000000e+00 nan nan
-5.9090909091e-01 -1.1363636364e+00 0.0000000000e+00 nan nan
-5.6060606061e-01 -1.1363636364e+00 0.0000000000e+00 nan nan
-5.3030303030e-01 -1.1363636364e+00 0.0000000000e+00 nan nan
-5.0000000000e-01 -1.1363636364e+00 0.0000000000e+00 nan nan
-4.6969696970e-01 -1.1363636364e+00 0.0000000000e+00 nan nan
-4.3939393939e-01 -1.1363636364e+00 0.0000000000e+00 nan nan
-4.0909090909e-01 -1.1363636364e+00 0.0000000000e+00 nan nan
-3.7878787879e-01 -1.1363636364e+00 0.0000000000e+00 nan nan
-3.4848484848e-01 -1.1363636364e+00 0.0000000000e+00 nan nan
-3.1818181818e-01 -1.1363636364e+00 0.0000000000e+00 nan nan
-2.8787878788e-01 -1.1363636364e+00 0.0000000000e+00 nan nan
-2.5757575758e-01 -1.1363636364e+00 0.0000000000e+00 nan nan
-2.2727272727e-01 -1.1363636364e+00 0.0000000000e+00 nan nan
-1.9696969697e-01 -1.1363636364e+00 0.0000000000e+00 nan nan
-1.6666666667e-01 -1.1363636364e+00 0.0000000000e+00 nan nan
-1.3636363636e-01 -1.1363636364e+00 0.0000000000e+00 nan nan
-1.0606060606e-01 -1.1363636364e+00 0.0000000000e+00 nan nan
-7.5757575758e-02 -1.1363636364e+00 0.0000000000e+00 nan nan
-4.5454545455e-02 -1.1363636364e+00 0.0000000000e+00 nan nan
-1.5151515152e-02 -1.1363636364e+00 0.0000000000e+00 nan nan
1.5151515152e-02 -1.1363636364e+00 0.0000000000e+00 nan nan
4.5454545455e-02 -1.1363636364e+00 0.0000000000e+00 nan nan
7.5757575758e-02 -1.1363636364e+00 0.0000000000e+00 nan nan
1.0606060606e-01 -1.1363636364e+00 0.0000000000e+00 nan nan
1.3636363636e-01 -1.1363636364e+00 0.0000000000e+00 nan nan
1.6666666667e-01 -1.1363636364e+00 0.0000000000e+00 nan nan
1.9696969697e-01 -1.1363636364e+00 0.0000000000e+00 nan nan
2.2727272727e-01 -1.1363636364e+00 0.0000000000e+00 nan nan
2.5757575758e-01 -1.1363636364e+00 0.0000000000e+00 nan nan
2.8787878788e-01 -1.1363636364e+00 0.0000000000e+00 nan nan
3.1818181818e-01 -1.1363636364e+00 0.0000000000e+00 nan nan
3.4848484848e-01 -1.1363636364e+00 0.0000000000e+00 nan nan
3.7878787879e-01 -1.1363636364e+00 0.0000000000e+00 nan nan
4.0909090909e-01 -1.1363636364e+00 0.0000000000e+00 nan nan
4.3939393939e-01 -1.1363636364e+00 0.0000000000e+00 nan nan
4.6969696970e-01 -1.1363636364e+00 0.0000000000e+00 nan nan
5.0000000000e-01 -1.1363636364e+00 0.0000000000e+00 nan nan
5.3030303030e-01 -1.1363636364e+00 0.0000000000e+00 nan nan
5.6060606061e-01 -1.1363636364e+00 0.0000000000e+00 nan nan
5.9090909091e-01 -1.1363636364e+00 0.0000000000e+00 nan nan
6.2121212121e-01 -1.1363636364e+00 0.0000000000e+00 nan nan
6.5151515152e-01 -1.1363636364e+00 0.0000000000e+00 nan nan
6.8181818182e-01 -1.1363636364e+00 0.0000000000e+00 nan nan
7.1212121212e-01 -1.1363636364e+00 0.0000000000e+00 nan nan
7.4242424242e-01 -1.1363636364e+00 0.0000000000e+00 5.3766334275e-07 -5.4078146770e-07
7.7272727273e-01 -1.1363636364e+00 0.0000000000e+00 5.3337389245e-07 -5.3656971800e-07
8.0303030303e-01 -1.1363636364e+00 0.0000000000e+00 5.2891943799e-07 -5.3219607215e-07
8.3333333333e-01 -1.1363636364e+00 0.0000000000e+00 5.2429837661e-07 -5.2765892742e-07
8.6363636364e-01 -1.1363636364e+00 0.0000000000e+00 5.1950873418e-07 -5.2295630966e-07
8.9393939394e-01 -1.1363636364e+00 0.0000000000e+00 5.1454824263e-07 -5.1808595080e-07
9.2424242424e-01 -1.1363636364e+00 0.0000000000e+00 5.0941449484e-07 -5.1304544373e-07
9.5454545455e-01 -1.1363636364e+00 0.0000000000e+00 5.0410524132e-07 -5.0783253895e-07
9.8484848485e-01 -1.1363636364e+00 0.0000000000e+00 4.9861894577e-07 -5.0244570016e-07
1.0151515152e+00 -1.1363636364e+00 0.0000000000e+00 4.9295557817e-07 -4.9688489735e-07
1.0454545455e+00 -1.1363636364e+00 0.0000000000e+00 4.8711692591e-07 -4.9115191790e-07
1.0757575758e+00 -1.1363636364e+00 0.0000000000e+00 4.8110488381e-07 -4.8524865664e-07
1.1060606061e+00 -1.1363636364e+00 0.0000000000e+00 4.7491608198e-07 -4.7917174367e-07
1.1363636364e+00 -1.1363636364e+00 0.0000000000e+00 4.6859965848e-07 -4.7297031705e-07
1.1666666667e+00 -1.1363636364e+00 0.0000000000e+00 4.6236095562e-07 -4.6684971910e-07
1.1969696970e+00 -1.1363636364e+00 0.0000000000e+00 4.5621121204e-07 -4.6082118845e-07
1.2272727273e+00 -1.1363636364e+00 0.0000000000e+00 4.5014808743e-07 -4.5488238479e-07
1.2575757576e+00 -1.1363636364e+00 0.0000000000e+00 4.4417104326e-07 -4.4903276961e-07
1.2878787879e+00 -1.1363636364e+00 0.0000000000e+00 4.3828056702e-07 -4.4327283037e-07
1.3181818182e+00 -1.1363636364e+00 0.0000000000e+00 4.3247779545e-07 -4.3760370382e-07
1.3484848485e+00 -1.1363636364e+00 0.0000000000e+00 4.2676421128e-07 -4.3202687271e-07
1.3787878788e+00 -1.1363636364e+00 0.0000000000e+00 4.2114138696e-07 -4.2654390946e-07
1.4090909091e+00 -1.1363636364e+00 0.0000000000e+00 4.1561078561e-07 -4.2115627721e-07
1.4393939394e+00 -1.1363636364e+00 0.0000000000e+00 4.1017362396e-07 -4.1586519268e-07
1.4696969697e+00 -1.1363636364e+00 0.0000000000e+00 4.0483079387e-07 -4.1067154774e-07
1.5000000000e+00 -1.1363636364e+00 0.0000000000e+00 3.9958283238e-07 -4.0557587941e-07
-1.5000000000e+00 -1.1060606061e+00 0.0000000000e+00 4.0185881319e-07 -4.0773686334e-07
-1.4696969697e+00 -1.1060606061e+00 0.0000000000e+00 4.0717738795e-07 -4.1290314493e-07
-1.4393939394e+00 -1.1060606061e+00 0.0000000000e+00 4.1260037433e-07 -4.1817694617e-07
-1.4090909091e+00 -1.1060606061e+00 0.0000000000e+00 4.1812944162e-07 -4.2355993633e-07
-1.3787878788e+00 -1.1060606061e+00 0.0000000000e+00 4.2376612760e-07 -4.2905365321e-07
-1.3484848485e+00 -1.1060606061e+00 0.0000000000e+00 4.2951173958e-07 -4.3465940412e-07
-1.3181818182e+00 -1.1060606061e+00 0.0000000000e+00 4.3536721372e-07 -4.4037812520e-07
-1.2878787879e+00 -1.1060606061e+00 0.0000000000e+00 4.4133293509e-07 -4.4621020155e-07
-1.2575757576e+00 -1.1060606061e+00 0.0000000000e+00 4.4740854214e-07 -4.5215527160e-07
-1.2272727273e+00 -1.1060606061e+00 0.0000000000e+00 4.5359276012e-07 -4.5821206060e-07
-1.1969696970e+00 -1.1060606061e+00 0.0000000000e+00 4.5988329202e-07 -4.6437827154e-07
-1.1666666667e+00 -1.1060606061e+00 0.0000000000e+00 4.6627673163e-07 -4.7065049822e-07
-1.1363636364e+00 -1.1060606061e+00 0.0000000000e+00 4.7276840436e-07 -4.7702406605e-07
-1.1060606061e+00 -1.1060606061e+00 0.0000000000e+00 4.7933928106e-07 -4.8347994586e-07
-1.0757575758e+00 -1.1060606061e+00 0.0000000000e+00 4.8579695720e-07 -4.8982573314e-07
-1.0454545455e+00 -1.1060606061e+00 0.0000000000e+00 4.9207509472e-07 -4.9599508983e-07
-1.0151515152e+00 -1.1060606061e+00 0.0000000000e+00 4.9817245298e-07 -5.0198677528e-07
-9.8484848485e-01 -1.1060606061e+00 0.0000000000e+00 5.0408846135e-07 -5.0780021886e-07
-9.5454545455e-01 -1.1060606061e+00 0.0000000000e+00 5.0982294329e-07 -5.1343524403e-07
-9.2424242424e-01 -1.1060606061e+00 0.0000000000e+00 5.1537610568e-07 -5.1889205768e-07
-8.9393939394e-01 -1.1060606061e+00 0.0000000000e+00 5.2074838827e-07 -5.2417109956e-07
-8.6363636364e-01 -1.1060606061e+00 0.0000000000e+00 5.2594027123e-07 -5.2927284982e-07
-8.3333333333e-01 -1.1060606061e+00 0.0000000000e+00 5.3095211744e-07 -5.3419767137e-07
-8.0303030303e-01 -1.1060606061e+00 0.0000000000e+00 5.3578408083e-07 -5.3894571811e-07
-7.7272727273e-01 -1.1060606061e+00 0.0000000000e+00 nan nan
-7.4242424242e-01 -1.1060606061e+00 0.0000000000e+00 nan nan
-7.1212121212e-01 -1.1060606061e+00 0.0000000000e+00 nan nan
-6.8181818182e-01 -1.1060606061e+00 0.0000000000e+00 nan nan
-6.5151515152e-01 -1.1060606061e+00 0.0000000000e+00 nan nan
-6.2121212121e-01 -1.1060606061e+00 0.0000000000e+00 nan nan
-5.9090909091e-01 -1.1060606061e+00 0.0000000000e+00 nan nan
-5.6060606061e-01 -1.1060606061e+00 0.0000000000e+00 nan nan
-5.3030303030e-01 -1.1060606061e+00 0.0000000000e+00 nan nan
-5.0000000000e-01 -1.1060606061e+00 0.0000000000e+00 nan nan
-4.6969696970e-01 -1.1060606061e+00 0.0000000000e+00 nan nan
-4.3939393939e-01 -1.1060606061e+00 0.0000000000e+00 nan nan
-4.0909090909e-01 -1.1060606061e+00 0.0000000000e+00 nan nan
-3.7878787879e-01 -1.1060606061e+00 0.0000000000e+00 nan nan
-3.4848484848e-01 -1.1060606061e+00 0.0000000000e+00 nan nan
-3.1818181818e-01 -1.1060606061e+00 0.0000000000e+00 nan nan
-2.8787878788e-01 -1.1060606061e+00 0.0000000000e+00 nan nan
-2.5757575758e-01 -1.1060606061e+00 0.0000000000e+00 nan nan
-2.2727272727e-01 -1.1060606061e+00 0.0000000000e+00 nan nan
-1.9696969697e-01 -1.1060606061e+00 0.0000000000e+00 nan nan
-1.6666666667e-01 -1.1060606061e+00 0.0000000000e+00 nan nan
-1.3636363636e-01 -1.1060606061e+00 0.0000000000e+00 nan nan
-1.0606060606e-01 -1.1060606061e+00 0.0000000000e+00 nan nan
-7.5757575758e-02 -1.1060606061e+00 0.0000000000e+00 nan nan
-4.5454545455e-02 -1.1060606061e+00 0.0000000000e+00 nan nan
-1.5151515152e-02 -1.1060606061e+00 0.0000000000e+00 nan nan
1.5151515152e-02 -1.1060606061e+00 0.0000000000e+00 nan nan
4.5454545455e-02 -1.1060606061e+00 0.0000000000e+00 nan nan
7.5757575758e-02 -1.1060606061e+00 0.0000000000e+00 nan nan
1.0606060606e-01 -1.1060606061e+00 0.0000000000e+00 nan nan
1.3636363636e-01 -1.1060606061e+00 0.0000000000e+00 nan nan
1.6666666667e-01 -1.1060606061e+00 0.0000000000e+00 nan nan
1.9696969697e-01 -1.1060606061e+00 0.0000000000e+00 nan nan
2.2727272727e-01 -1.1060606061e+00 0.0000000000e+00 nan nan
2.5757575758e-01 -1.1060606061e+00 0.0000000000e+00 nan nan
2.8787878788e-01 -1.1060606061e+00 0.0000000000e+00 nan nan
3.1818181818e-01 -1.1060606061e+00 0.0000000000e+00 nan nan
3.4848484848e-01 -1.1060606061e+00 0.0000000000e+00 nan nan
3.7878787879e-01 -1.1060606061e+00 0.0000000000e+00 nan nan
4.0909090909e-01 -1.1060606061e+00 0.0000000000e+00 nan nan
4.3939393939e-01 -1.1060606061e+00 0.0000000000e+00 nan nan
4.6969696970e-01 -1.1060606061e+00 0.0000000000e+00 nan nan
5.0000000000e-01 -1.1060606061e+00 0.0000000000e+00 nan nan
5.3030303030e-01 -1.1060606061e+00 0.0000000000e+00 nan nan
5.6060606061e-01 -1.1060606061e+00 0.0000000000e+00 nan nan
5.9090909091e-01 -1.1060606061e+00 0.0000000000e+00 nan nan
6.2121212121e-01 -1.1060606061e+00 0.0000000000e+00 nan nan
6.5151515152e-01 -1.1060606061e+00 0.0000000000e+00 nan nan
6.8181818182e-01 -1.1060606061e+00 0.0000000000e+00 nan nan
7.1212121212e-01 -1.1060606061e+00 0.0000000000e+00 nan nan
7.4242424242e-01 -1.1060606061e+00 0.0000000000e+00 nan nan
7.7272727273e-01 -1.1060606061e+00 0.0000000000e+00 nan nan
8.0303030303e-01 -1.1060606061e+00 0.0000000000e+00 5.3556099154e-07 -5.3872262882e-07
8.3333333333e-01 -1.1060606061e+00 0.0000000000e+00 5.3093097983e-07 -5.3417653376e-07
8.6363636364e-01 -1.1060606061e+00 0.0000000000e+00 5.2613203138e-07 -5.2946460998e-07
8.9393939394e-01 -1.1060606061e+00 0.0000000000e+00 5.2116240078e-07 -5.2458511207e-07
9.2424242424e-01 -1.1060606061e+00 0.0000000000e+00 5.1602029764e-07 -5.1953624964e-07
9.5454545455e-01 -1.1060606061e+00 0.0000000000e+00 5.1070408528e-07 -5.1431638603e-07
9.8484848485e-01 -1.1060606061e+00 0.0000000000e+00 5.0521254487e-07 -5.0892430238e-07
1.0151515152e+00 -1.1060606061e+00 0.0000000000e+00 4.9954508686e-07 -5.0335940915e-07
1.0454545455e+00 -1.1060606061e+00 0.0000000000e+00 4.9370156279e-07 -4.9762155790e-07
1.0757575758e+00 -1.1060606061e+00 0.0000000000e+00 4.8768122249e-07 -4.9170999844e-07
1.1060606061e+00 -1.1060606061e+00 0.0000000000e+00 4.8148080753e-07 -4.8562147234e-07
1.1363636364e+00 -1.1060606061e+00 0.0000000000e+00 4.7509290686e-07 -4.7934856855e-07
1.1666666667e+00 -1.1060606061e+00 0.0000000000e+00 4.6860509496e-07 -4.7297886156e-07
1.1969696970e+00 -1.1060606061e+00 0.0000000000e+00 4.6221228475e-07 -4.6670726427e-07
1.2272727273e+00 -1.1060606061e+00 0.0000000000e+00 4.5591589653e-07 -4.6053519702e-07
1.2575757576e+00 -1.1060606061e+00 0.0000000000e+00 4.4971377066e-07 -4.5446050012e-07
1.2878787879e+00 -1.1060606061e+00 0.0000000000e+00 4.4360560299e-07 -4.4848286945e-07
1.3181818182e+00 -1.1060606061e+00 0.0000000000e+00 4.3759230317e-07 -4.4260321465e-07
1.3484848485e+00 -1.1060606061e+00 0.0000000000e+00 4.3167541762e-07 -4.3682308216e-07
1.3787878788e+00 -1.1060606061e+00 0.0000000000e+00 4.2585668634e-07 -4.3114421195e-07
1.4090909091e+00 -1.1060606061e+00 0.0000000000e+00 4.2013772892e-07 -4.2556822363e-07
1.4393939394e+00 -1.1060606061e+00 0.0000000000e+00 4.1451984590e-07 -4.2009641774e-07
1.4696969697e+00 -1.1060606061e+00 0.0000000000e+00 4.0900391915e-07 -4.1472967613e-07
1.5000000000e+00 -1.1060606061e+00 0.0000000000e+00 4.0359038682e-07 -4.0946843697e-07
-1.5000000000e+00 -1.0757575758e+00 0.0000000000e+00 4.0572818192e-07 -4.1149434321e-07
-1.4696969697e+00 -1.0757575758e+00 0.0000000000e+00 4.1120000995e-07 -4.1681387807e-07
-1.4393939394e+00 -1.0757575758e+00 0.0000000000e+00 4.1678354912e-07 -4.2224823209e-07
-1.4090909091e+00 -1.0757575758e+00 0.0000000000e+00 4.2248103535e-07 -4.2779964120e-07
-1.3787878788e+00 -1.0757575758e+00 0.0000000000e+00 4.2829466036e-07 -4.3347029711e-07
-1.3484848485e+00 -1.0757575758e+00 0.0000000000e+00 4.3422646442e-07 -4.3926224010e-07
-1.3181818182e+00 -1.0757575758e+00 0.0000000000e+00 4.4027815590e-07 -4.4517717853e-07
-1.2878787879e+00 -1.0757575758e+00 0.0000000000e+00 4.4645083720e-07 -4.5121621480e-07
-1.2575757576e+00 -1.0757575758e+00 0.0000000000e+00 4.5274465292e-07 -4.5737949352e-07
-1.2272727273e+00 -1.0757575758e+00 0.0000000000e+00 4.5915845467e-07 -4.6366586629e-07
-1.1969696970e+00 -1.0757575758e+00 0.0000000000e+00 4.6568959529e-07 -4.7007268596e-07
-1.1666666667e+00 -1.0757575758e+00 0.0000000000e+00 4.7233384587e-07 -4.7659572361e-07
-1.1363636364e+00 -1.0757575758e+00 0.0000000000e+00 4.7907341391e-07 -4.8321718674e-07
-1.1060606061e+00 -1.0757575758e+00 0.0000000000e+00 4.8570720924e-07 -4.8973598519e-07
-1.0757575758e+00 -1.0757575758e+00 0.0000000000e+00 4.9216487490e-07 -4.9608176199e-07
-1.0454545455e+00 -1.0757575758e+00 0.0000000000e+00 4.9844391356e-07 -5.0225201981e-07
-1.0151515152e+00 -1.0757575758e+00 0.0000000000e+00 5.0454263402e-07 -5.0824506746e-07
-9.8484848485e-01 -1.0757575758e+00 0.0000000000e+00 5.1046018863e-07 -5.1406005728e-07
-9.5454545455e-01 -1.0757575758e+00 0.0000000000e+00 5.1619628572e-07 -5.1969669760e-07
-9.2424242424e-01 -1.0757575758e+00 0.0000000000e+00 5.2175099465e-07 -5.2515505780e-07
-8.9393939394e-01 -1.0757575758e+00 0.0000000000e+00 5.2712458111e-07 -5.3043540354e-07
-8.6363636364e-01 -1.0757575758e+00 0.0000000000e+00 5.3231736059e-07 -5.3553805033e-07
-8.3333333333e-01 -1.0757575758e+00 0.0000000000e+00 5.3732958559e-07 -5.4046325066e-07
-8.0303030303e-01 -1.0757575758e+00 0.0000000000e+00 nan nan
-7.7272727273e-01 -1.0757575758e+00 0.0000000000e+00 nan nan
-7.4242424242e-01 -1.0757575758e+00 0.0000000000e+00 nan nan
-7.1212121212e-01 -1.0757575758e+00 0.0000000000e+00 nan nan
-6.8181818182e-01 -1.0757575758e+00 0.0000000000e+00 nan nan
-6.5151515152e-01 -1.0757575758e+00 0.0000000000e+00 nan nan
-6.2121212121e-01 -1.0757575758e+00 0.0000000000e+00 nan nan
-5.9090909091e-01 -1.0757575758e+00 0.0000000000e+00 nan nan
-5.6060606061e-01 -1.0757575758e+00 0.0000000000e+00 nan nan
-5.3030303030e-01 -1.0757575758e+00 0.0000000000e+00 nan nan
-5.0000000000e-01 -1.0757575758e+00 0.0000000000e+00 nan nan
-4.6969696970e-01 -1.0757575758e+00 0.0000000000e+00 nan nan
-4.3939393939e-01 -1.0757575758e+00 0.0000000000e+00 nan nan
-4.0909090909e-01 -1.0757575758e+00 0.0000000000e+00 nan nan
-3.7878787879e-01 -1.0757575758e+00 0.0000000000e+00 nan nan
-3.4848484848e-01 -1.0757575758e+00 0.0000000000e+00 nan nan
-3.1818181818e-01 -1.0757575758e+00 0.0000000000e+00 nan nan
-2.8787878788e-01 -1.0757575758e+00 0.0000000000e+00 nan nan
-2.5757575758e-01 -1.0757575758e+00 0.0000000000e+00 nan nan
-2.2727272727e-01 -1.0757575758e+00 0.0000000000e+00 nan nan
-1.9696969697e-01 -1.0757575758e+00 0.0000000000e+00 nan nan
-1.6666666667e-01 -1.0757575758e+00 0.0000000000e+00 nan nan
-1.3636363636e-01 -1.0757575758e+00 0.0000000000e+00 nan nan
-1.0606060606e-01 -1.0757575758e+00 0.0000000000e+00 nan nan
-7.5757575758e-02 -1.0757575758e+00 0.0000000000e+00 nan nan
-4.5454545455e-02 -1.0757575758e+00 0.0000000000e+00 nan nan
-1.5151515152e-02 -1.0757575758e+00 0.0000000000e+00 nan nan
1.5151515152e-02 -1.0757575758e+00 0.0000000000e+00 nan nan
4.5454545455e-02 -1.0757575758e+00 0.0000000000e+00 nan nan
7.5757575758e-02 -1.0757575758e+00 0.0000000000e+00 nan nan
1.0606060606e-01 -1.0757575758e+00 0.0000000000e+00 nan nan
1.3636363636e-01 -1.0757575758e+00 0.0000000000e+00 nan nan
1.6666666667e-01 -1.0757575758e+00 0.0000000000e+00 nan nan
1.9696969697e-01 -1.0757575758e+00 0.0000000000e+00 nan nan
2.2727272727e-01 -1.0757575758e+00 0.0000000000e+00 nan nan
2.5757575758e-01 -1.0757575758e+00 0.0000000000e+00 nan nan
2.8787878788e-01 -1.0757575758e+00 0.0000000000e+00 nan nan
3.1818181818e-01 -1.0757575758e+00 0.0000000000e+00 nan nan
3.4848484848e-01 -1.0757575758e+00 0.0000000000e+00 nan nan
3.7878787879e-01 -1.0757575758e+00 0.0000000000e+00 nan nan
4.0909090909e-01 -1.0757575758e+00 0.0000000000e+00 nan nan
4.3939393939e-01 -1.0757575758e+00 0.0000000000e+00 nan nan
4.6969696970e-01 -1.0757575758e+00 0.0000000000e+00 nan nan
5.0000000000e-01 -1.0757575758e+00 0.0000000000e+00 nan nan
5.3030303030e-01 -1.0757575758e+00 0.0000000000e+00 nan nan
5.6060606061e-01 -1.0757575758e+00 0.0000000000e+00 nan nan
5.9090909091e-01 -1.0757575758e+00 0.0000000000e+00 nan nan
6.2121212121e-01 -1.0757575758e+00 0.0000000000e+00 nan nan
6.5151515152e-01 -1.0757575758e+00 0.0000000000e+00 nan nan
6.8181818182e-01 -1.0757575758e+00 0.0000000000e+00 nan nan
7.1212121212e-01 -1.0757575758e+00 0.0000000000e+00 nan nan
7.4242424242e-01 -1.0757575758e+00 0.0000000000e+00 nan nan
7.7272727273e-01 -1.0757575758e+00 0.0000000000e+00 nan nan
8.0303030303e-01 -1.0757575758e+00 0.0000000000e+00 nan nan
8.3333333333e-01 -1.0757575758e+00 0.0000000000e+00 5.3737990223e-07 -5.4051356730e-07
8.6363636364e-01 -1.0757575758e+00 0.0000000000e+00 5.3257298156e-07 -5.3579367130e-07
8.9393939394e-01 -1.0757575758e+00 0.0000000000e+00 5.2759557463e-07 -5.3090639706e-07
9.2424242424e-01 -1.0757575758e+00 0.0000000000e+00 5.2244631117e-07 -5.2585037432e-07
9.5454545455e-01 -1.0757575758e+00 0.0000000000e+00 5.1712392022e-07 -5.2062433211e-07
9.8484848485e-01 -1.0757575758e+00 0.0000000000e+00 5.1162734161e-07 -5.1522721026e-07
1.0151515152e+00 -1.0757575758e+00 0.0000000000e+00 5.0595575331e-07 -5.0965818675e-07
1.0454545455e+00 -1.0757575758e+00 0.0000000000e+00 5.0010837971e-07 -5.0391648596e-07
1.0757575758e+00 -1.0757575758e+00 0.0000000000e+00 4.9408398487e-07 -4.9800087196e-07
1.1060606061e+00 -1.0757575758e+00 0.0000000000e+00 4.8788017301e-07 -4.9190894896e-07
1.1363636364e+00 -1.0757575758e+00 0.0000000000e+00 4.8149284847e-07 -4.8563662130e-07
1.1666666667e+00 -1.0757575758e+00 0.0000000000e+00 4.7491624146e-07 -4.7917811919e-07
1.1969696970e+00 -1.0757575758e+00 0.0000000000e+00 4.6827858859e-07 -4.7266167926e-07
1.2272727273e+00 -1.0757575758e+00 0.0000000000e+00 4.6174527982e-07 -4.6625269144e-07
1.2575757576e+00 -1.0757575758e+00 0.0000000000e+00 4.5531321570e-07 -4.5994805630e-07
1.2878787879e+00 -1.0757575758e+00 0.0000000000e+00 4.4898156801e-07 -4.5374694561e-07
1.3181818182e+00 -1.0757575758e+00 0.0000000000e+00 4.4275142740e-07 -4.4765045003e-07
1.3484848485e+00 -1.0757575758e+00 0.0000000000e+00 4.3662477335e-07 -4.4166054903e-07
1.3787878788e+00 -1.0757575758e+00 0.0000000000e+00 4.3060381116e-07 -4.3577944792e-07
1.4090909091e+00 -1.0757575758e+00 0.0000000000e+00 4.2469052672e-07 -4.3000913257e-07
1.4393939394e+00 -1.0757575758e+00 0.0000000000e+00 4.1888642451e-07 -4.2435110749e-07
1.4696969697e+00 -1.0757575758e+00 0.0000000000e+00 4.1319242395e-07 -4.1880629207e-07
1.5000000000e+00 -1.0757575758e+00 0.0000000000e+00 4.0760886371e-07 -4.1337502500e-07
-1.5000000000e+00 -1.0454545455e+00 0.0000000000e+00 4.0959934592e-07 -4.1525672638e-07
-1.4696969697e+00 -1.0454545455e+00 0.0000000000e+00 4.1522677541e-07 -4.2073186269e-07
-1.4393939394e+00 -1.0454545455e+00 0.0000000000e+00 4.2097345437e-07 -4.2632935651e-07
-1.4090909091e+00 -1.0454545455e+00 0.0000000000e+00 4.2684227556e-07 -4.3205210058e-07
-1.3787878788e+00 -1.0454545455e+00 0.0000000000e+00 4.3283623416e-07 -4.3790309008e-07
-1.3484848485e+00 -1.0454545455e+00 0.0000000000e+00 4.3895833998e-07 -4.4388533482e-07
-1.3181818182e+00 -1.0454545455e+00 0.0000000000e+00 4.4521141971e-07 -4.5000166151e-07
-1.2878787879e+00 -1.0454545455e+00 0.0000000000e+00 4.5159772064e-07 -4.5625431741e-07
-1.2575757576e+00 -1.0454545455e+00 0.0000000000e+00 4.5811822495e-07 -4.6264428471e-07
-1.2272727273e+00 -1.0454545455e+00 0.0000000000e+00 4.6477178942e-07 -4.6917042020e-07
-1.1969696970e+00 -1.0454545455e+00 0.0000000000e+00 4.7155451697e-07 -4.7582882681e-07
-1.1666666667e+00 -1.0454545455e+00 0.0000000000e+00 4.7844986986e-07 -4.8260296676e-07
-1.1363636364e+00 -1.0454545455e+00 0.0000000000e+00 4.8525661125e-07 -4.8929160324e-07
-1.1060606061e+00 -1.0454545455e+00 0.0000000000e+00 4.9189224753e-07 -4.9581224264e-07
-1.0757575758e+00 -1.0454545455e+00 0.0000000000e+00 4.9835216159e-07 -5.0216026784e-07
-1.0454545455e+00 -1.0454545455e+00 0.0000000000e+00 5.0463340857e-07 -5.0833273399e-07
-1.0151515152e+00 -1.0454545455e+00 0.0000000000e+00 5.1073422869e-07 -5.1432788129e-07
-9.8484848485e-01 -1.0454545455e+00 0.0000000000e+00 5.1665372916e-07 -5.2014481697e-07
-9.5454545455e-01 -1.0454545455e+00 0.0000000000e+00 5.2239158565e-07 -5.2578321670e-07
-9.2424242424e-01 -1.0454545455e+00 0.0000000000e+00 5.2794781478e-07 -5.3124309709e-07
-8.9393939394e-01 -1.0454545455e+00 0.0000000000e+00 5.3332260784e-07 -5.3652464944e-07
-8.6363636364e-01 -1.0454545455e+00 0.0000000000e+00 5.3851620727e-07 -5.4162811617e-07
-8.3333333333e-01 -1.0454545455e+00 0.0000000000e+00 nan nan
-8.0303030303e-01 -1.0454545455e+00 0.0000000000e+00 nan nan
-7.7272727273e-01 -1.0454545455e+00 0.0000000000e+00 nan nan
-7.4242424242e-01 -1.0454545455e+00 0.0000000000e+00 nan nan
-7.1212121212e-01 -1.0454545455e+00 0.0000000000e+00 nan nan
-6.8181818182e-01 -1.0454545455e+00 0.0000000000e+00 nan nan
-6.5151515152e-01 -1.0454545455e+00 0.0000000000e+00 nan nan
-6.2121212121e-01 -1.0454545455e+00 0.0000000000e+00 nan nan
-5.9090909091e-01 -1.0454545455e+00 0.0000000000e+00 nan nan
-5.6060606061e-01 -1.0454545455e+00 0.0000000000e+00 nan nan
-5.3030303030e-01 -1.0454545455e+00 0.0000000000e+00 nan nan
-5.0000000000e-01 -1.0454545455e+00 0.0000000000e+00 nan nan
-4.6969696970e-01 -1.0454545455e+00 0.0000000000e+00 nan nan
-4.3939393939e-01 -1.0454545455e+00 0.0000000000e+00 nan nan
-4.0909090909e-01 -1.0454545455e+00 0.0000000000e+00 nan nan
-3.7878787879e-01 -1.0454545455e+00 0.0000000000e+00 nan nan
-3.4848484848e-01 -1.0454545455e+00 0.0000000000e+00 nan nan
-3.1818181818e-01 -1.0454545455e+00 0.0000000000e+00 nan nan
-2.8787878788e-01 -1.0454545455e+00 0.0000000000e+00 nan nan
-2.5757575758e-01 -1.0454545455e+00 0.0000000000e+00 nan nan
-2.2727272727e-01 -1.0454545455e+00 0.0000000000e+00 nan nan
-1.9696969697e-01 -1.0454545455e+00 0.0000000000e+00 nan nan
-1.6666666667e-01 -1.0454545455e+00 0.0000000000e+00 nan nan
-1.3636363636e-01 -1.0454545455e+00 0.0000000000e+00 nan nan
-1.0606060606e-01 -1.0454545455e+00 0.0000000000e+00 nan nan
-7.5757575758e-02 -1.0454545455e+00 0.0000000000e+00 nan nan
-4.5454545455e-02 -1.0454545455e+00 0.0000000000e+00 nan nan
-1.5151515152e-02 -1.0454545455e+00 0.0000000000e+00 nan nan
1.5151515152e-02 -1.0454545455e+00 0.0000000000e+00 nan nan
4.5454545455e-02 -1.0454545455e+00 0.0000000000e+00 nan nan
7.5757575758e-02 -1.0454545455e+00 0.0000000000e+00 nan nan
1.0606060606e-01 -1.0454545455e+00 0.0000000000e+00 nan nan
1.3636363636e-01 -1.0454545455e+00 0.0000000000e+00 nan nan
1.6666666667e-01 -1.0454545455e+00 0.0000000000e+00 nan nan
1.9696969697e-01 -1.0454545455e+00 0.0000000000e+00 nan nan
2.2727272727e-01 -1.0454545455e+00 0.0000000000e+00 nan nan
2.5757575758e-01 -1.0454545455e+00 0.0000000000e+00 nan nan
2.8787878788e-01 -1.0454545455e+00 0.0000000000e+00 nan nan
3.1818181818e-01 -1.0454545455e+00 0.0000000000e+00 nan nan
3.4848484848e-01 -1.0454545455e+00 0.0000000000e+00 nan nan
3.7878787879e-01 -1.0454545455e+00 0.0000000000e+00 nan nan
4.0909090909e-01 -1.0454545455e+00 0.0000000000e+00 nan nan
4.3939393939e-01 -1.0454545455e+00 0.0000000000e+00 nan nan
4.6969696970e-01 -1.0454545455e+00 0.0000000000e+00 nan nan
5.0000000000e-01 -1.0454545455e+00 0.0000000000e+00 nan nan
5.3030303030e-01 -1.0454545455e+00 0.0000000000e+00 nan nan
5.6060606061e-01 -1.0454545455e+00 0.0000000000e+00 nan nan
5.9090909091e-01 -1.0454545455e+00 0.0000000000e+00 nan nan
6.2121212121e-01 -1.0454545455e+00 0.0000000000e+00 nan nan
6.5151515152e-01 -1.0454545455e+00 0.0000000000e+00 nan nan
6.8181818182e-01 -1.0454545455e+00 0.0000000000e+00 nan nan
7.1212121212e-01 -1.0454545455e+00 0.0000000000e+00 nan nan
7.4242424242e-01 -1.0454545455e+00 0.0000000000e+00 nan nan
7.7272727273e-01 -1.0454545455e+00 0.0000000000e+00 nan nan
8.0303030303e-01 -1.0454545455e+00 0.0000000000e+00 nan nan
8.3333333333e-01 -1.0454545455e+00 0.0000000000e+00 nan nan
8.6363636364e-01 -1.0454545455e+00 0.0000000000e+00 5.3883200817e-07 -5.4194391707e-07
8.9393939394e-01 -1.0454545455e+00 0.0000000000e+00 5.3384776342e-07 -5.3704980502e-07
9.2424242424e-01 -1.0454545455e+00 0.0000000000e+00 5.2869214818e-07 -5.3198743049e-07
9.5454545455e-01 -1.0454545455e+00 0.0000000000e+00 5.2336415419e-07 -5.2675578524e-07
9.8484848485e-01 -1.0454545455e+00 0.0000000000e+00 5.1786287870e-07 -5.2135396652e-07
1.0151515152e+00 -1.0454545455e+00 0.0000000000e+00 5.1218751500e-07 -5.1578116761e-07
1.0454545455e+00 -1.0454545455e+00 0.0000000000e+00 5.0633723994e-07 -5.1003656535e-07
1.0757575758e+00 -1.0454545455e+00 0.0000000000e+00 5.0031098929e-07 -5.0411909554e-07
1.1060606061e+00 -1.0454545455e+00 0.0000000000e+00 4.9410718846e-07 -4.9802718357e-07
1.1363636364e+00 -1.0454545455e+00 0.0000000000e+00 4.8772354654e-07 -4.9175853853e-07
1.1666666667e+00 -1.0454545455e+00 0.0000000000e+00 4.8115698207e-07 -4.8531007897e-07
1.1969696970e+00 -1.0454545455e+00 0.0000000000e+00 4.7440439984e-07 -4.7867870967e-07
1.2272727273e+00 -1.0454545455e+00 0.0000000000e+00 4.6763302693e-07 -4.7203165772e-07
1.2575757576e+00 -1.0454545455e+00 0.0000000000e+00 4.6096700679e-07 -4.6549306655e-07
1.2878787879e+00 -1.0454545455e+00 0.0000000000e+00 4.5440611356e-07 -4.5906271033e-07
1.3181818182e+00 -1.0454545455e+00 0.0000000000e+00 4.4795249108e-07 -4.5274273288e-07
1.3484848485e+00 -1.0454545455e+00 0.0000000000e+00 4.4160913785e-07 -4.4653613270e-07
1.3787878788e+00 -1.0454545455e+00 0.0000000000e+00 4.3537917798e-07 -4.4044603390e-07
1.4090909091e+00 -1.0454545455e+00 0.0000000000e+00 4.2926526012e-07 -4.3447508514e-07
1.4393939394e+00 -1.0454545455e+00 0.0000000000e+00 4.2326923400e-07 -4.2862513614e-07
1.4696969697e+00 -1.0454545455e+00 0.0000000000e+00 4.1739208770e-07 -4.2289717498e-07
1.5000000000e+00 -1.0454545455e+00 0.0000000000e+00 4.1163403195e-07 -4.1729141240e-07
-1.5000000000e+00 -1.0151515152e+00 0.0000000000e+00 4.1346868972e-07 -4.1902039736e-07
-1.4696969697e+00 -1.0151515152e+00 0.0000000000e+00 4.1925379736e-07 -4.2465321183e-07
-1.4393939394e+00 -1.0151515152e+00 0.0000000000e+00 4.2516585941e-07 -4.3041608874e-07
-1.4090909091e+00 -1.0151515152e+00 0.0000000000e+00 4.3120850767e-07 -4.3631265988e-07
-1.3787878788e+00 -1.0151515152e+00 0.0000000000e+00 4.3738570274e-07 -4.4234688585e-07
-1.3484848485e+00 -1.0151515152e+00 0.0000000000e+00 4.4370172893e-07 -4.4852305096e-07
-1.3181818182e+00 -1.0151515152e+00 0.0000000000e+00 4.5016108574e-07 -4.5484565472e-07
-1.2878787879e+00 -1.0151515152e+00 0.0000000000e+00 4.5676808508e-07 -4.6131900903e-07
-1.2575757576e+00 -1.0151515152e+00 0.0000000000e+00 4.6352562031e-07 -4.6794600726e-07
-1.2272727273e+00 -1.0151515152e+00 0.0000000000e+00 4.7043251527e-07 -4.7472547324e-07
-1.1969696970e+00 -1.0151515152e+00 0.0000000000e+00 4.7747375758e-07 -4.8164239459e-07
-1.1666666667e+00 -1.0151515152e+00 0.0000000000e+00 4.8444767946e-07 -4.8849510354e-07
-1.1363636364e+00 -1.0151515152e+00 0.0000000000e+00 4.9125854101e-07 -4.9518786019e-07
-1.1060606061e+00 -1.0151515152e+00 0.0000000000e+00 4.9789812014e-07 -5.0171244244e-07
-1.0757575758e+00 -1.0151515152e+00 0.0000000000e+00 5.0436141887e-07 -5.0806385231e-07
-1.0454545455e+00 -1.0151515152e+00 0.0000000000e+00 5.1064548499e-07 -5.1423913760e-07
-1.0151515152e+00 -1.0151515152e+00 0.0000000000e+00 5.1674867382e-07 -5.2023665361e-07
-9.8484848485e-01 -1.0151515152e+00 0.0000000000e+00 5.2267018316e-07 -5.2605559816e-07
-9.5454545455e-01 -1.0151515152e+00 0.0000000000e+00 5.2840973456e-07 -5.3169569280e-07
-9.2424242424e-01 -1.0151515152e+00 0.0000000000e+00 5.3396735217e-07 -5.3715696167e-07
-8.9393939394e-01 -1.0151515152e+00 0.0000000000e+00 nan nan
-8.6363636364e-01 -1.0151515152e+00 0.0000000000e+00 nan nan
-8.3333333333e-01 -1.0151515152e+00 0.0000000000e+00 nan nan
-8.0303030303e-01 -1.0151515152e+00 0.0000000000e+00 nan nan
-7.7272727273e-01 -1.0151515152e+00 0.0000000000e+00 nan nan
-7.4242424242e-01 -1.0151515152e+00 0.0000000000e+00 nan nan
-7.1212121212e-01 -1.0151515152e+00 0.0000000000e+00 nan nan
-6.8181818182e-01 -1.0151515152e+00 0.0000000000e+00 nan nan
-6.5151515152e-01 -1.0151515152e+00 0.0000000000e+00 nan nan
-6.2121212121e-01 -1.0151515152e+00 0.0000000000e+00 nan nan
-5.9090909091e-01 -1.0151515152e+00 0.0000000000e+00 nan nan
-5.6060606061e-01 -1.0151515152e+00 0.0000000000e+00 nan nan
-5.3030303030e-01 -1.0151515152e+00 0.0000000000e+00 nan nan
-5.0000000000e-01 -1.0151515152e+00 0.0000000000e+00 nan nan
-4.6969696970e-01 -1.0151515152e+00 0.0000000000e+00 nan nan
-4.3939393939e-01 -1.0151515152e+00 0.0000000000e+00 nan nan
-4.0909090909e-01 -1.0151515152e+00 0.0000000000e+00 nan nan
-3.7878787879e-01 -1.0151515152e+00 0.0000000000e+00 nan nan
-3.4848484848e-01 -1.0151515152e+00 0.0000000000e+00 nan nan
-3.1818181818e-01 -1.0151515152e+00 0.0000000000e+00 nan nan
-2.8787878788e-01 -1.0151515152e+00 0.0000000000e+00 nan nan
-2.5757575758e-01 -1.0151515152e+00 0.0000000000e+00 nan nan
-2.2727272727e-01 -1.0151515152e+00 0.0000000000e+00 nan nan
-1.9696969697e-01 -1.0151515152e+00 0.0000000000e+00 nan nan
-1.6666666667e-01 -1.0151515152e+00 0.0000000000e+00 nan nan
-1.3636363636e-01 -1.0151515152e+00 0.0000000000e+00 nan nan
-1.0606060606e-01 -1.0151515152e+00 0.0000000000e+00 nan nan
-7.5757575758e-02 -1.0151515152e+00 0.0000000000e+00 nan nan
-4.5454545455e-02 -1.0151515152e+00 0.0000000000e+00 nan nan
-1.5151515152e-02 -1.0151515152e+00 0.0000000000e+00 nan nan
1.5151515152e-02 -1.0151515152e+00 0.0000000000e+00 nan nan
4.5454545455e-02 -1.0151515152e+00 0.0000000000e+00 nan nan
7.5757575758e-02 -1.0151515152e+00 0.0000000000e+00 nan nan
1.0606060606e-01 -1.0151515152e+00 0.0000000000e+00 nan nan
1.3636363636e-01 -1.0151515152e+00 0.0000000000e+00 nan nan
1.6666666667e-01 -1.0151515152e+00 0.0000000000e+00 nan nan
1.9696969697e-01 -1.0151515152e+00 0.0000000000e+00 nan nan
2.2727272727e-01 -1.0151515152e+00 0.0000000000e+00 nan nan
2.5757575758e-01 -1.0151515152e+00 0.0000000000e+00 nan nan
2.8787878788e-01 -1.0151515152e+00 0.0000000000e+00 nan nan
3.1818181818e-01 -1.0151515152e+00 0.0000000000e+00 nan nan
3.4848484848e-01 -1.0151515152e+00 0.0000000000e+00 nan nan
3.7878787879e-01 -1.0151515152e+00 0.0000000000e+00 nan nan
4.0909090909e-01 -1.0151515152e+00 0.0000000000e+00 nan nan
4.3939393939e-01 -1.0151515152e+00 0.0000000000e+00 nan nan
4.6969696970e-01 -1.0151515152e+00 0.0000000000e+00 nan nan
5.0000000000e-01 -1.0151515152e+00 0.0000000000e+00 nan nan
5.3030303030e-01 -1.0151515152e+00 0.0000000000e+00 nan nan
5.6060606061e-01 -1.0151515152e+00 0.0000000000e+00 nan nan
5.9090909091e-01 -1.0151515152e+00 0.0000000000e+00 nan nan
6.2121212121e-01 -1.0151515152e+00 0.0000000000e+00 nan nan
6.5151515152e-01 -1.0151515152e+00 0.0000000000e+00 nan nan
6.8181818182e-01 -1.0151515152e+00 0.0000000000e+00 nan nan
7.1212121212e-01 -1.0151515152e+00 0.0000000000e+00 nan nan
7.4242424242e-01 -1.0151515152e+00 0.0000000000e+00 nan nan
7.7272727273e-01 -1.0151515152e+00 0.0000000000e+00 nan nan
8.0303030303e-01 -1.0151515152e+00 0.0000000000e+00 nan nan
8.3333333333e-01 -1.0151515152e+00 0.0000000000e+00 nan nan
8.6363636364e-01 -1.0151515152e+00 0.0000000000e+00 nan nan
8.9393939394e-01 -1.0151515152e+00 0.0000000000e+00 nan nan
9.2424242424e-01 -1.0151515152e+00 0.0000000000e+00 5.3475747729e-07 -5.3794708679e-07
9.5454545455e-01 -1.0151515152e+00 0.0000000000e+00 5.2942426506e-07 -5.3271022330e-07
9.8484848485e-01 -1.0151515152e+00 0.0000000000e+00 5.2391854335e-07 -5.2730395836e-07
1.0151515152e+00 -1.0151515152e+00 0.0000000000e+00 5.1823964258e-07 -5.2172762237e-07
1.0454545455e+00 -1.0151515152e+00 0.0000000000e+00 5.1238690657e-07 -5.1598055918e-07
1.0757575758e+00 -1.0151515152e+00 0.0000000000e+00 5.0635961079e-07 -5.1006204423e-07
1.1060606061e+00 -1.0151515152e+00 0.0000000000e+00 5.0015688299e-07 -5.0397120529e-07
1.1363636364e+00 -1.0151515152e+00 0.0000000000e+00 4.9377768485e-07 -4.9770700403e-07
1.1666666667e+00 -1.0151515152e+00 0.0000000000e+00 4.8722094884e-07 -4.9126837293e-07
1.1969696970e+00 -1.0151515152e+00 0.0000000000e+00 4.8048619106e-07 -4.8465482808e-07
1.2272727273e+00 -1.0151515152e+00 0.0000000000e+00 4.7357880248e-07 -4.7787176046e-07
1.2575757576e+00 -1.0151515152e+00 0.0000000000e+00 4.6667425427e-07 -4.7109464122e-07
1.2878787879e+00 -1.0151515152e+00 0.0000000000e+00 4.5987775872e-07 -4.6442868267e-07
1.3181818182e+00 -1.0151515152e+00 0.0000000000e+00 4.5319322516e-07 -4.5787779415e-07
1.3484848485e+00 -1.0151515152e+00 0.0000000000e+00 4.4662537271e-07 -4.5144669475e-07
1.3787878788e+00 -1.0151515152e+00 0.0000000000e+00 4.4017892703e-07 -4.4514011013e-07
1.4090909091e+00 -1.0151515152e+00 0.0000000000e+00 4.3385759733e-07 -4.3896174954e-07
1.4393939394e+00 -1.0151515152e+00 0.0000000000e+00 4.2766369830e-07 -4.3291392763e-07
1.4696969697e+00 -1.0151515152e+00 0.0000000000e+00 4.2159825341e-07 -4.2699766788e-07
1.5000000000e+00 -1.0151515152e+00 0.0000000000e+00 4.1566125770e-07 -4.2121296534e-07
-1.5000000000e+00 -9.8484848485e-01 0.0000000000e+00 4.1733253778e-07 -4.2278168063e-07
-1.4696969697e+00 -9.8484848485e-01 0.0000000000e+00 4.2327710154e-07 -4.2857395123e-07
-1.4393939394e+00 -9.8484848485e-01 0.0000000000e+00 4.2935638274e-07 -4.3450404728e-07
-1.4090909091e+00 -9.8484848485e-01 0.0000000000e+00 4.3557479866e-07 -4.4057638607e-07
-1.3787878788e+00 -9.8484848485e-01 0.0000000000e+00 4.4193740299e-07 -4.4679602131e-07
-1.3484848485e+00 -9.8484848485e-01 0.0000000000e+00 4.4845005595e-07 -4.5316881320e-07
-1.3181818182e+00 -9.8484848485e-01 0.0000000000e+00 4.5511963700e-07 -4.5970164119e-07
-1.2878787879e+00 -9.8484848485e-01 0.0000000000e+00 4.6195426588e-07 -4.6640262505e-07
-1.2575757576e+00 -9.8484848485e-01 0.0000000000e+00 4.6896263045e-07 -4.7328045261e-07
-1.2272727273e+00 -9.8484848485e-01 0.0000000000e+00 4.7614005348e-07 -4.8033044667e-07
-1.1969696970e+00 -9.8484848485e-01 0.0000000000e+00 4.8327954506e-07 -4.8734561729e-07
-1.1666666667e+00 -9.8484848485e-01 0.0000000000e+00 4.9026458249e-07 -4.9420944179e-07
-1.1363636364e+00 -9.8484848485e-01 0.0000000000e+00 4.9708301191e-07 -5.0090976630e-07
-1.1060606061e+00 -9.8484848485e-01 0.0000000000e+00 5.0372787368e-07 -5.0743963119e-07
-1.0757575758e+00 -9.8484848485e-01 0.0000000000e+00 5.1019499699e-07 -5.1379486564e-07
-1.0454545455e+00 -9.8484848485e-01 0.0000000000e+00 5.1648193842e-07 -5.1997302624e-07
-1.0151515152e+00 -9.8484848485e-01 0.0000000000e+00 5.2258736868e-07 -5.2597278368e-07
-9.8484848485e-01 -9.8484848485e-01 0.0000000000e+00 5.2851067099e-07 -5.3179352121e-07
-9.5454545455e-01 -9.8484848485e-01 0.0000000000e+00 5.3425166594e-07 -5.3743505939e-07
-9.2424242424e-01 -9.8484848485e-01 0.0000000000e+00 nan nan
-8.9393939394e-01 -9.8484848485e-01 0.0000000000e+00 nan nan
-8.6363636364e-01 -9.8484848485e-01 0.0000000000e+00 nan nan
-8.3333333333e-01 -9.8484848485e-01 0.0000000000e+00 nan nan
-8.0303030303e-01 -9.8484848485e-01 0.0000000000e+00 nan nan
-7.7272727273e-01 -9.8484848485e-01 0.0000000000e+00 nan nan
-7.4242424242e-01 -9.8484848485e-01 0.0000000000e+00 nan nan
-7.1212121212e-01 -9.8484848485e-01 0.0000000000e+00 nan nan
-6.8181818182e-01 -9.8484848485e-01 0.0000000000e+00 nan nan
-6.5151515152e-01 -9.8484848485e-01 0.0000000000e+00 nan nan
-6.2121212121e-01 -9.8484848485e-01 0.0000000000e+00 nan nan
-5.9090909091e-01 -9.8484848485e-01 0.0000000000e+00 nan nan
-5.6060606061e-01 -9.8484848485e-01 0.0000000000e+00 nan nan
-5.3030303030e-01 -9.8484848485e-01 0.0000000000e+00 nan nan
-5.0000000000e-01 -9.8484848485e-01 0.0000000000e+00 nan nan
-4.6969696970e-01 -9.8484848485e-01 0.0000000000e+00 nan nan
-4.3939393939e-01 -9.8484848485e-01 0.0000000000e+00 nan nan
-4.0909090909e-01 -9.8484848485e-01 0.0000000000e+00 nan nan
-3.7878787879e-01 -9.8484848485e-01 0.0000000000e+00 nan nan
-3.4848484848e-01 -9.8484848485e-01 0.0000000000e+00 nan nan
-3.1818181818e-01 -9.8484848485e-01 0.0000000000e+00 nan nan
-2.8787878788e-01 -9.8484848485e-01 0.0000000000e+00 nan nan
-2.5757575758e-01 -9.8484848485e-01 0.0000000000e+00 nan nan
-2.2727272727e-01 -9.8484848485e-01 0.0000000000e+00 nan nan
-1.9696969697e-01 -9.8484848485e-01 0.0000000000e+00 nan nan
-1.6666666667e-01 -9.8484848485e-01 0.0000000000e+00 nan nan
-1.3636363636e-01 -9.8484848485e-01 0.0000000000e+00 nan nan
-1.0606060606e-01 -9.8484848485e-01 0.0000000000e+00 nan nan
-7.5757575758e-02 -9.8484848485e-01 0.0000000000e+00 nan nan
-4.5454545455e-02 -9.8484848485e-01 0.0000000000e+00 nan nan
-1.5151515152e-02 -9.8484848485e-01 0.0000000000e+00 nan nan
1.5151515152e-02 -9.8484848485e-01 0.0000000000e+00 nan nan
4.5454545455e-02 -9.8484848485e-01 0.0000000000e+00 nan nan
7.5757575758e-02 -9.8484848485e-01 0.0000000000e+00 nan nan
1.0606060606e-01 -9.8484848485e-01 0.0000000000e+00 nan nan
1.3636363636e-01 -9.8484848485e-01 0.0000000000e+00 nan nan
1.6666666667e-01 -9.8484848485e-01 0.0000000000e+00 nan nan
1.9696969697e-01 -9.8484848485e-01 0.0000000000e+00 nan nan
2.2727272727e-01 -9.8484848485e-01 0.0000000000e+00 nan nan
2.5757575758e-01 -9.8484848485e-01 0.0000000000e+00 nan nan
2.8787878788e-01 -9.8484848485e-01 0.0000000000e+00 nan nan
3.1818181818e-01 -9.8484848485e-01 0.0000000000e+00 nan nan
3.4848484848e-01 -9.8484848485e-01 0.0000000000e+00 nan nan
3.7878787879e-01 -9.8484848485e-01 0.0000000000e+00 nan nan
4.0909090909e-01 -9.8484848485e-01 0.0000000000e+00 nan nan
4.3939393939e-01 -9.8484848485e-01 0.0000000000e+00 nan nan
4.6969696970e-01 -9.8484848485e-01 0.0000000000e+00 nan nan
5.0000000000e-01 -9.8484848485e-01 0.0000000000e+00 nan nan
5.3030303030e-01 -9.8484848485e-01 0.0000000000e+00 nan nan
5.6060606061e-01 -9.8484848485e-01 0.0000000000e+00 nan nan
5.9090909091e-01 -9.8484848485e-01 0.0000000000e+00 nan nan
6.2121212121e-01 -9.8484848485e-01 0.0000000000e+00 nan nan
6.5151515152e-01 -9.8484848485e-01 0.0000000000e+00 nan nan
6.8181818182e-01 -9.8484848485e-01 0.0000000000e+00 nan nan
7.1212121212e-01 -9.8484848485e-01 0.0000000000e+00 nan nan
7.4242424242e-01 -9.8484848485e-01 0.0000000000e+00 nan nan
7.7272727273e-01 -9.8484848485e-01 0.0000000000e+00 nan nan
8.0303030303e-01 -9.8484848485e-01 0.0000000000e+00 nan nan
8.3333333333e-01 -9.8484848485e-01 0.0000000000e+00 nan nan
8.6363636364e-01 -9.8484848485e-01 0.0000000000e+00 nan nan
8.9393939394e-01 -9.8484848485e-01 0.0000000000e+00 nan nan
9.2424242424e-01 -9.8484848485e-01 0.0000000000e+00 nan nan
9.5454545455e-01 -9.8484848485e-01 0.0000000000e+00 5.3530377245e-07 -5.3848716591e-07
9.8484848485e-01 -9.8484848485e-01 0.0000000000e+00 5.2979368020e-07 -5.3307653042e-07
1.0151515152e+00 -9.8484848485e-01 0.0000000000e+00 5.2411122900e-07 -5.2749664401e-07
1.0454545455e+00 -9.8484848485e-01 0.0000000000e+00 5.1825597781e-07 -5.2174706563e-07
1.0757575758e+00 -9.8484848485e-01 0.0000000000e+00 5.1222753298e-07 -5.1582740163e-07
1.1060606061e+00 -9.8484848485e-01 0.0000000000e+00 5.0602556219e-07 -5.0973731970e-07
1.1363636364e+00 -9.8484848485e-01 0.0000000000e+00 4.9964987770e-07 -5.0347663209e-07
1.1666666667e+00 -9.8484848485e-01 0.0000000000e+00 4.9310067656e-07 -4.9704553586e-07
1.1969696970e+00 -9.8484848485e-01 0.0000000000e+00 4.8637909908e-07 -4.9044517131e-07
1.2272727273e+00 -9.8484848485e-01 0.0000000000e+00 4.7948809674e-07 -4.8367848993e-07
1.2575757576e+00 -9.8484848485e-01 0.0000000000e+00 4.7243549716e-07 -4.7675331932e-07
1.2878787879e+00 -9.8484848485e-01 0.0000000000e+00 4.6539620353e-07 -4.6984456270e-07
1.3181818182e+00 -9.8484848485e-01 0.0000000000e+00 4.5847194799e-07 -4.6305395218e-07
1.3484848485e+00 -9.8484848485e-01 0.0000000000e+00 4.5167024787e-07 -4.5638900511e-07
1.3787878788e+00 -9.8484848485e-01 0.0000000000e+00 4.4499871397e-07 -4.4985733229e-07
1.4090909091e+00 -9.8484848485e-01 0.0000000000e+00 4.3846260832e-07 -4.4346419573e-07
1.4393939394e+00 -9.8484848485e-01 0.0000000000e+00 4.3206466786e-07 -4.3721233240e-07
1.4696969697e+00 -9.8484848485e-01 0.0000000000e+00 4.2580575638e-07 -4.3110260606e-07
1.5000000000e+00 -9.8484848485e-01 0.0000000000e+00 4.1968546572e-07 -4.2513460857e-07
-1.5000000000e+00 -9.5454545455e-01 0.0000000000e+00 4.2118721346e-07 -4.2653689955e-07
-1.4696969697e+00 -9.5454545455e-01 0.0000000000e+00 4.2729270740e-07 -4.3249010032e-07
-1.4393939394e+00 -9.5454545455e-01 0.0000000000e+00 4.3354059699e-07 -4.3858880476e-07
-1.4090909091e+00 -9.5454545455e-01 0.0000000000e+00 4.3993606014e-07 -4.4483819079e-07
-1.3787878788e+00 -9.5454545455e-01 0.0000000000e+00 4.4648526372e-07 -4.5124442527e-07
-1.3484848485e+00 -9.5454545455e-01 0.0000000000e+00 4.5319576947e-07 -4.5781506995e-07
-1.3181818182e+00 -9.5454545455e-01 0.0000000000e+00 4.6007724821e-07 -4.6455979564e-07
-1.2878787879e+00 -9.5454545455e-01 0.0000000000e+00 4.6714315690e-07 -4.7149205931e-07
-1.2575757576e+00 -9.5454545455e-01 0.0000000000e+00 4.7441713948e-07 -4.7863550489e-07
-1.2272727273e+00 -9.5454545455e-01 0.0000000000e+00 4.8174087701e-07 -4.8583181343e-07
-1.1969696970e+00 -9.5454545455e-01 0.0000000000e+00 4.8890668909e-07 -4.9287330456e-07
-1.1666666667e+00 -9.5454545455e-01 0.0000000000e+00 4.9590650687e-07 -4.9975190941e-07
-1.1363636364e+00 -9.5454545455e-01 0.0000000000e+00 5.0273377066e-07 -5.0646106829e-07
-1.1060606061e+00 -9.5454545455e-01 0.0000000000e+00 5.0938415861e-07 -5.1299645936e-07
-1.0757575758e+00 -9.5454545455e-01 0.0000000000e+00 5.1585490216e-07 -5.1935531404e-07
-1.0454545455e+00 -9.5454545455e-01 0.0000000000e+00 5.2214433610e-07 -5.2553596715e-07
-1.0151515152e+00 -9.5454545455e-01 0.0000000000e+00 5.2825156835e-07 -5.3153752659e-07
-9.8484848485e-01 -9.5454545455e-01 0.0000000000e+00 5.3417622431e-07 -5.3735961776e-07
-9.5454545455e-01 -9.5454545455e-01 0.0000000000e+00 nan nan
-9.2424242424e-01 -9.5454545455e-01 0.0000000000e+00 nan nan
-8.9393939394e-01 -9.5454545455e-01 0.0000000000e+00 nan nan
-8.6363636364e-01 -9.5454545455e-01 0.0000000000e+00 nan nan
-8.3333333333e-01 -9.5454545455e-01 0.0000000000e+00 nan nan
-8.0303030303e-01 -9.5454545455e-01 0.0000000000e+00 nan nan
-7.7272727273e-01 -9.5454545455e-01 0.0000000000e+00 nan nan
-7.4242424242e-01 -9.5454545455e-01 0.0000000000e+00 nan nan
-7.1212121212e-01 -9.5454545455e-01 0.0000000000e+00 nan nan
-6.8181818182e-01 -9.5454545455e-01 0.0000000000e+00 nan nan
-6.5151515152e-01 -9.5454545455e-01 0.0000000000e+00 nan nan
-6.2121212121e-01 -9.5454545455e-01 0.0000000000e+00 nan nan
-5.9090909091e-01 -9.5454545455e-01 0.0000000000e+00 nan nan
-5.6060606061e-01 -9.5454545455e-01 0.0000000000e+00 nan nan
-5.3030303030e-01 -9.5454545455e-01 0.0000000000e+00 nan nan
-5.0000000000e-01 -9.5454545455e-01 0.0000000000e+00 nan nan
-4.6969696970e-01 -9.5454545455e-01 0.0000000000e+00 nan nan
-4.3939393939e-01 -9.5454545455e-01 0.0000000000e+00 nan nan
-4.0909090909e-01 -9.5454545455e-01 0.0000000000e+00 nan nan
-3.7878787879e-01 -9.5454545455e-01 0.0000000000e+00 nan nan
-3.4848484848e-01 -9.5454545455e-01 0.0000000000e+00 nan nan
-3.1818181818e-01 -9.5454545455e-01 0.0000000000e+00 nan nan
-2.8787878788e-01 -9.5454545455e-01 0.0000000000e+00 nan nan
-2.5757575758e-01 -9.5454545455e-01 0.0000000000e+00 nan nan
-2.2727272727e-01 -9.5454545455e-01 0.0000000000e+00 nan nan
-1.9696969697e-01 -9.5454545455e-01 0.0000000000e+00 nan nan
-1.6666666667e-01 -9.5454545455e-01 0.0000000000e+00 nan nan
-1.3636363636e-01 -9.5454545455e-01 0.0000000000e+00 nan nan
-1.0606060606e-01 -9.5454545455e-01 0.0000000000e+00 nan nan
-7.5757575758e-02 -9.5454545455e-01 0.0000000000e+00 nan nan
-4.5454545455e-02 -9.5454545455e-01 0.0000000000e+00 nan nan
-1.5151515152e-02 -9.5454545455e-01 0.0000000000e+00 nan nan
1.5151515152e-02 -9.5454545455e-01 0.0000000000e+00 nan nan
4.5454545455e-02 -9.5454545455e-01 0.0000000000e+00 nan nan
7.5757575758e-02 -9.5454545455e-01 0.0000000000e+00 nan nan
1.0606060606e-01 -9.5454545455e-01 0.0000000000e+00 nan nan
1.3636363636e-01 -9.5454545455e-01 0.0000000000e+00 nan nan
1.6666666667e-01 -9.5454545455e-01 0.0000000000e+00 nan nan
1.9696969697e-01 -9.5454545455e-01 0.0000000000e+00 nan nan
2.2727272727e-01 -9.5454545455e-01 0.0000000000e+00 nan nan
2.5757575758e-01 -9.5454545455e-01 0.0000000000e+00 nan nan
2.8787878788e-01 -9.5454545455e-01 0.0000000000e+00 nan nan
3.1818181818e-01 -9.5454545455e-01 0.0000000000e+00 nan nan
3.4848484848e-01 -9.5454545455e-01 0.0000000000e+00 nan nan
3.7878787879e-01 -9.5454545455e-01 0.0000000000e+00 nan nan
4.0909090909e-01 -9.5454545455e-01 0.0000000000e+00 nan nan
4.3939393939e-01 -9.5454545455e-01 0.0000000000e+00 nan nan
4.6969696970e-01 -9.5454545455e-01 0.0000000000e+00 nan nan
5.0000000000e-01 -9.5454545455e-01 0.0000000000e+00 nan nan
5.3030303030e-01 -9.5454545455e-01 0.0000000000e+00 nan nan
5.6060606061e-01 -9.5454545455e-01 0.0000000000e+00 nan nan
5.9090909091e-01 -9.5454545455e-01 0.0000000000e+00 nan nan
6.2121212121e-01 -9.5454545455e-01 0.0000000000e+00 nan nan
6.5151515152e-01 -9.5454545455e-01 0.0000000000e+00 nan nan
6.8181818182e-01 -9.5454545455e-01 0.0000000000e+00 nan nan
7.1212121212e-01 -9.5454545455e-01 0.0000000000e+00 nan nan
7.4242424242e-01 -9.5454545455e-01 0.0000000000e+00 nan nan
7.7272727273e-01 -9.5454545455e-01 0.0000000000e+00 nan nan
8.0303030303e-01 -9.5454545455e-01 0.0000000000e+00 nan nan
8.3333333333e-01 -9.5454545455e-01 0.0000000000e+00 nan nan
8.6363636364e-01 -9.5454545455e-01 0.0000000000e+00 nan nan
8.9393939394e-01 -9.5454545455e-01 0.0000000000e+00 nan nan
9.2424242424e-01 -9.5454545455e-01 0.0000000000e+00 nan nan
9.5454545455e-01 -9.5454545455e-01 0.0000000000e+00 nan nan
9.8484848485e-01 -9.5454545455e-01 0.0000000000e+00 5.3548771503e-07 -5.3867110849e-07
1.0151515152e+00 -9.5454545455e-01 0.0000000000e+00 5.2980147112e-07 -5.3308742936e-07
1.0454545455e+00 -9.5454545455e-01 0.0000000000e+00 5.2394329239e-07 -5.2733492344e-07
1.0757575758e+00 -9.5454545455e-01 0.0000000000e+00 5.1791304285e-07 -5.2141345474e-07
1.1060606061e+00 -9.5454545455e-01 0.0000000000e+00 5.1171075275e-07 -5.1532305349e-07
1.1363636364e+00 -9.5454545455e-01 0.0000000000e+00 5.0533673198e-07 -5.0906402961e-07
1.1666666667e+00 -9.5454545455e-01 0.0000000000e+00 4.9879179275e-07 -5.0263719529e-07
1.1969696970e+00 -9.5454545455e-01 0.0000000000e+00 4.9207762847e-07 -4.9604424394e-07
1.2272727273e+00 -9.5454545455e-01 0.0000000000e+00 4.8519730251e-07 -4.8928823893e-07
1.2575757576e+00 -9.5454545455e-01 0.0000000000e+00 4.7815572406e-07 -4.8237408946e-07
1.2878787879e+00 -9.5454545455e-01 0.0000000000e+00 4.7096337415e-07 -4.7531227656e-07
1.3181818182e+00 -9.5454545455e-01 0.0000000000e+00 4.6378788016e-07 -4.6827042759e-07
1.3484848485e+00 -9.5454545455e-01 0.0000000000e+00 4.5674000506e-07 -4.6135930554e-07
1.3787878788e+00 -9.5454545455e-01 0.0000000000e+00 4.4983319387e-07 -4.5459235543e-07
1.4090909091e+00 -9.5454545455e-01 0.0000000000e+00 4.4307444517e-07 -4.4797657583e-07
1.4393939394e+00 -9.5454545455e-01 0.0000000000e+00 4.3646626501e-07 -4.4151447278e-07
1.4696969697e+00 -9.5454545455e-01 0.0000000000e+00 4.3000885936e-07 -4.3520625228e-07
1.5000000000e+00 -9.5454545455e-01 0.0000000000e+00 4.2370111485e-07 -4.2905080095e-07
-1.5000000000e+00 -9.2424242424e-01 0.0000000000e+00 4.2502910578e-07 -4.3028244313e-07
-1.4696969697e+00 -9.2424242424e-01 0.0000000000e+00 4.3129673055e-07 -4.3639777473e-07
-1.4393939394e+00 -9.2424242424e-01 0.0000000000e+00 4.3771418170e-07 -4.4266604074e-07
-1.4090909091e+00 -9.2424242424e-01 0.0000000000e+00 4.4428727351e-07 -4.4909305543e-07
-1.3787878788e+00 -9.2424242424e-01 0.0000000000e+00 4.5102314022e-07 -4.5568595303e-07
-1.3484848485e+00 -9.2424242424e-01 0.0000000000e+00 4.5793084044e-07 -4.6245379218e-07
-1.3181818182e+00 -9.2424242424e-01 0.0000000000e+00 4.6502237633e-07 -4.6940857502e-07
-1.2878787879e+00 -9.2424242424e-01 0.0000000000e+00 4.7231469119e-07 -4.7656724485e-07
-1.2575757576e+00 -9.2424242424e-01 0.0000000000e+00 4.7980001761e-07 -4.8392203427e-07
-1.2272727273e+00 -9.2424242424e-01 0.0000000000e+00 4.8717287238e-07 -4.9116746006e-07
-1.1969696970e+00 -9.2424242424e-01 0.0000000000e+00 4.9436449775e-07 -4.9823476448e-07
-1.1666666667e+00 -9.2424242424e-01 0.0000000000e+00 5.0137857462e-07 -5.0512762842e-07
-1.1363636364e+00 -9.2424242424e-01 0.0000000000e+00 5.0821401384e-07 -5.1184496273e-07
-1.1060606061e+00 -9.2424242424e-01 0.0000000000e+00 5.1486918556e-07 -5.1838513757e-07
-1.0757575758e+00 -9.2424242424e-01 0.0000000000e+00 5.2134278549e-07 -5.2474684863e-07
-1.0454545455e+00 -9.2424242424e-01 0.0000000000e+00 5.2763397439e-07 -5.3092925670e-07
-1.0151515152e+00 -9.2424242424e-01 0.0000000000e+00 5.3374232596e-07 -5.3693193546e-07
-9.8484848485e-01 -9.2424242424e-01 0.0000000000e+00 nan nan
-9.5454545455e-01 -9.2424242424e-01 0.0000000000e+00 nan nan
-9.2424242424e-01 -9.2424242424e-01 0.0000000000e+00 nan nan
-8.9393939394e-01 -9.2424242424e-01 0.0000000000e+00 nan nan
-8.6363636364e-01 -9.2424242424e-01 0.0000000000e+00 nan nan
-8.3333333333e-01 -9.2424242424e-01 0.0000000000e+00 nan nan
-8.0303030303e-01 -9.2424242424e-01 0.0000000000e+00 nan nan
-7.7272727273e-01 -9.2424242424e-01 0.0000000000e+00 nan nan
-7.4242424242e-01 -9.2424242424e-01 0.0000000000e+00 nan nan
-7.1212121212e-01 -9.2424242424e-01 0.0000000000e+00 nan nan
-6.8181818182e-01 -9.2424242424e-01 0.0000000000e+00 nan nan
-6.5151515152e-01 -9.2424242424e-01 0.0000000000e+00 nan nan
-6.2121212121e-01 -9.2424242424e-01 0.0000000000e+00 nan nan
-5.9090909091e-01 -9.2424242424e-01 0.0000000000e+00 nan nan
-5.6060606061e-01 -9.2424242424e-01 0.0000000000e+00 nan nan
-5.3030303030e-01 -9.2424242424e-01 0.0000000000e+00 nan nan
-5.0000000000e-01 -9.2424242424e-01 0.0000000000e+00 nan nan
-4.6969696970e-01 -9.2424242424e-01 0.0000000000e+00 nan nan
-4.3939393939e-01 -9.2424242424e-01 0.0000000000e+00 nan nan
-4.0909090909e-01 -9.2424242424e-01 0.0000000000e+00 nan nan
-3.7878787879e-01 -9.2424242424e-01 0.0000000000e+00 nan nan
-3.4848484848e-01 -9.2424242424e-01 0.0000000000e+00 nan nan
-3.1818181818e-01 -9.2424242424e-01 0.0000000000e+00 nan nan
-2.8787878788e-01 -9.2424242424e-01 0.0000000000e+00 nan nan
-2.5757575758e-01 -9.2424242424e-01 0.0000000000e+00 nan nan
-2.2727272727e-01 -9.2424242424e-01 0.0000000000e+00 nan nan
-1.9696969697e-01 -9.2424242424e-01 0.0000000000e+00 nan nan
-1.6666666667e-01 -9.2424242424e-01 0.0000000000e+00 nan nan
-1.3636363636e-01 -9.2424242424e-01 0.0000000000e+00 nan nan
-1.0606060606e-01 -9.2424242424e-01 0.0000000000e+00 nan nan
-7.5757575758e-02 -9.2424242424e-01 0.0000000000e+00 nan nan
-4.5454545455e-02 -9.2424242424e-01 0.0000000000e+00 nan nan
-1.5151515152e-02 -9.2424242424e-01 0.0000000000e+00 nan nan
1.5151515152e-02 -9.2424242424e-01 0.0000000000e+00 nan nan
4.5454545455e-02 -9.2424242424e-01 0.0000000000e+00 nan nan
7.5757575758e-02 -9.2424242424e-01 0.0000000000e+00 nan nan
1.0606060606e-01 -9.2424242424e-01 0.0000000000e+00 nan nan
1.3636363636e-01 -9.2424242424e-01 0.0000000000e+00 nan nan
1.6666666667e-01 -9.2424242424e-01 0.0000000000e+00 nan nan
1.9696969697e-01 -9.2424242424e-01 0.0000000000e+00 nan nan
2.2727272727e-01 -9.2424242424e-01 0.0000000000e+00 nan nan
2.5757575758e-01 -9.2424242424e-01 0.0000000000e+00 nan nan
2.8787878788e-01 -9.2424242424e-01 0.0000000000e+00 nan nan
3.1818181818e-01 -9.2424242424e-01 0.0000000000e+00 nan nan
3.4848484848e-01 -9.2424242424e-01 0.0000000000e+00 nan nan
3.7878787879e-01 -9.2424242424e-01 0.0000000000e+00 nan nan
4.0909090909e-01 -9.2424242424e-01 0.0000000000e+00 nan nan
4.3939393939e-01 -9.2424242424e-01 0.0000000000e+00 nan nan
4.6969696970e-01 -9.2424242424e-01 0.0000000000e+00 nan nan
5.0000000000e-01 -9.2424242424e-01 0.0000000000e+00 nan nan
5.3030303030e-01 -9.2424242424e-01 0.0000000000e+00 nan nan
5.6060606061e-01 -9.2424242424e-01 0.0000000000e+00 nan nan
5.9090909091e-01 -9.2424242424e-01 0.0000000000e+00 nan nan
6.2121212121e-01 -9.2424242424e-01 0.0000000000e+00 nan nan
6.5151515152e-01 -9.2424242424e-01 0.0000000000e+00 nan nan
6.8181818182e-01 -9.2424242424e-01 0.0000000000e+00 nan nan
7.1212121212e-01 -9.2424242424e-01 0.0000000000e+00 nan nan
7.4242424242e-01 -9.2424242424e-01 0.0000000000e+00 nan nan
7.7272727273e-01 -9.2424242424e-01 0.0000000000e+00 nan nan
8.0303030303e-01 -9.2424242424e-01 0.0000000000e+00 nan nan
8.3333333333e-01 -9.2424242424e-01 0.0000000000e+00 nan nan
8.6363636364e-01 -9.2424242424e-01 0.0000000000e+00 nan nan
8.9393939394e-01 -9.2424242424e-01 0.0000000000e+00 nan nan
9.2424242424e-01 -9.2424242424e-01 0.0000000000e+00 nan nan
9.5454545455e-01 -9.2424242424e-01 0.0000000000e+00 nan nan
9.8484848485e-01 -9.2424242424e-01 0.0000000000e+00 nan nan
1.0151515152e+00 -9.2424242424e-01 0.0000000000e+00 5.3530979841e-07 -5.3849940791e-07
1.0454545455e+00 -9.2424242424e-01 0.0000000000e+00 5.2944807557e-07 -5.3274335788e-07
1.0757575758e+00 -9.2424242424e-01 0.0000000000e+00 5.2341509786e-07 -5.2681916100e-07
1.1060606061e+00 -9.2424242424e-01 0.0000000000e+00 5.1721110252e-07 -5.2072705452e-07
1.1363636364e+00 -9.2424242424e-01 0.0000000000e+00 5.1083663265e-07 -5.1446758154e-07
1.1666666667e+00 -9.2424242424e-01 0.0000000000e+00 5.0429270716e-07 -5.0804176096e-07
1.1969696970e+00 -9.2424242424e-01 0.0000000000e+00 4.9758107082e-07 -5.0145133755e-07
1.2272727273e+00 -9.2424242424e-01 0.0000000000e+00 4.9070451847e-07 -4.9469910615e-07
1.2575757576e+00 -9.2424242424e-01 0.0000000000e+00 4.8366733077e-07 -4.8778934743e-07
1.2878787879e+00 -9.2424242424e-01 0.0000000000e+00 4.7647610138e-07 -4.8072865505e-07
1.3181818182e+00 -9.2424242424e-01 0.0000000000e+00 4.6914200886e-07 -4.7352820755e-07
1.3484848485e+00 -9.2424242424e-01 0.0000000000e+00 4.6182853365e-07 -4.6635148539e-07
1.3787878788e+00 -9.2424242424e-01 0.0000000000e+00 4.5467490266e-07 -4.5933771547e-07
1.4090909091e+00 -9.2424242424e-01 0.0000000000e+00 4.4768592864e-07 -4.5249171055e-07
1.4393939394e+00 -9.2424242424e-01 0.0000000000e+00 4.4086177003e-07 -4.4581362906e-07
1.4696969697e+00 -9.2424242424e-01 0.0000000000e+00 4.3420123855e-07 -4.3930228273e-07
1.5000000000e+00 -9.2424242424e-01 0.0000000000e+00 4.2770220852e-07 -4.3295554588e-07
-1.5000000000e+00 -8.9393939394e-01 0.0000000000e+00 4.2885473240e-07 -4.3401482904e-07
-1.4696969697e+00 -8.9393939394e-01 0.0000000000e+00 4.3528549072e-07 -4.4029329419e-07
-1.4393939394e+00 -8.9393939394e-01 0.0000000000e+00 4.4187310053e-07 -4.4673171885e-07
-1.4090909091e+00 -8.9393939394e-01 0.0000000000e+00 4.4862378031e-07 -4.5333632151e-07
-1.3787878788e+00 -8.9393939394e-01 0.0000000000e+00 4.5554531967e-07 -4.6011489177e-07
-1.3484848485e+00 -8.9393939394e-01 0.0000000000e+00 4.6264778714e-07 -4.6707749817e-07
-1.3181818182e+00 -8.9393939394e-01 0.0000000000e+00 4.6994447005e-07 -4.7423742802e-07
-1.2878787879e+00 -8.9393939394e-01 0.0000000000e+00 4.7745275111e-07 -4.8161206405e-07
-1.2575757576e+00 -8.9393939394e-01 0.0000000000e+00 4.8504841198e-07 -4.8907718792e-07
-1.2272727273e+00 -8.9393939394e-01 0.0000000000e+00 4.9244954916e-07 -4.9635089613e-07
-1.1969696970e+00 -8.9393939394e-01 0.0000000000e+00 4.9965975036e-07 -5.0343677637e-07
-1.1666666667e+00 -8.9393939394e-01 0.0000000000e+00 5.0668471282e-07 -5.1034052590e-07
-1.1363636364e+00 -8.9393939394e-01 0.0000000000e+00 5.1352625125e-07 -5.1706395942e-07
-1.1060606061e+00 -8.9393939394e-01 0.0000000000e+00 5.2018469230e-07 -5.2360740359e-07
-1.0757575758e+00 -8.9393939394e-01 0.0000000000e+00 5.2665993561e-07 -5.2997075804e-07
-1.0454545455e+00 -8.9393939394e-01 0.0000000000e+00 5.3295186250e-07 -5.3615390410e-07
-1.0151515152e+00 -8.9393939394e-01 0.0000000000e+00 nan nan
-9.8484848485e-01 -8.9393939394e-01 0.0000000000e+00 nan nan
-9.5454545455e-01 -8.9393939394e-01 0.0000000000e+00 nan nan
-9.2424242424e-01 -8.9393939394e-01 0.0000000000e+00 nan nan
-8.9393939394e-01 -8.9393939394e-01 0.0000000000e+00 nan nan
-8.6363636364e-01 -8.9393939394e-01 0.0000000000e+00 nan nan
-8.3333333333e-01 -8.9393939394e-01 0.0000000000e+00 nan nan
-8.0303030303e-01 -8.9393939394e-01 0.0000000000e+00 nan nan
-7.7272727273e-01 -8.9393939394e-01 0.0000000000e+00 nan nan
-7.4242424242e-01 -8.9393939394e-01 0.0000000000e+00 nan nan
-7.1212121212e-01 -8.9393939394e-01 0.0000000000e+00 nan nan
-6.8181818182e-01 -8.9393939394e-01 0.0000000000e+00 nan nan
-6.5151515152e-01 -8.9393939394e-01 0.0000000000e+00 nan nan
-6.2121212121e-01 -8.9393939394e-01 0.0000000000e+00 nan nan
-5.9090909091e-01 -8.9393939394e-01 0.0000000000e+00 nan nan
-5.6060606061e-01 -8.9393939394e-01 0.0000000000e+00 nan nan
-5.3030303030e-01 -8.9393939394e-01 0.0000000000e+00 nan nan
-5.0000000000e-01 -8.9393939394e-01 0.0000000000e+00 nan nan
-4.6969696970e-01 -8.9393939394e-01 0.0000000000e+00 nan nan
-4.3939393939e-01 -8.9393939394e-01 0.0000000000e+00 nan nan
-4.0909090909e-01 -8.9393939394e-01 0.0000000000e+00 nan nan
-3.7878787879e-01 -8.9393939394e-01 0.0000000000e+00 nan nan
-3.4848484848e-01 -8.9393939394e-01 0.0000000000e+00 nan nan
-3.1818181818e-01 -8.9393939394e-01 0.0000000000e+00 nan nan
-2.8787878788e-01 -8.9393939394e-01 0.0000000000e+00 nan nan
-2.5757575758e-01 -8.9393939394e-01 0.0000000000e+00 nan nan
-2.2727272727e-01 -8.9393939394e-01 0.0000000000e+00 nan nan
-1.9696969697e-01 -8.9393939394e-01 0.0000000000e+00 nan nan
-1.6666666667e-01 -8.9393939394e-01 0.0000000000e+00 nan nan
-1.3636363636e-01 -8.9393939394e-01 0.0000000000e+00 nan nan
-1.0606060606e-01 -8.9393939394e-01 0.0000000000e+00 nan nan
-7.5757575758e-02 -8.9393939394e-01 0.0000000000e+00 nan nan
-4.5454545455e-02 -8.9393939394e-01 0.0000000000e+00 nan nan
-1.5151515152e-02 -8.9393939394e-01 0.0000000000e+00 nan nan
1.5151515152e-02 -8.9393939394e-01 0.0000000000e+00 nan nan
4.5454545455e-02 -8.9393939394e-01 0.0000000000e+00 nan nan
7.5757575758e-02 -8.9393939394e-01 0.0000000000e+00 nan nan
1.0606060606e-01 -8.9393939394e-01 0.0000000000e+00 nan nan
1.3636363636e-01 -8.9393939394e-01 0.0000000000e+00 nan nan
1.6666666667e-01 -8.9393939394e-01 0.0000000000e+00 nan nan
1.9696969697e-01 -8.9393939394e-01 0.0000000000e+00 nan nan
2.2727272727e-01 -8.9393939394e-01 0.0000000000e+00 nan nan
2.5757575758e-01 -8.9393939394e-01 0.0000000000e+00 nan nan
2.8787878788e-01 -8.9393939394e-01 0.0000000000e+00 nan nan
3.1818181818e-01 -8.9393939394e-01 0.0000000000e+00 nan nan
3.4848484848e-01 -8.9393939394e-01 0.0000000000e+00 nan nan
3.7878787879e-01 -8.9393939394e-01 0.0000000000e+00 nan nan
4.0909090909e-01 -8.9393939394e-01 0.0000000000e+00 nan nan
4.3939393939e-01 -8.9393939394e-01 0.0000000000e+00 nan nan
4.6969696970e-01 -8.9393939394e-01 0.0000000000e+00 nan nan
5.0000000000e-01 -8.9393939394e-01 0.0000000000e+00 nan nan
5.3030303030e-01 -8.9393939394e-01 0.0000000000e+00 nan nan
5.6060606061e-01 -8.9393939394e-01 0.0000000000e+00 nan nan
5.9090909091e-01 -8.9393939394e-01 0.0000000000e+00 nan nan
6.2121212121e-01 -8.9393939394e-01 0.0000000000e+00 nan nan
6.5151515152e-01 -8.9393939394e-01 0.0000000000e+00 nan nan
6.8181818182e-01 -8.9393939394e-01 0.0000000000e+00 nan nan
7.1212121212e-01 -8.9393939394e-01 0.0000000000e+00 nan nan
7.4242424242e-01 -8.9393939394e-01 0.0000000000e+00 nan nan
7.7272727273e-01 -8.9393939394e-01 0.0000000000e+00 nan nan
8.0303030303e-01 -8.9393939394e-01 0.0000000000e+00 nan nan
8.3333333333e-01 -8.9393939394e-01 0.0000000000e+00 nan nan
8.6363636364e-01 -8.9393939394e-01 0.0000000000e+00 nan nan
8.9393939394e-01 -8.9393939394e-01 0.0000000000e+00 nan nan
9.2424242424e-01 -8.9393939394e-01 0.0000000000e+00 nan nan
9.5454545455e-01 -8.9393939394e-01 0.0000000000e+00 nan nan
9.8484848485e-01 -8.9393939394e-01 0.0000000000e+00 nan nan
1.0151515152e+00 -8.9393939394e-01 0.0000000000e+00 nan nan
1.0454545455e+00 -8.9393939394e-01 0.0000000000e+00 5.3476994685e-07 -5.3797198845e-07
1.0757575758e+00 -8.9393939394e-01 0.0000000000e+00 5.2873325339e-07 -5.3204407582e-07
1.1060606061e+00 -8.9393939394e-01 0.0000000000e+00 5.2252615330e-07 -5.2594886459e-07
1.1363636364e+00 -8.9393939394e-01 0.0000000000e+00 5.1614925153e-07 -5.1968695971e-07
1.1666666667e+00 -8.9393939394e-01 0.0000000000e+00 5.0960354218e-07 -5.1325935526e-07
1.1969696970e+00 -8.9393939394e-01 0.0000000000e+00 5.0289055224e-07 -5.0666757825e-07
1.2272727273e+00 -8.9393939394e-01 0.0000000000e+00 4.9601249590e-07 -4.9991384287e-07
1.2575757576e+00 -8.9393939394e-01 0.0000000000e+00 4.8897239034e-07 -4.9300116629e-07
1.2878787879e+00 -8.9393939394e-01 0.0000000000e+00 4.8177396159e-07 -4.8593327453e-07
1.3181818182e+00 -8.9393939394e-01 0.0000000000e+00 4.7442039822e-07 -4.7871335619e-07
1.3484848485e+00 -8.9393939394e-01 0.0000000000e+00 4.6692030168e-07 -4.7135001271e-07
1.3787878788e+00 -8.9393939394e-01 0.0000000000e+00 4.5951293762e-07 -4.6408250972e-07
1.4090909091e+00 -8.9393939394e-01 0.0000000000e+00 4.5228843516e-07 -4.5700097636e-07
1.4393939394e+00 -8.9393939394e-01 0.0000000000e+00 4.4524371575e-07 -4.5010233407e-07
1.4696969697e+00 -8.9393939394e-01 0.0000000000e+00 4.3837607878e-07 -4.4338388225e-07
1.5000000000e+00 -8.9393939394e-01 0.0000000000e+00 4.3168235593e-07 -4.3684245256e-07
-1.5000000000e+00 -8.6363636364e-01 0.0000000000e+00 4.3266078201e-07 -4.3773074595e-07
-1.4696969697e+00 -8.6363636364e-01 0.0000000000e+00 4.3925559902e-07 -4.4417326980e-07
-1.4393939394e+00 -8.6363636364e-01 0.0000000000e+00 4.4601375837e-07 -4.5078224400e-07
-1.4090909091e+00 -8.6363636364e-01 0.0000000000e+00 4.5294154661e-07 -4.5756395512e-07
-1.3787878788e+00 -8.6363636364e-01 0.0000000000e+00 4.6004696423e-07 -4.6452640364e-07
-1.3484848485e+00 -8.6363636364e-01 0.0000000000e+00 4.6734048324e-07 -4.7168006157e-07
-1.3181818182e+00 -8.6363636364e-01 0.0000000000e+00 4.7483572738e-07 -4.7903855266e-07
-1.2878787879e+00 -8.6363636364e-01 0.0000000000e+00 4.8253821520e-07 -4.8660739546e-07
-1.2575757576e+00 -8.6363636364e-01 0.0000000000e+00 4.9015959180e-07 -4.9409823505e-07
-1.2272727273e+00 -8.6363636364e-01 0.0000000000e+00 4.9757564890e-07 -5.0138686317e-07
-1.1969696970e+00 -8.6363636364e-01 0.0000000000e+00 5.0479635749e-07 -5.0848325081e-07
-1.1666666667e+00 -8.6363636364e-01 0.0000000000e+00 5.1182755157e-07 -5.1539323196e-07
-1.1363636364e+00 -8.6363636364e-01 0.0000000000e+00 5.1867225046e-07 -5.2211982594e-07
-1.1060606061e+00 -8.6363636364e-01 0.0000000000e+00 5.2533191583e-07 -5.2866449443e-07
-1.0757575758e+00 -8.6363636364e-01 0.0000000000e+00 5.3180726560e-07 -5.3502795534e-07
-1.0454545455e+00 -8.6363636364e-01 0.0000000000e+00 5.3809871188e-07 -5.4121062079e-07
-1.0151515152e+00 -8.6363636364e-01 0.0000000000e+00 nan nan
-9.8484848485e-01 -8.6363636364e-01 0.0000000000e+00 nan nan
-9.5454545455e-01 -8.6363636364e-01 0.0000000000e+00 nan nan
-9.2424242424e-01 -8.6363636364e-01 0.0000000000e+00 nan nan
-8.9393939394e-01 -8.6363636364e-01 0.0000000000e+00 nan nan
-8.6363636364e-01 -8.6363636364e-01 0.0000000000e+00 nan nan
-8.3333333333e-01 -8.6363636364e-01 0.0000000000e+00 nan nan
-8.0303030303e-01 -8.6363636364e-01 0.0000000000e+00 nan nan
-7.7272727273e-01 -8.6363636364e-01 0.0000000000e+00 nan nan
-7.4242424242e-01 -8.6363636364e-01 0.0000000000e+00 nan nan
-7.1212121212e-01 -8.6363636364e-01 0.0000000000e+00 nan nan
-6.8181818182e-01 -8.6363636364e-01 0.0000000000e+00 nan nan
-6.5151515152e-01 -8.6363636364e-01 0.0000000000e+00 nan nan
-6.2121212121e-01 -8.6363636364e-01 0.0000000000e+00 nan nan
-5.9090909091e-01 -8.6363636364e-01 0.0000000000e+00 nan nan
-5.6060606061e-01 -8.6363636364e-01 0.0000000000e+00 nan nan
-5.3030303030e-01 -8.6363636364e-01 0.0000000000e+00 nan nan
-5.0000000000e-01 -8.6363636364e-01 0.0000000000e+00 nan nan
-4.6969696970e-01 -8.6363636364e-01 0.0000000000e+00 nan nan
-4.3939393939e-01 -8.6363636364e-01 0.0000000000e+00 nan nan
-4.0909090909e-01 -8.6363636364e-01 0.0000000000e+00 nan nan
-3.7878787879e-01 -8.6363636364e-01 0.0000000000e+00 nan nan
-3.4848484848e-01 -8.6363636364e-01 0.0000000000e+00 nan nan
-3.1818181818e-01 -8.6363636364e-01 0.0000000000e+00 nan nan
-2.8787878788e-01 -8.6363636364e-01 0.0000000000e+00 nan nan
-2.5757575758e-01 -8.6363636364e-01 0.0000000000e+00 nan nan
-2.2727272727e-01 -8.6363636364e-01 0.0000000000e+00 nan nan
-1.9696969697e-01 -8.6363636364e-01 0.0000000000e+00 nan nan
-1.6666666667e-01 -8.6363636364e-01 0.0000000000e+00 nan nan
-1.3636363636e-01 -8.6363636364e-01 0.0000000000e+00 nan nan
-1.0606060606e-01 -8.6363636364e-01 0.0000000000e+00 nan nan
-7.5757575758e-02 -8.6363636364e-01 0.0000000000e+00 nan nan
-4.5454545455e-02 -8.6363636364e-01 0.0000000000e+00 nan nan
-1.5151515152e-02 -8.6363636364e-01 0.0000000000e+00 nan nan
1.5151515152e-02 -8.6363636364e-01 0.0000000000e+00 nan nan
4.5454545455e-02 -8.6363636364e-01 0.0000000000e+00 nan nan
7.5757575758e-02 -8.6363636364e-01 0.0000000000e+00 nan nan
1.0606060606e-01 -8.6363636364e-01 0.0000000000e+00 nan nan
1.3636363636e-01 -8.6363636364e-01 0.0000000000e+00 nan nan
1.6666666667e-01 -8.6363636364e-01 0.0000000000e+00 nan nan
1.9696969697e-01 -8.6363636364e-01 0.0000000000e+00 nan nan
2.2727272727e-01 -8.6363636364e-01 0.0000000000e+00 nan nan
2.5757575758e-01 -8.6363636364e-01 0.0000000000e+00 nan nan
2.8787878788e-01 -8.6363636364e-01 0.0000000000e+00 nan nan
3.1818181818e-01 -8.6363636364e-01 0.0000000000e+00 nan nan
3.4848484848e-01 -8.6363636364e-01 0.0000000000e+00 nan nan
3.7878787879e-01 -8.6363636364e-01 0.0000000000e+00 nan nan
4.0909090909e-01 -8.6363636364e-01 0.0000000000e+00 nan nan
4.3939393939e-01 -8.6363636364e-01 0.0000000000e+00 nan nan
4.6969696970e-01 -8.6363636364e-01 0.0000000000e+00 nan nan
5.0000000000e-01 -8.6363636364e-01 0.0000000000e+00 nan nan
5.3030303030e-01 -8.6363636364e-01 0.0000000000e+00 nan nan
5.6060606061e-01 -8.6363636364e-01 0.0000000000e+00 nan nan
5.9090909091e-01 -8.6363636364e-01 0.0000000000e+00 nan nan
6.2121212121e-01 -8.6363636364e-01 0.0000000000e+00 nan nan
6.5151515152e-01 -8.6363636364e-01 0.0000000000e+00 nan nan
6.8181818182e-01 -8.6363636364e-01 0.0000000000e+00 nan nan
7.1212121212e-01 -8.6363636364e-01 0.0000000000e+00 nan nan
7.4242424242e-01 -8.6363636364e-01 0.0000000000e+00 nan nan
7.7272727273e-01 -8.6363636364e-01 0.0000000000e+00 nan nan
8.0303030303e-01 -8.6363636364e-01 0.0000000000e+00 nan nan
8.3333333333e-01 -8.6363636364e-01 0.0000000000e+00 nan nan
8.6363636364e-01 -8.6363636364e-01 0.0000000000e+00 nan nan
8.9393939394e-01 -8.6363636364e-01 0.0000000000e+00 nan nan
9.2424242424e-01 -8.6363636364e-01 0.0000000000e+00 nan nan
9.5454545455e-01 -8.6363636364e-01 0.0000000000e+00 nan nan
9.8484848485e-01 -8.6363636364e-01 0.0000000000e+00 nan nan
1.0151515152e+00 -8.6363636364e-01 0.0000000000e+00 nan nan
1.0454545455e+00 -8.6363636364e-01 0.0000000000e+00 5.3990885984e-07 -5.4302076874e-07
1.0757575758e+00 -8.6363636364e-01 0.0000000000e+00 5.3386752754e-07 -5.3708821728e-07
1.1060606061e+00 -8.6363636364e-01 0.0000000000e+00 5.2765607565e-07 -5.3098865425e-07
1.1363636364e+00 -8.6363636364e-01 0.0000000000e+00 5.2127507738e-07 -5.2472265287e-07
1.1666666667e+00 -8.6363636364e-01 0.0000000000e+00 5.1472539756e-07 -5.1829107795e-07
1.1969696970e+00 -8.6363636364e-01 0.0000000000e+00 5.0800825881e-07 -5.1169515213e-07
1.2272727273e+00 -8.6363636364e-01 0.0000000000e+00 5.0112527636e-07 -5.0493649063e-07
1.2575757576e+00 -8.6363636364e-01 0.0000000000e+00 4.9407838685e-07 -4.9801703011e-07
1.2878787879e+00 -8.6363636364e-01 0.0000000000e+00 4.8686948861e-07 -4.9093866887e-07
1.3181818182e+00 -8.6363636364e-01 0.0000000000e+00 4.7949940275e-07 -4.8370222803e-07
1.3484848485e+00 -8.6363636364e-01 0.0000000000e+00 4.7196612404e-07 -4.7630570238e-07
1.3787878788e+00 -8.6363636364e-01 0.0000000000e+00 4.6433490198e-07 -4.6881434138e-07
1.4090909091e+00 -8.6363636364e-01 0.0000000000e+00 4.5687278160e-07 -4.6149519011e-07
1.4393939394e+00 -8.6363636364e-01 0.0000000000e+00 4.4960431907e-07 -4.5437280470e-07
1.4696969697e+00 -8.6363636364e-01 0.0000000000e+00 4.4252628621e-07 -4.4744395698e-07
1.5000000000e+00 -8.6363636364e-01 0.0000000000e+00 4.3563486906e-07 -4.4070483300e-07
-1.5000000000e+00 -8.3333333333e-01 0.0000000000e+00 4.3644411716e-07 -4.4142705643e-07
-1.4696969697e+00 -8.3333333333e-01 0.0000000000e+00 4.4320399647e-07 -4.4803464257e-07
-1.4393939394e+00 -8.3333333333e-01 0.0000000000e+00 4.5013309488e-07 -4.5481455584e-07
-1.4090909091e+00 -8.3333333333e-01 0.0000000000e+00 4.5723732362e-07 -4.6177270745e-07
-1.3787878788e+00 -8.3333333333e-01 0.0000000000e+00 4.6452432055e-07 -4.6891673529e-07
-1.3484848485e+00 -8.3333333333e-01 0.0000000000e+00 4.7200429439e-07 -4.7625684805e-07
-1.3181818182e+00 -8.3333333333e-01 0.0000000000e+00 4.7969059144e-07 -4.8380639205e-07
-1.2878787879e+00 -8.3333333333e-01 0.0000000000e+00 4.8750513783e-07 -4.9148729341e-07
-1.2575757576e+00 -8.3333333333e-01 0.0000000000e+00 4.9513130452e-07 -4.9898292310e-07
-1.2272727273e+00 -8.3333333333e-01 0.0000000000e+00 5.0255204888e-07 -5.0627623849e-07
-1.1969696970e+00 -8.3333333333e-01 0.0000000000e+00 5.0977590991e-07 -5.1337577856e-07
-1.1666666667e+00 -8.3333333333e-01 0.0000000000e+00 5.1680843453e-07 -5.2028709025e-07
-1.1363636364e+00 -8.3333333333e-01 0.0000000000e+00 5.2365299417e-07 -5.2701354498e-07
-1.1060606061e+00 -8.3333333333e-01 0.0000000000e+00 5.3031156114e-07 -5.3355711507e-07
-1.0757575758e+00 -8.3333333333e-01 0.0000000000e+00 5.3678529627e-07 -5.3991896134e-07
-1.0454545455e+00 -8.3333333333e-01 0.0000000000e+00 nan nan
-1.0151515152e+00 -8.3333333333e-01 0.0000000000e+00 nan nan
-9.8484848485e-01 -8.3333333333e-01 0.0000000000e+00 nan nan
-9.5454545455e-01 -8.3333333333e-01 0.0000000000e+00 nan nan
-9.2424242424e-01 -8.3333333333e-01 0.0000000000e+00 nan nan
-8.9393939394e-01 -8.3333333333e-01 0.0000000000e+00 nan nan
-8.6363636364e-01 -8.3333333333e-01 0.0000000000e+00 nan nan
-8.3333333333e-01 -8.3333333333e-01 0.0000000000e+00 nan nan
-8.0303030303e-01 -8.3333333333e-01 0.0000000000e+00 nan nan
-7.7272727273e-01 -8.3333333333e-01 0.0000000000e+00 nan nan
-7.4242424242e-01 -8.3333333333e-01 0.0000000000e+00 nan nan
-7.1212121212e-01 -8.3333333333e-01 0.0000000000e+00 nan nan
-6.8181818182e-01 -8.3333333333e-01 0.0000000000e+00 nan nan
-6.5151515152e-01 -8.3333333333e-01 0.0000000000e+00 nan nan
-6.2121212121e-01 -8.3333333333e-01 0.0000000000e+00 nan nan
-5.9090909091e-01 -8.3333333333e-01 0.0000000000e+00 nan nan
-5.6060606061e-01 -8.3333333333e-01 0.0000000000e+00 nan nan
-5.3030303030e-01 -8.3333333333e-01 0.0000000000e+00 nan nan
-5.0000000000e-01 -8.3333333333e-01 0.0000000000e+00 nan nan
-4.6969696970e-01 -8.3333333333e-01 0.0000000000e+00 nan nan
-4.3939393939e-01 -8.3333333333e-01 0.0000000000e+00 nan nan
-4.0909090909e-01 -8.3333333333e-01 0.0000000000e+00 nan nan
-3.7878787879e-01 -8.3333333333e-01 0.0000000000e+00 nan nan
-3.4848484848e-01 -8.3333333333e-01 0.0000000000e+00 nan nan
-3.1818181818e-01 -8.3333333333e-01 0.0000000000e+00 nan nan
-2.8787878788e-01 -8.3333333333e-01 0.0000000000e+00 nan nan
-2.5757575758e-01 -8.3333333333e-01 0.0000000000e+00 nan nan
-2.2727272727e-01 -8.3333333333e-01 0.0000000000e+00 nan nan
-1.9696969697e-01 -8.3333333333e-01 0.0000000000e+00 nan nan
-1.6666666667e-01 -8.3333333333e-01 0.0000000000e+00 nan nan
-1.3636363636e-01 -8.3333333333e-01 0.0000000000e+00 nan nan
-1.0606060606e-01 -8.3333333333e-01 0.0000000000e+00 nan nan
-7.5757575758e-02 -8.3333333333e-01 0.0000000000e+00 nan nan
-4.5454545455e-02 -8.3333333333e-01 0.0000000000e+00 nan nan
-1.5151515152e-02 -8.3333333333e-01 0.0000000000e+00 nan nan
1.5151515152e-02 -8.3333333333e-01 0.0000000000e+00 nan nan
4.5454545455e-02 -8.3333333333e-01 0.0000000000e+00 nan nan
7.5757575758e-02 -8.3333333333e-01 0.0000000000e+00 nan nan
1.0606060606e-01 -8.3333333333e-01 0.0000000000e+00 nan nan
1.3636363636e-01 -8.3333333333e-01 0.0000000000e+00 nan nan
1.6666666667e-01 -8.3333333333e-01 0.0000000000e+00 nan nan
1.9696969697e-01 -8.3333333333e-01 0.0000000000e+00 nan nan
2.2727272727e-01 -8.3333333333e-01 0.0000000000e+00 nan nan
2.5757575758e-01 -8.3333333333e-01 0.0000000000e+00 nan nan
2.8787878788e-01 -8.3333333333e-01 0.0000000000e+00 nan nan
3.1818181818e-01 -8.3333333333e-01 0.0000000000e+00 nan nan
3.4848484848e-01 -8.3333333333e-01 0.0000000000e+00 nan nan
3.7878787879e-01 -8.3333333333e-01 0.0000000000e+00 nan nan
4.0909090909e-01 -8.3333333333e-01 0.0000000000e+00 nan nan
4.3939393939e-01 -8.3333333333e-01 0.0000000000e+00 nan nan
4.6969696970e-01 -8.3333333333e-01 0.0000000000e+00 nan nan
5.0000000000e-01 -8.3333333333e-01 0.0000000000e+00 nan nan
5.3030303030e-01 -8.3333333333e-01 0.0000000000e+00 nan nan
5.6060606061e-01 -8.3333333333e-01 0.0000000000e+00 nan nan
5.9090909091e-01 -8.3333333333e-01 0.0000000000e+00 nan nan
6.2121212121e-01 -8.3333333333e-01 0.0000000000e+00 nan nan
6.5151515152e-01 -8.3333333333e-01 0.0000000000e+00 nan nan
6.8181818182e-01 -8.3333333333e-01 0.0000000000e+00 nan nan
7.1212121212e-01 -8.3333333333e-01 0.0000000000e+00 nan nan
7.4242424242e-01 -8.3333333333e-01 0.0000000000e+00 nan nan
7.7272727273e-01 -8.3333333333e-01 0.0000000000e+00 nan nan
8.0303030303e-01 -8.3333333333e-01 0.0000000000e+00 nan nan
8.3333333333e-01 -8.3333333333e-01 0.0000000000e+00 nan nan
8.6363636364e-01 -8.3333333333e-01 0.0000000000e+00 nan nan
8.9393939394e-01 -8.3333333333e-01 0.0000000000e+00 nan nan
9.2424242424e-01 -8.3333333333e-01 0.0000000000e+00 nan nan
9.5454545455e-01 -8.3333333333e-01 0.0000000000e+00 nan nan
9.8484848485e-01 -8.3333333333e-01 0.0000000000e+00 nan nan
1.0151515152e+00 -8.3333333333e-01 0.0000000000e+00 nan nan
1.0454545455e+00 -8.3333333333e-01 0.0000000000e+00 nan nan
1.0757575758e+00 -8.3333333333e-01 0.0000000000e+00 5.3881825578e-07 -5.4195192085e-07
1.1060606061e+00 -8.3333333333e-01 0.0000000000e+00 5.3260142905e-07 -5.3584698298e-07
1.1363636364e+00 -8.3333333333e-01 0.0000000000e+00 5.2621504166e-07 -5.2957559247e-07
1.1666666667e+00 -8.3333333333e-01 0.0000000000e+00 5.1965980890e-07 -5.2313846462e-07
1.1969696970e+00 -8.3333333333e-01 0.0000000000e+00 5.1293668150e-07 -5.1653655015e-07
1.2272727273e+00 -8.3333333333e-01 0.0000000000e+00 5.0604683412e-07 -5.0977102372e-07
1.2575757576e+00 -8.3333333333e-01 0.0000000000e+00 4.9899157404e-07 -5.0284319263e-07
1.2878787879e+00 -8.3333333333e-01 0.0000000000e+00 4.9177210501e-07 -4.9575426059e-07
1.3181818182e+00 -8.3333333333e-01 0.0000000000e+00 4.8438911589e-07 -4.8850491650e-07
1.3484848485e+00 -8.3333333333e-01 0.0000000000e+00 4.7684242515e-07 -4.8109497882e-07
1.3787878788e+00 -8.3333333333e-01 0.0000000000e+00 4.6913127599e-07 -4.7352369072e-07
1.4090909091e+00 -8.3333333333e-01 0.0000000000e+00 4.6143057891e-07 -4.6596596275e-07
1.4393939394e+00 -8.3333333333e-01 0.0000000000e+00 4.5393601851e-07 -4.5861747947e-07
1.4696969697e+00 -8.3333333333e-01 0.0000000000e+00 4.4664470331e-07 -4.5147534941e-07
1.5000000000e+00 -8.3333333333e-01 0.0000000000e+00 4.3955283375e-07 -4.4453577302e-07
-1.5000000000e+00 -8.0303030303e-01 0.0000000000e+00 4.4020172043e-07 -4.4510074306e-07
-1.4696969697e+00 -8.0303030303e-01 0.0000000000e+00 4.4712792051e-07 -4.5187464997e-07
-1.4393939394e+00 -8.0303030303e-01 0.0000000000e+00 4.5422859101e-07 -4.5882613532e-07
-1.4090909091e+00 -8.0303030303e-01 0.0000000000e+00 4.6150869626e-07 -4.6596016346e-07
-1.3787878788e+00 -8.0303030303e-01 0.0000000000e+00 4.6897475445e-07 -4.7328325255e-07
-1.3484848485e+00 -8.0303030303e-01 0.0000000000e+00 4.7663591863e-07 -4.8080455565e-07
-1.3181818182e+00 -8.0303030303e-01 0.0000000000e+00 4.8450379516e-07 -4.8853567913e-07
-1.2878787879e+00 -8.0303030303e-01 0.0000000000e+00 4.9233979310e-07 -4.9623803204e-07
-1.2575757576e+00 -8.0303030303e-01 0.0000000000e+00 4.9996073021e-07 -5.0372843215e-07
-1.2272727273e+00 -8.0303030303e-01 0.0000000000e+00 5.0737769881e-07 -5.1101797177e-07
-1.1969696970e+00 -8.0303030303e-01 0.0000000000e+00 5.1459828516e-07 -5.1811423716e-07
-1.1666666667e+00 -8.0303030303e-01 0.0000000000e+00 5.2162752898e-07 -5.2502226805e-07
-1.1363636364e+00 -8.0303030303e-01 0.0000000000e+00 5.2846867950e-07 -5.3174531366e-07
-1.1060606061e+00 -8.0303030303e-01 0.0000000000e+00 5.3512378755e-07 -5.3828542484e-07
-1.0757575758e+00 -8.0303030303e-01 0.0000000000e+00 nan nan
-1.0454545455e+00 -8.0303030303e-01 0.0000000000e+00 nan nan
-1.0151515152e+00 -8.0303030303e-01 0.0000000000e+00 nan nan
-9.8484848485e-01 -8.0303030303e-01 0.0000000000e+00 nan nan
-9.5454545455e-01 -8.0303030303e-01 0.0000000000e+00 nan nan
-9.2424242424e-01 -8.0303030303e-01 0.0000000000e+00 nan nan
-8.9393939394e-01 -8.0303030303e-01 0.0000000000e+00 nan nan
-8.6363636364e-01 -8.0303030303e-01 0.0000000000e+00 nan nan
-8.3333333333e-01 -8.0303030303e-01 0.0000000000e+00 nan nan
-8.0303030303e-01 -8.0303030303e-01 0.0000000000e+00 nan nan
-7.7272727273e-01 -8.0303030303e-01 0.0000000000e+00 nan nan
-7.4242424242e-01 -8.0303030303e-01 0.0000000000e+00 nan nan
-7.1212121212e-01 -8.0303030303e-01 0.0000000000e+00 nan nan
-6.8181818182e-01 -8.0303030303e-01 0.0000000000e+00 nan nan
-6.5151515152e-01 -8.0303030303e-01 0.0000000000e+00 nan nan
-6.2121212121e-01 -8.0303030303e-01 0.0000000000e+00 nan nan
-5.9090909091e-01 -8.0303030303e-01 0.0000000000e+00 nan nan
-5.6060606061e-01 -8.0303030303e-01 0.0000000000e+00 nan nan
-5.3030303030e-01 -8.0303030303e-01 0.0000000000e+00 nan nan
-5.0000000000e-01 -8.0303030303e-01 0.0000000000e+00 nan nan
-4.6969696970e-01 -8.0303030303e-01 0.0000000000e+00 nan nan
-4.3939393939e-01 -8.0303030303e-01 0.0000000000e+00 nan nan
-4.0909090909e-01 -8.0303030303e-01 0.0000000000e+00 nan nan
-3.7878787879e-01 -8.0303030303e-01 0.0000000000e+00 nan nan
-3.4848484848e-01 -8.0303030303e-01 0.0000000000e+00 nan nan
-3.1818181818e-01 -8.0303030303e-01 0.0000000000e+00 nan nan
-2.8787878788e-01 -8.0303030303e-01 0.0000000000e+00 nan nan
-2.5757575758e-01 -8.0303030303e-01 0.0000000000e+00 nan nan
-2.2727272727e-01 -8.0303030303e-01 0.0000000000e+00 nan nan
-1.9696969697e-01 -8.0303030303e-01 0.0000000000e+00 nan nan
-1.6666666667e-01 -8.0303030303e-01 0.0000000000e+00 nan nan
-1.3636363636e-01 -8.0303030303e-01 0.0000000000e+00 nan nan
-1.0606060606e-01 -8.0303030303e-01 0.0000000000e+00 nan nan
-7.5757575758e-02 -8.0303030303e-01 0.0000000000e+00 nan nan
-4.5454545455e-02 -8.0303030303e-01 0.0000000000e+00 nan nan
-1.5151515152e-02 -8.0303030303e-01 0.0000000000e+00 nan nan
1.5151515152e-02 -8.0303030303e-01 0.0000000000e+00 nan nan
4.5454545455e-02 -8.0303030303e-01 0.0000000000e+00 nan nan
7.5757575758e-02 -8.0303030303e-01 0.0000000000e+00 nan nan
1.0606060606e-01 -8.0303030303e-01 0.0000000000e+00 nan nan
1.3636363636e-01 -8.0303030303e-01 0.0000000000e+00 nan nan
1.6666666667e-01 -8.0303030303e-01 0.0000000000e+00 nan nan
1.9696969697e-01 -8.0303030303e-01 0.0000000000e+00 nan nan
2.2727272727e-01 -8.0303030303e-01 0.0000000000e+00 nan nan
2.5757575758e-01 -8.0303030303e-01 0.0000000000e+00 nan nan
2.8787878788e-01 -8.0303030303e-01 0.0000000000e+00 nan nan
3.1818181818e-01 -8.0303030303e-01 0.0000000000e+00 nan nan
3.4848484848e-01 -8.0303030303e-01 0.0000000000e+00 nan nan
3.7878787879e-01 -8.0303030303e-01 0.0000000000e+00 nan nan
4.0909090909e-01 -8.0303030303e-01 0.0000000000e+00 nan nan
4.3939393939e-01 -8.0303030303e-01 0.0000000000e+00 nan nan
4.6969696970e-01 -8.0303030303e-01 0.0000000000e+00 nan nan
5.0000000000e-01 -8.0303030303e-01 0.0000000000e+00 nan nan
5.3030303030e-01 -8.0303030303e-01 0.0000000000e+00 nan nan
5.6060606061e-01 -8.0303030303e-01 0.0000000000e+00 nan nan
5.9090909091e-01 -8.0303030303e-01 0.0000000000e+00 nan nan
6.2121212121e-01 -8.0303030303e-01 0.0000000000e+00 nan nan
6.5151515152e-01 -8.0303030303e-01 0.0000000000e+00 nan nan
6.8181818182e-01 -8.0303030303e-01 0.0000000000e+00 nan nan
7.1212121212e-01 -8.0303030303e-01 0.0000000000e+00 nan nan
7.4242424242e-01 -8.0303030303e-01 0.0000000000e+00 nan nan
7.7272727273e-01 -8.0303030303e-01 0.0000000000e+00 nan nan
8.0303030303e-01 -8.0303030303e-01 0.0000000000e+00 nan nan
8.3333333333e-01 -8.0303030303e-01 0.0000000000e+00 nan nan
8.6363636364e-01 -8.0303030303e-01 0.0000000000e+00 nan nan
8.9393939394e-01 -8.0303030303e-01 0.0000000000e+00 nan nan
9.2424242424e-01 -8.0303030303e-01 0.0000000000e+00 nan nan
9.5454545455e-01 -8.0303030303e-01 0.0000000000e+00 nan nan
9.8484848485e-01 -8.0303030303e-01 0.0000000000e+00 nan nan
1.0151515152e+00 -8.0303030303e-01 0.0000000000e+00 nan nan
1.0454545455e+00 -8.0303030303e-01 0.0000000000e+00 nan nan
1.0757575758e+00 -8.0303030303e-01 0.0000000000e+00 nan nan
1.1060606061e+00 -8.0303030303e-01 0.0000000000e+00 5.3736297315e-07 -5.4052461044e-07
1.1363636364e+00 -8.0303030303e-01 0.0000000000e+00 5.3097024934e-07 -5.3424688350e-07
1.1666666667e+00 -8.0303030303e-01 0.0000000000e+00 5.2440838037e-07 -5.2780311945e-07
1.1969696970e+00 -8.0303030303e-01 0.0000000000e+00 5.1767812114e-07 -5.2119407314e-07
1.2272727273e+00 -8.0303030303e-01 0.0000000000e+00 5.1078038189e-07 -5.1442065485e-07
1.2575757576e+00 -8.0303030303e-01 0.0000000000e+00 5.0371618153e-07 -5.0748388347e-07
1.2878787879e+00 -8.0303030303e-01 0.0000000000e+00 4.9648656143e-07 -5.0038480037e-07
1.3181818182e+00 -8.0303030303e-01 0.0000000000e+00 4.8909249057e-07 -4.9312437454e-07
1.3484848485e+00 -8.0303030303e-01 0.0000000000e+00 4.8153483626e-07 -4.8570347328e-07
1.3787878788e+00 -8.0303030303e-01 0.0000000000e+00 4.7381433042e-07 -4.7812282851e-07
1.4090909091e+00 -8.0303030303e-01 0.0000000000e+00 4.6595461317e-07 -4.7040608037e-07
1.4393939394e+00 -8.0303030303e-01 0.0000000000e+00 4.5823167787e-07 -4.6282922219e-07
1.4696969697e+00 -8.0303030303e-01 0.0000000000e+00 4.5072415159e-07 -4.5547088105e-07
1.5000000000e+00 -8.0303030303e-01 0.0000000000e+00 4.4342907729e-07 -4.4832809992e-07
-1.5000000000e+00 -7.7272727273e-01 0.0000000000e+00 4.4393057042e-07 -4.4874878443e-07
-1.4696969697e+00 -7.7272727273e-01 0.0000000000e+00 4.5102478158e-07 -4.5569070241e-07
-1.4393939394e+00 -7.7272727273e-01 0.0000000000e+00 4.5829818468e-07 -4.6281492038e-07
-1.4090909091e+00 -7.7272727273e-01 0.0000000000e+00 4.6575407511e-07 -4.7012473368e-07
-1.3787878788e+00 -7.7272727273e-01 0.0000000000e+00 4.7339677441e-07 -4.7762446388e-07
-1.3484848485e+00 -7.7272727273e-01 0.0000000000e+00 4.8123343763e-07 -4.8532126603e-07
-1.3181818182e+00 -7.7272727273e-01 0.0000000000e+00 4.8921979789e-07 -4.9317087324e-07
-1.2878787879e+00 -7.7272727273e-01 0.0000000000e+00 4.9703711676e-07 -5.0085454708e-07
-1.2575757576e+00 -7.7272727273e-01 0.0000000000e+00 5.0464397548e-07 -5.0833086880e-07
-1.2272727273e+00 -7.7272727273e-01 0.0000000000e+00 5.1205013093e-07 -5.1560959527e-07
-1.1969696970e+00 -7.7272727273e-01 0.0000000000e+00 5.1926204828e-07 -5.2269719167e-07
-1.1666666667e+00 -7.7272727273e-01 0.0000000000e+00 5.2628399544e-07 -5.2959792589e-07
-1.1363636364e+00 -7.7272727273e-01 0.0000000000e+00 5.3311877908e-07 -5.3631460462e-07
-1.1060606061e+00 -7.7272727273e-01 0.0000000000e+00 nan nan
-1.0757575758e+00 -7.7272727273e-01 0.0000000000e+00 nan nan
-1.0454545455e+00 -7.7272727273e-01 0.0000000000e+00 nan nan
-1.0151515152e+00 -7.7272727273e-01 0.0000000000e+00 nan nan
-9.8484848485e-01 -7.7272727273e-01 0.0000000000e+00 nan nan
-9.5454545455e-01 -7.7272727273e-01 0.0000000000e+00 nan nan
-9.2424242424e-01 -7.7272727273e-01 0.0000000000e+00 nan nan
-8.9393939394e-01 -7.7272727273e-01 0.0000000000e+00 nan nan
-8.6363636364e-01 -7.7272727273e-01 0.0000000000e+00 nan nan
-8.3333333333e-01 -7.7272727273e-01 0.0000000000e+00 nan nan
-8.0303030303e-01 -7.7272727273e-01 0.0000000000e+00 nan nan
-7.7272727273e-01 -7.7272727273e-01 0.0000000000e+00 nan nan
-7.4242424242e-01 -7.7272727273e-01 0.0000000000e+00 nan nan
-7.1212121212e-01 -7.7272727273e-01 0.0000000000e+00 nan nan
-6.8181818182e-01 -7.7272727273e-01 0.0000000000e+00 nan nan
-6.5151515152e-01 -7.7272727273e-01 0.0000000000e+00 nan nan
-6.2121212121e-01 -7.7272727273e-01 0.0000000000e+00 nan nan
-5.9090909091e-01 -7.7272727273e-01 0.0000000000e+00 nan nan
-5.6060606061e-01 -7.7272727273e-01 0.0000000000e+00 nan nan
-5.3030303030e-01 -7.7272727273e-01 0.0000000000e+00 nan nan
-5.0000000000e-01 -7.7272727273e-01 0.0000000000e+00 nan nan
-4.6969696970e-01 -7.7272727273e-01 0.0000000000e+00 nan nan
-4.3939393939e-01 -7.7272727273e-01 0.0000000000e+00 nan nan
-4.0909090909e-01 -7.7272727273e-01 0.0000000000e+00 nan nan
-3.7878787879e-01 -7.7272727273e-01 0.0000000000e+00 nan nan
-3.4848484848e-01 -7.7272727273e-01 0.0000000000e+00 nan nan
-3.1818181818e-01 -7.7272727273e-01 0.0000000000e+00 nan nan
-2.8787878788e-01 -7.7272727273e-01 0.0000000000e+00 nan nan
-2.5757575758e-01 -7.7272727273e-01 0.0000000000e+00 nan nan
-2.2727272727e-01 -7.7272727273e-01 0.0000000000e+00 nan nan
-1.9696969697e-01 -7.7272727273e-01 0.0000000000e+00 nan nan
-1.6666666667e-01 -7.7272727273e-01 0.0000000000e+00 nan nan
-1.3636363636e-01 -7.7272727273e-01 0.0000000000e+00 nan nan
-1.0606060606e-01 -7.7272727273e-01 0.0000000000e+00 nan nan
-7.5757575758e-02 -7.7272727273e-01 0.0000000000e+00 nan nan
-4.5454545455e-02 -7.7272727273e-01 0.0000000000e+00 nan nan
-1.5151515152e-02 -7.7272727273e-01 0.0000000000e+00 nan nan
1.5151515152e-02 -7.7272727273e-01 0.0000000000e+00 nan nan
4.5454545455e-02 -7.7272727273e-01 0.0000000000e+00 nan nan
7.5757575758e-02 -7.7272727273e-01 0.0000000000e+00 nan nan
1.0606060606e-01 -7.7272727273e-01 0.0000000000e+00 nan nan
1.3636363636e-01 -7.7272727273e-01 0.0000000000e+00 nan nan
1.6666666667e-01 -7.7272727273e-01 0.0000000000e+00 nan nan
1.9696969697e-01 -7.7272727273e-01 0.0000000000e+00 nan nan
2.2727272727e-01 -7.7272727273e-01 0.0000000000e+00 nan nan
2.5757575758e-01 -7.7272727273e-01 0.0000000000e+00 nan nan
2.8787878788e-01 -7.7272727273e-01 0.0000000000e+00 nan nan
3.1818181818e-01 -7.7272727273e-01 0.0000000000e+00 nan nan
3.4848484848e-01 -7.7272727273e-01 0.0000000000e+00 nan nan
3.7878787879e-01 -7.7272727273e-01 0.0000000000e+00 nan nan
4.0909090909e-01 -7.7272727273e-01 0.0000000000e+00 nan nan
4.3939393939e-01 -7.7272727273e-01 0.0000000000e+00 nan nan
4.6969696970e-01 -7.7272727273e-01 0.0000000000e+00 nan nan
5.0000000000e-01 -7.7272727273e-01 0.0000000000e+00 nan nan
5.3030303030e-01 -7.7272727273e-01 0.0000000000e+00 nan nan
5.6060606061e-01 -7.7272727273e-01 0.0000000000e+00 nan nan
5.9090909091e-01 -7.7272727273e-01 0.0000000000e+00 nan nan
6.2121212121e-01 -7.7272727273e-01 0.0000000000e+00 nan nan
6.5151515152e-01 -7.7272727273e-01 0.0000000000e+00 nan nan
6.8181818182e-01 -7.7272727273e-01 0.0000000000e+00 nan nan
7.1212121212e-01 -7.7272727273e-01 0.0000000000e+00 nan nan
7.4242424242e-01 -7.7272727273e-01 0.0000000000e+00 nan nan
7.7272727273e-01 -7.7272727273e-01 0.0000000000e+00 nan nan
8.0303030303e-01 -7.7272727273e-01 0.0000000000e+00 nan nan
8.3333333333e-01 -7.7272727273e-01 0.0000000000e+00 nan nan
8.6363636364e-01 -7.7272727273e-01 0.0000000000e+00 nan nan
8.9393939394e-01 -7.7272727273e-01 0.0000000000e+00 nan nan
9.2424242424e-01 -7.7272727273e-01 0.0000000000e+00 nan nan
9.5454545455e-01 -7.7272727273e-01 0.0000000000e+00 nan nan
9.8484848485e-01 -7.7272727273e-01 0.0000000000e+00 nan nan
1.0151515152e+00 -7.7272727273e-01 0.0000000000e+00 nan nan
1.0454545455e+00 -7.7272727273e-01 0.0000000000e+00 nan nan
1.0757575758e+00 -7.7272727273e-01 0.0000000000e+00 nan nan
1.1060606061e+00 -7.7272727273e-01 0.0000000000e+00 nan nan
1.1363636364e+00 -7.7272727273e-01 0.0000000000e+00 5.3554181156e-07 -5.3873763711e-07
1.1666666667e+00 -7.7272727273e-01 0.0000000000e+00 5.2897258950e-07 -5.3228651995e-07
1.1969696970e+00 -7.7272727273e-01 0.0000000000e+00 5.2223450056e-07 -5.2566964394e-07
1.2272727273e+00 -7.7272727273e-01 0.0000000000e+00 5.1532831497e-07 -5.1888777931e-07
1.2575757576e+00 -7.7272727273e-01 0.0000000000e+00 5.0825494319e-07 -5.1194183651e-07
1.2878787879e+00 -7.7272727273e-01 0.0000000000e+00 5.0101544426e-07 -5.0483287459e-07
1.3181818182e+00 -7.7272727273e-01 0.0000000000e+00 4.9361106703e-07 -4.9756214238e-07
1.3484848485e+00 -7.7272727273e-01 0.0000000000e+00 4.8604333588e-07 -4.9013116427e-07
1.3787878788e+00 -7.7272727273e-01 0.0000000000e+00 4.7831411334e-07 -4.8254180282e-07
1.4090909091e+00 -7.7272727273e-01 0.0000000000e+00 4.7042560557e-07 -4.7479626414e-07
1.4393939394e+00 -7.7272727273e-01 0.0000000000e+00 4.6248429880e-07 -4.6700103449e-07
1.4696969697e+00 -7.7272727273e-01 0.0000000000e+00 4.5475725194e-07 -4.5942317278e-07
1.5000000000e+00 -7.7272727273e-01 0.0000000000e+00 4.4725601084e-07 -4.5207422485e-07
-1.5000000000e+00 -7.4242424242e-01 0.0000000000e+00 4.4762743977e-07 -4.5236795319e-07
-1.4696969697e+00 -7.4242424242e-01 0.0000000000e+00 4.5489192589e-07 -4.5948014613e-07
-1.4393939394e+00 -7.4242424242e-01 0.0000000000e+00 4.6234007530e-07 -4.6677911040e-07
-1.4090909091e+00 -7.4242424242e-01 0.0000000000e+00 4.6997272108e-07 -4.7426567905e-07
-1.3787878788e+00 -7.4242424242e-01 0.0000000000e+00 4.7779040366e-07 -4.8194039254e-07
-1.3484848485e+00 -7.4242424242e-01 0.0000000000e+00 4.8579542983e-07 -4.8980555763e-07
-1.3181818182e+00 -7.4242424242e-01 0.0000000000e+00 4.9380085693e-07 -4.9767423168e-07
-1.2878787879e+00 -7.4242424242e-01 0.0000000000e+00 5.0159008464e-07 -5.0532981437e-07
-1.2575757576e+00 -7.4242424242e-01 0.0000000000e+00 5.0917579245e-07 -5.1278498517e-07
-1.2272727273e+00 -7.4242424242e-01 0.0000000000e+00 5.1656570666e-07 -5.2004747040e-07
-1.1969696970e+00 -7.4242424242e-01 0.0000000000e+00 5.2376476176e-07 -5.2712220455e-07
-1.1666666667e+00 -7.4242424242e-01 0.0000000000e+00 5.3077619622e-07 -5.3401242608e-07
-1.1363636364e+00 -7.4242424242e-01 0.0000000000e+00 5.3760215945e-07 -5.4072028440e-07
-1.1060606061e+00 -7.4242424242e-01 0.0000000000e+00 nan nan
-1.0757575758e+00 -7.4242424242e-01 0.0000000000e+00 nan nan
-1.0454545455e+00 -7.4242424242e-01 0.0000000000e+00 nan nan
-1.0151515152e+00 -7.4242424242e-01 0.0000000000e+00 nan nan
-9.8484848485e-01 -7.4242424242e-01 0.0000000000e+00 nan nan
-9.5454545455e-01 -7.4242424242e-01 0.0000000000e+00 nan nan
-9.2424242424e-01 -7.4242424242e-01 0.0000000000e+00 nan nan
-8.9393939394e-01 -7.4242424242e-01 0.0000000000e+00 nan nan
-8.6363636364e-01 -7.4242424242e-01 0.0000000000e+00 nan nan
-8.3333333333e-01 -7.4242424242e-01 0.0000000000e+00 nan nan
-8.0303030303e-01 -7.4242424242e-01 0.0000000000e+00 nan nan
-7.7272727273e-01 -7.4242424242e-01 0.0000000000e+00 nan nan
-7.4242424242e-01 -7.4242424242e-01 0.0000000000e+00 nan nan
-7.1212121212e-01 -7.4242424242e-01 0.0000000000e+00 nan nan
-6.8181818182e-01 -7.4242424242e-01 0.0000000000e+00 nan nan
-6.5151515152e-01 -7.4242424242e-01 0.0000000000e+00 nan nan
-6.2121212121e-01 -7.4242424242e-01 0.0000000000e+00 nan nan
-5.9090909091e-01 -7.4242424242e-01 0.0000000000e+00 nan nan
-5.6060606061e-01 -7.4242424242e-01 0.0000000000e+00 nan nan
-5.3030303030e-01 -7.4242424242e-01 0.0000000000e+00 nan nan
-5.0000000000e-01 -7.4242424242e-01 0.0000000000e+00 nan nan
-4.6969696970e-01 -7.4242424242e-01 0.0000000000e+00 nan nan
-4.3939393939e-01 -7.4242424242e-01 0.0000000000e+00 nan nan
-4.0909090909e-01 -7.4242424242e-01 0.0000000000e+00 nan nan
-3.7878787879e-01 -7.4242424242e-01 0.0000000000e+00 nan nan
-3.4848484848e-01 -7.4242424242e-01 0.0000000000e+00 nan nan
-3.1818181818e-01 -7.4242424242e-01 0.0000000000e+00 nan nan
-2.8787878788e-01 -7.4242424242e-01 0.0000000000e+00 nan nan
-2.5757575758e-01 -7.4242424242e-01 0.0000000000e+00 nan nan
-2.2727272727e-01 -7.4242424242e-01 0.0000000000e+00 nan nan
-1.9696969697e-01 -7.4242424242e-01 0.0000000000e+00 nan nan
-1.6666666667e-01 -7.4242424242e-01 0.0000000000e+00 nan nan
-1.3636363636e-01 -7.4242424242e-01 0.0000000000e+00 nan nan
-1.0606060606e-01 -7.4242424242e-01 0.0000000000e+00 nan nan
-7.5757575758e-02 -7.4242424242e-01 0.0000000000e+00 nan nan
-4.5454545455e-02 -7.4242424242e-01 0.0000000000e+00 nan nan
-1.5151515152e-02 -7.4242424242e-01 0.0000000000e+00 nan nan
1.5151515152e-02 -7.4242424242e-01 0.0000000000e+00 nan nan
4.5454545455e-02 -7.4242424242e-01 0.0000000000e+00 nan nan
7.5757575758e-02 -7.4242424242e-01 0.0000000000e+00 nan nan
1.0606060606e-01 -7.4242424242e-01 0.0000000000e+00 nan nan
1.3636363636e-01 -7.4242424242e-01 0.0000000000e+00 nan nan
1.6666666667e-01 -7.4242424242e-01 0.0000000000e+00 nan nan
1.9696969697e-01 -7.4242424242e-01 0.0000000000e+00 nan nan
2.2727272727e-01 -7.4242424242e-01 0.0000000000e+00 nan nan
2.5757575758e-01 -7.4242424242e-01 0.0000000000e+00 nan nan
2.8787878788e-01 -7.4242424242e-01 0.0000000000e+00 nan nan
3.1818181818e-01 -7.4242424242e-01 0.0000000000e+00 nan nan
3.4848484848e-01 -7.4242424242e-01 0.0000000000e+00 nan nan
3.7878787879e-01 -7.4242424242e-01 0.0000000000e+00 nan nan
4.0909090909e-01 -7.4242424242e-01 0.0000000000e+00 nan nan
4.3939393939e-01 -7.4242424242e-01 0.0000000000e+00 nan nan
4.6969696970e-01 -7.4242424242e-01 0.0000000000e+00 nan nan
5.0000000000e-01 -7.4242424242e-01 0.0000000000e+00 nan nan
5.3030303030e-01 -7.4242424242e-01 0.0000000000e+00 nan nan
5.6060606061e-01 -7.4242424242e-01 0.0000000000e+00 nan nan
5.9090909091e-01 -7.4242424242e-01 0.0000000000e+00 nan nan
6.2121212121e-01 -7.4242424242e-01 0.0000000000e+00 nan nan
6.5151515152e-01 -7.4242424242e-01 0.0000000000e+00 nan nan
6.8181818182e-01 -7.4242424242e-01 0.0000000000e+00 nan nan
7.1212121212e-01 -7.4242424242e-01 0.0000000000e+00 nan nan
7.4242424242e-01 -7.4242424242e-01 0.0000000000e+00 nan nan
7.7272727273e-01 -7.4242424242e-01 0.0000000000e+00 nan nan
8.0303030303e-01 -7.4242424242e-01 0.0000000000e+00 nan nan
8.3333333333e-01 -7.4242424242e-01 0.0000000000e+00 nan nan
8.6363636364e-01 -7.4242424242e-01 0.0000000000e+00 nan nan
8.9393939394e-01 -7.4242424242e-01 0.0000000000e+00 nan nan
9.2424242424e-01 -7.4242424242e-01 0.0000000000e+00 nan nan
9.5454545455e-01 -7.4242424242e-01 0.0000000000e+00 nan nan
9.8484848485e-01 -7.4242424242e-01 0.0000000000e+00 nan nan
1.0151515152e+00 -7.4242424242e-01 0.0000000000e+00 nan nan
1.0454545455e+00 -7.4242424242e-01 0.0000000000e+00 nan nan
1.0757575758e+00 -7.4242424242e-01 0.0000000000e+00 nan nan
1.1060606061e+00 -7.4242424242e-01 0.0000000000e+00 nan nan
1.1363636364e+00 -7.4242424242e-01 0.0000000000e+00 5.3993076049e-07 -5.4304888544e-07
1.1666666667e+00 -7.4242424242e-01 0.0000000000e+00 5.3335371849e-07 -5.3658994835e-07
1.1969696970e+00 -7.4242424242e-01 0.0000000000e+00 5.2660736486e-07 -5.2996480765e-07
1.2272727273e+00 -7.4242424242e-01 0.0000000000e+00 5.1969239682e-07 -5.2317416056e-07
1.2575757576e+00 -7.4242424242e-01 0.0000000000e+00 5.1260968636e-07 -5.1621887909e-07
1.2878787879e+00 -7.4242424242e-01 0.0000000000e+00 5.0536033657e-07 -5.0910006630e-07
1.3181818182e+00 -7.4242424242e-01 0.0000000000e+00 4.9794577895e-07 -5.0181915370e-07
1.3484848485e+00 -7.4242424242e-01 0.0000000000e+00 4.9036791196e-07 -4.9437803976e-07
1.3787878788e+00 -7.4242424242e-01 0.0000000000e+00 4.8262923632e-07 -4.8677922520e-07
1.4090909091e+00 -7.4242424242e-01 0.0000000000e+00 4.7473288807e-07 -4.7902584604e-07
1.4393939394e+00 -7.4242424242e-01 0.0000000000e+00 4.6668650475e-07 -4.7112553985e-07
1.4696969697e+00 -7.4242424242e-01 0.0000000000e+00 4.5873628750e-07 -4.6332450774e-07
1.5000000000e+00 -7.4242424242e-01 0.0000000000e+00 4.5102542474e-07 -4.5576593815e-07
-1.5000000000e+00 -7.1212121212e-01 0.0000000000e+00 4.5128862196e-07 -4.5595454279e-07
-1.4696969697e+00 -7.1212121212e-01 0.0000000000e+00 4.5872624366e-07 -4.6323987133e-07
-1.4393939394e+00 -7.1212121212e-01 0.0000000000e+00 4.6635228432e-07 -4.7071672685e-07
-1.4090909091e+00 -7.1212121212e-01 0.0000000000e+00 4.7416459466e-07 -4.7838296007e-07
-1.3787878788e+00 -7.1212121212e-01 0.0000000000e+00 4.8215914075e-07 -4.8623453705e-07
-1.3484848485e+00 -7.1212121212e-01 0.0000000000e+00 4.9027845418e-07 -4.9421398941e-07
-1.3181818182e+00 -7.1212121212e-01 0.0000000000e+00 4.9823491918e-07 -5.0203370136e-07
-1.2878787879e+00 -7.1212121212e-01 0.0000000000e+00 5.0598974466e-07 -5.0965488181e-07
-1.2575757576e+00 -7.1212121212e-01 0.0000000000e+00 5.1354984415e-07 -5.1708444430e-07
-1.2272727273e+00 -7.1212121212e-01 0.0000000000e+00 5.2091998930e-07 -5.2432716047e-07
-1.1969696970e+00 -7.1212121212e-01 0.0000000000e+00 5.2810332439e-07 -5.3138617461e-07
-1.1666666667e+00 -7.1212121212e-01 0.0000000000e+00 5.3510194142e-07 -5.3826357871e-07
-1.1363636364e+00 -7.1212121212e-01 0.0000000000e+00 nan nan
-1.1060606061e+00 -7.1212121212e-01 0.0000000000e+00 nan nan
-1.0757575758e+00 -7.1212121212e-01 0.0000000000e+00 nan nan
-1.0454545455e+00 -7.1212121212e-01 0.0000000000e+00 nan nan
-1.0151515152e+00 -7.1212121212e-01 0.0000000000e+00 nan nan
-9.8484848485e-01 -7.1212121212e-01 0.0000000000e+00 nan nan
-9.5454545455e-01 -7.1212121212e-01 0.0000000000e+00 nan nan
-9.2424242424e-01 -7.1212121212e-01 0.0000000000e+00 nan nan
-8.9393939394e-01 -7.1212121212e-01 0.0000000000e+00 nan nan
-8.6363636364e-01 -7.1212121212e-01 0.0000000000e+00 nan nan
-8.3333333333e-01 -7.1212121212e-01 0.0000000000e+00 nan nan
-8.0303030303e-01 -7.1212121212e-01 0.0000000000e+00 nan nan
-7.7272727273e-01 -7.1212121212e-01 0.0000000000e+00 nan nan
-7.4242424242e-01 -7.1212121212e-01 0.0000000000e+00 nan nan
-7.1212121212e-01 -7.1212121212e-01 0.0000000000e+00 nan nan
-6.8181818182e-01 -7.1212121212e-01 0.0000000000e+00 nan nan
-6.5151515152e-01 -7.1212121212e-01 0.0000000000e+00 nan nan
-6.2121212121e-01 -7.1212121212e-01 0.0000000000e+00 nan nan
-5.9090909091e-01 -7.1212121212e-01 0.0000000000e+00 nan nan
-5.6060606061e-01 -7.1212121212e-01 0.0000000000e+00 nan nan
-5.3030303030e-01 -7.1212121212e-01 0.0000000000e+00 nan nan
-5.0000000000e-01 -7.1212121212e-01 0.0000000000e+00 nan nan
-4.6969696970e-01 -7.1212121212e-01 0.0000000000e+00 nan nan
-4.3939393939e-01 -7.1212121212e-01 0.0000000000e+00 nan nan
-4.0909090909e-01 -7.1212121212e-01 0.0000000000e+00 nan nan
-3.7878787879e-01 -7.1212121212e-01 0.0000000000e+00 nan nan
-3.4848484848e-01 -7.1212121212e-01 0.0000000000e+00 nan nan
-3.1818181818e-01 -7.1212121212e-01 0.0000000000e+00 nan nan
-2.8787878788e-01 -7.1212121212e-01 0.0000000000e+00 nan nan
-2.5757575758e-01 -7.1212121212e-01 0.0000000000e+00 nan nan
-2.2727272727e-01 -7.1212121212e-01 0.0000000000e+00 nan nan
-1.9696969697e-01 -7.1212121212e-01 0.0000000000e+00 nan nan
-1.6666666667e-01 -7.1212121212e-01 0.0000000000e+00 nan nan
-1.3636363636e-01 -7.1212121212e-01 0.0000000000e+00 nan nan
-1.0606060606e-01 -7.1212121212e-01 0.0000000000e+00 nan nan
-7.5757575758e-02 -7.1212121212e-01 0.0000000000e+00 nan nan
-4.5454545455e-02 -7.1212121212e-01 0.0000000000e+00 nan nan
-1.5151515152e-02 -7.1212121212e-01 0.0000000000e+00 nan nan
1.5151515152e-02 -7.1212121212e-01 0.0000000000e+00 nan nan
4.5454545455e-02 -7.1212121212e-01 0.0000000000e+00 nan nan
7.5757575758e-02 -7.1212121212e-01 0.0000000000e+00 nan nan
1.0606060606e-01 -7.1212121212e-01 0.0000000000e+00 nan nan
1.3636363636e-01 -7.1212121212e-01 0.0000000000e+00 nan nan
1.6666666667e-01 -7.1212121212e-01 0.0000000000e+00 nan nan
1.9696969697e-01 -7.1212121212e-01 0.0000000000e+00 nan nan
2.2727272727e-01 -7.1212121212e-01 0.0000000000e+00 nan nan
2.5757575758e-01 -7.1212121212e-01 0.0000000000e+00 nan nan
2.8787878788e-01 -7.1212121212e-01 0.0000000000e+00 nan nan
3.1818181818e-01 -7.1212121212e-01 0.0000000000e+00 nan nan
3.4848484848e-01 -7.1212121212e-01 0.0000000000e+00 nan nan
3.7878787879e-01 -7.1212121212e-01 0.0000000000e+00 nan nan
4.0909090909e-01 -7.1212121212e-01 0.0000000000e+00 nan nan
4.3939393939e-01 -7.1212121212e-01 0.0000000000e+00 nan nan
4.6969696970e-01 -7.1212121212e-01 0.0000000000e+00 nan nan
5.0000000000e-01 -7.1212121212e-01 0.0000000000e+00 nan nan
5.3030303030e-01 -7.1212121212e-01 0.0000000000e+00 nan nan
5.6060606061e-01 -7.1212121212e-01 0.0000000000e+00 nan nan
5.9090909091e-01 -7.1212121212e-01 0.0000000000e+00 nan nan
6.2121212121e-01 -7.1212121212e-01 0.0000000000e+00 nan nan
6.5151515152e-01 -7.1212121212e-01 0.0000000000e+00 nan nan
6.8181818182e-01 -7.1212121212e-01 0.0000000000e+00 nan nan
7.1212121212e-01 -7.1212121212e-01 0.0000000000e+00 nan nan
7.4242424242e-01 -7.1212121212e-01 0.0000000000e+00 nan nan
7.7272727273e-01 -7.1212121212e-01 0.0000000000e+00 nan nan
8.0303030303e-01 -7.1212121212e-01 0.0000000000e+00 nan nan
8.3333333333e-01 -7.1212121212e-01 0.0000000000e+00 nan nan
8.6363636364e-01 -7.1212121212e-01 0.0000000000e+00 nan nan
8.9393939394e-01 -7.1212121212e-01 0.0000000000e+00 nan nan
9.2424242424e-01 -7.1212121212e-01 0.0000000000e+00 nan nan
9.5454545455e-01 -7.1212121212e-01 0.0000000000e+00 nan nan
9.8484848485e-01 -7.1212121212e-01 0.0000000000e+00 nan nan
1.0151515152e+00 -7.1212121212e-01 0.0000000000e+00 nan nan
1.0454545455e+00 -7.1212121212e-01 0.0000000000e+00 nan nan
1.0757575758e+00 -7.1212121212e-01 0.0000000000e+00 nan nan
1.1060606061e+00 -7.1212121212e-01 0.0000000000e+00 nan nan
1.1363636364e+00 -7.1212121212e-01 0.0000000000e+00 nan nan
1.1666666667e+00 -7.1212121212e-01 0.0000000000e+00 5.3755285566e-07 -5.4071449295e-07
1.1969696970e+00 -7.1212121212e-01 0.0000000000e+00 5.3079795392e-07 -5.3408080413e-07
1.2272727273e+00 -7.1212121212e-01 0.0000000000e+00 5.2387396252e-07 -5.2728113369e-07
1.2575757576e+00 -7.1212121212e-01 0.0000000000e+00 5.1678172349e-07 -5.2031632364e-07
1.2878787879e+00 -7.1212121212e-01 0.0000000000e+00 5.0952234591e-07 -5.1318748307e-07
1.3181818182e+00 -7.1212121212e-01 0.0000000000e+00 5.0209732052e-07 -5.0589610270e-07
1.3484848485e+00 -7.1212121212e-01 0.0000000000e+00 4.9450868124e-07 -4.9844421647e-07
1.3787878788e+00 -7.1212121212e-01 0.0000000000e+00 4.8675921345e-07 -4.9083460975e-07
1.4090909091e+00 -7.1212121212e-01 0.0000000000e+00 4.7885273949e-07 -4.8307110489e-07
1.4393939394e+00 -7.1212121212e-01 0.0000000000e+00 4.7079463610e-07 -4.7515907863e-07
1.4696969697e+00 -7.1212121212e-01 0.0000000000e+00 4.6265360430e-07 -4.6716723197e-07
1.5000000000e+00 -7.1212121212e-01 0.0000000000e+00 4.5472829334e-07 -4.5939421418e-07
-1.5000000000e+00 -6.8181818182e-01 0.0000000000e+00 4.5490964443e-07 -4.5950408072e-07
-1.4696969697e+00 -6.8181818182e-01 0.0000000000e+00 4.6252360659e-07 -4.6696574971e-07
-1.4393939394e+00 -6.8181818182e-01 0.0000000000e+00 4.7033172776e-07 -4.7462468574e-07
-1.4090909091e+00 -6.8181818182e-01 0.0000000000e+00 4.7832878171e-07 -4.8247566256e-07
-1.3787878788e+00 -6.8181818182e-01 0.0000000000e+00 4.8650001376e-07 -4.9050392552e-07
-1.3484848485e+00 -6.8181818182e-01 0.0000000000e+00 4.9459893218e-07 -4.9846298286e-07
-1.3181818182e+00 -6.8181818182e-01 0.0000000000e+00 5.0250716722e-07 -5.0623446485e-07
-1.2878787879e+00 -6.8181818182e-01 0.0000000000e+00 5.1022652658e-07 -5.1382017918e-07
-1.2575757576e+00 -6.8181818182e-01 0.0000000000e+00 5.1775952211e-07 -5.2122263771e-07
-1.2272727273e+00 -6.8181818182e-01 0.0000000000e+00 5.2510828865e-07 -5.2844397528e-07
-1.1969696970e+00 -6.8181818182e-01 0.0000000000e+00 5.3227435327e-07 -5.3548571894e-07
-1.1666666667e+00 -6.8181818182e-01 0.0000000000e+00 nan nan
-1.1363636364e+00 -6.8181818182e-01 0.0000000000e+00 nan nan
-1.1060606061e+00 -6.8181818182e-01 0.0000000000e+00 nan nan
-1.0757575758e+00 -6.8181818182e-01 0.0000000000e+00 nan nan
-1.0454545455e+00 -6.8181818182e-01 0.0000000000e+00 nan nan
-1.0151515152e+00 -6.8181818182e-01 0.0000000000e+00 nan nan
-9.8484848485e-01 -6.8181818182e-01 0.0000000000e+00 nan nan
-9.5454545455e-01 -6.8181818182e-01 0.0000000000e+00 nan nan
-9.2424242424e-01 -6.8181818182e-01 0.0000000000e+00 nan nan
-8.9393939394e-01 -6.8181818182e-01 0.0000000000e+00 nan nan
-8.6363636364e-01 -6.8181818182e-01 0.0000000000e+00 nan nan
-8.3333333333e-01 -6.8181818182e-01 0.0000000000e+00 nan nan
-8.0303030303e-01 -6.8181818182e-01 0.0000000000e+00 nan nan
-7.7272727273e-01 -6.8181818182e-01 0.0000000000e+00 nan nan
-7.4242424242e-01 -6.8181818182e-01 0.0000000000e+00 nan nan
-7.1212121212e-01 -6.8181818182e-01 0.0000000000e+00 nan nan
-6.8181818182e-01 -6.8181818182e-01 0.0000000000e+00 nan nan
-6.5151515152e-01 -6.8181818182e-01 0.0000000000e+00 nan nan
-6.2121212121e-01 -6.8181818182e-01 0.0000000000e+00 nan nan
-5.9090909091e-01 -6.8181818182e-01 0.0000000000e+00 nan nan
-5.6060606061e-01 -6.8181818182e-01 0.0000000000e+00 nan nan
-5.3030303030e-01 -6.8181818182e-01 0.0000000000e+00 nan nan
-5.0000000000e-01 -6.8181818182e-01 0.0000000000e+00 nan nan
-4.6969696970e-01 -6.8181818182e-01 0.0000000000e+00 nan nan
-4.3939393939e-01 -6.8181818182e-01 0.0000000000e+00 nan nan
-4.0909090909e-01 -6.8181818182e-01 0.0000000000e+00 nan nan
-3.7878787879e-01 -6.8181818182e-01 0.0000000000e+00 nan nan
-3.4848484848e-01 -6.8181818182e-01 0.0000000000e+00 nan nan
-3.1818181818e-01 -6.8181818182e-01 0.0000000000e+00 nan nan
-2.8787878788e-01 -6.8181818182e-01 0.0000000000e+00 nan nan
-2.5757575758e-01 -6.8181818182e-01 0.0000000000e+00 nan nan
-2.2727272727e-01 -6.8181818182e-01 0.0000000000e+00 nan nan
-1.9696969697e-01 -6.8181818182e-01 0.0000000000e+00 nan nan
-1.6666666667e-01 -6.8181818182e-01 0.0000000000e+00 nan nan
-1.3636363636e-01 -6.8181818182e-01 0.0000000000e+00 nan nan
-1.0606060606e-01 -6.8181818182e-01 0.0000000000e+00 nan nan
-7.5757575758e-02 -6.8181818182e-01 0.0000000000e+00 nan nan
-4.5454545455e-02 -6.8181818182e-01 0.0000000000e+00 nan nan
-1.5151515152e-02 -6.8181818182e-01 0.0000000000e+00 nan nan
1.5151515152e-02 -6.8181818182e-01 0.0000000000e+00 nan nan
4.5454545455e-02 -6.8181818182e-01 0.0000000000e+00 nan nan
7.5757575758e-02 -6.8181818182e-01 0.0000000000e+00 nan nan
1.0606060606e-01 -6.8181818182e-01 0.0000000000e+00 nan nan
1.3636363636e-01 -6.8181818182e-01 0.0000000000e+00 nan nan
1.6666666667e-01 -6.8181818182e-01 0.0000000000e+00 nan nan
1.9696969697e-01 -6.8181818182e-01 0.0000000000e+00 nan nan
2.2727272727e-01 -6.8181818182e-01 0.0000000000e+00 nan nan
2.5757575758e-01 -6.8181818182e-01 0.0000000000e+00 nan nan
2.8787878788e-01 -6.8181818182e-01 0.0000000000e+00 nan nan
3.1818181818e-01 -6.8181818182e-01 0.0000000000e+00 nan nan
3.4848484848e-01 -6.8181818182e-01 0.0000000000e+00 nan nan
3.7878787879e-01 -6.8181818182e-01 0.0000000000e+00 nan nan
4.0909090909e-01 -6.8181818182e-01 0.0000000000e+00 nan nan
4.3939393939e-01 -6.8181818182e-01 0.0000000000e+00 nan nan
4.6969696970e-01 -6.8181818182e-01 0.0000000000e+00 nan nan
5.0000000000e-01 -6.8181818182e-01 0.0000000000e+00 nan nan
5.3030303030e-01 -6.8181818182e-01 0.0000000000e+00 nan nan
5.6060606061e-01 -6.8181818182e-01 0.0000000000e+00 nan nan
5.9090909091e-01 -6.8181818182e-01 0.0000000000e+00 nan nan
6.2121212121e-01 -6.8181818182e-01 0.0000000000e+00 nan nan
6.5151515152e-01 -6.8181818182e-01 0.0000000000e+00 nan nan
6.8181818182e-01 -6.8181818182e-01 0.0000000000e+00 nan nan
7.1212121212e-01 -6.8181818182e-01 0.0000000000e+00 nan nan
7.4242424242e-01 -6.8181818182e-01 0.0000000000e+00 nan nan
7.7272727273e-01 -6.8181818182e-01 0.0000000000e+00 nan nan
8.0303030303e-01 -6.8181818182e-01 0.0000000000e+00 nan nan
8.3333333333e-01 -6.8181818182e-01 0.0000000000e+00 nan nan
8.6363636364e-01 -6.8181818182e-01 0.0000000000e+00 nan nan
8.9393939394e-01 -6.8181818182e-01 0.0000000000e+00 nan nan
9.2424242424e-01 -6.8181818182e-01 0.0000000000e+00 nan nan
9.5454545455e-01 -6.8181818182e-01 0.0000000000e+00 nan nan
9.8484848485e-01 -6.8181818182e-01 0.0000000000e+00 nan nan
1.0151515152e+00 -6.8181818182e-01 0.0000000000e+00 nan nan
1.0454545455e+00 -6.8181818182e-01 0.0000000000e+00 nan nan
1.0757575758e+00 -6.8181818182e-01 0.0000000000e+00 nan nan
1.1060606061e+00 -6.8181818182e-01 0.0000000000e+00 nan nan
1.1363636364e+00 -6.8181818182e-01 0.0000000000e+00 nan nan
1.1666666667e+00 -6.8181818182e-01 0.0000000000e+00 nan nan
1.1969696970e+00 -6.8181818182e-01 0.0000000000e+00 5.3480728517e-07 -5.3801865083e-07
1.2272727273e+00 -6.8181818182e-01 0.0000000000e+00 5.2787407794e-07 -5.3120976456e-07
1.2575757576e+00 -6.8181818182e-01 0.0000000000e+00 5.2077209473e-07 -5.2423521033e-07
1.2878787879e+00 -6.8181818182e-01 0.0000000000e+00 5.1350238936e-07 -5.1709604196e-07
1.3181818182e+00 -6.8181818182e-01 0.0000000000e+00 5.0606638717e-07 -5.0979368480e-07
1.3484848485e+00 -6.8181818182e-01 0.0000000000e+00 4.9846604435e-07 -5.0233009503e-07
1.3787878788e+00 -6.8181818182e-01 0.0000000000e+00 4.9070409375e-07 -4.9470800550e-07
1.4090909091e+00 -6.8181818182e-01 0.0000000000e+00 4.8278449971e-07 -4.8693138056e-07
1.4393939394e+00 -6.8181818182e-01 0.0000000000e+00 4.7471350835e-07 -4.7900646632e-07
1.4696969697e+00 -6.8181818182e-01 0.0000000000e+00 4.6650229324e-07 -4.7094443636e-07
1.5000000000e+00 -6.8181818182e-01 0.0000000000e+00 4.5835426682e-07 -4.6294870311e-07
-1.5000000000e+00 -6.5151515152e-01 0.0000000000e+00 4.5848515379e-07 -4.6301121355e-07
-1.4696969697e+00 -6.5151515152e-01 0.0000000000e+00 4.6627831786e-07 -4.7065208446e-07
-1.4393939394e+00 -6.5151515152e-01 0.0000000000e+00 4.7427284187e-07 -4.7849742332e-07
-1.4090909091e+00 -6.5151515152e-01 0.0000000000e+00 4.8246078662e-07 -4.8653929095e-07
-1.3787878788e+00 -6.5151515152e-01 0.0000000000e+00 4.9069008532e-07 -4.9462562054e-07
-1.3484848485e+00 -6.5151515152e-01 0.0000000000e+00 4.9873852319e-07 -5.0253419735e-07
-1.3181818182e+00 -6.5151515152e-01 0.0000000000e+00 5.0660564141e-07 -5.1026456251e-07
-1.2878787879e+00 -6.5151515152e-01 0.0000000000e+00 5.1429222245e-07 -5.1781749853e-07
-1.2575757576e+00 -6.5151515152e-01 0.0000000000e+00 5.2179889599e-07 -5.2519363506e-07
-1.2272727273e+00 -6.5151515152e-01 0.0000000000e+00 5.2912620733e-07 -5.3239351743e-07
-1.1969696970e+00 -6.5151515152e-01 0.0000000000e+00 5.3627453806e-07 -5.3941752720e-07
-1.1666666667e+00 -6.5151515152e-01 0.0000000000e+00 nan nan
-1.1363636364e+00 -6.5151515152e-01 0.0000000000e+00 nan nan
-1.1060606061e+00 -6.5151515152e-01 0.0000000000e+00 nan nan
-1.0757575758e+00 -6.5151515152e-01 0.0000000000e+00 nan nan
-1.0454545455e+00 -6.5151515152e-01 0.0000000000e+00 nan nan
-1.0151515152e+00 -6.5151515152e-01 0.0000000000e+00 nan nan
-9.8484848485e-01 -6.5151515152e-01 0.0000000000e+00 nan nan
-9.5454545455e-01 -6.5151515152e-01 0.0000000000e+00 nan nan
-9.2424242424e-01 -6.5151515152e-01 0.0000000000e+00 nan nan
-8.9393939394e-01 -6.5151515152e-01 0.0000000000e+00 nan nan
-8.6363636364e-01 -6.5151515152e-01 0.0000000000e+00 nan nan
-8.3333333333e-01 -6.5151515152e-01 0.0000000000e+00 nan nan
-8.0303030303e-01 -6.5151515152e-01 0.0000000000e+00 nan nan
-7.7272727273e-01 -6.5151515152e-01 0.0000000000e+00 nan nan
-7.4242424242e-01 -6.5151515152e-01 0.0000000000e+00 nan nan
-7.1212121212e-01 -6.5151515152e-01 0.0000000000e+00 nan nan
-6.8181818182e-01 -6.5151515152e-01 0.0000000000e+00 nan nan
-6.5151515152e-01 -6.5151515152e-01 0.0000000000e+00 nan nan
-6.2121212121e-01 -6.5151515152e-01 0.0000000000e+00 nan nan
-5.9090909091e-01 -6.5151515152e-01 0.0000000000e+00 nan nan
-5.6060606061e-01 -6.5151515152e-01 0.0000000000e+00 nan nan
-5.3030303030e-01 -6.5151515152e-01 0.0000000000e+00 nan nan
-5.0000000000e-01 -6.5151515152e-01 0.0000000000e+00 nan nan
-4.6969696970e-01 -6.5151515152e-01 0.0000000000e+00 nan nan
-4.3939393939e-01 -6.5151515152e-01 0.0000000000e+00 nan nan
-4.0909090909e-01 -6.5151515152e-01 0.0000000000e+00 nan nan
-3.7878787879e-01 -6.5151515152e-01 0.0000000000e+00 nan nan
-3.4848484848e-01 -6.5151515152e-01 0.0000000000e+00 nan nan
-3.1818181818e-01 -6.5151515152e-01 0.0000000000e+00 nan nan
-2.8787878788e-01 -6.5151515152e-01 0.0000000000e+00 nan nan
-2.5757575758e-01 -6.5151515152e-01 0.0000000000e+00 nan nan
-2.2727272727e-01 -6.5151515152e-01 0.0000000000e+00 nan nan
-1.9696969697e-01 -6.5151515152e-01 0.0000000000e+00 nan nan
-1.6666666667e-01 -6.5151515152e-01 0.0000000000e+00 nan nan
-1.3636363636e-01 -6.5151515152e-01 0.0000000000e+00 nan nan
-1.0606060606e-01 -6.5151515152e-01 0.0000000000e+00 nan nan
-7.5757575758e-02 -6.5151515152e-01 0.0000000000e+00 nan nan
-4.5454545455e-02 -6.5151515152e-01 0.0000000000e+00 nan nan
-1.5151515152e-02 -6.5151515152e-01 0.0000000000e+00 nan nan
1.5151515152e-02 -6.5151515152e-01 0.0000000000e+00 nan nan
4.5454545455e-02 -6.5151515152e-01 0.0000000000e+00 nan nan
7.5757575758e-02 -6.5151515152e-01 0.0000000000e+00 nan nan
1.0606060606e-01 -6.5151515152e-01 0.0000000000e+00 nan nan
1.3636363636e-01 -6.5151515152e-01 0.0000000000e+00 nan nan
1.6666666667e-01 -6.5151515152e-01 0.0000000000e+00 nan nan
1.9696969697e-01 -6.5151515152e-01 0.0000000000e+00 nan nan
2.2727272727e-01 -6.5151515152e-01 0.0000000000e+00 nan nan
2.5757575758e-01 -6.5151515152e-01 0.0000000000e+00 nan nan
2.8787878788e-01 -6.5151515152e-01 0.0000000000e+00 nan nan
3.1818181818e-01 -6.5151515152e-01 0.0000000000e+00 nan nan
3.4848484848e-01 -6.5151515152e-01 0.0000000000e+00 nan nan
3.7878787879e-01 -6.5151515152e-01 0.0000000000e+00 nan nan
4.0909090909e-01 -6.5151515152e-01 0.0000000000e+00 nan nan
4.3939393939e-01 -6.5151515152e-01 0.0000000000e+00 nan nan
4.6969696970e-01 -6.5151515152e-01 0.0000000000e+00 nan nan
5.0000000000e-01 -6.5151515152e-01 0.0000000000e+00 nan nan
5.3030303030e-01 -6.5151515152e-01 0.0000000000e+00 nan nan
5.6060606061e-01 -6.5151515152e-01 0.0000000000e+00 nan nan
5.9090909091e-01 -6.5151515152e-01 0.0000000000e+00 nan nan
6.2121212121e-01 -6.5151515152e-01 0.0000000000e+00 nan nan
6.5151515152e-01 -6.5151515152e-01 0.0000000000e+00 nan nan
6.8181818182e-01 -6.5151515152e-01 0.0000000000e+00 nan nan
7.1212121212e-01 -6.5151515152e-01 0.0000000000e+00 nan nan
7.4242424242e-01 -6.5151515152e-01 0.0000000000e+00 nan nan
7.7272727273e-01 -6.5151515152e-01 0.0000000000e+00 nan nan
8.0303030303e-01 -6.5151515152e-01 0.0000000000e+00 nan nan
8.3333333333e-01 -6.5151515152e-01 0.0000000000e+00 nan nan
8.6363636364e-01 -6.5151515152e-01 0.0000000000e+00 nan nan
8.9393939394e-01 -6.5151515152e-01 0.0000000000e+00 nan nan
9.2424242424e-01 -6.5151515152e-01 0.0000000000e+00 nan nan
9.5454545455e-01 -6.5151515152e-01 0.0000000000e+00 nan nan
9.8484848485e-01 -6.5151515152e-01 0.0000000000e+00 nan nan
1.0151515152e+00 -6.5151515152e-01 0.0000000000e+00 nan nan
1.0454545455e+00 -6.5151515152e-01 0.0000000000e+00 nan nan
1.0757575758e+00 -6.5151515152e-01 0.0000000000e+00 nan nan
1.1060606061e+00 -6.5151515152e-01 0.0000000000e+00 nan nan
1.1363636364e+00 -6.5151515152e-01 0.0000000000e+00 nan nan
1.1666666667e+00 -6.5151515152e-01 0.0000000000e+00 nan nan
1.1969696970e+00 -6.5151515152e-01 0.0000000000e+00 5.3863622251e-07 -5.4177921165e-07
1.2272727273e+00 -6.5151515152e-01 0.0000000000e+00 5.3169364859e-07 -5.3496095868e-07
1.2575757576e+00 -6.5151515152e-01 0.0000000000e+00 5.2458171187e-07 -5.2797645094e-07
1.2878787879e+00 -6.5151515152e-01 0.0000000000e+00 5.1730134928e-07 -5.2082662536e-07
1.3181818182e+00 -6.5151515152e-01 0.0000000000e+00 5.0985381208e-07 -5.1351273318e-07
1.3484848485e+00 -6.5151515152e-01 0.0000000000e+00 5.0224079682e-07 -5.0603647097e-07
1.3787878788e+00 -6.5151515152e-01 0.0000000000e+00 4.9446466620e-07 -4.9840020143e-07
1.4090909091e+00 -6.5151515152e-01 0.0000000000e+00 4.8652889186e-07 -4.9060739619e-07
1.4393939394e+00 -6.5151515152e-01 0.0000000000e+00 4.7843910106e-07 -4.8266368251e-07
1.4696969697e+00 -6.5151515152e-01 0.0000000000e+00 4.7020602028e-07 -4.7457978687e-07
1.5000000000e+00 -6.5151515152e-01 0.0000000000e+00 4.6188946616e-07 -4.6641552593e-07
-1.5000000000e+00 -6.2121212121e-01 0.0000000000e+00 4.6200931907e-07 -4.6647011033e-07
-1.4696969697e+00 -6.2121212121e-01 0.0000000000e+00 4.6998340014e-07 -4.7429189824e-07
-1.4393939394e+00 -6.2121212121e-01 0.0000000000e+00 4.7816642934e-07 -4.8232574229e-07
-1.4090909091e+00 -6.2121212121e-01 0.0000000000e+00 4.8649601363e-07 -4.9050924946e-07
-1.3787878788e+00 -6.2121212121e-01 0.0000000000e+00 4.9468230154e-07 -4.9855256827e-07
-1.3484848485e+00 -6.2121212121e-01 0.0000000000e+00 5.0269071557e-07 -5.0642112123e-07
-1.3181818182e+00 -6.2121212121e-01 0.0000000000e+00 5.1052347114e-07 -5.1411712374e-07
-1.2878787879e+00 -6.2121212121e-01 0.0000000000e+00 5.1818101314e-07 -5.2164102072e-07
-1.2575757576e+00 -6.2121212121e-01 0.0000000000e+00 5.2566326501e-07 -5.2899273558e-07
-1.2272727273e+00 -6.2121212121e-01 0.0000000000e+00 5.3296999017e-07 -5.3617203177e-07
-1.1969696970e+00 -6.2121212121e-01 0.0000000000e+00 nan nan
-1.1666666667e+00 -6.2121212121e-01 0.0000000000e+00 nan nan
-1.1363636364e+00 -6.2121212121e-01 0.0000000000e+00 nan nan
-1.1060606061e+00 -6.2121212121e-01 0.0000000000e+00 nan nan
-1.0757575758e+00 -6.2121212121e-01 0.0000000000e+00 nan nan
-1.0454545455e+00 -6.2121212121e-01 0.0000000000e+00 nan nan
-1.0151515152e+00 -6.2121212121e-01 0.0000000000e+00 nan nan
-9.8484848485e-01 -6.2121212121e-01 0.0000000000e+00 nan nan
-9.5454545455e-01 -6.2121212121e-01 0.0000000000e+00 nan nan
-9.2424242424e-01 -6.2121212121e-01 0.0000000000e+00 nan nan
-8.9393939394e-01 -6.2121212121e-01 0.0000000000e+00 nan nan
-8.6363636364e-01 -6.2121212121e-01 0.0000000000e+00 nan nan
-8.3333333333e-01 -6.2121212121e-01 0.0000000000e+00 nan nan
-8.0303030303e-01 -6.2121212121e-01 0.0000000000e+00 nan nan
-7.7272727273e-01 -6.2121212121e-01 0.0000000000e+00 nan nan
-7.4242424242e-01 -6.2121212121e-01 0.0000000000e+00 nan nan
-7.1212121212e-01 -6.2121212121e-01 0.0000000000e+00 nan nan
-6.8181818182e-01 -6.2121212121e-01 0.0000000000e+00 nan nan
-6.5151515152e-01 -6.2121212121e-01 0.0000000000e+00 nan nan
-6.2121212121e-01 -6.2121212121e-01 0.0000000000e+00 nan nan
-5.9090909091e-01 -6.2121212121e-01 0.0000000000e+00 nan nan
-5.6060606061e-01 -6.2121212121e-01 0.0000000000e+00 nan nan
-5.3030303030e-01 -6.2121212121e-01 0.0000000000e+00 nan nan
-5.0000000000e-01 -6.2121212121e-01 0.0000000000e+00 nan nan
-4.6969696970e-01 -6.2121212121e-01 0.0000000000e+00 nan nan
-4.3939393939e-01 -6.2121212121e-01 0.0000000000e+00 nan nan
-4.0909090909e-01 -6.2121212121e-01 0.0000000000e+00 nan nan
-3.7878787879e-01 -6.2121212121e-01 0.0000000000e+00 nan nan
-3.4848484848e-01 -6.2121212121e-01 0.0000000000e+00 nan nan
-3.1818181818e-01 -6.2121212121e-01 0.0000000000e+00 nan nan
-2.8787878788e-01 -6.2121212121e-01 0.0000000000e+00 nan nan
-2.5757575758e-01 -6.2121212121e-01 0.0000000000e+00 nan nan
-2.2727272727e-01 -6.2121212121e-01 0.0000000000e+00 nan nan
-1.9696969697e-01 -6.2121212121e-01 0.0000000000e+00 nan nan
-1.6666666667e-01 -6.2121212121e-01 0.0000000000e+00 nan nan
-1.3636363636e-01 -6.2121212121e-01 0.0000000000e+00 nan nan
-1.0606060606e-01 -6.2121212121e-01 0.0000000000e+00 nan nan
-7.5757575758e-02 -6.2121212121e-01 0.0000000000e+00 nan nan
-4.5454545455e-02 -6.2121212121e-01 0.0000000000e+00 nan nan
-1.5151515152e-02 -6.2121212121e-01 0.0000000000e+00 nan nan
1.5151515152e-02 -6.2121212121e-01 0.0000000000e+00 nan nan
4.5454545455e-02 -6.2121212121e-01 0.0000000000e+00 nan nan
7.5757575758e-02 -6.2121212121e-01 0.0000000000e+00 nan nan
1.0606060606e-01 -6.2121212121e-01 0.0000000000e+00 nan nan
1.3636363636e-01 -6.2121212121e-01 0.0000000000e+00 nan nan
1.6666666667e-01 -6.2121212121e-01 0.0000000000e+00 nan nan
1.9696969697e-01 -6.2121212121e-01 0.0000000000e+00 nan nan
2.2727272727e-01 -6.2121212121e-01 0.0000000000e+00 nan nan
2.5757575758e-01 -6.2121212121e-01 0.0000000000e+00 nan nan
2.8787878788e-01 -6.2121212121e-01 0.0000000000e+00 nan nan
3.1818181818e-01 -6.2121212121e-01 0.0000000000e+00 nan nan
3.4848484848e-01 -6.2121212121e-01 0.0000000000e+00 nan nan
3.7878787879e-01 -6.2121212121e-01 0.0000000000e+00 nan nan
4.0909090909e-01 -6.2121212121e-01 0.0000000000e+00 nan nan
4.3939393939e-01 -6.2121212121e-01 0.0000000000e+00 nan nan
4.6969696970e-01 -6.2121212121e-01 0.0000000000e+00 nan nan
5.0000000000e-01 -6.2121212121e-01 0.0000000000e+00 nan nan
5.3030303030e-01 -6.2121212121e-01 0.0000000000e+00 nan nan
5.6060606061e-01 -6.2121212121e-01 0.0000000000e+00 nan nan
5.9090909091e-01 -6.2121212121e-01 0.0000000000e+00 nan nan
6.2121212121e-01 -6.2121212121e-01 0.0000000000e+00 nan nan
6.5151515152e-01 -6.2121212121e-01 0.0000000000e+00 nan nan
6.8181818182e-01 -6.2121212121e-01 0.0000000000e+00 nan nan
7.1212121212e-01 -6.2121212121e-01 0.0000000000e+00 nan nan
7.4242424242e-01 -6.2121212121e-01 0.0000000000e+00 nan nan
7.7272727273e-01 -6.2121212121e-01 0.0000000000e+00 nan nan
8.0303030303e-01 -6.2121212121e-01 0.0000000000e+00 nan nan
8.3333333333e-01 -6.2121212121e-01 0.0000000000e+00 nan nan
8.6363636364e-01 -6.2121212121e-01 0.0000000000e+00 nan nan
8.9393939394e-01 -6.2121212121e-01 0.0000000000e+00 nan nan
9.2424242424e-01 -6.2121212121e-01 0.0000000000e+00 nan nan
9.5454545455e-01 -6.2121212121e-01 0.0000000000e+00 nan nan
9.8484848485e-01 -6.2121212121e-01 0.0000000000e+00 nan nan
1.0151515152e+00 -6.2121212121e-01 0.0000000000e+00 nan nan
1.0454545455e+00 -6.2121212121e-01 0.0000000000e+00 nan nan
1.0757575758e+00 -6.2121212121e-01 0.0000000000e+00 nan nan
1.1060606061e+00 -6.2121212121e-01 0.0000000000e+00 nan nan
1.1363636364e+00 -6.2121212121e-01 0.0000000000e+00 nan nan
1.1666666667e+00 -6.2121212121e-01 0.0000000000e+00 nan nan
1.1969696970e+00 -6.2121212121e-01 0.0000000000e+00 nan nan
1.2272727273e+00 -6.2121212121e-01 0.0000000000e+00 5.3533348501e-07 -5.3853552660e-07
1.2575757576e+00 -6.2121212121e-01 0.0000000000e+00 5.2821143210e-07 -5.3154090268e-07
1.2878787879e+00 -6.2121212121e-01 0.0000000000e+00 5.2092013790e-07 -5.2438014547e-07
1.3181818182e+00 -6.2121212121e-01 0.0000000000e+00 5.1346060035e-07 -5.1705425295e-07
1.3484848485e+00 -6.2121212121e-01 0.0000000000e+00 5.0583412519e-07 -5.0956453085e-07
1.3787878788e+00 -6.2121212121e-01 0.0000000000e+00 4.9804246896e-07 -5.0191273569e-07
1.4090909091e+00 -6.2121212121e-01 0.0000000000e+00 4.9008812851e-07 -4.9410136433e-07
1.4393939394e+00 -6.2121212121e-01 0.0000000000e+00 4.8197497909e-07 -4.8613429204e-07
1.4696969697e+00 -6.2121212121e-01 0.0000000000e+00 4.7370972436e-07 -4.7801822245e-07
1.5000000000e+00 -6.2121212121e-01 0.0000000000e+00 4.6530563181e-07 -4.6976642307e-07
-1.5000000000e+00 -5.9090909091e-01 0.0000000000e+00 4.6547683105e-07 -4.6987546184e-07
-1.4696969697e+00 -5.9090909091e-01 0.0000000000e+00 4.7363300730e-07 -4.7787934491e-07
-1.4393939394e+00 -5.9090909091e-01 0.0000000000e+00 4.8200013531e-07 -4.8609728778e-07
-1.4090909091e+00 -5.9090909091e-01 0.0000000000e+00 4.9032803711e-07 -4.9427911246e-07
-1.3787878788e+00 -5.9090909091e-01 0.0000000000e+00 4.9847790620e-07 -5.0228601245e-07
-1.3484848485e+00 -5.9090909091e-01 0.0000000000e+00 5.0645360454e-07 -5.1012184971e-07
-1.3181818182e+00 -5.9090909091e-01 0.0000000000e+00 5.1425721872e-07 -5.1778871085e-07
-1.2878787879e+00 -5.9090909091e-01 0.0000000000e+00 5.2188917693e-07 -5.2528702403e-07
-1.2575757576e+00 -5.9090909091e-01 0.0000000000e+00 5.2934917202e-07 -5.3261648212e-07
-1.2272727273e+00 -5.9090909091e-01 0.0000000000e+00 5.3663661485e-07 -5.3977649597e-07
-1.1969696970e+00 -5.9090909091e-01 0.0000000000e+00 nan nan
-1.1666666667e+00 -5.9090909091e-01 0.0000000000e+00 nan nan
-1.1363636364e+00 -5.9090909091e-01 0.0000000000e+00 nan nan
-1.1060606061e+00 -5.9090909091e-01 0.0000000000e+00 nan nan
-1.0757575758e+00 -5.9090909091e-01 0.0000000000e+00 nan nan
-1.0454545455e+00 -5.9090909091e-01 0.0000000000e+00 nan nan
-1.0151515152e+00 -5.9090909091e-01 0.0000000000e+00 nan nan
-9.8484848485e-01 -5.9090909091e-01 0.0000000000e+00 nan nan
-9.5454545455e-01 -5.9090909091e-01 0.0000000000e+00 nan nan
-9.2424242424e-01 -5.9090909091e-01 0.0000000000e+00 nan nan
-8.9393939394e-01 -5.9090909091e-01 0.0000000000e+00 nan nan
-8.6363636364e-01 -5.9090909091e-01 0.0000000000e+00 nan nan
-8.3333333333e-01 -5.9090909091e-01 0.0000000000e+00 nan nan
-8.0303030303e-01 -5.9090909091e-01 0.0000000000e+00 nan nan
-7.7272727273e-01 -5.9090909091e-01 0.0000000000e+00 nan nan
-7.4242424242e-01 -5.9090909091e-01 0.0000000000e+00 nan nan
-7.1212121212e-01 -5.9090909091e-01 0.0000000000e+00 nan nan
-6.8181818182e-01 -5.9090909091e-01 0.0000000000e+00 nan nan
-6.5151515152e-01 -5.9090909091e-01 0.0000000000e+00 nan nan
-6.2121212121e-01 -5.9090909091e-01 0.0000000000e+00 nan nan
-5.9090909091e-01 -5.9090909091e-01 0.0000000000e+00 nan nan
-5.6060606061e-01 -5.9090909091e-01 0.0000000000e+00 nan nan
-5.3030303030e-01 -5.9090909091e-01 0.0000000000e+00 nan nan
-5.0000000000e-01 -5.9090909091e-01 0.0000000000e+00 nan nan
-4.6969696970e-01 -5.9090909091e-01 0.0000000000e+00 nan nan
-4.3939393939e-01 -5.9090909091e-01 0.0000000000e+00 nan nan
-4.0909090909e-01 -5.9090909091e-01 0.0000000000e+00 nan nan
-3.7878787879e-01 -5.9090909091e-01 0.0000000000e+00 nan nan
-3.4848484848e-01 -5.9090909091e-01 0.0000000000e+00 nan nan
-3.1818181818e-01 -5.9090909091e-01 0.0000000000e+00 nan nan
-2.8787878788e-01 -5.9090909091e-01 0.0000000000e+00 nan nan
-2.5757575758e-01 -5.9090909091e-01 0.0000000000e+00 nan nan
-2.2727272727e-01 -5.9090909091e-01 0.0000000000e+00 nan nan
-1.9696969697e-01 -5.9090909091e-01 0.0000000000e+00 nan nan
-1.6666666667e-01 -5.9090909091e-01 0.0000000000e+00 nan nan
-1.3636363636e-01 -5.9090909091e-01 0.0000000000e+00 nan nan
-1.0606060606e-01 -5.9090909091e-01 0.0000000000e+00 nan nan
-7.5757575758e-02 -5.9090909091e-01 0.0000000000e+00 nan nan
-4.5454545455e-02 -5.9090909091e-01 0.0000000000e+00 nan nan
-1.5151515152e-02 -5.9090909091e-01 0.0000000000e+00 nan nan
1.5151515152e-02 -5.9090909091e-01 0.0000000000e+00 nan nan
4.5454545455e-02 -5.9090909091e-01 0.0000000000e+00 nan nan
7.5757575758e-02 -5.9090909091e-01 0.0000000000e+00 nan nan
1.0606060606e-01 -5.9090909091e-01 0.0000000000e+00 nan nan
1.3636363636e-01 -5.9090909091e-01 0.0000000000e+00 nan nan
1.6666666667e-01 -5.9090909091e-01 0.0000000000e+00 nan nan
1.9696969697e-01 -5.9090909091e-01 0.0000000000e+00 nan nan
2.2727272727e-01 -5.9090909091e-01 0.0000000000e+00 nan nan
2.5757575758e-01 -5.9090909091e-01 0.0000000000e+00 nan nan
2.8787878788e-01 -5.9090909091e-01 0.0000000000e+00 nan nan
3.1818181818e-01 -5.9090909091e-01 0.0000000000e+00 nan nan
3.4848484848e-01 -5.9090909091e-01 0.0000000000e+00 nan nan
3.7878787879e-01 -5.9090909091e-01 0.0000000000e+00 nan nan
4.0909090909e-01 -5.9090909091e-01 0.0000000000e+00 nan nan
4.3939393939e-01 -5.9090909091e-01 0.0000000000e+00 nan nan
4.6969696970e-01 -5.9090909091e-01 0.0000000000e+00 nan nan
5.0000000000e-01 -5.9090909091e-01 0.0000000000e+00 nan nan
5.3030303030e-01 -5.9090909091e-01 0.0000000000e+00 nan nan
5.6060606061e-01 -5.9090909091e-01 0.0000000000e+00 nan nan
5.9090909091e-01 -5.9090909091e-01 0.0000000000e+00 nan nan
6.2121212121e-01 -5.9090909091e-01 0.0000000000e+00 nan nan
6.5151515152e-01 -5.9090909091e-01 0.0000000000e+00 nan nan
6.8181818182e-01 -5.9090909091e-01 0.0000000000e+00 nan nan
7.1212121212e-01 -5.9090909091e-01 0.0000000000e+00 nan nan
7.4242424242e-01 -5.9090909091e-01 0.0000000000e+00 nan nan
7.7272727273e-01 -5.9090909091e-01 0.0000000000e+00 nan nan
8.0303030303e-01 -5.9090909091e-01 0.0000000000e+00 nan nan
8.3333333333e-01 -5.9090909091e-01 0.0000000000e+00 nan nan
8.6363636364e-01 -5.9090909091e-01 0.0000000000e+00 nan nan
8.9393939394e-01 -5.9090909091e-01 0.0000000000e+00 nan nan
9.2424242424e-01 -5.9090909091e-01 0.0000000000e+00 nan nan
9.5454545455e-01 -5.9090909091e-01 0.0000000000e+00 nan nan
9.8484848485e-01 -5.9090909091e-01 0.0000000000e+00 nan nan
1.0151515152e+00 -5.9090909091e-01 0.0000000000e+00 nan nan
1.0454545455e+00 -5.9090909091e-01 0.0000000000e+00 nan nan
1.0757575758e+00 -5.9090909091e-01 0.0000000000e+00 nan nan
1.1060606061e+00 -5.9090909091e-01 0.0000000000e+00 nan nan
1.1363636364e+00 -5.9090909091e-01 0.0000000000e+00 nan nan
1.1666666667e+00 -5.9090909091e-01 0.0000000000e+00 nan nan
1.1969696970e+00 -5.9090909091e-01 0.0000000000e+00 nan nan
1.2272727273e+00 -5.9090909091e-01 0.0000000000e+00 5.3879433476e-07 -5.4193421588e-07
1.2575757576e+00 -5.9090909091e-01 0.0000000000e+00 5.3166208278e-07 -5.3492939288e-07
1.2878787879e+00 -5.9090909091e-01 0.0000000000e+00 5.2435969805e-07 -5.2775754515e-07
1.3181818182e+00 -5.9090909091e-01 0.0000000000e+00 5.1688788320e-07 -5.2041937533e-07
1.3484848485e+00 -5.9090909091e-01 0.0000000000e+00 5.0924748569e-07 -5.1291573087e-07
1.3787878788e+00 -5.9090909091e-01 0.0000000000e+00 5.0143953591e-07 -5.0524764216e-07
1.4090909091e+00 -5.9090909091e-01 0.0000000000e+00 4.9346532372e-07 -4.9741639907e-07
1.4393939394e+00 -5.9090909091e-01 0.0000000000e+00 4.8532651897e-07 -4.8942367144e-07
1.4696969697e+00 -5.9090909091e-01 0.0000000000e+00 4.7702507477e-07 -4.8127141239e-07
1.5000000000e+00 -5.9090909091e-01 0.0000000000e+00 4.6856056644e-07 -4.7295919723e-07
-1.5000000000e+00 -5.6060606061e-01 0.0000000000e+00 4.6888357739e-07 -4.7322315572e-07
-1.4696969697e+00 -5.6060606061e-01 0.0000000000e+00 4.7722427914e-07 -4.8141156430e-07
-1.4393939394e+00 -5.6060606061e-01 0.0000000000e+00 4.8567382972e-07 -4.8971192974e-07
-1.4090909091e+00 -5.6060606061e-01 0.0000000000e+00 4.9396282422e-07 -4.9785484712e-07
-1.3787878788e+00 -5.6060606061e-01 0.0000000000e+00 5.0208003739e-07 -5.0582909119e-07
-1.3484848485e+00 -5.6060606061e-01 0.0000000000e+00 5.1002712966e-07 -5.1363632238e-07
-1.3181818182e+00 -5.6060606061e-01 0.0000000000e+00 5.1780519189e-07 -5.2127763157e-07
-1.2878787879e+00 -5.6060606061e-01 0.0000000000e+00 5.2541434992e-07 -5.2875314457e-07
-1.2575757576e+00 -5.6060606061e-01 0.0000000000e+00 5.3285411504e-07 -5.3606237268e-07
-1.2272727273e+00 -5.6060606061e-01 0.0000000000e+00 nan nan
-1.1969696970e+00 -5.6060606061e-01 0.0000000000e+00 nan nan
-1.1666666667e+00 -5.6060606061e-01 0.0000000000e+00 nan nan
-1.1363636364e+00 -5.6060606061e-01 0.0000000000e+00 nan nan
-1.1060606061e+00 -5.6060606061e-01 0.0000000000e+00 nan nan
-1.0757575758e+00 -5.6060606061e-01 0.0000000000e+00 nan nan
-1.0454545455e+00 -5.6060606061e-01 0.0000000000e+00 nan nan
-1.0151515152e+00 -5.6060606061e-01 0.0000000000e+00 nan nan
-9.8484848485e-01 -5.6060606061e-01 0.0000000000e+00 nan nan
-9.5454545455e-01 -5.6060606061e-01 0.0000000000e+00 nan nan
-9.2424242424e-01 -5.6060606061e-01 0.0000000000e+00 nan nan
-8.9393939394e-01 -5.6060606061e-01 0.0000000000e+00 nan nan
-8.6363636364e-01 -5.6060606061e-01 0.0000000000e+00 nan nan
-8.3333333333e-01 -5.6060606061e-01 0.0000000000e+00 nan nan
-8.0303030303e-01 -5.6060606061e-01 0.0000000000e+00 nan nan
-7.7272727273e-01 -5.6060606061e-01 0.0000000000e+00 nan nan
-7.4242424242e-01 -5.6060606061e-01 0.0000000000e+00 nan nan
-7.1212121212e-01 -5.6060606061e-01 0.0000000000e+00 nan nan
-6.8181818182e-01 -5.6060606061e-01 0.0000000000e+00 nan nan
-6.5151515152e-01 -5.6060606061e-01 0.0000000000e+00 nan nan
-6.2121212121e-01 -5.6060606061e-01 0.0000000000e+00 nan nan
-5.9090909091e-01 -5.6060606061e-01 0.0000000000e+00 nan nan
-5.6060606061e-01 -5.6060606061e-01 0.0000000000e+00 nan nan
-5.3030303030e-01 -5.6060606061e-01 0.0000000000e+00 nan nan
-5.0000000000e-01 -5.6060606061e-01 0.0000000000e+00 nan nan
-4.6969696970e-01 -5.6060606061e-01 0.0000000000e+00 nan nan
-4.3939393939e-01 -5.6060606061e-01 0.0000000000e+00 nan nan
-4.0909090909e-01 -5.6060606061e-01 0.0000000000e+00 nan nan
-3.7878787879e-01 -5.6060606061e-01 0.0000000000e+00 nan nan
-3.4848484848e-01 -5.6060606061e-01 0.0000000000e+00 nan nan
-3.1818181818e-01 -5.6060606061e-01 0.0000000000e+00 nan nan
-2.8787878788e-01 -5.6060606061e-01 0.0000000000e+00 nan nan
-2.5757575758e-01 -5.6060606061e-01 0.0000000000e+00 nan nan
-2.2727272727e-01 -5.6060606061e-01 0.0000000000e+00 nan nan
-1.9696969697e-01 -5.6060606061e-01 0.0000000000e+00 nan nan
-1.6666666667e-01 -5.6060606061e-01 0.0000000000e+00 nan nan
-1.3636363636e-01 -5.6060606061e-01 0.0000000000e+00 nan nan
-1.0606060606e-01 -5.6060606061e-01 0.0000000000e+00 nan nan
-7.5757575758e-02 -5.6060606061e-01 0.0000000000e+00 nan nan
-4.5454545455e-02 -5.6060606061e-01 0.0000000000e+00 nan nan
-1.5151515152e-02 -5.6060606061e-01 0.0000000000e+00 nan nan
1.5151515152e-02 -5.6060606061e-01 0.0000000000e+00 nan nan
4.5454545455e-02 -5.6060606061e-01 0.0000000000e+00 nan nan
7.5757575758e-02 -5.6060606061e-01 0.0000000000e+00 nan nan
1.0606060606e-01 -5.6060606061e-01 0.0000000000e+00 nan nan
1.3636363636e-01 -5.6060606061e-01 0.0000000000e+00 nan nan
1.6666666667e-01 -5.6060606061e-01 0.0000000000e+00 nan nan
1.9696969697e-01 -5.6060606061e-01 0.0000000000e+00 nan nan
2.2727272727e-01 -5.6060606061e-01 0.0000000000e+00 nan nan
2.5757575758e-01 -5.6060606061e-01 0.0000000000e+00 nan nan
2.8787878788e-01 -5.6060606061e-01 0.0000000000e+00 nan nan
3.1818181818e-01 -5.6060606061e-01 0.0000000000e+00 nan nan
3.4848484848e-01 -5.6060606061e-01 0.0000000000e+00 nan nan
3.7878787879e-01 -5.6060606061e-01 0.0000000000e+00 nan nan
4.0909090909e-01 -5.6060606061e-01 0.0000000000e+00 nan nan
4.3939393939e-01 -5.6060606061e-01 0.0000000000e+00 nan nan
4.6969696970e-01 -5.6060606061e-01 0.0000000000e+00 nan nan
5.0000000000e-01 -5.6060606061e-01 0.0000000000e+00 nan nan
5.3030303030e-01 -5.6060606061e-01 0.0000000000e+00 nan nan
5.6060606061e-01 -5.6060606061e-01 0.0000000000e+00 nan nan
5.9090909091e-01 -5.6060606061e-01 0.0000000000e+00 nan nan
6.2121212121e-01 -5.6060606061e-01 0.0000000000e+00 nan nan
6.5151515152e-01 -5.6060606061e-01 0.0000000000e+00 nan nan
6.8181818182e-01 -5.6060606061e-01 0.0000000000e+00 nan nan
7.1212121212e-01 -5.6060606061e-01 0.0000000000e+00 nan nan
7.4242424242e-01 -5.6060606061e-01 0.0000000000e+00 nan nan
7.7272727273e-01 -5.6060606061e-01 0.0000000000e+00 nan nan
8.0303030303e-01 -5.6060606061e-01 0.0000000000e+00 nan nan
8.3333333333e-01 -5.6060606061e-01 0.0000000000e+00 nan nan
8.6363636364e-01 -5.6060606061e-01 0.0000000000e+00 nan nan
8.9393939394e-01 -5.6060606061e-01 0.0000000000e+00 nan nan
9.2424242424e-01 -5.6060606061e-01 0.0000000000e+00 nan nan
9.5454545455e-01 -5.6060606061e-01 0.0000000000e+00 nan nan
9.8484848485e-01 -5.6060606061e-01 0.0000000000e+00 nan nan
1.0151515152e+00 -5.6060606061e-01 0.0000000000e+00 nan nan
1.0454545455e+00 -5.6060606061e-01 0.0000000000e+00 nan nan
1.0757575758e+00 -5.6060606061e-01 0.0000000000e+00 nan nan
1.1060606061e+00 -5.6060606061e-01 0.0000000000e+00 nan nan
1.1363636364e+00 -5.6060606061e-01 0.0000000000e+00 nan nan
1.1666666667e+00 -5.6060606061e-01 0.0000000000e+00 nan nan
1.1969696970e+00 -5.6060606061e-01 0.0000000000e+00 nan nan
1.2272727273e+00 -5.6060606061e-01 0.0000000000e+00 nan nan
1.2575757576e+00 -5.6060606061e-01 0.0000000000e+00 5.3493445633e-07 -5.3814271398e-07
1.2878787879e+00 -5.6060606061e-01 0.0000000000e+00 5.2762096803e-07 -5.3095976268e-07
1.3181818182e+00 -5.6060606061e-01 0.0000000000e+00 5.2013683123e-07 -5.2360927090e-07
1.3484848485e+00 -5.6060606061e-01 0.0000000000e+00 5.1248243387e-07 -5.1609162659e-07
1.3787878788e+00 -5.6060606061e-01 0.0000000000e+00 5.0465808211e-07 -5.0840713591e-07
1.4090909091e+00 -5.6060606061e-01 0.0000000000e+00 4.9666388073e-07 -5.0055590362e-07
1.4393939394e+00 -5.6060606061e-01 0.0000000000e+00 4.8849946698e-07 -4.9253756700e-07
1.4696969697e+00 -5.6060606061e-01 0.0000000000e+00 4.8016324126e-07 -4.8435052642e-07
1.5000000000e+00 -5.6060606061e-01 0.0000000000e+00 4.7164999524e-07 -4.7598957357e-07
-1.5000000000e+00 -5.3030303030e-01 0.0000000000e+00 4.7222617561e-07 -4.7650980952e-07
-1.4696969697e+00 -5.3030303030e-01 0.0000000000e+00 4.8072926364e-07 -4.8486060438e-07
-1.4393939394e+00 -5.3030303030e-01 0.0000000000e+00 4.8914848186e-07 -4.9313063745e-07
-1.4090909091e+00 -5.3030303030e-01 0.0000000000e+00 4.9740241536e-07 -5.0123849383e-07
-1.3787878788e+00 -5.3030303030e-01 0.0000000000e+00 5.0548994909e-07 -5.0918305846e-07
-1.3484848485e+00 -5.3030303030e-01 0.0000000000e+00 5.1341120889e-07 -5.1696445718e-07
-1.3181818182e+00 -5.3030303030e-01 0.0000000000e+00 5.2116629654e-07 -5.2458279179e-07
-1.2878787879e+00 -5.3030303030e-01 0.0000000000e+00 5.2875487207e-07 -5.3203772229e-07
-1.2575757576e+00 -5.3030303030e-01 0.0000000000e+00 5.3617620754e-07 -5.3932852076e-07
-1.2272727273e+00 -5.3030303030e-01 0.0000000000e+00 nan nan
-1.1969696970e+00 -5.3030303030e-01 0.0000000000e+00 nan nan
-1.1666666667e+00 -5.3030303030e-01 0.0000000000e+00 nan nan
-1.1363636364e+00 -5.3030303030e-01 0.0000000000e+00 nan nan
-1.1060606061e+00 -5.3030303030e-01 0.0000000000e+00 nan nan
-1.0757575758e+00 -5.3030303030e-01 0.0000000000e+00 nan nan
-1.0454545455e+00 -5.3030303030e-01 0.0000000000e+00 nan nan
-1.0151515152e+00 -5.3030303030e-01 0.0000000000e+00 nan nan
-9.8484848485e-01 -5.3030303030e-01 0.0000000000e+00 nan nan
-9.5454545455e-01 -5.3030303030e-01 0.0000000000e+00 nan nan
-9.2424242424e-01 -5.3030303030e-01 0.0000000000e+00 nan nan
-8.9393939394e-01 -5.3030303030e-01 0.0000000000e+00 nan nan
-8.6363636364e-01 -5.3030303030e-01 0.0000000000e+00 nan nan
-8.3333333333e-01 -5.3030303030e-01 0.0000000000e+00 nan nan
-8.0303030303e-01 -5.3030303030e-01 0.0000000000e+00 nan nan
-7.7272727273e-01 -5.3030303030e-01 0.0000000000e+00 nan nan
-7.4242424242e-01 -5.3030303030e-01 0.0000000000e+00 nan nan
-7.1212121212e-01 -5.3030303030e-01 0.0000000000e+00 nan nan
-6.8181818182e-01 -5.3030303030e-01 0.0000000000e+00 nan nan
-6.5151515152e-01 -5.3030303030e-01 0.0000000000e+00 nan nan
-6.2121212121e-01 -5.3030303030e-01 0.0000000000e+00 nan nan
-5.9090909091e-01 -5.3030303030e-01 0.0000000000e+00 nan nan
-5.6060606061e-01 -5.3030303030e-01 0.0000000000e+00 nan nan
-5.3030303030e-01 -5.3030303030e-01 0.0000000000e+00 nan nan
-5.0000000000e-01 -5.3030303030e-01 0.0000000000e+00 nan nan
-4.6969696970e-01 -5.3030303030e-01 0.0000000000e+00 nan nan
-4.3939393939e-01 -5.3030303030e-01 0.0000000000e+00 nan nan
-4.0909090909e-01 -5.3030303030e-01 0.0000000000e+00 nan nan
-3.7878787879e-01 -5.3030303030e-01 0.0000000000e+00 nan nan
-3.4848484848e-01 -5.3030303030e-01 0.0000000000e+00 nan nan
-3.1818181818e-01 -5.3030303030e-01 0.0000000000e+00 nan nan
-2.8787878788e-01 -5.3030303030e-01 0.0000000000e+00 nan nan
-2.5757575758e-01 -5.3030303030e-01 0.0000000000e+00 nan nan
-2.2727272727e-01 -5.3030303030e-01 0.0000000000e+00 nan nan
-1.9696969697e-01 -5.3030303030e-01 0.0000000000e+00 nan nan
-1.6666666667e-01 -5.3030303030e-01 0.0000000000e+00 nan nan
-1.3636363636e-01 -5.3030303030e-01 0.0000000000e+00 nan nan
-1.0606060606e-01 -5.3030303030e-01 0.0000000000e+00 nan nan
-7.5757575758e-02 -5.3030303030e-01 0.0000000000e+00 nan nan
-4.5454545455e-02 -5.3030303030e-01 0.0000000000e+00 nan nan
-1.5151515152e-02 -5.3030303030e-01 0.0000000000e+00 nan nan
1.5151515152e-02 -5.3030303030e-01 0.0000000000e+00 nan nan
4.5454545455e-02 -5.3030303030e-01 0.0000000000e+00 nan nan
7.5757575758e-02 -5.3030303030e-01 0.0000000000e+00 nan nan
1.0606060606e-01 -5.3030303030e-01 0.0000000000e+00 nan nan
1.3636363636e-01 -5.3030303030e-01 0.0000000000e+00 nan nan
1.6666666667e-01 -5.3030303030e-01 0.0000000000e+00 nan nan
1.9696969697e-01 -5.3030303030e-01 0.0000000000e+00 nan nan
2.2727272727e-01 -5.3030303030e-01 0.0000000000e+00 nan nan
2.5757575758e-01 -5.3030303030e-01 0.0000000000e+00 nan nan
2.8787878788e-01 -5.3030303030e-01 0.0000000000e+00 nan nan
3.1818181818e-01 -5.3030303030e-01 0.0000000000e+00 nan nan
3.4848484848e-01 -5.3030303030e-01 0.0000000000e+00 nan nan
3.7878787879e-01 -5.3030303030e-01 0.0000000000e+00 nan nan
4.0909090909e-01 -5.3030303030e-01 0.0000000000e+00 nan nan
4.3939393939e-01 -5.3030303030e-01 0.0000000000e+00 nan nan
4.6969696970e-01 -5.3030303030e-01 0.0000000000e+00 nan nan
5.0000000000e-01 -5.3030303030e-01 0.0000000000e+00 nan nan
5.3030303030e-01 -5.3030303030e-01 0.0000000000e+00 nan nan
5.6060606061e-01 -5.3030303030e-01 0.0000000000e+00 nan nan
5.9090909091e-01 -5.3030303030e-01 0.0000000000e+00 nan nan
6.2121212121e-01 -5.3030303030e-01 0.0000000000e+00 nan nan
6.5151515152e-01 -5.3030303030e-01 0.0000000000e+00 nan nan
6.8181818182e-01 -5.3030303030e-01 0.0000000000e+00 nan nan
7.1212121212e-01 -5.3030303030e-01 0.0000000000e+00 nan nan
7.4242424242e-01 -5.3030303030e-01 0.0000000000e+00 nan nan
7.7272727273e-01 -5.3030303030e-01 0.0000000000e+00 nan nan
8.0303030303e-01 -5.3030303030e-01 0.0000000000e+00 nan nan
8.3333333333e-01 -5.3030303030e-01 0.0000000000e+00 nan nan
8.6363636364e-01 -5.3030303030e-01 0.0000000000e+00 nan nan
8.9393939394e-01 -5.3030303030e-01 0.0000000000e+00 nan nan
9.2424242424e-01 -5.3030303030e-01 0.0000000000e+00 nan nan
9.5454545455e-01 -5.3030303030e-01 0.0000000000e+00 nan nan
9.8484848485e-01 -5.3030303030e-01 0.0000000000e+00 nan nan
1.0151515152e+00 -5.3030303030e-01 0.0000000000e+00 nan nan
1.0454545455e+00 -5.3030303030e-01 0.0000000000e+00 nan nan
1.0757575758e+00 -5.3030303030e-01 0.0000000000e+00 nan nan
1.1060606061e+00 -5.3030303030e-01 0.0000000000e+00 nan nan
1.1363636364e+00 -5.3030303030e-01 0.0000000000e+00 nan nan
1.1666666667e+00 -5.3030303030e-01 0.0000000000e+00 nan nan
1.1969696970e+00 -5.3030303030e-01 0.0000000000e+00 nan nan
1.2272727273e+00 -5.3030303030e-01 0.0000000000e+00 nan nan
1.2575757576e+00 -5.3030303030e-01 0.0000000000e+00 5.3802929195e-07 -5.4118160516e-07
1.2878787879e+00 -5.3030303030e-01 0.0000000000e+00 5.3070483409e-07 -5.3398768431e-07
1.3181818182e+00 -5.3030303030e-01 0.0000000000e+00 5.2320855942e-07 -5.2662505466e-07
1.3484848485e+00 -5.3030303030e-01 0.0000000000e+00 5.1554045394e-07 -5.1909370223e-07
1.3787878788e+00 -5.3030303030e-01 0.0000000000e+00 5.0770020637e-07 -5.1139331574e-07
1.4090909091e+00 -5.3030303030e-01 0.0000000000e+00 4.9968695172e-07 -5.0352303019e-07
1.4393939394e+00 -5.3030303030e-01 0.0000000000e+00 4.9149880383e-07 -4.9548095941e-07
1.4696969697e+00 -5.3030303030e-01 0.0000000000e+00 4.8313196800e-07 -4.8726330873e-07
1.5000000000e+00 -5.3030303030e-01 0.0000000000e+00 4.7457915434e-07 -4.7886278824e-07
-1.5000000000e+00 -5.0000000000e-01 0.0000000000e+00 4.7550081378e-07 -4.7973161127e-07
-1.4696969697e+00 -5.0000000000e-01 0.0000000000e+00 4.8404066990e-07 -4.8811917423e-07
-1.4393939394e+00 -5.0000000000e-01 0.0000000000e+00 4.9242390945e-07 -4.9635322863e-07
-1.4090909091e+00 -5.0000000000e-01 0.0000000000e+00 5.0064675069e-07 -5.0442999275e-07
-1.3787878788e+00 -5.0000000000e-01 0.0000000000e+00 5.0870747255e-07 -5.1234774551e-07
-1.3484848485e+00 -5.0000000000e-01 0.0000000000e+00 5.1660526803e-07 -5.2010567992e-07
-1.3181818182e+00 -5.0000000000e-01 0.0000000000e+00 5.2433950108e-07 -5.2770315992e-07
-1.2878787879e+00 -5.0000000000e-01 0.0000000000e+00 5.3190938162e-07 -5.3513939543e-07
-1.2575757576e+00 -5.0000000000e-01 0.0000000000e+00 nan nan
-1.2272727273e+00 -5.0000000000e-01 0.0000000000e+00 nan nan
-1.1969696970e+00 -5.0000000000e-01 0.0000000000e+00 nan nan
-1.1666666667e+00 -5.0000000000e-01 0.0000000000e+00 nan nan
-1.1363636364e+00 -5.0000000000e-01 0.0000000000e+00 nan nan
-1.1060606061e+00 -5.0000000000e-01 0.0000000000e+00 nan nan
-1.0757575758e+00 -5.0000000000e-01 0.0000000000e+00 nan nan
-1.0454545455e+00 -5.0000000000e-01 0.0000000000e+00 nan nan
-1.0151515152e+00 -5.0000000000e-01 0.0000000000e+00 nan nan
-9.8484848485e-01 -5.0000000000e-01 0.0000000000e+00 nan nan
-9.5454545455e-01 -5.0000000000e-01 0.0000000000e+00 nan nan
-9.2424242424e-01 -5.0000000000e-01 0.0000000000e+00 nan nan
-8.9393939394e-01 -5.0000000000e-01 0.0000000000e+00 nan nan
-8.6363636364e-01 -5.0000000000e-01 0.0000000000e+00 nan nan
-8.3333333333e-01 -5.0000000000e-01 0.0000000000e+00 nan nan
-8.0303030303e-01 -5.0000000000e-01 0.0000000000e+00 nan nan
-7.7272727273e-01 -5.0000000000e-01 0.0000000000e+00 nan nan
-7.4242424242e-01 -5.0000000000e-01 0.0000000000e+00 nan nan
-7.1212121212e-01 -5.0000000000e-01 0.0000000000e+00 nan nan
-6.8181818182e-01 -5.0000000000e-01 0.0000000000e+00 nan nan
-6.5151515152e-01 -5.0000000000e-01 0.0000000000e+00 nan nan
-6.2121212121e-01 -5.0000000000e-01 0.0000000000e+00 nan nan
-5.9090909091e-01 -5.0000000000e-01 0.0000000000e+00 nan nan
-5.6060606061e-01 -5.0000000000e-01 0.0000000000e+00 nan nan
-5.3030303030e-01 -5.0000000000e-01 0.0000000000e+00 nan nan
-5.0000000000e-01 -5.0000000000e-01 0.0000000000e+00 nan nan
-4.6969696970e-01 -5.0000000000e-01 0.0000000000e+00 nan nan
-4.3939393939e-01 -5.0000000000e-01 0.0000000000e+00 nan nan
-4.0909090909e-01 -5.0000000000e-01 0.0000000000e+00 nan nan
-3.7878787879e-01 -5.0000000000e-01 0.0000000000e+00 nan nan
-3.4848484848e-01 -5.0000000000e-01 0.0000000000e+00 nan nan
-3.1818181818e-01 -5.0000000000e-01 0.0000000000e+00 nan nan
-2.8787878788e-01 -5.0000000000e-01 0.0000000000e+00 nan nan
-2.5757575758e-01 -5.0000000000e-01 0.0000000000e+00 nan nan
-2.2727272727e-01 -5.0000000000e-01 0.0000000000e+00 nan nan
-1.9696969697e-01 -5.0000000000e-01 0.0000000000e+00 nan nan
-1.6666666667e-01 -5.0000000000e-01 0.0000000000e+00 nan nan
-1.3636363636e-01 -5.0000000000e-01 0.0000000000e+00 nan nan
-1.0606060606e-01 -5.0000000000e-01 0.0000000000e+00 nan nan
-7.5757575758e-02 -5.0000000000e-01 0.0000000000e+00 nan nan
-4.5454545455e-02 -5.0000000000e-01 0.0000000000e+00 nan nan
-1.5151515152e-02 -5.0000000000e-01 0.0000000000e+00 nan nan
1.5151515152e-02 -5.0000000000e-01 0.0000000000e+00 nan nan
4.5454545455e-02 -5.0000000000e-01 0.0000000000e+00 nan nan
7.5757575758e-02 -5.0000000000e-01 0.0000000000e+00 nan nan
1.0606060606e-01 -5.0000000000e-01 0.0000000000e+00 nan nan
1.3636363636e-01 -5.0000000000e-01 0.0000000000e+00 nan nan
1.6666666667e-01 -5.0000000000e-01 0.0000000000e+00 nan nan
1.9696969697e-01 -5.0000000000e-01 0.0000000000e+00 nan nan
2.2727272727e-01 -5.0000000000e-01 0.0000000000e+00 nan nan
2.5757575758e-01 -5.0000000000e-01 0.0000000000e+00 nan nan
2.8787878788e-01 -5.0000000000e-01 0.0000000000e+00 nan nan
3.1818181818e-01 -5.0000000000e-01 0.0000000000e+00 nan nan
3.4848484848e-01 -5.0000000000e-01 0.0000000000e+00 nan nan
3.7878787879e-01 -5.0000000000e-01 0.0000000000e+00 nan nan
4.0909090909e-01 -5.0000000000e-01 0.0000000000e+00 nan nan
4.3939393939e-01 -5.0000000000e-01 0.0000000000e+00 nan nan
4.6969696970e-01 -5.0000000000e-01 0.0000000000e+00 nan nan
5.0000000000e-01 -5.0000000000e-01 0.0000000000e+00 nan nan
5.3030303030e-01 -5.0000000000e-01 0.0000000000e+00 nan nan
5.6060606061e-01 -5.0000000000e-01 0.0000000000e+00 nan nan
5.9090909091e-01 -5.0000000000e-01 0.0000000000e+00 nan nan
6.2121212121e-01 -5.0000000000e-01 0.0000000000e+00 nan nan
6.5151515152e-01 -5.0000000000e-01 0.0000000000e+00 nan nan
6.8181818182e-01 -5.0000000000e-01 0.0000000000e+00 nan nan
7.1212121212e-01 -5.0000000000e-01 0.0000000000e+00 nan nan
7.4242424242e-01 -5.0000000000e-01 0.0000000000e+00 nan nan
7.7272727273e-01 -5.0000000000e-01 0.0000000000e+00 nan nan
8.0303030303e-01 -5.0000000000e-01 0.0000000000e+00 nan nan
8.3333333333e-01 -5.0000000000e-01 0.0000000000e+00 nan nan
8.6363636364e-01 -5.0000000000e-01 0.0000000000e+00 nan nan
8.9393939394e-01 -5.0000000000e-01 0.0000000000e+00 nan nan
9.2424242424e-01 -5.0000000000e-01 0.0000000000e+00 nan nan
9.5454545455e-01 -5.0000000000e-01 0.0000000000e+00 nan nan
9.8484848485e-01 -5.0000000000e-01 0.0000000000e+00 nan nan
1.0151515152e+00 -5.0000000000e-01 0.0000000000e+00 nan nan
1.0454545455e+00 -5.0000000000e-01 0.0000000000e+00 nan nan
1.0757575758e+00 -5.0000000000e-01 0.0000000000e+00 nan nan
1.1060606061e+00 -5.0000000000e-01 0.0000000000e+00 nan nan
1.1363636364e+00 -5.0000000000e-01 0.0000000000e+00 nan nan
1.1666666667e+00 -5.0000000000e-01 0.0000000000e+00 nan nan
1.1969696970e+00 -5.0000000000e-01 0.0000000000e+00 nan nan
1.2272727273e+00 -5.0000000000e-01 0.0000000000e+00 nan nan
1.2575757576e+00 -5.0000000000e-01 0.0000000000e+00 nan nan
1.2878787879e+00 -5.0000000000e-01 0.0000000000e+00 5.3361208721e-07 -5.3684210102e-07
1.3181818182e+00 -5.0000000000e-01 0.0000000000e+00 5.2610404493e-07 -5.2946770377e-07
1.3484848485e+00 -5.0000000000e-01 0.0000000000e+00 5.1842281363e-07 -5.2192322552e-07
1.3787878788e+00 -5.0000000000e-01 0.0000000000e+00 5.1056764179e-07 -5.1420791475e-07
1.4090909091e+00 -5.0000000000e-01 0.0000000000e+00 5.0253701232e-07 -5.0632025438e-07
1.4393939394e+00 -5.0000000000e-01 0.0000000000e+00 4.9432808565e-07 -4.9825740483e-07
1.4696969697e+00 -5.0000000000e-01 0.0000000000e+00 4.8593579541e-07 -4.9001429974e-07
1.5000000000e+00 -5.0000000000e-01 0.0000000000e+00 4.7735160586e-07 -4.8158240335e-07
-1.5000000000e+00 -4.6969696970e-01 0.0000000000e+00 4.7864015939e-07 -4.8282122850e-07
-1.4696969697e+00 -4.6969696970e-01 0.0000000000e+00 4.8714689748e-07 -4.9117567343e-07
-1.4393939394e+00 -4.6969696970e-01 0.0000000000e+00 4.9549945480e-07 -4.9937904560e-07
-1.4090909091e+00 -4.6969696970e-01 0.0000000000e+00 5.0369502524e-07 -5.0742853891e-07
-1.3787878788e+00 -4.6969696970e-01 0.0000000000e+00 5.1173175749e-07 -5.1532230207e-07
-1.3484848485e+00 -4.6969696970e-01 0.0000000000e+00 5.1960835628e-07 -5.2305903978e-07
-1.3181818182e+00 -4.6969696970e-01 0.0000000000e+00 5.2732369840e-07 -5.3063762885e-07
-1.2878787879e+00 -4.6969696970e-01 0.0000000000e+00 5.3487663071e-07 -5.3805691614e-07
-1.2575757576e+00 -4.6969696970e-01 0.0000000000e+00 nan nan
-1.2272727273e+00 -4.6969696970e-01 0.0000000000e+00 nan nan
-1.1969696970e+00 -4.6969696970e-01 0.0000000000e+00 nan nan
-1.1666666667e+00 -4.6969696970e-01 0.0000000000e+00 nan nan
-1.1363636364e+00 -4.6969696970e-01 0.0000000000e+00 nan nan
-1.1060606061e+00 -4.6969696970e-01 0.0000000000e+00 nan nan
-1.0757575758e+00 -4.6969696970e-01 0.0000000000e+00 nan nan
-1.0454545455e+00 -4.6969696970e-01 0.0000000000e+00 nan nan
-1.0151515152e+00 -4.6969696970e-01 0.0000000000e+00 nan nan
-9.8484848485e-01 -4.6969696970e-01 0.0000000000e+00 nan nan
-9.5454545455e-01 -4.6969696970e-01 0.0000000000e+00 nan nan
-9.2424242424e-01 -4.6969696970e-01 0.0000000000e+00 nan nan
-8.9393939394e-01 -4.6969696970e-01 0.0000000000e+00 nan nan
-8.6363636364e-01 -4.6969696970e-01 0.0000000000e+00 nan nan
-8.3333333333e-01 -4.6969696970e-01 0.0000000000e+00 nan nan
-8.0303030303e-01 -4.6969696970e-01 0.0000000000e+00 nan nan
-7.7272727273e-01 -4.6969696970e-01 0.0000000000e+00 nan nan
-7.4242424242e-01 -4.6969696970e-01 0.0000000000e+00 nan nan
-7.1212121212e-01 -4.6969696970e-01 0.0000000000e+00 nan nan
-6.8181818182e-01 -4.6969696970e-01 0.0000000000e+00 nan nan
-6.5151515152e-01 -4.6969696970e-01 0.0000000000e+00 nan nan
-6.2121212121e-01 -4.6969696970e-01 0.0000000000e+00 nan nan
-5.9090909091e-01 -4.6969696970e-01 0.0000000000e+00 nan nan
-5.6060606061e-01 -4.6969696970e-01 0.0000000000e+00 nan nan
-5.3030303030e-01 -4.6969696970e-01 0.0000000000e+00 nan nan
-5.0000000000e-01 -4.6969696970e-01 0.0000000000e+00 nan nan
-4.6969696970e-01 -4.6969696970e-01 0.0000000000e+00 nan nan
-4.3939393939e-01 -4.6969696970e-01 0.0000000000e+00 nan nan
-4.0909090909e-01 -4.6969696970e-01 0.0000000000e+00 nan nan
-3.7878787879e-01 -4.6969696970e-01 0.0000000000e+00 nan nan
-3.4848484848e-01 -4.6969696970e-01 0.0000000000e+00 nan nan
-3.1818181818e-01 -4.6969696970e-01 0.0000000000e+00 nan nan
-2.8787878788e-01 -4.6969696970e-01 0.0000000000e+00 nan nan
-2.5757575758e-01 -4.6969696970e-01 0.0000000000e+00 nan nan
-2.2727272727e-01 -4.6969696970e-01 0.0000000000e+00 nan nan
-1.9696969697e-01 -4.6969696970e-01 0.0000000000e+00 nan nan
-1.6666666667e-01 -4.6969696970e-01 0.0000000000e+00 nan nan
-1.3636363636e-01 -4.6969696970e-01 0.0000000000e+00 nan nan
-1.0606060606e-01 -4.6969696970e-01 0.0000000000e+00 nan nan
-7.5757575758e-02 -4.6969696970e-01 0.0000000000e+00 nan nan
-4.5454545455e-02 -4.6969696970e-01 0.0000000000e+00 nan nan
-1.5151515152e-02 -4.6969696970e-01 0.0000000000e+00 nan nan
1.5151515152e-02 -4.6969696970e-01 0.0000000000e+00 nan nan
4.5454545455e-02 -4.6969696970e-01 0.0000000000e+00 nan nan
7.5757575758e-02 -4.6969696970e-01 0.0000000000e+00 nan nan
1.0606060606e-01 -4.6969696970e-01 0.0000000000e+00 nan nan
1.3636363636e-01 -4.6969696970e-01 0.0000000000e+00 nan nan
1.6666666667e-01 -4.6969696970e-01 0.0000000000e+00 nan nan
1.9696969697e-01 -4.6969696970e-01 0.0000000000e+00 nan nan
2.2727272727e-01 -4.6969696970e-01 0.0000000000e+00 nan nan
2.5757575758e-01 -4.6969696970e-01 0.0000000000e+00 nan nan
2.8787878788e-01 -4.6969696970e-01 0.0000000000e+00 nan nan
3.1818181818e-01 -4.6969696970e-01 0.0000000000e+00 nan nan
3.4848484848e-01 -4.6969696970e-01 0.0000000000e+00 nan nan
3.7878787879e-01 -4.6969696970e-01 0.0000000000e+00 nan nan
4.0909090909e-01 -4.6969696970e-01 0.0000000000e+00 nan nan
4.3939393939e-01 -4.6969696970e-01 0.0000000000e+00 nan nan
4.6969696970e-01 -4.6969696970e-01 0.0000000000e+00 nan nan
5.0000000000e-01 -4.6969696970e-01 0.0000000000e+00 nan nan
5.3030303030e-01 -4.6969696970e-01 0.0000000000e+00 nan nan
5.6060606061e-01 -4.6969696970e-01 0.0000000000e+00 nan nan
5.9090909091e-01 -4.6969696970e-01 0.0000000000e+00 nan nan
6.2121212121e-01 -4.6969696970e-01 0.0000000000e+00 nan nan
6.5151515152e-01 -4.6969696970e-01 0.0000000000e+00 nan nan
6.8181818182e-01 -4.6969696970e-01 0.0000000000e+00 nan nan
7.1212121212e-01 -4.6969696970e-01 0.0000000000e+00 nan nan
7.4242424242e-01 -4.6969696970e-01 0.0000000000e+00 nan nan
7.7272727273e-01 -4.6969696970e-01 0.0000000000e+00 nan nan
8.0303030303e-01 -4.6969696970e-01 0.0000000000e+00 nan nan
8.3333333333e-01 -4.6969696970e-01 0.0000000000e+00 nan nan
8.6363636364e-01 -4.6969696970e-01 0.0000000000e+00 nan nan
8.9393939394e-01 -4.6969696970e-01 0.0000000000e+00 nan nan
9.2424242424e-01 -4.6969696970e-01 0.0000000000e+00 nan nan
9.5454545455e-01 -4.6969696970e-01 0.0000000000e+00 nan nan
9.8484848485e-01 -4.6969696970e-01 0.0000000000e+00 nan nan
1.0151515152e+00 -4.6969696970e-01 0.0000000000e+00 nan nan
1.0454545455e+00 -4.6969696970e-01 0.0000000000e+00 nan nan
1.0757575758e+00 -4.6969696970e-01 0.0000000000e+00 nan nan
1.1060606061e+00 -4.6969696970e-01 0.0000000000e+00 nan nan
1.1363636364e+00 -4.6969696970e-01 0.0000000000e+00 nan nan
1.1666666667e+00 -4.6969696970e-01 0.0000000000e+00 nan nan
1.1969696970e+00 -4.6969696970e-01 0.0000000000e+00 nan nan
1.2272727273e+00 -4.6969696970e-01 0.0000000000e+00 nan nan
1.2575757576e+00 -4.6969696970e-01 0.0000000000e+00 nan nan
1.2878787879e+00 -4.6969696970e-01 0.0000000000e+00 5.3634339539e-07 -5.3952368082e-07
1.3181818182e+00 -4.6969696970e-01 0.0000000000e+00 5.2882407282e-07 -5.3213800328e-07
1.3484848485e+00 -4.6969696970e-01 0.0000000000e+00 5.2113046701e-07 -5.2458115051e-07
1.3787878788e+00 -4.6969696970e-01 0.0000000000e+00 5.1326159446e-07 -5.1685213904e-07
1.4090909091e+00 -4.6969696970e-01 0.0000000000e+00 5.0521564000e-07 -5.0894915367e-07
1.4393939394e+00 -4.6969696970e-01 0.0000000000e+00 4.9698937907e-07 -5.0086896987e-07
1.4696969697e+00 -4.6969696970e-01 0.0000000000e+00 4.8857723500e-07 -4.9260601094e-07
1.5000000000e+00 -4.6969696970e-01 0.0000000000e+00 4.7996987594e-07 -4.8415094506e-07
-1.5000000000e+00 -4.3939393939e-01 0.0000000000e+00 4.8156959015e-07 -4.8570403891e-07
-1.4696969697e+00 -4.3939393939e-01 0.0000000000e+00 4.9004798317e-07 -4.9403013876e-07
-1.4393939394e+00 -4.3939393939e-01 0.0000000000e+00 4.9837432868e-07 -5.0220729912e-07
-1.4090909091e+00 -4.3939393939e-01 0.0000000000e+00 5.0654616249e-07 -5.1023305581e-07
-1.3787878788e+00 -4.3939393939e-01 0.0000000000e+00 5.1456167358e-07 -5.1810559780e-07
-1.3484848485e+00 -4.3939393939e-01 0.0000000000e+00 5.2241933813e-07 -5.2582340127e-07
-1.3181818182e+00 -4.3939393939e-01 0.0000000000e+00 5.3011773232e-07 -5.3338504241e-07
-1.2878787879e+00 -4.3939393939e-01 0.0000000000e+00 5.3765543501e-07 -5.4078910008e-07
-1.2575757576e+00 -4.3939393939e-01 0.0000000000e+00 nan nan
-1.2272727273e+00 -4.3939393939e-01 0.0000000000e+00 nan nan
-1.1969696970e+00 -4.3939393939e-01 0.0000000000e+00 nan nan
-1.1666666667e+00 -4.3939393939e-01 0.0000000000e+00 nan nan
-1.1363636364e+00 -4.3939393939e-01 0.0000000000e+00 nan nan
-1.1060606061e+00 -4.3939393939e-01 0.0000000000e+00 nan nan
-1.0757575758e+00 -4.3939393939e-01 0.0000000000e+00 nan nan
-1.0454545455e+00 -4.3939393939e-01 0.0000000000e+00 nan nan
-1.0151515152e+00 -4.3939393939e-01 0.0000000000e+00 nan nan
-9.8484848485e-01 -4.3939393939e-01 0.0000000000e+00 nan nan
-9.5454545455e-01 -4.3939393939e-01 0.0000000000e+00 nan nan
-9.2424242424e-01 -4.3939393939e-01 0.0000000000e+00 nan nan
-8.9393939394e-01 -4.3939393939e-01 0.0000000000e+00 nan nan
-8.6363636364e-01 -4.3939393939e-01 0.0000000000e+00 nan nan
-8.3333333333e-01 -4.3939393939e-01 0.0000000000e+00 nan nan
-8.0303030303e-01 -4.3939393939e-01 0.0000000000e+00 nan nan
-7.7272727273e-01 -4.3939393939e-01 0.0000000000e+00 nan nan
-7.4242424242e-01 -4.3939393939e-01 0.0000000000e+00 nan nan
-7.1212121212e-01 -4.3939393939e-01 0.0000000000e+00 nan nan
-6.8181818182e-01 -4.3939393939e-01 0.0000000000e+00 nan nan
-6.5151515152e-01 -4.3939393939e-01 0.0000000000e+00 nan nan
-6.2121212121e-01 -4.3939393939e-01 0.0000000000e+00 nan nan
-5.9090909091e-01 -4.3939393939e-01 0.0000000000e+00 nan nan
-5.6060606061e-01 -4.3939393939e-01 0.0000000000e+00 nan nan
-5.3030303030e-01 -4.3939393939e-01 0.0000000000e+00 nan nan
-5.0000000000e-01 -4.3939393939e-01 0.0000000000e+00 nan nan
-4.6969696970e-01 -4.3939393939e-01 0.0000000000e+00 nan nan
-4.3939393939e-01 -4.3939393939e-01 0.0000000000e+00 nan nan
-4.0909090909e-01 -4.3939393939e-01 0.0000000000e+00 nan nan
-3.7878787879e-01 -4.3939393939e-01 0.0000000000e+00 nan nan
-3.4848484848e-01 -4.3939393939e-01 0.0000000000e+00 nan nan
-3.1818181818e-01 -4.3939393939e-01 0.0000000000e+00 nan nan
-2.8787878788e-01 -4.3939393939e-01 0.0000000000e+00 nan nan
-2.5757575758e-01 -4.3939393939e-01 0.0000000000e+00 nan nan
-2.2727272727e-01 -4.3939393939e-01 0.0000000000e+00 nan nan
-1.9696969697e-01 -4.3939393939e-01 0.0000000000e+00 nan nan
-1.6666666667e-01 -4.3939393939e-01 0.0000000000e+00 nan nan
-1.3636363636e-01 -4.3939393939e-01 0.0000000000e+00 nan nan
-1.0606060606e-01 -4.3939393939e-01 0.0000000000e+00 nan nan
-7.5757575758e-02 -4.3939393939e-01 0.0000000000e+00 nan nan
-4.5454545455e-02 -4.3939393939e-01 0.0000000000e+00 nan nan
-1.5151515152e-02 -4.3939393939e-01 0.0000000000e+00 nan nan
1.5151515152e-02 -4.3939393939e-01 0.0000000000e+00 nan nan
4.5454545455e-02 -4.3939393939e-01 0.0000000000e+00 nan nan
7.5757575758e-02 -4.3939393939e-01 0.0000000000e+00 nan nan
1.0606060606e-01 -4.3939393939e-01 0.0000000000e+00 nan nan
1.3636363636e-01 -4.3939393939e-01 0.0000000000e+00 nan nan
1.6666666667e-01 -4.3939393939e-01 0.0000000000e+00 nan nan
1.9696969697e-01 -4.3939393939e-01 0.0000000000e+00 nan nan
2.2727272727e-01 -4.3939393939e-01 0.0000000000e+00 nan nan
2.5757575758e-01 -4.3939393939e-01 0.0000000000e+00 nan nan
2.8787878788e-01 -4.3939393939e-01 0.0000000000e+00 nan nan
3.1818181818e-01 -4.3939393939e-01 0.0000000000e+00 nan nan
3.4848484848e-01 -4.3939393939e-01 0.0000000000e+00 nan nan
3.7878787879e-01 -4.3939393939e-01 0.0000000000e+00 nan nan
4.0909090909e-01 -4.3939393939e-01 0.0000000000e+00 nan nan
4.3939393939e-01 -4.3939393939e-01 0.0000000000e+00 nan nan
4.6969696970e-01 -4.3939393939e-01 0.0000000000e+00 nan nan
5.0000000000e-01 -4.3939393939e-01 0.0000000000e+00 nan nan
5.3030303030e-01 -4.3939393939e-01 0.0000000000e+00 nan nan
5.6060606061e-01 -4.3939393939e-01 0.0000000000e+00 nan nan
5.9090909091e-01 -4.3939393939e-01 0.0000000000e+00 nan nan
6.2121212121e-01 -4.3939393939e-01 0.0000000000e+00 nan nan
6.5151515152e-01 -4.3939393939e-01 0.0000000000e+00 nan nan
6.8181818182e-01 -4.3939393939e-01 0.0000000000e+00 nan nan
7.1212121212e-01 -4.3939393939e-01 0.0000000000e+00 nan nan
7.4242424242e-01 -4.3939393939e-01 0.0000000000e+00 nan nan
7.7272727273e-01 -4.3939393939e-01 0.0000000000e+00 nan nan
8.0303030303e-01 -4.3939393939e-01 0.0000000000e+00 nan nan
8.3333333333e-01 -4.3939393939e-01 0.0000000000e+00 nan nan
8.6363636364e-01 -4.3939393939e-01 0.0000000000e+00 nan nan
8.9393939394e-01 -4.3939393939e-01 0.0000000000e+00 nan nan
9.2424242424e-01 -4.3939393939e-01 0.0000000000e+00 nan nan
9.5454545455e-01 -4.3939393939e-01 0.0000000000e+00 nan nan
9.8484848485e-01 -4.3939393939e-01 0.0000000000e+00 nan nan
1.0151515152e+00 -4.3939393939e-01 0.0000000000e+00 nan nan
1.0454545455e+00 -4.3939393939e-01 0.0000000000e+00 nan nan
1.0757575758e+00 -4.3939393939e-01 0.0000000000e+00 nan nan
1.1060606061e+00 -4.3939393939e-01 0.0000000000e+00 nan nan
1.1363636364e+00 -4.3939393939e-01 0.0000000000e+00 nan nan
1.1666666667e+00 -4.3939393939e-01 0.0000000000e+00 nan nan
1.1969696970e+00 -4.3939393939e-01 0.0000000000e+00 nan nan
1.2272727273e+00 -4.3939393939e-01 0.0000000000e+00 nan nan
1.2575757576e+00 -4.3939393939e-01 0.0000000000e+00 nan nan
1.2878787879e+00 -4.3939393939e-01 0.0000000000e+00 5.3889929863e-07 -5.4203296370e-07
1.3181818182e+00 -4.3939393939e-01 0.0000000000e+00 5.3136922076e-07 -5.3463653085e-07
1.3484848485e+00 -4.3939393939e-01 0.0000000000e+00 5.2366402222e-07 -5.2706808537e-07
1.3787878788e+00 -4.3939393939e-01 0.0000000000e+00 5.1578268837e-07 -5.1932661259e-07
1.4090909091e+00 -4.3939393939e-01 0.0000000000e+00 5.0772344914e-07 -5.1141034246e-07
1.4393939394e+00 -4.3939393939e-01 0.0000000000e+00 4.9948326685e-07 -5.0331623730e-07
1.4696969697e+00 -4.3939393939e-01 0.0000000000e+00 4.9105695826e-07 -4.9503911385e-07
1.5000000000e+00 -4.3939393939e-01 0.0000000000e+00 4.8243561777e-07 -4.8657006652e-07
-1.5000000000e+00 -4.0909090909e-01 0.0000000000e+00 4.8428866352e-07 -4.8837959994e-07
-1.4696969697e+00 -4.0909090909e-01 0.0000000000e+00 4.9274355526e-07 -4.9668219851e-07
-1.4393939394e+00 -4.0909090909e-01 0.0000000000e+00 5.0104764798e-07 -5.0483710609e-07
-1.4090909091e+00 -4.0909090909e-01 0.0000000000e+00 5.0919903586e-07 -5.1284241684e-07
-1.3787878788e+00 -4.0909090909e-01 0.0000000000e+00 5.1719603954e-07 -5.2069645143e-07
-1.3484848485e+00 -4.0909090909e-01 0.0000000000e+00 5.2503705001e-07 -5.2839760082e-07
-1.3181818182e+00 -4.0909090909e-01 0.0000000000e+00 5.3272046811e-07 -5.3594426588e-07
-1.2878787879e+00 -4.0909090909e-01 0.0000000000e+00 nan nan
-1.2575757576e+00 -4.0909090909e-01 0.0000000000e+00 nan nan
-1.2272727273e+00 -4.0909090909e-01 0.0000000000e+00 nan nan
-1.1969696970e+00 -4.0909090909e-01 0.0000000000e+00 nan nan
-1.1666666667e+00 -4.0909090909e-01 0.0000000000e+00 nan nan
-1.1363636364e+00 -4.0909090909e-01 0.0000000000e+00 nan nan
-1.1060606061e+00 -4.0909090909e-01 0.0000000000e+00 nan nan
-1.0757575758e+00 -4.0909090909e-01 0.0000000000e+00 nan nan
-1.0454545455e+00 -4.0909090909e-01 0.0000000000e+00 nan nan
-1.0151515152e+00 -4.0909090909e-01 0.0000000000e+00 nan nan
-9.8484848485e-01 -4.0909090909e-01 0.0000000000e+00 nan nan
-9.5454545455e-01 -4.0909090909e-01 0.0000000000e+00 nan nan
-9.2424242424e-01 -4.0909090909e-01 0.0000000000e+00 nan nan
-8.9393939394e-01 -4.0909090909e-01 0.0000000000e+00 nan nan
-8.6363636364e-01 -4.0909090909e-01 0.0000000000e+00 nan nan
-8.3333333333e-01 -4.0909090909e-01 0.0000000000e+00 nan nan
-8.0303030303e-01 -4.0909090909e-01 0.0000000000e+00 nan nan
-7.7272727273e-01 -4.0909090909e-01 0.0000000000e+00 nan nan
-7.4242424242e-01 -4.0909090909e-01 0.0000000000e+00 nan nan
-7.1212121212e-01 -4.0909090909e-01 0.0000000000e+00 nan nan
-6.8181818182e-01 -4.0909090909e-01 0.0000000000e+00 nan nan
-6.5151515152e-01 -4.0909090909e-01 0.0000000000e+00 nan nan
-6.2121212121e-01 -4.0909090909e-01 0.0000000000e+00 nan nan
-5.9090909091e-01 -4.0909090909e-01 0.0000000000e+00 nan nan
-5.6060606061e-01 -4.0909090909e-01 0.0000000000e+00 nan nan
-5.3030303030e-01 -4.0909090909e-01 0.0000000000e+00 nan nan
-5.0000000000e-01 -4.0909090909e-01 0.0000000000e+00 nan nan
-4.6969696970e-01 -4.0909090909e-01 0.0000000000e+00 nan nan
-4.3939393939e-01 -4.0909090909e-01 0.0000000000e+00 nan nan
-4.0909090909e-01 -4.0909090909e-01 0.0000000000e+00 nan nan
-3.7878787879e-01 -4.0909090909e-01 0.0000000000e+00 nan nan
-3.4848484848e-01 -4.0909090909e-01 0.0000000000e+00 nan nan
-3.1818181818e-01 -4.0909090909e-01 0.0000000000e+00 nan nan
-2.8787878788e-01 -4.0909090909e-01 0.0000000000e+00 nan nan
-2.5757575758e-01 -4.0909090909e-01 0.0000000000e+00 nan nan
-2.2727272727e-01 -4.0909090909e-01 0.0000000000e+00 nan nan
-1.9696969697e-01 -4.0909090909e-01 0.0000000000e+00 nan nan
-1.6666666667e-01 -4.0909090909e-01 0.0000000000e+00 nan nan
-1.3636363636e-01 -4.0909090909e-01 0.0000000000e+00 nan nan
-1.0606060606e-01 -4.0909090909e-01 0.0000000000e+00 nan nan
-7.5757575758e-02 -4.0909090909e-01 0.0000000000e+00 nan nan
-4.5454545455e-02 -4.0909090909e-01 0.0000000000e+00 nan nan
-1.5151515152e-02 -4.0909090909e-01 0.0000000000e+00 nan nan
1.5151515152e-02 -4.0909090909e-01 0.0000000000e+00 nan nan
4.5454545455e-02 -4.0909090909e-01 0.0000000000e+00 nan nan
7.5757575758e-02 -4.0909090909e-01 0.0000000000e+00 nan nan
1.0606060606e-01 -4.0909090909e-01 0.0000000000e+00 nan nan
1.3636363636e-01 -4.0909090909e-01 0.0000000000e+00 nan nan
1.6666666667e-01 -4.0909090909e-01 0.0000000000e+00 nan nan
1.9696969697e-01 -4.0909090909e-01 0.0000000000e+00 nan nan
2.2727272727e-01 -4.0909090909e-01 0.0000000000e+00 nan nan
2.5757575758e-01 -4.0909090909e-01 0.0000000000e+00 nan nan
2.8787878788e-01 -4.0909090909e-01 0.0000000000e+00 nan nan
3.1818181818e-01 -4.0909090909e-01 0.0000000000e+00 nan nan
3.4848484848e-01 -4.0909090909e-01 0.0000000000e+00 nan nan
3.7878787879e-01 -4.0909090909e-01 0.0000000000e+00 nan nan
4.0909090909e-01 -4.0909090909e-01 0.0000000000e+00 nan nan
4.3939393939e-01 -4.0909090909e-01 0.0000000000e+00 nan nan
4.6969696970e-01 -4.0909090909e-01 0.0000000000e+00 nan nan
5.0000000000e-01 -4.0909090909e-01 0.0000000000e+00 nan nan
5.3030303030e-01 -4.0909090909e-01 0.0000000000e+00 nan nan
5.6060606061e-01 -4.0909090909e-01 0.0000000000e+00 nan nan
5.9090909091e-01 -4.0909090909e-01 0.0000000000e+00 nan nan
6.2121212121e-01 -4.0909090909e-01 0.0000000000e+00 nan nan
6.5151515152e-01 -4.0909090909e-01 0.0000000000e+00 nan nan
6.8181818182e-01 -4.0909090909e-01 0.0000000000e+00 nan nan
7.1212121212e-01 -4.0909090909e-01 0.0000000000e+00 nan nan
7.4242424242e-01 -4.0909090909e-01 0.0000000000e+00 nan nan
7.7272727273e-01 -4.0909090909e-01 0.0000000000e+00 nan nan
8.0303030303e-01 -4.0909090909e-01 0.0000000000e+00 nan nan
8.3333333333e-01 -4.0909090909e-01 0.0000000000e+00 nan nan
8.6363636364e-01 -4.0909090909e-01 0.0000000000e+00 nan nan
8.9393939394e-01 -4.0909090909e-01 0.0000000000e+00 nan nan
9.2424242424e-01 -4.0909090909e-01 0.0000000000e+00 nan nan
9.5454545455e-01 -4.0909090909e-01 0.0000000000e+00 nan nan
9.8484848485e-01 -4.0909090909e-01 0.0000000000e+00 nan nan
1.0151515152e+00 -4.0909090909e-01 0.0000000000e+00 nan nan
1.0454545455e+00 -4.0909090909e-01 0.0000000000e+00 nan nan
1.0757575758e+00 -4.0909090909e-01 0.0000000000e+00 nan nan
1.1060606061e+00 -4.0909090909e-01 0.0000000000e+00 nan nan
1.1363636364e+00 -4.0909090909e-01 0.0000000000e+00 nan nan
1.1666666667e+00 -4.0909090909e-01 0.0000000000e+00 nan nan
1.1969696970e+00 -4.0909090909e-01 0.0000000000e+00 nan nan
1.2272727273e+00 -4.0909090909e-01 0.0000000000e+00 nan nan
1.2575757576e+00 -4.0909090909e-01 0.0000000000e+00 nan nan
1.2878787879e+00 -4.0909090909e-01 0.0000000000e+00 nan nan
1.3181818182e+00 -4.0909090909e-01 0.0000000000e+00 5.3373988708e-07 -5.3696368484e-07
1.3484848485e+00 -4.0909090909e-01 0.0000000000e+00 5.2602378129e-07 -5.2938433211e-07
1.3787878788e+00 -4.0909090909e-01 0.0000000000e+00 5.1813102072e-07 -5.2163143260e-07
1.4090909091e+00 -4.0909090909e-01 0.0000000000e+00 5.1006015353e-07 -5.1370353452e-07
1.4393939394e+00 -4.0909090909e-01 0.0000000000e+00 5.0180882187e-07 -5.0559827997e-07
1.4696969697e+00 -4.0909090909e-01 0.0000000000e+00 4.9337319185e-07 -4.9731183511e-07
1.5000000000e+00 -4.0909090909e-01 0.0000000000e+00 4.8474702155e-07 -4.8883795798e-07
-1.5000000000e+00 -3.7878787879e-01 0.0000000000e+00 4.8679762780e-07 -4.9084815991e-07
-1.4696969697e+00 -3.7878787879e-01 0.0000000000e+00 4.9523312464e-07 -4.9913136358e-07
-1.4393939394e+00 -3.7878787879e-01 0.0000000000e+00 5.0351857914e-07 -5.0726763293e-07
-1.4090909091e+00 -3.7878787879e-01 0.0000000000e+00 5.1165262165e-07 -5.1525559832e-07
-1.3787878788e+00 -3.7878787879e-01 0.0000000000e+00 5.1963376790e-07 -5.2309377548e-07
-1.3484848485e+00 -3.7878787879e-01 0.0000000000e+00 5.2746041174e-07 -5.3078055824e-07
-1.3181818182e+00 -3.7878787879e-01 0.0000000000e+00 5.3513086015e-07 -5.3831425360e-07
-1.2878787879e+00 -3.7878787879e-01 0.0000000000e+00 nan nan
-1.2575757576e+00 -3.7878787879e-01 0.0000000000e+00 nan nan
-1.2272727273e+00 -3.7878787879e-01 0.0000000000e+00 nan nan
-1.1969696970e+00 -3.7878787879e-01 0.0000000000e+00 nan nan
-1.1666666667e+00 -3.7878787879e-01 0.0000000000e+00 nan nan
-1.1363636364e+00 -3.7878787879e-01 0.0000000000e+00 nan nan
-1.1060606061e+00 -3.7878787879e-01 0.0000000000e+00 nan nan
-1.0757575758e+00 -3.7878787879e-01 0.0000000000e+00 nan nan
-1.0454545455e+00 -3.7878787879e-01 0.0000000000e+00 nan nan
-1.0151515152e+00 -3.7878787879e-01 0.0000000000e+00 nan nan
-9.8484848485e-01 -3.7878787879e-01 0.0000000000e+00 nan nan
-9.5454545455e-01 -3.7878787879e-01 0.0000000000e+00 nan nan
-9.2424242424e-01 -3.7878787879e-01 0.0000000000e+00 nan nan
-8.9393939394e-01 -3.7878787879e-01 0.0000000000e+00 nan nan
-8.6363636364e-01 -3.7878787879e-01 0.0000000000e+00 nan nan
-8.3333333333e-01 -3.7878787879e-01 0.0000000000e+00 nan nan
-8.0303030303e-01 -3.7878787879e-01 0.0000000000e+00 nan nan
-7.7272727273e-01 -3.7878787879e-01 0.0000000000e+00 nan nan
-7.4242424242e-01 -3.7878787879e-01 0.0000000000e+00 nan nan
-7.1212121212e-01 -3.7878787879e-01 0.0000000000e+00 nan nan
-6.8181818182e-01 -3.7878787879e-01 0.0000000000e+00 nan nan
-6.5151515152e-01 -3.7878787879e-01 0.0000000000e+00 nan nan
-6.2121212121e-01 -3.7878787879e-01 0.0000000000e+00 nan nan
-5.9090909091e-01 -3.7878787879e-01 0.0000000000e+00 nan nan
-5.6060606061e-01 -3.7878787879e-01 0.0000000000e+00 nan nan
-5.3030303030e-01 -3.7878787879e-01 0.0000000000e+00 nan nan
-5.0000000000e-01 -3.7878787879e-01 0.0000000000e+00 nan nan
-4.6969696970e-01 -3.7878787879e-01 0.0000000000e+00 nan nan
-4.3939393939e-01 -3.7878787879e-01 0.0000000000e+00 nan nan
-4.0909090909e-01 -3.7878787879e-01 0.0000000000e+00 nan nan
-3.7878787879e-01 -3.7878787879e-01 0.0000000000e+00 nan nan
-3.4848484848e-01 -3.7878787879e-01 0.0000000000e+00 nan nan
-3.1818181818e-01 -3.7878787879e-01 0.0000000000e+00 nan nan
-2.8787878788e-01 -3.7878787879e-01 0.0000000000e+00 nan nan
-2.5757575758e-01 -3.7878787879e-01 0.0000000000e+00 nan nan
-2.2727272727e-01 -3.7878787879e-01 0.0000000000e+00 nan nan
-1.9696969697e-01 -3.7878787879e-01 0.0000000000e+00 nan nan
-1.6666666667e-01 -3.7878787879e-01 0.0000000000e+00 nan nan
-1.3636363636e-01 -3.7878787879e-01 0.0000000000e+00 nan nan
-1.0606060606e-01 -3.7878787879e-01 0.0000000000e+00 nan nan
-7.5757575758e-02 -3.7878787879e-01 0.0000000000e+00 nan nan
-4.5454545455e-02 -3.7878787879e-01 0.0000000000e+00 nan nan
-1.5151515152e-02 -3.7878787879e-01 0.0000000000e+00 nan nan
1.5151515152e-02 -3.7878787879e-01 0.0000000000e+00 nan nan
4.5454545455e-02 -3.7878787879e-01 0.0000000000e+00 nan nan
7.5757575758e-02 -3.7878787879e-01 0.0000000000e+00 nan nan
1.0606060606e-01 -3.7878787879e-01 0.0000000000e+00 nan nan
1.3636363636e-01 -3.7878787879e-01 0.0000000000e+00 nan nan
1.6666666667e-01 -3.7878787879e-01 0.0000000000e+00 nan nan
1.9696969697e-01 -3.7878787879e-01 0.0000000000e+00 nan nan
2.2727272727e-01 -3.7878787879e-01 0.0000000000e+00 nan nan
2.5757575758e-01 -3.7878787879e-01 0.0000000000e+00 nan nan
2.8787878788e-01 -3.7878787879e-01 0.0000000000e+00 nan nan
3.1818181818e-01 -3.7878787879e-01 0.0000000000e+00 nan nan
3.4848484848e-01 -3.7878787879e-01 0.0000000000e+00 nan nan
3.7878787879e-01 -3.7878787879e-01 0.0000000000e+00 nan nan
4.0909090909e-01 -3.7878787879e-01 0.0000000000e+00 nan nan
4.3939393939e-01 -3.7878787879e-01 0.0000000000e+00 nan nan
4.6969696970e-01 -3.7878787879e-01 0.0000000000e+00 nan nan
5.0000000000e-01 -3.7878787879e-01 0.0000000000e+00 nan nan
5.3030303030e-01 -3.7878787879e-01 0.0000000000e+00 nan nan
5.6060606061e-01 -3.7878787879e-01 0.0000000000e+00 nan nan
5.9090909091e-01 -3.7878787879e-01 0.0000000000e+00 nan nan
6.2121212121e-01 -3.7878787879e-01 0.0000000000e+00 nan nan
6.5151515152e-01 -3.7878787879e-01 0.0000000000e+00 nan nan
6.8181818182e-01 -3.7878787879e-01 0.0000000000e+00 nan nan
7.1212121212e-01 -3.7878787879e-01 0.0000000000e+00 nan nan
7.4242424242e-01 -3.7878787879e-01 0.0000000000e+00 nan nan
7.7272727273e-01 -3.7878787879e-01 0.0000000000e+00 nan nan
8.0303030303e-01 -3.7878787879e-01 0.0000000000e+00 nan nan
8.3333333333e-01 -3.7878787879e-01 0.0000000000e+00 nan nan
8.6363636364e-01 -3.7878787879e-01 0.0000000000e+00 nan nan
8.9393939394e-01 -3.7878787879e-01 0.0000000000e+00 nan nan
9.2424242424e-01 -3.7878787879e-01 0.0000000000e+00 nan nan
9.5454545455e-01 -3.7878787879e-01 0.0000000000e+00 nan nan
9.8484848485e-01 -3.7878787879e-01 0.0000000000e+00 nan nan
1.0151515152e+00 -3.7878787879e-01 0.0000000000e+00 nan nan
1.0454545455e+00 -3.7878787879e-01 0.0000000000e+00 nan nan
1.0757575758e+00 -3.7878787879e-01 0.0000000000e+00 nan nan
1.1060606061e+00 -3.7878787879e-01 0.0000000000e+00 nan nan
1.1363636364e+00 -3.7878787879e-01 0.0000000000e+00 nan nan
1.1666666667e+00 -3.7878787879e-01 0.0000000000e+00 nan nan
1.1969696970e+00 -3.7878787879e-01 0.0000000000e+00 nan nan
1.2272727273e+00 -3.7878787879e-01 0.0000000000e+00 nan nan
1.2575757576e+00 -3.7878787879e-01 0.0000000000e+00 nan nan
1.2878787879e+00 -3.7878787879e-01 0.0000000000e+00 nan nan
1.3181818182e+00 -3.7878787879e-01 0.0000000000e+00 5.3593635841e-07 -5.3911975186e-07
1.3484848485e+00 -3.7878787879e-01 0.0000000000e+00 5.2820984860e-07 -5.3152999510e-07
1.3787878788e+00 -3.7878787879e-01 0.0000000000e+00 5.2030633241e-07 -5.2376633999e-07
1.4090909091e+00 -3.7878787879e-01 0.0000000000e+00 5.1222481294e-07 -5.1582778962e-07
1.4393939394e+00 -3.7878787879e-01 0.0000000000e+00 5.0396386587e-07 -5.0771291967e-07
1.4696969697e+00 -3.7878787879e-01 0.0000000000e+00 4.9552150235e-07 -4.9941974129e-07
1.5000000000e+00 -3.7878787879e-01 0.0000000000e+00 4.8689513733e-07 -4.9094566944e-07
-1.5000000000e+00 -3.4848484848e-01 0.0000000000e+00 4.8909655443e-07 -4.9310979026e-07
-1.4696969697e+00 -3.4848484848e-01 0.0000000000e+00 4.9751641369e-07 -5.0137735634e-07
-1.4393939394e+00 -3.4848484848e-01 0.0000000000e+00 5.0578651810e-07 -5.0949827561e-07
-1.4090909091e+00 -3.4848484848e-01 0.0000000000e+00 5.1390610637e-07 -5.1747178676e-07
-1.3787878788e+00 -3.4848484848e-01 0.0000000000e+00 5.2187394916e-07 -5.2529666045e-07
-1.3484848485e+00 -3.4848484848e-01 0.0000000000e+00 5.2968849423e-07 -5.3297134444e-07
-1.3181818182e+00 -3.4848484848e-01 0.0000000000e+00 5.3734799983e-07 -5.4049409700e-07
-1.2878787879e+00 -3.4848484848e-01 0.0000000000e+00 nan nan
-1.2575757576e+00 -3.4848484848e-01 0.0000000000e+00 nan nan
-1.2272727273e+00 -3.4848484848e-01 0.0000000000e+00 nan nan
-1.1969696970e+00 -3.4848484848e-01 0.0000000000e+00 nan nan
-1.1666666667e+00 -3.4848484848e-01 0.0000000000e+00 nan nan
-1.1363636364e+00 -3.4848484848e-01 0.0000000000e+00 nan nan
-1.1060606061e+00 -3.4848484848e-01 0.0000000000e+00 nan nan
-1.0757575758e+00 -3.4848484848e-01 0.0000000000e+00 nan nan
-1.0454545455e+00 -3.4848484848e-01 0.0000000000e+00 nan nan
-1.0151515152e+00 -3.4848484848e-01 0.0000000000e+00 nan nan
-9.8484848485e-01 -3.4848484848e-01 0.0000000000e+00 nan nan
-9.5454545455e-01 -3.4848484848e-01 0.0000000000e+00 nan nan
-9.2424242424e-01 -3.4848484848e-01 0.0000000000e+00 nan nan
-8.9393939394e-01 -3.4848484848e-01 0.0000000000e+00 nan nan
-8.6363636364e-01 -3.4848484848e-01 0.0000000000e+00 nan nan
-8.3333333333e-01 -3.4848484848e-01 0.0000000000e+00 nan nan
-8.0303030303e-01 -3.4848484848e-01 0.0000000000e+00 nan nan
-7.7272727273e-01 -3.4848484848e-01 0.0000000000e+00 nan nan
-7.4242424242e-01 -3.4848484848e-01 0.0000000000e+00 nan nan
-7.1212121212e-01 -3.4848484848e-01 0.0000000000e+00 nan nan
-6.8181818182e-01 -3.4848484848e-01 0.0000000000e+00 nan nan
-6.5151515152e-01 -3.4848484848e-01 0.0000000000e+00 nan nan
-6.2121212121e-01 -3.4848484848e-01 0.0000000000e+00 nan nan
-5.9090909091e-01 -3.4848484848e-01 0.0000000000e+00 nan nan
-5.6060606061e-01 -3.4848484848e-01 0.0000000000e+00 nan nan
-5.3030303030e-01 -3.4848484848e-01 0.0000000000e+00 nan nan
-5.0000000000e-01 -3.4848484848e-01 0.0000000000e+00 nan nan
-4.6969696970e-01 -3.4848484848e-01 0.0000000000e+00 nan nan
-4.3939393939e-01 -3.4848484848e-01 0.0000000000e+00 nan nan
-4.0909090909e-01 -3.4848484848e-01 0.0000000000e+00 nan nan
-3.7878787879e-01 -3.4848484848e-01 0.0000000000e+00 nan nan
-3.4848484848e-01 -3.4848484848e-01 0.0000000000e+00 nan nan
-3.1818181818e-01 -3.4848484848e-01 0.0000000000e+00 nan nan
-2.8787878788e-01 -3.4848484848e-01 0.0000000000e+00 nan nan
-2.5757575758e-01 -3.4848484848e-01 0.0000000000e+00 nan nan
-2.2727272727e-01 -3.4848484848e-01 0.0000000000e+00 nan nan
-1.9696969697e-01 -3.4848484848e-01 0.0000000000e+00 nan nan
-1.6666666667e-01 -3.4848484848e-01 0.0000000000e+00 nan nan
-1.3636363636e-01 -3.4848484848e-01 0.0000000000e+00 nan nan
-1.0606060606e-01 -3.4848484848e-01 0.0000000000e+00 nan nan
-7.5757575758e-02 -3.4848484848e-01 0.0000000000e+00 nan nan
-4.5454545455e-02 -3.4848484848e-01 0.0000000000e+00 nan nan
-1.5151515152e-02 -3.4848484848e-01 0.0000000000e+00 nan nan
1.5151515152e-02 -3.4848484848e-01 0.0000000000e+00 nan nan
4.5454545455e-02 -3.4848484848e-01 0.0000000000e+00 nan nan
7.5757575758e-02 -3.4848484848e-01 0.0000000000e+00 nan nan
1.0606060606e-01 -3.4848484848e-01 0.0000000000e+00 nan nan
1.3636363636e-01 -3.4848484848e-01 0.0000000000e+00 nan nan
1.6666666667e-01 -3.4848484848e-01 0.0000000000e+00 nan nan
1.9696969697e-01 -3.4848484848e-01 0.0000000000e+00 nan nan
2.2727272727e-01 -3.4848484848e-01 0.0000000000e+00 nan nan
2.5757575758e-01 -3.4848484848e-01 0.0000000000e+00 nan nan
2.8787878788e-01 -3.4848484848e-01 0.0000000000e+00 nan nan
3.1818181818e-01 -3.4848484848e-01 0.0000000000e+00 nan nan
3.4848484848e-01 -3.4848484848e-01 0.0000000000e+00 nan nan
3.7878787879e-01 -3.4848484848e-01 0.0000000000e+00 nan nan
4.0909090909e-01 -3.4848484848e-01 0.0000000000e+00 nan nan
4.3939393939e-01 -3.4848484848e-01 0.0000000000e+00 nan nan
4.6969696970e-01 -3.4848484848e-01 0.0000000000e+00 nan nan
5.0000000000e-01 -3.4848484848e-01 0.0000000000e+00 nan nan
5.3030303030e-01 -3.4848484848e-01 0.0000000000e+00 nan nan
5.6060606061e-01 -3.4848484848e-01 0.0000000000e+00 nan nan
5.9090909091e-01 -3.4848484848e-01 0.0000000000e+00 nan nan
6.2121212121e-01 -3.4848484848e-01 0.0000000000e+00 nan nan
6.5151515152e-01 -3.4848484848e-01 0.0000000000e+00 nan nan
6.8181818182e-01 -3.4848484848e-01 0.0000000000e+00 nan nan
7.1212121212e-01 -3.4848484848e-01 0.0000000000e+00 nan nan
7.4242424242e-01 -3.4848484848e-01 0.0000000000e+00 nan nan
7.7272727273e-01 -3.4848484848e-01 0.0000000000e+00 nan nan
8.0303030303e-01 -3.4848484848e-01 0.0000000000e+00 nan nan
8.3333333333e-01 -3.4848484848e-01 0.0000000000e+00 nan nan
8.6363636364e-01 -3.4848484848e-01 0.0000000000e+00 nan nan
8.9393939394e-01 -3.4848484848e-01 0.0000000000e+00 nan nan
9.2424242424e-01 -3.4848484848e-01 0.0000000000e+00 nan nan
9.5454545455e-01 -3.4848484848e-01 0.0000000000e+00 nan nan
9.8484848485e-01 -3.4848484848e-01 0.0000000000e+00 nan nan
1.0151515152e+00 -3.4848484848e-01 0.0000000000e+00 nan nan
1.0454545455e+00 -3.4848484848e-01 0.0000000000e+00 nan nan
1.0757575758e+00 -3.4848484848e-01 0.0000000000e+00 nan nan
1.1060606061e+00 -3.4848484848e-01 0.0000000000e+00 nan nan
1.1363636364e+00 -3.4848484848e-01 0.0000000000e+00 nan nan
1.1666666667e+00 -3.4848484848e-01 0.0000000000e+00 nan nan
1.1969696970e+00 -3.4848484848e-01 0.0000000000e+00 nan nan
1.2272727273e+00 -3.4848484848e-01 0.0000000000e+00 nan nan
1.2575757576e+00 -3.4848484848e-01 0.0000000000e+00 nan nan
1.2878787879e+00 -3.4848484848e-01 0.0000000000e+00 nan nan
1.3181818182e+00 -3.4848484848e-01 0.0000000000e+00 5.3795890302e-07 -5.4110500019e-07
1.3484848485e+00 -3.4848484848e-01 0.0000000000e+00 5.3022228867e-07 -5.3350513888e-07
1.3787878788e+00 -3.4848484848e-01 0.0000000000e+00 5.2230827564e-07 -5.2573098693e-07
1.4090909091e+00 -3.4848484848e-01 0.0000000000e+00 5.1421628895e-07 -5.1778196934e-07
1.4393939394e+00 -3.4848484848e-01 0.0000000000e+00 5.0594576787e-07 -5.0965752538e-07
1.4696969697e+00 -3.4848484848e-01 0.0000000000e+00 4.9749639200e-07 -5.0135733465e-07
1.5000000000e+00 -3.4848484848e-01 0.0000000000e+00 4.8886862869e-07 -4.9288186452e-07
-1.5000000000e+00 -3.1818181818e-01 0.0000000000e+00 4.9118625520e-07 -4.9516530277e-07
-1.4696969697e+00 -3.1818181818e-01 0.0000000000e+00 4.9959360399e-07 -5.0342035838e-07
-1.4393939394e+00 -3.1818181818e-01 0.0000000000e+00 5.0785117162e-07 -5.1152874087e-07
-1.4090909091e+00 -3.1818181818e-01 0.0000000000e+00 5.1595891972e-07 -5.1949041185e-07
-1.3787878788e+00 -3.1818181818e-01 0.0000000000e+00 5.2391587832e-07 -5.2730440135e-07
-1.3484848485e+00 -3.1818181818e-01 0.0000000000e+00 5.3172054684e-07 -5.3496920879e-07
-1.3181818182e+00 -3.1818181818e-01 0.0000000000e+00 5.3937114023e-07 -5.4248304914e-07
-1.2878787879e+00 -3.1818181818e-01 0.0000000000e+00 nan nan
-1.2575757576e+00 -3.1818181818e-01 0.0000000000e+00 nan nan
-1.2272727273e+00 -3.1818181818e-01 0.0000000000e+00 nan nan
-1.1969696970e+00 -3.1818181818e-01 0.0000000000e+00 nan nan
-1.1666666667e+00 -3.1818181818e-01 0.0000000000e+00 nan nan
-1.1363636364e+00 -3.1818181818e-01 0.0000000000e+00 nan nan
-1.1060606061e+00 -3.1818181818e-01 0.0000000000e+00 nan nan
-1.0757575758e+00 -3.1818181818e-01 0.0000000000e+00 nan nan
-1.0454545455e+00 -3.1818181818e-01 0.0000000000e+00 nan nan
-1.0151515152e+00 -3.1818181818e-01 0.0000000000e+00 nan nan
-9.8484848485e-01 -3.1818181818e-01 0.0000000000e+00 nan nan
-9.5454545455e-01 -3.1818181818e-01 0.0000000000e+00 nan nan
-9.2424242424e-01 -3.1818181818e-01 0.0000000000e+00 nan nan
-8.9393939394e-01 -3.1818181818e-01 0.0000000000e+00 nan nan
-8.6363636364e-01 -3.1818181818e-01 0.0000000000e+00 nan nan
-8.3333333333e-01 -3.1818181818e-01 0.0000000000e+00 nan nan
-8.0303030303e-01 -3.1818181818e-01 0.0000000000e+00 nan nan
-7.7272727273e-01 -3.1818181818e-01 0.0000000000e+00 nan nan
-7.4242424242e-01 -3.1818181818e-01 0.0000000000e+00 nan nan
-7.1212121212e-01 -3.1818181818e-01 0.0000000000e+00 nan nan
-6.8181818182e-01 -3.1818181818e-01 0.0000000000e+00 nan nan
-6.5151515152e-01 -3.1818181818e-01 0.0000000000e+00 nan nan
-6.2121212121e-01 -3.1818181818e-01 0.0000000000e+00 nan nan
-5.9090909091e-01 -3.1818181818e-01 0.0000000000e+00 nan nan
-5.6060606061e-01 -3.1818181818e-01 0.0000000000e+00 nan nan
-5.3030303030e-01 -3.1818181818e-01 0.0000000000e+00 nan nan
-5.0000000000e-01 -3.1818181818e-01 0.0000000000e+00 nan nan
-4.6969696970e-01 -3.1818181818e-01 0.0000000000e+00 nan nan
-4.3939393939e-01 -3.1818181818e-01 0.0000000000e+00 nan nan
-4.0909090909e-01 -3.1818181818e-01 0.0000000000e+00 nan nan
-3.7878787879e-01 -3.1818181818e-01 0.0000000000e+00 nan nan
-3.4848484848e-01 -3.1818181818e-01 0.0000000000e+00 nan nan
-3.1818181818e-01 -3.1818181818e-01 0.0000000000e+00 nan nan
-2.8787878788e-01 -3.1818181818e-01 0.0000000000e+00 nan nan
-2.5757575758e-01 -3.1818181818e-01 0.0000000000e+00 nan nan
-2.2727272727e-01 -3.1818181818e-01 0.0000000000e+00 nan nan
-1.9696969697e-01 -3.1818181818e-01 0.0000000000e+00 nan nan
-1.6666666667e-01 -3.1818181818e-01 0.0000000000e+00 nan nan
-1.3636363636e-01 -3.1818181818e-01 0.0000000000e+00 nan nan
-1.0606060606e-01 -3.1818181818e-01 0.0000000000e+00 nan nan
-7.5757575758e-02 -3.1818181818e-01 0.0000000000e+00 nan nan
-4.5454545455e-02 -3.1818181818e-01 0.0000000000e+00 nan nan
-1.5151515152e-02 -3.1818181818e-01 0.0000000000e+00 nan nan
1.5151515152e-02 -3.1818181818e-01 0.0000000000e+00 nan nan
4.5454545455e-02 -3.1818181818e-01 0.0000000000e+00 nan nan
7.5757575758e-02 -3.1818181818e-01 0.0000000000e+00 nan nan
1.0606060606e-01 -3.1818181818e-01 0.0000000000e+00 nan nan
1.3636363636e-01 -3.1818181818e-01 0.0000000000e+00 nan nan
1.6666666667e-01 -3.1818181818e-01 0.0000000000e+00 nan nan
1.9696969697e-01 -3.1818181818e-01 0.0000000000e+00 nan nan
2.2727272727e-01 -3.1818181818e-01 0.0000000000e+00 nan nan
2.5757575758e-01 -3.1818181818e-01 0.0000000000e+00 nan nan
2.8787878788e-01 -3.1818181818e-01 0.0000000000e+00 nan nan
3.1818181818e-01 -3.1818181818e-01 0.0000000000e+00 nan nan
3.4848484848e-01 -3.1818181818e-01 0.0000000000e+00 nan nan
3.7878787879e-01 -3.1818181818e-01 0.0000000000e+00 nan nan
4.0909090909e-01 -3.1818181818e-01 0.0000000000e+00 nan nan
4.3939393939e-01 -3.1818181818e-01 0.0000000000e+00 nan nan
4.6969696970e-01 -3.1818181818e-01 0.0000000000e+00 nan nan
5.0000000000e-01 -3.1818181818e-01 0.0000000000e+00 nan nan
5.3030303030e-01 -3.1818181818e-01 0.0000000000e+00 nan nan
5.6060606061e-01 -3.1818181818e-01 0.0000000000e+00 nan nan
5.9090909091e-01 -3.1818181818e-01 0.0000000000e+00 nan nan
6.2121212121e-01 -3.1818181818e-01 0.0000000000e+00 nan nan
6.5151515152e-01 -3.1818181818e-01 0.0000000000e+00 nan nan
6.8181818182e-01 -3.1818181818e-01 0.0000000000e+00 nan nan
7.1212121212e-01 -3.1818181818e-01 0.0000000000e+00 nan nan
7.4242424242e-01 -3.1818181818e-01 0.0000000000e+00 nan nan
7.7272727273e-01 -3.1818181818e-01 0.0000000000e+00 nan nan
8.0303030303e-01 -3.1818181818e-01 0.0000000000e+00 nan nan
8.3333333333e-01 -3.1818181818e-01 0.0000000000e+00 nan nan
8.6363636364e-01 -3.1818181818e-01 0.0000000000e+00 nan nan
8.9393939394e-01 -3.1818181818e-01 0.0000000000e+00 nan nan
9.2424242424e-01 -3.1818181818e-01 0.0000000000e+00 nan nan
9.5454545455e-01 -3.1818181818e-01 0.0000000000e+00 nan nan
9.8484848485e-01 -3.1818181818e-01 0.0000000000e+00 nan nan
1.0151515152e+00 -3.1818181818e-01 0.0000000000e+00 nan nan
1.0454545455e+00 -3.1818181818e-01 0.0000000000e+00 nan nan
1.0757575758e+00 -3.1818181818e-01 0.0000000000e+00 nan nan
1.1060606061e+00 -3.1818181818e-01 0.0000000000e+00 nan nan
1.1363636364e+00 -3.1818181818e-01 0.0000000000e+00 nan nan
1.1666666667e+00 -3.1818181818e-01 0.0000000000e+00 nan nan
1.1969696970e+00 -3.1818181818e-01 0.0000000000e+00 nan nan
1.2272727273e+00 -3.1818181818e-01 0.0000000000e+00 nan nan
1.2575757576e+00 -3.1818181818e-01 0.0000000000e+00 nan nan
1.2878787879e+00 -3.1818181818e-01 0.0000000000e+00 nan nan
1.3181818182e+00 -3.1818181818e-01 0.0000000000e+00 5.3980786784e-07 -5.4291977674e-07
1.3484848485e+00 -3.1818181818e-01 0.0000000000e+00 5.3206129566e-07 -5.3530995761e-07
1.3787878788e+00 -3.1818181818e-01 0.0000000000e+00 5.2413671415e-07 -5.2752523717e-07
1.4090909091e+00 -3.1818181818e-01 0.0000000000e+00 5.1603379180e-07 -5.1956528393e-07
1.4393939394e+00 -3.1818181818e-01 0.0000000000e+00 5.0775249349e-07 -5.1143006274e-07
1.4696969697e+00 -3.1818181818e-01 0.0000000000e+00 4.9929351323e-07 -5.0312026763e-07
1.5000000000e+00 -3.1818181818e-01 0.0000000000e+00 4.9065918171e-07 -4.9463822927e-07
-1.5000000000e+00 -2.8787878788e-01 0.0000000000e+00 4.9306863429e-07 -4.9701660162e-07
-1.4696969697e+00 -2.8787878788e-01 0.0000000000e+00 5.0146526118e-07 -5.0526093534e-07
-1.4393939394e+00 -2.8787878788e-01 0.0000000000e+00 5.0971247338e-07 -5.1335896239e-07
-1.4090909091e+00 -2.8787878788e-01 0.0000000000e+00 5.1781068316e-07 -5.2131109505e-07
-1.3787878788e+00 -2.8787878788e-01 0.0000000000e+00 5.2575903184e-07 -5.2911647463e-07
-1.3484848485e+00 -2.8787878788e-01 0.0000000000e+00 5.3355599295e-07 -5.3677357467e-07
-1.3181818182e+00 -2.8787878788e-01 0.0000000000e+00 nan nan
-1.2878787879e+00 -2.8787878788e-01 0.0000000000e+00 nan nan
-1.2575757576e+00 -2.8787878788e-01 0.0000000000e+00 nan nan
-1.2272727273e+00 -2.8787878788e-01 0.0000000000e+00 nan nan
-1.1969696970e+00 -2.8787878788e-01 0.0000000000e+00 nan nan
-1.1666666667e+00 -2.8787878788e-01 0.0000000000e+00 nan nan
-1.1363636364e+00 -2.8787878788e-01 0.0000000000e+00 nan nan
-1.1060606061e+00 -2.8787878788e-01 0.0000000000e+00 nan nan
-1.0757575758e+00 -2.8787878788e-01 0.0000000000e+00 nan nan
-1.0454545455e+00 -2.8787878788e-01 0.0000000000e+00 nan nan
-1.0151515152e+00 -2.8787878788e-01 0.0000000000e+00 nan nan
-9.8484848485e-01 -2.8787878788e-01 0.0000000000e+00 nan nan
-9.5454545455e-01 -2.8787878788e-01 0.0000000000e+00 nan nan
-9.2424242424e-01 -2.8787878788e-01 0.0000000000e+00 nan nan
-8.9393939394e-01 -2.8787878788e-01 0.0000000000e+00 nan nan
-8.6363636364e-01 -2.8787878788e-01 0.0000000000e+00 nan nan
-8.3333333333e-01 -2.8787878788e-01 0.0000000000e+00 nan nan
-8.0303030303e-01 -2.8787878788e-01 0.0000000000e+00 nan nan
-7.7272727273e-01 -2.8787878788e-01 0.0000000000e+00 nan nan
-7.4242424242e-01 -2.8787878788e-01 0.0000000000e+00 nan nan
-7.1212121212e-01 -2.8787878788e-01 0.0000000000e+00 nan nan
-6.8181818182e-01 -2.8787878788e-01 0.0000000000e+00 nan nan
-6.5151515152e-01 -2.8787878788e-01 0.0000000000e+00 nan nan
-6.2121212121e-01 -2.8787878788e-01 0.0000000000e+00 nan nan
-5.9090909091e-01 -2.8787878788e-01 0.0000000000e+00 nan nan
-5.6060606061e-01 -2.8787878788e-01 0.0000000000e+00 nan nan
-5.3030303030e-01 -2.8787878788e-01 0.0000000000e+00 nan nan
-5.0000000000e-01 -2.8787878788e-01 0.0000000000e+00 nan nan
-4.6969696970e-01 -2.8787878788e-01 0.0000000000e+00 nan nan
-4.3939393939e-01 -2.8787878788e-01 0.0000000000e+00 nan nan
-4.0909090909e-01 -2.8787878788e-01 0.0000000000e+00 nan nan
-3.7878787879e-01 -2.8787878788e-01 0.0000000000e+00 nan nan
-3.4848484848e-01 -2.8787878788e-01 0.0000000000e+00 nan nan
-3.1818181818e-01 -2.8787878788e-01 0.0000000000e+00 nan nan
-2.8787878788e-01 -2.8787878788e-01 0.0000000000e+00 nan nan
-2.5757575758e-01 -2.8787878788e-01 0.0000000000e+00 nan nan
-2.2727272727e-01 -2.8787878788e-01 0.0000000000e+00 nan nan
-1.9696969697e-01 -2.8787878788e-01 0.0000000000e+00 nan nan
-1.6666666667e-01 -2.8787878788e-01 0.0000000000e+00 nan nan
-1.3636363636e-01 -2.8787878788e-01 0.0000000000e+00 nan nan
-1.0606060606e-01 -2.8787878788e-01 0.0000000000e+00 nan nan
-7.5757575758e-02 -2.8787878788e-01 0.0000000000e+00 nan nan
-4.5454545455e-02 -2.8787878788e-01 0.0000000000e+00 nan nan
-1.5151515152e-02 -2.8787878788e-01 0.0000000000e+00 nan nan
1.5151515152e-02 -2.8787878788e-01 0.0000000000e+00 nan nan
4.5454545455e-02 -2.8787878788e-01 0.0000000000e+00 nan nan
7.5757575758e-02 -2.8787878788e-01 0.0000000000e+00 nan nan
1.0606060606e-01 -2.8787878788e-01 0.0000000000e+00 nan nan
1.3636363636e-01 -2.8787878788e-01 0.0000000000e+00 nan nan
1.6666666667e-01 -2.8787878788e-01 0.0000000000e+00 nan nan
1.9696969697e-01 -2.8787878788e-01 0.0000000000e+00 nan nan
2.2727272727e-01 -2.8787878788e-01 0.0000000000e+00 nan nan
2.5757575758e-01 -2.8787878788e-01 0.0000000000e+00 nan nan
2.8787878788e-01 -2.8787878788e-01 0.0000000000e+00 nan nan
3.1818181818e-01 -2.8787878788e-01 0.0000000000e+00 nan nan
3.4848484848e-01 -2.8787878788e-01 0.0000000000e+00 nan nan
3.7878787879e-01 -2.8787878788e-01 0.0000000000e+00 nan nan
4.0909090909e-01 -2.8787878788e-01 0.0000000000e+00 nan nan
4.3939393939e-01 -2.8787878788e-01 0.0000000000e+00 nan nan
4.6969696970e-01 -2.8787878788e-01 0.0000000000e+00 nan nan
5.0000000000e-01 -2.8787878788e-01 0.0000000000e+00 nan nan
5.3030303030e-01 -2.8787878788e-01 0.0000000000e+00 nan nan
5.6060606061e-01 -2.8787878788e-01 0.0000000000e+00 nan nan
5.9090909091e-01 -2.8787878788e-01 0.0000000000e+00 nan nan
6.2121212121e-01 -2.8787878788e-01 0.0000000000e+00 nan nan
6.5151515152e-01 -2.8787878788e-01 0.0000000000e+00 nan nan
6.8181818182e-01 -2.8787878788e-01 0.0000000000e+00 nan nan
7.1212121212e-01 -2.8787878788e-01 0.0000000000e+00 nan nan
7.4242424242e-01 -2.8787878788e-01 0.0000000000e+00 nan nan
7.7272727273e-01 -2.8787878788e-01 0.0000000000e+00 nan nan
8.0303030303e-01 -2.8787878788e-01 0.0000000000e+00 nan nan
8.3333333333e-01 -2.8787878788e-01 0.0000000000e+00 nan nan
8.6363636364e-01 -2.8787878788e-01 0.0000000000e+00 nan nan
8.9393939394e-01 -2.8787878788e-01 0.0000000000e+00 nan nan
9.2424242424e-01 -2.8787878788e-01 0.0000000000e+00 nan nan
9.5454545455e-01 -2.8787878788e-01 0.0000000000e+00 nan nan
9.8484848485e-01 -2.8787878788e-01 0.0000000000e+00 nan nan
1.0151515152e+00 -2.8787878788e-01 0.0000000000e+00 nan nan
1.0454545455e+00 -2.8787878788e-01 0.0000000000e+00 nan nan
1.0757575758e+00 -2.8787878788e-01 0.0000000000e+00 nan nan
1.1060606061e+00 -2.8787878788e-01 0.0000000000e+00 nan nan
1.1363636364e+00 -2.8787878788e-01 0.0000000000e+00 nan nan
1.1666666667e+00 -2.8787878788e-01 0.0000000000e+00 nan nan
1.1969696970e+00 -2.8787878788e-01 0.0000000000e+00 nan nan
1.2272727273e+00 -2.8787878788e-01 0.0000000000e+00 nan nan
1.2575757576e+00 -2.8787878788e-01 0.0000000000e+00 nan nan
1.2878787879e+00 -2.8787878788e-01 0.0000000000e+00 nan nan
1.3181818182e+00 -2.8787878788e-01 0.0000000000e+00 nan nan
1.3484848485e+00 -2.8787878788e-01 0.0000000000e+00 5.3372732773e-07 -5.3694490944e-07
1.3787878788e+00 -2.8787878788e-01 0.0000000000e+00 5.2579196479e-07 -5.2914940758e-07
1.4090909091e+00 -2.8787878788e-01 0.0000000000e+00 5.1767732218e-07 -5.2117773407e-07
1.4393939394e+00 -2.8787878788e-01 0.0000000000e+00 5.0938342340e-07 -5.1302991241e-07
1.4696969697e+00 -2.8787878788e-01 0.0000000000e+00 5.0091109975e-07 -5.0470677390e-07
1.5000000000e+00 -2.8787878788e-01 0.0000000000e+00 4.9226286108e-07 -4.9621082840e-07
-1.5000000000e+00 -2.5757575758e-01 0.0000000000e+00 4.9474525711e-07 -4.9866525222e-07
-1.4696969697e+00 -2.5757575758e-01 0.0000000000e+00 5.0313182231e-07 -5.0689952425e-07
-1.4393939394e+00 -2.5757575758e-01 0.0000000000e+00 5.1137036163e-07 -5.1498887842e-07
-1.4090909091e+00 -2.5757575758e-01 0.0000000000e+00 5.1946110406e-07 -5.2293354373e-07
-1.3787878788e+00 -2.5757575758e-01 0.0000000000e+00 5.2740301709e-07 -5.3073248767e-07
-1.3484848485e+00 -2.5757575758e-01 0.0000000000e+00 5.3519440861e-07 -5.3838401811e-07
-1.3181818182e+00 -2.5757575758e-01 0.0000000000e+00 nan nan
-1.2878787879e+00 -2.5757575758e-01 0.0000000000e+00 nan nan
-1.2575757576e+00 -2.5757575758e-01 0.0000000000e+00 nan nan
-1.2272727273e+00 -2.5757575758e-01 0.0000000000e+00 nan nan
-1.1969696970e+00 -2.5757575758e-01 0.0000000000e+00 nan nan
-1.1666666667e+00 -2.5757575758e-01 0.0000000000e+00 nan nan
-1.1363636364e+00 -2.5757575758e-01 0.0000000000e+00 nan nan
-1.1060606061e+00 -2.5757575758e-01 0.0000000000e+00 nan nan
-1.0757575758e+00 -2.5757575758e-01 0.0000000000e+00 nan nan
-1.0454545455e+00 -2.5757575758e-01 0.0000000000e+00 nan nan
-1.0151515152e+00 -2.5757575758e-01 0.0000000000e+00 nan nan
-9.8484848485e-01 -2.5757575758e-01 0.0000000000e+00 nan nan
-9.5454545455e-01 -2.5757575758e-01 0.0000000000e+00 nan nan
-9.2424242424e-01 -2.5757575758e-01 0.0000000000e+00 nan nan
-8.9393939394e-01 -2.5757575758e-01 0.0000000000e+00 nan nan
-8.6363636364e-01 -2.5757575758e-01 0.0000000000e+00 nan nan
-8.3333333333e-01 -2.5757575758e-01 0.0000000000e+00 nan nan
-8.0303030303e-01 -2.5757575758e-01 0.0000000000e+00 nan nan
-7.7272727273e-01 -2.5757575758e-01 0.0000000000e+00 nan nan
-7.4242424242e-01 -2.5757575758e-01 0.0000000000e+00 nan nan
-7.1212121212e-01 -2.5757575758e-01 0.0000000000e+00 nan nan
-6.8181818182e-01 -2.5757575758e-01 0.0000000000e+00 nan nan
-6.5151515152e-01 -2.5757575758e-01 0.0000000000e+00 nan nan
-6.2121212121e-01 -2.5757575758e-01 0.0000000000e+00 nan nan
-5.9090909091e-01 -2.5757575758e-01 0.0000000000e+00 nan nan
-5.6060606061e-01 -2.5757575758e-01 0.0000000000e+00 nan nan
-5.3030303030e-01 -2.5757575758e-01 0.0000000000e+00 nan nan
-5.0000000000e-01 -2.5757575758e-01 0.0000000000e+00 nan nan
-4.6969696970e-01 -2.5757575758e-01 0.0000000000e+00 nan nan
-4.3939393939e-01 -2.5757575758e-01 0.0000000000e+00 nan nan
-4.0909090909e-01 -2.5757575758e-01 0.0000000000e+00 nan nan
-3.7878787879e-01 -2.5757575758e-01 0.0000000000e+00 nan nan
-3.4848484848e-01 -2.5757575758e-01 0.0000000000e+00 nan nan
-3.1818181818e-01 -2.5757575758e-01 0.0000000000e+00 nan nan
-2.8787878788e-01 -2.5757575758e-01 0.0000000000e+00 nan nan
-2.5757575758e-01 -2.5757575758e-01 0.0000000000e+00 nan nan
-2.2727272727e-01 -2.5757575758e-01 0.0000000000e+00 nan nan
-1.9696969697e-01 -2.5757575758e-01 0.0000000000e+00 nan nan
-1.6666666667e-01 -2.5757575758e-01 0.0000000000e+00 nan nan
-1.3636363636e-01 -2.5757575758e-01 0.0000000000e+00 nan nan
-1.0606060606e-01 -2.5757575758e-01 0.0000000000e+00 nan nan
-7.5757575758e-02 -2.5757575758e-01 0.0000000000e+00 nan nan
-4.5454545455e-02 -2.5757575758e-01 0.0000000000e+00 nan nan
-1.5151515152e-02 -2.5757575758e-01 0.0000000000e+00 nan nan
1.5151515152e-02 -2.5757575758e-01 0.0000000000e+00 nan nan
4.5454545455e-02 -2.5757575758e-01 0.0000000000e+00 nan nan
7.5757575758e-02 -2.5757575758e-01 0.0000000000e+00 nan nan
1.0606060606e-01 -2.5757575758e-01 0.0000000000e+00 nan nan
1.3636363636e-01 -2.5757575758e-01 0.0000000000e+00 nan nan
1.6666666667e-01 -2.5757575758e-01 0.0000000000e+00 nan nan
1.9696969697e-01 -2.5757575758e-01 0.0000000000e+00 nan nan
2.2727272727e-01 -2.5757575758e-01 0.0000000000e+00 nan nan
2.5757575758e-01 -2.5757575758e-01 0.0000000000e+00 nan nan
2.8787878788e-01 -2.5757575758e-01 0.0000000000e+00 nan nan
3.1818181818e-01 -2.5757575758e-01 0.0000000000e+00 nan nan
3.4848484848e-01 -2.5757575758e-01 0.0000000000e+00 nan nan
3.7878787879e-01 -2.5757575758e-01 0.0000000000e+00 nan nan
4.0909090909e-01 -2.5757575758e-01 0.0000000000e+00 nan nan
4.3939393939e-01 -2.5757575758e-01 0.0000000000e+00 nan nan
4.6969696970e-01 -2.5757575758e-01 0.0000000000e+00 nan nan
5.0000000000e-01 -2.5757575758e-01 0.0000000000e+00 nan nan
5.3030303030e-01 -2.5757575758e-01 0.0000000000e+00 nan nan
5.6060606061e-01 -2.5757575758e-01 0.0000000000e+00 nan nan
5.9090909091e-01 -2.5757575758e-01 0.0000000000e+00 nan nan
6.2121212121e-01 -2.5757575758e-01 0.0000000000e+00 nan nan
6.5151515152e-01 -2.5757575758e-01 0.0000000000e+00 nan nan
6.8181818182e-01 -2.5757575758e-01 0.0000000000e+00 nan nan
7.1212121212e-01 -2.5757575758e-01 0.0000000000e+00 nan nan
7.4242424242e-01 -2.5757575758e-01 0.0000000000e+00 nan nan
7.7272727273e-01 -2.5757575758e-01 0.0000000000e+00 nan nan
8.0303030303e-01 -2.5757575758e-01 0.0000000000e+00 nan nan
8.3333333333e-01 -2.5757575758e-01 0.0000000000e+00 nan nan
8.6363636364e-01 -2.5757575758e-01 0.0000000000e+00 nan nan
8.9393939394e-01 -2.5757575758e-01 0.0000000000e+00 nan nan
9.2424242424e-01 -2.5757575758e-01 0.0000000000e+00 nan nan
9.5454545455e-01 -2.5757575758e-01 0.0000000000e+00 nan nan
9.8484848485e-01 -2.5757575758e-01 0.0000000000e+00 nan nan
1.0151515152e+00 -2.5757575758e-01 0.0000000000e+00 nan nan
1.0454545455e+00 -2.5757575758e-01 0.0000000000e+00 nan nan
1.0757575758e+00 -2.5757575758e-01 0.0000000000e+00 nan nan
1.1060606061e+00 -2.5757575758e-01 0.0000000000e+00 nan nan
1.1363636364e+00 -2.5757575758e-01 0.0000000000e+00 nan nan
1.1666666667e+00 -2.5757575758e-01 0.0000000000e+00 nan nan
1.1969696970e+00 -2.5757575758e-01 0.0000000000e+00 nan nan
1.2272727273e+00 -2.5757575758e-01 0.0000000000e+00 nan nan
1.2575757576e+00 -2.5757575758e-01 0.0000000000e+00 nan nan
1.2878787879e+00 -2.5757575758e-01 0.0000000000e+00 nan nan
1.3181818182e+00 -2.5757575758e-01 0.0000000000e+00 nan nan
1.3484848485e+00 -2.5757575758e-01 0.0000000000e+00 5.3522116901e-07 -5.3841077851e-07
1.3787878788e+00 -2.5757575758e-01 0.0000000000e+00 5.2727490739e-07 -5.3060437796e-07
1.4090909091e+00 -2.5757575758e-01 0.0000000000e+00 5.1914786228e-07 -5.2262030195e-07
1.4393939394e+00 -2.5757575758e-01 0.0000000000e+00 5.1083968275e-07 -5.1445819954e-07
1.4696969697e+00 -2.5757575758e-01 0.0000000000e+00 5.0235056136e-07 -5.0611826330e-07
1.5000000000e+00 -2.5757575758e-01 0.0000000000e+00 4.9368171385e-07 -4.9760170896e-07
-1.5000000000e+00 -2.2727272727e-01 0.0000000000e+00 4.9621605942e-07 -5.0011119033e-07
-1.4696969697e+00 -2.2727272727e-01 0.0000000000e+00 5.0459311512e-07 -5.0833595287e-07
-1.4393939394e+00 -2.2727272727e-01 0.0000000000e+00 5.1282457503e-07 -5.1641822764e-07
-1.4090909091e+00 -2.2727272727e-01 0.0000000000e+00 5.2090988008e-07 -5.2435745556e-07
-1.3787878788e+00 -2.2727272727e-01 0.0000000000e+00 5.2884752629e-07 -5.3215213267e-07
-1.3484848485e+00 -2.2727272727e-01 0.0000000000e+00 5.3663550168e-07 -5.3980024699e-07
-1.3181818182e+00 -2.2727272727e-01 0.0000000000e+00 nan nan
-1.2878787879e+00 -2.2727272727e-01 0.0000000000e+00 nan nan
-1.2575757576e+00 -2.2727272727e-01 0.0000000000e+00 nan nan
-1.2272727273e+00 -2.2727272727e-01 0.0000000000e+00 nan nan
-1.1969696970e+00 -2.2727272727e-01 0.0000000000e+00 nan nan
-1.1666666667e+00 -2.2727272727e-01 0.0000000000e+00 nan nan
-1.1363636364e+00 -2.2727272727e-01 0.0000000000e+00 nan nan
-1.1060606061e+00 -2.2727272727e-01 0.0000000000e+00 nan nan
-1.0757575758e+00 -2.2727272727e-01 0.0000000000e+00 nan nan
-1.0454545455e+00 -2.2727272727e-01 0.0000000000e+00 nan nan
-1.0151515152e+00 -2.2727272727e-01 0.0000000000e+00 nan nan
-9.8484848485e-01 -2.2727272727e-01 0.0000000000e+00 nan nan
-9.5454545455e-01 -2.2727272727e-01 0.0000000000e+00 nan nan
-9.2424242424e-01 -2.2727272727e-01 0.0000000000e+00 nan nan
-8.9393939394e-01 -2.2727272727e-01 0.0000000000e+00 nan nan
-8.6363636364e-01 -2.2727272727e-01 0.0000000000e+00 nan nan
-8.3333333333e-01 -2.2727272727e-01 0.0000000000e+00 nan nan
-8.0303030303e-01 -2.2727272727e-01 0.0000000000e+00 nan nan
-7.7272727273e-01 -2.2727272727e-01 0.0000000000e+00 nan nan
-7.4242424242e-01 -2.2727272727e-01 0.0000000000e+00 nan nan
-7.1212121212e-01 -2.2727272727e-01 0.0000000000e+00 nan nan
-6.8181818182e-01 -2.2727272727e-01 0.0000000000e+00 nan nan
-6.5151515152e-01 -2.2727272727e-01 0.0000000000e+00 nan nan
-6.2121212121e-01 -2.2727272727e-01 0.0000000000e+00 nan nan
-5.9090909091e-01 -2.2727272727e-01 0.0000000000e+00 nan nan
-5.6060606061e-01 -2.2727272727e-01 0.0000000000e+00 nan nan
-5.3030303030e-01 -2.2727272727e-01 0.0000000000e+00 nan nan
-5.0000000000e-01 -2.2727272727e-01 0.0000000000e+00 nan nan
-4.6969696970e-01 -2.2727272727e-01 0.0000000000e+00 nan nan
-4.3939393939e-01 -2.2727272727e-01 0.0000000000e+00 nan nan
-4.0909090909e-01 -2.2727272727e-01 0.0000000000e+00 nan nan
-3.7878787879e-01 -2.2727272727e-01 0.0000000000e+00 nan nan
-3.4848484848e-01 -2.2727272727e-01 0.0000000000e+00 nan nan
-3.1818181818e-01 -2.2727272727e-01 0.0000000000e+00 nan nan
-2.8787878788e-01 -2.2727272727e-01 0.0000000000e+00 nan nan
-2.5757575758e-01 -2.2727272727e-01 0.0000000000e+00 nan nan
-2.2727272727e-01 -2.2727272727e-01 0.0000000000e+00 nan nan
-1.9696969697e-01 -2.2727272727e-01 0.0000000000e+00 nan nan
-1.6666666667e-01 -2.2727272727e-01 0.0000000000e+00 nan nan
-1.3636363636e-01 -2.2727272727e-01 0.0000000000e+00 nan nan
-1.0606060606e-01 -2.2727272727e-01 0.0000000000e+00 nan nan
-7.5757575758e-02 -2.2727272727e-01 0.0000000000e+00 nan nan
-4.5454545455e-02 -2.2727272727e-01 0.0000000000e+00 nan nan
-1.5151515152e-02 -2.2727272727e-01 0.0000000000e+00 nan nan
1.5151515152e-02 -2.2727272727e-01 0.0000000000e+00 nan nan
4.5454545455e-02 -2.2727272727e-01 0.0000000000e+00 nan nan
7.5757575758e-02 -2.2727272727e-01 0.0000000000e+00 nan nan
1.0606060606e-01 -2.2727272727e-01 0.0000000000e+00 nan nan
1.3636363636e-01 -2.2727272727e-01 0.0000000000e+00 nan nan
1.6666666667e-01 -2.2727272727e-01 0.0000000000e+00 nan nan
1.9696969697e-01 -2.2727272727e-01 0.0000000000e+00 nan nan
2.2727272727e-01 -2.2727272727e-01 0.0000000000e+00 nan nan
2.5757575758e-01 -2.2727272727e-01 0.0000000000e+00 nan nan
2.8787878788e-01 -2.2727272727e-01 0.0000000000e+00 nan nan
3.1818181818e-01 -2.2727272727e-01 0.0000000000e+00 nan nan
3.4848484848e-01 -2.2727272727e-01 0.0000000000e+00 nan nan
3.7878787879e-01 -2.2727272727e-01 0.0000000000e+00 nan nan
4.0909090909e-01 -2.2727272727e-01 0.0000000000e+00 nan nan
4.3939393939e-01 -2.2727272727e-01 0.0000000000e+00 nan nan
4.6969696970e-01 -2.2727272727e-01 0.0000000000e+00 nan nan
5.0000000000e-01 -2.2727272727e-01 0.0000000000e+00 nan nan
5.3030303030e-01 -2.2727272727e-01 0.0000000000e+00 nan nan
5.6060606061e-01 -2.2727272727e-01 0.0000000000e+00 nan nan
5.9090909091e-01 -2.2727272727e-01 0.0000000000e+00 nan nan
6.2121212121e-01 -2.2727272727e-01 0.0000000000e+00 nan nan
6.5151515152e-01 -2.2727272727e-01 0.0000000000e+00 nan nan
6.8181818182e-01 -2.2727272727e-01 0.0000000000e+00 nan nan
7.1212121212e-01 -2.2727272727e-01 0.0000000000e+00 nan nan
7.4242424242e-01 -2.2727272727e-01 0.0000000000e+00 nan nan
7.7272727273e-01 -2.2727272727e-01 0.0000000000e+00 nan nan
8.0303030303e-01 -2.2727272727e-01 0.0000000000e+00 nan nan
8.3333333333e-01 -2.2727272727e-01 0.0000000000e+00 nan nan
8.6363636364e-01 -2.2727272727e-01 0.0000000000e+00 nan nan
8.9393939394e-01 -2.2727272727e-01 0.0000000000e+00 nan nan
9.2424242424e-01 -2.2727272727e-01 0.0000000000e+00 nan nan
9.5454545455e-01 -2.2727272727e-01 0.0000000000e+00 nan nan
9.8484848485e-01 -2.2727272727e-01 0.0000000000e+00 nan nan
1.0151515152e+00 -2.2727272727e-01 0.0000000000e+00 nan nan
1.0454545455e+00 -2.2727272727e-01 0.0000000000e+00 nan nan
1.0757575758e+00 -2.2727272727e-01 0.0000000000e+00 nan nan
1.1060606061e+00 -2.2727272727e-01 0.0000000000e+00 nan nan
1.1363636364e+00 -2.2727272727e-01 0.0000000000e+00 nan nan
1.1666666667e+00 -2.2727272727e-01 0.0000000000e+00 nan nan
1.1969696970e+00 -2.2727272727e-01 0.0000000000e+00 nan nan
1.2272727273e+00 -2.2727272727e-01 0.0000000000e+00 nan nan
1.2575757576e+00 -2.2727272727e-01 0.0000000000e+00 nan nan
1.2878787879e+00 -2.2727272727e-01 0.0000000000e+00 nan nan
1.3181818182e+00 -2.2727272727e-01 0.0000000000e+00 nan nan
1.3484848485e+00 -2.2727272727e-01 0.0000000000e+00 5.3654390637e-07 -5.3970865168e-07
1.3787878788e+00 -2.2727272727e-01 0.0000000000e+00 5.2858694068e-07 -5.3189154706e-07
1.4090909091e+00 -2.2727272727e-01 0.0000000000e+00 5.2044727901e-07 -5.2389485449e-07
1.4393939394e+00 -2.2727272727e-01 0.0000000000e+00 5.1212391627e-07 -5.1571756887e-07
1.4696969697e+00 -2.2727272727e-01 0.0000000000e+00 5.0361597821e-07 -5.0735881596e-07
1.5000000000e+00 -2.2727272727e-01 0.0000000000e+00 4.9492278224e-07 -4.9881791316e-07
-1.5000000000e+00 -1.9696969697e-01 0.0000000000e+00 4.9747944827e-07 -5.0135282302e-07
-1.4696969697e+00 -1.9696969697e-01 0.0000000000e+00 5.0584830675e-07 -5.0956938834e-07
-1.4393939394e+00 -1.9696969697e-01 0.0000000000e+00 5.1407460441e-07 -5.1764650084e-07
-1.4090909091e+00 -1.9696969697e-01 0.0000000000e+00 5.2215666899e-07 -5.2558248831e-07
-1.3787878788e+00 -1.9696969697e-01 0.0000000000e+00 5.3009232044e-07 -5.3337517065e-07
-1.3484848485e+00 -1.9696969697e-01 0.0000000000e+00 5.3787910536e-07 -5.4102209450e-07
-1.3181818182e+00 -1.9696969697e-01 0.0000000000e+00 nan nan
-1.2878787879e+00 -1.9696969697e-01 0.0000000000e+00 nan nan
-1.2575757576e+00 -1.9696969697e-01 0.0000000000e+00 nan nan
-1.2272727273e+00 -1.9696969697e-01 0.0000000000e+00 nan nan
-1.1969696970e+00 -1.9696969697e-01 0.0000000000e+00 nan nan
-1.1666666667e+00 -1.9696969697e-01 0.0000000000e+00 nan nan
-1.1363636364e+00 -1.9696969697e-01 0.0000000000e+00 nan nan
-1.1060606061e+00 -1.9696969697e-01 0.0000000000e+00 nan nan
-1.0757575758e+00 -1.9696969697e-01 0.0000000000e+00 nan nan
-1.0454545455e+00 -1.9696969697e-01 0.0000000000e+00 nan nan
-1.0151515152e+00 -1.9696969697e-01 0.0000000000e+00 nan nan
-9.8484848485e-01 -1.9696969697e-01 0.0000000000e+00 nan nan
-9.5454545455e-01 -1.9696969697e-01 0.0000000000e+00 nan nan
-9.2424242424e-01 -1.9696969697e-01 0.0000000000e+00 nan nan
-8.9393939394e-01 -1.9696969697e-01 0.0000000000e+00 nan nan
-8.6363636364e-01 -1.9696969697e-01 0.0000000000e+00 nan nan
-8.3333333333e-01 -1.9696969697e-01 0.0000000000e+00 nan nan
-8.0303030303e-01 -1.9696969697e-01 0.0000000000e+00 nan nan
-7.7272727273e-01 -1.9696969697e-01 0.0000000000e+00 nan nan
-7.4242424242e-01 -1.9696969697e-01 0.0000000000e+00 nan nan
-7.1212121212e-01 -1.9696969697e-01 0.0000000000e+00 nan nan
-6.8181818182e-01 -1.9696969697e-01 0.0000000000e+00 nan nan
-6.5151515152e-01 -1.9696969697e-01 0.0000000000e+00 nan nan
-6.2121212121e-01 -1.9696969697e-01 0.0000000000e+00 nan nan
-5.9090909091e-01 -1.9696969697e-01 0.0000000000e+00 nan nan
-5.6060606061e-01 -1.9696969697e-01 0.0000000000e+00 nan nan
-5.3030303030e-01 -1.9696969697e-01 0.0000000000e+00 nan nan
-5.0000000000e-01 -1.9696969697e-01 0.0000000000e+00 nan nan
-4.6969696970e-01 -1.9696969697e-01 0.0000000000e+00 nan nan
-4.3939393939e-01 -1.9696969697e-01 0.0000000000e+00 nan nan
-4.0909090909e-01 -1.9696969697e-01 0.0000000000e+00 nan nan
-3.7878787879e-01 -1.9696969697e-01 0.0000000000e+00 nan nan
-3.4848484848e-01 -1.9696969697e-01 0.0000000000e+00 nan nan
-3.1818181818e-01 -1.9696969697e-01 0.0000000000e+00 nan nan
-2.8787878788e-01 -1.9696969697e-01 0.0000000000e+00 nan nan
-2.5757575758e-01 -1.9696969697e-01 0.0000000000e+00 nan nan
-2.2727272727e-01 -1.9696969697e-01 0.0000000000e+00 nan nan
-1.9696969697e-01 -1.9696969697e-01 0.0000000000e+00 nan nan
-1.6666666667e-01 -1.9696969697e-01 0.0000000000e+00 nan nan
-1.3636363636e-01 -1.9696969697e-01 0.0000000000e+00 nan nan
-1.0606060606e-01 -1.9696969697e-01 0.0000000000e+00 nan nan
-7.5757575758e-02 -1.9696969697e-01 0.0000000000e+00 nan nan
-4.5454545455e-02 -1.9696969697e-01 0.0000000000e+00 nan nan
-1.5151515152e-02 -1.9696969697e-01 0.0000000000e+00 nan nan
1.5151515152e-02 -1.9696969697e-01 0.0000000000e+00 nan nan
4.5454545455e-02 -1.9696969697e-01 0.0000000000e+00 nan nan
7.5757575758e-02 -1.9696969697e-01 0.0000000000e+00 nan nan
1.0606060606e-01 -1.9696969697e-01 0.0000000000e+00 nan nan
1.3636363636e-01 -1.9696969697e-01 0.0000000000e+00 nan nan
1.6666666667e-01 -1.9696969697e-01 0.0000000000e+00 nan nan
1.9696969697e-01 -1.9696969697e-01 0.0000000000e+00 nan nan
2.2727272727e-01 -1.9696969697e-01 0.0000000000e+00 nan nan
2.5757575758e-01 -1.9696969697e-01 0.0000000000e+00 nan nan
2.8787878788e-01 -1.9696969697e-01 0.0000000000e+00 nan nan
3.1818181818e-01 -1.9696969697e-01 0.0000000000e+00 nan nan
3.4848484848e-01 -1.9696969697e-01 0.0000000000e+00 nan nan
3.7878787879e-01 -1.9696969697e-01 0.0000000000e+00 nan nan
4.0909090909e-01 -1.9696969697e-01 0.0000000000e+00 nan nan
4.3939393939e-01 -1.9696969697e-01 0.0000000000e+00 nan nan
4.6969696970e-01 -1.9696969697e-01 0.0000000000e+00 nan nan
5.0000000000e-01 -1.9696969697e-01 0.0000000000e+00 nan nan
5.3030303030e-01 -1.9696969697e-01 0.0000000000e+00 nan nan
5.6060606061e-01 -1.9696969697e-01 0.0000000000e+00 nan nan
5.9090909091e-01 -1.9696969697e-01 0.0000000000e+00 nan nan
6.2121212121e-01 -1.9696969697e-01 0.0000000000e+00 nan nan
6.5151515152e-01 -1.9696969697e-01 0.0000000000e+00 nan nan
6.8181818182e-01 -1.9696969697e-01 0.0000000000e+00 nan nan
7.1212121212e-01 -1.9696969697e-01 0.0000000000e+00 nan nan
7.4242424242e-01 -1.9696969697e-01 0.0000000000e+00 nan nan
7.7272727273e-01 -1.9696969697e-01 0.0000000000e+00 nan nan
8.0303030303e-01 -1.9696969697e-01 0.0000000000e+00 nan nan
8.3333333333e-01 -1.9696969697e-01 0.0000000000e+00 nan nan
8.6363636364e-01 -1.9696969697e-01 0.0000000000e+00 nan nan
8.9393939394e-01 -1.9696969697e-01 0.0000000000e+00 nan nan
9.2424242424e-01 -1.9696969697e-01 0.0000000000e+00 nan nan
9.5454545455e-01 -1.9696969697e-01 0.0000000000e+00 nan nan
9.8484848485e-01 -1.9696969697e-01 0.0000000000e+00 nan nan
1.0151515152e+00 -1.9696969697e-01 0.0000000000e+00 nan nan
1.0454545455e+00 -1.9696969697e-01 0.0000000000e+00 nan nan
1.0757575758e+00 -1.9696969697e-01 0.0000000000e+00 nan nan
1.1060606061e+00 -1.9696969697e-01 0.0000000000e+00 nan nan
1.1363636364e+00 -1.9696969697e-01 0.0000000000e+00 nan nan
1.1666666667e+00 -1.9696969697e-01 0.0000000000e+00 nan nan
1.1969696970e+00 -1.9696969697e-01 0.0000000000e+00 nan nan
1.2272727273e+00 -1.9696969697e-01 0.0000000000e+00 nan nan
1.2575757576e+00 -1.9696969697e-01 0.0000000000e+00 nan nan
1.2878787879e+00 -1.9696969697e-01 0.0000000000e+00 nan nan
1.3181818182e+00 -1.9696969697e-01 0.0000000000e+00 nan nan
1.3484848485e+00 -1.9696969697e-01 0.0000000000e+00 5.3769683488e-07 -5.4083982402e-07
1.3787878788e+00 -1.9696969697e-01 0.0000000000e+00 5.2972981681e-07 -5.3301266702e-07
1.4090909091e+00 -1.9696969697e-01 0.0000000000e+00 5.2157801345e-07 -5.2500383276e-07
1.4393939394e+00 -1.9696969697e-01 0.0000000000e+00 5.1323967131e-07 -5.1681156774e-07
1.4696969697e+00 -1.9696969697e-01 0.0000000000e+00 5.0471279328e-07 -5.0843387486e-07
1.5000000000e+00 -1.9696969697e-01 0.0000000000e+00 4.9599492292e-07 -4.9986829767e-07
-1.5000000000e+00 -1.6666666667e-01 0.0000000000e+00 4.9853316852e-07 -5.0238789513e-07
-1.4696969697e+00 -1.6666666667e-01 0.0000000000e+00 5.0689619700e-07 -5.1059863044e-07
-1.4393939394e+00 -1.6666666667e-01 0.0000000000e+00 5.1511979912e-07 -5.1867304741e-07
-1.4090909091e+00 -1.6666666667e-01 0.0000000000e+00 5.2320113218e-07 -5.2660830335e-07
-1.3787878788e+00 -1.6666666667e-01 0.0000000000e+00 5.3113725080e-07 -5.3440145287e-07
-1.3484848485e+00 -1.6666666667e-01 0.0000000000e+00 5.3892519148e-07 -5.4204953247e-07
-1.3181818182e+00 -1.6666666667e-01 0.0000000000e+00 nan nan
-1.2878787879e+00 -1.6666666667e-01 0.0000000000e+00 nan nan
-1.2575757576e+00 -1.6666666667e-01 0.0000000000e+00 nan nan
-1.2272727273e+00 -1.6666666667e-01 0.0000000000e+00 nan nan
-1.1969696970e+00 -1.6666666667e-01 0.0000000000e+00 nan nan
-1.1666666667e+00 -1.6666666667e-01 0.0000000000e+00 nan nan
-1.1363636364e+00 -1.6666666667e-01 0.0000000000e+00 nan nan
-1.1060606061e+00 -1.6666666667e-01 0.0000000000e+00 nan nan
-1.0757575758e+00 -1.6666666667e-01 0.0000000000e+00 nan nan
-1.0454545455e+00 -1.6666666667e-01 0.0000000000e+00 nan nan
-1.0151515152e+00 -1.6666666667e-01 0.0000000000e+00 nan nan
-9.8484848485e-01 -1.6666666667e-01 0.0000000000e+00 nan nan
-9.5454545455e-01 -1.6666666667e-01 0.0000000000e+00 nan nan
-9.2424242424e-01 -1.6666666667e-01 0.0000000000e+00 nan nan
-8.9393939394e-01 -1.6666666667e-01 0.0000000000e+00 nan nan
-8.6363636364e-01 -1.6666666667e-01 0.0000000000e+00 nan nan
-8.3333333333e-01 -1.6666666667e-01 0.0000000000e+00 nan nan
-8.0303030303e-01 -1.6666666667e-01 0.0000000000e+00 nan nan
-7.7272727273e-01 -1.6666666667e-01 0.0000000000e+00 nan nan
-7.4242424242e-01 -1.6666666667e-01 0.0000000000e+00 nan nan
-7.1212121212e-01 -1.6666666667e-01 0.0000000000e+00 nan nan
-6.8181818182e-01 -1.6666666667e-01 0.0000000000e+00 nan nan
-6.5151515152e-01 -1.6666666667e-01 0.0000000000e+00 nan nan
-6.2121212121e-01 -1.6666666667e-01 0.0000000000e+00 nan nan
-5.9090909091e-01 -1.6666666667e-01 0.0000000000e+00 nan nan
-5.6060606061e-01 -1.6666666667e-01 0.0000000000e+00 nan nan
-5.3030303030e-01 -1.6666666667e-01 0.0000000000e+00 nan nan
-5.0000000000e-01 -1.6666666667e-01 0.0000000000e+00 nan nan
-4.6969696970e-01 -1.6666666667e-01 0.0000000000e+00 nan nan
-4.3939393939e-01 -1.6666666667e-01 0.0000000000e+00 nan nan
-4.0909090909e-01 -1.6666666667e-01 0.0000000000e+00 nan nan
-3.7878787879e-01 -1.6666666667e-01 0.0000000000e+00 nan nan
-3.4848484848e-01 -1.6666666667e-01 0.0000000000e+00 nan nan
-3.1818181818e-01 -1.6666666667e-01 0.0000000000e+00 nan nan
-2.8787878788e-01 -1.6666666667e-01 0.0000000000e+00 nan nan
-2.5757575758e-01 -1.6666666667e-01 0.0000000000e+00 nan nan
-2.2727272727e-01 -1.6666666667e-01 0.0000000000e+00 nan nan
-1.9696969697e-01 -1.6666666667e-01 0.0000000000e+00 nan nan
-1.6666666667e-01 -1.6666666667e-01 0.0000000000e+00 nan nan
-1.3636363636e-01 -1.6666666667e-01 0.0000000000e+00 nan nan
-1.0606060606e-01 -1.6666666667e-01 0.0000000000e+00 nan nan
-7.5757575758e-02 -1.6666666667e-01 0.0000000000e+00 nan nan
-4.5454545455e-02 -1.6666666667e-01 0.0000000000e+00 nan nan
-1.5151515152e-02 -1.6666666667e-01 0.0000000000e+00 nan nan
1.5151515152e-02 -1.6666666667e-01 0.0000000000e+00 nan nan
4.5454545455e-02 -1.6666666667e-01 0.0000000000e+00 nan nan
7.5757575758e-02 -1.6666666667e-01 0.0000000000e+00 nan nan
1.0606060606e-01 -1.6666666667e-01 0.0000000000e+00 nan nan
1.3636363636e-01 -1.6666666667e-01 0.0000000000e+00 nan nan
1.6666666667e-01 -1.6666666667e-01 0.0000000000e+00 nan nan
1.9696969697e-01 -1.6666666667e-01 0.0000000000e+00 nan nan
2.2727272727e-01 -1.6666666667e-01 0.0000000000e+00 nan nan
2.5757575758e-01 -1.6666666667e-01 0.0000000000e+00 nan nan
2.8787878788e-01 -1.6666666667e-01 0.0000000000e+00 nan nan
3.1818181818e-01 -1.6666666667e-01 0.0000000000e+00 nan nan
3.4848484848e-01 -1.6666666667e-01 0.0000000000e+00 nan nan
3.7878787879e-01 -1.6666666667e-01 0.0000000000e+00 nan nan
4.0909090909e-01 -1.6666666667e-01 0.0000000000e+00 nan nan
4.3939393939e-01 -1.6666666667e-01 0.0000000000e+00 nan nan
4.6969696970e-01 -1.6666666667e-01 0.0000000000e+00 nan nan
5.0000000000e-01 -1.6666666667e-01 0.0000000000e+00 nan nan
5.3030303030e-01 -1.6666666667e-01 0.0000000000e+00 nan nan
5.6060606061e-01 -1.6666666667e-01 0.0000000000e+00 nan nan
5.9090909091e-01 -1.6666666667e-01 0.0000000000e+00 nan nan
6.2121212121e-01 -1.6666666667e-01 0.0000000000e+00 nan nan
6.5151515152e-01 -1.6666666667e-01 0.0000000000e+00 nan nan
6.8181818182e-01 -1.6666666667e-01 0.0000000000e+00 nan nan
7.1212121212e-01 -1.6666666667e-01 0.0000000000e+00 nan nan
7.4242424242e-01 -1.6666666667e-01 0.0000000000e+00 nan nan
7.7272727273e-01 -1.6666666667e-01 0.0000000000e+00 nan nan
8.0303030303e-01 -1.6666666667e-01 0.0000000000e+00 nan nan
8.3333333333e-01 -1.6666666667e-01 0.0000000000e+00 nan nan
8.6363636364e-01 -1.6666666667e-01 0.0000000000e+00 nan nan
8.9393939394e-01 -1.6666666667e-01 0.0000000000e+00 nan nan
9.2424242424e-01 -1.6666666667e-01 0.0000000000e+00 nan nan
9.5454545455e-01 -1.6666666667e-01 0.0000000000e+00 nan nan
9.8484848485e-01 -1.6666666667e-01 0.0000000000e+00 nan nan
1.0151515152e+00 -1.6666666667e-01 0.0000000000e+00 nan nan
1.0454545455e+00 -1.6666666667e-01 0.0000000000e+00 nan nan
1.0757575758e+00 -1.6666666667e-01 0.0000000000e+00 nan nan
1.1060606061e+00 -1.6666666667e-01 0.0000000000e+00 nan nan
1.1363636364e+00 -1.6666666667e-01 0.0000000000e+00 nan nan
1.1666666667e+00 -1.6666666667e-01 0.0000000000e+00 nan nan
1.1969696970e+00 -1.6666666667e-01 0.0000000000e+00 nan nan
1.2272727273e+00 -1.6666666667e-01 0.0000000000e+00 nan nan
1.2575757576e+00 -1.6666666667e-01 0.0000000000e+00 nan nan
1.2878787879e+00 -1.6666666667e-01 0.0000000000e+00 nan nan
1.3181818182e+00 -1.6666666667e-01 0.0000000000e+00 nan nan
1.3484848485e+00 -1.6666666667e-01 0.0000000000e+00 5.3868132387e-07 -5.4180566487e-07
1.3787878788e+00 -1.6666666667e-01 0.0000000000e+00 5.3070541960e-07 -5.3396962167e-07
1.4090909091e+00 -1.6666666667e-01 0.0000000000e+00 5.2254269391e-07 -5.2594986508e-07
1.4393939394e+00 -1.6666666667e-01 0.0000000000e+00 5.1419069180e-07 -5.1774394009e-07
1.4696969697e+00 -1.6666666667e-01 0.0000000000e+00 5.0564649491e-07 -5.0934892834e-07
1.5000000000e+00 -1.6666666667e-01 0.0000000000e+00 4.9690648120e-07 -5.0076120781e-07
-1.5000000000e+00 -1.3636363636e-01 0.0000000000e+00 4.9937507238e-07 -5.0321425887e-07
-1.4696969697e+00 -1.3636363636e-01 0.0000000000e+00 5.0773556964e-07 -5.1142246296e-07
-1.4393939394e+00 -1.3636363636e-01 0.0000000000e+00 5.1595953506e-07 -5.1949724324e-07
-1.4090909091e+00 -1.3636363636e-01 0.0000000000e+00 5.2404302141e-07 -5.2743465246e-07
-1.3787878788e+00 -1.3636363636e-01 0.0000000000e+00 5.3198230800e-07 -5.3523096995e-07
-1.3484848485e+00 -1.3636363636e-01 0.0000000000e+00 5.3977390083e-07 -5.4288270171e-07
-1.3181818182e+00 -1.3636363636e-01 0.0000000000e+00 nan nan
-1.2878787879e+00 -1.3636363636e-01 0.0000000000e+00 nan nan
-1.2575757576e+00 -1.3636363636e-01 0.0000000000e+00 nan nan
-1.2272727273e+00 -1.3636363636e-01 0.0000000000e+00 nan nan
-1.1969696970e+00 -1.3636363636e-01 0.0000000000e+00 nan nan
-1.1666666667e+00 -1.3636363636e-01 0.0000000000e+00 nan nan
-1.1363636364e+00 -1.3636363636e-01 0.0000000000e+00 nan nan
-1.1060606061e+00 -1.3636363636e-01 0.0000000000e+00 nan nan
-1.0757575758e+00 -1.3636363636e-01 0.0000000000e+00 nan nan
-1.0454545455e+00 -1.3636363636e-01 0.0000000000e+00 nan nan
-1.0151515152e+00 -1.3636363636e-01 0.0000000000e+00 nan nan
-9.8484848485e-01 -1.3636363636e-01 0.0000000000e+00 nan nan
-9.5454545455e-01 -1.3636363636e-01 0.0000000000e+00 nan nan
-9.2424242424e-01 -1.3636363636e-01 0.0000000000e+00 nan nan
-8.9393939394e-01 -1.3636363636e-01 0.0000000000e+00 nan nan
-8.6363636364e-01 -1.3636363636e-01 0.0000000000e+00 nan nan
-8.3333333333e-01 -1.3636363636e-01 0.0000000000e+00 nan nan
-8.0303030303e-01 -1.3636363636e-01 0.0000000000e+00 nan nan
-7.7272727273e-01 -1.3636363636e-01 0.0000000000e+00 nan nan
-7.4242424242e-01 -1.3636363636e-01 0.0000000000e+00 nan nan
-7.1212121212e-01 -1.3636363636e-01 0.0000000000e+00 nan nan
-6.8181818182e-01 -1.3636363636e-01 0.0000000000e+00 nan nan
-6.5151515152e-01 -1.3636363636e-01 0.0000000000e+00 nan nan
-6.2121212121e-01 -1.3636363636e-01 0.0000000000e+00 nan nan
-5.9090909091e-01 -1.3636363636e-01 0.0000000000e+00 nan nan
-5.6060606061e-01 -1.3636363636e-01 0.0000000000e+00 nan nan
-5.3030303030e-01 -1.3636363636e-01 0.0000000000e+00 nan nan
-5.0000000000e-01 -1.3636363636e-01 0.0000000000e+00 nan nan
-4.6969696970e-01 -1.3636363636e-01 0.0000000000e+00 nan nan
-4.3939393939e-01 -1.3636363636e-01 0.0000000000e+00 nan nan
-4.0909090909e-01 -1.3636363636e-01 0.0000000000e+00 nan nan
-3.7878787879e-01 -1.3636363636e-01 0.0000000000e+00 nan nan
-3.4848484848e-01 -1.3636363636e-01 0.0000000000e+00 nan nan
-3.1818181818e-01 -1.3636363636e-01 0.0000000000e+00 nan nan
-2.8787878788e-01 -1.3636363636e-01 0.0000000000e+00 nan nan
-2.5757575758e-01 -1.3636363636e-01 0.0000000000e+00 nan nan
-2.2727272727e-01 -1.3636363636e-01 0.0000000000e+00 nan nan
-1.9696969697e-01 -1.3636363636e-01 0.0000000000e+00 nan nan
-1.6666666667e-01 -1.3636363636e-01 0.0000000000e+00 nan nan
-1.3636363636e-01 -1.3636363636e-01 0.0000000000e+00 nan nan
-1.0606060606e-01 -1.3636363636e-01 0.0000000000e+00 nan nan
-7.5757575758e-02 -1.3636363636e-01 0.0000000000e+00 nan nan
-4.5454545455e-02 -1.3636363636e-01 0.0000000000e+00 nan nan
-1.5151515152e-02 -1.3636363636e-01 0.0000000000e+00 nan nan
1.5151515152e-02 -1.3636363636e-01 0.0000000000e+00 nan nan
4.5454545455e-02 -1.3636363636e-01 0.0000000000e+00 nan nan
7.5757575758e-02 -1.3636363636e-01 0.0000000000e+00 nan nan
1.0606060606e-01 -1.3636363636e-01 0.0000000000e+00 nan nan
1.3636363636e-01 -1.3636363636e-01 0.0000000000e+00 nan nan
1.6666666667e-01 -1.3636363636e-01 0.0000000000e+00 nan nan
1.9696969697e-01 -1.3636363636e-01 0.0000000000e+00 nan nan
2.2727272727e-01 -1.3636363636e-01 0.0000000000e+00 nan nan
2.5757575758e-01 -1.3636363636e-01 0.0000000000e+00 nan nan
2.8787878788e-01 -1.3636363636e-01 0.0000000000e+00 nan nan
3.1818181818e-01 -1.3636363636e-01 0.0000000000e+00 nan nan
3.4848484848e-01 -1.3636363636e-01 0.0000000000e+00 nan nan
3.7878787879e-01 -1.3636363636e-01 0.0000000000e+00 nan nan
4.0909090909e-01 -1.3636363636e-01 0.0000000000e+00 nan nan
4.3939393939e-01 -1.3636363636e-01 0.0000000000e+00 nan nan
4.6969696970e-01 -1.3636363636e-01 0.0000000000e+00 nan nan
5.0000000000e-01 -1.3636363636e-01 0.0000000000e+00 nan nan
5.3030303030e-01 -1.3636363636e-01 0.0000000000e+00 nan nan
5.6060606061e-01 -1.3636363636e-01 0.0000000000e+00 nan nan
5.9090909091e-01 -1.3636363636e-01 0.0000000000e+00 nan nan
6.2121212121e-01 -1.3636363636e-01 0.0000000000e+00 nan nan
6.5151515152e-01 -1.3636363636e-01 0.0000000000e+00 nan nan
6.8181818182e-01 -1.3636363636e-01 0.0000000000e+00 nan nan
7.1212121212e-01 -1.3636363636e-01 0.0000000000e+00 nan nan
7.4242424242e-01 -1.3636363636e-01 0.0000000000e+00 nan nan
7.7272727273e-01 -1.3636363636e-01 0.0000000000e+00 nan nan
8.0303030303e-01 -1.3636363636e-01 0.0000000000e+00 nan nan
8.3333333333e-01 -1.3636363636e-01 0.0000000000e+00 nan nan
8.6363636364e-01 -1.3636363636e-01 0.0000000000e+00 nan nan
8.9393939394e-01 -1.3636363636e-01 0.0000000000e+00 nan nan
9.2424242424e-01 -1.3636363636e-01 0.0000000000e+00 nan nan
9.5454545455e-01 -1.3636363636e-01 0.0000000000e+00 nan nan
9.8484848485e-01 -1.3636363636e-01 0.0000000000e+00 nan nan
1.0151515152e+00 -1.3636363636e-01 0.0000000000e+00 nan nan
1.0454545455e+00 -1.3636363636e-01 0.0000000000e+00 nan nan
1.0757575758e+00 -1.3636363636e-01 0.0000000000e+00 nan nan
1.1060606061e+00 -1.3636363636e-01 0.0000000000e+00 nan nan
1.1363636364e+00 -1.3636363636e-01 0.0000000000e+00 nan nan
1.1666666667e+00 -1.3636363636e-01 0.0000000000e+00 nan nan
1.1969696970e+00 -1.3636363636e-01 0.0000000000e+00 nan nan
1.2272727273e+00 -1.3636363636e-01 0.0000000000e+00 nan nan
1.2575757576e+00 -1.3636363636e-01 0.0000000000e+00 nan nan
1.2878787879e+00 -1.3636363636e-01 0.0000000000e+00 nan nan
1.3181818182e+00 -1.3636363636e-01 0.0000000000e+00 nan nan
1.3484848485e+00 -1.3636363636e-01 0.0000000000e+00 5.3949867756e-07 -5.4260747844e-07
1.3787878788e+00 -1.3636363636e-01 0.0000000000e+00 5.3151555317e-07 -5.3476421513e-07
1.4090909091e+00 -1.3636363636e-01 0.0000000000e+00 5.2334380253e-07 -5.2673543358e-07
1.4393939394e+00 -1.3636363636e-01 0.0000000000e+00 5.1498036829e-07 -5.1851807646e-07
1.4696969697e+00 -1.3636363636e-01 0.0000000000e+00 5.0642167387e-07 -5.1010856719e-07
1.5000000000e+00 -1.3636363636e-01 0.0000000000e+00 4.9766365318e-07 -5.0150283967e-07
-1.5000000000e+00 -1.0606060606e-01 0.0000000000e+00 5.0000341407e-07 -5.0383016847e-07
-1.4696969697e+00 -1.0606060606e-01 0.0000000000e+00 5.0836541655e-07 -5.1203987778e-07
-1.4393939394e+00 -1.0606060606e-01 0.0000000000e+00 5.1659336240e-07 -5.2011863848e-07
-1.4090909091e+00 -1.0606060606e-01 0.0000000000e+00 5.2468227385e-07 -5.2806147280e-07
-1.3787878788e+00 -1.0606060606e-01 0.0000000000e+00 5.3262768365e-07 -5.3586391350e-07
-1.3484848485e+00 -1.0606060606e-01 0.0000000000e+00 nan nan
-1.3181818182e+00 -1.0606060606e-01 0.0000000000e+00 nan nan
-1.2878787879e+00 -1.0606060606e-01 0.0000000000e+00 nan nan
-1.2575757576e+00 -1.0606060606e-01 0.0000000000e+00 nan nan
-1.2272727273e+00 -1.0606060606e-01 0.0000000000e+00 nan nan
-1.1969696970e+00 -1.0606060606e-01 0.0000000000e+00 nan nan
-1.1666666667e+00 -1.0606060606e-01 0.0000000000e+00 nan nan
-1.1363636364e+00 -1.0606060606e-01 0.0000000000e+00 nan nan
-1.1060606061e+00 -1.0606060606e-01 0.0000000000e+00 nan nan
-1.0757575758e+00 -1.0606060606e-01 0.0000000000e+00 nan nan
-1.0454545455e+00 -1.0606060606e-01 0.0000000000e+00 nan nan
-1.0151515152e+00 -1.0606060606e-01 0.0000000000e+00 nan nan
-9.8484848485e-01 -1.0606060606e-01 0.0000000000e+00 nan nan
-9.5454545455e-01 -1.0606060606e-01 0.0000000000e+00 nan nan
-9.2424242424e-01 -1.0606060606e-01 0.0000000000e+00 nan nan
-8.9393939394e-01 -1.0606060606e-01 0.0000000000e+00 nan nan
-8.6363636364e-01 -1.0606060606e-01 0.0000000000e+00 nan nan
-8.3333333333e-01 -1.0606060606e-01 0.0000000000e+00 nan nan
-8.0303030303e-01 -1.0606060606e-01 0.0000000000e+00 nan nan
-7.7272727273e-01 -1.0606060606e-01 0.0000000000e+00 nan nan
-7.4242424242e-01 -1.0606060606e-01 0.0000000000e+00 nan nan
-7.1212121212e-01 -1.0606060606e-01 0.0000000000e+00 nan nan
-6.8181818182e-01 -1.0606060606e-01 0.0000000000e+00 nan nan
-6.5151515152e-01 -1.0606060606e-01 0.0000000000e+00 nan nan
-6.2121212121e-01 -1.0606060606e-01 0.0000000000e+00 nan nan
-5.9090909091e-01 -1.0606060606e-01 0.0000000000e+00 nan nan
-5.6060606061e-01 -1.0606060606e-01 0.0000000000e+00 nan nan
-5.3030303030e-01 -1.0606060606e-01 0.0000000000e+00 nan nan
-5.0000000000e-01 -1.0606060606e-01 0.0000000000e+00 nan nan
-4.6969696970e-01 -1.0606060606e-01 0.0000000000e+00 nan nan
-4.3939393939e-01 -1.0606060606e-01 0.0000000000e+00 nan nan
-4.0909090909e-01 -1.0606060606e-01 0.0000000000e+00 nan nan
-3.7878787879e-01 -1.0606060606e-01 0.0000000000e+00 nan nan
-3.4848484848e-01 -1.0606060606e-01 0.0000000000e+00 nan nan
-3.1818181818e-01 -1.0606060606e-01 0.0000000000e+00 nan nan
-2.8787878788e-01 -1.0606060606e-01 0.0000000000e+00 nan nan
-2.5757575758e-01 -1.0606060606e-01 0.0000000000e+00 nan nan
-2.2727272727e-01 -1.0606060606e-01 0.0000000000e+00 nan nan
-1.9696969697e-01 -1.0606060606e-01 0.0000000000e+00 nan nan
-1.6666666667e-01 -1.0606060606e-01 0.0000000000e+00 nan nan
-1.3636363636e-01 -1.0606060606e-01 0.0000000000e+00 nan nan
-1.0606060606e-01 -1.0606060606e-01 0.0000000000e+00 nan nan
-7.5757575758e-02 -1.0606060606e-01 0.0000000000e+00 nan nan
-4.5454545455e-02 -1.0606060606e-01 0.0000000000e+00 nan nan
-1.5151515152e-02 -1.0606060606e-01 0.0000000000e+00 nan nan
1.5151515152e-02 -1.0606060606e-01 0.0000000000e+00 nan nan
4.5454545455e-02 -1.0606060606e-01 0.0000000000e+00 nan nan
7.5757575758e-02 -1.0606060606e-01 0.0000000000e+00 nan nan
1.0606060606e-01 -1.0606060606e-01 0.0000000000e+00 nan nan
1.3636363636e-01 -1.0606060606e-01 0.0000000000e+00 nan nan
1.6666666667e-01 -1.0606060606e-01 0.0000000000e+00 nan nan
1.9696969697e-01 -1.0606060606e-01 0.0000000000e+00 nan nan
2.2727272727e-01 -1.0606060606e-01 0.0000000000e+00 nan nan
2.5757575758e-01 -1.0606060606e-01 0.0000000000e+00 nan nan
2.8787878788e-01 -1.0606060606e-01 0.0000000000e+00 nan nan
3.1818181818e-01 -1.0606060606e-01 0.0000000000e+00 nan nan
3.4848484848e-01 -1.0606060606e-01 0.0000000000e+00 nan nan
3.7878787879e-01 -1.0606060606e-01 0.0000000000e+00 nan nan
4.0909090909e-01 -1.0606060606e-01 0.0000000000e+00 nan nan
4.3939393939e-01 -1.0606060606e-01 0.0000000000e+00 nan nan
4.6969696970e-01 -1.0606060606e-01 0.0000000000e+00 nan nan
5.0000000000e-01 -1.0606060606e-01 0.0000000000e+00 nan nan
5.3030303030e-01 -1.0606060606e-01 0.0000000000e+00 nan nan
5.6060606061e-01 -1.0606060606e-01 0.0000000000e+00 nan nan
5.9090909091e-01 -1.0606060606e-01 0.0000000000e+00 nan nan
6.2121212121e-01 -1.0606060606e-01 0.0000000000e+00 nan nan
6.5151515152e-01 -1.0606060606e-01 0.0000000000e+00 nan nan
6.8181818182e-01 -1.0606060606e-01 0.0000000000e+00 nan nan
7.1212121212e-01 -1.0606060606e-01 0.0000000000e+00 nan nan
7.4242424242e-01 -1.0606060606e-01 0.0000000000e+00 nan nan
7.7272727273e-01 -1.0606060606e-01 0.0000000000e+00 nan nan
8.0303030303e-01 -1.0606060606e-01 0.0000000000e+00 nan nan
8.3333333333e-01 -1.0606060606e-01 0.0000000000e+00 nan nan
8.6363636364e-01 -1.0606060606e-01 0.0000000000e+00 nan nan
8.9393939394e-01 -1.0606060606e-01 0.0000000000e+00 nan nan
9.2424242424e-01 -1.0606060606e-01 0.0000000000e+00 nan nan
9.5454545455e-01 -1.0606060606e-01 0.0000000000e+00 nan nan
9.8484848485e-01 -1.0606060606e-01 0.0000000000e+00 nan nan
1.0151515152e+00 -1.0606060606e-01 0.0000000000e+00 nan nan
1.0454545455e+00 -1.0606060606e-01 0.0000000000e+00 nan nan
1.0757575758e+00 -1.0606060606e-01 0.0000000000e+00 nan nan
1.1060606061e+00 -1.0606060606e-01 0.0000000000e+00 nan nan
1.1363636364e+00 -1.0606060606e-01 0.0000000000e+00 nan nan
1.1666666667e+00 -1.0606060606e-01 0.0000000000e+00 nan nan
1.1969696970e+00 -1.0606060606e-01 0.0000000000e+00 nan nan
1.2272727273e+00 -1.0606060606e-01 0.0000000000e+00 nan nan
1.2575757576e+00 -1.0606060606e-01 0.0000000000e+00 nan nan
1.2878787879e+00 -1.0606060606e-01 0.0000000000e+00 nan nan
1.3181818182e+00 -1.0606060606e-01 0.0000000000e+00 nan nan
1.3484848485e+00 -1.0606060606e-01 0.0000000000e+00 nan nan
1.3787878788e+00 -1.0606060606e-01 0.0000000000e+00 5.3216178159e-07 -5.3539801145e-07
1.4090909091e+00 -1.0606060606e-01 0.0000000000e+00 5.2398347243e-07 -5.2736267138e-07
1.4393939394e+00 -1.0606060606e-01 0.0000000000e+00 5.1561149016e-07 -5.1913676623e-07
1.4696969697e+00 -1.0606060606e-01 0.0000000000e+00 5.0704170184e-07 -5.1071616306e-07
1.5000000000e+00 -1.0606060606e-01 0.0000000000e+00 4.9826981848e-07 -5.0209657287e-07
-1.5000000000e+00 -7.5757575758e-02 0.0000000000e+00 5.0041680224e-07 -5.0423423256e-07
-1.4696969697e+00 -7.5757575758e-02 0.0000000000e+00 5.0878503329e-07 -5.1245017044e-07
-1.4393939394e+00 -7.5757575758e-02 0.0000000000e+00 5.1702111329e-07 -5.2053706530e-07
-1.4090909091e+00 -7.5757575758e-02 0.0000000000e+00 5.2511909957e-07 -5.2848897445e-07
-1.3787878788e+00 -7.5757575758e-02 0.0000000000e+00 5.3307383431e-07 -5.3630074010e-07
-1.3484848485e+00 -7.5757575758e-02 0.0000000000e+00 nan nan
-1.3181818182e+00 -7.5757575758e-02 0.0000000000e+00 nan nan
-1.2878787879e+00 -7.5757575758e-02 0.0000000000e+00 nan nan
-1.2575757576e+00 -7.5757575758e-02 0.0000000000e+00 nan nan
-1.2272727273e+00 -7.5757575758e-02 0.0000000000e+00 nan nan
-1.1969696970e+00 -7.5757575758e-02 0.0000000000e+00 nan nan
-1.1666666667e+00 -7.5757575758e-02 0.0000000000e+00 nan nan
-1.1363636364e+00 -7.5757575758e-02 0.0000000000e+00 nan nan
-1.1060606061e+00 -7.5757575758e-02 0.0000000000e+00 nan nan
-1.0757575758e+00 -7.5757575758e-02 0.0000000000e+00 nan nan
-1.0454545455e+00 -7.5757575758e-02 0.0000000000e+00 nan nan
-1.0151515152e+00 -7.5757575758e-02 0.0000000000e+00 nan nan
-9.8484848485e-01 -7.5757575758e-02 0.0000000000e+00 nan nan
-9.5454545455e-01 -7.5757575758e-02 0.0000000000e+00 nan nan
-9.2424242424e-01 -7.5757575758e-02 0.0000000000e+00 nan nan
-8.9393939394e-01 -7.5757575758e-02 0.0000000000e+00 nan nan
-8.6363636364e-01 -7.5757575758e-02 0.0000000000e+00 nan nan
-8.3333333333e-01 -7.5757575758e-02 0.0000000000e+00 nan nan
-8.0303030303e-01 -7.5757575758e-02 0.0000000000e+00 nan nan
-7.7272727273e-01 -7.5757575758e-02 0.0000000000e+00 nan nan
-7.4242424242e-01 -7.5757575758e-02 0.0000000000e+00 nan nan
-7.1212121212e-01 -7.5757575758e-02 0.0000000000e+00 nan nan
-6.8181818182e-01 -7.5757575758e-02 0.0000000000e+00 nan nan
-6.5151515152e-01 -7.5757575758e-02 0.0000000000e+00 nan nan
-6.2121212121e-01 -7.5757575758e-02 0.0000000000e+00 nan nan
-5.9090909091e-01 -7.5757575758e-02 0.0000000000e+00 nan nan
-5.6060606061e-01 -7.5757575758e-02 0.0000000000e+00 nan nan
-5.3030303030e-01 -7.5757575758e-02 0.0000000000e+00 nan nan
-5.0000000000e-01 -7.5757575758e-02 0.0000000000e+00 nan nan
-4.6969696970e-01 -7.5757575758e-02 0.0000000000e+00 nan nan
-4.3939393939e-01 -7.5757575758e-02 0.0000000000e+00 nan nan
-4.0909090909e-01 -7.5757575758e-02 0.0000000000e+00 nan nan
-3.7878787879e-01 -7.5757575758e-02 0.0000000000e+00 nan nan
-3.4848484848e-01 -7.5757575758e-02 0.0000000000e+00 nan nan
-3.1818181818e-01 -7.5757575758e-02 0.0000000000e+00 nan nan
-2.8787878788e-01 -7.5757575758e-02 0.0000000000e+00 nan nan
-2.5757575758e-01 -7.5757575758e-02 0.0000000000e+00 nan nan
-2.2727272727e-01 -7.5757575758e-02 0.0000000000e+00 nan nan
-1.9696969697e-01 -7.5757575758e-02 0.0000000000e+00 nan nan
-1.6666666667e-01 -7.5757575758e-02 0.0000000000e+00 nan nan
-1.3636363636e-01 -7.5757575758e-02 0.0000000000e+00 nan nan
-1.0606060606e-01 -7.5757575758e-02 0.0000000000e+00 nan nan
-7.5757575758e-02 -7.5757575758e-02 0.0000000000e+00 nan nan
-4.5454545455e-02 -7.5757575758e-02 0.0000000000e+00 nan nan
-1.5151515152e-02 -7.5757575758e-02 0.0000000000e+00 nan nan
1.5151515152e-02 -7.5757575758e-02 0.0000000000e+00 nan nan
4.5454545455e-02 -7.5757575758e-02 0.0000000000e+00 nan nan
7.5757575758e-02 -7.5757575758e-02 0.0000000000e+00 nan nan
1.0606060606e-01 -7.5757575758e-02 0.0000000000e+00 nan nan
1.3636363636e-01 -7.5757575758e-02 0.0000000000e+00 nan nan
1.6666666667e-01 -7.5757575758e-02 0.0000000000e+00 nan nan
1.9696969697e-01 -7.5757575758e-02 0.0000000000e+00 nan nan
2.2727272727e-01 -7.5757575758e-02 0.0000000000e+00 nan nan
2.5757575758e-01 -7.5757575758e-02 0.0000000000e+00 nan nan
2.8787878788e-01 -7.5757575758e-02 0.0000000000e+00 nan nan
3.1818181818e-01 -7.5757575758e-02 0.0000000000e+00 nan nan
3.4848484848e-01 -7.5757575758e-02 0.0000000000e+00 nan nan
3.7878787879e-01 -7.5757575758e-02 0.0000000000e+00 nan nan
4.0909090909e-01 -7.5757575758e-02 0.0000000000e+00 nan nan
4.3939393939e-01 -7.5757575758e-02 0.0000000000e+00 nan nan
4.6969696970e-01 -7.5757575758e-02 0.0000000000e+00 nan nan
5.0000000000e-01 -7.5757575758e-02 0.0000000000e+00 nan nan
5.3030303030e-01 -7.5757575758e-02 0.0000000000e+00 nan nan
5.6060606061e-01 -7.5757575758e-02 0.0000000000e+00 nan nan
5.9090909091e-01 -7.5757575758e-02 0.0000000000e+00 nan nan
6.2121212121e-01 -7.5757575758e-02 0.0000000000e+00 nan nan
6.5151515152e-01 -7.5757575758e-02 0.0000000000e+00 nan nan
6.8181818182e-01 -7.5757575758e-02 0.0000000000e+00 nan nan
7.1212121212e-01 -7.5757575758e-02 0.0000000000e+00 nan nan
7.4242424242e-01 -7.5757575758e-02 0.0000000000e+00 nan nan
7.7272727273e-01 -7.5757575758e-02 0.0000000000e+00 nan nan
8.0303030303e-01 -7.5757575758e-02 0.0000000000e+00 nan nan
8.3333333333e-01 -7.5757575758e-02 0.0000000000e+00 nan nan
8.6363636364e-01 -7.5757575758e-02 0.0000000000e+00 nan nan
8.9393939394e-01 -7.5757575758e-02 0.0000000000e+00 nan nan
9.2424242424e-01 -7.5757575758e-02 0.0000000000e+00 nan nan
9.5454545455e-01 -7.5757575758e-02 0.0000000000e+00 nan nan
9.8484848485e-01 -7.5757575758e-02 0.0000000000e+00 nan nan
1.0151515152e+00 -7.5757575758e-02 0.0000000000e+00 nan nan
1.0454545455e+00 -7.5757575758e-02 0.0000000000e+00 nan nan
1.0757575758e+00 -7.5757575758e-02 0.0000000000e+00 nan nan
1.1060606061e+00 -7.5757575758e-02 0.0000000000e+00 nan nan
1.1363636364e+00 -7.5757575758e-02 0.0000000000e+00 nan nan
1.1666666667e+00 -7.5757575758e-02 0.0000000000e+00 nan nan
1.1969696970e+00 -7.5757575758e-02 0.0000000000e+00 nan nan
1.2272727273e+00 -7.5757575758e-02 0.0000000000e+00 nan nan
1.2575757576e+00 -7.5757575758e-02 0.0000000000e+00 nan nan
1.2878787879e+00 -7.5757575758e-02 0.0000000000e+00 nan nan
1.3181818182e+00 -7.5757575758e-02 0.0000000000e+00 nan nan
1.3484848485e+00 -7.5757575758e-02 0.0000000000e+00 nan nan
1.3787878788e+00 -7.5757575758e-02 0.0000000000e+00 5.3264531957e-07 -5.3587222536e-07
1.4090909091e+00 -7.5757575758e-02 0.0000000000e+00 5.2446340891e-07 -5.2783328380e-07
1.4393939394e+00 -7.5757575758e-02 0.0000000000e+00 5.1608630472e-07 -5.1960225672e-07
1.4696969697e+00 -7.5757575758e-02 0.0000000000e+00 5.0750917866e-07 -5.1117431581e-07
1.5000000000e+00 -7.5757575758e-02 0.0000000000e+00 4.9872706555e-07 -5.0254449588e-07
-1.5000000000e+00 -4.5454545455e-02 0.0000000000e+00 5.0061415548e-07 -5.0442536975e-07
-1.4696969697e+00 -4.5454545455e-02 0.0000000000e+00 5.0899409347e-07 -5.1265301458e-07
-1.4393939394e+00 -4.5454545455e-02 0.0000000000e+00 5.1724299738e-07 -5.2075273334e-07
-1.4090909091e+00 -4.5454545455e-02 0.0000000000e+00 5.2535406445e-07 -5.2871772328e-07
-1.3787878788e+00 -4.5454545455e-02 0.0000000000e+00 5.3332154433e-07 -5.3654223407e-07
-1.3484848485e+00 -4.5454545455e-02 0.0000000000e+00 nan nan
-1.3181818182e+00 -4.5454545455e-02 0.0000000000e+00 nan nan
-1.2878787879e+00 -4.5454545455e-02 0.0000000000e+00 nan nan
-1.2575757576e+00 -4.5454545455e-02 0.0000000000e+00 nan nan
-1.2272727273e+00 -4.5454545455e-02 0.0000000000e+00 nan nan
-1.1969696970e+00 -4.5454545455e-02 0.0000000000e+00 nan nan
-1.1666666667e+00 -4.5454545455e-02 0.0000000000e+00 nan nan
-1.1363636364e+00 -4.5454545455e-02 0.0000000000e+00 nan nan
-1.1060606061e+00 -4.5454545455e-02 0.0000000000e+00 nan nan
-1.0757575758e+00 -4.5454545455e-02 0.0000000000e+00 nan nan
-1.0454545455e+00 -4.5454545455e-02 0.0000000000e+00 nan nan
-1.0151515152e+00 -4.5454545455e-02 0.0000000000e+00 nan nan
-9.8484848485e-01 -4.5454545455e-02 0.0000000000e+00 nan nan
-9.5454545455e-01 -4.5454545455e-02 0.0000000000e+00 nan nan
-9.2424242424e-01 -4.5454545455e-02 0.0000000000e+00 nan nan
-8.9393939394e-01 -4.5454545455e-02 0.0000000000e+00 nan nan
-8.6363636364e-01 -4.5454545455e-02 0.0000000000e+00 nan nan
-8.3333333333e-01 -4.5454545455e-02 0.0000000000e+00 nan nan
-8.0303030303e-01 -4.5454545455e-02 0.0000000000e+00 nan nan
-7.7272727273e-01 -4.5454545455e-02 0.0000000000e+00 nan nan
-7.4242424242e-01 -4.5454545455e-02 0.0000000000e+00 nan nan
-7.1212121212e-01 -4.5454545455e-02 0.0000000000e+00 nan nan
-6.8181818182e-01 -4.5454545455e-02 0.0000000000e+00 nan nan
-6.5151515152e-01 -4.5454545455e-02 0.0000000000e+00 nan nan
-6.2121212121e-01 -4.5454545455e-02 0.0000000000e+00 nan nan
-5.9090909091e-01 -4.5454545455e-02 0.0000000000e+00 nan nan
-5.6060606061e-01 -4.5454545455e-02 0.0000000000e+00 nan nan
-5.3030303030e-01 -4.5454545455e-02 0.0000000000e+00 nan nan
-5.0000000000e-01 -4.5454545455e-02 0.0000000000e+00 nan nan
-4.6969696970e-01 -4.5454545455e-02 0.0000000000e+00 nan nan
-4.3939393939e-01 -4.5454545455e-02 0.0000000000e+00 nan nan
-4.0909090909e-01 -4.5454545455e-02 0.0000000000e+00 nan nan
-3.7878787879e-01 -4.5454545455e-02 0.0000000000e+00 nan nan
-3.4848484848e-01 -4.5454545455e-02 0.0000000000e+00 nan nan
-3.1818181818e-01 -4.5454545455e-02 0.0000000000e+00 nan nan
-2.8787878788e-01 -4.5454545455e-02 0.0000000000e+00 nan nan
-2.5757575758e-01 -4.5454545455e-02 0.0000000000e+00 nan nan
-2.2727272727e-01 -4.5454545455e-02 0.0000000000e+00 nan nan
-1.9696969697e-01 -4.5454545455e-02 0.0000000000e+00 nan nan
-1.6666666667e-01 -4.5454545455e-02 0.0000000000e+00 nan nan
-1.3636363636e-01 -4.5454545455e-02 0.0000000000e+00 nan nan
-1.0606060606e-01 -4.5454545455e-02 0.0000000000e+00 nan nan
-7.5757575758e-02 -4.5454545455e-02 0.0000000000e+00 nan nan
-4.5454545455e-02 -4.5454545455e-02 0.0000000000e+00 nan nan
-1.5151515152e-02 -4.5454545455e-02 0.0000000000e+00 nan nan
1.5151515152e-02 -4.5454545455e-02 0.0000000000e+00 nan nan
4.5454545455e-02 -4.5454545455e-02 0.0000000000e+00 nan nan
7.5757575758e-02 -4.5454545455e-02 0.0000000000e+00 nan nan
1.0606060606e-01 -4.5454545455e-02 0.0000000000e+00 nan nan
1.3636363636e-01 -4.5454545455e-02 0.0000000000e+00 nan nan
1.6666666667e-01 -4.5454545455e-02 0.0000000000e+00 nan nan
1.9696969697e-01 -4.5454545455e-02 0.0000000000e+00 nan nan
2.2727272727e-01 -4.5454545455e-02 0.0000000000e+00 nan nan
2.5757575758e-01 -4.5454545455e-02 0.0000000000e+00 nan nan
2.8787878788e-01 -4.5454545455e-02 0.0000000000e+00 nan nan
3.1818181818e-01 -4.5454545455e-02 0.0000000000e+00 nan nan
3.4848484848e-01 -4.5454545455e-02 0.0000000000e+00 nan nan
3.7878787879e-01 -4.5454545455e-02 0.0000000000e+00 nan nan
4.0909090909e-01 -4.5454545455e-02 0.0000000000e+00 nan nan
4.3939393939e-01 -4.5454545455e-02 0.0000000000e+00 nan nan
4.6969696970e-01 -4.5454545455e-02 0.0000000000e+00 nan nan
5.0000000000e-01 -4.5454545455e-02 0.0000000000e+00 nan nan
5.3030303030e-01 -4.5454545455e-02 0.0000000000e+00 nan nan
5.6060606061e-01 -4.5454545455e-02 0.0000000000e+00 nan nan
5.9090909091e-01 -4.5454545455e-02 0.0000000000e+00 nan nan
6.2121212121e-01 -4.5454545455e-02 0.0000000000e+00 nan nan
6.5151515152e-01 -4.5454545455e-02 0.0000000000e+00 nan nan
6.8181818182e-01 -4.5454545455e-02 0.0000000000e+00 nan nan
7.1212121212e-01 -4.5454545455e-02 0.0000000000e+00 nan nan
7.4242424242e-01 -4.5454545455e-02 0.0000000000e+00 nan nan
7.7272727273e-01 -4.5454545455e-02 0.0000000000e+00 nan nan
8.0303030303e-01 -4.5454545455e-02 0.0000000000e+00 nan nan
8.3333333333e-01 -4.5454545455e-02 0.0000000000e+00 nan nan
8.6363636364e-01 -4.5454545455e-02 0.0000000000e+00 nan nan
8.9393939394e-01 -4.5454545455e-02 0.0000000000e+00 nan nan
9.2424242424e-01 -4.5454545455e-02 0.0000000000e+00 nan nan
9.5454545455e-01 -4.5454545455e-02 0.0000000000e+00 nan nan
9.8484848485e-01 -4.5454545455e-02 0.0000000000e+00 nan nan
1.0151515152e+00 -4.5454545455e-02 0.0000000000e+00 nan nan
1.0454545455e+00 -4.5454545455e-02 0.0000000000e+00 nan nan
1.0757575758e+00 -4.5454545455e-02 0.0000000000e+00 nan nan
1.1060606061e+00 -4.5454545455e-02 0.0000000000e+00 nan nan
1.1363636364e+00 -4.5454545455e-02 0.0000000000e+00 nan nan
1.1666666667e+00 -4.5454545455e-02 0.0000000000e+00 nan nan
1.1969696970e+00 -4.5454545455e-02 0.0000000000e+00 nan nan
1.2272727273e+00 -4.5454545455e-02 0.0000000000e+00 nan nan
1.2575757576e+00 -4.5454545455e-02 0.0000000000e+00 nan nan
1.2878787879e+00 -4.5454545455e-02 0.0000000000e+00 nan nan
1.3181818182e+00 -4.5454545455e-02 0.0000000000e+00 nan nan
1.3484848485e+00 -4.5454545455e-02 0.0000000000e+00 nan nan
1.3787878788e+00 -4.5454545455e-02 0.0000000000e+00 5.3296693766e-07 -5.3618762740e-07
1.4090909091e+00 -4.5454545455e-02 0.0000000000e+00 5.2478483605e-07 -5.2814849489e-07
1.4393939394e+00 -4.5454545455e-02 0.0000000000e+00 5.1640665816e-07 -5.1991639412e-07
1.4696969697e+00 -4.5454545455e-02 0.0000000000e+00 5.0782666800e-07 -5.1148558910e-07
1.5000000000e+00 -4.5454545455e-02 0.0000000000e+00 4.9903820568e-07 -5.0284941995e-07
-1.5000000000e+00 -1.5151515152e-02 0.0000000000e+00 5.0059486888e-07 -5.0440297513e-07
-1.4696969697e+00 -1.5151515152e-02 0.0000000000e+00 5.0899278931e-07 -5.1264860239e-07
-1.4393939394e+00 -1.5151515152e-02 0.0000000000e+00 5.1725971478e-07 -5.2076634272e-07
-1.4090909091e+00 -1.5151515152e-02 0.0000000000e+00 5.2538817516e-07 -5.2874872598e-07
-1.3787878788e+00 -1.5151515152e-02 0.0000000000e+00 5.3337198592e-07 -5.3658956763e-07
-1.3484848485e+00 -1.5151515152e-02 0.0000000000e+00 nan nan
-1.3181818182e+00 -1.5151515152e-02 0.0000000000e+00 nan nan
-1.2878787879e+00 -1.5151515152e-02 0.0000000000e+00 nan nan
-1.2575757576e+00 -1.5151515152e-02 0.0000000000e+00 nan nan
-1.2272727273e+00 -1.5151515152e-02 0.0000000000e+00 nan nan
-1.1969696970e+00 -1.5151515152e-02 0.0000000000e+00 nan nan
-1.1666666667e+00 -1.5151515152e-02 0.0000000000e+00 nan nan
-1.1363636364e+00 -1.5151515152e-02 0.0000000000e+00 nan nan
-1.1060606061e+00 -1.5151515152e-02 0.0000000000e+00 nan nan
-1.0757575758e+00 -1.5151515152e-02 0.0000000000e+00 nan nan
-1.0454545455e+00 -1.5151515152e-02 0.0000000000e+00 nan nan
-1.0151515152e+00 -1.5151515152e-02 0.0000000000e+00 nan nan
-9.8484848485e-01 -1.5151515152e-02 0.0000000000e+00 nan nan
-9.5454545455e-01 -1.5151515152e-02 0.0000000000e+00 nan nan
-9.2424242424e-01 -1.5151515152e-02 0.0000000000e+00 nan nan
-8.9393939394e-01 -1.5151515152e-02 0.0000000000e+00 nan nan
-8.6363636364e-01 -1.5151515152e-02 0.0000000000e+00 nan nan
-8.3333333333e-01 -1.5151515152e-02 0.0000000000e+00 nan nan
-8.0303030303e-01 -1.5151515152e-02 0.0000000000e+00 nan nan
-7.7272727273e-01 -1.5151515152e-02 0.0000000000e+00 nan nan
-7.4242424242e-01 -1.5151515152e-02 0.0000000000e+00 nan nan
-7.1212121212e-01 -1.5151515152e-02 0.0000000000e+00 nan nan
-6.8181818182e-01 -1.5151515152e-02 0.0000000000e+00 nan nan
-6.5151515152e-01 -1.5151515152e-02 0.0000000000e+00 nan nan
-6.2121212121e-01 -1.5151515152e-02 0.0000000000e+00 nan nan
-5.9090909091e-01 -1.5151515152e-02 0.0000000000e+00 nan nan
-5.6060606061e-01 -1.5151515152e-02 0.0000000000e+00 nan nan
-5.3030303030e-01 -1.5151515152e-02 0.0000000000e+00 nan nan
-5.0000000000e-01 -1.5151515152e-02 0.0000000000e+00 nan nan
-4.6969696970e-01 -1.5151515152e-02 0.0000000000e+00 nan nan
-4.3939393939e-01 -1.5151515152e-02 0.0000000000e+00 nan nan
-4.0909090909e-01 -1.5151515152e-02 0.0000000000e+00 nan nan
-3.7878787879e-01 -1.5151515152e-02 0.0000000000e+00 nan nan
-3.4848484848e-01 -1.5151515152e-02 0.0000000000e+00 nan nan
-3.1818181818e-01 -1.5151515152e-02 0.0000000000e+00 nan nan
-2.8787878788e-01 -1.5151515152e-02 0.0000000000e+00 nan nan
-2.5757575758e-01 -1.5151515152e-02 0.0000000000e+00 nan nan
-2.2727272727e-01 -1.5151515152e-02 0.0000000000e+00 nan nan
-1.9696969697e-01 -1.5151515152e-02 0.0000000000e+00 nan nan
-1.6666666667e-01 -1.5151515152e-02 0.0000000000e+00 nan nan
-1.3636363636e-01 -1.5151515152e-02 0.0000000000e+00 nan nan
-1.0606060606e-01 -1.5151515152e-02 0.0000000000e+00 nan nan
-7.5757575758e-02 -1.5151515152e-02 0.0000000000e+00 nan nan
-4.5454545455e-02 -1.5151515152e-02 0.0000000000e+00 nan nan
-1.5151515152e-02 -1.5151515152e-02 0.0000000000e+00 nan nan
1.5151515152e-02 -1.5151515152e-02 0.0000000000e+00 nan nan
4.5454545455e-02 -1.5151515152e-02 0.0000000000e+00 nan nan
7.5757575758e-02 -1.5151515152e-02 0.0000000000e+00 nan nan
1.0606060606e-01 -1.5151515152e-02 0.0000000000e+00 nan nan
1.3636363636e-01 -1.5151515152e-02 0.0000000000e+00 nan nan
1.6666666667e-01 -1.5151515152e-02 0.0000000000e+00 nan nan
1.9696969697e-01 -1.5151515152e-02 0.0000000000e+00 nan nan
2.2727272727e-01 -1.5151515152e-02 0.0000000000e+00 nan nan
2.5757575758e-01 -1.5151515152e-02 0.0000000000e+00 nan nan
2.8787878788e-01 -1.5151515152e-02 0.0000000000e+00 nan nan
3.1818181818e-01 -1.5151515152e-02 0.0000000000e+00 nan nan
3.4848484848e-01 -1.5151515152e-02 0.0000000000e+00 nan nan
3.7878787879e-01 -1.5151515152e-02 0.0000000000e+00 nan nan
4.0909090909e-01 -1.5151515152e-02 0.0000000000e+00 nan nan
4.3939393939e-01 -1.5151515152e-02 0.0000000000e+00 nan nan
4.6969696970e-01 -1.5151515152e-02 0.0000000000e+00 nan nan
5.0000000000e-01 -1.5151515152e-02 0.0000000000e+00 nan nan
5.3030303030e-01 -1.5151515152e-02 0.0000000000e+00 nan nan
5.6060606061e-01 -1.5151515152e-02 0.0000000000e+00 nan nan
5.9090909091e-01 -1.5151515152e-02 0.0000000000e+00 nan nan
6.2121212121e-01 -1.5151515152e-02 0.0000000000e+00 nan nan
6.5151515152e-01 -1.5151515152e-02 0.0000000000e+00 nan nan
6.8181818182e-01 -1.5151515152e-02 0.0000000000e+00 nan nan
7.1212121212e-01 -1.5151515152e-02 0.0000000000e+00 nan nan
7.4242424242e-01 -1.5151515152e-02 0.0000000000e+00 nan nan
7.7272727273e-01 -1.5151515152e-02 0.0000000000e+00 nan nan
8.0303030303e-01 -1.5151515152e-02 0.0000000000e+00 nan nan
8.3333333333e-01 -1.5151515152e-02 0.0000000000e+00 nan nan
8.6363636364e-01 -1.5151515152e-02 0.0000000000e+00 nan nan
8.9393939394e-01 -1.5151515152e-02 0.0000000000e+00 nan nan
9.2424242424e-01 -1.5151515152e-02 0.0000000000e+00 nan nan
9.5454545455e-01 -1.5151515152e-02 0.0000000000e+00 nan nan
9.8484848485e-01 -1.5151515152e-02 0.0000000000e+00 nan nan
1.0151515152e+00 -1.5151515152e-02 0.0000000000e+00 nan nan
1.0454545455e+00 -1.5151515152e-02 0.0000000000e+00 nan nan
1.0757575758e+00 -1.5151515152e-02 0.0000000000e+00 nan nan
1.1060606061e+00 -1.5151515152e-02 0.0000000000e+00 nan nan
1.1363636364e+00 -1.5151515152e-02 0.0000000000e+00 nan nan
1.1666666667e+00 -1.5151515152e-02 0.0000000000e+00 nan nan
1.1969696970e+00 -1.5151515152e-02 0.0000000000e+00 nan nan
1.2272727273e+00 -1.5151515152e-02 0.0000000000e+00 nan nan
1.2575757576e+00 -1.5151515152e-02 0.0000000000e+00 nan nan
1.2878787879e+00 -1.5151515152e-02 0.0000000000e+00 nan nan
1.3181818182e+00 -1.5151515152e-02 0.0000000000e+00 nan nan
1.3484848485e+00 -1.5151515152e-02 0.0000000000e+00 nan nan
1.3787878788e+00 -1.5151515152e-02 0.0000000000e+00 5.3312684289e-07 -5.3634442461e-07
1.4090909091e+00 -1.5151515152e-02 0.0000000000e+00 5.2494834129e-07 -5.2830889210e-07
1.4393939394e+00 -1.5151515152e-02 0.0000000000e+00 5.1657385961e-07 -5.2008048755e-07
1.4696969697e+00 -1.5151515152e-02 0.0000000000e+00 5.0799691156e-07 -5.1165272464e-07
1.5000000000e+00 -1.5151515152e-02 0.0000000000e+00 4.9920862026e-07 -5.0301672651e-07
-1.5000000000e+00 1.5151515152e-02 0.0000000000e+00 5.0035916685e-07 -5.0416727310e-07
-1.4696969697e+00 1.5151515152e-02 0.0000000000e+00 5.0878203757e-07 -5.1243785065e-07
-1.4393939394e+00 1.5151515152e-02 0.0000000000e+00 5.1707258499e-07 -5.2057921292e-07
-1.4090909091e+00 1.5151515152e-02 0.0000000000e+00 5.2522296198e-07 -5.2858351279e-07
-1.3787878788e+00 1.5151515152e-02 0.0000000000e+00 5.3322677153e-07 -5.3644435325e-07
-1.3484848485e+00 1.5151515152e-02 0.0000000000e+00 nan nan
-1.3181818182e+00 1.5151515152e-02 0.0000000000e+00 nan nan
-1.2878787879e+00 1.5151515152e-02 0.0000000000e+00 nan nan
-1.2575757576e+00 1.5151515152e-02 0.0000000000e+00 nan nan
-1.2272727273e+00 1.5151515152e-02 0.0000000000e+00 nan nan
-1.1969696970e+00 1.5151515152e-02 0.0000000000e+00 nan nan
-1.1666666667e+00 1.5151515152e-02 0.0000000000e+00 nan nan
-1.1363636364e+00 1.5151515152e-02 0.0000000000e+00 nan nan
-1.1060606061e+00 1.5151515152e-02 0.0000000000e+00 nan nan
-1.0757575758e+00 1.5151515152e-02 0.0000000000e+00 nan nan
-1.0454545455e+00 1.5151515152e-02 0.0000000000e+00 nan nan
-1.0151515152e+00 1.5151515152e-02 0.0000000000e+00 nan nan
-9.8484848485e-01 1.5151515152e-02 0.0000000000e+00 nan nan
-9.5454545455e-01 1.5151515152e-02 0.0000000000e+00 nan nan
-9.2424242424e-01 1.5151515152e-02 0.0000000000e+00 nan nan
-8.9393939394e-01 1.5151515152e-02 0.0000000000e+00 nan nan
-8.6363636364e-01 1.5151515152e-02 0.0000000000e+00 nan nan
-8.3333333333e-01 1.5151515152e-02 0.0000000000e+00 nan nan
-8.0303030303e-01 1.5151515152e-02 0.0000000000e+00 nan nan
-7.7272727273e-01 1.5151515152e-02 0.0000000000e+00 nan nan
-7.4242424242e-01 1.5151515152e-02 0.0000000000e+00 nan nan
-7.1212121212e-01 1.5151515152e-02 0.0000000000e+00 nan nan
-6.8181818182e-01 1.5151515152e-02 0.0000000000e+00 nan nan
-6.5151515152e-01 1.5151515152e-02 0.0000000000e+00 nan nan
-6.2121212121e-01 1.5151515152e-02 0.0000000000e+00 nan nan
-5.9090909091e-01 1.5151515152e-02 0.0000000000e+00 nan nan
-5.6060606061e-01 1.5151515152e-02 0.0000000000e+00 nan nan
-5.3030303030e-01 1.5151515152e-02 0.0000000000e+00 nan nan
-5.0000000000e-01 1.5151515152e-02 0.0000000000e+00 nan nan
-4.6969696970e-01 1.5151515152e-02 0.0000000000e+00 nan nan
-4.3939393939e-01 1.5151515152e-02 0.0000000000e+00 nan nan
-4.0909090909e-01 1.5151515152e-02 0.0000000000e+00 nan nan
-3.7878787879e-01 1.5151515152e-02 0.0000000000e+00 nan nan
-3.4848484848e-01 1.5151515152e-02 0.0000000000e+00 nan nan
-3.1818181818e-01 1.5151515152e-02 0.0000000000e+00 nan nan
-2.8787878788e-01 1.5151515152e-02 0.0000000000e+00 nan nan
-2.5757575758e-01 1.5151515152e-02 0.0000000000e+00 nan nan
-2.2727272727e-01 1.5151515152e-02 0.0000000000e+00 nan nan
-1.9696969697e-01 1.5151515152e-02 0.0000000000e+00 nan nan
-1.6666666667e-01 1.5151515152e-02 0.0000000000e+00 nan nan
-1.3636363636e-01 1.5151515152e-02 0.0000000000e+00 nan nan
-1.0606060606e-01 1.5151515152e-02 0.0000000000e+00 nan nan
-7.5757575758e-02 1.5151515152e-02 0.0000000000e+00 nan nan
-4.5454545455e-02 1.5151515152e-02 0.0000000000e+00 nan nan
-1.5151515152e-02 1.5151515152e-02 0.0000000000e+00 nan nan
1.5151515152e-02 1.5151515152e-02 0.0000000000e+00 nan nan
4.5454545455e-02 1.5151515152e-02 0.0000000000e+00 nan nan
7.5757575758e-02 1.5151515152e-02 0.0000000000e+00 nan nan
1.0606060606e-01 1.5151515152e-02 0.0000000000e+00 nan nan
1.3636363636e-01 1.5151515152e-02 0.0000000000e+00 nan nan
1.6666666667e-01 1.5151515152e-02 0.0000000000e+00 nan nan
1.9696969697e-01 1.5151515152e-02 0.0000000000e+00 nan nan
2.2727272727e-01 1.5151515152e-02 0.0000000000e+00 nan nan
2.5757575758e-01 1.5151515152e-02 0.0000000000e+00 nan nan
2.8787878788e-01 1.5151515152e-02 0.0000000000e+00 nan nan
3.1818181818e-01 1.5151515152e-02 0.0000000000e+00 nan nan
3.4848484848e-01 1.5151515152e-02 0.0000000000e+00 nan nan
3.7878787879e-01 1.5151515152e-02 0.0000000000e+00 nan nan
4.0909090909e-01 1.5151515152e-02 0.0000000000e+00 nan nan
4.3939393939e-01 1.5151515152e-02 0.0000000000e+00 nan nan
4.6969696970e-01 1.5151515152e-02 0.0000000000e+00 nan nan
5.0000000000e-01 1.5151515152e-02 0.0000000000e+00 nan nan
5.3030303030e-01 1.5151515152e-02 0.0000000000e+00 nan nan
5.6060606061e-01 1.5151515152e-02 0.0000000000e+00 nan nan
5.9090909091e-01 1.5151515152e-02 0.0000000000e+00 nan nan
6.2121212121e-01 1.5151515152e-02 0.0000000000e+00 nan nan
6.5151515152e-01 1.5151515152e-02 0.0000000000e+00 nan nan
6.8181818182e-01 1.5151515152e-02 0.0000000000e+00 nan nan
7.1212121212e-01 1.5151515152e-02 0.0000000000e+00 nan nan
7.4242424242e-01 1.5151515152e-02 0.0000000000e+00 nan nan
7.7272727273e-01 1.5151515152e-02 0.0000000000e+00 nan nan
8.0303030303e-01 1.5151515152e-02 0.0000000000e+00 nan nan
8.3333333333e-01 1.5151515152e-02 0.0000000000e+00 nan nan
8.6363636364e-01 1.5151515152e-02 0.0000000000e+00 nan nan
8.9393939394e-01 1.5151515152e-02 0.0000000000e+00 nan nan
9.2424242424e-01 1.5151515152e-02 0.0000000000e+00 nan nan
9.5454545455e-01 1.5151515152e-02 0.0000000000e+00 nan nan
9.8484848485e-01 1.5151515152e-02 0.0000000000e+00 nan nan
1.0151515152e+00 1.5151515152e-02 0.0000000000e+00 nan nan
1.0454545455e+00 1.5151515152e-02 0.0000000000e+00 nan nan
1.0757575758e+00 1.5151515152e-02 0.0000000000e+00 nan nan
1.1060606061e+00 1.5151515152e-02 0.0000000000e+00 nan nan
1.1363636364e+00 1.5151515152e-02 0.0000000000e+00 nan nan
1.1666666667e+00 1.5151515152e-02 0.0000000000e+00 nan nan
1.1969696970e+00 1.5151515152e-02 0.0000000000e+00 nan nan
1.2272727273e+00 1.5151515152e-02 0.0000000000e+00 nan nan
1.2575757576e+00 1.5151515152e-02 0.0000000000e+00 nan nan
1.2878787879e+00 1.5151515152e-02 0.0000000000e+00 nan nan
1.3181818182e+00 1.5151515152e-02 0.0000000000e+00 nan nan
1.3484848485e+00 1.5151515152e-02 0.0000000000e+00 nan nan
1.3787878788e+00 1.5151515152e-02 0.0000000000e+00 5.3312454196e-07 -5.3634212368e-07
1.4090909091e+00 1.5151515152e-02 0.0000000000e+00 5.2495359383e-07 -5.2831414464e-07
1.4393939394e+00 1.5151515152e-02 0.0000000000e+00 5.1658806600e-07 -5.2009469394e-07
1.4696969697e+00 1.5151515152e-02 0.0000000000e+00 5.0802153245e-07 -5.1167734553e-07
1.5000000000e+00 1.5151515152e-02 0.0000000000e+00 4.9924490918e-07 -5.0305301543e-07
-1.5000000000e+00 4.5454545455e-02 0.0000000000e+00 4.9990846688e-07 -5.0371968115e-07
-1.4696969697e+00 4.5454545455e-02 0.0000000000e+00 5.0836367552e-07 -5.1202259662e-07
-1.4393939394e+00 4.5454545455e-02 0.0000000000e+00 5.1668365776e-07 -5.2019339372e-07
-1.4090909091e+00 4.5454545455e-02 0.0000000000e+00 5.2486054220e-07 -5.2822420103e-07
-1.3787878788e+00 4.5454545455e-02 0.0000000000e+00 5.3288798828e-07 -5.3610867802e-07
-1.3484848485e+00 4.5454545455e-02 0.0000000000e+00 nan nan
-1.3181818182e+00 4.5454545455e-02 0.0000000000e+00 nan nan
-1.2878787879e+00 4.5454545455e-02 0.0000000000e+00 nan nan
-1.2575757576e+00 4.5454545455e-02 0.0000000000e+00 nan nan
-1.2272727273e+00 4.5454545455e-02 0.0000000000e+00 nan nan
-1.1969696970e+00 4.5454545455e-02 0.0000000000e+00 nan nan
-1.1666666667e+00 4.5454545455e-02 0.0000000000e+00 nan nan
-1.1363636364e+00 4.5454545455e-02 0.0000000000e+00 nan nan
-1.1060606061e+00 4.5454545455e-02 0.0000000000e+00 nan nan
-1.0757575758e+00 4.5454545455e-02 0.0000000000e+00 nan nan
-1.0454545455e+00 4.5454545455e-02 0.0000000000e+00 nan nan
-1.0151515152e+00 4.5454545455e-02 0.0000000000e+00 nan nan
-9.8484848485e-01 4.5454545455e-02 0.0000000000e+00 nan nan
-9.5454545455e-01 4.5454545455e-02 0.0000000000e+00 nan nan
-9.2424242424e-01 4.5454545455e-02 0.0000000000e+00 nan nan
-8.9393939394e-01 4.5454545455e-02 0.0000000000e+00 nan nan
-8.6363636364e-01 4.5454545455e-02 0.0000000000e+00 nan nan
-8.3333333333e-01 4.5454545455e-02 0.0000000000e+00 nan nan
-8.0303030303e-01 4.5454545455e-02 0.0000000000e+00 nan nan
-7.7272727273e-01 4.5454545455e-02 0.0000000000e+00 nan nan
-7.4242424242e-01 4.5454545455e-02 0.0000000000e+00 nan nan
-7.1212121212e-01 4.5454545455e-02 0.0000000000e+00 nan nan
-6.8181818182e-01 4.5454545455e-02 0.0000000000e+00 nan nan
-6.5151515152e-01 4.5454545455e-02 0.0000000000e+00 nan nan
-6.2121212121e-01 4.5454545455e-02 0.0000000000e+00 nan nan
-5.9090909091e-01 4.5454545455e-02 0.0000000000e+00 nan nan
-5.6060606061e-01 4.5454545455e-02 0.0000000000e+00 nan nan
-5.3030303030e-01 4.5454545455e-02 0.0000000000e+00 nan nan
-5.0000000000e-01 4.5454545455e-02 0.0000000000e+00 nan nan
-4.6969696970e-01 4.5454545455e-02 0.0000000000e+00 nan nan
-4.3939393939e-01 4.5454545455e-02 0.0000000000e+00 nan nan
-4.0909090909e-01 4.5454545455e-02 0.0000000000e+00 nan nan
-3.7878787879e-01 4.5454545455e-02 0.0000000000e+00 nan nan
-3.4848484848e-01 4.5454545455e-02 0.0000000000e+00 nan nan
-3.1818181818e-01 4.5454545455e-02 0.0000000000e+00 nan nan
-2.8787878788e-01 4.5454545455e-02 0.0000000000e+00 nan nan
-2.5757575758e-01 4.5454545455e-02 0.0000000000e+00 nan nan
-2.2727272727e-01 4.5454545455e-02 0.0000000000e+00 nan nan
-1.9696969697e-01 4.5454545455e-02 0.0000000000e+00 nan nan
-1.6666666667e-01 4.5454545455e-02 0.0000000000e+00 nan nan
-1.3636363636e-01 4.5454545455e-02 0.0000000000e+00 nan nan
-1.0606060606e-01 4.5454545455e-02 0.0000000000e+00 nan nan
-7.5757575758e-02 4.5454545455e-02 0.0000000000e+00 nan nan
-4.5454545455e-02 4.5454545455e-02 0.0000000000e+00 nan nan
-1.5151515152e-02 4.5454545455e-02 0.0000000000e+00 nan nan
1.5151515152e-02 4.5454545455e-02 0.0000000000e+00 nan nan
4.5454545455e-02 4.5454545455e-02 0.0000000000e+00 nan nan
7.5757575758e-02 4.5454545455e-02 0.0000000000e+00 nan nan
1.0606060606e-01 4.5454545455e-02 0.0000000000e+00 nan nan
1.3636363636e-01 4.5454545455e-02 0.0000000000e+00 nan nan
1.6666666667e-01 4.5454545455e-02 0.0000000000e+00 nan nan
1.9696969697e-01 4.5454545455e-02 0.0000000000e+00 nan nan
2.2727272727e-01 4.5454545455e-02 0.0000000000e+00 nan nan
2.5757575758e-01 4.5454545455e-02 0.0000000000e+00 nan nan
2.8787878788e-01 4.5454545455e-02 0.0000000000e+00 nan nan
3.1818181818e-01 4.5454545455e-02 0.0000000000e+00 nan nan
3.4848484848e-01 4.5454545455e-02 0.0000000000e+00 nan nan
3.7878787879e-01 4.5454545455e-02 0.0000000000e+00 nan nan
4.0909090909e-01 4.5454545455e-02 0.0000000000e+00 nan nan
4.3939393939e-01 4.5454545455e-02 0.0000000000e+00 nan nan
4.6969696970e-01 4.5454545455e-02 0.0000000000e+00 nan nan
5.0000000000e-01 4.5454545455e-02 0.0000000000e+00 nan nan
5.3030303030e-01 4.5454545455e-02 0.0000000000e+00 nan nan
5.6060606061e-01 4.5454545455e-02 0.0000000000e+00 nan nan
5.9090909091e-01 4.5454545455e-02 0.0000000000e+00 nan nan
6.2121212121e-01 4.5454545455e-02 0.0000000000e+00 nan nan
6.5151515152e-01 4.5454545455e-02 0.0000000000e+00 nan nan
6.8181818182e-01 4.5454545455e-02 0.0000000000e+00 nan nan
7.1212121212e-01 4.5454545455e-02 0.0000000000e+00 nan nan
7.4242424242e-01 4.5454545455e-02 0.0000000000e+00 nan nan
7.7272727273e-01 4.5454545455e-02 0.0000000000e+00 nan nan
8.0303030303e-01 4.5454545455e-02 0.0000000000e+00 nan nan
8.3333333333e-01 4.5454545455e-02 0.0000000000e+00 nan nan
8.6363636364e-01 4.5454545455e-02 0.0000000000e+00 nan nan
8.9393939394e-01 4.5454545455e-02 0.0000000000e+00 nan nan
9.2424242424e-01 4.5454545455e-02 0.0000000000e+00 nan nan
9.5454545455e-01 4.5454545455e-02 0.0000000000e+00 nan nan
9.8484848485e-01 4.5454545455e-02 0.0000000000e+00 nan nan
1.0151515152e+00 4.5454545455e-02 0.0000000000e+00 nan nan
1.0454545455e+00 4.5454545455e-02 0.0000000000e+00 nan nan
1.0757575758e+00 4.5454545455e-02 0.0000000000e+00 nan nan
1.1060606061e+00 4.5454545455e-02 0.0000000000e+00 nan nan
1.1363636364e+00 4.5454545455e-02 0.0000000000e+00 nan nan
1.1666666667e+00 4.5454545455e-02 0.0000000000e+00 nan nan
1.1969696970e+00 4.5454545455e-02 0.0000000000e+00 nan nan
1.2272727273e+00 4.5454545455e-02 0.0000000000e+00 nan nan
1.2575757576e+00 4.5454545455e-02 0.0000000000e+00 nan nan
1.2878787879e+00 4.5454545455e-02 0.0000000000e+00 nan nan
1.3181818182e+00 4.5454545455e-02 0.0000000000e+00 nan nan
1.3484848485e+00 4.5454545455e-02 0.0000000000e+00 nan nan
1.3787878788e+00 4.5454545455e-02 0.0000000000e+00 5.3295875644e-07 -5.3617944618e-07
1.4090909091e+00 4.5454545455e-02 0.0000000000e+00 5.2479910736e-07 -5.2816276620e-07
1.4393939394e+00 4.5454545455e-02 0.0000000000e+00 5.1644757954e-07 -5.1995731550e-07
1.4696969697e+00 4.5454545455e-02 0.0000000000e+00 5.0789870207e-07 -5.1155762317e-07
1.5000000000e+00 4.5454545455e-02 0.0000000000e+00 4.9914536629e-07 -5.0295658056e-07
-1.5000000000e+00 7.5757575758e-02 0.0000000000e+00 4.9924555734e-07 -5.0306298766e-07
-1.4696969697e+00 7.5757575758e-02 0.0000000000e+00 5.0774055556e-07 -5.1140569272e-07
-1.4393939394e+00 7.5757575758e-02 0.0000000000e+00 5.1609576365e-07 -5.1961171565e-07
-1.4090909091e+00 7.5757575758e-02 0.0000000000e+00 5.2430364329e-07 -5.2767351818e-07
-1.3787878788e+00 7.5757575758e-02 0.0000000000e+00 5.3235820309e-07 -5.3558510887e-07
-1.3484848485e+00 7.5757575758e-02 0.0000000000e+00 nan nan
-1.3181818182e+00 7.5757575758e-02 0.0000000000e+00 nan nan
-1.2878787879e+00 7.5757575758e-02 0.0000000000e+00 nan nan
-1.2575757576e+00 7.5757575758e-02 0.0000000000e+00 nan nan
-1.2272727273e+00 7.5757575758e-02 0.0000000000e+00 nan nan
-1.1969696970e+00 7.5757575758e-02 0.0000000000e+00 nan nan
-1.1666666667e+00 7.5757575758e-02 0.0000000000e+00 nan nan
-1.1363636364e+00 7.5757575758e-02 0.0000000000e+00 nan nan
-1.1060606061e+00 7.5757575758e-02 0.0000000000e+00 nan nan
-1.0757575758e+00 7.5757575758e-02 0.0000000000e+00 nan nan
-1.0454545455e+00 7.5757575758e-02 0.0000000000e+00 nan nan
-1.0151515152e+00 7.5757575758e-02 0.0000000000e+00 nan nan
-9.8484848485e-01 7.5757575758e-02 0.0000000000e+00 nan nan
-9.5454545455e-01 7.5757575758e-02 0.0000000000e+00 nan nan
-9.2424242424e-01 7.5757575758e-02 0.0000000000e+00 nan nan
-8.9393939394e-01 7.5757575758e-02 0.0000000000e+00 nan nan
-8.6363636364e-01 7.5757575758e-02 0.0000000000e+00 nan nan
-8.3333333333e-01 7.5757575758e-02 0.0000000000e+00 nan nan
-8.0303030303e-01 7.5757575758e-02 0.0000000000e+00 nan nan
-7.7272727273e-01 7.5757575758e-02 0.0000000000e+00 nan nan
-7.4242424242e-01 7.5757575758e-02 0.0000000000e+00 nan nan
-7.1212121212e-01 7.5757575758e-02 0.0000000000e+00 nan nan
-6.8181818182e-01 7.5757575758e-02 0.0000000000e+00 nan nan
-6.5151515152e-01 7.5757575758e-02 0.0000000000e+00 nan nan
-6.2121212121e-01 7.5757575758e-02 0.0000000000e+00 nan nan
-5.9090909091e-01 7.5757575758e-02 0.0000000000e+00 nan nan
-5.6060606061e-01 7.5757575758e-02 0.0000000000e+00 nan nan
-5.3030303030e-01 7.5757575758e-02 0.0000000000e+00 nan nan
-5.0000000000e-01 7.5757575758e-02 0.0000000000e+00 nan nan
-4.6969696970e-01 7.5757575758e-02 0.0000000000e+00 nan nan
-4.3939393939e-01 7.5757575758e-02 0.0000000000e+00 nan nan
-4.0909090909e-01 7.5757575758e-02 0.0000000000e+00 nan nan
-3.7878787879e-01 7.5757575758e-02 0.0000000000e+00 nan nan
-3.4848484848e-01 7.5757575758e-02 0.0000000000e+00 nan nan
-3.1818181818e-01 7.5757575758e-02 0.0000000000e+00 nan nan
-2.8787878788e-01 7.5757575758e-02 0.0000000000e+00 nan nan
-2.5757575758e-01 7.5757575758e-02 0.0000000000e+00 nan nan
-2.2727272727e-01 7.5757575758e-02 0.0000000000e+00 nan nan
-1.9696969697e-01 7.5757575758e-02 0.0000000000e+00 nan nan
-1.6666666667e-01 7.5757575758e-02 0.0000000000e+00 nan nan
-1.3636363636e-01 7.5757575758e-02 0.0000000000e+00 nan nan
-1.0606060606e-01 7.5757575758e-02 0.0000000000e+00 nan nan
-7.5757575758e-02 7.5757575758e-02 0.0000000000e+00 nan nan
-4.5454545455e-02 7.5757575758e-02 0.0000000000e+00 nan nan
-1.5151515152e-02 7.5757575758e-02 0.0000000000e+00 nan nan
1.5151515152e-02 7.5757575758e-02 0.0000000000e+00 nan nan
4.5454545455e-02 7.5757575758e-02 0.0000000000e+00 nan nan
7.5757575758e-02 7.5757575758e-02 0.0000000000e+00 nan nan
1.0606060606e-01 7.5757575758e-02 0.0000000000e+00 nan nan
1.3636363636e-01 7.5757575758e-02 0.0000000000e+00 nan nan
1.6666666667e-01 7.5757575758e-02 0.0000000000e+00 nan nan
1.9696969697e-01 7.5757575758e-02 0.0000000000e+00 nan nan
2.2727272727e-01 7.5757575758e-02 0.0000000000e+00 nan nan
2.5757575758e-01 7.5757575758e-02 0.0000000000e+00 nan nan
2.8787878788e-01 7.5757575758e-02 0.0000000000e+00 nan nan
3.1818181818e-01 7.5757575758e-02 0.0000000000e+00 nan nan
3.4848484848e-01 7.5757575758e-02 0.0000000000e+00 nan nan
3.7878787879e-01 7.5757575758e-02 0.0000000000e+00 nan nan
4.0909090909e-01 7.5757575758e-02 0.0000000000e+00 nan nan
4.3939393939e-01 7.5757575758e-02 0.0000000000e+00 nan nan
4.6969696970e-01 7.5757575758e-02 0.0000000000e+00 nan nan
5.0000000000e-01 7.5757575758e-02 0.0000000000e+00 nan nan
5.3030303030e-01 7.5757575758e-02 0.0000000000e+00 nan nan
5.6060606061e-01 7.5757575758e-02 0.0000000000e+00 nan nan
5.9090909091e-01 7.5757575758e-02 0.0000000000e+00 nan nan
6.2121212121e-01 7.5757575758e-02 0.0000000000e+00 nan nan
6.5151515152e-01 7.5757575758e-02 0.0000000000e+00 nan nan
6.8181818182e-01 7.5757575758e-02 0.0000000000e+00 nan nan
7.1212121212e-01 7.5757575758e-02 0.0000000000e+00 nan nan
7.4242424242e-01 7.5757575758e-02 0.0000000000e+00 nan nan
7.7272727273e-01 7.5757575758e-02 0.0000000000e+00 nan nan
8.0303030303e-01 7.5757575758e-02 0.0000000000e+00 nan nan
8.3333333333e-01 7.5757575758e-02 0.0000000000e+00 nan nan
8.6363636364e-01 7.5757575758e-02 0.0000000000e+00 nan nan
8.9393939394e-01 7.5757575758e-02 0.0000000000e+00 nan nan
9.2424242424e-01 7.5757575758e-02 0.0000000000e+00 nan nan
9.5454545455e-01 7.5757575758e-02 0.0000000000e+00 nan nan
9.8484848485e-01 7.5757575758e-02 0.0000000000e+00 nan nan
1.0151515152e+00 7.5757575758e-02 0.0000000000e+00 nan nan
1.0454545455e+00 7.5757575758e-02 0.0000000000e+00 nan nan
1.0757575758e+00 7.5757575758e-02 0.0000000000e+00 nan nan
1.1060606061e+00 7.5757575758e-02 0.0000000000e+00 nan nan
1.1363636364e+00 7.5757575758e-02 0.0000000000e+00 nan nan
1.1666666667e+00 7.5757575758e-02 0.0000000000e+00 nan nan
1.1969696970e+00 7.5757575758e-02 0.0000000000e+00 nan nan
1.2272727273e+00 7.5757575758e-02 0.0000000000e+00 nan nan
1.2575757576e+00 7.5757575758e-02 0.0000000000e+00 nan nan
1.2878787879e+00 7.5757575758e-02 0.0000000000e+00 nan nan
1.3181818182e+00 7.5757575758e-02 0.0000000000e+00 nan nan
1.3484848485e+00 7.5757575758e-02 0.0000000000e+00 nan nan
1.3787878788e+00 7.5757575758e-02 0.0000000000e+00 5.3262746702e-07 -5.3585437281e-07
1.4090909091e+00 7.5757575758e-02 0.0000000000e+00 5.2448228028e-07 -5.2785215517e-07
1.4393939394e+00 7.5757575758e-02 0.0000000000e+00 5.1614885332e-07 -5.1966480533e-07
1.4696969697e+00 7.5757575758e-02 0.0000000000e+00 5.0762304650e-07 -5.1128818365e-07
1.5000000000e+00 7.5757575758e-02 0.0000000000e+00 4.9890000348e-07 -5.0271743380e-07
-1.5000000000e+00 1.0606060606e-01 0.0000000000e+00 4.9837449778e-07 -5.0220125217e-07
-1.4696969697e+00 1.0606060606e-01 0.0000000000e+00 5.0691649285e-07 -5.1059095407e-07
-1.4393939394e+00 1.0606060606e-01 0.0000000000e+00 5.1531248112e-07 -5.1883775720e-07
-1.4090909091e+00 1.0606060606e-01 0.0000000000e+00 5.2355557359e-07 -5.2693477254e-07
-1.3787878788e+00 1.0606060606e-01 0.0000000000e+00 5.3164043199e-07 -5.3487666184e-07
-1.3484848485e+00 1.0606060606e-01 0.0000000000e+00 nan nan
-1.3181818182e+00 1.0606060606e-01 0.0000000000e+00 nan nan
-1.2878787879e+00 1.0606060606e-01 0.0000000000e+00 nan nan
-1.2575757576e+00 1.0606060606e-01 0.0000000000e+00 nan nan
-1.2272727273e+00 1.0606060606e-01 0.0000000000e+00 nan nan
-1.1969696970e+00 1.0606060606e-01 0.0000000000e+00 nan nan
-1.1666666667e+00 1.0606060606e-01 0.0000000000e+00 nan nan
-1.1363636364e+00 1.0606060606e-01 0.0000000000e+00 nan nan
-1.1060606061e+00 1.0606060606e-01 0.0000000000e+00 nan nan
-1.0757575758e+00 1.0606060606e-01 0.0000000000e+00 nan nan
-1.0454545455e+00 1.0606060606e-01 0.0000000000e+00 nan nan
-1.0151515152e+00 1.0606060606e-01 0.0000000000e+00 nan nan
-9.8484848485e-01 1.0606060606e-01 0.0000000000e+00 nan nan
-9.5454545455e-01 1.0606060606e-01 0.0000000000e+00 nan nan
-9.2424242424e-01 1.0606060606e-01 0.0000000000e+00 nan nan
-8.9393939394e-01 1.0606060606e-01 0.0000000000e+00 nan nan
-8.6363636364e-01 1.0606060606e-01 0.0000000000e+00 nan nan
-8.3333333333e-01 1.0606060606e-01 0.0000000000e+00 nan nan
-8.0303030303e-01 1.0606060606e-01 0.0000000000e+00 nan nan
-7.7272727273e-01 1.0606060606e-01 0.0000000000e+00 nan nan
-7.4242424242e-01 1.0606060606e-01 0.0000000000e+00 nan nan
-7.1212121212e-01 1.0606060606e-01 0.0000000000e+00 nan nan
-6.8181818182e-01 1.0606060606e-01 0.0000000000e+00 nan nan
-6.5151515152e-01 1.0606060606e-01 0.0000000000e+00 nan nan
-6.2121212121e-01 1.0606060606e-01 0.0000000000e+00 nan nan
-5.9090909091e-01 1.0606060606e-01 0.0000000000e+00 nan nan
-5.6060606061e-01 1.0606060606e-01 0.0000000000e+00 nan nan
-5.3030303030e-01 1.0606060606e-01 0.0000000000e+00 nan nan
-5.0000000000e-01 1.0606060606e-01 0.0000000000e+00 nan nan
-4.6969696970e-01 1.0606060606e-01 0.0000000000e+00 nan nan
-4.3939393939e-01 1.0606060606e-01 0.0000000000e+00 nan nan
-4.0909090909e-01 1.0606060606e-01 0.0000000000e+00 nan nan
-3.7878787879e-01 1.0606060606e-01 0.0000000000e+00 nan nan
-3.4848484848e-01 1.0606060606e-01 0.0000000000e+00 nan nan
-3.1818181818e-01 1.0606060606e-01 0.0000000000e+00 nan nan
-2.8787878788e-01 1.0606060606e-01 0.0000000000e+00 nan nan
-2.5757575758e-01 1.0606060606e-01 0.0000000000e+00 nan nan
-2.2727272727e-01 1.0606060606e-01 0.0000000000e+00 nan nan
-1.9696969697e-01 1.0606060606e-01 0.0000000000e+00 nan nan
-1.6666666667e-01 1.0606060606e-01 0.0000000000e+00 nan nan
-1.3636363636e-01 1.0606060606e-01 0.0000000000e+00 nan nan
-1.0606060606e-01 1.0606060606e-01 0.0000000000e+00 nan nan
-7.5757575758e-02 1.0606060606e-01 0.0000000000e+00 nan nan
-4.5454545455e-02 1.0606060606e-01 0.0000000000e+00 nan nan
-1.5151515152e-02 1.0606060606e-01 0.0000000000e+00 nan nan
1.5151515152e-02 1.0606060606e-01 0.0000000000e+00 nan nan
4.5454545455e-02 1.0606060606e-01 0.0000000000e+00 nan nan
7.5757575758e-02 1.0606060606e-01 0.0000000000e+00 nan nan
1.0606060606e-01 1.0606060606e-01 0.0000000000e+00 nan nan
1.3636363636e-01 1.0606060606e-01 0.0000000000e+00 nan nan
1.6666666667e-01 1.0606060606e-01 0.0000000000e+00 nan nan
1.9696969697e-01 1.0606060606e-01 0.0000000000e+00 nan nan
2.2727272727e-01 1.0606060606e-01 0.0000000000e+00 nan nan
2.5757575758e-01 1.0606060606e-01 0.0000000000e+00 nan nan
2.8787878788e-01 1.0606060606e-01 0.0000000000e+00 nan nan
3.1818181818e-01 1.0606060606e-01 0.0000000000e+00 nan nan
3.4848484848e-01 1.0606060606e-01 0.0000000000e+00 nan nan
3.7878787879e-01 1.0606060606e-01 0.0000000000e+00 nan nan
4.0909090909e-01 1.0606060606e-01 0.0000000000e+00 nan nan
4.3939393939e-01 1.0606060606e-01 0.0000000000e+00 nan nan
4.6969696970e-01 1.0606060606e-01 0.0000000000e+00 nan nan
5.0000000000e-01 1.0606060606e-01 0.0000000000e+00 nan nan
5.3030303030e-01 1.0606060606e-01 0.0000000000e+00 nan nan
5.6060606061e-01 1.0606060606e-01 0.0000000000e+00 nan nan
5.9090909091e-01 1.0606060606e-01 0.0000000000e+00 nan nan
6.2121212121e-01 1.0606060606e-01 0.0000000000e+00 nan nan
6.5151515152e-01 1.0606060606e-01 0.0000000000e+00 nan nan
6.8181818182e-01 1.0606060606e-01 0.0000000000e+00 nan nan
7.1212121212e-01 1.0606060606e-01 0.0000000000e+00 nan nan
7.4242424242e-01 1.0606060606e-01 0.0000000000e+00 nan nan
7.7272727273e-01 1.0606060606e-01 0.0000000000e+00 nan nan
8.0303030303e-01 1.0606060606e-01 0.0000000000e+00 nan nan
8.3333333333e-01 1.0606060606e-01 0.0000000000e+00 nan nan
8.6363636364e-01 1.0606060606e-01 0.0000000000e+00 nan nan
8.9393939394e-01 1.0606060606e-01 0.0000000000e+00 nan nan
9.2424242424e-01 1.0606060606e-01 0.0000000000e+00 nan nan
9.5454545455e-01 1.0606060606e-01 0.0000000000e+00 nan nan
9.8484848485e-01 1.0606060606e-01 0.0000000000e+00 nan nan
1.0151515152e+00 1.0606060606e-01 0.0000000000e+00 nan nan
1.0454545455e+00 1.0606060606e-01 0.0000000000e+00 nan nan
1.0757575758e+00 1.0606060606e-01 0.0000000000e+00 nan nan
1.1060606061e+00 1.0606060606e-01 0.0000000000e+00 nan nan
1.1363636364e+00 1.0606060606e-01 0.0000000000e+00 nan nan
1.1666666667e+00 1.0606060606e-01 0.0000000000e+00 nan nan
1.1969696970e+00 1.0606060606e-01 0.0000000000e+00 nan nan
1.2272727273e+00 1.0606060606e-01 0.0000000000e+00 nan nan
1.2575757576e+00 1.0606060606e-01 0.0000000000e+00 nan nan
1.2878787879e+00 1.0606060606e-01 0.0000000000e+00 nan nan
1.3181818182e+00 1.0606060606e-01 0.0000000000e+00 nan nan
1.3484848485e+00 1.0606060606e-01 0.0000000000e+00 nan nan
1.3787878788e+00 1.0606060606e-01 0.0000000000e+00 5.3212809182e-07 -5.3536432168e-07
1.4090909091e+00 1.0606060606e-01 0.0000000000e+00 5.2399973075e-07 -5.2737892970e-07
1.4393939394e+00 1.0606060606e-01 0.0000000000e+00 5.1568724162e-07 -5.1921251770e-07
1.4696969697e+00 1.0606060606e-01 0.0000000000e+00 5.0718776449e-07 -5.1086222571e-07
1.5000000000e+00 1.0606060606e-01 0.0000000000e+00 4.9849825748e-07 -5.0232501187e-07
-1.5000000000e+00 1.3636363636e-01 0.0000000000e+00 4.9730030505e-07 -5.0113949154e-07
-1.4696969697e+00 1.3636363636e-01 0.0000000000e+00 5.0589608984e-07 -5.0958298316e-07
-1.4393939394e+00 1.3636363636e-01 0.0000000000e+00 5.1433803172e-07 -5.1787573990e-07
-1.4090909091e+00 1.3636363636e-01 0.0000000000e+00 5.2262014535e-07 -5.2601177640e-07
-1.3787878788e+00 1.3636363636e-01 0.0000000000e+00 5.3073807574e-07 -5.3398673769e-07
-1.3484848485e+00 1.3636363636e-01 0.0000000000e+00 5.3868873814e-07 -5.4179753902e-07
-1.3181818182e+00 1.3636363636e-01 0.0000000000e+00 nan nan
-1.2878787879e+00 1.3636363636e-01 0.0000000000e+00 nan nan
-1.2575757576e+00 1.3636363636e-01 0.0000000000e+00 nan nan
-1.2272727273e+00 1.3636363636e-01 0.0000000000e+00 nan nan
-1.1969696970e+00 1.3636363636e-01 0.0000000000e+00 nan nan
-1.1666666667e+00 1.3636363636e-01 0.0000000000e+00 nan nan
-1.1363636364e+00 1.3636363636e-01 0.0000000000e+00 nan nan
-1.1060606061e+00 1.3636363636e-01 0.0000000000e+00 nan nan
-1.0757575758e+00 1.3636363636e-01 0.0000000000e+00 nan nan
-1.0454545455e+00 1.3636363636e-01 0.0000000000e+00 nan nan
-1.0151515152e+00 1.3636363636e-01 0.0000000000e+00 nan nan
-9.8484848485e-01 1.3636363636e-01 0.0000000000e+00 nan nan
-9.5454545455e-01 1.3636363636e-01 0.0000000000e+00 nan nan
-9.2424242424e-01 1.3636363636e-01 0.0000000000e+00 nan nan
-8.9393939394e-01 1.3636363636e-01 0.0000000000e+00 nan nan
-8.6363636364e-01 1.3636363636e-01 0.0000000000e+00 nan nan
-8.3333333333e-01 1.3636363636e-01 0.0000000000e+00 nan nan
-8.0303030303e-01 1.3636363636e-01 0.0000000000e+00 nan nan
-7.7272727273e-01 1.3636363636e-01 0.0000000000e+00 nan nan
-7.4242424242e-01 1.3636363636e-01 0.0000000000e+00 nan nan
-7.1212121212e-01 1.3636363636e-01 0.0000000000e+00 nan nan
-6.8181818182e-01 1.3636363636e-01 0.0000000000e+00 nan nan
-6.5151515152e-01 1.3636363636e-01 0.0000000000e+00 nan nan
-6.2121212121e-01 1.3636363636e-01 0.0000000000e+00 nan nan
-5.9090909091e-01 1.3636363636e-01 0.0000000000e+00 nan nan
-5.6060606061e-01 1.3636363636e-01 0.0000000000e+00 nan nan
-5.3030303030e-01 1.3636363636e-01 0.0000000000e+00 nan nan
-5.0000000000e-01 1.3636363636e-01 0.0000000000e+00 nan nan
-4.6969696970e-01 1.3636363636e-01 0.0000000000e+00 nan nan
-4.3939393939e-01 1.3636363636e-01 0.0000000000e+00 nan nan
-4.0909090909e-01 1.3636363636e-01 0.0000000000e+00 nan nan
-3.7878787879e-01 1.3636363636e-01 0.0000000000e+00 nan nan
-3.4848484848e-01 1.3636363636e-01 0.0000000000e+00 nan nan
-3.1818181818e-01 1.3636363636e-01 0.0000000000e+00 nan nan
-2.8787878788e-01 1.3636363636e-01 0.0000000000e+00 nan nan
-2.5757575758e-01 1.3636363636e-01 0.0000000000e+00 nan nan
-2.2727272727e-01 1.3636363636e-01 0.0000000000e+00 nan nan
-1.9696969697e-01 1.3636363636e-01 0.0000000000e+00 nan nan
-1.6666666667e-01 1.3636363636e-01 0.0000000000e+00 nan nan
-1.3636363636e-01 1.3636363636e-01 0.0000000000e+00 nan nan
-1.0606060606e-01 1.3636363636e-01 0.0000000000e+00 nan nan
-7.5757575758e-02 1.3636363636e-01 0.0000000000e+00 nan nan
-4.5454545455e-02 1.3636363636e-01 0.0000000000e+00 nan nan
-1.5151515152e-02 1.3636363636e-01 0.0000000000e+00 nan nan
1.5151515152e-02 1.3636363636e-01 0.0000000000e+00 nan nan
4.5454545455e-02 1.3636363636e-01 0.0000000000e+00 nan nan
7.5757575758e-02 1.3636363636e-01 0.0000000000e+00 nan nan
1.0606060606e-01 1.3636363636e-01 0.0000000000e+00 nan nan
1.3636363636e-01 1.3636363636e-01 0.0000000000e+00 nan nan
1.6666666667e-01 1.3636363636e-01 0.0000000000e+00 nan nan
1.9696969697e-01 1.3636363636e-01 0.0000000000e+00 nan nan
2.2727272727e-01 1.3636363636e-01 0.0000000000e+00 nan nan
2.5757575758e-01 1.3636363636e-01 0.0000000000e+00 nan nan
2.8787878788e-01 1.3636363636e-01 0.0000000000e+00 nan nan
3.1818181818e-01 1.3636363636e-01 0.0000000000e+00 nan nan
3.4848484848e-01 1.3636363636e-01 0.0000000000e+00 nan nan
3.7878787879e-01 1.3636363636e-01 0.0000000000e+00 nan nan
4.0909090909e-01 1.3636363636e-01 0.0000000000e+00 nan nan
4.3939393939e-01 1.3636363636e-01 0.0000000000e+00 nan nan
4.6969696970e-01 1.3636363636e-01 0.0000000000e+00 nan nan
5.0000000000e-01 1.3636363636e-01 0.0000000000e+00 nan nan
5.3030303030e-01 1.3636363636e-01 0.0000000000e+00 nan nan
5.6060606061e-01 1.3636363636e-01 0.0000000000e+00 nan nan
5.9090909091e-01 1.3636363636e-01 0.0000000000e+00 nan nan
6.2121212121e-01 1.3636363636e-01 0.0000000000e+00 nan nan
6.5151515152e-01 1.3636363636e-01 0.0000000000e+00 nan nan
6.8181818182e-01 1.3636363636e-01 0.0000000000e+00 nan nan
7.1212121212e-01 1.3636363636e-01 0.0000000000e+00 nan nan
7.4242424242e-01 1.3636363636e-01 0.0000000000e+00 nan nan
7.7272727273e-01 1.3636363636e-01 0.0000000000e+00 nan nan
8.0303030303e-01 1.3636363636e-01 0.0000000000e+00 nan nan
8.3333333333e-01 1.3636363636e-01 0.0000000000e+00 nan nan
8.6363636364e-01 1.3636363636e-01 0.0000000000e+00 nan nan
8.9393939394e-01 1.3636363636e-01 0.0000000000e+00 nan nan
9.2424242424e-01 1.3636363636e-01 0.0000000000e+00 nan nan
9.5454545455e-01 1.3636363636e-01 0.0000000000e+00 nan nan
9.8484848485e-01 1.3636363636e-01 0.0000000000e+00 nan nan
1.0151515152e+00 1.3636363636e-01 0.0000000000e+00 nan nan
1.0454545455e+00 1.3636363636e-01 0.0000000000e+00 nan nan
1.0757575758e+00 1.3636363636e-01 0.0000000000e+00 nan nan
1.1060606061e+00 1.3636363636e-01 0.0000000000e+00 nan nan
1.1363636364e+00 1.3636363636e-01 0.0000000000e+00 nan nan
1.1666666667e+00 1.3636363636e-01 0.0000000000e+00 nan nan
1.1969696970e+00 1.3636363636e-01 0.0000000000e+00 nan nan
1.2272727273e+00 1.3636363636e-01 0.0000000000e+00 nan nan
1.2575757576e+00 1.3636363636e-01 0.0000000000e+00 nan nan
1.2878787879e+00 1.3636363636e-01 0.0000000000e+00 nan nan
1.3181818182e+00 1.3636363636e-01 0.0000000000e+00 nan nan
1.3484848485e+00 1.3636363636e-01 0.0000000000e+00 5.3938942502e-07 -5.4249822589e-07
1.3787878788e+00 1.3636363636e-01 0.0000000000e+00 5.3145772729e-07 -5.3470638924e-07
1.4090909091e+00 1.3636363636e-01 0.0000000000e+00 5.2334772468e-07 -5.2673935573e-07
1.4393939394e+00 1.3636363636e-01 0.0000000000e+00 5.1505781695e-07 -5.1859552513e-07
1.4696969697e+00 1.3636363636e-01 0.0000000000e+00 5.0658620390e-07 -5.1027309722e-07
1.5000000000e+00 1.3636363636e-01 0.0000000000e+00 4.9793116825e-07 -5.0177035474e-07
-1.5000000000e+00 1.6666666667e-01 0.0000000000e+00 4.9602850033e-07 -4.9988322694e-07
-1.4696969697e+00 1.6666666667e-01 0.0000000000e+00 5.0468450268e-07 -5.0838693612e-07
-1.4393939394e+00 1.6666666667e-01 0.0000000000e+00 5.1317714570e-07 -5.1673039399e-07
-1.4090909091e+00 1.6666666667e-01 0.0000000000e+00 5.2150157248e-07 -5.2490874365e-07
-1.3787878788e+00 1.6666666667e-01 0.0000000000e+00 5.2965483386e-07 -5.3291903593e-07
-1.3484848485e+00 1.6666666667e-01 0.0000000000e+00 5.3763511962e-07 -5.4075946062e-07
-1.3181818182e+00 1.6666666667e-01 0.0000000000e+00 nan nan
-1.2878787879e+00 1.6666666667e-01 0.0000000000e+00 nan nan
-1.2575757576e+00 1.6666666667e-01 0.0000000000e+00 nan nan
-1.2272727273e+00 1.6666666667e-01 0.0000000000e+00 nan nan
-1.1969696970e+00 1.6666666667e-01 0.0000000000e+00 nan nan
-1.1666666667e+00 1.6666666667e-01 0.0000000000e+00 nan nan
-1.1363636364e+00 1.6666666667e-01 0.0000000000e+00 nan nan
-1.1060606061e+00 1.6666666667e-01 0.0000000000e+00 nan nan
-1.0757575758e+00 1.6666666667e-01 0.0000000000e+00 nan nan
-1.0454545455e+00 1.6666666667e-01 0.0000000000e+00 nan nan
-1.0151515152e+00 1.6666666667e-01 0.0000000000e+00 nan nan
-9.8484848485e-01 1.6666666667e-01 0.0000000000e+00 nan nan
-9.5454545455e-01 1.6666666667e-01 0.0000000000e+00 nan nan
-9.2424242424e-01 1.6666666667e-01 0.0000000000e+00 nan nan
-8.9393939394e-01 1.6666666667e-01 0.0000000000e+00 nan nan
-8.6363636364e-01 1.6666666667e-01 0.0000000000e+00 nan nan
-8.3333333333e-01 1.6666666667e-01 0.0000000000e+00 nan nan
-8.0303030303e-01 1.6666666667e-01 0.0000000000e+00 nan nan
-7.7272727273e-01 1.6666666667e-01 0.0000000000e+00 nan nan
-7.4242424242e-01 1.6666666667e-01 0.0000000000e+00 nan nan
-7.1212121212e-01 1.6666666667e-01 0.0000000000e+00 nan nan
-6.8181818182e-01 1.6666666667e-01 0.0000000000e+00 nan nan
-6.5151515152e-01 1.6666666667e-01 0.0000000000e+00 nan nan
-6.2121212121e-01 1.6666666667e-01 0.0000000000e+00 nan nan
-5.9090909091e-01 1.6666666667e-01 0.0000000000e+00 nan nan
-5.6060606061e-01 1.6666666667e-01 0.0000000000e+00 nan nan
-5.3030303030e-01 1.6666666667e-01 0.0000000000e+00 nan nan
-5.0000000000e-01 1.6666666667e-01 0.0000000000e+00 nan nan
-4.6969696970e-01 1.6666666667e-01 0.0000000000e+00 nan nan
-4.3939393939e-01 1.6666666667e-01 0.0000000000e+00 nan nan
-4.0909090909e-01 1.6666666667e-01 0.0000000000e+00 nan nan
-3.7878787879e-01 1.6666666667e-01 0.0000000000e+00 nan nan
-3.4848484848e-01 1.6666666667e-01 0.0000000000e+00 nan nan
-3.1818181818e-01 1.6666666667e-01 0.0000000000e+00 nan nan
-2.8787878788e-01 1.6666666667e-01 0.0000000000e+00 nan nan
-2.5757575758e-01 1.6666666667e-01 0.0000000000e+00 nan nan
-2.2727272727e-01 1.6666666667e-01 0.0000000000e+00 nan nan
-1.9696969697e-01 1.6666666667e-01 0.0000000000e+00 nan nan
-1.6666666667e-01 1.6666666667e-01 0.0000000000e+00 nan nan
-1.3636363636e-01 1.6666666667e-01 0.0000000000e+00 nan nan
-1.0606060606e-01 1.6666666667e-01 0.0000000000e+00 nan nan
-7.5757575758e-02 1.6666666667e-01 0.0000000000e+00 nan nan
-4.5454545455e-02 1.6666666667e-01 0.0000000000e+00 nan nan
-1.5151515152e-02 1.6666666667e-01 0.0000000000e+00 nan nan
1.5151515152e-02 1.6666666667e-01 0.0000000000e+00 nan nan
4.5454545455e-02 1.6666666667e-01 0.0000000000e+00 nan nan
7.5757575758e-02 1.6666666667e-01 0.0000000000e+00 nan nan
1.0606060606e-01 1.6666666667e-01 0.0000000000e+00 nan nan
1.3636363636e-01 1.6666666667e-01 0.0000000000e+00 nan nan
1.6666666667e-01 1.6666666667e-01 0.0000000000e+00 nan nan
1.9696969697e-01 1.6666666667e-01 0.0000000000e+00 nan nan
2.2727272727e-01 1.6666666667e-01 0.0000000000e+00 nan nan
2.5757575758e-01 1.6666666667e-01 0.0000000000e+00 nan nan
2.8787878788e-01 1.6666666667e-01 0.0000000000e+00 nan nan
3.1818181818e-01 1.6666666667e-01 0.0000000000e+00 nan nan
3.4848484848e-01 1.6666666667e-01 0.0000000000e+00 nan nan
3.7878787879e-01 1.6666666667e-01 0.0000000000e+00 nan nan
4.0909090909e-01 1.6666666667e-01 0.0000000000e+00 nan nan
4.3939393939e-01 1.6666666667e-01 0.0000000000e+00 nan nan
4.6969696970e-01 1.6666666667e-01 0.0000000000e+00 nan nan
5.0000000000e-01 1.6666666667e-01 0.0000000000e+00 nan nan
5.3030303030e-01 1.6666666667e-01 0.0000000000e+00 nan nan
5.6060606061e-01 1.6666666667e-01 0.0000000000e+00 nan nan
5.9090909091e-01 1.6666666667e-01 0.0000000000e+00 nan nan
6.2121212121e-01 1.6666666667e-01 0.0000000000e+00 nan nan
6.5151515152e-01 1.6666666667e-01 0.0000000000e+00 nan nan
6.8181818182e-01 1.6666666667e-01 0.0000000000e+00 nan nan
7.1212121212e-01 1.6666666667e-01 0.0000000000e+00 nan nan
7.4242424242e-01 1.6666666667e-01 0.0000000000e+00 nan nan
7.7272727273e-01 1.6666666667e-01 0.0000000000e+00 nan nan
8.0303030303e-01 1.6666666667e-01 0.0000000000e+00 nan nan
8.3333333333e-01 1.6666666667e-01 0.0000000000e+00 nan nan
8.6363636364e-01 1.6666666667e-01 0.0000000000e+00 nan nan
8.9393939394e-01 1.6666666667e-01 0.0000000000e+00 nan nan
9.2424242424e-01 1.6666666667e-01 0.0000000000e+00 nan nan
9.5454545455e-01 1.6666666667e-01 0.0000000000e+00 nan nan
9.8484848485e-01 1.6666666667e-01 0.0000000000e+00 nan nan
1.0151515152e+00 1.6666666667e-01 0.0000000000e+00 nan nan
1.0454545455e+00 1.6666666667e-01 0.0000000000e+00 nan nan
1.0757575758e+00 1.6666666667e-01 0.0000000000e+00 nan nan
1.1060606061e+00 1.6666666667e-01 0.0000000000e+00 nan nan
1.1363636364e+00 1.6666666667e-01 0.0000000000e+00 nan nan
1.1666666667e+00 1.6666666667e-01 0.0000000000e+00 nan nan
1.1969696970e+00 1.6666666667e-01 0.0000000000e+00 nan nan
1.2272727273e+00 1.6666666667e-01 0.0000000000e+00 nan nan
1.2575757576e+00 1.6666666667e-01 0.0000000000e+00 nan nan
1.2878787879e+00 1.6666666667e-01 0.0000000000e+00 nan nan
1.3181818182e+00 1.6666666667e-01 0.0000000000e+00 nan nan
1.3484848485e+00 1.6666666667e-01 0.0000000000e+00 5.3852932900e-07 -5.4165367000e-07
1.3787878788e+00 1.6666666667e-01 0.0000000000e+00 5.3061337027e-07 -5.3387757234e-07
1.4090909091e+00 1.6666666667e-01 0.0000000000e+00 5.2252251773e-07 -5.2592968890e-07
1.4393939394e+00 1.6666666667e-01 0.0000000000e+00 5.1425588120e-07 -5.1780912950e-07
1.4696969697e+00 1.6666666667e-01 0.0000000000e+00 5.0581247804e-07 -5.0951491148e-07
1.5000000000e+00 1.6666666667e-01 0.0000000000e+00 4.9719146156e-07 -5.0104618817e-07
-1.5000000000e+00 1.9696969697e-01 0.0000000000e+00 4.9456449761e-07 -4.9843787236e-07
-1.4696969697e+00 1.9696969697e-01 0.0000000000e+00 5.0328726456e-07 -5.0700834614e-07
-1.4393939394e+00 1.9696969697e-01 0.0000000000e+00 5.1183497185e-07 -5.1540686829e-07
-1.4090909091e+00 1.9696969697e-01 0.0000000000e+00 5.2020437681e-07 -5.2363019612e-07
-1.3787878788e+00 1.9696969697e-01 0.0000000000e+00 5.2839461509e-07 -5.3167746530e-07
-1.3484848485e+00 1.9696969697e-01 0.0000000000e+00 5.3640557195e-07 -5.3954856109e-07
-1.3181818182e+00 1.9696969697e-01 0.0000000000e+00 nan nan
-1.2878787879e+00 1.9696969697e-01 0.0000000000e+00 nan nan
-1.2575757576e+00 1.9696969697e-01 0.0000000000e+00 nan nan
-1.2272727273e+00 1.9696969697e-01 0.0000000000e+00 nan nan
-1.1969696970e+00 1.9696969697e-01 0.0000000000e+00 nan nan
-1.1666666667e+00 1.9696969697e-01 0.0000000000e+00 nan nan
-1.1363636364e+00 1.9696969697e-01 0.0000000000e+00 nan nan
-1.1060606061e+00 1.9696969697e-01 0.0000000000e+00 nan nan
-1.0757575758e+00 1.9696969697e-01 0.0000000000e+00 nan nan
-1.0454545455e+00 1.9696969697e-01 0.0000000000e+00 nan nan
-1.0151515152e+00 1.9696969697e-01 0.0000000000e+00 nan nan
-9.8484848485e-01 1.9696969697e-01 0.0000000000e+00 nan nan
-9.5454545455e-01 1.9696969697e-01 0.0000000000e+00 nan nan
-9.2424242424e-01 1.9696969697e-01 0.0000000000e+00 nan nan
-8.9393939394e-01 1.9696969697e-01 0.0000000000e+00 nan nan
-8.6363636364e-01 1.9696969697e-01 0.0000000000e+00 nan nan
-8.3333333333e-01 1.9696969697e-01 0.0000000000e+00 nan nan
-8.0303030303e-01 1.9696969697e-01 0.0000000000e+00 nan nan
-7.7272727273e-01 1.9696969697e-01 0.0000000000e+00 nan nan
-7.4242424242e-01 1.9696969697e-01 0.0000000000e+00 nan nan
-7.1212121212e-01 1.9696969697e-01 0.0000000000e+00 nan nan
-6.8181818182e-01 1.9696969697e-01 0.0000000000e+00 nan nan
-6.5151515152e-01 1.9696969697e-01 0.0000000000e+00 nan nan
-6.2121212121e-01 1.9696969697e-01 0.0000000000e+00 nan nan
-5.9090909091e-01 1.9696969697e-01 0.0000000000e+00 nan nan
-5.6060606061e-01 1.9696969697e-01 0.0000000000e+00 nan nan
-5.3030303030e-01 1.9696969697e-01 0.0000000000e+00 nan nan
-5.0000000000e-01 1.9696969697e-01 0.0000000000e+00 nan nan
-4.6969696970e-01 1.9696969697e-01 0.0000000000e+00 nan nan
-4.3939393939e-01 1.9696969697e-01 0.0000000000e+00 nan nan
-4.0909090909e-01 1.9696969697e-01 0.0000000000e+00 nan nan
-3.7878787879e-01 1.9696969697e-01 0.0000000000e+00 nan nan
-3.4848484848e-01 1.9696969697e-01 0.0000000000e+00 nan nan
-3.1818181818e-01 1.9696969697e-01 0.0000000000e+00 nan nan
-2.8787878788e-01 1.9696969697e-01 0.0000000000e+00 nan nan
-2.5757575758e-01 1.9696969697e-01 0.0000000000e+00 nan nan
-2.2727272727e-01 1.9696969697e-01 0.0000000000e+00 nan nan
-1.9696969697e-01 1.9696969697e-01 0.0000000000e+00 nan nan
-1.6666666667e-01 1.9696969697e-01 0.0000000000e+00 nan nan
-1.3636363636e-01 1.9696969697e-01 0.0000000000e+00 nan nan
-1.0606060606e-01 1.9696969697e-01 0.0000000000e+00 nan nan
-7.5757575758e-02 1.9696969697e-01 0.0000000000e+00 nan nan
-4.5454545455e-02 1.9696969697e-01 0.0000000000e+00 nan nan
-1.5151515152e-02 1.9696969697e-01 0.0000000000e+00 nan nan
1.5151515152e-02 1.9696969697e-01 0.0000000000e+00 nan nan
4.5454545455e-02 1.9696969697e-01 0.0000000000e+00 nan nan
7.5757575758e-02 1.9696969697e-01 0.0000000000e+00 nan nan
1.0606060606e-01 1.9696969697e-01 0.0000000000e+00 nan nan
1.3636363636e-01 1.9696969697e-01 0.0000000000e+00 nan nan
1.6666666667e-01 1.9696969697e-01 0.0000000000e+00 nan nan
1.9696969697e-01 1.9696969697e-01 0.0000000000e+00 nan nan
2.2727272727e-01 1.9696969697e-01 0.0000000000e+00 nan nan
2.5757575758e-01 1.9696969697e-01 0.0000000000e+00 nan nan
2.8787878788e-01 1.9696969697e-01 0.0000000000e+00 nan nan
3.1818181818e-01 1.9696969697e-01 0.0000000000e+00 nan nan
3.4848484848e-01 1.9696969697e-01 0.0000000000e+00 nan nan
3.7878787879e-01 1.9696969697e-01 0.0000000000e+00 nan nan
4.0909090909e-01 1.9696969697e-01 0.0000000000e+00 nan nan
4.3939393939e-01 1.9696969697e-01 0.0000000000e+00 nan nan
4.6969696970e-01 1.9696969697e-01 0.0000000000e+00 nan nan
5.0000000000e-01 1.9696969697e-01 0.0000000000e+00 nan nan
5.3030303030e-01 1.9696969697e-01 0.0000000000e+00 nan nan
5.6060606061e-01 1.9696969697e-01 0.0000000000e+00 nan nan
5.9090909091e-01 1.9696969697e-01 0.0000000000e+00 nan nan
6.2121212121e-01 1.9696969697e-01 0.0000000000e+00 nan nan
6.5151515152e-01 1.9696969697e-01 0.0000000000e+00 nan nan
6.8181818182e-01 1.9696969697e-01 0.0000000000e+00 nan nan
7.1212121212e-01 1.9696969697e-01 0.0000000000e+00 nan nan
7.4242424242e-01 1.9696969697e-01 0.0000000000e+00 nan nan
7.7272727273e-01 1.9696969697e-01 0.0000000000e+00 nan nan
8.0303030303e-01 1.9696969697e-01 0.0000000000e+00 nan nan
8.3333333333e-01 1.9696969697e-01 0.0000000000e+00 nan nan
8.6363636364e-01 1.9696969697e-01 0.0000000000e+00 nan nan
8.9393939394e-01 1.9696969697e-01 0.0000000000e+00 nan nan
9.2424242424e-01 1.9696969697e-01 0.0000000000e+00 nan nan
9.5454545455e-01 1.9696969697e-01 0.0000000000e+00 nan nan
9.8484848485e-01 1.9696969697e-01 0.0000000000e+00 nan nan
1.0151515152e+00 1.9696969697e-01 0.0000000000e+00 nan nan
1.0454545455e+00 1.9696969697e-01 0.0000000000e+00 nan nan
1.0757575758e+00 1.9696969697e-01 0.0000000000e+00 nan nan
1.1060606061e+00 1.9696969697e-01 0.0000000000e+00 nan nan
1.1363636364e+00 1.9696969697e-01 0.0000000000e+00 nan nan
1.1666666667e+00 1.9696969697e-01 0.0000000000e+00 nan nan
1.1969696970e+00 1.9696969697e-01 0.0000000000e+00 nan nan
1.2272727273e+00 1.9696969697e-01 0.0000000000e+00 nan nan
1.2575757576e+00 1.9696969697e-01 0.0000000000e+00 nan nan
1.2878787879e+00 1.9696969697e-01 0.0000000000e+00 nan nan
1.3181818182e+00 1.9696969697e-01 0.0000000000e+00 nan nan
1.3484848485e+00 1.9696969697e-01 0.0000000000e+00 5.3749203081e-07 -5.4063501995e-07
1.3787878788e+00 1.9696969697e-01 0.0000000000e+00 5.2959207825e-07 -5.3287492847e-07
1.4090909091e+00 1.9696969697e-01 0.0000000000e+00 5.2152055581e-07 -5.2494637512e-07
1.4393939394e+00 1.9696969697e-01 0.0000000000e+00 5.1327718319e-07 -5.1684907963e-07
1.4696969697e+00 1.9696969697e-01 0.0000000000e+00 5.0486161868e-07 -5.0858270026e-07
1.5000000000e+00 1.9696969697e-01 0.0000000000e+00 4.9627357224e-07 -5.0014694699e-07
-1.5000000000e+00 2.2727272727e-01 0.0000000000e+00 4.9291332669e-07 -4.9680845761e-07
-1.4696969697e+00 2.2727272727e-01 0.0000000000e+00 5.0171045462e-07 -5.0545329237e-07
-1.4393939394e+00 2.2727272727e-01 0.0000000000e+00 5.1031712593e-07 -5.1391077853e-07
-1.4090909091e+00 2.2727272727e-01 0.0000000000e+00 5.1873332808e-07 -5.2218090356e-07
-1.3787878788e+00 2.2727272727e-01 0.0000000000e+00 5.2696145879e-07 -5.3026606517e-07
-1.3484848485e+00 2.2727272727e-01 0.0000000000e+00 5.3500356317e-07 -5.3816830848e-07
-1.3181818182e+00 2.2727272727e-01 0.0000000000e+00 nan nan
-1.2878787879e+00 2.2727272727e-01 0.0000000000e+00 nan nan
-1.2575757576e+00 2.2727272727e-01 0.0000000000e+00 nan nan
-1.2272727273e+00 2.2727272727e-01 0.0000000000e+00 nan nan
-1.1969696970e+00 2.2727272727e-01 0.0000000000e+00 nan nan
-1.1666666667e+00 2.2727272727e-01 0.0000000000e+00 nan nan
-1.1363636364e+00 2.2727272727e-01 0.0000000000e+00 nan nan
-1.1060606061e+00 2.2727272727e-01 0.0000000000e+00 nan nan
-1.0757575758e+00 2.2727272727e-01 0.0000000000e+00 nan nan
-1.0454545455e+00 2.2727272727e-01 0.0000000000e+00 nan nan
-1.0151515152e+00 2.2727272727e-01 0.0000000000e+00 nan nan
-9.8484848485e-01 2.2727272727e-01 0.0000000000e+00 nan nan
-9.5454545455e-01 2.2727272727e-01 0.0000000000e+00 nan nan
-9.2424242424e-01 2.2727272727e-01 0.0000000000e+00 nan nan
-8.9393939394e-01 2.2727272727e-01 0.0000000000e+00 nan nan
-8.6363636364e-01 2.2727272727e-01 0.0000000000e+00 nan nan
-8.3333333333e-01 2.2727272727e-01 0.0000000000e+00 nan nan
-8.0303030303e-01 2.2727272727e-01 0.0000000000e+00 nan nan
-7.7272727273e-01 2.2727272727e-01 0.0000000000e+00 nan nan
-7.4242424242e-01 2.2727272727e-01 0.0000000000e+00 nan nan
-7.1212121212e-01 2.2727272727e-01 0.0000000000e+00 nan nan
-6.8181818182e-01 2.2727272727e-01 0.0000000000e+00 nan nan
-6.5151515152e-01 2.2727272727e-01 0.0000000000e+00 nan nan
-6.2121212121e-01 2.2727272727e-01 0.0000000000e+00 nan nan
-5.9090909091e-01 2.2727272727e-01 0.0000000000e+00 nan nan
-5.6060606061e-01 2.2727272727e-01 0.0000000000e+00 nan nan
-5.3030303030e-01 2.2727272727e-01 0.0000000000e+00 nan nan
-5.0000000000e-01 2.2727272727e-01 0.0000000000e+00 nan nan
-4.6969696970e-01 2.2727272727e-01 0.0000000000e+00 nan nan
-4.3939393939e-01 2.2727272727e-01 0.0000000000e+00 nan nan
-4.0909090909e-01 2.2727272727e-01 0.0000000000e+00 nan nan
-3.7878787879e-01 2.2727272727e-01 0.0000000000e+00 nan nan
-3.4848484848e-01 2.2727272727e-01 0.0000000000e+00 nan nan
-3.1818181818e-01 2.2727272727e-01 0.0000000000e+00 nan nan
-2.8787878788e-01 2.2727272727e-01 0.0000000000e+00 nan nan
-2.5757575758e-01 2.2727272727e-01 0.0000000000e+00 nan nan
-2.2727272727e-01 2.2727272727e-01 0.0000000000e+00 nan nan
-1.9696969697e-01 2.2727272727e-01 0.0000000000e+00 nan nan
-1.6666666667e-01 2.2727272727e-01 0.0000000000e+00 nan nan
-1.3636363636e-01 2.2727272727e-01 0.0000000000e+00 nan nan
-1.0606060606e-01 2.2727272727e-01 0.0000000000e+00 nan nan
-7.5757575758e-02 2.2727272727e-01 0.0000000000e+00 nan nan
-4.5454545455e-02 2.2727272727e-01 0.0000000000e+00 nan nan
-1.5151515152e-02 2.2727272727e-01 0.0000000000e+00 nan nan
1.5151515152e-02 2.2727272727e-01 0.0000000000e+00 nan nan
4.5454545455e-02 2.2727272727e-01 0.0000000000e+00 nan nan
7.5757575758e-02 2.2727272727e-01 0.0000000000e+00 nan nan
1.0606060606e-01 2.2727272727e-01 0.0000000000e+00 nan nan
1.3636363636e-01 2.2727272727e-01 0.0000000000e+00 nan nan
1.6666666667e-01 2.2727272727e-01 0.0000000000e+00 nan nan
1.9696969697e-01 2.2727272727e-01 0.0000000000e+00 nan nan
2.2727272727e-01 2.2727272727e-01 0.0000000000e+00 nan nan
2.5757575758e-01 2.2727272727e-01 0.0000000000e+00 nan nan
2.8787878788e-01 2.2727272727e-01 0.0000000000e+00 nan nan
3.1818181818e-01 2.2727272727e-01 0.0000000000e+00 nan nan
3.4848484848e-01 2.2727272727e-01 0.0000000000e+00 nan nan
3.7878787879e-01 2.2727272727e-01 0.0000000000e+00 nan nan
4.0909090909e-01 2.2727272727e-01 0.0000000000e+00 nan nan
4.3939393939e-01 2.2727272727e-01 0.0000000000e+00 nan nan
4.6969696970e-01 2.2727272727e-01 0.0000000000e+00 nan nan
5.0000000000e-01 2.2727272727e-01 0.0000000000e+00 nan nan
5.3030303030e-01 2.2727272727e-01 0.0000000000e+00 nan nan
5.6060606061e-01 2.2727272727e-01 0.0000000000e+00 nan nan
5.9090909091e-01 2.2727272727e-01 0.0000000000e+00 nan nan
6.2121212121e-01 2.2727272727e-01 0.0000000000e+00 nan nan
6.5151515152e-01 2.2727272727e-01 0.0000000000e+00 nan nan
6.8181818182e-01 2.2727272727e-01 0.0000000000e+00 nan nan
7.1212121212e-01 2.2727272727e-01 0.0000000000e+00 nan nan
7.4242424242e-01 2.2727272727e-01 0.0000000000e+00 nan nan
7.7272727273e-01 2.2727272727e-01 0.0000000000e+00 nan nan
8.0303030303e-01 2.2727272727e-01 0.0000000000e+00 nan nan
8.3333333333e-01 2.2727272727e-01 0.0000000000e+00 nan nan
8.6363636364e-01 2.2727272727e-01 0.0000000000e+00 nan nan
8.9393939394e-01 2.2727272727e-01 0.0000000000e+00 nan nan
9.2424242424e-01 2.2727272727e-01 0.0000000000e+00 nan nan
9.5454545455e-01 2.2727272727e-01 0.0000000000e+00 nan nan
9.8484848485e-01 2.2727272727e-01 0.0000000000e+00 nan nan
1.0151515152e+00 2.2727272727e-01 0.0000000000e+00 nan nan
1.0454545455e+00 2.2727272727e-01 0.0000000000e+00 nan nan
1.0757575758e+00 2.2727272727e-01 0.0000000000e+00 nan nan
1.1060606061e+00 2.2727272727e-01 0.0000000000e+00 nan nan
1.1363636364e+00 2.2727272727e-01 0.0000000000e+00 nan nan
1.1666666667e+00 2.2727272727e-01 0.0000000000e+00 nan nan
1.1969696970e+00 2.2727272727e-01 0.0000000000e+00 nan nan
1.2272727273e+00 2.2727272727e-01 0.0000000000e+00 nan nan
1.2575757576e+00 2.2727272727e-01 0.0000000000e+00 nan nan
1.2878787879e+00 2.2727272727e-01 0.0000000000e+00 nan nan
1.3181818182e+00 2.2727272727e-01 0.0000000000e+00 nan nan
1.3484848485e+00 2.2727272727e-01 0.0000000000e+00 5.3627518638e-07 -5.3943993169e-07
1.3787878788e+00 2.2727272727e-01 0.0000000000e+00 5.2839106481e-07 -5.3169567120e-07
1.4090909091e+00 2.2727272727e-01 0.0000000000e+00 5.2033855408e-07 -5.2378612956e-07
1.4393939394e+00 2.2727272727e-01 0.0000000000e+00 5.1211792822e-07 -5.1571158083e-07
1.4696969697e+00 2.2727272727e-01 0.0000000000e+00 5.0372942386e-07 -5.0747226161e-07
1.5000000000e+00 2.2727272727e-01 0.0000000000e+00 4.9517324069e-07 -4.9906837161e-07
-1.5000000000e+00 2.5757575758e-01 0.0000000000e+00 4.9108009250e-07 -4.9500008761e-07
-1.4696969697e+00 2.5757575758e-01 0.0000000000e+00 4.9996167317e-07 -5.0372937511e-07
-1.4393939394e+00 2.5757575758e-01 0.0000000000e+00 5.0862987251e-07 -5.1224838931e-07
-1.4090909091e+00 2.5757575758e-01 0.0000000000e+00 5.1709338877e-07 -5.2056582844e-07
-1.3787878788e+00 2.5757575758e-01 0.0000000000e+00 5.2535946701e-07 -5.2868893759e-07
-1.3484848485e+00 2.5757575758e-01 0.0000000000e+00 5.3343259342e-07 -5.3662220292e-07
-1.3181818182e+00 2.5757575758e-01 0.0000000000e+00 nan nan
-1.2878787879e+00 2.5757575758e-01 0.0000000000e+00 nan nan
-1.2575757576e+00 2.5757575758e-01 0.0000000000e+00 nan nan
-1.2272727273e+00 2.5757575758e-01 0.0000000000e+00 nan nan
-1.1969696970e+00 2.5757575758e-01 0.0000000000e+00 nan nan
-1.1666666667e+00 2.5757575758e-01 0.0000000000e+00 nan nan
-1.1363636364e+00 2.5757575758e-01 0.0000000000e+00 nan nan
-1.1060606061e+00 2.5757575758e-01 0.0000000000e+00 nan nan
-1.0757575758e+00 2.5757575758e-01 0.0000000000e+00 nan nan
-1.0454545455e+00 2.5757575758e-01 0.0000000000e+00 nan nan
-1.0151515152e+00 2.5757575758e-01 0.0000000000e+00 nan nan
-9.8484848485e-01 2.5757575758e-01 0.0000000000e+00 nan nan
-9.5454545455e-01 2.5757575758e-01 0.0000000000e+00 nan nan
-9.2424242424e-01 2.5757575758e-01 0.0000000000e+00 nan nan
-8.9393939394e-01 2.5757575758e-01 0.0000000000e+00 nan nan
-8.6363636364e-01 2.5757575758e-01 0.0000000000e+00 nan nan
-8.3333333333e-01 2.5757575758e-01 0.0000000000e+00 nan nan
-8.0303030303e-01 2.5757575758e-01 0.0000000000e+00 nan nan
-7.7272727273e-01 2.5757575758e-01 0.0000000000e+00 nan nan
-7.4242424242e-01 2.5757575758e-01 0.0000000000e+00 nan nan
-7.1212121212e-01 2.5757575758e-01 0.0000000000e+00 nan nan
-6.8181818182e-01 2.5757575758e-01 0.0000000000e+00 nan nan
-6.5151515152e-01 2.5757575758e-01 0.0000000000e+00 nan nan
-6.2121212121e-01 2.5757575758e-01 0.0000000000e+00 nan nan
-5.9090909091e-01 2.5757575758e-01 0.0000000000e+00 nan nan
-5.6060606061e-01 2.5757575758e-01 0.0000000000e+00 nan nan
-5.3030303030e-01 2.5757575758e-01 0.0000000000e+00 nan nan
-5.0000000000e-01 2.5757575758e-01 0.0000000000e+00 nan nan
-4.6969696970e-01 2.5757575758e-01 0.0000000000e+00 nan nan
-4.3939393939e-01 2.5757575758e-01 0.0000000000e+00 nan nan
-4.0909090909e-01 2.5757575758e-01 0.0000000000e+00 nan nan
-3.7878787879e-01 2.5757575758e-01 0.0000000000e+00 nan nan
-3.4848484848e-01 2.5757575758e-01 0.0000000000e+00 nan nan
-3.1818181818e-01 2.5757575758e-01 0.0000000000e+00 nan nan
-2.8787878788e-01 2.5757575758e-01 0.0000000000e+00 nan nan
-2.5757575758e-01 2.5757575758e-01 0.0000000000e+00 nan nan
-2.2727272727e-01 2.5757575758e-01 0.0000000000e+00 nan nan
-1.9696969697e-01 2.5757575758e-01 0.0000000000e+00 nan nan
-1.6666666667e-01 2.5757575758e-01 0.0000000000e+00 nan nan
-1.3636363636e-01 2.5757575758e-01 0.0000000000e+00 nan nan
-1.0606060606e-01 2.5757575758e-01 0.0000000000e+00 nan nan
-7.5757575758e-02 2.5757575758e-01 0.0000000000e+00 nan nan
-4.5454545455e-02 2.5757575758e-01 0.0000000000e+00 nan nan
-1.5151515152e-02 2.5757575758e-01 0.0000000000e+00 nan nan
1.5151515152e-02 2.5757575758e-01 0.0000000000e+00 nan nan
4.5454545455e-02 2.5757575758e-01 0.0000000000e+00 nan nan
7.5757575758e-02 2.5757575758e-01 0.0000000000e+00 nan nan
1.0606060606e-01 2.5757575758e-01 0.0000000000e+00 nan nan
1.3636363636e-01 2.5757575758e-01 0.0000000000e+00 nan nan
1.6666666667e-01 2.5757575758e-01 0.0000000000e+00 nan nan
1.9696969697e-01 2.5757575758e-01 0.0000000000e+00 nan nan
2.2727272727e-01 2.5757575758e-01 0.0000000000e+00 nan nan
2.5757575758e-01 2.5757575758e-01 0.0000000000e+00 nan nan
2.8787878788e-01 2.5757575758e-01 0.0000000000e+00 nan nan
3.1818181818e-01 2.5757575758e-01 0.0000000000e+00 nan nan
3.4848484848e-01 2.5757575758e-01 0.0000000000e+00 nan nan
3.7878787879e-01 2.5757575758e-01 0.0000000000e+00 nan nan
4.0909090909e-01 2.5757575758e-01 0.0000000000e+00 nan nan
4.3939393939e-01 2.5757575758e-01 0.0000000000e+00 nan nan
4.6969696970e-01 2.5757575758e-01 0.0000000000e+00 nan nan
5.0000000000e-01 2.5757575758e-01 0.0000000000e+00 nan nan
5.3030303030e-01 2.5757575758e-01 0.0000000000e+00 nan nan
5.6060606061e-01 2.5757575758e-01 0.0000000000e+00 nan nan
5.9090909091e-01 2.5757575758e-01 0.0000000000e+00 nan nan
6.2121212121e-01 2.5757575758e-01 0.0000000000e+00 nan nan
6.5151515152e-01 2.5757575758e-01 0.0000000000e+00 nan nan
6.8181818182e-01 2.5757575758e-01 0.0000000000e+00 nan nan
7.1212121212e-01 2.5757575758e-01 0.0000000000e+00 nan nan
7.4242424242e-01 2.5757575758e-01 0.0000000000e+00 nan nan
7.7272727273e-01 2.5757575758e-01 0.0000000000e+00 nan nan
8.0303030303e-01 2.5757575758e-01 0.0000000000e+00 nan nan
8.3333333333e-01 2.5757575758e-01 0.0000000000e+00 nan nan
8.6363636364e-01 2.5757575758e-01 0.0000000000e+00 nan nan
8.9393939394e-01 2.5757575758e-01 0.0000000000e+00 nan nan
9.2424242424e-01 2.5757575758e-01 0.0000000000e+00 nan nan
9.5454545455e-01 2.5757575758e-01 0.0000000000e+00 nan nan
9.8484848485e-01 2.5757575758e-01 0.0000000000e+00 nan nan
1.0151515152e+00 2.5757575758e-01 0.0000000000e+00 nan nan
1.0454545455e+00 2.5757575758e-01 0.0000000000e+00 nan nan
1.0757575758e+00 2.5757575758e-01 0.0000000000e+00 nan nan
1.1060606061e+00 2.5757575758e-01 0.0000000000e+00 nan nan
1.1363636364e+00 2.5757575758e-01 0.0000000000e+00 nan nan
1.1666666667e+00 2.5757575758e-01 0.0000000000e+00 nan nan
1.1969696970e+00 2.5757575758e-01 0.0000000000e+00 nan nan
1.2272727273e+00 2.5757575758e-01 0.0000000000e+00 nan nan
1.2575757576e+00 2.5757575758e-01 0.0000000000e+00 nan nan
1.2878787879e+00 2.5757575758e-01 0.0000000000e+00 nan nan
1.3181818182e+00 2.5757575758e-01 0.0000000000e+00 nan nan
1.3484848485e+00 2.5757575758e-01 0.0000000000e+00 5.3487660190e-07 -5.3806621140e-07
1.3787878788e+00 2.5757575758e-01 0.0000000000e+00 5.2700775118e-07 -5.3033722175e-07
1.4090909091e+00 2.5757575758e-01 0.0000000000e+00 5.1897350558e-07 -5.2244594525e-07
1.4393939394e+00 2.5757575758e-01 0.0000000000e+00 5.1077467648e-07 -5.1439319327e-07
1.4696969697e+00 2.5757575758e-01 0.0000000000e+00 5.0241211650e-07 -5.0617981844e-07
1.5000000000e+00 2.5757575758e-01 0.0000000000e+00 4.9388666642e-07 -4.9780666153e-07
-1.5000000000e+00 2.8787878788e-01 0.0000000000e+00 4.8910418153e-07 -4.9305214886e-07
-1.4696969697e+00 2.8787878788e-01 0.0000000000e+00 4.9805224582e-07 -5.0184791997e-07
-1.4393939394e+00 2.8787878788e-01 0.0000000000e+00 5.0678004902e-07 -5.1042653803e-07
-1.4090909091e+00 2.8787878788e-01 0.0000000000e+00 5.1528956523e-07 -5.1878997711e-07
-1.3787878788e+00 2.8787878788e-01 0.0000000000e+00 5.2359274251e-07 -5.2695018530e-07
-1.3484848485e+00 2.8787878788e-01 0.0000000000e+00 5.3169617033e-07 -5.3491375204e-07
-1.3181818182e+00 2.8787878788e-01 0.0000000000e+00 nan nan
-1.2878787879e+00 2.8787878788e-01 0.0000000000e+00 nan nan
-1.2575757576e+00 2.8787878788e-01 0.0000000000e+00 nan nan
-1.2272727273e+00 2.8787878788e-01 0.0000000000e+00 nan nan
-1.1969696970e+00 2.8787878788e-01 0.0000000000e+00 nan nan
-1.1666666667e+00 2.8787878788e-01 0.0000000000e+00 nan nan
-1.1363636364e+00 2.8787878788e-01 0.0000000000e+00 nan nan
-1.1060606061e+00 2.8787878788e-01 0.0000000000e+00 nan nan
-1.0757575758e+00 2.8787878788e-01 0.0000000000e+00 nan nan
-1.0454545455e+00 2.8787878788e-01 0.0000000000e+00 nan nan
-1.0151515152e+00 2.8787878788e-01 0.0000000000e+00 nan nan
-9.8484848485e-01 2.8787878788e-01 0.0000000000e+00 nan nan
-9.5454545455e-01 2.8787878788e-01 0.0000000000e+00 nan nan
-9.2424242424e-01 2.8787878788e-01 0.0000000000e+00 nan nan
-8.9393939394e-01 2.8787878788e-01 0.0000000000e+00 nan nan
-8.6363636364e-01 2.8787878788e-01 0.0000000000e+00 nan nan
-8.3333333333e-01 2.8787878788e-01 0.0000000000e+00 nan nan
-8.0303030303e-01 2.8787878788e-01 0.0000000000e+00 nan nan
-7.7272727273e-01 2.8787878788e-01 0.0000000000e+00 nan nan
-7.4242424242e-01 2.8787878788e-01 0.0000000000e+00 nan nan
-7.1212121212e-01 2.8787878788e-01 0.0000000000e+00 nan nan
-6.8181818182e-01 2.8787878788e-01 0.0000000000e+00 nan nan
-6.5151515152e-01 2.8787878788e-01 0.0000000000e+00 nan nan
-6.2121212121e-01 2.8787878788e-01 0.0000000000e+00 nan nan
-5.9090909091e-01 2.8787878788e-01 0.0000000000e+00 nan nan
-5.6060606061e-01 2.8787878788e-01 0.0000000000e+00 nan nan
-5.3030303030e-01 2.8787878788e-01 0.0000000000e+00 nan nan
-5.0000000000e-01 2.8787878788e-01 0.0000000000e+00 nan nan
-4.6969696970e-01 2.8787878788e-01 0.0000000000e+00 nan nan
-4.3939393939e-01 2.8787878788e-01 0.0000000000e+00 nan nan
-4.0909090909e-01 2.8787878788e-01 0.0000000000e+00 nan nan
-3.7878787879e-01 2.8787878788e-01 0.0000000000e+00 nan nan
-3.4848484848e-01 2.8787878788e-01 0.0000000000e+00 nan nan
-3.1818181818e-01 2.8787878788e-01 0.0000000000e+00 nan nan
-2.8787878788e-01 2.8787878788e-01 0.0000000000e+00 nan nan
-2.5757575758e-01 2.8787878788e-01 0.0000000000e+00 nan nan
-2.2727272727e-01 2.8787878788e-01 0.0000000000e+00 nan nan
-1.9696969697e-01 2.8787878788e-01 0.0000000000e+00 nan nan
-1.6666666667e-01 2.8787878788e-01 0.0000000000e+00 nan nan
-1.3636363636e-01 2.8787878788e-01 0.0000000000e+00 nan nan
-1.0606060606e-01 2.8787878788e-01 0.0000000000e+00 nan nan
-7.5757575758e-02 2.8787878788e-01 0.0000000000e+00 nan nan
-4.5454545455e-02 2.8787878788e-01 0.0000000000e+00 nan nan
-1.5151515152e-02 2.8787878788e-01 0.0000000000e+00 nan nan
1.5151515152e-02 2.8787878788e-01 0.0000000000e+00 nan nan
4.5454545455e-02 2.8787878788e-01 0.0000000000e+00 nan nan
7.5757575758e-02 2.8787878788e-01 0.0000000000e+00 nan nan
1.0606060606e-01 2.8787878788e-01 0.0000000000e+00 nan nan
1.3636363636e-01 2.8787878788e-01 0.0000000000e+00 nan nan
1.6666666667e-01 2.8787878788e-01 0.0000000000e+00 nan nan
1.9696969697e-01 2.8787878788e-01 0.0000000000e+00 nan nan
2.2727272727e-01 2.8787878788e-01 0.0000000000e+00 nan nan
2.5757575758e-01 2.8787878788e-01 0.0000000000e+00 nan nan
2.8787878788e-01 2.8787878788e-01 0.0000000000e+00 nan nan
3.1818181818e-01 2.8787878788e-01 0.0000000000e+00 nan nan
3.4848484848e-01 2.8787878788e-01 0.0000000000e+00 nan nan
3.7878787879e-01 2.8787878788e-01 0.0000000000e+00 nan nan
4.0909090909e-01 2.8787878788e-01 0.0000000000e+00 nan nan
4.3939393939e-01 2.8787878788e-01 0.0000000000e+00 nan nan
4.6969696970e-01 2.8787878788e-01 0.0000000000e+00 nan nan
5.0000000000e-01 2.8787878788e-01 0.0000000000e+00 nan nan
5.3030303030e-01 2.8787878788e-01 0.0000000000e+00 nan nan
5.6060606061e-01 2.8787878788e-01 0.0000000000e+00 nan nan
5.9090909091e-01 2.8787878788e-01 0.0000000000e+00 nan nan
6.2121212121e-01 2.8787878788e-01 0.0000000000e+00 nan nan
6.5151515152e-01 2.8787878788e-01 0.0000000000e+00 nan nan
6.8181818182e-01 2.8787878788e-01 0.0000000000e+00 nan nan
7.1212121212e-01 2.8787878788e-01 0.0000000000e+00 nan nan
7.4242424242e-01 2.8787878788e-01 0.0000000000e+00 nan nan
7.7272727273e-01 2.8787878788e-01 0.0000000000e+00 nan nan
8.0303030303e-01 2.8787878788e-01 0.0000000000e+00 nan nan
8.3333333333e-01 2.8787878788e-01 0.0000000000e+00 nan nan
8.6363636364e-01 2.8787878788e-01 0.0000000000e+00 nan nan
8.9393939394e-01 2.8787878788e-01 0.0000000000e+00 nan nan
9.2424242424e-01 2.8787878788e-01 0.0000000000e+00 nan nan
9.5454545455e-01 2.8787878788e-01 0.0000000000e+00 nan nan
9.8484848485e-01 2.8787878788e-01 0.0000000000e+00 nan nan
1.0151515152e+00 2.8787878788e-01 0.0000000000e+00 nan nan
1.0454545455e+00 2.8787878788e-01 0.0000000000e+00 nan nan
1.0757575758e+00 2.8787878788e-01 0.0000000000e+00 nan nan
1.1060606061e+00 2.8787878788e-01 0.0000000000e+00 nan nan
1.1363636364e+00 2.8787878788e-01 0.0000000000e+00 nan nan
1.1666666667e+00 2.8787878788e-01 0.0000000000e+00 nan nan
1.1969696970e+00 2.8787878788e-01 0.0000000000e+00 nan nan
1.2272727273e+00 2.8787878788e-01 0.0000000000e+00 nan nan
1.2575757576e+00 2.8787878788e-01 0.0000000000e+00 nan nan
1.2878787879e+00 2.8787878788e-01 0.0000000000e+00 nan nan
1.3181818182e+00 2.8787878788e-01 0.0000000000e+00 nan nan
1.3484848485e+00 2.8787878788e-01 0.0000000000e+00 5.3329428173e-07 -5.3651186345e-07
1.3787878788e+00 2.8787878788e-01 0.0000000000e+00 5.2543980344e-07 -5.2879724623e-07
1.4090909091e+00 2.8787878788e-01 0.0000000000e+00 5.1742268098e-07 -5.2092309287e-07
1.4393939394e+00 2.8787878788e-01 0.0000000000e+00 5.0924424883e-07 -5.1289073784e-07
1.4696969697e+00 2.8787878788e-01 0.0000000000e+00 5.0090604411e-07 -5.0470171826e-07
1.5000000000e+00 2.8787878788e-01 0.0000000000e+00 4.9240981516e-07 -4.9635778249e-07
-1.5000000000e+00 3.1818181818e-01 0.0000000000e+00 4.8704178918e-07 -4.9102083674e-07
-1.4696969697e+00 3.1818181818e-01 0.0000000000e+00 4.9599510357e-07 -4.9982185797e-07
-1.4393939394e+00 3.1818181818e-01 0.0000000000e+00 5.0477391022e-07 -5.0845147947e-07
-1.4090909091e+00 3.1818181818e-01 0.0000000000e+00 5.1332665667e-07 -5.1685814880e-07
-1.3787878788e+00 3.1818181818e-01 0.0000000000e+00 5.2166536744e-07 -5.2505389047e-07
-1.3484848485e+00 3.1818181818e-01 0.0000000000e+00 5.2979782028e-07 -5.3304648223e-07
-1.3181818182e+00 3.1818181818e-01 0.0000000000e+00 5.3772957202e-07 -5.4084148093e-07
-1.2878787879e+00 3.1818181818e-01 0.0000000000e+00 nan nan
-1.2575757576e+00 3.1818181818e-01 0.0000000000e+00 nan nan
-1.2272727273e+00 3.1818181818e-01 0.0000000000e+00 nan nan
-1.1969696970e+00 3.1818181818e-01 0.0000000000e+00 nan nan
-1.1666666667e+00 3.1818181818e-01 0.0000000000e+00 nan nan
-1.1363636364e+00 3.1818181818e-01 0.0000000000e+00 nan nan
-1.1060606061e+00 3.1818181818e-01 0.0000000000e+00 nan nan
-1.0757575758e+00 3.1818181818e-01 0.0000000000e+00 nan nan
-1.0454545455e+00 3.1818181818e-01 0.0000000000e+00 nan nan
-1.0151515152e+00 3.1818181818e-01 0.0000000000e+00 nan nan
-9.8484848485e-01 3.1818181818e-01 0.0000000000e+00 nan nan
-9.5454545455e-01 3.1818181818e-01 0.0000000000e+00 nan nan
-9.2424242424e-01 3.1818181818e-01 0.0000000000e+00 nan nan
-8.9393939394e-01 3.1818181818e-01 0.0000000000e+00 nan nan
-8.6363636364e-01 3.1818181818e-01 0.0000000000e+00 nan nan
-8.3333333333e-01 3.1818181818e-01 0.0000000000e+00 nan nan
-8.0303030303e-01 3.1818181818e-01 0.0000000000e+00 nan nan
-7.7272727273e-01 3.1818181818e-01 0.0000000000e+00 nan nan
-7.4242424242e-01 3.1818181818e-01 0.0000000000e+00 nan nan
-7.1212121212e-01 3.1818181818e-01 0.0000000000e+00 nan nan
-6.8181818182e-01 3.1818181818e-01 0.0000000000e+00 nan nan
-6.5151515152e-01 3.1818181818e-01 0.0000000000e+00 nan nan
-6.2121212121e-01 3.1818181818e-01 0.0000000000e+00 nan nan
-5.9090909091e-01 3.1818181818e-01 0.0000000000e+00 nan nan
-5.6060606061e-01 3.1818181818e-01 0.0000000000e+00 nan nan
-5.3030303030e-01 3.1818181818e-01 0.0000000000e+00 nan nan
-5.0000000000e-01 3.1818181818e-01 0.0000000000e+00 nan nan
-4.6969696970e-01 3.1818181818e-01 0.0000000000e+00 nan nan
-4.3939393939e-01 3.1818181818e-01 0.0000000000e+00 nan nan
-4.0909090909e-01 3.1818181818e-01 0.0000000000e+00 nan nan
-3.7878787879e-01 3.1818181818e-01 0.0000000000e+00 nan nan
-3.4848484848e-01 3.1818181818e-01 0.0000000000e+00 nan nan
-3.1818181818e-01 3.1818181818e-01 0.0000000000e+00 nan nan
-2.8787878788e-01 3.1818181818e-01 0.0000000000e+00 nan nan
-2.5757575758e-01 3.1818181818e-01 0.0000000000e+00 nan nan
-2.2727272727e-01 3.1818181818e-01 0.0000000000e+00 nan nan
-1.9696969697e-01 3.1818181818e-01 0.0000000000e+00 nan nan
-1.6666666667e-01 3.1818181818e-01 0.0000000000e+00 nan nan
-1.3636363636e-01 3.1818181818e-01 0.0000000000e+00 nan nan
-1.0606060606e-01 3.1818181818e-01 0.0000000000e+00 nan nan
-7.5757575758e-02 3.1818181818e-01 0.0000000000e+00 nan nan
-4.5454545455e-02 3.1818181818e-01 0.0000000000e+00 nan nan
-1.5151515152e-02 3.1818181818e-01 0.0000000000e+00 nan nan
1.5151515152e-02 3.1818181818e-01 0.0000000000e+00 nan nan
4.5454545455e-02 3.1818181818e-01 0.0000000000e+00 nan nan
7.5757575758e-02 3.1818181818e-01 0.0000000000e+00 nan nan
1.0606060606e-01 3.1818181818e-01 0.0000000000e+00 nan nan
1.3636363636e-01 3.1818181818e-01 0.0000000000e+00 nan nan
1.6666666667e-01 3.1818181818e-01 0.0000000000e+00 nan nan
1.9696969697e-01 3.1818181818e-01 0.0000000000e+00 nan nan
2.2727272727e-01 3.1818181818e-01 0.0000000000e+00 nan nan
2.5757575758e-01 3.1818181818e-01 0.0000000000e+00 nan nan
2.8787878788e-01 3.1818181818e-01 0.0000000000e+00 nan nan
3.1818181818e-01 3.1818181818e-01 0.0000000000e+00 nan nan
3.4848484848e-01 3.1818181818e-01 0.0000000000e+00 nan nan
3.7878787879e-01 3.1818181818e-01 0.0000000000e+00 nan nan
4.0909090909e-01 3.1818181818e-01 0.0000000000e+00 nan nan
4.3939393939e-01 3.1818181818e-01 0.0000000000e+00 nan nan
4.6969696970e-01 3.1818181818e-01 0.0000000000e+00 nan nan
5.0000000000e-01 3.1818181818e-01 0.0000000000e+00 nan nan
5.3030303030e-01 3.1818181818e-01 0.0000000000e+00 nan nan
5.6060606061e-01 3.1818181818e-01 0.0000000000e+00 nan nan
5.9090909091e-01 3.1818181818e-01 0.0000000000e+00 nan nan
6.2121212121e-01 3.1818181818e-01 0.0000000000e+00 nan nan
6.5151515152e-01 3.1818181818e-01 0.0000000000e+00 nan nan
6.8181818182e-01 3.1818181818e-01 0.0000000000e+00 nan nan
7.1212121212e-01 3.1818181818e-01 0.0000000000e+00 nan nan
7.4242424242e-01 3.1818181818e-01 0.0000000000e+00 nan nan
7.7272727273e-01 3.1818181818e-01 0.0000000000e+00 nan nan
8.0303030303e-01 3.1818181818e-01 0.0000000000e+00 nan nan
8.3333333333e-01 3.1818181818e-01 0.0000000000e+00 nan nan
8.6363636364e-01 3.1818181818e-01 0.0000000000e+00 nan nan
8.9393939394e-01 3.1818181818e-01 0.0000000000e+00 nan nan
9.2424242424e-01 3.1818181818e-01 0.0000000000e+00 nan nan
9.5454545455e-01 3.1818181818e-01 0.0000000000e+00 nan nan
9.8484848485e-01 3.1818181818e-01 0.0000000000e+00 nan nan
1.0151515152e+00 3.1818181818e-01 0.0000000000e+00 nan nan
1.0454545455e+00 3.1818181818e-01 0.0000000000e+00 nan nan
1.0757575758e+00 3.1818181818e-01 0.0000000000e+00 nan nan
1.1060606061e+00 3.1818181818e-01 0.0000000000e+00 nan nan
1.1363636364e+00 3.1818181818e-01 0.0000000000e+00 nan nan
1.1666666667e+00 3.1818181818e-01 0.0000000000e+00 nan nan
1.1969696970e+00 3.1818181818e-01 0.0000000000e+00 nan nan
1.2272727273e+00 3.1818181818e-01 0.0000000000e+00 nan nan
1.2575757576e+00 3.1818181818e-01 0.0000000000e+00 nan nan
1.2878787879e+00 3.1818181818e-01 0.0000000000e+00 nan nan
1.3181818182e+00 3.1818181818e-01 0.0000000000e+00 5.3920603395e-07 -5.4231794285e-07
1.3484848485e+00 3.1818181818e-01 0.0000000000e+00 5.3152647266e-07 -5.3477513462e-07
1.3787878788e+00 3.1818181818e-01 0.0000000000e+00 5.2368517910e-07 -5.2707370213e-07
1.4090909091e+00 3.1818181818e-01 0.0000000000e+00 5.1568366948e-07 -5.1921516160e-07
1.4393939394e+00 3.1818181818e-01 0.0000000000e+00 5.0752373953e-07 -5.1120130878e-07
1.4696969697e+00 3.1818181818e-01 0.0000000000e+00 4.9920760301e-07 -5.0303435740e-07
1.5000000000e+00 3.1818181818e-01 0.0000000000e+00 4.9073810501e-07 -4.9471715258e-07
-1.5000000000e+00 3.4848484848e-01 0.0000000000e+00 4.8487646955e-07 -4.8888970537e-07
-1.4696969697e+00 3.4848484848e-01 0.0000000000e+00 4.9379047379e-07 -4.9765141644e-07
-1.4393939394e+00 3.4848484848e-01 0.0000000000e+00 5.0261583718e-07 -5.0632759469e-07
-1.4090909091e+00 3.4848484848e-01 0.0000000000e+00 5.1120928532e-07 -5.1477496571e-07
-1.3787878788e+00 3.4848484848e-01 0.0000000000e+00 5.1958150424e-07 -5.2300421553e-07
-1.3484848485e+00 3.4848484848e-01 0.0000000000e+00 5.2774113877e-07 -5.3102398899e-07
-1.3181818182e+00 3.4848484848e-01 0.0000000000e+00 5.3569486239e-07 -5.3884095956e-07
-1.2878787879e+00 3.4848484848e-01 0.0000000000e+00 nan nan
-1.2575757576e+00 3.4848484848e-01 0.0000000000e+00 nan nan
-1.2272727273e+00 3.4848484848e-01 0.0000000000e+00 nan nan
-1.1969696970e+00 3.4848484848e-01 0.0000000000e+00 nan nan
-1.1666666667e+00 3.4848484848e-01 0.0000000000e+00 nan nan
-1.1363636364e+00 3.4848484848e-01 0.0000000000e+00 nan nan
-1.1060606061e+00 3.4848484848e-01 0.0000000000e+00 nan nan
-1.0757575758e+00 3.4848484848e-01 0.0000000000e+00 nan nan
-1.0454545455e+00 3.4848484848e-01 0.0000000000e+00 nan nan
-1.0151515152e+00 3.4848484848e-01 0.0000000000e+00 nan nan
-9.8484848485e-01 3.4848484848e-01 0.0000000000e+00 nan nan
-9.5454545455e-01 3.4848484848e-01 0.0000000000e+00 nan nan
-9.2424242424e-01 3.4848484848e-01 0.0000000000e+00 nan nan
-8.9393939394e-01 3.4848484848e-01 0.0000000000e+00 nan nan
-8.6363636364e-01 3.4848484848e-01 0.0000000000e+00 nan nan
-8.3333333333e-01 3.4848484848e-01 0.0000000000e+00 nan nan
-8.0303030303e-01 3.4848484848e-01 0.0000000000e+00 nan nan
-7.7272727273e-01 3.4848484848e-01 0.0000000000e+00 nan nan
-7.4242424242e-01 3.4848484848e-01 0.0000000000e+00 nan nan
-7.1212121212e-01 3.4848484848e-01 0.0000000000e+00 nan nan
-6.8181818182e-01 3.4848484848e-01 0.0000000000e+00 nan nan
-6.5151515152e-01 3.4848484848e-01 0.0000000000e+00 nan nan
-6.2121212121e-01 3.4848484848e-01 0.0000000000e+00 nan nan
-5.9090909091e-01 3.4848484848e-01 0.0000000000e+00 nan nan
-5.6060606061e-01 3.4848484848e-01 0.0000000000e+00 nan nan
-5.3030303030e-01 3.4848484848e-01 0.0000000000e+00 nan nan
-5.0000000000e-01 3.4848484848e-01 0.0000000000e+00 nan nan
-4.6969696970e-01 3.4848484848e-01 0.0000000000e+00 nan nan
-4.3939393939e-01 3.4848484848e-01 0.0000000000e+00 nan nan
-4.0909090909e-01 3.4848484848e-01 0.0000000000e+00 nan nan
-3.7878787879e-01 3.4848484848e-01 0.0000000000e+00 nan nan
-3.4848484848e-01 3.4848484848e-01 0.0000000000e+00 nan nan
-3.1818181818e-01 3.4848484848e-01 0.0000000000e+00 nan nan
-2.8787878788e-01 3.4848484848e-01 0.0000000000e+00 nan nan
-2.5757575758e-01 3.4848484848e-01 0.0000000000e+00 nan nan
-2.2727272727e-01 3.4848484848e-01 0.0000000000e+00 nan nan
-1.9696969697e-01 3.4848484848e-01 0.0000000000e+00 nan nan
-1.6666666667e-01 3.4848484848e-01 0.0000000000e+00 nan nan
-1.3636363636e-01 3.4848484848e-01 0.0000000000e+00 nan nan
-1.0606060606e-01 3.4848484848e-01 0.0000000000e+00 nan nan
-7.5757575758e-02 3.4848484848e-01 0.0000000000e+00 nan nan
-4.5454545455e-02 3.4848484848e-01 0.0000000000e+00 nan nan
-1.5151515152e-02 3.4848484848e-01 0.0000000000e+00 nan nan
1.5151515152e-02 3.4848484848e-01 0.0000000000e+00 nan nan
4.5454545455e-02 3.4848484848e-01 0.0000000000e+00 nan nan
7.5757575758e-02 3.4848484848e-01 0.0000000000e+00 nan nan
1.0606060606e-01 3.4848484848e-01 0.0000000000e+00 nan nan
1.3636363636e-01 3.4848484848e-01 0.0000000000e+00 nan nan
1.6666666667e-01 3.4848484848e-01 0.0000000000e+00 nan nan
1.9696969697e-01 3.4848484848e-01 0.0000000000e+00 nan nan
2.2727272727e-01 3.4848484848e-01 0.0000000000e+00 nan nan
2.5757575758e-01 3.4848484848e-01 0.0000000000e+00 nan nan
2.8787878788e-01 3.4848484848e-01 0.0000000000e+00 nan nan
3.1818181818e-01 3.4848484848e-01 0.0000000000e+00 nan nan
3.4848484848e-01 3.4848484848e-01 0.0000000000e+00 nan nan
3.7878787879e-01 3.4848484848e-01 0.0000000000e+00 nan nan
4.0909090909e-01 3.4848484848e-01 0.0000000000e+00 nan nan
4.3939393939e-01 3.4848484848e-01 0.0000000000e+00 nan nan
4.6969696970e-01 3.4848484848e-01 0.0000000000e+00 nan nan
5.0000000000e-01 3.4848484848e-01 0.0000000000e+00 nan nan
5.3030303030e-01 3.4848484848e-01 0.0000000000e+00 nan nan
5.6060606061e-01 3.4848484848e-01 0.0000000000e+00 nan nan
5.9090909091e-01 3.4848484848e-01 0.0000000000e+00 nan nan
6.2121212121e-01 3.4848484848e-01 0.0000000000e+00 nan nan
6.5151515152e-01 3.4848484848e-01 0.0000000000e+00 nan nan
6.8181818182e-01 3.4848484848e-01 0.0000000000e+00 nan nan
7.1212121212e-01 3.4848484848e-01 0.0000000000e+00 nan nan
7.4242424242e-01 3.4848484848e-01 0.0000000000e+00 nan nan
7.7272727273e-01 3.4848484848e-01 0.0000000000e+00 nan nan
8.0303030303e-01 3.4848484848e-01 0.0000000000e+00 nan nan
8.3333333333e-01 3.4848484848e-01 0.0000000000e+00 nan nan
8.6363636364e-01 3.4848484848e-01 0.0000000000e+00 nan nan
8.9393939394e-01 3.4848484848e-01 0.0000000000e+00 nan nan
9.2424242424e-01 3.4848484848e-01 0.0000000000e+00 nan nan
9.5454545455e-01 3.4848484848e-01 0.0000000000e+00 nan nan
9.8484848485e-01 3.4848484848e-01 0.0000000000e+00 nan nan
1.0151515152e+00 3.4848484848e-01 0.0000000000e+00 nan nan
1.0454545455e+00 3.4848484848e-01 0.0000000000e+00 nan nan
1.0757575758e+00 3.4848484848e-01 0.0000000000e+00 nan nan
1.1060606061e+00 3.4848484848e-01 0.0000000000e+00 nan nan
1.1363636364e+00 3.4848484848e-01 0.0000000000e+00 nan nan
1.1666666667e+00 3.4848484848e-01 0.0000000000e+00 nan nan
1.1969696970e+00 3.4848484848e-01 0.0000000000e+00 nan nan
1.2272727273e+00 3.4848484848e-01 0.0000000000e+00 nan nan
1.2575757576e+00 3.4848484848e-01 0.0000000000e+00 nan nan
1.2878787879e+00 3.4848484848e-01 0.0000000000e+00 nan nan
1.3181818182e+00 3.4848484848e-01 0.0000000000e+00 5.3724127555e-07 -5.4038737272e-07
1.3484848485e+00 3.4848484848e-01 0.0000000000e+00 5.2957170704e-07 -5.3285455725e-07
1.3787878788e+00 3.4848484848e-01 0.0000000000e+00 5.2174218972e-07 -5.2516490101e-07
1.4090909091e+00 3.4848484848e-01 0.0000000000e+00 5.1375447724e-07 -5.1732015763e-07
1.4393939394e+00 3.4848484848e-01 0.0000000000e+00 5.0561067859e-07 -5.0932243610e-07
1.4696969697e+00 3.4848484848e-01 0.0000000000e+00 4.9731349138e-07 -5.0117443404e-07
1.5000000000e+00 3.4848484848e-01 0.0000000000e+00 4.8886666768e-07 -4.9287990351e-07
-1.5000000000e+00 3.7878787879e-01 0.0000000000e+00 4.8261042857e-07 -4.8666096069e-07
-1.4696969697e+00 3.7878787879e-01 0.0000000000e+00 4.9143989575e-07 -4.9533813469e-07
-1.4393939394e+00 3.7878787879e-01 0.0000000000e+00 5.0031069693e-07 -5.0405975072e-07
-1.4090909091e+00 3.7878787879e-01 0.0000000000e+00 5.0894255713e-07 -5.1254553380e-07
-1.3787878788e+00 3.7878787879e-01 0.0000000000e+00 5.1734560104e-07 -5.2080560862e-07
-1.3484848485e+00 3.7878787879e-01 0.0000000000e+00 5.2552983964e-07 -5.2884998615e-07
-1.3181818182e+00 3.7878787879e-01 0.0000000000e+00 5.3350317604e-07 -5.3668656949e-07
-1.2878787879e+00 3.7878787879e-01 0.0000000000e+00 nan nan
-1.2575757576e+00 3.7878787879e-01 0.0000000000e+00 nan nan
-1.2272727273e+00 3.7878787879e-01 0.0000000000e+00 nan nan
-1.1969696970e+00 3.7878787879e-01 0.0000000000e+00 nan nan
-1.1666666667e+00 3.7878787879e-01 0.0000000000e+00 nan nan
-1.1363636364e+00 3.7878787879e-01 0.0000000000e+00 nan nan
-1.1060606061e+00 3.7878787879e-01 0.0000000000e+00 nan nan
-1.0757575758e+00 3.7878787879e-01 0.0000000000e+00 nan nan
-1.0454545455e+00 3.7878787879e-01 0.0000000000e+00 nan nan
-1.0151515152e+00 3.7878787879e-01 0.0000000000e+00 nan nan
-9.8484848485e-01 3.7878787879e-01 0.0000000000e+00 nan nan
-9.5454545455e-01 3.7878787879e-01 0.0000000000e+00 nan nan
-9.2424242424e-01 3.7878787879e-01 0.0000000000e+00 nan nan
-8.9393939394e-01 3.7878787879e-01 0.0000000000e+00 nan nan
-8.6363636364e-01 3.7878787879e-01 0.0000000000e+00 nan nan
-8.3333333333e-01 3.7878787879e-01 0.0000000000e+00 nan nan
-8.0303030303e-01 3.7878787879e-01 0.0000000000e+00 nan nan
-7.7272727273e-01 3.7878787879e-01 0.0000000000e+00 nan nan
-7.4242424242e-01 3.7878787879e-01 0.0000000000e+00 nan nan
-7.1212121212e-01 3.7878787879e-01 0.0000000000e+00 nan nan
-6.8181818182e-01 3.7878787879e-01 0.0000000000e+00 nan nan
-6.5151515152e-01 3.7878787879e-01 0.0000000000e+00 nan nan
-6.2121212121e-01 3.7878787879e-01 0.0000000000e+00 nan nan
-5.9090909091e-01 3.7878787879e-01 0.0000000000e+00 nan nan
-5.6060606061e-01 3.7878787879e-01 0.0000000000e+00 nan nan
-5.3030303030e-01 3.7878787879e-01 0.0000000000e+00 nan nan
-5.0000000000e-01 3.7878787879e-01 0.0000000000e+00 nan nan
-4.6969696970e-01 3.7878787879e-01 0.0000000000e+00 nan nan
-4.3939393939e-01 3.7878787879e-01 0.0000000000e+00 nan nan
-4.0909090909e-01 3.7878787879e-01 0.0000000000e+00 nan nan
-3.7878787879e-01 3.7878787879e-01 0.0000000000e+00 nan nan
-3.4848484848e-01 3.7878787879e-01 0.0000000000e+00 nan nan
-3.1818181818e-01 3.7878787879e-01 0.0000000000e+00 nan nan
-2.8787878788e-01 3.7878787879e-01 0.0000000000e+00 nan nan
-2.5757575758e-01 3.7878787879e-01 0.0000000000e+00 nan nan
-2.2727272727e-01 3.7878787879e-01 0.0000000000e+00 nan nan
-1.9696969697e-01 3.7878787879e-01 0.0000000000e+00 nan nan
-1.6666666667e-01 3.7878787879e-01 0.0000000000e+00 nan nan
-1.3636363636e-01 3.7878787879e-01 0.0000000000e+00 nan nan
-1.0606060606e-01 3.7878787879e-01 0.0000000000e+00 nan nan
-7.5757575758e-02 3.7878787879e-01 0.0000000000e+00 nan nan
-4.5454545455e-02 3.7878787879e-01 0.0000000000e+00 nan nan
-1.5151515152e-02 3.7878787879e-01 0.0000000000e+00 nan nan
1.5151515152e-02 3.7878787879e-01 0.0000000000e+00 nan nan
4.5454545455e-02 3.7878787879e-01 0.0000000000e+00 nan nan
7.5757575758e-02 3.7878787879e-01 0.0000000000e+00 nan nan
1.0606060606e-01 3.7878787879e-01 0.0000000000e+00 nan nan
1.3636363636e-01 3.7878787879e-01 0.0000000000e+00 nan nan
1.6666666667e-01 3.7878787879e-01 0.0000000000e+00 nan nan
1.9696969697e-01 3.7878787879e-01 0.0000000000e+00 nan nan
2.2727272727e-01 3.7878787879e-01 0.0000000000e+00 nan nan
2.5757575758e-01 3.7878787879e-01 0.0000000000e+00 nan nan
2.8787878788e-01 3.7878787879e-01 0.0000000000e+00 nan nan
3.1818181818e-01 3.7878787879e-01 0.0000000000e+00 nan nan
3.4848484848e-01 3.7878787879e-01 0.0000000000e+00 nan nan
3.7878787879e-01 3.7878787879e-01 0.0000000000e+00 nan nan
4.0909090909e-01 3.7878787879e-01 0.0000000000e+00 nan nan
4.3939393939e-01 3.7878787879e-01 0.0000000000e+00 nan nan
4.6969696970e-01 3.7878787879e-01 0.0000000000e+00 nan nan
5.0000000000e-01 3.7878787879e-01 0.0000000000e+00 nan nan
5.3030303030e-01 3.7878787879e-01 0.0000000000e+00 nan nan
5.6060606061e-01 3.7878787879e-01 0.0000000000e+00 nan nan
5.9090909091e-01 3.7878787879e-01 0.0000000000e+00 nan nan
6.2121212121e-01 3.7878787879e-01 0.0000000000e+00 nan nan
6.5151515152e-01 3.7878787879e-01 0.0000000000e+00 nan nan
6.8181818182e-01 3.7878787879e-01 0.0000000000e+00 nan nan
7.1212121212e-01 3.7878787879e-01 0.0000000000e+00 nan nan
7.4242424242e-01 3.7878787879e-01 0.0000000000e+00 nan nan
7.7272727273e-01 3.7878787879e-01 0.0000000000e+00 nan nan
8.0303030303e-01 3.7878787879e-01 0.0000000000e+00 nan nan
8.3333333333e-01 3.7878787879e-01 0.0000000000e+00 nan nan
8.6363636364e-01 3.7878787879e-01 0.0000000000e+00 nan nan
8.9393939394e-01 3.7878787879e-01 0.0000000000e+00 nan nan
9.2424242424e-01 3.7878787879e-01 0.0000000000e+00 nan nan
9.5454545455e-01 3.7878787879e-01 0.0000000000e+00 nan nan
9.8484848485e-01 3.7878787879e-01 0.0000000000e+00 nan nan
1.0151515152e+00 3.7878787879e-01 0.0000000000e+00 nan nan
1.0454545455e+00 3.7878787879e-01 0.0000000000e+00 nan nan
1.0757575758e+00 3.7878787879e-01 0.0000000000e+00 nan nan
1.1060606061e+00 3.7878787879e-01 0.0000000000e+00 nan nan
1.1363636364e+00 3.7878787879e-01 0.0000000000e+00 nan nan
1.1666666667e+00 3.7878787879e-01 0.0000000000e+00 nan nan
1.1969696970e+00 3.7878787879e-01 0.0000000000e+00 nan nan
1.2272727273e+00 3.7878787879e-01 0.0000000000e+00 nan nan
1.2575757576e+00 3.7878787879e-01 0.0000000000e+00 nan nan
1.2878787879e+00 3.7878787879e-01 0.0000000000e+00 nan nan
1.3181818182e+00 3.7878787879e-01 0.0000000000e+00 5.3508962445e-07 -5.3827301790e-07
1.3484848485e+00 3.7878787879e-01 0.0000000000e+00 5.2742883831e-07 -5.3074898481e-07
1.3787878788e+00 3.7878787879e-01 0.0000000000e+00 5.1960956559e-07 -5.2306957316e-07
1.4090909091e+00 3.7878787879e-01 0.0000000000e+00 5.1163365620e-07 -5.1523663288e-07
1.4393939394e+00 3.7878787879e-01 0.0000000000e+00 5.0350330183e-07 -5.0725235563e-07
1.4696969697e+00 3.7878787879e-01 0.0000000000e+00 4.9522128400e-07 -4.9911952294e-07
1.5000000000e+00 3.7878787879e-01 0.0000000000e+00 4.8679152188e-07 -4.9084205399e-07
-1.5000000000e+00 4.0909090909e-01 0.0000000000e+00 4.8025045401e-07 -4.8434139044e-07
-1.4696969697e+00 4.0909090909e-01 0.0000000000e+00 4.8898672182e-07 -4.9292536507e-07
-1.4393939394e+00 4.0909090909e-01 0.0000000000e+00 4.9786646850e-07 -5.0165592661e-07
-1.4090909091e+00 4.0909090909e-01 0.0000000000e+00 5.0653258057e-07 -5.1017596156e-07
-1.3787878788e+00 4.0909090909e-01 0.0000000000e+00 5.1496248006e-07 -5.1846289195e-07
-1.3484848485e+00 4.0909090909e-01 0.0000000000e+00 5.2316771741e-07 -5.2652826822e-07
-1.3181818182e+00 4.0909090909e-01 0.0000000000e+00 5.3115752439e-07 -5.3438132215e-07
-1.2878787879e+00 4.0909090909e-01 0.0000000000e+00 nan nan
-1.2575757576e+00 4.0909090909e-01 0.0000000000e+00 nan nan
-1.2272727273e+00 4.0909090909e-01 0.0000000000e+00 nan nan
-1.1969696970e+00 4.0909090909e-01 0.0000000000e+00 nan nan
-1.1666666667e+00 4.0909090909e-01 0.0000000000e+00 nan nan
-1.1363636364e+00 4.0909090909e-01 0.0000000000e+00 nan nan
-1.1060606061e+00 4.0909090909e-01 0.0000000000e+00 nan nan
-1.0757575758e+00 4.0909090909e-01 0.0000000000e+00 nan nan
-1.0454545455e+00 4.0909090909e-01 0.0000000000e+00 nan nan
-1.0151515152e+00 4.0909090909e-01 0.0000000000e+00 nan nan
-9.8484848485e-01 4.0909090909e-01 0.0000000000e+00 nan nan
-9.5454545455e-01 4.0909090909e-01 0.0000000000e+00 nan nan
-9.2424242424e-01 4.0909090909e-01 0.0000000000e+00 nan nan
-8.9393939394e-01 4.0909090909e-01 0.0000000000e+00 nan nan
-8.6363636364e-01 4.0909090909e-01 0.0000000000e+00 nan nan
-8.3333333333e-01 4.0909090909e-01 0.0000000000e+00 nan nan
-8.0303030303e-01 4.0909090909e-01 0.0000000000e+00 nan nan
-7.7272727273e-01 4.0909090909e-01 0.0000000000e+00 nan nan
-7.4242424242e-01 4.0909090909e-01 0.0000000000e+00 nan nan
-7.1212121212e-01 4.0909090909e-01 0.0000000000e+00 nan nan
-6.8181818182e-01 4.0909090909e-01 0.0000000000e+00 nan nan
-6.5151515152e-01 4.0909090909e-01 0.0000000000e+00 nan nan
-6.2121212121e-01 4.0909090909e-01 0.0000000000e+00 nan nan
-5.9090909091e-01 4.0909090909e-01 0.0000000000e+00 nan nan
-5.6060606061e-01 4.0909090909e-01 0.0000000000e+00 nan nan
-5.3030303030e-01 4.0909090909e-01 0.0000000000e+00 nan nan
-5.0000000000e-01 4.0909090909e-01 0.0000000000e+00 nan nan
-4.6969696970e-01 4.0909090909e-01 0.0000000000e+00 nan nan
-4.3939393939e-01 4.0909090909e-01 0.0000000000e+00 nan nan
-4.0909090909e-01 4.0909090909e-01 0.0000000000e+00 nan nan
-3.7878787879e-01 4.0909090909e-01 0.0000000000e+00 nan nan
-3.4848484848e-01 4.0909090909e-01 0.0000000000e+00 nan nan
-3.1818181818e-01 4.0909090909e-01 0.0000000000e+00 nan nan
-2.8787878788e-01 4.0909090909e-01 0.0000000000e+00 nan nan
-2.5757575758e-01 4.0909090909e-01 0.0000000000e+00 nan nan
-2.2727272727e-01 4.0909090909e-01 0.0000000000e+00 nan nan
-1.9696969697e-01 4.0909090909e-01 0.0000000000e+00 nan nan
-1.6666666667e-01 4.0909090909e-01 0.0000000000e+00 nan nan
-1.3636363636e-01 4.0909090909e-01 0.0000000000e+00 nan nan
-1.0606060606e-01 4.0909090909e-01 0.0000000000e+00 nan nan
-7.5757575758e-02 4.0909090909e-01 0.0000000000e+00 nan nan
-4.5454545455e-02 4.0909090909e-01 0.0000000000e+00 nan nan
-1.5151515152e-02 4.0909090909e-01 0.0000000000e+00 nan nan
1.5151515152e-02 4.0909090909e-01 0.0000000000e+00 nan nan
4.5454545455e-02 4.0909090909e-01 0.0000000000e+00 nan nan
7.5757575758e-02 4.0909090909e-01 0.0000000000e+00 nan nan
1.0606060606e-01 4.0909090909e-01 0.0000000000e+00 nan nan
1.3636363636e-01 4.0909090909e-01 0.0000000000e+00 nan nan
1.6666666667e-01 4.0909090909e-01 0.0000000000e+00 nan nan
1.9696969697e-01 4.0909090909e-01 0.0000000000e+00 nan nan
2.2727272727e-01 4.0909090909e-01 0.0000000000e+00 nan nan
2.5757575758e-01 4.0909090909e-01 0.0000000000e+00 nan nan
2.8787878788e-01 4.0909090909e-01 0.0000000000e+00 nan nan
3.1818181818e-01 4.0909090909e-01 0.0000000000e+00 nan nan
3.4848484848e-01 4.0909090909e-01 0.0000000000e+00 nan nan
3.7878787879e-01 4.0909090909e-01 0.0000000000e+00 nan nan
4.0909090909e-01 4.0909090909e-01 0.0000000000e+00 nan nan
4.3939393939e-01 4.0909090909e-01 0.0000000000e+00 nan nan
4.6969696970e-01 4.0909090909e-01 0.0000000000e+00 nan nan
5.0000000000e-01 4.0909090909e-01 0.0000000000e+00 nan nan
5.3030303030e-01 4.0909090909e-01 0.0000000000e+00 nan nan
5.6060606061e-01 4.0909090909e-01 0.0000000000e+00 nan nan
5.9090909091e-01 4.0909090909e-01 0.0000000000e+00 nan nan
6.2121212121e-01 4.0909090909e-01 0.0000000000e+00 nan nan
6.5151515152e-01 4.0909090909e-01 0.0000000000e+00 nan nan
6.8181818182e-01 4.0909090909e-01 0.0000000000e+00 nan nan
7.1212121212e-01 4.0909090909e-01 0.0000000000e+00 nan nan
7.4242424242e-01 4.0909090909e-01 0.0000000000e+00 nan nan
7.7272727273e-01 4.0909090909e-01 0.0000000000e+00 nan nan
8.0303030303e-01 4.0909090909e-01 0.0000000000e+00 nan nan
8.3333333333e-01 4.0909090909e-01 0.0000000000e+00 nan nan
8.6363636364e-01 4.0909090909e-01 0.0000000000e+00 nan nan
8.9393939394e-01 4.0909090909e-01 0.0000000000e+00 nan nan
9.2424242424e-01 4.0909090909e-01 0.0000000000e+00 nan nan
9.5454545455e-01 4.0909090909e-01 0.0000000000e+00 nan nan
9.8484848485e-01 4.0909090909e-01 0.0000000000e+00 nan nan
1.0151515152e+00 4.0909090909e-01 0.0000000000e+00 nan nan
1.0454545455e+00 4.0909090909e-01 0.0000000000e+00 nan nan
1.0757575758e+00 4.0909090909e-01 0.0000000000e+00 nan nan
1.1060606061e+00 4.0909090909e-01 0.0000000000e+00 nan nan
1.1363636364e+00 4.0909090909e-01 0.0000000000e+00 nan nan
1.1666666667e+00 4.0909090909e-01 0.0000000000e+00 nan nan
1.1969696970e+00 4.0909090909e-01 0.0000000000e+00 nan nan
1.2272727273e+00 4.0909090909e-01 0.0000000000e+00 nan nan
1.2575757576e+00 4.0909090909e-01 0.0000000000e+00 nan nan
1.2878787879e+00 4.0909090909e-01 0.0000000000e+00 nan nan
1.3181818182e+00 4.0909090909e-01 0.0000000000e+00 5.3275028812e-07 -5.3597408589e-07
1.3484848485e+00 4.0909090909e-01 0.0000000000e+00 5.2509705660e-07 -5.2845760741e-07
1.3787878788e+00 4.0909090909e-01 0.0000000000e+00 5.1728649454e-07 -5.2078690643e-07
1.4090909091e+00 4.0909090909e-01 0.0000000000e+00 5.0932039977e-07 -5.1296378076e-07
1.4393939394e+00 4.0909090909e-01 0.0000000000e+00 5.0120078939e-07 -5.0499024749e-07
1.4696969697e+00 4.0909090909e-01 0.0000000000e+00 4.9293004557e-07 -4.9686868883e-07
1.5000000000e+00 4.0909090909e-01 0.0000000000e+00 4.8451125128e-07 -4.8860218770e-07
-1.5000000000e+00 4.3939393939e-01 0.0000000000e+00 4.7779955190e-07 -4.8193400066e-07
-1.4696969697e+00 4.3939393939e-01 0.0000000000e+00 4.8644323522e-07 -4.9042539081e-07
-1.4393939394e+00 4.3939393939e-01 0.0000000000e+00 4.9529243015e-07 -4.9912540059e-07
-1.4090909091e+00 4.3939393939e-01 0.0000000000e+00 5.0398620762e-07 -5.0767310094e-07
-1.3787878788e+00 4.3939393939e-01 0.0000000000e+00 5.1243713041e-07 -5.1598105463e-07
-1.3484848485e+00 4.3939393939e-01 0.0000000000e+00 5.2065844752e-07 -5.2406251067e-07
-1.3181818182e+00 4.3939393939e-01 0.0000000000e+00 5.2866070029e-07 -5.3192801038e-07
-1.2878787879e+00 4.3939393939e-01 0.0000000000e+00 5.3645203128e-07 -5.3958569635e-07
-1.2575757576e+00 4.3939393939e-01 0.0000000000e+00 nan nan
-1.2272727273e+00 4.3939393939e-01 0.0000000000e+00 nan nan
-1.1969696970e+00 4.3939393939e-01 0.0000000000e+00 nan nan
-1.1666666667e+00 4.3939393939e-01 0.0000000000e+00 nan nan
-1.1363636364e+00 4.3939393939e-01 0.0000000000e+00 nan nan
-1.1060606061e+00 4.3939393939e-01 0.0000000000e+00 nan nan
-1.0757575758e+00 4.3939393939e-01 0.0000000000e+00 nan nan
-1.0454545455e+00 4.3939393939e-01 0.0000000000e+00 nan nan
-1.0151515152e+00 4.3939393939e-01 0.0000000000e+00 nan nan
-9.8484848485e-01 4.3939393939e-01 0.0000000000e+00 nan nan
-9.5454545455e-01 4.3939393939e-01 0.0000000000e+00 nan nan
-9.2424242424e-01 4.3939393939e-01 0.0000000000e+00 nan nan
-8.9393939394e-01 4.3939393939e-01 0.0000000000e+00 nan nan
-8.6363636364e-01 4.3939393939e-01 0.0000000000e+00 nan nan
-8.3333333333e-01 4.3939393939e-01 0.0000000000e+00 nan nan
-8.0303030303e-01 4.3939393939e-01 0.0000000000e+00 nan nan
-7.7272727273e-01 4.3939393939e-01 0.0000000000e+00 nan nan
-7.4242424242e-01 4.3939393939e-01 0.0000000000e+00 nan nan
-7.1212121212e-01 4.3939393939e-01 0.0000000000e+00 nan nan
-6.8181818182e-01 4.3939393939e-01 0.0000000000e+00 nan nan
-6.5151515152e-01 4.3939393939e-01 0.0000000000e+00 nan nan
-6.2121212121e-01 4.3939393939e-01 0.0000000000e+00 nan nan
-5.9090909091e-01 4.3939393939e-01 0.0000000000e+00 nan nan
-5.6060606061e-01 4.3939393939e-01 0.0000000000e+00 nan nan
-5.3030303030e-01 4.3939393939e-01 0.0000000000e+00 nan nan
-5.0000000000e-01 4.3939393939e-01 0.0000000000e+00 nan nan
-4.6969696970e-01 4.3939393939e-01 0.0000000000e+00 nan nan
-4.3939393939e-01 4.3939393939e-01 0.0000000000e+00 nan nan
-4.0909090909e-01 4.3939393939e-01 0.0000000000e+00 nan nan
-3.7878787879e-01 4.3939393939e-01 0.0000000000e+00 nan nan
-3.4848484848e-01 4.3939393939e-01 0.0000000000e+00 nan nan
-3.1818181818e-01 4.3939393939e-01 0.0000000000e+00 nan nan
-2.8787878788e-01 4.3939393939e-01 0.0000000000e+00 nan nan
-2.5757575758e-01 4.3939393939e-01 0.0000000000e+00 nan nan
-2.2727272727e-01 4.3939393939e-01 0.0000000000e+00 nan nan
-1.9696969697e-01 4.3939393939e-01 0.0000000000e+00 nan nan
-1.6666666667e-01 4.3939393939e-01 0.0000000000e+00 nan nan
-1.3636363636e-01 4.3939393939e-01 0.0000000000e+00 nan nan
-1.0606060606e-01 4.3939393939e-01 0.0000000000e+00 nan nan
-7.5757575758e-02 4.3939393939e-01 0.0000000000e+00 nan nan
-4.5454545455e-02 4.3939393939e-01 0.0000000000e+00 nan nan
-1.5151515152e-02 4.3939393939e-01 0.0000000000e+00 nan nan
1.5151515152e-02 4.3939393939e-01 0.0000000000e+00 nan nan
4.5454545455e-02 4.3939393939e-01 0.0000000000e+00 nan nan
7.5757575758e-02 4.3939393939e-01 0.0000000000e+00 nan nan
1.0606060606e-01 4.3939393939e-01 0.0000000000e+00 nan nan
1.3636363636e-01 4.3939393939e-01 0.0000000000e+00 nan nan
1.6666666667e-01 4.3939393939e-01 0.0000000000e+00 nan nan
1.9696969697e-01 4.3939393939e-01 0.0000000000e+00 nan nan
2.2727272727e-01 4.3939393939e-01 0.0000000000e+00 nan nan
2.5757575758e-01 4.3939393939e-01 0.0000000000e+00 nan nan
2.8787878788e-01 4.3939393939e-01 0.0000000000e+00 nan nan
3.1818181818e-01 4.3939393939e-01 0.0000000000e+00 nan nan
3.4848484848e-01 4.3939393939e-01 0.0000000000e+00 nan nan
3.7878787879e-01 4.3939393939e-01 0.0000000000e+00 nan nan
4.0909090909e-01 4.3939393939e-01 0.0000000000e+00 nan nan
4.3939393939e-01 4.3939393939e-01 0.0000000000e+00 nan nan
4.6969696970e-01 4.3939393939e-01 0.0000000000e+00 nan nan
5.0000000000e-01 4.3939393939e-01 0.0000000000e+00 nan nan
5.3030303030e-01 4.3939393939e-01 0.0000000000e+00 nan nan
5.6060606061e-01 4.3939393939e-01 0.0000000000e+00 nan nan
5.9090909091e-01 4.3939393939e-01 0.0000000000e+00 nan nan
6.2121212121e-01 4.3939393939e-01 0.0000000000e+00 nan nan
6.5151515152e-01 4.3939393939e-01 0.0000000000e+00 nan nan
6.8181818182e-01 4.3939393939e-01 0.0000000000e+00 nan nan
7.1212121212e-01 4.3939393939e-01 0.0000000000e+00 nan nan
7.4242424242e-01 4.3939393939e-01 0.0000000000e+00 nan nan
7.7272727273e-01 4.3939393939e-01 0.0000000000e+00 nan nan
8.0303030303e-01 4.3939393939e-01 0.0000000000e+00 nan nan
8.3333333333e-01 4.3939393939e-01 0.0000000000e+00 nan nan
8.6363636364e-01 4.3939393939e-01 0.0000000000e+00 nan nan
8.9393939394e-01 4.3939393939e-01 0.0000000000e+00 nan nan
9.2424242424e-01 4.3939393939e-01 0.0000000000e+00 nan nan
9.5454545455e-01 4.3939393939e-01 0.0000000000e+00 nan nan
9.8484848485e-01 4.3939393939e-01 0.0000000000e+00 nan nan
1.0151515152e+00 4.3939393939e-01 0.0000000000e+00 nan nan
1.0454545455e+00 4.3939393939e-01 0.0000000000e+00 nan nan
1.0757575758e+00 4.3939393939e-01 0.0000000000e+00 nan nan
1.1060606061e+00 4.3939393939e-01 0.0000000000e+00 nan nan
1.1363636364e+00 4.3939393939e-01 0.0000000000e+00 nan nan
1.1666666667e+00 4.3939393939e-01 0.0000000000e+00 nan nan
1.1969696970e+00 4.3939393939e-01 0.0000000000e+00 nan nan
1.2272727273e+00 4.3939393939e-01 0.0000000000e+00 nan nan
1.2575757576e+00 4.3939393939e-01 0.0000000000e+00 nan nan
1.2878787879e+00 4.3939393939e-01 0.0000000000e+00 5.3771153890e-07 -5.4084520397e-07
1.3181818182e+00 4.3939393939e-01 0.0000000000e+00 5.3022271224e-07 -5.3349002233e-07
1.3484848485e+00 4.3939393939e-01 0.0000000000e+00 5.2257587363e-07 -5.2597993678e-07
1.3787878788e+00 4.3939393939e-01 0.0000000000e+00 5.1477260969e-07 -5.1831653391e-07
1.4090909091e+00 4.3939393939e-01 0.0000000000e+00 5.0681454256e-07 -5.1050143588e-07
1.4393939394e+00 4.3939393939e-01 0.0000000000e+00 4.9870330636e-07 -5.0253627680e-07
1.4696969697e+00 4.3939393939e-01 0.0000000000e+00 4.9044050991e-07 -4.9442266550e-07
1.5000000000e+00 4.3939393939e-01 0.0000000000e+00 4.8202763970e-07 -4.8616208846e-07
-1.5000000000e+00 4.6969696970e-01 0.0000000000e+00 4.7525875412e-07 -4.7943982323e-07
-1.4696969697e+00 4.6969696970e-01 0.0000000000e+00 4.8381045467e-07 -4.8783923061e-07
-1.4393939394e+00 4.6969696970e-01 0.0000000000e+00 4.9259828720e-07 -4.9647787800e-07
-1.4090909091e+00 4.6969696970e-01 0.0000000000e+00 5.0131058193e-07 -5.0504409560e-07
-1.3787878788e+00 4.6969696970e-01 0.0000000000e+00 5.0977412729e-07 -5.1336467187e-07
-1.3484848485e+00 4.6969696970e-01 0.0000000000e+00 5.1800518776e-07 -5.2145587126e-07
-1.3181818182e+00 4.6969696970e-01 0.0000000000e+00 5.2601503390e-07 -5.2932896435e-07
-1.2878787879e+00 4.6969696970e-01 0.0000000000e+00 5.3381221008e-07 -5.3699249551e-07
-1.2575757576e+00 4.6969696970e-01 0.0000000000e+00 nan nan
-1.2272727273e+00 4.6969696970e-01 0.0000000000e+00 nan nan
-1.1969696970e+00 4.6969696970e-01 0.0000000000e+00 nan nan
-1.1666666667e+00 4.6969696970e-01 0.0000000000e+00 nan nan
-1.1363636364e+00 4.6969696970e-01 0.0000000000e+00 nan nan
-1.1060606061e+00 4.6969696970e-01 0.0000000000e+00 nan nan
-1.0757575758e+00 4.6969696970e-01 0.0000000000e+00 nan nan
-1.0454545455e+00 4.6969696970e-01 0.0000000000e+00 nan nan
-1.0151515152e+00 4.6969696970e-01 0.0000000000e+00 nan nan
-9.8484848485e-01 4.6969696970e-01 0.0000000000e+00 nan nan
-9.5454545455e-01 4.6969696970e-01 0.0000000000e+00 nan nan
-9.2424242424e-01 4.6969696970e-01 0.0000000000e+00 nan nan
-8.9393939394e-01 4.6969696970e-01 0.0000000000e+00 nan nan
-8.6363636364e-01 4.6969696970e-01 0.0000000000e+00 nan nan
-8.3333333333e-01 4.6969696970e-01 0.0000000000e+00 nan nan
-8.0303030303e-01 4.6969696970e-01 0.0000000000e+00 nan nan
-7.7272727273e-01 4.6969696970e-01 0.0000000000e+00 nan nan
-7.4242424242e-01 4.6969696970e-01 0.0000000000e+00 nan nan
-7.1212121212e-01 4.6969696970e-01 0.0000000000e+00 nan nan
-6.8181818182e-01 4.6969696970e-01 0.0000000000e+00 nan nan
-6.5151515152e-01 4.6969696970e-01 0.0000000000e+00 nan nan
-6.2121212121e-01 4.6969696970e-01 0.0000000000e+00 nan nan
-5.9090909091e-01 4.6969696970e-01 0.0000000000e+00 nan nan
-5.6060606061e-01 4.6969696970e-01 0.0000000000e+00 nan nan
-5.3030303030e-01 4.6969696970e-01 0.0000000000e+00 nan nan
-5.0000000000e-01 4.6969696970e-01 0.0000000000e+00 nan nan
-4.6969696970e-01 4.6969696970e-01 0.0000000000e+00 nan nan
-4.3939393939e-01 4.6969696970e-01 0.0000000000e+00 nan nan
-4.0909090909e-01 4.6969696970e-01 0.0000000000e+00 nan nan
-3.7878787879e-01 4.6969696970e-01 0.0000000000e+00 nan nan
-3.4848484848e-01 4.6969696970e-01 0.0000000000e+00 nan nan
-3.1818181818e-01 4.6969696970e-01 0.0000000000e+00 nan nan
-2.8787878788e-01 4.6969696970e-01 0.0000000000e+00 nan nan
-2.5757575758e-01 4.6969696970e-01 0.0000000000e+00 nan nan
-2.2727272727e-01 4.6969696970e-01 0.0000000000e+00 nan nan
-1.9696969697e-01 4.6969696970e-01 0.0000000000e+00 nan nan
-1.6666666667e-01 4.6969696970e-01 0.0000000000e+00 nan nan
-1.3636363636e-01 4.6969696970e-01 0.0000000000e+00 nan nan
-1.0606060606e-01 4.6969696970e-01 0.0000000000e+00 nan nan
-7.5757575758e-02 4.6969696970e-01 0.0000000000e+00 nan nan
-4.5454545455e-02 4.6969696970e-01 0.0000000000e+00 nan nan
-1.5151515152e-02 4.6969696970e-01 0.0000000000e+00 nan nan
1.5151515152e-02 4.6969696970e-01 0.0000000000e+00 nan nan
4.5454545455e-02 4.6969696970e-01 0.0000000000e+00 nan nan
7.5757575758e-02 4.6969696970e-01 0.0000000000e+00 nan nan
1.0606060606e-01 4.6969696970e-01 0.0000000000e+00 nan nan
1.3636363636e-01 4.6969696970e-01 0.0000000000e+00 nan nan
1.6666666667e-01 4.6969696970e-01 0.0000000000e+00 nan nan
1.9696969697e-01 4.6969696970e-01 0.0000000000e+00 nan nan
2.2727272727e-01 4.6969696970e-01 0.0000000000e+00 nan nan
2.5757575758e-01 4.6969696970e-01 0.0000000000e+00 nan nan
2.8787878788e-01 4.6969696970e-01 0.0000000000e+00 nan nan
3.1818181818e-01 4.6969696970e-01 0.0000000000e+00 nan nan
3.4848484848e-01 4.6969696970e-01 0.0000000000e+00 nan nan
3.7878787879e-01 4.6969696970e-01 0.0000000000e+00 nan nan
4.0909090909e-01 4.6969696970e-01 0.0000000000e+00 nan nan
4.3939393939e-01 4.6969696970e-01 0.0000000000e+00 nan nan
4.6969696970e-01 4.6969696970e-01 0.0000000000e+00 nan nan
5.0000000000e-01 4.6969696970e-01 0.0000000000e+00 nan nan
5.3030303030e-01 4.6969696970e-01 0.0000000000e+00 nan nan
5.6060606061e-01 4.6969696970e-01 0.0000000000e+00 nan nan
5.9090909091e-01 4.6969696970e-01 0.0000000000e+00 nan nan
6.2121212121e-01 4.6969696970e-01 0.0000000000e+00 nan nan
6.5151515152e-01 4.6969696970e-01 0.0000000000e+00 nan nan
6.8181818182e-01 4.6969696970e-01 0.0000000000e+00 nan nan
7.1212121212e-01 4.6969696970e-01 0.0000000000e+00 nan nan
7.4242424242e-01 4.6969696970e-01 0.0000000000e+00 nan nan
7.7272727273e-01 4.6969696970e-01 0.0000000000e+00 nan nan
8.0303030303e-01 4.6969696970e-01 0.0000000000e+00 nan nan
8.3333333333e-01 4.6969696970e-01 0.0000000000e+00 nan nan
8.6363636364e-01 4.6969696970e-01 0.0000000000e+00 nan nan
8.9393939394e-01 4.6969696970e-01 0.0000000000e+00 nan nan
9.2424242424e-01 4.6969696970e-01 0.0000000000e+00 nan nan
9.5454545455e-01 4.6969696970e-01 0.0000000000e+00 nan nan
9.8484848485e-01 4.6969696970e-01 0.0000000000e+00 nan nan
1.0151515152e+00 4.6969696970e-01 0.0000000000e+00 nan nan
1.0454545455e+00 4.6969696970e-01 0.0000000000e+00 nan nan
1.0757575758e+00 4.6969696970e-01 0.0000000000e+00 nan nan
1.1060606061e+00 4.6969696970e-01 0.0000000000e+00 nan nan
1.1363636364e+00 4.6969696970e-01 0.0000000000e+00 nan nan
1.1666666667e+00 4.6969696970e-01 0.0000000000e+00 nan nan
1.1969696970e+00 4.6969696970e-01 0.0000000000e+00 nan nan
1.2272727273e+00 4.6969696970e-01 0.0000000000e+00 nan nan
1.2575757576e+00 4.6969696970e-01 0.0000000000e+00 nan nan
1.2878787879e+00 4.6969696970e-01 0.0000000000e+00 5.3499085023e-07 -5.3817113566e-07
1.3181818182e+00 4.6969696970e-01 0.0000000000e+00 5.2750654341e-07 -5.3082047386e-07
1.3484848485e+00 4.6969696970e-01 0.0000000000e+00 5.1986507396e-07 -5.2331575747e-07
1.3787878788e+00 4.6969696970e-01 0.0000000000e+00 5.1206792037e-07 -5.1565846495e-07
1.4090909091e+00 4.6969696970e-01 0.0000000000e+00 5.0411644799e-07 -5.0784996167e-07
1.4393939394e+00 4.6969696970e-01 0.0000000000e+00 4.9601178946e-07 -4.9989138026e-07
1.4696969697e+00 4.6969696970e-01 0.0000000000e+00 4.8775463713e-07 -4.9178341307e-07
1.5000000000e+00 4.6969696970e-01 0.0000000000e+00 4.7934470624e-07 -4.8352577536e-07
-1.5000000000e+00 5.0000000000e-01 0.0000000000e+00 4.7262724792e-07 -4.7685804542e-07
-1.4696969697e+00 5.0000000000e-01 0.0000000000e+00 4.8108776618e-07 -4.8516627051e-07
-1.4393939394e+00 5.0000000000e-01 0.0000000000e+00 4.8980084297e-07 -4.9373016216e-07
-1.4090909091e+00 5.0000000000e-01 0.0000000000e+00 4.9851097427e-07 -5.0229421633e-07
-1.3787878788e+00 5.0000000000e-01 0.0000000000e+00 5.0697646286e-07 -5.1061673582e-07
-1.3484848485e+00 5.0000000000e-01 0.0000000000e+00 5.1521003488e-07 -5.1871044677e-07
-1.3181818182e+00 5.0000000000e-01 0.0000000000e+00 5.2322211936e-07 -5.2658577819e-07
-1.2878787879e+00 5.0000000000e-01 0.0000000000e+00 5.3102098894e-07 -5.3425100275e-07
-1.2575757576e+00 5.0000000000e-01 0.0000000000e+00 nan nan
-1.2272727273e+00 5.0000000000e-01 0.0000000000e+00 nan nan
-1.1969696970e+00 5.0000000000e-01 0.0000000000e+00 nan nan
-1.1666666667e+00 5.0000000000e-01 0.0000000000e+00 nan nan
-1.1363636364e+00 5.0000000000e-01 0.0000000000e+00 nan nan
-1.1060606061e+00 5.0000000000e-01 0.0000000000e+00 nan nan
-1.0757575758e+00 5.0000000000e-01 0.0000000000e+00 nan nan
-1.0454545455e+00 5.0000000000e-01 0.0000000000e+00 nan nan
-1.0151515152e+00 5.0000000000e-01 0.0000000000e+00 nan nan
-9.8484848485e-01 5.0000000000e-01 0.0000000000e+00 nan nan
-9.5454545455e-01 5.0000000000e-01 0.0000000000e+00 nan nan
-9.2424242424e-01 5.0000000000e-01 0.0000000000e+00 nan nan
-8.9393939394e-01 5.0000000000e-01 0.0000000000e+00 nan nan
-8.6363636364e-01 5.0000000000e-01 0.0000000000e+00 nan nan
-8.3333333333e-01 5.0000000000e-01 0.0000000000e+00 nan nan
-8.0303030303e-01 5.0000000000e-01 0.0000000000e+00 nan nan
-7.7272727273e-01 5.0000000000e-01 0.0000000000e+00 nan nan
-7.4242424242e-01 5.0000000000e-01 0.0000000000e+00 nan nan
-7.1212121212e-01 5.0000000000e-01 0.0000000000e+00 nan nan
-6.8181818182e-01 5.0000000000e-01 0.0000000000e+00 nan nan
-6.5151515152e-01 5.0000000000e-01 0.0000000000e+00 nan nan
-6.2121212121e-01 5.0000000000e-01 0.0000000000e+00 nan nan
-5.9090909091e-01 5.0000000000e-01 0.0000000000e+00 nan nan
-5.6060606061e-01 5.0000000000e-01 0.0000000000e+00 nan nan
-5.3030303030e-01 5.0000000000e-01 0.0000000000e+00 nan nan
-5.0000000000e-01 5.0000000000e-01 0.0000000000e+00 nan nan
-4.6969696970e-01 5.0000000000e-01 0.0000000000e+00 nan nan
-4.3939393939e-01 5.0000000000e-01 0.0000000000e+00 nan nan
-4.0909090909e-01 5.0000000000e-01 0.0000000000e+00 nan nan
-3.7878787879e-01 5.0000000000e-01 0.0000000000e+00 nan nan
-3.4848484848e-01 5.0000000000e-01 0.0000000000e+00 nan nan
-3.1818181818e-01 5.0000000000e-01 0.0000000000e+00 nan nan
-2.8787878788e-01 5.0000000000e-01 0.0000000000e+00 nan nan
-2.5757575758e-01 5.0000000000e-01 0.0000000000e+00 nan nan
-2.2727272727e-01 5.0000000000e-01 0.0000000000e+00 nan nan
-1.9696969697e-01 5.0000000000e-01 0.0000000000e+00 nan nan
-1.6666666667e-01 5.0000000000e-01 0.0000000000e+00 nan nan
-1.3636363636e-01 5.0000000000e-01 0.0000000000e+00 nan nan
-1.0606060606e-01 5.0000000000e-01 0.0000000000e+00 nan nan
-7.5757575758e-02 5.0000000000e-01 0.0000000000e+00 nan nan
-4.5454545455e-02 5.0000000000e-01 0.0000000000e+00 nan nan
-1.5151515152e-02 5.0000000000e-01 0.0000000000e+00 nan nan
1.5151515152e-02 5.0000000000e-01 0.0000000000e+00 nan nan
4.5454545455e-02 5.0000000000e-01 0.0000000000e+00 nan nan
7.5757575758e-02 5.0000000000e-01 0.0000000000e+00 nan nan
1.0606060606e-01 5.0000000000e-01 0.0000000000e+00 nan nan
1.3636363636e-01 5.0000000000e-01 0.0000000000e+00 nan nan
1.6666666667e-01 5.0000000000e-01 0.0000000000e+00 nan nan
1.9696969697e-01 5.0000000000e-01 0.0000000000e+00 nan nan
2.2727272727e-01 5.0000000000e-01 0.0000000000e+00 nan nan
2.5757575758e-01 5.0000000000e-01 0.0000000000e+00 nan nan
2.8787878788e-01 5.0000000000e-01 0.0000000000e+00 nan nan
3.1818181818e-01 5.0000000000e-01 0.0000000000e+00 nan nan
3.4848484848e-01 5.0000000000e-01 0.0000000000e+00 nan nan
3.7878787879e-01 5.0000000000e-01 0.0000000000e+00 nan nan
4.0909090909e-01 5.0000000000e-01 0.0000000000e+00 nan nan
4.3939393939e-01 5.0000000000e-01 0.0000000000e+00 nan nan
4.6969696970e-01 5.0000000000e-01 0.0000000000e+00 nan nan
5.0000000000e-01 5.0000000000e-01 0.0000000000e+00 nan nan
5.3030303030e-01 5.0000000000e-01 0.0000000000e+00 nan nan
5.6060606061e-01 5.0000000000e-01 0.0000000000e+00 nan nan
5.9090909091e-01 5.0000000000e-01 0.0000000000e+00 nan nan
6.2121212121e-01 5.0000000000e-01 0.0000000000e+00 nan nan
6.5151515152e-01 5.0000000000e-01 0.0000000000e+00 nan nan
6.8181818182e-01 5.0000000000e-01 0.0000000000e+00 nan nan
7.1212121212e-01 5.0000000000e-01 0.0000000000e+00 nan nan
7.4242424242e-01 5.0000000000e-01 0.0000000000e+00 nan nan
7.7272727273e-01 5.0000000000e-01 0.0000000000e+00 nan nan
8.0303030303e-01 5.0000000000e-01 0.0000000000e+00 nan nan
8.3333333333e-01 5.0000000000e-01 0.0000000000e+00 nan nan
8.6363636364e-01 5.0000000000e-01 0.0000000000e+00 nan nan
8.9393939394e-01 5.0000000000e-01 0.0000000000e+00 nan nan
9.2424242424e-01 5.0000000000e-01 0.0000000000e+00 nan nan
9.5454545455e-01 5.0000000000e-01 0.0000000000e+00 nan nan
9.8484848485e-01 5.0000000000e-01 0.0000000000e+00 nan nan
1.0151515152e+00 5.0000000000e-01 0.0000000000e+00 nan nan
1.0454545455e+00 5.0000000000e-01 0.0000000000e+00 nan nan
1.0757575758e+00 5.0000000000e-01 0.0000000000e+00 nan nan
1.1060606061e+00 5.0000000000e-01 0.0000000000e+00 nan nan
1.1363636364e+00 5.0000000000e-01 0.0000000000e+00 nan nan
1.1666666667e+00 5.0000000000e-01 0.0000000000e+00 nan nan
1.1969696970e+00 5.0000000000e-01 0.0000000000e+00 nan nan
1.2272727273e+00 5.0000000000e-01 0.0000000000e+00 nan nan
1.2575757576e+00 5.0000000000e-01 0.0000000000e+00 nan nan
1.2878787879e+00 5.0000000000e-01 0.0000000000e+00 5.3208215278e-07 -5.3531216659e-07
1.3181818182e+00 5.0000000000e-01 0.0000000000e+00 5.2460156932e-07 -5.2796522816e-07
1.3484848485e+00 5.0000000000e-01 0.0000000000e+00 5.1696463654e-07 -5.2046504843e-07
1.3787878788e+00 5.0000000000e-01 0.0000000000e+00 5.0917270270e-07 -5.1281297566e-07
1.4090909091e+00 5.0000000000e-01 0.0000000000e+00 5.0122683115e-07 -5.0501007320e-07
1.4393939394e+00 5.0000000000e-01 0.0000000000e+00 4.9312759302e-07 -4.9705691220e-07
1.4696969697e+00 5.0000000000e-01 0.0000000000e+00 4.8487479390e-07 -4.8895329823e-07
1.5000000000e+00 5.0000000000e-01 0.0000000000e+00 4.7646696338e-07 -4.8069776088e-07
-1.5000000000e+00 5.3030303030e-01 0.0000000000e+00 4.6990227881e-07 -4.7418591271e-07
-1.4696969697e+00 5.3030303030e-01 0.0000000000e+00 4.7826804671e-07 -4.8239938745e-07
-1.4393939394e+00 5.3030303030e-01 0.0000000000e+00 4.8689295520e-07 -4.9087511078e-07
-1.4090909091e+00 5.3030303030e-01 0.0000000000e+00 4.9558633822e-07 -4.9942241669e-07
-1.3787878788e+00 5.3030303030e-01 0.0000000000e+00 5.0404450531e-07 -5.0773761467e-07
-1.3484848485e+00 5.3030303030e-01 0.0000000000e+00 5.1227365497e-07 -5.1582690326e-07
-1.3181818182e+00 5.3030303030e-01 0.0000000000e+00 5.2028264122e-07 -5.2369913646e-07
-1.2878787879e+00 5.3030303030e-01 0.0000000000e+00 5.2807899186e-07 -5.3136184207e-07
-1.2575757576e+00 5.3030303030e-01 0.0000000000e+00 5.3566892360e-07 -5.3882123682e-07
-1.2272727273e+00 5.3030303030e-01 0.0000000000e+00 nan nan
-1.1969696970e+00 5.3030303030e-01 0.0000000000e+00 nan nan
-1.1666666667e+00 5.3030303030e-01 0.0000000000e+00 nan nan
-1.1363636364e+00 5.3030303030e-01 0.0000000000e+00 nan nan
-1.1060606061e+00 5.3030303030e-01 0.0000000000e+00 nan nan
-1.0757575758e+00 5.3030303030e-01 0.0000000000e+00 nan nan
-1.0454545455e+00 5.3030303030e-01 0.0000000000e+00 nan nan
-1.0151515152e+00 5.3030303030e-01 0.0000000000e+00 nan nan
-9.8484848485e-01 5.3030303030e-01 0.0000000000e+00 nan nan
-9.5454545455e-01 5.3030303030e-01 0.0000000000e+00 nan nan
-9.2424242424e-01 5.3030303030e-01 0.0000000000e+00 nan nan
-8.9393939394e-01 5.3030303030e-01 0.0000000000e+00 nan nan
-8.6363636364e-01 5.3030303030e-01 0.0000000000e+00 nan nan
-8.3333333333e-01 5.3030303030e-01 0.0000000000e+00 nan nan
-8.0303030303e-01 5.3030303030e-01 0.0000000000e+00 nan nan
-7.7272727273e-01 5.3030303030e-01 0.0000000000e+00 nan nan
-7.4242424242e-01 5.3030303030e-01 0.0000000000e+00 nan nan
-7.1212121212e-01 5.3030303030e-01 0.0000000000e+00 nan nan
-6.8181818182e-01 5.3030303030e-01 0.0000000000e+00 nan nan
-6.5151515152e-01 5.3030303030e-01 0.0000000000e+00 nan nan
-6.2121212121e-01 5.3030303030e-01 0.0000000000e+00 nan nan
-5.9090909091e-01 5.3030303030e-01 0.0000000000e+00 nan nan
-5.6060606061e-01 5.3030303030e-01 0.0000000000e+00 nan nan
-5.3030303030e-01 5.3030303030e-01 0.0000000000e+00 nan nan
-5.0000000000e-01 5.3030303030e-01 0.0000000000e+00 nan nan
-4.6969696970e-01 5.3030303030e-01 0.0000000000e+00 nan nan
-4.3939393939e-01 5.3030303030e-01 0.0000000000e+00 nan nan
-4.0909090909e-01 5.3030303030e-01 0.0000000000e+00 nan nan
-3.7878787879e-01 5.3030303030e-01 0.0000000000e+00 nan nan
-3.4848484848e-01 5.3030303030e-01 0.0000000000e+00 nan nan
-3.1818181818e-01 5.3030303030e-01 0.0000000000e+00 nan nan
-2.8787878788e-01 5.3030303030e-01 0.0000000000e+00 nan nan
-2.5757575758e-01 5.3030303030e-01 0.0000000000e+00 nan nan
-2.2727272727e-01 5.3030303030e-01 0.0000000000e+00 nan nan
-1.9696969697e-01 5.3030303030e-01 0.0000000000e+00 nan nan
-1.6666666667e-01 5.3030303030e-01 0.0000000000e+00 nan nan
-1.3636363636e-01 5.3030303030e-01 0.0000000000e+00 nan nan
-1.0606060606e-01 5.3030303030e-01 0.0000000000e+00 nan nan
-7.5757575758e-02 5.3030303030e-01 0.0000000000e+00 nan nan
-4.5454545455e-02 5.3030303030e-01 0.0000000000e+00 nan nan
-1.5151515152e-02 5.3030303030e-01 0.0000000000e+00 nan nan
1.5151515152e-02 5.3030303030e-01 0.0000000000e+00 nan nan
4.5454545455e-02 5.3030303030e-01 0.0000000000e+00 nan nan
7.5757575758e-02 5.3030303030e-01 0.0000000000e+00 nan nan
1.0606060606e-01 5.3030303030e-01 0.0000000000e+00 nan nan
1.3636363636e-01 5.3030303030e-01 0.0000000000e+00 nan nan
1.6666666667e-01 5.3030303030e-01 0.0000000000e+00 nan nan
1.9696969697e-01 5.3030303030e-01 0.0000000000e+00 nan nan
2.2727272727e-01 5.3030303030e-01 0.0000000000e+00 nan nan
2.5757575758e-01 5.3030303030e-01 0.0000000000e+00 nan nan
2.8787878788e-01 5.3030303030e-01 0.0000000000e+00 nan nan
3.1818181818e-01 5.3030303030e-01 0.0000000000e+00 nan nan
3.4848484848e-01 5.3030303030e-01 0.0000000000e+00 nan nan
3.7878787879e-01 5.3030303030e-01 0.0000000000e+00 nan nan
4.0909090909e-01 5.3030303030e-01 0.0000000000e+00 nan nan
4.3939393939e-01 5.3030303030e-01 0.0000000000e+00 nan nan
4.6969696970e-01 5.3030303030e-01 0.0000000000e+00 nan nan
5.0000000000e-01 5.3030303030e-01 0.0000000000e+00 nan nan
5.3030303030e-01 5.3030303030e-01 0.0000000000e+00 nan nan
5.6060606061e-01 5.3030303030e-01 0.0000000000e+00 nan nan
5.9090909091e-01 5.3030303030e-01 0.0000000000e+00 nan nan
6.2121212121e-01 5.3030303030e-01 0.0000000000e+00 nan nan
6.5151515152e-01 5.3030303030e-01 0.0000000000e+00 nan nan
6.8181818182e-01 5.3030303030e-01 0.0000000000e+00 nan nan
7.1212121212e-01 5.3030303030e-01 0.0000000000e+00 nan nan
7.4242424242e-01 5.3030303030e-01 0.0000000000e+00 nan nan
7.7272727273e-01 5.3030303030e-01 0.0000000000e+00 nan nan
8.0303030303e-01 5.3030303030e-01 0.0000000000e+00 nan nan
8.3333333333e-01 5.3030303030e-01 0.0000000000e+00 nan nan
8.6363636364e-01 5.3030303030e-01 0.0000000000e+00 nan nan
8.9393939394e-01 5.3030303030e-01 0.0000000000e+00 nan nan
9.2424242424e-01 5.3030303030e-01 0.0000000000e+00 nan nan
9.5454545455e-01 5.3030303030e-01 0.0000000000e+00 nan nan
9.8484848485e-01 5.3030303030e-01 0.0000000000e+00 nan nan
1.0151515152e+00 5.3030303030e-01 0.0000000000e+00 nan nan
1.0454545455e+00 5.3030303030e-01 0.0000000000e+00 nan nan
1.0757575758e+00 5.3030303030e-01 0.0000000000e+00 nan nan
1.1060606061e+00 5.3030303030e-01 0.0000000000e+00 nan nan
1.1363636364e+00 5.3030303030e-01 0.0000000000e+00 nan nan
1.1666666667e+00 5.3030303030e-01 0.0000000000e+00 nan nan
1.1969696970e+00 5.3030303030e-01 0.0000000000e+00 nan nan
1.2272727273e+00 5.3030303030e-01 0.0000000000e+00 nan nan
1.2575757576e+00 5.3030303030e-01 0.0000000000e+00 5.3630573638e-07 -5.3945804960e-07
1.2878787879e+00 5.3030303030e-01 0.0000000000e+00 5.2898516069e-07 -5.3226801090e-07
1.3181818182e+00 5.3030303030e-01 0.0000000000e+00 5.2150763571e-07 -5.2492413095e-07
1.3484848485e+00 5.3030303030e-01 0.0000000000e+00 5.1387463020e-07 -5.1742787849e-07
1.3787878788e+00 5.3030303030e-01 0.0000000000e+00 5.0608737010e-07 -5.0978047946e-07
1.4090909091e+00 5.3030303030e-01 0.0000000000e+00 4.9814659203e-07 -5.0198267050e-07
1.4393939394e+00 5.3030303030e-01 0.0000000000e+00 4.9005221994e-07 -4.9403437553e-07
1.4696969697e+00 5.3030303030e-01 0.0000000000e+00 4.8180306012e-07 -4.8593440086e-07
1.5000000000e+00 5.3030303030e-01 0.0000000000e+00 4.7339682121e-07 -4.7768045511e-07
-1.5000000000e+00 5.6060606061e-01 0.0000000000e+00 4.6708095089e-07 -4.7142052922e-07
-1.4696969697e+00 5.6060606061e-01 0.0000000000e+00 4.7534530970e-07 -4.7953259487e-07
-1.4393939394e+00 5.6060606061e-01 0.0000000000e+00 4.8387238759e-07 -4.8791048761e-07
-1.4090909091e+00 5.6060606061e-01 0.0000000000e+00 4.9253239875e-07 -4.9642442164e-07
-1.3787878788e+00 5.6060606061e-01 0.0000000000e+00 5.0097657944e-07 -5.0472563324e-07
-1.3484848485e+00 5.6060606061e-01 0.0000000000e+00 5.0919544132e-07 -5.1280463404e-07
-1.3181818182e+00 5.6060606061e-01 0.0000000000e+00 5.1719640883e-07 -5.2066884850e-07
-1.2878787879e+00 5.6060606061e-01 0.0000000000e+00 5.2498619567e-07 -5.2832499031e-07
-1.2575757576e+00 5.6060606061e-01 0.0000000000e+00 5.3257051017e-07 -5.3577876782e-07
-1.2272727273e+00 5.6060606061e-01 0.0000000000e+00 nan nan
-1.1969696970e+00 5.6060606061e-01 0.0000000000e+00 nan nan
-1.1666666667e+00 5.6060606061e-01 0.0000000000e+00 nan nan
-1.1363636364e+00 5.6060606061e-01 0.0000000000e+00 nan nan
-1.1060606061e+00 5.6060606061e-01 0.0000000000e+00 nan nan
-1.0757575758e+00 5.6060606061e-01 0.0000000000e+00 nan nan
-1.0454545455e+00 5.6060606061e-01 0.0000000000e+00 nan nan
-1.0151515152e+00 5.6060606061e-01 0.0000000000e+00 nan nan
-9.8484848485e-01 5.6060606061e-01 0.0000000000e+00 nan nan
-9.5454545455e-01 5.6060606061e-01 0.0000000000e+00 nan nan
-9.2424242424e-01 5.6060606061e-01 0.0000000000e+00 nan nan
-8.9393939394e-01 5.6060606061e-01 0.0000000000e+00 nan nan
-8.6363636364e-01 5.6060606061e-01 0.0000000000e+00 nan nan
-8.3333333333e-01 5.6060606061e-01 0.0000000000e+00 nan nan
-8.0303030303e-01 5.6060606061e-01 0.0000000000e+00 nan nan
-7.7272727273e-01 5.6060606061e-01 0.0000000000e+00 nan nan
-7.4242424242e-01 5.6060606061e-01 0.0000000000e+00 nan nan
-7.1212121212e-01 5.6060606061e-01 0.0000000000e+00 nan nan
-6.8181818182e-01 5.6060606061e-01 0.0000000000e+00 nan nan
-6.5151515152e-01 5.6060606061e-01 0.0000000000e+00 nan nan
-6.2121212121e-01 5.6060606061e-01 0.0000000000e+00 nan nan
-5.9090909091e-01 5.6060606061e-01 0.0000000000e+00 nan nan
-5.6060606061e-01 5.6060606061e-01 0.0000000000e+00 nan nan
-5.3030303030e-01 5.6060606061e-01 0.0000000000e+00 nan nan
-5.0000000000e-01 5.6060606061e-01 0.0000000000e+00 nan nan
-4.6969696970e-01 5.6060606061e-01 0.0000000000e+00 nan nan
-4.3939393939e-01 5.6060606061e-01 0.0000000000e+00 nan nan
-4.0909090909e-01 5.6060606061e-01 0.0000000000e+00 nan nan
-3.7878787879e-01 5.6060606061e-01 0.0000000000e+00 nan nan
-3.4848484848e-01 5.6060606061e-01 0.0000000000e+00 nan nan
-3.1818181818e-01 5.6060606061e-01 0.0000000000e+00 nan nan
-2.8787878788e-01 5.6060606061e-01 0.0000000000e+00 nan nan
-2.5757575758e-01 5.6060606061e-01 0.0000000000e+00 nan nan
-2.2727272727e-01 5.6060606061e-01 0.0000000000e+00 nan nan
-1.9696969697e-01 5.6060606061e-01 0.0000000000e+00 nan nan
-1.6666666667e-01 5.6060606061e-01 0.0000000000e+00 nan nan
-1.3636363636e-01 5.6060606061e-01 0.0000000000e+00 nan nan
-1.0606060606e-01 5.6060606061e-01 0.0000000000e+00 nan nan
-7.5757575758e-02 5.6060606061e-01 0.0000000000e+00 nan nan
-4.5454545455e-02 5.6060606061e-01 0.0000000000e+00 nan nan
-1.5151515152e-02 5.6060606061e-01 0.0000000000e+00 nan nan
1.5151515152e-02 5.6060606061e-01 0.0000000000e+00 nan nan
4.5454545455e-02 5.6060606061e-01 0.0000000000e+00 nan nan
7.5757575758e-02 5.6060606061e-01 0.0000000000e+00 nan nan
1.0606060606e-01 5.6060606061e-01 0.0000000000e+00 nan nan
1.3636363636e-01 5.6060606061e-01 0.0000000000e+00 nan nan
1.6666666667e-01 5.6060606061e-01 0.0000000000e+00 nan nan
1.9696969697e-01 5.6060606061e-01 0.0000000000e+00 nan nan
2.2727272727e-01 5.6060606061e-01 0.0000000000e+00 nan nan
2.5757575758e-01 5.6060606061e-01 0.0000000000e+00 nan nan
2.8787878788e-01 5.6060606061e-01 0.0000000000e+00 nan nan
3.1818181818e-01 5.6060606061e-01 0.0000000000e+00 nan nan
3.4848484848e-01 5.6060606061e-01 0.0000000000e+00 nan nan
3.7878787879e-01 5.6060606061e-01 0.0000000000e+00 nan nan
4.0909090909e-01 5.6060606061e-01 0.0000000000e+00 nan nan
4.3939393939e-01 5.6060606061e-01 0.0000000000e+00 nan nan
4.6969696970e-01 5.6060606061e-01 0.0000000000e+00 nan nan
5.0000000000e-01 5.6060606061e-01 0.0000000000e+00 nan nan
5.3030303030e-01 5.6060606061e-01 0.0000000000e+00 nan nan
5.6060606061e-01 5.6060606061e-01 0.0000000000e+00 nan nan
5.9090909091e-01 5.6060606061e-01 0.0000000000e+00 nan nan
6.2121212121e-01 5.6060606061e-01 0.0000000000e+00 nan nan
6.5151515152e-01 5.6060606061e-01 0.0000000000e+00 nan nan
6.8181818182e-01 5.6060606061e-01 0.0000000000e+00 nan nan
7.1212121212e-01 5.6060606061e-01 0.0000000000e+00 nan nan
7.4242424242e-01 5.6060606061e-01 0.0000000000e+00 nan nan
7.7272727273e-01 5.6060606061e-01 0.0000000000e+00 nan nan
8.0303030303e-01 5.6060606061e-01 0.0000000000e+00 nan nan
8.3333333333e-01 5.6060606061e-01 0.0000000000e+00 nan nan
8.6363636364e-01 5.6060606061e-01 0.0000000000e+00 nan nan
8.9393939394e-01 5.6060606061e-01 0.0000000000e+00 nan nan
9.2424242424e-01 5.6060606061e-01 0.0000000000e+00 nan nan
9.5454545455e-01 5.6060606061e-01 0.0000000000e+00 nan nan
9.8484848485e-01 5.6060606061e-01 0.0000000000e+00 nan nan
1.0151515152e+00 5.6060606061e-01 0.0000000000e+00 nan nan
1.0454545455e+00 5.6060606061e-01 0.0000000000e+00 nan nan
1.0757575758e+00 5.6060606061e-01 0.0000000000e+00 nan nan
1.1060606061e+00 5.6060606061e-01 0.0000000000e+00 nan nan
1.1363636364e+00 5.6060606061e-01 0.0000000000e+00 nan nan
1.1666666667e+00 5.6060606061e-01 0.0000000000e+00 nan nan
1.1969696970e+00 5.6060606061e-01 0.0000000000e+00 nan nan
1.2272727273e+00 5.6060606061e-01 0.0000000000e+00 nan nan
1.2575757576e+00 5.6060606061e-01 0.0000000000e+00 5.3301859080e-07 -5.3622684844e-07
1.2878787879e+00 5.6060606061e-01 0.0000000000e+00 5.2569954450e-07 -5.2903833915e-07
1.3181818182e+00 5.6060606061e-01 0.0000000000e+00 5.1822453645e-07 -5.2169697613e-07
1.3484848485e+00 5.6060606061e-01 0.0000000000e+00 5.1059507572e-07 -5.1420426844e-07
1.3787878788e+00 5.6060606061e-01 0.0000000000e+00 5.0281231789e-07 -5.0656137169e-07
1.4090909091e+00 5.6060606061e-01 0.0000000000e+00 4.9487668252e-07 -4.9876870541e-07
1.4393939394e+00 5.6060606061e-01 0.0000000000e+00 4.8678730723e-07 -4.9082540724e-07
1.4696969697e+00 5.6060606061e-01 0.0000000000e+00 4.7854153163e-07 -4.8272881679e-07
1.5000000000e+00 5.6060606061e-01 0.0000000000e+00 4.7013492672e-07 -4.7447450505e-07
-1.5000000000e+00 5.9090909091e-01 0.0000000000e+00 4.6416170547e-07 -4.6856033626e-07
-1.4696969697e+00 5.9090909091e-01 0.0000000000e+00 4.7231693220e-07 -4.7656326982e-07
-1.4393939394e+00 5.9090909091e-01 0.0000000000e+00 4.8073544621e-07 -4.8483259868e-07
-1.4090909091e+00 5.9090909091e-01 0.0000000000e+00 4.8934448021e-07 -4.9329555556e-07
-1.3787878788e+00 5.9090909091e-01 0.0000000000e+00 4.9777035222e-07 -5.0157845847e-07
-1.3484848485e+00 5.9090909091e-01 0.0000000000e+00 5.0597406443e-07 -5.0964230960e-07
-1.3181818182e+00 5.9090909091e-01 0.0000000000e+00 5.1396255505e-07 -5.1749404717e-07
-1.2878787879e+00 5.9090909091e-01 0.0000000000e+00 5.2174199491e-07 -5.2513984201e-07
-1.2575757576e+00 5.9090909091e-01 0.0000000000e+00 5.2931755900e-07 -5.3258486910e-07
-1.2272727273e+00 5.9090909091e-01 0.0000000000e+00 5.3669355610e-07 -5.3983343721e-07
-1.1969696970e+00 5.9090909091e-01 0.0000000000e+00 nan nan
-1.1666666667e+00 5.9090909091e-01 0.0000000000e+00 nan nan
-1.1363636364e+00 5.9090909091e-01 0.0000000000e+00 nan nan
-1.1060606061e+00 5.9090909091e-01 0.0000000000e+00 nan nan
-1.0757575758e+00 5.9090909091e-01 0.0000000000e+00 nan nan
-1.0454545455e+00 5.9090909091e-01 0.0000000000e+00 nan nan
-1.0151515152e+00 5.9090909091e-01 0.0000000000e+00 nan nan
-9.8484848485e-01 5.9090909091e-01 0.0000000000e+00 nan nan
-9.5454545455e-01 5.9090909091e-01 0.0000000000e+00 nan nan
-9.2424242424e-01 5.9090909091e-01 0.0000000000e+00 nan nan
-8.9393939394e-01 5.9090909091e-01 0.0000000000e+00 nan nan
-8.6363636364e-01 5.9090909091e-01 0.0000000000e+00 nan nan
-8.3333333333e-01 5.9090909091e-01 0.0000000000e+00 nan nan
-8.0303030303e-01 5.9090909091e-01 0.0000000000e+00 nan nan
-7.7272727273e-01 5.9090909091e-01 0.0000000000e+00 nan nan
-7.4242424242e-01 5.9090909091e-01 0.0000000000e+00 nan nan
-7.1212121212e-01 5.9090909091e-01 0.0000000000e+00 nan nan
-6.8181818182e-01 5.9090909091e-01 0.0000000000e+00 nan nan
-6.5151515152e-01 5.9090909091e-01 0.0000000000e+00 nan nan
-6.2121212121e-01 5.9090909091e-01 0.0000000000e+00 nan nan
-5.9090909091e-01 5.9090909091e-01 0.0000000000e+00 nan nan
-5.6060606061e-01 5.9090909091e-01 0.0000000000e+00 nan nan
-5.3030303030e-01 5.9090909091e-01 0.0000000000e+00 nan nan
-5.0000000000e-01 5.9090909091e-01 0.0000000000e+00 nan nan
-4.6969696970e-01 5.9090909091e-01 0.0000000000e+00 nan nan
-4.3939393939e-01 5.9090909091e-01 0.0000000000e+00 nan nan
-4.0909090909e-01 5.9090909091e-01 0.0000000000e+00 nan nan
-3.7878787879e-01 5.9090909091e-01 0.0000000000e+00 nan nan
-3.4848484848e-01 5.9090909091e-01 0.0000000000e+00 nan nan
-3.1818181818e-01 5.9090909091e-01 0.0000000000e+00 nan nan
-2.8787878788e-01 5.9090909091e-01 0.0000000000e+00 nan nan
-2.5757575758e-01 5.9090909091e-01 0.0000000000e+00 nan nan
-2.2727272727e-01 5.9090909091e-01 0.0000000000e+00 nan nan
-1.9696969697e-01 5.9090909091e-01 0.0000000000e+00 nan nan
-1.6666666667e-01 5.9090909091e-01 0.0000000000e+00 nan nan
-1.3636363636e-01 5.9090909091e-01 0.0000000000e+00 nan nan
-1.0606060606e-01 5.9090909091e-01 0.0000000000e+00 nan nan
-7.5757575758e-02 5.9090909091e-01 0.0000000000e+00 nan nan
-4.5454545455e-02 5.9090909091e-01 0.0000000000e+00 nan nan
-1.5151515152e-02 5.9090909091e-01 0.0000000000e+00 nan nan
1.5151515152e-02 5.9090909091e-01 0.0000000000e+00 nan nan
4.5454545455e-02 5.9090909091e-01 0.0000000000e+00 nan nan
7.5757575758e-02 5.9090909091e-01 0.0000000000e+00 nan nan
1.0606060606e-01 5.9090909091e-01 0.0000000000e+00 nan nan
1.3636363636e-01 5.9090909091e-01 0.0000000000e+00 nan nan
1.6666666667e-01 5.9090909091e-01 0.0000000000e+00 nan nan
1.9696969697e-01 5.9090909091e-01 0.0000000000e+00 nan nan
2.2727272727e-01 5.9090909091e-01 0.0000000000e+00 nan nan
2.5757575758e-01 5.9090909091e-01 0.0000000000e+00 nan nan
2.8787878788e-01 5.9090909091e-01 0.0000000000e+00 nan nan
3.1818181818e-01 5.9090909091e-01 0.0000000000e+00 nan nan
3.4848484848e-01 5.9090909091e-01 0.0000000000e+00 nan nan
3.7878787879e-01 5.9090909091e-01 0.0000000000e+00 nan nan
4.0909090909e-01 5.9090909091e-01 0.0000000000e+00 nan nan
4.3939393939e-01 5.9090909091e-01 0.0000000000e+00 nan nan
4.6969696970e-01 5.9090909091e-01 0.0000000000e+00 nan nan
5.0000000000e-01 5.9090909091e-01 0.0000000000e+00 nan nan
5.3030303030e-01 5.9090909091e-01 0.0000000000e+00 nan nan
5.6060606061e-01 5.9090909091e-01 0.0000000000e+00 nan nan
5.9090909091e-01 5.9090909091e-01 0.0000000000e+00 nan nan
6.2121212121e-01 5.9090909091e-01 0.0000000000e+00 nan nan
6.5151515152e-01 5.9090909091e-01 0.0000000000e+00 nan nan
6.8181818182e-01 5.9090909091e-01 0.0000000000e+00 nan nan
7.1212121212e-01 5.9090909091e-01 0.0000000000e+00 nan nan
7.4242424242e-01 5.9090909091e-01 0.0000000000e+00 nan nan
7.7272727273e-01 5.9090909091e-01 0.0000000000e+00 nan nan
8.0303030303e-01 5.9090909091e-01 0.0000000000e+00 nan nan
8.3333333333e-01 5.9090909091e-01 0.0000000000e+00 nan nan
8.6363636364e-01 5.9090909091e-01 0.0000000000e+00 nan nan
8.9393939394e-01 5.9090909091e-01 0.0000000000e+00 nan nan
9.2424242424e-01 5.9090909091e-01 0.0000000000e+00 nan nan
9.5454545455e-01 5.9090909091e-01 0.0000000000e+00 nan nan
9.8484848485e-01 5.9090909091e-01 0.0000000000e+00 nan nan
1.0151515152e+00 5.9090909091e-01 0.0000000000e+00 nan nan
1.0454545455e+00 5.9090909091e-01 0.0000000000e+00 nan nan
1.0757575758e+00 5.9090909091e-01 0.0000000000e+00 nan nan
1.1060606061e+00 5.9090909091e-01 0.0000000000e+00 nan nan
1.1363636364e+00 5.9090909091e-01 0.0000000000e+00 nan nan
1.1666666667e+00 5.9090909091e-01 0.0000000000e+00 nan nan
1.1969696970e+00 5.9090909091e-01 0.0000000000e+00 nan nan
1.2272727273e+00 5.9090909091e-01 0.0000000000e+00 5.3670454586e-07 -5.3984442698e-07
1.2575757576e+00 5.9090909091e-01 0.0000000000e+00 5.2954298576e-07 -5.3281029586e-07
1.2878787879e+00 5.9090909091e-01 0.0000000000e+00 5.2222483147e-07 -5.2562267857e-07
1.3181818182e+00 5.9090909091e-01 0.0000000000e+00 5.1475187408e-07 -5.1828336621e-07
1.3484848485e+00 5.9090909091e-01 0.0000000000e+00 5.0712575629e-07 -5.1079400147e-07
1.3787878788e+00 5.9090909091e-01 0.0000000000e+00 4.9934769127e-07 -5.0315579752e-07
1.4090909091e+00 5.9090909091e-01 0.0000000000e+00 4.9141790265e-07 -4.9536897800e-07
1.4393939394e+00 5.9090909091e-01 0.0000000000e+00 4.8333466789e-07 -4.8743182036e-07
1.4696969697e+00 5.9090909091e-01 0.0000000000e+00 4.7509325218e-07 -4.7933958979e-07
1.5000000000e+00 5.9090909091e-01 0.0000000000e+00 4.6672999620e-07 -4.7112862699e-07
-1.5000000000e+00 6.2121212121e-01 0.0000000000e+00 4.6114454953e-07 -4.6560534080e-07
-1.4696969697e+00 6.2121212121e-01 0.0000000000e+00 4.6918310873e-07 -4.7349160682e-07
-1.4393939394e+00 6.2121212121e-01 0.0000000000e+00 4.7748363461e-07 -4.8164294756e-07
-1.4090909091e+00 6.2121212121e-01 0.0000000000e+00 4.8602015350e-07 -4.9003338933e-07
-1.3787878788e+00 6.2121212121e-01 0.0000000000e+00 4.9442418560e-07 -4.9829445233e-07
-1.3484848485e+00 6.2121212121e-01 0.0000000000e+00 5.0260798833e-07 -5.0633839398e-07
-1.3181818182e+00 6.2121212121e-01 0.0000000000e+00 5.1057971915e-07 -5.1417337175e-07
-1.2878787879e+00 6.2121212121e-01 0.0000000000e+00 5.1834526786e-07 -5.2180527544e-07
-1.2575757576e+00 6.2121212121e-01 0.0000000000e+00 5.2590919382e-07 -5.2923866439e-07
-1.2272727273e+00 6.2121212121e-01 0.0000000000e+00 5.3327521496e-07 -5.3647725656e-07
-1.1969696970e+00 6.2121212121e-01 0.0000000000e+00 nan nan
-1.1666666667e+00 6.2121212121e-01 0.0000000000e+00 nan nan
-1.1363636364e+00 6.2121212121e-01 0.0000000000e+00 nan nan
-1.1060606061e+00 6.2121212121e-01 0.0000000000e+00 nan nan
-1.0757575758e+00 6.2121212121e-01 0.0000000000e+00 nan nan
-1.0454545455e+00 6.2121212121e-01 0.0000000000e+00 nan nan
-1.0151515152e+00 6.2121212121e-01 0.0000000000e+00 nan nan
-9.8484848485e-01 6.2121212121e-01 0.0000000000e+00 nan nan
-9.5454545455e-01 6.2121212121e-01 0.0000000000e+00 nan nan
-9.2424242424e-01 6.2121212121e-01 0.0000000000e+00 nan nan
-8.9393939394e-01 6.2121212121e-01 0.0000000000e+00 nan nan
-8.6363636364e-01 6.2121212121e-01 0.0000000000e+00 nan nan
-8.3333333333e-01 6.2121212121e-01 0.0000000000e+00 nan nan
-8.0303030303e-01 6.2121212121e-01 0.0000000000e+00 nan nan
-7.7272727273e-01 6.2121212121e-01 0.0000000000e+00 nan nan
-7.4242424242e-01 6.2121212121e-01 0.0000000000e+00 nan nan
-7.1212121212e-01 6.2121212121e-01 0.0000000000e+00 nan nan
-6.8181818182e-01 6.2121212121e-01 0.0000000000e+00 nan nan
-6.5151515152e-01 6.2121212121e-01 0.0000000000e+00 nan nan
-6.2121212121e-01 6.2121212121e-01 0.0000000000e+00 nan nan
-5.9090909091e-01 6.2121212121e-01 0.0000000000e+00 nan nan
-5.6060606061e-01 6.2121212121e-01 0.0000000000e+00 nan nan
-5.3030303030e-01 6.2121212121e-01 0.0000000000e+00 nan nan
-5.0000000000e-01 6.2121212121e-01 0.0000000000e+00 nan nan
-4.6969696970e-01 6.2121212121e-01 0.0000000000e+00 nan nan
-4.3939393939e-01 6.2121212121e-01 0.0000000000e+00 nan nan
-4.0909090909e-01 6.2121212121e-01 0.0000000000e+00 nan nan
-3.7878787879e-01 6.2121212121e-01 0.0000000000e+00 nan nan
-3.4848484848e-01 6.2121212121e-01 0.0000000000e+00 nan nan
-3.1818181818e-01 6.2121212121e-01 0.0000000000e+00 nan nan
-2.8787878788e-01 6.2121212121e-01 0.0000000000e+00 nan nan
-2.5757575758e-01 6.2121212121e-01 0.0000000000e+00 nan nan
-2.2727272727e-01 6.2121212121e-01 0.0000000000e+00 nan nan
-1.9696969697e-01 6.2121212121e-01 0.0000000000e+00 nan nan
-1.6666666667e-01 6.2121212121e-01 0.0000000000e+00 nan nan
-1.3636363636e-01 6.2121212121e-01 0.0000000000e+00 nan nan
-1.0606060606e-01 6.2121212121e-01 0.0000000000e+00 nan nan
-7.5757575758e-02 6.2121212121e-01 0.0000000000e+00 nan nan
-4.5454545455e-02 6.2121212121e-01 0.0000000000e+00 nan nan
-1.5151515152e-02 6.2121212121e-01 0.0000000000e+00 nan nan
1.5151515152e-02 6.2121212121e-01 0.0000000000e+00 nan nan
4.5454545455e-02 6.2121212121e-01 0.0000000000e+00 nan nan
7.5757575758e-02 6.2121212121e-01 0.0000000000e+00 nan nan
1.0606060606e-01 6.2121212121e-01 0.0000000000e+00 nan nan
1.3636363636e-01 6.2121212121e-01 0.0000000000e+00 nan nan
1.6666666667e-01 6.2121212121e-01 0.0000000000e+00 nan nan
1.9696969697e-01 6.2121212121e-01 0.0000000000e+00 nan nan
2.2727272727e-01 6.2121212121e-01 0.0000000000e+00 nan nan
2.5757575758e-01 6.2121212121e-01 0.0000000000e+00 nan nan
2.8787878788e-01 6.2121212121e-01 0.0000000000e+00 nan nan
3.1818181818e-01 6.2121212121e-01 0.0000000000e+00 nan nan
3.4848484848e-01 6.2121212121e-01 0.0000000000e+00 nan nan
3.7878787879e-01 6.2121212121e-01 0.0000000000e+00 nan nan
4.0909090909e-01 6.2121212121e-01 0.0000000000e+00 nan nan
4.3939393939e-01 6.2121212121e-01 0.0000000000e+00 nan nan
4.6969696970e-01 6.2121212121e-01 0.0000000000e+00 nan nan
5.0000000000e-01 6.2121212121e-01 0.0000000000e+00 nan nan
5.3030303030e-01 6.2121212121e-01 0.0000000000e+00 nan nan
5.6060606061e-01 6.2121212121e-01 0.0000000000e+00 nan nan
5.9090909091e-01 6.2121212121e-01 0.0000000000e+00 nan nan
6.2121212121e-01 6.2121212121e-01 0.0000000000e+00 nan nan
6.5151515152e-01 6.2121212121e-01 0.0000000000e+00 nan nan
6.8181818182e-01 6.2121212121e-01 0.0000000000e+00 nan nan
7.1212121212e-01 6.2121212121e-01 0.0000000000e+00 nan nan
7.4242424242e-01 6.2121212121e-01 0.0000000000e+00 nan nan
7.7272727273e-01 6.2121212121e-01 0.0000000000e+00 nan nan
8.0303030303e-01 6.2121212121e-01 0.0000000000e+00 nan nan
8.3333333333e-01 6.2121212121e-01 0.0000000000e+00 nan nan
8.6363636364e-01 6.2121212121e-01 0.0000000000e+00 nan nan
8.9393939394e-01 6.2121212121e-01 0.0000000000e+00 nan nan
9.2424242424e-01 6.2121212121e-01 0.0000000000e+00 nan nan
9.5454545455e-01 6.2121212121e-01 0.0000000000e+00 nan nan
9.8484848485e-01 6.2121212121e-01 0.0000000000e+00 nan nan
1.0151515152e+00 6.2121212121e-01 0.0000000000e+00 nan nan
1.0454545455e+00 6.2121212121e-01 0.0000000000e+00 nan nan
1.0757575758e+00 6.2121212121e-01 0.0000000000e+00 nan nan
1.1060606061e+00 6.2121212121e-01 0.0000000000e+00 nan nan
1.1363636364e+00 6.2121212121e-01 0.0000000000e+00 nan nan
1.1666666667e+00 6.2121212121e-01 0.0000000000e+00 nan nan
1.1969696970e+00 6.2121212121e-01 0.0000000000e+00 nan nan
1.2272727273e+00 6.2121212121e-01 0.0000000000e+00 5.3304076975e-07 -5.3624281134e-07
1.2575757576e+00 6.2121212121e-01 0.0000000000e+00 5.2587826488e-07 -5.2920773545e-07
1.2878787879e+00 6.2121212121e-01 0.0000000000e+00 5.1856030243e-07 -5.2202031001e-07
1.3181818182e+00 6.2121212121e-01 0.0000000000e+00 5.1108890349e-07 -5.1468255609e-07
1.3484848485e+00 6.2121212121e-01 0.0000000000e+00 5.0346597262e-07 -5.0719637827e-07
1.3787878788e+00 6.2121212121e-01 0.0000000000e+00 4.9569300963e-07 -4.9956327635e-07
1.4090909091e+00 6.2121212121e-01 0.0000000000e+00 4.8777041998e-07 -4.9178365581e-07
1.4393939394e+00 6.2121212121e-01 0.0000000000e+00 4.7969593960e-07 -4.8385525254e-07
1.4696969697e+00 6.2121212121e-01 0.0000000000e+00 4.7146221703e-07 -4.7577071512e-07
1.5000000000e+00 6.2121212121e-01 0.0000000000e+00 4.6323136187e-07 -4.6769215313e-07
-1.5000000000e+00 6.5151515152e-01 0.0000000000e+00 4.5803059066e-07 -4.6255665042e-07
-1.4696969697e+00 6.5151515152e-01 0.0000000000e+00 4.6594551997e-07 -4.7031928656e-07
-1.4393939394e+00 6.5151515152e-01 0.0000000000e+00 4.7412199780e-07 -4.7834657925e-07
-1.4090909091e+00 6.5151515152e-01 0.0000000000e+00 4.8256312548e-07 -4.8664162980e-07
-1.3787878788e+00 6.5151515152e-01 0.0000000000e+00 4.9093754622e-07 -4.9487308145e-07
-1.3484848485e+00 6.5151515152e-01 0.0000000000e+00 4.9909545953e-07 -5.0289113369e-07
-1.3181818182e+00 6.5151515152e-01 0.0000000000e+00 5.0704601314e-07 -5.1070493424e-07
-1.2878787879e+00 6.5151515152e-01 0.0000000000e+00 5.1479436894e-07 -5.1831964502e-07
-1.2575757576e+00 6.5151515152e-01 0.0000000000e+00 5.2234410459e-07 -5.2573884366e-07
-1.2272727273e+00 6.5151515152e-01 0.0000000000e+00 5.2969808586e-07 -5.3296539595e-07
-1.1969696970e+00 6.5151515152e-01 0.0000000000e+00 5.3685881066e-07 -5.4000179980e-07
-1.1666666667e+00 6.5151515152e-01 0.0000000000e+00 nan nan
-1.1363636364e+00 6.5151515152e-01 0.0000000000e+00 nan nan
-1.1060606061e+00 6.5151515152e-01 0.0000000000e+00 nan nan
-1.0757575758e+00 6.5151515152e-01 0.0000000000e+00 nan nan
-1.0454545455e+00 6.5151515152e-01 0.0000000000e+00 nan nan
-1.0151515152e+00 6.5151515152e-01 0.0000000000e+00 nan nan
-9.8484848485e-01 6.5151515152e-01 0.0000000000e+00 nan nan
-9.5454545455e-01 6.5151515152e-01 0.0000000000e+00 nan nan
-9.2424242424e-01 6.5151515152e-01 0.0000000000e+00 nan nan
-8.9393939394e-01 6.5151515152e-01 0.0000000000e+00 nan nan
-8.6363636364e-01 6.5151515152e-01 0.0000000000e+00 nan nan
-8.3333333333e-01 6.5151515152e-01 0.0000000000e+00 nan nan
-8.0303030303e-01 6.5151515152e-01 0.0000000000e+00 nan nan
-7.7272727273e-01 6.5151515152e-01 0.0000000000e+00 nan nan
-7.4242424242e-01 6.5151515152e-01 0.0000000000e+00 nan nan
-7.1212121212e-01 6.5151515152e-01 0.0000000000e+00 nan nan
-6.8181818182e-01 6.5151515152e-01 0.0000000000e+00 nan nan
-6.5151515152e-01 6.5151515152e-01 0.0000000000e+00 nan nan
-6.2121212121e-01 6.5151515152e-01 0.0000000000e+00 nan nan
-5.9090909091e-01 6.5151515152e-01 0.0000000000e+00 nan nan
-5.6060606061e-01 6.5151515152e-01 0.0000000000e+00 nan nan
-5.3030303030e-01 6.5151515152e-01 0.0000000000e+00 nan nan
-5.0000000000e-01 6.5151515152e-01 0.0000000000e+00 nan nan
-4.6969696970e-01 6.5151515152e-01 0.0000000000e+00 nan nan
-4.3939393939e-01 6.5151515152e-01 0.0000000000e+00 nan nan
-4.0909090909e-01 6.5151515152e-01 0.0000000000e+00 nan nan
-3.7878787879e-01 6.5151515152e-01 0.0000000000e+00 nan nan
-3.4848484848e-01 6.5151515152e-01 0.0000000000e+00 nan nan
-3.1818181818e-01 6.5151515152e-01 0.0000000000e+00 nan nan
-2.8787878788e-01 6.5151515152e-01 0.0000000000e+00 nan nan
-2.5757575758e-01 6.5151515152e-01 0.0000000000e+00 nan nan
-2.2727272727e-01 6.5151515152e-01 0.0000000000e+00 nan nan
-1.9696969697e-01 6.5151515152e-01 0.0000000000e+00 nan nan
-1.6666666667e-01 6.5151515152e-01 0.0000000000e+00 nan nan
-1.3636363636e-01 6.5151515152e-01 0.0000000000e+00 nan nan
-1.0606060606e-01 6.5151515152e-01 0.0000000000e+00 nan nan
-7.5757575758e-02 6.5151515152e-01 0.0000000000e+00 nan nan
-4.5454545455e-02 6.5151515152e-01 0.0000000000e+00 nan nan
-1.5151515152e-02 6.5151515152e-01 0.0000000000e+00 nan nan
1.5151515152e-02 6.5151515152e-01 0.0000000000e+00 nan nan
4.5454545455e-02 6.5151515152e-01 0.0000000000e+00 nan nan
7.5757575758e-02 6.5151515152e-01 0.0000000000e+00 nan nan
1.0606060606e-01 6.5151515152e-01 0.0000000000e+00 nan nan
1.3636363636e-01 6.5151515152e-01 0.0000000000e+00 nan nan
1.6666666667e-01 6.5151515152e-01 0.0000000000e+00 nan nan
1.9696969697e-01 6.5151515152e-01 0.0000000000e+00 nan nan
2.2727272727e-01 6.5151515152e-01 0.0000000000e+00 nan nan
2.5757575758e-01 6.5151515152e-01 0.0000000000e+00 nan nan
2.8787878788e-01 6.5151515152e-01 0.0000000000e+00 nan nan
3.1818181818e-01 6.5151515152e-01 0.0000000000e+00 nan nan
3.4848484848e-01 6.5151515152e-01 0.0000000000e+00 nan nan
3.7878787879e-01 6.5151515152e-01 0.0000000000e+00 nan nan
4.0909090909e-01 6.5151515152e-01 0.0000000000e+00 nan nan
4.3939393939e-01 6.5151515152e-01 0.0000000000e+00 nan nan
4.6969696970e-01 6.5151515152e-01 0.0000000000e+00 nan nan
5.0000000000e-01 6.5151515152e-01 0.0000000000e+00 nan nan
5.3030303030e-01 6.5151515152e-01 0.0000000000e+00 nan nan
5.6060606061e-01 6.5151515152e-01 0.0000000000e+00 nan nan
5.9090909091e-01 6.5151515152e-01 0.0000000000e+00 nan nan
6.2121212121e-01 6.5151515152e-01 0.0000000000e+00 nan nan
6.5151515152e-01 6.5151515152e-01 0.0000000000e+00 nan nan
6.8181818182e-01 6.5151515152e-01 0.0000000000e+00 nan nan
7.1212121212e-01 6.5151515152e-01 0.0000000000e+00 nan nan
7.4242424242e-01 6.5151515152e-01 0.0000000000e+00 nan nan
7.7272727273e-01 6.5151515152e-01 0.0000000000e+00 nan nan
8.0303030303e-01 6.5151515152e-01 0.0000000000e+00 nan nan
8.3333333333e-01 6.5151515152e-01 0.0000000000e+00 nan nan
8.6363636364e-01 6.5151515152e-01 0.0000000000e+00 nan nan
8.9393939394e-01 6.5151515152e-01 0.0000000000e+00 nan nan
9.2424242424e-01 6.5151515152e-01 0.0000000000e+00 nan nan
9.5454545455e-01 6.5151515152e-01 0.0000000000e+00 nan nan
9.8484848485e-01 6.5151515152e-01 0.0000000000e+00 nan nan
1.0151515152e+00 6.5151515152e-01 0.0000000000e+00 nan nan
1.0454545455e+00 6.5151515152e-01 0.0000000000e+00 nan nan
1.0757575758e+00 6.5151515152e-01 0.0000000000e+00 nan nan
1.1060606061e+00 6.5151515152e-01 0.0000000000e+00 nan nan
1.1363636364e+00 6.5151515152e-01 0.0000000000e+00 nan nan
1.1666666667e+00 6.5151515152e-01 0.0000000000e+00 nan nan
1.1969696970e+00 6.5151515152e-01 0.0000000000e+00 5.3619594519e-07 -5.3933893433e-07
1.2272727273e+00 6.5151515152e-01 0.0000000000e+00 5.2918798007e-07 -5.3245529017e-07
1.2575757576e+00 6.5151515152e-01 0.0000000000e+00 5.2202354543e-07 -5.2541828450e-07
1.2878787879e+00 6.5151515152e-01 0.0000000000e+00 5.1470491486e-07 -5.1823019094e-07
1.3181818182e+00 6.5151515152e-01 0.0000000000e+00 5.0723441141e-07 -5.1089333252e-07
1.3484848485e+00 6.5151515152e-01 0.0000000000e+00 4.9961431790e-07 -5.0340999206e-07
1.3787878788e+00 6.5151515152e-01 0.0000000000e+00 4.9184668695e-07 -4.9578222218e-07
1.4090909091e+00 6.5151515152e-01 0.0000000000e+00 4.8393280972e-07 -4.8801131405e-07
1.4393939394e+00 6.5151515152e-01 0.0000000000e+00 4.7587146611e-07 -4.8009604755e-07
1.4696969697e+00 6.5151515152e-01 0.0000000000e+00 4.6767715853e-07 -4.7205092513e-07
1.5000000000e+00 6.5151515152e-01 0.0000000000e+00 4.5964509549e-07 -4.6417115525e-07
-1.5000000000e+00 6.8181818182e-01 0.0000000000e+00 4.5482150306e-07 -4.5941593935e-07
-1.4696969697e+00 6.8181818182e-01 0.0000000000e+00 4.6260543637e-07 -4.6704757949e-07
-1.4393939394e+00 6.8181818182e-01 0.0000000000e+00 4.7065092483e-07 -4.7494388281e-07
-1.4090909091e+00 6.8181818182e-01 0.0000000000e+00 4.7897688551e-07 -4.8312376636e-07
-1.3787878788e+00 6.8181818182e-01 0.0000000000e+00 4.8730887648e-07 -4.9131278823e-07
-1.3484848485e+00 6.8181818182e-01 0.0000000000e+00 4.9543370354e-07 -4.9929775422e-07
-1.3181818182e+00 6.8181818182e-01 0.0000000000e+00 5.0335870776e-07 -5.0708600539e-07
-1.2878787879e+00 6.8181818182e-01 0.0000000000e+00 5.1108703710e-07 -5.1468068970e-07
-1.2575757576e+00 6.8181818182e-01 0.0000000000e+00 5.1862055538e-07 -5.2208367098e-07
-1.2272727273e+00 6.8181818182e-01 0.0000000000e+00 5.2596087675e-07 -5.2929656338e-07
-1.1969696970e+00 6.8181818182e-01 0.0000000000e+00 5.3310965967e-07 -5.3632102533e-07
-1.1666666667e+00 6.8181818182e-01 0.0000000000e+00 nan nan
-1.1363636364e+00 6.8181818182e-01 0.0000000000e+00 nan nan
-1.1060606061e+00 6.8181818182e-01 0.0000000000e+00 nan nan
-1.0757575758e+00 6.8181818182e-01 0.0000000000e+00 nan nan
-1.0454545455e+00 6.8181818182e-01 0.0000000000e+00 nan nan
-1.0151515152e+00 6.8181818182e-01 0.0000000000e+00 nan nan
-9.8484848485e-01 6.8181818182e-01 0.0000000000e+00 nan nan
-9.5454545455e-01 6.8181818182e-01 0.0000000000e+00 nan nan
-9.2424242424e-01 6.8181818182e-01 0.0000000000e+00 nan nan
-8.9393939394e-01 6.8181818182e-01 0.0000000000e+00 nan nan
-8.6363636364e-01 6.8181818182e-01 0.0000000000e+00 nan nan
-8.3333333333e-01 6.8181818182e-01 0.0000000000e+00 nan nan
-8.0303030303e-01 6.8181818182e-01 0.0000000000e+00 nan nan
-7.7272727273e-01 6.8181818182e-01 0.0000000000e+00 nan nan
-7.4242424242e-01 6.8181818182e-01 0.0000000000e+00 nan nan
-7.1212121212e-01 6.8181818182e-01 0.0000000000e+00 nan nan
-6.8181818182e-01 6.8181818182e-01 0.0000000000e+00 nan nan
-6.5151515152e-01 6.8181818182e-01 0.0000000000e+00 nan nan
-6.2121212121e-01 6.8181818182e-01 0.0000000000e+00 nan nan
-5.9090909091e-01 6.8181818182e-01 0.0000000000e+00 nan nan
-5.6060606061e-01 6.8181818182e-01 0.0000000000e+00 nan nan
-5.3030303030e-01 6.8181818182e-01 0.0000000000e+00 nan nan
-5.0000000000e-01 6.8181818182e-01 0.0000000000e+00 nan nan
-4.6969696970e-01 6.8181818182e-01 0.0000000000e+00 nan nan
-4.3939393939e-01 6.8181818182e-01 0.0000000000e+00 nan nan
-4.0909090909e-01 6.8181818182e-01 0.0000000000e+00 nan nan
-3.7878787879e-01 6.8181818182e-01 0.0000000000e+00 nan nan
-3.4848484848e-01 6.8181818182e-01 0.0000000000e+00 nan nan
-3.1818181818e-01 6.8181818182e-01 0.0000000000e+00 nan nan
-2.8787878788e-01 6.8181818182e-01 0.0000000000e+00 nan nan
-2.5757575758e-01 6.8181818182e-01 0.0000000000e+00 nan nan
-2.2727272727e-01 6.8181818182e-01 0.0000000000e+00 nan nan
-1.9696969697e-01 6.8181818182e-01 0.0000000000e+00 nan nan
-1.6666666667e-01 6.8181818182e-01 0.0000000000e+00 nan nan
-1.3636363636e-01 6.8181818182e-01 0.0000000000e+00 nan nan
-1.0606060606e-01 6.8181818182e-01 0.0000000000e+00 nan nan
-7.5757575758e-02 6.8181818182e-01 0.0000000000e+00 nan nan
-4.5454545455e-02 6.8181818182e-01 0.0000000000e+00 nan nan
-1.5151515152e-02 6.8181818182e-01 0.0000000000e+00 nan nan
1.5151515152e-02 6.8181818182e-01 0.0000000000e+00 nan nan
4.5454545455e-02 6.8181818182e-01 0.0000000000e+00 nan nan
7.5757575758e-02 6.8181818182e-01 0.0000000000e+00 nan nan
1.0606060606e-01 6.8181818182e-01 0.0000000000e+00 nan nan
1.3636363636e-01 6.8181818182e-01 0.0000000000e+00 nan nan
1.6666666667e-01 6.8181818182e-01 0.0000000000e+00 nan nan
1.9696969697e-01 6.8181818182e-01 0.0000000000e+00 nan nan
2.2727272727e-01 6.8181818182e-01 0.0000000000e+00 nan nan
2.5757575758e-01 6.8181818182e-01 0.0000000000e+00 nan nan
2.8787878788e-01 6.8181818182e-01 0.0000000000e+00 nan nan
3.1818181818e-01 6.8181818182e-01 0.0000000000e+00 nan nan
3.4848484848e-01 6.8181818182e-01 0.0000000000e+00 nan nan
3.7878787879e-01 6.8181818182e-01 0.0000000000e+00 nan nan
4.0909090909e-01 6.8181818182e-01 0.0000000000e+00 nan nan
4.3939393939e-01 6.8181818182e-01 0.0000000000e+00 nan nan
4.6969696970e-01 6.8181818182e-01 0.0000000000e+00 nan nan
5.0000000000e-01 6.8181818182e-01 0.0000000000e+00 nan nan
5.3030303030e-01 6.8181818182e-01 0.0000000000e+00 nan nan
5.6060606061e-01 6.8181818182e-01 0.0000000000e+00 nan nan
5.9090909091e-01 6.8181818182e-01 0.0000000000e+00 nan nan
6.2121212121e-01 6.8181818182e-01 0.0000000000e+00 nan nan
6.5151515152e-01 6.8181818182e-01 0.0000000000e+00 nan nan
6.8181818182e-01 6.8181818182e-01 0.0000000000e+00 nan nan
7.1212121212e-01 6.8181818182e-01 0.0000000000e+00 nan nan
7.4242424242e-01 6.8181818182e-01 0.0000000000e+00 nan nan
7.7272727273e-01 6.8181818182e-01 0.0000000000e+00 nan nan
8.0303030303e-01 6.8181818182e-01 0.0000000000e+00 nan nan
8.3333333333e-01 6.8181818182e-01 0.0000000000e+00 nan nan
8.6363636364e-01 6.8181818182e-01 0.0000000000e+00 nan nan
8.9393939394e-01 6.8181818182e-01 0.0000000000e+00 nan nan
9.2424242424e-01 6.8181818182e-01 0.0000000000e+00 nan nan
9.5454545455e-01 6.8181818182e-01 0.0000000000e+00 nan nan
9.8484848485e-01 6.8181818182e-01 0.0000000000e+00 nan nan
1.0151515152e+00 6.8181818182e-01 0.0000000000e+00 nan nan
1.0454545455e+00 6.8181818182e-01 0.0000000000e+00 nan nan
1.0757575758e+00 6.8181818182e-01 0.0000000000e+00 nan nan
1.1060606061e+00 6.8181818182e-01 0.0000000000e+00 nan nan
1.1363636364e+00 6.8181818182e-01 0.0000000000e+00 nan nan
1.1666666667e+00 6.8181818182e-01 0.0000000000e+00 nan nan
1.1969696970e+00 6.8181818182e-01 0.0000000000e+00 5.3215743322e-07 -5.3536879889e-07
1.2272727273e+00 6.8181818182e-01 0.0000000000e+00 5.2514527319e-07 -5.2848095981e-07
1.2575757576e+00 6.8181818182e-01 0.0000000000e+00 5.1797769492e-07 -5.2144081052e-07
1.2878787879e+00 6.8181818182e-01 0.0000000000e+00 5.1065728925e-07 -5.1425094186e-07
1.3181818182e+00 6.8181818182e-01 0.0000000000e+00 5.0318672324e-07 -5.0691402087e-07
1.3484848485e+00 6.8181818182e-01 0.0000000000e+00 4.9556868736e-07 -4.9943273804e-07
1.3787878788e+00 6.8181818182e-01 0.0000000000e+00 4.8780587505e-07 -4.9180978680e-07
1.4090909091e+00 6.8181818182e-01 0.0000000000e+00 4.7990088839e-07 -4.8404776925e-07
1.4393939394e+00 6.8181818182e-01 0.0000000000e+00 4.7185628446e-07 -4.7614924244e-07
1.4696969697e+00 6.8181818182e-01 0.0000000000e+00 4.6380232767e-07 -4.6824447079e-07
1.5000000000e+00 6.8181818182e-01 0.0000000000e+00 4.5597915388e-07 -4.6057359017e-07
-1.5000000000e+00 7.1212121212e-01 0.0000000000e+00 4.5151956889e-07 -4.5618548973e-07
-1.4696969697e+00 7.1212121212e-01 0.0000000000e+00 4.5916383323e-07 -4.6367746090e-07
-1.4393939394e+00 7.1212121212e-01 0.0000000000e+00 4.6706776324e-07 -4.7143220576e-07
-1.4090909091e+00 7.1212121212e-01 0.0000000000e+00 4.7525709395e-07 -4.7947545935e-07
-1.3787878788e+00 7.1212121212e-01 0.0000000000e+00 4.8353308938e-07 -4.8760848568e-07
-1.3484848485e+00 7.1212121212e-01 0.0000000000e+00 4.9161781618e-07 -4.9555335141e-07
-1.3181818182e+00 7.1212121212e-01 0.0000000000e+00 4.9951381547e-07 -5.0331259764e-07
-1.2878787879e+00 7.1212121212e-01 0.0000000000e+00 5.0722031340e-07 -5.1088545055e-07
-1.2575757576e+00 7.1212121212e-01 0.0000000000e+00 5.1473643524e-07 -5.1827103539e-07
-1.2272727273e+00 7.1212121212e-01 0.0000000000e+00 5.2206208675e-07 -5.2546925792e-07
-1.1969696970e+00 7.1212121212e-01 0.0000000000e+00 5.2919792083e-07 -5.3248077104e-07
-1.1666666667e+00 7.1212121212e-01 0.0000000000e+00 5.3614510137e-07 -5.3930673866e-07
-1.1363636364e+00 7.1212121212e-01 0.0000000000e+00 nan nan
-1.1060606061e+00 7.1212121212e-01 0.0000000000e+00 nan nan
-1.0757575758e+00 7.1212121212e-01 0.0000000000e+00 nan nan
-1.0454545455e+00 7.1212121212e-01 0.0000000000e+00 nan nan
-1.0151515152e+00 7.1212121212e-01 0.0000000000e+00 nan nan
-9.8484848485e-01 7.1212121212e-01 0.0000000000e+00 nan nan
-9.5454545455e-01 7.1212121212e-01 0.0000000000e+00 nan nan
-9.2424242424e-01 7.1212121212e-01 0.0000000000e+00 nan nan
-8.9393939394e-01 7.1212121212e-01 0.0000000000e+00 nan nan
-8.6363636364e-01 7.1212121212e-01 0.0000000000e+00 nan nan
-8.3333333333e-01 7.1212121212e-01 0.0000000000e+00 nan nan
-8.0303030303e-01 7.1212121212e-01 0.0000000000e+00 nan nan
-7.7272727273e-01 7.1212121212e-01 0.0000000000e+00 nan nan
-7.4242424242e-01 7.1212121212e-01 0.0000000000e+00 nan nan
-7.1212121212e-01 7.1212121212e-01 0.0000000000e+00 nan nan
-6.8181818182e-01 7.1212121212e-01 0.0000000000e+00 nan nan
-6.5151515152e-01 7.1212121212e-01 0.0000000000e+00 nan nan
-6.2121212121e-01 7.1212121212e-01 0.0000000000e+00 nan nan
-5.9090909091e-01 7.1212121212e-01 0.0000000000e+00 nan nan
-5.6060606061e-01 7.1212121212e-01 0.0000000000e+00 nan nan
-5.3030303030e-01 7.1212121212e-01 0.0000000000e+00 nan nan
-5.0000000000e-01 7.1212121212e-01 0.0000000000e+00 nan nan
-4.6969696970e-01 7.1212121212e-01 0.0000000000e+00 nan nan
-4.3939393939e-01 7.1212121212e-01 0.0000000000e+00 nan nan
-4.0909090909e-01 7.1212121212e-01 0.0000000000e+00 nan nan
-3.7878787879e-01 7.1212121212e-01 0.0000000000e+00 nan nan
-3.4848484848e-01 7.1212121212e-01 0.0000000000e+00 nan nan
-3.1818181818e-01 7.1212121212e-01 0.0000000000e+00 nan nan
-2.8787878788e-01 7.1212121212e-01 0.0000000000e+00 nan nan
-2.5757575758e-01 7.1212121212e-01 0.0000000000e+00 nan nan
-2.2727272727e-01 7.1212121212e-01 0.0000000000e+00 nan nan
-1.9696969697e-01 7.1212121212e-01 0.0000000000e+00 nan nan
-1.6666666667e-01 7.1212121212e-01 0.0000000000e+00 nan nan
-1.3636363636e-01 7.1212121212e-01 0.0000000000e+00 nan nan
-1.0606060606e-01 7.1212121212e-01 0.0000000000e+00 nan nan
-7.5757575758e-02 7.1212121212e-01 0.0000000000e+00 nan nan
-4.5454545455e-02 7.1212121212e-01 0.0000000000e+00 nan nan
-1.5151515152e-02 7.1212121212e-01 0.0000000000e+00 nan nan
1.5151515152e-02 7.1212121212e-01 0.0000000000e+00 nan nan
4.5454545455e-02 7.1212121212e-01 0.0000000000e+00 nan nan
7.5757575758e-02 7.1212121212e-01 0.0000000000e+00 nan nan
1.0606060606e-01 7.1212121212e-01 0.0000000000e+00 nan nan
1.3636363636e-01 7.1212121212e-01 0.0000000000e+00 nan nan
1.6666666667e-01 7.1212121212e-01 0.0000000000e+00 nan nan
1.9696969697e-01 7.1212121212e-01 0.0000000000e+00 nan nan
2.2727272727e-01 7.1212121212e-01 0.0000000000e+00 nan nan
2.5757575758e-01 7.1212121212e-01 0.0000000000e+00 nan nan
2.8787878788e-01 7.1212121212e-01 0.0000000000e+00 nan nan
3.1818181818e-01 7.1212121212e-01 0.0000000000e+00 nan nan
3.4848484848e-01 7.1212121212e-01 0.0000000000e+00 nan nan
3.7878787879e-01 7.1212121212e-01 0.0000000000e+00 nan nan
4.0909090909e-01 7.1212121212e-01 0.0000000000e+00 nan nan
4.3939393939e-01 7.1212121212e-01 0.0000000000e+00 nan nan
4.6969696970e-01 7.1212121212e-01 0.0000000000e+00 nan nan
5.0000000000e-01 7.1212121212e-01 0.0000000000e+00 nan nan
5.3030303030e-01 7.1212121212e-01 0.0000000000e+00 nan nan
5.6060606061e-01 7.1212121212e-01 0.0000000000e+00 nan nan
5.9090909091e-01 7.1212121212e-01 0.0000000000e+00 nan nan
6.2121212121e-01 7.1212121212e-01 0.0000000000e+00 nan nan
6.5151515152e-01 7.1212121212e-01 0.0000000000e+00 nan nan
6.8181818182e-01 7.1212121212e-01 0.0000000000e+00 nan nan
7.1212121212e-01 7.1212121212e-01 0.0000000000e+00 nan nan
7.4242424242e-01 7.1212121212e-01 0.0000000000e+00 nan nan
7.7272727273e-01 7.1212121212e-01 0.0000000000e+00 nan nan
8.0303030303e-01 7.1212121212e-01 0.0000000000e+00 nan nan
8.3333333333e-01 7.1212121212e-01 0.0000000000e+00 nan nan
8.6363636364e-01 7.1212121212e-01 0.0000000000e+00 nan nan
8.9393939394e-01 7.1212121212e-01 0.0000000000e+00 nan nan
9.2424242424e-01 7.1212121212e-01 0.0000000000e+00 nan nan
9.5454545455e-01 7.1212121212e-01 0.0000000000e+00 nan nan
9.8484848485e-01 7.1212121212e-01 0.0000000000e+00 nan nan
1.0151515152e+00 7.1212121212e-01 0.0000000000e+00 nan nan
1.0454545455e+00 7.1212121212e-01 0.0000000000e+00 nan nan
1.0757575758e+00 7.1212121212e-01 0.0000000000e+00 nan nan
1.1060606061e+00 7.1212121212e-01 0.0000000000e+00 nan nan
1.1363636364e+00 7.1212121212e-01 0.0000000000e+00 nan nan
1.1666666667e+00 7.1212121212e-01 0.0000000000e+00 5.3479021539e-07 -5.3795185267e-07
1.1969696970e+00 7.1212121212e-01 0.0000000000e+00 5.2792945295e-07 -5.3121230316e-07
1.2272727273e+00 7.1212121212e-01 0.0000000000e+00 5.2091155845e-07 -5.2431872962e-07
1.2575757576e+00 7.1212121212e-01 0.0000000000e+00 5.1373933771e-07 -5.1727393786e-07
1.2878787879e+00 7.1212121212e-01 0.0000000000e+00 5.0641576795e-07 -5.1008090511e-07
1.3181818182e+00 7.1212121212e-01 0.0000000000e+00 4.9894388972e-07 -5.0274267190e-07
1.3484848485e+00 7.1212121212e-01 0.0000000000e+00 4.9132673034e-07 -4.9526226557e-07
1.3787878788e+00 7.1212121212e-01 0.0000000000e+00 4.8356742999e-07 -4.8764282630e-07
1.4090909091e+00 7.1212121212e-01 0.0000000000e+00 4.7566930829e-07 -4.7988767369e-07
1.4393939394e+00 7.1212121212e-01 0.0000000000e+00 4.6767860171e-07 -4.7204304423e-07
1.4696969697e+00 7.1212121212e-01 0.0000000000e+00 4.5985531576e-07 -4.6436894343e-07
1.5000000000e+00 7.1212121212e-01 0.0000000000e+00 4.5224434448e-07 -4.5691026532e-07
-1.5000000000e+00 7.4242424242e-01 0.0000000000e+00 4.4812829754e-07 -4.5286881095e-07
-1.4696969697e+00 7.4242424242e-01 0.0000000000e+00 4.5562302999e-07 -4.6021125023e-07
-1.4393939394e+00 7.4242424242e-01 0.0000000000e+00 4.6337126522e-07 -4.6781030032e-07
-1.4090909091e+00 7.4242424242e-01 0.0000000000e+00 4.7140358928e-07 -4.7569654726e-07
-1.3787878788e+00 7.4242424242e-01 0.0000000000e+00 4.7960026290e-07 -4.8375025177e-07
-1.3484848485e+00 7.4242424242e-01 0.0000000000e+00 4.8763984404e-07 -4.9164997184e-07
-1.3181818182e+00 7.4242424242e-01 0.0000000000e+00 4.9550589493e-07 -4.9937926969e-07
-1.2878787879e+00 7.4242424242e-01 0.0000000000e+00 5.0319064984e-07 -5.0693037956e-07
-1.2575757576e+00 7.4242424242e-01 0.0000000000e+00 5.1068943934e-07 -5.1429863206e-07
-1.2272727273e+00 7.4242424242e-01 0.0000000000e+00 5.1800016868e-07 -5.2148193242e-07
-1.1969696970e+00 7.4242424242e-01 0.0000000000e+00 5.2512248495e-07 -5.2847992774e-07
-1.1666666667e+00 7.4242424242e-01 0.0000000000e+00 5.3205707699e-07 -5.3529330685e-07
-1.1363636364e+00 7.4242424242e-01 0.0000000000e+00 5.3880517633e-07 -5.4192330128e-07
-1.1060606061e+00 7.4242424242e-01 0.0000000000e+00 nan nan
-1.0757575758e+00 7.4242424242e-01 0.0000000000e+00 nan nan
-1.0454545455e+00 7.4242424242e-01 0.0000000000e+00 nan nan
-1.0151515152e+00 7.4242424242e-01 0.0000000000e+00 nan nan
-9.8484848485e-01 7.4242424242e-01 0.0000000000e+00 nan nan
-9.5454545455e-01 7.4242424242e-01 0.0000000000e+00 nan nan
-9.2424242424e-01 7.4242424242e-01 0.0000000000e+00 nan nan
-8.9393939394e-01 7.4242424242e-01 0.0000000000e+00 nan nan
-8.6363636364e-01 7.4242424242e-01 0.0000000000e+00 nan nan
-8.3333333333e-01 7.4242424242e-01 0.0000000000e+00 nan nan
-8.0303030303e-01 7.4242424242e-01 0.0000000000e+00 nan nan
-7.7272727273e-01 7.4242424242e-01 0.0000000000e+00 nan nan
-7.4242424242e-01 7.4242424242e-01 0.0000000000e+00 nan nan
-7.1212121212e-01 7.4242424242e-01 0.0000000000e+00 nan nan
-6.8181818182e-01 7.4242424242e-01 0.0000000000e+00 nan nan
-6.5151515152e-01 7.4242424242e-01 0.0000000000e+00 nan nan
-6.2121212121e-01 7.4242424242e-01 0.0000000000e+00 nan nan
-5.9090909091e-01 7.4242424242e-01 0.0000000000e+00 nan nan
-5.6060606061e-01 7.4242424242e-01 0.0000000000e+00 nan nan
-5.3030303030e-01 7.4242424242e-01 0.0000000000e+00 nan nan
-5.0000000000e-01 7.4242424242e-01 0.0000000000e+00 nan nan
-4.6969696970e-01 7.4242424242e-01 0.0000000000e+00 nan nan
-4.3939393939e-01 7.4242424242e-01 0.0000000000e+00 nan nan
-4.0909090909e-01 7.4242424242e-01 0.0000000000e+00 nan nan
-3.7878787879e-01 7.4242424242e-01 0.0000000000e+00 nan nan
-3.4848484848e-01 7.4242424242e-01 0.0000000000e+00 nan nan
-3.1818181818e-01 7.4242424242e-01 0.0000000000e+00 nan nan
-2.8787878788e-01 7.4242424242e-01 0.0000000000e+00 nan nan
-2.5757575758e-01 7.4242424242e-01 0.0000000000e+00 nan nan
-2.2727272727e-01 7.4242424242e-01 0.0000000000e+00 nan nan
-1.9696969697e-01 7.4242424242e-01 0.0000000000e+00 nan nan
-1.6666666667e-01 7.4242424242e-01 0.0000000000e+00 nan nan
-1.3636363636e-01 7.4242424242e-01 0.0000000000e+00 nan nan
-1.0606060606e-01 7.4242424242e-01 0.0000000000e+00 nan nan
-7.5757575758e-02 7.4242424242e-01 0.0000000000e+00 nan nan
-4.5454545455e-02 7.4242424242e-01 0.0000000000e+00 nan nan
-1.5151515152e-02 7.4242424242e-01 0.0000000000e+00 nan nan
1.5151515152e-02 7.4242424242e-01 0.0000000000e+00 nan nan
4.5454545455e-02 7.4242424242e-01 0.0000000000e+00 nan nan
7.5757575758e-02 7.4242424242e-01 0.0000000000e+00 nan nan
1.0606060606e-01 7.4242424242e-01 0.0000000000e+00 nan nan
1.3636363636e-01 7.4242424242e-01 0.0000000000e+00 nan nan
1.6666666667e-01 7.4242424242e-01 0.0000000000e+00 nan nan
1.9696969697e-01 7.4242424242e-01 0.0000000000e+00 nan nan
2.2727272727e-01 7.4242424242e-01 0.0000000000e+00 nan nan
2.5757575758e-01 7.4242424242e-01 0.0000000000e+00 nan nan
2.8787878788e-01 7.4242424242e-01 0.0000000000e+00 nan nan
3.1818181818e-01 7.4242424242e-01 0.0000000000e+00 nan nan
3.4848484848e-01 7.4242424242e-01 0.0000000000e+00 nan nan
3.7878787879e-01 7.4242424242e-01 0.0000000000e+00 nan nan
4.0909090909e-01 7.4242424242e-01 0.0000000000e+00 nan nan
4.3939393939e-01 7.4242424242e-01 0.0000000000e+00 nan nan
4.6969696970e-01 7.4242424242e-01 0.0000000000e+00 nan nan
5.0000000000e-01 7.4242424242e-01 0.0000000000e+00 nan nan
5.3030303030e-01 7.4242424242e-01 0.0000000000e+00 nan nan
5.6060606061e-01 7.4242424242e-01 0.0000000000e+00 nan nan
5.9090909091e-01 7.4242424242e-01 0.0000000000e+00 nan nan
6.2121212121e-01 7.4242424242e-01 0.0000000000e+00 nan nan
6.5151515152e-01 7.4242424242e-01 0.0000000000e+00 nan nan
6.8181818182e-01 7.4242424242e-01 0.0000000000e+00 nan nan
7.1212121212e-01 7.4242424242e-01 0.0000000000e+00 nan nan
7.4242424242e-01 7.4242424242e-01 0.0000000000e+00 nan nan
7.7272727273e-01 7.4242424242e-01 0.0000000000e+00 nan nan
8.0303030303e-01 7.4242424242e-01 0.0000000000e+00 nan nan
8.3333333333e-01 7.4242424242e-01 0.0000000000e+00 nan nan
8.6363636364e-01 7.4242424242e-01 0.0000000000e+00 nan nan
8.9393939394e-01 7.4242424242e-01 0.0000000000e+00 nan nan
9.2424242424e-01 7.4242424242e-01 0.0000000000e+00 nan nan
9.5454545455e-01 7.4242424242e-01 0.0000000000e+00 nan nan
9.8484848485e-01 7.4242424242e-01 0.0000000000e+00 nan nan
1.0151515152e+00 7.4242424242e-01 0.0000000000e+00 nan nan
1.0454545455e+00 7.4242424242e-01 0.0000000000e+00 nan nan
1.0757575758e+00 7.4242424242e-01 0.0000000000e+00 nan nan
1.1060606061e+00 7.4242424242e-01 0.0000000000e+00 nan nan
1.1363636364e+00 7.4242424242e-01 0.0000000000e+00 5.3708978848e-07 -5.4020791343e-07
1.1666666667e+00 7.4242424242e-01 0.0000000000e+00 5.3038010465e-07 -5.3361633451e-07
1.1969696970e+00 7.4242424242e-01 0.0000000000e+00 5.2351104887e-07 -5.2686849165e-07
1.2272727273e+00 7.4242424242e-01 0.0000000000e+00 5.1648554833e-07 -5.1996731207e-07
1.2575757576e+00 7.4242424242e-01 0.0000000000e+00 5.0930686353e-07 -5.1291605626e-07
1.2878787879e+00 7.4242424242e-01 0.0000000000e+00 5.0197848998e-07 -5.0571821971e-07
1.3181818182e+00 7.4242424242e-01 0.0000000000e+00 4.9450394786e-07 -4.9837732261e-07
1.3484848485e+00 7.4242424242e-01 0.0000000000e+00 4.8688654520e-07 -4.9089667300e-07
1.3787878788e+00 7.4242424242e-01 0.0000000000e+00 4.7912963202e-07 -4.8327962089e-07
1.4090909091e+00 7.4242424242e-01 0.0000000000e+00 4.7124514202e-07 -4.7553809999e-07
1.4393939394e+00 7.4242424242e-01 0.0000000000e+00 4.6345253048e-07 -4.6789156558e-07
1.4696969697e+00 7.4242424242e-01 0.0000000000e+00 4.5585449818e-07 -4.6044271842e-07
1.5000000000e+00 7.4242424242e-01 0.0000000000e+00 4.4845274557e-07 -4.5319325899e-07
-1.5000000000e+00 7.7272727273e-01 0.0000000000e+00 4.4465312167e-07 -4.4947133568e-07
-1.4696969697e+00 7.7272727273e-01 0.0000000000e+00 4.5198864176e-07 -4.5665456259e-07
-1.4393939394e+00 7.7272727273e-01 0.0000000000e+00 4.5956540155e-07 -4.6408213724e-07
-1.4090909091e+00 7.7272727273e-01 0.0000000000e+00 4.6740909760e-07 -4.7177975618e-07
-1.3787878788e+00 7.7272727273e-01 0.0000000000e+00 4.7549131276e-07 -4.7971900223e-07
-1.3484848485e+00 7.7272727273e-01 0.0000000000e+00 4.8348853925e-07 -4.8757636765e-07
-1.3181818182e+00 7.7272727273e-01 0.0000000000e+00 4.9132856486e-07 -4.9527964020e-07
-1.2878787879e+00 7.7272727273e-01 0.0000000000e+00 4.9899443473e-07 -5.0281186505e-07
-1.2575757576e+00 7.7272727273e-01 0.0000000000e+00 5.0647746508e-07 -5.1016435839e-07
-1.2272727273e+00 7.7272727273e-01 0.0000000000e+00 5.1377379046e-07 -5.1733325480e-07
-1.1969696970e+00 7.7272727273e-01 0.0000000000e+00 5.2088238618e-07 -5.2431752956e-07
-1.1666666667e+00 7.7272727273e-01 0.0000000000e+00 5.2780375535e-07 -5.3111768580e-07
-1.1363636364e+00 7.7272727273e-01 0.0000000000e+00 5.3453913125e-07 -5.3773495680e-07
-1.1060606061e+00 7.7272727273e-01 0.0000000000e+00 nan nan
-1.0757575758e+00 7.7272727273e-01 0.0000000000e+00 nan nan
-1.0454545455e+00 7.7272727273e-01 0.0000000000e+00 nan nan
-1.0151515152e+00 7.7272727273e-01 0.0000000000e+00 nan nan
-9.8484848485e-01 7.7272727273e-01 0.0000000000e+00 nan nan
-9.5454545455e-01 7.7272727273e-01 0.0000000000e+00 nan nan
-9.2424242424e-01 7.7272727273e-01 0.0000000000e+00 nan nan
-8.9393939394e-01 7.7272727273e-01 0.0000000000e+00 nan nan
-8.6363636364e-01 7.7272727273e-01 0.0000000000e+00 nan nan
-8.3333333333e-01 7.7272727273e-01 0.0000000000e+00 nan nan
-8.0303030303e-01 7.7272727273e-01 0.0000000000e+00 nan nan
-7.7272727273e-01 7.7272727273e-01 0.0000000000e+00 nan nan
-7.4242424242e-01 7.7272727273e-01 0.0000000000e+00 nan nan
-7.1212121212e-01 7.7272727273e-01 0.0000000000e+00 nan nan
-6.8181818182e-01 7.7272727273e-01 0.0000000000e+00 nan nan
-6.5151515152e-01 7.7272727273e-01 0.0000000000e+00 nan nan
-6.2121212121e-01 7.7272727273e-01 0.0000000000e+00 nan nan
-5.9090909091e-01 7.7272727273e-01 0.0000000000e+00 nan nan
-5.6060606061e-01 7.7272727273e-01 0.0000000000e+00 nan nan
-5.3030303030e-01 7.7272727273e-01 0.0000000000e+00 nan nan
-5.0000000000e-01 7.7272727273e-01 0.0000000000e+00 nan nan
-4.6969696970e-01 7.7272727273e-01 0.0000000000e+00 nan nan
-4.3939393939e-01 7.7272727273e-01 0.0000000000e+00 nan nan
-4.0909090909e-01 7.7272727273e-01 0.0000000000e+00 nan nan
-3.7878787879e-01 7.7272727273e-01 0.0000000000e+00 nan nan
-3.4848484848e-01 7.7272727273e-01 0.0000000000e+00 nan nan
-3.1818181818e-01 7.7272727273e-01 0.0000000000e+00 nan nan
-2.8787878788e-01 7.7272727273e-01 0.0000000000e+00 nan nan
-2.5757575758e-01 7.7272727273e-01 0.0000000000e+00 nan nan
-2.2727272727e-01 7.7272727273e-01 0.0000000000e+00 nan nan
-1.9696969697e-01 7.7272727273e-01 0.0000000000e+00 nan nan
-1.6666666667e-01 7.7272727273e-01 0.0000000000e+00 nan nan
-1.3636363636e-01 7.7272727273e-01 0.0000000000e+00 nan nan
-1.0606060606e-01 7.7272727273e-01 0.0000000000e+00 nan nan
-7.5757575758e-02 7.7272727273e-01 0.0000000000e+00 nan nan
-4.5454545455e-02 7.7272727273e-01 0.0000000000e+00 nan nan
-1.5151515152e-02 7.7272727273e-01 0.0000000000e+00 nan nan
1.5151515152e-02 7.7272727273e-01 0.0000000000e+00 nan nan
4.5454545455e-02 7.7272727273e-01 0.0000000000e+00 nan nan
7.5757575758e-02 7.7272727273e-01 0.0000000000e+00 nan nan
1.0606060606e-01 7.7272727273e-01 0.0000000000e+00 nan nan
1.3636363636e-01 7.7272727273e-01 0.0000000000e+00 nan nan
1.6666666667e-01 7.7272727273e-01 0.0000000000e+00 nan nan
1.9696969697e-01 7.7272727273e-01 0.0000000000e+00 nan nan
2.2727272727e-01 7.7272727273e-01 0.0000000000e+00 nan nan
2.5757575758e-01 7.7272727273e-01 0.0000000000e+00 nan nan
2.8787878788e-01 7.7272727273e-01 0.0000000000e+00 nan nan
3.1818181818e-01 7.7272727273e-01 0.0000000000e+00 nan nan
3.4848484848e-01 7.7272727273e-01 0.0000000000e+00 nan nan
3.7878787879e-01 7.7272727273e-01 0.0000000000e+00 nan nan
4.0909090909e-01 7.7272727273e-01 0.0000000000e+00 nan nan
4.3939393939e-01 7.7272727273e-01 0.0000000000e+00 nan nan
4.6969696970e-01 7.7272727273e-01 0.0000000000e+00 nan nan
5.0000000000e-01 7.7272727273e-01 0.0000000000e+00 nan nan
5.3030303030e-01 7.7272727273e-01 0.0000000000e+00 nan nan
5.6060606061e-01 7.7272727273e-01 0.0000000000e+00 nan nan
5.9090909091e-01 7.7272727273e-01 0.0000000000e+00 nan nan
6.2121212121e-01 7.7272727273e-01 0.0000000000e+00 nan nan
6.5151515152e-01 7.7272727273e-01 0.0000000000e+00 nan nan
6.8181818182e-01 7.7272727273e-01 0.0000000000e+00 nan nan
7.1212121212e-01 7.7272727273e-01 0.0000000000e+00 nan nan
7.4242424242e-01 7.7272727273e-01 0.0000000000e+00 nan nan
7.7272727273e-01 7.7272727273e-01 0.0000000000e+00 nan nan
8.0303030303e-01 7.7272727273e-01 0.0000000000e+00 nan nan
8.3333333333e-01 7.7272727273e-01 0.0000000000e+00 nan nan
8.6363636364e-01 7.7272727273e-01 0.0000000000e+00 nan nan
8.9393939394e-01 7.7272727273e-01 0.0000000000e+00 nan nan
9.2424242424e-01 7.7272727273e-01 0.0000000000e+00 nan nan
9.5454545455e-01 7.7272727273e-01 0.0000000000e+00 nan nan
9.8484848485e-01 7.7272727273e-01 0.0000000000e+00 nan nan
1.0151515152e+00 7.7272727273e-01 0.0000000000e+00 nan nan
1.0454545455e+00 7.7272727273e-01 0.0000000000e+00 nan nan
1.0757575758e+00 7.7272727273e-01 0.0000000000e+00 nan nan
1.1060606061e+00 7.7272727273e-01 0.0000000000e+00 nan nan
1.1363636364e+00 7.7272727273e-01 0.0000000000e+00 5.3250096529e-07 -5.3569679084e-07
1.1666666667e+00 7.7272727273e-01 0.0000000000e+00 5.2578064549e-07 -5.2909457595e-07
1.1969696970e+00 7.7272727273e-01 0.0000000000e+00 5.1890110608e-07 -5.2233624946e-07
1.2272727273e+00 7.7272727273e-01 0.0000000000e+00 5.1186572700e-07 -5.1542519134e-07
1.2575757576e+00 7.7272727273e-01 0.0000000000e+00 5.0467839633e-07 -5.0836528965e-07
1.2878787879e+00 7.7272727273e-01 0.0000000000e+00 4.9734338213e-07 -5.0116081246e-07
1.3181818182e+00 7.7272727273e-01 0.0000000000e+00 4.8986501161e-07 -4.9381608696e-07
1.3484848485e+00 7.7272727273e-01 0.0000000000e+00 4.8224706806e-07 -4.8633489646e-07
1.3787878788e+00 7.7272727273e-01 0.0000000000e+00 4.7449244736e-07 -4.7872013683e-07
1.4090909091e+00 7.7272727273e-01 0.0000000000e+00 4.6675394260e-07 -4.7112460117e-07
1.4393939394e+00 7.7272727273e-01 0.0000000000e+00 4.5919229662e-07 -4.6370903231e-07
1.4696969697e+00 7.7272727273e-01 0.0000000000e+00 4.5181222665e-07 -4.5647814749e-07
1.5000000000e+00 7.7272727273e-01 0.0000000000e+00 4.4461524237e-07 -4.4943345637e-07
-1.5000000000e+00 8.0303030303e-01 0.0000000000e+00 4.4110150200e-07 -4.4600052463e-07
-1.4696969697e+00 8.0303030303e-01 0.0000000000e+00 4.4827046371e-07 -4.5301719317e-07
-1.4393939394e+00 8.0303030303e-01 0.0000000000e+00 4.5566472779e-07 -4.6026227211e-07
-1.4090909091e+00 8.0303030303e-01 0.0000000000e+00 4.6329815760e-07 -4.6774962479e-07
-1.3787878788e+00 8.0303030303e-01 0.0000000000e+00 4.7118215243e-07 -4.7549065053e-07
-1.3484848485e+00 8.0303030303e-01 0.0000000000e+00 4.7915257555e-07 -4.8332121257e-07
-1.3181818182e+00 8.0303030303e-01 0.0000000000e+00 4.8697629863e-07 -4.9100818260e-07
-1.2878787879e+00 8.0303030303e-01 0.0000000000e+00 4.9462905947e-07 -4.9852729841e-07
-1.2575757576e+00 8.0303030303e-01 0.0000000000e+00 5.0209922971e-07 -5.0586693165e-07
-1.2272727273e+00 8.0303030303e-01 0.0000000000e+00 5.0938216744e-07 -5.1302244040e-07
-1.1969696970e+00 8.0303030303e-01 0.0000000000e+00 5.1647696792e-07 -5.1999291992e-07
-1.1666666667e+00 8.0303030303e-01 0.0000000000e+00 5.2338446496e-07 -5.2677920404e-07
-1.1363636364e+00 8.0303030303e-01 0.0000000000e+00 5.3010620517e-07 -5.3338283934e-07
-1.1060606061e+00 8.0303030303e-01 0.0000000000e+00 5.3664393846e-07 -5.3980557574e-07
-1.0757575758e+00 8.0303030303e-01 0.0000000000e+00 nan nan
-1.0454545455e+00 8.0303030303e-01 0.0000000000e+00 nan nan
-1.0151515152e+00 8.0303030303e-01 0.0000000000e+00 nan nan
-9.8484848485e-01 8.0303030303e-01 0.0000000000e+00 nan nan
-9.5454545455e-01 8.0303030303e-01 0.0000000000e+00 nan nan
-9.2424242424e-01 8.0303030303e-01 0.0000000000e+00 nan nan
-8.9393939394e-01 8.0303030303e-01 0.0000000000e+00 nan nan
-8.6363636364e-01 8.0303030303e-01 0.0000000000e+00 nan nan
-8.3333333333e-01 8.0303030303e-01 0.0000000000e+00 nan nan
-8.0303030303e-01 8.0303030303e-01 0.0000000000e+00 nan nan
-7.7272727273e-01 8.0303030303e-01 0.0000000000e+00 nan nan
-7.4242424242e-01 8.0303030303e-01 0.0000000000e+00 nan nan
-7.1212121212e-01 8.0303030303e-01 0.0000000000e+00 nan nan
-6.8181818182e-01 8.0303030303e-01 0.0000000000e+00 nan nan
-6.5151515152e-01 8.0303030303e-01 0.0000000000e+00 nan nan
-6.2121212121e-01 8.0303030303e-01 0.0000000000e+00 nan nan
-5.9090909091e-01 8.0303030303e-01 0.0000000000e+00 nan nan
-5.6060606061e-01 8.0303030303e-01 0.0000000000e+00 nan nan
-5.3030303030e-01 8.0303030303e-01 0.0000000000e+00 nan nan
-5.0000000000e-01 8.0303030303e-01 0.0000000000e+00 nan nan
-4.6969696970e-01 8.0303030303e-01 0.0000000000e+00 nan nan
-4.3939393939e-01 8.0303030303e-01 0.0000000000e+00 nan nan
-4.0909090909e-01 8.0303030303e-01 0.0000000000e+00 nan nan
-3.7878787879e-01 8.0303030303e-01 0.0000000000e+00 nan nan
-3.4848484848e-01 8.0303030303e-01 0.0000000000e+00 nan nan
-3.1818181818e-01 8.0303030303e-01 0.0000000000e+00 nan nan
-2.8787878788e-01 8.0303030303e-01 0.0000000000e+00 nan nan
-2.5757575758e-01 8.0303030303e-01 0.0000000000e+00 nan nan
-2.2727272727e-01 8.0303030303e-01 0.0000000000e+00 nan nan
-1.9696969697e-01 8.0303030303e-01 0.0000000000e+00 nan nan
-1.6666666667e-01 8.0303030303e-01 0.0000000000e+00 nan nan
-1.3636363636e-01 8.0303030303e-01 0.0000000000e+00 nan nan
-1.0606060606e-01 8.0303030303e-01 0.0000000000e+00 nan nan
-7.5757575758e-02 8.0303030303e-01 0.0000000000e+00 nan nan
-4.5454545455e-02 8.0303030303e-01 0.0000000000e+00 nan nan
-1.5151515152e-02 8.0303030303e-01 0.0000000000e+00 nan nan
1.5151515152e-02 8.0303030303e-01 0.0000000000e+00 nan nan
4.5454545455e-02 8.0303030303e-01 0.0000000000e+00 nan nan
7.5757575758e-02 8.0303030303e-01 0.0000000000e+00 nan nan
1.0606060606e-01 8.0303030303e-01 0.0000000000e+00 nan nan
1.3636363636e-01 8.0303030303e-01 0.0000000000e+00 nan nan
1.6666666667e-01 8.0303030303e-01 0.0000000000e+00 nan nan
1.9696969697e-01 8.0303030303e-01 0.0000000000e+00 nan nan
2.2727272727e-01 8.0303030303e-01 0.0000000000e+00 nan nan
2.5757575758e-01 8.0303030303e-01 0.0000000000e+00 nan nan
2.8787878788e-01 8.0303030303e-01 0.0000000000e+00 nan nan
3.1818181818e-01 8.0303030303e-01 0.0000000000e+00 nan nan
3.4848484848e-01 8.0303030303e-01 0.0000000000e+00 nan nan
3.7878787879e-01 8.0303030303e-01 0.0000000000e+00 nan nan
4.0909090909e-01 8.0303030303e-01 0.0000000000e+00 nan nan
4.3939393939e-01 8.0303030303e-01 0.0000000000e+00 nan nan
4.6969696970e-01 8.0303030303e-01 0.0000000000e+00 nan nan
5.0000000000e-01 8.0303030303e-01 0.0000000000e+00 nan nan
5.3030303030e-01 8.0303030303e-01 0.0000000000e+00 nan nan
5.6060606061e-01 8.0303030303e-01 0.0000000000e+00 nan nan
5.9090909091e-01 8.0303030303e-01 0.0000000000e+00 nan nan
6.2121212121e-01 8.0303030303e-01 0.0000000000e+00 nan nan
6.5151515152e-01 8.0303030303e-01 0.0000000000e+00 nan nan
6.8181818182e-01 8.0303030303e-01 0.0000000000e+00 nan nan
7.1212121212e-01 8.0303030303e-01 0.0000000000e+00 nan nan
7.4242424242e-01 8.0303030303e-01 0.0000000000e+00 nan nan
7.7272727273e-01 8.0303030303e-01 0.0000000000e+00 nan nan
8.0303030303e-01 8.0303030303e-01 0.0000000000e+00 nan nan
8.3333333333e-01 8.0303030303e-01 0.0000000000e+00 nan nan
8.6363636364e-01 8.0303030303e-01 0.0000000000e+00 nan nan
8.9393939394e-01 8.0303030303e-01 0.0000000000e+00 nan nan
9.2424242424e-01 8.0303030303e-01 0.0000000000e+00 nan nan
9.5454545455e-01 8.0303030303e-01 0.0000000000e+00 nan nan
9.8484848485e-01 8.0303030303e-01 0.0000000000e+00 nan nan
1.0151515152e+00 8.0303030303e-01 0.0000000000e+00 nan nan
1.0454545455e+00 8.0303030303e-01 0.0000000000e+00 nan nan
1.0757575758e+00 8.0303030303e-01 0.0000000000e+00 nan nan
1.1060606061e+00 8.0303030303e-01 0.0000000000e+00 5.3429513435e-07 -5.3745677164e-07
1.1363636364e+00 8.0303030303e-01 0.0000000000e+00 5.2772434536e-07 -5.3100097953e-07
1.1666666667e+00 8.0303030303e-01 0.0000000000e+00 5.2099099300e-07 -5.2438573208e-07
1.1969696970e+00 8.0303030303e-01 0.0000000000e+00 5.1409830787e-07 -5.1761425987e-07
1.2272727273e+00 8.0303030303e-01 0.0000000000e+00 5.0705027466e-07 -5.1069054762e-07
1.2575757576e+00 8.0303030303e-01 0.0000000000e+00 4.9985170284e-07 -5.0361940478e-07
1.2878787879e+00 8.0303030303e-01 0.0000000000e+00 4.9250804418e-07 -4.9640628312e-07
1.3181818182e+00 8.0303030303e-01 0.0000000000e+00 4.8502496807e-07 -4.8905685204e-07
1.3484848485e+00 8.0303030303e-01 0.0000000000e+00 4.7740792908e-07 -4.8157656610e-07
1.3787878788e+00 8.0303030303e-01 0.0000000000e+00 4.6974894760e-07 -4.7405744570e-07
1.4090909091e+00 8.0303030303e-01 0.0000000000e+00 4.6224409356e-07 -4.6669556075e-07
1.4393939394e+00 8.0303030303e-01 0.0000000000e+00 4.5490595349e-07 -4.5950349781e-07
1.4696969697e+00 8.0303030303e-01 0.0000000000e+00 4.4773788340e-07 -4.5248461286e-07
1.5000000000e+00 8.0303030303e-01 0.0000000000e+00 4.4074111770e-07 -4.4564014033e-07
-1.5000000000e+00 8.3333333333e-01 0.0000000000e+00 4.3748210614e-07 -4.4246504541e-07
-1.4696969697e+00 8.3333333333e-01 0.0000000000e+00 4.4448049459e-07 -4.4931114069e-07
-1.4393939394e+00 8.3333333333e-01 0.0000000000e+00 4.5168897088e-07 -4.5637043184e-07
-1.4090909091e+00 8.3333333333e-01 0.0000000000e+00 4.5911571673e-07 -4.6365110057e-07
-1.3787878788e+00 8.3333333333e-01 0.0000000000e+00 4.6676536632e-07 -4.7115778106e-07
-1.3484848485e+00 8.3333333333e-01 0.0000000000e+00 4.7462592751e-07 -4.7887848117e-07
-1.3181818182e+00 8.3333333333e-01 0.0000000000e+00 4.8244681687e-07 -4.8656261748e-07
-1.2878787879e+00 8.3333333333e-01 0.0000000000e+00 4.9009430015e-07 -4.9407645574e-07
-1.2575757576e+00 8.3333333333e-01 0.0000000000e+00 4.9755495755e-07 -5.0140657613e-07
-1.2272727273e+00 8.3333333333e-01 0.0000000000e+00 5.0482535776e-07 -5.0854954736e-07
-1.1969696970e+00 8.3333333333e-01 0.0000000000e+00 5.1190599206e-07 -5.1550586071e-07
-1.1666666667e+00 8.3333333333e-01 0.0000000000e+00 5.1879869383e-07 -5.2227734955e-07
-1.1363636364e+00 8.3333333333e-01 0.0000000000e+00 5.2550567571e-07 -5.2886622652e-07
-1.1060606061e+00 8.3333333333e-01 0.0000000000e+00 5.3202911543e-07 -5.3527466936e-07
-1.0757575758e+00 8.3333333333e-01 0.0000000000e+00 5.3837097120e-07 -5.4150463627e-07
-1.0454545455e+00 8.3333333333e-01 0.0000000000e+00 nan nan
-1.0151515152e+00 8.3333333333e-01 0.0000000000e+00 nan nan
-9.8484848485e-01 8.3333333333e-01 0.0000000000e+00 nan nan
-9.5454545455e-01 8.3333333333e-01 0.0000000000e+00 nan nan
-9.2424242424e-01 8.3333333333e-01 0.0000000000e+00 nan nan
-8.9393939394e-01 8.3333333333e-01 0.0000000000e+00 nan nan
-8.6363636364e-01 8.3333333333e-01 0.0000000000e+00 nan nan
-8.3333333333e-01 8.3333333333e-01 0.0000000000e+00 nan nan
-8.0303030303e-01 8.3333333333e-01 0.0000000000e+00 nan nan
-7.7272727273e-01 8.3333333333e-01 0.0000000000e+00 nan nan
-7.4242424242e-01 8.3333333333e-01 0.0000000000e+00 nan nan
-7.1212121212e-01 8.3333333333e-01 0.0000000000e+00 nan nan
-6.8181818182e-01 8.3333333333e-01 0.0000000000e+00 nan nan
-6.5151515152e-01 8.3333333333e-01 0.0000000000e+00 nan nan
-6.2121212121e-01 8.3333333333e-01 0.0000000000e+00 nan nan
-5.9090909091e-01 8.3333333333e-01 0.0000000000e+00 nan nan
-5.6060606061e-01 8.3333333333e-01 0.0000000000e+00 nan nan
-5.3030303030e-01 8.3333333333e-01 0.0000000000e+00 nan nan
-5.0000000000e-01 8.3333333333e-01 0.0000000000e+00 nan nan
-4.6969696970e-01 8.3333333333e-01 0.0000000000e+00 nan nan
-4.3939393939e-01 8.3333333333e-01 0.0000000000e+00 nan nan
-4.0909090909e-01 8.3333333333e-01 0.0000000000e+00 nan nan
-3.7878787879e-01 8.3333333333e-01 0.0000000000e+00 nan nan
-3.4848484848e-01 8.3333333333e-01 0.0000000000e+00 nan nan
-3.1818181818e-01 8.3333333333e-01 0.0000000000e+00 nan nan
-2.8787878788e-01 8.3333333333e-01 0.0000000000e+00 nan nan
-2.5757575758e-01 8.3333333333e-01 0.0000000000e+00 nan nan
-2.2727272727e-01 8.3333333333e-01 0.0000000000e+00 nan nan
-1.9696969697e-01 8.3333333333e-01 0.0000000000e+00 nan nan
-1.6666666667e-01 8.3333333333e-01 0.0000000000e+00 nan nan
-1.3636363636e-01 8.3333333333e-01 0.0000000000e+00 nan nan
-1.0606060606e-01 8.3333333333e-01 0.0000000000e+00 nan nan
-7.5757575758e-02 8.3333333333e-01 0.0000000000e+00 nan nan
-4.5454545455e-02 8.3333333333e-01 0.0000000000e+00 nan nan
-1.5151515152e-02 8.3333333333e-01 0.0000000000e+00 nan nan
1.5151515152e-02 8.3333333333e-01 0.0000000000e+00 nan nan
4.5454545455e-02 8.3333333333e-01 0.0000000000e+00 nan nan
7.5757575758e-02 8.3333333333e-01 0.0000000000e+00 nan nan
1.0606060606e-01 8.3333333333e-01 0.0000000000e+00 nan nan
1.3636363636e-01 8.3333333333e-01 0.0000000000e+00 nan nan
1.6666666667e-01 8.3333333333e-01 0.0000000000e+00 nan nan
1.9696969697e-01 8.3333333333e-01 0.0000000000e+00 nan nan
2.2727272727e-01 8.3333333333e-01 0.0000000000e+00 nan nan
2.5757575758e-01 8.3333333333e-01 0.0000000000e+00 nan nan
2.8787878788e-01 8.3333333333e-01 0.0000000000e+00 nan nan
3.1818181818e-01 8.3333333333e-01 0.0000000000e+00 nan nan
3.4848484848e-01 8.3333333333e-01 0.0000000000e+00 nan nan
3.7878787879e-01 8.3333333333e-01 0.0000000000e+00 nan nan
4.0909090909e-01 8.3333333333e-01 0.0000000000e+00 nan nan
4.3939393939e-01 8.3333333333e-01 0.0000000000e+00 nan nan
4.6969696970e-01 8.3333333333e-01 0.0000000000e+00 nan nan
5.0000000000e-01 8.3333333333e-01 0.0000000000e+00 nan nan
5.3030303030e-01 8.3333333333e-01 0.0000000000e+00 nan nan
5.6060606061e-01 8.3333333333e-01 0.0000000000e+00 nan nan
5.9090909091e-01 8.3333333333e-01 0.0000000000e+00 nan nan
6.2121212121e-01 8.3333333333e-01 0.0000000000e+00 nan nan
6.5151515152e-01 8.3333333333e-01 0.0000000000e+00 nan nan
6.8181818182e-01 8.3333333333e-01 0.0000000000e+00 nan nan
7.1212121212e-01 8.3333333333e-01 0.0000000000e+00 nan nan
7.4242424242e-01 8.3333333333e-01 0.0000000000e+00 nan nan
7.7272727273e-01 8.3333333333e-01 0.0000000000e+00 nan nan
8.0303030303e-01 8.3333333333e-01 0.0000000000e+00 nan nan
8.3333333333e-01 8.3333333333e-01 0.0000000000e+00 nan nan
8.6363636364e-01 8.3333333333e-01 0.0000000000e+00 nan nan
8.9393939394e-01 8.3333333333e-01 0.0000000000e+00 nan nan
9.2424242424e-01 8.3333333333e-01 0.0000000000e+00 nan nan
9.5454545455e-01 8.3333333333e-01 0.0000000000e+00 nan nan
9.8484848485e-01 8.3333333333e-01 0.0000000000e+00 nan nan
1.0151515152e+00 8.3333333333e-01 0.0000000000e+00 nan nan
1.0454545455e+00 8.3333333333e-01 0.0000000000e+00 nan nan
1.0757575758e+00 8.3333333333e-01 0.0000000000e+00 5.3576476017e-07 -5.3889842524e-07
1.1060606061e+00 8.3333333333e-01 0.0000000000e+00 5.2934524278e-07 -5.3259079671e-07
1.1363636364e+00 8.3333333333e-01 0.0000000000e+00 5.2275945998e-07 -5.2612001080e-07
1.1666666667e+00 8.3333333333e-01 0.0000000000e+00 5.1601019746e-07 -5.1948885318e-07
1.1969696970e+00 8.3333333333e-01 0.0000000000e+00 5.0910106879e-07 -5.1270093744e-07
1.2272727273e+00 8.3333333333e-01 0.0000000000e+00 5.0203690633e-07 -5.0576109593e-07
1.2575757576e+00 8.3333333333e-01 0.0000000000e+00 4.9482401238e-07 -4.9867563096e-07
1.2878787879e+00 8.3333333333e-01 0.0000000000e+00 4.8746974937e-07 -4.9145190496e-07
1.3181818182e+00 8.3333333333e-01 0.0000000000e+00 4.7998125940e-07 -4.8409706001e-07
1.3484848485e+00 8.3333333333e-01 0.0000000000e+00 4.7242635511e-07 -4.7667890877e-07
1.3787878788e+00 8.3333333333e-01 0.0000000000e+00 4.6499908871e-07 -4.6939150345e-07
1.4090909091e+00 8.3333333333e-01 0.0000000000e+00 4.5772201287e-07 -4.6225739671e-07
1.4393939394e+00 8.3333333333e-01 0.0000000000e+00 4.5060119333e-07 -4.5528265429e-07
1.4696969697e+00 8.3333333333e-01 0.0000000000e+00 4.4363962326e-07 -4.4847026937e-07
1.5000000000e+00 8.3333333333e-01 0.0000000000e+00 4.3683847102e-07 -4.4182141029e-07
-1.5000000000e+00 8.6363636364e-01 0.0000000000e+00 4.3380364085e-07 -4.3887360479e-07
-1.4696969697e+00 8.6363636364e-01 0.0000000000e+00 4.4062994742e-07 -4.4554761820e-07
-1.4393939394e+00 8.6363636364e-01 0.0000000000e+00 4.4765327000e-07 -4.5242175563e-07
-1.4090909091e+00 8.6363636364e-01 0.0000000000e+00 4.5487977821e-07 -4.5950218672e-07
-1.3787878788e+00 8.6363636364e-01 0.0000000000e+00 4.6231318465e-07 -4.6679262406e-07
-1.3484848485e+00 8.6363636364e-01 0.0000000000e+00 4.6995207819e-07 -4.7429165653e-07
-1.3181818182e+00 8.6363636364e-01 0.0000000000e+00 4.7774262771e-07 -4.8194545299e-07
-1.2878787879e+00 8.6363636364e-01 0.0000000000e+00 4.8539369356e-07 -4.8946287382e-07
-1.2575757576e+00 8.6363636364e-01 0.0000000000e+00 4.9284681543e-07 -4.9678545869e-07
-1.2272727273e+00 8.6363636364e-01 0.0000000000e+00 5.0010434102e-07 -5.0391555529e-07
-1.1969696970e+00 8.6363636364e-01 0.0000000000e+00 5.0716960924e-07 -5.1085650256e-07
-1.1666666667e+00 8.6363636364e-01 0.0000000000e+00 5.1404602753e-07 -5.1761170791e-07
-1.1363636364e+00 8.6363636364e-01 0.0000000000e+00 5.2073675648e-07 -5.2418433196e-07
-1.1060606061e+00 8.6363636364e-01 0.0000000000e+00 5.2724454218e-07 -5.3057712078e-07
-1.0757575758e+00 8.6363636364e-01 0.0000000000e+00 5.3357165967e-07 -5.3679234941e-07
-1.0454545455e+00 8.6363636364e-01 0.0000000000e+00 5.3971992658e-07 -5.4283183549e-07
-1.0151515152e+00 8.6363636364e-01 0.0000000000e+00 nan nan
-9.8484848485e-01 8.6363636364e-01 0.0000000000e+00 nan nan
-9.5454545455e-01 8.6363636364e-01 0.0000000000e+00 nan nan
-9.2424242424e-01 8.6363636364e-01 0.0000000000e+00 nan nan
-8.9393939394e-01 8.6363636364e-01 0.0000000000e+00 nan nan
-8.6363636364e-01 8.6363636364e-01 0.0000000000e+00 nan nan
-8.3333333333e-01 8.6363636364e-01 0.0000000000e+00 nan nan
-8.0303030303e-01 8.6363636364e-01 0.0000000000e+00 nan nan
-7.7272727273e-01 8.6363636364e-01 0.0000000000e+00 nan nan
-7.4242424242e-01 8.6363636364e-01 0.0000000000e+00 nan nan
-7.1212121212e-01 8.6363636364e-01 0.0000000000e+00 nan nan
-6.8181818182e-01 8.6363636364e-01 0.0000000000e+00 nan nan
-6.5151515152e-01 8.6363636364e-01 0.0000000000e+00 nan nan
-6.2121212121e-01 8.6363636364e-01 0.0000000000e+00 nan nan
-5.9090909091e-01 8.6363636364e-01 0.0000000000e+00 nan nan
-5.6060606061e-01 8.6363636364e-01 0.0000000000e+00 nan nan
-5.3030303030e-01 8.6363636364e-01 0.0000000000e+00 nan nan
-5.0000000000e-01 8.6363636364e-01 0.0000000000e+00 nan nan
-4.6969696970e-01 8.6363636364e-01 0.0000000000e+00 nan nan
-4.3939393939e-01 8.6363636364e-01 0.0000000000e+00 nan nan
-4.0909090909e-01 8.6363636364e-01 0.0000000000e+00 nan nan
-3.7878787879e-01 8.6363636364e-01 0.0000000000e+00 nan nan
-3.4848484848e-01 8.6363636364e-01 0.0000000000e+00 nan nan
-3.1818181818e-01 8.6363636364e-01 0.0000000000e+00 nan nan
-2.8787878788e-01 8.6363636364e-01 0.0000000000e+00 nan nan
-2.5757575758e-01 8.6363636364e-01 0.0000000000e+00 nan nan
-2.2727272727e-01 8.6363636364e-01 0.0000000000e+00 nan nan
-1.9696969697e-01 8.6363636364e-01 0.0000000000e+00 nan nan
-1.6666666667e-01 8.6363636364e-01 0.0000000000e+00 nan nan
-1.3636363636e-01 8.6363636364e-01 0.0000000000e+00 nan nan
-1.0606060606e-01 8.6363636364e-01 0.0000000000e+00 nan nan
-7.5757575758e-02 8.6363636364e-01 0.0000000000e+00 nan nan
-4.5454545455e-02 8.6363636364e-01 0.0000000000e+00 nan nan
-1.5151515152e-02 8.6363636364e-01 0.0000000000e+00 nan nan
1.5151515152e-02 8.6363636364e-01 0.0000000000e+00 nan nan
4.5454545455e-02 8.6363636364e-01 0.0000000000e+00 nan nan
7.5757575758e-02 8.6363636364e-01 0.0000000000e+00 nan nan
1.0606060606e-01 8.6363636364e-01 0.0000000000e+00 nan nan
1.3636363636e-01 8.6363636364e-01 0.0000000000e+00 nan nan
1.6666666667e-01 8.6363636364e-01 0.0000000000e+00 nan nan
1.9696969697e-01 8.6363636364e-01 0.0000000000e+00 nan nan
2.2727272727e-01 8.6363636364e-01 0.0000000000e+00 nan nan
2.5757575758e-01 8.6363636364e-01 0.0000000000e+00 nan nan
2.8787878788e-01 8.6363636364e-01 0.0000000000e+00 nan nan
3.1818181818e-01 8.6363636364e-01 0.0000000000e+00 nan nan
3.4848484848e-01 8.6363636364e-01 0.0000000000e+00 nan nan
3.7878787879e-01 8.6363636364e-01 0.0000000000e+00 nan nan
4.0909090909e-01 8.6363636364e-01 0.0000000000e+00 nan nan
4.3939393939e-01 8.6363636364e-01 0.0000000000e+00 nan nan
4.6969696970e-01 8.6363636364e-01 0.0000000000e+00 nan nan
5.0000000000e-01 8.6363636364e-01 0.0000000000e+00 nan nan
5.3030303030e-01 8.6363636364e-01 0.0000000000e+00 nan nan
5.6060606061e-01 8.6363636364e-01 0.0000000000e+00 nan nan
5.9090909091e-01 8.6363636364e-01 0.0000000000e+00 nan nan
6.2121212121e-01 8.6363636364e-01 0.0000000000e+00 nan nan
6.5151515152e-01 8.6363636364e-01 0.0000000000e+00 nan nan
6.8181818182e-01 8.6363636364e-01 0.0000000000e+00 nan nan
7.1212121212e-01 8.6363636364e-01 0.0000000000e+00 nan nan
7.4242424242e-01 8.6363636364e-01 0.0000000000e+00 nan nan
7.7272727273e-01 8.6363636364e-01 0.0000000000e+00 nan nan
8.0303030303e-01 8.6363636364e-01 0.0000000000e+00 nan nan
8.3333333333e-01 8.6363636364e-01 0.0000000000e+00 nan nan
8.6363636364e-01 8.6363636364e-01 0.0000000000e+00 nan nan
8.9393939394e-01 8.6363636364e-01 0.0000000000e+00 nan nan
9.2424242424e-01 8.6363636364e-01 0.0000000000e+00 nan nan
9.5454545455e-01 8.6363636364e-01 0.0000000000e+00 nan nan
9.8484848485e-01 8.6363636364e-01 0.0000000000e+00 nan nan
1.0151515152e+00 8.6363636364e-01 0.0000000000e+00 nan nan
1.0454545455e+00 8.6363636364e-01 0.0000000000e+00 5.3691080461e-07 -5.4002271352e-07
1.0757575758e+00 8.6363636364e-01 0.0000000000e+00 5.3064515834e-07 -5.3386584808e-07
1.1060606061e+00 8.6363636364e-01 0.0000000000e+00 5.2420946914e-07 -5.2754204774e-07
1.1363636364e+00 8.6363636364e-01 0.0000000000e+00 5.1760590537e-07 -5.2105348085e-07
1.1666666667e+00 8.6363636364e-01 0.0000000000e+00 5.1083727554e-07 -5.1440295593e-07
1.1969696970e+00 8.6363636364e-01 0.0000000000e+00 5.0390749046e-07 -5.0759438378e-07
1.2272727273e+00 8.6363636364e-01 0.0000000000e+00 4.9682251333e-07 -5.0063372761e-07
1.2575757576e+00 8.6363636364e-01 0.0000000000e+00 4.8959137014e-07 -4.9353001339e-07
1.2878787879e+00 8.6363636364e-01 0.0000000000e+00 4.8222560713e-07 -4.8629478739e-07
1.3181818182e+00 8.6363636364e-01 0.0000000000e+00 4.7478189630e-07 -4.7898472159e-07
1.3484848485e+00 8.6363636364e-01 0.0000000000e+00 4.6744915292e-07 -4.7178873125e-07
1.3787878788e+00 8.6363636364e-01 0.0000000000e+00 4.6025140090e-07 -4.6473084031e-07
1.4090909091e+00 8.6363636364e-01 0.0000000000e+00 4.5319520469e-07 -4.5781761320e-07
1.4393939394e+00 8.6363636364e-01 0.0000000000e+00 4.4628542075e-07 -4.5105390637e-07
1.4696969697e+00 8.6363636364e-01 0.0000000000e+00 4.3952479094e-07 -4.4444246171e-07
1.5000000000e+00 8.6363636364e-01 0.0000000000e+00 4.3291448860e-07 -4.3798445255e-07
-1.5000000000e+00 8.9393939394e-01 0.0000000000e+00 4.3007414843e-07 -4.3523424506e-07
-1.4696969697e+00 8.9393939394e-01 0.0000000000e+00 4.3672813163e-07 -4.4173593510e-07
-1.4393939394e+00 8.9393939394e-01 0.0000000000e+00 4.4356783408e-07 -4.4842645240e-07
-1.4090909091e+00 8.9393939394e-01 0.0000000000e+00 4.5059898588e-07 -4.5531152708e-07
-1.3787878788e+00 8.9393939394e-01 0.0000000000e+00 4.5782624851e-07 -4.6239582061e-07
-1.3484848485e+00 8.9393939394e-01 0.0000000000e+00 4.6525280411e-07 -4.6968251513e-07
-1.3181818182e+00 8.9393939394e-01 0.0000000000e+00 4.7288209166e-07 -4.7717504964e-07
-1.2878787879e+00 8.9393939394e-01 0.0000000000e+00 4.8053535732e-07 -4.8469467027e-07
-1.2575757576e+00 8.9393939394e-01 0.0000000000e+00 4.8797854663e-07 -4.9200732258e-07
-1.2272727273e+00 8.9393939394e-01 0.0000000000e+00 4.9522070886e-07 -4.9912205582e-07
-1.1969696970e+00 8.9393939394e-01 0.0000000000e+00 5.0226814261e-07 -5.0604516862e-07
-1.1666666667e+00 8.9393939394e-01 0.0000000000e+00 5.0912598334e-07 -5.1278179642e-07
-1.1363636364e+00 8.9393939394e-01 0.0000000000e+00 5.1579846333e-07 -5.1933617150e-07
-1.1060606061e+00 8.9393939394e-01 0.0000000000e+00 5.2228895002e-07 -5.2571166131e-07
-1.0757575758e+00 8.9393939394e-01 0.0000000000e+00 5.2860003036e-07 -5.3191085279e-07
-1.0454545455e+00 8.9393939394e-01 0.0000000000e+00 5.3473363415e-07 -5.3793567575e-07
-1.0151515152e+00 8.9393939394e-01 0.0000000000e+00 nan nan
-9.8484848485e-01 8.9393939394e-01 0.0000000000e+00 nan nan
-9.5454545455e-01 8.9393939394e-01 0.0000000000e+00 nan nan
-9.2424242424e-01 8.9393939394e-01 0.0000000000e+00 nan nan
-8.9393939394e-01 8.9393939394e-01 0.0000000000e+00 nan nan
-8.6363636364e-01 8.9393939394e-01 0.0000000000e+00 nan nan
-8.3333333333e-01 8.9393939394e-01 0.0000000000e+00 nan nan
-8.0303030303e-01 8.9393939394e-01 0.0000000000e+00 nan nan
-7.7272727273e-01 8.9393939394e-01 0.0000000000e+00 nan nan
-7.4242424242e-01 8.9393939394e-01 0.0000000000e+00 nan nan
-7.1212121212e-01 8.9393939394e-01 0.0000000000e+00 nan nan
-6.8181818182e-01 8.9393939394e-01 0.0000000000e+00 nan nan
-6.5151515152e-01 8.9393939394e-01 0.0000000000e+00 nan nan
-6.2121212121e-01 8.9393939394e-01 0.0000000000e+00 nan nan
-5.9090909091e-01 8.9393939394e-01 0.0000000000e+00 nan nan
-5.6060606061e-01 8.9393939394e-01 0.0000000000e+00 nan nan
-5.3030303030e-01 8.9393939394e-01 0.0000000000e+00 nan nan
-5.0000000000e-01 8.9393939394e-01 0.0000000000e+00 nan nan
-4.6969696970e-01 8.9393939394e-01 0.0000000000e+00 nan nan
-4.3939393939e-01 8.9393939394e-01 0.0000000000e+00 nan nan
-4.0909090909e-01 8.9393939394e-01 0.0000000000e+00 nan nan
-3.7878787879e-01 8.9393939394e-01 0.0000000000e+00 nan nan
-3.4848484848e-01 8.9393939394e-01 0.0000000000e+00 nan nan
-3.1818181818e-01 8.9393939394e-01 0.0000000000e+00 nan nan
-2.8787878788e-01 8.9393939394e-01 0.0000000000e+00 nan nan
-2.5757575758e-01 8.9393939394e-01 0.0000000000e+00 nan nan
-2.2727272727e-01 8.9393939394e-01 0.0000000000e+00 nan nan
-1.9696969697e-01 8.9393939394e-01 0.0000000000e+00 nan nan
-1.6666666667e-01 8.9393939394e-01 0.0000000000e+00 nan nan
-1.3636363636e-01 8.9393939394e-01 0.0000000000e+00 nan nan
-1.0606060606e-01 8.9393939394e-01 0.0000000000e+00 nan nan
-7.5757575758e-02 8.9393939394e-01 0.0000000000e+00 nan nan
-4.5454545455e-02 8.9393939394e-01 0.0000000000e+00 nan nan
-1.5151515152e-02 8.9393939394e-01 0.0000000000e+00 nan nan
1.5151515152e-02 8.9393939394e-01 0.0000000000e+00 nan nan
4.5454545455e-02 8.9393939394e-01 0.0000000000e+00 nan nan
7.5757575758e-02 8.9393939394e-01 0.0000000000e+00 nan nan
1.0606060606e-01 8.9393939394e-01 0.0000000000e+00 nan nan
1.3636363636e-01 8.9393939394e-01 0.0000000000e+00 nan nan
1.6666666667e-01 8.9393939394e-01 0.0000000000e+00 nan nan
1.9696969697e-01 8.9393939394e-01 0.0000000000e+00 nan nan
2.2727272727e-01 8.9393939394e-01 0.0000000000e+00 nan nan
2.5757575758e-01 8.9393939394e-01 0.0000000000e+00 nan nan
2.8787878788e-01 8.9393939394e-01 0.0000000000e+00 nan nan
3.1818181818e-01 8.9393939394e-01 0.0000000000e+00 nan nan
3.4848484848e-01 8.9393939394e-01 0.0000000000e+00 nan nan
3.7878787879e-01 8.9393939394e-01 0.0000000000e+00 nan nan
4.0909090909e-01 8.9393939394e-01 0.0000000000e+00 nan nan
4.3939393939e-01 8.9393939394e-01 0.0000000000e+00 nan nan
4.6969696970e-01 8.9393939394e-01 0.0000000000e+00 nan nan
5.0000000000e-01 8.9393939394e-01 0.0000000000e+00 nan nan
5.3030303030e-01 8.9393939394e-01 0.0000000000e+00 nan nan
5.6060606061e-01 8.9393939394e-01 0.0000000000e+00 nan nan
5.9090909091e-01 8.9393939394e-01 0.0000000000e+00 nan nan
6.2121212121e-01 8.9393939394e-01 0.0000000000e+00 nan nan
6.5151515152e-01 8.9393939394e-01 0.0000000000e+00 nan nan
6.8181818182e-01 8.9393939394e-01 0.0000000000e+00 nan nan
7.1212121212e-01 8.9393939394e-01 0.0000000000e+00 nan nan
7.4242424242e-01 8.9393939394e-01 0.0000000000e+00 nan nan
7.7272727273e-01 8.9393939394e-01 0.0000000000e+00 nan nan
8.0303030303e-01 8.9393939394e-01 0.0000000000e+00 nan nan
8.3333333333e-01 8.9393939394e-01 0.0000000000e+00 nan nan
8.6363636364e-01 8.9393939394e-01 0.0000000000e+00 nan nan
8.9393939394e-01 8.9393939394e-01 0.0000000000e+00 nan nan
9.2424242424e-01 8.9393939394e-01 0.0000000000e+00 nan nan
9.5454545455e-01 8.9393939394e-01 0.0000000000e+00 nan nan
9.8484848485e-01 8.9393939394e-01 0.0000000000e+00 nan nan
1.0151515152e+00 8.9393939394e-01 0.0000000000e+00 nan nan
1.0454545455e+00 8.9393939394e-01 0.0000000000e+00 5.3162442253e-07 -5.3482646412e-07
1.0757575758e+00 8.9393939394e-01 0.0000000000e+00 5.2534225291e-07 -5.2865307534e-07
1.1060606061e+00 8.9393939394e-01 0.0000000000e+00 5.1888796147e-07 -5.2231067276e-07
1.1363636364e+00 8.9393939394e-01 0.0000000000e+00 5.1226352463e-07 -5.1580123281e-07
1.1666666667e+00 8.9393939394e-01 0.0000000000e+00 5.0547153022e-07 -5.0912734330e-07
1.1969696970e+00 8.9393939394e-01 0.0000000000e+00 4.9851566682e-07 -5.0229269283e-07
1.2272727273e+00 8.9393939394e-01 0.0000000000e+00 4.9140258159e-07 -4.9530392856e-07
1.2575757576e+00 8.9393939394e-01 0.0000000000e+00 4.8414594952e-07 -4.8817472547e-07
1.2878787879e+00 8.9393939394e-01 0.0000000000e+00 4.7682018927e-07 -4.8097950222e-07
1.3181818182e+00 8.9393939394e-01 0.0000000000e+00 4.6959493699e-07 -4.7388789497e-07
1.3484848485e+00 8.9393939394e-01 0.0000000000e+00 4.6249030776e-07 -4.6692001878e-07
1.3787878788e+00 8.9393939394e-01 0.0000000000e+00 4.5551370032e-07 -4.6008327242e-07
1.4090909091e+00 8.9393939394e-01 0.0000000000e+00 4.4867072673e-07 -4.5338326792e-07
1.4393939394e+00 8.9393939394e-01 0.0000000000e+00 4.4196533864e-07 -4.4682395696e-07
1.4696969697e+00 8.9393939394e-01 0.0000000000e+00 4.3539990857e-07 -4.4040771203e-07
1.5000000000e+00 8.9393939394e-01 0.0000000000e+00 4.2897553398e-07 -4.3413563062e-07
-1.5000000000e+00 9.2424242424e-01 0.0000000000e+00 4.2630089401e-07 -4.3155423136e-07
-1.4696969697e+00 9.2424242424e-01 0.0000000000e+00 4.3278279206e-07 -4.3788383625e-07
-1.4393939394e+00 9.2424242424e-01 0.0000000000e+00 4.3944016522e-07 -4.4439202426e-07
-1.4090909091e+00 9.2424242424e-01 0.0000000000e+00 4.4627877038e-07 -4.5108455230e-07
-1.3787878788e+00 9.2424242424e-01 0.0000000000e+00 4.5330434718e-07 -4.5796715999e-07
-1.3484848485e+00 9.2424242424e-01 0.0000000000e+00 4.6052319672e-07 -4.6504614847e-07
-1.3181818182e+00 9.2424242424e-01 0.0000000000e+00 4.6794416759e-07 -4.7233036628e-07
-1.2878787879e+00 9.2424242424e-01 0.0000000000e+00 4.7552729600e-07 -4.7977984967e-07
-1.2575757576e+00 9.2424242424e-01 0.0000000000e+00 4.8295391024e-07 -4.8707592690e-07
-1.2272727273e+00 9.2424242424e-01 0.0000000000e+00 4.9017604307e-07 -4.9417063075e-07
-1.1969696970e+00 9.2424242424e-01 0.0000000000e+00 4.9720173843e-07 -5.0107200516e-07
-1.1666666667e+00 9.2424242424e-01 0.0000000000e+00 5.0403775762e-07 -5.0778681141e-07
-1.1363636364e+00 9.2424242424e-01 0.0000000000e+00 5.1068941754e-07 -5.1432036643e-07
-1.1060606061e+00 9.2424242424e-01 0.0000000000e+00 5.1716066337e-07 -5.2067661538e-07
-1.0757575758e+00 9.2424242424e-01 0.0000000000e+00 5.2345430156e-07 -5.2685836470e-07
-1.0454545455e+00 9.2424242424e-01 0.0000000000e+00 5.2957226704e-07 -5.3286754936e-07
-1.0151515152e+00 9.2424242424e-01 0.0000000000e+00 5.3551585322e-07 -5.3870546272e-07
-9.8484848485e-01 9.2424242424e-01 0.0000000000e+00 nan nan
-9.5454545455e-01 9.2424242424e-01 0.0000000000e+00 nan nan
-9.2424242424e-01 9.2424242424e-01 0.0000000000e+00 nan nan
-8.9393939394e-01 9.2424242424e-01 0.0000000000e+00 nan nan
-8.6363636364e-01 9.2424242424e-01 0.0000000000e+00 nan nan
-8.3333333333e-01 9.2424242424e-01 0.0000000000e+00 nan nan
-8.0303030303e-01 9.2424242424e-01 0.0000000000e+00 nan nan
-7.7272727273e-01 9.2424242424e-01 0.0000000000e+00 nan nan
-7.4242424242e-01 9.2424242424e-01 0.0000000000e+00 nan nan
-7.1212121212e-01 9.2424242424e-01 0.0000000000e+00 nan nan
-6.8181818182e-01 9.2424242424e-01 0.0000000000e+00 nan nan
-6.5151515152e-01 9.2424242424e-01 0.0000000000e+00 nan nan
-6.2121212121e-01 9.2424242424e-01 0.0000000000e+00 nan nan
-5.9090909091e-01 9.2424242424e-01 0.0000000000e+00 nan nan
-5.6060606061e-01 9.2424242424e-01 0.0000000000e+00 nan nan
-5.3030303030e-01 9.2424242424e-01 0.0000000000e+00 nan nan
-5.0000000000e-01 9.2424242424e-01 0.0000000000e+00 nan nan
-4.6969696970e-01 9.2424242424e-01 0.0000000000e+00 nan nan
-4.3939393939e-01 9.2424242424e-01 0.0000000000e+00 nan nan
-4.0909090909e-01 9.2424242424e-01 0.0000000000e+00 nan nan
-3.7878787879e-01 9.2424242424e-01 0.0000000000e+00 nan nan
-3.4848484848e-01 9.2424242424e-01 0.0000000000e+00 nan nan
-3.1818181818e-01 9.2424242424e-01 0.0000000000e+00 nan nan
-2.8787878788e-01 9.2424242424e-01 0.0000000000e+00 nan nan
-2.5757575758e-01 9.2424242424e-01 0.0000000000e+00 nan nan
-2.2727272727e-01 9.2424242424e-01 0.0000000000e+00 nan nan
-1.9696969697e-01 9.2424242424e-01 0.0000000000e+00 nan nan
-1.6666666667e-01 9.2424242424e-01 0.0000000000e+00 nan nan
-1.3636363636e-01 9.2424242424e-01 0.0000000000e+00 nan nan
-1.0606060606e-01 9.2424242424e-01 0.0000000000e+00 nan nan
-7.5757575758e-02 9.2424242424e-01 0.0000000000e+00 nan nan
-4.5454545455e-02 9.2424242424e-01 0.0000000000e+00 nan nan
-1.5151515152e-02 9.2424242424e-01 0.0000000000e+00 nan nan
1.5151515152e-02 9.2424242424e-01 0.0000000000e+00 nan nan
4.5454545455e-02 9.2424242424e-01 0.0000000000e+00 nan nan
7.5757575758e-02 9.2424242424e-01 0.0000000000e+00 nan nan
1.0606060606e-01 9.2424242424e-01 0.0000000000e+00 nan nan
1.3636363636e-01 9.2424242424e-01 0.0000000000e+00 nan nan
1.6666666667e-01 9.2424242424e-01 0.0000000000e+00 nan nan
1.9696969697e-01 9.2424242424e-01 0.0000000000e+00 nan nan
2.2727272727e-01 9.2424242424e-01 0.0000000000e+00 nan nan
2.5757575758e-01 9.2424242424e-01 0.0000000000e+00 nan nan
2.8787878788e-01 9.2424242424e-01 0.0000000000e+00 nan nan
3.1818181818e-01 9.2424242424e-01 0.0000000000e+00 nan nan
3.4848484848e-01 9.2424242424e-01 0.0000000000e+00 nan nan
3.7878787879e-01 9.2424242424e-01 0.0000000000e+00 nan nan
4.0909090909e-01 9.2424242424e-01 0.0000000000e+00 nan nan
4.3939393939e-01 9.2424242424e-01 0.0000000000e+00 nan nan
4.6969696970e-01 9.2424242424e-01 0.0000000000e+00 nan nan
5.0000000000e-01 9.2424242424e-01 0.0000000000e+00 nan nan
5.3030303030e-01 9.2424242424e-01 0.0000000000e+00 nan nan
5.6060606061e-01 9.2424242424e-01 0.0000000000e+00 nan nan
5.9090909091e-01 9.2424242424e-01 0.0000000000e+00 nan nan
6.2121212121e-01 9.2424242424e-01 0.0000000000e+00 nan nan
6.5151515152e-01 9.2424242424e-01 0.0000000000e+00 nan nan
6.8181818182e-01 9.2424242424e-01 0.0000000000e+00 nan nan
7.1212121212e-01 9.2424242424e-01 0.0000000000e+00 nan nan
7.4242424242e-01 9.2424242424e-01 0.0000000000e+00 nan nan
7.7272727273e-01 9.2424242424e-01 0.0000000000e+00 nan nan
8.0303030303e-01 9.2424242424e-01 0.0000000000e+00 nan nan
8.3333333333e-01 9.2424242424e-01 0.0000000000e+00 nan nan
8.6363636364e-01 9.2424242424e-01 0.0000000000e+00 nan nan
8.9393939394e-01 9.2424242424e-01 0.0000000000e+00 nan nan
9.2424242424e-01 9.2424242424e-01 0.0000000000e+00 nan nan
9.5454545455e-01 9.2424242424e-01 0.0000000000e+00 nan nan
9.8484848485e-01 9.2424242424e-01 0.0000000000e+00 nan nan
1.0151515152e+00 9.2424242424e-01 0.0000000000e+00 5.3228185506e-07 -5.3547146456e-07
1.0454545455e+00 9.2424242424e-01 0.0000000000e+00 5.2615724152e-07 -5.2945252383e-07
1.0757575758e+00 9.2424242424e-01 0.0000000000e+00 5.1985660470e-07 -5.2326066784e-07
1.1060606061e+00 9.2424242424e-01 0.0000000000e+00 5.1338118680e-07 -5.1689713880e-07
1.1363636364e+00 9.2424242424e-01 0.0000000000e+00 5.0673271276e-07 -5.1036366165e-07
1.1666666667e+00 9.2424242424e-01 0.0000000000e+00 4.9991337193e-07 -5.0366242573e-07
1.1969696970e+00 9.2424242424e-01 0.0000000000e+00 4.9292556669e-07 -4.9679583342e-07
1.2272727273e+00 9.2424242424e-01 0.0000000000e+00 4.8577179220e-07 -4.8976637989e-07
1.2575757576e+00 9.2424242424e-01 0.0000000000e+00 4.7855860877e-07 -4.8268062544e-07
1.2878787879e+00 9.2424242424e-01 0.0000000000e+00 4.7144553046e-07 -4.7569808413e-07
1.3181818182e+00 9.2424242424e-01 0.0000000000e+00 4.6444225046e-07 -4.6882844915e-07
1.3484848485e+00 9.2424242424e-01 0.0000000000e+00 4.5755576093e-07 -4.6207871267e-07
1.3787878788e+00 9.2424242424e-01 0.0000000000e+00 4.5079166508e-07 -4.5545447789e-07
1.4090909091e+00 9.2424242424e-01 0.0000000000e+00 4.4415426458e-07 -4.4896004650e-07
1.4393939394e+00 9.2424242424e-01 0.0000000000e+00 4.3764661255e-07 -4.4259847158e-07
1.4696969697e+00 9.2424242424e-01 0.0000000000e+00 4.3127061188e-07 -4.3637165607e-07
1.5000000000e+00 9.2424242424e-01 0.0000000000e+00 4.2502718555e-07 -4.3028052290e-07
-1.5000000000e+00 9.5454545455e-01 0.0000000000e+00 4.2249055014e-07 -4.2784023623e-07
-1.4696969697e+00 9.5454545455e-01 0.0000000000e+00 4.2880076759e-07 -4.3399816051e-07
-1.4393939394e+00 9.5454545455e-01 0.0000000000e+00 4.3527667371e-07 -4.4032488148e-07
-1.4090909091e+00 9.5454545455e-01 0.0000000000e+00 4.4192396860e-07 -4.4682609925e-07
-1.3787878788e+00 9.5454545455e-01 0.0000000000e+00 4.4874884691e-07 -4.5350800846e-07
-1.3484848485e+00 9.5454545455e-01 0.0000000000e+00 4.5575859340e-07 -4.6037789388e-07
-1.3181818182e+00 9.5454545455e-01 0.0000000000e+00 4.6296251741e-07 -4.6744506484e-07
-1.2878787879e+00 9.5454545455e-01 0.0000000000e+00 4.7037223997e-07 -4.7472114237e-07
-1.2575757576e+00 9.5454545455e-01 0.0000000000e+00 4.7777566370e-07 -4.8199402910e-07
-1.2272727273e+00 9.5454545455e-01 0.0000000000e+00 4.8497147554e-07 -4.8906241196e-07
-1.1969696970e+00 9.5454545455e-01 0.0000000000e+00 4.9197001249e-07 -4.9593662796e-07
-1.1666666667e+00 9.5454545455e-01 0.0000000000e+00 4.9877991004e-07 -5.0262531258e-07
-1.1363636364e+00 9.5454545455e-01 0.0000000000e+00 5.0540758672e-07 -5.0913488435e-07
-1.1060606061e+00 9.5454545455e-01 0.0000000000e+00 5.1185740490e-07 -5.1546970564e-07
-1.0757575758e+00 9.5454545455e-01 0.0000000000e+00 5.1813217196e-07 -5.2163258385e-07
-1.0454545455e+00 9.5454545455e-01 0.0000000000e+00 5.2423362547e-07 -5.2762525652e-07
-1.0151515152e+00 9.5454545455e-01 0.0000000000e+00 5.3016279104e-07 -5.3344874928e-07
-9.8484848485e-01 9.5454545455e-01 0.0000000000e+00 5.3592021922e-07 -5.3910361268e-07
-9.5454545455e-01 9.5454545455e-01 0.0000000000e+00 nan nan
-9.2424242424e-01 9.5454545455e-01 0.0000000000e+00 nan nan
-8.9393939394e-01 9.5454545455e-01 0.0000000000e+00 nan nan
-8.6363636364e-01 9.5454545455e-01 0.0000000000e+00 nan nan
-8.3333333333e-01 9.5454545455e-01 0.0000000000e+00 nan nan
-8.0303030303e-01 9.5454545455e-01 0.0000000000e+00 nan nan
-7.7272727273e-01 9.5454545455e-01 0.0000000000e+00 nan nan
-7.4242424242e-01 9.5454545455e-01 0.0000000000e+00 nan nan
-7.1212121212e-01 9.5454545455e-01 0.0000000000e+00 nan nan
-6.8181818182e-01 9.5454545455e-01 0.0000000000e+00 nan nan
-6.5151515152e-01 9.5454545455e-01 0.0000000000e+00 nan nan
-6.2121212121e-01 9.5454545455e-01 0.0000000000e+00 nan nan
-5.9090909091e-01 9.5454545455e-01 0.0000000000e+00 nan nan
-5.6060606061e-01 9.5454545455e-01 0.0000000000e+00 nan nan
-5.3030303030e-01 9.5454545455e-01 0.0000000000e+00 nan nan
-5.0000000000e-01 9.5454545455e-01 0.0000000000e+00 nan nan
-4.6969696970e-01 9.5454545455e-01 0.0000000000e+00 nan nan
-4.3939393939e-01 9.5454545455e-01 0.0000000000e+00 nan nan
-4.0909090909e-01 9.5454545455e-01 0.0000000000e+00 nan nan
-3.7878787879e-01 9.5454545455e-01 0.0000000000e+00 nan nan
-3.4848484848e-01 9.5454545455e-01 0.0000000000e+00 nan nan
-3.1818181818e-01 9.5454545455e-01 0.0000000000e+00 nan nan
-2.8787878788e-01 9.5454545455e-01 0.0000000000e+00 nan nan
-2.5757575758e-01 9.5454545455e-01 0.0000000000e+00 nan nan
-2.2727272727e-01 9.5454545455e-01 0.0000000000e+00 nan nan
-1.9696969697e-01 9.5454545455e-01 0.0000000000e+00 nan nan
-1.6666666667e-01 9.5454545455e-01 0.0000000000e+00 nan nan
-1.3636363636e-01 9.5454545455e-01 0.0000000000e+00 nan nan
-1.0606060606e-01 9.5454545455e-01 0.0000000000e+00 nan nan
-7.5757575758e-02 9.5454545455e-01 0.0000000000e+00 nan nan
-4.5454545455e-02 9.5454545455e-01 0.0000000000e+00 nan nan
-1.5151515152e-02 9.5454545455e-01 0.0000000000e+00 nan nan
1.5151515152e-02 9.5454545455e-01 0.0000000000e+00 nan nan
4.5454545455e-02 9.5454545455e-01 0.0000000000e+00 nan nan
7.5757575758e-02 9.5454545455e-01 0.0000000000e+00 nan nan
1.0606060606e-01 9.5454545455e-01 0.0000000000e+00 nan nan
1.3636363636e-01 9.5454545455e-01 0.0000000000e+00 nan nan
1.6666666667e-01 9.5454545455e-01 0.0000000000e+00 nan nan
1.9696969697e-01 9.5454545455e-01 0.0000000000e+00 nan nan
2.2727272727e-01 9.5454545455e-01 0.0000000000e+00 nan nan
2.5757575758e-01 9.5454545455e-01 0.0000000000e+00 nan nan
2.8787878788e-01 9.5454545455e-01 0.0000000000e+00 nan nan
3.1818181818e-01 9.5454545455e-01 0.0000000000e+00 nan nan
3.4848484848e-01 9.5454545455e-01 0.0000000000e+00 nan nan
3.7878787879e-01 9.5454545455e-01 0.0000000000e+00 nan nan
4.0909090909e-01 9.5454545455e-01 0.0000000000e+00 nan nan
4.3939393939e-01 9.5454545455e-01 0.0000000000e+00 nan nan
4.6969696970e-01 9.5454545455e-01 0.0000000000e+00 nan nan
5.0000000000e-01 9.5454545455e-01 0.0000000000e+00 nan nan
5.3030303030e-01 9.5454545455e-01 0.0000000000e+00 nan nan
5.6060606061e-01 9.5454545455e-01 0.0000000000e+00 nan nan
5.9090909091e-01 9.5454545455e-01 0.0000000000e+00 nan nan
6.2121212121e-01 9.5454545455e-01 0.0000000000e+00 nan nan
6.5151515152e-01 9.5454545455e-01 0.0000000000e+00 nan nan
6.8181818182e-01 9.5454545455e-01 0.0000000000e+00 nan nan
7.1212121212e-01 9.5454545455e-01 0.0000000000e+00 nan nan
7.4242424242e-01 9.5454545455e-01 0.0000000000e+00 nan nan
7.7272727273e-01 9.5454545455e-01 0.0000000000e+00 nan nan
8.0303030303e-01 9.5454545455e-01 0.0000000000e+00 nan nan
8.3333333333e-01 9.5454545455e-01 0.0000000000e+00 nan nan
8.6363636364e-01 9.5454545455e-01 0.0000000000e+00 nan nan
8.9393939394e-01 9.5454545455e-01 0.0000000000e+00 nan nan
9.2424242424e-01 9.5454545455e-01 0.0000000000e+00 nan nan
9.5454545455e-01 9.5454545455e-01 0.0000000000e+00 nan nan
9.8484848485e-01 9.5454545455e-01 0.0000000000e+00 5.3261487501e-07 -5.3579826846e-07
1.0151515152e+00 9.5454545455e-01 0.0000000000e+00 5.2665215260e-07 -5.2993811084e-07
1.0454545455e+00 9.5454545455e-01 0.0000000000e+00 5.2051009043e-07 -5.2390172148e-07
1.0757575758e+00 9.5454545455e-01 0.0000000000e+00 5.1418908862e-07 -5.1768950051e-07
1.1060606061e+00 9.5454545455e-01 0.0000000000e+00 5.0769005480e-07 -5.1130235555e-07
1.1363636364e+00 9.5454545455e-01 0.0000000000e+00 5.0101468842e-07 -5.0474198605e-07
1.1666666667e+00 9.5454545455e-01 0.0000000000e+00 4.9416533629e-07 -4.9801073883e-07
1.1969696970e+00 9.5454545455e-01 0.0000000000e+00 4.8714320673e-07 -4.9110982219e-07
1.2272727273e+00 9.5454545455e-01 0.0000000000e+00 4.8002734035e-07 -4.8411827677e-07
1.2575757576e+00 9.5454545455e-01 0.0000000000e+00 4.7301715835e-07 -4.7723552375e-07
1.2878787879e+00 9.5454545455e-01 0.0000000000e+00 4.6611611591e-07 -4.7046501831e-07
1.3181818182e+00 9.5454545455e-01 0.0000000000e+00 4.5932535812e-07 -4.6380790555e-07
1.3484848485e+00 9.5454545455e-01 0.0000000000e+00 4.5264847562e-07 -4.5726777610e-07
1.3787878788e+00 9.5454545455e-01 0.0000000000e+00 4.4608907260e-07 -4.5084823415e-07
1.4090909091e+00 9.5454545455e-01 0.0000000000e+00 4.3965013535e-07 -4.4455226601e-07
1.4393939394e+00 9.5454545455e-01 0.0000000000e+00 4.3333386807e-07 -4.3838207585e-07
1.4696969697e+00 9.5454545455e-01 0.0000000000e+00 4.2714168881e-07 -4.3233908173e-07
1.5000000000e+00 9.5454545455e-01 0.0000000000e+00 4.2107429817e-07 -4.2642398426e-07
-1.5000000000e+00 9.8484848485e-01 0.0000000000e+00 4.1864942853e-07 -4.2409857139e-07
-1.4696969697e+00 9.8484848485e-01 0.0000000000e+00 4.2478851169e-07 -4.3008536137e-07
-1.4393939394e+00 9.8484848485e-01 0.0000000000e+00 4.3108360407e-07 -4.3623126861e-07
-1.4090909091e+00 9.8484848485e-01 0.0000000000e+00 4.3754008704e-07 -4.4254167446e-07
-1.3787878788e+00 9.8484848485e-01 0.0000000000e+00 4.4416398561e-07 -4.4902260393e-07
-1.3484848485e+00 9.8484848485e-01 0.0000000000e+00 4.5096246137e-07 -4.5568121861e-07
-1.3181818182e+00 9.8484848485e-01 0.0000000000e+00 4.5794451811e-07 -4.6252652230e-07
-1.2878787879e+00 9.8484848485e-01 0.0000000000e+00 4.6512181245e-07 -4.6957017162e-07
-1.2575757576e+00 9.8484848485e-01 0.0000000000e+00 4.7244670943e-07 -4.7676453159e-07
-1.2272727273e+00 9.8484848485e-01 0.0000000000e+00 4.7960771541e-07 -4.8379810859e-07
-1.1969696970e+00 9.8484848485e-01 0.0000000000e+00 4.8657169789e-07 -4.9063777012e-07
-1.1666666667e+00 9.8484848485e-01 0.0000000000e+00 4.9334994686e-07 -4.9729480616e-07
-1.1363636364e+00 9.8484848485e-01 0.0000000000e+00 4.9994994202e-07 -5.0377669642e-07
-1.1060606061e+00 9.8484848485e-01 0.0000000000e+00 5.0637605334e-07 -5.1008781085e-07
-1.0757575758e+00 9.8484848485e-01 0.0000000000e+00 5.1263066123e-07 -5.1623052988e-07
-1.0454545455e+00 9.8484848485e-01 0.0000000000e+00 5.1871497411e-07 -5.2220606192e-07
-1.0151515152e+00 9.8484848485e-01 0.0000000000e+00 5.2462952042e-07 -5.2801493542e-07
-9.8484848485e-01 9.8484848485e-01 0.0000000000e+00 5.3037442458e-07 -5.3365727479e-07
-9.5454545455e-01 9.8484848485e-01 0.0000000000e+00 5.3594955498e-07 -5.3913294843e-07
-9.2424242424e-01 9.8484848485e-01 0.0000000000e+00 nan nan
-8.9393939394e-01 9.8484848485e-01 0.0000000000e+00 nan nan
-8.6363636364e-01 9.8484848485e-01 0.0000000000e+00 nan nan
-8.3333333333e-01 9.8484848485e-01 0.0000000000e+00 nan nan
-8.0303030303e-01 9.8484848485e-01 0.0000000000e+00 nan nan
-7.7272727273e-01 9.8484848485e-01 0.0000000000e+00 nan nan
-7.4242424242e-01 9.8484848485e-01 0.0000000000e+00 nan nan
-7.1212121212e-01 9.8484848485e-01 0.0000000000e+00 nan nan
-6.8181818182e-01 9.8484848485e-01 0.0000000000e+00 nan nan
-6.5151515152e-01 9.8484848485e-01 0.0000000000e+00 nan nan
-6.2121212121e-01 9.8484848485e-01 0.0000000000e+00 nan nan
-5.9090909091e-01 9.8484848485e-01 0.0000000000e+00 nan nan
-5.6060606061e-01 9.8484848485e-01 0.0000000000e+00 nan nan
-5.3030303030e-01 9.8484848485e-01 0.0000000000e+00 nan nan
-5.0000000000e-01 9.8484848485e-01 0.0000000000e+00 nan nan
-4.6969696970e-01 9.8484848485e-01 0.0000000000e+00 nan nan
-4.3939393939e-01 9.8484848485e-01 0.0000000000e+00 nan nan
-4.0909090909e-01 9.8484848485e-01 0.0000000000e+00 nan nan
-3.7878787879e-01 9.8484848485e-01 0.0000000000e+00 nan nan
-3.4848484848e-01 9.8484848485e-01 0.0000000000e+00 nan nan
-3.1818181818e-01 9.8484848485e-01 0.0000000000e+00 nan nan
-2.8787878788e-01 9.8484848485e-01 0.0000000000e+00 nan nan
-2.5757575758e-01 9.8484848485e-01 0.0000000000e+00 nan nan
-2.2727272727e-01 9.8484848485e-01 0.0000000000e+00 nan nan
-1.9696969697e-01 9.8484848485e-01 0.0000000000e+00 nan nan
-1.6666666667e-01 9.8484848485e-01 0.0000000000e+00 nan nan
-1.3636363636e-01 9.8484848485e-01 0.0000000000e+00 nan nan
-1.0606060606e-01 9.8484848485e-01 0.0000000000e+00 nan nan
-7.5757575758e-02 9.8484848485e-01 0.0000000000e+00 nan nan
-4.5454545455e-02 9.8484848485e-01 0.0000000000e+00 nan nan
-1.5151515152e-02 9.8484848485e-01 0.0000000000e+00 nan nan
1.5151515152e-02 9.8484848485e-01 0.0000000000e+00 nan nan
4.5454545455e-02 9.8484848485e-01 0.0000000000e+00 nan nan
7.5757575758e-02 9.8484848485e-01 0.0000000000e+00 nan nan
1.0606060606e-01 9.8484848485e-01 0.0000000000e+00 nan nan
1.3636363636e-01 9.8484848485e-01 0.0000000000e+00 nan nan
1.6666666667e-01 9.8484848485e-01 0.0000000000e+00 nan nan
1.9696969697e-01 9.8484848485e-01 0.0000000000e+00 nan nan
2.2727272727e-01 9.8484848485e-01 0.0000000000e+00 nan nan
2.5757575758e-01 9.8484848485e-01 0.0000000000e+00 nan nan
2.8787878788e-01 9.8484848485e-01 0.0000000000e+00 nan nan
3.1818181818e-01 9.8484848485e-01 0.0000000000e+00 nan nan
3.4848484848e-01 9.8484848485e-01 0.0000000000e+00 nan nan
3.7878787879e-01 9.8484848485e-01 0.0000000000e+00 nan nan
4.0909090909e-01 9.8484848485e-01 0.0000000000e+00 nan nan
4.3939393939e-01 9.8484848485e-01 0.0000000000e+00 nan nan
4.6969696970e-01 9.8484848485e-01 0.0000000000e+00 nan nan
5.0000000000e-01 9.8484848485e-01 0.0000000000e+00 nan nan
5.3030303030e-01 9.8484848485e-01 0.0000000000e+00 nan nan
5.6060606061e-01 9.8484848485e-01 0.0000000000e+00 nan nan
5.9090909091e-01 9.8484848485e-01 0.0000000000e+00 nan nan
6.2121212121e-01 9.8484848485e-01 0.0000000000e+00 nan nan
6.5151515152e-01 9.8484848485e-01 0.0000000000e+00 nan nan
6.8181818182e-01 9.8484848485e-01 0.0000000000e+00 nan nan
7.1212121212e-01 9.8484848485e-01 0.0000000000e+00 nan nan
7.4242424242e-01 9.8484848485e-01 0.0000000000e+00 nan nan
7.7272727273e-01 9.8484848485e-01 0.0000000000e+00 nan nan
8.0303030303e-01 9.8484848485e-01 0.0000000000e+00 nan nan
8.3333333333e-01 9.8484848485e-01 0.0000000000e+00 nan nan
8.6363636364e-01 9.8484848485e-01 0.0000000000e+00 nan nan
8.9393939394e-01 9.8484848485e-01 0.0000000000e+00 nan nan
9.2424242424e-01 9.8484848485e-01 0.0000000000e+00 nan nan
9.5454545455e-01 9.8484848485e-01 0.0000000000e+00 5.3261981947e-07 -5.3580321292e-07
9.8484848485e-01 9.8484848485e-01 0.0000000000e+00 5.2682313495e-07 -5.3010598517e-07
1.0151515152e+00 9.8484848485e-01 0.0000000000e+00 5.2084471515e-07 -5.2423013015e-07
1.0454545455e+00 9.8484848485e-01 0.0000000000e+00 5.1468411250e-07 -5.1817520032e-07
1.0757575758e+00 9.8484848485e-01 0.0000000000e+00 5.0834103873e-07 -5.1194090738e-07
1.1060606061e+00 9.8484848485e-01 0.0000000000e+00 5.0181602180e-07 -5.0552777931e-07
1.1363636364e+00 9.8484848485e-01 0.0000000000e+00 4.9511146270e-07 -4.9893821710e-07
1.1666666667e+00 9.8484848485e-01 0.0000000000e+00 4.8823209019e-07 -4.9217694949e-07
1.1969696970e+00 9.8484848485e-01 0.0000000000e+00 4.8123291496e-07 -4.8529898720e-07
1.2272727273e+00 9.8484848485e-01 0.0000000000e+00 4.7432269233e-07 -4.7851308551e-07
1.2575757576e+00 9.8484848485e-01 0.0000000000e+00 4.6752174015e-07 -4.7183956232e-07
1.2878787879e+00 9.8484848485e-01 0.0000000000e+00 4.6082867034e-07 -4.6527702951e-07
1.3181818182e+00 9.8484848485e-01 0.0000000000e+00 4.5424412691e-07 -4.5882613110e-07
1.3484848485e+00 9.8484848485e-01 0.0000000000e+00 4.4777002289e-07 -4.5248878013e-07
1.3787878788e+00 9.8484848485e-01 0.0000000000e+00 4.4140855291e-07 -4.4626717123e-07
1.4090909091e+00 9.8484848485e-01 0.0000000000e+00 4.3516167452e-07 -4.4016326194e-07
1.4393939394e+00 9.8484848485e-01 0.0000000000e+00 4.2903089563e-07 -4.3417856017e-07
1.4696969697e+00 9.8484848485e-01 0.0000000000e+00 4.2301720940e-07 -4.2831405909e-07
1.5000000000e+00 9.8484848485e-01 0.0000000000e+00 4.1712109990e-07 -4.2257024276e-07
-1.5000000000e+00 1.0151515152e+00 0.0000000000e+00 4.1478364622e-07 -4.2033535386e-07
-1.4696969697e+00 1.0151515152e+00 0.0000000000e+00 4.2075238419e-07 -4.2615179866e-07
-1.4393939394e+00 1.0151515152e+00 0.0000000000e+00 4.2686742365e-07 -4.3211765297e-07
-1.4090909091e+00 1.0151515152e+00 0.0000000000e+00 4.3313356600e-07 -4.3823771820e-07
-1.3787878788e+00 1.0151515152e+00 0.0000000000e+00 4.3955619829e-07 -4.4451738140e-07
-1.3484848485e+00 1.0151515152e+00 0.0000000000e+00 4.4614169469e-07 -4.5096301672e-07
-1.3181818182e+00 1.0151515152e+00 0.0000000000e+00 4.5289807978e-07 -4.5758264876e-07
-1.2878787879e+00 1.0151515152e+00 0.0000000000e+00 4.5983621934e-07 -4.6438714329e-07
-1.2575757576e+00 1.0151515152e+00 0.0000000000e+00 4.6697151691e-07 -4.7139190387e-07
-1.2272727273e+00 1.0151515152e+00 0.0000000000e+00 4.7408510466e-07 -4.7837806264e-07
-1.1969696970e+00 1.0151515152e+00 0.0000000000e+00 4.8100399096e-07 -4.8517262798e-07
-1.1666666667e+00 1.0151515152e+00 0.0000000000e+00 4.8774364860e-07 -4.9179107269e-07
-1.1363636364e+00 1.0151515152e+00 0.0000000000e+00 4.9431198994e-07 -4.9824130912e-07
-1.1060606061e+00 1.0151515152e+00 0.0000000000e+00 5.0071235910e-07 -5.0452668140e-07
-1.0757575758e+00 1.0151515152e+00 0.0000000000e+00 5.0694594446e-07 -5.1064837790e-07
-1.0454545455e+00 1.0151515152e+00 0.0000000000e+00 5.1301294430e-07 -5.1660659690e-07
-1.0151515152e+00 1.0151515152e+00 0.0000000000e+00 5.1891310503e-07 -5.2240108482e-07
-9.8484848485e-01 1.0151515152e+00 0.0000000000e+00 5.2464596167e-07 -5.2803137667e-07
-9.5454545455e-01 1.0151515152e+00 0.0000000000e+00 5.3021093031e-07 -5.3349688855e-07
-9.2424242424e-01 1.0151515152e+00 0.0000000000e+00 5.3560733746e-07 -5.3879694696e-07
-8.9393939394e-01 1.0151515152e+00 0.0000000000e+00 nan nan
-8.6363636364e-01 1.0151515152e+00 0.0000000000e+00 nan nan
-8.3333333333e-01 1.0151515152e+00 0.0000000000e+00 nan nan
-8.0303030303e-01 1.0151515152e+00 0.0000000000e+00 nan nan
-7.7272727273e-01 1.0151515152e+00 0.0000000000e+00 nan nan
-7.4242424242e-01 1.0151515152e+00 0.0000000000e+00 nan nan
-7.1212121212e-01 1.0151515152e+00 0.0000000000e+00 nan nan
-6.8181818182e-01 1.0151515152e+00 0.0000000000e+00 nan nan
-6.5151515152e-01 1.0151515152e+00 0.0000000000e+00 nan nan
-6.2121212121e-01 1.0151515152e+00 0.0000000000e+00 nan nan
-5.9090909091e-01 1.0151515152e+00 0.0000000000e+00 nan nan
-5.6060606061e-01 1.0151515152e+00 0.0000000000e+00 nan nan
-5.3030303030e-01 1.0151515152e+00 0.0000000000e+00 nan nan
-5.0000000000e-01 1.0151515152e+00 0.0000000000e+00 nan nan
-4.6969696970e-01 1.0151515152e+00 0.0000000000e+00 nan nan
-4.3939393939e-01 1.0151515152e+00 0.0000000000e+00 nan nan
-4.0909090909e-01 1.0151515152e+00 0.0000000000e+00 nan nan
-3.7878787879e-01 1.0151515152e+00 0.0000000000e+00 nan nan
-3.4848484848e-01 1.0151515152e+00 0.0000000000e+00 nan nan
-3.1818181818e-01 1.0151515152e+00 0.0000000000e+00 nan nan
-2.8787878788e-01 1.0151515152e+00 0.0000000000e+00 nan nan
-2.5757575758e-01 1.0151515152e+00 0.0000000000e+00 nan nan
-2.2727272727e-01 1.0151515152e+00 0.0000000000e+00 nan nan
-1.9696969697e-01 1.0151515152e+00 0.0000000000e+00 nan nan
-1.6666666667e-01 1.0151515152e+00 0.0000000000e+00 nan nan
-1.3636363636e-01 1.0151515152e+00 0.0000000000e+00 nan nan
-1.0606060606e-01 1.0151515152e+00 0.0000000000e+00 nan nan
-7.5757575758e-02 1.0151515152e+00 0.0000000000e+00 nan nan
-4.5454545455e-02 1.0151515152e+00 0.0000000000e+00 nan nan
-1.5151515152e-02 1.0151515152e+00 0.0000000000e+00 nan nan
1.5151515152e-02 1.0151515152e+00 0.0000000000e+00 nan nan
4.5454545455e-02 1.0151515152e+00 0.0000000000e+00 nan nan
7.5757575758e-02 1.0151515152e+00 0.0000000000e+00 nan nan
1.0606060606e-01 1.0151515152e+00 0.0000000000e+00 nan nan
1.3636363636e-01 1.0151515152e+00 0.0000000000e+00 nan nan
1.6666666667e-01 1.0151515152e+00 0.0000000000e+00 nan nan
1.9696969697e-01 1.0151515152e+00 0.0000000000e+00 nan nan
2.2727272727e-01 1.0151515152e+00 0.0000000000e+00 nan nan
2.5757575758e-01 1.0151515152e+00 0.0000000000e+00 nan nan
2.8787878788e-01 1.0151515152e+00 0.0000000000e+00 nan nan
3.1818181818e-01 1.0151515152e+00 0.0000000000e+00 nan nan
3.4848484848e-01 1.0151515152e+00 0.0000000000e+00 nan nan
3.7878787879e-01 1.0151515152e+00 0.0000000000e+00 nan nan
4.0909090909e-01 1.0151515152e+00 0.0000000000e+00 nan nan
4.3939393939e-01 1.0151515152e+00 0.0000000000e+00 nan nan
4.6969696970e-01 1.0151515152e+00 0.0000000000e+00 nan nan
5.0000000000e-01 1.0151515152e+00 0.0000000000e+00 nan nan
5.3030303030e-01 1.0151515152e+00 0.0000000000e+00 nan nan
5.6060606061e-01 1.0151515152e+00 0.0000000000e+00 nan nan
5.9090909091e-01 1.0151515152e+00 0.0000000000e+00 nan nan
6.2121212121e-01 1.0151515152e+00 0.0000000000e+00 nan nan
6.5151515152e-01 1.0151515152e+00 0.0000000000e+00 nan nan
6.8181818182e-01 1.0151515152e+00 0.0000000000e+00 nan nan
7.1212121212e-01 1.0151515152e+00 0.0000000000e+00 nan nan
7.4242424242e-01 1.0151515152e+00 0.0000000000e+00 nan nan
7.7272727273e-01 1.0151515152e+00 0.0000000000e+00 nan nan
8.0303030303e-01 1.0151515152e+00 0.0000000000e+00 nan nan
8.3333333333e-01 1.0151515152e+00 0.0000000000e+00 nan nan
8.6363636364e-01 1.0151515152e+00 0.0000000000e+00 nan nan
8.9393939394e-01 1.0151515152e+00 0.0000000000e+00 nan nan
9.2424242424e-01 1.0151515152e+00 0.0000000000e+00 5.3229254736e-07 -5.3548215686e-07
9.5454545455e-01 1.0151515152e+00 0.0000000000e+00 5.2666531392e-07 -5.2995127216e-07
9.8484848485e-01 1.0151515152e+00 0.0000000000e+00 5.2085496923e-07 -5.2424038424e-07
1.0151515152e+00 1.0151515152e+00 0.0000000000e+00 5.1486059433e-07 -5.1834857412e-07
1.0454545455e+00 1.0151515152e+00 0.0000000000e+00 5.0868090108e-07 -5.1227455369e-07
1.0757575758e+00 1.0151515152e+00 0.0000000000e+00 5.0231456572e-07 -5.0601699916e-07
1.1060606061e+00 1.0151515152e+00 0.0000000000e+00 4.9576134982e-07 -4.9957567212e-07
1.1363636364e+00 1.0151515152e+00 0.0000000000e+00 4.8902528463e-07 -4.9295460381e-07
1.1666666667e+00 1.0151515152e+00 0.0000000000e+00 4.8215734998e-07 -4.8620477407e-07
1.1969696970e+00 1.0151515152e+00 0.0000000000e+00 4.7535903395e-07 -4.7952767097e-07
1.2272727273e+00 1.0151515152e+00 0.0000000000e+00 4.6866270560e-07 -4.7295566357e-07
1.2575757576e+00 1.0151515152e+00 0.0000000000e+00 4.6207015379e-07 -4.6649054074e-07
1.2878787879e+00 1.0151515152e+00 0.0000000000e+00 4.5558187430e-07 -4.6013279825e-07
1.3181818182e+00 1.0151515152e+00 0.0000000000e+00 4.4919862824e-07 -4.5388319722e-07
1.3484848485e+00 1.0151515152e+00 0.0000000000e+00 4.4292161168e-07 -4.4774293372e-07
1.3787878788e+00 1.0151515152e+00 0.0000000000e+00 4.3675218582e-07 -4.4171336893e-07
1.4090909091e+00 1.0151515152e+00 0.0000000000e+00 4.3069161133e-07 -4.3579576354e-07
1.4393939394e+00 1.0151515152e+00 0.0000000000e+00 4.2474088885e-07 -4.2999111818e-07
1.4696969697e+00 1.0151515152e+00 0.0000000000e+00 4.1890068386e-07 -4.2430009834e-07
1.5000000000e+00 1.0151515152e+00 0.0000000000e+00 4.1317130375e-07 -4.1872301139e-07
-1.5000000000e+00 1.0454545455e+00 0.0000000000e+00 4.1089920137e-07 -4.1655658182e-07
-1.4696969697e+00 1.0454545455e+00 0.0000000000e+00 4.1669875008e-07 -4.2220383736e-07
-1.4393939394e+00 1.0454545455e+00 0.0000000000e+00 4.2263487639e-07 -4.2799077853e-07
-1.4090909091e+00 1.0454545455e+00 0.0000000000e+00 4.2871160547e-07 -4.3392143049e-07
-1.3787878788e+00 1.0454545455e+00 0.0000000000e+00 4.3493335941e-07 -4.4000021533e-07
-1.3484848485e+00 1.0454545455e+00 0.0000000000e+00 4.4130522212e-07 -4.4623221696e-07
-1.3181818182e+00 1.0454545455e+00 0.0000000000e+00 4.4783341973e-07 -4.5262366153e-07
-1.2878787879e+00 1.0454545455e+00 0.0000000000e+00 4.5452635858e-07 -4.5918295535e-07
-1.2575757576e+00 1.0454545455e+00 0.0000000000e+00 4.6139754696e-07 -4.6592360673e-07
-1.2272727273e+00 1.0454545455e+00 0.0000000000e+00 4.6840312939e-07 -4.7280176018e-07
-1.1969696970e+00 1.0454545455e+00 0.0000000000e+00 4.7526081427e-07 -4.7953512410e-07
-1.1666666667e+00 1.0454545455e+00 0.0000000000e+00 4.8195390579e-07 -4.8610700269e-07
-1.1363636364e+00 1.0454545455e+00 0.0000000000e+00 4.8848718491e-07 -4.9252217690e-07
-1.1060606061e+00 1.0454545455e+00 0.0000000000e+00 4.9486066929e-07 -4.9878066440e-07
-1.0757575758e+00 1.0454545455e+00 0.0000000000e+00 5.0107322196e-07 -5.0488132821e-07
-1.0454545455e+00 1.0454545455e+00 0.0000000000e+00 5.0712346462e-07 -5.1082279003e-07
-1.0151515152e+00 1.0454545455e+00 0.0000000000e+00 5.1301008080e-07 -5.1660373341e-07
-9.8484848485e-01 1.0454545455e+00 0.0000000000e+00 5.1873188465e-07 -5.2222297247e-07
-9.5454545455e-01 1.0454545455e+00 0.0000000000e+00 5.2428777567e-07 -5.2767940673e-07
-9.2424242424e-01 1.0454545455e+00 0.0000000000e+00 5.2967666864e-07 -5.3297195095e-07
-8.9393939394e-01 1.0454545455e+00 0.0000000000e+00 5.3489745661e-07 -5.3809949821e-07
-8.6363636364e-01 1.0454545455e+00 0.0000000000e+00 5.3994902179e-07 -5.4306093069e-07
-8.3333333333e-01 1.0454545455e+00 0.0000000000e+00 nan nan
-8.0303030303e-01 1.0454545455e+00 0.0000000000e+00 nan nan
-7.7272727273e-01 1.0454545455e+00 0.0000000000e+00 nan nan
-7.4242424242e-01 1.0454545455e+00 0.0000000000e+00 nan nan
-7.1212121212e-01 1.0454545455e+00 0.0000000000e+00 nan nan
-6.8181818182e-01 1.0454545455e+00 0.0000000000e+00 nan nan
-6.5151515152e-01 1.0454545455e+00 0.0000000000e+00 nan nan
-6.2121212121e-01 1.0454545455e+00 0.0000000000e+00 nan nan
-5.9090909091e-01 1.0454545455e+00 0.0000000000e+00 nan nan
-5.6060606061e-01 1.0454545455e+00 0.0000000000e+00 nan nan
-5.3030303030e-01 1.0454545455e+00 0.0000000000e+00 nan nan
-5.0000000000e-01 1.0454545455e+00 0.0000000000e+00 nan nan
-4.6969696970e-01 1.0454545455e+00 0.0000000000e+00 nan nan
-4.3939393939e-01 1.0454545455e+00 0.0000000000e+00 nan nan
-4.0909090909e-01 1.0454545455e+00 0.0000000000e+00 nan nan
-3.7878787879e-01 1.0454545455e+00 0.0000000000e+00 nan nan
-3.4848484848e-01 1.0454545455e+00 0.0000000000e+00 nan nan
-3.1818181818e-01 1.0454545455e+00 0.0000000000e+00 nan nan
-2.8787878788e-01 1.0454545455e+00 0.0000000000e+00 nan nan
-2.5757575758e-01 1.0454545455e+00 0.0000000000e+00 nan nan
-2.2727272727e-01 1.0454545455e+00 0.0000000000e+00 nan nan
-1.9696969697e-01 1.0454545455e+00 0.0000000000e+00 nan nan
-1.6666666667e-01 1.0454545455e+00 0.0000000000e+00 nan nan
-1.3636363636e-01 1.0454545455e+00 0.0000000000e+00 nan nan
-1.0606060606e-01 1.0454545455e+00 0.0000000000e+00 nan nan
-7.5757575758e-02 1.0454545455e+00 0.0000000000e+00 nan nan
-4.5454545455e-02 1.0454545455e+00 0.0000000000e+00 nan nan
-1.5151515152e-02 1.0454545455e+00 0.0000000000e+00 nan nan
1.5151515152e-02 1.0454545455e+00 0.0000000000e+00 nan nan
4.5454545455e-02 1.0454545455e+00 0.0000000000e+00 nan nan
7.5757575758e-02 1.0454545455e+00 0.0000000000e+00 nan nan
1.0606060606e-01 1.0454545455e+00 0.0000000000e+00 nan nan
1.3636363636e-01 1.0454545455e+00 0.0000000000e+00 nan nan
1.6666666667e-01 1.0454545455e+00 0.0000000000e+00 nan nan
1.9696969697e-01 1.0454545455e+00 0.0000000000e+00 nan nan
2.2727272727e-01 1.0454545455e+00 0.0000000000e+00 nan nan
2.5757575758e-01 1.0454545455e+00 0.0000000000e+00 nan nan
2.8787878788e-01 1.0454545455e+00 0.0000000000e+00 nan nan
3.1818181818e-01 1.0454545455e+00 0.0000000000e+00 nan nan
3.4848484848e-01 1.0454545455e+00 0.0000000000e+00 nan nan
3.7878787879e-01 1.0454545455e+00 0.0000000000e+00 nan nan
4.0909090909e-01 1.0454545455e+00 0.0000000000e+00 nan nan
4.3939393939e-01 1.0454545455e+00 0.0000000000e+00 nan nan
4.6969696970e-01 1.0454545455e+00 0.0000000000e+00 nan nan
5.0000000000e-01 1.0454545455e+00 0.0000000000e+00 nan nan
5.3030303030e-01 1.0454545455e+00 0.0000000000e+00 nan nan
5.6060606061e-01 1.0454545455e+00 0.0000000000e+00 nan nan
5.9090909091e-01 1.0454545455e+00 0.0000000000e+00 nan nan
6.2121212121e-01 1.0454545455e+00 0.0000000000e+00 nan nan
6.5151515152e-01 1.0454545455e+00 0.0000000000e+00 nan nan
6.8181818182e-01 1.0454545455e+00 0.0000000000e+00 nan nan
7.1212121212e-01 1.0454545455e+00 0.0000000000e+00 nan nan
7.4242424242e-01 1.0454545455e+00 0.0000000000e+00 nan nan
7.7272727273e-01 1.0454545455e+00 0.0000000000e+00 nan nan
8.0303030303e-01 1.0454545455e+00 0.0000000000e+00 nan nan
8.3333333333e-01 1.0454545455e+00 0.0000000000e+00 nan nan
8.6363636364e-01 1.0454545455e+00 0.0000000000e+00 5.3690119066e-07 -5.4001309956e-07
8.9393939394e-01 1.0454545455e+00 0.0000000000e+00 5.3162915426e-07 -5.3483119586e-07
9.2424242424e-01 1.0454545455e+00 0.0000000000e+00 5.2617374610e-07 -5.2946902841e-07
9.5454545455e-01 1.0454545455e+00 0.0000000000e+00 5.2053459067e-07 -5.2392622172e-07
9.8484848485e-01 1.0454545455e+00 0.0000000000e+00 5.1471083511e-07 -5.1820192292e-07
1.0151515152e+00 1.0454545455e+00 0.0000000000e+00 5.0870093786e-07 -5.1229459047e-07
1.0454545455e+00 1.0454545455e+00 0.0000000000e+00 5.0250262007e-07 -5.0620194548e-07
1.0757575758e+00 1.0454545455e+00 0.0000000000e+00 4.9611320361e-07 -4.9992130986e-07
1.1060606061e+00 1.0454545455e+00 0.0000000000e+00 4.8953040698e-07 -4.9345040209e-07
1.1363636364e+00 1.0454545455e+00 0.0000000000e+00 4.8279461296e-07 -4.8682960496e-07
1.1666666667e+00 1.0454545455e+00 0.0000000000e+00 4.7611805240e-07 -4.8027114930e-07
1.1969696970e+00 1.0454545455e+00 0.0000000000e+00 4.6953509843e-07 -4.7380940826e-07
1.2272727273e+00 1.0454545455e+00 0.0000000000e+00 4.6304945489e-07 -4.6744808568e-07
1.2575757576e+00 1.0454545455e+00 0.0000000000e+00 4.5666274344e-07 -4.6118880320e-07
1.2878787879e+00 1.0454545455e+00 0.0000000000e+00 4.5037582054e-07 -4.5503241730e-07
1.3181818182e+00 1.0454545455e+00 0.0000000000e+00 4.4418944820e-07 -4.4897969000e-07
1.3484848485e+00 1.0454545455e+00 0.0000000000e+00 4.3810448443e-07 -4.4303147927e-07
1.3787878788e+00 1.0454545455e+00 0.0000000000e+00 4.3212183293e-07 -4.3718868884e-07
1.4090909091e+00 1.0454545455e+00 0.0000000000e+00 4.2624232815e-07 -4.3145215316e-07
1.4393939394e+00 1.0454545455e+00 0.0000000000e+00 4.2046663841e-07 -4.2582254055e-07
1.4696969697e+00 1.0454545455e+00 0.0000000000e+00 4.1479520524e-07 -4.2030029253e-07
1.5000000000e+00 1.0454545455e+00 0.0000000000e+00 4.0922821360e-07 -4.1488559406e-07
-1.5000000000e+00 1.0757575758e+00 0.0000000000e+00 4.0700197369e-07 -4.1276813498e-07
-1.4696969697e+00 1.0757575758e+00 0.0000000000e+00 4.1263395102e-07 -4.1824781914e-07
-1.4393939394e+00 1.0757575758e+00 0.0000000000e+00 4.1839286469e-07 -4.2385754767e-07
-1.4090909091e+00 1.0757575758e+00 0.0000000000e+00 4.2428185802e-07 -4.2960046388e-07
-1.3787878788e+00 1.0757575758e+00 0.0000000000e+00 4.3030421483e-07 -4.3547985158e-07
-1.3484848485e+00 1.0757575758e+00 0.0000000000e+00 4.3646344142e-07 -4.4149921710e-07
-1.3181818182e+00 1.0757575758e+00 0.0000000000e+00 4.4276339332e-07 -4.4766241595e-07
-1.2878787879e+00 1.0757575758e+00 0.0000000000e+00 4.4920849346e-07 -4.5397387106e-07
-1.2575757576e+00 1.0757575758e+00 0.0000000000e+00 4.5580414931e-07 -4.6043898991e-07
-1.2272727273e+00 1.0757575758e+00 0.0000000000e+00 4.6255544280e-07 -4.6706285442e-07
-1.1969696970e+00 1.0757575758e+00 0.0000000000e+00 4.6932812827e-07 -4.7371121894e-07
-1.1666666667e+00 1.0757575758e+00 0.0000000000e+00 4.7596913850e-07 -4.8023101623e-07
-1.1363636364e+00 1.0757575758e+00 0.0000000000e+00 4.8246647235e-07 -4.8661024517e-07
-1.1060606061e+00 1.0757575758e+00 0.0000000000e+00 4.8881381688e-07 -4.9284259283e-07
-1.0757575758e+00 1.0757575758e+00 0.0000000000e+00 4.9500670304e-07 -4.9892359013e-07
-1.0454545455e+00 1.0757575758e+00 0.0000000000e+00 5.0104175550e-07 -5.0484986175e-07
-1.0151515152e+00 1.0757575758e+00 0.0000000000e+00 5.0691643640e-07 -5.1061886984e-07
-9.8484848485e-01 1.0757575758e+00 0.0000000000e+00 5.1262881227e-07 -5.1622868092e-07
-9.5454545455e-01 1.0757575758e+00 0.0000000000e+00 5.1817727320e-07 -5.2167768508e-07
-9.2424242424e-01 1.0757575758e+00 0.0000000000e+00 5.2356030471e-07 -5.2696436786e-07
-8.9393939394e-01 1.0757575758e+00 0.0000000000e+00 5.2877638686e-07 -5.3208720929e-07
-8.6363636364e-01 1.0757575758e+00 0.0000000000e+00 5.3382400966e-07 -5.3704469940e-07
-8.3333333333e-01 1.0757575758e+00 0.0000000000e+00 5.3870174676e-07 -5.4183541183e-07
-8.0303030303e-01 1.0757575758e+00 0.0000000000e+00 nan nan
-7.7272727273e-01 1.0757575758e+00 0.0000000000e+00 nan nan
-7.4242424242e-01 1.0757575758e+00 0.0000000000e+00 nan nan
-7.1212121212e-01 1.0757575758e+00 0.0000000000e+00 nan nan
-6.8181818182e-01 1.0757575758e+00 0.0000000000e+00 nan nan
-6.5151515152e-01 1.0757575758e+00 0.0000000000e+00 nan nan
-6.2121212121e-01 1.0757575758e+00 0.0000000000e+00 nan nan
-5.9090909091e-01 1.0757575758e+00 0.0000000000e+00 nan nan
-5.6060606061e-01 1.0757575758e+00 0.0000000000e+00 nan nan
-5.3030303030e-01 1.0757575758e+00 0.0000000000e+00 nan nan
-5.0000000000e-01 1.0757575758e+00 0.0000000000e+00 nan nan
-4.6969696970e-01 1.0757575758e+00 0.0000000000e+00 nan nan
-4.3939393939e-01 1.0757575758e+00 0.0000000000e+00 nan nan
-4.0909090909e-01 1.0757575758e+00 0.0000000000e+00 nan nan
-3.7878787879e-01 1.0757575758e+00 0.0000000000e+00 nan nan
-3.4848484848e-01 1.0757575758e+00 0.0000000000e+00 nan nan
-3.1818181818e-01 1.0757575758e+00 0.0000000000e+00 nan nan
-2.8787878788e-01 1.0757575758e+00 0.0000000000e+00 nan nan
-2.5757575758e-01 1.0757575758e+00 0.0000000000e+00 nan nan
-2.2727272727e-01 1.0757575758e+00 0.0000000000e+00 nan nan
-1.9696969697e-01 1.0757575758e+00 0.0000000000e+00 nan nan
-1.6666666667e-01 1.0757575758e+00 0.0000000000e+00 nan nan
-1.3636363636e-01 1.0757575758e+00 0.0000000000e+00 nan nan
-1.0606060606e-01 1.0757575758e+00 0.0000000000e+00 nan nan
-7.5757575758e-02 1.0757575758e+00 0.0000000000e+00 nan nan
-4.5454545455e-02 1.0757575758e+00 0.0000000000e+00 nan nan
-1.5151515152e-02 1.0757575758e+00 0.0000000000e+00 nan nan
1.5151515152e-02 1.0757575758e+00 0.0000000000e+00 nan nan
4.5454545455e-02 1.0757575758e+00 0.0000000000e+00 nan nan
7.5757575758e-02 1.0757575758e+00 0.0000000000e+00 nan nan
1.0606060606e-01 1.0757575758e+00 0.0000000000e+00 nan nan
1.3636363636e-01 1.0757575758e+00 0.0000000000e+00 nan nan
1.6666666667e-01 1.0757575758e+00 0.0000000000e+00 nan nan
1.9696969697e-01 1.0757575758e+00 0.0000000000e+00 nan nan
2.2727272727e-01 1.0757575758e+00 0.0000000000e+00 nan nan
2.5757575758e-01 1.0757575758e+00 0.0000000000e+00 nan nan
2.8787878788e-01 1.0757575758e+00 0.0000000000e+00 nan nan
3.1818181818e-01 1.0757575758e+00 0.0000000000e+00 nan nan
3.4848484848e-01 1.0757575758e+00 0.0000000000e+00 nan nan
3.7878787879e-01 1.0757575758e+00 0.0000000000e+00 nan nan
4.0909090909e-01 1.0757575758e+00 0.0000000000e+00 nan nan
4.3939393939e-01 1.0757575758e+00 0.0000000000e+00 nan nan
4.6969696970e-01 1.0757575758e+00 0.0000000000e+00 nan nan
5.0000000000e-01 1.0757575758e+00 0.0000000000e+00 nan nan
5.3030303030e-01 1.0757575758e+00 0.0000000000e+00 nan nan
5.6060606061e-01 1.0757575758e+00 0.0000000000e+00 nan nan
5.9090909091e-01 1.0757575758e+00 0.0000000000e+00 nan nan
6.2121212121e-01 1.0757575758e+00 0.0000000000e+00 nan nan
6.5151515152e-01 1.0757575758e+00 0.0000000000e+00 nan nan
6.8181818182e-01 1.0757575758e+00 0.0000000000e+00 nan nan
7.1212121212e-01 1.0757575758e+00 0.0000000000e+00 nan nan
7.4242424242e-01 1.0757575758e+00 0.0000000000e+00 nan nan
7.7272727273e-01 1.0757575758e+00 0.0000000000e+00 nan nan
8.0303030303e-01 1.0757575758e+00 0.0000000000e+00 nan nan
8.3333333333e-01 1.0757575758e+00 0.0000000000e+00 5.3572458172e-07 -5.3885824679e-07
8.6363636364e-01 1.0757575758e+00 0.0000000000e+00 5.3062654990e-07 -5.3384723964e-07
8.9393939394e-01 1.0757575758e+00 0.0000000000e+00 5.2534436815e-07 -5.2865519058e-07
9.2424242424e-01 1.0757575758e+00 0.0000000000e+00 5.1987801439e-07 -5.2328207754e-07
9.5454545455e-01 1.0757575758e+00 0.0000000000e+00 5.1422714354e-07 -5.1772755543e-07
9.8484848485e-01 1.0757575758e+00 0.0000000000e+00 5.0839074438e-07 -5.1199061303e-07
1.0151515152e+00 1.0757575758e+00 0.0000000000e+00 5.0236673359e-07 -5.0606916703e-07
1.0454545455e+00 1.0757575758e+00 0.0000000000e+00 4.9615187560e-07 -4.9995998185e-07
1.0757575758e+00 1.0757575758e+00 0.0000000000e+00 4.8974241438e-07 -4.9365930146e-07
1.1060606061e+00 1.0757575758e+00 0.0000000000e+00 4.8315241156e-07 -4.8718118750e-07
1.1363636364e+00 1.0757575758e+00 0.0000000000e+00 4.7659649574e-07 -4.8074026857e-07
1.1666666667e+00 1.0757575758e+00 0.0000000000e+00 4.7013359213e-07 -4.7439546986e-07
1.1969696970e+00 1.0757575758e+00 0.0000000000e+00 4.6376264078e-07 -4.6814573145e-07
1.2272727273e+00 1.0757575758e+00 0.0000000000e+00 4.5748465061e-07 -4.6199206223e-07
1.2575757576e+00 1.0757575758e+00 0.0000000000e+00 4.5130063105e-07 -4.5593547165e-07
1.2878787879e+00 1.0757575758e+00 0.0000000000e+00 4.4521138268e-07 -4.4997676028e-07
1.3181818182e+00 1.0757575758e+00 0.0000000000e+00 4.3921761743e-07 -4.4411664006e-07
1.3484848485e+00 1.0757575758e+00 0.0000000000e+00 4.3332003130e-07 -4.3835580698e-07
1.3787878788e+00 1.0757575758e+00 0.0000000000e+00 4.2751929735e-07 -4.3269493410e-07
1.4090909091e+00 1.0757575758e+00 0.0000000000e+00 4.2181601736e-07 -4.2713462321e-07
1.4393939394e+00 1.0757575758e+00 0.0000000000e+00 4.1621066838e-07 -4.2167535136e-07
1.4696969697e+00 1.0757575758e+00 0.0000000000e+00 4.1070356103e-07 -4.1631742916e-07
1.5000000000e+00 1.0757575758e+00 0.0000000000e+00 4.0529481336e-07 -4.1106097465e-07
-1.5000000000e+00 1.1060606061e+00 0.0000000000e+00 4.0309767622e-07 -4.0897572637e-07
-1.4696969697e+00 1.1060606061e+00 0.0000000000e+00 4.0856420715e-07 -4.1428996413e-07
-1.4393939394e+00 1.1060606061e+00 0.0000000000e+00 4.1414825224e-07 -4.1972482408e-07
-1.4090909091e+00 1.1060606061e+00 0.0000000000e+00 4.1985206394e-07 -4.2528255865e-07
-1.3787878788e+00 1.1060606061e+00 0.0000000000e+00 4.2567778157e-07 -4.3096530718e-07
-1.3484848485e+00 1.1060606061e+00 0.0000000000e+00 4.3162734817e-07 -4.3677501270e-07
-1.3181818182e+00 1.1060606061e+00 0.0000000000e+00 4.3770231710e-07 -4.4271322859e-07
-1.2878787879e+00 1.1060606061e+00 0.0000000000e+00 4.4390335359e-07 -4.4878062005e-07
-1.2575757576e+00 1.1060606061e+00 0.0000000000e+00 4.5022873940e-07 -4.5497546886e-07
-1.2272727273e+00 1.1060606061e+00 0.0000000000e+00 4.5666944674e-07 -4.6128874722e-07
-1.1969696970e+00 1.1060606061e+00 0.0000000000e+00 4.6320090138e-07 -4.6769588091e-07
-1.1666666667e+00 1.1060606061e+00 0.0000000000e+00 4.6977307150e-07 -4.7414683810e-07
-1.1363636364e+00 1.1060606061e+00 0.0000000000e+00 4.7623861635e-07 -4.8049427803e-07
-1.1060606061e+00 1.1060606061e+00 0.0000000000e+00 4.8256340398e-07 -4.8670406878e-07
-1.0757575758e+00 1.1060606061e+00 0.0000000000e+00 4.8873979596e-07 -4.9276857190e-07
-1.0454545455e+00 1.1060606061e+00 0.0000000000e+00 4.9476242760e-07 -4.9868242271e-07
-1.0151515152e+00 1.1060606061e+00 0.0000000000e+00 5.0062763020e-07 -5.0444195250e-07
-9.8484848485e-01 1.1060606061e+00 0.0000000000e+00 5.0633289811e-07 -5.1004465562e-07
-9.5454545455e-01 1.1060606061e+00 0.0000000000e+00 5.1187624180e-07 -5.1548854255e-07
-9.2424242424e-01 1.1060606061e+00 0.0000000000e+00 5.1725572700e-07 -5.2077167900e-07
-8.9393939394e-01 1.1060606061e+00 0.0000000000e+00 5.2246933186e-07 -5.2589204315e-07
-8.6363636364e-01 1.1060606061e+00 0.0000000000e+00 5.2751503560e-07 -5.3084761420e-07
-8.3333333333e-01 1.1060606061e+00 0.0000000000e+00 5.3239098255e-07 -5.3563653648e-07
-8.0303030303e-01 1.1060606061e+00 0.0000000000e+00 5.3709560580e-07 -5.4025724308e-07
-7.7272727273e-01 1.1060606061e+00 0.0000000000e+00 nan nan
-7.4242424242e-01 1.1060606061e+00 0.0000000000e+00 nan nan
-7.1212121212e-01 1.1060606061e+00 0.0000000000e+00 nan nan
-6.8181818182e-01 1.1060606061e+00 0.0000000000e+00 nan nan
-6.5151515152e-01 1.1060606061e+00 0.0000000000e+00 nan nan
-6.2121212121e-01 1.1060606061e+00 0.0000000000e+00 nan nan
-5.9090909091e-01 1.1060606061e+00 0.0000000000e+00 nan nan
-5.6060606061e-01 1.1060606061e+00 0.0000000000e+00 nan nan
-5.3030303030e-01 1.1060606061e+00 0.0000000000e+00 nan nan
-5.0000000000e-01 1.1060606061e+00 0.0000000000e+00 nan nan
-4.6969696970e-01 1.1060606061e+00 0.0000000000e+00 nan nan
-4.3939393939e-01 1.1060606061e+00 0.0000000000e+00 nan nan
-4.0909090909e-01 1.1060606061e+00 0.0000000000e+00 nan nan
-3.7878787879e-01 1.1060606061e+00 0.0000000000e+00 nan nan
-3.4848484848e-01 1.1060606061e+00 0.0000000000e+00 nan nan
-3.1818181818e-01 1.1060606061e+00 0.0000000000e+00 nan nan
-2.8787878788e-01 1.1060606061e+00 0.0000000000e+00 nan nan
-2.5757575758e-01 1.1060606061e+00 0.0000000000e+00 nan nan
-2.2727272727e-01 1.1060606061e+00 0.0000000000e+00 nan nan
-1.9696969697e-01 1.1060606061e+00 0.0000000000e+00 nan nan
-1.6666666667e-01 1.1060606061e+00 0.0000000000e+00 nan nan
-1.3636363636e-01 1.1060606061e+00 0.0000000000e+00 nan nan
-1.0606060606e-01 1.1060606061e+00 0.0000000000e+00 nan nan
-7.5757575758e-02 1.1060606061e+00 0.0000000000e+00 nan nan
-4.5454545455e-02 1.1060606061e+00 0.0000000000e+00 nan nan
-1.5151515152e-02 1.1060606061e+00 0.0000000000e+00 nan nan
1.5151515152e-02 1.1060606061e+00 0.0000000000e+00 nan nan
4.5454545455e-02 1.1060606061e+00 0.0000000000e+00 nan nan
7.5757575758e-02 1.1060606061e+00 0.0000000000e+00 nan nan
1.0606060606e-01 1.1060606061e+00 0.0000000000e+00 nan nan
1.3636363636e-01 1.1060606061e+00 0.0000000000e+00 nan nan
1.6666666667e-01 1.1060606061e+00 0.0000000000e+00 nan nan
1.9696969697e-01 1.1060606061e+00 0.0000000000e+00 nan nan
2.2727272727e-01 1.1060606061e+00 0.0000000000e+00 nan nan
2.5757575758e-01 1.1060606061e+00 0.0000000000e+00 nan nan
2.8787878788e-01 1.1060606061e+00 0.0000000000e+00 nan nan
3.1818181818e-01 1.1060606061e+00 0.0000000000e+00 nan nan
3.4848484848e-01 1.1060606061e+00 0.0000000000e+00 nan nan
3.7878787879e-01 1.1060606061e+00 0.0000000000e+00 nan nan
4.0909090909e-01 1.1060606061e+00 0.0000000000e+00 nan nan
4.3939393939e-01 1.1060606061e+00 0.0000000000e+00 nan nan
4.6969696970e-01 1.1060606061e+00 0.0000000000e+00 nan nan
5.0000000000e-01 1.1060606061e+00 0.0000000000e+00 nan nan
5.3030303030e-01 1.1060606061e+00 0.0000000000e+00 nan nan
5.6060606061e-01 1.1060606061e+00 0.0000000000e+00 nan nan
5.9090909091e-01 1.1060606061e+00 0.0000000000e+00 nan nan
6.2121212121e-01 1.1060606061e+00 0.0000000000e+00 nan nan
6.5151515152e-01 1.1060606061e+00 0.0000000000e+00 nan nan
6.8181818182e-01 1.1060606061e+00 0.0000000000e+00 nan nan
7.1212121212e-01 1.1060606061e+00 0.0000000000e+00 nan nan
7.4242424242e-01 1.1060606061e+00 0.0000000000e+00 nan nan
7.7272727273e-01 1.1060606061e+00 0.0000000000e+00 nan nan
8.0303030303e-01 1.1060606061e+00 0.0000000000e+00 5.3420555424e-07 -5.3736719153e-07
8.3333333333e-01 1.1060606061e+00 0.0000000000e+00 5.2928270594e-07 -5.3252825987e-07
8.6363636364e-01 1.1060606061e+00 0.0000000000e+00 5.2417461066e-07 -5.2750718925e-07
8.9393939394e-01 1.1060606061e+00 0.0000000000e+00 5.1888155913e-07 -5.2230427042e-07
9.2424242424e-01 1.1060606061e+00 0.0000000000e+00 5.1340384220e-07 -5.1691979421e-07
9.5454545455e-01 1.1060606061e+00 0.0000000000e+00 5.0774147979e-07 -5.1135378054e-07
9.8484848485e-01 1.1060606061e+00 0.0000000000e+00 5.0189372331e-07 -5.0560548082e-07
1.0151515152e+00 1.1060606061e+00 0.0000000000e+00 4.9585825235e-07 -4.9967257464e-07
1.0454545455e+00 1.1060606061e+00 0.0000000000e+00 4.8963093230e-07 -4.9355092741e-07
1.0757575758e+00 1.1060606061e+00 0.0000000000e+00 4.8321301422e-07 -4.8724179016e-07
1.1060606061e+00 1.1060606061e+00 0.0000000000e+00 4.7678803198e-07 -4.8092869679e-07
1.1363636364e+00 1.1060606061e+00 0.0000000000e+00 4.7045254374e-07 -4.7470820543e-07
1.1666666667e+00 1.1060606061e+00 0.0000000000e+00 4.6420441650e-07 -4.6857818310e-07
1.1969696970e+00 1.1060606061e+00 0.0000000000e+00 4.5804338806e-07 -4.6253836758e-07
1.2272727273e+00 1.1060606061e+00 0.0000000000e+00 4.5197007564e-07 -4.5658937612e-07
1.2575757576e+00 1.1060606061e+00 0.0000000000e+00 4.4598530782e-07 -4.5073203728e-07
1.2878787879e+00 1.1060606061e+00 0.0000000000e+00 4.4008987331e-07 -4.4496713977e-07
1.3181818182e+00 1.1060606061e+00 0.0000000000e+00 4.3428448585e-07 -4.3929539734e-07
1.3484848485e+00 1.1060606061e+00 0.0000000000e+00 4.2856979582e-07 -4.3371746036e-07
1.3787878788e+00 1.1060606061e+00 0.0000000000e+00 4.2294638915e-07 -4.2823391477e-07
1.4090909091e+00 1.1060606061e+00 0.0000000000e+00 4.1741476813e-07 -4.2284526284e-07
1.4393939394e+00 1.1060606061e+00 0.0000000000e+00 4.1197532436e-07 -4.1755189620e-07
1.4696969697e+00 1.1060606061e+00 0.0000000000e+00 4.0662831346e-07 -4.1235407044e-07
1.5000000000e+00 1.1060606061e+00 0.0000000000e+00 4.0137383609e-07 -4.0725188624e-07
-1.5000000000e+00 1.1363636364e+00 0.0000000000e+00 3.9919178485e-07 -4.0518483189e-07
-1.4696969697e+00 1.1363636364e+00 0.0000000000e+00 4.0449549405e-07 -4.1033624791e-07
-1.4393939394e+00 1.1363636364e+00 0.0000000000e+00 4.0990764867e-07 -4.1559921738e-07
-1.4090909091e+00 1.1363636364e+00 0.0000000000e+00 4.1542968166e-07 -4.2097517326e-07
-1.3787878788e+00 1.1363636364e+00 0.0000000000e+00 4.2106271726e-07 -4.2646523976e-07
-1.3484848485e+00 1.1363636364e+00 0.0000000000e+00 4.2680739467e-07 -4.3207005609e-07
-1.3181818182e+00 1.1363636364e+00 0.0000000000e+00 4.3266353914e-07 -4.3778944751e-07
-1.2878787879e+00 1.1363636364e+00 0.0000000000e+00 4.3862951800e-07 -4.4362178135e-07
-1.2575757576e+00 1.1363636364e+00 0.0000000000e+00 4.4470098045e-07 -4.4956270679e-07
-1.2272727273e+00 1.1363636364e+00 0.0000000000e+00 4.5086881879e-07 -4.5560311615e-07
-1.1969696970e+00 1.1363636364e+00 0.0000000000e+00 4.5711800907e-07 -4.6172798548e-07
-1.1666666667e+00 1.1363636364e+00 0.0000000000e+00 4.6343080448e-07 -4.6791956795e-07
-1.1363636364e+00 1.1363636364e+00 0.0000000000e+00 4.6979159015e-07 -4.7416224872e-07
-1.1060606061e+00 1.1363636364e+00 0.0000000000e+00 4.7610049822e-07 -4.8035615991e-07
-1.0757575758e+00 1.1363636364e+00 0.0000000000e+00 4.8226554257e-07 -4.8640931540e-07
-1.0454545455e+00 1.1363636364e+00 0.0000000000e+00 4.8827973791e-07 -4.9231472990e-07
-1.0151515152e+00 1.1363636364e+00 0.0000000000e+00 4.9413866648e-07 -4.9806798566e-07
-9.8484848485e-01 1.1363636364e+00 0.0000000000e+00 4.9983979493e-07 -5.0366654932e-07
-9.5454545455e-01 1.1363636364e+00 0.0000000000e+00 5.0538109414e-07 -5.0910839177e-07
-9.2424242424e-01 1.1363636364e+00 0.0000000000e+00 5.1076021132e-07 -5.1439116021e-07
-8.9393939394e-01 1.1363636364e+00 0.0000000000e+00 5.1597440473e-07 -5.1951211291e-07
-8.6363636364e-01 1.1363636364e+00 0.0000000000e+00 5.2102090052e-07 -5.2446847600e-07
-8.3333333333e-01 1.1363636364e+00 0.0000000000e+00 5.2589727203e-07 -5.2925782284e-07
-8.0303030303e-01 1.1363636364e+00 0.0000000000e+00 5.3060162972e-07 -5.3387826389e-07
-7.7272727273e-01 1.1363636364e+00 0.0000000000e+00 5.3513262904e-07 -5.3832845459e-07
-7.4242424242e-01 1.1363636364e+00 0.0000000000e+00 5.3948938321e-07 -5.4260750816e-07
-7.1212121212e-01 1.1363636364e+00 0.0000000000e+00 nan nan
-6.8181818182e-01 1.1363636364e+00 0.0000000000e+00 nan nan
-6.5151515152e-01 1.1363636364e+00 0.0000000000e+00 nan nan
-6.2121212121e-01 1.1363636364e+00 0.0000000000e+00 nan nan
-5.9090909091e-01 1.1363636364e+00 0.0000000000e+00 nan nan
-5.6060606061e-01 1.1363636364e+00 0.0000000000e+00 nan nan
-5.3030303030e-01 1.1363636364e+00 0.0000000000e+00 nan nan
-5.0000000000e-01 1.1363636364e+00 0.0000000000e+00 nan nan
-4.6969696970e-01 1.1363636364e+00 0.0000000000e+00 nan nan
-4.3939393939e-01 1.1363636364e+00 0.0000000000e+00 nan nan
-4.0909090909e-01 1.1363636364e+00 0.0000000000e+00 nan nan
-3.7878787879e-01 1.1363636364e+00 0.0000000000e+00 nan nan
-3.4848484848e-01 1.1363636364e+00 0.0000000000e+00 nan nan
-3.1818181818e-01 1.1363636364e+00 0.0000000000e+00 nan nan
-2.8787878788e-01 1.1363636364e+00 0.0000000000e+00 nan nan
-2.5757575758e-01 1.1363636364e+00 0.0000000000e+00 nan nan
-2.2727272727e-01 1.1363636364e+00 0.0000000000e+00 nan nan
-1.9696969697e-01 1.1363636364e+00 0.0000000000e+00 nan nan
-1.6666666667e-01 1.1363636364e+00 0.0000000000e+00 nan nan
-1.3636363636e-01 1.1363636364e+00 0.0000000000e+00 nan nan
-1.0606060606e-01 1.1363636364e+00 0.0000000000e+00 nan nan
-7.5757575758e-02 1.1363636364e+00 0.0000000000e+00 nan nan
-4.5454545455e-02 1.1363636364e+00 0.0000000000e+00 nan nan
-1.5151515152e-02 1.1363636364e+00 0.0000000000e+00 nan nan
1.5151515152e-02 1.1363636364e+00 0.0000000000e+00 nan nan
4.5454545455e-02 1.1363636364e+00 0.0000000000e+00 nan nan
7.5757575758e-02 1.1363636364e+00 0.0000000000e+00 nan nan
1.0606060606e-01 1.1363636364e+00 0.0000000000e+00 nan nan
1.3636363636e-01 1.1363636364e+00 0.0000000000e+00 nan nan
1.6666666667e-01 1.1363636364e+00 0.0000000000e+00 nan nan
1.9696969697e-01 1.1363636364e+00 0.0000000000e+00 nan nan
2.2727272727e-01 1.1363636364e+00 0.0000000000e+00 nan nan
2.5757575758e-01 1.1363636364e+00 0.0000000000e+00 nan nan
2.8787878788e-01 1.1363636364e+00 0.0000000000e+00 nan nan
3.1818181818e-01 1.1363636364e+00 0.0000000000e+00 nan nan
3.4848484848e-01 1.1363636364e+00 0.0000000000e+00 nan nan
3.7878787879e-01 1.1363636364e+00 0.0000000000e+00 nan nan
4.0909090909e-01 1.1363636364e+00 0.0000000000e+00 nan nan
4.3939393939e-01 1.1363636364e+00 0.0000000000e+00 nan nan
4.6969696970e-01 1.1363636364e+00 0.0000000000e+00 nan nan
5.0000000000e-01 1.1363636364e+00 0.0000000000e+00 nan nan
5.3030303030e-01 1.1363636364e+00 0.0000000000e+00 nan nan
5.6060606061e-01 1.1363636364e+00 0.0000000000e+00 nan nan
5.9090909091e-01 1.1363636364e+00 0.0000000000e+00 nan nan
6.2121212121e-01 1.1363636364e+00 0.0000000000e+00 nan nan
6.5151515152e-01 1.1363636364e+00 0.0000000000e+00 nan nan
6.8181818182e-01 1.1363636364e+00 0.0000000000e+00 nan nan
7.1212121212e-01 1.1363636364e+00 0.0000000000e+00 nan nan
7.4242424242e-01 1.1363636364e+00 0.0000000000e+00 5.3690220238e-07 -5.4002032733e-07
7.7272727273e-01 1.1363636364e+00 0.0000000000e+00 5.3234270867e-07 -5.3553853422e-07
8.0303030303e-01 1.1363636364e+00 0.0000000000e+00 5.2759644076e-07 -5.3087307493e-07
8.3333333333e-01 1.1363636364e+00 0.0000000000e+00 5.2266340156e-07 -5.2602395238e-07
8.6363636364e-01 1.1363636364e+00 0.0000000000e+00 5.1754391287e-07 -5.2099148836e-07
8.9393939394e-01 1.1363636364e+00 0.0000000000e+00 5.1223864851e-07 -5.1577635669e-07
9.2424242424e-01 1.1363636364e+00 0.0000000000e+00 5.0674853788e-07 -5.1037948677e-07
9.5454545455e-01 1.1363636364e+00 0.0000000000e+00 5.0107449427e-07 -5.0480179190e-07
9.8484848485e-01 1.1363636364e+00 0.0000000000e+00 4.9521689354e-07 -4.9904364793e-07
1.0151515152e+00 1.1363636364e+00 0.0000000000e+00 4.8917422348e-07 -4.9310354267e-07
1.0454545455e+00 1.1363636364e+00 0.0000000000e+00 4.8294099242e-07 -4.8697598441e-07
1.0757575758e+00 1.1363636364e+00 0.0000000000e+00 4.7667295736e-07 -4.8081673019e-07
1.1060606061e+00 1.1363636364e+00 0.0000000000e+00 4.7048103376e-07 -4.7473669545e-07
1.1363636364e+00 1.1363636364e+00 0.0000000000e+00 4.6436738224e-07 -4.6873804081e-07
1.1666666667e+00 1.1363636364e+00 0.0000000000e+00 4.5833324014e-07 -4.6282200362e-07
1.1969696970e+00 1.1363636364e+00 0.0000000000e+00 4.5237967767e-07 -4.5698965408e-07
1.2272727273e+00 1.1363636364e+00 0.0000000000e+00 4.4650776718e-07 -4.5124206454e-07
1.2575757576e+00 1.1363636364e+00 0.0000000000e+00 4.4071853043e-07 -4.4558025677e-07
1.2878787879e+00 1.1363636364e+00 0.0000000000e+00 4.3501288289e-07 -4.4000514623e-07
1.3181818182e+00 1.1363636364e+00 0.0000000000e+00 4.2939162355e-07 -4.3451753192e-07
1.3484848485e+00 1.1363636364e+00 0.0000000000e+00 4.2385544533e-07 -4.2911810675e-07
1.3787878788e+00 1.1363636364e+00 0.0000000000e+00 4.1840494260e-07 -4.2380746510e-07
1.4090909091e+00 1.1363636364e+00 0.0000000000e+00 4.1304060874e-07 -4.1858610034e-07
1.4393939394e+00 1.1363636364e+00 0.0000000000e+00 4.0776282612e-07 -4.1345439484e-07
1.4696969697e+00 1.1363636364e+00 0.0000000000e+00 4.0257185348e-07 -4.0841260734e-07
1.5000000000e+00 1.1363636364e+00 0.0000000000e+00 3.9746781474e-07 -4.0346086177e-07
-1.5000000000e+00 1.1666666667e+00 0.0000000000e+00 3.9528946762e-07 -4.0140061956e-07
-1.4696969697e+00 1.1666666667e+00 0.0000000000e+00 4.0043342877e-07 -4.0639228754e-07
-1.4393939394e+00 1.1666666667e+00 0.0000000000e+00 4.0567722515e-07 -4.1148689878e-07
-1.4090909091e+00 1.1666666667e+00 0.0000000000e+00 4.1102158980e-07 -4.1668518630e-07
-1.3787878788e+00 1.1666666667e+00 0.0000000000e+00 4.1646682962e-07 -4.2198745702e-07
-1.3484848485e+00 1.1666666667e+00 0.0000000000e+00 4.2201262867e-07 -4.2739339500e-07
-1.3181818182e+00 1.1666666667e+00 0.0000000000e+00 4.2765773235e-07 -4.3290174563e-07
-1.2878787879e+00 1.1666666667e+00 0.0000000000e+00 4.3339944851e-07 -4.3850981676e-07
-1.2575757576e+00 1.1666666667e+00 0.0000000000e+00 4.3923293414e-07 -4.4421276539e-07
-1.2272727273e+00 1.1666666667e+00 0.0000000000e+00 4.4515046484e-07 -4.5000286711e-07
-1.1969696970e+00 1.1666666667e+00 0.0000000000e+00 4.5114138226e-07 -4.5586946358e-07
-1.1666666667e+00 1.1666666667e+00 0.0000000000e+00 4.5719338848e-07 -4.6180025686e-07
-1.1363636364e+00 1.1666666667e+00 0.0000000000e+00 4.6329444900e-07 -4.6778321248e-07
-1.1060606061e+00 1.1666666667e+00 0.0000000000e+00 4.6943391067e-07 -4.7380767726e-07
-1.0757575758e+00 1.1666666667e+00 0.0000000000e+00 4.7557733642e-07 -4.7983921416e-07
-1.0454545455e+00 1.1666666667e+00 0.0000000000e+00 4.8158820601e-07 -4.8574130291e-07
-1.0151515152e+00 1.1666666667e+00 0.0000000000e+00 4.8744434558e-07 -4.9149176967e-07
-9.8484848485e-01 1.1666666667e+00 0.0000000000e+00 4.9314461368e-07 -4.9708947298e-07
-9.5454545455e-01 1.1666666667e+00 0.0000000000e+00 4.9868776777e-07 -5.0253317031e-07
-9.2424242424e-01 1.1666666667e+00 0.0000000000e+00 5.0407090370e-07 -5.0781995749e-07
-8.9393939394e-01 1.1666666667e+00 0.0000000000e+00 5.0928994228e-07 -5.1294575536e-07
-8.6363636364e-01 1.1666666667e+00 0.0000000000e+00 5.1434082974e-07 -5.1790651013e-07
-8.3333333333e-01 1.1666666667e+00 0.0000000000e+00 5.1922036914e-07 -5.2269902486e-07
-8.0303030303e-01 1.1666666667e+00 0.0000000000e+00 5.2392639638e-07 -5.2732113545e-07
-7.7272727273e-01 1.1666666667e+00 0.0000000000e+00 5.2845761027e-07 -5.3177154072e-07
-7.4242424242e-01 1.1666666667e+00 0.0000000000e+00 5.3281332567e-07 -5.3604955553e-07
-7.1212121212e-01 1.1666666667e+00 0.0000000000e+00 5.3699325461e-07 -5.4015489190e-07
-6.8181818182e-01 1.1666666667e+00 0.0000000000e+00 nan nan
-6.5151515152e-01 1.1666666667e+00 0.0000000000e+00 nan nan
-6.2121212121e-01 1.1666666667e+00 0.0000000000e+00 nan nan
-5.9090909091e-01 1.1666666667e+00 0.0000000000e+00 nan nan
-5.6060606061e-01 1.1666666667e+00 0.0000000000e+00 nan nan
-5.3030303030e-01 1.1666666667e+00 0.0000000000e+00 nan nan
-5.0000000000e-01 1.1666666667e+00 0.0000000000e+00 nan nan
-4.6969696970e-01 1.1666666667e+00 0.0000000000e+00 nan nan
-4.3939393939e-01 1.1666666667e+00 0.0000000000e+00 nan nan
-4.0909090909e-01 1.1666666667e+00 0.0000000000e+00 nan nan
-3.7878787879e-01 1.1666666667e+00 0.0000000000e+00 nan nan
-3.4848484848e-01 1.1666666667e+00 0.0000000000e+00 nan nan
-3.1818181818e-01 1.1666666667e+00 0.0000000000e+00 nan nan
-2.8787878788e-01 1.1666666667e+00 0.0000000000e+00 nan nan
-2.5757575758e-01 1.1666666667e+00 0.0000000000e+00 nan nan
-2.2727272727e-01 1.1666666667e+00 0.0000000000e+00 nan nan
-1.9696969697e-01 1.1666666667e+00 0.0000000000e+00 nan nan
-1.6666666667e-01 1.1666666667e+00 0.0000000000e+00 nan nan
-1.3636363636e-01 1.1666666667e+00 0.0000000000e+00 nan nan
-1.0606060606e-01 1.1666666667e+00 0.0000000000e+00 nan nan
-7.5757575758e-02 1.1666666667e+00 0.0000000000e+00 nan nan
-4.5454545455e-02 1.1666666667e+00 0.0000000000e+00 nan nan
-1.5151515152e-02 1.1666666667e+00 0.0000000000e+00 nan nan
1.5151515152e-02 1.1666666667e+00 0.0000000000e+00 nan nan
4.5454545455e-02 1.1666666667e+00 0.0000000000e+00 nan nan
7.5757575758e-02 1.1666666667e+00 0.0000000000e+00 nan nan
1.0606060606e-01 1.1666666667e+00 0.0000000000e+00 nan nan
1.3636363636e-01 1.1666666667e+00 0.0000000000e+00 nan nan
1.6666666667e-01 1.1666666667e+00 0.0000000000e+00 nan nan
1.9696969697e-01 1.1666666667e+00 0.0000000000e+00 nan nan
2.2727272727e-01 1.1666666667e+00 0.0000000000e+00 nan nan
2.5757575758e-01 1.1666666667e+00 0.0000000000e+00 nan nan
2.8787878788e-01 1.1666666667e+00 0.0000000000e+00 nan nan
3.1818181818e-01 1.1666666667e+00 0.0000000000e+00 nan nan
3.4848484848e-01 1.1666666667e+00 0.0000000000e+00 nan nan
3.7878787879e-01 1.1666666667e+00 0.0000000000e+00 nan nan
4.0909090909e-01 1.1666666667e+00 0.0000000000e+00 nan nan
4.3939393939e-01 1.1666666667e+00 0.0000000000e+00 nan nan
4.6969696970e-01 1.1666666667e+00 0.0000000000e+00 nan nan
5.0000000000e-01 1.1666666667e+00 0.0000000000e+00 nan nan
5.3030303030e-01 1.1666666667e+00 0.0000000000e+00 nan nan
5.6060606061e-01 1.1666666667e+00 0.0000000000e+00 nan nan
5.9090909091e-01 1.1666666667e+00 0.0000000000e+00 nan nan
6.2121212121e-01 1.1666666667e+00 0.0000000000e+00 nan nan
6.5151515152e-01 1.1666666667e+00 0.0000000000e+00 nan nan
6.8181818182e-01 1.1666666667e+00 0.0000000000e+00 nan nan
7.1212121212e-01 1.1666666667e+00 0.0000000000e+00 5.3451433884e-07 -5.3767597612e-07
7.4242424242e-01 1.1666666667e+00 0.0000000000e+00 5.3013463386e-07 -5.3337086372e-07
7.7272727273e-01 1.1666666667e+00 0.0000000000e+00 5.2556680909e-07 -5.2888073955e-07
8.0303030303e-01 1.1666666667e+00 0.0000000000e+00 5.2081046571e-07 -5.2420520478e-07
8.3333333333e-01 1.1666666667e+00 0.0000000000e+00 5.1586554185e-07 -5.1934419757e-07
8.6363636364e-01 1.1666666667e+00 0.0000000000e+00 5.1073253461e-07 -5.1429821500e-07
8.9393939394e-01 1.1666666667e+00 0.0000000000e+00 5.0541270031e-07 -5.0906851339e-07
9.2424242424e-01 1.1666666667e+00 0.0000000000e+00 4.9990804556e-07 -5.0365709936e-07
9.5454545455e-01 1.1666666667e+00 0.0000000000e+00 4.9422104779e-07 -4.9806645033e-07
9.8484848485e-01 1.1666666667e+00 0.0000000000e+00 4.8835426380e-07 -4.9229912310e-07
1.0151515152e+00 1.1666666667e+00 0.0000000000e+00 4.8231238833e-07 -4.8635981242e-07
1.0454545455e+00 1.1666666667e+00 0.0000000000e+00 4.7623114550e-07 -4.8038424240e-07
1.0757575758e+00 1.1666666667e+00 0.0000000000e+00 4.7020428505e-07 -4.7446616279e-07
1.1060606061e+00 1.1666666667e+00 0.0000000000e+00 4.6424129950e-07 -4.6861506609e-07
1.1363636364e+00 1.1666666667e+00 0.0000000000e+00 4.5834681647e-07 -4.6283557995e-07
1.1666666667e+00 1.1666666667e+00 0.0000000000e+00 4.5252377910e-07 -4.5713064749e-07
1.1969696970e+00 1.1666666667e+00 0.0000000000e+00 4.4677428938e-07 -4.5150237070e-07
1.2272727273e+00 1.1666666667e+00 0.0000000000e+00 4.4109999455e-07 -4.4595239682e-07
1.2575757576e+00 1.1666666667e+00 0.0000000000e+00 4.3550224884e-07 -4.4048208009e-07
1.2878787879e+00 1.1666666667e+00 0.0000000000e+00 4.2998218288e-07 -4.3509255114e-07
1.3181818182e+00 1.1666666667e+00 0.0000000000e+00 4.2454074504e-07 -4.2978475832e-07
1.3484848485e+00 1.1666666667e+00 0.0000000000e+00 4.1917873202e-07 -4.2455949835e-07
1.3787878788e+00 1.1666666667e+00 0.0000000000e+00 4.1389680947e-07 -4.1941743687e-07
1.4090909091e+00 1.1666666667e+00 0.0000000000e+00 4.0869552214e-07 -4.1435911864e-07
1.4393939394e+00 1.1666666667e+00 0.0000000000e+00 4.0357529586e-07 -4.0938496949e-07
1.4696969697e+00 1.1666666667e+00 0.0000000000e+00 3.9853643483e-07 -4.0449529360e-07
1.5000000000e+00 1.1666666667e+00 0.0000000000e+00 3.9357911725e-07 -3.9969026919e-07
-1.5000000000e+00 1.1969696970e+00 0.0000000000e+00 3.9139552847e-07 -3.9762789334e-07
-1.4696969697e+00 1.1969696970e+00 0.0000000000e+00 3.9638318656e-07 -4.0246325826e-07
-1.4393939394e+00 1.1969696970e+00 0.0000000000e+00 4.0146259255e-07 -4.0739347911e-07
-1.4090909091e+00 1.1969696970e+00 0.0000000000e+00 4.0663391385e-07 -4.1241872329e-07
-1.3787878788e+00 1.1969696970e+00 0.0000000000e+00 4.1189684307e-07 -4.1753868341e-07
-1.3484848485e+00 1.1969696970e+00 0.0000000000e+00 4.1725042334e-07 -4.2275240261e-07
-1.3181818182e+00 1.1969696970e+00 0.0000000000e+00 4.2269280302e-07 -4.2805802923e-07
-1.2878787879e+00 1.1969696970e+00 0.0000000000e+00 4.2822091180e-07 -4.3345249298e-07
-1.2575757576e+00 1.1969696970e+00 0.0000000000e+00 4.3383009728e-07 -4.3893114146e-07
-1.2272727273e+00 1.1969696970e+00 0.0000000000e+00 4.3951386794e-07 -4.4448748314e-07
-1.1969696970e+00 1.1969696970e+00 0.0000000000e+00 4.4526399580e-07 -4.5011329004e-07
-1.1666666667e+00 1.1969696970e+00 0.0000000000e+00 4.5107111848e-07 -4.5579919980e-07
-1.1363636364e+00 1.1969696970e+00 0.0000000000e+00 4.5692558672e-07 -4.6153556313e-07
-1.1060606061e+00 1.1969696970e+00 0.0000000000e+00 4.6281813424e-07 -4.6731311377e-07
-1.0757575758e+00 1.1969696970e+00 0.0000000000e+00 4.6874037472e-07 -4.7312346539e-07
-1.0454545455e+00 1.1969696970e+00 0.0000000000e+00 4.7468425848e-07 -4.7895856831e-07
-1.0151515152e+00 1.1969696970e+00 0.0000000000e+00 4.8054015350e-07 -4.8470879052e-07
-9.8484848485e-01 1.1969696970e+00 0.0000000000e+00 4.8624181915e-07 -4.9030789138e-07
-9.5454545455e-01 1.1969696970e+00 0.0000000000e+00 4.9179154657e-07 -4.9575816204e-07
-9.2424242424e-01 1.1969696970e+00 0.0000000000e+00 4.9718505603e-07 -5.0105532276e-07
-8.9393939394e-01 1.1969696970e+00 0.0000000000e+00 5.0241501566e-07 -5.0619204167e-07
-8.6363636364e-01 1.1969696970e+00 0.0000000000e+00 5.0747497638e-07 -5.1116186970e-07
-8.3333333333e-01 1.1969696970e+00 0.0000000000e+00 5.1236086546e-07 -5.1596073411e-07
-8.0303030303e-01 1.1969696970e+00 0.0000000000e+00 5.1707053976e-07 -5.2058649176e-07
-7.7272727273e-01 1.1969696970e+00 0.0000000000e+00 5.2160309468e-07 -5.2503823807e-07
-7.4242424242e-01 1.1969696970e+00 0.0000000000e+00 5.2595834955e-07 -5.2931579234e-07
-7.1212121212e-01 1.1969696970e+00 0.0000000000e+00 5.3013649642e-07 -5.3341934664e-07
-6.8181818182e-01 1.1969696970e+00 0.0000000000e+00 5.3413788080e-07 -5.3734924647e-07
-6.5151515152e-01 1.1969696970e+00 0.0000000000e+00 5.3796288406e-07 -5.4110587320e-07
-6.2121212121e-01 1.1969696970e+00 0.0000000000e+00 nan nan
-5.9090909091e-01 1.1969696970e+00 0.0000000000e+00 nan nan
-5.6060606061e-01 1.1969696970e+00 0.0000000000e+00 nan nan
-5.3030303030e-01 1.1969696970e+00 0.0000000000e+00 nan nan
-5.0000000000e-01 1.1969696970e+00 0.0000000000e+00 nan nan
-4.6969696970e-01 1.1969696970e+00 0.0000000000e+00 nan nan
-4.3939393939e-01 1.1969696970e+00 0.0000000000e+00 nan nan
-4.0909090909e-01 1.1969696970e+00 0.0000000000e+00 nan nan
-3.7878787879e-01 1.1969696970e+00 0.0000000000e+00 nan nan
-3.4848484848e-01 1.1969696970e+00 0.0000000000e+00 nan nan
-3.1818181818e-01 1.1969696970e+00 0.0000000000e+00 nan nan
-2.8787878788e-01 1.1969696970e+00 0.0000000000e+00 nan nan
-2.5757575758e-01 1.1969696970e+00 0.0000000000e+00 nan nan
-2.2727272727e-01 1.1969696970e+00 0.0000000000e+00 nan nan
-1.9696969697e-01 1.1969696970e+00 0.0000000000e+00 nan nan
-1.6666666667e-01 1.1969696970e+00 0.0000000000e+00 nan nan
-1.3636363636e-01 1.1969696970e+00 0.0000000000e+00 nan nan
-1.0606060606e-01 1.1969696970e+00 0.0000000000e+00 nan nan
-7.5757575758e-02 1.1969696970e+00 0.0000000000e+00 nan nan
-4.5454545455e-02 1.1969696970e+00 0.0000000000e+00 nan nan
-1.5151515152e-02 1.1969696970e+00 0.0000000000e+00 nan nan
1.5151515152e-02 1.1969696970e+00 0.0000000000e+00 nan nan
4.5454545455e-02 1.1969696970e+00 0.0000000000e+00 nan nan
7.5757575758e-02 1.1969696970e+00 0.0000000000e+00 nan nan
1.0606060606e-01 1.1969696970e+00 0.0000000000e+00 nan nan
1.3636363636e-01 1.1969696970e+00 0.0000000000e+00 nan nan
1.6666666667e-01 1.1969696970e+00 0.0000000000e+00 nan nan
1.9696969697e-01 1.1969696970e+00 0.0000000000e+00 nan nan
2.2727272727e-01 1.1969696970e+00 0.0000000000e+00 nan nan
2.5757575758e-01 1.1969696970e+00 0.0000000000e+00 nan nan
2.8787878788e-01 1.1969696970e+00 0.0000000000e+00 nan nan
3.1818181818e-01 1.1969696970e+00 0.0000000000e+00 nan nan
3.4848484848e-01 1.1969696970e+00 0.0000000000e+00 nan nan
3.7878787879e-01 1.1969696970e+00 0.0000000000e+00 nan nan
4.0909090909e-01 1.1969696970e+00 0.0000000000e+00 nan nan
4.3939393939e-01 1.1969696970e+00 0.0000000000e+00 nan nan
4.6969696970e-01 1.1969696970e+00 0.0000000000e+00 nan nan
5.0000000000e-01 1.1969696970e+00 0.0000000000e+00 nan nan
5.3030303030e-01 1.1969696970e+00 0.0000000000e+00 nan nan
5.6060606061e-01 1.1969696970e+00 0.0000000000e+00 nan nan
5.9090909091e-01 1.1969696970e+00 0.0000000000e+00 nan nan
6.2121212121e-01 1.1969696970e+00 0.0000000000e+00 nan nan
6.5151515152e-01 1.1969696970e+00 0.0000000000e+00 5.3578717916e-07 -5.3893016831e-07
6.8181818182e-01 1.1969696970e+00 0.0000000000e+00 5.3177754427e-07 -5.3498890994e-07
7.1212121212e-01 1.1969696970e+00 0.0000000000e+00 5.2757961035e-07 -5.3086246056e-07
7.4242424242e-01 1.1969696970e+00 0.0000000000e+00 5.2319246710e-07 -5.2654990988e-07
7.7272727273e-01 1.1969696970e+00 0.0000000000e+00 5.1861523716e-07 -5.2205038054e-07
8.0303030303e-01 1.1969696970e+00 0.0000000000e+00 5.1384719931e-07 -5.1736315132e-07
8.3333333333e-01 1.1969696970e+00 0.0000000000e+00 5.0888804866e-07 -5.1248791731e-07
8.6363636364e-01 1.1969696970e+00 0.0000000000e+00 5.0373835248e-07 -5.0742524580e-07
8.9393939394e-01 1.1969696970e+00 0.0000000000e+00 4.9840017706e-07 -5.0217720308e-07
9.2424242424e-01 1.1969696970e+00 0.0000000000e+00 4.9287735071e-07 -4.9674761744e-07
9.5454545455e-01 1.1969696970e+00 0.0000000000e+00 4.8717479984e-07 -4.9114141531e-07
9.8484848485e-01 1.1969696970e+00 0.0000000000e+00 4.8131663707e-07 -4.8538270931e-07
1.0151515152e+00 1.1969696970e+00 0.0000000000e+00 4.7544775585e-07 -4.7961639287e-07
1.0454545455e+00 1.1969696970e+00 0.0000000000e+00 4.6960965339e-07 -4.7388396322e-07
1.0757575758e+00 1.1969696970e+00 0.0000000000e+00 4.6381588160e-07 -4.6819897227e-07
1.1060606061e+00 1.1969696970e+00 0.0000000000e+00 4.5807603608e-07 -4.6257101560e-07
1.1363636364e+00 1.1969696970e+00 0.0000000000e+00 4.5239603910e-07 -4.5700601551e-07
1.1666666667e+00 1.1969696970e+00 0.0000000000e+00 4.4677980282e-07 -4.5150788414e-07
1.1969696970e+00 1.1969696970e+00 0.0000000000e+00 4.4123012547e-07 -4.4607941972e-07
1.2272727273e+00 1.1969696970e+00 0.0000000000e+00 4.3574913508e-07 -4.4072275029e-07
1.2575757576e+00 1.1969696970e+00 0.0000000000e+00 4.3033851845e-07 -4.3543956264e-07
1.2878787879e+00 1.1969696970e+00 0.0000000000e+00 4.2499964572e-07 -4.3023122690e-07
1.3181818182e+00 1.1969696970e+00 0.0000000000e+00 4.1973364511e-07 -4.2509887133e-07
1.3484848485e+00 1.1969696970e+00 0.0000000000e+00 4.1454145194e-07 -4.2004343121e-07
1.3787878788e+00 1.1969696970e+00 0.0000000000e+00 4.0942384086e-07 -4.1506568120e-07
1.4090909091e+00 1.1969696970e+00 0.0000000000e+00 4.0438144578e-07 -4.1016625521e-07
1.4393939394e+00 1.1969696970e+00 0.0000000000e+00 3.9941477054e-07 -4.0534565710e-07
1.4696969697e+00 1.1969696970e+00 0.0000000000e+00 3.9452419367e-07 -4.0060426537e-07
1.5000000000e+00 1.1969696970e+00 0.0000000000e+00 3.8970996979e-07 -3.9594233466e-07
-1.5000000000e+00 1.2272727273e+00 0.0000000000e+00 3.8751437271e-07 -3.9387105853e-07
-1.4696969697e+00 1.2272727273e+00 0.0000000000e+00 3.9234945619e-07 -3.9855384885e-07
-1.4393939394e+00 1.2272727273e+00 0.0000000000e+00 3.9726874850e-07 -4.0332395601e-07
-1.4090909091e+00 1.2272727273e+00 0.0000000000e+00 4.0227197693e-07 -4.0818110732e-07
-1.3787878788e+00 1.2272727273e+00 0.0000000000e+00 4.0735839230e-07 -4.1312455359e-07
-1.3484848485e+00 1.2272727273e+00 0.0000000000e+00 4.1252663068e-07 -4.1815293090e-07
-1.3181818182e+00 1.2272727273e+00 0.0000000000e+00 4.1777454065e-07 -4.2326408782e-07
-1.2878787879e+00 1.2272727273e+00 0.0000000000e+00 4.2309898686e-07 -4.2845488900e-07
-1.2575757576e+00 1.2272727273e+00 0.0000000000e+00 4.2849566872e-07 -4.3372103385e-07
-1.2272727273e+00 1.2272727273e+00 0.0000000000e+00 4.3395903175e-07 -4.3905696790e-07
-1.1969696970e+00 1.2272727273e+00 0.0000000000e+00 4.3948236204e-07 -4.4445597724e-07
-1.1666666667e+00 1.2272727273e+00 0.0000000000e+00 4.4505808669e-07 -4.4991048896e-07
-1.1363636364e+00 1.2272727273e+00 0.0000000000e+00 4.5067816946e-07 -4.5541246682e-07
-1.1060606061e+00 1.2272727273e+00 0.0000000000e+00 4.5633442570e-07 -4.6095372618e-07
-1.0757575758e+00 1.2272727273e+00 0.0000000000e+00 4.6201866096e-07 -4.6652607258e-07
-1.0454545455e+00 1.2272727273e+00 0.0000000000e+00 4.6772259284e-07 -4.7212122363e-07
-1.0151515152e+00 1.2272727273e+00 0.0000000000e+00 4.7343676760e-07 -4.7772972558e-07
-9.8484848485e-01 1.2272727273e+00 0.0000000000e+00 4.7912414356e-07 -4.8331453675e-07
-9.5454545455e-01 1.2272727273e+00 0.0000000000e+00 4.8468628419e-07 -4.8877722061e-07
-9.2424242424e-01 1.2272727273e+00 0.0000000000e+00 4.9010087479e-07 -4.9409546247e-07
-8.9393939394e-01 1.2272727273e+00 0.0000000000e+00 4.9535070216e-07 -4.9925204913e-07
-8.6363636364e-01 1.2272727273e+00 0.0000000000e+00 5.0042533224e-07 -5.0423654652e-07
-8.3333333333e-01 1.2272727273e+00 0.0000000000e+00 5.0532071114e-07 -5.0904490074e-07
-8.0303030303e-01 1.2272727273e+00 0.0000000000e+00 5.1003558563e-07 -5.1367585859e-07
-7.7272727273e-01 1.2272727273e+00 0.0000000000e+00 5.1457007494e-07 -5.1812953928e-07
-7.4242424242e-01 1.2272727273e+00 0.0000000000e+00 5.1892494581e-07 -5.2240670955e-07
-7.1212121212e-01 1.2272727273e+00 0.0000000000e+00 5.2310115885e-07 -5.2650833002e-07
-6.8181818182e-01 1.2272727273e+00 0.0000000000e+00 5.2709962334e-07 -5.3043530996e-07
-6.5151515152e-01 1.2272727273e+00 0.0000000000e+00 5.3092110942e-07 -5.3418841952e-07
-6.2121212121e-01 1.2272727273e+00 0.0000000000e+00 5.3456624633e-07 -5.3776828793e-07
-5.9090909091e-01 1.2272727273e+00 0.0000000000e+00 5.3803554905e-07 -5.4117543017e-07
-5.6060606061e-01 1.2272727273e+00 0.0000000000e+00 nan nan
-5.3030303030e-01 1.2272727273e+00 0.0000000000e+00 nan nan
-5.0000000000e-01 1.2272727273e+00 0.0000000000e+00 nan nan
-4.6969696970e-01 1.2272727273e+00 0.0000000000e+00 nan nan
-4.3939393939e-01 1.2272727273e+00 0.0000000000e+00 nan nan
-4.0909090909e-01 1.2272727273e+00 0.0000000000e+00 nan nan
-3.7878787879e-01 1.2272727273e+00 0.0000000000e+00 nan nan
-3.4848484848e-01 1.2272727273e+00 0.0000000000e+00 nan nan
-3.1818181818e-01 1.2272727273e+00 0.0000000000e+00 nan nan
-2.8787878788e-01 1.2272727273e+00 0.0000000000e+00 nan nan
-2.5757575758e-01 1.2272727273e+00 0.0000000000e+00 nan nan
-2.2727272727e-01 1.2272727273e+00 0.0000000000e+00 nan nan
-1.9696969697e-01 1.2272727273e+00 0.0000000000e+00 nan nan
-1.6666666667e-01 1.2272727273e+00 0.0000000000e+00 nan nan
-1.3636363636e-01 1.2272727273e+00 0.0000000000e+00 nan nan
-1.0606060606e-01 1.2272727273e+00 0.0000000000e+00 nan nan
-7.5757575758e-02 1.2272727273e+00 0.0000000000e+00 nan nan
-4.5454545455e-02 1.2272727273e+00 0.0000000000e+00 nan nan
-1.5151515152e-02 1.2272727273e+00 0.0000000000e+00 nan nan
1.5151515152e-02 1.2272727273e+00 0.0000000000e+00 nan nan
4.5454545455e-02 1.2272727273e+00 0.0000000000e+00 nan nan
7.5757575758e-02 1.2272727273e+00 0.0000000000e+00 nan nan
1.0606060606e-01 1.2272727273e+00 0.0000000000e+00 nan nan
1.3636363636e-01 1.2272727273e+00 0.0000000000e+00 nan nan
1.6666666667e-01 1.2272727273e+00 0.0000000000e+00 nan nan
1.9696969697e-01 1.2272727273e+00 0.0000000000e+00 nan nan
2.2727272727e-01 1.2272727273e+00 0.0000000000e+00 nan nan
2.5757575758e-01 1.2272727273e+00 0.0000000000e+00 nan nan
2.8787878788e-01 1.2272727273e+00 0.0000000000e+00 nan nan
3.1818181818e-01 1.2272727273e+00 0.0000000000e+00 nan nan
3.4848484848e-01 1.2272727273e+00 0.0000000000e+00 nan nan
3.7878787879e-01 1.2272727273e+00 0.0000000000e+00 nan nan
4.0909090909e-01 1.2272727273e+00 0.0000000000e+00 nan nan
4.3939393939e-01 1.2272727273e+00 0.0000000000e+00 nan nan
4.6969696970e-01 1.2272727273e+00 0.0000000000e+00 nan nan
5.0000000000e-01 1.2272727273e+00 0.0000000000e+00 nan nan
5.3030303030e-01 1.2272727273e+00 0.0000000000e+00 nan nan
5.6060606061e-01 1.2272727273e+00 0.0000000000e+00 nan nan
5.9090909091e-01 1.2272727273e+00 0.0000000000e+00 5.3615295931e-07 -5.3929284043e-07
6.2121212121e-01 1.2272727273e+00 0.0000000000e+00 5.3251522836e-07 -5.3571726995e-07
6.5151515152e-01 1.2272727273e+00 0.0000000000e+00 5.2868982266e-07 -5.3195713276e-07
6.8181818182e-01 1.2272727273e+00 0.0000000000e+00 5.2467562828e-07 -5.2801131490e-07
7.1212121212e-01 1.2272727273e+00 0.0000000000e+00 5.2047148311e-07 -5.2387865428e-07
7.4242424242e-01 1.2272727273e+00 0.0000000000e+00 5.1607614440e-07 -5.1955790814e-07
7.7272727273e-01 1.2272727273e+00 0.0000000000e+00 5.1148829578e-07 -5.1504776013e-07
8.0303030303e-01 1.2272727273e+00 0.0000000000e+00 5.0670667299e-07 -5.1034694595e-07
8.3333333333e-01 1.2272727273e+00 0.0000000000e+00 5.0173040839e-07 -5.0545459800e-07
8.6363636364e-01 1.2272727273e+00 0.0000000000e+00 4.9655975564e-07 -5.0037096991e-07
8.9393939394e-01 1.2272727273e+00 0.0000000000e+00 4.9119764507e-07 -4.9509899204e-07
9.2424242424e-01 1.2272727273e+00 0.0000000000e+00 4.8565148653e-07 -4.8964607421e-07
9.5454545455e-01 1.2272727273e+00 0.0000000000e+00 4.7998913301e-07 -4.8408006943e-07
9.8484848485e-01 1.2272727273e+00 0.0000000000e+00 4.7433244448e-07 -4.7852283767e-07
1.0151515152e+00 1.2272727273e+00 0.0000000000e+00 4.6869425621e-07 -4.7298721418e-07
1.0454545455e+00 1.2272727273e+00 0.0000000000e+00 4.6308506026e-07 -4.6748369105e-07
1.0757575758e+00 1.2272727273e+00 0.0000000000e+00 4.5751460008e-07 -4.6202201170e-07
1.1060606061e+00 1.2272727273e+00 0.0000000000e+00 4.5199077920e-07 -4.5661007968e-07
1.1363636364e+00 1.2272727273e+00 0.0000000000e+00 4.4651941851e-07 -4.5125371587e-07
1.1666666667e+00 1.2272727273e+00 0.0000000000e+00 4.4110475915e-07 -4.4595716142e-07
1.1969696970e+00 1.2272727273e+00 0.0000000000e+00 4.3574997963e-07 -4.4072359483e-07
1.2272727273e+00 1.2272727273e+00 0.0000000000e+00 4.3045754261e-07 -4.3555547876e-07
1.2575757576e+00 1.2272727273e+00 0.0000000000e+00 4.2522940912e-07 -4.3045477426e-07
1.2878787879e+00 1.2272727273e+00 0.0000000000e+00 4.2006717188e-07 -4.2542307402e-07
1.3181818182e+00 1.2272727273e+00 0.0000000000e+00 4.1497214157e-07 -4.2046168873e-07
1.3484848485e+00 1.2272727273e+00 0.0000000000e+00 4.0994540488e-07 -4.1557170510e-07
1.3787878788e+00 1.2272727273e+00 0.0000000000e+00 4.0498786404e-07 -4.1075402533e-07
1.4090909091e+00 1.2272727273e+00 0.0000000000e+00 4.0010026299e-07 -4.0600939338e-07
1.4393939394e+00 1.2272727273e+00 0.0000000000e+00 3.9528320413e-07 -4.0133841164e-07
1.4696969697e+00 1.2272727273e+00 0.0000000000e+00 3.9053715836e-07 -3.9674155102e-07
1.5000000000e+00 1.2272727273e+00 0.0000000000e+00 3.8586247107e-07 -3.9221915690e-07
-1.5000000000e+00 1.2575757576e+00 0.0000000000e+00 3.8364999460e-07 -3.9013410941e-07
-1.4696969697e+00 1.2575757576e+00 0.0000000000e+00 3.8833643065e-07 -3.9466825228e-07
-1.4393939394e+00 1.2575757576e+00 0.0000000000e+00 3.9310008036e-07 -3.9928271685e-07
-1.4090909091e+00 1.2575757576e+00 0.0000000000e+00 3.9794033642e-07 -4.0397689578e-07
-1.3787878788e+00 1.2575757576e+00 0.0000000000e+00 4.0285613965e-07 -4.0874972992e-07
-1.3484848485e+00 1.2575757576e+00 0.0000000000e+00 4.0784587602e-07 -4.1359960522e-07
-1.3181818182e+00 1.2575757576e+00 0.0000000000e+00 4.1290726030e-07 -4.1852423644e-07
-1.2878787879e+00 1.2575757576e+00 0.0000000000e+00 4.1803721939e-07 -4.2352055051e-07
-1.2575757576e+00 1.2575757576e+00 0.0000000000e+00 4.2323180137e-07 -4.2858459548e-07
-1.2272727273e+00 1.2575757576e+00 0.0000000000e+00 4.2848614780e-07 -4.3371151294e-07
-1.1969696970e+00 1.2575757576e+00 0.0000000000e+00 4.3379456148e-07 -4.3889560567e-07
-1.1666666667e+00 1.2575757576e+00 0.0000000000e+00 4.3915066694e-07 -4.4413049819e-07
-1.1363636364e+00 1.2575757576e+00 0.0000000000e+00 4.4454761063e-07 -4.4940933698e-07
-1.1060606061e+00 1.2575757576e+00 0.0000000000e+00 4.4997822531e-07 -4.5472495477e-07
-1.0757575758e+00 1.2575757576e+00 0.0000000000e+00 4.5543511429e-07 -4.6006995489e-07
-1.0454545455e+00 1.2575757576e+00 0.0000000000e+00 4.6091064304e-07 -4.6543670281e-07
-1.0151515152e+00 1.2575757576e+00 0.0000000000e+00 4.6639672483e-07 -4.7081711179e-07
-9.8484848485e-01 1.2575757576e+00 0.0000000000e+00 4.7188468155e-07 -4.7620250372e-07
-9.5454545455e-01 1.2575757576e+00 0.0000000000e+00 4.7736926030e-07 -4.8158762570e-07
-9.2424242424e-01 1.2575757576e+00 0.0000000000e+00 4.8282198969e-07 -4.8694400635e-07
-8.9393939394e-01 1.2575757576e+00 0.0000000000e+00 4.8810302187e-07 -4.9213179781e-07
-8.6363636364e-01 1.2575757576e+00 0.0000000000e+00 4.9319702836e-07 -4.9713567161e-07
-8.3333333333e-01 1.2575757576e+00 0.0000000000e+00 4.9810374652e-07 -5.0195536510e-07
-8.0303030303e-01 1.2575757576e+00 0.0000000000e+00 5.0282411475e-07 -5.0659181669e-07
-7.7272727273e-01 1.2575757576e+00 0.0000000000e+00 5.0736002988e-07 -5.1104692320e-07
-7.4242424242e-01 1.2575757576e+00 0.0000000000e+00 5.1171372743e-07 -5.1532292015e-07
-7.1212121212e-01 1.2575757576e+00 0.0000000000e+00 5.1588723757e-07 -5.1942183772e-07
-6.8181818182e-01 1.2575757576e+00 0.0000000000e+00 5.1988215925e-07 -5.2334527485e-07
-6.5151515152e-01 1.2575757576e+00 0.0000000000e+00 5.2369967807e-07 -5.2709441714e-07
-6.2121212121e-01 1.2575757576e+00 0.0000000000e+00 5.2734067452e-07 -5.3067014509e-07
-5.9090909091e-01 1.2575757576e+00 0.0000000000e+00 5.3080582572e-07 -5.3407313582e-07
-5.6060606061e-01 1.2575757576e+00 0.0000000000e+00 5.3409566800e-07 -5.3730392564e-07
-5.3030303030e-01 1.2575757576e+00 0.0000000000e+00 5.3721062443e-07 -5.4036293764e-07
-5.0000000000e-01 1.2575757576e+00 0.0000000000e+00 nan nan
-4.6969696970e-01 1.2575757576e+00 0.0000000000e+00 nan nan
-4.3939393939e-01 1.2575757576e+00 0.0000000000e+00 nan nan
-4.0909090909e-01 1.2575757576e+00 0.0000000000e+00 nan nan
-3.7878787879e-01 1.2575757576e+00 0.0000000000e+00 nan nan
-3.4848484848e-01 1.2575757576e+00 0.0000000000e+00 nan nan
-3.1818181818e-01 1.2575757576e+00 0.0000000000e+00 nan nan
-2.8787878788e-01 1.2575757576e+00 0.0000000000e+00 nan nan
-2.5757575758e-01 1.2575757576e+00 0.0000000000e+00 nan nan
-2.2727272727e-01 1.2575757576e+00 0.0000000000e+00 nan nan
-1.9696969697e-01 1.2575757576e+00 0.0000000000e+00 nan nan
-1.6666666667e-01 1.2575757576e+00 0.0000000000e+00 nan nan
-1.3636363636e-01 1.2575757576e+00 0.0000000000e+00 nan nan
-1.0606060606e-01 1.2575757576e+00 0.0000000000e+00 nan nan
-7.5757575758e-02 1.2575757576e+00 0.0000000000e+00 nan nan
-4.5454545455e-02 1.2575757576e+00 0.0000000000e+00 nan nan
-1.5151515152e-02 1.2575757576e+00 0.0000000000e+00 nan nan
1.5151515152e-02 1.2575757576e+00 0.0000000000e+00 nan nan
4.5454545455e-02 1.2575757576e+00 0.0000000000e+00 nan nan
7.5757575758e-02 1.2575757576e+00 0.0000000000e+00 nan nan
1.0606060606e-01 1.2575757576e+00 0.0000000000e+00 nan nan
1.3636363636e-01 1.2575757576e+00 0.0000000000e+00 nan nan
1.6666666667e-01 1.2575757576e+00 0.0000000000e+00 nan nan
1.9696969697e-01 1.2575757576e+00 0.0000000000e+00 nan nan
2.2727272727e-01 1.2575757576e+00 0.0000000000e+00 nan nan
2.5757575758e-01 1.2575757576e+00 0.0000000000e+00 nan nan
2.8787878788e-01 1.2575757576e+00 0.0000000000e+00 nan nan
3.1818181818e-01 1.2575757576e+00 0.0000000000e+00 nan nan
3.4848484848e-01 1.2575757576e+00 0.0000000000e+00 nan nan
3.7878787879e-01 1.2575757576e+00 0.0000000000e+00 nan nan
4.0909090909e-01 1.2575757576e+00 0.0000000000e+00 nan nan
4.3939393939e-01 1.2575757576e+00 0.0000000000e+00 nan nan
4.6969696970e-01 1.2575757576e+00 0.0000000000e+00 nan nan
5.0000000000e-01 1.2575757576e+00 0.0000000000e+00 nan nan
5.3030303030e-01 1.2575757576e+00 0.0000000000e+00 5.3560565625e-07 -5.3875796946e-07
5.6060606061e-01 1.2575757576e+00 0.0000000000e+00 5.3234027316e-07 -5.3554853080e-07
5.9090909091e-01 1.2575757576e+00 0.0000000000e+00 5.2888851956e-07 -5.3215582966e-07
6.2121212121e-01 1.2575757576e+00 0.0000000000e+00 5.2524906576e-07 -5.2857853634e-07
6.5151515152e-01 1.2575757576e+00 0.0000000000e+00 5.2142056455e-07 -5.2481530362e-07
6.8181818182e-01 1.2575757576e+00 0.0000000000e+00 5.1740164367e-07 -5.2086475927e-07
7.1212121212e-01 1.2575757576e+00 0.0000000000e+00 5.1319084983e-07 -5.1672544998e-07
7.4242424242e-01 1.2575757576e+00 0.0000000000e+00 5.0878655251e-07 -5.1239574523e-07
7.7272727273e-01 1.2575757576e+00 0.0000000000e+00 5.0418687860e-07 -5.0787377192e-07
8.0303030303e-01 1.2575757576e+00 0.0000000000e+00 4.9938980905e-07 -5.0315751099e-07
8.3333333333e-01 1.2575757576e+00 0.0000000000e+00 4.9439356649e-07 -4.9824518507e-07
8.6363636364e-01 1.2575757576e+00 0.0000000000e+00 4.8919739568e-07 -4.9313603894e-07
8.9393939394e-01 1.2575757576e+00 0.0000000000e+00 4.8380567832e-07 -4.8783445426e-07
9.2424242424e-01 1.2575757576e+00 0.0000000000e+00 4.7835179578e-07 -4.8247381244e-07
9.5454545455e-01 1.2575757576e+00 0.0000000000e+00 4.7290425519e-07 -4.7712262059e-07
9.8484848485e-01 1.2575757576e+00 0.0000000000e+00 4.6746827753e-07 -4.7178609970e-07
1.0151515152e+00 1.2575757576e+00 0.0000000000e+00 4.6205121551e-07 -4.6647160246e-07
1.0454545455e+00 1.2575757576e+00 0.0000000000e+00 4.5666092271e-07 -4.6118698247e-07
1.0757575758e+00 1.2575757576e+00 0.0000000000e+00 4.5130489333e-07 -4.5593973394e-07
1.1060606061e+00 1.2575757576e+00 0.0000000000e+00 4.4598965067e-07 -4.5073638013e-07
1.1363636364e+00 1.2575757576e+00 0.0000000000e+00 4.4072050240e-07 -4.4558222875e-07
1.1666666667e+00 1.2575757576e+00 0.0000000000e+00 4.3550164748e-07 -4.4048147873e-07
1.1969696970e+00 1.2575757576e+00 0.0000000000e+00 4.3033640869e-07 -4.3543745287e-07
1.2272727273e+00 1.2575757576e+00 0.0000000000e+00 4.2522744767e-07 -4.3045281280e-07
1.2575757576e+00 1.2575757576e+00 0.0000000000e+00 4.2017692719e-07 -4.2552972131e-07
1.2878787879e+00 1.2575757576e+00 0.0000000000e+00 4.1518662688e-07 -4.2066995799e-07
1.3181818182e+00 1.2575757576e+00 0.0000000000e+00 4.1025802510e-07 -4.1587500124e-07
1.3484848485e+00 1.2575757576e+00 0.0000000000e+00 4.0539235744e-07 -4.1114608663e-07
1.3787878788e+00 1.2575757576e+00 0.0000000000e+00 4.0059065832e-07 -4.0648424859e-07
1.4090909091e+00 1.2575757576e+00 0.0000000000e+00 3.9585379029e-07 -4.0189034966e-07
1.4393939394e+00 1.2575757576e+00 0.0000000000e+00 3.9118246422e-07 -3.9736510071e-07
1.4696969697e+00 1.2575757576e+00 0.0000000000e+00 3.8657725295e-07 -3.9290907458e-07
1.5000000000e+00 1.2575757576e+00 0.0000000000e+00 3.8203860050e-07 -3.8852271531e-07
-1.5000000000e+00 1.2878787879e+00 0.0000000000e+00 3.7980598313e-07 -3.8642063494e-07
-1.4696969697e+00 1.2878787879e+00 0.0000000000e+00 3.8434782368e-07 -3.9081018231e-07
-1.4393939394e+00 1.2878787879e+00 0.0000000000e+00 3.8896040337e-07 -3.9527357686e-07
-1.4090909091e+00 1.2878787879e+00 0.0000000000e+00 3.9364286345e-07 -3.9980995982e-07
-1.3787878788e+00 1.2878787879e+00 0.0000000000e+00 3.9839392953e-07 -4.0441805680e-07
-1.3484848485e+00 1.2878787879e+00 0.0000000000e+00 4.0321183710e-07 -4.0909610330e-07
-1.3181818182e+00 1.2878787879e+00 0.0000000000e+00 4.0809425448e-07 -4.1384176763e-07
-1.2878787879e+00 1.2878787879e+00 0.0000000000e+00 4.1303821351e-07 -4.1865208163e-07
-1.2575757576e+00 1.2878787879e+00 0.0000000000e+00 4.1804006351e-07 -4.2352339463e-07
-1.2272727273e+00 1.2878787879e+00 0.0000000000e+00 4.2309546675e-07 -4.2845136889e-07
-1.1969696970e+00 1.2878787879e+00 0.0000000000e+00 4.2819944684e-07 -4.3343102802e-07
-1.1666666667e+00 1.2878787879e+00 0.0000000000e+00 4.3334648587e-07 -4.3845685412e-07
-1.1363636364e+00 1.2878787879e+00 0.0000000000e+00 4.3853064798e-07 -4.4352291132e-07
-1.1060606061e+00 1.2878787879e+00 0.0000000000e+00 4.4374570674e-07 -4.4862297320e-07
-1.0757575758e+00 1.2878787879e+00 0.0000000000e+00 4.4898528320e-07 -4.5375066081e-07
-1.0454545455e+00 1.2878787879e+00 0.0000000000e+00 4.5424305699e-07 -4.5889965376e-07
-1.0151515152e+00 1.2878787879e+00 0.0000000000e+00 4.5951321777e-07 -4.6406414173e-07
-9.8484848485e-01 1.2878787879e+00 0.0000000000e+00 4.6479171506e-07 -4.6924007422e-07
-9.5454545455e-01 1.2878787879e+00 0.0000000000e+00 4.7007976665e-07 -4.7442866905e-07
-9.2424242424e-01 1.2878787879e+00 0.0000000000e+00 4.7538928133e-07 -4.7964183499e-07
-8.9393939394e-01 1.2878787879e+00 0.0000000000e+00 4.8068633350e-07 -4.8484564645e-07
-8.6363636364e-01 1.2878787879e+00 0.0000000000e+00 4.8579909994e-07 -4.8986828019e-07
-8.3333333333e-01 1.2878787879e+00 0.0000000000e+00 4.9071585243e-07 -4.9469800801e-07
-8.0303030303e-01 1.2878787879e+00 0.0000000000e+00 4.9543964703e-07 -4.9933788597e-07
-7.7272727273e-01 1.2878787879e+00 0.0000000000e+00 4.9997465938e-07 -5.0379208970e-07
-7.4242424242e-01 1.2878787879e+00 0.0000000000e+00 5.0432512692e-07 -5.0806485664e-07
-7.1212121212e-01 1.2878787879e+00 0.0000000000e+00 5.0849436776e-07 -5.1215950491e-07
-6.8181818182e-01 1.2878787879e+00 0.0000000000e+00 5.1248465484e-07 -5.1607830744e-07
-6.5151515152e-01 1.2878787879e+00 0.0000000000e+00 5.1629749478e-07 -5.1982277086e-07
-6.2121212121e-01 1.2878787879e+00 0.0000000000e+00 5.1993393183e-07 -5.2339393941e-07
-5.9090909091e-01 1.2878787879e+00 0.0000000000e+00 5.2339474717e-07 -5.2679259426e-07
-5.6060606061e-01 1.2878787879e+00 0.0000000000e+00 5.2668055087e-07 -5.3001934552e-07
-5.3030303030e-01 1.2878787879e+00 0.0000000000e+00 5.2979181063e-07 -5.3307466085e-07
-5.0000000000e-01 1.2878787879e+00 0.0000000000e+00 5.3272885663e-07 -5.3595887044e-07
-4.6969696970e-01 1.2878787879e+00 0.0000000000e+00 5.3549188275e-07 -5.3867216818e-07
-4.3939393939e-01 1.2878787879e+00 0.0000000000e+00 5.3808095388e-07 -5.4121461895e-07
-4.0909090909e-01 1.2878787879e+00 0.0000000000e+00 nan nan
-3.7878787879e-01 1.2878787879e+00 0.0000000000e+00 nan nan
-3.4848484848e-01 1.2878787879e+00 0.0000000000e+00 nan nan
-3.1818181818e-01 1.2878787879e+00 0.0000000000e+00 nan nan
-2.8787878788e-01 1.2878787879e+00 0.0000000000e+00 nan nan
-2.5757575758e-01 1.2878787879e+00 0.0000000000e+00 nan nan
-2.2727272727e-01 1.2878787879e+00 0.0000000000e+00 nan nan
-1.9696969697e-01 1.2878787879e+00 0.0000000000e+00 nan nan
-1.6666666667e-01 1.2878787879e+00 0.0000000000e+00 nan nan
-1.3636363636e-01 1.2878787879e+00 0.0000000000e+00 nan nan
-1.0606060606e-01 1.2878787879e+00 0.0000000000e+00 nan nan
-7.5757575758e-02 1.2878787879e+00 0.0000000000e+00 nan nan
-4.5454545455e-02 1.2878787879e+00 0.0000000000e+00 nan nan
-1.5151515152e-02 1.2878787879e+00 0.0000000000e+00 nan nan
1.5151515152e-02 1.2878787879e+00 0.0000000000e+00 nan nan
4.5454545455e-02 1.2878787879e+00 0.0000000000e+00 nan nan
7.5757575758e-02 1.2878787879e+00 0.0000000000e+00 nan nan
1.0606060606e-01 1.2878787879e+00 0.0000000000e+00 nan nan
1.3636363636e-01 1.2878787879e+00 0.0000000000e+00 nan nan
1.6666666667e-01 1.2878787879e+00 0.0000000000e+00 nan nan
1.9696969697e-01 1.2878787879e+00 0.0000000000e+00 nan nan
2.2727272727e-01 1.2878787879e+00 0.0000000000e+00 nan nan
2.5757575758e-01 1.2878787879e+00 0.0000000000e+00 nan nan
2.8787878788e-01 1.2878787879e+00 0.0000000000e+00 nan nan
3.1818181818e-01 1.2878787879e+00 0.0000000000e+00 nan nan
3.4848484848e-01 1.2878787879e+00 0.0000000000e+00 nan nan
3.7878787879e-01 1.2878787879e+00 0.0000000000e+00 nan nan
4.0909090909e-01 1.2878787879e+00 0.0000000000e+00 nan nan
4.3939393939e-01 1.2878787879e+00 0.0000000000e+00 5.3685338165e-07 -5.3998704672e-07
4.6969696970e-01 1.2878787879e+00 0.0000000000e+00 5.3414187915e-07 -5.3732216457e-07
5.0000000000e-01 1.2878787879e+00 0.0000000000e+00 5.3124751774e-07 -5.3447753155e-07
5.3030303030e-01 1.2878787879e+00 0.0000000000e+00 5.2816891656e-07 -5.3145176677e-07
5.6060606061e-01 1.2878787879e+00 0.0000000000e+00 5.2490456711e-07 -5.2824336175e-07
5.9090909091e-01 1.2878787879e+00 0.0000000000e+00 5.2145286365e-07 -5.2485071075e-07
6.2121212121e-01 1.2878787879e+00 0.0000000000e+00 5.1781214590e-07 -5.2127215348e-07
6.5151515152e-01 1.2878787879e+00 0.0000000000e+00 5.1398074609e-07 -5.1750602217e-07
6.8181818182e-01 1.2878787879e+00 0.0000000000e+00 5.0995699852e-07 -5.1355065112e-07
7.1212121212e-01 1.2878787879e+00 0.0000000000e+00 5.0573915445e-07 -5.0940429160e-07
7.4242424242e-01 1.2878787879e+00 0.0000000000e+00 5.0132519791e-07 -5.0506492763e-07
7.7272727273e-01 1.2878787879e+00 0.0000000000e+00 4.9671269358e-07 -5.0053012390e-07
8.0303030303e-01 1.2878787879e+00 0.0000000000e+00 4.9189888844e-07 -4.9579712738e-07
8.3333333333e-01 1.2878787879e+00 0.0000000000e+00 4.8688099133e-07 -4.9086314692e-07
8.6363636364e-01 1.2878787879e+00 0.0000000000e+00 4.8166954018e-07 -4.8573872044e-07
8.9393939394e-01 1.2878787879e+00 0.0000000000e+00 4.7641979500e-07 -4.8057910795e-07
9.2424242424e-01 1.2878787879e+00 0.0000000000e+00 4.7117772250e-07 -4.7543027617e-07
9.5454545455e-01 1.2878787879e+00 0.0000000000e+00 4.6594406414e-07 -4.7029296654e-07
9.8484848485e-01 1.2878787879e+00 0.0000000000e+00 4.6072259031e-07 -4.6517094948e-07
1.0151515152e+00 1.2878787879e+00 0.0000000000e+00 4.5551890931e-07 -4.6006983327e-07
1.0454545455e+00 1.2878787879e+00 0.0000000000e+00 4.5033922168e-07 -4.5499581845e-07
1.0757575758e+00 1.2878787879e+00 0.0000000000e+00 4.4518961732e-07 -4.4995499492e-07
1.1060606061e+00 1.2878787879e+00 0.0000000000e+00 4.4007564401e-07 -4.4495291047e-07
1.1363636364e+00 1.2878787879e+00 0.0000000000e+00 4.3500209628e-07 -4.3999435963e-07
1.1666666667e+00 1.2878787879e+00 0.0000000000e+00 4.2997299494e-07 -4.3508336319e-07
1.1969696970e+00 1.2878787879e+00 0.0000000000e+00 4.2499167335e-07 -4.3022325453e-07
1.2272727273e+00 1.2878787879e+00 0.0000000000e+00 4.2006089411e-07 -4.2541679625e-07
1.2575757576e+00 1.2878787879e+00 0.0000000000e+00 4.1518295763e-07 -4.2066628875e-07
1.2878787879e+00 1.2878787879e+00 0.0000000000e+00 4.1035979108e-07 -4.1597365920e-07
1.3181818182e+00 1.2878787879e+00 0.0000000000e+00 4.0559301796e-07 -4.1134053111e-07
1.3484848485e+00 1.2878787879e+00 0.0000000000e+00 4.0088401112e-07 -4.0676827732e-07
1.3787878788e+00 1.2878787879e+00 0.0000000000e+00 3.9623393269e-07 -4.0225805996e-07
1.4090909091e+00 1.2878787879e+00 0.0000000000e+00 3.9164376373e-07 -3.9781086010e-07
1.4393939394e+00 1.2878787879e+00 0.0000000000e+00 3.8711432585e-07 -3.9342749935e-07
1.4696969697e+00 1.2878787879e+00 0.0000000000e+00 3.8264629690e-07 -3.8910865554e-07
1.5000000000e+00 1.2878787879e+00 0.0000000000e+00 3.7824022231e-07 -3.8485487412e-07
-1.5000000000e+00 1.3181818182e+00 0.0000000000e+00 3.7598554059e-07 -3.8273383743e-07
-1.4696969697e+00 1.3181818182e+00 0.0000000000e+00 3.8038690211e-07 -3.8698290578e-07
-1.4393939394e+00 1.3181818182e+00 0.0000000000e+00 3.8485301570e-07 -3.9129983422e-07
-1.4090909091e+00 1.3181818182e+00 0.0000000000e+00 3.8938283435e-07 -3.9568357574e-07
-1.3787878788e+00 1.3181818182e+00 0.0000000000e+00 3.9397493449e-07 -4.0013270679e-07
-1.3484848485e+00 1.3181818182e+00 0.0000000000e+00 3.9862746271e-07 -4.0464537393e-07
-1.3181818182e+00 1.3181818182e+00 0.0000000000e+00 4.0333808469e-07 -4.0921924287e-07
-1.2878787879e+00 1.3181818182e+00 0.0000000000e+00 4.0810394370e-07 -4.1385145685e-07
-1.2575757576e+00 1.3181818182e+00 0.0000000000e+00 4.1292163754e-07 -4.1853861368e-07
-1.2272727273e+00 1.3181818182e+00 0.0000000000e+00 4.1778722322e-07 -4.2327677039e-07
-1.1969696970e+00 1.3181818182e+00 0.0000000000e+00 4.2269625434e-07 -4.2806148055e-07
-1.1666666667e+00 1.3181818182e+00 0.0000000000e+00 4.2764384964e-07 -4.3288786292e-07
-1.1363636364e+00 1.3181818182e+00 0.0000000000e+00 4.3262478682e-07 -4.3775069520e-07
-1.1060606061e+00 1.3181818182e+00 0.0000000000e+00 4.3763362218e-07 -4.4264453367e-07
-1.0757575758e+00 1.3181818182e+00 0.0000000000e+00 4.4266485930e-07 -4.4756388193e-07
-1.0454545455e+00 1.3181818182e+00 0.0000000000e+00 4.4771323019e-07 -4.5250347198e-07
-1.0151515152e+00 1.3181818182e+00 0.0000000000e+00 4.5277421379e-07 -4.5745878277e-07
-9.8484848485e-01 1.3181818182e+00 0.0000000000e+00 4.5784499776e-07 -4.6242700196e-07
-9.5454545455e-01 1.3181818182e+00 0.0000000000e+00 4.6292594735e-07 -4.6740849478e-07
-9.2424242424e-01 1.3181818182e+00 0.0000000000e+00 4.6802153710e-07 -4.7240773579e-07
-8.9393939394e-01 1.3181818182e+00 0.0000000000e+00 4.7313897840e-07 -4.7743193637e-07
-8.6363636364e-01 1.3181818182e+00 0.0000000000e+00 4.7824308719e-07 -4.8244591247e-07
-8.3333333333e-01 1.3181818182e+00 0.0000000000e+00 4.8316438351e-07 -4.8728018412e-07
-8.0303030303e-01 1.3181818182e+00 0.0000000000e+00 4.8788607118e-07 -4.9191795515e-07
-7.7272727273e-01 1.3181818182e+00 0.0000000000e+00 4.9241521870e-07 -4.9636629405e-07
-7.4242424242e-01 1.3181818182e+00 0.0000000000e+00 4.9675882534e-07 -5.0063220009e-07
-7.1212121212e-01 1.3181818182e+00 0.0000000000e+00 5.0092140183e-07 -5.0472018401e-07
-6.8181818182e-01 1.3181818182e+00 0.0000000000e+00 5.0490554239e-07 -5.0863284002e-07
-6.5151515152e-01 1.3181818182e+00 0.0000000000e+00 5.0871277875e-07 -5.1237169985e-07
-6.2121212121e-01 1.3181818182e+00 0.0000000000e+00 5.1234414724e-07 -5.1593779984e-07
-5.9090909091e-01 1.3181818182e+00 0.0000000000e+00 5.1580045457e-07 -5.1933194669e-07
-5.6060606061e-01 1.3181818182e+00 0.0000000000e+00 5.1908233881e-07 -5.2255477848e-07
-5.3030303030e-01 1.3181818182e+00 0.0000000000e+00 5.2219026445e-07 -5.2560675969e-07
-5.0000000000e-01 1.3181818182e+00 0.0000000000e+00 5.2512451952e-07 -5.2848817836e-07
-4.6969696970e-01 1.3181818182e+00 0.0000000000e+00 5.2788521894e-07 -5.3119914939e-07
-4.3939393939e-01 1.3181818182e+00 0.0000000000e+00 5.3047231310e-07 -5.3373962319e-07
-4.0909090909e-01 1.3181818182e+00 0.0000000000e+00 5.3288561497e-07 -5.3610941273e-07
-3.7878787879e-01 1.3181818182e+00 0.0000000000e+00 5.3512485494e-07 -5.3830824839e-07
-3.4848484848e-01 1.3181818182e+00 0.0000000000e+00 5.3718975422e-07 -5.4033585139e-07
-3.1818181818e-01 1.3181818182e+00 0.0000000000e+00 5.3908009460e-07 -5.4219200351e-07
-2.8787878788e-01 1.3181818182e+00 0.0000000000e+00 nan nan
-2.5757575758e-01 1.3181818182e+00 0.0000000000e+00 nan nan
-2.2727272727e-01 1.3181818182e+00 0.0000000000e+00 nan nan
-1.9696969697e-01 1.3181818182e+00 0.0000000000e+00 nan nan
-1.6666666667e-01 1.3181818182e+00 0.0000000000e+00 nan nan
-1.3636363636e-01 1.3181818182e+00 0.0000000000e+00 nan nan
-1.0606060606e-01 1.3181818182e+00 0.0000000000e+00 nan nan
-7.5757575758e-02 1.3181818182e+00 0.0000000000e+00 nan nan
-4.5454545455e-02 1.3181818182e+00 0.0000000000e+00 nan nan
-1.5151515152e-02 1.3181818182e+00 0.0000000000e+00 nan nan
1.5151515152e-02 1.3181818182e+00 0.0000000000e+00 nan nan
4.5454545455e-02 1.3181818182e+00 0.0000000000e+00 nan nan
7.5757575758e-02 1.3181818182e+00 0.0000000000e+00 nan nan
1.0606060606e-01 1.3181818182e+00 0.0000000000e+00 nan nan
1.3636363636e-01 1.3181818182e+00 0.0000000000e+00 nan nan
1.6666666667e-01 1.3181818182e+00 0.0000000000e+00 nan nan
1.9696969697e-01 1.3181818182e+00 0.0000000000e+00 nan nan
2.2727272727e-01 1.3181818182e+00 0.0000000000e+00 nan nan
2.5757575758e-01 1.3181818182e+00 0.0000000000e+00 nan nan
2.8787878788e-01 1.3181818182e+00 0.0000000000e+00 nan nan
3.1818181818e-01 1.3181818182e+00 0.0000000000e+00 5.3826539246e-07 -5.4137730136e-07
3.4848484848e-01 1.3181818182e+00 0.0000000000e+00 5.3627645404e-07 -5.3942255120e-07
3.7878787879e-01 1.3181818182e+00 0.0000000000e+00 5.3410898884e-07 -5.3729238229e-07
4.0909090909e-01 1.3181818182e+00 0.0000000000e+00 5.3176232045e-07 -5.3498611821e-07
4.3939393939e-01 1.3181818182e+00 0.0000000000e+00 5.2923547759e-07 -5.3250278769e-07
4.6969696970e-01 1.3181818182e+00 0.0000000000e+00 5.2652721671e-07 -5.2984114717e-07
5.0000000000e-01 1.3181818182e+00 0.0000000000e+00 5.2363605785e-07 -5.2699971669e-07
5.3030303030e-01 1.3181818182e+00 0.0000000000e+00 5.2056031847e-07 -5.2397681371e-07
5.6060606061e-01 1.3181818182e+00 0.0000000000e+00 5.1729813682e-07 -5.2077057649e-07
5.9090909091e-01 1.3181818182e+00 0.0000000000e+00 5.1384749755e-07 -5.1737898967e-07
6.2121212121e-01 1.3181818182e+00 0.0000000000e+00 5.1020629251e-07 -5.1379994511e-07
6.5151515152e-01 1.3181818182e+00 0.0000000000e+00 5.0637242824e-07 -5.1003134934e-07
6.8181818182e-01 1.3181818182e+00 0.0000000000e+00 5.0234390006e-07 -5.0607119769e-07
7.1212121212e-01 1.3181818182e+00 0.0000000000e+00 4.9811868521e-07 -5.0191746739e-07
7.4242424242e-01 1.3181818182e+00 0.0000000000e+00 4.9369443578e-07 -4.9756781053e-07
7.7272727273e-01 1.3181818182e+00 0.0000000000e+00 4.8906834139e-07 -4.9301941674e-07
8.0303030303e-01 1.3181818182e+00 0.0000000000e+00 4.8423786411e-07 -4.8826974808e-07
8.3333333333e-01 1.3181818182e+00 0.0000000000e+00 4.7922828693e-07 -4.8334408755e-07
8.6363636364e-01 1.3181818182e+00 0.0000000000e+00 4.7419403503e-07 -4.7839686031e-07
8.9393939394e-01 1.3181818182e+00 0.0000000000e+00 4.6916086410e-07 -4.7345382207e-07
9.2424242424e-01 1.3181818182e+00 0.0000000000e+00 4.6413116815e-07 -4.6851736684e-07
9.5454545455e-01 1.3181818182e+00 0.0000000000e+00 4.5910794717e-07 -4.6359049460e-07
9.8484848485e-01 1.3181818182e+00 0.0000000000e+00 4.5409523933e-07 -4.5867724353e-07
1.0151515152e+00 1.3181818182e+00 0.0000000000e+00 4.4909795391e-07 -4.5378252289e-07
1.0454545455e+00 1.3181818182e+00 0.0000000000e+00 4.4412137681e-07 -4.4891161861e-07
1.0757575758e+00 1.3181818182e+00 0.0000000000e+00 4.3917074525e-07 -4.4406976788e-07
1.1060606061e+00 1.3181818182e+00 0.0000000000e+00 4.3425095452e-07 -4.3926186600e-07
1.1363636364e+00 1.3181818182e+00 0.0000000000e+00 4.2936639269e-07 -4.3449230106e-07
1.1666666667e+00 1.3181818182e+00 0.0000000000e+00 4.2452088652e-07 -4.2976489980e-07
1.1969696970e+00 1.3181818182e+00 0.0000000000e+00 4.1971772271e-07 -4.2508294892e-07
1.2272727273e+00 1.3181818182e+00 0.0000000000e+00 4.1495970583e-07 -4.2044925300e-07
1.2575757576e+00 1.3181818182e+00 0.0000000000e+00 4.1024922612e-07 -4.1586620226e-07
1.2878787879e+00 1.3181818182e+00 0.0000000000e+00 4.0558832339e-07 -4.1133583654e-07
1.3181818182e+00 1.3181818182e+00 0.0000000000e+00 4.0097874211e-07 -4.0685990028e-07
1.3484848485e+00 1.3181818182e+00 0.0000000000e+00 3.9642197650e-07 -4.0243988772e-07
1.3787878788e+00 1.3181818182e+00 0.0000000000e+00 3.9191930656e-07 -3.9807707886e-07
1.4090909091e+00 1.3181818182e+00 0.0000000000e+00 3.8747182616e-07 -3.9377256756e-07
1.4393939394e+00 1.3181818182e+00 0.0000000000e+00 3.8308046460e-07 -3.8952728312e-07
1.4696969697e+00 1.3181818182e+00 0.0000000000e+00 3.7874600306e-07 -3.8534200673e-07
1.5000000000e+00 1.3181818182e+00 0.0000000000e+00 3.7446908722e-07 -3.8121738406e-07
-1.5000000000e+00 1.3484848485e+00 0.0000000000e+00 3.7219150866e-07 -3.7907655854e-07
-1.4696969697e+00 1.3484848485e+00 0.0000000000e+00 3.7645652543e-07 -3.8318928214e-07
-1.4393939394e+00 1.3484848485e+00 0.0000000000e+00 3.8078075774e-07 -3.8736432931e-07
-1.4090909091e+00 1.3484848485e+00 0.0000000000e+00 3.8516301752e-07 -3.9160051196e-07
-1.3787878788e+00 1.3484848485e+00 0.0000000000e+00 3.8960177749e-07 -3.9589630284e-07
-1.3484848485e+00 1.3484848485e+00 0.0000000000e+00 3.9409513300e-07 -4.0024979727e-07
-1.3181818182e+00 1.3484848485e+00 0.0000000000e+00 3.9864076790e-07 -4.0465867913e-07
-1.2878787879e+00 1.3484848485e+00 0.0000000000e+00 4.0323592927e-07 -4.0912019547e-07
-1.2575757576e+00 1.3484848485e+00 0.0000000000e+00 4.0787741648e-07 -4.1363114567e-07
-1.2272727273e+00 1.3484848485e+00 0.0000000000e+00 4.1256158954e-07 -4.1818788975e-07
-1.1969696970e+00 1.3484848485e+00 0.0000000000e+00 4.1728439980e-07 -4.2278637906e-07
-1.1666666667e+00 1.3484848485e+00 0.0000000000e+00 4.2204144362e-07 -4.2742220995e-07
-1.1363636364e+00 1.3484848485e+00 0.0000000000e+00 4.2682803982e-07 -4.3209070124e-07
-1.1060606061e+00 1.3484848485e+00 0.0000000000e+00 4.3163933737e-07 -4.3678700191e-07
-1.0757575758e+00 1.3484848485e+00 0.0000000000e+00 4.3647047236e-07 -4.4150624804e-07
-1.0454545455e+00 1.3484848485e+00 0.0000000000e+00 4.4131680942e-07 -4.4624380427e-07
-1.0151515152e+00 1.3484848485e+00 0.0000000000e+00 4.4617431172e-07 -4.5099563375e-07
-9.8484848485e-01 1.3484848485e+00 0.0000000000e+00 4.5104004928e-07 -4.5575880652e-07
-9.5454545455e-01 1.3484848485e+00 0.0000000000e+00 4.5591268389e-07 -4.6053198437e-07
-9.2424242424e-01 1.3484848485e+00 0.0000000000e+00 4.6079244476e-07 -4.6531539650e-07
-8.9393939394e-01 1.3484848485e+00 0.0000000000e+00 4.6568014184e-07 -4.7010985287e-07
-8.6363636364e-01 1.3484848485e+00 0.0000000000e+00 4.7057544321e-07 -4.7491502154e-07
-8.3333333333e-01 1.3484848485e+00 0.0000000000e+00 4.7545735917e-07 -4.7970991283e-07
-8.0303030303e-01 1.3484848485e+00 0.0000000000e+00 4.8016636375e-07 -4.8433500077e-07
-7.7272727273e-01 1.3484848485e+00 0.0000000000e+00 4.8468113839e-07 -4.8876896679e-07
-7.4242424242e-01 1.3484848485e+00 0.0000000000e+00 4.8901287743e-07 -4.9302300523e-07
-7.1212121212e-01 1.3484848485e+00 0.0000000000e+00 4.9316589364e-07 -4.9710142886e-07
-6.8181818182e-01 1.3484848485e+00 0.0000000000e+00 4.9714216574e-07 -5.0100621642e-07
-6.5151515152e-01 1.3484848485e+00 0.0000000000e+00 5.0094274214e-07 -5.0473841629e-07
-6.2121212121e-01 1.3484848485e+00 0.0000000000e+00 5.0456847172e-07 -5.0829887737e-07
-5.9090909091e-01 1.3484848485e+00 0.0000000000e+00 5.0802017292e-07 -5.1168841809e-07
-5.6060606061e-01 1.3484848485e+00 0.0000000000e+00 5.1129848183e-07 -5.1490767455e-07
-5.3030303030e-01 1.3484848485e+00 0.0000000000e+00 5.1440377338e-07 -5.1795702167e-07
-5.0000000000e-01 1.3484848485e+00 0.0000000000e+00 5.1733619105e-07 -5.2083660294e-07
-4.6969696970e-01 1.3484848485e+00 0.0000000000e+00 5.2009567918e-07 -5.2354636268e-07
-4.3939393939e-01 1.3484848485e+00 0.0000000000e+00 5.2268198696e-07 -5.2608605011e-07
-4.0909090909e-01 1.3484848485e+00 0.0000000000e+00 5.2509468799e-07 -5.2845523880e-07
-3.7878787879e-01 1.3484848485e+00 0.0000000000e+00 5.2733325584e-07 -5.3065340234e-07
-3.4848484848e-01 1.3484848485e+00 0.0000000000e+00 5.2939718227e-07 -5.3268003248e-07
-3.1818181818e-01 1.3484848485e+00 0.0000000000e+00 5.3128609274e-07 -5.3453475469e-07
-2.8787878788e-01 1.3484848485e+00 0.0000000000e+00 5.3299982286e-07 -5.3621740457e-07
-2.5757575758e-01 1.3484848485e+00 0.0000000000e+00 5.3453844133e-07 -5.3772805082e-07
-2.2727272727e-01 1.3484848485e+00 0.0000000000e+00 5.3590221907e-07 -5.3906696438e-07
-1.9696969697e-01 1.3484848485e+00 0.0000000000e+00 5.3709155232e-07 -5.4023454146e-07
-1.6666666667e-01 1.3484848485e+00 0.0000000000e+00 5.3810685414e-07 -5.4123119514e-07
-1.3636363636e-01 1.3484848485e+00 0.0000000000e+00 5.3894843691e-07 -5.4205723779e-07
-1.0606060606e-01 1.3484848485e+00 0.0000000000e+00 nan nan
-7.5757575758e-02 1.3484848485e+00 0.0000000000e+00 nan nan
-4.5454545455e-02 1.3484848485e+00 0.0000000000e+00 nan nan
-1.5151515152e-02 1.3484848485e+00 0.0000000000e+00 nan nan
1.5151515152e-02 1.3484848485e+00 0.0000000000e+00 nan nan
4.5454545455e-02 1.3484848485e+00 0.0000000000e+00 nan nan
7.5757575758e-02 1.3484848485e+00 0.0000000000e+00 nan nan
1.0606060606e-01 1.3484848485e+00 0.0000000000e+00 nan nan
1.3636363636e-01 1.3484848485e+00 0.0000000000e+00 5.3865149945e-07 -5.4176030033e-07
1.6666666667e-01 1.3484848485e+00 0.0000000000e+00 5.3773204716e-07 -5.4085638816e-07
1.9696969697e-01 1.3484848485e+00 0.0000000000e+00 5.3663386382e-07 -5.3977685296e-07
2.2727272727e-01 1.3484848485e+00 0.0000000000e+00 5.3535719581e-07 -5.3852194112e-07
2.5757575758e-01 1.3484848485e+00 0.0000000000e+00 5.3390243436e-07 -5.3709204386e-07
2.8787878788e-01 1.3484848485e+00 0.0000000000e+00 5.3226999280e-07 -5.3548757452e-07
3.1818181818e-01 1.3484848485e+00 0.0000000000e+00 5.3046016476e-07 -5.3370882671e-07
3.4848484848e-01 1.3484848485e+00 0.0000000000e+00 5.2847299042e-07 -5.3175584064e-07
3.7878787879e-01 1.3484848485e+00 0.0000000000e+00 5.2630815694e-07 -5.2962830344e-07
4.0909090909e-01 1.3484848485e+00 0.0000000000e+00 5.2396494874e-07 -5.2732549955e-07
4.3939393939e-01 1.3484848485e+00 0.0000000000e+00 5.2144224796e-07 -5.2484631111e-07
4.6969696970e-01 1.3484848485e+00 0.0000000000e+00 5.1873857353e-07 -5.2218925704e-07
5.0000000000e-01 1.3484848485e+00 0.0000000000e+00 5.1585213883e-07 -5.1935255071e-07
5.3030303030e-01 1.3484848485e+00 0.0000000000e+00 5.1278089878e-07 -5.1633414707e-07
5.6060606061e-01 1.3484848485e+00 0.0000000000e+00 5.0952256182e-07 -5.1313175454e-07
5.9090909091e-01 1.3484848485e+00 0.0000000000e+00 5.0607458213e-07 -5.0974282731e-07
6.2121212121e-01 1.3484848485e+00 0.0000000000e+00 5.0243422114e-07 -5.0616462679e-07
6.5151515152e-01 1.3484848485e+00 0.0000000000e+00 4.9859877877e-07 -5.0239445293e-07
6.8181818182e-01 1.3484848485e+00 0.0000000000e+00 4.9456585085e-07 -4.9842990153e-07
7.1212121212e-01 1.3484848485e+00 0.0000000000e+00 4.9033316047e-07 -4.9426869570e-07
7.4242424242e-01 1.3484848485e+00 0.0000000000e+00 4.8589790396e-07 -4.8990803176e-07
7.7272727273e-01 1.3484848485e+00 0.0000000000e+00 4.8125678135e-07 -4.8534460975e-07
8.0303030303e-01 1.3484848485e+00 0.0000000000e+00 4.7647186729e-07 -4.8064050431e-07
8.3333333333e-01 1.3484848485e+00 0.0000000000e+00 4.7166801161e-07 -4.7592056527e-07
8.6363636364e-01 1.3484848485e+00 0.0000000000e+00 4.6685395222e-07 -4.7119353055e-07
8.9393939394e-01 1.3484848485e+00 0.0000000000e+00 4.6203455678e-07 -4.6646426781e-07
9.2424242424e-01 1.3484848485e+00 0.0000000000e+00 4.5721406672e-07 -4.6173701846e-07
9.5454545455e-01 1.3484848485e+00 0.0000000000e+00 4.5239666198e-07 -4.5701596246e-07
9.8484848485e-01 1.3484848485e+00 0.0000000000e+00 4.4758677199e-07 -4.5230552923e-07
1.0151515152e+00 1.3484848485e+00 0.0000000000e+00 4.4278911115e-07 -4.4761043318e-07
1.0454545455e+00 1.3484848485e+00 0.0000000000e+00 4.3800851429e-07 -4.4293550913e-07
1.0757575758e+00 1.3484848485e+00 0.0000000000e+00 4.3324972537e-07 -4.3828550105e-07
1.1060606061e+00 1.3484848485e+00 0.0000000000e+00 4.2851722142e-07 -4.3366488596e-07
1.1363636364e+00 1.3484848485e+00 0.0000000000e+00 4.2381509796e-07 -4.2907775938e-07
1.1666666667e+00 1.3484848485e+00 0.0000000000e+00 4.1914701700e-07 -4.2452778333e-07
1.1969696970e+00 1.3484848485e+00 0.0000000000e+00 4.1451620396e-07 -4.2001818322e-07
1.2272727273e+00 1.3484848485e+00 0.0000000000e+00 4.0992547492e-07 -4.1555177514e-07
1.2575757576e+00 1.3484848485e+00 0.0000000000e+00 4.0537727789e-07 -4.1113100709e-07
1.2878787879e+00 1.3484848485e+00 0.0000000000e+00 4.0087373737e-07 -4.0675800357e-07
1.3181818182e+00 1.3484848485e+00 0.0000000000e+00 3.9641669643e-07 -4.0243460765e-07
1.3484848485e+00 1.3484848485e+00 0.0000000000e+00 3.9200775368e-07 -3.9816241796e-07
1.3787878788e+00 1.3484848485e+00 0.0000000000e+00 3.8764829448e-07 -3.9394281983e-07
1.4090909091e+00 1.3484848485e+00 0.0000000000e+00 3.8333951646e-07 -3.8977701091e-07
1.4393939394e+00 1.3484848485e+00 0.0000000000e+00 3.7908245006e-07 -3.8566602163e-07
1.4696969697e+00 1.3484848485e+00 0.0000000000e+00 3.7487797492e-07 -3.8161073164e-07
1.5000000000e+00 1.3484848485e+00 0.0000000000e+00 3.7072683291e-07 -3.7761188279e-07
-1.5000000000e+00 1.3787878788e+00 0.0000000000e+00 3.6842639787e-07 -3.7545130883e-07
-1.4696969697e+00 1.3787878788e+00 0.0000000000e+00 3.7255918689e-07 -3.7943180468e-07
-1.4393939394e+00 1.3787878788e+00 0.0000000000e+00 3.7674606872e-07 -3.8346950136e-07
-1.4090909091e+00 1.3787878788e+00 0.0000000000e+00 3.8098574928e-07 -3.8756310480e-07
-1.3787878788e+00 1.3787878788e+00 0.0000000000e+00 3.8527662900e-07 -3.9171101542e-07
-1.3484848485e+00 1.3787878788e+00 0.0000000000e+00 3.8961677520e-07 -3.9591130055e-07
-1.3181818182e+00 1.3787878788e+00 0.0000000000e+00 3.9400389884e-07 -4.0016167113e-07
-1.2878787879e+00 1.3787878788e+00 0.0000000000e+00 3.9843533885e-07 -4.0445946613e-07
-1.2575757576e+00 1.3787878788e+00 0.0000000000e+00 4.0290805754e-07 -4.0880164781e-07
-1.2272727273e+00 1.3787878788e+00 0.0000000000e+00 4.0741864986e-07 -4.1318481115e-07
-1.1969696970e+00 1.3787878788e+00 0.0000000000e+00 4.1196336894e-07 -4.1760520928e-07
-1.1666666667e+00 1.3787878788e+00 0.0000000000e+00 4.1653816918e-07 -4.2205879658e-07
-1.1363636364e+00 1.3787878788e+00 0.0000000000e+00 4.2113876900e-07 -4.2654129149e-07
-1.1060606061e+00 1.3787878788e+00 0.0000000000e+00 4.2576073860e-07 -4.3104826422e-07
-1.0757575758e+00 1.3787878788e+00 0.0000000000e+00 4.3039962195e-07 -4.3557525871e-07
-1.0454545455e+00 1.3787878788e+00 0.0000000000e+00 4.3505110387e-07 -4.4011795979e-07
-1.0151515152e+00 1.3787878788e+00 0.0000000000e+00 4.3971122161e-07 -4.4467240472e-07
-9.8484848485e-01 1.3787878788e+00 0.0000000000e+00 4.4437657817e-07 -4.4923519648e-07
-9.5454545455e-01 1.3787878788e+00 0.0000000000e+00 4.4904442699e-07 -4.5380358854e-07
-9.2424242424e-01 1.3787878788e+00 0.0000000000e+00 4.5371240837e-07 -4.5837522119e-07
-8.9393939394e-01 1.3787878788e+00 0.0000000000e+00 4.5837775381e-07 -4.6294732591e-07
-8.6363636364e-01 1.3787878788e+00 0.0000000000e+00 4.6303587413e-07 -4.6751531354e-07
-8.3333333333e-01 1.3787878788e+00 0.0000000000e+00 4.6767762583e-07 -4.7207004057e-07
-8.0303030303e-01 1.3787878788e+00 0.0000000000e+00 4.7227816077e-07 -4.7658665887e-07
-7.7272727273e-01 1.3787878788e+00 0.0000000000e+00 4.7676749455e-07 -4.8099518402e-07
-7.4242424242e-01 1.3787878788e+00 0.0000000000e+00 4.8108290973e-07 -4.8523289860e-07
-7.1212121212e-01 1.3787878788e+00 0.0000000000e+00 4.8522375307e-07 -4.8929914937e-07
-6.8181818182e-01 1.3787878788e+00 0.0000000000e+00 4.8919050496e-07 -4.9319441671e-07
-6.5151515152e-01 1.3787878788e+00 0.0000000000e+00 4.9298317205e-07 -4.9691870727e-07
-6.2121212121e-01 1.3787878788e+00 0.0000000000e+00 4.9660250730e-07 -5.0047277403e-07
-5.9090909091e-01 1.3787878788e+00 0.0000000000e+00 5.0004964949e-07 -5.0385775574e-07
-5.6060606061e-01 1.3787878788e+00 0.0000000000e+00 5.0332519646e-07 -5.0707425026e-07
-5.3030303030e-01 1.3787878788e+00 0.0000000000e+00 5.0642918710e-07 -5.1012229646e-07
-5.0000000000e-01 1.3787878788e+00 0.0000000000e+00 5.0936139243e-07 -5.1300166539e-07
-4.6969696970e-01 1.3787878788e+00 0.0000000000e+00 5.1212144939e-07 -5.1571199397e-07
-4.3939393939e-01 1.3787878788e+00 0.0000000000e+00 5.1470881369e-07 -5.1825273791e-07
-4.0909090909e-01 1.3787878788e+00 0.0000000000e+00 5.1712270659e-07 -5.2062311848e-07
-3.7878787879e-01 1.3787878788e+00 0.0000000000e+00 5.1936220191e-07 -5.2282220949e-07
-3.4848484848e-01 1.3787878788e+00 0.0000000000e+00 5.2142642138e-07 -5.2484913267e-07
-3.1818181818e-01 1.3787878788e+00 0.0000000000e+00 5.2331472892e-07 -5.2670325195e-07
-2.8787878788e-01 1.3787878788e+00 0.0000000000e+00 5.2502685820e-07 -5.2838430099e-07
-2.5757575758e-01 1.3787878788e+00 0.0000000000e+00 5.2656295597e-07 -5.2989242654e-07
-2.2727272727e-01 1.3787878788e+00 0.0000000000e+00 5.2792354131e-07 -5.3122814769e-07
-1.9696969697e-01 1.3787878788e+00 0.0000000000e+00 5.2910938698e-07 -5.3239223719e-07
-1.6666666667e-01 1.3787878788e+00 0.0000000000e+00 5.3012134031e-07 -5.3338554239e-07
-1.3636363636e-01 1.3787878788e+00 0.0000000000e+00 5.3096012015e-07 -5.3420878211e-07
-1.0606060606e-01 1.3787878788e+00 0.0000000000e+00 5.3162613845e-07 -5.3486236831e-07
-7.5757575758e-02 1.3787878788e+00 0.0000000000e+00 5.3211939041e-07 -5.3534629620e-07
-4.5454545455e-02 1.3787878788e+00 0.0000000000e+00 5.3243943584e-07 -5.3566012558e-07
-1.5151515152e-02 1.3787878788e+00 0.0000000000e+00 5.3258546539e-07 -5.3580304711e-07
1.5151515152e-02 1.3787878788e+00 0.0000000000e+00 5.3255642224e-07 -5.3577400396e-07
4.5454545455e-02 1.3787878788e+00 0.0000000000e+00 5.3235114424e-07 -5.3557183398e-07
7.5757575758e-02 1.3787878788e+00 0.0000000000e+00 5.3196850424e-07 -5.3519541002e-07
1.0606060606e-01 1.3787878788e+00 0.0000000000e+00 5.3140754092e-07 -5.3464377078e-07
1.3636363636e-01 1.3787878788e+00 0.0000000000e+00 5.3066757543e-07 -5.3391623738e-07
1.6666666667e-01 1.3787878788e+00 0.0000000000e+00 5.2974829973e-07 -5.3301250180e-07
1.9696969697e-01 1.3787878788e+00 0.0000000000e+00 5.2864981331e-07 -5.3193266352e-07
2.2727272727e-01 1.3787878788e+00 0.0000000000e+00 5.2737258730e-07 -5.3067719368e-07
2.5757575758e-01 1.3787878788e+00 0.0000000000e+00 5.2591735002e-07 -5.2924682059e-07
2.8787878788e-01 1.3787878788e+00 0.0000000000e+00 5.2428490721e-07 -5.2764235000e-07
3.1818181818e-01 1.3787878788e+00 0.0000000000e+00 5.2247592619e-07 -5.2586444922e-07
3.4848484848e-01 1.3787878788e+00 0.0000000000e+00 5.2049072852e-07 -5.2391343981e-07
3.7878787879e-01 1.3787878788e+00 0.0000000000e+00 5.1832914035e-07 -5.2178914792e-07
4.0909090909e-01 1.3787878788e+00 0.0000000000e+00 5.1599042768e-07 -5.1949083957e-07
4.3939393939e-01 1.3787878788e+00 0.0000000000e+00 5.1347330829e-07 -5.1701723251e-07
4.6969696970e-01 1.3787878788e+00 0.0000000000e+00 5.1077601642e-07 -5.1436656100e-07
5.0000000000e-01 1.3787878788e+00 0.0000000000e+00 5.0789639541e-07 -5.1153666837e-07
5.3030303030e-01 1.3787878788e+00 0.0000000000e+00 5.0483197465e-07 -5.0852508401e-07
5.6060606061e-01 1.3787878788e+00 0.0000000000e+00 5.0157996887e-07 -5.0532902267e-07
5.9090909091e-01 1.3787878788e+00 0.0000000000e+00 4.9813718081e-07 -5.0194528706e-07
6.2121212121e-01 1.3787878788e+00 0.0000000000e+00 4.9449996303e-07 -4.9837022976e-07
6.5151515152e-01 1.3787878788e+00 0.0000000000e+00 4.9066467597e-07 -4.9460021120e-07
6.8181818182e-01 1.3787878788e+00 0.0000000000e+00 4.8662851634e-07 -4.9063242809e-07
7.1212121212e-01 1.3787878788e+00 0.0000000000e+00 4.8238890684e-07 -4.8646430314e-07
7.4242424242e-01 1.3787878788e+00 0.0000000000e+00 4.7794367738e-07 -4.8209366626e-07
7.7272727273e-01 1.3787878788e+00 0.0000000000e+00 4.7340615890e-07 -4.7763384837e-07
8.0303030303e-01 1.3787878788e+00 0.0000000000e+00 4.6884248298e-07 -4.7315098108e-07
8.3333333333e-01 1.3787878788e+00 0.0000000000e+00 4.6425754788e-07 -4.6864996262e-07
8.6363636364e-01 1.3787878788e+00 0.0000000000e+00 4.5965682242e-07 -4.6413626182e-07
8.9393939394e-01 1.3787878788e+00 0.0000000000e+00 4.5504562381e-07 -4.5961519591e-07
9.2424242424e-01 1.3787878788e+00 0.0000000000e+00 4.5042892603e-07 -4.5509173884e-07
9.5454545455e-01 1.3787878788e+00 0.0000000000e+00 4.4581148759e-07 -4.5057064915e-07
9.8484848485e-01 1.3787878788e+00 0.0000000000e+00 4.4119800062e-07 -4.4605661894e-07
1.0151515152e+00 1.3787878788e+00 0.0000000000e+00 4.3659314372e-07 -4.4155432683e-07
1.0454545455e+00 1.3787878788e+00 0.0000000000e+00 4.3200153557e-07 -4.3706839149e-07
1.0757575758e+00 1.3787878788e+00 0.0000000000e+00 4.2742764063e-07 -4.3260327739e-07
1.1060606061e+00 1.3787878788e+00 0.0000000000e+00 4.2287567377e-07 -4.2816319938e-07
1.1363636364e+00 1.3787878788e+00 0.0000000000e+00 4.1834952938e-07 -4.2375205188e-07
1.1666666667e+00 1.3787878788e+00 0.0000000000e+00 4.1385274306e-07 -4.1937337046e-07
1.1969696970e+00 1.3787878788e+00 0.0000000000e+00 4.0938848302e-07 -4.1503032335e-07
1.2272727273e+00 1.3787878788e+00 0.0000000000e+00 4.0495956315e-07 -4.1072572444e-07
1.2575757576e+00 1.3787878788e+00 0.0000000000e+00 4.0056846872e-07 -4.0646205899e-07
1.2878787879e+00 1.3787878788e+00 0.0000000000e+00 3.9621738759e-07 -4.0224151486e-07
1.3181818182e+00 1.3787878788e+00 0.0000000000e+00 3.9190824207e-07 -3.9806601437e-07
1.3484848485e+00 1.3787878788e+00 0.0000000000e+00 3.8764271875e-07 -3.9393724410e-07
1.3787878788e+00 1.3787878788e+00 0.0000000000e+00 3.8342229492e-07 -3.8985668134e-07
1.4090909091e+00 1.3787878788e+00 0.0000000000e+00 3.7924826122e-07 -3.8582561674e-07
1.4393939394e+00 1.3787878788e+00 0.0000000000e+00 3.7512174063e-07 -3.8184517328e-07
1.4696969697e+00 1.3787878788e+00 0.0000000000e+00 3.7104370420e-07 -3.7791632199e-07
1.5000000000e+00 1.3787878788e+00 0.0000000000e+00 3.6701498394e-07 -3.7403989490e-07
-1.5000000000e+00 1.4090909091e+00 0.0000000000e+00 3.6469241760e-07 -3.7186029766e-07
-1.4696969697e+00 1.4090909091e+00 0.0000000000e+00 3.6869705296e-07 -3.7571263985e-07
-1.4393939394e+00 1.4090909091e+00 0.0000000000e+00 3.7275103755e-07 -3.7961743929e-07
-1.4090909091e+00 1.4090909091e+00 0.0000000000e+00 3.7685299747e-07 -3.8357332209e-07
-1.3787878788e+00 1.4090909091e+00 0.0000000000e+00 3.8100128290e-07 -3.8757863842e-07
-1.3484848485e+00 1.4090909091e+00 0.0000000000e+00 3.8519394769e-07 -3.9163144213e-07
-1.3181818182e+00 1.4090909091e+00 0.0000000000e+00 3.8942873311e-07 -3.9572947451e-07
-1.2878787879e+00 1.4090909091e+00 0.0000000000e+00 3.9370305785e-07 -3.9987015422e-07
-1.2575757576e+00 1.4090909091e+00 0.0000000000e+00 3.9801401641e-07 -4.0405057578e-07
-1.2272727273e+00 1.4090909091e+00 0.0000000000e+00 4.0235838784e-07 -4.0826751823e-07
-1.1969696970e+00 1.4090909091e+00 0.0000000000e+00 4.0673265631e-07 -4.1251746574e-07
-1.1666666667e+00 1.4090909091e+00 0.0000000000e+00 4.1113304469e-07 -4.1679664120e-07
-1.1363636364e+00 1.4090909091e+00 0.0000000000e+00 4.1555556261e-07 -4.2110105420e-07
-1.1060606061e+00 1.4090909091e+00 0.0000000000e+00 4.1999607096e-07 -4.2542656568e-07
-1.0757575758e+00 1.4090909091e+00 0.0000000000e+00 4.2445036490e-07 -4.2976897075e-07
-1.0454545455e+00 1.4090909091e+00 0.0000000000e+00 4.2891427252e-07 -4.3412409754e-07
-1.0151515152e+00 1.4090909091e+00 0.0000000000e+00 4.3338375356e-07 -4.3848790576e-07
-9.8484848485e-01 1.4090909091e+00 0.0000000000e+00 4.3785495383e-07 -4.4285654125e-07
-9.5454545455e-01 1.4090909091e+00 0.0000000000e+00 4.4232413219e-07 -4.4722626285e-07
-9.2424242424e-01 1.4090909091e+00 0.0000000000e+00 4.4678734678e-07 -4.5159312869e-07
-8.9393939394e-01 1.4090909091e+00 0.0000000000e+00 4.5123979205e-07 -4.5595233324e-07
-8.6363636364e-01 1.4090909091e+00 0.0000000000e+00 4.5567466786e-07 -4.6029707637e-07
-8.3333333333e-01 1.4090909091e+00 0.0000000000e+00 4.6008136357e-07 -4.6461674741e-07
-8.0303030303e-01 1.4090909091e+00 0.0000000000e+00 4.6444372435e-07 -4.6889519154e-07
-7.7272727273e-01 1.4090909091e+00 0.0000000000e+00 4.6874383948e-07 -4.7311449805e-07
-7.4242424242e-01 1.4090909091e+00 0.0000000000e+00 4.7296843901e-07 -4.7726139699e-07
-7.1212121212e-01 1.4090909091e+00 0.0000000000e+00 4.7708943884e-07 -4.8130780424e-07
-6.8181818182e-01 1.4090909091e+00 0.0000000000e+00 4.8104524357e-07 -4.8519212442e-07
-6.5151515152e-01 1.4090909091e+00 0.0000000000e+00 4.8482776346e-07 -4.8890626779e-07
-6.2121212121e-01 1.4090909091e+00 0.0000000000e+00 4.8843902387e-07 -4.9245225970e-07
-5.9090909091e-01 1.4090909091e+00 0.0000000000e+00 4.9188200624e-07 -4.9583308159e-07
-5.6060606061e-01 1.4090909091e+00 0.0000000000e+00 4.9515674166e-07 -4.9904876456e-07
-5.3030303030e-01 1.4090909091e+00 0.0000000000e+00 4.9826205185e-07 -5.0209813032e-07
-5.0000000000e-01 1.4090909091e+00 0.0000000000e+00 5.0119679800e-07 -5.0498004006e-07
-4.6969696970e-01 1.4090909091e+00 0.0000000000e+00 5.0396016773e-07 -5.0769368140e-07
-4.3939393939e-01 1.4090909091e+00 0.0000000000e+00 5.0655133638e-07 -5.1023822970e-07
-4.0909090909e-01 1.4090909091e+00 0.0000000000e+00 5.0896909382e-07 -5.1261247480e-07
-3.7878787879e-01 1.4090909091e+00 0.0000000000e+00 5.1121192301e-07 -5.1481489969e-07
-3.4848484848e-01 1.4090909091e+00 0.0000000000e+00 5.1327836134e-07 -5.1684404173e-07
-3.1818181818e-01 1.4090909091e+00 0.0000000000e+00 5.1516733779e-07 -5.1869882991e-07
-2.8787878788e-01 1.4090909091e+00 0.0000000000e+00 5.1687838663e-07 -5.2037879852e-07
-2.5757575758e-01 1.4090909091e+00 0.0000000000e+00 5.1841173633e-07 -5.2188417600e-07
-2.2727272727e-01 1.4090909091e+00 0.0000000000e+00 5.1976827269e-07 -5.2321584817e-07
-1.9696969697e-01 1.4090909091e+00 0.0000000000e+00 5.2094936689e-07 -5.2437518621e-07
-1.6666666667e-01 1.4090909091e+00 0.0000000000e+00 5.2195658262e-07 -5.2536375379e-07
-1.3636363636e-01 1.4090909091e+00 0.0000000000e+00 5.2279132447e-07 -5.2618295552e-07
-1.0606060606e-01 1.4090909091e+00 0.0000000000e+00 5.2345452053e-07 -5.2683371949e-07
-7.5757575758e-02 1.4090909091e+00 0.0000000000e+00 5.2394642265e-07 -5.2731629753e-07
-4.5454545455e-02 1.4090909091e+00 0.0000000000e+00 5.2426657034e-07 -5.2763022918e-07
-1.5151515152e-02 1.4090909091e+00 0.0000000000e+00 5.2441390883e-07 -5.2777445965e-07
1.5151515152e-02 1.4090909091e+00 0.0000000000e+00 5.2438699611e-07 -5.2774754692e-07
4.5454545455e-02 1.4090909091e+00 0.0000000000e+00 5.2418422290e-07 -5.2754788174e-07
7.5757575758e-02 1.4090909091e+00 0.0000000000e+00 5.2380400931e-07 -5.2717388419e-07
1.0606060606e-01 1.4090909091e+00 0.0000000000e+00 5.2324498484e-07 -5.2662418379e-07
1.3636363636e-01 1.4090909091e+00 0.0000000000e+00 5.2250616375e-07 -5.2589779481e-07
1.6666666667e-01 1.4090909091e+00 0.0000000000e+00 5.2158709951e-07 -5.2499427068e-07
1.9696969697e-01 1.4090909091e+00 0.0000000000e+00 5.2048797133e-07 -5.2391379064e-07
2.2727272727e-01 1.4090909091e+00 0.0000000000e+00 5.1920955713e-07 -5.2265713261e-07
2.5757575758e-01 1.4090909091e+00 0.0000000000e+00 5.1775308020e-07 -5.2122551987e-07
2.8787878788e-01 1.4090909091e+00 0.0000000000e+00 5.1611994864e-07 -5.1962036053e-07
3.1818181818e-01 1.4090909091e+00 0.0000000000e+00 5.1431142269e-07 -5.1784291481e-07
3.4848484848e-01 1.4090909091e+00 0.0000000000e+00 5.1232827914e-07 -5.1589395953e-07
3.7878787879e-01 1.4090909091e+00 0.0000000000e+00 5.1017058069e-07 -5.1377355736e-07
4.0909090909e-01 1.4090909091e+00 0.0000000000e+00 5.0783760879e-07 -5.1148098977e-07
4.3939393939e-01 1.4090909091e+00 0.0000000000e+00 5.0532791260e-07 -5.0901480592e-07
4.6969696970e-01 1.4090909091e+00 0.0000000000e+00 5.0263940580e-07 -5.0637291947e-07
5.0000000000e-01 1.4090909091e+00 0.0000000000e+00 4.9976949356e-07 -5.0355273562e-07
5.3030303030e-01 1.4090909091e+00 0.0000000000e+00 4.9671520023e-07 -5.0055127870e-07
5.6060606061e-01 1.4090909091e+00 0.0000000000e+00 4.9347320235e-07 -4.9736522524e-07
5.9090909091e-01 1.4090909091e+00 0.0000000000e+00 4.9003962804e-07 -4.9399070339e-07
6.2121212121e-01 1.4090909091e+00 0.0000000000e+00 4.8640955803e-07 -4.9042279386e-07
6.5151515152e-01 1.4090909091e+00 0.0000000000e+00 4.8257762698e-07 -4.8665613131e-07
6.8181818182e-01 1.4090909091e+00 0.0000000000e+00 4.7854134305e-07 -4.8268822390e-07
7.1212121212e-01 1.4090909091e+00 0.0000000000e+00 4.7432191017e-07 -4.7854027557e-07
7.4242424242e-01 1.4090909091e+00 0.0000000000e+00 4.7004244219e-07 -4.7433540017e-07
7.7272727273e-01 1.4090909091e+00 0.0000000000e+00 4.6572579642e-07 -4.7009645499e-07
8.0303030303e-01 1.4090909091e+00 0.0000000000e+00 4.6137725134e-07 -4.6582871853e-07
8.3333333333e-01 1.4090909091e+00 0.0000000000e+00 4.5700253028e-07 -4.6153791412e-07
8.6363636364e-01 1.4090909091e+00 0.0000000000e+00 4.5260738758e-07 -4.5722979609e-07
8.9393939394e-01 1.4090909091e+00 0.0000000000e+00 4.4819737935e-07 -4.5290992055e-07
9.2424242424e-01 1.4090909091e+00 0.0000000000e+00 4.4377777849e-07 -4.4858356041e-07
9.5454545455e-01 1.4090909091e+00 0.0000000000e+00 4.3935360395e-07 -4.4425573461e-07
9.8484848485e-01 1.4090909091e+00 0.0000000000e+00 4.3492968288e-07 -4.3993127030e-07
1.0151515152e+00 1.4090909091e+00 0.0000000000e+00 4.3051068553e-07 -4.3561483773e-07
1.0454545455e+00 1.4090909091e+00 0.0000000000e+00 4.2610111646e-07 -4.3131094148e-07
1.0757575758e+00 1.4090909091e+00 0.0000000000e+00 4.2170527579e-07 -4.2702388164e-07
1.1060606061e+00 1.4090909091e+00 0.0000000000e+00 4.1732721181e-07 -4.2275770652e-07
1.1363636364e+00 1.4090909091e+00 0.0000000000e+00 4.1297068149e-07 -4.1851617309e-07
1.1666666667e+00 1.4090909091e+00 0.0000000000e+00 4.0863912671e-07 -4.1430272321e-07
1.1969696970e+00 1.4090909091e+00 0.0000000000e+00 4.0433566762e-07 -4.1012047706e-07
1.2272727273e+00 1.4090909091e+00 0.0000000000e+00 4.0006311029e-07 -4.0597224068e-07
1.2575757576e+00 1.4090909091e+00 0.0000000000e+00 3.9582396393e-07 -4.0186052329e-07
1.2878787879e+00 1.4090909091e+00 0.0000000000e+00 3.9162046347e-07 -3.9778755984e-07
1.3181818182e+00 1.4090909091e+00 0.0000000000e+00 3.8745459411e-07 -3.9375533550e-07
1.3484848485e+00 1.4090909091e+00 0.0000000000e+00 3.8332811524e-07 -3.8976560969e-07
1.3787878788e+00 1.4090909091e+00 0.0000000000e+00 3.7924258280e-07 -3.8581993832e-07
1.4090909091e+00 1.4090909091e+00 0.0000000000e+00 3.7519936903e-07 -3.8191969365e-07
1.4393939394e+00 1.4090909091e+00 0.0000000000e+00 3.7119967976e-07 -3.7806608150e-07
1.4696969697e+00 1.4090909091e+00 0.0000000000e+00 3.6724456908e-07 -3.7426015597e-07
1.5000000000e+00 1.4090909091e+00 0.0000000000e+00 3.6333495190e-07 -3.7050283196e-07
-1.5000000000e+00 1.4393939394e+00 0.0000000000e+00 3.6099150484e-07 -3.6830546202e-07
-1.4696969697e+00 1.4393939394e+00 0.0000000000e+00 3.6487199936e-07 -3.7203366337e-07
-1.4393939394e+00 1.4393939394e+00 0.0000000000e+00 3.6879744695e-07 -3.7580992582e-07
-1.4090909091e+00 1.4393939394e+00 0.0000000000e+00 3.7276641380e-07 -3.7963281554e-07
-1.3787878788e+00 1.4393939394e+00 0.0000000000e+00 3.7677721563e-07 -3.8350064828e-07
-1.3484848485e+00 1.4393939394e+00 0.0000000000e+00 3.8082790234e-07 -3.8741147391e-07
-1.3181818182e+00 1.4393939394e+00 0.0000000000e+00 3.8491624620e-07 -3.9136306472e-07
-1.2878787879e+00 1.4393939394e+00 0.0000000000e+00 3.8903973502e-07 -3.9535290851e-07
-1.2575757576e+00 1.4393939394e+00 0.0000000000e+00 3.9319557181e-07 -3.9937820830e-07
-1.2272727273e+00 1.4393939394e+00 0.0000000000e+00 3.9738068196e-07 -4.0343588947e-07
-1.1969696970e+00 1.4393939394e+00 0.0000000000e+00 4.0159172897e-07 -4.0752261552e-07
-1.1666666667e+00 1.4393939394e+00 0.0000000000e+00 4.0582513920e-07 -4.1163481283e-07
-1.1363636364e+00 1.4393939394e+00 0.0000000000e+00 4.1007713610e-07 -4.1576870482e-07
-1.1060606061e+00 1.4393939394e+00 0.0000000000e+00 4.1434378332e-07 -4.1992035516e-07
-1.0757575758e+00 1.4393939394e+00 0.0000000000e+00 4.1862103459e-07 -4.2408571756e-07
-1.0454545455e+00 1.4393939394e+00 0.0000000000e+00 4.2290478288e-07 -4.2826068501e-07
-1.0151515152e+00 1.4393939394e+00 0.0000000000e+00 4.2719089155e-07 -4.3244112088e-07
-9.8484848485e-01 1.4393939394e+00 0.0000000000e+00 4.3147517494e-07 -4.3662283948e-07
-9.5454545455e-01 1.4393939394e+00 0.0000000000e+00 4.3575327954e-07 -4.4080148732e-07
-9.2424242424e-01 1.4393939394e+00 0.0000000000e+00 4.4002041060e-07 -4.4497226964e-07
-8.9393939394e-01 1.4393939394e+00 0.0000000000e+00 4.4427086316e-07 -4.4912948148e-07
-8.6363636364e-01 1.4393939394e+00 0.0000000000e+00 4.4849736308e-07 -4.5326584870e-07
-8.3333333333e-01 1.4393939394e+00 0.0000000000e+00 4.5269038070e-07 -4.5737184166e-07
-8.0303030303e-01 1.4393939394e+00 0.0000000000e+00 4.5683806281e-07 -4.6143560712e-07
-7.7272727273e-01 1.4393939394e+00 0.0000000000e+00 4.6092764868e-07 -4.6544438437e-07
-7.4242424242e-01 1.4393939394e+00 0.0000000000e+00 4.6494722173e-07 -4.6938625682e-07
-7.1212121212e-01 1.4393939394e+00 0.0000000000e+00 4.6888561316e-07 -4.7325005569e-07
-6.8181818182e-01 1.4393939394e+00 0.0000000000e+00 4.7273131906e-07 -4.7702427704e-07
-6.5151515152e-01 1.4393939394e+00 0.0000000000e+00 4.7646684285e-07 -4.8069142430e-07
-6.2121212121e-01 1.4393939394e+00 0.0000000000e+00 4.8006429632e-07 -4.8422360927e-07
-5.9090909091e-01 1.4393939394e+00 0.0000000000e+00 4.8350490801e-07 -4.8760206048e-07
-5.6060606061e-01 1.4393939394e+00 0.0000000000e+00 4.8678428382e-07 -4.9082238384e-07
-5.3030303030e-01 1.4393939394e+00 0.0000000000e+00 4.8989647271e-07 -4.9387862829e-07
-5.0000000000e-01 1.4393939394e+00 0.0000000000e+00 4.9283833237e-07 -4.9676765156e-07
-4.6969696970e-01 1.4393939394e+00 0.0000000000e+00 4.9560890864e-07 -4.9948849944e-07
-4.3939393939e-01 1.4393939394e+00 0.0000000000e+00 4.9820770895e-07 -5.0204067939e-07
-4.0909090909e-01 1.4393939394e+00 0.0000000000e+00 5.0063317004e-07 -5.0442262815e-07
-3.7878787879e-01 1.4393939394e+00 0.0000000000e+00 5.0288289184e-07 -5.0663194564e-07
-3.4848484848e-01 1.4393939394e+00 0.0000000000e+00 5.0495447876e-07 -5.0866623627e-07
-3.1818181818e-01 1.4393939394e+00 0.0000000000e+00 5.0684612847e-07 -5.1052369771e-07
-2.8787878788e-01 1.4393939394e+00 0.0000000000e+00 5.0855697180e-07 -5.1220346081e-07
-2.5757575758e-01 1.4393939394e+00 0.0000000000e+00 5.1008726246e-07 -5.1370577926e-07
-2.2727272727e-01 1.4393939394e+00 0.0000000000e+00 5.1143839636e-07 -5.1503204896e-07
-1.9696969697e-01 1.4393939394e+00 0.0000000000e+00 5.1261268355e-07 -5.1618457999e-07
-1.6666666667e-01 1.4393939394e+00 0.0000000000e+00 5.1361286297e-07 -5.1716611126e-07
-1.3636363636e-01 1.4393939394e+00 0.0000000000e+00 5.1444148781e-07 -5.1797919598e-07
-1.0606060606e-01 1.4393939394e+00 0.0000000000e+00 5.1510036541e-07 -5.1862564149e-07
-7.5757575758e-02 1.4393939394e+00 0.0000000000e+00 5.1559019236e-07 -5.1910614437e-07
-4.5454545455e-02 1.4393939394e+00 0.0000000000e+00 5.1591047957e-07 -5.1942021553e-07
-1.5151515152e-02 1.4393939394e+00 0.0000000000e+00 5.1605977791e-07 -5.1956640585e-07
1.5151515152e-02 1.4393939394e+00 0.0000000000e+00 5.1603606046e-07 -5.1954268840e-07
4.5454545455e-02 1.4393939394e+00 0.0000000000e+00 5.1583706987e-07 -5.1934680583e-07
7.5757575758e-02 1.4393939394e+00 0.0000000000e+00 5.1546057024e-07 -5.1897652225e-07
1.0606060606e-01 1.4393939394e+00 0.0000000000e+00 5.1490456633e-07 -5.1842984241e-07
1.3636363636e-01 1.4393939394e+00 0.0000000000e+00 5.1416755680e-07 -5.1770526498e-07
1.6666666667e-01 1.4393939394e+00 0.0000000000e+00 5.1324880791e-07 -5.1680205621e-07
1.9696969697e-01 1.4393939394e+00 0.0000000000e+00 5.1214854315e-07 -5.1572043958e-07
2.2727272727e-01 1.4393939394e+00 0.0000000000e+00 5.1086794203e-07 -5.1446159463e-07
2.5757575758e-01 1.4393939394e+00 0.0000000000e+00 5.0940893855e-07 -5.1302745534e-07
2.8787878788e-01 1.4393939394e+00 0.0000000000e+00 5.0777386376e-07 -5.1142035276e-07
3.1818181818e-01 1.4393939394e+00 0.0000000000e+00 5.0596493520e-07 -5.0964250445e-07
3.4848484848e-01 1.4393939394e+00 0.0000000000e+00 5.0398366227e-07 -5.0769541978e-07
3.7878787879e-01 1.4393939394e+00 0.0000000000e+00 5.0183045998e-07 -5.0557951378e-07
4.0909090909e-01 1.4393939394e+00 0.0000000000e+00 4.9950465424e-07 -5.0329411234e-07
4.3939393939e-01 1.4393939394e+00 0.0000000000e+00 4.9700466463e-07 -5.0083763507e-07
4.6969696970e-01 1.4393939394e+00 0.0000000000e+00 4.9432814210e-07 -4.9820773290e-07
5.0000000000e-01 1.4393939394e+00 0.0000000000e+00 4.9147205904e-07 -4.9540137822e-07
5.3030303030e-01 1.4393939394e+00 0.0000000000e+00 4.8843278550e-07 -4.9241494108e-07
5.6060606061e-01 1.4393939394e+00 0.0000000000e+00 4.8520622477e-07 -4.8924432479e-07
5.9090909091e-01 1.4393939394e+00 0.0000000000e+00 4.8178806065e-07 -4.8588521312e-07
6.2121212121e-01 1.4393939394e+00 0.0000000000e+00 4.7817232655e-07 -4.8233163950e-07
6.5151515152e-01 1.4393939394e+00 0.0000000000e+00 4.7434982100e-07 -4.7857440245e-07
6.8181818182e-01 1.4393939394e+00 0.0000000000e+00 4.7040223183e-07 -4.7469518981e-07
7.1212121212e-01 1.4393939394e+00 0.0000000000e+00 4.6639099546e-07 -4.7075543798e-07
7.4242424242e-01 1.4393939394e+00 0.0000000000e+00 4.6232832868e-07 -4.6676736378e-07
7.7272727273e-01 1.4393939394e+00 0.0000000000e+00 4.5822222887e-07 -4.6273896456e-07
8.0303030303e-01 1.4393939394e+00 0.0000000000e+00 4.5407939373e-07 -4.5867693805e-07
8.3333333333e-01 1.4393939394e+00 0.0000000000e+00 4.4990609865e-07 -4.5458755961e-07
8.6363636364e-01 1.4393939394e+00 0.0000000000e+00 4.4570833608e-07 -4.5047682170e-07
8.9393939394e-01 1.4393939394e+00 0.0000000000e+00 4.4149180925e-07 -4.4635042757e-07
9.2424242424e-01 1.4393939394e+00 0.0000000000e+00 4.3726192331e-07 -4.4221378235e-07
9.5454545455e-01 1.4393939394e+00 0.0000000000e+00 4.3302380371e-07 -4.3807201148e-07
9.8484848485e-01 1.4393939394e+00 0.0000000000e+00 4.2878232753e-07 -4.3392999207e-07
1.0151515152e+00 1.4393939394e+00 0.0000000000e+00 4.2454214595e-07 -4.2979237528e-07
1.0454545455e+00 1.4393939394e+00 0.0000000000e+00 4.2030768740e-07 -4.2566358954e-07
1.0757575758e+00 1.4393939394e+00 0.0000000000e+00 4.1608314422e-07 -4.2154782720e-07
1.1060606061e+00 1.4393939394e+00 0.0000000000e+00 4.1187245191e-07 -4.1744902374e-07
1.1363636364e+00 1.4393939394e+00 0.0000000000e+00 4.0767926972e-07 -4.1337083844e-07
1.1666666667e+00 1.4393939394e+00 0.0000000000e+00 4.0350696865e-07 -4.0931664228e-07
1.1969696970e+00 1.4393939394e+00 0.0000000000e+00 3.9935862878e-07 -4.0528951533e-07
1.2272727273e+00 1.4393939394e+00 0.0000000000e+00 3.9523704546e-07 -4.0129225297e-07
1.2575757576e+00 1.4393939394e+00 0.0000000000e+00 3.9114474232e-07 -3.9732737881e-07
1.2878787879e+00 1.4393939394e+00 0.0000000000e+00 3.8708398856e-07 -3.9339716205e-07
1.3181818182e+00 1.4393939394e+00 0.0000000000e+00 3.8305681822e-07 -3.8950363673e-07
1.3484848485e+00 1.4393939394e+00 0.0000000000e+00 3.7906504987e-07 -3.8564862143e-07
1.3787878788e+00 1.4393939394e+00 0.0000000000e+00 3.7511030537e-07 -3.8183373801e-07
1.4090909091e+00 1.4393939394e+00 0.0000000000e+00 3.7119402717e-07 -3.7806042891e-07
1.4393939394e+00 1.4393939394e+00 0.0000000000e+00 3.6731749379e-07 -3.7432997266e-07
1.4696969697e+00 1.4393939394e+00 0.0000000000e+00 3.6348183343e-07 -3.7064349744e-07
1.5000000000e+00 1.4393939394e+00 0.0000000000e+00 3.5968803585e-07 -3.6700199303e-07
-1.5000000000e+00 1.4696969697e+00 0.0000000000e+00 3.5732535095e-07 -3.6478849328e-07
-1.4696969697e+00 1.4696969697e+00 0.0000000000e+00 3.6108564322e-07 -3.6839649237e-07
-1.4393939394e+00 1.4696969697e+00 0.0000000000e+00 3.6488681130e-07 -3.7204847531e-07
-1.4090909091e+00 1.4696969697e+00 0.0000000000e+00 3.6872737681e-07 -3.7574296370e-07
-1.3787878788e+00 1.4696969697e+00 0.0000000000e+00 3.7260563280e-07 -3.7947825059e-07
-1.3484848485e+00 1.4696969697e+00 0.0000000000e+00 3.7651963179e-07 -3.8325238850e-07
-1.3181818182e+00 1.4696969697e+00 0.0000000000e+00 3.8046717681e-07 -3.8706318048e-07
-1.2878787879e+00 1.4696969697e+00 0.0000000000e+00 3.8444581640e-07 -3.9090817504e-07
-1.2575757576e+00 1.4696969697e+00 0.0000000000e+00 3.8845284429e-07 -3.9478466592e-07
-1.2272727273e+00 1.4696969697e+00 0.0000000000e+00 3.9248530475e-07 -3.9868969740e-07
-1.1969696970e+00 1.4696969697e+00 0.0000000000e+00 3.9654000369e-07 -4.0262007540e-07
-1.1666666667e+00 1.4696969697e+00 0.0000000000e+00 4.0061352580e-07 -4.0657238457e-07
-1.1363636364e+00 1.4696969697e+00 0.0000000000e+00 4.0470225685e-07 -4.1054301071e-07
-1.1060606061e+00 1.4696969697e+00 0.0000000000e+00 4.0880240986e-07 -4.1452816684e-07
-1.0757575758e+00 1.4696969697e+00 0.0000000000e+00 4.1291005097e-07 -4.1852391909e-07
-1.0454545455e+00 1.4696969697e+00 0.0000000000e+00 4.1702111752e-07 -4.2252620481e-07
-1.0151515152e+00 1.4696969697e+00 0.0000000000e+00 4.2113141478e-07 -4.2653082925e-07
-9.8484848485e-01 1.4696969697e+00 0.0000000000e+00 4.2523657045e-07 -4.3053342013e-07
-9.5454545455e-01 1.4696969697e+00 0.0000000000e+00 4.2933192206e-07 -4.3452931498e-07
-9.2424242424e-01 1.4696969697e+00 0.0000000000e+00 4.3341231644e-07 -4.3851336062e-07
-8.9393939394e-01 1.4696969697e+00 0.0000000000e+00 4.3747182142e-07 -4.4247962489e-07
-8.6363636364e-01 1.4696969697e+00 0.0000000000e+00 4.4150339954e-07 -4.4642107031e-07
-8.3333333333e-01 1.4696969697e+00 0.0000000000e+00 4.4549868639e-07 -4.5032933250e-07
-8.0303030303e-01 1.4696969697e+00 0.0000000000e+00 4.4944811805e-07 -4.5419484751e-07
-7.7272727273e-01 1.4696969697e+00 0.0000000000e+00 4.5334152204e-07 -4.5800744288e-07
-7.4242424242e-01 1.4696969697e+00 0.0000000000e+00 4.5716876611e-07 -4.6175698635e-07
-7.1212121212e-01 1.4696969697e+00 0.0000000000e+00 4.6091984092e-07 -4.6543346859e-07
-6.8181818182e-01 1.4696969697e+00 0.0000000000e+00 4.6458428635e-07 -4.6902642947e-07
-6.5151515152e-01 1.4696969697e+00 0.0000000000e+00 4.6815085880e-07 -4.7252462539e-07
-6.2121212121e-01 1.4696969697e+00 0.0000000000e+00 4.7161067912e-07 -4.7591917721e-07
-5.9090909091e-01 1.4696969697e+00 0.0000000000e+00 4.7496074007e-07 -4.7920707769e-07
-5.6060606061e-01 1.4696969697e+00 0.0000000000e+00 4.7820272724e-07 -4.8239001240e-07
-5.3030303030e-01 1.4696969697e+00 0.0000000000e+00 4.8132733950e-07 -4.8545868024e-07
-5.0000000000e-01 1.4696969697e+00 0.0000000000e+00 4.8428257250e-07 -4.8836107683e-07
-4.6969696970e-01 1.4696969697e+00 0.0000000000e+00 4.8706441622e-07 -4.9109319217e-07
-4.3939393939e-01 1.4696969697e+00 0.0000000000e+00 4.8967548927e-07 -4.9365764486e-07
-4.0909090909e-01 1.4696969697e+00 0.0000000000e+00 4.9211393283e-07 -4.9605257608e-07
-3.7878787879e-01 1.4696969697e+00 0.0000000000e+00 4.9437573448e-07 -4.9827397342e-07
-3.4848484848e-01 1.4696969697e+00 0.0000000000e+00 4.9645693688e-07 -5.0031787954e-07
-3.1818181818e-01 1.4696969697e+00 0.0000000000e+00 4.9835450837e-07 -5.0218126276e-07
-2.8787878788e-01 1.4696969697e+00 0.0000000000e+00 5.0006674923e-07 -5.0386242339e-07
-2.5757575758e-01 1.4696969697e+00 0.0000000000e+00 5.0159370049e-07 -5.0536140243e-07
-2.2727272727e-01 1.4696969697e+00 0.0000000000e+00 5.0293740070e-07 -5.0668023845e-07
-1.9696969697e-01 1.4696969697e+00 0.0000000000e+00 5.0410163653e-07 -5.0782271811e-07
-1.6666666667e-01 1.4696969697e+00 0.0000000000e+00 5.0509107709e-07 -5.0879351053e-07
-1.3636363636e-01 1.4696969697e+00 0.0000000000e+00 5.0591017193e-07 -5.0959706525e-07
-1.0606060606e-01 1.4696969697e+00 0.0000000000e+00 5.0656221705e-07 -5.1023667827e-07
-7.5757575758e-02 1.4696969697e+00 0.0000000000e+00 5.0704869634e-07 -5.1071383349e-07
-4.5454545455e-02 1.4696969697e+00 0.0000000000e+00 5.0736906125e-07 -5.1102798236e-07
-1.5151515152e-02 1.4696969697e+00 0.0000000000e+00 5.0752117308e-07 -5.1117698616e-07
1.5151515152e-02 1.4696969697e+00 0.0000000000e+00 5.0750209993e-07 -5.1115791301e-07
4.5454545455e-02 1.4696969697e+00 0.0000000000e+00 5.0730868373e-07 -5.1096760483e-07
7.5757575758e-02 1.4696969697e+00 0.0000000000e+00 5.0693778951e-07 -5.1060292666e-07
1.0606060606e-01 1.4696969697e+00 0.0000000000e+00 5.0638649481e-07 -5.1006095603e-07
1.3636363636e-01 1.4696969697e+00 0.0000000000e+00 5.0565243122e-07 -5.0933932454e-07
1.6666666667e-01 1.4696969697e+00 0.0000000000e+00 5.0473429139e-07 -5.0843672483e-07
1.9696969697e-01 1.4696969697e+00 0.0000000000e+00 5.0363224258e-07 -5.0735332416e-07
2.2727272727e-01 1.4696969697e+00 0.0000000000e+00 5.0234795641e-07 -5.0609079416e-07
2.5757575758e-01 1.4696969697e+00 0.0000000000e+00 5.0088433049e-07 -5.0465203243e-07
2.8787878788e-01 1.4696969697e+00 0.0000000000e+00 4.9924509896e-07 -5.0304077312e-07
3.1818181818e-01 1.4696969697e+00 0.0000000000e+00 4.9743412242e-07 -5.0126087681e-07
3.4848484848e-01 1.4696969697e+00 0.0000000000e+00 4.9545412748e-07 -4.9931507013e-07
3.7878787879e-01 1.4696969697e+00 0.0000000000e+00 4.9330590572e-07 -4.9720414466e-07
4.0909090909e-01 1.4696969697e+00 0.0000000000e+00 4.9098873458e-07 -4.9492737783e-07
4.3939393939e-01 1.4696969697e+00 0.0000000000e+00 4.8850100938e-07 -4.9248316496e-07
4.6969696970e-01 1.4696969697e+00 0.0000000000e+00 4.8584050003e-07 -4.8986927597e-07
5.0000000000e-01 1.4696969697e+00 0.0000000000e+00 4.8300430665e-07 -4.8708281098e-07
5.3030303030e-01 1.4696969697e+00 0.0000000000e+00 4.7998826062e-07 -4.8411960135e-07
5.6060606061e-01 1.4696969697e+00 0.0000000000e+00 4.7678552872e-07 -4.8097281388e-07
5.9090909091e-01 1.4696969697e+00 0.0000000000e+00 4.7339070177e-07 -4.7763703939e-07
6.2121212121e-01 1.4696969697e+00 0.0000000000e+00 4.6984689334e-07 -4.7415539143e-07
6.5151515152e-01 1.4696969697e+00 0.0000000000e+00 4.6619638114e-07 -4.7057014773e-07
6.8181818182e-01 1.4696969697e+00 0.0000000000e+00 4.6246258538e-07 -4.6690472850e-07
7.1212121212e-01 1.4696969697e+00 0.0000000000e+00 4.5866121708e-07 -4.6317484475e-07
7.4242424242e-01 1.4696969697e+00 0.0000000000e+00 4.5480330915e-07 -4.5939152940e-07
7.7272727273e-01 1.4696969697e+00 0.0000000000e+00 4.5089737880e-07 -4.5556329964e-07
8.0303030303e-01 1.4696969697e+00 0.0000000000e+00 4.4695068977e-07 -4.5169741923e-07
8.3333333333e-01 1.4696969697e+00 0.0000000000e+00 4.4296983436e-07 -4.4780048046e-07
8.6363636364e-01 1.4696969697e+00 0.0000000000e+00 4.3896095859e-07 -4.4387862936e-07
8.9393939394e-01 1.4696969697e+00 0.0000000000e+00 4.3492984391e-07 -4.3993764738e-07
9.2424242424e-01 1.4696969697e+00 0.0000000000e+00 4.3088194293e-07 -4.3598298711e-07
9.5454545455e-01 1.4696969697e+00 0.0000000000e+00 4.2682240609e-07 -4.3201979902e-07
9.8484848485e-01 1.4696969697e+00 0.0000000000e+00 4.2275610617e-07 -4.2805295586e-07
1.0151515152e+00 1.4696969697e+00 0.0000000000e+00 4.1868765629e-07 -4.2408707077e-07
1.0454545455e+00 1.4696969697e+00 0.0000000000e+00 4.1462141808e-07 -4.2012650536e-07
1.0757575758e+00 1.4696969697e+00 0.0000000000e+00 4.1056150044e-07 -4.1617536856e-07
1.1060606061e+00 1.4696969697e+00 0.0000000000e+00 4.0651175314e-07 -4.1223751012e-07
1.1363636364e+00 1.4696969697e+00 0.0000000000e+00 4.0247575975e-07 -4.0831651362e-07
1.1666666667e+00 1.4696969697e+00 0.0000000000e+00 3.9845683374e-07 -4.0441569251e-07
1.1969696970e+00 1.4696969697e+00 0.0000000000e+00 3.9445801958e-07 -4.0053809128e-07
1.2272727273e+00 1.4696969697e+00 0.0000000000e+00 3.9048209919e-07 -3.9668649185e-07
1.2575757576e+00 1.4696969697e+00 0.0000000000e+00 3.8653160283e-07 -3.9286342446e-07
1.2878787879e+00 1.4696969697e+00 0.0000000000e+00 3.8260882312e-07 -3.8907118175e-07
1.3181818182e+00 1.4696969697e+00 0.0000000000e+00 3.7871583087e-07 -3.8531183453e-07
1.3484848485e+00 1.4696969697e+00 0.0000000000e+00 3.7485449143e-07 -3.8158724815e-07
1.3787878788e+00 1.4696969697e+00 0.0000000000e+00 3.7102648073e-07 -3.7789909852e-07
1.4090909091e+00 1.4696969697e+00 0.0000000000e+00 3.6723330034e-07 -3.7424888723e-07
1.4393939394e+00 1.4696969697e+00 0.0000000000e+00 3.6347629138e-07 -3.7063795539e-07
1.4696969697e+00 1.4696969697e+00 0.0000000000e+00 3.5975664696e-07 -3.6706749612e-07
1.5000000000e+00 1.4696969697e+00 0.0000000000e+00 3.5607542337e-07 -3.6353856569e-07
-1.5000000000e+00 1.5000000000e+00 0.0000000000e+00 3.5369542588e-07 -3.6131086138e-07
-1.4696969697e+00 1.5000000000e+00 0.0000000000e+00 3.5733937128e-07 -3.6480251361e-07
-1.4393939394e+00 1.5000000000e+00 0.0000000000e+00 3.6102040865e-07 -3.6833436582e-07
-1.4090909091e+00 1.5000000000e+00 0.0000000000e+00 3.6473702715e-07 -3.7190490721e-07
-1.3787878788e+00 1.5000000000e+00 0.0000000000e+00 3.6848750623e-07 -3.7551241719e-07
-1.3484848485e+00 1.5000000000e+00 0.0000000000e+00 3.7226990598e-07 -3.7915495586e-07
-1.3181818182e+00 1.5000000000e+00 0.0000000000e+00 3.7608206000e-07 -3.8283035683e-07
-1.2878787879e+00 1.5000000000e+00 0.0000000000e+00 3.7992157122e-07 -3.8653622303e-07
-1.2575757576e+00 1.5000000000e+00 0.0000000000e+00 3.8378581135e-07 -3.9026992615e-07
-1.2272727273e+00 1.5000000000e+00 0.0000000000e+00 3.8767192408e-07 -3.9402860990e-07
-1.1969696970e+00 1.5000000000e+00 0.0000000000e+00 3.9157683237e-07 -3.9780919724e-07
-1.1666666667e+00 1.5000000000e+00 0.0000000000e+00 3.9549724918e-07 -4.0160840112e-07
-1.1363636364e+00 1.5000000000e+00 0.0000000000e+00 3.9942969080e-07 -4.0542273783e-07
-1.1060606061e+00 1.5000000000e+00 0.0000000000e+00 4.0337049059e-07 -4.0924854074e-07
-1.0757575758e+00 1.5000000000e+00 0.0000000000e+00 4.0731580957e-07 -4.1308197086e-07
-1.0454545455e+00 1.5000000000e+00 0.0000000000e+00 4.1126163750e-07 -4.1691901795e-07
-1.0151515152e+00 1.5000000000e+00 0.0000000000e+00 4.1520377544e-07 -4.2075548309e-07
-9.8484848485e-01 1.5000000000e+00 0.0000000000e+00 4.1913778830e-07 -4.2458693116e-07
-9.5454545455e-01 1.5000000000e+00 0.0000000000e+00 4.2305891657e-07 -4.2840860266e-07
-9.2424242424e-01 1.5000000000e+00 0.0000000000e+00 4.2696194382e-07 -4.3221528117e-07
-8.9393939394e-01 1.5000000000e+00 0.0000000000e+00 4.3084103372e-07 -4.3600113036e-07
-8.6363636364e-01 1.5000000000e+00 0.0000000000e+00 4.3468957957e-07 -4.3975954352e-07
-8.3333333333e-01 1.5000000000e+00 0.0000000000e+00 4.3850014349e-07 -4.4348308276e-07
-8.0303030303e-01 1.5000000000e+00 0.0000000000e+00 4.4226456681e-07 -4.4716358944e-07
-7.7272727273e-01 1.5000000000e+00 0.0000000000e+00 4.4597424938e-07 -4.5079246339e-07
-7.4242424242e-01 1.5000000000e+00 0.0000000000e+00 4.4962044095e-07 -4.5436095436e-07
-7.1212121212e-01 1.5000000000e+00 0.0000000000e+00 4.5319435075e-07 -4.5786027159e-07
-6.8181818182e-01 1.5000000000e+00 0.0000000000e+00 4.5668711292e-07 -4.6128154921e-07
-6.5151515152e-01 1.5000000000e+00 0.0000000000e+00 4.6009008234e-07 -4.6461614211e-07
-6.2121212121e-01 1.5000000000e+00 0.0000000000e+00 4.6339593270e-07 -4.6785672396e-07
-5.9090909091e-01 1.5000000000e+00 0.0000000000e+00 4.6659960677e-07 -4.7099823756e-07
-5.6060606061e-01 1.5000000000e+00 0.0000000000e+00 4.6969792098e-07 -4.7403749931e-07
-5.3030303030e-01 1.5000000000e+00 0.0000000000e+00 4.7268816053e-07 -4.7697179444e-07
-5.0000000000e-01 1.5000000000e+00 0.0000000000e+00 4.7556565795e-07 -4.7979645544e-07
-4.6969696970e-01 1.5000000000e+00 0.0000000000e+00 4.7832466629e-07 -4.8250573540e-07
-4.3939393939e-01 1.5000000000e+00 0.0000000000e+00 4.8095087432e-07 -4.8508532307e-07
-4.0909090909e-01 1.5000000000e+00 0.0000000000e+00 4.8340952792e-07 -4.8750046435e-07
-3.7878787879e-01 1.5000000000e+00 0.0000000000e+00 4.8569094855e-07 -4.8974148067e-07
-3.4848484848e-01 1.5000000000e+00 0.0000000000e+00 4.8778853140e-07 -4.9180176723e-07
-3.1818181818e-01 1.5000000000e+00 0.0000000000e+00 4.8969740023e-07 -4.9367644779e-07
-2.8787878788e-01 1.5000000000e+00 0.0000000000e+00 4.9141417602e-07 -4.9536214334e-07
-2.5757575758e-01 1.5000000000e+00 0.0000000000e+00 4.9293790973e-07 -4.9685790484e-07
-2.2727272727e-01 1.5000000000e+00 0.0000000000e+00 4.9427125210e-07 -4.9816638302e-07
-1.9696969697e-01 1.5000000000e+00 0.0000000000e+00 4.9542043346e-07 -4.9929380822e-07
-1.6666666667e-01 1.5000000000e+00 0.0000000000e+00 4.9639335568e-07 -5.0024808228e-07
-1.3636363636e-01 1.5000000000e+00 0.0000000000e+00 4.9719745314e-07 -5.0103663963e-07
-1.0606060606e-01 1.5000000000e+00 0.0000000000e+00 4.9783846404e-07 -5.0166521843e-07
-7.5757575758e-02 1.5000000000e+00 0.0000000000e+00 4.9831941173e-07 -5.0213684205e-07
-4.5454545455e-02 1.5000000000e+00 0.0000000000e+00 4.9863966817e-07 -5.0245088244e-07
-1.5151515152e-02 1.5000000000e+00 0.0000000000e+00 4.9879571581e-07 -5.0260382206e-07
1.5151515152e-02 1.5000000000e+00 0.0000000000e+00 4.9878317614e-07 -5.0259128240e-07
4.5454545455e-02 1.5000000000e+00 0.0000000000e+00 4.9859774610e-07 -5.0240896037e-07
7.5757575758e-02 1.5000000000e+00 0.0000000000e+00 4.9823518316e-07 -5.0205261349e-07
1.0606060606e-01 1.5000000000e+00 0.0000000000e+00 4.9769125182e-07 -5.0151800622e-07
1.3636363636e-01 1.5000000000e+00 0.0000000000e+00 4.9696210316e-07 -5.0080128965e-07
1.6666666667e-01 1.5000000000e+00 0.0000000000e+00 4.9604529037e-07 -4.9990001698e-07
1.9696969697e-01 1.5000000000e+00 0.0000000000e+00 4.9494075301e-07 -4.9881412777e-07
2.2727272727e-01 1.5000000000e+00 0.0000000000e+00 4.9365071261e-07 -4.9754584353e-07
2.5757575758e-01 1.5000000000e+00 0.0000000000e+00 4.9217913581e-07 -4.9609913092e-07
2.8787878788e-01 1.5000000000e+00 0.0000000000e+00 4.9053176453e-07 -4.9447973185e-07
3.1818181818e-01 1.5000000000e+00 0.0000000000e+00 4.8871574404e-07 -4.9269479161e-07
3.4848484848e-01 1.5000000000e+00 0.0000000000e+00 4.8673607977e-07 -4.9074931560e-07
3.7878787879e-01 1.5000000000e+00 0.0000000000e+00 4.8459327777e-07 -4.8864380988e-07
4.0909090909e-01 1.5000000000e+00 0.0000000000e+00 4.8228593276e-07 -4.8637686918e-07
4.3939393939e-01 1.5000000000e+00 0.0000000000e+00 4.7981248673e-07 -4.8394693549e-07
4.6969696970e-01 1.5000000000e+00 0.0000000000e+00 4.7717178767e-07 -4.8135285679e-07
5.0000000000e-01 1.5000000000e+00 0.0000000000e+00 4.7436428109e-07 -4.7859507859e-07
5.3030303030e-01 1.5000000000e+00 0.0000000000e+00 4.7140538713e-07 -4.7568902103e-07
5.6060606061e-01 1.5000000000e+00 0.0000000000e+00 4.6830237313e-07 -4.7264195146e-07
5.9090909091e-01 1.5000000000e+00 0.0000000000e+00 4.6506917745e-07 -4.6946780823e-07
6.2121212121e-01 1.5000000000e+00 0.0000000000e+00 4.6172048488e-07 -4.6618127615e-07
6.5151515152e-01 1.5000000000e+00 0.0000000000e+00 4.5827116484e-07 -4.6279722460e-07
6.8181818182e-01 1.5000000000e+00 0.0000000000e+00 4.5473741859e-07 -4.5933185488e-07
7.1212121212e-01 1.5000000000e+00 0.0000000000e+00 4.5113287157e-07 -4.5579879241e-07
7.4242424242e-01 1.5000000000e+00 0.0000000000e+00 4.4746815527e-07 -4.5220866868e-07
7.7272727273e-01 1.5000000000e+00 0.0000000000e+00 4.4375193482e-07 -4.4857014883e-07
8.0303030303e-01 1.5000000000e+00 0.0000000000e+00 4.3999168779e-07 -4.4489071042e-07
8.3333333333e-01 1.5000000000e+00 0.0000000000e+00 4.3619414346e-07 -4.4117708273e-07
8.6363636364e-01 1.5000000000e+00 0.0000000000e+00 4.3236550773e-07 -4.3743547167e-07
8.9393939394e-01 1.5000000000e+00 0.0000000000e+00 4.2851157455e-07 -4.3367167119e-07
9.2424242424e-01 1.5000000000e+00 0.0000000000e+00 4.2463778431e-07 -4.2989112166e-07
9.5454545455e-01 1.5000000000e+00 0.0000000000e+00 4.2074925948e-07 -4.2609894557e-07
9.8484848485e-01 1.5000000000e+00 0.0000000000e+00 4.1685082992e-07 -4.2229997277e-07
1.0151515152e+00 1.5000000000e+00 0.0000000000e+00 4.1294705074e-07 -4.1849875839e-07
1.0454545455e+00 1.5000000000e+00 0.0000000000e+00 4.0904221326e-07 -4.1469959371e-07
1.0757575758e+00 1.5000000000e+00 0.0000000000e+00 4.0514035000e-07 -4.1090651129e-07
1.1060606061e+00 1.5000000000e+00 0.0000000000e+00 4.0124523602e-07 -4.0712328617e-07
1.1363636364e+00 1.5000000000e+00 0.0000000000e+00 3.9736038909e-07 -4.0335343612e-07
1.1666666667e+00 1.5000000000e+00 0.0000000000e+00 3.9348907101e-07 -3.9960022295e-07
1.1969696970e+00 1.5000000000e+00 0.0000000000e+00 3.8963429157e-07 -3.9586665644e-07
1.2272727273e+00 1.5000000000e+00 0.0000000000e+00 3.8579881555e-07 -3.9215550138e-07
1.2575757576e+00 1.5000000000e+00 0.0000000000e+00 3.8198517258e-07 -3.8846928739e-07
1.2878787879e+00 1.5000000000e+00 0.0000000000e+00 3.7819566917e-07 -3.8481032098e-07
1.3181818182e+00 1.5000000000e+00 0.0000000000e+00 3.7443240207e-07 -3.8118069891e-07
1.3484848485e+00 1.5000000000e+00 0.0000000000e+00 3.7069727222e-07 -3.7758232211e-07
1.3787878788e+00 1.5000000000e+00 0.0000000000e+00 3.6699199855e-07 -3.7401690951e-07
1.4090909091e+00 1.5000000000e+00 0.0000000000e+00 3.6331813126e-07 -3.7048601132e-07
1.4393939394e+00 1.5000000000e+00 0.0000000000e+00 3.5967706423e-07 -3.6699102141e-07
1.4696969697e+00 1.5000000000e+00 0.0000000000e+00 3.5607004641e-07 -3.6353318874e-07
1.5000000000e+00 1.5000000000e+00 0.0000000000e+00 3.5249819219e-07 -3.6011362769e-07
