# x y z potential pseudo_potential
-1.5000000000e+00 -1.5000000000e+00 0.0000000000e+00 2.4528131834e-09 -1.0068248678e-08
-1.4696969697e+00 -1.5000000000e+00 0.0000000000e+00 2.4777268882e-09 -9.9408692131e-09
-1.4393939394e+00 -1.5000000000e+00 0.0000000000e+00 2.5028829651e-09 -9.8168401441e-09
-1.4090909091e+00 -1.5000000000e+00 0.0000000000e+00 2.5282722378e-09 -9.6961522948e-09
-1.3787878788e+00 -1.5000000000e+00 0.0000000000e+00 2.5538843963e-09 -9.5787953551e-09
-1.3484848485e+00 -1.5000000000e+00 0.0000000000e+00 2.5797079257e-09 -9.4647578102e-09
-1.3181818182e+00 -1.5000000000e+00 0.0000000000e+00 2.6057300343e-09 -9.3540268684e-09
-1.2878787879e+00 -1.5000000000e+00 0.0000000000e+00 2.6319365810e-09 -9.2465883886e-09
-1.2575757576e+00 -1.5000000000e+00 0.0000000000e+00 2.6583120015e-09 -9.1424268064e-09
-1.2272727273e+00 -1.5000000000e+00 0.0000000000e+00 2.6848392350e-09 -9.0415250611e-09
-1.1969696970e+00 -1.5000000000e+00 0.0000000000e+00 2.7114996521e-09 -8.9438645234e-09
-1.1666666667e+00 -1.5000000000e+00 0.0000000000e+00 2.7382729836e-09 -8.8494249238e-09
-1.1363636364e+00 -1.5000000000e+00 0.0000000000e+00 2.7651372518e-09 -8.7581842848e-09
-1.1060606061e+00 -1.5000000000e+00 0.0000000000e+00 2.7920687059e-09 -8.6701188556e-09
-1.0757575758e+00 -1.5000000000e+00 0.0000000000e+00 2.8190417612e-09 -8.5852030515e-09
-1.0454545455e+00 -1.5000000000e+00 0.0000000000e+00 2.8460289443e-09 -8.5034093990e-09
-1.0151515152e+00 -1.5000000000e+00 0.0000000000e+00 2.8730008453e-09 -8.4247084883e-09
-9.8484848485e-01 -1.5000000000e+00 0.0000000000e+00 2.8999260786e-09 -8.3490689338e-09
-9.5454545455e-01 -1.5000000000e+00 0.0000000000e+00 2.9267712533e-09 -8.2764573446e-09
-9.2424242424e-01 -1.5000000000e+00 0.0000000000e+00 2.9535009560e-09 -8.2068383072e-09
-8.9393939394e-01 -1.5000000000e+00 0.0000000000e+00 2.9800777455e-09 -8.1401743806e-09
-8.6363636364e-01 -1.5000000000e+00 0.0000000000e+00 3.0064621641e-09 -8.0764261069e-09
-8.3333333333e-01 -1.5000000000e+00 0.0000000000e+00 3.0326127643e-09 -8.0155520386e-09
-8.0303030303e-01 -1.5000000000e+00 0.0000000000e+00 3.0584861549e-09 -7.9575087846e-09
-7.7272727273e-01 -1.5000000000e+00 0.0000000000e+00 3.0840370667e-09 -7.9022510757e-09
-7.4242424242e-01 -1.5000000000e+00 0.0000000000e+00 3.1092184404e-09 -7.8497318526e-09
-7.1212121212e-01 -1.5000000000e+00 0.0000000000e+00 3.1339815377e-09 -7.7999023770e-09
-6.8181818182e-01 -1.5000000000e+00 0.0000000000e+00 3.1582760771e-09 -7.7527123672e-09
-6.5151515152e-01 -1.5000000000e+00 0.0000000000e+00 3.1820503947e-09 -7.7081101596e-09
-6.2121212121e-01 -1.5000000000e+00 0.0000000000e+00 3.2052516325e-09 -7.6660428961e-09
-5.9090909091e-01 -1.5000000000e+00 0.0000000000e+00 3.2278259527e-09 -7.6264567389e-09
-5.6060606061e-01 -1.5000000000e+00 0.0000000000e+00 3.2497187790e-09 -7.5892971116e-09
-5.3030303030e-01 -1.5000000000e+00 0.0000000000e+00 3.2708750639e-09 -7.5545089668e-09
-5.0000000000e-01 -1.5000000000e+00 0.0000000000e+00 3.2912395821e-09 -7.5220370792e-09
-4.6969696970e-01 -1.5000000000e+00 0.0000000000e+00 3.3107572463e-09 -7.4918263614e-09
-4.3939393939e-01 -1.5000000000e+00 0.0000000000e+00 3.3293734453e-09 -7.4638222023e-09
-4.0909090909e-01 -1.5000000000e+00 0.0000000000e+00 3.3470344006e-09 -7.4379708233e-09
-3.7878787879e-01 -1.5000000000e+00 0.0000000000e+00 3.3636875376e-09 -7.4142196500e-09
-3.4848484848e-01 -1.5000000000e+00 0.0000000000e+00 3.3792818691e-09 -7.3925176950e-09
-3.1818181818e-01 -1.5000000000e+00 0.0000000000e+00 3.3937683843e-09 -7.3728159476e-09
-2.8787878788e-01 -1.5000000000e+00 0.0000000000e+00 3.4071004398e-09 -7.3550677644e-09
-2.5757575758e-01 -1.5000000000e+00 0.0000000000e+00 3.4192341473e-09 -7.3392292571e-09
-2.2727272727e-01 -1.5000000000e+00 0.0000000000e+00 3.4301287503e-09 -7.3252596691e-09
-1.9696969697e-01 -1.5000000000e+00 0.0000000000e+00 3.4397469867e-09 -7.3131217383e-09
-1.6666666667e-01 -1.5000000000e+00 0.0000000000e+00 3.4480554288e-09 -7.3027820372e-09
-1.3636363636e-01 -1.5000000000e+00 0.0000000000e+00 3.4550247967e-09 -7.2942112857e-09
-1.0606060606e-01 -1.5000000000e+00 0.0000000000e+00 3.4606302381e-09 -7.2873846316e-09
-7.5757575758e-02 -1.5000000000e+00 0.0000000000e+00 3.4648515707e-09 -7.2822818927e-09
-4.5454545455e-02 -1.5000000000e+00 0.0000000000e+00 3.4676734816e-09 -7.2788877558e-09
-1.5151515152e-02 -1.5000000000e+00 0.0000000000e+00 3.4690856805e-09 -7.2771919308e-09
1.5151515152e-02 -1.5000000000e+00 0.0000000000e+00 3.4690830032e-09 -7.2771892536e-09
4.5454545455e-02 -1.5000000000e+00 0.0000000000e+00 3.4676654644e-09 -7.2788797386e-09
7.5757575758e-02 -1.5000000000e+00 0.0000000000e+00 3.4648382571e-09 -7.2822685790e-09
1.0606060606e-01 -1.5000000000e+00 0.0000000000e+00 3.4606117004e-09 -7.2873660939e-09
1.3636363636e-01 -1.5000000000e+00 0.0000000000e+00 3.4550011353e-09 -7.2941876244e-09
1.6666666667e-01 -1.5000000000e+00 0.0000000000e+00 3.4480267715e-09 -7.3027533799e-09
1.9696969697e-01 -1.5000000000e+00 0.0000000000e+00 3.4397134875e-09 -7.3130882392e-09
2.2727272727e-01 -1.5000000000e+00 0.0000000000e+00 3.4300905883e-09 -7.3252215071e-09
2.5757575758e-01 -1.5000000000e+00 0.0000000000e+00 3.4191915250e-09 -7.3391866347e-09
2.8787878788e-01 -1.5000000000e+00 0.0000000000e+00 3.4070535814e-09 -7.3550209060e-09
3.1818181818e-01 -1.5000000000e+00 0.0000000000e+00 3.3937175336e-09 -7.3727650969e-09
3.4848484848e-01 -1.5000000000e+00 0.0000000000e+00 3.3792272877e-09 -7.3924631136e-09
3.7878787879e-01 -1.5000000000e+00 0.0000000000e+00 3.3636295020e-09 -7.4141616144e-09
4.0909090909e-01 -1.5000000000e+00 0.0000000000e+00 3.3469731999e-09 -7.4379096227e-09
4.3939393939e-01 -1.5000000000e+00 0.0000000000e+00 3.3293093787e-09 -7.4637581356e-09
4.6969696970e-01 -1.5000000000e+00 0.0000000000e+00 3.3106906197e-09 -7.4917597348e-09
5.0000000000e-01 -1.5000000000e+00 0.0000000000e+00 3.2911707059e-09 -7.5219682030e-09
5.3030303030e-01 -1.5000000000e+00 0.0000000000e+00 3.2708042501e-09 -7.5544381530e-09
5.6060606061e-01 -1.5000000000e+00 0.0000000000e+00 3.2496463383e-09 -7.5892246709e-09
5.9090909091e-01 -1.5000000000e+00 0.0000000000e+00 3.2277521921e-09 -7.6263829782e-09
6.2121212121e-01 -1.5000000000e+00 0.0000000000e+00 3.2051768525e-09 -7.6659681161e-09
6.5151515152e-01 -1.5000000000e+00 0.0000000000e+00 3.1819748873e-09 -7.7080346523e-09
6.8181818182e-01 -1.5000000000e+00 0.0000000000e+00 3.1582001237e-09 -7.7526364139e-09
7.1212121212e-01 -1.5000000000e+00 0.0000000000e+00 3.1339054072e-09 -7.7998262465e-09
7.4242424242e-01 -1.5000000000e+00 0.0000000000e+00 3.1091423876e-09 -7.8496557998e-09
7.7272727273e-01 -1.5000000000e+00 0.0000000000e+00 3.0839613311e-09 -7.9021753401e-09
8.0303030303e-01 -1.5000000000e+00 0.0000000000e+00 3.0584109596e-09 -7.9574335894e-09
8.3333333333e-01 -1.5000000000e+00 0.0000000000e+00 3.0325383155e-09 -8.0154775898e-09
8.6363636364e-01 -1.5000000000e+00 0.0000000000e+00 3.0063886501e-09 -8.0763525929e-09
8.9393939394e-01 -1.5000000000e+00 0.0000000000e+00 2.9800053370e-09 -8.1401019721e-09
9.2424242424e-01 -1.5000000000e+00 0.0000000000e+00 2.9534298059e-09 -8.2067671571e-09
9.5454545455e-01 -1.5000000000e+00 0.0000000000e+00 2.9267014968e-09 -8.2763875881e-09
9.8484848485e-01 -1.5000000000e+00 0.0000000000e+00 2.8998578336e-09 -8.3490006889e-09
1.0151515152e+00 -1.5000000000e+00 0.0000000000e+00 2.8729342133e-09 -8.4246418563e-09
1.0454545455e+00 -1.5000000000e+00 0.0000000000e+00 2.8459640105e-09 -8.5033444653e-09
1.0757575758e+00 -1.5000000000e+00 0.0000000000e+00 2.8189785958e-09 -8.5851398861e-09
1.1060606061e+00 -1.5000000000e+00 0.0000000000e+00 2.7920073647e-09 -8.6700575144e-09
1.1363636364e+00 -1.5000000000e+00 0.0000000000e+00 2.7650777770e-09 -8.7581248100e-09
1.1666666667e+00 -1.5000000000e+00 0.0000000000e+00 2.7382154052e-09 -8.8493673454e-09
1.1969696970e+00 -1.5000000000e+00 0.0000000000e+00 2.7114439887e-09 -8.9438088599e-09
1.2272727273e+00 -1.5000000000e+00 0.0000000000e+00 2.6847854945e-09 -9.0414713206e-09
1.2575757576e+00 -1.5000000000e+00 0.0000000000e+00 2.6582601824e-09 -9.1423749873e-09
1.2878787879e+00 -1.5000000000e+00 0.0000000000e+00 2.6318866736e-09 -9.2465384812e-09
1.3181818182e+00 -1.5000000000e+00 0.0000000000e+00 2.6056820211e-09 -9.3539788552e-09
1.3484848485e+00 -1.5000000000e+00 0.0000000000e+00 2.5796617826e-09 -9.4647116672e-09
1.3787878788e+00 -1.5000000000e+00 0.0000000000e+00 2.5538400936e-09 -9.5787510524e-09
1.4090909091e+00 -1.5000000000e+00 0.0000000000e+00 2.5282297407e-09 -9.6961097976e-09
1.4393939394e+00 -1.5000000000e+00 0.0000000000e+00 2.5028422344e-09 -9.8167994134e-09
1.4696969697e+00 -1.5000000000e+00 0.0000000000e+00 2.4776878814e-09 -9.9408302063e-09
1.5000000000e+00 -1.5000000000e+00 0.0000000000e+00 2.4527758551e-09 -1.0068211350e-08
-1.5000000000e+00 -1.4696969697e+00 0.0000000000e+00 2.4777398585e-09 -9.9408821833e-09
-1.4696969697e+00 -1.4696969697e+00 0.0000000000e+00 2.5034289092e-09 -9.8142780643e-09
-1.4393939394e+00 -1.4696969697e+00 0.0000000000e+00 2.5293842732e-09 -9.6910482825e-09
-1.4090909091e+00 -1.4696969697e+00 0.0000000000e+00 2.5555971369e-09 -9.5711840241e-09
-1.3787878788e+00 -1.4696969697e+00 0.0000000000e+00 2.5820575054e-09 -9.4546752945e-09
-1.3484848485e+00 -1.4696969697e+00 0.0000000000e+00 2.6087541247e-09 -9.3415108395e-09
-1.3181818182e+00 -1.4696969697e+00 0.0000000000e+00 2.6356744016e-09 -9.2316780659e-09
-1.2878787879e+00 -1.4696969697e+00 0.0000000000e+00 2.6628043220e-09 -9.1251629598e-09
-1.2575757576e+00 -1.4696969697e+00 0.0000000000e+00 2.6901283690e-09 -9.0219500042e-09
-1.2272727273e+00 -1.4696969697e+00 0.0000000000e+00 2.7176294393e-09 -8.9220220957e-09
-1.1969696970e+00 -1.4696969697e+00 0.0000000000e+00 2.7452887608e-09 -8.8253604622e-09
-1.1666666667e+00 -1.4696969697e+00 0.0000000000e+00 2.7730858105e-09 -8.7319445809e-09
-1.1363636364e+00 -1.4696969697e+00 0.0000000000e+00 2.8009982354e-09 -8.6417520986e-09
-1.1060606061e+00 -1.4696969697e+00 0.0000000000e+00 2.8290017750e-09 -8.5547587549e-09
-1.0757575758e+00 -1.4696969697e+00 0.0000000000e+00 2.8570701895e-09 -8.4709383100e-09
-1.0454545455e+00 -1.4696969697e+00 0.0000000000e+00 2.8851751921e-09 -8.3902624771e-09
-1.0151515152e+00 -1.4696969697e+00 0.0000000000e+00 2.9132863897e-09 -8.3127008630e-09
-9.8484848485e-01 -1.4696969697e+00 0.0000000000e+00 2.9413712308e-09 -8.2382209162e-09
-9.5454545455e-01 -1.4696969697e+00 0.0000000000e+00 2.9693949644e-09 -8.1667878860e-09
-9.2424242424e-01 -1.4696969697e+00 0.0000000000e+00 2.9973206114e-09 -8.0983647928e-09
-8.9393939394e-01 -1.4696969697e+00 0.0000000000e+00 3.0251089486e-09 -8.0329124138e-09
-8.6363636364e-01 -1.4696969697e+00 0.0000000000e+00 3.0527185102e-09 -7.9703892831e-09
-8.3333333333e-01 -1.4696969697e+00 0.0000000000e+00 3.0801056065e-09 -7.9107517110e-09
-8.0303030303e-01 -1.4696969697e+00 0.0000000000e+00 3.1072243628e-09 -7.8539538228e-09
-7.7272727273e-01 -1.4696969697e+00 0.0000000000e+00 3.1340267810e-09 -7.7999476202e-09
-7.4242424242e-01 -1.4696969697e+00 0.0000000000e+00 3.1604628242e-09 -7.7486830667e-09
-7.1212121212e-01 -1.4696969697e+00 0.0000000000e+00 3.1864805289e-09 -7.7001081984e-09
-6.8181818182e-01 -1.4696969697e+00 0.0000000000e+00 3.2120261430e-09 -7.6541692634e-09
-6.5151515152e-01 -1.4696969697e+00 0.0000000000e+00 3.2370442942e-09 -7.6108108894e-09
-6.2121212121e-01 -1.4696969697e+00 0.0000000000e+00 3.2614781881e-09 -7.5699762819e-09
-5.9090909091e-01 -1.4696969697e+00 0.0000000000e+00 3.2852698363e-09 -7.5316074527e-09
-5.6060606061e-01 -1.4696969697e+00 0.0000000000e+00 3.3083603169e-09 -7.4956454797e-09
-5.3030303030e-01 -1.4696969697e+00 0.0000000000e+00 3.3306900641e-09 -7.4620307972e-09
-5.0000000000e-01 -1.4696969697e+00 0.0000000000e+00 3.3521991888e-09 -7.4307035160e-09
-4.6969696970e-01 -1.4696969697e+00 0.0000000000e+00 3.3728278257e-09 -7.4016037710e-09
-4.3939393939e-01 -1.4696969697e+00 0.0000000000e+00 3.3925165078e-09 -7.3746720950e-09
-4.0909090909e-01 -1.4696969697e+00 0.0000000000e+00 3.4112065622e-09 -7.3498498152e-09
-3.7878787879e-01 -1.4696969697e+00 0.0000000000e+00 3.4288405256e-09 -7.3270794683e-09
-3.4848484848e-01 -1.4696969697e+00 0.0000000000e+00 3.4453625735e-09 -7.3063052296e-09
-3.1818181818e-01 -1.4696969697e+00 0.0000000000e+00 3.4607189589e-09 -7.2874733525e-09
-2.8787878788e-01 -1.4696969697e+00 0.0000000000e+00 3.4748584546e-09 -7.2705326095e-09
-2.5757575758e-01 -1.4696969697e+00 0.0000000000e+00 3.4877327920e-09 -7.2554347320e-09
-2.2727272727e-01 -1.4696969697e+00 0.0000000000e+00 3.4992970903e-09 -7.2421348393e-09
-1.9696969697e-01 -1.4696969697e+00 0.0000000000e+00 3.5095102696e-09 -7.2305918515e-09
-1.6666666667e-01 -1.4696969697e+00 0.0000000000e+00 3.5183354399e-09 -7.2207688785e-09
-1.3636363636e-01 -1.4696969697e+00 0.0000000000e+00 3.5257402594e-09 -7.2126335787e-09
-1.0606060606e-01 -1.4696969697e+00 0.0000000000e+00 3.5316972566e-09 -7.2061584804e-09
-7.5757575758e-02 -1.4696969697e+00 0.0000000000e+00 3.5361841079e-09 -7.2013212600e-09
-4.5454545455e-02 -1.4696969697e+00 0.0000000000e+00 3.5391838675e-09 -7.1981049719e-09
-1.5151515152e-02 -1.4696969697e+00 0.0000000000e+00 3.5406851439e-09 -7.1964982244e-09
1.5151515152e-02 -1.4696969697e+00 0.0000000000e+00 3.5406822192e-09 -7.1964952997e-09
4.5454545455e-02 -1.4696969697e+00 0.0000000000e+00 3.5391751096e-09 -7.1980962140e-09
7.5757575758e-02 -1.4696969697e+00 0.0000000000e+00 3.5361695654e-09 -7.2013067176e-09
1.0606060606e-01 -1.4696969697e+00 0.0000000000e+00 3.5316770102e-09 -7.2061382340e-09
1.3636363636e-01 -1.4696969697e+00 0.0000000000e+00 3.5257144212e-09 -7.2126077404e-09
1.6666666667e-01 -1.4696969697e+00 0.0000000000e+00 3.5183041522e-09 -7.2207375909e-09
1.9696969697e-01 -1.4696969697e+00 0.0000000000e+00 3.5094737045e-09 -7.2305552864e-09
2.2727272727e-01 -1.4696969697e+00 0.0000000000e+00 3.4992554476e-09 -7.2420931966e-09
2.5757575758e-01 -1.4696969697e+00 0.0000000000e+00 3.4876862979e-09 -7.2553882379e-09
2.8787878788e-01 -1.4696969697e+00 0.0000000000e+00 3.4748073596e-09 -7.2704815144e-09
3.1818181818e-01 -1.4696969697e+00 0.0000000000e+00 3.4606635355e-09 -7.2874179290e-09
3.4848484848e-01 -1.4696969697e+00 0.0000000000e+00 3.4453031137e-09 -7.3062457699e-09
3.7878787879e-01 -1.4696969697e+00 0.0000000000e+00 3.4287773385e-09 -7.3270162811e-09
4.0909090909e-01 -1.4696969697e+00 0.0000000000e+00 3.4111399705e-09 -7.3497832235e-09
4.3939393939e-01 -1.4696969697e+00 0.0000000000e+00 3.3924468451e-09 -7.3746024323e-09
4.6969696970e-01 -1.4696969697e+00 0.0000000000e+00 3.3727554334e-09 -7.4015313787e-09
5.0000000000e-01 -1.4696969697e+00 0.0000000000e+00 3.3521244126e-09 -7.4306287399e-09
5.3030303030e-01 -1.4696969697e+00 0.0000000000e+00 3.3306132511e-09 -7.4619539842e-09
5.6060606061e-01 -1.4696969697e+00 0.0000000000e+00 3.3082818121e-09 -7.4955669749e-09
5.9090909091e-01 -1.4696969697e+00 0.0000000000e+00 3.2851899800e-09 -7.5315275964e-09
6.2121212121e-01 -1.4696969697e+00 0.0000000000e+00 3.2613973127e-09 -7.5698954066e-09
6.5151515152e-01 -1.4696969697e+00 0.0000000000e+00 3.2369627220e-09 -7.6107293172e-09
6.8181818182e-01 -1.4696969697e+00 0.0000000000e+00 3.2119441835e-09 -7.6540873039e-09
7.1212121212e-01 -1.4696969697e+00 0.0000000000e+00 3.1863984770e-09 -7.7000261465e-09
7.4242424242e-01 -1.4696969697e+00 0.0000000000e+00 3.1603809584e-09 -7.7486012009e-09
7.7272727273e-01 -1.4696969697e+00 0.0000000000e+00 3.1339453619e-09 -7.7998662011e-09
8.0303030303e-01 -1.4696969697e+00 0.0000000000e+00 3.1071436322e-09 -7.8538730922e-09
8.3333333333e-01 -1.4696969697e+00 0.0000000000e+00 3.0800257865e-09 -7.9106718910e-09
8.6363636364e-01 -1.4696969697e+00 0.0000000000e+00 3.0526398029e-09 -7.9703105758e-09
8.9393939394e-01 -1.4696969697e+00 0.0000000000e+00 3.0250315357e-09 -8.0328350009e-09
9.2424242424e-01 -1.4696969697e+00 0.0000000000e+00 2.9972446544e-09 -8.0982888359e-09
9.5454545455e-01 -1.4696969697e+00 0.0000000000e+00 2.9693206052e-09 -8.1667135267e-09
9.8484848485e-01 -1.4696969697e+00 0.0000000000e+00 2.9412985915e-09 -8.2381482770e-09
1.0151515152e+00 -1.4696969697e+00 0.0000000000e+00 2.9132155744e-09 -8.3126300476e-09
1.0454545455e+00 -1.4696969697e+00 0.0000000000e+00 2.8851062867e-09 -8.3901935716e-09
1.0757575758e+00 -1.4696969697e+00 0.0000000000e+00 2.8570032631e-09 -8.4708713836e-09
1.1060606061e+00 -1.4696969697e+00 0.0000000000e+00 2.8289368813e-09 -8.5546938612e-09
1.1363636364e+00 -1.4696969697e+00 0.0000000000e+00 2.8009354131e-09 -8.6416892763e-09
1.1666666667e+00 -1.4696969697e+00 0.0000000000e+00 2.7730250850e-09 -8.7318838554e-09
1.1969696970e+00 -1.4696969697e+00 0.0000000000e+00 2.7452301452e-09 -8.8253018466e-09
1.2272727273e+00 -1.4696969697e+00 0.0000000000e+00 2.7175729355e-09 -8.9219655918e-09
1.2575757576e+00 -1.4696969697e+00 0.0000000000e+00 2.6900739688e-09 -9.0218956039e-09
1.2878787879e+00 -1.4696969697e+00 0.0000000000e+00 2.6627520083e-09 -9.1251106461e-09
1.3181818182e+00 -1.4696969697e+00 0.0000000000e+00 2.6356241495e-09 -9.2316278138e-09
1.3484848485e+00 -1.4696969697e+00 0.0000000000e+00 2.6087059025e-09 -9.3414626172e-09
1.3787878788e+00 -1.4696969697e+00 0.0000000000e+00 2.5820112753e-09 -9.4546290644e-09
1.4090909091e+00 -1.4696969697e+00 0.0000000000e+00 2.5555528562e-09 -9.5711397434e-09
1.4393939394e+00 -1.4696969697e+00 0.0000000000e+00 2.5293418951e-09 -9.6910059043e-09
1.4696969697e+00 -1.4696969697e+00 0.0000000000e+00 2.5033883833e-09 -9.8142375384e-09
1.5000000000e+00 -1.4696969697e+00 0.0000000000e+00 2.4777011317e-09 -9.9408434566e-09
-1.5000000000e+00 -1.4393939394e+00 0.0000000000e+00 2.5029099774e-09 -9.8168671564e-09
-1.4696969697e+00 -1.4393939394e+00 0.0000000000e+00 2.5293983662e-09 -9.6910623754e-09
-1.4393939394e+00 -1.4393939394e+00 0.0000000000e+00 2.5561786283e-09 -9.5686574916e-09
-1.4090909091e+00 -1.4393939394e+00 0.0000000000e+00 2.5832423969e-09 -9.4496441381e-09
-1.3787878788e+00 -1.4393939394e+00 0.0000000000e+00 2.6105800779e-09 -9.3340127211e-09
-1.3484848485e+00 -1.4393939394e+00 0.0000000000e+00 2.6381807646e-09 -9.2217523335e-09
-1.3181818182e+00 -1.4393939394e+00 0.0000000000e+00 2.6660321487e-09 -9.1128506672e-09
-1.2878787879e+00 -1.4393939394e+00 0.0000000000e+00 2.6941204300e-09 -9.0072939219e-09
-1.2575757576e+00 -1.4393939394e+00 0.0000000000e+00 2.7224302236e-09 -8.9050667128e-09
-1.2272727273e+00 -1.4393939394e+00 0.0000000000e+00 2.7509444667e-09 -8.8061519772e-09
-1.1969696970e+00 -1.4393939394e+00 0.0000000000e+00 2.7796443245e-09 -8.7105308800e-09
-1.1666666667e+00 -1.4393939394e+00 0.0000000000e+00 2.8085090960e-09 -8.6181827205e-09
-1.1363636364e+00 -1.4393939394e+00 0.0000000000e+00 2.8375161224e-09 -8.5290848397e-09
-1.1060606061e+00 -1.4393939394e+00 0.0000000000e+00 2.8666406969e-09 -8.4432125309e-09
-1.0757575758e+00 -1.4393939394e+00 0.0000000000e+00 2.8958559786e-09 -8.3605389532e-09
-1.0454545455e+00 -1.4393939394e+00 0.0000000000e+00 2.9251329117e-09 -8.2810350508e-09
-1.0151515152e+00 -1.4393939394e+00 0.0000000000e+00 2.9544401514e-09 -8.2046694788e-09
-9.8484848485e-01 -1.4393939394e+00 0.0000000000e+00 2.9837439981e-09 -8.1314085376e-09
-9.5454545455e-01 -1.4393939394e+00 0.0000000000e+00 3.0130083422e-09 -8.0612161178e-09
-9.2424242424e-01 -1.4393939394e+00 0.0000000000e+00 3.0421946215e-09 -7.9940536570e-09
-8.9393939394e-01 -1.4393939394e+00 0.0000000000e+00 3.0712617932e-09 -7.9298801126e-09
-8.6363636364e-01 -1.4393939394e+00 0.0000000000e+00 3.1001663228e-09 -7.8686519499e-09
-8.3333333333e-01 -1.4393939394e+00 0.0000000000e+00 3.1288621922e-09 -7.8103231508e-09
-8.0303030303e-01 -1.4393939394e+00 0.0000000000e+00 3.1573009298e-09 -7.7548452439e-09
-7.7272727273e-01 -1.4393939394e+00 0.0000000000e+00 3.1854316654e-09 -7.7021673587e-09
-7.4242424242e-01 -1.4393939394e+00 0.0000000000e+00 3.2132012101e-09 -7.6522363066e-09
-7.1212121212e-01 -1.4393939394e+00 0.0000000000e+00 3.2405541671e-09 -7.6049966907e-09
-6.8181818182e-01 -1.4393939394e+00 0.0000000000e+00 3.2674330718e-09 -7.5603910463e-09
-6.5151515152e-01 -1.4393939394e+00 0.0000000000e+00 3.2937785656e-09 -7.5183600149e-09
-6.2121212121e-01 -1.4393939394e+00 0.0000000000e+00 3.3195296038e-09 -7.4788425517e-09
-5.9090909091e-01 -1.4393939394e+00 0.0000000000e+00 3.3446236981e-09 -7.4417761686e-09
-5.6060606061e-01 -1.4393939394e+00 0.0000000000e+00 3.3689971960e-09 -7.4070972129e-09
-5.3030303030e-01 -1.4393939394e+00 0.0000000000e+00 3.3925855951e-09 -7.3747411823e-09
-5.0000000000e-01 -1.4393939394e+00 0.0000000000e+00 3.4153238922e-09 -7.3446430735e-09
-4.6969696970e-01 -1.4393939394e+00 0.0000000000e+00 3.4371469657e-09 -7.3167377651e-09
-4.3939393939e-01 -1.4393939394e+00 0.0000000000e+00 3.4579899896e-09 -7.2909604309e-09
-4.0909090909e-01 -1.4393939394e+00 0.0000000000e+00 3.4777888735e-09 -7.2672469806e-09
-3.7878787879e-01 -1.4393939394e+00 0.0000000000e+00 3.4964807272e-09 -7.2455345240e-09
-3.4848484848e-01 -1.4393939394e+00 0.0000000000e+00 3.5140043432e-09 -7.2257618535e-09
-3.1818181818e-01 -1.4393939394e+00 0.0000000000e+00 3.5303006912e-09 -7.2078699389e-09
-2.8787878788e-01 -1.4393939394e+00 0.0000000000e+00 3.5453134186e-09 -7.1918024275e-09
-2.5757575758e-01 -1.4393939394e+00 0.0000000000e+00 3.5589893494e-09 -7.1775061434e-09
-2.2727272727e-01 -1.4393939394e+00 0.0000000000e+00 3.5712789734e-09 -7.1649315765e-09
-1.9696969697e-01 -1.4393939394e+00 0.0000000000e+00 3.5821369183e-09 -7.1540333543e-09
-1.6666666667e-01 -1.4393939394e+00 0.0000000000e+00 3.5915223952e-09 -7.1447706879e-09
-1.3636363636e-01 -1.4393939394e+00 0.0000000000e+00 3.5993996104e-09 -7.1371077837e-09
-1.0606060606e-01 -1.4393939394e+00 0.0000000000e+00 3.6057381355e-09 -7.1310142134e-09
-7.5757575758e-02 -1.4393939394e+00 0.0000000000e+00 3.6105132281e-09 -7.1264652344e-09
-4.5454545455e-02 -1.4393939394e+00 0.0000000000e+00 3.6137060963e-09 -7.1234420548e-09
-1.5151515152e-02 -1.4393939394e+00 0.0000000000e+00 3.6153041030e-09 -7.1219320376e-09
1.5151515152e-02 -1.4393939394e+00 0.0000000000e+00 3.6153009036e-09 -7.1219288383e-09
4.5454545455e-02 -1.4393939394e+00 0.0000000000e+00 3.6136965163e-09 -7.1234324748e-09
7.5757575758e-02 -1.4393939394e+00 0.0000000000e+00 3.6104973217e-09 -7.1264493280e-09
1.0606060606e-01 -1.4393939394e+00 0.0000000000e+00 3.6057159927e-09 -7.1309920706e-09
1.3636363636e-01 -1.4393939394e+00 0.0000000000e+00 3.5993713561e-09 -7.1370795295e-09
1.6666666667e-01 -1.4393939394e+00 0.0000000000e+00 3.5914881886e-09 -7.1447364813e-09
1.9696969697e-01 -1.4393939394e+00 0.0000000000e+00 3.5820969515e-09 -7.1539933875e-09
2.2727272727e-01 -1.4393939394e+00 0.0000000000e+00 3.5712334698e-09 -7.1648860728e-09
2.5757575758e-01 -1.4393939394e+00 0.0000000000e+00 3.5589385617e-09 -7.1774553558e-09
2.8787878788e-01 -1.4393939394e+00 0.0000000000e+00 3.5452576271e-09 -7.1917466360e-09
3.1818181818e-01 -1.4393939394e+00 0.0000000000e+00 3.5302402007e-09 -7.2078094484e-09
3.4848484848e-01 -1.4393939394e+00 0.0000000000e+00 3.5139394806e-09 -7.2256969908e-09
3.7878787879e-01 -1.4393939394e+00 0.0000000000e+00 3.4964118380e-09 -7.2454656347e-09
4.0909090909e-01 -1.4393939394e+00 0.0000000000e+00 3.4777163186e-09 -7.2671744257e-09
4.3939393939e-01 -1.4393939394e+00 0.0000000000e+00 3.4579141422e-09 -7.2908845835e-09
4.6969696970e-01 -1.4393939394e+00 0.0000000000e+00 3.4370682069e-09 -7.3166590063e-09
5.0000000000e-01 -1.4393939394e+00 0.0000000000e+00 3.4152426077e-09 -7.3445617891e-09
5.3030303030e-01 -1.4393939394e+00 0.0000000000e+00 3.3925021717e-09 -7.3746577589e-09
5.6060606061e-01 -1.4393939394e+00 0.0000000000e+00 3.3689120176e-09 -7.4070120345e-09
5.9090909091e-01 -1.4393939394e+00 0.0000000000e+00 3.3445371423e-09 -7.4416896128e-09
6.2121212121e-01 -1.4393939394e+00 0.0000000000e+00 3.3194420390e-09 -7.4787549870e-09
6.5151515152e-01 -1.4393939394e+00 0.0000000000e+00 3.2936903478e-09 -7.5182717971e-09
6.8181818182e-01 -1.4393939394e+00 0.0000000000e+00 3.2673445419e-09 -7.5603025164e-09
7.1212121212e-01 -1.4393939394e+00 0.0000000000e+00 3.2404656487e-09 -7.6049081723e-09
7.4242424242e-01 -1.4393939394e+00 0.0000000000e+00 3.2131130078e-09 -7.6521481043e-09
7.7272727273e-01 -1.4393939394e+00 0.0000000000e+00 3.1853440628e-09 -7.7020797562e-09
8.0303030303e-01 -1.4393939394e+00 0.0000000000e+00 3.1572141890e-09 -7.7547585031e-09
8.3333333333e-01 -1.4393939394e+00 0.0000000000e+00 3.1287765524e-09 -7.8102375110e-09
8.6363636364e-01 -1.4393939394e+00 0.0000000000e+00 3.1000820004e-09 -7.8685676274e-09
8.9393939394e-01 -1.4393939394e+00 0.0000000000e+00 3.0711789813e-09 -7.9297973007e-09
9.2424242424e-01 -1.4393939394e+00 0.0000000000e+00 3.0421134905e-09 -7.9939725261e-09
9.5454545455e-01 -1.4393939394e+00 0.0000000000e+00 3.0129290400e-09 -8.0611368157e-09
9.8484848485e-01 -1.4393939394e+00 0.0000000000e+00 2.9836666511e-09 -8.1313311907e-09
1.0151515152e+00 -1.4393939394e+00 0.0000000000e+00 2.9543648652e-09 -8.2045941925e-09
1.0454545455e+00 -1.4393939394e+00 0.0000000000e+00 2.9250597720e-09 -8.2809619111e-09
1.0757575758e+00 -1.4393939394e+00 0.0000000000e+00 2.8957850527e-09 -8.3604680273e-09
1.1060606061e+00 -1.4393939394e+00 0.0000000000e+00 2.8665720349e-09 -8.4431438689e-09
1.1363636364e+00 -1.4393939394e+00 0.0000000000e+00 2.8374497585e-09 -8.5290184758e-09
1.1666666667e+00 -1.4393939394e+00 0.0000000000e+00 2.8084450497e-09 -8.6181186742e-09
1.1969696970e+00 -1.4393939394e+00 0.0000000000e+00 2.7795826021e-09 -8.7104691576e-09
1.2272727273e+00 -1.4393939394e+00 0.0000000000e+00 2.7508850626e-09 -8.8060925731e-09
1.2575757576e+00 -1.4393939394e+00 0.0000000000e+00 2.7223731216e-09 -8.9050096108e-09
1.2878787879e+00 -1.4393939394e+00 0.0000000000e+00 2.6940656045e-09 -9.0072390964e-09
1.3181818182e+00 -1.4393939394e+00 0.0000000000e+00 2.6659795661e-09 -9.1127980846e-09
1.3484848485e+00 -1.4393939394e+00 0.0000000000e+00 2.6381303841e-09 -9.2217019530e-09
1.3787878788e+00 -1.4393939394e+00 0.0000000000e+00 2.6105318528e-09 -9.3339644960e-09
1.4090909091e+00 -1.4393939394e+00 0.0000000000e+00 2.5831962755e-09 -9.4495980168e-09
1.4393939394e+00 -1.4393939394e+00 0.0000000000e+00 2.5561345549e-09 -9.5686134183e-09
1.4696969697e+00 -1.4393939394e+00 0.0000000000e+00 2.5293562818e-09 -9.6910202910e-09
1.5000000000e+00 -1.4393939394e+00 0.0000000000e+00 2.5028698203e-09 -9.8168269993e-09
-1.5000000000e+00 -1.4090909091e+00 0.0000000000e+00 2.5283144245e-09 -9.6961944815e-09
-1.4696969697e+00 -1.4090909091e+00 0.0000000000e+00 2.5556265125e-09 -9.5712133997e-09
-1.4393939394e+00 -1.4090909091e+00 0.0000000000e+00 2.5832577372e-09 -9.4496594785e-09
-1.4090909091e+00 -1.4090909091e+00 0.0000000000e+00 2.6112002720e-09 -9.3315248913e-09
-1.3787878788e+00 -1.4090909091e+00 0.0000000000e+00 2.6394450194e-09 -9.2168005405e-09
-1.3484848485e+00 -1.4090909091e+00 0.0000000000e+00 2.6679815167e-09 -9.1054759635e-09
-1.3181818182e+00 -1.4090909091e+00 0.0000000000e+00 2.6967978386e-09 -8.9975392350e-09
-1.2878787879e+00 -1.4090909091e+00 0.0000000000e+00 2.7258804966e-09 -8.8929768665e-09
-1.2575757576e+00 -1.4090909091e+00 0.0000000000e+00 2.7552143362e-09 -8.7917737034e-09
-1.2272727273e+00 -1.4090909091e+00 0.0000000000e+00 2.7847824309e-09 -8.6939128193e-09
-1.1969696970e+00 -1.4090909091e+00 0.0000000000e+00 2.8145659768e-09 -8.5993754103e-09
-1.1666666667e+00 -1.4090909091e+00 0.0000000000e+00 2.8445441848e-09 -8.5081406873e-09
-1.1363636364e+00 -1.4090909091e+00 0.0000000000e+00 2.8746941752e-09 -8.4201857705e-09
-1.1060606061e+00 -1.4090909091e+00 0.0000000000e+00 2.9049908723e-09 -8.3354855843e-09
-1.0757575758e+00 -1.4090909091e+00 0.0000000000e+00 2.9354069038e-09 -8.2540127564e-09
-1.0454545455e+00 -1.4090909091e+00 0.0000000000e+00 2.9659125037e-09 -8.1757375207e-09
-1.0151515152e+00 -1.4090909091e+00 0.0000000000e+00 2.9964754219e-09 -8.1006276272e-09
-9.8484848485e-01 -1.4090909091e+00 0.0000000000e+00 3.0270608423e-09 -8.0286482598e-09
-9.5454545455e-01 -1.4090909091e+00 0.0000000000e+00 3.0576313114e-09 -7.9597619650e-09
-9.2424242424e-01 -1.4090909091e+00 0.0000000000e+00 3.0881466791e-09 -7.8939285927e-09
-8.9393939394e-01 -1.4090909091e+00 0.0000000000e+00 3.1185640557e-09 -7.8311052530e-09
-8.6363636364e-01 -1.4090909091e+00 0.0000000000e+00 3.1488377854e-09 -7.7712462905e-09
-8.3333333333e-01 -1.4090909091e+00 0.0000000000e+00 3.1789194423e-09 -7.7143032789e-09
-8.0303030303e-01 -1.4090909091e+00 0.0000000000e+00 3.2087578480e-09 -7.6602250400e-09
-7.7272727273e-01 -1.4090909091e+00 0.0000000000e+00 3.2382991169e-09 -7.6089576883e-09
-7.4242424242e-01 -1.4090909091e+00 0.0000000000e+00 3.2674867304e-09 -7.5604447049e-09
-7.1212121212e-01 -1.4090909091e+00 0.0000000000e+00 3.2962616428e-09 -7.5146270444e-09
-6.8181818182e-01 -1.4090909091e+00 0.0000000000e+00 3.3245624223e-09 -7.4714432748e-09
-6.5151515152e-01 -1.4090909091e+00 0.0000000000e+00 3.3523254287e-09 -7.4308297560e-09
-6.2121212121e-01 -1.4090909091e+00 0.0000000000e+00 3.3794850303e-09 -7.3927208562e-09
-5.9090909091e-01 -1.4090909091e+00 0.0000000000e+00 3.4059738606e-09 -7.3570492090e-09
-5.6060606061e-01 -1.4090909091e+00 0.0000000000e+00 3.4317231172e-09 -7.3237460120e-09
-5.3030303030e-01 -1.4090909091e+00 0.0000000000e+00 3.4566629015e-09 -7.2927413666e-09
-5.0000000000e-01 -1.4090909091e+00 0.0000000000e+00 3.4807225996e-09 -7.2639646589e-09
-4.6969696970e-01 -1.4090909091e+00 0.0000000000e+00 3.5038313026e-09 -7.2373449799e-09
-4.3939393939e-01 -1.4090909091e+00 0.0000000000e+00 3.5259182637e-09 -7.2128115830e-09
-4.0909090909e-01 -1.4090909091e+00 0.0000000000e+00 3.5469133888e-09 -7.1902943739e-09
-3.7878787879e-01 -1.4090909091e+00 0.0000000000e+00 3.5667477559e-09 -7.1697244306e-09
-3.4848484848e-01 -1.4090909091e+00 0.0000000000e+00 3.5853541574e-09 -7.1510345456e-09
-3.1818181818e-01 -1.4090909091e+00 0.0000000000e+00 3.6026676588e-09 -7.1341597844e-09
-2.8787878788e-01 -1.4090909091e+00 0.0000000000e+00 3.6186261667e-09 -7.1190380536e-09
-2.5757575758e-01 -1.4090909091e+00 0.0000000000e+00 3.6331709963e-09 -7.1056106683e-09
-2.2727272727e-01 -1.4090909091e+00 0.0000000000e+00 3.6462474302e-09 -7.0938229113e-09
-1.9696969697e-01 -1.4090909091e+00 0.0000000000e+00 3.6578052592e-09 -7.0836245731e-09
-1.6666666667e-01 -1.4090909091e+00 0.0000000000e+00 3.6677992941e-09 -7.0749704648e-09
-1.3636363636e-01 -1.4090909091e+00 0.0000000000e+00 3.6761898400e-09 -7.0678208914e-09
-1.0606060606e-01 -1.4090909091e+00 0.0000000000e+00 3.6829431232e-09 -7.0621420790e-09
-7.5757575758e-02 -1.4090909091e+00 0.0000000000e+00 3.6880316612e-09 -7.0579065454e-09
-4.5454545455e-02 -1.4090909091e+00 0.0000000000e+00 3.6914345700e-09 -7.0550934065e-09
-1.5151515152e-02 -1.4090909091e+00 0.0000000000e+00 3.6931377997e-09 -7.0536886124e-09
1.5151515152e-02 -1.4090909091e+00 0.0000000000e+00 3.6931342951e-09 -7.0536851077e-09
4.5454545455e-02 -1.4090909091e+00 0.0000000000e+00 3.6914240762e-09 -7.0550829127e-09
7.5757575758e-02 -1.4090909091e+00 0.0000000000e+00 3.6880142387e-09 -7.0578891229e-09
1.0606060606e-01 -1.4090909091e+00 0.0000000000e+00 3.6829188724e-09 -7.0621178282e-09
1.3636363636e-01 -1.4090909091e+00 0.0000000000e+00 3.6761589006e-09 -7.0677899519e-09
1.6666666667e-01 -1.4090909091e+00 0.0000000000e+00 3.6677618437e-09 -7.0749330144e-09
1.9696969697e-01 -1.4090909091e+00 0.0000000000e+00 3.6577615125e-09 -7.0835808265e-09
2.2727272727e-01 -1.4090909091e+00 0.0000000000e+00 3.6461976372e-09 -7.0937731182e-09
2.5757575758e-01 -1.4090909091e+00 0.0000000000e+00 3.6331154399e-09 -7.1055551119e-09
2.8787878788e-01 -1.4090909091e+00 0.0000000000e+00 3.6185651606e-09 -7.1189770475e-09
3.1818181818e-01 -1.4090909091e+00 0.0000000000e+00 3.6026015445e-09 -7.1340936701e-09
3.4848484848e-01 -1.4090909091e+00 0.0000000000e+00 3.5852833010e-09 -7.1509636892e-09
3.7878787879e-01 -1.4090909091e+00 0.0000000000e+00 3.5666725448e-09 -7.1696492195e-09
4.0909090909e-01 -1.4090909091e+00 0.0000000000e+00 3.5468342274e-09 -7.1902152125e-09
4.3939393939e-01 -1.4090909091e+00 0.0000000000e+00 3.5258355696e-09 -7.2127288889e-09
4.6969696970e-01 -1.4090909091e+00 0.0000000000e+00 3.5037455024e-09 -7.2372591798e-09
5.0000000000e-01 -1.4090909091e+00 0.0000000000e+00 3.4806341246e-09 -7.2638761839e-09
5.3030303030e-01 -1.4090909091e+00 0.0000000000e+00 3.4565721832e-09 -7.2926506484e-09
5.6060606061e-01 -1.4090909091e+00 0.0000000000e+00 3.4316305835e-09 -7.3236534784e-09
5.9090909091e-01 -1.4090909091e+00 0.0000000000e+00 3.4058799315e-09 -7.3569552799e-09
6.2121212121e-01 -1.4090909091e+00 0.0000000000e+00 3.3793901143e-09 -7.3926259403e-09
6.5151515152e-01 -1.4090909091e+00 0.0000000000e+00 3.3522299197e-09 -7.4307342469e-09
6.8181818182e-01 -1.4090909091e+00 0.0000000000e+00 3.3244666960e-09 -7.4713475485e-09
7.1212121212e-01 -1.4090909091e+00 0.0000000000e+00 3.2961660549e-09 -7.5145314565e-09
7.4242424242e-01 -1.4090909091e+00 0.0000000000e+00 3.2673916140e-09 -7.5603495884e-09
7.7272727273e-01 -1.4090909091e+00 0.0000000000e+00 3.2382047809e-09 -7.6088633522e-09
8.0303030303e-01 -1.4090909091e+00 0.0000000000e+00 3.2086645760e-09 -7.6601317680e-09
8.3333333333e-01 -1.4090909091e+00 0.0000000000e+00 3.1788274921e-09 -7.7142113287e-09
8.6363636364e-01 -1.4090909091e+00 0.0000000000e+00 3.1487473882e-09 -7.7711558933e-09
8.9393939394e-01 -1.4090909091e+00 0.0000000000e+00 3.1184754164e-09 -7.8310166138e-09
9.2424242424e-01 -1.4090909091e+00 0.0000000000e+00 3.0880599769e-09 -7.8938418905e-09
9.5454545455e-01 -1.4090909091e+00 0.0000000000e+00 3.0575467000e-09 -7.9596773536e-09
9.8484848485e-01 -1.4090909091e+00 0.0000000000e+00 3.0269784512e-09 -8.0285658688e-09
1.0151515152e+00 -1.4090909091e+00 0.0000000000e+00 2.9963953575e-09 -8.1005475628e-09
1.0454545455e+00 -1.4090909091e+00 0.0000000000e+00 2.9658348505e-09 -8.1756598675e-09
1.0757575758e+00 -1.4090909091e+00 0.0000000000e+00 2.9353317260e-09 -8.2539375785e-09
1.1060606061e+00 -1.4090909091e+00 0.0000000000e+00 2.9049182150e-09 -8.3354129270e-09
1.1363636364e+00 -1.4090909091e+00 0.0000000000e+00 2.8746240663e-09 -8.4201156616e-09
1.1666666667e+00 -1.4090909091e+00 0.0000000000e+00 2.8444766367e-09 -8.5080731392e-09
1.1969696970e+00 -1.4090909091e+00 0.0000000000e+00 2.8145009873e-09 -8.5993104208e-09
1.2272727273e+00 -1.4090909091e+00 0.0000000000e+00 2.7847199855e-09 -8.6938503740e-09
1.2575757576e+00 -1.4090909091e+00 0.0000000000e+00 2.7551544091e-09 -8.7917137763e-09
1.2878787879e+00 -1.4090909091e+00 0.0000000000e+00 2.7258230524e-09 -8.8929194222e-09
1.3181818182e+00 -1.4090909091e+00 0.0000000000e+00 2.6967428332e-09 -8.9974842296e-09
1.3484848485e+00 -1.4090909091e+00 0.0000000000e+00 2.6679288992e-09 -9.1054233460e-09
1.3787878788e+00 -1.4090909091e+00 0.0000000000e+00 2.6393947328e-09 -9.2167502539e-09
1.4090909091e+00 -1.4090909091e+00 0.0000000000e+00 2.6111522544e-09 -9.3314768737e-09
1.4393939394e+00 -1.4090909091e+00 0.0000000000e+00 2.5832119228e-09 -9.4496136640e-09
1.4696969697e+00 -1.4090909091e+00 0.0000000000e+00 2.5555828324e-09 -9.5711697196e-09
1.5000000000e+00 -1.4090909091e+00 0.0000000000e+00 2.5282728078e-09 -9.6961528648e-09
-1.5000000000e+00 -1.3787878788e+00 0.0000000000e+00 2.5539429513e-09 -9.5788539101e-09
-1.4696969697e+00 -1.3787878788e+00 0.0000000000e+00 2.5821034217e-09 -9.4547212107e-09
-1.4393939394e+00 -1.3787878788e+00 0.0000000000e+00 2.6106120819e-09 -9.3340447250e-09
-1.4090909091e+00 -1.3787878788e+00 0.0000000000e+00 2.6394617487e-09 -9.2168172698e-09
-1.3787878788e+00 -1.3787878788e+00 0.0000000000e+00 2.6686439273e-09 -9.1030303502e-09
-1.3484848485e+00 -1.3787878788e+00 0.0000000000e+00 2.6981487074e-09 -8.9926740561e-09
-1.3181818182e+00 -1.3787878788e+00 0.0000000000e+00 2.7279646573e-09 -8.8857369555e-09
-1.2878787879e+00 -1.3787878788e+00 0.0000000000e+00 2.7580787116e-09 -8.7822059833e-09
-1.2575757576e+00 -1.3787878788e+00 0.0000000000e+00 2.7884760572e-09 -8.6820663263e-09
-1.2272727273e+00 -1.3787878788e+00 0.0000000000e+00 2.8191400155e-09 -8.5853013058e-09
-1.1969696970e+00 -1.3787878788e+00 0.0000000000e+00 2.8500519222e-09 -8.4918922576e-09
-1.1666666667e+00 -1.3787878788e+00 0.0000000000e+00 2.8811910062e-09 -8.4018184105e-09
-1.1363636364e+00 -1.3787878788e+00 0.0000000000e+00 2.9125342676e-09 -8.3150567647e-09
-1.1060606061e+00 -1.3787878788e+00 0.0000000000e+00 2.9440563573e-09 -8.2315819711e-09
-1.0757575758e+00 -1.3787878788e+00 0.0000000000e+00 2.9757294580e-09 -8.1513662124e-09
-1.0454545455e+00 -1.3787878788e+00 0.0000000000e+00 3.0075231696e-09 -8.0743790884e-09
-1.0151515152e+00 -1.3787878788e+00 0.0000000000e+00 3.0394044005e-09 -8.0005875077e-09
-9.8484848485e-01 -1.3787878788e+00 0.0000000000e+00 3.0713372669e-09 -7.9299555863e-09
-9.5454545455e-01 -1.3787878788e+00 0.0000000000e+00 3.1032830016e-09 -7.8624445571e-09
-9.2424242424e-01 -1.3787878788e+00 0.0000000000e+00 3.1351998768e-09 -7.7980126922e-09
-8.9393939394e-01 -1.3787878788e+00 0.0000000000e+00 3.1670431416e-09 -7.7366152408e-09
-8.6363636364e-01 -1.3787878788e+00 0.0000000000e+00 3.1987649790e-09 -7.6782043858e-09
-8.3333333333e-01 -1.3787878788e+00 0.0000000000e+00 3.2303144838e-09 -7.6227292222e-09
-8.0303030303e-01 -1.3787878788e+00 0.0000000000e+00 3.2616376669e-09 -7.5701357608e-09
-7.7272727273e-01 -1.3787878788e+00 0.0000000000e+00 3.2926774874e-09 -7.5203669606e-09
-7.4242424242e-01 -1.3787878788e+00 0.0000000000e+00 3.3233739166e-09 -7.4733627930e-09
-7.1212121212e-01 -1.3787878788e+00 0.0000000000e+00 3.3536640385e-09 -7.4290603419e-09
-6.8181818182e-01 -1.3787878788e+00 0.0000000000e+00 3.3834821877e-09 -7.3873939420e-09
-6.5151515152e-01 -1.3787878788e+00 0.0000000000e+00 3.4127601299e-09 -7.3482953590e-09
-6.2121212121e-01 -1.3787878788e+00 0.0000000000e+00 3.4414272860e-09 -7.3116940137e-09
-5.9090909091e-01 -1.3787878788e+00 0.0000000000e+00 3.4694110027e-09 -7.2775172530e-09
-5.6060606061e-01 -1.3787878788e+00 0.0000000000e+00 3.4966368711e-09 -7.2456906678e-09
-5.3030303030e-01 -1.3787878788e+00 0.0000000000e+00 3.5230290927e-09 -7.2161384597e-09
-5.0000000000e-01 -1.3787878788e+00 0.0000000000e+00 3.5485108946e-09 -7.1887838557e-09
-4.6969696970e-01 -1.3787878788e+00 0.0000000000e+00 3.5730049905e-09 -7.1635495697e-09
-4.3939393939e-01 -1.3787878788e+00 0.0000000000e+00 3.5964340866e-09 -7.1403583077e-09
-4.0909090909e-01 -1.3787878788e+00 0.0000000000e+00 3.6187214270e-09 -7.1191333139e-09
-3.7878787879e-01 -1.3787878788e+00 0.0000000000e+00 3.6397913757e-09 -7.0997989523e-09
-3.4848484848e-01 -1.3787878788e+00 0.0000000000e+00 3.6595700272e-09 -7.0822813172e-09
-3.1818181818e-01 -1.3787878788e+00 0.0000000000e+00 3.6779858379e-09 -7.0665088654e-09
-2.8787878788e-01 -1.3787878788e+00 0.0000000000e+00 3.6949702719e-09 -7.0524130607e-09
-2.5757575758e-01 -1.3787878788e+00 0.0000000000e+00 3.7104584476e-09 -7.0399290215e-09
-2.2727272727e-01 -1.3787878788e+00 0.0000000000e+00 3.7243897780e-09 -7.0289961609e-09
-1.9696969697e-01 -1.3787878788e+00 0.0000000000e+00 3.7367085913e-09 -7.0195588071e-09
-1.6666666667e-01 -1.3787878788e+00 0.0000000000e+00 3.7473647205e-09 -7.0115667930e-09
-1.3636363636e-01 -1.3787878788e+00 0.0000000000e+00 3.7563140507e-09 -7.0049760038e-09
-1.0606060606e-01 -1.3787878788e+00 0.0000000000e+00 3.7635190130e-09 -6.9997488707e-09
-7.5757575758e-02 -1.3787878788e+00 0.0000000000e+00 3.7689490143e-09 -6.9958548004e-09
-4.5454545455e-02 -1.3787878788e+00 0.0000000000e+00 3.7725807924e-09 -6.9932705307e-09
-1.5151515152e-02 -1.3787878788e+00 0.0000000000e+00 3.7743986912e-09 -6.9919804056e-09
1.5151515152e-02 -1.3787878788e+00 0.0000000000e+00 3.7743948466e-09 -6.9919765611e-09
4.5454545455e-02 -1.3787878788e+00 0.0000000000e+00 3.7725692813e-09 -6.9932590197e-09
7.5757575758e-02 -1.3787878788e+00 0.0000000000e+00 3.7689299042e-09 -6.9958356903e-09
1.0606060606e-01 -1.3787878788e+00 0.0000000000e+00 3.7634924159e-09 -6.9997222736e-09
1.3636363636e-01 -1.3787878788e+00 0.0000000000e+00 3.7562801224e-09 -7.0049420756e-09
1.6666666667e-01 -1.3787878788e+00 0.0000000000e+00 3.7473236597e-09 -7.0115257322e-09
1.9696969697e-01 -1.3787878788e+00 0.0000000000e+00 3.7366606381e-09 -7.0195108539e-09
2.2727272727e-01 -1.3787878788e+00 0.0000000000e+00 3.7243352121e-09 -7.0289415950e-09
2.5757575758e-01 -1.3787878788e+00 0.0000000000e+00 3.7103975859e-09 -7.0398681598e-09
2.8787878788e-01 -1.3787878788e+00 0.0000000000e+00 3.6949034662e-09 -7.0523462550e-09
3.1818181818e-01 -1.3787878788e+00 0.0000000000e+00 3.6779134713e-09 -7.0664364988e-09
3.4848484848e-01 -1.3787878788e+00 0.0000000000e+00 3.6594925106e-09 -7.0822038006e-09
3.7878787879e-01 -1.3787878788e+00 0.0000000000e+00 3.6397091438e-09 -7.0997167203e-09
4.0909090909e-01 -1.3787878788e+00 0.0000000000e+00 3.6186349337e-09 -7.1190468206e-09
4.3939393939e-01 -1.3787878788e+00 0.0000000000e+00 3.5963438005e-09 -7.1402680216e-09
4.6969696970e-01 -1.3787878788e+00 0.0000000000e+00 3.5729113899e-09 -7.1634559691e-09
5.0000000000e-01 -1.3787878788e+00 0.0000000000e+00 3.5484144623e-09 -7.1886874235e-09
5.3030303030e-01 -1.3787878788e+00 0.0000000000e+00 3.5229303115e-09 -7.2160396785e-09
5.6060606061e-01 -1.3787878788e+00 0.0000000000e+00 3.4965362185e-09 -7.2455900152e-09
5.9090909091e-01 -1.3787878788e+00 0.0000000000e+00 3.4693089466e-09 -7.2774151970e-09
6.2121212121e-01 -1.3787878788e+00 0.0000000000e+00 3.4413242803e-09 -7.3115910081e-09
6.5151515152e-01 -1.3787878788e+00 0.0000000000e+00 3.4126566107e-09 -7.3481918398e-09
6.8181818182e-01 -1.3787878788e+00 0.0000000000e+00 3.3833785700e-09 -7.3872903243e-09
7.1212121212e-01 -1.3787878788e+00 0.0000000000e+00 3.3535607131e-09 -7.4289570165e-09
7.4242424242e-01 -1.3787878788e+00 0.0000000000e+00 3.3232712481e-09 -7.4732601245e-09
7.7272727273e-01 -1.3787878788e+00 0.0000000000e+00 3.2925758122e-09 -7.5202652854e-09
8.0303030303e-01 -1.3787878788e+00 0.0000000000e+00 3.2615372922e-09 -7.5700353860e-09
8.3333333333e-01 -1.3787878788e+00 0.0000000000e+00 3.2302156866e-09 -7.6226304250e-09
8.6363636364e-01 -1.3787878788e+00 0.0000000000e+00 3.1986680061e-09 -7.6781074130e-09
8.9393939394e-01 -1.3787878788e+00 0.0000000000e+00 3.1669482100e-09 -7.7365203092e-09
9.2424242424e-01 -1.3787878788e+00 0.0000000000e+00 3.1351071739e-09 -7.7979199893e-09
9.5454545455e-01 -1.3787878788e+00 0.0000000000e+00 3.1031926864e-09 -7.8623542418e-09
9.8484848485e-01 -1.3787878788e+00 0.0000000000e+00 3.0712494711e-09 -7.9298677905e-09
1.0151515152e+00 -1.3787878788e+00 0.0000000000e+00 3.0393192301e-09 -8.0005023373e-09
1.0454545455e+00 -1.3787878788e+00 0.0000000000e+00 3.0074407063e-09 -8.0742966251e-09
1.0757575758e+00 -1.3787878788e+00 0.0000000000e+00 2.9756497612e-09 -8.1512865156e-09
1.1060606061e+00 -1.3787878788e+00 0.0000000000e+00 2.9439794658e-09 -8.2315050796e-09
1.1363636364e+00 -1.3787878788e+00 0.0000000000e+00 2.9124602013e-09 -8.3149826984e-09
1.1666666667e+00 -1.3787878788e+00 0.0000000000e+00 2.8811197681e-09 -8.4017471724e-09
1.1969696970e+00 -1.3787878788e+00 0.0000000000e+00 2.8499835003e-09 -8.4918238356e-09
1.2272727273e+00 -1.3787878788e+00 0.0000000000e+00 2.8190743843e-09 -8.5852356746e-09
1.2575757576e+00 -1.3787878788e+00 0.0000000000e+00 2.7884131797e-09 -8.6820034487e-09
1.2878787879e+00 -1.3787878788e+00 0.0000000000e+00 2.7580185405e-09 -8.7821458123e-09
1.3181818182e+00 -1.3787878788e+00 0.0000000000e+00 2.7279071370e-09 -8.8856794353e-09
1.3484848485e+00 -1.3787878788e+00 0.0000000000e+00 2.6980937751e-09 -8.9926191238e-09
1.3787878788e+00 -1.3787878788e+00 0.0000000000e+00 2.6685915141e-09 -9.1029779370e-09
1.4090909091e+00 -1.3787878788e+00 0.0000000000e+00 2.6394117813e-09 -9.2167673024e-09
1.4393939394e+00 -1.3787878788e+00 0.0000000000e+00 2.6105644830e-09 -9.3339971262e-09
1.4696969697e+00 -1.3787878788e+00 0.0000000000e+00 2.5820581117e-09 -9.4546759008e-09
1.5000000000e+00 -1.3787878788e+00 0.0000000000e+00 2.5538998486e-09 -9.5788108074e-09
-1.5000000000e+00 -1.3484848485e+00 0.0000000000e+00 2.5797841052e-09 -9.4648339897e-09
-1.4696969697e+00 -1.3484848485e+00 0.0000000000e+00 2.6088179095e-09 -9.3415746242e-09
-1.4393939394e+00 -1.3484848485e+00 0.0000000000e+00 2.6382308332e-09 -9.2218024020e-09
-1.4090909091e+00 -1.3484848485e+00 0.0000000000e+00 2.6680164507e-09 -9.1055108975e-09
-1.3787878788e+00 -1.3484848485e+00 0.0000000000e+00 2.6981669872e-09 -8.9926923358e-09
-1.3484848485e+00 -1.3484848485e+00 0.0000000000e+00 2.7286732062e-09 -8.8833374806e-09
-1.3181818182e+00 -1.3484848485e+00 0.0000000000e+00 2.7595242928e-09 -8.7774355168e-09
-1.2878787879e+00 -1.3484848485e+00 0.0000000000e+00 2.7907077307e-09 -8.6749739281e-09
-1.2575757576e+00 -1.3484848485e+00 0.0000000000e+00 2.8222091752e-09 -8.5759383700e-09
-1.2272727273e+00 -1.3484848485e+00 0.0000000000e+00 2.8540123224e-09 -8.4803125384e-09
-1.1969696970e+00 -1.3484848485e+00 0.0000000000e+00 2.8860987742e-09 -8.3880780353e-09
-1.1666666667e+00 -1.3484848485e+00 0.0000000000e+00 2.9184479011e-09 -8.2992142311e-09
-1.1363636364e+00 -1.3484848485e+00 0.0000000000e+00 2.9510367035e-09 -8.2136981263e-09
-1.1060606061e+00 -1.3484848485e+00 0.0000000000e+00 2.9838396726e-09 -8.1315042122e-09
-1.0757575758e+00 -1.3484848485e+00 0.0000000000e+00 3.0168286528e-09 -8.0526043329e-09
-1.0454545455e+00 -1.3484848485e+00 0.0000000000e+00 3.0499727065e-09 -7.9769675511e-09
-1.0151515152e+00 -1.3484848485e+00 0.0000000000e+00 3.0832379845e-09 -7.9045600174e-09
-9.8484848485e-01 -1.3484848485e+00 0.0000000000e+00 3.1165876033e-09 -7.8353448484e-09
-9.5454545455e-01 -1.3484848485e+00 0.0000000000e+00 3.1499815323e-09 -7.7692820134e-09
-9.2424242424e-01 -1.3484848485e+00 0.0000000000e+00 3.1833764939e-09 -7.7063282350e-09
-8.9393939394e-01 -1.3484848485e+00 0.0000000000e+00 3.2167258794e-09 -7.6464369043e-09
-8.6363636364e-01 -1.3484848485e+00 0.0000000000e+00 3.2499796842e-09 -7.5895580168e-09
-8.3333333333e-01 -1.3484848485e+00 0.0000000000e+00 3.2830844659e-09 -7.5356381301e-09
-8.0303030303e-01 -1.3484848485e+00 0.0000000000e+00 3.3159833297e-09 -7.4846203493e-09
-7.7272727273e-01 -1.3484848485e+00 0.0000000000e+00 3.3486159440e-09 -7.4364443429e-09
-7.4242424242e-01 -1.3484848485e+00 0.0000000000e+00 3.3809185916e-09 -7.3910463937e-09
-7.1212121212e-01 -1.3484848485e+00 0.0000000000e+00 3.4128242598e-09 -7.3483594889e-09
-6.8181818182e-01 -1.3484848485e+00 0.0000000000e+00 3.4442627732e-09 -7.3083134532e-09
-6.5151515152e-01 -1.3484848485e+00 0.0000000000e+00 3.4751609740e-09 -7.2708351288e-09
-6.2121212121e-01 -1.3484848485e+00 0.0000000000e+00 3.5054429516e-09 -7.2358486051e-09
-5.9090909091e-01 -1.3484848485e+00 0.0000000000e+00 3.5350303258e-09 -7.2032755018e-09
-5.6060606061e-01 -1.3484848485e+00 0.0000000000e+00 3.5638425843e-09 -7.1730353068e-09
-5.3030303030e-01 -1.3484848485e+00 0.0000000000e+00 3.5917974773e-09 -7.1450457700e-09
-5.0000000000e-01 -1.3484848485e+00 0.0000000000e+00 3.6188114676e-09 -7.1192233545e-09
-4.6969696970e-01 -1.3484848485e+00 0.0000000000e+00 3.6448002368e-09 -7.0954837417e-09
-4.3939393939e-01 -1.3484848485e+00 0.0000000000e+00 3.6696792436e-09 -7.0737423904e-09
-4.0909090909e-01 -1.3484848485e+00 0.0000000000e+00 3.6933643320e-09 -7.0539151446e-09
-3.7878787879e-01 -1.3484848485e+00 0.0000000000e+00 3.7157723827e-09 -7.0359188850e-09
-3.4848484848e-01 -1.3484848485e+00 0.0000000000e+00 3.7368220008e-09 -7.0196722166e-09
-3.1818181818e-01 -1.3484848485e+00 0.0000000000e+00 3.7564342318e-09 -7.0050961850e-09
-2.8787878788e-01 -1.3484848485e+00 0.0000000000e+00 3.7745332954e-09 -6.9921150099e-09
-2.5757575758e-01 -1.3484848485e+00 0.0000000000e+00 3.7910473253e-09 -6.9806568250e-09
-2.2727272727e-01 -1.3484848485e+00 0.0000000000e+00 3.8059091035e-09 -6.9706544122e-09
-1.9696969697e-01 -1.3484848485e+00 0.0000000000e+00 3.8190567743e-09 -6.9620459158e-09
-1.6666666667e-01 -1.3484848485e+00 0.0000000000e+00 3.8304345255e-09 -6.9547755237e-09
-1.3636363636e-01 -1.3484848485e+00 0.0000000000e+00 3.8399932218e-09 -6.9487941007e-09
-1.0606060606e-01 -1.3484848485e+00 0.0000000000e+00 3.8476909783e-09 -6.9440597617e-09
-7.5757575758e-02 -1.3484848485e+00 0.0000000000e+00 3.8534936592e-09 -6.9405383710e-09
-4.5454545455e-02 -1.3484848485e+00 0.0000000000e+00 3.8573752927e-09 -6.9382039568e-09
-1.5151515152e-02 -1.3484848485e+00 0.0000000000e+00 3.8593183911e-09 -6.9370390312e-09
1.5151515152e-02 -1.3484848485e+00 0.0000000000e+00 3.8593141677e-09 -6.9370348079e-09
4.5454545455e-02 -1.3484848485e+00 0.0000000000e+00 3.8573626478e-09 -6.9381913119e-09
7.5757575758e-02 -1.3484848485e+00 0.0000000000e+00 3.8534726679e-09 -6.9405173797e-09
1.0606060606e-01 -1.3484848485e+00 0.0000000000e+00 3.8476617657e-09 -6.9440305491e-09
1.3636363636e-01 -1.3484848485e+00 0.0000000000e+00 3.8399559619e-09 -6.9487568408e-09
1.6666666667e-01 -1.3484848485e+00 0.0000000000e+00 3.8303894402e-09 -6.9547304385e-09
1.9696969697e-01 -1.3484848485e+00 0.0000000000e+00 3.8190041323e-09 -6.9619932738e-09
2.2727272727e-01 -1.3484848485e+00 0.0000000000e+00 3.8058492181e-09 -6.9705945267e-09
2.5757575758e-01 -1.3484848485e+00 0.0000000000e+00 3.7909805519e-09 -6.9805900515e-09
2.8787878788e-01 -1.3484848485e+00 0.0000000000e+00 3.7744600287e-09 -6.9920417432e-09
3.1818181818e-01 -1.3484848485e+00 0.0000000000e+00 3.7563549023e-09 -7.0050168555e-09
3.4848484848e-01 -1.3484848485e+00 0.0000000000e+00 3.7367370703e-09 -7.0195872861e-09
3.7878787879e-01 -1.3484848485e+00 0.0000000000e+00 3.7156823400e-09 -7.0358288423e-09
4.0909090909e-01 -1.3484848485e+00 0.0000000000e+00 3.6932696876e-09 -7.0538205002e-09
4.3939393939e-01 -1.3484848485e+00 0.0000000000e+00 3.6695805241e-09 -7.0736436710e-09
4.6969696970e-01 -1.3484848485e+00 0.0000000000e+00 3.6446979796e-09 -7.0953814845e-09
5.0000000000e-01 -1.3484848485e+00 0.0000000000e+00 3.6187062147e-09 -7.1191181016e-09
5.3030303030e-01 -1.3484848485e+00 0.0000000000e+00 3.5916897695e-09 -7.1449380622e-09
5.6060606061e-01 -1.3484848485e+00 0.0000000000e+00 3.5637329557e-09 -7.1729256782e-09
5.9090909091e-01 -1.3484848485e+00 0.0000000000e+00 3.5349192985e-09 -7.2031644745e-09
6.2121212121e-01 -1.3484848485e+00 0.0000000000e+00 3.5053310307e-09 -7.2357366842e-09
6.5151515152e-01 -1.3484848485e+00 0.0000000000e+00 3.4750486432e-09 -7.2707227980e-09
6.8181818182e-01 -1.3484848485e+00 0.0000000000e+00 3.4441504910e-09 -7.3082011710e-09
7.1212121212e-01 -1.3484848485e+00 0.0000000000e+00 3.4127124562e-09 -7.3482476853e-09
7.4242424242e-01 -1.3484848485e+00 0.0000000000e+00 3.3808076658e-09 -7.3909354679e-09
7.7272727273e-01 -1.3484848485e+00 0.0000000000e+00 3.3485062623e-09 -7.4363346612e-09
8.0303030303e-01 -1.3484848485e+00 0.0000000000e+00 3.3158752244e-09 -7.4845122440e-09
8.3333333333e-01 -1.3484848485e+00 0.0000000000e+00 3.2829782346e-09 -7.5355318988e-09
8.6363636364e-01 -1.3484848485e+00 0.0000000000e+00 3.2498755898e-09 -7.5894539224e-09
8.9393939394e-01 -1.3484848485e+00 0.0000000000e+00 3.2166241506e-09 -7.6463351755e-09
9.2424242424e-01 -1.3484848485e+00 0.0000000000e+00 3.1832773260e-09 -7.7062290671e-09
9.5454545455e-01 -1.3484848485e+00 0.0000000000e+00 3.1498850885e-09 -7.7691855697e-09
9.8484848485e-01 -1.3484848485e+00 0.0000000000e+00 3.1164940164e-09 -7.8352512615e-09
1.0151515152e+00 -1.3484848485e+00 0.0000000000e+00 3.0831473584e-09 -7.9044693913e-09
1.0454545455e+00 -1.3484848485e+00 0.0000000000e+00 3.0498851185e-09 -7.9768799631e-09
1.0757575758e+00 -1.3484848485e+00 0.0000000000e+00 3.0167441556e-09 -8.0525198357e-09
1.1060606061e+00 -1.3484848485e+00 0.0000000000e+00 2.9837582963e-09 -8.1314228359e-09
1.1363636364e+00 -1.3484848485e+00 0.0000000000e+00 2.9509584580e-09 -8.2136198809e-09
1.1666666667e+00 -1.3484848485e+00 0.0000000000e+00 2.9183727783e-09 -8.2991391083e-09
1.1969696970e+00 -1.3484848485e+00 0.0000000000e+00 2.8860267497e-09 -8.3880060108e-09
1.2272727273e+00 -1.3484848485e+00 0.0000000000e+00 2.8539433579e-09 -8.4802435739e-09
1.2575757576e+00 -1.3484848485e+00 0.0000000000e+00 2.8221432203e-09 -8.5758724150e-09
1.2878787879e+00 -1.3484848485e+00 0.0000000000e+00 2.7906447246e-09 -8.6749109220e-09
1.3181818182e+00 -1.3484848485e+00 0.0000000000e+00 2.7594641663e-09 -8.7773753902e-09
1.3484848485e+00 -1.3484848485e+00 0.0000000000e+00 2.7286158828e-09 -8.8832801572e-09
1.3787878788e+00 -1.3484848485e+00 0.0000000000e+00 2.6981123847e-09 -8.9926377334e-09
1.4090909091e+00 -1.3484848485e+00 0.0000000000e+00 2.6679644827e-09 -9.1054589296e-09
1.4393939394e+00 -1.3484848485e+00 0.0000000000e+00 2.6381814099e-09 -9.2217529788e-09
1.4696969697e+00 -1.3484848485e+00 0.0000000000e+00 2.6087709389e-09 -9.3415276537e-09
1.5000000000e+00 -1.3484848485e+00 0.0000000000e+00 2.5797394940e-09 -9.4647893785e-09
-1.5000000000e+00 -1.3181818182e+00 0.0000000000e+00 2.6058251572e-09 -9.3541219913e-09
-1.4696969697e+00 -1.3181818182e+00 0.0000000000e+00 2.6357574532e-09 -9.2317611176e-09
-1.4393939394e+00 -1.3181818182e+00 0.0000000000e+00 2.6661017622e-09 -9.1129202806e-09
-1.4090909091e+00 -1.3181818182e+00 0.0000000000e+00 2.6968525413e-09 -8.9975939377e-09
-1.3787878788e+00 -1.3181818182e+00 0.0000000000e+00 2.7280028658e-09 -8.8857751641e-09
-1.3484848485e+00 -1.3181818182e+00 0.0000000000e+00 2.7595443075e-09 -8.7774555315e-09
-1.3181818182e+00 -1.3181818182e+00 0.0000000000e+00 2.7914668063e-09 -8.6726249799e-09
-1.2878787879e+00 -1.3181818182e+00 0.0000000000e+00 2.8237585364e-09 -8.5712716834e-09
-1.2575757576e+00 -1.3181818182e+00 0.0000000000e+00 2.8564057654e-09 -8.4733819098e-09
-1.2272727273e+00 -1.3181818182e+00 0.0000000000e+00 2.8893927091e-09 -8.3789398747e-09
-1.1969696970e+00 -1.3181818182e+00 0.0000000000e+00 2.9227013809e-09 -8.2879275916e-09
-1.1666666667e+00 -1.3181818182e+00 0.0000000000e+00 2.9563114369e-09 -8.2003247165e-09
-1.1363636364e+00 -1.3181818182e+00 0.0000000000e+00 2.9902000189e-09 -8.1161083914e-09
-1.1060606061e+00 -1.3181818182e+00 0.0000000000e+00 3.0243415950e-09 -8.0352530841e-09
-1.0757575758e+00 -1.3181818182e+00 0.0000000000e+00 3.0587078003e-09 -7.9577304300e-09
-1.0454545455e+00 -1.3181818182e+00 0.0000000000e+00 3.0932672794e-09 -7.8835090736e-09
-1.0151515152e+00 -1.3181818182e+00 0.0000000000e+00 3.1279855330e-09 -7.8125545155e-09
-9.8484848485e-01 -1.3181818182e+00 0.0000000000e+00 3.1628247697e-09 -7.7448289644e-09
-9.5454545455e-01 -1.3181818182e+00 0.0000000000e+00 3.1977437686e-09 -7.6802911993e-09
-9.2424242424e-01 -1.3181818182e+00 0.0000000000e+00 3.2326977527e-09 -7.6188964434e-09
-8.9393939394e-01 -1.3181818182e+00 0.0000000000e+00 3.2676382794e-09 -7.5605962539e-09
-8.6363636364e-01 -1.3181818182e+00 0.0000000000e+00 3.3025131496e-09 -7.5053384318e-09
-8.3333333333e-01 -1.3181818182e+00 0.0000000000e+00 3.3372663415e-09 -7.4530669552e-09
-8.0303030303e-01 -1.3181818182e+00 0.0000000000e+00 3.3718379727e-09 -7.4037219418e-09
-7.7272727273e-01 -1.3181818182e+00 0.0000000000e+00 3.4061642950e-09 -7.3572396434e-09
-7.4242424242e-01 -1.3181818182e+00 0.0000000000e+00 3.4401777278e-09 -7.3135524795e-09
-7.1212121212e-01 -1.3181818182e+00 0.0000000000e+00 3.4738069341e-09 -7.2725891128e-09
-6.8181818182e-01 -1.3181818182e+00 0.0000000000e+00 3.5069769441e-09 -7.2342745737e-09
-6.5151515152e-01 -1.3181818182e+00 0.0000000000e+00 3.5396093312e-09 -7.1985304356e-09
-6.2121212121e-01 -1.3181818182e+00 0.0000000000e+00 3.5716224457e-09 -7.1652750487e-09
-5.9090909091e-01 -1.3181818182e+00 0.0000000000e+00 3.6029317072e-09 -7.1344238328e-09
-5.6060606061e-01 -1.3181818182e+00 0.0000000000e+00 3.6334499619e-09 -7.1058896339e-09
-5.3030303030e-01 -1.3181818182e+00 0.0000000000e+00 3.6630879045e-09 -7.0795831468e-09
-5.0000000000e-01 -1.3181818182e+00 0.0000000000e+00 3.6917545664e-09 -7.0554134029e-09
-4.6969696970e-01 -1.3181818182e+00 0.0000000000e+00 3.7193578695e-09 -7.0332883240e-09
-4.3939393939e-01 -1.3181818182e+00 0.0000000000e+00 3.7458052433e-09 -7.0131153397e-09
-4.0909090909e-01 -1.3181818182e+00 0.0000000000e+00 3.7710043014e-09 -6.9948020636e-09
-3.7878787879e-01 -1.3181818182e+00 0.0000000000e+00 3.7948635718e-09 -6.9782570236e-09
-3.4848484848e-01 -1.3181818182e+00 0.0000000000e+00 3.8172932724e-09 -6.9633904378e-09
-3.1818181818e-01 -1.3181818182e+00 0.0000000000e+00 3.8382061232e-09 -6.9501150260e-09
-2.8787878788e-01 -1.3181818182e+00 0.0000000000e+00 3.8575181824e-09 -6.9383468465e-09
-2.5757575758e-01 -1.3181818182e+00 0.0000000000e+00 3.8751496938e-09 -6.9280061430e-09
-2.2727272727e-01 -1.3181818182e+00 0.0000000000e+00 3.8910259306e-09 -6.9190181888e-09
-1.9696969697e-01 -1.3181818182e+00 0.0000000000e+00 3.9050780201e-09 -6.9113141112e-09
-1.6666666667e-01 -1.3181818182e+00 0.0000000000e+00 3.9172437316e-09 -6.9048316795e-09
-1.3636363636e-01 -1.3181818182e+00 0.0000000000e+00 3.9274682125e-09 -6.8995160410e-09
-1.0606060606e-01 -1.3181818182e+00 0.0000000000e+00 3.9357046550e-09 -6.8953203880e-09
-7.5757575758e-02 -1.3181818182e+00 0.0000000000e+00 3.9419148787e-09 -6.8922065401e-09
-4.5454545455e-02 -1.3181818182e+00 0.0000000000e+00 3.9460698149e-09 -6.8901454286e-09
-1.5151515152e-02 -1.3181818182e+00 0.0000000000e+00 3.9481498809e-09 -6.8891174707e-09
1.5151515152e-02 -1.3181818182e+00 0.0000000000e+00 3.9481452347e-09 -6.8891128245e-09
4.5454545455e-02 -1.3181818182e+00 0.0000000000e+00 3.9460559044e-09 -6.8901315180e-09
7.5757575758e-02 -1.3181818182e+00 0.0000000000e+00 3.9418917876e-09 -6.8921834490e-09
1.0606060606e-01 -1.3181818182e+00 0.0000000000e+00 3.9356725227e-09 -6.8952882557e-09
1.3636363636e-01 -1.3181818182e+00 0.0000000000e+00 3.9274272332e-09 -6.8994750617e-09
1.6666666667e-01 -1.3181818182e+00 0.0000000000e+00 3.9171941534e-09 -6.9047821012e-09
1.9696969697e-01 -1.3181818182e+00 0.0000000000e+00 3.9050201435e-09 -6.9112562346e-09
2.2727272727e-01 -1.3181818182e+00 0.0000000000e+00 3.8909601067e-09 -6.9189523649e-09
2.5757575758e-01 -1.3181818182e+00 0.0000000000e+00 3.8750763214e-09 -6.9279327706e-09
2.8787878788e-01 -1.3181818182e+00 0.0000000000e+00 3.8574377052e-09 -6.9382663692e-09
3.1818181818e-01 -1.3181818182e+00 0.0000000000e+00 3.8381190253e-09 -6.9500279281e-09
3.4848484848e-01 -1.3181818182e+00 0.0000000000e+00 3.8172000739e-09 -6.9632972393e-09
3.7878787879e-01 -1.3181818182e+00 0.0000000000e+00 3.7947648233e-09 -6.9781582752e-09
4.0909090909e-01 -1.3181818182e+00 0.0000000000e+00 3.7709005781e-09 -6.9946983403e-09
4.3939393939e-01 -1.3181818182e+00 0.0000000000e+00 3.7456971387e-09 -7.0130072351e-09
4.6969696970e-01 -1.3181818182e+00 0.0000000000e+00 3.7192459884e-09 -7.0331764429e-09
5.0000000000e-01 -1.3181818182e+00 0.0000000000e+00 3.6916395183e-09 -7.0552983548e-09
5.3030303030e-01 -1.3181818182e+00 0.0000000000e+00 3.6629702968e-09 -7.0794655392e-09
5.6060606061e-01 -1.3181818182e+00 0.0000000000e+00 3.6333303932e-09 -7.1057700652e-09
5.9090909091e-01 -1.3181818182e+00 0.0000000000e+00 3.6028107611e-09 -7.1343028867e-09
6.2121212121e-01 -1.3181818182e+00 0.0000000000e+00 3.5715006852e-09 -7.1651532883e-09
6.5151515152e-01 -1.3181818182e+00 0.0000000000e+00 3.5394872936e-09 -7.1984083980e-09
6.8181818182e-01 -1.3181818182e+00 0.0000000000e+00 3.5068551364e-09 -7.2341527660e-09
7.1212121212e-01 -1.3181818182e+00 0.0000000000e+00 3.4736858300e-09 -7.2724680087e-09
7.4242424242e-01 -1.3181818182e+00 0.0000000000e+00 3.4400577643e-09 -7.3134325160e-09
7.7272727273e-01 -1.3181818182e+00 0.0000000000e+00 3.4060458709e-09 -7.3571212193e-09
8.0303030303e-01 -1.3181818182e+00 0.0000000000e+00 3.3717214471e-09 -7.4036054163e-09
8.3333333333e-01 -1.3181818182e+00 0.0000000000e+00 3.3371520336e-09 -7.4529526474e-09
8.6363636364e-01 -1.3181818182e+00 0.0000000000e+00 3.3024013387e-09 -7.5052266208e-09
8.9393939394e-01 -1.3181818182e+00 0.0000000000e+00 3.2675292056e-09 -7.5604871801e-09
9.2424242424e-01 -1.3181818182e+00 0.0000000000e+00 3.2325916183e-09 -7.6187903090e-09
9.5454545455e-01 -1.3181818182e+00 0.0000000000e+00 3.1976407397e-09 -7.6801881705e-09
9.8484848485e-01 -1.3181818182e+00 0.0000000000e+00 3.1627249784e-09 -7.7447291730e-09
1.0151515152e+00 -1.3181818182e+00 0.0000000000e+00 3.1278890792e-09 -7.8124580617e-09
1.0454545455e+00 -1.3181818182e+00 0.0000000000e+00 3.0931742338e-09 -7.8834160280e-09
1.0757575758e+00 -1.3181818182e+00 0.0000000000e+00 3.0586182064e-09 -7.9576408361e-09
1.1060606061e+00 -1.3181818182e+00 0.0000000000e+00 3.0242554720e-09 -8.0351669612e-09
1.1363636364e+00 -1.3181818182e+00 0.0000000000e+00 2.9901173642e-09 -8.1160257366e-09
1.1666666667e+00 -1.3181818182e+00 0.0000000000e+00 2.9562322284e-09 -8.2002455080e-09
1.1969696970e+00 -1.3181818182e+00 0.0000000000e+00 2.9226255797e-09 -8.2878517903e-09
1.2272727273e+00 -1.3181818182e+00 0.0000000000e+00 2.8893202616e-09 -8.3788674272e-09
1.2575757576e+00 -1.3181818182e+00 0.0000000000e+00 2.8563366055e-09 -8.4733127499e-09
1.2878787879e+00 -1.3181818182e+00 0.0000000000e+00 2.8236925877e-09 -8.5712057348e-09
1.3181818182e+00 -1.3181818182e+00 0.0000000000e+00 2.7914039839e-09 -8.6725621574e-09
1.3484848485e+00 -1.3181818182e+00 0.0000000000e+00 2.7594845193e-09 -8.7773957432e-09
1.3787878788e+00 -1.3181818182e+00 0.0000000000e+00 2.7279460146e-09 -8.8857183128e-09
1.4090909091e+00 -1.3181818182e+00 0.0000000000e+00 2.6967985257e-09 -8.9975399222e-09
1.4393939394e+00 -1.3181818182e+00 0.0000000000e+00 2.6660504784e-09 -9.1128689968e-09
1.4696969697e+00 -1.3181818182e+00 0.0000000000e+00 2.6357087956e-09 -9.2317124599e-09
1.5000000000e+00 -1.3181818182e+00 0.0000000000e+00 2.6057790194e-09 -9.3540758535e-09
-1.5000000000e+00 -1.2878787879e+00 0.0000000000e+00 2.6320520288e-09 -9.2467038364e-09
-1.4696969697e+00 -1.2878787879e+00 0.0000000000e+00 2.6629081100e-09 -9.1252667478e-09
-1.4393939394e+00 -1.2878787879e+00 0.0000000000e+00 2.6942111488e-09 -9.0073846407e-09
-1.4090909091e+00 -1.2878787879e+00 0.0000000000e+00 2.7259566223e-09 -8.8930529922e-09
-1.3787878788e+00 -1.2878787879e+00 0.0000000000e+00 2.7581385993e-09 -8.7822658710e-09
-1.3484848485e+00 -1.2878787879e+00 0.0000000000e+00 2.7907496081e-09 -8.6750158055e-09
-1.3181818182e+00 -1.2878787879e+00 0.0000000000e+00 2.8237804977e-09 -8.5712936448e-09
-1.2878787879e+00 -1.2878787879e+00 0.0000000000e+00 2.8572202910e-09 -8.4710884115e-09
-1.2575757576e+00 -1.2878787879e+00 0.0000000000e+00 2.8910560300e-09 -8.3743871478e-09
-1.2272727273e+00 -1.2878787879e+00 0.0000000000e+00 2.9252726152e-09 -8.2811747542e-09
-1.1969696970e+00 -1.2878787879e+00 0.0000000000e+00 2.9598526377e-09 -8.1914338218e-09
-1.1666666667e+00 -1.2878787879e+00 0.0000000000e+00 2.9947762059e-09 -8.1051444590e-09
-1.1363636364e+00 -1.2878787879e+00 0.0000000000e+00 3.0300207678e-09 -8.0222841137e-09
-1.1060606061e+00 -1.2878787879e+00 0.0000000000e+00 3.0655609294e-09 -7.9428273920e-09
-1.0757575758e+00 -1.2878787879e+00 0.0000000000e+00 3.1013682720e-09 -7.8667458752e-09
-1.0454545455e+00 -1.2878787879e+00 0.0000000000e+00 3.1374111689e-09 -7.7940079365e-09
-1.0151515152e+00 -1.2878787879e+00 0.0000000000e+00 3.1736546050e-09 -7.7245785609e-09
-9.8484848485e-01 -1.2878787879e+00 0.0000000000e+00 3.2100600009e-09 -7.6584191690e-09
-9.5454545455e-01 -1.2878787879e+00 0.0000000000e+00 3.2465850456e-09 -7.5954874498e-09
-9.2424242424e-01 -1.2878787879e+00 0.0000000000e+00 3.2831835401e-09 -7.5357372043e-09
-8.9393939394e-01 -1.2878787879e+00 0.0000000000e+00 3.3198052572e-09 -7.4791182052e-09
-8.6363636364e-01 -1.2878787879e+00 0.0000000000e+00 3.3563958202e-09 -7.4255760758e-09
-8.3333333333e-01 -1.2878787879e+00 0.0000000000e+00 3.3928966069e-09 -7.3750521941e-09
-8.0303030303e-01 -1.2878787879e+00 0.0000000000e+00 3.4292446835e-09 -7.3274836261e-09
-7.7272727273e-01 -1.2878787879e+00 0.0000000000e+00 3.4653727727e-09 -7.2828030946e-09
-7.4242424242e-01 -1.2878787879e+00 0.0000000000e+00 3.5012092640e-09 -7.2409389891e-09
-7.1212121212e-01 -1.2878787879e+00 0.0000000000e+00 3.5366782703e-09 -7.2018154225e-09
-6.8181818182e-01 -1.2878787879e+00 0.0000000000e+00 3.5716997374e-09 -7.1653523405e-09
-6.5151515152e-01 -1.2878787879e+00 0.0000000000e+00 3.6061896118e-09 -7.1314656897e-09
-6.2121212121e-01 -1.2878787879e+00 0.0000000000e+00 3.6400600735e-09 -7.1000676501e-09
-5.9090909091e-01 -1.2878787879e+00 0.0000000000e+00 3.6732198362e-09 -7.0710669353e-09
-5.6060606061e-01 -1.2878787879e+00 0.0000000000e+00 3.7055745216e-09 -7.0443691671e-09
-5.3030303030e-01 -1.2878787879e+00 0.0000000000e+00 3.7370271091e-09 -7.0198773249e-09
-5.0000000000e-01 -1.2878787879e+00 0.0000000000e+00 3.7674784636e-09 -6.9974922736e-09
-4.6969696970e-01 -1.2878787879e+00 0.0000000000e+00 3.7968279398e-09 -6.9771133678e-09
-4.3939393939e-01 -1.2878787879e+00 0.0000000000e+00 3.8249740637e-09 -6.9586391336e-09
-4.0909090909e-01 -1.2878787879e+00 0.0000000000e+00 3.8518152851e-09 -6.9419680208e-09
-3.7878787879e-01 -1.2878787879e+00 0.0000000000e+00 3.8772507961e-09 -6.9269992214e-09
-3.4848484848e-01 -1.2878787879e+00 0.0000000000e+00 3.9011814068e-09 -6.9136335456e-09
-3.1818181818e-01 -1.2878787879e+00 0.0000000000e+00 3.9235104672e-09 -6.9017743434e-09
-2.8787878788e-01 -1.2878787879e+00 0.0000000000e+00 3.9441448219e-09 -6.8913284594e-09
-2.5757575758e-01 -1.2878787879e+00 0.0000000000e+00 3.9629957827e-09 -6.8822072054e-09
-2.2727272727e-01 -1.2878787879e+00 0.0000000000e+00 3.9799801005e-09 -6.8743273322e-09
-1.9696969697e-01 -1.2878787879e+00 0.0000000000e+00 3.9950209195e-09 -6.8676119841e-09
-1.6666666667e-01 -1.2878787879e+00 0.0000000000e+00 4.0080486923e-09 -6.8619916137e-09
-1.3636363636e-01 -1.2878787879e+00 0.0000000000e+00 4.0190020369e-09 -6.8574048388e-09
-1.0606060606e-01 -1.2878787879e+00 0.0000000000e+00 4.0278285150e-09 -6.8537992215e-09
-7.5757575758e-02 -1.2878787879e+00 0.0000000000e+00 4.0344853143e-09 -6.8511319492e-09
-4.5454545455e-02 -1.2878787879e+00 0.0000000000e+00 4.0389398160e-09 -6.8493704031e-09
-1.5151515152e-02 -1.2878787879e+00 0.0000000000e+00 4.0411700341e-09 -6.8484925974e-09
1.5151515152e-02 -1.2878787879e+00 0.0000000000e+00 4.0411649154e-09 -6.8484874786e-09
4.5454545455e-02 -1.2878787879e+00 0.0000000000e+00 4.0389244909e-09 -6.8493550780e-09
7.5757575758e-02 -1.2878787879e+00 0.0000000000e+00 4.0344598762e-09 -6.8511065110e-09
1.0606060606e-01 -1.2878787879e+00 0.0000000000e+00 4.0277931189e-09 -6.8537638253e-09
1.3636363636e-01 -1.2878787879e+00 0.0000000000e+00 4.0189568993e-09 -6.8573597013e-09
1.6666666667e-01 -1.2878787879e+00 0.0000000000e+00 4.0079940904e-09 -6.8619370118e-09
1.9696969697e-01 -1.2878787879e+00 0.0000000000e+00 3.9949571895e-09 -6.8675482541e-09
2.2727272727e-01 -1.2878787879e+00 0.0000000000e+00 3.9799076359e-09 -6.8742548676e-09
2.5757575758e-01 -1.2878787879e+00 0.0000000000e+00 3.9629150315e-09 -6.8821264542e-09
2.8787878788e-01 -1.2878787879e+00 0.0000000000e+00 3.9440562831e-09 -6.8912399207e-09
3.1818181818e-01 -1.2878787879e+00 0.0000000000e+00 3.9234146863e-09 -6.9016785625e-09
3.4848484848e-01 -1.2878787879e+00 0.0000000000e+00 3.9010789704e-09 -6.9135311092e-09
3.7878787879e-01 -1.2878787879e+00 0.0000000000e+00 3.8771423258e-09 -6.9268907511e-09
4.0909090909e-01 -1.2878787879e+00 0.0000000000e+00 3.8517014304e-09 -6.9418541661e-09
4.3939393939e-01 -1.2878787879e+00 0.0000000000e+00 3.8248554946e-09 -6.9585205645e-09
4.6969696970e-01 -1.2878787879e+00 0.0000000000e+00 3.7967053390e-09 -6.9769907670e-09
5.0000000000e-01 -1.2878787879e+00 0.0000000000e+00 3.7673525181e-09 -6.9973663281e-09
5.3030303030e-01 -1.2878787879e+00 0.0000000000e+00 3.7368985026e-09 -7.0197487184e-09
5.6060606061e-01 -1.2878787879e+00 0.0000000000e+00 3.7054439262e-09 -7.0442385717e-09
5.9090909091e-01 -1.2878787879e+00 0.0000000000e+00 3.6730879058e-09 -7.0709350049e-09
6.2121212121e-01 -1.2878787879e+00 0.0000000000e+00 3.6399274366e-09 -7.0999350132e-09
6.5151515152e-01 -1.2878787879e+00 0.0000000000e+00 3.6060568660e-09 -7.1313329439e-09
6.8181818182e-01 -1.2878787879e+00 0.0000000000e+00 3.5715674441e-09 -7.1652200472e-09
7.1212121212e-01 -1.2878787879e+00 0.0000000000e+00 3.5365469515e-09 -7.2016841036e-09
7.4242424242e-01 -1.2878787879e+00 0.0000000000e+00 3.5010793983e-09 -7.2408091234e-09
7.7272727273e-01 -1.2878787879e+00 0.0000000000e+00 3.4652447939e-09 -7.2826751159e-09
8.0303030303e-01 -1.2878787879e+00 0.0000000000e+00 3.4291189795e-09 -7.3273579221e-09
8.3333333333e-01 -1.2878787879e+00 0.0000000000e+00 3.3927735191e-09 -7.3749291063e-09
8.6363636364e-01 -1.2878787879e+00 0.0000000000e+00 3.3562756441e-09 -7.4254558998e-09
8.9393939394e-01 -1.2878787879e+00 0.0000000000e+00 3.3196882439e-09 -7.4790011919e-09
9.2424242424e-01 -1.2878787879e+00 0.0000000000e+00 3.2830698976e-09 -7.5356235618e-09
9.5454545455e-01 -1.2878787879e+00 0.0000000000e+00 3.2464749411e-09 -7.5953773453e-09
9.8484848485e-01 -1.2878787879e+00 0.0000000000e+00 3.2099535635e-09 -7.6583127316e-09
1.0151515152e+00 -1.2878787879e+00 0.0000000000e+00 3.1735519283e-09 -7.7244758842e-09
1.0454545455e+00 -1.2878787879e+00 0.0000000000e+00 3.1373123140e-09 -7.7939090817e-09
1.0757575758e+00 -1.2878787879e+00 0.0000000000e+00 3.1012732706e-09 -7.8666508738e-09
1.1060606061e+00 -1.2878787879e+00 0.0000000000e+00 3.0654697867e-09 -7.9427362493e-09
1.1363636364e+00 -1.2878787879e+00 0.0000000000e+00 3.0299334656e-09 -8.0221968115e-09
1.1666666667e+00 -1.2878787879e+00 0.0000000000e+00 2.9946927055e-09 -8.1050609586e-09
1.1969696970e+00 -1.2878787879e+00 0.0000000000e+00 2.9597728826e-09 -8.1913540667e-09
1.2272727273e+00 -1.2878787879e+00 0.0000000000e+00 2.9251965338e-09 -8.2810986729e-09
1.2575757576e+00 -1.2878787879e+00 0.0000000000e+00 2.8909835381e-09 -8.3743146559e-09
1.2878787879e+00 -1.2878787879e+00 0.0000000000e+00 2.8571512939e-09 -8.4710194144e-09
1.3181818182e+00 -1.2878787879e+00 0.0000000000e+00 2.8237148924e-09 -8.5712280394e-09
1.3484848485e+00 -1.2878787879e+00 0.0000000000e+00 2.7906872848e-09 -8.6749534823e-09
1.3787878788e+00 -1.2878787879e+00 0.0000000000e+00 2.7580794438e-09 -8.7822067155e-09
1.4090909091e+00 -1.2878787879e+00 0.0000000000e+00 2.7259005168e-09 -8.8929968867e-09
1.4393939394e+00 -1.2878787879e+00 0.0000000000e+00 2.6941579734e-09 -9.0073314653e-09
1.4696969697e+00 -1.2878787879e+00 0.0000000000e+00 2.6628577440e-09 -9.1252163818e-09
1.5000000000e+00 -1.2878787879e+00 0.0000000000e+00 2.6320043514e-09 -9.2466561590e-09
-1.5000000000e+00 -1.2575757576e+00 0.0000000000e+00 2.6584492176e-09 -9.1425640225e-09
-1.4696969697e+00 -1.2575757576e+00 0.0000000000e+00 2.6902544337e-09 -9.0220760688e-09
-1.4393939394e+00 -1.2575757576e+00 0.0000000000e+00 2.7225436889e-09 -8.9051801781e-09
-1.4090909091e+00 -1.2575757576e+00 0.0000000000e+00 2.7553136304e-09 -8.7918729977e-09
-1.3787878788e+00 -1.2575757576e+00 0.0000000000e+00 2.7885594775e-09 -8.6821497466e-09
-1.3484848485e+00 -1.2575757576e+00 0.0000000000e+00 2.8222748793e-09 -8.5760040741e-09
-1.3181818182e+00 -1.2575757576e+00 0.0000000000e+00 2.8564517646e-09 -8.4734279090e-09
-1.2878787879e+00 -1.2575757576e+00 0.0000000000e+00 2.8910801815e-09 -8.3744112994e-09
-1.2575757576e+00 -1.2575757576e+00 0.0000000000e+00 2.9261481287e-09 -8.2789422439e-09
-1.2272727273e+00 -1.2575757576e+00 0.0000000000e+00 2.9616413778e-09 -8.1870065142e-09
-1.1969696970e+00 -1.2575757576e+00 0.0000000000e+00 2.9975432873e-09 -8.0985874687e-09
-1.1666666667e+00 -1.2575757576e+00 0.0000000000e+00 3.0338346093e-09 -8.0136658597e-09
-1.1363636364e+00 -1.2575757576e+00 0.0000000000e+00 3.0704932893e-09 -7.9322196325e-09
-1.1060606061e+00 -1.2575757576e+00 0.0000000000e+00 3.1074942607e-09 -7.8542237206e-09
-1.0757575758e+00 -1.2575757576e+00 0.0000000000e+00 3.1448092354e-09 -7.7796498359e-09
-1.0454545455e+00 -1.2575757576e+00 0.0000000000e+00 3.1824064925e-09 -7.7084662575e-09
-1.0151515152e+00 -1.2575757576e+00 0.0000000000e+00 3.2202506676e-09 -7.6406376209e-09
-9.8484848485e-01 -1.2575757576e+00 0.0000000000e+00 3.2583025450e-09 -7.5761247104e-09
-9.5454545455e-01 -1.2575757576e+00 0.0000000000e+00 3.2965188562e-09 -7.5148842577e-09
-9.2424242424e-01 -1.2575757576e+00 0.0000000000e+00 3.3348520897e-09 -7.4568687512e-09
-8.9393939394e-01 -1.2575757576e+00 0.0000000000e+00 3.3732503143e-09 -7.4020262596e-09
-8.6363636364e-01 -1.2575757576e+00 0.0000000000e+00 3.4116570219e-09 -7.3503002749e-09
-8.3333333333e-01 -1.2575757576e+00 0.0000000000e+00 3.4500109965e-09 -7.3016295810e-09
-8.0303030303e-01 -1.2575757576e+00 0.0000000000e+00 3.4882462119e-09 -7.2559481519e-09
-7.7272727273e-01 -1.2575757576e+00 0.0000000000e+00 3.5262917686e-09 -7.2131850879e-09
-7.4242424242e-01 -1.2575757576e+00 0.0000000000e+00 3.5640718735e-09 -7.1732645959e-09
-7.1212121212e-01 -1.2575757576e+00 0.0000000000e+00 3.6015058703e-09 -7.1361060198e-09
-6.8181818182e-01 -1.2575757576e+00 0.0000000000e+00 3.6385083294e-09 -7.1016239298e-09
-6.5151515152e-01 -1.2575757576e+00 0.0000000000e+00 3.6749892013e-09 -7.0697282765e-09
-6.2121212121e-01 -1.2575757576e+00 0.0000000000e+00 3.7108540435e-09 -7.0403246174e-09
-5.9090909091e-01 -1.2575757576e+00 0.0000000000e+00 3.7460043248e-09 -7.0133144212e-09
-5.6060606061e-01 -1.2575757576e+00 0.0000000000e+00 3.7803378139e-09 -6.9885954568e-09
-5.3030303030e-01 -1.2575757576e+00 0.0000000000e+00 3.8137490558e-09 -6.9660622689e-09
-5.0000000000e-01 -1.2575757576e+00 0.0000000000e+00 3.8461299393e-09 -6.9456067466e-09
-4.6969696970e-01 -1.2575757576e+00 0.0000000000e+00 3.8773703563e-09 -6.9271187816e-09
-4.3939393939e-01 -1.2575757576e+00 0.0000000000e+00 3.9073589520e-09 -6.9104870192e-09
-4.0909090909e-01 -1.2575757576e+00 0.0000000000e+00 3.9359839617e-09 -6.8955996947e-09
-3.7878787879e-01 -1.2575757576e+00 0.0000000000e+00 3.9631341288e-09 -6.8823455514e-09
-3.4848484848e-01 -1.2575757576e+00 0.0000000000e+00 3.9886996933e-09 -6.8706148295e-09
-3.1818181818e-01 -1.2575757576e+00 0.0000000000e+00 4.0125734405e-09 -6.8603003141e-09
-2.8787878788e-01 -1.2575757576e+00 0.0000000000e+00 4.0346517926e-09 -6.8512984274e-09
-2.5757575758e-01 -1.2575757576e+00 0.0000000000e+00 4.0548359261e-09 -6.8435103461e-09
-2.2727272727e-01 -1.2575757576e+00 0.0000000000e+00 4.0730328957e-09 -6.8368431247e-09
-1.9696969697e-01 -1.2575757576e+00 0.0000000000e+00 4.0891567401e-09 -6.8312108020e-09
-1.6666666667e-01 -1.2575757576e+00 0.0000000000e+00 4.1031295479e-09 -6.8265354666e-09
-1.3636363636e-01 -1.2575757576e+00 0.0000000000e+00 4.1148824589e-09 -6.8227482582e-09
-1.0606060606e-01 -1.2575757576e+00 0.0000000000e+00 4.1243565760e-09 -6.8197902798e-09
-7.5757575758e-02 -1.2575757576e+00 0.0000000000e+00 4.1315037657e-09 -6.8176133979e-09
-4.5454545455e-02 -1.2575757576e+00 0.0000000000e+00 4.1362873267e-09 -6.8161809112e-09
-1.5151515152e-02 -1.2575757576e+00 0.0000000000e+00 4.1386825075e-09 -6.8154680681e-09
1.5151515152e-02 -1.2575757576e+00 0.0000000000e+00 4.1386768600e-09 -6.8154624206e-09
4.5454545455e-02 -1.2575757576e+00 0.0000000000e+00 4.1362704187e-09 -6.8161640031e-09
7.5757575758e-02 -1.2575757576e+00 0.0000000000e+00 4.1314757006e-09 -6.8175853328e-09
1.0606060606e-01 -1.2575757576e+00 0.0000000000e+00 4.1243175263e-09 -6.8197512301e-09
1.3636363636e-01 -1.2575757576e+00 0.0000000000e+00 4.1148326658e-09 -6.8226984651e-09
1.6666666667e-01 -1.2575757576e+00 0.0000000000e+00 4.1030693204e-09 -6.8264752391e-09
1.9696969697e-01 -1.2575757576e+00 0.0000000000e+00 4.0890864543e-09 -6.8311405162e-09
2.2727272727e-01 -1.2575757576e+00 0.0000000000e+00 4.0729529927e-09 -6.8367632217e-09
2.5757575758e-01 -1.2575757576e+00 0.0000000000e+00 4.0547469094e-09 -6.8434213294e-09
2.8787878788e-01 -1.2575757576e+00 0.0000000000e+00 4.0345542240e-09 -6.8512008588e-09
3.1818181818e-01 -1.2575757576e+00 0.0000000000e+00 4.0124679356e-09 -6.8601948092e-09
3.4848484848e-01 -1.2575757576e+00 0.0000000000e+00 3.9885869149e-09 -6.8705020511e-09
3.7878787879e-01 -1.2575757576e+00 0.0000000000e+00 3.9630147800e-09 -6.8822262027e-09
4.0909090909e-01 -1.2575757576e+00 0.0000000000e+00 3.9358587779e-09 -6.8954745109e-09
4.3939393939e-01 -1.2575757576e+00 0.0000000000e+00 3.9072286916e-09 -6.9103567588e-09
4.6969696970e-01 -1.2575757576e+00 0.0000000000e+00 3.8772357915e-09 -6.9269842168e-09
5.0000000000e-01 -1.2575757576e+00 0.0000000000e+00 3.8459918466e-09 -6.9454686539e-09
5.3030303030e-01 -1.2575757576e+00 0.0000000000e+00 3.8136082064e-09 -6.9659214196e-09
5.6060606061e-01 -1.2575757576e+00 0.0000000000e+00 3.7801949646e-09 -6.9884526075e-09
5.9090909091e-01 -1.2575757576e+00 0.0000000000e+00 3.7458602094e-09 -7.0131703058e-09
6.2121212121e-01 -1.2575757576e+00 0.0000000000e+00 3.7107093649e-09 -7.0401799388e-09
6.5151515152e-01 -1.2575757576e+00 0.0000000000e+00 3.6748446251e-09 -7.0695837003e-09
6.8181818182e-01 -1.2575757576e+00 0.0000000000e+00 3.6383644782e-09 -7.1014800786e-09
7.1212121212e-01 -1.2575757576e+00 0.0000000000e+00 3.6013633192e-09 -7.1359634687e-09
7.4242424242e-01 -1.2575757576e+00 0.0000000000e+00 3.5639311469e-09 -7.1731238693e-09
7.7272727273e-01 -1.2575757576e+00 0.0000000000e+00 3.5261533382e-09 -7.2130466575e-09
8.0303030303e-01 -1.2575757576e+00 0.0000000000e+00 3.4881104956e-09 -7.2558124356e-09
8.3333333333e-01 -1.2575757576e+00 0.0000000000e+00 3.4498783586e-09 -7.3014969432e-09
8.6363636364e-01 -1.2575757576e+00 0.0000000000e+00 3.4115277741e-09 -7.3501710271e-09
8.9393939394e-01 -1.2575757576e+00 0.0000000000e+00 3.3731247171e-09 -7.4019006624e-09
9.2424242424e-01 -1.2575757576e+00 0.0000000000e+00 3.3347303550e-09 -7.4567470165e-09
9.5454545455e-01 -1.2575757576e+00 0.0000000000e+00 3.2964011500e-09 -7.5147665515e-09
9.8484848485e-01 -1.2575757576e+00 0.0000000000e+00 3.2581889905e-09 -7.5760111560e-09
1.0151515152e+00 -1.2575757576e+00 0.0000000000e+00 3.2201413490e-09 -7.6405283023e-09
1.0454545455e+00 -1.2575757576e+00 0.0000000000e+00 3.1823014580e-09 -7.7083612230e-09
1.0757575758e+00 -1.2575757576e+00 0.0000000000e+00 3.1447085013e-09 -7.7795491018e-09
1.1060606061e+00 -1.2575757576e+00 0.0000000000e+00 3.1073978147e-09 -7.8541272747e-09
1.1363636364e+00 -1.2575757576e+00 0.0000000000e+00 3.0704010943e-09 -7.9321274375e-09
1.1666666667e+00 -1.2575757576e+00 0.0000000000e+00 3.0337466064e-09 -8.0135778568e-09
1.1969696970e+00 -1.2575757576e+00 0.0000000000e+00 2.9974593992e-09 -8.0985035807e-09
1.2272727273e+00 -1.2575757576e+00 0.0000000000e+00 2.9615615118e-09 -8.1869266482e-09
1.2575757576e+00 -1.2575757576e+00 0.0000000000e+00 2.9260721794e-09 -8.2788662945e-09
1.2878787879e+00 -1.2575757576e+00 0.0000000000e+00 2.8910080331e-09 -8.3743391509e-09
1.3181818182e+00 -1.2575757576e+00 0.0000000000e+00 2.8563832934e-09 -8.4733594377e-09
1.3484848485e+00 -1.2575757576e+00 0.0000000000e+00 2.8222099557e-09 -8.5759391504e-09
1.3787878788e+00 -1.2575757576e+00 0.0000000000e+00 2.7884979677e-09 -8.6820882367e-09
1.4090909091e+00 -1.2575757576e+00 0.0000000000e+00 2.7552553981e-09 -8.7918147653e-09
1.4393939394e+00 -1.2575757576e+00 0.0000000000e+00 2.7224885965e-09 -8.9051250857e-09
1.4696969697e+00 -1.2575757576e+00 0.0000000000e+00 2.6902023438e-09 -9.0220239789e-09
1.5000000000e+00 -1.2575757576e+00 0.0000000000e+00 2.6583999936e-09 -9.1425147986e-09
-1.5000000000e+00 -1.2272727273e+00 0.0000000000e+00 2.6849997235e-09 -9.0416855496e-09
-1.4696969697e+00 -1.2272727273e+00 0.0000000000e+00 2.7177793908e-09 -8.9221720471e-09
-1.4393939394e+00 -1.2272727273e+00 0.0000000000e+00 2.7510823999e-09 -8.8062899103e-09
-1.4090909091e+00 -1.2272727273e+00 0.0000000000e+00 2.7849067312e-09 -8.6940371196e-09
-1.3787878788e+00 -1.2272727273e+00 0.0000000000e+00 2.8192489262e-09 -8.5854102165e-09
-1.3484848485e+00 -1.2272727273e+00 0.0000000000e+00 2.8541039355e-09 -8.4804041515e-09
-1.3181818182e+00 -1.2272727273e+00 0.0000000000e+00 2.8894649562e-09 -8.3790121217e-09
-1.2878787879e+00 -1.2272727273e+00 0.0000000000e+00 2.9253232583e-09 -8.2812253973e-09
-1.2575757576e+00 -1.2272727273e+00 0.0000000000e+00 2.9616680008e-09 -8.1870331372e-09
-1.2272727273e+00 -1.2272727273e+00 0.0000000000e+00 2.9984860364e-09 -8.0964221940e-09
-1.1969696970e+00 -1.2272727273e+00 0.0000000000e+00 3.0357617063e-09 -8.0093769090e-09
-1.1666666667e+00 -1.2272727273e+00 0.0000000000e+00 3.0734766254e-09 -7.9258788970e-09
-1.1363636364e+00 -1.2272727273e+00 0.0000000000e+00 3.1116094574e-09 -7.8459068219e-09
-1.1060606061e+00 -1.2272727273e+00 0.0000000000e+00 3.1501356840e-09 -7.7694361651e-09
-1.0757575758e+00 -1.2272727273e+00 0.0000000000e+00 3.1890273655e-09 -7.6964389872e-09
-1.0454545455e+00 -1.2272727273e+00 0.0000000000e+00 3.2282528990e-09 -7.6268836851e-09
-1.0151515152e+00 -1.2272727273e+00 0.0000000000e+00 3.2677767733e-09 -7.5607347478e-09
-9.8484848485e-01 -1.2272727273e+00 0.0000000000e+00 3.3075593254e-09 -7.4979525121e-09
-9.5454545455e-01 -1.2272727273e+00 0.0000000000e+00 3.3475565006e-09 -7.4384929234e-09
-9.2424242424e-01 -1.2272727273e+00 0.0000000000e+00 3.3877196222e-09 -7.3823073049e-09
-8.9393939394e-01 -1.2272727273e+00 0.0000000000e+00 3.4279951731e-09 -7.3293421396e-09
-8.6363636364e-01 -1.2272727273e+00 0.0000000000e+00 3.4683245969e-09 -7.2795388711e-09
-8.3333333333e-01 -1.2272727273e+00 0.0000000000e+00 3.5086441231e-09 -7.2328337289e-09
-8.0303030303e-01 -1.2272727273e+00 0.0000000000e+00 3.5488846242e-09 -7.1891575854e-09
-7.7272727273e-01 -1.2272727273e+00 0.0000000000e+00 3.5889715111e-09 -7.1484358516e-09
-7.4242424242e-01 -1.2272727273e+00 0.0000000000e+00 3.6288246749e-09 -7.1105884186e-09
-7.1212121212e-01 -1.2272727273e+00 0.0000000000e+00 3.6683584849e-09 -7.0755296556e-09
-6.8181818182e-01 -1.2272727273e+00 0.0000000000e+00 3.7074818486e-09 -7.0431684702e-09
-6.5151515152e-01 -1.2272727273e+00 0.0000000000e+00 3.7460983452e-09 -7.0134084416e-09
-6.2121212121e-01 -1.2272727273e+00 0.0000000000e+00 3.7841064393e-09 -6.9861480344e-09
-5.9090909091e-01 -1.2272727273e+00 0.0000000000e+00 3.8213997842e-09 -6.9612809018e-09
-5.6060606061e-01 -1.2272727273e+00 0.0000000000e+00 3.8578676199e-09 -6.9386962839e-09
-5.3030303030e-01 -1.2272727273e+00 0.0000000000e+00 3.8933952748e-09 -6.9182795092e-09
-5.0000000000e-01 -1.2272727273e+00 0.0000000000e+00 3.9278647731e-09 -6.8999126016e-09
-4.6969696970e-01 -1.2272727273e+00 0.0000000000e+00 3.9611555503e-09 -6.8834749968e-09
-4.3939393939e-01 -1.2272727273e+00 0.0000000000e+00 3.9931452784e-09 -6.8688443668e-09
-4.0909090909e-01 -1.2272727273e+00 0.0000000000e+00 4.0237107956e-09 -6.8558975498e-09
-3.7878787879e-01 -1.2272727273e+00 0.0000000000e+00 4.0527291350e-09 -6.8445115789e-09
-3.4848484848e-01 -1.2272727273e+00 0.0000000000e+00 4.0800786423e-09 -6.8345647997e-09
-3.1818181818e-01 -1.2272727273e+00 0.0000000000e+00 4.1056401682e-09 -6.8259380630e-09
-2.8787878788e-01 -1.2272727273e+00 0.0000000000e+00 4.1292983198e-09 -6.8185159758e-09
-2.5757575758e-01 -1.2272727273e+00 0.0000000000e+00 4.1509427471e-09 -6.8121881883e-09
-2.2727272727e-01 -1.2272727273e+00 0.0000000000e+00 4.1704694446e-09 -6.8068506948e-09
-1.9696969697e-01 -1.2272727273e+00 0.0000000000e+00 4.1877820371e-09 -6.8024071202e-09
-1.6666666667e-01 -1.2272727273e+00 0.0000000000e+00 4.2027930252e-09 -6.7987699651e-09
-1.3636363636e-01 -1.2272727273e+00 0.0000000000e+00 4.2154249579e-09 -6.7958617784e-09
-1.0606060606e-01 -1.2272727273e+00 0.0000000000e+00 4.2256115053e-09 -6.7936162303e-09
-7.5757575758e-02 -1.2272727273e+00 0.0000000000e+00 4.2332984020e-09 -6.7919790553e-09
-4.5454545455e-02 -1.2272727273e+00 0.0000000000e+00 4.2384442364e-09 -6.7909088420e-09
-1.5151515152e-02 -1.2272727273e+00 0.0000000000e+00 4.2410210635e-09 -6.7903776452e-09
1.5151515152e-02 -1.2272727273e+00 0.0000000000e+00 4.2410148236e-09 -6.7903714053e-09
4.5454545455e-02 -1.2272727273e+00 0.0000000000e+00 4.2384255548e-09 -6.7908901604e-09
7.5757575758e-02 -1.2272727273e+00 0.0000000000e+00 4.2332673933e-09 -6.7919480467e-09
1.0606060606e-01 -1.2272727273e+00 0.0000000000e+00 4.2255683606e-09 -6.7935730856e-09
1.3636363636e-01 -1.2272727273e+00 0.0000000000e+00 4.2153699450e-09 -6.7958067656e-09
1.6666666667e-01 -1.2272727273e+00 0.0000000000e+00 4.2027264885e-09 -6.7987034284e-09
1.9696969697e-01 -1.2272727273e+00 0.0000000000e+00 4.1877043968e-09 -6.8023294799e-09
2.2727272727e-01 -1.2272727273e+00 0.0000000000e+00 4.1703811950e-09 -6.8067624452e-09
2.5757575758e-01 -1.2272727273e+00 0.0000000000e+00 4.1508444543e-09 -6.8120898955e-09
2.8787878788e-01 -1.2272727273e+00 0.0000000000e+00 4.1291906172e-09 -6.8184082732e-09
3.1818181818e-01 -1.2272727273e+00 0.0000000000e+00 4.1055237514e-09 -6.8258216462e-09
3.4848484848e-01 -1.2272727273e+00 0.0000000000e+00 4.0799542617e-09 -6.8344404191e-09
3.7878787879e-01 -1.2272727273e+00 0.0000000000e+00 4.0525975881e-09 -6.8443800320e-09
4.0909090909e-01 -1.2272727273e+00 0.0000000000e+00 4.0235729166e-09 -6.8557596708e-09
4.3939393939e-01 -1.2272727273e+00 0.0000000000e+00 3.9930019281e-09 -6.8687010166e-09
4.6969696970e-01 -1.2272727273e+00 0.0000000000e+00 3.9610076049e-09 -6.8833270514e-09
5.0000000000e-01 -1.2272727273e+00 0.0000000000e+00 3.9277131124e-09 -6.8997609409e-09
5.3030303030e-01 -1.2272727273e+00 0.0000000000e+00 3.8932407712e-09 -6.9181250056e-09
5.6060606061e-01 -1.2272727273e+00 0.0000000000e+00 3.8577111272e-09 -6.9385397912e-09
5.9090909091e-01 -1.2272727273e+00 0.0000000000e+00 3.8212421278e-09 -6.9611232454e-09
6.2121212121e-01 -1.2272727273e+00 0.0000000000e+00 3.7839484070e-09 -6.9859900021e-09
6.5151515152e-01 -1.2272727273e+00 0.0000000000e+00 3.7459406793e-09 -7.0132507758e-09
6.8181818182e-01 -1.2272727273e+00 0.0000000000e+00 3.7073252401e-09 -7.0430118617e-09
7.1212121212e-01 -1.2272727273e+00 0.0000000000e+00 3.6682035679e-09 -7.0753747386e-09
7.4242424242e-01 -1.2272727273e+00 0.0000000000e+00 3.6286720237e-09 -7.1104357673e-09
7.7272727273e-01 -1.2272727273e+00 0.0000000000e+00 3.5888216378e-09 -7.1482859783e-09
8.0303030303e-01 -1.2272727273e+00 0.0000000000e+00 3.5487379785e-09 -7.1890109397e-09
8.3333333333e-01 -1.2272727273e+00 0.0000000000e+00 3.5085010922e-09 -7.2326906980e-09
8.6363636364e-01 -1.2272727273e+00 0.0000000000e+00 3.4681855075e-09 -7.2793997817e-09
8.9393939394e-01 -1.2272727273e+00 0.0000000000e+00 3.4278602937e-09 -7.3292072602e-09
9.2424242424e-01 -1.2272727273e+00 0.0000000000e+00 3.3875891659e-09 -7.3821768486e-09
9.5454545455e-01 -1.2272727273e+00 0.0000000000e+00 3.3474306291e-09 -7.4383670518e-09
9.8484848485e-01 -1.2272727273e+00 0.0000000000e+00 3.3074381525e-09 -7.4978313392e-09
1.0151515152e+00 -1.2272727273e+00 0.0000000000e+00 3.2676603696e-09 -7.5606183441e-09
1.0454545455e+00 -1.2272727273e+00 0.0000000000e+00 3.2281412960e-09 -7.6267720821e-09
1.0757575758e+00 -1.2272727273e+00 0.0000000000e+00 3.1889205598e-09 -7.6963321815e-09
1.1060606061e+00 -1.2272727273e+00 0.0000000000e+00 3.1500336417e-09 -7.7693341229e-09
1.1363636364e+00 -1.2272727273e+00 0.0000000000e+00 3.1115121184e-09 -7.8458094828e-09
1.1666666667e+00 -1.2272727273e+00 0.0000000000e+00 3.0733839065e-09 -7.9257861781e-09
1.1969696970e+00 -1.2272727273e+00 0.0000000000e+00 3.0356735057e-09 -8.0092887084e-09
1.2272727273e+00 -1.2272727273e+00 0.0000000000e+00 2.9984022365e-09 -8.0963383941e-09
1.2575757576e+00 -1.2272727273e+00 0.0000000000e+00 2.9615884716e-09 -8.1869536080e-09
1.2878787879e+00 -1.2272727273e+00 0.0000000000e+00 2.9252478599e-09 -8.2811499990e-09
1.3181818182e+00 -1.2272727273e+00 0.0000000000e+00 2.8893935414e-09 -8.3789407070e-09
1.3484848485e+00 -1.2272727273e+00 0.0000000000e+00 2.8540363520e-09 -8.4803365680e-09
1.3787878788e+00 -1.2272727273e+00 0.0000000000e+00 2.8191850184e-09 -8.5853463087e-09
1.4090909091e+00 -1.2272727273e+00 0.0000000000e+00 2.7848463420e-09 -8.6939767305e-09
1.4393939394e+00 -1.2272727273e+00 0.0000000000e+00 2.7510253722e-09 -8.8062328827e-09
1.4696969697e+00 -1.2272727273e+00 0.0000000000e+00 2.7177255686e-09 -8.9221182250e-09
1.5000000000e+00 -1.2272727273e+00 0.0000000000e+00 2.6849489529e-09 -9.0416347791e-09
-1.5000000000e+00 -1.1969696970e+00 0.0000000000e+00 2.7116849755e-09 -8.9440498468e-09
-1.4696969697e+00 -1.1969696970e+00 0.0000000000e+00 2.7454642775e-09 -8.8255359790e-09
-1.4393939394e+00 -1.1969696970e+00 0.0000000000e+00 2.7798085260e-09 -8.7106950816e-09
-1.4090909091e+00 -1.1969696970e+00 0.0000000000e+00 2.8147172117e-09 -8.5995266453e-09
-1.3787878788e+00 -1.1969696970e+00 0.0000000000e+00 2.8501883859e-09 -8.4920287213e-09
-1.3484848485e+00 -1.1969696970e+00 0.0000000000e+00 2.8862184981e-09 -8.3881977592e-09
-1.3181818182e+00 -1.1969696970e+00 0.0000000000e+00 2.9228022216e-09 -8.2880284322e-09
-1.2878787879e+00 -1.1969696970e+00 0.0000000000e+00 2.9599322662e-09 -8.1915134503e-09
-1.2575757576e+00 -1.1969696970e+00 0.0000000000e+00 2.9975991780e-09 -8.0986433595e-09
-1.2272727273e+00 -1.1969696970e+00 0.0000000000e+00 3.0357911267e-09 -8.0094063293e-09
-1.1969696970e+00 -1.1969696970e+00 0.0000000000e+00 3.0744936792e-09 -7.9237879269e-09
-1.1666666667e+00 -1.1969696970e+00 0.0000000000e+00 3.1136895621e-09 -7.8417708788e-09
-1.1363636364e+00 -1.1969696970e+00 0.0000000000e+00 3.1533584117e-09 -7.7633348212e-09
-1.1060606061e+00 -1.1969696970e+00 0.0000000000e+00 3.1934765132e-09 -7.6884560394e-09
-1.0757575758e+00 -1.1969696970e+00 0.0000000000e+00 3.2340165311e-09 -7.6171071979e-09
-1.0454545455e+00 -1.1969696970e+00 0.0000000000e+00 3.2749472321e-09 -7.5492570633e-09
-1.0151515152e+00 -1.1969696970e+00 0.0000000000e+00 3.3162332026e-09 -7.4848702222e-09
-9.8484848485e-01 -1.1969696970e+00 0.0000000000e+00 3.3578345646e-09 -7.4239067964e-09
-9.5454545455e-01 -1.1969696970e+00 0.0000000000e+00 3.3997066928e-09 -7.3663221607e-09
-9.2424242424e-01 -1.1969696970e+00 0.0000000000e+00 3.4417999377e-09 -7.3120666655e-09
-8.9393939394e-01 -1.1969696970e+00 0.0000000000e+00 3.4840593600e-09 -7.2610853716e-09
-8.6363636364e-01 -1.1969696970e+00 0.0000000000e+00 3.5264244814e-09 -7.2133178007e-09
-8.3333333333e-01 -1.1969696970e+00 0.0000000000e+00 3.5688290599e-09 -7.1686977107e-09
-8.0303030303e-01 -1.1969696970e+00 0.0000000000e+00 3.6112008957e-09 -7.1271529019e-09
-7.7272727273e-01 -1.1969696970e+00 0.0000000000e+00 3.6534616772e-09 -7.0886050628e-09
-7.4242424242e-01 -1.1969696970e+00 0.0000000000e+00 3.6955268765e-09 -7.0529696652e-09
-7.1212121212e-01 -1.1969696970e+00 0.0000000000e+00 3.7373057024e-09 -7.0201559182e-09
-6.8181818182e-01 -1.1969696970e+00 0.0000000000e+00 3.7787011241e-09 -6.9900667908e-09
-6.5151515152e-01 -1.1969696970e+00 0.0000000000e+00 3.8196099734e-09 -6.9625991149e-09
-6.2121212121e-01 -1.1969696970e+00 0.0000000000e+00 3.8599231382e-09 -6.9376437784e-09
-5.9090909091e-01 -1.1969696970e+00 0.0000000000e+00 3.8995258556e-09 -6.9150860183e-09
-5.6060606061e-01 -1.1969696970e+00 0.0000000000e+00 3.9382981153e-09 -6.8948058245e-09
-5.3030303030e-01 -1.1969696970e+00 0.0000000000e+00 3.9761151818e-09 -6.8766784612e-09
-5.0000000000e-01 -1.1969696970e+00 0.0000000000e+00 4.0128482393e-09 -6.8605751129e-09
-4.6969696970e-01 -1.1969696970e+00 0.0000000000e+00 4.0483651675e-09 -6.8463636591e-09
-4.3939393939e-01 -1.1969696970e+00 0.0000000000e+00 4.0825314446e-09 -6.8339095782e-09
-4.0909090909e-01 -1.1969696970e+00 0.0000000000e+00 4.1152111798e-09 -6.8230769791e-09
-3.7878787879e-01 -1.1969696970e+00 0.0000000000e+00 4.1462682651e-09 -6.8137297541e-09
-3.4848484848e-01 -1.1969696970e+00 0.0000000000e+00 4.1755676396e-09 -6.8057328420e-09
-3.1818181818e-01 -1.1969696970e+00 0.0000000000e+00 4.2029766472e-09 -6.7989535871e-09
-2.8787878788e-01 -1.1969696970e+00 0.0000000000e+00 4.2283664721e-09 -6.7932631733e-09
-2.5757575758e-01 -1.1969696970e+00 0.0000000000e+00 4.2516136244e-09 -6.7885381107e-09
-2.2727272727e-01 -1.1969696970e+00 0.0000000000e+00 4.2726014494e-09 -6.7846617447e-09
-1.9696969697e-01 -1.1969696970e+00 0.0000000000e+00 4.2912216288e-09 -6.7815257570e-09
-1.6666666667e-01 -1.1969696970e+00 0.0000000000e+00 4.3073756386e-09 -6.7790316235e-09
-1.3636363636e-01 -1.1969696970e+00 0.0000000000e+00 4.3209761284e-09 -6.7770919940e-09
-1.0606060606e-01 -1.1969696970e+00 0.0000000000e+00 4.3319481869e-09 -6.7756319570e-09
-7.5757575758e-02 -1.1969696970e+00 0.0000000000e+00 4.3402304583e-09 -6.7745901568e-09
-4.5454545455e-02 -1.1969696970e+00 0.0000000000e+00 4.3457760777e-09 -6.7739197284e-09
-1.5151515152e-02 -1.1969696970e+00 0.0000000000e+00 4.3485533995e-09 -6.7735890263e-09
1.5151515152e-02 -1.1969696970e+00 0.0000000000e+00 4.3485464952e-09 -6.7735821221e-09
4.5454545455e-02 -1.1969696970e+00 0.0000000000e+00 4.3457554070e-09 -6.7738990577e-09
7.5757575758e-02 -1.1969696970e+00 0.0000000000e+00 4.3401961473e-09 -6.7745558458e-09
1.0606060606e-01 -1.1969696970e+00 0.0000000000e+00 4.3319004467e-09 -6.7755842168e-09
1.3636363636e-01 -1.1969696970e+00 0.0000000000e+00 4.3209152554e-09 -6.7770311210e-09
1.6666666667e-01 -1.1969696970e+00 0.0000000000e+00 4.3073020157e-09 -6.7789580006e-09
1.9696969697e-01 -1.1969696970e+00 0.0000000000e+00 4.2911357247e-09 -6.7814398529e-09
2.2727272727e-01 -1.1969696970e+00 0.0000000000e+00 4.2725038179e-09 -6.7845641132e-09
2.5757575758e-01 -1.1969696970e+00 0.0000000000e+00 4.2515049019e-09 -6.7884293882e-09
2.8787878788e-01 -1.1969696970e+00 0.0000000000e+00 4.2282473735e-09 -6.7931440747e-09
3.1818181818e-01 -1.1969696970e+00 0.0000000000e+00 4.2028479598e-09 -6.7988248997e-09
3.4848484848e-01 -1.1969696970e+00 0.0000000000e+00 4.1754302150e-09 -6.8055954175e-09
3.7878787879e-01 -1.1969696970e+00 0.0000000000e+00 4.1461230097e-09 -6.8135844987e-09
4.0909090909e-01 -1.1969696970e+00 0.0000000000e+00 4.1150590429e-09 -6.8229248422e-09
4.3939393939e-01 -1.1969696970e+00 0.0000000000e+00 4.0823734062e-09 -6.8337515397e-09
4.6969696970e-01 -1.1969696970e+00 0.0000000000e+00 4.0482022242e-09 -6.8462007159e-09
5.0000000000e-01 -1.1969696970e+00 0.0000000000e+00 4.0126813913e-09 -6.8604082648e-09
5.3030303030e-01 -1.1969696970e+00 0.0000000000e+00 3.9759454183e-09 -6.8765086977e-09
5.6060606061e-01 -1.1969696970e+00 0.0000000000e+00 3.9381264025e-09 -6.8946341116e-09
5.9090909091e-01 -1.1969696970e+00 0.0000000000e+00 3.8993531238e-09 -6.9149132865e-09
6.2121212121e-01 -1.1969696970e+00 0.0000000000e+00 3.8597502720e-09 -6.9374709121e-09
6.5151515152e-01 -1.1969696970e+00 0.0000000000e+00 3.8194378021e-09 -6.9624269436e-09
6.8181818182e-01 -1.1969696970e+00 0.0000000000e+00 3.7785304148e-09 -6.9898960815e-09
7.1212121212e-01 -1.1969696970e+00 0.0000000000e+00 3.7371371548e-09 -7.0199873706e-09
7.4242424242e-01 -1.1969696970e+00 0.0000000000e+00 3.6953611190e-09 -7.0528039077e-09
7.7272727273e-01 -1.1969696970e+00 0.0000000000e+00 3.6532992652e-09 -7.0884426508e-09
8.0303030303e-01 -1.1969696970e+00 0.0000000000e+00 3.6110423113e-09 -7.1269943176e-09
8.3333333333e-01 -1.1969696970e+00 0.0000000000e+00 3.5686747132e-09 -7.1685433641e-09
8.6363636364e-01 -1.1969696970e+00 0.0000000000e+00 3.5262747126e-09 -7.2131680319e-09
8.9393939394e-01 -1.1969696970e+00 0.0000000000e+00 3.4839144426e-09 -7.2609404542e-09
9.2424242424e-01 -1.1969696970e+00 0.0000000000e+00 3.4416600828e-09 -7.3119268106e-09
9.5454545455e-01 -1.1969696970e+00 0.0000000000e+00 3.3995720535e-09 -7.3661875213e-09
9.8484848485e-01 -1.1969696970e+00 0.0000000000e+00 3.3577052410e-09 -7.4237774727e-09
1.0151515152e+00 -1.1969696970e+00 0.0000000000e+00 3.3161092469e-09 -7.4847462664e-09
1.0454545455e+00 -1.1969696970e+00 0.0000000000e+00 3.2748286538e-09 -7.5491384851e-09
1.0757575758e+00 -1.1969696970e+00 0.0000000000e+00 3.2339033024e-09 -7.6169939692e-09
1.1060606061e+00 -1.1969696970e+00 0.0000000000e+00 3.1933685735e-09 -7.6883480998e-09
1.1363636364e+00 -1.1969696970e+00 0.0000000000e+00 3.1532556729e-09 -7.7632320824e-09
1.1666666667e+00 -1.1969696970e+00 0.0000000000e+00 3.1135919124e-09 -7.8416732291e-09
1.1969696970e+00 -1.1969696970e+00 0.0000000000e+00 3.0744009877e-09 -7.9236952354e-09
1.2272727273e+00 -1.1969696970e+00 0.0000000000e+00 3.0357032470e-09 -8.0093184496e-09
1.2575757576e+00 -1.1969696970e+00 0.0000000000e+00 2.9975159516e-09 -8.0985601331e-09
1.2878787879e+00 -1.1969696970e+00 0.0000000000e+00 2.9598535254e-09 -8.1914347096e-09
1.3181818182e+00 -1.1969696970e+00 0.0000000000e+00 2.9227277926e-09 -8.2879540032e-09
1.3484848485e+00 -1.1969696970e+00 0.0000000000e+00 2.8861482028e-09 -8.3881274639e-09
1.3787878788e+00 -1.1969696970e+00 0.0000000000e+00 2.8501220445e-09 -8.4919623798e-09
1.4090909091e+00 -1.1969696970e+00 0.0000000000e+00 2.8146546440e-09 -8.5994640775e-09
1.4393939394e+00 -1.1969696970e+00 0.0000000000e+00 2.7797495530e-09 -8.7106361085e-09
1.4696969697e+00 -1.1969696970e+00 0.0000000000e+00 2.7454087228e-09 -8.8254804243e-09
1.5000000000e+00 -1.1969696970e+00 0.0000000000e+00 2.7116326662e-09 -8.9439975375e-09
-1.5000000000e+00 -1.1666666667e+00 0.0000000000e+00 2.7384847602e-09 -8.8496367004e-09
-1.4696969697e+00 -1.1666666667e+00 0.0000000000e+00 2.7732886369e-09 -8.7321474073e-09
-1.4393939394e+00 -1.1666666667e+00 0.0000000000e+00 2.8087014438e-09 -8.6183750682e-09
-1.4090909091e+00 -1.1666666667e+00 0.0000000000e+00 2.8447243731e-09 -8.5083208756e-09
-1.3787878788e+00 -1.1666666667e+00 0.0000000000e+00 2.8813571896e-09 -8.4019845939e-09
-1.3484848485e+00 -1.1666666667e+00 0.0000000000e+00 2.9185980575e-09 -8.2993643876e-09
-1.3181818182e+00 -1.1666666667e+00 0.0000000000e+00 2.9564433546e-09 -8.2004566342e-09
-1.2878787879e+00 -1.1666666667e+00 0.0000000000e+00 2.9948874705e-09 -8.1052557236e-09
-1.2575757576e+00 -1.1666666667e+00 0.0000000000e+00 3.0339225907e-09 -8.0137538411e-09
-1.2272727273e+00 -1.1666666667e+00 0.0000000000e+00 3.0735384647e-09 -7.9259407363e-09
-1.1969696970e+00 -1.1666666667e+00 0.0000000000e+00 3.1137221589e-09 -7.8418034756e-09
-1.1666666667e+00 -1.1666666667e+00 0.0000000000e+00 3.1544577943e-09 -7.7613261799e-09
-1.1363636364e+00 -1.1666666667e+00 0.0000000000e+00 3.1957262689e-09 -7.6844897474e-09
-1.1060606061e+00 -1.1666666667e+00 0.0000000000e+00 3.2375049670e-09 -7.6112715622e-09
-1.0757575758e+00 -1.1666666667e+00 0.0000000000e+00 3.2797674544e-09 -7.5416451902e-09
-1.0454545455e+00 -1.1666666667e+00 0.0000000000e+00 3.3224831641e-09 -7.4755800644e-09
-1.0151515152e+00 -1.1666666667e+00 0.0000000000e+00 3.3656170720e-09 -7.4130411605e-09
-9.8484848485e-01 -1.1666666667e+00 0.0000000000e+00 3.4091293672e-09 -7.3539886679e-09
-9.5454545455e-01 -1.1666666667e+00 0.0000000000e+00 3.4529751209e-09 -7.2983776577e-09
-9.2424242424e-01 -1.1666666667e+00 0.0000000000e+00 3.4971039570e-09 -7.2461577537e-09
-8.9393939394e-01 -1.1666666667e+00 0.0000000000e+00 3.5414597307e-09 -7.1972728112e-09
-8.6363636364e-01 -1.1666666667e+00 0.0000000000e+00 3.5859802225e-09 -7.1516606108e-09
-8.3333333333e-01 -1.1666666667e+00 0.0000000000e+00 3.6305968531e-09 -7.1092525729e-09
-8.0303030303e-01 -1.1666666667e+00 0.0000000000e+00 3.6752344292e-09 -7.0699735044e-09
-7.7272727273e-01 -1.1666666667e+00 0.0000000000e+00 3.7198109294e-09 -7.0337413839e-09
-7.4242424242e-01 -1.1666666667e+00 0.0000000000e+00 3.7642373406e-09 -7.0004671983e-09
-7.1212121212e-01 -1.1666666667e+00 0.0000000000e+00 3.8084175574e-09 -6.9700548421e-09
-6.8181818182e-01 -1.1666666667e+00 0.0000000000e+00 3.8522483548e-09 -6.9424010904e-09
-6.5151515152e-01 -1.1666666667e+00 0.0000000000e+00 3.8956194492e-09 -6.9173956597e-09
-6.2121212121e-01 -1.1666666667e+00 0.0000000000e+00 3.9384136599e-09 -6.8949213690e-09
-5.9090909091e-01 -1.1666666667e+00 0.0000000000e+00 3.9805071828e-09 -6.8748544144e-09
-5.6060606061e-01 -1.1666666667e+00 0.0000000000e+00 4.0217699906e-09 -6.8570647687e-09
-5.3030303030e-01 -1.1666666667e+00 0.0000000000e+00 4.0620663687e-09 -6.8414167171e-09
-5.0000000000e-01 -1.1666666667e+00 0.0000000000e+00 4.1012555968e-09 -6.8277695393e-09
-4.6969696970e-01 -1.1666666667e+00 0.0000000000e+00 4.1391927816e-09 -6.8159783422e-09
-4.3939393939e-01 -1.1666666667e+00 0.0000000000e+00 4.1757298455e-09 -6.8058950479e-09
-4.0909090909e-01 -1.1666666667e+00 0.0000000000e+00 4.2107166680e-09 -6.7973695363e-09
-3.7878787879e-01 -1.1666666667e+00 0.0000000000e+00 4.2440023768e-09 -6.7902509347e-09
-3.4848484848e-01 -1.1666666667e+00 0.0000000000e+00 4.2754367756e-09 -6.7843890470e-09
-3.1818181818e-01 -1.1666666667e+00 0.0000000000e+00 4.3048718929e-09 -6.7796359018e-09
-2.8787878788e-01 -1.1666666667e+00 0.0000000000e+00 4.3321636308e-09 -6.7758474009e-09
-2.5757575758e-01 -1.1666666667e+00 0.0000000000e+00 4.3571734824e-09 -6.7728850377e-09
-2.2727272727e-01 -1.1666666667e+00 0.0000000000e+00 4.3797702890e-09 -6.7706176533e-09
-1.9696969697e-01 -1.1666666667e+00 0.0000000000e+00 4.3998319948e-09 -6.7689231919e-09
-1.6666666667e-01 -1.1666666667e+00 0.0000000000e+00 4.4172473603e-09 -6.7676904142e-09
-1.3636363636e-01 -1.1666666667e+00 0.0000000000e+00 4.4319175906e-09 -6.7668205252e-09
-1.0606060606e-01 -1.1666666667e+00 0.0000000000e+00 4.4437578333e-09 -6.7662286724e-09
-7.5757575758e-02 -1.1666666667e+00 0.0000000000e+00 4.4526985044e-09 -6.7658452718e-09
-4.5454545455e-02 -1.1666666667e+00 0.0000000000e+00 4.4586864028e-09 -6.7656171225e-09
-1.5151515152e-02 -1.1666666667e+00 0.0000000000e+00 4.4616855787e-09 -6.7655082745e-09
1.5151515152e-02 -1.1666666667e+00 0.0000000000e+00 4.4616779288e-09 -6.7655006246e-09
4.5454545455e-02 -1.1666666667e+00 0.0000000000e+00 4.4586634990e-09 -6.7655942187e-09
7.5757575758e-02 -1.1666666667e+00 0.0000000000e+00 4.4526604850e-09 -6.7658072524e-09
1.0606060606e-01 -1.1666666667e+00 0.0000000000e+00 4.4437049300e-09 -6.7661757691e-09
1.3636363636e-01 -1.1666666667e+00 0.0000000000e+00 4.4318501304e-09 -6.7667530649e-09
1.6666666667e-01 -1.1666666667e+00 0.0000000000e+00 4.4171657670e-09 -6.7676088209e-09
1.9696969697e-01 -1.1666666667e+00 0.0000000000e+00 4.3997367902e-09 -6.7688279874e-09
2.2727272727e-01 -1.1666666667e+00 0.0000000000e+00 4.3796620929e-09 -6.7705094572e-09
2.5757575758e-01 -1.1666666667e+00 0.0000000000e+00 4.3570530105e-09 -6.7727645657e-09
2.8787878788e-01 -1.1666666667e+00 0.0000000000e+00 4.3320316904e-09 -6.7757154605e-09
3.1818181818e-01 -1.1666666667e+00 0.0000000000e+00 4.3047293768e-09 -6.7794933857e-09
3.4848484848e-01 -1.1666666667e+00 0.0000000000e+00 4.2752846523e-09 -6.7842369237e-09
3.7878787879e-01 -1.1666666667e+00 0.0000000000e+00 4.2438416795e-09 -6.7900902374e-09
4.0909090909e-01 -1.1666666667e+00 0.0000000000e+00 4.2105484802e-09 -6.7972013485e-09
4.3939393939e-01 -1.1666666667e+00 0.0000000000e+00 4.1755552862e-09 -6.8057204886e-09
4.6969696970e-01 -1.1666666667e+00 0.0000000000e+00 4.1390129887e-09 -6.8157985492e-09
5.0000000000e-01 -1.1666666667e+00 0.0000000000e+00 4.1010717102e-09 -6.8275856527e-09
5.3030303030e-01 -1.1666666667e+00 0.0000000000e+00 4.0618795142e-09 -6.8412298626e-09
5.6060606061e-01 -1.1666666667e+00 0.0000000000e+00 4.0215812638e-09 -6.8568760419e-09
5.9090909091e-01 -1.1666666667e+00 0.0000000000e+00 3.9803176352e-09 -6.8746648669e-09
6.2121212121e-01 -1.1666666667e+00 0.0000000000e+00 3.9382242865e-09 -6.8947319956e-09
6.5151515152e-01 -1.1666666667e+00 0.0000000000e+00 3.8954311777e-09 -6.9172073882e-09
6.8181818182e-01 -1.1666666667e+00 0.0000000000e+00 3.8520620378e-09 -6.9422147735e-09
7.1212121212e-01 -1.1666666667e+00 0.0000000000e+00 3.8082339668e-09 -6.9698712515e-09
7.4242424242e-01 -1.1666666667e+00 0.0000000000e+00 3.7640571634e-09 -7.0002870211e-09
7.7272727273e-01 -1.1666666667e+00 0.0000000000e+00 3.7196347666e-09 -7.0335652211e-09
8.0303030303e-01 -1.1666666667e+00 0.0000000000e+00 3.6750627961e-09 -7.0698018714e-09
8.3333333333e-01 -1.1666666667e+00 0.0000000000e+00 3.6304301813e-09 -7.1090859010e-09
8.6363636364e-01 -1.1666666667e+00 0.0000000000e+00 3.5858188629e-09 -7.1514992511e-09
8.9393939394e-01 -1.1666666667e+00 0.0000000000e+00 3.5413039584e-09 -7.1971170390e-09
9.2424242424e-01 -1.1666666667e+00 0.0000000000e+00 3.4969539764e-09 -7.2460077731e-09
9.5454545455e-01 -1.1666666667e+00 0.0000000000e+00 3.4528310714e-09 -7.2982336082e-09
9.8484848485e-01 -1.1666666667e+00 0.0000000000e+00 3.4089913293e-09 -7.3538506300e-09
1.0151515152e+00 -1.1666666667e+00 0.0000000000e+00 3.3654850736e-09 -7.4129091621e-09
1.0454545455e+00 -1.1666666667e+00 0.0000000000e+00 3.3223571870e-09 -7.4754540873e-09
1.0757575758e+00 -1.1666666667e+00 0.0000000000e+00 3.2796474401e-09 -7.5415251758e-09
1.1060606061e+00 -1.1666666667e+00 0.0000000000e+00 3.2373908224e-09 -7.6111574176e-09
1.1363636364e+00 -1.1666666667e+00 0.0000000000e+00 3.1956178723e-09 -7.6843813508e-09
1.1666666667e+00 -1.1666666667e+00 0.0000000000e+00 3.1543549998e-09 -7.7612233854e-09
1.1969696970e+00 -1.1666666667e+00 0.0000000000e+00 3.1136248015e-09 -7.8417061183e-09
1.2272727273e+00 -1.1666666667e+00 0.0000000000e+00 3.0734463645e-09 -7.9258486361e-09
1.2575757576e+00 -1.1666666667e+00 0.0000000000e+00 3.0338355564e-09 -8.0136668068e-09
1.2878787879e+00 -1.1666666667e+00 0.0000000000e+00 2.9948053029e-09 -8.1051735560e-09
1.3181818182e+00 -1.1666666667e+00 0.0000000000e+00 2.9563658494e-09 -8.2003791290e-09
1.3484848485e+00 -1.1666666667e+00 0.0000000000e+00 2.9185250079e-09 -8.2992913380e-09
1.3787878788e+00 -1.1666666667e+00 0.0000000000e+00 2.8812883884e-09 -8.4019157927e-09
1.4090909091e+00 -1.1666666667e+00 0.0000000000e+00 2.8446596144e-09 -8.5082561169e-09
1.4393939394e+00 -1.1666666667e+00 0.0000000000e+00 2.8086405246e-09 -8.6183141491e-09
1.4696969697e+00 -1.1666666667e+00 0.0000000000e+00 2.7732313585e-09 -8.7320901289e-09
1.5000000000e+00 -1.1666666667e+00 0.0000000000e+00 2.7384309289e-09 -8.8495828690e-09
-1.5000000000e+00 -1.1363636364e+00 0.0000000000e+00 2.7653771518e-09 -8.7584241848e-09
-1.4696969697e+00 -1.1363636364e+00 0.0000000000e+00 2.8012301780e-09 -8.6419840412e-09
-1.4393939394e+00 -1.1363636364e+00 0.0000000000e+00 2.8377385682e-09 -8.5293072855e-09
-1.4090909091e+00 -1.1363636364e+00 0.0000000000e+00 2.8749054228e-09 -8.4203970181e-09
-1.3787878788e+00 -1.1363636364e+00 0.0000000000e+00 2.9127324398e-09 -8.3152549370e-09
-1.3484848485e+00 -1.1363636364e+00 0.0000000000e+00 2.9512197334e-09 -8.2138811562e-09
-1.3181818182e+00 -1.1363636364e+00 0.0000000000e+00 2.9903656347e-09 -8.1162740072e-09
-1.2878787879e+00 -1.1363636364e+00 0.0000000000e+00 3.0301664777e-09 -8.0224298236e-09
-1.2575757576e+00 -1.1363636364e+00 0.0000000000e+00 3.0706163658e-09 -7.9323427090e-09
-1.2272727273e+00 -1.1363636364e+00 0.0000000000e+00 3.1117069214e-09 -7.8460042858e-09
-1.1969696970e+00 -1.1363636364e+00 0.0000000000e+00 3.1534270164e-09 -7.7634034260e-09
-1.1666666667e+00 -1.1363636364e+00 0.0000000000e+00 3.1957624849e-09 -7.6845259634e-09
-1.1363636364e+00 -1.1363636364e+00 0.0000000000e+00 3.2386958164e-09 -7.6093543877e-09
-1.1060606061e+00 -1.1363636364e+00 0.0000000000e+00 3.2822058319e-09 -7.5378675199e-09
-1.0757575758e+00 -1.1363636364e+00 0.0000000000e+00 3.3262673434e-09 -7.4700401720e-09
-1.0454545455e+00 -1.1363636364e+00 0.0000000000e+00 3.3708507968e-09 -7.4058427899e-09
-1.0151515152e+00 -1.1363636364e+00 0.0000000000e+00 3.4159219032e-09 -7.3452410846e-09
-9.8484848485e-01 -1.1363636364e+00 0.0000000000e+00 3.4614412587e-09 -7.2881956522e-09
-9.5454545455e-01 -1.1363636364e+00 0.0000000000e+00 3.5073639577e-09 -7.2346615873e-09
-9.2424242424e-01 -1.1363636364e+00 0.0000000000e+00 3.5536392055e-09 -7.1845880950e-09
-8.9393939394e-01 -1.1363636364e+00 0.0000000000e+00 3.6002099330e-09 -7.1379181064e-09
-8.6363636364e-01 -1.1363636364e+00 0.0000000000e+00 3.6470124238e-09 -7.0945879049e-09
-8.3333333333e-01 -1.1363636364e+00 0.0000000000e+00 3.6939759594e-09 -7.0545267720e-09
-8.0303030303e-01 -1.1363636364e+00 0.0000000000e+00 3.7410224930e-09 -7.0176566610e-09
-7.7272727273e-01 -1.1363636364e+00 0.0000000000e+00 3.7880663630e-09 -6.9838919103e-09
-7.4242424242e-01 -1.1363636364e+00 0.0000000000e+00 3.8350140579e-09 -6.9531390084e-09
-7.1212121212e-01 -1.1363636364e+00 0.0000000000e+00 3.8817640460e-09 -6.9252964236e-09
-6.8181818182e-01 -1.1363636364e+00 0.0000000000e+00 3.9282066851e-09 -6.9002545136e-09
-6.5151515152e-01 -1.1363636364e+00 0.0000000000e+00 3.9742242264e-09 -6.8778955297e-09
-6.2121212121e-01 -1.1363636364e+00 0.0000000000e+00 4.0196909302e-09 -6.8580937321e-09
-5.9090909091e-01 -1.1363636364e+00 0.0000000000e+00 4.0644733080e-09 -6.8407156325e-09
-5.6060606061e-01 -1.1363636364e+00 0.0000000000e+00 4.1084305074e-09 -6.8256203783e-09
-5.3030303030e-01 -1.1363636364e+00 0.0000000000e+00 4.1514148534e-09 -6.8126602946e-09
-5.0000000000e-01 -1.1363636364e+00 0.0000000000e+00 4.1932725599e-09 -6.8016815952e-09
-4.6969696970e-01 -1.1363636364e+00 0.0000000000e+00 4.2338446195e-09 -6.7925252728e-09
-4.3939393939e-01 -1.1363636364e+00 0.0000000000e+00 4.2729678784e-09 -6.7850281737e-09
-4.0909090909e-01 -1.1363636364e+00 0.0000000000e+00 4.3104762980e-09 -6.7790242591e-09
-3.7878787879e-01 -1.1363636364e+00 0.0000000000e+00 4.3462023971e-09 -6.7743460479e-09
-3.4848484848e-01 -1.1363636364e+00 0.0000000000e+00 4.3799788665e-09 -6.7708262307e-09
-3.1818181818e-01 -1.1363636364e+00 0.0000000000e+00 4.4116403356e-09 -6.7682994372e-09
-2.8787878788e-01 -1.1363636364e+00 0.0000000000e+00 4.4410252682e-09 -6.7666041312e-09
-2.5757575758e-01 -1.1363636364e+00 0.0000000000e+00 4.4679779539e-09 -6.7655846020e-09
-2.2727272727e-01 -1.1363636364e+00 0.0000000000e+00 4.4923505555e-09 -6.7650930125e-09
-1.9696969697e-01 -1.1363636364e+00 0.0000000000e+00 4.5140051685e-09 -6.7649914585e-09
-1.6666666667e-01 -1.1363636364e+00 0.0000000000e+00 4.5328158412e-09 -6.7651539879e-09
-1.3636363636e-01 -1.1363636364e+00 0.0000000000e+00 4.5486705020e-09 -6.7654685294e-09
-1.0606060606e-01 -1.1363636364e+00 0.0000000000e+00 4.5614727410e-09 -6.7658386729e-09
-7.5757575758e-02 -1.1363636364e+00 0.0000000000e+00 4.5711433910e-09 -6.7661852513e-09
-4.5454545455e-02 -1.1363636364e+00 0.0000000000e+00 4.5776218604e-09 -6.7664476729e-09
-1.5151515152e-02 -1.1363636364e+00 0.0000000000e+00 4.5808671738e-09 -6.7665849625e-09
1.5151515152e-02 -1.1363636364e+00 0.0000000000e+00 4.5808586865e-09 -6.7665764751e-09
4.5454545455e-02 -1.1363636364e+00 0.0000000000e+00 4.5775964481e-09 -6.7664222606e-09
7.5757575758e-02 -1.1363636364e+00 0.0000000000e+00 4.5711012038e-09 -6.7661430641e-09
1.0606060606e-01 -1.1363636364e+00 0.0000000000e+00 4.5614140315e-09 -6.7657799633e-09
1.3636363636e-01 -1.1363636364e+00 0.0000000000e+00 4.5485956283e-09 -6.7653936557e-09
1.6666666667e-01 -1.1363636364e+00 0.0000000000e+00 4.5327252706e-09 -6.7650634173e-09
1.9696969697e-01 -1.1363636364e+00 0.0000000000e+00 4.5138994802e-09 -6.7648857701e-09
2.2727272727e-01 -1.1363636364e+00 0.0000000000e+00 4.4922304416e-09 -6.7649728987e-09
2.5757575758e-01 -1.1363636364e+00 0.0000000000e+00 4.4678442191e-09 -6.7654508672e-09
2.8787878788e-01 -1.1363636364e+00 0.0000000000e+00 4.4408788254e-09 -6.7664576883e-09
3.1818181818e-01 -1.1363636364e+00 0.0000000000e+00 4.4114821986e-09 -6.7681413003e-09
3.4848484848e-01 -1.1363636364e+00 0.0000000000e+00 4.3798101399e-09 -6.7706575041e-09
3.7878787879e-01 -1.1363636364e+00 0.0000000000e+00 4.3460242619e-09 -6.7741679127e-09
4.0909090909e-01 -1.1363636364e+00 0.0000000000e+00 4.3102899953e-09 -6.7788379563e-09
4.3939393939e-01 -1.1363636364e+00 0.0000000000e+00 4.2727746905e-09 -6.7848349858e-09
4.6969696970e-01 -1.1363636364e+00 0.0000000000e+00 4.2336458497e-09 -6.7923265031e-09
5.0000000000e-01 -1.1363636364e+00 0.0000000000e+00 4.1930695125e-09 -6.8014785479e-09
5.3030303030e-01 -1.1363636364e+00 0.0000000000e+00 4.1512088131e-09 -6.8124542543e-09
5.6060606061e-01 -1.1363636364e+00 0.0000000000e+00 4.1082227207e-09 -6.8254125916e-09
5.9090909091e-01 -1.1363636364e+00 0.0000000000e+00 4.0642649661e-09 -6.8405072906e-09
6.2121212121e-01 -1.1363636364e+00 0.0000000000e+00 4.0194831542e-09 -6.8578859562e-09
6.5151515152e-01 -1.1363636364e+00 0.0000000000e+00 3.9740180557e-09 -6.8776893590e-09
6.8181818182e-01 -1.1363636364e+00 0.0000000000e+00 3.9280030681e-09 -6.9000508966e-09
7.1212121212e-01 -1.1363636364e+00 0.0000000000e+00 3.8815638336e-09 -6.9250962112e-09
7.4242424242e-01 -1.1363636364e+00 0.0000000000e+00 3.8348180003e-09 -6.9529429508e-09
7.7272727273e-01 -1.1363636364e+00 0.0000000000e+00 3.7878751087e-09 -6.9837006561e-09
8.0303030303e-01 -1.1363636364e+00 0.0000000000e+00 3.7408365901e-09 -7.0174707581e-09
8.3333333333e-01 -1.1363636364e+00 0.0000000000e+00 3.6937958586e-09 -7.0543466712e-09
8.6363636364e-01 -1.1363636364e+00 0.0000000000e+00 3.6468384834e-09 -7.0944139644e-09
8.9393939394e-01 -1.1363636364e+00 0.0000000000e+00 3.6000424243e-09 -7.1377505977e-09
9.2424242424e-01 -1.1363636364e+00 0.0000000000e+00 3.5534783202e-09 -7.1844272098e-09
9.5454545455e-01 -1.1363636364e+00 0.0000000000e+00 3.5072098148e-09 -7.2345074444e-09
9.8484848485e-01 -1.1363636364e+00 0.0000000000e+00 3.4612939120e-09 -7.2880483056e-09
1.0151515152e+00 -1.1363636364e+00 0.0000000000e+00 3.4157813494e-09 -7.3451005307e-09
1.0454545455e+00 -1.1363636364e+00 0.0000000000e+00 3.3707169822e-09 -7.4057089752e-09
1.0757575758e+00 -1.1363636364e+00 0.0000000000e+00 3.3261401717e-09 -7.4699130003e-09
1.1060606061e+00 -1.1363636364e+00 0.0000000000e+00 3.2820851708e-09 -7.5377468589e-09
1.1363636364e+00 -1.1363636364e+00 0.0000000000e+00 3.2385815038e-09 -7.6092400751e-09
1.1666666667e+00 -1.1363636364e+00 0.0000000000e+00 3.1956543349e-09 -7.6844178134e-09
1.1969696970e+00 -1.1363636364e+00 0.0000000000e+00 3.1533248241e-09 -7.7633012337e-09
1.2272727273e+00 -1.1363636364e+00 0.0000000000e+00 3.1116104679e-09 -7.8459078324e-09
1.2575757576e+00 -1.1363636364e+00 0.0000000000e+00 3.0705254224e-09 -7.9322517656e-09
1.2878787879e+00 -1.1363636364e+00 0.0000000000e+00 3.0300808091e-09 -8.0223441550e-09
1.3181818182e+00 -1.1363636364e+00 0.0000000000e+00 2.9902850023e-09 -8.1161933748e-09
1.3484848485e+00 -1.1363636364e+00 0.0000000000e+00 2.9511438980e-09 -8.2138053208e-09
1.3787878788e+00 -1.1363636364e+00 0.0000000000e+00 2.9126611638e-09 -8.3151836610e-09
1.4090909091e+00 -1.1363636364e+00 0.0000000000e+00 2.8748384719e-09 -8.4203300672e-09
1.4393939394e+00 -1.1363636364e+00 0.0000000000e+00 2.8376757130e-09 -8.5292444304e-09
1.4696969697e+00 -1.1363636364e+00 0.0000000000e+00 2.8011711953e-09 -8.6419250585e-09
1.5000000000e+00 -1.1363636364e+00 0.0000000000e+00 2.7653218252e-09 -8.7583688582e-09
-1.5000000000e+00 -1.1060606061e+00 0.0000000000e+00 2.7923384467e-09 -8.6703885964e-09
-1.4696969697e+00 -1.1060606061e+00 0.0000000000e+00 2.8292646981e-09 -8.5550216781e-09
-1.4393939394e+00 -1.1060606061e+00 0.0000000000e+00 2.8668952623e-09 -8.4434670963e-09
-1.4090909091e+00 -1.1060606061e+00 0.0000000000e+00 2.9052353687e-09 -8.3357300807e-09
-1.3787878788e+00 -1.1060606061e+00 0.0000000000e+00 2.9442888865e-09 -8.2318145003e-09
-1.3484848485e+00 -1.1060606061e+00 0.0000000000e+00 2.9840581335e-09 -8.1317226731e-09
-1.3181818182e+00 -1.1060606061e+00 0.0000000000e+00 3.0245436666e-09 -8.0354551557e-09
-1.2878787879e+00 -1.1060606061e+00 0.0000000000e+00 3.0657440527e-09 -7.9430105153e-09
-1.2575757576e+00 -1.1060606061e+00 0.0000000000e+00 3.1076556204e-09 -7.8543850803e-09
-1.2272727273e+00 -1.1060606061e+00 0.0000000000e+00 3.1502721892e-09 -7.7695726703e-09
-1.1969696970e+00 -1.1060606061e+00 0.0000000000e+00 3.1935847785e-09 -7.6885643047e-09
-1.1666666667e+00 -1.1060606061e+00 0.0000000000e+00 3.2375812930e-09 -7.6113478882e-09
-1.1363636364e+00 -1.1060606061e+00 0.0000000000e+00 3.2822461864e-09 -7.5379078744e-09
-1.1060606061e+00 -1.1060606061e+00 0.0000000000e+00 3.3275601028e-09 -7.4682249075e-09
-1.0757575758e+00 -1.1060606061e+00 0.0000000000e+00 3.3734994959e-09 -7.4022754411e-09
-1.0454545455e+00 -1.1060606061e+00 0.0000000000e+00 3.4200362286e-09 -7.3400313384e-09
-1.0151515152e+00 -1.1060606061e+00 0.0000000000e+00 3.4671371538e-09 -7.2814594518e-09
-9.8484848485e-01 -1.1060606061e+00 0.0000000000e+00 3.5147636785e-09 -7.2265211888e-09
-9.5454545455e-01 -1.1060606061e+00 0.0000000000e+00 3.5628713173e-09 -7.1751720636e-09
-9.2424242424e-01 -1.1060606061e+00 0.0000000000e+00 3.6114092368e-09 -7.1273612431e-09
-8.9393939394e-01 -1.1060606061e+00 0.0000000000e+00 3.6603197997e-09 -7.0830310897e-09
-8.6363636364e-01 -1.1060606061e+00 0.0000000000e+00 3.7095381138e-09 -7.0421167116e-09
-8.3333333333e-01 -1.1060606061e+00 0.0000000000e+00 3.7589915965e-09 -7.0045455258e-09
-8.0303030303e-01 -1.1060606061e+00 0.0000000000e+00 3.8085995634e-09 -6.9702368481e-09
-7.7272727273e-01 -1.1060606061e+00 0.0000000000e+00 3.8582728550e-09 -6.9391015190e-09
-7.4242424242e-01 -1.1060606061e+00 0.0000000000e+00 3.9079135142e-09 -6.9110415814e-09
-7.1212121212e-01 -1.1060606061e+00 0.0000000000e+00 3.9574145306e-09 -6.8859500249e-09
-6.8181818182e-01 -1.1060606061e+00 0.0000000000e+00 4.0066596682e-09 -6.8637106134e-09
-6.5151515152e-01 -1.1060606061e+00 0.0000000000e+00 4.0555233957e-09 -6.8441978157e-09
-6.2121212121e-01 -1.1060606061e+00 0.0000000000e+00 4.1038709384e-09 -6.8272768570e-09
-5.9090909091e-01 -1.1060606061e+00 0.0000000000e+00 4.1515584715e-09 -6.8128039127e-09
-5.6060606061e-01 -1.1060606061e+00 0.0000000000e+00 4.1984334746e-09 -6.8006264622e-09
-5.3030303030e-01 -1.1060606061e+00 0.0000000000e+00 4.2443352664e-09 -6.7905838243e-09
-5.0000000000e-01 -1.1060606061e+00 0.0000000000e+00 4.2890957364e-09 -6.7825078884e-09
-4.6969696970e-01 -1.1060606061e+00 0.0000000000e+00 4.3325402868e-09 -6.7762240569e-09
-4.3939393939e-01 -1.1060606061e+00 0.0000000000e+00 4.3744889960e-09 -6.7715524080e-09
-4.0909090909e-01 -1.1060606061e+00 0.0000000000e+00 4.4147580057e-09 -6.7683090835e-09
-3.7878787879e-01 -1.1060606061e+00 0.0000000000e+00 4.4531611318e-09 -6.7663078992e-09
-3.4848484848e-01 -1.1060606061e+00 0.0000000000e+00 4.4895116865e-09 -6.7653621675e-09
-3.1818181818e-01 -1.1060606061e+00 0.0000000000e+00 4.5236244954e-09 -6.7652867138e-09
-2.8787878788e-01 -1.1060606061e+00 0.0000000000e+00 4.5553180801e-09 -6.7659000598e-09
-2.5757575758e-01 -1.1060606061e+00 0.0000000000e+00 4.5844169696e-09 -6.7670267343e-09
-2.2727272727e-01 -1.1060606061e+00 0.0000000000e+00 4.6107540942e-09 -6.7684996679e-09
-1.9696969697e-01 -1.1060606061e+00 0.0000000000e+00 4.6341732081e-09 -6.7701626148e-09
-1.6666666667e-01 -1.1060606061e+00 0.0000000000e+00 4.6545312791e-09 -6.7718725425e-09
-1.3636363636e-01 -1.1060606061e+00 0.0000000000e+00 4.6717007793e-09 -6.7735019233e-09
-1.0606060606e-01 -1.1060606061e+00 0.0000000000e+00 4.6855718116e-09 -6.7749408602e-09
-7.5757575758e-02 -1.1060606061e+00 0.0000000000e+00 4.6960540040e-09 -6.7760989810e-09
-4.5454545455e-02 -1.1060606061e+00 0.0000000000e+00 4.7030781101e-09 -6.7769070394e-09
-1.5151515152e-02 -1.1060606061e+00 0.0000000000e+00 4.7065972625e-09 -6.7773181679e-09
1.5151515152e-02 -1.1060606061e+00 0.0000000000e+00 4.7065878343e-09 -6.7773087396e-09
4.5454545455e-02 -1.1060606061e+00 0.0000000000e+00 4.7030498786e-09 -6.7768788078e-09
7.5757575758e-02 -1.1060606061e+00 0.0000000000e+00 4.6960071301e-09 -6.7760521071e-09
1.0606060606e-01 -1.1060606061e+00 0.0000000000e+00 4.6855065676e-09 -6.7748756162e-09
1.3636363636e-01 -1.1060606061e+00 0.0000000000e+00 4.6716175541e-09 -6.7734186982e-09
1.6666666667e-01 -1.1060606061e+00 0.0000000000e+00 4.6544305844e-09 -6.7717718479e-09
1.9696969697e-01 -1.1060606061e+00 0.0000000000e+00 4.6340556838e-09 -6.7700450905e-09
2.2727272727e-01 -1.1060606061e+00 0.0000000000e+00 4.6106205117e-09 -6.7683660855e-09
2.5757575758e-01 -1.1060606061e+00 0.0000000000e+00 4.5842682329e-09 -6.7668779977e-09
2.8787878788e-01 -1.1060606061e+00 0.0000000000e+00 4.5551552222e-09 -6.7657372018e-09
3.1818181818e-01 -1.1060606061e+00 0.0000000000e+00 4.5234486702e-09 -6.7651108885e-09
3.4848484848e-01 -1.1060606061e+00 0.0000000000e+00 4.4893241569e-09 -6.7651746378e-09
3.7878787879e-01 -1.1060606061e+00 0.0000000000e+00 4.4529632528e-09 -6.7661100202e-09
4.0909090909e-01 -1.1060606061e+00 0.0000000000e+00 4.4145512039e-09 -6.7681022817e-09
4.3939393939e-01 -1.1060606061e+00 0.0000000000e+00 4.3742747466e-09 -6.7713381586e-09
4.6969696970e-01 -1.1060606061e+00 0.0000000000e+00 4.3323200888e-09 -6.7760038589e-09
5.0000000000e-01 -1.1060606061e+00 0.0000000000e+00 4.2888710872e-09 -6.7822832393e-09
5.3030303030e-01 -1.1060606061e+00 0.0000000000e+00 4.2441076375e-09 -6.7903561954e-09
5.6060606061e-01 -1.1060606061e+00 0.0000000000e+00 4.1982042881e-09 -6.8003972757e-09
5.9090909091e-01 -1.1060606061e+00 0.0000000000e+00 4.1513290803e-09 -6.8125745215e-09
6.2121212121e-01 -1.1060606061e+00 0.0000000000e+00 4.1036426086e-09 -6.8270485273e-09
6.5151515152e-01 -1.1060606061e+00 0.0000000000e+00 4.0552972930e-09 -6.8439717130e-09
6.8181818182e-01 -1.1060606061e+00 0.0000000000e+00 4.0064368476e-09 -6.8634877928e-09
7.1212121212e-01 -1.1060606061e+00 0.0000000000e+00 3.9571959299e-09 -6.8857314241e-09
7.4242424242e-01 -1.1060606061e+00 0.0000000000e+00 3.9076999508e-09 -6.9108280180e-09
7.7272727273e-01 -1.1060606061e+00 0.0000000000e+00 3.8580650260e-09 -6.9388936900e-09
8.0303030303e-01 -1.1060606061e+00 0.0000000000e+00 3.8083980482e-09 -6.9700353329e-09
8.3333333333e-01 -1.1060606061e+00 0.0000000000e+00 3.7587968614e-09 -7.0043507907e-09
8.6363636364e-01 -1.1060606061e+00 0.0000000000e+00 3.7093505186e-09 -7.0419291164e-09
8.9393939394e-01 -1.1060606061e+00 0.0000000000e+00 3.6601396055e-09 -7.0828508955e-09
9.2424242424e-01 -1.1060606061e+00 0.0000000000e+00 3.6112366146e-09 -7.1271886209e-09
9.5454545455e-01 -1.1060606061e+00 0.0000000000e+00 3.5627063572e-09 -7.1750071035e-09
9.8484848485e-01 -1.1060606061e+00 0.0000000000e+00 3.5146063991e-09 -7.2263639093e-09
1.0151515152e+00 -1.1060606061e+00 0.0000000000e+00 3.4669875110e-09 -7.2813098091e-09
1.0454545455e+00 -1.1060606061e+00 0.0000000000e+00 3.4198941251e-09 -7.3398892348e-09
1.0757575758e+00 -1.1060606061e+00 0.0000000000e+00 3.3733647889e-09 -7.4021407342e-09
1.1060606061e+00 -1.1060606061e+00 0.0000000000e+00 3.3274326126e-09 -7.4680974173e-09
1.1363636364e+00 -1.1060606061e+00 0.0000000000e+00 3.2821257032e-09 -7.5377873912e-09
1.1666666667e+00 -1.1060606061e+00 0.0000000000e+00 3.2374675833e-09 -7.6112341785e-09
1.1969696970e+00 -1.1060606061e+00 0.0000000000e+00 3.1934775912e-09 -7.6884571174e-09
1.2272727273e+00 -1.1060606061e+00 0.0000000000e+00 3.1501712605e-09 -7.7694717417e-09
1.2575757576e+00 -1.1060606061e+00 0.0000000000e+00 3.1075606785e-09 -7.8542901385e-09
1.2878787879e+00 -1.1060606061e+00 0.0000000000e+00 3.0656548216e-09 -7.9429212842e-09
1.3181818182e+00 -1.1060606061e+00 0.0000000000e+00 3.0244598691e-09 -8.0353713582e-09
1.3484848485e+00 -1.1060606061e+00 0.0000000000e+00 2.9839794942e-09 -8.1316440338e-09
1.3787878788e+00 -1.1060606061e+00 0.0000000000e+00 2.9442151340e-09 -8.2317407478e-09
1.4090909091e+00 -1.1060606061e+00 0.0000000000e+00 2.9051662373e-09 -8.3356609493e-09
1.4393939394e+00 -1.1060606061e+00 0.0000000000e+00 2.8668304937e-09 -8.4434023277e-09
1.4696969697e+00 -1.1060606061e+00 0.0000000000e+00 2.8292040422e-09 -8.5549610222e-09
1.5000000000e+00 -1.1060606061e+00 0.0000000000e+00 2.7922816627e-09 -8.6703318124e-09
-1.5000000000e+00 -1.0757575758e+00 0.0000000000e+00 2.8193431011e-09 -8.5855043914e-09
-1.4696969697e+00 -1.0757575758e+00 0.0000000000e+00 2.8573660092e-09 -8.4712341297e-09
-1.4393939394e+00 -1.0757575758e+00 0.0000000000e+00 2.8961447493e-09 -8.3608277239e-09
-1.4090909091e+00 -1.0757575758e+00 0.0000000000e+00 2.9356869167e-09 -8.2542927692e-09
-1.3787878788e+00 -1.0757575758e+00 0.0000000000e+00 2.9759988066e-09 -8.1516355610e-09
-1.3484848485e+00 -1.0757575758e+00 0.0000000000e+00 3.0170852150e-09 -8.0528608952e-09
-1.3181818182e+00 -1.0757575758e+00 0.0000000000e+00 3.0589492189e-09 -7.9579718486e-09
-1.2878787879e+00 -1.0757575758e+00 0.0000000000e+00 3.1015919338e-09 -7.8669695370e-09
-1.2575757576e+00 -1.0757575758e+00 0.0000000000e+00 3.1450122498e-09 -7.7798528503e-09
-1.2272727273e+00 -1.0757575758e+00 0.0000000000e+00 3.1892065419e-09 -7.6966181637e-09
-1.1969696970e+00 -1.0757575758e+00 0.0000000000e+00 3.2341683560e-09 -7.6172590228e-09
-1.1666666667e+00 -1.0757575758e+00 0.0000000000e+00 3.2798880675e-09 -7.5417658032e-09
-1.1363636364e+00 -1.0757575758e+00 0.0000000000e+00 3.3263525142e-09 -7.4701253428e-09
-1.1060606061e+00 -1.0757575758e+00 0.0000000000e+00 3.3735446008e-09 -7.4023205461e-09
-1.0757575758e+00 -1.0757575758e+00 0.0000000000e+00 3.4214428769e-09 -7.3383299628e-09
-1.0454545455e+00 -1.0757575758e+00 0.0000000000e+00 3.4700210888e-09 -7.2781273391e-09
-1.0151515152e+00 -1.0757575758e+00 0.0000000000e+00 3.5192477058e-09 -7.2216811445e-09
-9.8484848485e-01 -1.0757575758e+00 0.0000000000e+00 3.5690854248e-09 -7.1689540756e-09
-9.5454545455e-01 -1.0757575758e+00 0.0000000000e+00 3.6194906551e-09 -7.1199025420e-09
-9.2424242424e-01 -1.0757575758e+00 0.0000000000e+00 3.6704129896e-09 -7.0744761364e-09
-8.9393939394e-01 -1.0757575758e+00 0.0000000000e+00 3.7217946660e-09 -7.0326170966e-09
-8.6363636364e-01 -1.0757575758e+00 0.0000000000e+00 3.7735700289e-09 -6.9942597672e-09
-8.3333333333e-01 -1.0757575758e+00 0.0000000000e+00 3.8256649990e-09 -6.9593300689e-09
-8.0303030303e-01 -1.0757575758e+00 0.0000000000e+00 3.8779965630e-09 -6.9277449884e-09
-7.7272727273e-01 -1.0757575758e+00 0.0000000000e+00 3.9304722963e-09 -6.8994121009e-09
-7.4242424242e-01 -1.0757575758e+00 0.0000000000e+00 3.9829899350e-09 -6.8742291428e-09
-7.1212121212e-01 -1.0757575758e+00 0.0000000000e+00 4.0354370147e-09 -6.8520836495e-09
-6.8181818182e-01 -1.0757575758e+00 0.0000000000e+00 4.0876905957e-09 -6.8328526814e-09
-6.5151515152e-01 -1.0757575758e+00 0.0000000000e+00 4.1396170973e-09 -6.8164026579e-09
-6.2121212121e-01 -1.0757575758e+00 0.0000000000e+00 4.1910722642e-09 -6.8025893235e-09
-5.9090909091e-01 -1.0757575758e+00 0.0000000000e+00 4.2419012889e-09 -6.7912578707e-09
-5.6060606061e-01 -1.0757575758e+00 0.0000000000e+00 4.2919391163e-09 -6.7822432445e-09
-5.3030303030e-01 -1.0757575758e+00 0.0000000000e+00 4.3410109537e-09 -6.7753706522e-09
-5.0000000000e-01 -1.0757575758e+00 0.0000000000e+00 4.3889330092e-09 -6.7704563019e-09
-4.6969696970e-01 -1.0757575758e+00 0.0000000000e+00 4.4355134776e-09 -6.7673083882e-09
-4.3939393939e-01 -1.0757575758e+00 0.0000000000e+00 4.4805537888e-09 -6.7657283414e-09
-4.0909090909e-01 -1.0757575758e+00 0.0000000000e+00 4.5238501284e-09 -6.7655123468e-09
-3.7878787879e-01 -1.0757575758e+00 0.0000000000e+00 4.5651952297e-09 -6.7664531377e-09
-3.4848484848e-01 -1.0757575758e+00 0.0000000000e+00 4.6043804297e-09 -6.7683420512e-09
-3.1818181818e-01 -1.0757575758e+00 0.0000000000e+00 4.6411979711e-09 -6.7709713301e-09
-2.8787878788e-01 -1.0757575758e+00 0.0000000000e+00 4.6754435177e-09 -6.7741366379e-09
-2.5757575758e-01 -1.0757575758e+00 0.0000000000e+00 4.7069188423e-09 -6.7776397476e-09
-2.2727272727e-01 -1.0757575758e+00 0.0000000000e+00 4.7354346319e-09 -6.7812913462e-09
-1.9696969697e-01 -1.0757575758e+00 0.0000000000e+00 4.7608133462e-09 -6.7849138935e-09
-1.6666666667e-01 -1.0757575758e+00 0.0000000000e+00 4.7828920537e-09 -6.7883444577e-09
-1.3636363636e-01 -1.0757575758e+00 0.0000000000e+00 4.8015251656e-09 -6.7914374503e-09
-1.0606060606e-01 -1.0757575758e+00 0.0000000000e+00 4.8165869846e-09 -6.7940671738e-09
-7.5757575758e-02 -1.0757575758e+00 0.0000000000e+00 4.8279739837e-09 -6.7961301012e-09
-4.5454545455e-02 -1.0757575758e+00 0.0000000000e+00 4.8356067386e-09 -6.7975468084e-09
-1.5151515152e-02 -1.0757575758e+00 0.0000000000e+00 4.8394314441e-09 -6.7982634901e-09
1.5151515152e-02 -1.0757575758e+00 0.0000000000e+00 4.8394209588e-09 -6.7982530047e-09
4.5454545455e-02 -1.0757575758e+00 0.0000000000e+00 4.8355753384e-09 -6.7975154082e-09
7.5757575758e-02 -1.0757575758e+00 0.0000000000e+00 4.8279218381e-09 -6.7960779557e-09
1.0606060606e-01 -1.0757575758e+00 0.0000000000e+00 4.8165143827e-09 -6.7939945718e-09
1.3636363636e-01 -1.0757575758e+00 0.0000000000e+00 4.8014325244e-09 -6.7913448091e-09
1.6666666667e-01 -1.0757575758e+00 0.0000000000e+00 4.7827799283e-09 -6.7882323323e-09
1.9696969697e-01 -1.0757575758e+00 0.0000000000e+00 4.7606824393e-09 -6.7847829865e-09
2.2727272727e-01 -1.0757575758e+00 0.0000000000e+00 4.7352858003e-09 -6.7811425147e-09
2.5757575758e-01 -1.0757575758e+00 0.0000000000e+00 4.7067531005e-09 -6.7774740058e-09
2.8787878788e-01 -1.0757575758e+00 0.0000000000e+00 4.6752620354e-09 -6.7739551556e-09
3.1818181818e-01 -1.0757575758e+00 0.0000000000e+00 4.6410020646e-09 -6.7707754236e-09
3.4848484848e-01 -1.0757575758e+00 0.0000000000e+00 4.6041715477e-09 -6.7681331692e-09
3.7878787879e-01 -1.0757575758e+00 0.0000000000e+00 4.5649749326e-09 -6.7662328406e-09
4.0909090909e-01 -1.0757575758e+00 0.0000000000e+00 4.5236200632e-09 -6.7652822815e-09
4.3939393939e-01 -1.0757575758e+00 0.0000000000e+00 4.4803156598e-09 -6.7654902124e-09
4.6969696970e-01 -1.0757575758e+00 0.0000000000e+00 4.4352690160e-09 -6.7670639267e-09
5.0000000000e-01 -1.0757575758e+00 0.0000000000e+00 4.3886839414e-09 -6.7702072341e-09
5.3030303030e-01 -1.0757575758e+00 0.0000000000e+00 4.3407589708e-09 -6.7751186693e-09
5.6060606061e-01 -1.0757575758e+00 0.0000000000e+00 4.2916858464e-09 -6.7819899746e-09
5.9090909091e-01 -1.0757575758e+00 0.0000000000e+00 4.2416482725e-09 -6.7910048543e-09
6.2121212121e-01 -1.0757575758e+00 0.0000000000e+00 4.1908209338e-09 -6.8023379930e-09
6.5151515152e-01 -1.0757575758e+00 0.0000000000e+00 4.1393687615e-09 -6.8161543220e-09
6.8181818182e-01 -1.0757575758e+00 0.0000000000e+00 4.0874464281e-09 -6.8326085139e-09
7.1212121212e-01 -1.0757575758e+00 0.0000000000e+00 4.0351980476e-09 -6.8518446825e-09
7.4242424242e-01 -1.0757575758e+00 0.0000000000e+00 3.9827570567e-09 -6.8739962645e-09
7.7272727273e-01 -1.0757575758e+00 0.0000000000e+00 3.9302462523e-09 -6.8991860570e-09
8.0303030303e-01 -1.0757575758e+00 0.0000000000e+00 3.8777779608e-09 -6.9275263861e-09
8.3333333333e-01 -1.0757575758e+00 0.0000000000e+00 3.8254543148e-09 -6.9591193847e-09
8.6363636364e-01 -1.0757575758e+00 0.0000000000e+00 3.7733676164e-09 -6.9940573547e-09
8.9393939394e-01 -1.0757575758e+00 0.0000000000e+00 3.7216007669e-09 -7.0324231975e-09
9.2424242424e-01 -1.0757575758e+00 0.0000000000e+00 3.6702277442e-09 -7.0742908911e-09
9.5454545455e-01 -1.0757575758e+00 0.0000000000e+00 3.6193141142e-09 -7.1197260011e-09
9.8484848485e-01 -1.0757575758e+00 0.0000000000e+00 3.5689175605e-09 -7.1687862113e-09
1.0151515152e+00 -1.0757575758e+00 0.0000000000e+00 3.5190884230e-09 -7.2215218616e-09
1.0454545455e+00 -1.0757575758e+00 0.0000000000e+00 3.4698702355e-09 -7.2779764858e-09
1.0757575758e+00 -1.0757575758e+00 0.0000000000e+00 3.4213002542e-09 -7.3381873400e-09
1.1060606061e+00 -1.0757575758e+00 0.0000000000e+00 3.3734099718e-09 -7.4021859170e-09
1.1363636364e+00 -1.0757575758e+00 0.0000000000e+00 3.3262256124e-09 -7.4699984410e-09
1.1666666667e+00 -1.0757575758e+00 0.0000000000e+00 3.2797686040e-09 -7.5416463398e-09
1.1969696970e+00 -1.0757575758e+00 0.0000000000e+00 3.2340560259e-09 -7.6171466927e-09
1.2272727273e+00 -1.0757575758e+00 0.0000000000e+00 3.1891010301e-09 -7.6965126518e-09
1.2575757576e+00 -1.0757575758e+00 0.0000000000e+00 3.1449132354e-09 -7.7797538359e-09
1.2878787879e+00 -1.0757575758e+00 0.0000000000e+00 3.1014990945e-09 -7.8668766977e-09
1.3181818182e+00 -1.0757575758e+00 0.0000000000e+00 3.0588622342e-09 -7.9578848639e-09
1.3484848485e+00 -1.0757575758e+00 0.0000000000e+00 3.0170037693e-09 -8.0527794494e-09
1.3787878788e+00 -1.0757575758e+00 0.0000000000e+00 2.9759225910e-09 -8.1515593454e-09
1.4090909091e+00 -1.0757575758e+00 0.0000000000e+00 2.9356156311e-09 -8.2542214837e-09
1.4393939394e+00 -1.0757575758e+00 0.0000000000e+00 2.8960781037e-09 -8.3607610783e-09
1.4696969697e+00 -1.0757575758e+00 0.0000000000e+00 2.8573037245e-09 -8.4711718450e-09
1.5000000000e+00 -1.0757575758e+00 0.0000000000e+00 2.8192849101e-09 -8.5854462004e-09
-1.5000000000e+00 -1.0454545455e+00 0.0000000000e+00 2.8463636758e-09 -8.5037441306e-09
-1.4696969697e+00 -1.0454545455e+00 0.0000000000e+00 2.8855058692e-09 -8.3905931541e-09
-1.4393939394e+00 -1.0454545455e+00 0.0000000000e+00 2.9254580304e-09 -8.2813601695e-09
-1.4090909091e+00 -1.0454545455e+00 0.0000000000e+00 2.9662303720e-09 -8.1760553890e-09
-1.3787878788e+00 -1.0454545455e+00 0.0000000000e+00 3.0078318878e-09 -8.0746878066e-09
-1.3484848485e+00 -1.0454545455e+00 0.0000000000e+00 3.0502701471e-09 -7.9772649917e-09
-1.3181818182e+00 -1.0454545455e+00 0.0000000000e+00 3.0935510648e-09 -7.8837928589e-09
-1.2878787879e+00 -1.0454545455e+00 0.0000000000e+00 3.1376786476e-09 -7.7942754152e-09
-1.2575757576e+00 -1.0454545455e+00 0.0000000000e+00 3.1826547146e-09 -7.7087144796e-09
-1.2272727273e+00 -1.0454545455e+00 0.0000000000e+00 3.2284785897e-09 -7.6271093758e-09
-1.1969696970e+00 -1.0454545455e+00 0.0000000000e+00 3.2751467641e-09 -7.5494565954e-09
-1.1666666667e+00 -1.0454545455e+00 0.0000000000e+00 3.3226525298e-09 -7.4757494300e-09
-1.1363636364e+00 -1.0454545455e+00 0.0000000000e+00 3.3709855787e-09 -7.4059775717e-09
-1.1060606061e+00 -1.0454545455e+00 0.0000000000e+00 3.4201315708e-09 -7.3401266806e-09
-1.0757575758e+00 -1.0454545455e+00 0.0000000000e+00 3.4700716685e-09 -7.2781779188e-09
-1.0454545455e+00 -1.0454545455e+00 0.0000000000e+00 3.5207820371e-09 -7.2201074519e-09
-1.0151515152e+00 -1.0454545455e+00 0.0000000000e+00 3.5722333142e-09 -7.1658859173e-09
-9.8484848485e-01 -1.0454545455e+00 0.0000000000e+00 3.6243900479e-09 -7.1154778632e-09
-9.5454545455e-01 -1.0454545455e+00 0.0000000000e+00 3.6772101081e-09 -7.0688411594e-09
-9.2424242424e-01 -1.0454545455e+00 0.0000000000e+00 3.7306440741e-09 -7.0259263853e-09
-8.9393939394e-01 -1.0454545455e+00 0.0000000000e+00 3.7846346052e-09 -6.9866762003e-09
-8.6363636364e-01 -1.0454545455e+00 0.0000000000e+00 3.8391158021e-09 -6.9510247049e-09
-8.3333333333e-01 -1.0454545455e+00 0.0000000000e+00 3.8940125676e-09 -6.9188968019e-09
-8.0303030303e-01 -1.0454545455e+00 0.0000000000e+00 3.9492399801e-09 -6.8902075698e-09
-7.7272727273e-01 -1.0454545455e+00 0.0000000000e+00 4.0047026947e-09 -6.8648616637e-09
-7.4242424242e-01 -1.0454545455e+00 0.0000000000e+00 4.0602943878e-09 -6.8427527601e-09
-7.1212121212e-01 -1.0454545455e+00 0.0000000000e+00 4.1158972672e-09 -6.8237630665e-09
-6.8181818182e-01 -1.0454545455e+00 0.0000000000e+00 4.1713816697e-09 -6.8077629199e-09
-6.5151515152e-01 -1.0454545455e+00 0.0000000000e+00 4.2266057721e-09 -6.7946104971e-09
-6.2121212121e-01 -1.0454545455e+00 0.0000000000e+00 4.2814154449e-09 -6.7841516686e-09
-5.9090909091e-01 -1.0454545455e+00 0.0000000000e+00 4.3356442766e-09 -6.7762200229e-09
-5.6060606061e-01 -1.0454545455e+00 0.0000000000e+00 4.3891138021e-09 -6.7706370947e-09
-5.3030303030e-01 -1.0454545455e+00 0.0000000000e+00 4.4416339634e-09 -6.7672128264e-09
-5.0000000000e-01 -1.0454545455e+00 0.0000000000e+00 4.4930038358e-09 -6.7657462929e-09
-4.6969696970e-01 -1.0454545455e+00 0.0000000000e+00 4.5430126426e-09 -6.7660267177e-09
-4.3939393939e-01 -1.0454545455e+00 0.0000000000e+00 4.5914410833e-09 -6.7678348003e-09
-4.0909090909e-01 -1.0454545455e+00 0.0000000000e+00 4.6380629881e-09 -6.7709443709e-09
-3.7878787879e-01 -1.0454545455e+00 0.0000000000e+00 4.6826473062e-09 -6.7751243787e-09
-3.4848484848e-01 -1.0454545455e+00 0.0000000000e+00 4.7249604213e-09 -6.7801412073e-09
-3.1818181818e-01 -1.0454545455e+00 0.0000000000e+00 4.7647687767e-09 -6.7857613001e-09
-2.8787878788e-01 -1.0454545455e+00 0.0000000000e+00 4.8018417774e-09 -6.7917540621e-09
-2.5757575758e-01 -1.0454545455e+00 0.0000000000e+00 4.8359549204e-09 -6.7978949902e-09
-2.2727272727e-01 -1.0454545455e+00 0.0000000000e+00 4.8668930897e-09 -6.8039689685e-09
-1.9696969697e-01 -1.0454545455e+00 0.0000000000e+00 4.8944539388e-09 -6.8097736505e-09
-1.6666666667e-01 -1.0454545455e+00 0.0000000000e+00 4.9184512688e-09 -6.8151228372e-09
-1.3636363636e-01 -1.0454545455e+00 0.0000000000e+00 4.9387183044e-09 -6.8198497535e-09
-1.0606060606e-01 -1.0454545455e+00 0.0000000000e+00 4.9551107615e-09 -6.8238101151e-09
-7.5757575758e-02 -1.0454545455e+00 0.0000000000e+00 4.9675096029e-09 -6.8268848849e-09
-4.5454545455e-02 -1.0454545455e+00 0.0000000000e+00 4.9758233817e-09 -6.8289826159e-09
-1.5151515152e-02 -1.0454545455e+00 0.0000000000e+00 4.9799900865e-09 -6.8300412968e-09
1.5151515152e-02 -1.0454545455e+00 0.0000000000e+00 4.9799784141e-09 -6.8300296245e-09
4.5454545455e-02 -1.0454545455e+00 0.0000000000e+00 4.9757884215e-09 -6.8289476558e-09
7.5757575758e-02 -1.0454545455e+00 0.0000000000e+00 4.9674515287e-09 -6.8268268107e-09
1.0606060606e-01 -1.0454545455e+00 0.0000000000e+00 4.9550298732e-09 -6.8237292268e-09
1.3636363636e-01 -1.0454545455e+00 0.0000000000e+00 4.9386150411e-09 -6.8197464902e-09
1.6666666667e-01 -1.0454545455e+00 0.0000000000e+00 4.9183262248e-09 -6.8149977933e-09
1.9696969697e-01 -1.0454545455e+00 0.0000000000e+00 4.8943078789e-09 -6.8096275906e-09
2.2727272727e-01 -1.0454545455e+00 0.0000000000e+00 4.8667269613e-09 -6.8038028401e-09
2.5757575758e-01 -1.0454545455e+00 0.0000000000e+00 4.8357698602e-09 -6.7977099300e-09
2.8787878788e-01 -1.0454545455e+00 0.0000000000e+00 4.8016391109e-09 -6.7915513955e-09
3.1818181818e-01 -1.0454545455e+00 0.0000000000e+00 4.7645500092e-09 -6.7855425326e-09
3.4848484848e-01 -1.0454545455e+00 0.0000000000e+00 4.7247272207e-09 -6.7799080067e-09
3.7878787879e-01 -1.0454545455e+00 0.0000000000e+00 4.6824014774e-09 -6.7748785498e-09
4.0909090909e-01 -1.0454545455e+00 0.0000000000e+00 4.6378064411e-09 -6.7706878239e-09
4.3939393939e-01 -1.0454545455e+00 0.0000000000e+00 4.5911757970e-09 -6.7675695140e-09
4.6969696970e-01 -1.0454545455e+00 0.0000000000e+00 4.5427406256e-09 -6.7657547007e-09
5.0000000000e-01 -1.0454545455e+00 0.0000000000e+00 4.4927270869e-09 -6.7654695440e-09
5.3030303030e-01 -1.0454545455e+00 0.0000000000e+00 4.4413544341e-09 -6.7669332971e-09
5.6060606061e-01 -1.0454545455e+00 0.0000000000e+00 4.3888333623e-09 -6.7703566549e-09
5.9090909091e-01 -1.0454545455e+00 0.0000000000e+00 4.3353646850e-09 -6.7759404312e-09
6.2121212121e-01 -1.0454545455e+00 0.0000000000e+00 4.2811383249e-09 -6.7838745486e-09
6.5151515152e-01 -1.0454545455e+00 0.0000000000e+00 4.2263325942e-09 -6.7943373192e-09
6.8181818182e-01 -1.0454545455e+00 0.0000000000e+00 4.1711137391e-09 -6.8074949893e-09
7.1212121212e-01 -1.0454545455e+00 0.0000000000e+00 4.1156357179e-09 -6.8235015172e-09
7.4242424242e-01 -1.0454545455e+00 0.0000000000e+00 4.0600401810e-09 -6.8424985532e-09
7.7272727273e-01 -1.0454545455e+00 0.0000000000e+00 4.0044566225e-09 -6.8646155916e-09
8.0303030303e-01 -1.0454545455e+00 0.0000000000e+00 3.9490026727e-09 -6.8899702624e-09
8.3333333333e-01 -1.0454545455e+00 0.0000000000e+00 3.8937845026e-09 -6.9186687370e-09
8.6363636364e-01 -1.0454545455e+00 0.0000000000e+00 3.8388973170e-09 -6.9508062198e-09
8.9393939394e-01 -1.0454545455e+00 0.0000000000e+00 3.7844259101e-09 -6.9864675052e-09
9.2424242424e-01 -1.0454545455e+00 0.0000000000e+00 3.7304452659e-09 -7.0257275772e-09
9.5454545455e-01 -1.0454545455e+00 0.0000000000e+00 3.6770211847e-09 -7.0686522361e-09
9.8484848485e-01 -1.0454545455e+00 0.0000000000e+00 3.6242109219e-09 -7.1152987372e-09
1.0151515152e+00 -1.0454545455e+00 0.0000000000e+00 3.5720638261e-09 -7.1657164292e-09
1.0454545455e+00 -1.0454545455e+00 0.0000000000e+00 3.5206219679e-09 -7.2199473827e-09
1.0757575758e+00 -1.0454545455e+00 0.0000000000e+00 3.4699207512e-09 -7.2780270015e-09
1.1060606061e+00 -1.0454545455e+00 0.0000000000e+00 3.4199895005e-09 -7.3399846102e-09
1.1363636364e+00 -1.0454545455e+00 0.0000000000e+00 3.3708520220e-09 -7.4058440150e-09
1.1666666667e+00 -1.0454545455e+00 0.0000000000e+00 3.3225271330e-09 -7.4756240333e-09
1.1969696970e+00 -1.0454545455e+00 0.0000000000e+00 3.2750291604e-09 -7.5493389917e-09
1.2272727273e+00 -1.0454545455e+00 0.0000000000e+00 3.2283684047e-09 -7.6269991908e-09
1.2575757576e+00 -1.0454545455e+00 0.0000000000e+00 3.1825515720e-09 -7.7086113370e-09
1.2878787879e+00 -1.0454545455e+00 0.0000000000e+00 3.1375821730e-09 -7.7941789406e-09
1.3181818182e+00 -1.0454545455e+00 0.0000000000e+00 3.0934608894e-09 -7.8837026836e-09
1.3484848485e+00 -1.0454545455e+00 0.0000000000e+00 3.0501859106e-09 -7.9771807551e-09
1.3787878788e+00 -1.0454545455e+00 0.0000000000e+00 3.0077532400e-09 -8.0746091589e-09
1.4090909091e+00 -1.0454545455e+00 0.0000000000e+00 2.9661569752e-09 -8.1759819922e-09
1.4393939394e+00 -1.0454545455e+00 0.0000000000e+00 2.9253895601e-09 -8.2812916991e-09
1.4696969697e+00 -1.0454545455e+00 0.0000000000e+00 2.8854420148e-09 -8.3905292998e-09
1.5000000000e+00 -1.0454545455e+00 0.0000000000e+00 2.8463041418e-09 -8.5036845966e-09
-1.5000000000e+00 -1.0151515152e+00 0.0000000000e+00 2.8733707865e-09 -8.4250784295e-09
-1.4696969697e+00 -1.0151515152e+00 0.0000000000e+00 2.9136539207e-09 -8.3130683940e-09
-1.4393939394e+00 -1.0151515152e+00 0.0000000000e+00 2.9548038089e-09 -8.2050331363e-09
-1.4090909091e+00 -1.0151515152e+00 0.0000000000e+00 2.9968335470e-09 -8.1009857523e-09
-1.3787878788e+00 -1.0151515152e+00 0.0000000000e+00 3.0397551178e-09 -8.0009382250e-09
-1.3484848485e+00 -1.0151515152e+00 0.0000000000e+00 3.0835791790e-09 -7.9049012119e-09
-1.3181818182e+00 -1.0151515152e+00 0.0000000000e+00 3.1283148256e-09 -7.8128838081e-09
-1.2878787879e+00 -1.0151515152e+00 0.0000000000e+00 3.1739693255e-09 -7.7248932815e-09
-1.2575757576e+00 -1.0151515152e+00 0.0000000000e+00 3.2205478265e-09 -7.6409347798e-09
-1.2272727273e+00 -1.0151515152e+00 0.0000000000e+00 3.2680530310e-09 -7.5610110055e-09
-1.1969696970e+00 -1.0151515152e+00 0.0000000000e+00 3.3164848376e-09 -7.4851218571e-09
-1.1666666667e+00 -1.0151515152e+00 0.0000000000e+00 3.3658399469e-09 -7.4132640355e-09
-1.1363636364e+00 -1.0151515152e+00 0.0000000000e+00 3.4161114304e-09 -7.3454306118e-09
-1.1060606061e+00 -1.0151515152e+00 0.0000000000e+00 3.4672882592e-09 -7.2816105573e-09
-1.0757575758e+00 -1.0151515152e+00 0.0000000000e+00 3.5193547935e-09 -7.2217882321e-09
-1.0454545455e+00 -1.0151515152e+00 0.0000000000e+00 3.5722902305e-09 -7.1659428336e-09
-1.0151515152e+00 -1.0151515152e+00 0.0000000000e+00 3.6260680123e-09 -7.1140478037e-09
-9.8484848485e-01 -1.0151515152e+00 0.0000000000e+00 3.6806551936e-09 -7.0660701972e-09
-9.5454545455e-01 -1.0151515152e+00 0.0000000000e+00 3.7360117718e-09 -7.0219700114e-09
-9.2424242424e-01 -1.0151515152e+00 0.0000000000e+00 3.7920899842e-09 -6.9816994838e-09
-8.9393939394e-01 -1.0151515152e+00 0.0000000000e+00 3.8488335765e-09 -6.9452023600e-09
-8.6363636364e-01 -1.0151515152e+00 0.0000000000e+00 3.9061770504e-09 -6.9124131415e-09
-8.3333333333e-01 -1.0151515152e+00 0.0000000000e+00 3.9640449007e-09 -6.8832563233e-09
-8.0303030303e-01 -1.0151515152e+00 0.0000000000e+00 4.0223508546e-09 -6.8576456327e-09
-7.7272727273e-01 -1.0151515152e+00 0.0000000000e+00 4.0809971286e-09 -6.8354832860e-09
-7.4242424242e-01 -1.0151515152e+00 0.0000000000e+00 4.1398737221e-09 -6.8166592827e-09
-7.1212121212e-01 -1.0151515152e+00 0.0000000000e+00 4.1988577713e-09 -6.8010507589e-09
-6.8181818182e-01 -1.0151515152e+00 0.0000000000e+00 4.2578129887e-09 -6.7885214273e-09
-6.5151515152e-01 -1.0151515152e+00 0.0000000000e+00 4.3165892195e-09 -6.7789211329e-09
-6.2121212121e-01 -1.0151515152e+00 0.0000000000e+00 4.3750221474e-09 -6.7720855594e-09
-5.9090909091e-01 -1.0151515152e+00 0.0000000000e+00 4.4329331869e-09 -6.7678361214e-09
-5.6060606061e-01 -1.0151515152e+00 0.0000000000e+00 4.4901296003e-09 -6.7659800812e-09
-5.3030303030e-01 -1.0151515152e+00 0.0000000000e+00 4.5464048790e-09 -6.7663109303e-09
-5.0000000000e-01 -1.0151515152e+00 0.0000000000e+00 4.6015394278e-09 -6.7686090732e-09
-4.6969696970e-01 -1.0151515152e+00 0.0000000000e+00 4.6553015878e-09 -6.7726428512e-09
-4.3939393939e-01 -1.0151515152e+00 0.0000000000e+00 4.7074490301e-09 -6.7781699354e-09
-4.0909090909e-01 -1.0151515152e+00 0.0000000000e+00 4.7577305433e-09 -6.7849391144e-09
-3.7878787879e-01 -1.0151515152e+00 0.0000000000e+00 4.8058882274e-09 -6.7926924882e-09
-3.4848484848e-01 -1.0151515152e+00 0.0000000000e+00 4.8516600956e-09 -6.8011680699e-09
-3.1818181818e-01 -1.0151515152e+00 0.0000000000e+00 4.8947830657e-09 -6.8101027774e-09
-2.8787878788e-01 -1.0151515152e+00 0.0000000000e+00 4.9349963088e-09 -6.8192357818e-09
-2.5757575758e-01 -1.0151515152e+00 0.0000000000e+00 4.9720449001e-09 -6.8283121583e-09
-2.2727272727e-01 -1.0151515152e+00 0.0000000000e+00 5.0056836982e-09 -6.8370867653e-09
-1.9696969697e-01 -1.0151515152e+00 0.0000000000e+00 5.0356813592e-09 -6.8453282593e-09
-1.6666666667e-01 -1.0151515152e+00 0.0000000000e+00 5.0618243762e-09 -6.8528231329e-09
-1.3636363636e-01 -1.0151515152e+00 0.0000000000e+00 5.0839210188e-09 -6.8593796563e-09
-1.0606060606e-01 -1.0151515152e+00 0.0000000000e+00 5.1018050444e-09 -6.8648315863e-09
-7.5757575758e-02 -1.0151515152e+00 0.0000000000e+00 5.1153390449e-09 -6.8690415153e-09
-4.5454545455e-02 -1.0151515152e+00 0.0000000000e+00 5.1244173060e-09 -6.8719037285e-09
-1.5151515152e-02 -1.0151515152e+00 0.0000000000e+00 5.1289680622e-09 -6.8733464609e-09
1.5151515152e-02 -1.0151515152e+00 0.0000000000e+00 5.1289550587e-09 -6.8733334574e-09
4.5454545455e-02 -1.0151515152e+00 0.0000000000e+00 5.1243783506e-09 -6.8718647732e-09
7.5757575758e-02 -1.0151515152e+00 0.0000000000e+00 5.1152743085e-09 -6.8689767788e-09
1.0606060606e-01 -1.0151515152e+00 0.0000000000e+00 5.1017148270e-09 -6.8647413689e-09
1.3636363636e-01 -1.0151515152e+00 0.0000000000e+00 5.0838057703e-09 -6.8592644078e-09
1.6666666667e-01 -1.0151515152e+00 0.0000000000e+00 5.0616847208e-09 -6.8526834775e-09
1.9696969697e-01 -1.0151515152e+00 0.0000000000e+00 5.0355181193e-09 -6.8451650193e-09
2.2727272727e-01 -1.0151515152e+00 0.0000000000e+00 5.0054979142e-09 -6.8369009814e-09
2.5757575758e-01 -1.0151515152e+00 0.0000000000e+00 4.9718378430e-09 -6.8281051011e-09
2.8787878788e-01 -1.0151515152e+00 0.0000000000e+00 4.9347694820e-09 -6.8190089550e-09
3.1818181818e-01 -1.0151515152e+00 0.0000000000e+00 4.8945381956e-09 -6.8098579073e-09
3.4848484848e-01 -1.0151515152e+00 0.0000000000e+00 4.8513991105e-09 -6.8009070848e-09
3.7878787879e-01 -1.0151515152e+00 0.0000000000e+00 4.8056132253e-09 -6.7924174860e-09
4.0909090909e-01 -1.0151515152e+00 0.0000000000e+00 4.7574437513e-09 -6.7846523224e-09
4.3939393939e-01 -1.0151515152e+00 0.0000000000e+00 4.7071527580e-09 -6.7778736633e-09
4.6969696970e-01 -1.0151515152e+00 0.0000000000e+00 4.6549981778e-09 -6.7723394413e-09
5.0000000000e-01 -1.0151515152e+00 0.0000000000e+00 4.6012312053e-09 -6.7683008507e-09
5.3030303030e-01 -1.0151515152e+00 0.0000000000e+00 4.5460941051e-09 -6.7660001564e-09
5.6060606061e-01 -1.0151515152e+00 0.0000000000e+00 4.4898184299e-09 -6.7656689109e-09
5.9090909091e-01 -1.0151515152e+00 0.0000000000e+00 4.4326236331e-09 -6.7675265676e-09
6.2121212121e-01 -1.0151515152e+00 0.0000000000e+00 4.3747160532e-09 -6.7717794652e-09
6.5151515152e-01 -1.0151515152e+00 0.0000000000e+00 4.3162882376e-09 -6.7786201510e-09
6.8181818182e-01 -1.0151515152e+00 0.0000000000e+00 4.2575185692e-09 -6.7882270077e-09
7.1212121212e-01 -1.0151515152e+00 0.0000000000e+00 4.1985711561e-09 -6.8007641437e-09
7.4242424242e-01 -1.0151515152e+00 0.0000000000e+00 4.1395959462e-09 -6.8163815067e-09
7.7272727273e-01 -1.0151515152e+00 0.0000000000e+00 4.0807290260e-09 -6.8352151834e-09
8.0303030303e-01 -1.0151515152e+00 0.0000000000e+00 4.0220930693e-09 -6.8573878474e-09
8.3333333333e-01 -1.0151515152e+00 0.0000000000e+00 3.9637979002e-09 -6.8830093229e-09
8.6363636364e-01 -1.0151515152e+00 0.0000000000e+00 3.9059411415e-09 -6.9121772326e-09
8.9393939394e-01 -1.0151515152e+00 0.0000000000e+00 3.8486089224e-09 -6.9449777058e-09
9.2424242424e-01 -1.0151515152e+00 0.0000000000e+00 3.7918766220e-09 -6.9814861216e-09
9.5454545455e-01 -1.0151515152e+00 0.0000000000e+00 3.7358096299e-09 -7.0217678696e-09
9.8484848485e-01 -1.0151515152e+00 0.0000000000e+00 3.6804641088e-09 -7.0658791124e-09
1.0151515152e+00 -1.0151515152e+00 0.0000000000e+00 3.6258877452e-09 -7.1138675366e-09
1.0454545455e+00 -1.0151515152e+00 0.0000000000e+00 3.5721204800e-09 -7.1657730831e-09
1.0757575758e+00 -1.0151515152e+00 0.0000000000e+00 3.5191952105e-09 -7.2216286492e-09
1.1060606061e+00 -1.0151515152e+00 0.0000000000e+00 3.4671384582e-09 -7.2814607562e-09
1.1363636364e+00 -1.0151515152e+00 0.0000000000e+00 3.4159709994e-09 -7.3452901808e-09
1.1666666667e+00 -1.0151515152e+00 0.0000000000e+00 3.3657084571e-09 -7.4131325457e-09
1.1969696970e+00 -1.0151515152e+00 0.0000000000e+00 3.3163618505e-09 -7.4849988701e-09
1.2272727273e+00 -1.0151515152e+00 0.0000000000e+00 3.2679381052e-09 -7.5608960797e-09
1.2575757576e+00 -1.0151515152e+00 0.0000000000e+00 3.2204405228e-09 -7.6408274761e-09
1.2878787879e+00 -1.0151515152e+00 0.0000000000e+00 3.1738692111e-09 -7.7247931671e-09
1.3181818182e+00 -1.0151515152e+00 0.0000000000e+00 3.1282214780e-09 -7.8127904605e-09
1.3484848485e+00 -1.0151515152e+00 0.0000000000e+00 3.0834921883e-09 -7.9048142212e-09
1.3787878788e+00 -1.0151515152e+00 0.0000000000e+00 3.0396740888e-09 -8.0008571959e-09
1.4090909091e+00 -1.0151515152e+00 0.0000000000e+00 2.9967581006e-09 -8.1009103059e-09
1.4393939394e+00 -1.0151515152e+00 0.0000000000e+00 2.9547335834e-09 -8.2049629108e-09
1.4696969697e+00 -1.0151515152e+00 0.0000000000e+00 2.9135885720e-09 -8.3130030453e-09
1.5000000000e+00 -1.0151515152e+00 0.0000000000e+00 2.8733099885e-09 -8.4250176315e-09
-1.5000000000e+00 -9.8484848485e-01 0.0000000000e+00 2.9003330632e-09 -8.3494759184e-09
-1.4696969697e+00 -9.8484848485e-01 0.0000000000e+00 2.9417776381e-09 -8.2386273235e-09
-1.4393939394e+00 -9.8484848485e-01 0.0000000000e+00 2.9841484227e-09 -8.1318129623e-09
-1.4090909091e+00 -9.8484848485e-01 0.0000000000e+00 3.0274616774e-09 -8.0290490949e-09
-1.3787878788e+00 -9.8484848485e-01 0.0000000000e+00 3.0717326811e-09 -7.9303510004e-09
-1.3484848485e+00 -9.8484848485e-01 0.0000000000e+00 3.1169755153e-09 -7.8357327604e-09
-1.3181818182e+00 -9.8484848485e-01 0.0000000000e+00 3.1632028210e-09 -7.7452070157e-09
-1.2878787879e+00 -9.8484848485e-01 0.0000000000e+00 3.2104255256e-09 -7.6587846938e-09
-1.2575757576e+00 -9.8484848485e-01 0.0000000000e+00 3.2586525377e-09 -7.5764747032e-09
-1.2272727273e+00 -9.8484848485e-01 0.0000000000e+00 3.3078904062e-09 -7.4982835929e-09
-1.1969696970e+00 -9.8484848485e-01 0.0000000000e+00 3.3581429420e-09 -7.4242151737e-09
-1.1666666667e+00 -9.8484848485e-01 0.0000000000e+00 3.4094107982e-09 -7.3542700990e-09
-1.1363636364e+00 -9.8484848485e-01 0.0000000000e+00 3.4616910079e-09 -7.2884454015e-09
-1.1060606061e+00 -9.8484848485e-01 0.0000000000e+00 3.5149764747e-09 -7.2267339849e-09
-1.0757575758e+00 -9.8484848485e-01 0.0000000000e+00 3.5692554163e-09 -7.1691240672e-09
-1.0454545455e+00 -9.8484848485e-01 0.0000000000e+00 3.6245107584e-09 -7.1155985737e-09
-1.0151515152e+00 -9.8484848485e-01 0.0000000000e+00 3.6807194774e-09 -7.0661344810e-09
-9.8484848485e-01 -9.8484848485e-01 0.0000000000e+00 3.7378518935e-09 -7.0207021093e-09
-9.5454545455e-01 -9.8484848485e-01 0.0000000000e+00 3.7958709142e-09 -6.9792643661e-09
-9.2424242424e-01 -9.8484848485e-01 0.0000000000e+00 3.8547312319e-09 -6.9417759437e-09
-8.9393939394e-01 -9.8484848485e-01 0.0000000000e+00 3.9143784793e-09 -6.9081824750e-09
-8.6363636364e-01 -9.8484848485e-01 0.0000000000e+00 3.9747483509e-09 -6.8784196542e-09
-8.3333333333e-01 -9.8484848485e-01 0.0000000000e+00 4.0357656990e-09 -6.8524123339e-09
-8.0303030303e-01 -9.8484848485e-01 0.0000000000e+00 4.0973436184e-09 -6.8300736087e-09
-7.7272727273e-01 -9.8484848485e-01 0.0000000000e+00 4.1593825358e-09 -6.8113039054e-09
-7.4242424242e-01 -9.8484848485e-01 0.0000000000e+00 4.2217693243e-09 -6.7959900970e-09
-7.1212121212e-01 -9.8484848485e-01 0.0000000000e+00 4.2843764694e-09 -6.7840046692e-09
-6.8181818182e-01 -9.8484848485e-01 0.0000000000e+00 4.3470613153e-09 -6.7752049660e-09
-6.5151515152e-01 -9.8484848485e-01 0.0000000000e+00 4.4096654265e-09 -6.7694325520e-09
-6.2121212121e-01 -9.8484848485e-01 0.0000000000e+00 4.4720141055e-09 -6.7665127297e-09
-5.9090909091e-01 -9.8484848485e-01 0.0000000000e+00 4.5339161084e-09 -6.7662542552e-09
-5.6060606061e-01 -9.8484848485e-01 0.0000000000e+00 4.5951636079e-09 -6.7684493010e-09
-5.3030303030e-01 -9.8484848485e-01 0.0000000000e+00 4.6555324514e-09 -6.7728737149e-09
-5.0000000000e-01 -9.8484848485e-01 0.0000000000e+00 4.7147827664e-09 -6.7792876240e-09
-4.6969696970e-01 -9.8484848485e-01 0.0000000000e+00 4.7726599586e-09 -6.7874364343e-09
-4.3939393939e-01 -9.8484848485e-01 0.0000000000e+00 4.8288961497e-09 -6.7970522672e-09
-4.0909090909e-01 -9.8484848485e-01 0.0000000000e+00 4.8832120864e-09 -6.8078558697e-09
-3.7878787879e-01 -9.8484848485e-01 0.0000000000e+00 4.9353195478e-09 -6.8195590208e-09
-3.4848484848e-01 -9.8484848485e-01 0.0000000000e+00 4.9849242568e-09 -6.8318674432e-09
-3.1818181818e-01 -9.8484848485e-01 0.0000000000e+00 5.0317292841e-09 -6.8444842080e-09
-2.8787878788e-01 -9.8484848485e-01 0.0000000000e+00 5.0754389125e-09 -6.8571135977e-09
-2.5757575758e-01 -9.8484848485e-01 0.0000000000e+00 5.1157628993e-09 -6.8694653696e-09
-2.2727272727e-01 -9.8484848485e-01 0.0000000000e+00 5.1524210529e-09 -6.8812593322e-09
-1.9696969697e-01 -9.8484848485e-01 0.0000000000e+00 5.1851480120e-09 -6.8922301242e-09
-1.6666666667e-01 -9.8484848485e-01 0.0000000000e+00 5.2136980914e-09 -6.9021320604e-09
-1.3636363636e-01 -9.8484848485e-01 0.0000000000e+00 5.2378500425e-09 -6.9107438921e-09
-1.0606060606e-01 -9.8484848485e-01 0.0000000000e+00 5.2574115619e-09 -6.9178733161e-09
-7.5757575758e-02 -9.8484848485e-01 0.0000000000e+00 5.2722233799e-09 -6.9233610624e-09
-4.5454545455e-02 -9.8484848485e-01 0.0000000000e+00 5.2821627650e-09 -6.9270843998e-09
-1.5151515152e-02 -9.8484848485e-01 0.0000000000e+00 5.2871463002e-09 -6.9289599110e-09
1.5151515152e-02 -9.8484848485e-01 0.0000000000e+00 5.2871318069e-09 -6.9289454178e-09
4.5454545455e-02 -9.8484848485e-01 0.0000000000e+00 5.2821193346e-09 -6.9270409694e-09
7.5757575758e-02 -9.8484848485e-01 0.0000000000e+00 5.2721511679e-09 -6.9232888504e-09
1.0606060606e-01 -9.8484848485e-01 0.0000000000e+00 5.2573108512e-09 -6.9177726053e-09
1.3636363636e-01 -9.8484848485e-01 0.0000000000e+00 5.2377212741e-09 -6.9106151237e-09
1.6666666667e-01 -9.8484848485e-01 0.0000000000e+00 5.2135419019e-09 -6.9019758709e-09
1.9696969697e-01 -9.8484848485e-01 0.0000000000e+00 5.1849652704e-09 -6.8920473826e-09
2.2727272727e-01 -9.8484848485e-01 0.0000000000e+00 5.1522128918e-09 -6.8810511711e-09
2.5757575758e-01 -9.8484848485e-01 0.0000000000e+00 5.1155307352e-09 -6.8692332055e-09
2.8787878788e-01 -9.8484848485e-01 0.0000000000e+00 5.0751844522e-09 -6.8568591374e-09
3.1818181818e-01 -9.8484848485e-01 0.0000000000e+00 5.0314545144e-09 -6.8442094383e-09
3.4848484848e-01 -9.8484848485e-01 0.0000000000e+00 4.9846314181e-09 -6.8315746046e-09
3.7878787879e-01 -9.8484848485e-01 0.0000000000e+00 4.9350110930e-09 -6.8192505660e-09
4.0909090909e-01 -9.8484848485e-01 0.0000000000e+00 4.8828906279e-09 -6.8075344112e-09
4.3939393939e-01 -9.8484848485e-01 0.0000000000e+00 4.8285643992e-09 -6.7967205167e-09
4.6969696970e-01 -9.8484848485e-01 0.0000000000e+00 4.7723206630e-09 -6.7870971386e-09
5.0000000000e-01 -9.8484848485e-01 0.0000000000e+00 4.7144386441e-09 -6.7789435017e-09
5.3030303030e-01 -9.8484848485e-01 0.0000000000e+00 4.6551861339e-09 -6.7725273974e-09
5.6060606061e-01 -9.8484848485e-01 0.0000000000e+00 4.5948175872e-09 -6.7681032803e-09
5.9090909091e-01 -9.8484848485e-01 0.0000000000e+00 4.5335726944e-09 -6.7659108411e-09
6.2121212121e-01 -9.8484848485e-01 0.0000000000e+00 4.4716753930e-09 -6.7661740172e-09
6.5151515152e-01 -9.8484848485e-01 0.0000000000e+00 4.4093332732e-09 -6.7691003987e-09
6.8181818182e-01 -9.8484848485e-01 0.0000000000e+00 4.3467373291e-09 -6.7748809798e-09
7.1212121212e-01 -9.8484848485e-01 0.0000000000e+00 4.2840620050e-09 -6.7836902049e-09
7.4242424242e-01 -9.8484848485e-01 0.0000000000e+00 4.2214654877e-09 -6.7956862605e-09
7.7272727273e-01 -9.8484848485e-01 0.0000000000e+00 4.1590901947e-09 -6.8110115642e-09
8.0303030303e-01 -9.8484848485e-01 0.0000000000e+00 4.0970634176e-09 -6.8297934079e-09
8.3333333333e-01 -9.8484848485e-01 0.0000000000e+00 4.0354980792e-09 -6.8521447140e-09
8.6363636364e-01 -9.8484848485e-01 0.0000000000e+00 3.9744935695e-09 -6.8781648728e-09
8.9393939394e-01 -9.8484848485e-01 0.0000000000e+00 3.9141366326e-09 -6.9079406282e-09
9.2424242424e-01 -9.8484848485e-01 0.0000000000e+00 3.8545022765e-09 -6.9415469883e-09
9.5454545455e-01 -9.8484848485e-01 0.0000000000e+00 3.7956546888e-09 -6.9790481407e-09
9.8484848485e-01 -9.8484848485e-01 0.0000000000e+00 3.7376481390e-09 -7.0204983548e-09
1.0151515152e+00 -9.8484848485e-01 0.0000000000e+00 3.6805278556e-09 -7.0659428592e-09
1.0454545455e+00 -9.8484848485e-01 0.0000000000e+00 3.6243308688e-09 -7.1154186841e-09
1.0757575758e+00 -9.8484848485e-01 0.0000000000e+00 3.5690868115e-09 -7.1689554623e-09
1.1060606061e+00 -9.8484848485e-01 0.0000000000e+00 3.5148186734e-09 -7.2265761836e-09
1.1363636364e+00 -9.8484848485e-01 0.0000000000e+00 3.4615435067e-09 -7.2882979002e-09
1.1666666667e+00 -9.8484848485e-01 0.0000000000e+00 3.4092730812e-09 -7.3541323819e-09
1.1969696970e+00 -9.8484848485e-01 0.0000000000e+00 3.3580144888e-09 -7.4240867206e-09
1.2272727273e+00 -9.8484848485e-01 0.0000000000e+00 3.3077706992e-09 -7.4981638859e-09
1.2575757576e+00 -9.8484848485e-01 0.0000000000e+00 3.2585410668e-09 -7.5763632323e-09
1.2878787879e+00 -9.8484848485e-01 0.0000000000e+00 3.2103217931e-09 -7.6586809613e-09
1.3181818182e+00 -9.8484848485e-01 0.0000000000e+00 3.1631063446e-09 -7.7451105393e-09
1.3484848485e+00 -9.8484848485e-01 0.0000000000e+00 3.1168858307e-09 -7.8356430758e-09
1.3787878788e+00 -9.8484848485e-01 0.0000000000e+00 3.0716493439e-09 -7.9302676633e-09
1.4090909091e+00 -9.8484848485e-01 0.0000000000e+00 3.0273842640e-09 -8.0289716816e-09
1.4393939394e+00 -9.8484848485e-01 0.0000000000e+00 2.9840765311e-09 -8.1317410707e-09
1.4696969697e+00 -9.8484848485e-01 0.0000000000e+00 2.9417108881e-09 -8.2385605735e-09
1.5000000000e+00 -9.8484848485e-01 0.0000000000e+00 2.9002710964e-09 -8.3494139516e-09
-1.5000000000e+00 -9.5454545455e-01 0.0000000000e+00 2.9272171195e-09 -8.2769032108e-09
-1.4696969697e+00 -9.5454545455e-01 0.0000000000e+00 2.9698422843e-09 -8.1672352058e-09
-1.4393939394e+00 -9.5454545455e-01 0.0000000000e+00 3.0134557876e-09 -8.0616635632e-09
-1.4090909091e+00 -9.5454545455e-01 0.0000000000e+00 3.0580773485e-09 -7.9602080021e-09
-1.3787878788e+00 -9.5454545455e-01 0.0000000000e+00 3.1037258657e-09 -7.8628874211e-09
-1.3484848485e+00 -9.5454545455e-01 0.0000000000e+00 3.1504191998e-09 -7.7697196810e-09
-1.3181818182e+00 -9.5454545455e-01 0.0000000000e+00 3.1981739275e-09 -7.6807213582e-09
-1.2878787879e+00 -9.5454545455e-01 0.0000000000e+00 3.2470050614e-09 -7.5959074656e-09
-1.2575757576e+00 -9.5454545455e-01 0.0000000000e+00 3.2969257360e-09 -7.5152911376e-09
-1.2272727273e+00 -9.5454545455e-01 0.0000000000e+00 3.3479468536e-09 -7.4388832763e-09
-1.1969696970e+00 -9.5454545455e-01 0.0000000000e+00 3.4000766873e-09 -7.3666921552e-09
-1.1666666667e+00 -9.5454545455e-01 0.0000000000e+00 3.4533204391e-09 -7.2987229759e-09
-1.1363636364e+00 -9.5454545455e-01 0.0000000000e+00 3.5076797462e-09 -7.2349773758e-09
-1.1060606061e+00 -9.5454545455e-01 0.0000000000e+00 3.5631521360e-09 -7.1754528824e-09
-1.0757575758e+00 -9.5454545455e-01 0.0000000000e+00 3.6197304235e-09 -7.1201423104e-09
-1.0454545455e+00 -9.5454545455e-01 0.0000000000e+00 3.6774020493e-09 -7.0690331007e-09
-1.0151515152e+00 -9.5454545455e-01 0.0000000000e+00 3.7361483567e-09 -7.0221065964e-09
-9.8484848485e-01 -9.5454545455e-01 0.0000000000e+00 3.7959438059e-09 -6.9793372578e-09
-9.5454545455e-01 -9.5454545455e-01 0.0000000000e+00 3.8567551251e-09 -6.9406918131e-09
-9.2424242424e-01 -9.5454545455e-01 0.0000000000e+00 3.9185404009e-09 -6.9061283487e-09
-8.9393939394e-01 -9.5454545455e-01 0.0000000000e+00 3.9812481100e-09 -6.8755953417e-09
-8.6363636364e-01 -9.5454545455e-01 0.0000000000e+00 4.0448161007e-09 -6.8490306401e-09
-8.3333333333e-01 -9.5454545455e-01 0.0000000000e+00 4.1091705301e-09 -6.8263604010e-09
-8.0303030303e-01 -9.5454545455e-01 0.0000000000e+00 4.1742247725e-09 -6.8074979989e-09
-7.7272727273e-01 -9.5454545455e-01 0.0000000000e+00 4.2398783151e-09 -6.7923429208e-09
-7.4242424242e-01 -9.5454545455e-01 0.0000000000e+00 4.3060156620e-09 -6.7807796708e-09
-7.1212121212e-01 -9.5454545455e-01 0.0000000000e+00 4.3725052756e-09 -6.7726767115e-09
-6.8181818182e-01 -9.5454545455e-01 0.0000000000e+00 4.4391985883e-09 -6.7678854751e-09
-6.5151515152e-01 -9.5454545455e-01 0.0000000000e+00 4.5059291231e-09 -6.7662394847e-09
-6.2121212121e-01 -9.5454545455e-01 0.0000000000e+00 4.5725117714e-09 -6.7675536317e-09
-5.9090909091e-01 -9.5454545455e-01 0.0000000000e+00 4.6387422791e-09 -6.7716236619e-09
-5.6060606061e-01 -9.5454545455e-01 0.0000000000e+00 4.7043969986e-09 -6.7782259278e-09
-5.3030303030e-01 -9.5454545455e-01 0.0000000000e+00 4.7692329698e-09 -6.7871174693e-09
-5.0000000000e-01 -9.5454545455e-01 0.0000000000e+00 4.8329883929e-09 -6.7980364866e-09
-4.6969696970e-01 -9.5454545455e-01 0.0000000000e+00 4.8953835577e-09 -6.8107032694e-09
-4.3939393939e-01 -9.5454545455e-01 0.0000000000e+00 4.9561222881e-09 -6.8248216417e-09
-4.0909090909e-01 -9.5454545455e-01 0.0000000000e+00 5.0148939543e-09 -6.8400809736e-09
-3.7878787879e-01 -9.5454545455e-01 0.0000000000e+00 5.0713760892e-09 -6.8561587983e-09
-3.4848484848e-01 -9.5454545455e-01 0.0000000000e+00 5.1252376320e-09 -6.8727240546e-09
-3.1818181818e-01 -9.5454545455e-01 0.0000000000e+00 5.1761427921e-09 -6.8894409521e-09
-2.8787878788e-01 -9.5454545455e-01 0.0000000000e+00 5.2237555047e-09 -6.9059734260e-09
-2.5757575758e-01 -9.5454545455e-01 0.0000000000e+00 5.2677444125e-09 -6.9219901189e-09
-2.2727272727e-01 -9.5454545455e-01 0.0000000000e+00 5.3077882755e-09 -6.9371697909e-09
-1.9696969697e-01 -9.5454545455e-01 0.0000000000e+00 5.3435816771e-09 -6.9512070254e-09
-1.6666666667e-01 -9.5454545455e-01 0.0000000000e+00 5.3748408602e-09 -6.9638180652e-09
-1.3636363636e-01 -9.5454545455e-01 0.0000000000e+00 5.4013095031e-09 -6.9747465888e-09
-1.0606060606e-01 -9.5454545455e-01 0.0000000000e+00 5.4227642263e-09 -6.9837692165e-09
-7.5757575758e-02 -9.5454545455e-01 0.0000000000e+00 5.4390196117e-09 -6.9907005303e-09
-4.5454545455e-02 -9.5454545455e-01 0.0000000000e+00 5.4499325266e-09 -6.9953973974e-09
-1.5151515152e-02 -9.5454545455e-01 0.0000000000e+00 5.4554055583e-09 -6.9977624052e-09
1.5151515152e-02 -9.5454545455e-01 0.0000000000e+00 5.4553894037e-09 -6.9977462506e-09
4.5454545455e-02 -9.5454545455e-01 0.0000000000e+00 5.4498840995e-09 -6.9953489703e-09
7.5757575758e-02 -9.5454545455e-01 0.0000000000e+00 5.4389390332e-09 -6.9906199518e-09
1.0606060606e-01 -9.5454545455e-01 0.0000000000e+00 5.4226517336e-09 -6.9836567237e-09
1.3636363636e-01 -9.5454545455e-01 0.0000000000e+00 5.4011654966e-09 -6.9746025823e-09
1.6666666667e-01 -9.5454545455e-01 0.0000000000e+00 5.3746659592e-09 -6.9636431643e-09
1.9696969697e-01 -9.5454545455e-01 0.0000000000e+00 5.3433767762e-09 -6.9510021245e-09
2.2727272727e-01 -9.5454545455e-01 0.0000000000e+00 5.3075545919e-09 -6.9369361073e-09
2.5757575758e-01 -9.5454545455e-01 0.0000000000e+00 5.2674835188e-09 -6.9217292252e-09
2.8787878788e-01 -9.5454545455e-01 0.0000000000e+00 5.2234693409e-09 -6.9056872621e-09
3.1818181818e-01 -9.5454545455e-01 0.0000000000e+00 5.1758336542e-09 -6.8891318141e-09
3.4848484848e-01 -9.5454545455e-01 0.0000000000e+00 5.1249081382e-09 -6.8723945608e-09
3.7878787879e-01 -9.5454545455e-01 0.0000000000e+00 5.0710291261e-09 -6.8558118352e-09
4.0909090909e-01 -9.5454545455e-01 0.0000000000e+00 5.0145326071e-09 -6.8397196265e-09
4.3939393939e-01 -9.5454545455e-01 0.0000000000e+00 4.9557497615e-09 -6.8244491151e-09
4.6969696970e-01 -9.5454545455e-01 0.0000000000e+00 4.8950030921e-09 -6.8103228038e-09
5.0000000000e-01 -9.5454545455e-01 0.0000000000e+00 4.8326031840e-09 -6.7976512777e-09
5.3030303030e-01 -9.5454545455e-01 0.0000000000e+00 4.7688460933e-09 -6.7867305928e-09
5.6060606061e-01 -9.5454545455e-01 0.0000000000e+00 4.7040113463e-09 -6.7778402755e-09
5.9090909091e-01 -9.5454545455e-01 0.0000000000e+00 4.6383605075e-09 -6.7712418903e-09
6.2121212121e-01 -9.5454545455e-01 0.0000000000e+00 4.5721362639e-09 -6.7671781242e-09
6.5151515152e-01 -9.5454545455e-01 0.0000000000e+00 4.5055619659e-09 -6.7658723275e-09
6.8181818182e-01 -9.5454545455e-01 0.0000000000e+00 4.4388415592e-09 -6.7675284460e-09
7.1212121212e-01 -9.5454545455e-01 0.0000000000e+00 4.3721598438e-09 -6.7723312796e-09
7.4242424242e-01 -9.5454545455e-01 0.0000000000e+00 4.3056829974e-09 -6.7804470062e-09
7.7272727273e-01 -9.5454545455e-01 0.0000000000e+00 4.2395593052e-09 -6.7920239108e-09
8.0303030303e-01 -9.5454545455e-01 0.0000000000e+00 4.1739200440e-09 -6.8071932704e-09
8.3333333333e-01 -9.5454545455e-01 0.0000000000e+00 4.1088804745e-09 -6.8260703454e-09
8.6363636364e-01 -9.5454545455e-01 0.0000000000e+00 4.0445409015e-09 -6.8487554408e-09
8.9393939394e-01 -9.5454545455e-01 0.0000000000e+00 3.9809877705e-09 -6.8753350022e-09
9.2424242424e-01 -9.5454545455e-01 0.0000000000e+00 3.9182947715e-09 -6.9058827194e-09
9.5454545455e-01 -9.5454545455e-01 0.0000000000e+00 3.8565239298e-09 -6.9404606177e-09
9.8484848485e-01 -9.5454545455e-01 0.0000000000e+00 3.7957266656e-09 -6.9791201174e-09
1.0151515152e+00 -9.5454545455e-01 0.0000000000e+00 3.7359448118e-09 -7.0219030515e-09
1.0454545455e+00 -9.5454545455e-01 0.0000000000e+00 3.6772115792e-09 -7.0688426306e-09
1.0757575758e+00 -9.5454545455e-01 0.0000000000e+00 3.6195524637e-09 -7.1199643506e-09
1.1060606061e+00 -9.5454545455e-01 0.0000000000e+00 3.5629860930e-09 -7.1752868393e-09
1.1363636364e+00 -9.5454545455e-01 0.0000000000e+00 3.5075250098e-09 -7.2348226394e-09
1.1666666667e+00 -9.5454545455e-01 0.0000000000e+00 3.4531763932e-09 -7.2985789300e-09
1.1969696970e+00 -9.5454545455e-01 0.0000000000e+00 3.3999427185e-09 -7.3665581863e-09
1.2272727273e+00 -9.5454545455e-01 0.0000000000e+00 3.3478223576e-09 -7.4387587804e-09
1.2575757576e+00 -9.5454545455e-01 0.0000000000e+00 3.2968101239e-09 -7.5151755254e-09
1.2878787879e+00 -9.5454545455e-01 0.0000000000e+00 3.2468977629e-09 -7.5958001671e-09
1.3181818182e+00 -9.5454545455e-01 0.0000000000e+00 3.1980743947e-09 -7.6806218254e-09
1.3484848485e+00 -9.5454545455e-01 0.0000000000e+00 3.1503269090e-09 -7.7696273902e-09
1.3787878788e+00 -9.5454545455e-01 0.0000000000e+00 3.1036403187e-09 -7.8628018742e-09
1.4090909091e+00 -9.5454545455e-01 0.0000000000e+00 3.0579980738e-09 -7.9601287274e-09
1.4393939394e+00 -9.5454545455e-01 0.0000000000e+00 3.0133823400e-09 -8.0615901157e-09
1.4696969697e+00 -9.5454545455e-01 0.0000000000e+00 2.9697742453e-09 -8.1671671668e-09
1.5000000000e+00 -9.5454545455e-01 0.0000000000e+00 2.9271540966e-09 -8.2768401879e-09
-1.5000000000e+00 -9.2424242424e-01 0.0000000000e+00 2.9539875335e-09 -8.2073248847e-09
-1.4696969697e+00 -9.2424242424e-01 0.0000000000e+00 2.9978108800e-09 -8.0988550615e-09
-1.4393939394e+00 -9.2424242424e-01 0.0000000000e+00 3.0426873520e-09 -7.9945463876e-09
-1.4090909091e+00 -9.2424242424e-01 0.0000000000e+00 3.0886404340e-09 -7.8944223476e-09
-1.3787878788e+00 -9.2424242424e-01 0.0000000000e+00 3.1356929831e-09 -7.7985057985e-09
-1.3484848485e+00 -9.2424242424e-01 0.0000000000e+00 3.1838670135e-09 -7.7068187546e-09
-1.3181818182e+00 -9.2424242424e-01 0.0000000000e+00 3.2331834491e-09 -7.6193821398e-09
-1.2878787879e+00 -9.2424242424e-01 0.0000000000e+00 3.2836618418e-09 -7.5362155059e-09
-1.2575757576e+00 -9.2424242424e-01 0.0000000000e+00 3.3353200497e-09 -7.4573367112e-09
-1.2272727273e+00 -9.2424242424e-01 0.0000000000e+00 3.3881738738e-09 -7.3827615564e-09
-1.1969696970e+00 -9.2424242424e-01 0.0000000000e+00 3.4422366460e-09 -7.3125033737e-09
-1.1666666667e+00 -9.2424242424e-01 0.0000000000e+00 3.4975187663e-09 -7.2465725631e-09
-1.1363636364e+00 -9.2424242424e-01 0.0000000000e+00 3.5540271830e-09 -7.1849760726e-09
-1.1060606061e+00 -9.2424242424e-01 0.0000000000e+00 3.6117648114e-09 -7.1277168177e-09
-1.0757575758e+00 -9.2424242424e-01 0.0000000000e+00 3.6707298877e-09 -7.0747930346e-09
-1.0454545455e+00 -9.2424242424e-01 0.0000000000e+00 3.7309152521e-09 -7.0261975634e-09
-1.0151515152e+00 -9.2424242424e-01 0.0000000000e+00 3.7923075585e-09 -6.9819170581e-09
-9.8484848485e-01 -9.2424242424e-01 0.0000000000e+00 3.8548864077e-09 -6.9419311194e-09
-9.5454545455e-01 -9.2424242424e-01 0.0000000000e+00 3.9186234018e-09 -6.9062113496e-09
-9.2424242424e-01 -9.2424242424e-01 0.0000000000e+00 3.9834811200e-09 -6.8747203278e-09
-8.9393939394e-01 -9.2424242424e-01 0.0000000000e+00 4.0494120176e-09 -6.8474105093e-09
-8.6363636364e-01 -9.2424242424e-01 0.0000000000e+00 4.1163572520e-09 -6.8242230513e-09
-8.3333333333e-01 -9.2424242424e-01 0.0000000000e+00 4.1842454442e-09 -6.8050865751e-09
-8.0303030303e-01 -9.2424242424e-01 0.0000000000e+00 4.2529913881e-09 -6.7899158744e-09
-7.7272727273e-01 -9.2424242424e-01 0.0000000000e+00 4.3224947228e-09 -6.7786105884e-09
-7.4242424242e-01 -9.2424242424e-01 0.0000000000e+00 4.3926385922e-09 -6.7710538610e-09
-7.1212121212e-01 -9.2424242424e-01 0.0000000000e+00 4.4632883206e-09 -6.7671110164e-09
-6.8181818182e-01 -9.2424242424e-01 0.0000000000e+00 4.5342901401e-09 -6.7666282868e-09
-6.5151515152e-01 -9.2424242424e-01 0.0000000000e+00 4.6054700168e-09 -6.7694316383e-09
-6.2121212121e-01 -9.2424242424e-01 0.0000000000e+00 4.6766326268e-09 -6.7753257470e-09
-5.9090909091e-01 -9.2424242424e-01 0.0000000000e+00 4.7475605456e-09 -6.7840931883e-09
-5.6060606061e-01 -9.2424242424e-01 0.0000000000e+00 4.8180137196e-09 -6.7954939087e-09
-5.3030303030e-01 -9.2424242424e-01 0.0000000000e+00 4.8877292972e-09 -6.8092650566e-09
-5.0000000000e-01 -9.2424242424e-01 0.0000000000e+00 4.9564219007e-09 -6.8251212544e-09
-4.6969696970e-01 -9.2424242424e-01 0.0000000000e+00 5.0237844216e-09 -6.8427553933e-09
-4.3939393939e-01 -9.2424242424e-01 0.0000000000e+00 5.0894894201e-09 -6.8618400337e-09
-4.0909090909e-01 -9.2424242424e-01 0.0000000000e+00 5.1531912022e-09 -6.8820294815e-09
-3.7878787879e-01 -9.2424242424e-01 0.0000000000e+00 5.2145286325e-09 -6.9029626015e-09
-3.4848484848e-01 -9.2424242424e-01 0.0000000000e+00 5.2731287216e-09 -6.9242664041e-09
-3.1818181818e-01 -9.2424242424e-01 0.0000000000e+00 5.3286109974e-09 -6.9455604173e-09
-2.8787878788e-01 -9.2424242424e-01 0.0000000000e+00 5.3805926362e-09 -6.9664618173e-09
-2.5757575758e-01 -9.2424242424e-01 0.0000000000e+00 5.4286942867e-09 -6.9865912530e-09
-2.2727272727e-01 -9.2424242424e-01 0.0000000000e+00 5.4725464766e-09 -7.0055792520e-09
-1.9696969697e-01 -9.2424242424e-01 0.0000000000e+00 5.5117964444e-09 -7.0230730526e-09
-1.6666666667e-01 -9.2424242424e-01 0.0000000000e+00 5.5461151941e-09 -7.0387436591e-09
-1.3636363636e-01 -9.2424242424e-01 0.0000000000e+00 5.5752045366e-09 -7.0522928822e-09
-1.0606060606e-01 -9.2424242424e-01 0.0000000000e+00 5.5988038480e-09 -7.0634600981e-09
-7.5757575758e-02 -9.2424242424e-01 0.0000000000e+00 5.6166962694e-09 -7.0720284479e-09
-4.5454545455e-02 -9.2424242424e-01 0.0000000000e+00 5.6287140719e-09 -7.0778302026e-09
-1.5151515152e-02 -9.2424242424e-01 0.0000000000e+00 5.6347429361e-09 -7.0807510430e-09
1.5151515152e-02 -9.2424242424e-01 0.0000000000e+00 5.6347249385e-09 -7.0807330454e-09
4.5454545455e-02 -9.2424242424e-01 0.0000000000e+00 5.6286600924e-09 -7.0777762232e-09
7.5757575758e-02 -9.2424242424e-01 0.0000000000e+00 5.6166063647e-09 -7.0719385432e-09
1.0606060606e-01 -9.2424242424e-01 0.0000000000e+00 5.5986781651e-09 -7.0633344152e-09
1.3636363636e-01 -9.2424242424e-01 0.0000000000e+00 5.5750433842e-09 -7.0521317298e-09
1.6666666667e-01 -9.2424242424e-01 0.0000000000e+00 5.5459191262e-09 -7.0385475912e-09
1.9696969697e-01 -9.2424242424e-01 0.0000000000e+00 5.5115663444e-09 -7.0228429526e-09
2.2727272727e-01 -9.2424242424e-01 0.0000000000e+00 5.4722836297e-09 -7.0053164051e-09
2.5757575758e-01 -9.2424242424e-01 0.0000000000e+00 5.4284004294e-09 -6.9862973958e-09
2.8787878788e-01 -9.2424242424e-01 0.0000000000e+00 5.3802699769e-09 -6.9661391580e-09
3.1818181818e-01 -9.2424242424e-01 0.0000000000e+00 5.3282622032e-09 -6.9452116231e-09
3.4848484848e-01 -9.2424242424e-01 0.0000000000e+00 5.2727568737e-09 -6.9238945562e-09
3.7878787879e-01 -9.2424242424e-01 0.0000000000e+00 5.2141371538e-09 -6.9025711228e-09
4.0909090909e-01 -9.2424242424e-01 0.0000000000e+00 5.1527837640e-09 -6.8816220433e-09
4.3939393939e-01 -9.2424242424e-01 0.0000000000e+00 5.0890698367e-09 -6.8614204502e-09
4.6969696970e-01 -9.2424242424e-01 0.0000000000e+00 5.0233565412e-09 -6.8423275128e-09
5.0000000000e-01 -9.2424242424e-01 0.0000000000e+00 4.9559895004e-09 -6.8246888540e-09
5.3030303030e-01 -9.2424242424e-01 0.0000000000e+00 4.8872959887e-09 -6.8088317481e-09
5.6060606061e-01 -9.2424242424e-01 0.0000000000e+00 4.8175828700e-09 -6.7950630591e-09
5.9090909091e-01 -9.2424242424e-01 0.0000000000e+00 4.7471352160e-09 -6.7836678588e-09
6.2121212121e-01 -9.2424242424e-01 0.0000000000e+00 4.6762155295e-09 -6.7749086497e-09
6.5151515152e-01 -9.2424242424e-01 0.0000000000e+00 4.6050634905e-09 -6.7690251120e-09
6.8181818182e-01 -9.2424242424e-01 0.0000000000e+00 4.5338961417e-09 -6.7662342884e-09
7.1212121212e-01 -9.2424242424e-01 0.0000000000e+00 4.4629084305e-09 -6.7667311263e-09
7.4242424242e-01 -9.2424242424e-01 0.0000000000e+00 4.3922740311e-09 -6.7706892998e-09
7.7272727273e-01 -9.2424242424e-01 0.0000000000e+00 4.3221463764e-09 -6.7782622420e-09
8.0303030303e-01 -9.2424242424e-01 0.0000000000e+00 4.2526598384e-09 -6.7895843247e-09
8.3333333333e-01 -9.2424242424e-01 0.0000000000e+00 4.1839310030e-09 -6.8047721338e-09
8.6363636364e-01 -9.2424242424e-01 0.0000000000e+00 4.1160599965e-09 -6.8239257958e-09
8.9393939394e-01 -9.2424242424e-01 0.0000000000e+00 4.0491318257e-09 -6.8471303173e-09
9.2424242424e-01 -9.2424242424e-01 0.0000000000e+00 3.9832177037e-09 -6.8744569115e-09
9.5454545455e-01 -9.2424242424e-01 0.0000000000e+00 3.9183763390e-09 -6.9059642869e-09
9.8484848485e-01 -9.2424242424e-01 0.0000000000e+00 3.8546551710e-09 -6.9416998828e-09
1.0151515152e+00 -9.2424242424e-01 0.0000000000e+00 3.7920915404e-09 -6.9817010400e-09
1.0454545455e+00 -9.2424242424e-01 0.0000000000e+00 3.7307137876e-09 -7.0259960989e-09
1.0757575758e+00 -9.2424242424e-01 0.0000000000e+00 3.6705422737e-09 -7.0746054205e-09
1.1060606061e+00 -9.2424242424e-01 0.0000000000e+00 3.6115903227e-09 -7.1275423289e-09
1.1363636364e+00 -9.2424242424e-01 0.0000000000e+00 3.5538650861e-09 -7.1848139756e-09
1.1666666667e+00 -9.2424242424e-01 0.0000000000e+00 3.4973683304e-09 -7.2464221271e-09
1.1969696970e+00 -9.2424242424e-01 0.0000000000e+00 3.4420971517e-09 -7.3123638794e-09
1.2272727273e+00 -9.2424242424e-01 0.0000000000e+00 3.3880446201e-09 -7.3826323028e-09
1.2575757576e+00 -9.2424242424e-01 0.0000000000e+00 3.3352003593e-09 -7.4572170207e-09
1.2878787879e+00 -9.2424242424e-01 0.0000000000e+00 3.2835510645e-09 -7.5361047287e-09
1.3181818182e+00 -9.2424242424e-01 0.0000000000e+00 3.2330809650e-09 -7.6192796557e-09
1.3484848485e+00 -9.2424242424e-01 0.0000000000e+00 3.1837722341e-09 -7.7067239752e-09
1.3787878788e+00 -9.2424242424e-01 0.0000000000e+00 3.1356053525e-09 -7.7984181679e-09
1.4090909091e+00 -9.2424242424e-01 0.0000000000e+00 3.0885594290e-09 -7.8943413425e-09
1.4393939394e+00 -9.2424242424e-01 0.0000000000e+00 3.0426124817e-09 -7.9944715173e-09
1.4696969697e+00 -9.2424242424e-01 0.0000000000e+00 2.9977416852e-09 -8.0987858667e-09
1.5000000000e+00 -9.2424242424e-01 0.0000000000e+00 2.9539235857e-09 -8.2072609370e-09
-1.5000000000e+00 -8.9393939394e-01 0.0000000000e+00 2.9806068412e-09 -8.1407034763e-09
-1.4696969697e+00 -8.9393939394e-01 0.0000000000e+00 3.0256441870e-09 -8.0334476522e-09
-1.4393939394e+00 -8.9393939394e-01 0.0000000000e+00 3.0718020674e-09 -7.9304203867e-09
-1.4090909091e+00 -8.9393939394e-01 0.0000000000e+00 3.1191080500e-09 -7.8316492473e-09
-1.3787878788e+00 -8.9393939394e-01 0.0000000000e+00 3.1675893033e-09 -7.7371614025e-09
-1.3484848485e+00 -8.9393939394e-01 0.0000000000e+00 3.2172723863e-09 -7.6469834112e-09
-1.3181818182e+00 -8.9393939394e-01 0.0000000000e+00 3.2681830040e-09 -7.5611409785e-09
-1.2878787879e+00 -8.9393939394e-01 0.0000000000e+00 3.3203457269e-09 -7.4796586748e-09
-1.2575757576e+00 -8.9393939394e-01 0.0000000000e+00 3.3737836667e-09 -7.4025596120e-09
-1.2272727273e+00 -8.9393939394e-01 0.0000000000e+00 3.4285181070e-09 -7.3298650735e-09
-1.1969696970e+00 -8.9393939394e-01 0.0000000000e+00 3.4845680808e-09 -7.2615940923e-09
-1.1666666667e+00 -8.9393939394e-01 0.0000000000e+00 3.5419498910e-09 -7.1977629715e-09
-1.1363636364e+00 -8.9393939394e-01 0.0000000000e+00 3.6006765674e-09 -7.1383847408e-09
-1.1060606061e+00 -8.9393939394e-01 0.0000000000e+00 3.6607572543e-09 -7.0834685444e-09
-1.0757575758e+00 -8.9393939394e-01 0.0000000000e+00 3.7221965222e-09 -7.0330189529e-09
-1.0454545455e+00 -8.9393939394e-01 0.0000000000e+00 3.7849935989e-09 -6.9870351940e-09
-1.0151515152e+00 -8.9393939394e-01 0.0000000000e+00 3.8491415123e-09 -6.9455102957e-09
-9.8484848485e-01 -8.9393939394e-01 0.0000000000e+00 3.9146261421e-09 -6.9084301377e-09
-9.5454545455e-01 -8.9393939394e-01 0.0000000000e+00 3.9814251742e-09 -6.8757724059e-09
-9.2424242424e-01 -8.9393939394e-01 0.0000000000e+00 4.0495069569e-09 -6.8475054485e-09
-8.9393939394e-01 -8.9393939394e-01 0.0000000000e+00 4.1188292570e-09 -6.8235870324e-09
-8.6363636364e-01 -8.9393939394e-01 0.0000000000e+00 4.1893379190e-09 -6.8039630021e-09
-8.3333333333e-01 -8.9393939394e-01 0.0000000000e+00 4.2609654322e-09 -6.7885658469e-09
-8.0303030303e-01 -8.9393939394e-01 0.0000000000e+00 4.3336294165e-09 -6.7773131866e-09
-7.7272727273e-01 -8.9393939394e-01 0.0000000000e+00 4.4072310419e-09 -6.7701061913e-09
-7.4242424242e-01 -8.9393939394e-01 0.0000000000e+00 4.4816534051e-09 -6.7668279577e-09
-7.1212121212e-01 -8.9393939394e-01 0.0000000000e+00 4.5567598928e-09 -6.7673418725e-09
-6.8181818182e-01 -8.9393939394e-01 0.0000000000e+00 4.6323925708e-09 -6.7714900013e-09
-6.5151515152e-01 -8.9393939394e-01 0.0000000000e+00 4.7083706494e-09 -6.7790915548e-09
-6.2121212121e-01 -8.9393939394e-01 0.0000000000e+00 4.7844890859e-09 -6.7899414899e-09
-5.9090909091e-01 -8.9393939394e-01 0.0000000000e+00 4.8605173946e-09 -6.8038093211e-09
-5.6060606061e-01 -8.9393939394e-01 0.0000000000e+00 4.9361987505e-09 -6.8204382235e-09
-5.3030303030e-01 -8.9393939394e-01 0.0000000000e+00 5.0112494786e-09 -6.8395445218e-09
-5.0000000000e-01 -8.9393939394e-01 0.0000000000e+00 5.0853590317e-09 -6.8608176691e-09
-4.6969696970e-01 -8.9393939394e-01 0.0000000000e+00 5.1581905649e-09 -6.8839208203e-09
-4.3939393939e-01 -8.9393939394e-01 0.0000000000e+00 5.2293822126e-09 -6.9084921099e-09
-4.0909090909e-01 -8.9393939394e-01 0.0000000000e+00 5.2985491720e-09 -6.9341467351e-09
-3.7878787879e-01 -8.9393939394e-01 0.0000000000e+00 5.3652866776e-09 -6.9604799304e-09
-3.4848484848e-01 -8.9393939394e-01 0.0000000000e+00 5.4291739336e-09 -6.9870708999e-09
-3.1818181818e-01 -8.9393939394e-01 0.0000000000e+00 5.4897790338e-09 -7.0134877375e-09
-2.8787878788e-01 -8.9393939394e-01 0.0000000000e+00 5.5466648572e-09 -7.0392933222e-09
-2.5757575758e-01 -8.9393939394e-01 0.0000000000e+00 5.5993958763e-09 -7.0640521265e-09
-2.2727272727e-01 -8.9393939394e-01 0.0000000000e+00 5.6475457548e-09 -7.0873378139e-09
-1.9696969697e-01 -8.9393939394e-01 0.0000000000e+00 5.6907055489e-09 -7.1087414410e-09
-1.6666666667e-01 -8.9393939394e-01 0.0000000000e+00 5.7284922693e-09 -7.1278800181e-09
-1.3636363636e-01 -8.9393939394e-01 0.0000000000e+00 5.7605575019e-09 -7.1444051313e-09
-1.0606060606e-01 -8.9393939394e-01 0.0000000000e+00 5.7865957502e-09 -7.1580112841e-09
-7.5757575758e-02 -8.9393939394e-01 0.0000000000e+00 5.8063521366e-09 -7.1684435989e-09
-4.5454545455e-02 -8.9393939394e-01 0.0000000000e+00 5.8196291040e-09 -7.1755045186e-09
-1.5151515152e-02 -8.9393939394e-01 0.0000000000e+00 5.8262917847e-09 -7.1790591754e-09
1.5151515152e-02 -8.9393939394e-01 0.0000000000e+00 5.8262717588e-09 -7.1790391495e-09
4.5454545455e-02 -8.9393939394e-01 0.0000000000e+00 5.8195689997e-09 -7.1754444143e-09
7.5757575758e-02 -8.9393939394e-01 0.0000000000e+00 5.8062518991e-09 -7.1683433614e-09
1.0606060606e-01 -8.9393939394e-01 0.0000000000e+00 5.7864553674e-09 -7.1578709014e-09
1.3636363636e-01 -8.9393939394e-01 0.0000000000e+00 5.7603771113e-09 -7.1442247407e-09
1.6666666667e-01 -8.9393939394e-01 0.0000000000e+00 5.7282722828e-09 -7.1276600316e-09
1.9696969697e-01 -8.9393939394e-01 0.0000000000e+00 5.6904467792e-09 -7.1084826712e-09
2.2727272727e-01 -8.9393939394e-01 0.0000000000e+00 5.6472495231e-09 -7.0870415822e-09
2.5757575758e-01 -8.9393939394e-01 0.0000000000e+00 5.5990640874e-09 -7.0637203375e-09
2.8787878788e-01 -8.9393939394e-01 0.0000000000e+00 5.5463000305e-09 -7.0389284954e-09
3.1818181818e-01 -8.9393939394e-01 0.0000000000e+00 5.4893842877e-09 -7.0130929914e-09
3.4848484848e-01 -8.9393939394e-01 0.0000000000e+00 5.4287529242e-09 -6.9866498906e-09
3.7878787879e-01 -8.9393939394e-01 0.0000000000e+00 5.3648434993e-09 -6.9600367521e-09
4.0909090909e-01 -8.9393939394e-01 0.0000000000e+00 5.2980882308e-09 -6.9336857939e-09
4.3939393939e-01 -8.9393939394e-01 0.0000000000e+00 5.2289080844e-09 -6.9080179818e-09
4.6969696970e-01 -8.9393939394e-01 0.0000000000e+00 5.1577078511e-09 -6.8834381066e-09
5.0000000000e-01 -8.9393939394e-01 0.0000000000e+00 5.0848722232e-09 -6.8603308606e-09
5.3030303030e-01 -8.9393939394e-01 0.0000000000e+00 5.0107628357e-09 -6.8390578789e-09
5.6060606061e-01 -8.9393939394e-01 0.0000000000e+00 4.9357162058e-09 -6.8199556788e-09
5.9090909091e-01 -8.9393939394e-01 0.0000000000e+00 4.8600424804e-09 -6.8033344070e-09
6.2121212121e-01 -8.9393939394e-01 0.0000000000e+00 4.7840248871e-09 -6.7894772911e-09
6.5151515152e-01 -8.9393939394e-01 0.0000000000e+00 4.7079197800e-09 -6.7786406853e-09
6.8181818182e-01 -8.9393939394e-01 0.0000000000e+00 4.6319571707e-09 -6.7710546012e-09
7.1212121212e-01 -8.9393939394e-01 0.0000000000e+00 4.5563416426e-09 -6.7669236222e-09
7.4242424242e-01 -8.9393939394e-01 0.0000000000e+00 4.4812535532e-09 -6.7664281058e-09
7.7272727273e-01 -8.9393939394e-01 0.0000000000e+00 4.4068504412e-09 -6.7697255906e-09
8.0303030303e-01 -8.9393939394e-01 0.0000000000e+00 4.3332685667e-09 -6.7769523368e-09
8.3333333333e-01 -8.9393939394e-01 0.0000000000e+00 4.2606245251e-09 -6.7882249398e-09
8.6363636364e-01 -8.9393939394e-01 0.0000000000e+00 4.1890168838e-09 -6.8036419669e-09
8.9393939394e-01 -8.9393939394e-01 0.0000000000e+00 4.1185278046e-09 -6.8232855801e-09
9.2424242424e-01 -8.9393939394e-01 0.0000000000e+00 4.0492246213e-09 -6.8472231129e-09
9.5454545455e-01 -8.9393939394e-01 0.0000000000e+00 3.9811613501e-09 -6.8755085818e-09
9.8484848485e-01 -8.9393939394e-01 0.0000000000e+00 3.9143801188e-09 -6.9081841144e-09
1.0151515152e+00 -8.9393939394e-01 0.0000000000e+00 3.8489125032e-09 -6.9452812866e-09
1.0454545455e+00 -8.9393939394e-01 0.0000000000e+00 3.7847807667e-09 -6.9868223617e-09
1.0757575758e+00 -8.9393939394e-01 0.0000000000e+00 3.7219990004e-09 -7.0328214310e-09
1.1060606061e+00 -8.9393939394e-01 0.0000000000e+00 3.6605741646e-09 -7.0832854547e-09
1.1363636364e+00 -8.9393939394e-01 0.0000000000e+00 3.6005070343e-09 -7.1382152077e-09
1.1666666667e+00 -8.9393939394e-01 0.0000000000e+00 3.5417930529e-09 -7.1976061335e-09
1.1969696970e+00 -8.9393939394e-01 0.0000000000e+00 3.4844230990e-09 -7.2614491106e-09
1.2272727273e+00 -8.9393939394e-01 0.0000000000e+00 3.4283841722e-09 -7.3297311387e-09
1.2575757576e+00 -8.9393939394e-01 0.0000000000e+00 3.3736600037e-09 -7.4024359490e-09
1.2878787879e+00 -8.9393939394e-01 0.0000000000e+00 3.3202315978e-09 -7.4795445458e-09
1.3181818182e+00 -8.9393939394e-01 0.0000000000e+00 3.2680777104e-09 -7.5610356849e-09
1.3484848485e+00 -8.9393939394e-01 0.0000000000e+00 3.2171752696e-09 -7.6468862945e-09
1.3787878788e+00 -8.9393939394e-01 0.0000000000e+00 3.1674997458e-09 -7.7370718449e-09
1.4090909091e+00 -8.9393939394e-01 0.0000000000e+00 3.1190254733e-09 -7.8315666706e-09
1.4393939394e+00 -8.9393939394e-01 0.0000000000e+00 3.0717259323e-09 -7.9303442516e-09
1.4696969697e+00 -8.9393939394e-01 0.0000000000e+00 3.0255739916e-09 -8.0333774569e-09
1.5000000000e+00 -8.9393939394e-01 0.0000000000e+00 2.9805421198e-09 -8.1406387548e-09
-1.5000000000e+00 -8.6363636364e-01 0.0000000000e+00 3.0070355462e-09 -8.0769994889e-09
-1.4696969697e+00 -8.6363636364e-01 0.0000000000e+00 3.0533007066e-09 -7.9709714795e-09
-1.4393939394e+00 -8.6363636364e-01 0.0000000000e+00 3.1007563744e-09 -7.8692420015e-09
-1.4090909091e+00 -8.6363636364e-01 0.0000000000e+00 3.1494345268e-09 -7.7718430318e-09
-1.3787878788e+00 -8.6363636364e-01 0.0000000000e+00 3.1993670083e-09 -7.6788064152e-09
-1.3484848485e+00 -8.6363636364e-01 0.0000000000e+00 3.2505853294e-09 -7.5901636620e-09
-1.3181818182e+00 -8.6363636364e-01 0.0000000000e+00 3.3031204297e-09 -7.5059457119e-09
-1.2878787879e+00 -8.6363636364e-01 0.0000000000e+00 3.3570024021e-09 -7.4261826578e-09
-1.2575757576e+00 -8.6363636364e-01 0.0000000000e+00 3.4122601723e-09 -7.3509034253e-09
-1.2272727273e+00 -8.6363636364e-01 0.0000000000e+00 3.4689211277e-09 -7.2801354019e-09
-1.1969696970e+00 -8.6363636364e-01 0.0000000000e+00 3.5270106899e-09 -7.2139040092e-09
-1.1666666667e+00 -8.6363636364e-01 0.0000000000e+00 3.5865518241e-09 -7.1522322123e-09
-1.1363636364e+00 -8.6363636364e-01 0.0000000000e+00 3.6475644782e-09 -7.0951399592e-09
-1.1060606061e+00 -8.6363636364e-01 0.0000000000e+00 3.7100649439e-09 -7.0426435417e-09
-1.0757575758e+00 -8.6363636364e-01 0.0000000000e+00 3.7740651324e-09 -6.9947548707e-09
-1.0454545455e+00 -8.6363636364e-01 0.0000000000e+00 3.8395717556e-09 -6.9514806584e-09
-1.0151515152e+00 -8.6363636364e-01 0.0000000000e+00 3.9065854066e-09 -6.9128214977e-09
-9.8484848485e-01 -8.6363636364e-01 0.0000000000e+00 3.9750995299e-09 -6.8787708332e-09
-9.5454545455e-01 -8.6363636364e-01 0.0000000000e+00 4.0450992762e-09 -6.8493138156e-09
-9.2424242424e-01 -8.6363636364e-01 0.0000000000e+00 4.1165602349e-09 -6.8244260342e-09
-8.9393939394e-01 -8.6363636364e-01 0.0000000000e+00 4.1894470408e-09 -6.8040721239e-09
-8.6363636364e-01 -8.6363636364e-01 0.0000000000e+00 4.2637118547e-09 -6.7882042455e-09
-8.3333333333e-01 -8.6363636364e-01 0.0000000000e+00 4.3392927189e-09 -6.7767604412e-09
-8.0303030303e-01 -8.6363636364e-01 0.0000000000e+00 4.4161117963e-09 -6.7696628741e-09
-7.7272727273e-01 -8.6363636364e-01 0.0000000000e+00 4.4940735059e-09 -6.7668159630e-09
-7.4242424242e-01 -8.6363636364e-01 0.0000000000e+00 4.5730625751e-09 -6.7681044353e-09
-7.1212121212e-01 -8.6363636364e-01 0.0000000000e+00 4.6529420396e-09 -6.7733913269e-09
-6.8181818182e-01 -8.6363636364e-01 0.0000000000e+00 4.7335512324e-09 -6.7825159707e-09
-6.5151515152e-01 -8.6363636364e-01 0.0000000000e+00 4.8147038144e-09 -6.7952920274e-09
-6.2121212121e-01 -8.6363636364e-01 0.0000000000e+00 4.8961859147e-09 -6.8115056264e-09
-5.9090909091e-01 -8.6363636364e-01 0.0000000000e+00 4.9777544649e-09 -6.8309136991e-09
-5.6060606061e-01 -8.6363636364e-01 0.0000000000e+00 5.0591358238e-09 -6.8532426045e-09
-5.3030303030e-01 -8.6363636364e-01 0.0000000000e+00 5.1400248086e-09 -6.8781871596e-09
-5.0000000000e-01 -8.6363636364e-01 0.0000000000e+00 5.2200842584e-09 -6.9054102035e-09
-4.6969696970e-01 -8.6363636364e-01 0.0000000000e+00 5.2989452678e-09 -6.9345428309e-09
-4.3939393939e-01 -8.6363636364e-01 0.0000000000e+00 5.3762082340e-09 -6.9651854390e-09
-4.0909090909e-01 -8.6363636364e-01 0.0000000000e+00 5.4514448538e-09 -6.9969097247e-09
-3.7878787879e-01 -8.6363636364e-01 0.0000000000e+00 5.5242012000e-09 -7.0292617605e-09
-3.4848484848e-01 -8.6363636364e-01 0.0000000000e+00 5.5940019761e-09 -7.0617662501e-09
-3.1818181818e-01 -8.6363636364e-01 0.0000000000e+00 5.6603560143e-09 -7.0939320257e-09
-2.8787878788e-01 -8.6363636364e-01 0.0000000000e+00 5.7227630278e-09 -7.1252588004e-09
-2.5757575758e-01 -8.6363636364e-01 0.0000000000e+00 5.7807215612e-09 -7.1552451191e-09
-2.2727272727e-01 -8.6363636364e-01 0.0000000000e+00 5.8337380101e-09 -7.1833973770e-09
-1.9696969697e-01 -8.6363636364e-01 0.0000000000e+00 5.8813364927e-09 -7.2092396924e-09
-1.6666666667e-01 -8.6363636364e-01 0.0000000000e+00 5.9230692773e-09 -7.2323243338e-09
-1.3636363636e-01 -8.6363636364e-01 0.0000000000e+00 5.9585273899e-09 -7.2522423270e-09
-1.0606060606e-01 -8.6363636364e-01 0.0000000000e+00 5.9873509672e-09 -7.2686338088e-09
-7.5757575758e-02 -8.6363636364e-01 0.0000000000e+00 6.0092388847e-09 -7.2811976547e-09
-4.5454545455e-02 -8.6363636364e-01 0.0000000000e+00 6.0239571851e-09 -7.2896999073e-09
-1.5151515152e-02 -8.6363636364e-01 0.0000000000e+00 6.0313458627e-09 -7.2939805611e-09
1.5151515152e-02 -8.6363636364e-01 0.0000000000e+00 6.0313236309e-09 -7.2939583293e-09
4.5454545455e-02 -8.6363636364e-01 0.0000000000e+00 6.0238903977e-09 -7.2896331199e-09
7.5757575758e-02 -8.6363636364e-01 0.0000000000e+00 6.0091273033e-09 -7.2810860733e-09
1.0606060606e-01 -8.6363636364e-01 0.0000000000e+00 5.9871943139e-09 -7.2684771555e-09
1.3636363636e-01 -8.6363636364e-01 0.0000000000e+00 5.9583255074e-09 -7.2520404445e-09
1.6666666667e-01 -8.6363636364e-01 0.0000000000e+00 5.9228223166e-09 -7.2320773730e-09
1.9696969697e-01 -8.6363636364e-01 0.0000000000e+00 5.8810451008e-09 -7.2089483005e-09
2.2727272727e-01 -8.6363636364e-01 0.0000000000e+00 5.8334034906e-09 -7.1830628574e-09
2.5757575758e-01 -8.6363636364e-01 0.0000000000e+00 5.7803459849e-09 -7.1548695427e-09
2.8787878788e-01 -8.6363636364e-01 0.0000000000e+00 5.7223492789e-09 -7.1248450516e-09
3.1818181818e-01 -8.6363636364e-01 0.0000000000e+00 5.6599077690e-09 -7.0934837803e-09
3.4848484848e-01 -8.6363636364e-01 0.0000000000e+00 5.5935236152e-09 -7.0612878892e-09
3.7878787879e-01 -8.6363636364e-01 0.0000000000e+00 5.5236976705e-09 -7.0287582310e-09
4.0909090909e-01 -8.6363636364e-01 0.0000000000e+00 5.4509214937e-09 -6.9963863646e-09
4.3939393939e-01 -8.6363636364e-01 0.0000000000e+00 5.3756705798e-09 -6.9646477848e-09
4.6969696970e-01 -8.6363636364e-01 0.0000000000e+00 5.2983988619e-09 -6.9339964251e-09
5.0000000000e-01 -8.6363636364e-01 0.0000000000e+00 5.2195344718e-09 -6.9048604169e-09
5.3030303030e-01 -8.6363636364e-01 0.0000000000e+00 5.1394766891e-09 -6.8776390401e-09
5.6060606061e-01 -8.6363636364e-01 0.0000000000e+00 5.0585939769e-09 -6.8527007575e-09
5.9090909091e-01 -8.6363636364e-01 0.0000000000e+00 4.9772229695e-09 -6.8303822037e-09
6.2121212121e-01 -8.6363636364e-01 0.0000000000e+00 4.8956682733e-09 -6.8109879850e-09
6.5151515152e-01 -8.6363636364e-01 0.0000000000e+00 4.8142029341e-09 -6.7947911472e-09
6.8181818182e-01 -8.6363636364e-01 0.0000000000e+00 4.7330694321e-09 -6.7820341703e-09
7.1212121212e-01 -8.6363636364e-01 0.0000000000e+00 4.6524810772e-09 -6.7729303645e-09
7.4242424242e-01 -8.6363636364e-01 0.0000000000e+00 4.5726236908e-09 -6.7676655510e-09
7.7272727273e-01 -8.6363636364e-01 0.0000000000e+00 4.4936574743e-09 -6.7663999314e-09
8.0303030303e-01 -8.6363636364e-01 0.0000000000e+00 4.4157189840e-09 -6.7692700617e-09
8.3333333333e-01 -8.6363636364e-01 0.0000000000e+00 4.3389231439e-09 -6.7763908663e-09
8.6363636364e-01 -8.6363636364e-01 0.0000000000e+00 4.2633652449e-09 -6.7878576357e-09
8.9393939394e-01 -8.6363636364e-01 0.0000000000e+00 4.1891228883e-09 -6.8037479714e-09
9.2424242424e-01 -8.6363636364e-01 0.0000000000e+00 4.1162578465e-09 -6.8241236458e-09
9.5454545455e-01 -8.6363636364e-01 0.0000000000e+00 4.0448178183e-09 -6.8490323577e-09
9.8484848485e-01 -8.6363636364e-01 0.0000000000e+00 3.9748380678e-09 -6.8785093711e-09
1.0151515152e+00 -8.6363636364e-01 0.0000000000e+00 3.9063429380e-09 -6.9125790291e-09
1.0454545455e+00 -8.6363636364e-01 0.0000000000e+00 3.8393472388e-09 -6.9512561416e-09
1.0757575758e+00 -8.6363636364e-01 0.0000000000e+00 3.7738575094e-09 -6.9945472478e-09
1.1060606061e+00 -8.6363636364e-01 0.0000000000e+00 3.7098731594e-09 -7.0424517572e-09
1.1363636364e+00 -8.6363636364e-01 0.0000000000e+00 3.6473874940e-09 -7.0949629751e-09
1.1666666667e+00 -8.6363636364e-01 0.0000000000e+00 3.5863886307e-09 -7.1520690189e-09
1.1969696970e+00 -8.6363636364e-01 0.0000000000e+00 3.5268603147e-09 -7.2137536340e-09
1.2272727273e+00 -8.6363636364e-01 0.0000000000e+00 3.4687826411e-09 -7.2799969152e-09
1.2575757576e+00 -8.6363636364e-01 0.0000000000e+00 3.4121326913e-09 -7.3507759443e-09
1.2878787879e+00 -8.6363636364e-01 0.0000000000e+00 3.3568850931e-09 -7.4260653487e-09
1.3181818182e+00 -8.6363636364e-01 0.0000000000e+00 3.3030125091e-09 -7.5058377913e-09
1.3484848485e+00 -8.6363636364e-01 0.0000000000e+00 3.2504860639e-09 -7.5900643965e-09
1.3787878788e+00 -8.6363636364e-01 0.0000000000e+00 3.1992757137e-09 -7.6787151206e-09
1.4090909091e+00 -8.6363636364e-01 0.0000000000e+00 3.1493505668e-09 -7.7717590719e-09
1.4393939394e+00 -8.6363636364e-01 0.0000000000e+00 3.1006791590e-09 -7.8691647861e-09
1.4696969697e+00 -8.6363636364e-01 0.0000000000e+00 3.0532296896e-09 -7.9709004625e-09
1.5000000000e+00 -8.6363636364e-01 0.0000000000e+00 3.0069702229e-09 -8.0769341657e-09
-1.5000000000e+00 -8.3333333333e-01 0.0000000000e+00 3.0332321446e-09 -8.0161714189e-09
-1.4696969697e+00 -8.3333333333e-01 0.0000000000e+00 3.0807366974e-09 -7.9113828019e-09
-1.4393939394e+00 -8.3333333333e-01 0.0000000000e+00 3.1295042096e-09 -7.8109651682e-09
-1.4090909091e+00 -8.3333333333e-01 0.0000000000e+00 3.1795714014e-09 -7.7149552380e-09
-1.3787878788e+00 -8.3333333333e-01 0.0000000000e+00 3.2309751677e-09 -7.6233899061e-09
-1.3484848485e+00 -8.3333333333e-01 0.0000000000e+00 3.2837523900e-09 -7.5363060541e-09
-1.3181818182e+00 -8.3333333333e-01 0.0000000000e+00 3.3379397126e-09 -7.4537403263e-09
-1.2878787879e+00 -8.3333333333e-01 0.0000000000e+00 3.3935732774e-09 -7.3757288646e-09
-1.2575757576e+00 -8.3333333333e-01 0.0000000000e+00 3.4506884120e-09 -7.3023069965e-09
-1.2272727273e+00 -8.3333333333e-01 0.0000000000e+00 3.5093192638e-09 -7.2335088696e-09
-1.1969696970e+00 -8.3333333333e-01 0.0000000000e+00 3.5694983742e-09 -7.1693670250e-09
-1.1666666667e+00 -8.3333333333e-01 0.0000000000e+00 3.6312561835e-09 -7.1099119033e-09
-1.1363636364e+00 -8.3333333333e-01 0.0000000000e+00 3.6946204594e-09 -7.0551712720e-09
-1.1060606061e+00 -8.3333333333e-01 0.0000000000e+00 3.7596156390e-09 -7.0051695683e-09
-1.0757575758e+00 -8.3333333333e-01 0.0000000000e+00 3.8262620741e-09 -6.9599271440e-09
-1.0454545455e+00 -8.3333333333e-01 0.0000000000e+00 3.8945751711e-09 -6.9194594054e-09
-1.0151515152e+00 -8.3333333333e-01 0.0000000000e+00 3.9645644124e-09 -6.8837758351e-09
-9.8484848485e-01 -8.3333333333e-01 0.0000000000e+00 4.0362322516e-09 -6.8528788865e-09
-9.5454545455e-01 -8.3333333333e-01 0.0000000000e+00 4.1095728693e-09 -6.8267627402e-09
-9.2424242424e-01 -8.3333333333e-01 0.0000000000e+00 4.1845707820e-09 -6.8054119128e-09
-8.9393939394e-01 -8.3333333333e-01 0.0000000000e+00 4.2611992955e-09 -6.7887997102e-09
-8.6363636364e-01 -8.3333333333e-01 0.0000000000e+00 4.3394187977e-09 -6.7768865201e-09
-8.3333333333e-01 -8.3333333333e-01 0.0000000000e+00 4.4191748881e-09 -6.7696179420e-09
-8.0303030303e-01 -8.3333333333e-01 0.0000000000e+00 4.5003963480e-09 -6.7669227573e-09
-7.7272727273e-01 -8.3333333333e-01 0.0000000000e+00 4.5829929594e-09 -6.7687107480e-09
-7.4242424242e-01 -8.3333333333e-01 0.0000000000e+00 4.6668531921e-09 -6.7748703839e-09
-7.1212121212e-01 -8.3333333333e-01 0.0000000000e+00 4.7518417855e-09 -6.7852664044e-09
-6.8181818182e-01 -8.3333333333e-01 0.0000000000e+00 4.8377972671e-09 -6.7997373369e-09
-6.5151515152e-01 -8.3333333333e-01 0.0000000000e+00 4.9245294639e-09 -6.8180930085e-09
-6.2121212121e-01 -8.3333333333e-01 0.0000000000e+00 5.0118170804e-09 -6.8401121237e-09
-5.9090909091e-01 -8.3333333333e-01 0.0000000000e+00 5.0994054367e-09 -6.8655400025e-09
-5.6060606061e-01 -8.3333333333e-01 0.0000000000e+00 5.1870044822e-09 -6.8940865944e-09
-5.3030303030e-01 -8.3333333333e-01 0.0000000000e+00 5.2742872201e-09 -6.9254249026e-09
-5.0000000000e-01 -8.3333333333e-01 0.0000000000e+00 5.3608887001e-09 -6.9591899768e-09
-4.6969696970e-01 -8.3333333333e-01 0.0000000000e+00 5.4464057537e-09 -6.9949786484e-09
-4.3939393939e-01 -8.3333333333e-01 0.0000000000e+00 5.5303976564e-09 -7.0323501930e-09
-4.0909090909e-01 -8.3333333333e-01 0.0000000000e+00 5.6123879065e-09 -7.0708281089e-09
-3.7878787879e-01 -8.3333333333e-01 0.0000000000e+00 5.6918672987e-09 -7.1099031907e-09
-3.4848484848e-01 -8.3333333333e-01 0.0000000000e+00 5.7682984468e-09 -7.1490380524e-09
-3.1818181818e-01 -8.3333333333e-01 0.0000000000e+00 5.8411218672e-09 -7.1876732101e-09
-2.8787878788e-01 -8.3333333333e-01 0.0000000000e+00 5.9097636712e-09 -7.2252347755e-09
-2.5757575758e-01 -8.3333333333e-01 0.0000000000e+00 5.9736448341e-09 -7.2611437234e-09
-2.2727272727e-01 -8.3333333333e-01 0.0000000000e+00 6.0321919056e-09 -7.2948266039e-09
-1.9696969697e-01 -8.3333333333e-01 0.0000000000e+00 6.0848489194e-09 -7.3257274507e-09
-1.6666666667e-01 -8.3333333333e-01 0.0000000000e+00 6.1310901398e-09 -7.3533205279e-09
-1.3636363636e-01 -8.3333333333e-01 0.0000000000e+00 6.1704331758e-09 -7.3771234445e-09
-1.0606060606e-01 -8.3333333333e-01 0.0000000000e+00 6.2024519054e-09 -7.3967100786e-09
-7.5757575758e-02 -8.3333333333e-01 0.0000000000e+00 6.2267885915e-09 -7.4117226930e-09
-4.5454545455e-02 -8.3333333333e-01 0.0000000000e+00 6.2431645588e-09 -7.4218826126e-09
-1.5151515152e-02 -8.3333333333e-01 0.0000000000e+00 6.2513888351e-09 -7.4269988651e-09
1.5151515152e-02 -8.3333333333e-01 0.0000000000e+00 6.2513642472e-09 -7.4269742771e-09
4.5454545455e-02 -8.3333333333e-01 0.0000000000e+00 6.2430905984e-09 -7.4218086522e-09
7.5757575758e-02 -8.3333333333e-01 0.0000000000e+00 6.2266647256e-09 -7.4115988272e-09
1.0606060606e-01 -8.3333333333e-01 0.0000000000e+00 6.2022774265e-09 -7.3965355997e-09
1.3636363636e-01 -8.3333333333e-01 0.0000000000e+00 6.1702074421e-09 -7.3768977107e-09
1.6666666667e-01 -8.3333333333e-01 0.0000000000e+00 6.1308128572e-09 -7.3530432452e-09
1.9696969697e-01 -8.3333333333e-01 0.0000000000e+00 6.0845204220e-09 -7.3253989533e-09
2.2727272727e-01 -8.3333333333e-01 0.0000000000e+00 6.0318133926e-09 -7.2944480909e-09
2.5757575758e-01 -8.3333333333e-01 0.0000000000e+00 5.9732185318e-09 -7.2607174211e-09
2.8787878788e-01 -8.3333333333e-01 0.0000000000e+00 5.9092928990e-09 -7.2247640032e-09
3.1818181818e-01 -8.3333333333e-01 0.0000000000e+00 5.8406110033e-09 -7.1871623462e-09
3.4848484848e-01 -8.3333333333e-01 0.0000000000e+00 5.7677528022e-09 -7.1484924078e-09
3.7878787879e-01 -8.3333333333e-01 0.0000000000e+00 5.6912929188e-09 -7.1093288108e-09
4.0909090909e-01 -8.3333333333e-01 0.0000000000e+00 5.6117913259e-09 -7.0702315283e-09
4.3939393939e-01 -8.3333333333e-01 0.0000000000e+00 5.5297856349e-09 -7.0317381715e-09
4.6969696970e-01 -8.3333333333e-01 0.0000000000e+00 5.4457850181e-09 -6.9943579128e-09
5.0000000000e-01 -8.3333333333e-01 0.0000000000e+00 5.3602657121e-09 -6.9585669888e-09
5.3030303030e-01 -8.3333333333e-01 0.0000000000e+00 5.2736679849e-09 -6.9248056674e-09
5.6060606061e-01 -8.3333333333e-01 0.0000000000e+00 5.1863944044e-09 -6.8934765166e-09
5.9090909091e-01 -8.3333333333e-01 0.0000000000e+00 5.0988092247e-09 -6.8649437905e-09
6.2121212121e-01 -8.3333333333e-01 0.0000000000e+00 5.0112386976e-09 -6.8395337409e-09
6.5151515152e-01 -8.3333333333e-01 0.0000000000e+00 4.9239721198e-09 -6.8175356644e-09
6.8181818182e-01 -8.3333333333e-01 0.0000000000e+00 4.8372634405e-09 -6.7992035102e-09
7.1212121212e-01 -8.3333333333e-01 0.0000000000e+00 4.7513332722e-09 -6.7847578910e-09
7.4242424242e-01 -8.3333333333e-01 0.0000000000e+00 4.6663711692e-09 -6.7743883610e-09
7.7272727273e-01 -8.3333333333e-01 0.0000000000e+00 4.5825380591e-09 -6.7682558478e-09
8.0303030303e-01 -8.3333333333e-01 0.0000000000e+00 4.4999687352e-09 -6.7664951445e-09
8.3333333333e-01 -8.3333333333e-01 0.0000000000e+00 4.4187743375e-09 -6.7692173914e-09
8.6363636364e-01 -8.3333333333e-01 0.0000000000e+00 4.3390447673e-09 -6.7765124896e-09
8.9393939394e-01 -8.3333333333e-01 0.0000000000e+00 4.2608509941e-09 -6.7884514088e-09
9.2424242424e-01 -8.3333333333e-01 0.0000000000e+00 4.1842472297e-09 -6.8050883606e-09
9.5454545455e-01 -8.3333333333e-01 0.0000000000e+00 4.1092729503e-09 -6.8264628212e-09
9.8484848485e-01 -8.3333333333e-01 0.0000000000e+00 4.0359547589e-09 -6.8526013937e-09
1.0151515152e+00 -8.3333333333e-01 0.0000000000e+00 3.9643080857e-09 -6.8835195084e-09
1.0454545455e+00 -8.3333333333e-01 0.0000000000e+00 3.8943387277e-09 -6.9192229620e-09
1.0757575758e+00 -8.3333333333e-01 0.0000000000e+00 3.8260442334e-09 -6.9597093033e-09
1.1060606061e+00 -8.3333333333e-01 0.0000000000e+00 3.7594151419e-09 -7.0049690712e-09
1.1363636364e+00 -8.3333333333e-01 0.0000000000e+00 3.6944360828e-09 -7.0549868955e-09
1.1666666667e+00 -8.3333333333e-01 0.0000000000e+00 3.6310867513e-09 -7.1097424711e-09
1.1969696970e+00 -8.3333333333e-01 0.0000000000e+00 3.5693427648e-09 -7.1692114156e-09
1.2272727273e+00 -8.3333333333e-01 0.0000000000e+00 3.5091764147e-09 -7.2333660204e-09
1.2575757576e+00 -8.3333333333e-01 0.0000000000e+00 3.4505573226e-09 -7.3021759071e-09
1.2878787879e+00 -8.3333333333e-01 0.0000000000e+00 3.3934530102e-09 -7.3756085974e-09
1.3181818182e+00 -8.3333333333e-01 0.0000000000e+00 3.3378293928e-09 -7.4536300065e-09
1.3484848485e+00 -8.3333333333e-01 0.0000000000e+00 3.2836512041e-09 -7.5362048683e-09
1.3787878788e+00 -8.3333333333e-01 0.0000000000e+00 3.2308823618e-09 -7.6232971002e-09
1.4090909091e+00 -8.3333333333e-01 0.0000000000e+00 3.1794862783e-09 -7.7148701149e-09
1.4393939394e+00 -8.3333333333e-01 0.0000000000e+00 3.1294261264e-09 -7.8108870850e-09
1.4696969697e+00 -8.3333333333e-01 0.0000000000e+00 3.0806650621e-09 -7.9113111666e-09
1.5000000000e+00 -8.3333333333e-01 0.0000000000e+00 3.0331664131e-09 -8.0161056873e-09
-1.5000000000e+00 -8.0303030303e-01 0.0000000000e+00 3.0591531701e-09 -7.9581757998e-09
-1.4696969697e+00 -8.0303030303e-01 0.0000000000e+00 3.1079062120e-09 -7.8546356719e-09
-1.4393939394e+00 -8.0303030303e-01 0.0000000000e+00 3.1579970329e-09 -7.7555413469e-09
-1.4090909091e+00 -8.0303030303e-01 0.0000000000e+00 3.2094674333e-09 -7.6609346253e-09
-1.3787878788e+00 -8.0303030303e-01 0.0000000000e+00 3.2623597390e-09 -7.5708578329e-09
-1.3484848485e+00 -8.0303030303e-01 0.0000000000e+00 3.3167166322e-09 -7.4853536518e-09
-1.3181818182e+00 -8.0303030303e-01 0.0000000000e+00 3.3725809458e-09 -7.4044649150e-09
-1.2878787879e+00 -8.0303030303e-01 0.0000000000e+00 3.4299954157e-09 -7.3282343583e-09
-1.2575757576e+00 -8.0303030303e-01 0.0000000000e+00 3.4890023838e-09 -7.2567043238e-09
-1.2272727273e+00 -8.0303030303e-01 0.0000000000e+00 3.5496434461e-09 -7.1899164073e-09
-1.1969696970e+00 -8.0303030303e-01 0.0000000000e+00 3.6119590352e-09 -7.1279110415e-09
-1.1666666667e+00 -8.0303030303e-01 0.0000000000e+00 3.6759879305e-09 -7.0707270057e-09
-1.1363636364e+00 -8.0303030303e-01 0.0000000000e+00 3.7417666843e-09 -7.0184008524e-09
-1.1060606061e+00 -8.0303030303e-01 0.0000000000e+00 3.8093289546e-09 -6.9709662393e-09
-1.0757575758e+00 -8.0303030303e-01 0.0000000000e+00 3.8787047296e-09 -6.9284531549e-09
-1.0454545455e+00 -8.0303030303e-01 0.0000000000e+00 3.9499194350e-09 -6.8908870248e-09
-1.0151515152e+00 -8.0303030303e-01 0.0000000000e+00 4.0229929062e-09 -6.8582876843e-09
-9.8484848485e-01 -8.0303030303e-01 0.0000000000e+00 4.0979382149e-09 -6.8306682052e-09
-9.5454545455e-01 -8.0303030303e-01 0.0000000000e+00 4.1747603329e-09 -6.8080335592e-09
-9.2424242424e-01 -8.0303030303e-01 0.0000000000e+00 4.2534546211e-09 -6.7903791074e-09
-8.9393939394e-01 -8.0303030303e-01 0.0000000000e+00 4.3340051291e-09 -6.7776888992e-09
-8.6363636364e-01 -8.0303030303e-01 0.0000000000e+00 4.4163826958e-09 -6.7699337736e-09
-8.3333333333e-01 -8.0303030303e-01 0.0000000000e+00 4.5005428415e-09 -6.7670692508e-09
-8.0303030303e-01 -8.0303030303e-01 0.0000000000e+00 4.5864234495e-09 -6.7690332142e-09
-7.7272727273e-01 -8.0303030303e-01 0.0000000000e+00 4.6739422399e-09 -6.7757433840e-09
-7.4242424242e-01 -8.0303030303e-01 0.0000000000e+00 4.7629940484e-09 -6.7870945956e-09
-7.1212121212e-01 -8.0303030303e-01 0.0000000000e+00 4.8534479324e-09 -6.8029559067e-09
-6.8181818182e-01 -8.0303030303e-01 0.0000000000e+00 4.9451441451e-09 -6.8231675703e-09
-6.5151515152e-01 -8.0303030303e-01 0.0000000000e+00 5.0378910325e-09 -6.8475379325e-09
-6.2121212121e-01 -8.0303030303e-01 0.0000000000e+00 5.1314619321e-09 -6.8758403308e-09
-5.9090909091e-01 -8.0303030303e-01 0.0000000000e+00 5.2255921756e-09 -6.9078100969e-09
-5.6060606061e-01 -8.0303030303e-01 0.0000000000e+00 5.3199763286e-09 -6.9431417962e-09
-5.3030303030e-01 -8.0303030303e-01 0.0000000000e+00 5.4142658245e-09 -6.9814868624e-09
-5.0000000000e-01 -8.0303030303e-01 0.0000000000e+00 5.5080671865e-09 -7.0224518186e-09
-4.6969696970e-01 -8.0303030303e-01 0.0000000000e+00 5.6009410533e-09 -7.0655973034e-09
-4.3939393939e-01 -8.0303030303e-01 0.0000000000e+00 5.6924022481e-09 -7.1104381401e-09
-4.0909090909e-01 -8.0303030303e-01 0.0000000000e+00 5.7819211445e-09 -7.1564447023e-09
-3.7878787879e-01 -8.0303030303e-01 0.0000000000e+00 5.8689265766e-09 -7.2030458241e-09
-3.4848484848e-01 -8.0303030303e-01 0.0000000000e+00 5.9528105217e-09 -7.2496334827e-09
-3.1818181818e-01 -8.0303030303e-01 0.0000000000e+00 6.0329347380e-09 -7.2955694363e-09
-2.8787878788e-01 -8.0303030303e-01 0.0000000000e+00 6.1086394641e-09 -7.3401939238e-09
-2.5757575758e-01 -8.0303030303e-01 0.0000000000e+00 6.1792541893e-09 -7.3828364341e-09
-2.2727272727e-01 -8.0303030303e-01 0.0000000000e+00 6.2441103695e-09 -7.4228284233e-09
-1.9696969697e-01 -8.0303030303e-01 0.0000000000e+00 6.3025558205e-09 -7.4595177072e-09
-1.6666666667e-01 -8.0303030303e-01 0.0000000000e+00 6.3539703541e-09 -7.4922840976e-09
-1.3636363636e-01 -8.0303030303e-01 0.0000000000e+00 6.3977820722e-09 -7.5205556963e-09
-1.0606060606e-01 -8.0303030303e-01 0.0000000000e+00 6.4334835961e-09 -7.5438251247e-09
-7.5757575758e-02 -8.0303030303e-01 0.0000000000e+00 6.4606474201e-09 -7.5616648771e-09
-4.5454545455e-02 -8.0303030303e-01 0.0000000000e+00 6.4789395411e-09 -7.5737409504e-09
-1.5151515152e-02 -8.0303030303e-01 0.0000000000e+00 6.4881305551e-09 -7.5798239405e-09
1.5151515152e-02 -8.0303030303e-01 0.0000000000e+00 6.4881035211e-09 -7.5797969065e-09
4.5454545455e-02 -8.0303030303e-01 0.0000000000e+00 6.4788580777e-09 -7.5736594869e-09
7.5757575758e-02 -8.0303030303e-01 0.0000000000e+00 6.4605105290e-09 -7.5615279860e-09
1.0606060606e-01 -8.0303030303e-01 0.0000000000e+00 6.4332898876e-09 -7.5436314163e-09
1.3636363636e-01 -8.0303030303e-01 0.0000000000e+00 6.3975301291e-09 -7.5203037532e-09
1.6666666667e-01 -8.0303030303e-01 0.0000000000e+00 6.3536591555e-09 -7.4919728990e-09
1.9696969697e-01 -8.0303030303e-01 0.0000000000e+00 6.3021851608e-09 -7.4591470475e-09
2.2727272727e-01 -8.0303030303e-01 0.0000000000e+00 6.2436812088e-09 -7.4223992626e-09
2.5757575758e-01 -8.0303030303e-01 0.0000000000e+00 6.1787688875e-09 -7.3823511323e-09
2.8787878788e-01 -8.0303030303e-01 0.0000000000e+00 6.1081018718e-09 -7.3396563314e-09
3.1818181818e-01 -8.0303030303e-01 0.0000000000e+00 6.0323501381e-09 -7.2949848365e-09
3.4848484848e-01 -8.0303030303e-01 0.0000000000e+00 5.9521854412e-09 -7.2490084022e-09
3.7878787879e-01 -8.0303030303e-01 0.0000000000e+00 5.8682684978e-09 -7.2023877452e-09
4.0909090909e-01 -8.0303030303e-01 0.0000000000e+00 5.7812381577e-09 -7.1557617155e-09
4.3939393939e-01 -8.0303030303e-01 0.0000000000e+00 5.6917026858e-09 -7.1097385778e-09
4.6969696970e-01 -8.0303030303e-01 0.0000000000e+00 5.6002331426e-09 -7.0648893927e-09
5.0000000000e-01 -8.0303030303e-01 0.0000000000e+00 5.5073587462e-09 -7.0217433783e-09
5.3030303030e-01 -8.0303030303e-01 0.0000000000e+00 5.4135640241e-09 -6.9807850620e-09
5.6060606061e-01 -8.0303030303e-01 0.0000000000e+00 5.3192875171e-09 -6.9424529848e-09
5.9090909091e-01 -8.0303030303e-01 0.0000000000e+00 5.2249217784e-09 -6.9071396996e-09
6.2121212121e-01 -8.0303030303e-01 0.0000000000e+00 5.1308144091e-09 -6.8751928077e-09
6.5151515152e-01 -8.0303030303e-01 0.0000000000e+00 5.0372698883e-09 -6.8469167883e-09
6.8181818182e-01 -8.0303030303e-01 0.0000000000e+00 4.9445519779e-09 -6.8225754031e-09
7.1212121212e-01 -8.0303030303e-01 0.0000000000e+00 4.8528865114e-09 -6.8023944857e-09
7.4242424242e-01 -8.0303030303e-01 0.0000000000e+00 4.7624644075e-09 -6.7865649548e-09
7.7272727273e-01 -8.0303030303e-01 0.0000000000e+00 4.6734447802e-09 -6.7752459242e-09
8.0303030303e-01 -8.0303030303e-01 0.0000000000e+00 4.5859580421e-09 -6.7685678069e-09
8.3333333333e-01 -8.0303030303e-01 0.0000000000e+00 4.5001089274e-09 -6.7666353368e-09
8.6363636364e-01 -8.0303030303e-01 0.0000000000e+00 4.4159793774e-09 -6.7695304552e-09
8.9393939394e-01 -8.0303030303e-01 0.0000000000e+00 4.3336312523e-09 -6.7773150224e-09
9.2424242424e-01 -8.0303030303e-01 0.0000000000e+00 4.2531088471e-09 -6.7900333334e-09
9.5454545455e-01 -8.0303030303e-01 0.0000000000e+00 4.1744411994e-09 -6.8077144258e-09
9.8484848485e-01 -8.0303030303e-01 0.0000000000e+00 4.0976441868e-09 -6.8303741771e-09
1.0151515152e+00 -8.0303030303e-01 0.0000000000e+00 4.0227224170e-09 -6.8580171951e-09
1.0454545455e+00 -8.0303030303e-01 0.0000000000e+00 3.9496709197e-09 -6.8906385094e-09
1.0757575758e+00 -8.0303030303e-01 0.0000000000e+00 3.8784766501e-09 -6.9282250755e-09
1.1060606061e+00 -8.0303030303e-01 0.0000000000e+00 3.8091198191e-09 -6.9707571038e-09
1.1363636364e+00 -8.0303030303e-01 0.0000000000e+00 3.7415750611e-09 -7.0182092291e-09
1.1666666667e+00 -8.0303030303e-01 0.0000000000e+00 3.6758124573e-09 -7.0705515325e-09
1.1969696970e+00 -8.0303030303e-01 0.0000000000e+00 3.6117984255e-09 -7.1277504317e-09
1.2272727273e+00 -8.0303030303e-01 0.0000000000e+00 3.5494964919e-09 -7.1897694531e-09
1.2575757576e+00 -8.0303030303e-01 0.0000000000e+00 3.4888679570e-09 -7.2565698970e-09
1.2878787879e+00 -8.0303030303e-01 0.0000000000e+00 3.4298724671e-09 -7.3281114097e-09
1.3181818182e+00 -8.0303030303e-01 0.0000000000e+00 3.3724685034e-09 -7.4043524726e-09
1.3484848485e+00 -8.0303030303e-01 0.0000000000e+00 3.3166137980e-09 -7.4852508176e-09
1.3787878788e+00 -8.0303030303e-01 0.0000000000e+00 3.2622656858e-09 -7.5707637797e-09
1.4090909091e+00 -8.0303030303e-01 0.0000000000e+00 3.2093814009e-09 -7.6608485929e-09
1.4393939394e+00 -8.0303030303e-01 0.0000000000e+00 3.1579183238e-09 -7.7554626378e-09
1.4696969697e+00 -8.0303030303e-01 0.0000000000e+00 3.1078341874e-09 -7.8545636473e-09
1.5000000000e+00 -8.0303030303e-01 0.0000000000e+00 3.0590872458e-09 -7.9581098755e-09
-1.5000000000e+00 -7.7272727273e-01 0.0000000000e+00 3.0847532579e-09 -7.9029672669e-09
-1.4696969697e+00 -7.7272727273e-01 0.0000000000e+00 3.1347611566e-09 -7.8006819959e-09
-1.4393939394e+00 -7.7272727273e-01 0.0000000000e+00 3.1861838801e-09 -7.7029195734e-09
-1.4090909091e+00 -7.7272727273e-01 0.0000000000e+00 3.2390686468e-09 -7.6097272181e-09
-1.3787878788e+00 -7.7272727273e-01 0.0000000000e+00 3.2934635973e-09 -7.5211530705e-09
-1.3484848485e+00 -7.7272727273e-01 0.0000000000e+00 3.3494176498e-09 -7.4372460487e-09
-1.3181818182e+00 -7.7272727273e-01 0.0000000000e+00 3.4069803197e-09 -7.3580556682e-09
-1.2878787879e+00 -7.7272727273e-01 0.0000000000e+00 3.4662014959e-09 -7.2836318179e-09
-1.2575757576e+00 -7.7272727273e-01 0.0000000000e+00 3.5271311683e-09 -7.2140244876e-09
-1.2272727273e+00 -7.7272727273e-01 0.0000000000e+00 3.5898190966e-09 -7.1492834371e-09
-1.1969696970e+00 -7.7272727273e-01 0.0000000000e+00 3.6543144126e-09 -7.0894577982e-09
-1.1666666667e+00 -7.7272727273e-01 0.0000000000e+00 3.7206651452e-09 -7.0345955997e-09
-1.1363636364e+00 -7.7272727273e-01 0.0000000000e+00 3.7889176562e-09 -6.9847432036e-09
-1.1060606061e+00 -7.7272727273e-01 0.0000000000e+00 3.8591159747e-09 -6.9399446388e-09
-1.0757575758e+00 -7.7272727273e-01 0.0000000000e+00 3.9313010147e-09 -6.9002408194e-09
-1.0454545455e+00 -7.7272727273e-01 0.0000000000e+00 4.0055096612e-09 -6.8656686303e-09
-1.0151515152e+00 -7.7272727273e-01 0.0000000000e+00 4.0817737069e-09 -6.8362598642e-09
-9.8484848485e-01 -7.7272727273e-01 0.0000000000e+00 4.1601186216e-09 -6.8120399912e-09
-9.5454545455e-01 -7.7272727273e-01 0.0000000000e+00 4.2405621360e-09 -6.7930267416e-09
-9.2424242424e-01 -7.7272727273e-01 0.0000000000e+00 4.3231126183e-09 -6.7792284839e-09
-8.9393939394e-01 -7.7272727273e-01 0.0000000000e+00 4.4077672267e-09 -6.7706423761e-09
-8.6363636364e-01 -7.7272727273e-01 0.0000000000e+00 4.4945098179e-09 -6.7672522750e-09
-8.3333333333e-01 -7.7272727273e-01 0.0000000000e+00 4.5833085969e-09 -6.7690263855e-09
-8.0303030303e-01 -7.7272727273e-01 0.0000000000e+00 4.6741134955e-09 -6.7759146396e-09
-7.7272727273e-01 -7.7272727273e-01 0.0000000000e+00 4.7668532755e-09 -6.7878457989e-09
-7.4242424242e-01 -7.7272727273e-01 0.0000000000e+00 4.8614323589e-09 -6.8047242855e-09
-7.1212121212e-01 -7.7272727273e-01 0.0000000000e+00 4.9577274020e-09 -6.8264267556e-09
-6.8181818182e-01 -7.7272727273e-01 0.0000000000e+00 5.0555836459e-09 -6.8527984504e-09
-6.5151515152e-01 -7.7272727273e-01 0.0000000000e+00 5.1548110954e-09 -6.8836493747e-09
-6.2121212121e-01 -7.7272727273e-01 0.0000000000e+00 5.2551806069e-09 -6.9187503849e-09
-5.9090909091e-01 -7.7272727273e-01 0.0000000000e+00 5.3564199941e-09 -6.9578292946e-09
-5.6060606061e-01 -7.7272727273e-01 0.0000000000e+00 5.4582102971e-09 -7.0005671441e-09
-5.3030303030e-01 -7.7272727273e-01 0.0000000000e+00 5.5601824015e-09 -7.0465948187e-09
-5.0000000000e-01 -7.7272727273e-01 0.0000000000e+00 5.6619142337e-09 -7.0954902451e-09
-4.6969696970e-01 -7.7272727273e-01 0.0000000000e+00 5.7629288024e-09 -7.1467764319e-09
-4.3939393939e-01 -7.7272727273e-01 0.0000000000e+00 5.8626933918e-09 -7.1999206632e-09
-4.0909090909e-01 -7.7272727273e-01 0.0000000000e+00 5.9606202380e-09 -7.2543351751e-09
-3.7878787879e-01 -7.7272727273e-01 0.0000000000e+00 6.0560690322e-09 -7.3093796589e-09
-3.4848484848e-01 -7.7272727273e-01 0.0000000000e+00 6.1483515795e-09 -7.3643659197e-09
-3.1818181818e-01 -7.7272727273e-01 0.0000000000e+00 6.2367388947e-09 -7.4185649724e-09
-2.8787878788e-01 -7.7272727273e-01 0.0000000000e+00 6.3204709382e-09 -7.4712167772e-09
-2.5757575758e-01 -7.7272727273e-01 0.0000000000e+00 6.3987690661e-09 -7.5215426902e-09
-2.2727272727e-01 -7.7272727273e-01 0.0000000000e+00 6.4708511075e-09 -7.5687605406e-09
-1.9696969697e-01 -7.7272727273e-01 0.0000000000e+00 6.5359487809e-09 -7.6121020469e-09
-1.6666666667e-01 -7.7272727273e-01 0.0000000000e+00 6.5933269387e-09 -7.6508320614e-09
-1.3636363636e-01 -7.7272727273e-01 0.0000000000e+00 6.6423039100e-09 -7.6842689134e-09
-1.0606060606e-01 -7.7272727273e-01 0.0000000000e+00 6.6822720092e-09 -7.7118049171e-09
-7.5757575758e-02 -7.7272727273e-01 0.0000000000e+00 6.7127171322e-09 -7.7329259685e-09
-4.5454545455e-02 -7.7272727273e-01 0.0000000000e+00 6.7332362983e-09 -7.7472290869e-09
-1.5151515152e-02 -7.7272727273e-01 0.0000000000e+00 6.7435520252e-09 -7.7544367899e-09
1.5151515152e-02 -7.7272727273e-01 0.0000000000e+00 6.7435225697e-09 -7.7544073343e-09
4.5454545455e-02 -7.7272727273e-01 0.0000000000e+00 6.7331473121e-09 -7.7471401007e-09
7.5757575758e-02 -7.7272727273e-01 0.0000000000e+00 6.7125668886e-09 -7.7327757249e-09
1.0606060606e-01 -7.7272727273e-01 0.0000000000e+00 6.6820580484e-09 -7.7115909563e-09
1.3636363636e-01 -7.7272727273e-01 0.0000000000e+00 6.6420235921e-09 -7.6839885955e-09
1.6666666667e-01 -7.7272727273e-01 0.0000000000e+00 6.5929780848e-09 -7.6504832076e-09
1.9696969697e-01 -7.7272727273e-01 0.0000000000e+00 6.5355303007e-09 -7.6116835667e-09
2.2727272727e-01 -7.7272727273e-01 0.0000000000e+00 6.4703635167e-09 -7.5682729498e-09
2.5757575758e-01 -7.7272727273e-01 0.0000000000e+00 6.3982148234e-09 -7.5209884475e-09
2.8787878788e-01 -7.7272727273e-01 0.0000000000e+00 6.3198545634e-09 -7.4706004023e-09
3.1818181818e-01 -7.7272727273e-01 0.0000000000e+00 6.2360668669e-09 -7.4178929446e-09
3.4848484848e-01 -7.7272727273e-01 0.0000000000e+00 6.1476320472e-09 -7.3636463875e-09
3.7878787879e-01 -7.7272727273e-01 0.0000000000e+00 6.0553113875e-09 -7.3086220143e-09
4.0909090909e-01 -7.7272727273e-01 0.0000000000e+00 5.9598346183e-09 -7.2535495554e-09
4.3939393939e-01 -7.7272727273e-01 0.0000000000e+00 5.8618901702e-09 -7.1991174416e-09
4.6969696970e-01 -7.7272727273e-01 0.0000000000e+00 5.7621181179e-09 -7.1459657473e-09
5.0000000000e-01 -7.7272727273e-01 0.0000000000e+00 5.6611055965e-09 -7.0946816079e-09
5.3030303030e-01 -7.7272727273e-01 0.0000000000e+00 5.5593843945e-09 -7.0457968118e-09
5.6060606061e-01 -7.7272727273e-01 0.0000000000e+00 5.4574303771e-09 -6.9997872240e-09
5.9090909091e-01 -7.7272727273e-01 0.0000000000e+00 5.3556643880e-09 -6.9570736885e-09
6.2121212121e-01 -7.7272727273e-01 0.0000000000e+00 5.2544542896e-09 -6.9180240676e-09
6.5151515152e-01 -7.7272727273e-01 0.0000000000e+00 5.1541178320e-09 -6.8829561113e-09
6.8181818182e-01 -7.7272727273e-01 0.0000000000e+00 5.0549260809e-09 -6.8521408854e-09
7.1212121212e-01 -7.7272727273e-01 0.0000000000e+00 4.9571071780e-09 -6.8258065316e-09
7.4242424242e-01 -7.7272727273e-01 0.0000000000e+00 4.8608502516e-09 -6.8041421781e-09
7.7272727273e-01 -7.7272727273e-01 0.0000000000e+00 4.7663093334e-09 -6.7873018568e-09
8.0303030303e-01 -7.7272727273e-01 0.0000000000e+00 4.6736071754e-09 -6.7754083195e-09
8.3333333333e-01 -7.7272727273e-01 0.0000000000e+00 4.5828388900e-09 -6.7685566787e-09
8.6363636364e-01 -7.7272727273e-01 0.0000000000e+00 4.4940753635e-09 -6.7668178206e-09
8.9393939394e-01 -7.7272727273e-01 0.0000000000e+00 4.4073664106e-09 -6.7702415600e-09
9.2424242424e-01 -7.7272727273e-01 0.0000000000e+00 4.3227436566e-09 -6.7788595222e-09
9.5454545455e-01 -7.7272727273e-01 0.0000000000e+00 4.2402231449e-09 -6.7926877505e-09
9.8484848485e-01 -7.7272727273e-01 0.0000000000e+00 4.1598076731e-09 -6.8117290427e-09
1.0151515152e+00 -7.7272727273e-01 0.0000000000e+00 4.0814888735e-09 -6.8359750309e-09
1.0454545455e+00 -7.7272727273e-01 0.0000000000e+00 4.0052490499e-09 -6.8654080190e-09
1.0757575758e+00 -7.7272727273e-01 0.0000000000e+00 3.9310627921e-09 -6.9000025967e-09
1.1060606061e+00 -7.7272727273e-01 0.0000000000e+00 3.8588983851e-09 -6.9397270492e-09
1.1363636364e+00 -7.7272727273e-01 0.0000000000e+00 3.7887190340e-09 -6.9845445814e-09
1.1666666667e+00 -7.7272727273e-01 0.0000000000e+00 3.7204839220e-09 -7.0344143765e-09
1.1969696970e+00 -7.7272727273e-01 0.0000000000e+00 3.6541491210e-09 -7.0892925066e-09
1.2272727273e+00 -7.7272727273e-01 0.0000000000e+00 3.5896683708e-09 -7.1491327113e-09
1.2575757576e+00 -7.7272727273e-01 0.0000000000e+00 3.5269937429e-09 -7.2138870622e-09
1.2878787879e+00 -7.7272727273e-01 0.0000000000e+00 3.4660762028e-09 -7.2835065248e-09
1.3181818182e+00 -7.7272727273e-01 0.0000000000e+00 3.4068660841e-09 -7.3579414326e-09
1.3484848485e+00 -7.7272727273e-01 0.0000000000e+00 3.3493134856e-09 -7.4371418844e-09
1.3787878788e+00 -7.7272727273e-01 0.0000000000e+00 3.2933686013e-09 -7.5210580744e-09
1.4090909091e+00 -7.7272727273e-01 0.0000000000e+00 3.2389819938e-09 -7.6096405651e-09
1.4393939394e+00 -7.7272727273e-01 0.0000000000e+00 3.1861048172e-09 -7.7028405105e-09
1.4696969697e+00 -7.7272727273e-01 0.0000000000e+00 3.1346889978e-09 -7.8006098371e-09
1.5000000000e+00 -7.7272727273e-01 0.0000000000e+00 3.0846873787e-09 -7.9029013877e-09
-1.5000000000e+00 -7.4242424242e-01 0.0000000000e+00 3.1099852316e-09 -7.8504986438e-09
-1.4696969697e+00 -7.4242424242e-01 0.0000000000e+00 3.1612513751e-09 -7.7494716175e-09
-1.4393939394e+00 -7.4242424242e-01 0.0000000000e+00 3.2140114417e-09 -7.6530465382e-09
-1.4090909091e+00 -7.4242424242e-01 0.0000000000e+00 3.2683184028e-09 -7.5612763773e-09
-1.3787878788e+00 -7.4242424242e-01 0.0000000000e+00 3.3242265963e-09 -7.4742154726e-09
-1.3484848485e+00 -7.4242424242e-01 0.0000000000e+00 3.3817916133e-09 -7.3919194154e-09
-1.3181818182e+00 -7.4242424242e-01 0.0000000000e+00 3.4410701503e-09 -7.3144449019e-09
-1.2878787879e+00 -7.4242424242e-01 0.0000000000e+00 3.5021198181e-09 -7.2418495432e-09
-1.2575757576e+00 -7.4242424242e-01 0.0000000000e+00 3.5649989020e-09 -7.1741916244e-09
-1.2272727273e+00 -7.4242424242e-01 0.0000000000e+00 3.6297660628e-09 -7.1115298065e-09
-1.1969696970e+00 -7.4242424242e-01 0.0000000000e+00 3.6964799696e-09 -7.0539227584e-09
-1.1666666667e+00 -7.4242424242e-01 0.0000000000e+00 3.7651988522e-09 -7.0014287099e-09
-1.1363636364e+00 -7.4242424242e-01 0.0000000000e+00 3.8359799604e-09 -6.9541049109e-09
-1.1060606061e+00 -7.4242424242e-01 0.0000000000e+00 3.9088789147e-09 -6.9120069819e-09
-1.0757575758e+00 -7.4242424242e-01 0.0000000000e+00 3.9839489329e-09 -6.8751881407e-09
-1.0454545455e+00 -7.4242424242e-01 0.0000000000e+00 4.0612399121e-09 -6.8436982843e-09
-1.0151515152e+00 -7.4242424242e-01 0.0000000000e+00 4.1407973461e-09 -6.8175829067e-09
-9.8484848485e-01 -7.4242424242e-01 0.0000000000e+00 4.2226610569e-09 -6.7968818296e-09
-9.5454545455e-01 -7.4242424242e-01 0.0000000000e+00 4.3068637130e-09 -6.7816277218e-09
-9.2424242424e-01 -7.4242424242e-01 0.0000000000e+00 4.3934291111e-09 -6.7718443799e-09
-8.9393939394e-01 -7.4242424242e-01 0.0000000000e+00 4.4823701934e-09 -6.7675447460e-09
-8.6363636364e-01 -7.4242424242e-01 0.0000000000e+00 4.5736867730e-09 -6.7687286332e-09
-8.3333333333e-01 -7.4242424242e-01 0.0000000000e+00 4.6673629433e-09 -6.7753801352e-09
-8.0303030303e-01 -7.4242424242e-01 0.0000000000e+00 4.7633641482e-09 -6.7874646954e-09
-7.7272727273e-01 -7.4242424242e-01 0.0000000000e+00 4.8616338949e-09 -6.8049258215e-09
-7.4242424242e-01 -7.4242424242e-01 0.0000000000e+00 4.9620901032e-09 -6.8276814329e-09
-7.1212121212e-01 -7.4242424242e-01 0.0000000000e+00 5.0646210925e-09 -6.8556198493e-09
-6.8181818182e-01 -7.4242424242e-01 0.0000000000e+00 5.1690812297e-09 -6.8885954374e-09
-6.5151515152e-01 -7.4242424242e-01 0.0000000000e+00 5.2752862814e-09 -6.9264239639e-09
-6.2121212121e-01 -7.4242424242e-01 0.0000000000e+00 5.3830085460e-09 -6.9688777271e-09
-5.9090909091e-01 -7.4242424242e-01 0.0000000000e+00 5.4919718759e-09 -7.0156805796e-09
-5.6060606061e-01 -7.4242424242e-01 0.0000000000e+00 5.6018467487e-09 -7.0665029989e-09
-5.3030303030e-01 -7.4242424242e-01 0.0000000000e+00 5.7122455949e-09 -7.1209574153e-09
-5.0000000000e-01 -7.4242424242e-01 0.0000000000e+00 5.8227186488e-09 -7.1785940634e-09
-4.6969696970e-01 -7.4242424242e-01 0.0000000000e+00 5.9327506508e-09 -7.2388976834e-09
-4.3939393939e-01 -7.4242424242e-01 0.0000000000e+00 6.0417587832e-09 -7.3012854577e-09
-4.0909090909e-01 -7.4242424242e-01 0.0000000000e+00 6.1490922756e-09 -7.3651066159e-09
-3.7878787879e-01 -7.4242424242e-01 0.0000000000e+00 6.2540341415e-09 -7.4296441714e-09
-3.4848484848e-01 -7.4242424242e-01 0.0000000000e+00 6.3558055133e-09 -7.4941192567e-09
-3.1818181818e-01 -7.4242424242e-01 0.0000000000e+00 6.4535730038e-09 -7.5576984847e-09
-2.8787878788e-01 -7.4242424242e-01 0.0000000000e+00 6.5464594331e-09 -7.6195046752e-09
-2.5757575758e-01 -7.4242424242e-01 0.0000000000e+00 6.6335581128e-09 -7.6786311401e-09
-2.2727272727e-01 -7.4242424242e-01 0.0000000000e+00 6.7139506719e-09 -7.7341595082e-09
-1.9696969697e-01 -7.4242424242e-01 0.0000000000e+00 6.7867281406e-09 -7.7851808097e-09
-1.6666666667e-01 -7.4242424242e-01 0.0000000000e+00 6.8510147067e-09 -7.8308192326e-09
-1.3636363636e-01 -7.4242424242e-01 0.0000000000e+00 6.9059932360e-09 -7.8702576426e-09
-1.0606060606e-01 -7.4242424242e-01 0.0000000000e+00 6.9509313531e-09 -7.9027636642e-09
-7.5757575758e-02 -7.4242424242e-01 0.0000000000e+00 6.9852066455e-09 -7.9277148850e-09
-4.5454545455e-02 -7.4242424242e-01 0.0000000000e+00 7.0083294350e-09 -7.9446216267e-09
-1.5151515152e-02 -7.4242424242e-01 0.0000000000e+00 7.0199615760e-09 -7.9531457438e-09
1.5151515152e-02 -7.4242424242e-01 0.0000000000e+00 7.0199299256e-09 -7.9531140935e-09
4.5454545455e-02 -7.4242424242e-01 0.0000000000e+00 7.0082334620e-09 -7.9445256537e-09
7.5757575758e-02 -7.4242424242e-01 0.0000000000e+00 6.9850434871e-09 -7.9275517266e-09
1.0606060606e-01 -7.4242424242e-01 0.0000000000e+00 6.9506968797e-09 -7.9025291908e-09
1.3636363636e-01 -7.4242424242e-01 0.0000000000e+00 6.9056828972e-09 -7.8699473038e-09
1.6666666667e-01 -7.4242424242e-01 0.0000000000e+00 6.8506245059e-09 -7.8304290319e-09
1.9696969697e-01 -7.4242424242e-01 0.0000000000e+00 6.7862555794e-09 -7.7847082485e-09
2.2727272727e-01 -7.4242424242e-01 0.0000000000e+00 6.7133955151e-09 -7.7336043514e-09
2.5757575758e-01 -7.4242424242e-01 0.0000000000e+00 6.6329228698e-09 -7.6779958971e-09
2.8787878788e-01 -7.4242424242e-01 0.0000000000e+00 6.5457495023e-09 -7.6187947445e-09
3.1818181818e-01 -7.4242424242e-01 0.0000000000e+00 6.4527964900e-09 -7.5569219708e-09
3.4848484848e-01 -7.4242424242e-01 0.0000000000e+00 6.3549727725e-09 -7.4932865160e-09
3.7878787879e-01 -7.4242424242e-01 0.0000000000e+00 6.2531571442e-09 -7.4287671741e-09
4.0909090909e-01 -7.4242424242e-01 0.0000000000e+00 6.1481838851e-09 -7.3641982254e-09
4.3939393939e-01 -7.4242424242e-01 0.0000000000e+00 6.0408320416e-09 -7.3003587161e-09
4.6969696970e-01 -7.4242424242e-01 0.0000000000e+00 5.9318181442e-09 -7.2379651768e-09
5.0000000000e-01 -7.4242424242e-01 0.0000000000e+00 5.8217919973e-09 -7.1776674118e-09
5.3030303030e-01 -7.4242424242e-01 0.0000000000e+00 5.7113350875e-09 -7.1200469079e-09
5.6060606061e-01 -7.4242424242e-01 0.0000000000e+00 5.6009611244e-09 -7.0656173746e-09
5.9090909091e-01 -7.4242424242e-01 0.0000000000e+00 5.4911182337e-09 -7.0148269374e-09
6.2121212121e-01 -7.4242424242e-01 0.0000000000e+00 5.3821923615e-09 -6.9680615427e-09
6.5151515152e-01 -7.4242424242e-01 0.0000000000e+00 5.2745115024e-09 -6.9256491849e-09
6.8181818182e-01 -7.4242424242e-01 0.0000000000e+00 5.1683504243e-09 -6.8878646320e-09
7.1212121212e-01 -7.4242424242e-01 0.0000000000e+00 5.0639356279e-09 -6.8549343847e-09
7.4242424242e-01 -7.4242424242e-01 0.0000000000e+00 4.9614503354e-09 -6.8270416651e-09
7.7272727273e-01 -7.4242424242e-01 0.0000000000e+00 4.8610393563e-09 -6.8043312828e-09
8.0303030303e-01 -7.4242424242e-01 0.0000000000e+00 4.7628137232e-09 -6.7869142705e-09
8.3333333333e-01 -7.4242424242e-01 0.0000000000e+00 4.6668550271e-09 -6.7748722189e-09
8.6363636364e-01 -7.4242424242e-01 0.0000000000e+00 4.5732194086e-09 -6.7682612689e-09
8.9393939394e-01 -7.4242424242e-01 0.0000000000e+00 4.4819411891e-09 -6.7671157417e-09
9.2424242424e-01 -7.4242424242e-01 0.0000000000e+00 4.3930361359e-09 -6.7714514047e-09
9.5454545455e-01 -7.4242424242e-01 0.0000000000e+00 4.3065043741e-09 -6.7812683830e-09
9.8484848485e-01 -7.4242424242e-01 0.0000000000e+00 4.2223329603e-09 -6.7965537331e-09
1.0151515152e+00 -7.4242424242e-01 0.0000000000e+00 4.1404981423e-09 -6.8172837029e-09
1.0454545455e+00 -7.4242424242e-01 0.0000000000e+00 4.0609673297e-09 -6.8434257019e-09
1.0757575758e+00 -7.4242424242e-01 0.0000000000e+00 3.9837008026e-09 -6.8749400104e-09
1.1060606061e+00 -7.4242424242e-01 0.0000000000e+00 3.9086531844e-09 -6.9117812516e-09
1.1363636364e+00 -7.4242424242e-01 0.0000000000e+00 3.8357747046e-09 -6.9538996552e-09
1.1666666667e+00 -7.4242424242e-01 0.0000000000e+00 3.7650122762e-09 -7.0012421339e-09
1.1969696970e+00 -7.4242424242e-01 0.0000000000e+00 3.6963104093e-09 -7.0537531981e-09
1.2272727273e+00 -7.4242424242e-01 0.0000000000e+00 3.6296119827e-09 -7.1113757264e-09
1.2575757576e+00 -7.4242424242e-01 0.0000000000e+00 3.5648588905e-09 -7.1740516130e-09
1.2878787879e+00 -7.4242424242e-01 0.0000000000e+00 3.5019925818e-09 -7.2417223070e-09
1.3181818182e+00 -7.4242424242e-01 0.0000000000e+00 3.4409545073e-09 -7.3143292590e-09
1.3484848485e+00 -7.4242424242e-01 0.0000000000e+00 3.3816864860e-09 -7.3918142880e-09
1.3787878788e+00 -7.4242424242e-01 0.0000000000e+00 3.3241310038e-09 -7.4741198801e-09
1.4090909091e+00 -7.4242424242e-01 0.0000000000e+00 3.2682314541e-09 -7.5611894286e-09
1.4393939394e+00 -7.4242424242e-01 0.0000000000e+00 3.2139323280e-09 -7.6529674245e-09
1.4696969697e+00 -7.4242424242e-01 0.0000000000e+00 3.1611793633e-09 -7.7493996057e-09
1.5000000000e+00 -7.4242424242e-01 0.0000000000e+00 3.1099196577e-09 -7.8504330699e-09
-1.5000000000e+00 -7.1212121212e-01 0.0000000000e+00 3.1348002130e-09 -7.8007210523e-09
-1.4696969697e+00 -7.1212121212e-01 0.0000000000e+00 3.1873247583e-09 -7.7009524278e-09
-1.4393939394e+00 -7.1212121212e-01 0.0000000000e+00 3.2414241710e-09 -7.6058666946e-09
-1.4090909091e+00 -7.1212121212e-01 0.0000000000e+00 3.2971575028e-09 -7.5155229044e-09
-1.3787878788e+00 -7.1212121212e-01 0.0000000000e+00 3.3545856655e-09 -7.4299819689e-09
-1.3484848485e+00 -7.1212121212e-01 0.0000000000e+00 3.4137713566e-09 -7.3493065857e-09
-1.3181818182e+00 -7.1212121212e-01 0.0000000000e+00 3.4747789513e-09 -7.2735611300e-09
-1.2878787879e+00 -7.1212121212e-01 0.0000000000e+00 3.5376743541e-09 -7.2028115063e-09
-1.2575757576e+00 -7.1212121212e-01 0.0000000000e+00 3.6025248014e-09 -7.1371249509e-09
-1.2272727273e+00 -7.1212121212e-01 0.0000000000e+00 3.6693986068e-09 -7.0765697775e-09
-1.1969696970e+00 -7.1212121212e-01 0.0000000000e+00 3.7383648372e-09 -7.0212150529e-09
-1.1666666667e+00 -7.1212121212e-01 0.0000000000e+00 3.8094929076e-09 -6.9711301923e-09
-1.1363636364e+00 -7.1212121212e-01 0.0000000000e+00 3.8828520798e-09 -6.9263844574e-09
-1.1060606061e+00 -7.1212121212e-01 0.0000000000e+00 3.9585108484e-09 -6.8870463427e-09
-1.0757575758e+00 -7.1212121212e-01 0.0000000000e+00 4.0365361943e-09 -6.8531828291e-09
-1.0454545455e+00 -7.1212121212e-01 0.0000000000e+00 4.1169926848e-09 -6.8248584841e-09
-1.0151515152e+00 -7.1212121212e-01 0.0000000000e+00 4.1999413951e-09 -6.8021343828e-09
-9.8484848485e-01 -7.1212121212e-01 0.0000000000e+00 4.2854386233e-09 -6.7850668231e-09
-9.5454545455e-01 -7.1212121212e-01 0.0000000000e+00 4.3735343693e-09 -6.7737058052e-09
-9.2424242424e-01 -7.1212121212e-01 0.0000000000e+00 4.4642705444e-09 -6.7680932402e-09
-8.9393939394e-01 -7.1212121212e-01 0.0000000000e+00 4.5576788749e-09 -6.7682608545e-09
-8.6363636364e-01 -7.1212121212e-01 0.0000000000e+00 4.6537784647e-09 -6.7742277520e-09
-8.3333333333e-01 -7.1212121212e-01 0.0000000000e+00 4.7525729766e-09 -6.7859975955e-09
-8.0303030303e-01 -7.1212121212e-01 0.0000000000e+00 4.8540473993e-09 -6.8035553736e-09
-7.7272727273e-01 -7.1212121212e-01 0.0000000000e+00 4.9581643637e-09 -6.8268637173e-09
-7.4242424242e-01 -7.1212121212e-01 0.0000000000e+00 5.0648599868e-09 -6.8558587435e-09
-7.1212121212e-01 -7.1212121212e-01 0.0000000000e+00 5.1740392264e-09 -6.8904454102e-09
-6.8181818182e-01 -7.1212121212e-01 0.0000000000e+00 5.2855707524e-09 -6.9304923871e-09
-6.5151515152e-01 -7.1212121212e-01 0.0000000000e+00 5.3992813615e-09 -6.9758264711e-09
-6.2121212121e-01 -7.1212121212e-01 0.0000000000e+00 5.5149499993e-09 -7.0262266075e-09
-5.9090909091e-01 -7.1212121212e-01 0.0000000000e+00 5.6323014941e-09 -7.0814176249e-09
-5.6060606061e-01 -7.1212121212e-01 0.0000000000e+00 5.7510001646e-09 -7.1410638418e-09
-5.3030303030e-01 -7.1212121212e-01 0.0000000000e+00 5.8706435282e-09 -7.2047627756e-09
-5.0000000000e-01 -7.1212121212e-01 0.0000000000e+00 5.9907564150e-09 -7.2720392566e-09
-4.6969696970e-01 -7.1212121212e-01 0.0000000000e+00 6.1107858762e-09 -7.3423403358e-09
-4.3939393939e-01 -7.1212121212e-01 0.0000000000e+00 6.2300973622e-09 -7.4150314638e-09
-4.0909090909e-01 -7.1212121212e-01 0.0000000000e+00 6.3479727284e-09 -7.4893944958e-09
-3.7878787879e-01 -7.1212121212e-01 0.0000000000e+00 6.4636106870e-09 -7.5646281440e-09
-3.4848484848e-01 -7.1212121212e-01 0.0000000000e+00 6.5761303563e-09 -7.6398515268e-09
-3.1818181818e-01 -7.1212121212e-01 0.0000000000e+00 6.6845785388e-09 -7.7141114467e-09
-2.8787878788e-01 -7.1212121212e-01 0.0000000000e+00 6.7879412736e-09 -7.7863939428e-09
-2.5757575758e-01 -7.1212121212e-01 0.0000000000e+00 6.8851600396e-09 -7.8556404939e-09
-2.2727272727e-01 -7.1212121212e-01 0.0000000000e+00 6.9751527278e-09 -7.9207689912e-09
-1.9696969697e-01 -7.1212121212e-01 0.0000000000e+00 7.0568391506e-09 -7.9806992468e-09
-1.6666666667e-01 -7.1212121212e-01 0.0000000000e+00 7.1291704360e-09 -8.0343823890e-09
-1.3636363636e-01 -7.1212121212e-01 0.0000000000e+00 7.1911611957e-09 -8.0808330293e-09
-1.0606060606e-01 -7.1212121212e-01 0.0000000000e+00 7.2419229076e-09 -8.1191626458e-09
-7.5757575758e-02 -7.1212121212e-01 0.0000000000e+00 7.2806965942e-09 -8.1486122607e-09
-4.5454545455e-02 -7.1212121212e-01 0.0000000000e+00 7.3068826523e-09 -8.1685822711e-09
-1.5151515152e-02 -7.1212121212e-01 0.0000000000e+00 7.3200656856e-09 -8.1786572805e-09
1.5151515152e-02 -7.1212121212e-01 0.0000000000e+00 7.3200324119e-09 -8.1786240068e-09
4.5454545455e-02 -7.1212121212e-01 0.0000000000e+00 7.3067811822e-09 -8.1684808010e-09
7.5757575758e-02 -7.1212121212e-01 0.0000000000e+00 7.2805222945e-09 -8.1484379610e-09
1.0606060606e-01 -7.1212121212e-01 0.0000000000e+00 7.2416690483e-09 -8.1189087865e-09
1.3636363636e-01 -7.1212121212e-01 0.0000000000e+00 7.1908202531e-09 -8.0804920867e-09
1.6666666667e-01 -7.1212121212e-01 0.0000000000e+00 7.1287355849e-09 -8.0339475379e-09
1.9696969697e-01 -7.1212121212e-01 0.0000000000e+00 7.0563056917e-09 -7.9801657880e-09
2.2727272727e-01 -7.1212121212e-01 0.0000000000e+00 6.9745192236e-09 -7.9201354869e-09
2.5757575758e-01 -7.1212121212e-01 0.0000000000e+00 6.8844289953e-09 -7.8549094496e-09
2.8787878788e-01 -7.1212121212e-01 0.0000000000e+00 6.7871192975e-09 -7.7855719666e-09
3.1818181818e-01 -7.1212121212e-01 0.0000000000e+00 6.6836760091e-09 -7.7132089170e-09
3.4848484848e-01 -7.1212121212e-01 0.0000000000e+00 6.5751606977e-09 -7.6388818682e-09
3.7878787879e-01 -7.1212121212e-01 0.0000000000e+00 6.4625894046e-09 -7.5636068616e-09
4.0909090909e-01 -7.1212121212e-01 0.0000000000e+00 6.3469163552e-09 -7.4883381226e-09
4.3939393939e-01 -7.1212121212e-01 0.0000000000e+00 6.2290224559e-09 -7.4139565575e-09
4.6969696970e-01 -7.1212121212e-01 0.0000000000e+00 6.1097081637e-09 -7.3412626234e-09
5.0000000000e-01 -7.1212121212e-01 0.0000000000e+00 5.9896901408e-09 -7.2709729824e-09
5.3030303030e-01 -7.1212121212e-01 0.0000000000e+00 5.8696010226e-09 -7.2037202700e-09
5.6060606061e-01 -7.1212121212e-01 0.0000000000e+00 5.7499916199e-09 -7.1400552971e-09
5.9090909091e-01 -7.1212121212e-01 0.0000000000e+00 5.6313349161e-09 -7.0804510468e-09
6.2121212121e-01 -7.1212121212e-01 0.0000000000e+00 5.5140312933e-09 -7.0253079015e-09
6.5151515152e-01 -7.1212121212e-01 0.0000000000e+00 5.3984145123e-09 -6.9749596218e-09
6.8181818182e-01 -7.1212121212e-01 0.0000000000e+00 5.2847580595e-09 -6.9296796942e-09
7.1212121212e-01 -7.1212121212e-01 0.0000000000e+00 5.1732815648e-09 -6.8896877486e-09
7.4242424242e-01 -7.1212121212e-01 0.0000000000e+00 5.0641570692e-09 -6.8551558260e-09
7.7272727273e-01 -7.1212121212e-01 0.0000000000e+00 4.9575149891e-09 -6.8262143427e-09
8.0303030303e-01 -7.1212121212e-01 0.0000000000e+00 4.8534496768e-09 -6.8029576511e-09
8.3333333333e-01 -7.1212121212e-01 0.0000000000e+00 4.7520245212e-09 -6.7854491401e-09
8.6363636364e-01 -7.1212121212e-01 0.0000000000e+00 4.6532765613e-09 -6.7737258486e-09
8.9393939394e-01 -7.1212121212e-01 0.0000000000e+00 4.5572206137e-09 -6.7678025934e-09
9.2424242424e-01 -7.1212121212e-01 0.0000000000e+00 4.4638529282e-09 -6.7676756240e-09
9.5454545455e-01 -7.1212121212e-01 0.0000000000e+00 4.3731543970e-09 -6.7733258328e-09
9.8484848485e-01 -7.1212121212e-01 0.0000000000e+00 4.2850933523e-09 -6.7847215521e-09
1.0151515152e+00 -7.1212121212e-01 0.0000000000e+00 4.1996279870e-09 -6.8018209746e-09
1.0454545455e+00 -7.1212121212e-01 0.0000000000e+00 4.1167084362e-09 -6.8245742355e-09
1.0757575758e+00 -7.1212121212e-01 0.0000000000e+00 4.0362785569e-09 -6.8529251917e-09
1.1060606061e+00 -7.1212121212e-01 0.0000000000e+00 3.9582774403e-09 -6.8868129346e-09
1.1363636364e+00 -7.1212121212e-01 0.0000000000e+00 3.8826406899e-09 -6.9261730674e-09
1.1666666667e+00 -7.1212121212e-01 0.0000000000e+00 3.8093014946e-09 -6.9709387793e-09
1.1969696970e+00 -7.1212121212e-01 0.0000000000e+00 3.7381915259e-09 -7.0210417417e-09
1.2272727273e+00 -7.1212121212e-01 0.0000000000e+00 3.6692416810e-09 -7.0764128518e-09
1.2575757576e+00 -7.1212121212e-01 0.0000000000e+00 3.6023826959e-09 -7.1369828454e-09
1.2878787879e+00 -7.1212121212e-01 0.0000000000e+00 3.5375456447e-09 -7.2026827969e-09
1.3181818182e+00 -7.1212121212e-01 0.0000000000e+00 3.4746623456e-09 -7.2734445243e-09
1.3484848485e+00 -7.1212121212e-01 0.0000000000e+00 3.4136656836e-09 -7.3492009127e-09
1.3787878788e+00 -7.1212121212e-01 0.0000000000e+00 3.3544898660e-09 -7.4298861693e-09
1.4090909091e+00 -7.1212121212e-01 0.0000000000e+00 3.2970706196e-09 -7.5154360212e-09
1.4393939394e+00 -7.1212121212e-01 0.0000000000e+00 3.2413453403e-09 -7.6057878639e-09
1.4696969697e+00 -7.1212121212e-01 0.0000000000e+00 3.1872532010e-09 -7.7008808704e-09
1.5000000000e+00 -7.1212121212e-01 0.0000000000e+00 3.1347352266e-09 -7.8006560659e-09
-1.5000000000e+00 -6.8181818182e-01 0.0000000000e+00 3.1591477573e-09 -7.7535840475e-09
-1.4696969697e+00 -6.8181818182e-01 0.0000000000e+00 3.2129273825e-09 -7.6550705029e-09
-1.4393939394e+00 -6.8181818182e-01 0.0000000000e+00 3.2683644235e-09 -7.5613223980e-09
-1.4090909091e+00 -6.8181818182e-01 0.0000000000e+00 3.3255243276e-09 -7.4724051800e-09
-1.3787878788e+00 -6.8181818182e-01 0.0000000000e+00 3.3844749462e-09 -7.3883867005e-09
-1.3484848485e+00 -6.8181818182e-01 0.0000000000e+00 3.4452865067e-09 -7.3093371868e-09
-1.3181818182e+00 -6.8181818182e-01 0.0000000000e+00 3.5080315537e-09 -7.2353291833e-09
-1.2878787879e+00 -6.8181818182e-01 0.0000000000e+00 3.5727848523e-09 -7.1664374554e-09
-1.2575757576e+00 -6.8181818182e-01 0.0000000000e+00 3.6396232459e-09 -7.1027388463e-09
-1.2272727273e+00 -6.8181818182e-01 0.0000000000e+00 3.7086254580e-09 -7.0443120796e-09
-1.1969696970e+00 -6.8181818182e-01 0.0000000000e+00 3.7798718270e-09 -6.9912374937e-09
-1.1666666667e+00 -6.8181818182e-01 0.0000000000e+00 3.8534439599e-09 -6.9435966956e-09
-1.1363636364e+00 -6.8181818182e-01 0.0000000000e+00 3.9294242900e-09 -6.9014721185e-09
-1.1060606061e+00 -6.8181818182e-01 0.0000000000e+00 4.0078955183e-09 -6.8649464635e-09
-1.0757575758e+00 -6.8181818182e-01 0.0000000000e+00 4.0889399192e-09 -6.8341020049e-09
-1.0454545455e+00 -6.8181818182e-01 0.0000000000e+00 4.1726384838e-09 -6.8090197340e-09
-1.0151515152e+00 -6.8181818182e-01 0.0000000000e+00 4.2590698738e-09 -6.7897783123e-09
-9.8484848485e-01 -6.8181818182e-01 0.0000000000e+00 4.3483091514e-09 -6.7764528021e-09
-9.5454545455e-01 -6.8181818182e-01 0.0000000000e+00 4.4404262512e-09 -6.7691131380e-09
-9.2424242424e-01 -6.8181818182e-01 0.0000000000e+00 4.5354841503e-09 -6.7678222971e-09
-8.9393939394e-01 -6.8181818182e-01 0.0000000000e+00 4.6335366931e-09 -6.7726341236e-09
-8.6363636364e-01 -6.8181818182e-01 0.0000000000e+00 4.7346260209e-09 -6.7835907591e-09
-8.3333333333e-01 -6.8181818182e-01 0.0000000000e+00 4.8387795550e-09 -6.8007196248e-09
-8.0303030303e-01 -6.8181818182e-01 0.0000000000e+00 4.9460064798e-09 -6.8240299050e-09
-7.7272727273e-01 -6.8181818182e-01 0.0000000000e+00 5.0562936727e-09 -6.8535084773e-09
-7.4242424242e-01 -6.8181818182e-01 0.0000000000e+00 5.1696010357e-09 -6.8891152434e-09
-7.1212121212e-01 -6.8181818182e-01 0.0000000000e+00 5.2858561867e-09 -6.9307778215e-09
-6.8181818182e-01 -6.8181818182e-01 0.0000000000e+00 5.4049484923e-09 -6.9783855780e-09
-6.5151515152e-01 -6.8181818182e-01 0.0000000000e+00 5.5267224418e-09 -7.0317830023e-09
-6.2121212121e-01 -6.8181818182e-01 0.0000000000e+00 5.6509704024e-09 -7.0907624616e-09
-5.9090909091e-01 -6.8181818182e-01 0.0000000000e+00 5.7774248444e-09 -7.1550564260e-09
-5.6060606061e-01 -6.8181818182e-01 0.0000000000e+00 5.9057501877e-09 -7.2243293158e-09
-5.3030303030e-01 -6.8181818182e-01 0.0000000000e+00 6.0355345081e-09 -7.2981692064e-09
-5.0000000000e-01 -6.8181818182e-01 0.0000000000e+00 6.1662814362e-09 -7.3760797288e-09
-4.6969696970e-01 -6.8181818182e-01 0.0000000000e+00 6.2974027027e-09 -7.4574726132e-09
-4.3939393939e-01 -6.8181818182e-01 0.0000000000e+00 6.4282119040e-09 -7.5416614564e-09
-4.0909090909e-01 -6.8181818182e-01 0.0000000000e+00 6.5579201941e-09 -7.6278574124e-09
-3.7878787879e-01 -6.8181818182e-01 0.0000000000e+00 6.6856347164e-09 -7.7151676243e-09
-3.4848484848e-01 -6.8181818182e-01 0.0000000000e+00 6.8103606702e-09 -7.8025972916e-09
-3.1818181818e-01 -6.8181818182e-01 0.0000000000e+00 6.9310079258e-09 -7.8890562846e-09
-2.8787878788e-01 -6.8181818182e-01 0.0000000000e+00 7.0464030340e-09 -7.9733711541e-09
-2.5757575758e-01 -6.8181818182e-01 0.0000000000e+00 7.1553072967e-09 -8.0543032020e-09
-2.2727272727e-01 -6.8181818182e-01 0.0000000000e+00 7.2564412498e-09 -8.1305729640e-09
-1.9696969697e-01 -6.8181818182e-01 0.0000000000e+00 7.3485154586e-09 -8.2008910057e-09
-1.6666666667e-01 -6.8181818182e-01 0.0000000000e+00 7.4302669472e-09 -8.2639943511e-09
-1.3636363636e-01 -6.8181818182e-01 0.0000000000e+00 7.5004999237e-09 -8.3186872082e-09
-1.0606060606e-01 -6.8181818182e-01 0.0000000000e+00 7.5581287957e-09 -8.3638839847e-09
-7.5757575758e-02 -6.8181818182e-01 0.0000000000e+00 7.6022208909e-09 -8.3986520083e-09
-4.5454545455e-02 -6.8181818182e-01 0.0000000000e+00 7.6320359182e-09 -8.4222509879e-09
-1.5151515152e-02 -6.8181818182e-01 0.0000000000e+00 7.6470591234e-09 -8.4341661692e-09
1.5151515152e-02 -6.8181818182e-01 0.0000000000e+00 7.6470253732e-09 -8.4341324190e-09
4.5454545455e-02 -6.8181818182e-01 0.0000000000e+00 7.6319320387e-09 -8.4221471084e-09
7.5757575758e-02 -6.8181818182e-01 0.0000000000e+00 7.6020394855e-09 -8.3984706029e-09
1.0606060606e-01 -6.8181818182e-01 0.0000000000e+00 7.5578590807e-09 -8.3636142698e-09
1.3636363636e-01 -6.8181818182e-01 0.0000000000e+00 7.5001297514e-09 -8.3183170359e-09
1.6666666667e-01 -6.8181818182e-01 0.0000000000e+00 7.4297851065e-09 -8.2635125104e-09
1.9696969697e-01 -6.8181818182e-01 0.0000000000e+00 7.3479138505e-09 -8.2002893977e-09
2.2727272727e-01 -6.8181818182e-01 0.0000000000e+00 7.2557165763e-09 -8.1298482905e-09
2.5757575758e-01 -6.8181818182e-01 0.0000000000e+00 7.1544620186e-09 -8.0534579238e-09
2.8787878788e-01 -6.8181818182e-01 0.0000000000e+00 7.0454455111e-09 -7.9724136312e-09
3.1818181818e-01 -6.8181818182e-01 0.0000000000e+00 6.9299518095e-09 -7.8880001683e-09
3.4848484848e-01 -6.8181818182e-01 0.0000000000e+00 6.8092237366e-09 -7.8014603581e-09
3.7878787879e-01 -6.8181818182e-01 0.0000000000e+00 6.6844373874e-09 -7.7139702953e-09
4.0909090909e-01 -6.8181818182e-01 0.0000000000e+00 6.5566839920e-09 -7.6266212102e-09
4.3939393939e-01 -6.8181818182e-01 0.0000000000e+00 6.4269580413e-09 -7.5404075938e-09
4.6969696970e-01 -6.8181818182e-01 0.0000000000e+00 6.2961509382e-09 -7.4562208488e-09
5.0000000000e-01 -6.8181818182e-01 0.0000000000e+00 6.1650492591e-09 -7.3748475517e-09
5.3030303030e-01 -6.8181818182e-01 0.0000000000e+00 6.0343366523e-09 -7.2969713507e-09
5.6060606061e-01 -6.8181818182e-01 0.0000000000e+00 5.9045984389e-09 -7.2231775670e-09
5.9090909091e-01 -6.8181818182e-01 0.0000000000e+00 5.7763280786e-09 -7.1539596603e-09
6.2121212121e-01 -6.8181818182e-01 0.0000000000e+00 5.6499347910e-09 -7.0897268501e-09
6.5151515152e-01 -6.8181818182e-01 0.0000000000e+00 5.5257517596e-09 -7.0308123201e-09
6.8181818182e-01 -6.8181818182e-01 0.0000000000e+00 5.4040444781e-09 -6.9774815638e-09
7.1212121212e-01 -6.8181818182e-01 0.0000000000e+00 5.2850189147e-09 -6.9299405494e-09
7.4242424242e-01 -6.8181818182e-01 0.0000000000e+00 5.1688292716e-09 -6.8883434793e-09
7.7272727273e-01 -6.8181818182e-01 0.0000000000e+00 5.0555851969e-09 -6.8528000015e-09
8.0303030303e-01 -6.8181818182e-01 0.0000000000e+00 4.9453583682e-09 -6.8233817934e-09
8.3333333333e-01 -6.8181818182e-01 0.0000000000e+00 4.8381884152e-09 -6.8001284850e-09
8.6363636364e-01 -6.8181818182e-01 0.0000000000e+00 4.7340881842e-09 -6.7830529224e-09
8.9393939394e-01 -6.8181818182e-01 0.0000000000e+00 4.6330483667e-09 -6.7721457973e-09
9.2424242424e-01 -6.8181818182e-01 0.0000000000e+00 4.5350415339e-09 -6.7673796807e-09
9.5454545455e-01 -6.8181818182e-01 0.0000000000e+00 4.4400256231e-09 -6.7687125099e-09
9.8484848485e-01 -6.8181818182e-01 0.0000000000e+00 4.3479469304e-09 -6.7760905811e-09
1.0151515152e+00 -6.8181818182e-01 0.0000000000e+00 4.2587426604e-09 -6.7894510990e-09
1.0454545455e+00 -6.8181818182e-01 0.0000000000e+00 4.1723430864e-09 -6.8087243366e-09
1.0757575758e+00 -6.8181818182e-01 0.0000000000e+00 4.0886733668e-09 -6.8338354526e-09
1.1060606061e+00 -6.8181818182e-01 0.0000000000e+00 4.0076550658e-09 -6.8647060110e-09
1.1363636364e+00 -6.8181818182e-01 0.0000000000e+00 3.9292074152e-09 -6.9012552437e-09
1.1666666667e+00 -6.8181818182e-01 0.0000000000e+00 3.8532483571e-09 -6.9434010928e-09
1.1969696970e+00 -6.8181818182e-01 0.0000000000e+00 3.7796953963e-09 -6.9910610630e-09
1.2272727273e+00 -6.8181818182e-01 0.0000000000e+00 3.7084662935e-09 -7.0441529152e-09
1.2575757576e+00 -6.8181818182e-01 0.0000000000e+00 3.6394796225e-09 -7.1025952229e-09
1.2878787879e+00 -6.8181818182e-01 0.0000000000e+00 3.5726552117e-09 -7.1663078148e-09
1.3181818182e+00 -6.8181818182e-01 0.0000000000e+00 3.5079144910e-09 -7.2352121207e-09
1.3484848485e+00 -6.8181818182e-01 0.0000000000e+00 3.4451807572e-09 -7.3092314372e-09
1.3787878788e+00 -6.8181818182e-01 0.0000000000e+00 3.3843793724e-09 -7.3882911267e-09
1.4090909091e+00 -6.8181818182e-01 0.0000000000e+00 3.3254379077e-09 -7.4723187602e-09
1.4393939394e+00 -6.8181818182e-01 0.0000000000e+00 3.2682862401e-09 -7.5612442146e-09
1.4696969697e+00 -6.8181818182e-01 0.0000000000e+00 3.2128566121e-09 -7.6549997325e-09
1.5000000000e+00 -6.8181818182e-01 0.0000000000e+00 3.1590836612e-09 -7.7535199514e-09
-1.5000000000e+00 -6.5151515152e-01 0.0000000000e+00 3.1829760134e-09 -7.7090357784e-09
-1.4696969697e+00 -6.5151515152e-01 0.0000000000e+00 3.2380036759e-09 -7.6117702711e-09
-1.4393939394e+00 -6.5151515152e-01 0.0000000000e+00 3.2947726290e-09 -7.5193540783e-09
-1.4090909091e+00 -6.5151515152e-01 0.0000000000e+00 3.3533550135e-09 -7.4318593408e-09
-1.3787878788e+00 -6.5151515152e-01 0.0000000000e+00 3.4138259694e-09 -7.3493611985e-09
-1.3484848485e+00 -6.5151515152e-01 0.0000000000e+00 3.4762636611e-09 -7.2719378160e-09
-1.3181818182e+00 -6.5151515152e-01 0.0000000000e+00 3.5407492782e-09 -7.1996703826e-09
-1.2878787879e+00 -6.5151515152e-01 0.0000000000e+00 3.6073670010e-09 -7.1326430789e-09
-1.2575757576e+00 -6.5151515152e-01 0.0000000000e+00 3.6762039260e-09 -7.0709430012e-09
-1.2272727273e+00 -6.5151515152e-01 0.0000000000e+00 3.7473499389e-09 -7.0146600354e-09
-1.1969696970e+00 -6.5151515152e-01 0.0000000000e+00 3.8208975247e-09 -6.9638866662e-09
-1.1666666667e+00 -6.5151515152e-01 0.0000000000e+00 3.8969414994e-09 -6.9187177099e-09
-1.1363636364e+00 -6.5151515152e-01 0.0000000000e+00 3.9755786480e-09 -6.8792499513e-09
-1.1060606061e+00 -6.5151515152e-01 0.0000000000e+00 4.0569072471e-09 -6.8455816671e-09
-1.0757575758e+00 -6.5151515152e-01 0.0000000000e+00 4.1410264495e-09 -6.8178120100e-09
-1.0454545455e+00 -6.5151515152e-01 0.0000000000e+00 4.2280355034e-09 -6.7960402284e-09
-1.0151515152e+00 -6.5151515152e-01 0.0000000000e+00 4.3180327725e-09 -6.7803646859e-09
-9.8484848485e-01 -6.5151515152e-01 0.0000000000e+00 4.4111145210e-09 -6.7708816465e-09
-9.5454545455e-01 -6.5151515152e-01 0.0000000000e+00 4.5073734186e-09 -6.7676837802e-09
-9.2424242424e-01 -6.5151515152e-01 0.0000000000e+00 4.6068967177e-09 -6.7708583393e-09
-8.9393939394e-01 -6.5151515152e-01 0.0000000000e+00 4.7097640457e-09 -6.7804849510e-09
-8.6363636364e-01 -6.5151515152e-01 0.0000000000e+00 4.8160447498e-09 -6.7966329628e-09
-8.3333333333e-01 -6.5151515152e-01 0.0000000000e+00 4.9257947276e-09 -6.8193582721e-09
-8.0303030303e-01 -6.5151515152e-01 0.0000000000e+00 5.0390526677e-09 -6.8486995677e-09
-7.7272727273e-01 -6.5151515152e-01 0.0000000000e+00 5.1558356261e-09 -6.8846739055e-09
-7.4242424242e-01 -6.5151515152e-01 0.0000000000e+00 5.2761338613e-09 -6.9272715438e-09
-7.1212121212e-01 -6.5151515152e-01 0.0000000000e+00 5.3999048573e-09 -6.9764499668e-09
-6.8181818182e-01 -6.5151515152e-01 0.0000000000e+00 5.5270664769e-09 -7.0321270374e-09
-6.5151515152e-01 -6.5151515152e-01 0.0000000000e+00 5.6574892100e-09 -7.0941732453e-09
-6.2121212121e-01 -6.5151515152e-01 0.0000000000e+00 5.7909875155e-09 -7.1624030494e-09
-5.9090909091e-01 -6.5151515152e-01 0.0000000000e+00 5.9273103116e-09 -7.2365653681e-09
-5.6060606061e-01 -6.5151515152e-01 0.0000000000e+00 6.0661307414e-09 -7.3163333443e-09
-5.3030303030e-01 -6.5151515152e-01 0.0000000000e+00 6.2070354390e-09 -7.4012936121e-09
-5.0000000000e-01 -6.5151515152e-01 0.0000000000e+00 6.3495136490e-09 -7.4909354163e-09
-4.6969696970e-01 -6.5151515152e-01 0.0000000000e+00 6.4929467034e-09 -7.5846400887e-09
-4.3939393939e-01 -6.5151515152e-01 0.0000000000e+00 6.6365985360e-09 -7.6816715633e-09
-4.0909090909e-01 -6.5151515152e-01 0.0000000000e+00 6.7796081059e-09 -7.7811687989e-09
-3.7878787879e-01 -6.5151515152e-01 0.0000000000e+00 6.9209847819e-09 -7.8821411646e-09
-3.4848484848e-01 -6.5151515152e-01 0.0000000000e+00 7.0596079011e-09 -7.9834679974e-09
-3.1818181818e-01 -6.5151515152e-01 0.0000000000e+00 7.1942317959e-09 -8.0839036295e-09
-2.8787878788e-01 -6.5151515152e-01 0.0000000000e+00 7.3234975716e-09 -8.1820891665e-09
-2.5757575758e-01 -6.5151515152e-01 0.0000000000e+00 7.4459527420e-09 -8.2765721221e-09
-2.2727272727e-01 -6.5151515152e-01 0.0000000000e+00 7.5600794677e-09 -8.3658346567e-09
-1.9696969697e-01 -6.5151515152e-01 0.0000000000e+00 7.6643315668e-09 -8.4483305888e-09
-1.6666666667e-01 -6.5151515152e-01 0.0000000000e+00 7.7571796838e-09 -8.5225305625e-09
-1.3636363636e-01 -6.5151515152e-01 0.0000000000e+00 7.8371630536e-09 -8.5869738130e-09
-1.0606060606e-01 -6.5151515152e-01 0.0000000000e+00 7.9029452983e-09 -8.6403239622e-09
-7.5757575758e-02 -6.5151515152e-01 0.0000000000e+00 7.9533707670e-09 -8.6814253592e-09
-4.5454545455e-02 -6.5151515152e-01 0.0000000000e+00 7.9875172792e-09 -8.7093558237e-09
-1.5151515152e-02 -6.5151515152e-01 0.0000000000e+00 8.0047409089e-09 -8.7234714295e-09
1.5151515152e-02 -6.5151515152e-01 0.0000000000e+00 8.0047087777e-09 -8.7234392983e-09
4.5454545455e-02 -6.5151515152e-01 0.0000000000e+00 7.9874167209e-09 -8.7092552654e-09
7.5757575758e-02 -6.5151515152e-01 0.0000000000e+00 7.9531900562e-09 -8.6812446484e-09
1.0606060606e-01 -6.5151515152e-01 0.0000000000e+00 7.9026673132e-09 -8.6400459770e-09
1.3636363636e-01 -6.5151515152e-01 0.0000000000e+00 7.8367684396e-09 -8.5865791990e-09
1.6666666667e-01 -6.5151515152e-01 0.0000000000e+00 7.7566504333e-09 -8.5220013120e-09
1.9696969697e-01 -6.5151515152e-01 0.0000000000e+00 7.6636543610e-09 -8.4476533830e-09
2.2727272727e-01 -6.5151515152e-01 0.0000000000e+00 7.5592482021e-09 -8.3650033911e-09
2.5757575758e-01 -6.5151515152e-01 0.0000000000e+00 7.4449698585e-09 -8.2755892385e-09
2.8787878788e-01 -6.5151515152e-01 0.0000000000e+00 7.3223740922e-09 -8.1809656871e-09
3.1818181818e-01 -6.5151515152e-01 0.0000000000e+00 7.1929862165e-09 -8.0826580502e-09
3.4848484848e-01 -6.5151515152e-01 0.0000000000e+00 7.0582642881e-09 -7.9821243843e-09
3.7878787879e-01 -6.5151515152e-01 0.0000000000e+00 6.9195704873e-09 -7.8807268700e-09
4.0909090909e-01 -6.5151515152e-01 0.0000000000e+00 6.7781514911e-09 -7.7797121841e-09
4.3939393939e-01 -6.5151515152e-01 0.0000000000e+00 6.6351269953e-09 -7.6802000226e-09
4.6969696970e-01 -6.5151515152e-01 0.0000000000e+00 6.4914851548e-09 -7.5831785401e-09
5.0000000000e-01 -6.5151515152e-01 0.0000000000e+00 6.3480835474e-09 -7.4895053148e-09
5.3030303030e-01 -6.5151515152e-01 0.0000000000e+00 6.2056542774e-09 -7.3999124506e-09
5.6060606061e-01 -6.5151515152e-01 0.0000000000e+00 6.0648119564e-09 -7.3150145593e-09
5.9090909091e-01 -6.5151515152e-01 0.0000000000e+00 5.9260634862e-09 -7.2353185427e-09
6.2121212121e-01 -6.5151515152e-01 0.0000000000e+00 5.7898187761e-09 -7.1612343100e-09
6.5151515152e-01 -6.5151515152e-01 0.0000000000e+00 5.6564017262e-09 -7.0930857615e-09
6.8181818182e-01 -6.5151515152e-01 0.0000000000e+00 5.5260609956e-09 -7.0311215560e-09
7.1212121212e-01 -6.5151515152e-01 0.0000000000e+00 5.3989802214e-09 -6.9755253310e-09
7.4242424242e-01 -6.5151515152e-01 0.0000000000e+00 5.2752874836e-09 -6.9264251661e-09
7.7272727273e-01 -6.5151515152e-01 0.0000000000e+00 5.1550639003e-09 -6.8839021796e-09
8.0303030303e-01 -6.5151515152e-01 0.0000000000e+00 5.0383513132e-09 -6.8479982133e-09
8.3333333333e-01 -6.5151515152e-01 0.0000000000e+00 4.9251590683e-09 -6.8187226129e-09
8.6363636364e-01 -6.5151515152e-01 0.0000000000e+00 4.8154699318e-09 -6.7960581448e-09
8.9393939394e-01 -6.5151515152e-01 0.0000000000e+00 4.7092452024e-09 -6.7799661078e-09
9.2424242424e-01 -6.5151515152e-01 0.0000000000e+00 4.6064290912e-09 -6.7703907127e-09
9.5454545455e-01 -6.5151515152e-01 0.0000000000e+00 4.5069524434e-09 -6.7672628050e-09
9.8484848485e-01 -6.5151515152e-01 0.0000000000e+00 4.4107358801e-09 -6.7705030056e-09
1.0151515152e+00 -6.5151515152e-01 0.0000000000e+00 4.3176924305e-09 -6.7800243438e-09
1.0454545455e+00 -6.5151515152e-01 0.0000000000e+00 4.2277297223e-09 -6.7957344473e-09
1.0757575758e+00 -6.5151515152e-01 0.0000000000e+00 4.1407517929e-09 -6.8175373535e-09
1.1060606061e+00 -6.5151515152e-01 0.0000000000e+00 4.0566605745e-09 -6.8453349945e-09
1.1363636364e+00 -6.5151515152e-01 0.0000000000e+00 3.9753571035e-09 -6.8790284068e-09
1.1666666667e+00 -6.5151515152e-01 0.0000000000e+00 3.8967424964e-09 -6.9185187069e-09
1.1969696970e+00 -6.5151515152e-01 0.0000000000e+00 3.8207187281e-09 -6.9637078696e-09
1.2272727273e+00 -6.5151515152e-01 0.0000000000e+00 3.7471892463e-09 -7.0144993427e-09
1.2575757576e+00 -6.5151515152e-01 0.0000000000e+00 3.6760594486e-09 -7.0707985238e-09
1.2878787879e+00 -6.5151515152e-01 0.0000000000e+00 3.6072370448e-09 -7.1325131227e-09
1.3181818182e+00 -6.5151515152e-01 0.0000000000e+00 3.5406323261e-09 -7.1995534306e-09
1.3484848485e+00 -6.5151515152e-01 0.0000000000e+00 3.4761583558e-09 -7.2718325106e-09
1.3787878788e+00 -6.5151515152e-01 0.0000000000e+00 3.4137310972e-09 -7.3492663263e-09
1.4090909091e+00 -6.5151515152e-01 0.0000000000e+00 3.3532694903e-09 -7.4317738176e-09
1.4393939394e+00 -6.5151515152e-01 0.0000000000e+00 3.2946954863e-09 -7.5192769356e-09
1.4696969697e+00 -6.5151515152e-01 0.0000000000e+00 3.2379340489e-09 -7.6117006441e-09
1.5000000000e+00 -6.5151515152e-01 0.0000000000e+00 3.1829131300e-09 -7.7089728950e-09
-1.5000000000e+00 -6.2121212121e-01 0.0000000000e+00 3.2062319121e-09 -7.6670231758e-09
-1.4696969697e+00 -6.2121212121e-01 0.0000000000e+00 3.2624966169e-09 -7.5709947108e-09
-1.4393939394e+00 -6.2121212121e-01 0.0000000000e+00 3.3205874990e-09 -7.4799004470e-09
-1.4090909091e+00 -6.2121212121e-01 0.0000000000e+00 3.3805836685e-09 -7.3938194944e-09
-1.3787878788e+00 -6.2121212121e-01 0.0000000000e+00 3.4425678786e-09 -7.3128346064e-09
-1.3484848485e+00 -6.2121212121e-01 0.0000000000e+00 3.5066266154e-09 -7.2370322689e-09
-1.3181818182e+00 -6.2121212121e-01 0.0000000000e+00 3.5728501652e-09 -7.1665027683e-09
-1.2878787879e+00 -6.2121212121e-01 0.0000000000e+00 3.6413326562e-09 -7.1013402328e-09
-1.2575757576e+00 -6.2121212121e-01 0.0000000000e+00 3.7121720640e-09 -7.0416426379e-09
-1.2272727273e+00 -6.2121212121e-01 0.0000000000e+00 3.7854701718e-09 -6.9875117668e-09
-1.1969696970e+00 -6.2121212121e-01 0.0000000000e+00 3.8613324738e-09 -6.9390531140e-09
-1.1666666667e+00 -6.2121212121e-01 0.0000000000e+00 3.9398680071e-09 -6.8963757162e-09
-1.1363636364e+00 -6.2121212121e-01 0.0000000000e+00 4.0211890931e-09 -6.8595918951e-09
-1.1060606061e+00 -6.2121212121e-01 0.0000000000e+00 4.1054109705e-09 -6.8288168892e-09
-1.0757575758e+00 -6.2121212121e-01 0.0000000000e+00 4.1926512913e-09 -6.8041683505e-09
-1.0454545455e+00 -6.2121212121e-01 0.0000000000e+00 4.2830294518e-09 -6.7857656755e-09
-1.0151515152e+00 -6.2121212121e-01 0.0000000000e+00 4.3766657225e-09 -6.7737291345e-09
-9.8484848485e-01 -6.2121212121e-01 0.0000000000e+00 4.4736801336e-09 -6.7681787578e-09
-9.5454545455e-01 -6.2121212121e-01 0.0000000000e+00 4.5741910681e-09 -6.7692329283e-09
-9.2424242424e-01 -6.2121212121e-01 0.0000000000e+00 4.6783135026e-09 -6.7770066228e-09
-8.9393939394e-01 -6.2121212121e-01 0.0000000000e+00 4.7861568306e-09 -6.7916092346e-09
-8.6363636364e-01 -6.2121212121e-01 0.0000000000e+00 4.8978221896e-09 -6.8131419013e-09
-8.3333333333e-01 -6.2121212121e-01 0.0000000000e+00 5.0133992076e-09 -6.8416942509e-09
-8.0303030303e-01 -6.2121212121e-01 0.0000000000e+00 5.1329620695e-09 -6.8773404681e-09
-7.7272727273e-01 -6.2121212121e-01 0.0000000000e+00 5.2565648013e-09 -6.9201345793e-09
-7.4242424242e-01 -6.2121212121e-01 0.0000000000e+00 5.3842356601e-09 -6.9701048413e-09
-7.1212121212e-01 -6.2121212121e-01 0.0000000000e+00 5.5159705176e-09 -7.0272471258e-09
-6.8181818182e-01 -6.2121212121e-01 0.0000000000e+00 5.6517251311e-09 -7.0915171902e-09
-6.5151515152e-01 -6.2121212121e-01 0.0000000000e+00 5.7914062133e-09 -7.1628217472e-09
-6.2121212121e-01 -6.2121212121e-01 0.0000000000e+00 5.9348612416e-09 -7.2410082742e-09
-5.9090909091e-01 -6.2121212121e-01 0.0000000000e+00 6.0818670024e-09 -7.3258535576e-09
-5.6060606061e-01 -6.2121212121e-01 0.0000000000e+00 6.2321169451e-09 -7.4170510467e-09
-5.3030303030e-01 -6.2121212121e-01 0.0000000000e+00 6.3852075316e-09 -7.5141972034e-09
-5.0000000000e-01 -6.2121212121e-01 0.0000000000e+00 6.5406239231e-09 -7.6167771891e-09
-4.6969696970e-01 -6.2121212121e-01 0.0000000000e+00 6.6977255390e-09 -7.7241504230e-09
-4.3939393939e-01 -6.2121212121e-01 0.0000000000e+00 6.8557322622e-09 -7.8355367881e-09
-4.0909090909e-01 -6.2121212121e-01 0.0000000000e+00 7.0137123387e-09 -7.9500045304e-09
-3.7878787879e-01 -6.2121212121e-01 0.0000000000e+00 7.1705733069e-09 -8.0664611882e-09
-3.4848484848e-01 -6.2121212121e-01 0.0000000000e+00 7.3250575621e-09 -8.1836491570e-09
-3.1818181818e-01 -6.2121212121e-01 0.0000000000e+00 7.4757443707e-09 -8.3001477030e-09
-2.8787878788e-01 -6.2121212121e-01 0.0000000000e+00 7.6210602234e-09 -8.4143833170e-09
-2.5757575758e-01 -6.2121212121e-01 0.0000000000e+00 7.7592993025e-09 -8.5246501812e-09
-2.2727272727e-01 -6.2121212121e-01 0.0000000000e+00 7.8886554457e-09 -8.6291421334e-09
-1.9696969697e-01 -6.2121212121e-01 0.0000000000e+00 8.0072662821e-09 -8.7259968028e-09
-1.6666666667e-01 -6.2121212121e-01 0.0000000000e+00 8.1132691661e-09 -8.8133515435e-09
-1.3636363636e-01 -6.2121212121e-01 0.0000000000e+00 8.2048671865e-09 -8.8894094445e-09
-1.0606060606e-01 -6.2121212121e-01 0.0000000000e+00 8.2804020160e-09 -8.9525121785e-09
-7.5757575758e-02 -6.2121212121e-01 0.0000000000e+00 8.3384288933e-09 -9.0012149842e-09
-4.5454545455e-02 -6.2121212121e-01 0.0000000000e+00 8.3777879025e-09 -9.0343579457e-09
-1.5151515152e-02 -6.2121212121e-01 0.0000000000e+00 8.3976652188e-09 -9.0511272381e-09
1.5151515152e-02 -6.2121212121e-01 0.0000000000e+00 8.3976383577e-09 -9.0511003770e-09
4.5454545455e-02 -6.2121212121e-01 0.0000000000e+00 8.3777007376e-09 -9.0342707807e-09
7.5757575758e-02 -6.2121212121e-01 0.0000000000e+00 8.3382628884e-09 -9.0010489793e-09
1.0606060606e-01 -6.2121212121e-01 0.0000000000e+00 8.2801300915e-09 -8.9522402541e-09
1.3636363636e-01 -6.2121212121e-01 0.0000000000e+00 8.2044587072e-09 -8.8890009652e-09
1.6666666667e-01 -6.2121212121e-01 0.0000000000e+00 8.1126955644e-09 -8.8127779417e-09
1.9696969697e-01 -6.2121212121e-01 0.0000000000e+00 8.0065062464e-09 -8.7252367670e-09
2.2727272727e-01 -6.2121212121e-01 0.0000000000e+00 7.8876987228e-09 -8.6281854105e-09
2.5757575758e-01 -6.2121212121e-01 0.0000000000e+00 7.7581485223e-09 -8.5234994010e-09
2.8787878788e-01 -6.2121212121e-01 0.0000000000e+00 7.6197306342e-09 -8.4130537278e-09
3.1818181818e-01 -6.2121212121e-01 0.0000000000e+00 7.4742618256e-09 -8.2986651579e-09
3.4848484848e-01 -6.2121212121e-01 0.0000000000e+00 7.3234553813e-09 -8.1820469762e-09
3.7878787879e-01 -6.2121212121e-01 0.0000000000e+00 7.1688887253e-09 -8.0647766067e-09
4.0909090909e-01 -6.2121212121e-01 0.0000000000e+00 7.0119831493e-09 -7.9482753410e-09
4.3939393939e-01 -6.2121212121e-01 0.0000000000e+00 6.8539940675e-09 -7.8337985934e-09
4.6969696970e-01 -6.2121212121e-01 0.0000000000e+00 6.6960098072e-09 -7.7224346913e-09
5.0000000000e-01 -6.2121212121e-01 0.0000000000e+00 6.5389568615e-09 -7.6151101276e-09
5.3030303030e-01 -6.2121212121e-01 0.0000000000e+00 6.3836096694e-09 -7.5125993412e-09
5.6060606061e-01 -6.2121212121e-01 0.0000000000e+00 6.2306032584e-09 -7.4155373599e-09
5.9090909091e-01 -6.2121212121e-01 0.0000000000e+00 6.0804474041e-09 -7.3244339593e-09
6.2121212121e-01 -6.2121212121e-01 0.0000000000e+00 5.9335412775e-09 -7.2396883101e-09
6.5151515152e-01 -6.2121212121e-01 0.0000000000e+00 5.7901878389e-09 -7.1616033728e-09
6.8181818182e-01 -6.2121212121e-01 0.0000000000e+00 5.6506074819e-09 -7.0903995410e-09
7.1212121212e-01 -6.2121212121e-01 0.0000000000e+00 5.5149506164e-09 -7.0262272247e-09
7.4242424242e-01 -6.2121212121e-01 0.0000000000e+00 5.3833090324e-09 -6.9691782136e-09
7.7272727273e-01 -6.2121212121e-01 0.0000000000e+00 5.2557259871e-09 -6.9192957651e-09
8.0303030303e-01 -6.2121212121e-01 0.0000000000e+00 5.1322050345e-09 -6.8765834332e-09
8.3333333333e-01 -6.2121212121e-01 0.0000000000e+00 5.0127176614e-09 -6.8410127046e-09
8.6363636364e-01 -6.2121212121e-01 0.0000000000e+00 4.8972098233e-09 -6.8125295350e-09
8.9393939394e-01 -6.2121212121e-01 0.0000000000e+00 4.7856074880e-09 -6.7910598920e-09
9.2424242424e-01 -6.2121212121e-01 0.0000000000e+00 4.6778212978e-09 -6.7765144180e-09
9.5454545455e-01 -6.2121212121e-01 0.0000000000e+00 4.5737504596e-09 -6.7687923199e-09
9.8484848485e-01 -6.2121212121e-01 0.0000000000e+00 4.4732859677e-09 -6.7677845919e-09
1.0151515152e+00 -6.2121212121e-01 0.0000000000e+00 4.3763132513e-09 -6.7733766633e-09
1.0454545455e+00 -6.2121212121e-01 0.0000000000e+00 4.2827143354e-09 -6.7854505591e-09
1.0757575758e+00 -6.2121212121e-01 0.0000000000e+00 4.1923695865e-09 -6.8038866458e-09
1.1060606061e+00 -6.2121212121e-01 0.0000000000e+00 4.1051591130e-09 -6.8285650317e-09
1.1363636364e+00 -6.2121212121e-01 0.0000000000e+00 4.0209638737e-09 -6.8593666757e-09
1.1666666667e+00 -6.2121212121e-01 0.0000000000e+00 3.9396665459e-09 -6.8961742550e-09
1.1969696970e+00 -6.2121212121e-01 0.0000000000e+00 3.8611521932e-09 -6.9388728333e-09
1.2272727273e+00 -6.2121212121e-01 0.0000000000e+00 3.7853087691e-09 -6.9873503642e-09
1.2575757576e+00 -6.2121212121e-01 0.0000000000e+00 3.7120274863e-09 -7.0414980602e-09
1.2878787879e+00 -6.2121212121e-01 0.0000000000e+00 3.6412030748e-09 -7.1012106513e-09
1.3181818182e+00 -6.2121212121e-01 0.0000000000e+00 3.5727339530e-09 -7.1663865560e-09
1.3484848485e+00 -6.2121212121e-01 0.0000000000e+00 3.5065223255e-09 -7.2369279790e-09
1.3787878788e+00 -6.2121212121e-01 0.0000000000e+00 3.4424742252e-09 -7.3127409529e-09
1.4090909091e+00 -6.2121212121e-01 0.0000000000e+00 3.3804995087e-09 -7.3937353346e-09
1.4393939394e+00 -6.2121212121e-01 0.0000000000e+00 3.3205118176e-09 -7.4798247655e-09
1.4696969697e+00 -6.2121212121e-01 0.0000000000e+00 3.2624285115e-09 -7.5709266054e-09
1.5000000000e+00 -6.2121212121e-01 0.0000000000e+00 3.2061705809e-09 -7.6669618445e-09
-1.5000000000e+00 -5.9090909091e-01 0.0000000000e+00 3.2288613803e-09 -7.6274921665e-09
-1.4696969697e+00 -5.9090909091e-01 0.0000000000e+00 3.2863479624e-09 -7.5326855788e-09
-1.4393939394e+00 -5.9090909091e-01 0.0000000000e+00 3.3457462697e-09 -7.4428987402e-09
-1.4090909091e+00 -5.9090909091e-01 0.0000000000e+00 3.4071426280e-09 -7.3582179765e-09
-1.3787878788e+00 -5.9090909091e-01 0.0000000000e+00 3.4706276998e-09 -7.2787339501e-09
-1.3484848485e+00 -5.9090909091e-01 0.0000000000e+00 3.5362966445e-09 -7.2045418206e-09
-1.3181818182e+00 -5.9090909091e-01 0.0000000000e+00 3.6042492659e-09 -7.1357413916e-09
-1.2878787879e+00 -5.9090909091e-01 0.0000000000e+00 3.6745901397e-09 -7.0724372388e-09
-1.2575757576e+00 -5.9090909091e-01 0.0000000000e+00 3.7474287142e-09 -7.0147388107e-09
-1.2272727273e+00 -5.9090909091e-01 0.0000000000e+00 3.8228793750e-09 -6.9627604927e-09
-1.1969696970e+00 -5.9090909091e-01 0.0000000000e+00 3.9010614609e-09 -6.9166216236e-09
-1.1666666667e+00 -5.9090909091e-01 0.0000000000e+00 3.9820992181e-09 -6.8764464498e-09
-1.1363636364e+00 -5.9090909091e-01 0.0000000000e+00 4.0661216747e-09 -6.8423639992e-09
-1.1060606061e+00 -5.9090909091e-01 0.0000000000e+00 4.1532624127e-09 -6.8145078539e-09
-1.0757575758e+00 -5.9090909091e-01 0.0000000000e+00 4.2436592141e-09 -6.7930157959e-09
-1.0454545455e+00 -5.9090909091e-01 0.0000000000e+00 4.3374535461e-09 -6.7780292923e-09
-1.0151515152e+00 -5.9090909091e-01 0.0000000000e+00 4.4347898491e-09 -6.7696927836e-09
-9.8484848485e-01 -5.9090909091e-01 0.0000000000e+00 4.5358145806e-09 -6.7681527273e-09
-9.5454545455e-01 -5.9090909091e-01 0.0000000000e+00 4.6406749595e-09 -6.7735563423e-09
-9.2424242424e-01 -5.9090909091e-01 0.0000000000e+00 4.7495173441e-09 -6.7860499868e-09
-8.9393939394e-01 -5.9090909091e-01 0.0000000000e+00 4.8624851670e-09 -6.8057770936e-09
-8.6363636364e-01 -5.9090909091e-01 0.0000000000e+00 4.9797163344e-09 -6.8328755687e-09
-8.3333333333e-01 -5.9090909091e-01 0.0000000000e+00 5.1013399830e-09 -6.8674745488e-09
-8.0303030303e-01 -5.9090909091e-01 0.0000000000e+00 5.2274724740e-09 -6.9096903953e-09
-7.7272727273e-01 -5.9090909091e-01 0.0000000000e+00 5.3582124853e-09 -6.9596217858e-09
-7.4242424242e-01 -5.9090909091e-01 0.0000000000e+00 5.4936350507e-09 -7.0173437544e-09
-7.1212121212e-01 -5.9090909091e-01 0.0000000000e+00 5.6337843833e-09 -7.0829005140e-09
-6.8181818182e-01 -5.9090909091e-01 0.0000000000e+00 5.7786653153e-09 -7.1562968970e-09
-6.5151515152e-01 -5.9090909091e-01 0.0000000000e+00 5.9282331925e-09 -7.2374882490e-09
-6.2121212121e-01 -5.9090909091e-01 0.0000000000e+00 6.0823820827e-09 -7.3263686379e-09
-5.9090909091e-01 -5.9090909091e-01 0.0000000000e+00 6.2409312043e-09 -7.4227572820e-09
-5.6060606061e-01 -5.9090909091e-01 0.0000000000e+00 6.4036095576e-09 -7.5263831817e-09
-5.3030303030e-01 -5.9090909091e-01 0.0000000000e+00 6.5700388652e-09 -7.6368680596e-09
-5.0000000000e-01 -5.9090909091e-01 0.0000000000e+00 6.7397151024e-09 -7.7537078909e-09
-4.6969696970e-01 -5.9090909091e-01 0.0000000000e+00 6.9119891415e-09 -7.8762535481e-09
-4.3939393939e-01 -5.9090909091e-01 0.0000000000e+00 7.0860473459e-09 -8.0036913944e-09
-4.0909090909e-01 -5.9090909091e-01 0.0000000000e+00 7.2608933280e-09 -8.1350250423e-09
-3.7878787879e-01 -5.9090909091e-01 0.0000000000e+00 7.4353325178e-09 -8.2690599217e-09
-3.4848484848e-01 -5.9090909091e-01 0.0000000000e+00 7.6079616296e-09 -8.4043927470e-09
-3.1818181818e-01 -5.9090909091e-01 0.0000000000e+00 7.7771655111e-09 -8.5394083659e-09
-2.8787878788e-01 -5.9090909091e-01 0.0000000000e+00 7.9411241151e-09 -8.6722867312e-09
-2.5757575758e-01 -5.9090909091e-01 0.0000000000e+00 8.0978323463e-09 -8.8010227475e-09
-2.2727272727e-01 -5.9090909091e-01 0.0000000000e+00 8.2451351800e-09 -8.9234613903e-09
-1.9696969697e-01 -5.9090909091e-01 0.0000000000e+00 8.3807796230e-09 -9.0373496662e-09
-1.6666666667e-01 -5.9090909091e-01 0.0000000000e+00 8.5024837154e-09 -9.1404056153e-09
-1.3636363636e-01 -5.9090909091e-01 0.0000000000e+00 8.6080208775e-09 -9.2304026581e-09
-1.0606060606e-01 -5.9090909091e-01 0.0000000000e+00 8.6953156226e-09 -9.3052653076e-09
-7.5757575758e-02 -5.9090909091e-01 0.0000000000e+00 8.7625443000e-09 -9.3631699135e-09
-4.5454545455e-02 -5.9090909091e-01 0.0000000000e+00 8.8082325723e-09 -9.4026421380e-09
-1.5151515152e-02 -5.9090909091e-01 0.0000000000e+00 8.8313403074e-09 -9.4226418493e-09
1.5151515152e-02 -5.9090909091e-01 0.0000000000e+00 8.8313249139e-09 -9.4226264558e-09
4.5454545455e-02 -5.9090909091e-01 0.0000000000e+00 8.8081759896e-09 -9.4025855553e-09
7.5757575758e-02 -5.9090909091e-01 0.0000000000e+00 8.7624172244e-09 -9.3630428379e-09
1.0606060606e-01 -5.9090909091e-01 0.0000000000e+00 8.6950752390e-09 -9.3050249241e-09
1.3636363636e-01 -5.9090909091e-01 0.0000000000e+00 8.6076187788e-09 -9.2300005594e-09
1.6666666667e-01 -5.9090909091e-01 0.0000000000e+00 8.5018748383e-09 -9.1397967382e-09
1.9696969697e-01 -5.9090909091e-01 0.0000000000e+00 8.3799304091e-09 -9.0365004523e-09
2.2727272727e-01 -5.9090909091e-01 0.0000000000e+00 8.2440293563e-09 -8.9223555666e-09
2.5757575758e-01 -5.9090909091e-01 0.0000000000e+00 8.0964733666e-09 -8.7996637679e-09
2.8787878788e-01 -5.9090909091e-01 0.0000000000e+00 7.9395341880e-09 -8.6706968041e-09
3.1818181818e-01 -5.9090909091e-01 0.0000000000e+00 7.7753819250e-09 -8.5376247798e-09
3.4848484848e-01 -5.9090909091e-01 0.0000000000e+00 7.6060315368e-09 -8.4024626543e-09
3.7878787879e-01 -5.9090909091e-01 0.0000000000e+00 7.4333073827e-09 -8.2670347866e-09
4.0909090909e-01 -5.9090909091e-01 0.0000000000e+00 7.2588239904e-09 -8.1329557047e-09
4.3939393939e-01 -5.9090909091e-01 0.0000000000e+00 7.0839802598e-09 -8.0016243082e-09
4.6969696970e-01 -5.9090909091e-01 0.0000000000e+00 6.9099639682e-09 -7.8742283747e-09
5.0000000000e-01 -5.9090909091e-01 0.0000000000e+00 6.7377635612e-09 -7.7517563497e-09
5.3030303030e-01 -5.9090909091e-01 0.0000000000e+00 6.5681845870e-09 -7.6350137814e-09
5.6060606061e-01 -5.9090909091e-01 0.0000000000e+00 6.4018686363e-09 -7.5246422604e-09
5.9090909091e-01 -5.9090909091e-01 0.0000000000e+00 6.2393131610e-09 -7.4211392387e-09
6.2121212121e-01 -5.9090909091e-01 0.0000000000e+00 6.0808910127e-09 -7.3248775678e-09
6.5151515152e-01 -5.9090909091e-01 0.0000000000e+00 5.9268689302e-09 -7.2361239867e-09
6.8181818182e-01 -5.9090909091e-01 0.0000000000e+00 5.7774245148e-09 -7.1550560965e-09
7.1212121212e-01 -5.9090909091e-01 0.0000000000e+00 5.6326614574e-09 -7.0817775881e-09
7.4242424242e-01 -5.9090909091e-01 0.0000000000e+00 5.4926229490e-09 -7.0163316527e-09
7.7272727273e-01 -5.9090909091e-01 0.0000000000e+00 5.3573033124e-09 -6.9587126129e-09
8.0303030303e-01 -5.9090909091e-01 0.0000000000e+00 5.2266579623e-09 -6.9088758835e-09
8.3333333333e-01 -5.9090909091e-01 0.0000000000e+00 5.1006118409e-09 -6.8667464067e-09
8.6363636364e-01 -5.9090909091e-01 0.0000000000e+00 4.9790664921e-09 -6.8322257263e-09
8.9393939394e-01 -5.9090909091e-01 0.0000000000e+00 4.8619059406e-09 -6.8051978672e-09
9.2424242424e-01 -5.9090909091e-01 0.0000000000e+00 4.7490015371e-09 -6.7855341798e-09
9.5454545455e-01 -5.9090909091e-01 0.0000000000e+00 4.6402159173e-09 -6.7730973001e-09
9.8484848485e-01 -5.9090909091e-01 0.0000000000e+00 4.5354062109e-09 -6.7677443576e-09
1.0151515152e+00 -5.9090909091e-01 0.0000000000e+00 4.4344266183e-09 -6.7693295528e-09
1.0454545455e+00 -5.9090909091e-01 0.0000000000e+00 4.3371304598e-09 -6.7777062061e-09
1.0757575758e+00 -5.9090909091e-01 0.0000000000e+00 4.2433717873e-09 -6.7927283691e-09
1.1060606061e+00 -5.9090909091e-01 0.0000000000e+00 4.1530066336e-09 -6.8142520748e-09
1.1363636364e+00 -5.9090909091e-01 0.0000000000e+00 4.0658939667e-09 -6.8421362912e-09
1.1666666667e+00 -5.9090909091e-01 0.0000000000e+00 3.9818964006e-09 -6.8762436323e-09
1.1969696970e+00 -5.9090909091e-01 0.0000000000e+00 3.9008807106e-09 -6.9164408733e-09
1.2272727273e+00 -5.9090909091e-01 0.0000000000e+00 3.8227181901e-09 -6.9625993077e-09
1.2575757576e+00 -5.9090909091e-01 0.0000000000e+00 3.7472848798e-09 -7.0145949762e-09
1.2878787879e+00 -5.9090909091e-01 0.0000000000e+00 3.6744616967e-09 -7.0723087958e-09
1.3181818182e+00 -5.9090909091e-01 0.0000000000e+00 3.6041344824e-09 -7.1356266080e-09
1.3484848485e+00 -5.9090909091e-01 0.0000000000e+00 3.5361939897e-09 -7.2044391657e-09
1.3787878788e+00 -5.9090909091e-01 0.0000000000e+00 3.4705358209e-09 -7.2786420712e-09
1.4090909091e+00 -5.9090909091e-01 0.0000000000e+00 3.4070603293e-09 -7.3581356778e-09
1.4393939394e+00 -5.9090909091e-01 0.0000000000e+00 3.3456724943e-09 -7.4428249648e-09
1.4696969697e+00 -5.9090909091e-01 0.0000000000e+00 3.2862817757e-09 -7.5326193921e-09
1.5000000000e+00 -5.9090909091e-01 0.0000000000e+00 3.2288019554e-09 -7.6274327416e-09
-1.5000000000e+00 -5.6060606061e-01 0.0000000000e+00 3.2508095834e-09 -7.5903879160e-09
-1.4696969697e+00 -5.6060606061e-01 0.0000000000e+00 3.3094985082e-09 -7.4967836710e-09
-1.4393939394e+00 -5.6060606061e-01 0.0000000000e+00 3.3701849807e-09 -7.4082849976e-09
-1.4090909091e+00 -5.6060606061e-01 0.0000000000e+00 3.4329627546e-09 -7.3249856495e-09
-1.3787878788e+00 -5.6060606061e-01 0.0000000000e+00 3.4979306592e-09 -7.2469844559e-09
-1.3484848485e+00 -5.6060606061e-01 0.0000000000e+00 3.5651928406e-09 -7.1743855631e-09
-1.3181818182e+00 -5.6060606061e-01 0.0000000000e+00 3.6348589980e-09 -7.1072986701e-09
-1.2878787879e+00 -5.6060606061e-01 0.0000000000e+00 3.7070446107e-09 -7.0458392562e-09
-1.2575757576e+00 -5.6060606061e-01 0.0000000000e+00 3.7818711486e-09 -6.9901287914e-09
-1.2272727273e+00 -5.6060606061e-01 0.0000000000e+00 3.8594662580e-09 -6.9402949221e-09
-1.1969696970e+00 -5.6060606061e-01 0.0000000000e+00 3.9399639123e-09 -6.8964716214e-09
-1.1666666667e+00 -5.6060606061e-01 0.0000000000e+00 4.0235045128e-09 -6.8587992909e-09
-1.1363636364e+00 -5.6060606061e-01 0.0000000000e+00 4.1102349243e-09 -6.8274247952e-09
-1.1060606061e+00 -5.6060606061e-01 0.0000000000e+00 4.2003084234e-09 -6.8025014110e-09
-1.0757575758e+00 -5.6060606061e-01 0.0000000000e+00 4.2938845328e-09 -6.7841886610e-09
-1.0454545455e+00 -5.6060606061e-01 0.0000000000e+00 4.3911287102e-09 -6.7726520028e-09
-1.0151515152e+00 -5.6060606061e-01 0.0000000000e+00 4.4922118513e-09 -6.7680623323e-09
-9.8484848485e-01 -5.6060606061e-01 0.0000000000e+00 4.5973095569e-09 -6.7705952501e-09
-9.5454545455e-01 -5.6060606061e-01 0.0000000000e+00 4.7066011054e-09 -6.7804300346e-09
-9.2424242424e-01 -5.6060606061e-01 0.0000000000e+00 4.8202680565e-09 -6.7977482457e-09
-8.9393939394e-01 -5.6060606061e-01 0.0000000000e+00 4.9384923989e-09 -6.8227318719e-09
-8.6363636364e-01 -5.6060606061e-01 0.0000000000e+00 5.0614541352e-09 -6.8555609158e-09
-8.3333333333e-01 -5.6060606061e-01 0.0000000000e+00 5.1893281778e-09 -6.8964102900e-09
-8.0303030303e-01 -5.6060606061e-01 0.0000000000e+00 5.3222804089e-09 -6.9454458766e-09
-7.7272727273e-01 -5.6060606061e-01 0.0000000000e+00 5.4604627288e-09 -7.0028195758e-09
-7.4242424242e-01 -5.6060606061e-01 0.0000000000e+00 5.6040068964e-09 -7.0686631465e-09
-7.1212121212e-01 -5.6060606061e-01 0.0000000000e+00 5.7530169381e-09 -7.1430806152e-09
-6.8181818182e-01 -5.6060606061e-01 0.0000000000e+00 5.9075598825e-09 -7.2261390105e-09
-6.5151515152e-01 -5.6060606061e-01 0.0000000000e+00 6.0676545665e-09 -7.3178571694e-09
-6.2121212121e-01 -5.6060606061e-01 0.0000000000e+00 6.2332582615e-09 -7.4181923630e-09
-5.9090909091e-01 -5.6060606061e-01 0.0000000000e+00 6.4042508959e-09 -7.5270245200e-09
-5.6060606061e-01 -5.6060606061e-01 0.0000000000e+00 6.5804167190e-09 -7.6441378895e-09
-5.3030303030e-01 -5.6060606061e-01 0.0000000000e+00 6.7614233660e-09 -7.7692001068e-09
-5.0000000000e-01 -5.6060606061e-01 0.0000000000e+00 6.9467984774e-09 -7.9017388124e-09
-4.6969696970e-01 -5.6060606061e-01 0.0000000000e+00 7.1359043084e-09 -8.0411162614e-09
-4.3939393939e-01 -5.6060606061e-01 0.0000000000e+00 7.3279111547e-09 -8.1865027496e-09
-4.0909090909e-01 -5.6060606061e-01 0.0000000000e+00 7.5217709314e-09 -8.3368501921e-09
-3.7878787879e-01 -5.6060606061e-01 0.0000000000e+00 7.7161928578e-09 -8.4908678081e-09
-3.4848484848e-01 -5.6060606061e-01 0.0000000000e+00 7.9096238915e-09 -8.6470025554e-09
-3.1818181818e-01 -5.6060606061e-01 0.0000000000e+00 8.1002372407e-09 -8.8034276420e-09
-2.8787878788e-01 -5.6060606061e-01 0.0000000000e+00 8.2859328429e-09 -8.9580430054e-09
-2.5757575758e-01 -5.6060606061e-01 0.0000000000e+00 8.4643539791e-09 -9.1084919268e-09
-2.2727272727e-01 -5.6060606061e-01 0.0000000000e+00 8.6329239866e-09 -9.2521977433e-09
-1.9696969697e-01 -5.6060606061e-01 0.0000000000e+00 8.7889061617e-09 -9.3864237513e-09
-1.6666666667e-01 -5.6060606061e-01 0.0000000000e+00 8.9294882295e-09 -9.5083576758e-09
-1.3636363636e-01 -5.6060606061e-01 0.0000000000e+00 9.0518901411e-09 -9.6152194681e-09
-1.0606060606e-01 -5.6060606061e-01 0.0000000000e+00 9.1534905440e-09 -9.7043877755e-09
-7.5757575758e-02 -5.6060606061e-01 0.0000000000e+00 9.2319634717e-09 -9.7735366315e-09
-4.5454545455e-02 -5.6060606061e-01 0.0000000000e+00 9.2854133658e-09 -9.8207704779e-09
-1.5151515152e-02 -5.6060606061e-01 0.0000000000e+00 9.3124944834e-09 -9.8447435717e-09
1.5151515152e-02 -5.6060606061e-01 0.0000000000e+00 9.3125009202e-09 -9.8447500084e-09
4.5454545455e-02 -5.6060606061e-01 0.0000000000e+00 9.2854162212e-09 -9.8207733333e-09
7.5757575758e-02 -5.6060606061e-01 0.0000000000e+00 9.2319163503e-09 -9.7734895102e-09
1.0606060606e-01 -5.6060606061e-01 0.0000000000e+00 9.1533256023e-09 -9.7042228338e-09
1.3636363636e-01 -5.6060606061e-01 0.0000000000e+00 9.0515307346e-09 -9.6148600616e-09
1.6666666667e-01 -5.6060606061e-01 0.0000000000e+00 8.9288633068e-09 -9.5077327531e-09
1.9696969697e-01 -5.6060606061e-01 0.0000000000e+00 8.7879633274e-09 -9.3854809169e-09
2.2727272727e-01 -5.6060606061e-01 0.0000000000e+00 8.6316384057e-09 -9.2509121624e-09
2.5757575758e-01 -5.6060606061e-01 0.0000000000e+00 8.4627315163e-09 -9.1068694640e-09
2.8787878788e-01 -5.6060606061e-01 0.0000000000e+00 8.2840075169e-09 -8.9561176794e-09
3.1818181818e-01 -5.6060606061e-01 0.0000000000e+00 8.0980644906e-09 -8.8012548919e-09
3.4848484848e-01 -5.6060606061e-01 0.0000000000e+00 7.9072718310e-09 -8.6446504948e-09
3.7878787879e-01 -5.6060606061e-01 0.0000000000e+00 7.7137335792e-09 -8.4884085295e-09
4.0909090909e-01 -5.6060606061e-01 0.0000000000e+00 7.5192733098e-09 -8.3343525705e-09
4.3939393939e-01 -5.6060606061e-01 0.0000000000e+00 7.3254358384e-09 -8.1840274333e-09
4.6969696970e-01 -5.6060606061e-01 0.0000000000e+00 7.1335009468e-09 -8.0387128998e-09
5.0000000000e-01 -5.6060606061e-01 0.0000000000e+00 6.9445048341e-09 -7.8994451690e-09
5.3030303030e-01 -5.6060606061e-01 0.0000000000e+00 6.7592657936e-09 -7.7670425344e-09
5.6060606061e-01 -5.6060606061e-01 0.0000000000e+00 6.5784114728e-09 -7.6421326433e-09
5.9090909091e-01 -5.6060606061e-01 0.0000000000e+00 6.4024058487e-09 -7.5251794728e-09
6.2121212121e-01 -5.6060606061e-01 0.0000000000e+00 6.2315747058e-09 -7.4165088073e-09
6.5151515152e-01 -5.6060606061e-01 0.0000000000e+00 6.0661289033e-09 -7.3163315062e-09
6.8181818182e-01 -5.6060606061e-01 0.0000000000e+00 5.9061850908e-09 -7.2247642189e-09
7.1212121212e-01 -5.6060606061e-01 0.0000000000e+00 5.7517837848e-09 -7.1418474620e-09
7.4242424242e-01 -5.6060606061e-01 0.0000000000e+00 5.6029048867e-09 -7.0675611368e-09
7.7272727273e-01 -5.6060606061e-01 0.0000000000e+00 5.4594808231e-09 -7.0018376700e-09
8.0303030303e-01 -5.6060606061e-01 0.0000000000e+00 5.3214075418e-09 -6.9445730094e-09
8.3333333333e-01 -5.6060606061e-01 0.0000000000e+00 5.1885536160e-09 -6.8956357282e-09
8.6363636364e-01 -5.6060606061e-01 0.0000000000e+00 5.0607677099e-09 -6.8548744906e-09
8.9393939394e-01 -5.6060606061e-01 0.0000000000e+00 4.9378846442e-09 -6.8221241171e-09
9.2424242424e-01 -5.6060606061e-01 0.0000000000e+00 4.8197302772e-09 -6.7972104663e-09
9.5454545455e-01 -5.6060606061e-01 0.0000000000e+00 4.7061253971e-09 -6.7799543264e-09
9.8484848485e-01 -5.6060606061e-01 0.0000000000e+00 4.5968887924e-09 -6.7701744855e-09
1.0151515152e+00 -5.6060606061e-01 0.0000000000e+00 4.4918396446e-09 -6.7676901255e-09
1.0454545455e+00 -5.6060606061e-01 0.0000000000e+00 4.3907993685e-09 -6.7723226612e-09
1.0757575758e+00 -5.6060606061e-01 0.0000000000e+00 4.2935930014e-09 -6.7838971296e-09
1.1060606061e+00 -5.6060606061e-01 0.0000000000e+00 4.2000502279e-09 -6.8022432156e-09
1.1363636364e+00 -5.6060606061e-01 0.0000000000e+00 4.1100061137e-09 -6.8271959846e-09
1.1666666667e+00 -5.6060606061e-01 0.0000000000e+00 4.0233016044e-09 -6.8585963825e-09
1.1969696970e+00 -5.6060606061e-01 0.0000000000e+00 3.9397838404e-09 -6.8962915496e-09
1.2272727273e+00 -5.6060606061e-01 0.0000000000e+00 3.8593063268e-09 -6.9401349908e-09
1.2575757576e+00 -5.6060606061e-01 0.0000000000e+00 3.7817289885e-09 -6.9899866313e-09
1.2878787879e+00 -5.6060606061e-01 0.0000000000e+00 3.7069181400e-09 -7.0457127855e-09
1.3181818182e+00 -5.6060606061e-01 0.0000000000e+00 3.6347463879e-09 -7.1071860599e-09
1.3484848485e+00 -5.6060606061e-01 0.0000000000e+00 3.5650924844e-09 -7.1742852069e-09
1.3787878788e+00 -5.6060606061e-01 0.0000000000e+00 3.4978411451e-09 -7.2468949418e-09
1.4090909091e+00 -5.6060606061e-01 0.0000000000e+00 3.4328828414e-09 -7.3249057363e-09
1.4393939394e+00 -5.6060606061e-01 0.0000000000e+00 3.3701135767e-09 -7.4082135936e-09
1.4696969697e+00 -5.6060606061e-01 0.0000000000e+00 3.3094346527e-09 -7.4967198155e-09
1.5000000000e+00 -5.6060606061e-01 0.0000000000e+00 3.2507524302e-09 -7.5903307628e-09
-1.5000000000e+00 -5.3030303030e-01 0.0000000000e+00 3.2720211939e-09 -7.5556550968e-09
-1.4696969697e+00 -5.3030303030e-01 0.0000000000e+00 3.3318883808e-09 -7.4632291139e-09
-1.4393939394e+00 -5.3030303030e-01 0.0000000000e+00 3.3938387913e-09 -7.3759943785e-09
-1.4090909091e+00 -5.3030303030e-01 0.0000000000e+00 3.4579737780e-09 -7.2940522432e-09
-1.3787878788e+00 -5.3030303030e-01 0.0000000000e+00 3.5244005508e-09 -7.2175099179e-09
-1.3484848485e+00 -5.3030303030e-01 0.0000000000e+00 3.5932325070e-09 -7.1464807998e-09
-1.3181818182e+00 -5.3030303030e-01 0.0000000000e+00 3.6645895675e-09 -7.0810848098e-09
-1.2878787879e+00 -5.3030303030e-01 0.0000000000e+00 3.7385985152e-09 -7.0214487310e-09
-1.2575757576e+00 -5.3030303030e-01 0.0000000000e+00 3.8153933311e-09 -6.9677065442e-09
-1.2272727273e+00 -5.3030303030e-01 0.0000000000e+00 3.8951155187e-09 -6.9199997531e-09
-1.1969696970e+00 -5.3030303030e-01 0.0000000000e+00 3.9779144113e-09 -6.8784776907e-09
-1.1666666667e+00 -5.3030303030e-01 0.0000000000e+00 4.0639474450e-09 -6.8432977934e-09
-1.1363636364e+00 -5.3030303030e-01 0.0000000000e+00 4.1533803877e-09 -6.8146258289e-09
-1.1060606061e+00 -5.3030303030e-01 0.0000000000e+00 4.2463874985e-09 -6.7926360564e-09
-1.0757575758e+00 -5.3030303030e-01 0.0000000000e+00 4.3431515975e-09 -6.7775112960e-09
-1.0454545455e+00 -5.3030303030e-01 0.0000000000e+00 4.4438640097e-09 -6.7694428726e-09
-1.0151515152e+00 -5.3030303030e-01 0.0000000000e+00 4.5487243463e-09 -6.7686303976e-09
-9.8484848485e-01 -5.3030303030e-01 0.0000000000e+00 4.6579400708e-09 -6.7752813342e-09
-9.5454545455e-01 -5.3030303030e-01 0.0000000000e+00 4.7717257877e-09 -6.7896102872e-09
-9.2424242424e-01 -5.3030303030e-01 0.0000000000e+00 4.8903021772e-09 -6.8118379366e-09
-8.9393939394e-01 -5.3030303030e-01 0.0000000000e+00 5.0138944766e-09 -6.8421895198e-09
-8.6363636364e-01 -5.3030303030e-01 0.0000000000e+00 5.1427303935e-09 -6.8808927444e-09
-8.3333333333e-01 -5.3030303030e-01 0.0000000000e+00 5.2770373035e-09 -6.9281749860e-09
-8.0303030303e-01 -5.3030303030e-01 0.0000000000e+00 5.4170385591e-09 -6.9842595971e-09
-7.7272727273e-01 -5.3030303030e-01 0.0000000000e+00 5.5629487001e-09 -7.0493611173e-09
-7.4242424242e-01 -5.3030303030e-01 0.0000000000e+00 5.7149673157e-09 -7.1236791361e-09
-7.1212121212e-01 -5.3030303030e-01 0.0000000000e+00 5.8732712714e-09 -7.2073905188e-09
-6.8181818182e-01 -5.3030303030e-01 0.0000000000e+00 6.0380049661e-09 -7.3006396644e-09
-6.5151515152e-01 -5.3030303030e-01 0.0000000000e+00 6.2092682543e-09 -7.4035264275e-09
-6.2121212121e-01 -5.3030303030e-01 0.0000000000e+00 6.3871016384e-09 -7.5160913103e-09
-5.9090909091e-01 -5.3030303030e-01 0.0000000000e+00 6.5714683343e-09 -7.6382975287e-09
-5.6060606061e-01 -5.3030303030e-01 0.0000000000e+00 6.7622328503e-09 -7.7700095911e-09
-5.3030303030e-01 -5.3030303030e-01 0.0000000000e+00 6.9591358138e-09 -7.9109681249e-09
-5.0000000000e-01 -5.3030303030e-01 0.0000000000e+00 7.1617649661e-09 -8.0607608713e-09
-4.6969696970e-01 -5.3030303030e-01 0.0000000000e+00 7.3695225514e-09 -8.2187900747e-09
-4.3939393939e-01 -5.3030303030e-01 0.0000000000e+00 7.5815897936e-09 -8.3842369588e-09
-4.0909090909e-01 -5.3030303030e-01 0.0000000000e+00 7.7968898049e-09 -8.5560246359e-09
-3.7878787879e-01 -5.3030303030e-01 0.0000000000e+00 8.0140511248e-09 -8.7327816454e-09
-3.4848484848e-01 -5.3030303030e-01 0.0000000000e+00 8.2313751127e-09 -8.9128093468e-09
-3.1818181818e-01 -5.3030303030e-01 0.0000000000e+00 8.4468115360e-09 -9.0940575076e-09
-2.8787878788e-01 -5.3030303030e-01 0.0000000000e+00 8.6579477515e-09 -9.2741134843e-09
-2.5757575758e-01 -5.3030303030e-01 0.0000000000e+00 8.8620176383e-09 -9.4502111563e-09
-2.2727272727e-01 -5.3030303030e-01 0.0000000000e+00 9.0559366157e-09 -9.6192659427e-09
-1.9696969697e-01 -5.3030303030e-01 0.0000000000e+00 9.2363683352e-09 -9.7779414950e-09
-1.6666666667e-01 -5.3030303030e-01 0.0000000000e+00 9.3998266517e-09 -9.9227516683e-09
-1.3636363636e-01 -5.3030303030e-01 0.0000000000e+00 9.5428129974e-09 -1.0050197895e-08
-1.0606060606e-01 -5.3030303030e-01 0.0000000000e+00 9.6619842599e-09 -1.0156937062e-08
-7.5757575758e-02 -5.3030303030e-01 0.0000000000e+00 9.7543401248e-09 -1.0239968855e-08
-4.5454545455e-02 -5.3030303030e-01 0.0000000000e+00 9.8174127513e-09 -1.0296825434e-08
-1.5151515152e-02 -5.3030303030e-01 0.0000000000e+00 9.8494374788e-09 -1.0325742137e-08
1.5151515152e-02 -5.3030303030e-01 0.0000000000e+00 9.8494829208e-09 -1.0325787579e-08
4.5454545455e-02 -5.3030303030e-01 0.0000000000e+00 9.8175230515e-09 -1.0296935734e-08
7.5757575758e-02 -5.3030303030e-01 0.0000000000e+00 9.7544417170e-09 -1.0240070447e-08
1.0606060606e-01 -5.3030303030e-01 0.0000000000e+00 9.6619692285e-09 -1.0156922030e-08
1.3636363636e-01 -5.3030303030e-01 0.0000000000e+00 9.5425593398e-09 -1.0049944237e-08
1.6666666667e-01 -5.3030303030e-01 0.0000000000e+00 9.3992218642e-09 -9.9221468808e-09
1.9696969697e-01 -5.3030303030e-01 0.0000000000e+00 9.2353308282e-09 -9.7769039880e-09
2.2727272727e-01 -5.3030303030e-01 0.0000000000e+00 9.0544296893e-09 -9.6177590162e-09
2.5757575758e-01 -5.3030303030e-01 0.0000000000e+00 8.8600532030e-09 -9.4482467210e-09
2.8787878788e-01 -5.3030303030e-01 0.0000000000e+00 8.6555803718e-09 -9.2717461046e-09
3.1818181818e-01 -5.3030303030e-01 0.0000000000e+00 8.4441259993e-09 -9.0913719708e-09
3.4848484848e-01 -5.3030303030e-01 0.0000000000e+00 8.2284716575e-09 -8.9099058917e-09
3.7878787879e-01 -5.3030303030e-01 0.0000000000e+00 8.0110318471e-09 -8.7297623677e-09
4.0909090909e-01 -5.3030303030e-01 0.0000000000e+00 7.7938483513e-09 -8.5529831822e-09
4.3939393939e-01 -5.3030303030e-01 0.0000000000e+00 7.5786050127e-09 -8.3812521778e-09
4.6969696970e-01 -5.3030303030e-01 0.0000000000e+00 7.3666557432e-09 -8.2159232665e-09
5.0000000000e-01 -5.3030303030e-01 0.0000000000e+00 7.1590598543e-09 -8.0580557595e-09
5.3030303030e-01 -5.3030303030e-01 0.0000000000e+00 6.9566202557e-09 -7.9084525667e-09
5.6060606061e-01 -5.3030303030e-01 0.0000000000e+00 6.7599214314e-09 -7.7676981722e-09
5.9090909091e-01 -5.3030303030e-01 0.0000000000e+00 6.5693652221e-09 -7.6361944164e-09
6.2121212121e-01 -5.3030303030e-01 0.0000000000e+00 6.3852032957e-09 -7.5141929675e-09
6.5151515152e-01 -5.3030303030e-01 0.0000000000e+00 6.2075658018e-09 -7.4018239750e-09
6.8181818182e-01 -5.3030303030e-01 0.0000000000e+00 6.0364861126e-09 -7.2991208110e-09
7.1212121212e-01 -5.3030303030e-01 0.0000000000e+00 5.8719218118e-09 -7.2060410592e-09
7.4242424242e-01 -5.3030303030e-01 0.0000000000e+00 5.7137722423e-09 -7.1224840628e-09
7.7272727273e-01 -5.3030303030e-01 0.0000000000e+00 5.5618929901e-09 -7.0483054073e-09
8.0303030303e-01 -5.3030303030e-01 0.0000000000e+00 5.4161077042e-09 -6.9833287421e-09
8.3333333333e-01 -5.3030303030e-01 0.0000000000e+00 5.2762176424e-09 -6.9273553249e-09
8.6363636364e-01 -5.3030303030e-01 0.0000000000e+00 5.1420092994e-09 -6.8801716503e-09
8.9393939394e-01 -5.3030303030e-01 0.0000000000e+00 5.0132604407e-09 -6.8415554840e-09
9.2424242424e-01 -5.3030303030e-01 0.0000000000e+00 4.8897448215e-09 -6.8112805810e-09
9.5454545455e-01 -5.3030303030e-01 0.0000000000e+00 4.7712358311e-09 -6.7891203306e-09
9.8484848485e-01 -5.3030303030e-01 0.0000000000e+00 4.6575092659e-09 -6.7748505293e-09
1.0151515152e+00 -5.3030303030e-01 0.0000000000e+00 4.5483454011e-09 -6.7682514523e-09
1.0454545455e+00 -5.3030303030e-01 0.0000000000e+00 4.4435305015e-09 -6.7691093645e-09
1.0757575758e+00 -5.3030303030e-01 0.0000000000e+00 4.3428578862e-09 -6.7772175847e-09
1.1060606061e+00 -5.3030303030e-01 0.0000000000e+00 4.2461286422e-09 -6.7923772001e-09
1.1363636364e+00 -5.3030303030e-01 0.0000000000e+00 4.1531520631e-09 -6.8143975043e-09
1.1666666667e+00 -5.3030303030e-01 0.0000000000e+00 4.0637458747e-09 -6.8430962230e-09
1.1969696970e+00 -5.3030303030e-01 0.0000000000e+00 3.9777362967e-09 -6.8782995761e-09
1.2272727273e+00 -5.3030303030e-01 0.0000000000e+00 3.8949579813e-09 -6.9198422156e-09
1.2575757576e+00 -5.3030303030e-01 0.0000000000e+00 3.8152538585e-09 -6.9675670716e-09
1.2878787879e+00 -5.3030303030e-01 0.0000000000e+00 3.7384749150e-09 -7.0213251308e-09
1.3181818182e+00 -5.3030303030e-01 0.0000000000e+00 3.6644799255e-09 -7.0809751679e-09
1.3484848485e+00 -5.3030303030e-01 0.0000000000e+00 3.5931351516e-09 -7.1463834444e-09
1.3787878788e+00 -5.3030303030e-01 0.0000000000e+00 3.5243140211e-09 -7.2174233881e-09
1.4090909091e+00 -5.3030303030e-01 0.0000000000e+00 3.4578967963e-09 -7.2939752615e-09
1.4393939394e+00 -5.3030303030e-01 0.0000000000e+00 3.3937702396e-09 -7.3759258268e-09
1.4696969697e+00 -5.3030303030e-01 0.0000000000e+00 3.3318272798e-09 -7.4631680129e-09
1.5000000000e+00 -5.3030303030e-01 0.0000000000e+00 3.2719666850e-09 -7.5556005879e-09
-1.5000000000e+00 -5.0000000000e-01 0.0000000000e+00 3.2924406859e-09 -7.5232381829e-09
-1.4696969697e+00 -5.0000000000e-01 0.0000000000e+00 3.3534573588e-09 -7.4319616860e-09
-1.4393939394e+00 -5.0000000000e-01 0.0000000000e+00 3.4166423311e-09 -7.3459615125e-09
-1.4090909091e+00 -5.0000000000e-01 0.0000000000e+00 3.4821046785e-09 -7.2653467378e-09
-1.3787878788e+00 -5.0000000000e-01 0.0000000000e+00 3.5499601531e-09 -7.1902331143e-09
-1.3484848485e+00 -5.0000000000e-01 0.0000000000e+00 3.6203316110e-09 -7.1207434979e-09
-1.3181818182e+00 -5.0000000000e-01 0.0000000000e+00 3.6933494584e-09 -7.0570082949e-09
-1.2878787879e+00 -5.0000000000e-01 0.0000000000e+00 3.7691521143e-09 -6.9991659242e-09
-1.2575757576e+00 -5.0000000000e-01 0.0000000000e+00 3.8478864856e-09 -6.9473632929e-09
-1.2272727273e+00 -5.0000000000e-01 0.0000000000e+00 3.9297084506e-09 -6.9017562791e-09
-1.1969696970e+00 -5.0000000000e-01 0.0000000000e+00 4.0147833416e-09 -6.8625102152e-09
-1.1666666667e+00 -5.0000000000e-01 0.0000000000e+00 4.1032864201e-09 -6.8298003626e-09
-1.1363636364e+00 -5.0000000000e-01 0.0000000000e+00 4.1954033280e-09 -6.8038123634e-09
-1.1060606061e+00 -5.0000000000e-01 0.0000000000e+00 4.2913305006e-09 -6.7847426527e-09
-1.0757575758e+00 -5.0000000000e-01 0.0000000000e+00 4.3912755161e-09 -6.7727988087e-09
-1.0454545455e+00 -5.0000000000e-01 0.0000000000e+00 4.4954573535e-09 -6.7681998106e-09
-1.0151515152e+00 -5.0000000000e-01 0.0000000000e+00 4.6041065209e-09 -6.7711761663e-09
-9.8484848485e-01 -5.0000000000e-01 0.0000000000e+00 4.7174650034e-09 -6.7819698610e-09
-9.5454545455e-01 -5.0000000000e-01 0.0000000000e+00 4.8357859695e-09 -6.8008340632e-09
-9.2424242424e-01 -5.0000000000e-01 0.0000000000e+00 4.9593331552e-09 -6.8280325088e-09
-8.9393939394e-01 -5.0000000000e-01 0.0000000000e+00 5.0883798244e-09 -6.8638384618e-09
-8.6363636364e-01 -5.0000000000e-01 0.0000000000e+00 5.2232071795e-09 -6.9085331246e-09
-8.3333333333e-01 -5.0000000000e-01 0.0000000000e+00 5.3641020617e-09 -6.9624033384e-09
-8.0303030303e-01 -5.0000000000e-01 0.0000000000e+00 5.5113537434e-09 -7.0257383755e-09
-7.7272727273e-01 -5.0000000000e-01 0.0000000000e+00 5.6652495687e-09 -7.0988255801e-09
-7.4242424242e-01 -5.0000000000e-01 0.0000000000e+00 5.8260691438e-09 -7.1819445583e-09
-7.1212121212e-01 -5.0000000000e-01 0.0000000000e+00 5.9940767159e-09 -7.2753595576e-09
-6.8181818182e-01 -5.0000000000e-01 0.0000000000e+00 6.1695113136e-09 -7.3793096062e-09
-6.5151515152e-01 -5.0000000000e-01 0.0000000000e+00 6.3525741468e-09 -7.4939959142e-09
-6.2121212121e-01 -5.0000000000e-01 0.0000000000e+00 6.5434127007e-09 -7.6195659667e-09
-5.9090909091e-01 -5.0000000000e-01 0.0000000000e+00 6.7421009025e-09 -7.7560936911e-09
-5.6060606061e-01 -5.0000000000e-01 0.0000000000e+00 6.9486147230e-09 -7.9035550580e-09
-5.3030303030e-01 -5.0000000000e-01 0.0000000000e+00 7.1628026144e-09 -8.0617985196e-09
-5.0000000000e-01 -5.0000000000e-01 0.0000000000e+00 7.3843503310e-09 -8.2305098304e-09
-4.6969696970e-01 -5.0000000000e-01 0.0000000000e+00 7.6127399721e-09 -8.4091710896e-09
-4.3939393939e-01 -5.0000000000e-01 0.0000000000e+00 7.8472035961e-09 -8.5970143554e-09
-4.0909090909e-01 -5.0000000000e-01 0.0000000000e+00 8.0866725455e-09 -8.7929709706e-09
-3.7878787879e-01 -5.0000000000e-01 0.0000000000e+00 8.3297247479e-09 -8.9956188626e-09
-3.4848484848e-01 -5.0000000000e-01 0.0000000000e+00 8.5745337190e-09 -9.2031315473e-09
-3.1818181818e-01 -5.0000000000e-01 0.0000000000e+00 8.8188247371e-09 -9.4132343028e-09
-2.8787878788e-01 -5.0000000000e-01 0.0000000000e+00 9.0598454769e-09 -9.6231748038e-09
-2.5757575758e-01 -5.0000000000e-01 0.0000000000e+00 9.2943599844e-09 -9.8297170965e-09
-2.2727272727e-01 -5.0000000000e-01 0.0000000000e+00 9.5186758025e-09 -1.0029168724e-08
-1.9696969697e-01 -5.0000000000e-01 0.0000000000e+00 9.7287138033e-09 -1.0217450557e-08
-1.6666666667e-01 -5.0000000000e-01 0.0000000000e+00 9.9201283093e-09 -1.0390216920e-08
-1.3636363636e-01 -5.0000000000e-01 0.0000000000e+00 1.0088480774e-08 -1.0543029266e-08
-1.0606060606e-01 -5.0000000000e-01 0.0000000000e+00 1.0229463174e-08 -1.0671579570e-08
-7.5757575758e-02 -5.0000000000e-01 0.0000000000e+00 1.0339157398e-08 -1.0771949722e-08
-4.5454545455e-02 -5.0000000000e-01 0.0000000000e+00 1.0414305918e-08 -1.0840882194e-08
-1.5151515152e-02 -5.0000000000e-01 0.0000000000e+00 1.0452560403e-08 -1.0876028656e-08
1.5151515152e-02 -5.0000000000e-01 0.0000000000e+00 1.0452673129e-08 -1.0876141382e-08
4.5454545455e-02 -5.0000000000e-01 0.0000000000e+00 1.0414603110e-08 -1.0841179387e-08
7.5757575758e-02 -5.0000000000e-01 0.0000000000e+00 1.0339522487e-08 -1.0772314811e-08
1.0606060606e-01 -5.0000000000e-01 0.0000000000e+00 1.0229723715e-08 -1.0671840110e-08
1.3636363636e-01 -5.0000000000e-01 0.0000000000e+00 1.0088440855e-08 -1.0542989346e-08
1.6666666667e-01 -5.0000000000e-01 0.0000000000e+00 9.9196081264e-09 -1.0389696737e-08
1.9696969697e-01 -5.0000000000e-01 0.0000000000e+00 9.7275859692e-09 -1.0216322723e-08
2.2727272727e-01 -5.0000000000e-01 0.0000000000e+00 9.5168878431e-09 -1.0027380764e-08
2.5757575758e-01 -5.0000000000e-01 0.0000000000e+00 9.2919378769e-09 -9.8272949890e-09
2.8787878788e-01 -5.0000000000e-01 0.0000000000e+00 9.0568803147e-09 -9.6202096417e-09
3.1818181818e-01 -5.0000000000e-01 0.0000000000e+00 8.8154495417e-09 -9.4098591074e-09
3.4848484848e-01 -5.0000000000e-01 0.0000000000e+00 8.5708983627e-09 -9.1994961910e-09
3.7878787879e-01 -5.0000000000e-01 0.0000000000e+00 8.3259748883e-09 -8.9918690031e-09
4.0909090909e-01 -5.0000000000e-01 0.0000000000e+00 8.0829353562e-09 -8.7892337814e-09
4.3939393939e-01 -5.0000000000e-01 0.0000000000e+00 7.8435804501e-09 -8.5933912094e-09
4.6969696970e-01 -5.0000000000e-01 0.0000000000e+00 7.6093047096e-09 -8.4057358270e-09
5.0000000000e-01 -5.0000000000e-01 0.0000000000e+00 7.3811512345e-09 -8.2273107339e-09
5.3030303030e-01 -5.0000000000e-01 0.0000000000e+00 7.1598663643e-09 -8.0588622695e-09
5.6060606061e-01 -5.0000000000e-01 0.0000000000e+00 6.9459510356e-09 -7.9008913706e-09
5.9090909091e-01 -5.0000000000e-01 0.0000000000e+00 6.7397070264e-09 -7.7536998149e-09
6.2121212121e-01 -5.0000000000e-01 0.0000000000e+00 6.5412773334e-09 -7.6174305994e-09
6.5151515152e-01 -5.0000000000e-01 0.0000000000e+00 6.3506806070e-09 -7.4921023743e-09
6.8181818182e-01 -5.0000000000e-01 0.0000000000e+00 6.1678399663e-09 -7.3776382588e-09
7.1212121212e-01 -5.0000000000e-01 0.0000000000e+00 5.9926067367e-09 -7.2738895783e-09
7.4242424242e-01 -5.0000000000e-01 0.0000000000e+00 5.8247797388e-09 -7.1806551533e-09
7.7272727273e-01 -5.0000000000e-01 0.0000000000e+00 5.6641207705e-09 -7.0976967819e-09
8.0303030303e-01 -5.0000000000e-01 0.0000000000e+00 5.5103668904e-09 -7.0247515225e-09
8.3333333333e-01 -5.0000000000e-01 0.0000000000e+00 5.3632400512e-09 -6.9615413278e-09
8.6363636364e-01 -5.0000000000e-01 0.0000000000e+00 5.2224545630e-09 -6.9077805081e-09
8.9393939394e-01 -5.0000000000e-01 0.0000000000e+00 5.0877227999e-09 -6.8631814373e-09
9.2424242424e-01 -5.0000000000e-01 0.0000000000e+00 4.9587594944e-09 -6.8274588480e-09
9.5454545455e-01 -5.0000000000e-01 0.0000000000e+00 4.8352849069e-09 -6.8003330006e-09
9.8484848485e-01 -5.0000000000e-01 0.0000000000e+00 4.7170271075e-09 -6.7815319651e-09
1.0151515152e+00 -5.0000000000e-01 0.0000000000e+00 4.6037235592e-09 -6.7707932046e-09
1.0454545455e+00 -5.0000000000e-01 0.0000000000e+00 4.4951221598e-09 -6.7678646169e-09
1.0757575758e+00 -5.0000000000e-01 0.0000000000e+00 4.3909818648e-09 -6.7725051575e-09
1.1060606061e+00 -5.0000000000e-01 0.0000000000e+00 4.2910729908e-09 -6.7844851428e-09
1.1363636364e+00 -5.0000000000e-01 0.0000000000e+00 4.1951772781e-09 -6.8035863134e-09
1.1666666667e+00 -5.0000000000e-01 0.0000000000e+00 4.1030877742e-09 -6.8296017167e-09
1.1969696970e+00 -5.0000000000e-01 0.0000000000e+00 4.0146085866e-09 -6.8623354602e-09
1.2272727273e+00 -5.0000000000e-01 0.0000000000e+00 3.9295545429e-09 -6.9016023714e-09
1.2575757576e+00 -5.0000000000e-01 0.0000000000e+00 3.8477507876e-09 -6.9472275949e-09
1.2878787879e+00 -5.0000000000e-01 0.0000000000e+00 3.7690323389e-09 -6.9990461489e-09
1.3181818182e+00 -5.0000000000e-01 0.0000000000e+00 3.6932436214e-09 -7.0569024579e-09
1.3484848485e+00 -5.0000000000e-01 0.0000000000e+00 3.6202379893e-09 -7.1206498762e-09
1.3787878788e+00 -5.0000000000e-01 0.0000000000e+00 3.5498772492e-09 -7.1901502104e-09
1.4090909091e+00 -5.0000000000e-01 0.0000000000e+00 3.4820311896e-09 -7.2652732489e-09
1.4393939394e+00 -5.0000000000e-01 0.0000000000e+00 3.4165771225e-09 -7.3458963039e-09
1.4696969697e+00 -5.0000000000e-01 0.0000000000e+00 3.3533994414e-09 -7.4319037686e-09
1.5000000000e+00 -5.0000000000e-01 0.0000000000e+00 3.2923891963e-09 -7.5231866933e-09
-1.5000000000e+00 -4.6969696970e-01 0.0000000000e+00 3.3120126537e-09 -7.4930817688e-09
-1.4696969697e+00 -4.6969696970e-01 0.0000000000e+00 3.3741452232e-09 -7.4029211685e-09
-1.4393939394e+00 -4.6969696970e-01 0.0000000000e+00 3.4385300854e-09 -7.3181208848e-09
-1.4090909091e+00 -4.6969696970e-01 0.0000000000e+00 3.5052841097e-09 -7.2387977870e-09
-1.3787878788e+00 -4.6969696970e-01 0.0000000000e+00 3.5745316929e-09 -7.1650762722e-09
-1.3484848485e+00 -4.6969696970e-01 0.0000000000e+00 3.6464052921e-09 -7.0970887970e-09
-1.3181818182e+00 -4.6969696970e-01 0.0000000000e+00 3.7210459896e-09 -7.0349764441e-09
-1.2878787879e+00 -4.6969696970e-01 0.0000000000e+00 3.7986040917e-09 -6.9788895197e-09
-1.2575757576e+00 -4.6969696970e-01 0.0000000000e+00 3.8792397583e-09 -6.9289881836e-09
-1.2272727273e+00 -4.6969696970e-01 0.0000000000e+00 3.9631236604e-09 -6.8854431069e-09
-1.1969696970e+00 -4.6969696970e-01 0.0000000000e+00 4.0504376632e-09 -6.8484361548e-09
-1.1666666667e+00 -4.6969696970e-01 0.0000000000e+00 4.1413755266e-09 -6.8181610872e-09
-1.1363636364e+00 -4.6969696970e-01 0.0000000000e+00 4.2361436138e-09 -6.7948242672e-09
-1.1060606061e+00 -4.6969696970e-01 0.0000000000e+00 4.3349615954e-09 -6.7786453655e-09
-1.0757575758e+00 -4.6969696970e-01 0.0000000000e+00 4.4380631294e-09 -6.7698580400e-09
-1.0454545455e+00 -4.6969696970e-01 0.0000000000e+00 4.5456964925e-09 -6.7687105676e-09
-1.0151515152e+00 -4.6969696970e-01 0.0000000000e+00 4.6581251287e-09 -6.7754663921e-09
-9.8484848485e-01 -4.6969696970e-01 0.0000000000e+00 4.7756280697e-09 -6.7904045454e-09
-9.5454545455e-01 -4.6969696970e-01 0.0000000000e+00 4.8985001688e-09 -6.8138198805e-09
-9.2424242424e-01 -4.6969696970e-01 0.0000000000e+00 5.0270520693e-09 -6.8460230409e-09
-8.9393939394e-01 -4.6969696970e-01 0.0000000000e+00 5.1616098073e-09 -6.8873400627e-09
-8.6363636364e-01 -4.6969696970e-01 0.0000000000e+00 5.3025139185e-09 -6.9381114817e-09
-8.3333333333e-01 -4.6969696970e-01 0.0000000000e+00 5.4501178802e-09 -6.9986907749e-09
-8.0303030303e-01 -4.6969696970e-01 0.0000000000e+00 5.6047856737e-09 -7.0694419238e-09
-7.7272727273e-01 -4.6969696970e-01 0.0000000000e+00 5.7668881964e-09 -7.1507358258e-09
-7.4242424242e-01 -4.6969696970e-01 0.0000000000e+00 5.9367981778e-09 -7.2429452104e-09
-7.1212121212e-01 -4.6969696970e-01 0.0000000000e+00 6.1148831730e-09 -7.3464376326e-09
-6.8181818182e-01 -4.6969696970e-01 0.0000000000e+00 6.3014961028e-09 -7.4615660134e-09
-6.5151515152e-01 -4.6969696970e-01 0.0000000000e+00 6.4969626999e-09 -7.5886560853e-09
-6.2121212121e-01 -4.6969696970e-01 0.0000000000e+00 6.7015650910e-09 -7.7279899750e-09
-5.9090909091e-01 -4.6969696970e-01 0.0000000000e+00 6.9155206259e-09 -7.8797850325e-09
-5.6060606061e-01 -4.6969696970e-01 0.0000000000e+00 7.1389549559e-09 -8.0441669089e-09
-5.3030303030e-01 -4.6969696970e-01 0.0000000000e+00 7.3718683065e-09 -8.2211358298e-09
-5.0000000000e-01 -4.6969696970e-01 0.0000000000e+00 7.6140939352e-09 -8.4105250526e-09
-4.6969696970e-01 -4.6969696970e-01 0.0000000000e+00 7.8652479737e-09 -8.6119507092e-09
-4.3939393939e-01 -4.6969696970e-01 0.0000000000e+00 8.1246703438e-09 -8.8247527211e-09
-4.0909090909e-01 -4.6969696970e-01 0.0000000000e+00 8.3913573077e-09 -9.0479273509e-09
-3.7878787879e-01 -4.6969696970e-01 0.0000000000e+00 8.6638876138e-09 -9.2800533466e-09
-3.4848484848e-01 -4.6969696970e-01 0.0000000000e+00 8.9403461911e-09 -9.5192156375e-09
-3.1818181818e-01 -4.6969696970e-01 0.0000000000e+00 9.2182519395e-09 -9.7629331232e-09
-2.8787878788e-01 -4.6969696970e-01 0.0000000000e+00 9.4944991351e-09 -1.0008100080e-08
-2.5757575758e-01 -4.6969696970e-01 0.0000000000e+00 9.7653249158e-09 -1.0250953646e-08
-2.2727272727e-01 -4.6969696970e-01 0.0000000000e+00 1.0026317584e-08 -1.0487082123e-08
-1.9696969697e-01 -4.6969696970e-01 0.0000000000e+00 1.0272481344e-08 -1.0711489716e-08
-1.6666666667e-01 -4.6969696970e-01 0.0000000000e+00 1.0498371768e-08 -1.0918731997e-08
-1.3636363636e-01 -4.6969696970e-01 0.0000000000e+00 1.0698311713e-08 -1.1103131822e-08
-1.0606060606e-01 -4.6969696970e-01 0.0000000000e+00 1.0866688082e-08 -1.1259076096e-08
-7.5757575758e-02 -4.6969696970e-01 0.0000000000e+00 1.0998314474e-08 -1.1381378416e-08
-4.5454545455e-02 -4.6969696970e-01 0.0000000000e+00 1.1088824497e-08 -1.1465672391e-08
-1.5151515152e-02 -4.6969696970e-01 0.0000000000e+00 1.1135041960e-08 -1.1508781831e-08
1.5151515152e-02 -4.6969696970e-01 0.0000000000e+00 1.1135268144e-08 -1.1509008014e-08
4.5454545455e-02 -4.6969696970e-01 0.0000000000e+00 1.1089439444e-08 -1.1466287339e-08
7.5757575758e-02 -4.6969696970e-01 0.0000000000e+00 1.0999134720e-08 -1.1382198663e-08
1.0606060606e-01 -4.6969696970e-01 0.0000000000e+00 1.0867436870e-08 -1.1259824884e-08
1.3636363636e-01 -4.6969696970e-01 0.0000000000e+00 1.0698670320e-08 -1.1103490429e-08
1.6666666667e-01 -4.6969696970e-01 0.0000000000e+00 1.0498048303e-08 -1.0918408532e-08
1.9696969697e-01 -4.6969696970e-01 0.0000000000e+00 1.0271275284e-08 -1.0710283657e-08
2.2727272727e-01 -4.6969696970e-01 0.0000000000e+00 1.0024157161e-08 -1.0484921700e-08
2.5757575758e-01 -4.6969696970e-01 0.0000000000e+00 9.7622676841e-09 -1.0247896414e-08
2.8787878788e-01 -4.6969696970e-01 0.0000000000e+00 9.4907024545e-09 -1.0004303400e-08
3.1818181818e-01 -4.6969696970e-01 0.0000000000e+00 9.2139292036e-09 -9.7586103873e-09
3.4848484848e-01 -4.6969696970e-01 0.0000000000e+00 8.9357242335e-09 -9.5145936798e-09
3.7878787879e-01 -4.6969696970e-01 0.0000000000e+00 8.6591747464e-09 -9.2753404793e-09
4.0909090909e-01 -4.6969696970e-01 0.0000000000e+00 8.3867248136e-09 -9.0432948567e-09
4.3939393939e-01 -4.6969696970e-01 0.0000000000e+00 8.1202457427e-09 -8.8203281201e-09
4.6969696970e-01 -4.6969696970e-01 0.0000000000e+00 7.8611164818e-09 -8.6078192173e-09
5.0000000000e-01 -4.6969696970e-01 0.0000000000e+00 7.6103044808e-09 -8.4067355982e-09
5.3030303030e-01 -4.6969696970e-01 0.0000000000e+00 7.3684412942e-09 -8.2177088175e-09
5.6060606061e-01 -4.6969696970e-01 0.0000000000e+00 7.1358899825e-09 -8.0411019355e-09
5.9090909091e-01 -4.6969696970e-01 0.0000000000e+00 6.9128032088e-09 -7.8770676154e-09
6.2121212121e-01 -4.6969696970e-01 0.0000000000e+00 6.6991720571e-09 -7.7255969412e-09
6.5151515152e-01 -4.6969696970e-01 0.0000000000e+00 6.4948662339e-09 -7.5865596192e-09
6.8181818182e-01 -4.6969696970e-01 0.0000000000e+00 6.2996666218e-09 -7.4597365323e-09
7.1212121212e-01 -4.6969696970e-01 0.0000000000e+00 6.1132912581e-09 -7.3448457178e-09
7.4242424242e-01 -4.6969696970e-01 0.0000000000e+00 5.9354157891e-09 -7.2415628217e-09
7.7272727273e-01 -4.6969696970e-01 0.0000000000e+00 5.7656893674e-09 -7.1495369968e-09
8.0303030303e-01 -4.6969696970e-01 0.0000000000e+00 5.6037468461e-09 -7.0684030962e-09
8.3333333333e-01 -4.6969696970e-01 0.0000000000e+00 5.4492179980e-09 -6.9977908927e-09
8.6363636364e-01 -4.6969696970e-01 0.0000000000e+00 5.3017343700e-09 -6.9373319331e-09
8.9393939394e-01 -4.6969696970e-01 0.0000000000e+00 5.1609342776e-09 -6.8866645331e-09
9.2424242424e-01 -4.6969696970e-01 0.0000000000e+00 5.0264663460e-09 -6.8454373176e-09
9.5454545455e-01 -4.6969696970e-01 0.0000000000e+00 4.8979919283e-09 -6.8133116400e-09
9.8484848485e-01 -4.6969696970e-01 0.0000000000e+00 4.7751866626e-09 -6.7899631382e-09
1.0151515152e+00 -4.6969696970e-01 0.0000000000e+00 4.6577413749e-09 -6.7750826383e-09
1.0454545455e+00 -4.6969696970e-01 0.0000000000e+00 4.5453624919e-09 -6.7683765670e-09
1.0757575758e+00 -4.6969696970e-01 0.0000000000e+00 4.4377720905e-09 -6.7695670012e-09
1.1060606061e+00 -4.6969696970e-01 0.0000000000e+00 4.3347076834e-09 -6.7783914535e-09
1.1363636364e+00 -4.6969696970e-01 0.0000000000e+00 4.2359218163e-09 -6.7946024697e-09
1.1666666667e+00 -4.6969696970e-01 0.0000000000e+00 4.1411815373e-09 -6.8179670978e-09
1.1969696970e+00 -4.6969696970e-01 0.0000000000e+00 4.0502677808e-09 -6.8482662725e-09
1.2272727273e+00 -4.6969696970e-01 0.0000000000e+00 3.9629747017e-09 -6.8852941483e-09
1.2575757576e+00 -4.6969696970e-01 0.0000000000e+00 3.8791089835e-09 -6.9288574089e-09
1.2878787879e+00 -4.6969696970e-01 0.0000000000e+00 3.7984891404e-09 -6.9787745684e-09
1.3181818182e+00 -4.6969696970e-01 0.0000000000e+00 3.7209448259e-09 -7.0348752804e-09
1.3484848485e+00 -4.6969696970e-01 0.0000000000e+00 3.6463161585e-09 -7.0969996634e-09
1.3787878788e+00 -4.6969696970e-01 0.0000000000e+00 3.5744530700e-09 -7.1649976492e-09
1.4090909091e+00 -4.6969696970e-01 0.0000000000e+00 3.5052146822e-09 -7.2387283595e-09
1.4393939394e+00 -4.6969696970e-01 0.0000000000e+00 3.4384687136e-09 -7.3180595130e-09
1.4696969697e+00 -4.6969696970e-01 0.0000000000e+00 3.3740909181e-09 -7.4028668634e-09
1.5000000000e+00 -4.6969696970e-01 0.0000000000e+00 3.3119645557e-09 -7.4930336707e-09
-1.5000000000e+00 -4.3939393939e-01 0.0000000000e+00 3.3306821528e-09 -7.4651309098e-09
-1.4696969697e+00 -4.3939393939e-01 0.0000000000e+00 3.3938921349e-09 -7.3760477221e-09
-1.4393939394e+00 -4.3939393939e-01 0.0000000000e+00 3.4594368118e-09 -7.2924072531e-09
-1.4090909091e+00 -4.3939393939e-01 0.0000000000e+00 3.5274408593e-09 -7.2143341786e-09
-1.3787878788e+00 -4.3939393939e-01 0.0000000000e+00 3.5980373555e-09 -7.1419615766e-09
-1.3484848485e+00 -4.3939393939e-01 0.0000000000e+00 3.6713684257e-09 -7.0754315725e-09
-1.3181818182e+00 -4.3939393939e-01 0.0000000000e+00 3.7475859366e-09 -7.0148960330e-09
-1.2878787879e+00 -4.3939393939e-01 0.0000000000e+00 3.8268522404e-09 -6.9605173103e-09
-1.2575757576e+00 -4.3939393939e-01 0.0000000000e+00 3.9093409718e-09 -6.9124690390e-09
-1.2272727273e+00 -4.3939393939e-01 0.0000000000e+00 3.9952378980e-09 -6.8709369864e-09
-1.1969696970e+00 -4.3939393939e-01 0.0000000000e+00 4.0847418207e-09 -6.8361199543e-09
-1.1666666667e+00 -4.3939393939e-01 0.0000000000e+00 4.1780655289e-09 -6.8082307313e-09
-1.1363636364e+00 -4.3939393939e-01 0.0000000000e+00 4.2754367957e-09 -6.7874970910e-09
-1.1060606061e+00 -4.3939393939e-01 0.0000000000e+00 4.3770994142e-09 -6.7741628262e-09
-1.0757575758e+00 -4.3939393939e-01 0.0000000000e+00 4.4833142561e-09 -6.7684888087e-09
-1.0454545455e+00 -4.3939393939e-01 0.0000000000e+00 4.5943603381e-09 -6.7707540552e-09
-1.0151515152e+00 -4.3939393939e-01 0.0000000000e+00 4.7105358670e-09 -6.7812567724e-09
-9.8484848485e-01 -4.3939393939e-01 0.0000000000e+00 4.8321592274e-09 -6.8003153449e-09
-9.5454545455e-01 -4.3939393939e-01 0.0000000000e+00 4.9595698601e-09 -6.8282692137e-09
-9.2424242424e-01 -4.3939393939e-01 0.0000000000e+00 5.0931289620e-09 -6.8654795756e-09
-8.9393939394e-01 -4.3939393939e-01 0.0000000000e+00 5.2332199123e-09 -6.9123298096e-09
-8.6363636364e-01 -4.3939393939e-01 0.0000000000e+00 5.3802482990e-09 -6.9692255040e-09
-8.3333333333e-01 -4.3939393939e-01 0.0000000000e+00 5.5346413793e-09 -7.0365939159e-09
-8.0303030303e-01 -4.3939393939e-01 0.0000000000e+00 5.6968467523e-09 -7.1148826443e-09
-7.7272727273e-01 -4.3939393939e-01 0.0000000000e+00 5.8673299548e-09 -7.2045572262e-09
-7.4242424242e-01 -4.3939393939e-01 0.0000000000e+00 6.0465706058e-09 -7.3060972803e-09
-7.1212121212e-01 -4.3939393939e-01 0.0000000000e+00 6.2350566123e-09 -7.4199907139e-09
-6.8181818182e-01 -4.3939393939e-01 0.0000000000e+00 6.4332758184e-09 -7.5467253709e-09
-6.5151515152e-01 -4.3939393939e-01 0.0000000000e+00 6.6417043098e-09 -7.6867773371e-09
-6.2121212121e-01 -4.3939393939e-01 0.0000000000e+00 6.8607903976e-09 -7.8405949235e-09
-5.9090909091e-01 -4.3939393939e-01 0.0000000000e+00 7.0909330808e-09 -8.0085771293e-09
-5.6060606061e-01 -4.3939393939e-01 0.0000000000e+00 7.3324535608e-09 -8.1910451557e-09
-5.3030303030e-01 -4.3939393939e-01 0.0000000000e+00 7.5855581651e-09 -8.3882053303e-09
-5.0000000000e-01 -4.3939393939e-01 0.0000000000e+00 7.8502908962e-09 -8.6001016556e-09
-4.6969696970e-01 -4.3939393939e-01 0.0000000000e+00 8.1264738465e-09 -8.8265562239e-09
-4.3939393939e-01 -4.3939393939e-01 0.0000000000e+00 8.4136340413e-09 -9.0670960606e-09
-4.0909090909e-01 -4.3939393939e-01 0.0000000000e+00 8.7109161052e-09 -9.3208657902e-09
-3.7878787879e-01 -4.3939393939e-01 0.0000000000e+00 9.0169817234e-09 -9.5865270981e-09
-3.4848484848e-01 -4.3939393939e-01 0.0000000000e+00 9.3298994380e-09 -9.8621485262e-09
-3.1818181818e-01 -4.3939393939e-01 0.0000000000e+00 9.6470320084e-09 -1.0145092834e-08
-2.8787878788e-01 -4.3939393939e-01 0.0000000000e+00 9.9649332282e-09 -1.0431913815e-08
-2.5757575758e-01 -4.3939393939e-01 0.0000000000e+00 1.0279271159e-08 -1.0718279531e-08
-2.2727272727e-01 -4.3939393939e-01 0.0000000000e+00 1.0584799263e-08 -1.0998943444e-08
-1.9696969697e-01 -4.3939393939e-01 0.0000000000e+00 1.0875399839e-08 -1.1267787853e-08
-1.6666666667e-01 -4.3939393939e-01 0.0000000000e+00 1.1144224666e-08 -1.1517964536e-08
-1.3636363636e-01 -4.3939393939e-01 0.0000000000e+00 1.1383954577e-08 -1.1742154329e-08
-1.0606060606e-01 -4.3939393939e-01 0.0000000000e+00 1.1587189784e-08 -1.1932957440e-08
-7.5757575758e-02 -4.3939393939e-01 0.0000000000e+00 1.1746960760e-08 -1.2083404344e-08
-4.5454545455e-02 -4.3939393939e-01 0.0000000000e+00 1.1857312256e-08 -1.2187539793e-08
-1.5151515152e-02 -4.3939393939e-01 0.0000000000e+00 1.1913870469e-08 -1.2240989982e-08
1.5151515152e-02 -4.3939393939e-01 0.0000000000e+00 1.1914284234e-08 -1.2241403746e-08
4.5454545455e-02 -4.3939393939e-01 0.0000000000e+00 1.1858458715e-08 -1.2188686251e-08
7.5757575758e-02 -4.3939393939e-01 0.0000000000e+00 1.1748557205e-08 -1.2085000789e-08
1.0606060606e-01 -4.3939393939e-01 0.0000000000e+00 1.1588790811e-08 -1.1934558466e-08
1.3636363636e-01 -4.3939393939e-01 0.0000000000e+00 1.1385031436e-08 -1.1743231187e-08
1.6666666667e-01 -4.3939393939e-01 0.0000000000e+00 1.1144291771e-08 -1.1518031642e-08
1.9696969697e-01 -4.3939393939e-01 0.0000000000e+00 1.0874137088e-08 -1.1266525102e-08
2.2727272727e-01 -4.3939393939e-01 0.0000000000e+00 1.0582116164e-08 -1.0996260345e-08
2.5757575758e-01 -4.3939393939e-01 0.0000000000e+00 1.0275295334e-08 -1.0714303706e-08
2.8787878788e-01 -4.3939393939e-01 0.0000000000e+00 9.9599445832e-09 -1.0426925170e-08
3.1818181818e-01 -4.3939393939e-01 0.0000000000e+00 9.6413792286e-09 -1.0139440054e-08
3.4848484848e-01 -4.3939393939e-01 0.0000000000e+00 9.3239282900e-09 -9.8561773783e-09
3.7878787879e-01 -4.3939393939e-01 0.0000000000e+00 9.0109886941e-09 -9.5805340688e-09
4.0909090909e-01 -4.3939393939e-01 0.0000000000e+00 8.7051275400e-09 -9.3150772250e-09
4.3939393939e-01 -4.3939393939e-01 0.0000000000e+00 8.4082041532e-09 -9.0616661725e-09
4.6969696970e-01 -4.3939393939e-01 0.0000000000e+00 8.1214936448e-09 -8.8215760222e-09
5.0000000000e-01 -4.3939393939e-01 0.0000000000e+00 7.8458016108e-09 -8.5956123701e-09
5.3030303030e-01 -4.3939393939e-01 0.0000000000e+00 7.5815650433e-09 -8.3842122085e-09
5.6060606061e-01 -4.3939393939e-01 0.0000000000e+00 7.3289379077e-09 -8.1875295026e-09
5.9090909091e-01 -4.3939393939e-01 0.0000000000e+00 7.0878617718e-09 -8.0055058203e-09
6.2121212121e-01 -4.3939393939e-01 0.0000000000e+00 6.8581228675e-09 -7.8379273934e-09
6.5151515152e-01 -4.3939393939e-01 0.0000000000e+00 6.6393973771e-09 -7.6844704044e-09
6.8181818182e-01 -4.3939393939e-01 0.0000000000e+00 6.4312868140e-09 -7.5447363665e-09
7.1212121212e-01 -4.3939393939e-01 0.0000000000e+00 6.2333452596e-09 -7.4182793611e-09
7.4242424242e-01 -4.3939393939e-01 0.0000000000e+00 6.0451000274e-09 -7.3046267019e-09
7.7272727273e-01 -4.3939393939e-01 0.0000000000e+00 5.8660670959e-09 -7.2032943673e-09
8.0303030303e-01 -4.3939393939e-01 0.0000000000e+00 5.6957624326e-09 -7.1137983246e-09
8.3333333333e-01 -4.3939393939e-01 0.0000000000e+00 5.5337101236e-09 -7.0356626602e-09
8.6363636364e-01 -4.3939393939e-01 0.0000000000e+00 5.3794480472e-09 -6.9684252522e-09
8.9393939394e-01 -4.3939393939e-01 0.0000000000e+00 5.2325316752e-09 -6.9116415726e-09
9.2424242424e-01 -4.3939393939e-01 0.0000000000e+00 5.0925364642e-09 -6.8648870777e-09
9.5454545455e-01 -4.3939393939e-01 0.0000000000e+00 4.9590591944e-09 -6.8277585480e-09
9.8484848485e-01 -4.3939393939e-01 0.0000000000e+00 4.8317185347e-09 -6.7998746522e-09
1.0151515152e+00 -4.3939393939e-01 0.0000000000e+00 4.7101550478e-09 -6.7808759532e-09
1.0454545455e+00 -4.3939393939e-01 0.0000000000e+00 4.5940307971e-09 -6.7704245141e-09
1.0757575758e+00 -4.3939393939e-01 0.0000000000e+00 4.4830286794e-09 -6.7682032320e-09
1.1060606061e+00 -4.3939393939e-01 0.0000000000e+00 4.3768515773e-09 -6.7739149893e-09
1.1363636364e+00 -4.3939393939e-01 0.0000000000e+00 4.2752213983e-09 -6.7872816936e-09
1.1666666667e+00 -4.3939393939e-01 0.0000000000e+00 4.1778780542e-09 -6.8080432566e-09
1.1969696970e+00 -4.3939393939e-01 0.0000000000e+00 4.0845784161e-09 -6.8359565497e-09
1.2272727273e+00 -4.3939393939e-01 0.0000000000e+00 3.9950952736e-09 -6.8707943620e-09
1.2575757576e+00 -4.3939393939e-01 0.0000000000e+00 3.9092163148e-09 -6.9123443820e-09
1.2878787879e+00 -4.3939393939e-01 0.0000000000e+00 3.8267431425e-09 -6.9604082124e-09
1.3181818182e+00 -4.3939393939e-01 0.0000000000e+00 3.7474903333e-09 -7.0148004298e-09
1.3484848485e+00 -4.3939393939e-01 0.0000000000e+00 3.6712845444e-09 -7.0753476912e-09
1.3787878788e+00 -4.3939393939e-01 0.0000000000e+00 3.5979636718e-09 -7.1418878930e-09
1.4090909091e+00 -4.3939393939e-01 0.0000000000e+00 3.5273760607e-09 -7.2142693800e-09
1.4393939394e+00 -4.3939393939e-01 0.0000000000e+00 3.4593797659e-09 -7.2923502072e-09
1.4696969697e+00 -4.3939393939e-01 0.0000000000e+00 3.3938418635e-09 -7.3759974507e-09
1.5000000000e+00 -4.3939393939e-01 0.0000000000e+00 3.3306378098e-09 -7.4650865667e-09
-1.5000000000e+00 -4.0909090909e-01 0.0000000000e+00 3.3483950594e-09 -7.4393314822e-09
-1.4696969697e+00 -4.0909090909e-01 0.0000000000e+00 3.4126390337e-09 -7.3512822867e-09
-1.4393939394e+00 -4.0909090909e-01 0.0000000000e+00 3.4792979857e-09 -7.2687560928e-09
-1.4090909091e+00 -4.0909090909e-01 0.0000000000e+00 3.5485043450e-09 -7.1918853301e-09
-1.3787878788e+00 -4.0909090909e-01 0.0000000000e+00 3.6203998352e-09 -7.1208117221e-09
-1.3484848485e+00 -4.0909090909e-01 0.0000000000e+00 3.6951362364e-09 -7.0556870491e-09
-1.3181818182e+00 -4.0909090909e-01 0.0000000000e+00 3.7728762146e-09 -6.9966739768e-09
-1.2878787879e+00 -4.0909090909e-01 0.0000000000e+00 3.8537942213e-09 -6.9439469570e-09
-1.2575757576e+00 -4.0909090909e-01 0.0000000000e+00 3.9380774705e-09 -6.8976932035e-09
-1.2272727273e+00 -4.0909090909e-01 0.0000000000e+00 4.0259269941e-09 -6.8581137483e-09
-1.1969696970e+00 -4.0909090909e-01 0.0000000000e+00 4.1175587836e-09 -6.8254245829e-09
-1.1666666667e+00 -4.0909090909e-01 0.0000000000e+00 4.2132050171e-09 -6.7998578854e-09
-1.1363636364e+00 -4.0909090909e-01 0.0000000000e+00 4.3131153763e-09 -6.7816633374e-09
-1.1060606061e+00 -4.0909090909e-01 0.0000000000e+00 4.4175584493e-09 -6.7711095271e-09
-1.0757575758e+00 -4.0909090909e-01 0.0000000000e+00 4.5268232182e-09 -6.7684854366e-09
-1.0454545455e+00 -4.0909090909e-01 0.0000000000e+00 4.6412206191e-09 -6.7741020019e-09
-1.0151515152e+00 -4.0909090909e-01 0.0000000000e+00 4.7610851603e-09 -6.7882937314e-09
-9.8484848485e-01 -4.0909090909e-01 0.0000000000e+00 4.8867765736e-09 -6.8114203569e-09
-9.5454545455e-01 -4.0909090909e-01 0.0000000000e+00 5.0186814593e-09 -6.8438684787e-09
-9.2424242424e-01 -4.0909090909e-01 0.0000000000e+00 5.1572148703e-09 -6.8860531496e-09
-8.9393939394e-01 -4.0909090909e-01 0.0000000000e+00 5.3028217559e-09 -6.9384193191e-09
-8.6363636364e-01 -4.0909090909e-01 0.0000000000e+00 5.4559781536e-09 -7.0014430244e-09
-8.3333333333e-01 -4.0909090909e-01 0.0000000000e+00 5.6171919756e-09 -7.0756321780e-09
-8.0303030303e-01 -4.0909090909e-01 0.0000000000e+00 5.7870031785e-09 -7.1615267363e-09
-7.7272727273e-01 -4.0909090909e-01 0.0000000000e+00 5.9659830290e-09 -7.2596979661e-09
-7.4242424242e-01 -4.0909090909e-01 0.0000000000e+00 6.1547320796e-09 -7.3707464198e-09
-7.1212121212e-01 -4.0909090909e-01 0.0000000000e+00 6.3538763345e-09 -7.4952981018e-09
-6.8181818182e-01 -4.0909090909e-01 0.0000000000e+00 6.5640609202e-09 -7.6339981384e-09
-6.5151515152e-01 -4.0909090909e-01 0.0000000000e+00 6.7859403533e-09 -7.7875010463e-09
-6.2121212121e-01 -4.0909090909e-01 0.0000000000e+00 7.0201642296e-09 -7.9564564213e-09
-5.9090909091e-01 -4.0909090909e-01 0.0000000000e+00 7.2673568206e-09 -8.1414885349e-09
-5.6060606061e-01 -4.0909090909e-01 0.0000000000e+00 7.5280886717e-09 -8.3431679324e-09
-5.3030303030e-01 -4.0909090909e-01 0.0000000000e+00 7.8028378592e-09 -8.5619726902e-09
-5.0000000000e-01 -4.0909090909e-01 0.0000000000e+00 8.0919381293e-09 -8.7982365544e-09
-4.6969696970e-01 -4.0909090909e-01 0.0000000000e+00 8.3955108112e-09 -9.0520808543e-09
-4.3939393939e-01 -4.0909090909e-01 0.0000000000e+00 8.7133773367e-09 -9.3233270218e-09
-4.0909090909e-01 -4.0909090909e-01 0.0000000000e+00 9.0449497108e-09 -9.6113870616e-09
-3.7878787879e-01 -4.0909090909e-01 0.0000000000e+00 9.3890977686e-09 -9.9151308091e-09
-3.4848484848e-01 -4.0909090909e-01 0.0000000000e+00 9.7439950654e-09 -1.0232731819e-08
-3.1818181818e-01 -4.0909090909e-01 0.0000000000e+00 1.0106950226e-08 -1.0561498718e-08
-2.8787878788e-01 -4.0909090909e-01 0.0000000000e+00 1.0474237647e-08 -1.0897705899e-08
-2.5757575758e-01 -4.0909090909e-01 0.0000000000e+00 1.0840949845e-08 -1.1236445883e-08
-2.2727272727e-01 -4.0909090909e-01 0.0000000000e+00 1.1200901889e-08 -1.1571533736e-08
-1.9696969697e-01 -4.0909090909e-01 0.0000000000e+00 1.1546624347e-08 -1.1895500026e-08
-1.6666666667e-01 -4.0909090909e-01 0.0000000000e+00 1.1869484791e-08 -1.2199712328e-08
-1.3636363636e-01 -4.0909090909e-01 0.0000000000e+00 1.2159979465e-08 -1.2474666882e-08
-1.0606060606e-01 -4.0909090909e-01 0.0000000000e+00 1.2408232576e-08 -1.2710487898e-08
-7.5757575758e-02 -4.0909090909e-01 0.0000000000e+00 1.2604716722e-08 -1.2897647972e-08
-4.5454545455e-02 -4.0909090909e-01 0.0000000000e+00 1.2741143033e-08 -1.3027858235e-08
-1.5151515152e-02 -4.0909090909e-01 0.0000000000e+00 1.2811366038e-08 -1.3094973216e-08
1.5151515152e-02 -4.0909090909e-01 0.0000000000e+00 1.2812081652e-08 -1.3095688830e-08
4.5454545455e-02 -4.0909090909e-01 0.0000000000e+00 1.2743163255e-08 -1.3029878457e-08
7.5757575758e-02 -4.0909090909e-01 0.0000000000e+00 1.2607629969e-08 -1.2900561219e-08
1.0606060606e-01 -4.0909090909e-01 0.0000000000e+00 1.2411322394e-08 -1.2713577716e-08
1.3636363636e-01 -4.0909090909e-01 0.0000000000e+00 1.2162341328e-08 -1.2477028745e-08
1.6666666667e-01 -4.0909090909e-01 0.0000000000e+00 1.1870280414e-08 -1.2200507951e-08
1.9696969697e-01 -4.0909090909e-01 0.0000000000e+00 1.1545332852e-08 -1.1894208531e-08
2.2727272727e-01 -4.0909090909e-01 0.0000000000e+00 1.1197431204e-08 -1.1568063051e-08
2.5757575758e-01 -4.0909090909e-01 0.0000000000e+00 1.0835583814e-08 -1.1231079852e-08
2.8787878788e-01 -4.0909090909e-01 0.0000000000e+00 1.0467486822e-08 -1.0890955075e-08
3.1818181818e-01 -4.0909090909e-01 0.0000000000e+00 1.0099391955e-08 -1.0553940446e-08
3.4848484848e-01 -4.0909090909e-01 0.0000000000e+00 9.7361561830e-09 -1.0224892937e-08
3.7878787879e-01 -4.0909090909e-01 0.0000000000e+00 9.3813935666e-09 -9.9074266071e-09
4.0909090909e-01 -4.0909090909e-01 0.0000000000e+00 9.0376685157e-09 -9.6041058665e-09
4.3939393939e-01 -4.0909090909e-01 0.0000000000e+00 8.7066926482e-09 -9.3166423333e-09
4.6969696970e-01 -4.0909090909e-01 0.0000000000e+00 8.3895053724e-09 -9.0460754156e-09
5.0000000000e-01 -4.0909090909e-01 0.0000000000e+00 8.0866298232e-09 -8.7929282483e-09
5.3030303030e-01 -4.0909090909e-01 0.0000000000e+00 7.7982023143e-09 -8.5573371453e-09
5.6060606061e-01 -4.0909090909e-01 0.0000000000e+00 7.5240768111e-09 -8.3391560717e-09
5.9090909091e-01 -4.0909090909e-01 0.0000000000e+00 7.2639074017e-09 -8.1380391159e-09
6.2121212121e-01 -4.0909090909e-01 0.0000000000e+00 7.0172122027e-09 -7.9535043944e-09
6.5151515152e-01 -4.0909090909e-01 0.0000000000e+00 6.7834220505e-09 -7.7849827436e-09
6.8181818182e-01 -4.0909090909e-01 0.0000000000e+00 6.5619169999e-09 -7.6318542182e-09
7.1212121212e-01 -4.0909090909e-01 0.0000000000e+00 6.3520532208e-09 -7.4934749882e-09
7.4242424242e-01 -4.0909090909e-01 0.0000000000e+00 6.1531824435e-09 -7.3691967838e-09
7.7272727273e-01 -4.0909090909e-01 0.0000000000e+00 5.9646656951e-09 -7.2583806322e-09
8.0303030303e-01 -4.0909090909e-01 0.0000000000e+00 5.7858827130e-09 -7.1604062708e-09
8.3333333333e-01 -4.0909090909e-01 0.0000000000e+00 5.6162381227e-09 -7.0746783250e-09
8.6363636364e-01 -4.0909090909e-01 0.0000000000e+00 5.4551652205e-09 -7.0006300913e-09
8.9393939394e-01 -4.0909090909e-01 0.0000000000e+00 5.3021280081e-09 -6.9377255713e-09
9.2424242424e-01 -4.0909090909e-01 0.0000000000e+00 5.1566219685e-09 -6.8854602478e-09
9.5454545455e-01 -4.0909090909e-01 0.0000000000e+00 5.0181739526e-09 -6.8433609720e-09
9.8484848485e-01 -4.0909090909e-01 0.0000000000e+00 4.8863414549e-09 -6.8109852382e-09
1.0151515152e+00 -4.0909090909e-01 0.0000000000e+00 4.7607114817e-09 -6.7879200529e-09
1.0454545455e+00 -4.0909090909e-01 0.0000000000e+00 4.6408991633e-09 -6.7737805461e-09
1.0757575758e+00 -4.0909090909e-01 0.0000000000e+00 4.5265462198e-09 -6.7682084382e-09
1.1060606061e+00 -4.0909090909e-01 0.0000000000e+00 4.4173193598e-09 -6.7708704376e-09
1.1363636364e+00 -4.0909090909e-01 0.0000000000e+00 4.3129086669e-09 -6.7814566280e-09
1.1666666667e+00 -4.0909090909e-01 0.0000000000e+00 4.2130260140e-09 -6.7996788822e-09
1.1969696970e+00 -4.0909090909e-01 0.0000000000e+00 4.1174035292e-09 -6.8252693285e-09
1.2272727273e+00 -4.0909090909e-01 0.0000000000e+00 4.0257921327e-09 -6.8579788870e-09
1.2575757576e+00 -4.0909090909e-01 0.0000000000e+00 3.9379601515e-09 -6.8975758845e-09
1.2878787879e+00 -4.0909090909e-01 0.0000000000e+00 3.8536920194e-09 -6.9438447551e-09
1.3181818182e+00 -4.0909090909e-01 0.0000000000e+00 3.7727870622e-09 -6.9965848244e-09
1.3484848485e+00 -4.0909090909e-01 0.0000000000e+00 3.6950583683e-09 -7.0556091809e-09
1.3787878788e+00 -4.0909090909e-01 0.0000000000e+00 3.6203317412e-09 -7.1207436281e-09
1.4090909091e+00 -4.0909090909e-01 0.0000000000e+00 3.5484447312e-09 -7.1918257162e-09
1.4393939394e+00 -4.0909090909e-01 0.0000000000e+00 3.4792457411e-09 -7.2687038482e-09
1.4696969697e+00 -4.0909090909e-01 0.0000000000e+00 3.4125932030e-09 -7.3512364560e-09
1.5000000000e+00 -4.0909090909e-01 0.0000000000e+00 3.3483548196e-09 -7.4392912423e-09
-1.5000000000e+00 -3.7878787879e-01 0.0000000000e+00 3.3650984461e-09 -7.4156305585e-09
-1.4696969697e+00 -3.7878787879e-01 0.0000000000e+00 3.4303280590e-09 -7.3285670017e-09
-1.4393939394e+00 -3.7878787879e-01 0.0000000000e+00 3.4980502687e-09 -7.2471040655e-09
-1.4090909091e+00 -3.7878787879e-01 0.0000000000e+00 3.5684051387e-09 -7.1713818134e-09
-1.3787878788e+00 -3.7878787879e-01 0.0000000000e+00 3.6415429241e-09 -7.1015505007e-09
-1.3484848485e+00 -3.7878787879e-01 0.0000000000e+00 3.7176249571e-09 -7.0377714593e-09
-1.3181818182e+00 -3.7878787879e-01 0.0000000000e+00 3.7968246166e-09 -6.9802180685e-09
-1.2878787879e+00 -3.7878787879e-01 0.0000000000e+00 3.8793283921e-09 -6.9290768174e-09
-1.2575757576e+00 -3.7878787879e-01 0.0000000000e+00 3.9653370482e-09 -6.8845484709e-09
-1.2272727273e+00 -3.7878787879e-01 0.0000000000e+00 4.0550669007e-09 -6.8468493445e-09
-1.1969696970e+00 -3.7878787879e-01 0.0000000000e+00 4.1487512112e-09 -6.8162127002e-09
-1.1666666667e+00 -3.7878787879e-01 0.0000000000e+00 4.2466417120e-09 -6.7928902699e-09
-1.1363636364e+00 -3.7878787879e-01 0.0000000000e+00 4.3490102670e-09 -6.7771539177e-09
-1.1060606061e+00 -3.7878787879e-01 0.0000000000e+00 4.4561506792e-09 -6.7692974466e-09
-1.0757575758e+00 -3.7878787879e-01 0.0000000000e+00 4.5683806483e-09 -6.7696385563e-09
-1.0454545455e+00 -3.7878787879e-01 0.0000000000e+00 4.6860438829e-09 -6.7785209554e-09
-1.0151515152e+00 -3.7878787879e-01 0.0000000000e+00 4.8095123650e-09 -6.7963166258e-09
-9.8484848485e-01 -3.7878787879e-01 0.0000000000e+00 4.9391887575e-09 -6.8234282305e-09
-9.5454545455e-01 -3.7878787879e-01 0.0000000000e+00 5.0755089373e-09 -6.8602916464e-09
-9.2424242424e-01 -3.7878787879e-01 0.0000000000e+00 5.2189446191e-09 -6.9073785880e-09
-8.9393939394e-01 -3.7878787879e-01 0.0000000000e+00 5.3700060161e-09 -6.9651992689e-09
-8.6363636364e-01 -3.7878787879e-01 0.0000000000e+00 5.5292444551e-09 -7.0343050156e-09
-8.3333333333e-01 -3.7878787879e-01 0.0000000000e+00 5.6972548194e-09 -7.1152907115e-09
-8.0303030303e-01 -3.7878787879e-01 0.0000000000e+00 5.8746776413e-09 -7.2087968888e-09
-7.7272727273e-01 -3.7878787879e-01 0.0000000000e+00 6.0622005832e-09 -7.3155112100e-09
-7.4242424242e-01 -3.7878787879e-01 0.0000000000e+00 6.2605589424e-09 -7.4361689724e-09
-7.1212121212e-01 -3.7878787879e-01 0.0000000000e+00 6.4705346675e-09 -7.5715521244e-09
-6.8181818182e-01 -3.7878787879e-01 0.0000000000e+00 6.6929531766e-09 -7.7224860845e-09
-6.5151515152e-01 -3.7878787879e-01 0.0000000000e+00 6.9286770045e-09 -7.8898333872e-09
-6.2121212121e-01 -3.7878787879e-01 0.0000000000e+00 7.1785949508e-09 -8.0744828322e-09
-5.9090909091e-01 -3.7878787879e-01 0.0000000000e+00 7.4436049465e-09 -8.2773323504e-09
-5.6060606061e-01 -3.7878787879e-01 0.0000000000e+00 7.7245882660e-09 -8.4992632163e-09
-5.3030303030e-01 -3.7878787879e-01 0.0000000000e+00 8.0223719908e-09 -8.7411025114e-09
-5.0000000000e-01 -3.7878787879e-01 0.0000000000e+00 8.3376757847e-09 -9.0035698995e-09
-4.6969696970e-01 -3.7878787879e-01 0.0000000000e+00 8.6710381403e-09 -9.2872038731e-09
-4.3939393939e-01 -3.7878787879e-01 0.0000000000e+00 9.0227164835e-09 -9.5922618582e-09
-4.0909090909e-01 -3.7878787879e-01 0.0000000000e+00 9.3925552283e-09 -9.9185882688e-09
-3.7878787879e-01 -3.7878787879e-01 0.0000000000e+00 9.7798166924e-09 -1.0265445423e-08
-3.4848484848e-01 -3.7878787879e-01 0.0000000000e+00 1.0182972692e-08 -1.0631305135e-08
-3.1818181818e-01 -3.7878787879e-01 0.0000000000e+00 1.0599460809e-08 -1.1013604990e-08
-2.8787878788e-01 -3.7878787879e-01 0.0000000000e+00 1.1025419650e-08 -1.1408483592e-08
-2.5757575758e-01 -3.7878787879e-01 0.0000000000e+00 1.1455431267e-08 -1.1810522995e-08
-2.2727272727e-01 -3.7878787879e-01 0.0000000000e+00 1.1882313134e-08 -1.2212540671e-08
-1.9696969697e-01 -3.7878787879e-01 0.0000000000e+00 1.2297012011e-08 -1.2605483380e-08
-1.6666666667e-01 -3.7878787879e-01 0.0000000000e+00 1.2688657782e-08 -1.2978481008e-08
-1.3636363636e-01 -3.7878787879e-01 0.0000000000e+00 1.3044845405e-08 -1.3319128511e-08
-1.0606060606e-01 -3.7878787879e-01 0.0000000000e+00 1.3352231029e-08 -1.3614082040e-08
-7.5757575758e-02 -3.7878787879e-01 0.0000000000e+00 1.3597528617e-08 -1.3850055557e-08
-4.5454545455e-02 -3.7878787879e-01 0.0000000000e+00 1.3768906899e-08 -1.4015217790e-08
-1.5151515152e-02 -3.7878787879e-01 0.0000000000e+00 1.3857527992e-08 -1.4100730860e-08
1.5151515152e-02 -3.7878787879e-01 0.0000000000e+00 1.3858703344e-08 -1.4101906212e-08
4.5454545455e-02 -3.7878787879e-01 0.0000000000e+00 1.3772321586e-08 -1.4018632478e-08
7.5757575758e-02 -3.7878787879e-01 0.0000000000e+00 1.3602676047e-08 -1.3855202986e-08
1.0606060606e-01 -3.7878787879e-01 0.0000000000e+00 1.3357965410e-08 -1.3619816421e-08
1.3636363636e-01 -3.7878787879e-01 0.0000000000e+00 1.3049538373e-08 -1.3323821480e-08
1.6666666667e-01 -3.7878787879e-01 0.0000000000e+00 1.2690782158e-08 -1.2980605384e-08
1.9696969697e-01 -3.7878787879e-01 0.0000000000e+00 1.2295704122e-08 -1.2604175491e-08
2.2727272727e-01 -3.7878787879e-01 0.0000000000e+00 1.1877554351e-08 -1.2207781887e-08
2.5757575758e-01 -3.7878787879e-01 0.0000000000e+00 1.1447858967e-08 -1.1802950694e-08
2.8787878788e-01 -3.7878787879e-01 0.0000000000e+00 1.1015984168e-08 -1.1399048110e-08
3.1818181818e-01 -3.7878787879e-01 0.0000000000e+00 1.0589123244e-08 -1.1003267425e-08
3.4848484848e-01 -3.7878787879e-01 0.0000000000e+00 1.0172525904e-08 -1.0620858347e-08
3.7878787879e-01 -3.7878787879e-01 0.0000000000e+00 9.7698226534e-09 -1.0255451384e-08
4.0909090909e-01 -3.7878787879e-01 0.0000000000e+00 9.3833566143e-09 -9.9093896548e-09
4.3939393939e-01 -3.7878787879e-01 0.0000000000e+00 9.0144816271e-09 -9.5840270018e-09
4.6969696970e-01 -3.7878787879e-01 0.0000000000e+00 8.6638125708e-09 -9.2799783036e-09
5.0000000000e-01 -3.7878787879e-01 0.0000000000e+00 8.3314271721e-09 -8.9973212869e-09
5.3030303030e-01 -3.7878787879e-01 0.0000000000e+00 8.0170242231e-09 -8.7357547437e-09
5.6060606061e-01 -3.7878787879e-01 0.0000000000e+00 7.7200449597e-09 -8.4947199100e-09
5.9090909091e-01 -3.7878787879e-01 0.0000000000e+00 7.4397644388e-09 -8.2734918427e-09
6.2121212121e-01 -3.7878787879e-01 0.0000000000e+00 7.1753591091e-09 -8.0712469904e-09
6.5151515152e-01 -3.7878787879e-01 0.0000000000e+00 6.9259558610e-09 -7.8871122437e-09
6.8181818182e-01 -3.7878787879e-01 0.0000000000e+00 6.6906669084e-09 -7.7201998163e-09
7.1212121212e-01 -3.7878787879e-01 0.0000000000e+00 6.4686139861e-09 -7.5696314431e-09
7.4242424242e-01 -3.7878787879e-01 0.0000000000e+00 6.2589446004e-09 -7.4345546303e-09
7.7272727273e-01 -3.7878787879e-01 0.0000000000e+00 6.0608424429e-09 -7.3141530696e-09
8.0303030303e-01 -3.7878787879e-01 0.0000000000e+00 5.8735335777e-09 -7.2076528252e-09
8.3333333333e-01 -3.7878787879e-01 0.0000000000e+00 5.6962896109e-09 -7.1143255030e-09
8.6363636364e-01 -3.7878787879e-01 0.0000000000e+00 5.5284287445e-09 -7.0334893049e-09
8.9393939394e-01 -3.7878787879e-01 0.0000000000e+00 5.3693153792e-09 -6.9645086320e-09
9.2424242424e-01 -3.7878787879e-01 0.0000000000e+00 5.2183587540e-09 -6.9067927230e-09
9.5454545455e-01 -3.7878787879e-01 0.0000000000e+00 5.0750109711e-09 -6.8597936801e-09
9.8484848485e-01 -3.7878787879e-01 0.0000000000e+00 4.9387646607e-09 -6.8230041336e-09
1.0151515152e+00 -3.7878787879e-01 0.0000000000e+00 4.8091504625e-09 -6.7959547233e-09
1.0454545455e+00 -3.7878787879e-01 0.0000000000e+00 4.6857344473e-09 -6.7782115198e-09
1.0757575758e+00 -3.7878787879e-01 0.0000000000e+00 4.5681155628e-09 -6.7693734709e-09
1.1060606061e+00 -3.7878787879e-01 0.0000000000e+00 4.4559231601e-09 -6.7690699275e-09
1.1363636364e+00 -3.7878787879e-01 0.0000000000e+00 4.3488146342e-09 -6.7769582849e-09
1.1666666667e+00 -3.7878787879e-01 0.0000000000e+00 4.2464732004e-09 -6.7927217583e-09
1.1969696970e+00 -3.7878787879e-01 0.0000000000e+00 4.1486058156e-09 -6.8160673045e-09
1.2272727273e+00 -3.7878787879e-01 0.0000000000e+00 4.0549412475e-09 -6.8467236913e-09
1.2575757576e+00 -3.7878787879e-01 0.0000000000e+00 3.9652282901e-09 -6.8844397128e-09
1.2878787879e+00 -3.7878787879e-01 0.0000000000e+00 3.8792341209e-09 -6.9289825463e-09
1.3181818182e+00 -3.7878787879e-01 0.0000000000e+00 3.7967427915e-09 -6.9801362433e-09
1.3484848485e+00 -3.7878787879e-01 0.0000000000e+00 3.7175538446e-09 -7.0377003468e-09
1.3787878788e+00 -3.7878787879e-01 0.0000000000e+00 3.6414810491e-09 -7.1014886257e-09
1.4090909091e+00 -3.7878787879e-01 0.0000000000e+00 3.5683512433e-09 -7.1713279180e-09
1.4393939394e+00 -3.7878787879e-01 0.0000000000e+00 3.4980032782e-09 -7.2470570749e-09
1.4696969697e+00 -3.7878787879e-01 0.0000000000e+00 3.4302870532e-09 -7.3285259958e-09
1.5000000000e+00 -3.7878787879e-01 0.0000000000e+00 3.3650626356e-09 -7.4155947480e-09
-1.5000000000e+00 -3.4848484848e-01 0.0000000000e+00 3.3807409687e-09 -7.3939767947e-09
-1.4696969697e+00 -3.4848484848e-01 0.0000000000e+00 3.4469029834e-09 -7.3078456396e-09
-1.4393939394e+00 -3.4848484848e-01 0.0000000000e+00 3.5156319975e-09 -7.2273895077e-09
-1.4090909091e+00 -3.4848484848e-01 0.0000000000e+00 3.5870755160e-09 -7.1527559042e-09
-1.3787878788e+00 -3.4848484848e-01 0.0000000000e+00 3.6613921296e-09 -7.0841034197e-09
-1.3484848485e+00 -3.4848484848e-01 0.0000000000e+00 3.7387525249e-09 -7.0216027407e-09
-1.3181818182e+00 -3.4848484848e-01 0.0000000000e+00 3.8193405994e-09 -6.9654377648e-09
-1.2878787879e+00 -3.4848484848e-01 0.0000000000e+00 3.9033546934e-09 -6.9158068322e-09
-1.2575757576e+00 -3.4848484848e-01 0.0000000000e+00 3.9910089508e-09 -6.8729240869e-09
-1.2272727273e+00 -3.4848484848e-01 0.0000000000e+00 4.0825348234e-09 -6.8370209808e-09
-1.1969696970e+00 -3.4848484848e-01 0.0000000000e+00 4.1781827336e-09 -6.8083479361e-09
-1.1666666667e+00 -3.4848484848e-01 0.0000000000e+00 4.2782239115e-09 -6.7871761829e-09
-1.1363636364e+00 -3.4848484848e-01 0.0000000000e+00 4.3829524242e-09 -6.7737997884e-09
-1.1060606061e+00 -3.4848484848e-01 0.0000000000e+00 4.4926874151e-09 -6.7685378960e-09
-1.0757575758e+00 -3.4848484848e-01 0.0000000000e+00 4.6077755718e-09 -6.7717371933e-09
-1.0454545455e+00 -3.4848484848e-01 0.0000000000e+00 4.7285938399e-09 -6.7837746259e-09
-1.0151515152e+00 -3.4848484848e-01 0.0000000000e+00 4.8555524002e-09 -6.8050603745e-09
-9.8484848485e-01 -3.4848484848e-01 0.0000000000e+00 4.9890979198e-09 -6.8360411063e-09
-9.5454545455e-01 -3.4848484848e-01 0.0000000000e+00 5.1297170869e-09 -6.8772035095e-09
-9.2424242424e-01 -3.4848484848e-01 0.0000000000e+00 5.2779404244e-09 -6.9290781069e-09
-8.9393939394e-01 -3.4848484848e-01 0.0000000000e+00 5.4343463643e-09 -6.9922433306e-09
-8.6363636364e-01 -3.4848484848e-01 0.0000000000e+00 5.5995655437e-09 -7.0673298177e-09
-8.3333333333e-01 -3.4848484848e-01 0.0000000000e+00 5.7742852453e-09 -7.1550248508e-09
-8.0303030303e-01 -3.4848484848e-01 0.0000000000e+00 5.9592538584e-09 -7.2560768194e-09
-7.7272727273e-01 -3.4848484848e-01 0.0000000000e+00 6.1552851632e-09 -7.3712995034e-09
-7.4242424242e-01 -3.4848484848e-01 0.0000000000e+00 6.3632621365e-09 -7.5015758800e-09
-7.1212121212e-01 -3.4848484848e-01 0.0000000000e+00 6.5841398303e-09 -7.6478610008e-09
-6.8181818182e-01 -3.4848484848e-01 0.0000000000e+00 6.8189466618e-09 -7.8111832833e-09
-6.5151515152e-01 -3.4848484848e-01 0.0000000000e+00 7.0687831618e-09 -7.9926432581e-09
-6.2121212121e-01 -3.4848484848e-01 0.0000000000e+00 7.3348168099e-09 -8.1934084048e-09
-5.9090909091e-01 -3.4848484848e-01 0.0000000000e+00 7.6182710172e-09 -8.4147021346e-09
-5.6060606061e-01 -3.4848484848e-01 0.0000000000e+00 7.9204055339e-09 -8.6577841977e-09
-5.3030303030e-01 -3.4848484848e-01 0.0000000000e+00 8.2424845133e-09 -8.9239187474e-09
-5.0000000000e-01 -3.4848484848e-01 0.0000000000e+00 8.5857271031e-09 -9.2143249315e-09
-4.6969696970e-01 -3.4848484848e-01 0.0000000000e+00 8.9512337477e-09 -9.5301031940e-09
-4.3939393939e-01 -3.4848484848e-01 0.0000000000e+00 9.3398794590e-09 -9.8721285473e-09
-4.0909090909e-01 -3.4848484848e-01 0.0000000000e+00 9.7521634835e-09 -1.0240900238e-08
-3.7878787879e-01 -3.4848484848e-01 0.0000000000e+00 1.0188003812e-08 -1.0636336256e-08
-3.4848484848e-01 -3.4848484848e-01 0.0000000000e+00 1.0646466404e-08 -1.1057502561e-08
-3.1818181818e-01 -3.4848484848e-01 0.0000000000e+00 1.1125425281e-08 -1.1502273175e-08
-2.8787878788e-01 -3.4848484848e-01 0.0000000000e+00 1.1621163775e-08 -1.1966931431e-08
-2.5757575758e-01 -3.4848484848e-01 0.0000000000e+00 1.2127950366e-08 -1.2445745807e-08
-2.2727272727e-01 -3.4848484848e-01 0.0000000000e+00 1.2637649120e-08 -1.2930580370e-08
-1.9696969697e-01 -3.4848484848e-01 0.0000000000e+00 1.3139440333e-08 -1.3410615416e-08
-1.6666666667e-01 -3.4848484848e-01 0.0000000000e+00 1.3619723991e-08 -1.3872250931e-08
-1.3636363636e-01 -3.4848484848e-01 0.0000000000e+00 1.4062290683e-08 -1.4299277503e-08
-1.0606060606e-01 -3.4848484848e-01 0.0000000000e+00 1.4448916349e-08 -1.4673471073e-08
-7.5757575758e-02 -3.4848484848e-01 0.0000000000e+00 1.4760634224e-08 -1.4975864877e-08
-4.5454545455e-02 -3.4848484848e-01 0.0000000000e+00 1.4979961646e-08 -1.5188976252e-08
-1.5151515152e-02 -3.4848484848e-01 0.0000000000e+00 1.5093813471e-08 -1.5299720053e-08
1.5151515152e-02 -3.4848484848e-01 0.0000000000e+00 1.5095592372e-08 -1.5301498954e-08
4.5454545455e-02 -3.4848484848e-01 0.0000000000e+00 1.4985452398e-08 -1.5194467004e-08
7.5757575758e-02 -3.4848484848e-01 0.0000000000e+00 1.4769593624e-08 -1.4984824277e-08
1.0606060606e-01 -3.4848484848e-01 0.0000000000e+00 1.4459533021e-08 -1.4684087746e-08
1.3636363636e-01 -3.4848484848e-01 0.0000000000e+00 1.4071365410e-08 -1.4308352231e-08
1.6666666667e-01 -3.4848484848e-01 0.0000000000e+00 1.3624267160e-08 -1.3876794099e-08
1.9696969697e-01 -3.4848484848e-01 0.0000000000e+00 1.3138021789e-08 -1.3409196872e-08
2.2727272727e-01 -3.4848484848e-01 0.0000000000e+00 1.2630593318e-08 -1.2923524568e-08
2.5757575758e-01 -3.4848484848e-01 0.0000000000e+00 1.2116708298e-08 -1.2434503739e-08
2.8787878788e-01 -3.4848484848e-01 0.0000000000e+00 1.1607526156e-08 -1.1953293811e-08
3.1818181818e-01 -3.4848484848e-01 0.0000000000e+00 1.1110979542e-08 -1.1487827436e-08
3.4848484848e-01 -3.4848484848e-01 0.0000000000e+00 1.0632367449e-08 -1.1043403606e-08
3.7878787879e-01 -3.4848484848e-01 0.0000000000e+00 1.0174961632e-08 -1.0623294076e-08
4.0909090909e-01 -3.4848484848e-01 0.0000000000e+00 9.7405310822e-09 -1.0229267836e-08
4.3939393939e-01 -3.4848484848e-01 0.0000000000e+00 9.3297631630e-09 -9.8620122513e-09
4.6969696970e-01 -3.4848484848e-01 0.0000000000e+00 8.9425889630e-09 -9.5214584093e-09
5.0000000000e-01 -3.4848484848e-01 0.0000000000e+00 8.5784286194e-09 -9.2070264477e-09
5.3030303030e-01 -3.4848484848e-01 0.0000000000e+00 8.2363728322e-09 -8.9178070663e-09
5.6060606061e-01 -3.4848484848e-01 0.0000000000e+00 7.9153147837e-09 -8.6526934476e-09
5.9090909091e-01 -3.4848484848e-01 0.0000000000e+00 7.6140442172e-09 -8.4104753347e-09
6.2121212121e-01 -3.4848484848e-01 0.0000000000e+00 7.3313130966e-09 -8.1899046915e-09
6.5151515152e-01 -3.4848484848e-01 0.0000000000e+00 7.0658802366e-09 -7.9897403328e-09
6.8181818182e-01 -3.4848484848e-01 0.0000000000e+00 6.8165405983e-09 -7.8087772197e-09
7.1212121212e-01 -3.4848484848e-01 0.0000000000e+00 6.5821435654e-09 -7.6458647360e-09
7.4242424242e-01 -3.4848484848e-01 0.0000000000e+00 6.3616034246e-09 -7.4999171680e-09
7.7272727273e-01 -3.4848484848e-01 0.0000000000e+00 6.1539044258e-09 -7.3699187661e-09
8.0303030303e-01 -3.4848484848e-01 0.0000000000e+00 5.9581021551e-09 -7.2549251160e-09
8.3333333333e-01 -3.4848484848e-01 0.0000000000e+00 5.7733224622e-09 -7.1540620677e-09
8.6363636364e-01 -3.4848484848e-01 0.0000000000e+00 5.5987588336e-09 -7.0665231076e-09
8.9393939394e-01 -3.4848484848e-01 0.0000000000e+00 5.4336688310e-09 -6.9915657973e-09
9.2424242424e-01 -3.4848484848e-01 0.0000000000e+00 5.2773700303e-09 -6.9285077128e-09
9.5454545455e-01 -3.4848484848e-01 0.0000000000e+00 5.1292357540e-09 -6.8767221766e-09
9.8484848485e-01 -3.4848484848e-01 0.0000000000e+00 4.9886907948e-09 -6.8356339813e-09
1.0151515152e+00 -3.4848484848e-01 0.0000000000e+00 4.8552072570e-09 -6.8047152313e-09
1.0454545455e+00 -3.4848484848e-01 0.0000000000e+00 4.7283005938e-09 -6.7834813798e-09
1.0757575758e+00 -3.4848484848e-01 0.0000000000e+00 4.6075258860e-09 -6.7714875075e-09
1.1060606061e+00 -3.4848484848e-01 0.0000000000e+00 4.4924743818e-09 -6.7683248628e-09
1.1363636364e+00 -3.4848484848e-01 0.0000000000e+00 4.3827703059e-09 -6.7736176701e-09
1.1666666667e+00 -3.4848484848e-01 0.0000000000e+00 4.2780679310e-09 -6.7870202024e-09
1.1969696970e+00 -3.4848484848e-01 0.0000000000e+00 4.1780489037e-09 -6.8082141061e-09
1.2272727273e+00 -3.4848484848e-01 0.0000000000e+00 4.0824198078e-09 -6.8369059652e-09
1.2575757576e+00 -3.4848484848e-01 0.0000000000e+00 3.9909099514e-09 -6.8728250876e-09
1.2878787879e+00 -3.4848484848e-01 0.0000000000e+00 3.9032693575e-09 -6.9157214964e-09
1.3181818182e+00 -3.4848484848e-01 0.0000000000e+00 3.8192669443e-09 -6.9653641097e-09
1.3484848485e+00 -3.4848484848e-01 0.0000000000e+00 3.7386888756e-09 -7.0215390914e-09
1.3787878788e+00 -3.4848484848e-01 0.0000000000e+00 3.6613370680e-09 -7.0840483581e-09
1.4090909091e+00 -3.4848484848e-01 0.0000000000e+00 3.5870278387e-09 -7.1527082269e-09
1.4393939394e+00 -3.4848484848e-01 0.0000000000e+00 3.5155906811e-09 -7.2273481913e-09
1.4696969697e+00 -3.4848484848e-01 0.0000000000e+00 3.4468671557e-09 -7.3078098119e-09
1.5000000000e+00 -3.4848484848e-01 0.0000000000e+00 3.3807098849e-09 -7.3939457108e-09
-1.5000000000e+00 -3.1818181818e-01 0.0000000000e+00 3.3952732611e-09 -7.3743208244e-09
-1.4696969697e+00 -3.1818181818e-01 0.0000000000e+00 3.4623096571e-09 -7.2890640507e-09
-1.4393939394e+00 -3.1818181818e-01 0.0000000000e+00 3.5319836842e-09 -7.2095529318e-09
-1.4090909091e+00 -3.1818181818e-01 0.0000000000e+00 3.6044500221e-09 -7.1359421477e-09
-1.3787878788e+00 -3.1818181818e-01 0.0000000000e+00 3.6798753150e-09 -7.0683983425e-09
-1.3484848485e+00 -3.1818181818e-01 0.0000000000e+00 3.7584393077e-09 -7.0071012609e-09
-1.3181818182e+00 -3.1818181818e-01 0.0000000000e+00 3.8403361070e-09 -6.9522450097e-09
-1.2878787879e+00 -3.1818181818e-01 0.0000000000e+00 3.9257755848e-09 -6.9040394610e-09
-1.2575757576e+00 -3.1818181818e-01 0.0000000000e+00 4.0149849391e-09 -6.8627118127e-09
-1.2272727273e+00 -3.1818181818e-01 0.0000000000e+00 4.1082104326e-09 -6.8285083274e-09
-1.1969696970e+00 -3.1818181818e-01 0.0000000000e+00 4.2057193310e-09 -6.8016962709e-09
-1.1666666667e+00 -3.1818181818e-01 0.0000000000e+00 4.3078020653e-09 -6.7825660741e-09
-1.1363636364e+00 -3.1818181818e-01 0.0000000000e+00 4.4147746447e-09 -6.7714337464e-09
-1.1060606061e+00 -3.1818181818e-01 0.0000000000e+00 4.5269813511e-09 -6.7686435694e-09
-1.0757575758e+00 -3.1818181818e-01 0.0000000000e+00 4.6447977466e-09 -6.7745711056e-09
-1.0454545455e+00 -3.1818181818e-01 0.0000000000e+00 4.7686340313e-09 -6.7896265547e-09
-1.0151515152e+00 -3.1818181818e-01 0.0000000000e+00 4.8989387873e-09 -6.8142584990e-09
-9.8484848485e-01 -3.1818181818e-01 0.0000000000e+00 5.0362031499e-09 -6.8489580738e-09
-9.5454545455e-01 -3.1818181818e-01 0.0000000000e+00 5.1809654438e-09 -6.8942636038e-09
-9.2424242424e-01 -3.1818181818e-01 0.0000000000e+00 5.3338163223e-09 -6.9507657422e-09
-8.9393939394e-01 -3.1818181818e-01 0.0000000000e+00 5.4954044383e-09 -7.0191131420e-09
-8.6363636364e-01 -3.1818181818e-01 0.0000000000e+00 5.6664426661e-09 -7.1000186775e-09
-8.3333333333e-01 -3.1818181818e-01 0.0000000000e+00 5.8477148694e-09 -7.1942662123e-09
-8.0303030303e-01 -3.1818181818e-01 0.0000000000e+00 6.0400831767e-09 -7.3027178751e-09
-7.7272727273e-01 -3.1818181818e-01 0.0000000000e+00 6.2444956684e-09 -7.4263217461e-09
-7.4242424242e-01 -3.1818181818e-01 0.0000000000e+00 6.4619942929e-09 -7.5661197737e-09
-7.1212121212e-01 -3.1818181818e-01 0.0000000000e+00 6.6937226997e-09 -7.7232556076e-09
-6.8181818182e-01 -3.1818181818e-01 0.0000000000e+00 6.9409334758e-09 -7.8989818346e-09
-6.5151515152e-01 -3.1818181818e-01 0.0000000000e+00 7.2049939801e-09 -8.0946658138e-09
-6.2121212121e-01 -3.1818181818e-01 0.0000000000e+00 7.4873895327e-09 -8.3117928650e-09
-5.9090909091e-01 -3.1818181818e-01 0.0000000000e+00 7.7897220778e-09 -8.5519649327e-09
-5.6060606061e-01 -3.1818181818e-01 0.0000000000e+00 8.1137015092e-09 -8.8168919105e-09
-5.3030303030e-01 -3.1818181818e-01 0.0000000000e+00 8.4611255059e-09 -9.1083714774e-09
-5.0000000000e-01 -3.1818181818e-01 0.0000000000e+00 8.8338418297e-09 -9.4282513954e-09
-4.6969696970e-01 -3.1818181818e-01 0.0000000000e+00 9.2336844073e-09 -9.7783655910e-09
-4.3939393939e-01 -3.1818181818e-01 0.0000000000e+00 9.6623710273e-09 -1.0160431853e-08
-4.0909090909e-01 -3.1818181818e-01 0.0000000000e+00 1.0121346178e-08 -1.0575894670e-08
-3.7878787879e-01 -3.1818181818e-01 0.0000000000e+00 1.0611548012e-08 -1.1025692193e-08
-3.4848484848e-01 -3.1818181818e-01 0.0000000000e+00 1.1133075455e-08 -1.1509923350e-08
-3.1818181818e-01 -3.1818181818e-01 0.0000000000e+00 1.1684734279e-08 -1.2027393911e-08
-2.8787878788e-01 -3.1818181818e-01 0.0000000000e+00 1.2263456896e-08 -1.2575036290e-08
-2.5757575758e-01 -3.1818181818e-01 0.0000000000e+00 1.2863628481e-08 -1.3147235659e-08
-2.2727272727e-01 -3.1818181818e-01 0.0000000000e+00 1.3476409317e-08 -1.3735152305e-08
-1.9696969697e-01 -3.1818181818e-01 0.0000000000e+00 1.4089180151e-08 -1.4326166971e-08
-1.6666666667e-01 -3.1818181818e-01 0.0000000000e+00 1.4685186703e-08 -1.4903525380e-08
-1.3636363636e-01 -3.1818181818e-01 0.0000000000e+00 1.5243400009e-08 -1.5446198567e-08
-1.0606060606e-01 -3.1818181818e-01 0.0000000000e+00 1.5738813102e-08 -1.5929179564e-08
-7.5757575758e-02 -3.1818181818e-01 0.0000000000e+00 1.6143666968e-08 -1.6324709359e-08
-4.5454545455e-02 -3.1818181818e-01 0.0000000000e+00 1.6430660280e-08 -1.6605486623e-08
-1.5151515152e-02 -3.1818181818e-01 0.0000000000e+00 1.6579536299e-08 -1.6751254618e-08
1.5151515152e-02 -3.1818181818e-01 0.0000000000e+00 1.6581705115e-08 -1.6753423434e-08
4.5454545455e-02 -3.1818181818e-01 0.0000000000e+00 1.6438620157e-08 -1.6613446500e-08
7.5757575758e-02 -3.1818181818e-01 0.0000000000e+00 1.6159241094e-08 -1.6340283484e-08
1.0606060606e-01 -3.1818181818e-01 0.0000000000e+00 1.5759148950e-08 -1.5949515412e-08
1.3636363636e-01 -3.1818181818e-01 0.0000000000e+00 1.5261212956e-08 -1.5464011514e-08
1.6666666667e-01 -3.1818181818e-01 0.0000000000e+00 1.4694143790e-08 -1.4912482468e-08
1.9696969697e-01 -3.1818181818e-01 0.0000000000e+00 1.4087116347e-08 -1.4324103167e-08
2.2727272727e-01 -3.1818181818e-01 0.0000000000e+00 1.3464902566e-08 -1.3723645553e-08
2.5757575758e-01 -3.1818181818e-01 0.0000000000e+00 1.2846016198e-08 -1.3129623377e-08
2.8787878788e-01 -3.1818181818e-01 0.0000000000e+00 1.2243103473e-08 -1.2554682866e-08
3.1818181818e-01 -3.1818181818e-01 0.0000000000e+00 1.1664180923e-08 -1.2006840555e-08
3.4848484848e-01 -3.1818181818e-01 0.0000000000e+00 1.1113889800e-08 -1.1490737695e-08
3.7878787879e-01 -3.1818181818e-01 0.0000000000e+00 1.0594505805e-08 -1.1008649986e-08
4.0909090909e-01 -3.1818181818e-01 0.0000000000e+00 1.0106690432e-08 -1.0561238924e-08
4.3939393939e-01 -3.1818181818e-01 0.0000000000e+00 9.6500341601e-09 -1.0148094986e-08
4.6969696970e-01 -3.1818181818e-01 0.0000000000e+00 9.2234440837e-09 -9.7681252675e-09
5.0000000000e-01 -3.1818181818e-01 0.0000000000e+00 8.8254175605e-09 -9.4198271262e-09
5.3030303030e-01 -3.1818181818e-01 0.0000000000e+00 8.4542326401e-09 -9.1014786116e-09
5.6060606061e-01 -3.1818181818e-01 0.0000000000e+00 8.1080779973e-09 -8.8112683985e-09
5.9090909091e-01 -3.1818181818e-01 0.0000000000e+00 7.7851392365e-09 -8.5473820913e-09
6.2121212121e-01 -3.1818181818e-01 0.0000000000e+00 7.4836541133e-09 -8.3080574456e-09
6.5151515152e-01 -3.1818181818e-01 0.0000000000e+00 7.2019459449e-09 -8.0916177786e-09
6.8181818182e-01 -3.1818181818e-01 0.0000000000e+00 6.9384419848e-09 -7.8964903436e-09
7.1212121212e-01 -3.1818181818e-01 0.0000000000e+00 6.6916816448e-09 -7.7212145527e-09
7.4242424242e-01 -3.1818181818e-01 0.0000000000e+00 6.4603180388e-09 -7.5644435196e-09
7.7272727273e-01 -3.1818181818e-01 0.0000000000e+00 6.2431152801e-09 -7.4249413578e-09
8.0303030303e-01 -3.1818181818e-01 0.0000000000e+00 6.0389432166e-09 -7.3015779150e-09
8.3333333333e-01 -3.1818181818e-01 0.0000000000e+00 5.8467707456e-09 -7.1933220885e-09
8.6363636364e-01 -3.1818181818e-01 0.0000000000e+00 5.6656584738e-09 -7.0992344852e-09
8.9393939394e-01 -3.1818181818e-01 0.0000000000e+00 5.4947512197e-09 -7.0184599234e-09
9.2424242424e-01 -3.1818181818e-01 0.0000000000e+00 5.3332706737e-09 -6.9502200936e-09
9.5454545455e-01 -3.1818181818e-01 0.0000000000e+00 5.1805084047e-09 -6.8938065646e-09
9.8484848485e-01 -3.1818181818e-01 0.0000000000e+00 5.0358193189e-09 -6.8485742428e-09
1.0151515152e+00 -3.1818181818e-01 0.0000000000e+00 4.8986156195e-09 -6.8139353312e-09
1.0454545455e+00 -3.1818181818e-01 0.0000000000e+00 4.7683612788e-09 -6.7893538022e-09
1.0757575758e+00 -3.1818181818e-01 0.0000000000e+00 4.6445670136e-09 -6.7743403726e-09
1.1060606061e+00 -3.1818181818e-01 0.0000000000e+00 4.5267857386e-09 -6.7684479570e-09
1.1363636364e+00 -3.1818181818e-01 0.0000000000e+00 4.4146084672e-09 -6.7712675689e-09
1.1666666667e+00 -3.1818181818e-01 0.0000000000e+00 4.3076606233e-09 -6.7824246322e-09
1.1969696970e+00 -3.1818181818e-01 0.0000000000e+00 4.2055987291e-09 -6.8015756690e-09
1.2272727273e+00 -3.1818181818e-01 0.0000000000e+00 4.1081074325e-09 -6.8284053273e-09
1.2575757576e+00 -3.1818181818e-01 0.0000000000e+00 4.0148968414e-09 -6.8626237149e-09
1.2878787879e+00 -3.1818181818e-01 0.0000000000e+00 3.9257001330e-09 -6.9039640093e-09
1.3181818182e+00 -3.1818181818e-01 0.0000000000e+00 3.8402714102e-09 -6.9521803130e-09
1.3484848485e+00 -3.1818181818e-01 0.0000000000e+00 3.7583837769e-09 -7.0070457301e-09
1.3787878788e+00 -3.1818181818e-01 0.0000000000e+00 3.6798276119e-09 -7.0683506393e-09
1.4090909091e+00 -3.1818181818e-01 0.0000000000e+00 3.6044090163e-09 -7.1359011419e-09
1.4393939394e+00 -3.1818181818e-01 0.0000000000e+00 3.5319484192e-09 -7.2095176669e-09
1.4696969697e+00 -3.1818181818e-01 0.0000000000e+00 3.4622793215e-09 -7.2890337151e-09
1.5000000000e+00 -3.1818181818e-01 0.0000000000e+00 3.3952471649e-09 -7.3742947282e-09
-1.5000000000e+00 -2.8787878788e-01 0.0000000000e+00 3.4086483304e-09 -7.3566156550e-09
-1.4696969697e+00 -2.8787878788e-01 0.0000000000e+00 3.4764964558e-09 -7.2721706107e-09
-1.4393939394e+00 -2.8787878788e-01 0.0000000000e+00 3.5470485242e-09 -7.1935375331e-09
-1.4090909091e+00 -2.8787878788e-01 0.0000000000e+00 3.6204660476e-09 -7.1208779345e-09
-1.3787878788e+00 -2.8787878788e-01 0.0000000000e+00 3.6969233540e-09 -7.0543661427e-09
-1.3484848485e+00 -2.8787878788e-01 0.0000000000e+00 3.7766088482e-09 -6.9941905626e-09
-1.3181818182e+00 -2.8787878788e-01 0.0000000000e+00 3.8597264193e-09 -6.9405550834e-09
-1.2878787879e+00 -2.8787878788e-01 0.0000000000e+00 3.9464970144e-09 -6.8936806519e-09
-1.2575757576e+00 -2.8787878788e-01 0.0000000000e+00 4.0371603996e-09 -6.8538070344e-09
-1.2272727273e+00 -2.8787878788e-01 0.0000000000e+00 4.1319771354e-09 -6.8211947915e-09
-1.1969696970e+00 -2.8787878788e-01 0.0000000000e+00 4.2312307941e-09 -6.7961274952e-09
-1.1666666667e+00 -2.8787878788e-01 0.0000000000e+00 4.3352304521e-09 -6.7789142222e-09
-1.1363636364e+00 -2.8787878788e-01 0.0000000000e+00 4.4443134966e-09 -6.7698923596e-09
-1.1060606061e+00 -2.8787878788e-01 0.0000000000e+00 4.5588487881e-09 -6.7694307677e-09
-1.0757575758e+00 -2.8787878788e-01 0.0000000000e+00 4.6792402281e-09 -6.7779333483e-09
-1.0454545455e+00 -2.8787878788e-01 0.0000000000e+00 4.8059307890e-09 -6.7958430736e-09
-1.0151515152e+00 -2.8787878788e-01 0.0000000000e+00 4.9394070669e-09 -6.8236465398e-09
-9.8484848485e-01 -2.8787878788e-01 0.0000000000e+00 5.0802044291e-09 -6.8618791142e-09
-9.5454545455e-01 -2.8787878788e-01 0.0000000000e+00 5.2289128334e-09 -6.9111307546e-09
-9.2424242424e-01 -2.8787878788e-01 0.0000000000e+00 5.3861834039e-09 -6.9720525851e-09
-8.9393939394e-01 -2.8787878788e-01 0.0000000000e+00 5.5527358541e-09 -7.0453643191e-09
-8.6363636364e-01 -2.8787878788e-01 0.0000000000e+00 5.7293668500e-09 -7.1318626226e-09
-8.3333333333e-01 -2.8787878788e-01 0.0000000000e+00 5.9169594041e-09 -7.2324305083e-09
-8.0303030303e-01 -2.8787878788e-01 0.0000000000e+00 6.1164933784e-09 -7.3480478381e-09
-7.7272727273e-01 -2.8787878788e-01 0.0000000000e+00 6.3290571476e-09 -7.4798029866e-09
-7.4242424242e-01 -2.8787878788e-01 0.0000000000e+00 6.5558604229e-09 -7.6289056651e-09
-7.1212121212e-01 -2.8787878788e-01 0.0000000000e+00 6.7982481468e-09 -7.7967008160e-09
-6.8181818182e-01 -2.8787878788e-01 0.0000000000e+00 7.0577152174e-09 -7.9846833375e-09
-6.5151515152e-01 -2.8787878788e-01 0.0000000000e+00 7.3359215581e-09 -8.1945131530e-09
-6.2121212121e-01 -2.8787878788e-01 0.0000000000e+00 7.6347066572e-09 -8.4280297507e-09
-5.9090909091e-01 -2.8787878788e-01 0.0000000000e+00 7.9561020851e-09 -8.6872647013e-09
-5.6060606061e-01 -2.8787878788e-01 0.0000000000e+00 8.3023395386e-09 -8.9744497011e-09
-5.3030303030e-01 -2.8787878788e-01 0.0000000000e+00 8.6758504667e-09 -9.2920161995e-09
-5.0000000000e-01 -2.8787878788e-01 0.0000000000e+00 9.0792510473e-09 -9.6425803742e-09
-4.6969696970e-01 -2.8787878788e-01 0.0000000000e+00 9.5153027928e-09 -1.0028903738e-08
-4.3939393939e-01 -2.8787878788e-01 0.0000000000e+00 9.9868338596e-09 -1.0453814447e-08
-4.0909090909e-01 -2.8787878788e-01 0.0000000000e+00 1.0496598591e-08 -1.0920066844e-08
-3.7878787879e-01 -2.8787878788e-01 0.0000000000e+00 1.1047042587e-08 -1.1430106529e-08
-3.4848484848e-01 -2.8787878788e-01 0.0000000000e+00 1.1639928488e-08 -1.1985696144e-08
-3.1818181818e-01 -2.8787878788e-01 0.0000000000e+00 1.2275768299e-08 -1.2587347692e-08
-2.8787878788e-01 -2.8787878788e-01 0.0000000000e+00 1.2953014635e-08 -1.3233513789e-08
-2.5757575758e-01 -2.8787878788e-01 0.0000000000e+00 1.3667013851e-08 -1.3919540791e-08
-2.2727272727e-01 -2.8787878788e-01 0.0000000000e+00 1.4408852688e-08 -1.4636515437e-08
-1.9696969697e-01 -2.8787878788e-01 0.0000000000e+00 1.5164390061e-08 -1.5370296643e-08
-1.6666666667e-01 -2.8787878788e-01 0.0000000000e+00 1.5913619620e-08 -1.6100878059e-08
-1.3636363636e-01 -2.8787878788e-01 0.0000000000e+00 1.6629891837e-08 -1.6801610156e-08
-1.0606060606e-01 -2.8787878788e-01 0.0000000000e+00 1.7279124934e-08 -1.7438411158e-08
-7.5757575758e-02 -2.8787878788e-01 0.0000000000e+00 1.7820422301e-08 -1.7970384453e-08
-4.5454545455e-02 -2.8787878788e-01 0.0000000000e+00 1.8206683171e-08 -1.8350429275e-08
-1.5151515152e-02 -2.8787878788e-01 0.0000000000e+00 1.8403113936e-08 -1.8543752016e-08
1.5151515152e-02 -2.8787878788e-01 0.0000000000e+00 1.8403512396e-08 -1.8544150476e-08
4.5454545455e-02 -2.8787878788e-01 0.0000000000e+00 1.8214327008e-08 -1.8358073112e-08
7.5757575758e-02 -2.8787878788e-01 0.0000000000e+00 1.7848127850e-08 -1.7998090002e-08
1.0606060606e-01 -2.8787878788e-01 0.0000000000e+00 1.7321789043e-08 -1.7481075267e-08
1.3636363636e-01 -2.8787878788e-01 0.0000000000e+00 1.6666560893e-08 -1.6838279212e-08
1.6666666667e-01 -2.8787878788e-01 0.0000000000e+00 1.5930448395e-08 -1.6117706833e-08
1.9696969697e-01 -2.8787878788e-01 0.0000000000e+00 1.5159537299e-08 -1.5365443880e-08
2.2727272727e-01 -2.8787878788e-01 0.0000000000e+00 1.4388088398e-08 -1.4615751147e-08
2.5757575758e-01 -2.8787878788e-01 0.0000000000e+00 1.3637972796e-08 -1.3890499736e-08
2.8787878788e-01 -2.8787878788e-01 0.0000000000e+00 1.2921819769e-08 -1.3202318924e-08
3.1818181818e-01 -2.8787878788e-01 0.0000000000e+00 1.2246188013e-08 -1.2557767406e-08
3.4848484848e-01 -2.8787878788e-01 0.0000000000e+00 1.1613782527e-08 -1.1959550183e-08
3.7878787879e-01 -2.8787878788e-01 0.0000000000e+00 1.1024891416e-08 -1.1407955358e-08
4.0909090909e-01 -2.8787878788e-01 0.0000000000e+00 1.0478316566e-08 -1.0901784818e-08
4.3939393939e-01 -2.8787878788e-01 0.0000000000e+00 9.9719854762e-09 -1.0438966063e-08
4.6969696970e-01 -2.8787878788e-01 0.0000000000e+00 9.5033571053e-09 -1.0016958050e-08
5.0000000000e-01 -2.8787878788e-01 0.0000000000e+00 9.0696897535e-09 -9.6330190804e-09
5.3030303030e-01 -2.8787878788e-01 0.0000000000e+00 8.6682142584e-09 -9.2843799912e-09
5.6060606061e-01 -2.8787878788e-01 0.0000000000e+00 8.2962418011e-09 -8.9683519636e-09
5.9090909091e-01 -2.8787878788e-01 0.0000000000e+00 7.9512269477e-09 -8.6823895639e-09
6.2121212121e-01 -2.8787878788e-01 0.0000000000e+00 7.6308006063e-09 -8.4241236999e-09
6.5151515152e-01 -2.8787878788e-01 0.0000000000e+00 7.3327832690e-09 -8.1913748639e-09
6.8181818182e-01 -2.8787878788e-01 0.0000000000e+00 7.0551857598e-09 -7.9821538799e-09
7.1212121212e-01 -2.8787878788e-01 0.0000000000e+00 6.7962024188e-09 -7.7946550879e-09
7.4242424242e-01 -2.8787878788e-01 0.0000000000e+00 6.5542000284e-09 -7.6272452706e-09
7.7272727273e-01 -2.8787878788e-01 0.0000000000e+00 6.3277046448e-09 -7.4784504837e-09
8.0303030303e-01 -2.8787878788e-01 0.0000000000e+00 6.1153877154e-09 -7.3469421750e-09
8.3333333333e-01 -2.8787878788e-01 0.0000000000e+00 5.9160523359e-09 -7.2315234402e-09
8.6363636364e-01 -2.8787878788e-01 0.0000000000e+00 5.7286201429e-09 -7.1311159156e-09
8.9393939394e-01 -2.8787878788e-01 0.0000000000e+00 5.5521191113e-09 -7.0447475763e-09
9.2424242424e-01 -2.8787878788e-01 0.0000000000e+00 5.3856723766e-09 -6.9715415578e-09
9.5454545455e-01 -2.8787878788e-01 0.0000000000e+00 5.2284881088e-09 -6.9107060300e-09
9.8484848485e-01 -2.8787878788e-01 0.0000000000e+00 5.0798504095e-09 -6.8615250947e-09
1.0151515152e+00 -2.8787878788e-01 0.0000000000e+00 4.9391111747e-09 -6.8233506477e-09
1.0454545455e+00 -2.8787878788e-01 0.0000000000e+00 4.8056828450e-09 -6.7955951296e-09
1.0757575758e+00 -2.8787878788e-01 0.0000000000e+00 4.6790319645e-09 -6.7777250847e-09
1.1060606061e+00 -2.8787878788e-01 0.0000000000e+00 4.5586734659e-09 -6.7692554455e-09
1.1363636364e+00 -2.8787878788e-01 0.0000000000e+00 4.4441656041e-09 -6.7697444671e-09
1.1666666667e+00 -2.8787878788e-01 0.0000000000e+00 4.3351054660e-09 -6.7787892361e-09
1.1969696970e+00 -2.8787878788e-01 0.0000000000e+00 4.2311249902e-09 -6.7960216913e-09
1.2272727273e+00 -2.8787878788e-01 0.0000000000e+00 4.1318874376e-09 -6.8211050937e-09
1.2575757576e+00 -2.8787878788e-01 0.0000000000e+00 4.0370842592e-09 -6.8537308941e-09
1.2878787879e+00 -2.8787878788e-01 0.0000000000e+00 3.9464323135e-09 -6.8936159510e-09
1.3181818182e+00 -2.8787878788e-01 0.0000000000e+00 3.8596713929e-09 -6.9405000569e-09
1.3484848485e+00 -2.8787878788e-01 0.0000000000e+00 3.7765620210e-09 -6.9941437354e-09
1.3787878788e+00 -2.8787878788e-01 0.0000000000e+00 3.6968834900e-09 -7.0543262787e-09
1.4090909091e+00 -2.8787878788e-01 0.0000000000e+00 3.6204321083e-09 -7.1208439952e-09
1.4393939394e+00 -2.8787878788e-01 0.0000000000e+00 3.5470196350e-09 -7.1935086439e-09
1.4696969697e+00 -2.8787878788e-01 0.0000000000e+00 3.4764718784e-09 -7.2721460332e-09
1.5000000000e+00 -2.8787878788e-01 0.0000000000e+00 3.4086274399e-09 -7.3565947645e-09
-1.5000000000e+00 -2.5757575758e-01 0.0000000000e+00 3.4208219501e-09 -7.3408170598e-09
-1.4696969697e+00 -2.5757575758e-01 0.0000000000e+00 3.4894147257e-09 -7.2571166657e-09
-1.4393939394e+00 -2.5757575758e-01 0.0000000000e+00 3.5607729018e-09 -7.1792896959e-09
-1.4090909091e+00 -2.5757575758e-01 0.0000000000e+00 3.6350644044e-09 -7.1075040764e-09
-1.3787878788e+00 -2.5757575758e-01 0.0000000000e+00 3.7124707876e-09 -7.0419413615e-09
-1.3484848485e+00 -2.5757575758e-01 0.0000000000e+00 3.7931886161e-09 -6.9827981157e-09
-1.3181818182e+00 -2.5757575758e-01 0.0000000000e+00 3.8774310144e-09 -6.9302874636e-09
-1.2878787879e+00 -2.5757575758e-01 0.0000000000e+00 3.9654294079e-09 -6.8846408306e-09
-1.2575757576e+00 -2.5757575758e-01 0.0000000000e+00 4.0574354813e-09 -6.8461099013e-09
-1.2272727273e+00 -2.5757575758e-01 0.0000000000e+00 4.1537233866e-09 -6.8149688278e-09
-1.1969696970e+00 -2.5757575758e-01 0.0000000000e+00 4.2545922377e-09 -6.7915167240e-09
-1.1666666667e+00 -2.5757575758e-01 0.0000000000e+00 4.3603689322e-09 -6.7760804875e-09
-1.1363636364e+00 -2.5757575758e-01 0.0000000000e+00 4.4714113515e-09 -6.7690179996e-09
-1.1060606061e+00 -2.5757575758e-01 0.0000000000e+00 4.5881119950e-09 -6.7707217598e-09
-1.0757575758e+00 -2.5757575758e-01 0.0000000000e+00 4.7109021164e-09 -6.7816230217e-09
-1.0454545455e+00 -2.5757575758e-01 0.0000000000e+00 4.8402564382e-09 -6.8021965079e-09
-1.0151515152e+00 -2.5757575758e-01 0.0000000000e+00 4.9766985362e-09 -6.8329657944e-09
-9.8484848485e-01 -2.5757575758e-01 0.0000000000e+00 5.1208069984e-09 -6.8745094687e-09
-9.5454545455e-01 -2.5757575758e-01 0.0000000000e+00 5.2732224791e-09 -6.9274681854e-09
-9.2424242424e-01 -2.5757575758e-01 0.0000000000e+00 5.4346557907e-09 -6.9925527570e-09
-8.9393939394e-01 -2.5757575758e-01 0.0000000000e+00 5.6058971934e-09 -7.0705534435e-09
-8.6363636364e-01 -2.5757575758e-01 0.0000000000e+00 5.7878270668e-09 -7.1623506246e-09
-8.3333333333e-01 -2.5757575758e-01 0.0000000000e+00 5.9814281705e-09 -7.2689270599e-09
-8.0303030303e-01 -2.5757575758e-01 0.0000000000e+00 6.1877997224e-09 -7.3913819672e-09
-7.7272727273e-01 -2.5757575758e-01 0.0000000000e+00 6.4081735378e-09 -7.5309471619e-09
-7.4242424242e-01 -2.5757575758e-01 0.0000000000e+00 6.6439324789e-09 -7.6890055062e-09
-7.1212121212e-01 -2.5757575758e-01 0.0000000000e+00 6.8966314451e-09 -7.8671118994e-09
-6.8181818182e-01 -2.5757575758e-01 0.0000000000e+00 7.1680210755e-09 -8.0670169807e-09
-6.5151515152e-01 -2.5757575758e-01 0.0000000000e+00 7.4600742074e-09 -8.2906935875e-09
-6.2121212121e-01 -2.5757575758e-01 0.0000000000e+00 7.7750148836e-09 -8.5403657623e-09
-5.9090909091e-01 -2.5757575758e-01 0.0000000000e+00 8.1153492508e-09 -8.8185396521e-09
-5.6060606061e-01 -2.5757575758e-01 0.0000000000e+00 8.4838969075e-09 -9.1280348552e-09
-5.3030303030e-01 -2.5757575758e-01 0.0000000000e+00 8.8838199105e-09 -9.4720134285e-09
-5.0000000000e-01 -2.5757575758e-01 0.0000000000e+00 9.3186443819e-09 -9.8540014940e-09
-4.6969696970e-01 -2.5757575758e-01 0.0000000000e+00 9.7922658429e-09 -1.0277894573e-08
-4.3939393939e-01 -2.5757575758e-01 0.0000000000e+00 1.0308923045e-08 -1.0747931417e-08
-4.0909090909e-01 -2.5757575758e-01 0.0000000000e+00 1.0873114552e-08 -1.1268610590e-08
-3.7878787879e-01 -2.5757575758e-01 0.0000000000e+00 1.1489415271e-08 -1.1844506999e-08
-3.4848484848e-01 -2.5757575758e-01 0.0000000000e+00 1.2162123827e-08 -1.2479919268e-08
-3.1818181818e-01 -2.5757575758e-01 0.0000000000e+00 1.2894635605e-08 -1.3178242784e-08
-2.8787878788e-01 -2.5757575758e-01 0.0000000000e+00 1.3688401901e-08 -1.3940928841e-08
-2.5757575758e-01 -2.5757575758e-01 0.0000000000e+00 1.4541351983e-08 -1.4765906707e-08
-2.2727272727e-01 -2.5757575758e-01 0.0000000000e+00 1.5445864796e-08 -1.5645555330e-08
-1.9696969697e-01 -2.5757575758e-01 0.0000000000e+00 1.6387031312e-08 -1.6564965679e-08
-1.6666666667e-01 -2.5757575758e-01 0.0000000000e+00 1.7342355590e-08 -1.7501641814e-08
-1.3636363636e-01 -2.5757575758e-01 0.0000000000e+00 1.8280487010e-08 -1.8424233114e-08
-1.0606060606e-01 -2.5757575758e-01 0.0000000000e+00 1.9155106945e-08 -1.9286420954e-08
-7.5757575758e-02 -2.5757575758e-01 0.0000000000e+00 1.9908478882e-08 -2.0030468819e-08
-4.5454545455e-02 -2.5757575758e-01 0.0000000000e+00 2.0447786581e-08 -2.0563560470e-08
-1.5151515152e-02 -2.5757575758e-01 0.0000000000e+00 2.0695556628e-08 -2.0808222493e-08
1.5151515152e-02 -2.5757575758e-01 0.0000000000e+00 2.0684913005e-08 -2.0797578870e-08
4.5454545455e-02 -2.5757575758e-01 0.0000000000e+00 2.0432617389e-08 -2.0548391279e-08
7.5757575758e-02 -2.5757575758e-01 0.0000000000e+00 1.9964573467e-08 -2.0086563404e-08
1.0606060606e-01 -2.5757575758e-01 0.0000000000e+00 1.9265037424e-08 -1.9396351433e-08
1.3636363636e-01 -2.5757575758e-01 0.0000000000e+00 1.8360822026e-08 -1.8504568130e-08
1.6666666667e-01 -2.5757575758e-01 0.0000000000e+00 1.7371520250e-08 -1.7530806474e-08
1.9696969697e-01 -2.5757575758e-01 0.0000000000e+00 1.6371673143e-08 -1.6549607510e-08
2.2727272727e-01 -2.5757575758e-01 0.0000000000e+00 1.5404872090e-08 -1.5604562624e-08
2.5757575758e-01 -2.5757575758e-01 0.0000000000e+00 1.4491481591e-08 -1.4716036316e-08
2.8787878788e-01 -2.5757575758e-01 0.0000000000e+00 1.3639830846e-08 -1.3892357785e-08
3.1818181818e-01 -2.5757575758e-01 0.0000000000e+00 1.2852020515e-08 -1.3135627693e-08
3.4848484848e-01 -2.5757575758e-01 0.0000000000e+00 1.2126785242e-08 -1.2444580683e-08
3.7878787879e-01 -2.5757575758e-01 0.0000000000e+00 1.1461029068e-08 -1.1816120796e-08
4.0909090909e-01 -2.5757575758e-01 0.0000000000e+00 1.0850715643e-08 -1.1246211681e-08
4.3939393939e-01 -2.5757575758e-01 0.0000000000e+00 1.0291413082e-08 -1.0730421454e-08
4.6969696970e-01 -2.5757575758e-01 0.0000000000e+00 9.7786333123e-09 -1.0264262042e-08
5.0000000000e-01 -2.5757575758e-01 0.0000000000e+00 9.3080382085e-09 -9.8433953206e-09
5.3030303030e-01 -2.5757575758e-01 0.0000000000e+00 8.8755563653e-09 -9.4637498833e-09
5.6060606061e-01 -2.5757575758e-01 0.0000000000e+00 8.4774404132e-09 -9.1215783608e-09
5.9090909091e-01 -2.5757575758e-01 0.0000000000e+00 8.1102860522e-09 -8.8134764535e-09
6.2121212121e-01 -2.5757575758e-01 0.0000000000e+00 7.7710276000e-09 -8.5363784787e-09
6.5151515152e-01 -2.5757575758e-01 0.0000000000e+00 7.4569200890e-09 -8.2875394691e-09
6.8181818182e-01 -2.5757575758e-01 0.0000000000e+00 7.1655144900e-09 -8.0645103952e-09
7.1212121212e-01 -2.5757575758e-01 0.0000000000e+00 6.8946302137e-09 -7.8651106680e-09
7.4242424242e-01 -2.5757575758e-01 0.0000000000e+00 6.6423274038e-09 -7.6874004310e-09
7.7272727273e-01 -2.5757575758e-01 0.0000000000e+00 6.4068804549e-09 -7.5296540790e-09
8.0303030303e-01 -2.5757575758e-01 0.0000000000e+00 6.1867535006e-09 -7.3903357454e-09
8.3333333333e-01 -2.5757575758e-01 0.0000000000e+00 5.9805781883e-09 -7.2680770776e-09
8.6363636364e-01 -2.5757575758e-01 0.0000000000e+00 5.7871338016e-09 -7.1616573594e-09
8.9393939394e-01 -2.5757575758e-01 0.0000000000e+00 5.6053296463e-09 -7.0699858964e-09
9.2424242424e-01 -2.5757575758e-01 0.0000000000e+00 5.4341895355e-09 -6.9920865018e-09
9.5454545455e-01 -2.5757575758e-01 0.0000000000e+00 5.2728381807e-09 -6.9270838870e-09
9.8484848485e-01 -2.5757575758e-01 0.0000000000e+00 5.1204892827e-09 -6.8741917530e-09
1.0151515152e+00 -2.5757575758e-01 0.0000000000e+00 4.9764351247e-09 -6.8327023828e-09
1.0454545455e+00 -2.5757575758e-01 0.0000000000e+00 4.8400374822e-09 -6.8019775520e-09
1.0757575758e+00 -2.5757575758e-01 0.0000000000e+00 4.7107196839e-09 -6.7814405892e-09
1.1060606061e+00 -2.5757575758e-01 0.0000000000e+00 4.5879596712e-09 -6.7705694360e-09
1.1363636364e+00 -2.5757575758e-01 0.0000000000e+00 4.4712839287e-09 -6.7688905768e-09
1.1666666667e+00 -2.5757575758e-01 0.0000000000e+00 4.3602621668e-09 -6.7759737220e-09
1.1969696970e+00 -2.5757575758e-01 0.0000000000e+00 4.2545026589e-09 -6.7914271452e-09
1.2272727273e+00 -2.5757575758e-01 0.0000000000e+00 4.1536481461e-09 -6.8148935873e-09
1.2575757576e+00 -2.5757575758e-01 0.0000000000e+00 4.0573722335e-09 -6.8460466535e-09
1.2878787879e+00 -2.5757575758e-01 0.0000000000e+00 3.9653762155e-09 -6.8845876381e-09
1.3181818182e+00 -2.5757575758e-01 0.0000000000e+00 3.8773862718e-09 -6.9302427210e-09
1.3484848485e+00 -2.5757575758e-01 0.0000000000e+00 3.7931509892e-09 -6.9827604888e-09
1.3787878788e+00 -2.5757575758e-01 0.0000000000e+00 3.7124391646e-09 -7.0419097384e-09
1.4090909091e+00 -2.5757575758e-01 0.0000000000e+00 3.6350378561e-09 -7.1074775281e-09
1.4393939394e+00 -2.5757575758e-01 0.0000000000e+00 3.5607506500e-09 -7.1792674440e-09
1.4696969697e+00 -2.5757575758e-01 0.0000000000e+00 3.4893961166e-09 -7.2570980566e-09
1.5000000000e+00 -2.5757575758e-01 0.0000000000e+00 3.4208064336e-09 -7.3408015433e-09
-1.5000000000e+00 -2.2727272727e-01 0.0000000000e+00 3.4317530421e-09 -7.3268839608e-09
-1.4696969697e+00 -2.2727272727e-01 0.0000000000e+00 3.5010192190e-09 -7.2438569680e-09
-1.4393939394e+00 -2.2727272727e-01 0.0000000000e+00 3.5731068868e-09 -7.1667594899e-09
-1.4090909091e+00 -2.2727272727e-01 0.0000000000e+00 3.6481898933e-09 -7.0957653743e-09
-1.3787878788e+00 -2.2727272727e-01 0.0000000000e+00 3.7264564747e-09 -7.0310628576e-09
-1.3484848485e+00 -2.2727272727e-01 0.0000000000e+00 3.8081107540e-09 -6.9728560627e-09
-1.3181818182e+00 -2.2727272727e-01 0.0000000000e+00 3.8933744261e-09 -6.9213666843e-09
-1.2878787879e+00 -2.2727272727e-01 0.0000000000e+00 3.9824886587e-09 -6.8768358904e-09
-1.2575757576e+00 -2.2727272727e-01 0.0000000000e+00 4.0757162405e-09 -6.8395264695e-09
-1.2272727273e+00 -2.2727272727e-01 0.0000000000e+00 4.1733440150e-09 -6.8097252652e-09
-1.1969696970e+00 -2.2727272727e-01 0.0000000000e+00 4.2756856420e-09 -6.7877459373e-09
-1.1666666667e+00 -2.2727272727e-01 0.0000000000e+00 4.3830847416e-09 -6.7739321058e-09
-1.1363636364e+00 -2.2727272727e-01 0.0000000000e+00 4.4959184780e-09 -6.7686609351e-09
-1.1060606061e+00 -2.2727272727e-01 0.0000000000e+00 4.6146016586e-09 -6.7723472324e-09
-1.0757575758e+00 -2.2727272727e-01 0.0000000000e+00 4.7395914305e-09 -6.7854481448e-09
-1.0454545455e+00 -2.2727272727e-01 0.0000000000e+00 4.8713926770e-09 -6.8084685558e-09
-1.0151515152e+00 -2.2727272727e-01 0.0000000000e+00 5.0105642334e-09 -6.8419673005e-09
-9.8484848485e-01 -2.2727272727e-01 0.0000000000e+00 5.1577260641e-09 -6.8865643434e-09
-9.5454545455e-01 -2.2727272727e-01 0.0000000000e+00 5.3135675715e-09 -6.9429490869e-09
-9.2424242424e-01 -2.2727272727e-01 0.0000000000e+00 5.4788572386e-09 -7.0118900139e-09
-8.9393939394e-01 -2.2727272727e-01 0.0000000000e+00 5.6544538458e-09 -7.0942459049e-09
-8.6363636364e-01 -2.2727272727e-01 0.0000000000e+00 5.8413195522e-09 -7.1909789190e-09
-8.3333333333e-01 -2.2727272727e-01 0.0000000000e+00 6.0405351804e-09 -7.3031698788e-09
-8.0303030303e-01 -2.2727272727e-01 0.0000000000e+00 6.2533181141e-09 -7.4320361679e-09
-7.7272727273e-01 -2.2727272727e-01 0.0000000000e+00 6.4810432861e-09 -7.5789527192e-09
-7.4242424242e-01 -2.2727272727e-01 0.0000000000e+00 6.7252678188e-09 -7.7454766551e-09
-7.1212121212e-01 -2.2727272727e-01 0.0000000000e+00 6.9877599635e-09 -7.9333762269e-09
-6.8181818182e-01 -2.2727272727e-01 0.0000000000e+00 7.2705330674e-09 -8.1446647816e-09
-6.5151515152e-01 -2.2727272727e-01 0.0000000000e+00 7.5758853604e-09 -8.3816405494e-09
-6.2121212121e-01 -2.2727272727e-01 0.0000000000e+00 7.9064463634e-09 -8.6469330511e-09
-5.9090909091e-01 -2.2727272727e-01 0.0000000000e+00 8.2652306189e-09 -8.9435568291e-09
-5.6060606061e-01 -2.2727272727e-01 0.0000000000e+00 8.6556991252e-09 -9.2749728819e-09
-5.3030303030e-01 -2.2727272727e-01 0.0000000000e+00 9.0818281208e-09 -9.6451574478e-09
-5.0000000000e-01 -2.2727272727e-01 0.0000000000e+00 9.5481833489e-09 -1.0058676270e-08
-4.6969696970e-01 -2.2727272727e-01 0.0000000000e+00 1.0059994965e-08 -1.0520759504e-08
-4.3939393939e-01 -2.2727272727e-01 0.0000000000e+00 1.0623222549e-08 -1.1037366730e-08
-4.0909090909e-01 -2.2727272727e-01 0.0000000000e+00 1.1244588796e-08 -1.1615220643e-08
-3.7878787879e-01 -2.2727272727e-01 0.0000000000e+00 1.1931539595e-08 -1.2261767131e-08
-3.4848484848e-01 -2.2727272727e-01 0.0000000000e+00 1.2692048465e-08 -1.2984979715e-08
-3.1818181818e-01 -2.2727272727e-01 0.0000000000e+00 1.3534109907e-08 -1.3792852895e-08
-2.8787878788e-01 -2.2727272727e-01 0.0000000000e+00 1.4464642291e-08 -1.4692305040e-08
-2.5757575758e-01 -2.2727272727e-01 0.0000000000e+00 1.5487359414e-08 -1.5687049948e-08
-2.2727272727e-01 -2.2727272727e-01 0.0000000000e+00 1.6599141900e-08 -1.6773968243e-08
-1.9696969697e-01 -2.2727272727e-01 0.0000000000e+00 1.7785598636e-08 -1.7938668811e-08
-1.6666666667e-01 -2.2727272727e-01 0.0000000000e+00 1.9023807607e-08 -1.9158229640e-08
-1.3636363636e-01 -2.2727272727e-01 0.0000000000e+00 2.0282444735e-08 -2.0401326648e-08
-1.0606060606e-01 -2.2727272727e-01 0.0000000000e+00 2.1381217322e-08 -2.1487667140e-08
-7.5757575758e-02 -2.2727272727e-01 0.0000000000e+00 2.2220710636e-08 -2.2317836382e-08
-4.5454545455e-02 -2.2727272727e-01 0.0000000000e+00 2.2785256075e-08 -2.2876165773e-08
-1.5151515152e-02 -2.2727272727e-01 0.0000000000e+00 2.3065224413e-08 -2.3153026088e-08
1.5151515152e-02 -2.2727272727e-01 0.0000000000e+00 2.3068553703e-08 -2.3156355378e-08
4.5454545455e-02 -2.2727272727e-01 0.0000000000e+00 2.2803811160e-08 -2.2894720858e-08
7.5757575758e-02 -2.2727272727e-01 0.0000000000e+00 2.2276751674e-08 -2.2373877420e-08
1.0606060606e-01 -2.2727272727e-01 0.0000000000e+00 2.1481711203e-08 -2.1588161020e-08
1.3636363636e-01 -2.2727272727e-01 0.0000000000e+00 2.0405791934e-08 -2.0524673847e-08
1.6666666667e-01 -2.2727272727e-01 0.0000000000e+00 1.9060645095e-08 -1.9195067127e-08
1.9696969697e-01 -2.2727272727e-01 0.0000000000e+00 1.7733504872e-08 -1.7886575048e-08
2.2727272727e-01 -2.2727272727e-01 0.0000000000e+00 1.6513186489e-08 -1.6688012832e-08
2.5757575758e-01 -2.2727272727e-01 0.0000000000e+00 1.5399983443e-08 -1.5599673977e-08
2.8787878788e-01 -2.2727272727e-01 0.0000000000e+00 1.4389132926e-08 -1.4616795675e-08
3.1818181818e-01 -2.2727272727e-01 0.0000000000e+00 1.3473568591e-08 -1.3732311579e-08
3.4848484848e-01 -2.2727272727e-01 0.0000000000e+00 1.2645292927e-08 -1.2938224177e-08
3.7878787879e-01 -2.2727272727e-01 0.0000000000e+00 1.1896083419e-08 -1.2226310956e-08
4.0909090909e-01 -2.2727272727e-01 0.0000000000e+00 1.1217905143e-08 -1.1588536990e-08
4.3939393939e-01 -2.2727272727e-01 0.0000000000e+00 1.0603171408e-08 -1.1017315589e-08
4.6969696970e-01 -2.2727272727e-01 0.0000000000e+00 1.0044897161e-08 -1.0505661700e-08
5.0000000000e-01 -2.2727272727e-01 0.0000000000e+00 9.5367686054e-09 -1.0047261527e-08
5.3030303030e-01 -2.2727272727e-01 0.0000000000e+00 9.0731523766e-09 -9.6364817036e-09
5.6060606061e-01 -2.2727272727e-01 0.0000000000e+00 8.6490661541e-09 -9.2683399108e-09
5.9090909091e-01 -2.2727272727e-01 0.0000000000e+00 8.2601280000e-09 -8.9384542102e-09
6.2121212121e-01 -2.2727272727e-01 0.0000000000e+00 7.9024964361e-09 -8.6429831238e-09
6.5151515152e-01 -2.2727272727e-01 0.0000000000e+00 7.5728088267e-09 -8.3785640158e-09
6.8181818182e-01 -2.2727272727e-01 0.0000000000e+00 7.2681224030e-09 -8.1422541172e-09
7.1212121212e-01 -2.2727272727e-01 0.0000000000e+00 6.9858601331e-09 -7.9314763965e-09
7.4242424242e-01 -2.2727272727e-01 0.0000000000e+00 6.7237623200e-09 -7.7439711563e-09
7.7272727273e-01 -2.2727272727e-01 0.0000000000e+00 6.4798440399e-09 -7.5777534730e-09
8.0303030303e-01 -2.2727272727e-01 0.0000000000e+00 6.2523581217e-09 -7.4310761755e-09
8.3333333333e-01 -2.2727272727e-01 0.0000000000e+00 6.0397631665e-09 -7.3023978648e-09
8.6363636364e-01 -2.2727272727e-01 0.0000000000e+00 5.8406960392e-09 -7.1903554060e-09
8.9393939394e-01 -2.2727272727e-01 0.0000000000e+00 5.6539482613e-09 -7.0937403205e-09
9.2424242424e-01 -2.2727272727e-01 0.0000000000e+00 5.4784457720e-09 -7.0114785473e-09
9.5454545455e-01 -2.2727272727e-01 0.0000000000e+00 5.3132315764e-09 -6.9426130918e-09
9.8484848485e-01 -2.2727272727e-01 0.0000000000e+00 5.1574508608e-09 -6.8862891402e-09
1.0151515152e+00 -2.2727272727e-01 0.0000000000e+00 5.0103382065e-09 -6.8417412737e-09
1.0454545455e+00 -2.2727272727e-01 0.0000000000e+00 4.8712065908e-09 -6.8082824696e-09
1.0757575758e+00 -2.2727272727e-01 0.0000000000e+00 4.7394379070e-09 -6.7852946213e-09
1.1060606061e+00 -2.2727272727e-01 0.0000000000e+00 4.6144747776e-09 -6.7722203514e-09
1.1363636364e+00 -2.2727272727e-01 0.0000000000e+00 4.4958134687e-09 -6.7685559258e-09
1.1666666667e+00 -2.2727272727e-01 0.0000000000e+00 4.3829977438e-09 -6.7738451081e-09
1.1969696970e+00 -2.2727272727e-01 0.0000000000e+00 4.2756135204e-09 -6.7876738157e-09
1.2272727273e+00 -2.2727272727e-01 0.0000000000e+00 4.1732842130e-09 -6.8096654632e-09
1.2575757576e+00 -2.2727272727e-01 0.0000000000e+00 4.0756666668e-09 -6.8394768958e-09
1.2878787879e+00 -2.2727272727e-01 0.0000000000e+00 3.9824475963e-09 -6.8767948280e-09
1.3181818182e+00 -2.2727272727e-01 0.0000000000e+00 3.8933404612e-09 -6.9213327194e-09
1.3484848485e+00 -2.2727272727e-01 0.0000000000e+00 3.8080827188e-09 -6.9728280274e-09
1.3787878788e+00 -2.2727272727e-01 0.0000000000e+00 3.7264334017e-09 -7.0310397846e-09
1.4090909091e+00 -2.2727272727e-01 0.0000000000e+00 3.6481709789e-09 -7.0957464600e-09
1.4393939394e+00 -2.2727272727e-01 0.0000000000e+00 3.5730914621e-09 -7.1667440652e-09
1.4696969697e+00 -2.2727272727e-01 0.0000000000e+00 3.5010067253e-09 -7.2438444743e-09
1.5000000000e+00 -2.2727272727e-01 0.0000000000e+00 3.4317430123e-09 -7.3268739310e-09
-1.5000000000e+00 -1.9696969697e-01 0.0000000000e+00 3.4414040441e-09 -7.3147787958e-09
-1.4696969697e+00 -1.9696969697e-01 0.0000000000e+00 3.5112685127e-09 -7.2323500945e-09
-1.4393939394e+00 -1.9696969697e-01 0.0000000000e+00 3.5840047137e-09 -7.1559011497e-09
-1.4090909091e+00 -1.9696969697e-01 0.0000000000e+00 3.6597918532e-09 -7.0856111672e-09
-1.3787878788e+00 -1.9696969697e-01 0.0000000000e+00 3.7388242227e-09 -7.0216744385e-09
-1.3484848485e+00 -1.9696969697e-01 0.0000000000e+00 3.8213128045e-09 -6.9643019461e-09
-1.3181818182e+00 -1.9696969697e-01 0.0000000000e+00 3.9074870838e-09 -6.9137231749e-09
-1.2878787879e+00 -1.9696969697e-01 0.0000000000e+00 3.9975970990e-09 -6.8701881636e-09
-1.2575757576e+00 -1.9696969697e-01 0.0000000000e+00 4.0919157688e-09 -6.8339698307e-09
-1.2272727273e+00 -1.9696969697e-01 0.0000000000e+00 4.1907415362e-09 -6.8053666193e-09
-1.1969696970e+00 -1.9696969697e-01 0.0000000000e+00 4.2944013849e-09 -6.7847055130e-09
-1.1666666667e+00 -1.9696969697e-01 0.0000000000e+00 4.4032542861e-09 -6.7723454832e-09
-1.1363636364e+00 -1.9696969697e-01 0.0000000000e+00 4.5176951498e-09 -6.7686814397e-09
-1.1060606061e+00 -1.9696969697e-01 0.0000000000e+00 4.6381593660e-09 -6.7741487727e-09
-1.0757575758e+00 -1.9696969697e-01 0.0000000000e+00 4.7651280411e-09 -6.7892285884e-09
-1.0454545455e+00 -1.9696969697e-01 0.0000000000e+00 4.8991340517e-09 -6.8144537634e-09
-1.0151515152e+00 -1.9696969697e-01 0.0000000000e+00 5.0407690674e-09 -6.8504159674e-09
-9.8484848485e-01 -1.9696969697e-01 0.0000000000e+00 5.1906917231e-09 -6.8977738353e-09
-9.5454545455e-01 -1.9696969697e-01 0.0000000000e+00 5.3496371601e-09 -6.9572625083e-09
-9.2424242424e-01 -1.9696969697e-01 0.0000000000e+00 5.5184282048e-09 -7.0297048130e-09
-8.9393939394e-01 -1.9696969697e-01 0.0000000000e+00 5.6979885102e-09 -7.1160244022e-09
-8.6363636364e-01 -1.9696969697e-01 0.0000000000e+00 5.8893580611e-09 -7.2172612608e-09
-8.3333333333e-01 -1.9696969697e-01 0.0000000000e+00 6.0937115351e-09 -7.3345900663e-09
-8.0303030303e-01 -1.9696969697e-01 0.0000000000e+00 6.3123801240e-09 -7.4693420107e-09
-7.7272727273e-01 -1.9696969697e-01 0.0000000000e+00 6.5468775657e-09 -7.6230308317e-09
-7.4242424242e-01 -1.9696969697e-01 0.0000000000e+00 6.7989313097e-09 -7.7973839789e-09
-7.1212121212e-01 -1.9696969697e-01 0.0000000000e+00 7.0705199630e-09 -7.9943800592e-09
-6.8181818182e-01 -1.9696969697e-01 0.0000000000e+00 7.3639184326e-09 -8.2162939797e-09
-6.5151515152e-01 -1.9696969697e-01 0.0000000000e+00 7.6817525112e-09 -8.4657515332e-09
-6.2121212121e-01 -1.9696969697e-01 0.0000000000e+00 8.0270650485e-09 -8.7457955691e-09
-5.9090909091e-01 -1.9696969697e-01 0.0000000000e+00 8.4033963047e-09 -9.0599663478e-09
-5.6060606061e-01 -1.9696969697e-01 0.0000000000e+00 8.8148815782e-09 -9.4123991678e-09
-5.3030303030e-01 -1.9696969697e-01 0.0000000000e+00 9.2663696574e-09 -9.8079428173e-09
-5.0000000000e-01 -1.9696969697e-01 0.0000000000e+00 9.7635659116e-09 -1.0252302666e-08
-4.6969696970e-01 -1.9696969697e-01 0.0000000000e+00 1.0313203528e-08 -1.0752211900e-08
-4.3939393939e-01 -1.9696969697e-01 0.0000000000e+00 1.0923244666e-08 -1.1315632680e-08
-4.0909090909e-01 -1.9696969697e-01 0.0000000000e+00 1.1603108132e-08 -1.1951983812e-08
-3.7878787879e-01 -1.9696969697e-01 0.0000000000e+00 1.2363906629e-08 -1.2672377999e-08
-3.4848484848e-01 -1.9696969697e-01 0.0000000000e+00 1.3218642306e-08 -1.3489817389e-08
-3.1818181818e-01 -1.9696969697e-01 0.0000000000e+00 1.4182223373e-08 -1.4419210193e-08
-2.8787878788e-01 -1.9696969697e-01 0.0000000000e+00 1.5270956715e-08 -1.5476863297e-08
-2.5757575758e-01 -1.9696969697e-01 0.0000000000e+00 1.6500703419e-08 -1.6678637785e-08
-2.2727272727e-01 -1.9696969697e-01 0.0000000000e+00 1.7881964872e-08 -1.8035035048e-08
-1.9696969697e-01 -1.9696969697e-01 0.0000000000e+00 1.9407386588e-08 -1.9538700597e-08
-1.6666666667e-01 -1.9696969697e-01 0.0000000000e+00 2.0963643099e-08 -2.1076308964e-08
-1.3636363636e-01 -1.9696969697e-01 0.0000000000e+00 2.2322920371e-08 -2.2420046117e-08
-1.0606060606e-01 -1.9696969697e-01 0.0000000000e+00 2.3436811707e-08 -2.3521505357e-08
-7.5757575758e-02 -1.9696969697e-01 0.0000000000e+00 nan nan
-4.5454545455e-02 -1.9696969697e-01 0.0000000000e+00 nan nan
-1.5151515152e-02 -1.9696969697e-01 0.0000000000e+00 nan nan
1.5151515152e-02 -1.9696969697e-01 0.0000000000e+00 nan nan
4.5454545455e-02 -1.9696969697e-01 0.0000000000e+00 nan nan
7.5757575758e-02 -1.9696969697e-01 0.0000000000e+00 nan nan
1.0606060606e-01 -1.9696969697e-01 0.0000000000e+00 2.3489759914e-08 -2.3574453565e-08
1.3636363636e-01 -1.9696969697e-01 0.0000000000e+00 2.2361853641e-08 -2.2458979387e-08
1.6666666667e-01 -1.9696969697e-01 0.0000000000e+00 2.0926535081e-08 -2.1039200946e-08
1.9696969697e-01 -1.9696969697e-01 0.0000000000e+00 1.9235521388e-08 -1.9366835396e-08
2.2727272727e-01 -1.9696969697e-01 0.0000000000e+00 1.7699202363e-08 -1.7852272539e-08
2.5757575758e-01 -1.9696969697e-01 0.0000000000e+00 1.6349331353e-08 -1.6527265719e-08
2.8787878788e-01 -1.9696969697e-01 0.0000000000e+00 1.5156559767e-08 -1.5362466349e-08
3.1818181818e-01 -1.9696969697e-01 0.0000000000e+00 1.4099081586e-08 -1.4336068406e-08
3.4848484848e-01 -1.9696969697e-01 0.0000000000e+00 1.3159091560e-08 -1.3430266643e-08
3.7878787879e-01 -1.9696969697e-01 0.0000000000e+00 1.2321351852e-08 -1.2629823221e-08
4.0909090909e-01 -1.9696969697e-01 0.0000000000e+00 1.1572579906e-08 -1.1921455586e-08
4.3939393939e-01 -1.9696969697e-01 0.0000000000e+00 1.0901190648e-08 -1.1293578662e-08
4.6969696970e-01 -1.9696969697e-01 0.0000000000e+00 1.0297136517e-08 -1.0736144889e-08
5.0000000000e-01 -1.9696969697e-01 0.0000000000e+00 9.7517548046e-09 -1.0240491559e-08
5.3030303030e-01 -1.9696969697e-01 0.0000000000e+00 9.2576078789e-09 -9.7991810388e-09
5.6060606061e-01 -1.9696969697e-01 0.0000000000e+00 8.8083237299e-09 -9.4058413195e-09
5.9090909091e-01 -1.9696969697e-01 0.0000000000e+00 8.3984457511e-09 -9.0550157943e-09
6.2121212121e-01 -1.9696969697e-01 0.0000000000e+00 8.0232972351e-09 -8.7420277557e-09
6.5151515152e-01 -1.9696969697e-01 0.0000000000e+00 7.6788626989e-09 -8.4628617208e-09
6.8181818182e-01 -1.9696969697e-01 0.0000000000e+00 7.3616859515e-09 -8.2140614987e-09
7.1212121212e-01 -1.9696969697e-01 0.0000000000e+00 7.0687836217e-09 -7.9926437179e-09
7.4242424242e-01 -1.9696969697e-01 0.0000000000e+00 6.7975723566e-09 -7.7960250258e-09
7.7272727273e-01 -1.9696969697e-01 0.0000000000e+00 6.5458077910e-09 -7.6219610570e-09
8.0303030303e-01 -1.9696969697e-01 0.0000000000e+00 6.3115334829e-09 -7.4684953696e-09
8.3333333333e-01 -1.9696969697e-01 0.0000000000e+00 6.0930382011e-09 -7.3339167324e-09
8.6363636364e-01 -1.9696969697e-01 0.0000000000e+00 5.8888201699e-09 -7.2167233696e-09
8.9393939394e-01 -1.9696969697e-01 0.0000000000e+00 5.6975570877e-09 -7.1155929797e-09
9.2424242424e-01 -1.9696969697e-01 0.0000000000e+00 5.5180809337e-09 -7.0293575419e-09
9.5454545455e-01 -1.9696969697e-01 0.0000000000e+00 5.3493567425e-09 -6.9569820908e-09
9.8484848485e-01 -1.9696969697e-01 0.0000000000e+00 5.1904646721e-09 -6.8975467843e-09
1.0151515152e+00 -1.9696969697e-01 0.0000000000e+00 5.0405848078e-09 -6.8502317078e-09
1.0454545455e+00 -1.9696969697e-01 0.0000000000e+00 4.8989842471e-09 -6.8143039588e-09
1.0757575758e+00 -1.9696969697e-01 0.0000000000e+00 4.7650060867e-09 -6.7891066339e-09
1.1060606061e+00 -1.9696969697e-01 0.0000000000e+00 4.6380600037e-09 -6.7740494104e-09
1.1363636364e+00 -1.9696969697e-01 0.0000000000e+00 4.5176141747e-09 -6.7686004647e-09
1.1666666667e+00 -1.9696969697e-01 0.0000000000e+00 4.4031883212e-09 -6.7722795184e-09
1.1969696970e+00 -1.9696969697e-01 0.0000000000e+00 4.2943477069e-09 -6.7846518351e-09
1.2272727273e+00 -1.9696969697e-01 0.0000000000e+00 4.1906979408e-09 -6.8053230239e-09
1.2575757576e+00 -1.9696969697e-01 0.0000000000e+00 4.0918804652e-09 -6.8339345271e-09
1.2878787879e+00 -1.9696969697e-01 0.0000000000e+00 3.9975686275e-09 -6.8701596921e-09
1.3181818182e+00 -1.9696969697e-01 0.0000000000e+00 3.9074642506e-09 -6.9137003417e-09
1.3484848485e+00 -1.9696969697e-01 0.0000000000e+00 3.8212946308e-09 -6.9642837723e-09
1.3787878788e+00 -1.9696969697e-01 0.0000000000e+00 3.7388099032e-09 -7.0216601190e-09
1.4090909091e+00 -1.9696969697e-01 0.0000000000e+00 3.6597807239e-09 -7.0856000379e-09
1.4393939394e+00 -1.9696969697e-01 0.0000000000e+00 3.5839962259e-09 -7.1558926619e-09
1.4696969697e+00 -1.9696969697e-01 0.0000000000e+00 3.5112622118e-09 -7.2323437937e-09
1.5000000000e+00 -1.9696969697e-01 0.0000000000e+00 3.4413995529e-09 -7.3147743046e-09
-1.5000000000e+00 -1.6666666667e-01 0.0000000000e+00 3.4497412554e-09 -7.3044678638e-09
-1.4696969697e+00 -1.6666666667e-01 0.0000000000e+00 3.5201254038e-09 -7.2225588425e-09
-1.4393939394e+00 -1.6666666667e-01 0.0000000000e+00 3.5934252344e-09 -7.1466735271e-09
-1.4090909091e+00 -1.6666666667e-01 0.0000000000e+00 3.6698246816e-09 -7.0769958523e-09
-1.3787878788e+00 -1.6666666667e-01 0.0000000000e+00 3.7495233874e-09 -7.0137254600e-09
-1.3484848485e+00 -1.6666666667e-01 0.0000000000e+00 3.8327384028e-09 -6.9570794011e-09
-1.3181818182e+00 -1.6666666667e-01 0.0000000000e+00 3.9197061149e-09 -6.9072940627e-09
-1.2878787879e+00 -1.6666666667e-01 0.0000000000e+00 4.0106844337e-09 -6.8646273550e-09
-1.2575757576e+00 -1.6666666667e-01 0.0000000000e+00 4.1059552800e-09 -6.8293611987e-09
-1.2272727273e+00 -1.6666666667e-01 0.0000000000e+00 4.2058274240e-09 -6.8018043639e-09
-1.1969696970e+00 -1.6666666667e-01 0.0000000000e+00 4.3106397325e-09 -6.7822957175e-09
-1.1666666667e+00 -1.6666666667e-01 0.0000000000e+00 4.4207648956e-09 -6.7712079495e-09
-1.1363636364e+00 -1.6666666667e-01 0.0000000000e+00 4.5366137151e-09 -6.7689518618e-09
-1.1060606061e+00 -1.6666666667e-01 0.0000000000e+00 4.6586400564e-09 -6.7759813198e-09
-1.0757575758e+00 -1.6666666667e-01 0.0000000000e+00 4.7873465848e-09 -6.7927989888e-09
-1.0454545455e+00 -1.6666666667e-01 0.0000000000e+00 4.9232914334e-09 -6.8199630019e-09
-1.0151515152e+00 -1.6666666667e-01 0.0000000000e+00 5.0670959822e-09 -6.8580947390e-09
-9.8484848485e-01 -1.6666666667e-01 0.0000000000e+00 5.2194539676e-09 -6.9078879366e-09
-9.5454545455e-01 -1.6666666667e-01 0.0000000000e+00 5.3811421917e-09 -6.9701193968e-09
-9.2424242424e-01 -1.6666666667e-01 0.0000000000e+00 5.5530331653e-09 -7.0456616303e-09
-8.9393939394e-01 -1.6666666667e-01 0.0000000000e+00 5.7361100958e-09 -7.1354978446e-09
-8.6363636364e-01 -1.6666666667e-01 0.0000000000e+00 5.9314847384e-09 -7.2407397949e-09
-8.3333333333e-01 -1.6666666667e-01 0.0000000000e+00 6.1404187543e-09 -7.3626491424e-09
-8.0303030303e-01 -1.6666666667e-01 0.0000000000e+00 6.3643493947e-09 -7.5026631382e-09
-7.7272727273e-01 -1.6666666667e-01 0.0000000000e+00 6.6049205441e-09 -7.6624256669e-09
-7.4242424242e-01 -1.6666666667e-01 0.0000000000e+00 6.8640204462e-09 -7.8438249721e-09
-7.1212121212e-01 -1.6666666667e-01 0.0000000000e+00 7.1438278103e-09 -8.0490397633e-09
-6.8181818182e-01 -1.6666666667e-01 0.0000000000e+00 7.4468684953e-09 -8.2805958992e-09
-6.5151515152e-01 -1.6666666667e-01 0.0000000000e+00 7.7760856311e-09 -8.5414365098e-09
-6.2121212121e-01 -1.6666666667e-01 0.0000000000e+00 8.1349269250e-09 -8.8350093023e-09
-5.9090909091e-01 -1.6666666667e-01 0.0000000000e+00 8.5274541075e-09 -9.1653760074e-09
-5.6060606061e-01 -1.6666666667e-01 0.0000000000e+00 8.9584811059e-09 -9.5373505522e-09
-5.3030303030e-01 -1.6666666667e-01 0.0000000000e+00 9.4337497982e-09 -9.9566748148e-09
-5.0000000000e-01 -1.6666666667e-01 0.0000000000e+00 9.9601553535e-09 -1.0430243964e-08
-4.6969696970e-01 -1.6666666667e-01 0.0000000000e+00 1.0546037655e-08 -1.0966397884e-08
-4.3939393939e-01 -1.6666666667e-01 0.0000000000e+00 1.1201561831e-08 -1.1575301702e-08
-4.0909090909e-01 -1.6666666667e-01 0.0000000000e+00 1.1939220662e-08 -1.2269448198e-08
-3.7878787879e-01 -1.6666666667e-01 0.0000000000e+00 1.2774506102e-08 -1.3064329328e-08
-3.4848484848e-01 -1.6666666667e-01 0.0000000000e+00 1.3726816554e-08 -1.3979343493e-08
-3.1818181818e-01 -1.6666666667e-01 0.0000000000e+00 1.4820679966e-08 -1.5039018643e-08
-2.8787878788e-01 -1.6666666667e-01 0.0000000000e+00 1.6087332621e-08 -1.6274591059e-08
-2.5757575758e-01 -1.6666666667e-01 0.0000000000e+00 1.7566465053e-08 -1.7725751277e-08
-2.2727272727e-01 -1.6666666667e-01 0.0000000000e+00 1.9307457706e-08 -1.9441879739e-08
-1.9696969697e-01 -1.6666666667e-01 0.0000000000e+00 2.1119178100e-08 -2.1231843966e-08
-1.6666666667e-01 -1.6666666667e-01 0.0000000000e+00 2.2723180749e-08 -2.2817198471e-08
-1.3636363636e-01 -1.6666666667e-01 0.0000000000e+00 2.4098843645e-08 -2.4177321248e-08
-1.0606060606e-01 -1.6666666667e-01 0.0000000000e+00 nan nan
-7.5757575758e-02 -1.6666666667e-01 0.0000000000e+00 nan nan
-4.5454545455e-02 -1.6666666667e-01 0.0000000000e+00 nan nan
-1.5151515152e-02 -1.6666666667e-01 0.0000000000e+00 nan nan
1.5151515152e-02 -1.6666666667e-01 0.0000000000e+00 nan nan
4.5454545455e-02 -1.6666666667e-01 0.0000000000e+00 nan nan
7.5757575758e-02 -1.6666666667e-01 0.0000000000e+00 nan nan
1.0606060606e-01 -1.6666666667e-01 0.0000000000e+00 nan nan
1.3636363636e-01 -1.6666666667e-01 0.0000000000e+00 2.4082365514e-08 -2.4160843117e-08
1.6666666667e-01 -1.6666666667e-01 0.0000000000e+00 2.2615000103e-08 -2.2709017825e-08
1.9696969697e-01 -1.6666666667e-01 0.0000000000e+00 2.0828126852e-08 -2.0940792718e-08
2.2727272727e-01 -1.6666666667e-01 0.0000000000e+00 1.8935345659e-08 -1.9069767691e-08
2.5757575758e-01 -1.6666666667e-01 0.0000000000e+00 1.7317078336e-08 -1.7476364560e-08
2.8787878788e-01 -1.6666666667e-01 0.0000000000e+00 1.5923522770e-08 -1.6110781208e-08
3.1818181818e-01 -1.6666666667e-01 0.0000000000e+00 1.4713032967e-08 -1.4931371644e-08
3.4848484848e-01 -1.6666666667e-01 0.0000000000e+00 1.3655303985e-08 -1.3907830925e-08
3.7878787879e-01 -1.6666666667e-01 0.0000000000e+00 1.2726285212e-08 -1.3016108439e-08
4.0909090909e-01 -1.6666666667e-01 0.0000000000e+00 1.1906186315e-08 -1.2236413851e-08
4.3939393939e-01 -1.6666666667e-01 0.0000000000e+00 1.1178578435e-08 -1.1552318305e-08
4.6969696970e-01 -1.6666666667e-01 0.0000000000e+00 1.0529811615e-08 -1.0950171843e-08
5.0000000000e-01 -1.6666666667e-01 0.0000000000e+00 9.9485427911e-09 -1.0418631402e-08
5.3030303030e-01 -1.6666666667e-01 0.0000000000e+00 9.4253335334e-09 -9.9482585500e-09
5.6060606061e-01 -1.6666666667e-01 0.0000000000e+00 8.9523100701e-09 -9.5311795164e-09
5.9090909091e-01 -1.6666666667e-01 0.0000000000e+00 8.5228807350e-09 -9.1608026349e-09
6.2121212121e-01 -1.6666666667e-01 0.0000000000e+00 8.1315042100e-09 -8.8315865874e-09
6.5151515152e-01 -1.6666666667e-01 0.0000000000e+00 7.7735009950e-09 -8.5388518737e-09
6.8181818182e-01 -1.6666666667e-01 0.0000000000e+00 7.4449006860e-09 -8.2786280899e-09
7.1212121212e-01 -1.6666666667e-01 0.0000000000e+00 7.1423184205e-09 -8.0475303735e-09
7.4242424242e-01 -1.6666666667e-01 0.0000000000e+00 6.8628548417e-09 -7.8426593677e-09
7.7272727273e-01 -1.6666666667e-01 0.0000000000e+00 6.6040149301e-09 -7.6615200528e-09
8.0303030303e-01 -1.6666666667e-01 0.0000000000e+00 6.3636419392e-09 -7.5019556827e-09
8.3333333333e-01 -1.6666666667e-01 0.0000000000e+00 6.1398634270e-09 -7.3620938150e-09
8.6363636364e-01 -1.6666666667e-01 0.0000000000e+00 5.9310469871e-09 -7.2403020436e-09
8.9393939394e-01 -1.6666666667e-01 0.0000000000e+00 5.7357637820e-09 -7.1351515308e-09
9.2424242424e-01 -1.6666666667e-01 0.0000000000e+00 5.5527583705e-09 -7.0453868354e-09
9.5454545455e-01 -1.6666666667e-01 0.0000000000e+00 5.3809236332e-09 -6.9699008382e-09
9.8484848485e-01 -1.6666666667e-01 0.0000000000e+00 5.2192798439e-09 -6.9077138129e-09
1.0151515152e+00 -1.6666666667e-01 0.0000000000e+00 5.0669571252e-09 -6.8579558820e-09
1.0454545455e+00 -1.6666666667e-01 0.0000000000e+00 4.9231806803e-09 -6.8198522488e-09
1.0757575758e+00 -1.6666666667e-01 0.0000000000e+00 4.7872583098e-09 -6.7927107138e-09
1.1060606061e+00 -1.6666666667e-01 0.0000000000e+00 4.6585698189e-09 -6.7759110824e-09
1.1363636364e+00 -1.6666666667e-01 0.0000000000e+00 4.5365579940e-09 -6.7688961407e-09
1.1666666667e+00 -1.6666666667e-01 0.0000000000e+00 4.4207208864e-09 -6.7711639403e-09
1.1969696970e+00 -1.6666666667e-01 0.0000000000e+00 4.3106051927e-09 -6.7822611776e-09
1.2272727273e+00 -1.6666666667e-01 0.0000000000e+00 4.2058005535e-09 -6.8017774934e-09
1.2575757576e+00 -1.6666666667e-01 0.0000000000e+00 4.1059346291e-09 -6.8293405478e-09
1.2878787879e+00 -1.6666666667e-01 0.0000000000e+00 4.0106688308e-09 -6.8646117522e-09
1.3181818182e+00 -1.6666666667e-01 0.0000000000e+00 3.9196946106e-09 -6.9072825585e-09
1.3484848485e+00 -1.6666666667e-01 0.0000000000e+00 3.8327302256e-09 -6.9570712238e-09
1.3787878788e+00 -1.6666666667e-01 0.0000000000e+00 3.7495179087e-09 -7.0137199813e-09
1.4090909091e+00 -1.6666666667e-01 0.0000000000e+00 3.6698213884e-09 -7.0769925591e-09
1.4393939394e+00 -1.6666666667e-01 0.0000000000e+00 3.5934237069e-09 -7.1466719996e-09
1.4696969697e+00 -1.6666666667e-01 0.0000000000e+00 3.5201252982e-09 -7.2225587369e-09
1.5000000000e+00 -1.6666666667e-01 0.0000000000e+00 3.4497422896e-09 -7.3044688980e-09
-1.5000000000e+00 -1.3636363636e-01 0.0000000000e+00 3.4567351537e-09 -7.2959216427e-09
-1.4696969697e+00 -1.3636363636e-01 0.0000000000e+00 3.5275572734e-09 -7.2144505927e-09
-1.4393939394e+00 -1.3636363636e-01 0.0000000000e+00 3.6013323366e-09 -7.1390405099e-09
-1.4090909091e+00 -1.3636363636e-01 0.0000000000e+00 3.6782483166e-09 -7.0698793679e-09
-1.3787878788e+00 -1.3636363636e-01 0.0000000000e+00 3.7585094298e-09 -7.0071713830e-09
-1.3484848485e+00 -1.3636363636e-01 0.0000000000e+00 3.8423379219e-09 -6.9511388008e-09
-1.3181818182e+00 -1.3636363636e-01 0.0000000000e+00 3.9299760950e-09 -6.9020239235e-09
-1.2878787879e+00 -1.3636363636e-01 0.0000000000e+00 4.0216886133e-09 -6.8600914152e-09
-1.2575757576e+00 -1.3636363636e-01 0.0000000000e+00 4.1177651325e-09 -6.8256309318e-09
-1.2272727273e+00 -1.3636363636e-01 0.0000000000e+00 4.2185233089e-09 -6.7989601294e-09
-1.1969696970e+00 -1.3636363636e-01 0.0000000000e+00 4.3243122505e-09 -6.7804281161e-09
-1.1666666667e+00 -1.3636363636e-01 0.0000000000e+00 4.4355164901e-09 -6.7704194247e-09
-1.1363636364e+00 -1.3636363636e-01 0.0000000000e+00 4.5525605729e-09 -6.7693586003e-09
-1.1060606061e+00 -1.3636363636e-01 0.0000000000e+00 4.6759143728e-09 -6.7777155168e-09
-1.0757575758e+00 -1.3636363636e-01 0.0000000000e+00 4.8060992745e-09 -6.7960115591e-09
-1.0454545455e+00 -1.3636363636e-01 0.0000000000e+00 4.9436953908e-09 -6.8248268399e-09
-1.0151515152e+00 -1.3636363636e-01 0.0000000000e+00 5.0893500211e-09 -6.8648086585e-09
-9.8484848485e-01 -1.3636363636e-01 0.0000000000e+00 5.2437876060e-09 -6.9166814556e-09
-9.5454545455e-01 -1.3636363636e-01 0.0000000000e+00 5.4078214959e-09 -6.9812585816e-09
-9.2424242424e-01 -1.3636363636e-01 0.0000000000e+00 5.5823679272e-09 -7.0594562728e-09
-8.9393939394e-01 -1.3636363636e-01 0.0000000000e+00 5.7684627026e-09 -7.1523103320e-09
-8.6363636364e-01 -1.3636363636e-01 0.0000000000e+00 5.9672812032e-09 -7.2609961403e-09
-8.3333333333e-01 -1.3636363636e-01 0.0000000000e+00 6.1801625294e-09 -7.3868527981e-09
-8.0303030303e-01 -1.3636363636e-01 0.0000000000e+00 6.4086387954e-09 -7.5314124195e-09
-7.7272727273e-01 -1.3636363636e-01 0.0000000000e+00 6.6544708973e-09 -7.6964359007e-09
-7.4242424242e-01 -1.3636363636e-01 0.0000000000e+00 6.9196924810e-09 -7.8839568876e-09
-7.1212121212e-01 -1.3636363636e-01 0.0000000000e+00 7.2066643755e-09 -8.0963362091e-09
-6.8181818182e-01 -1.3636363636e-01 0.0000000000e+00 7.5181425025e-09 -8.3363297870e-09
-6.5151515152e-01 -1.3636363636e-01 0.0000000000e+00 7.8573633087e-09 -8.6071740681e-09
-6.2121212121e-01 -1.3636363636e-01 0.0000000000e+00 8.2281522170e-09 -8.9126944750e-09
-5.9090909091e-01 -1.3636363636e-01 0.0000000000e+00 8.6350626727e-09 -9.2574444533e-09
-5.6060606061e-01 -1.3636363636e-01 0.0000000000e+00 9.0835563909e-09 -9.6468857178e-09
-5.3030303030e-01 -1.3636363636e-01 0.0000000000e+00 9.5802399268e-09 -1.0087624824e-08
-5.0000000000e-01 -1.3636363636e-01 0.0000000000e+00 1.0133179639e-08 -1.0587728131e-08
-4.6969696970e-01 -1.3636363636e-01 0.0000000000e+00 1.0752328204e-08 -1.1157148314e-08
-4.3939393939e-01 -1.3636363636e-01 0.0000000000e+00 1.1450114507e-08 -1.1808314259e-08
-4.0909090909e-01 -1.3636363636e-01 0.0000000000e+00 1.2242282383e-08 -1.2556969800e-08
-3.7878787879e-01 -1.3636363636e-01 0.0000000000e+00 1.3149129898e-08 -1.3423413004e-08
-3.4848484848e-01 -1.3636363636e-01 0.0000000000e+00 1.4197444247e-08 -1.4434431067e-08
-3.1818181818e-01 -1.3636363636e-01 0.0000000000e+00 1.5423766259e-08 -1.5626564817e-08
-2.8787878788e-01 -1.3636363636e-01 0.0000000000e+00 1.6880505163e-08 -1.7052223482e-08
-2.5757575758e-01 -1.3636363636e-01 0.0000000000e+00 1.8649986546e-08 -1.8793732651e-08
-2.2727272727e-01 -1.3636363636e-01 0.0000000000e+00 2.0687754320e-08 -2.0806636233e-08
-1.9696969697e-01 -1.3636363636e-01 0.0000000000e+00 2.2553883371e-08 -2.2651009117e-08
-1.6666666667e-01 -1.3636363636e-01 0.0000000000e+00 2.4193434437e-08 -2.4271912040e-08
-1.3636363636e-01 -1.3636363636e-01 0.0000000000e+00 nan nan
-1.0606060606e-01 -1.3636363636e-01 0.0000000000e+00 nan nan
-7.5757575758e-02 -1.3636363636e-01 0.0000000000e+00 nan nan
-4.5454545455e-02 -1.3636363636e-01 0.0000000000e+00 nan nan
-1.5151515152e-02 -1.3636363636e-01 0.0000000000e+00 nan nan
1.5151515152e-02 -1.3636363636e-01 0.0000000000e+00 nan nan
4.5454545455e-02 -1.3636363636e-01 0.0000000000e+00 nan nan
7.5757575758e-02 -1.3636363636e-01 0.0000000000e+00 nan nan
1.0606060606e-01 -1.3636363636e-01 0.0000000000e+00 nan nan
1.3636363636e-01 -1.3636363636e-01 0.0000000000e+00 nan nan
1.6666666667e-01 -1.3636363636e-01 0.0000000000e+00 2.4063115275e-08 -2.4141592878e-08
1.9696969697e-01 -1.3636363636e-01 0.0000000000e+00 2.2269437535e-08 -2.2366563281e-08
2.2727272727e-01 -1.3636363636e-01 0.0000000000e+00 2.0183209209e-08 -2.0302091122e-08
2.5757575758e-01 -1.3636363636e-01 0.0000000000e+00 1.8274557269e-08 -1.8418303373e-08
2.8787878788e-01 -1.3636363636e-01 0.0000000000e+00 1.6666873279e-08 -1.6838591598e-08
3.1818181818e-01 -1.3636363636e-01 0.0000000000e+00 1.5296389896e-08 -1.5499188454e-08
3.4848484848e-01 -1.3636363636e-01 0.0000000000e+00 1.4118543432e-08 -1.4355530252e-08
3.7878787879e-01 -1.3636363636e-01 0.0000000000e+00 1.3098666719e-08 -1.3372949826e-08
4.0909090909e-01 -1.3636363636e-01 0.0000000000e+00 1.2209126632e-08 -1.2523814049e-08
4.3939393939e-01 -1.3636363636e-01 0.0000000000e+00 1.1427823592e-08 -1.1786023343e-08
4.6969696970e-01 -1.3636363636e-01 0.0000000000e+00 1.0737039877e-08 -1.1141859986e-08
5.0000000000e-01 -1.3636363636e-01 0.0000000000e+00 1.0122508832e-08 -1.0577057324e-08
5.3030303030e-01 -1.3636363636e-01 0.0000000000e+00 9.5726757215e-09 -1.0080060619e-08
5.6060606061e-01 -1.3636363636e-01 0.0000000000e+00 9.0781199949e-09 -9.6414493219e-09
5.9090909091e-01 -1.3636363636e-01 0.0000000000e+00 8.6311072802e-09 -9.2534890608e-09
6.2121212121e-01 -1.3636363636e-01 0.0000000000e+00 8.2252426978e-09 -8.9097849558e-09
6.5151515152e-01 -1.3636363636e-01 0.0000000000e+00 7.8552021564e-09 -8.6050129157e-09
6.8181818182e-01 -1.3636363636e-01 0.0000000000e+00 7.5165232828e-09 -8.3347105673e-09
7.1212121212e-01 -1.3636363636e-01 0.0000000000e+00 7.2054418999e-09 -8.0951137336e-09
7.4242424242e-01 -1.3636363636e-01 0.0000000000e+00 6.9187633621e-09 -7.8830277686e-09
7.7272727273e-01 -1.3636363636e-01 0.0000000000e+00 6.6537606678e-09 -7.6957256712e-09
8.0303030303e-01 -1.3636363636e-01 0.0000000000e+00 6.4080932506e-09 -7.5308668747e-09
8.3333333333e-01 -1.3636363636e-01 0.0000000000e+00 6.1797418273e-09 -7.3864320960e-09
8.6363636364e-01 -1.3636363636e-01 0.0000000000e+00 5.9669557934e-09 -7.2606707305e-09
8.9393939394e-01 -1.3636363636e-01 0.0000000000e+00 5.7682104844e-09 -7.1520581138e-09
9.2424242424e-01 -1.3636363636e-01 0.0000000000e+00 5.5821722428e-09 -7.0592605884e-09
9.5454545455e-01 -1.3636363636e-01 0.0000000000e+00 5.4076696994e-09 -6.9811067851e-09
9.8484848485e-01 -1.3636363636e-01 0.0000000000e+00 5.2436700333e-09 -6.9165638829e-09
1.0151515152e+00 -1.3636363636e-01 0.0000000000e+00 5.0892592411e-09 -6.8647178785e-09
1.0454545455e+00 -1.3636363636e-01 0.0000000000e+00 4.9436256568e-09 -6.8247571059e-09
1.0757575758e+00 -1.3636363636e-01 0.0000000000e+00 4.8060461188e-09 -6.7959584034e-09
1.1060606061e+00 -1.3636363636e-01 0.0000000000e+00 4.6758743053e-09 -6.7776754494e-09
1.1363636364e+00 -1.3636363636e-01 0.0000000000e+00 4.5525308551e-09 -6.7693288824e-09
1.1666666667e+00 -1.3636363636e-01 0.0000000000e+00 4.4354949643e-09 -6.7703978988e-09
1.1969696970e+00 -1.3636363636e-01 0.0000000000e+00 4.3242972105e-09 -6.7804130760e-09
1.2272727273e+00 -1.3636363636e-01 0.0000000000e+00 4.2185134009e-09 -6.7989502214e-09
1.2575757576e+00 -1.3636363636e-01 0.0000000000e+00 4.1177592793e-09 -6.8256250786e-09
1.2878787879e+00 -1.3636363636e-01 0.0000000000e+00 4.0216859555e-09 -6.8600887574e-09
1.3181818182e+00 -1.3636363636e-01 0.0000000000e+00 3.9299759456e-09 -6.9020237741e-09
1.3484848485e+00 -1.3636363636e-01 0.0000000000e+00 3.8423397304e-09 -6.9511406093e-09
1.3787878788e+00 -1.3636363636e-01 0.0000000000e+00 3.7585127548e-09 -7.0071747080e-09
1.4090909091e+00 -1.3636363636e-01 0.0000000000e+00 3.6782528037e-09 -7.0698838550e-09
1.4393939394e+00 -1.3636363636e-01 0.0000000000e+00 3.6013377011e-09 -7.1390458745e-09
1.4696969697e+00 -1.3636363636e-01 0.0000000000e+00 3.5275632868e-09 -7.2144566060e-09
1.5000000000e+00 -1.3636363636e-01 0.0000000000e+00 3.4567416323e-09 -7.2959281213e-09
-1.5000000000e+00 -1.0606060606e-01 0.0000000000e+00 3.4623606802e-09 -7.2891150738e-09
-1.4696969697e+00 -1.0606060606e-01 0.0000000000e+00 3.5335364130e-09 -7.2079976367e-09
-1.4393939394e+00 -1.0606060606e-01 0.0000000000e+00 3.6076953197e-09 -7.1329713976e-09
-1.4090909091e+00 -1.0606060606e-01 0.0000000000e+00 3.6850286705e-09 -7.0642276263e-09
-1.3787878788e+00 -1.0606060606e-01 0.0000000000e+00 3.7657444183e-09 -7.0019742760e-09
-1.3484848485e+00 -1.0606060606e-01 0.0000000000e+00 3.8500690562e-09 -6.9464378397e-09
-1.3181818182e+00 -1.0606060606e-01 0.0000000000e+00 3.9382497271e-09 -6.8978654601e-09
-1.2878787879e+00 -1.0606060606e-01 0.0000000000e+00 4.0305566283e-09 -6.8565273348e-09
-1.2575757576e+00 -1.0606060606e-01 0.0000000000e+00 4.1272857596e-09 -6.8227194634e-09
-1.2272727273e+00 -1.0606060606e-01 0.0000000000e+00 4.2287620735e-09 -6.7967667985e-09
-1.1969696970e+00 -1.0606060606e-01 0.0000000000e+00 4.3353430976e-09 -6.7790268677e-09
-1.1666666667e+00 -1.0606060606e-01 0.0000000000e+00 4.4474231142e-09 -6.7698939532e-09
-1.1363636364e+00 -1.0606060606e-01 0.0000000000e+00 4.5654379991e-09 -6.7698039309e-09
-1.1060606061e+00 -1.0606060606e-01 0.0000000000e+00 4.6898708448e-09 -6.7792398934e-09
-1.0757575758e+00 -1.0606060606e-01 0.0000000000e+00 4.8212585197e-09 -6.7987387089e-09
-1.0454545455e+00 -1.0606060606e-01 0.0000000000e+00 4.9601993499e-09 -6.8288987035e-09
-1.0151515152e+00 -1.0606060606e-01 0.0000000000e+00 5.1073621551e-09 -6.8703886970e-09
-9.8484848485e-01 -1.0606060606e-01 0.0000000000e+00 5.2634969245e-09 -6.9239586786e-09
-9.5454545455e-01 -1.0606060606e-01 0.0000000000e+00 5.4294474907e-09 -6.9904524809e-09
-9.2424242424e-01 -1.0606060606e-01 0.0000000000e+00 5.6061666524e-09 -7.0708229025e-09
-8.9393939394e-01 -1.0606060606e-01 0.0000000000e+00 5.7947343143e-09 -7.1661498482e-09
-8.6363636364e-01 -1.0606060606e-01 0.0000000000e+00 5.9963793738e-09 -7.2776622154e-09
-8.3333333333e-01 -1.0606060606e-01 0.0000000000e+00 6.2125062874e-09 -7.4067644605e-09
-8.0303030303e-01 -1.0606060606e-01 0.0000000000e+00 6.4447275305e-09 -7.5550690591e-09
-7.7272727273e-01 -1.0606060606e-01 0.0000000000e+00 6.6949035369e-09 -7.7244364448e-09
-7.4242424242e-01 -1.0606060606e-01 0.0000000000e+00 6.9651922144e-09 -7.9170245255e-09
-7.1212121212e-01 -1.0606060606e-01 0.0000000000e+00 7.2581108400e-09 -8.1353505781e-09
-6.8181818182e-01 -1.0606060606e-01 0.0000000000e+00 7.5766141200e-09 -8.3823693090e-09
-6.5151515152e-01 -1.0606060606e-01 0.0000000000e+00 7.9241936067e-09 -8.6615722706e-09
-6.2121212121e-01 -1.0606060606e-01 0.0000000000e+00 8.3050056826e-09 -8.9771158451e-09
-5.9090909091e-01 -1.0606060606e-01 0.0000000000e+00 8.7240383072e-09 -9.3339879923e-09
-5.6060606061e-01 -1.0606060606e-01 0.0000000000e+00 9.1873312137e-09 -9.7382284452e-09
-5.3030303030e-01 -1.0606060606e-01 0.0000000000e+00 9.7022711881e-09 -1.0197223990e-08
-5.0000000000e-01 -1.0606060606e-01 0.0000000000e+00 1.0277995173e-08 -1.0720111568e-08
-4.6969696970e-01 -1.0606060606e-01 0.0000000000e+00 1.0925952424e-08 -1.1318340438e-08
-4.3939393939e-01 -1.0606060606e-01 0.0000000000e+00 1.1660709461e-08 -1.2006477117e-08
-4.0909090909e-01 -1.0606060606e-01 0.0000000000e+00 1.2501143013e-08 -1.2803398335e-08
-3.7878787879e-01 -1.0606060606e-01 0.0000000000e+00 1.3472294972e-08 -1.3734145983e-08
-3.4848484848e-01 -1.0606060606e-01 0.0000000000e+00 1.4608473873e-08 -1.4833028598e-08
-3.1818181818e-01 -1.0606060606e-01 0.0000000000e+00 1.5959078761e-08 -1.6149445223e-08
-2.8787878788e-01 -1.0606060606e-01 0.0000000000e+00 1.7601705719e-08 -1.7760991943e-08
-2.5757575758e-01 -1.0606060606e-01 0.0000000000e+00 1.9665995375e-08 -1.9797309384e-08
-2.2727272727e-01 -1.0606060606e-01 0.0000000000e+00 2.1787409276e-08 -2.1893859094e-08
-1.9696969697e-01 -1.0606060606e-01 0.0000000000e+00 2.3696595533e-08 -2.3781289184e-08
-1.6666666667e-01 -1.0606060606e-01 0.0000000000e+00 nan nan
-1.3636363636e-01 -1.0606060606e-01 0.0000000000e+00 nan nan
-1.0606060606e-01 -1.0606060606e-01 0.0000000000e+00 nan nan
-7.5757575758e-02 -1.0606060606e-01 0.0000000000e+00 nan nan
-4.5454545455e-02 -1.0606060606e-01 0.0000000000e+00 nan nan
-1.5151515152e-02 -1.0606060606e-01 0.0000000000e+00 nan nan
1.5151515152e-02 -1.0606060606e-01 0.0000000000e+00 nan nan
4.5454545455e-02 -1.0606060606e-01 0.0000000000e+00 nan nan
7.5757575758e-02 -1.0606060606e-01 0.0000000000e+00 nan nan
1.0606060606e-01 -1.0606060606e-01 0.0000000000e+00 nan nan
1.3636363636e-01 -1.0606060606e-01 0.0000000000e+00 nan nan
1.6666666667e-01 -1.0606060606e-01 0.0000000000e+00 nan nan
1.9696969697e-01 -1.0606060606e-01 0.0000000000e+00 2.3464144921e-08 -2.3548838571e-08
2.2727272727e-01 -1.0606060606e-01 0.0000000000e+00 2.1379194694e-08 -2.1485644511e-08
2.5757575758e-01 -1.0606060606e-01 0.0000000000e+00 1.9193538144e-08 -1.9324852153e-08
2.8787878788e-01 -1.0606060606e-01 0.0000000000e+00 1.7360332744e-08 -1.7519618967e-08
3.1818181818e-01 -1.0606060606e-01 0.0000000000e+00 1.5826861410e-08 -1.6017227872e-08
3.4848484848e-01 -1.0606060606e-01 0.0000000000e+00 1.4531158823e-08 -1.4755713548e-08
3.7878787879e-01 -1.0606060606e-01 0.0000000000e+00 1.3424952941e-08 -1.3686803953e-08
4.0909090909e-01 -1.0606060606e-01 0.0000000000e+00 1.2471117432e-08 -1.2773372754e-08
4.3939393939e-01 -1.0606060606e-01 0.0000000000e+00 1.1641118787e-08 -1.1986886443e-08
4.6969696970e-01 -1.0606060606e-01 0.0000000000e+00 1.0912864197e-08 -1.1305252211e-08
5.0000000000e-01 -1.0606060606e-01 0.0000000000e+00 1.0269073422e-08 -1.0711189818e-08
5.3030303030e-01 -1.0606060606e-01 0.0000000000e+00 9.6960834513e-09 -1.0191036253e-08
5.6060606061e-01 -1.0606060606e-01 0.0000000000e+00 9.1829750228e-09 -9.7338722543e-09
5.9090909091e-01 -1.0606060606e-01 0.0000000000e+00 8.7209316025e-09 -9.3308812876e-09
6.2121212121e-01 -1.0606060606e-01 0.0000000000e+00 8.3027652172e-09 -8.9748753797e-09
6.5151515152e-01 -1.0606060606e-01 0.0000000000e+00 7.9225623541e-09 -8.6599410179e-09
6.8181818182e-01 -1.0606060606e-01 0.0000000000e+00 7.5754168364e-09 -8.3811720254e-09
7.1212121212e-01 -1.0606060606e-01 0.0000000000e+00 7.2572262510e-09 -8.1344659891e-09
7.4242424242e-01 -1.0606060606e-01 0.0000000000e+00 6.9645352552e-09 -7.9163675663e-09
7.7272727273e-01 -1.0606060606e-01 0.0000000000e+00 6.6944138055e-09 -7.7239467134e-09
8.0303030303e-01 -1.0606060606e-01 0.0000000000e+00 6.4443616559e-09 -7.5547031845e-09
8.3333333333e-01 -1.0606060606e-01 0.0000000000e+00 6.2122328086e-09 -7.4064909818e-09
8.6363636364e-01 -1.0606060606e-01 0.0000000000e+00 5.9961752564e-09 -7.2774580980e-09
8.9393939394e-01 -1.0606060606e-01 0.0000000000e+00 5.7945825493e-09 -7.1659980833e-09
9.2424242424e-01 -1.0606060606e-01 0.0000000000e+00 5.6060545827e-09 -7.0707108328e-09
9.5454545455e-01 -1.0606060606e-01 0.0000000000e+00 5.4293656307e-09 -6.9903706208e-09
9.8484848485e-01 -1.0606060606e-01 0.0000000000e+00 5.2634381197e-09 -6.9238998738e-09
1.0151515152e+00 -1.0606060606e-01 0.0000000000e+00 5.1073209783e-09 -6.8703475202e-09
1.0454545455e+00 -1.0606060606e-01 0.0000000000e+00 4.9601716623e-09 -6.8288710159e-09
1.0757575758e+00 -1.0606060606e-01 0.0000000000e+00 4.8212411508e-09 -6.7987213399e-09
1.1060606061e+00 -1.0606060606e-01 0.0000000000e+00 4.6898613556e-09 -6.7792304042e-09
1.1363636364e+00 -1.0606060606e-01 0.0000000000e+00 4.5654345071e-09 -6.7698004390e-09
1.1666666667e+00 -1.0606060606e-01 0.0000000000e+00 4.4474241622e-09 -6.7698950012e-09
1.1969696970e+00 -1.0606060606e-01 0.0000000000e+00 4.3353475549e-09 -6.7790313250e-09
1.2272727273e+00 -1.0606060606e-01 0.0000000000e+00 4.2287690612e-09 -6.7967737862e-09
1.2575757576e+00 -1.0606060606e-01 0.0000000000e+00 4.1272945941e-09 -6.8227282979e-09
1.2878787879e+00 -1.0606060606e-01 0.0000000000e+00 4.0305667776e-09 -6.8565374840e-09
1.3181818182e+00 -1.0606060606e-01 0.0000000000e+00 3.9382607775e-09 -6.8978765105e-09
1.3484848485e+00 -1.0606060606e-01 0.0000000000e+00 3.8500806865e-09 -6.9464494699e-09
1.3787878788e+00 -1.0606060606e-01 0.0000000000e+00 3.7657563799e-09 -7.0019862376e-09
1.4090909091e+00 -1.0606060606e-01 0.0000000000e+00 3.6850407716e-09 -7.0642397275e-09
1.4393939394e+00 -1.0606060606e-01 0.0000000000e+00 3.6077074136e-09 -7.1329834915e-09
1.4696969697e+00 -1.0606060606e-01 0.0000000000e+00 3.5335483881e-09 -7.2080096118e-09
1.5000000000e+00 -1.0606060606e-01 0.0000000000e+00 3.4623724528e-09 -7.2891268463e-09
-1.5000000000e+00 -7.5757575758e-02 0.0000000000e+00 3.4665974849e-09 -7.2840278068e-09
-1.4696969697e+00 -7.5757575758e-02 0.0000000000e+00 3.5380403068e-09 -7.2031774590e-09
-1.4393939394e+00 -7.5757575758e-02 0.0000000000e+00 3.6124892206e-09 -7.1284412269e-09
-1.4090909091e+00 -7.5757575758e-02 0.0000000000e+00 3.6901380068e-09 -7.0600128910e-09
-1.3787878788e+00 -7.5757575758e-02 0.0000000000e+00 3.7711974659e-09 -6.9981032519e-09
-1.3484848485e+00 -7.5757575758e-02 0.0000000000e+00 3.8558973296e-09 -6.9429420414e-09
-1.3181818182e+00 -7.5757575758e-02 0.0000000000e+00 3.9444884348e-09 -6.8947800961e-09
-1.2878787879e+00 -7.5757575758e-02 0.0000000000e+00 4.0372452043e-09 -6.8538918392e-09
-1.2575757576e+00 -7.5757575758e-02 0.0000000000e+00 4.1344684868e-09 -6.8205781190e-09
-1.2272727273e+00 -7.5757575758e-02 0.0000000000e+00 4.2364888161e-09 -6.7951694695e-09
-1.1969696970e+00 -7.5757575758e-02 0.0000000000e+00 4.3436701668e-09 -6.7780298652e-09
-1.1666666667e+00 -7.5757575758e-02 0.0000000000e+00 4.4564142935e-09 -6.7695610610e-09
-1.1363636364e+00 -7.5757575758e-02 0.0000000000e+00 4.5751657664e-09 -6.7702076266e-09
-1.1060606061e+00 -7.5757575758e-02 0.0000000000e+00 4.7004178323e-09 -6.7804628092e-09
-1.0757575758e+00 -7.5757575758e-02 0.0000000000e+00 4.8327192687e-09 -6.8008753863e-09
-1.0454545455e+00 -7.5757575758e-02 0.0000000000e+00 4.9726824299e-09 -6.8320577118e-09
-1.0151515152e+00 -7.5757575758e-02 0.0000000000e+00 5.1209927348e-09 -6.8746952051e-09
-9.8484848485e-01 -7.5757575758e-02 0.0000000000e+00 5.2784199107e-09 -6.9295575932e-09
-9.5454545455e-01 -7.5757575758e-02 0.0000000000e+00 5.4458313807e-09 -6.9975122992e-09
-9.2424242424e-01 -7.5757575758e-02 0.0000000000e+00 5.6242082922e-09 -7.0795404707e-09
-8.9393939394e-01 -7.5757575758e-02 0.0000000000e+00 5.8146648161e-09 -7.1767562784e-09
-8.6363636364e-01 -7.5757575758e-02 0.0000000000e+00 6.0184715240e-09 -7.2904302940e-09
-8.3333333333e-01 -7.5757575758e-02 0.0000000000e+00 6.2370838932e-09 -7.4220179947e-09
-8.0303030303e-01 -7.5757575758e-02 0.0000000000e+00 6.4721773054e-09 -7.5731947623e-09
-7.7272727273e-01 -7.5757575758e-02 0.0000000000e+00 6.7256903474e-09 -7.7458991837e-09
-7.4242424242e-01 -7.5757575758e-02 0.0000000000e+00 6.9998788207e-09 -7.9423870602e-09
-7.1212121212e-01 -7.5757575758e-02 0.0000000000e+00 7.2973837130e-09 -8.1652993796e-09
-6.8181818182e-01 -7.5757575758e-02 0.0000000000e+00 7.6213175775e-09 -8.4177486949e-09
-6.5151515152e-01 -7.5757575758e-02 0.0000000000e+00 7.9753754889e-09 -8.7034300811e-09
-6.2121212121e-01 -7.5757575758e-02 0.0000000000e+00 8.3639792726e-09 -9.0267653635e-09
-5.9090909091e-01 -7.5757575758e-02 0.0000000000e+00 8.7924674919e-09 -9.3930931053e-09
-5.6060606061e-01 -7.5757575758e-02 0.0000000000e+00 9.2673494909e-09 -9.8089226508e-09
-5.3030303030e-01 -7.5757575758e-02 0.0000000000e+00 9.7966509649e-09 -1.0282279695e-08
-5.0000000000e-01 -7.5757575758e-02 0.0000000000e+00 1.0390393479e-08 -1.0823185804e-08
-4.6969696970e-01 -7.5757575758e-02 0.0000000000e+00 1.1061275725e-08 -1.1444339668e-08
-4.3939393939e-01 -7.5757575758e-02 0.0000000000e+00 1.1825669524e-08 -1.2162113109e-08
-4.0909090909e-01 -7.5757575758e-02 0.0000000000e+00 1.2705129666e-08 -1.2998060916e-08
-3.7878787879e-01 -7.5757575758e-02 0.0000000000e+00 1.3728796084e-08 -1.3981323024e-08
-3.4848484848e-01 -7.5757575758e-02 0.0000000000e+00 1.4937496181e-08 -1.5152726834e-08
-3.1818181818e-01 -7.5757575758e-02 0.0000000000e+00 1.6391643267e-08 -1.6572685657e-08
-2.8787878788e-01 -7.5757575758e-02 0.0000000000e+00 1.8190507052e-08 -1.8340469204e-08
-2.5757575758e-01 -7.5757575758e-02 0.0000000000e+00 2.0433910473e-08 -2.0555900410e-08
-2.2727272727e-01 -7.5757575758e-02 0.0000000000e+00 2.2603090099e-08 -2.2700215845e-08
-1.9696969697e-01 -7.5757575758e-02 0.0000000000e+00 nan nan
-1.6666666667e-01 -7.5757575758e-02 0.0000000000e+00 nan nan
-1.3636363636e-01 -7.5757575758e-02 0.0000000000e+00 nan nan
-1.0606060606e-01 -7.5757575758e-02 0.0000000000e+00 nan nan
-7.5757575758e-02 -7.5757575758e-02 0.0000000000e+00 nan nan
-4.5454545455e-02 -7.5757575758e-02 0.0000000000e+00 nan nan
-1.5151515152e-02 -7.5757575758e-02 0.0000000000e+00 nan nan
1.5151515152e-02 -7.5757575758e-02 0.0000000000e+00 nan nan
4.5454545455e-02 -7.5757575758e-02 0.0000000000e+00 nan nan
7.5757575758e-02 -7.5757575758e-02 0.0000000000e+00 nan nan
1.0606060606e-01 -7.5757575758e-02 0.0000000000e+00 nan nan
1.3636363636e-01 -7.5757575758e-02 0.0000000000e+00 nan nan
1.6666666667e-01 -7.5757575758e-02 0.0000000000e+00 nan nan
1.9696969697e-01 -7.5757575758e-02 0.0000000000e+00 nan nan
2.2727272727e-01 -7.5757575758e-02 0.0000000000e+00 2.2343194868e-08 -2.2440320614e-08
2.5757575758e-01 -7.5757575758e-02 0.0000000000e+00 2.0055065517e-08 -2.0177055454e-08
2.8787878788e-01 -7.5757575758e-02 0.0000000000e+00 1.7973012999e-08 -1.8122975151e-08
3.1818181818e-01 -7.5757575758e-02 0.0000000000e+00 1.6278232944e-08 -1.6459275334e-08
3.4848484848e-01 -7.5757575758e-02 0.0000000000e+00 1.4873531762e-08 -1.5088762415e-08
3.7878787879e-01 -7.5757575758e-02 0.0000000000e+00 1.3690849740e-08 -1.3943376679e-08
4.0909090909e-01 -7.5757575758e-02 0.0000000000e+00 1.2681747768e-08 -1.2974679018e-08
4.3939393939e-01 -7.5757575758e-02 0.0000000000e+00 1.1810818518e-08 -1.2147262103e-08
4.6969696970e-01 -7.5757575758e-02 0.0000000000e+00 1.1051605662e-08 -1.1434669605e-08
5.0000000000e-01 -7.5757575758e-02 0.0000000000e+00 1.0383965782e-08 -1.0816758106e-08
5.3030303030e-01 -7.5757575758e-02 0.0000000000e+00 9.7923046825e-09 -1.0277933413e-08
5.6060606061e-01 -7.5757575758e-02 0.0000000000e+00 9.2643688225e-09 -9.8059419824e-09
5.9090909091e-01 -7.5757575758e-02 0.0000000000e+00 8.7903998580e-09 -9.3910254715e-09
6.2121212121e-01 -7.5757575758e-02 0.0000000000e+00 8.3625321635e-09 -9.0253182544e-09
6.5151515152e-01 -7.5757575758e-02 0.0000000000e+00 7.9743561548e-09 -8.7024107470e-09
6.8181818182e-01 -7.5757575758e-02 0.0000000000e+00 7.6205968074e-09 -8.4170279248e-09
7.1212121212e-01 -7.5757575758e-02 0.0000000000e+00 7.2968735556e-09 -8.1647892222e-09
7.4242424242e-01 -7.5757575758e-02 0.0000000000e+00 6.9995185875e-09 -7.9420268269e-09
7.7272727273e-01 -7.5757575758e-02 0.0000000000e+00 6.7254376479e-09 -7.7456464842e-09
8.0303030303e-01 -7.5757575758e-02 0.0000000000e+00 6.4720022063e-09 -7.5730196633e-09
8.3333333333e-01 -7.5757575758e-02 0.0000000000e+00 6.2369650513e-09 -7.4218991528e-09
8.6363636364e-01 -7.5757575758e-02 0.0000000000e+00 6.0183935896e-09 -7.2903523596e-09
8.9393939394e-01 -7.5757575758e-02 0.0000000000e+00 5.8146166659e-09 -7.1767081282e-09
9.2424242424e-01 -7.5757575758e-02 0.0000000000e+00 5.6241818125e-09 -7.0795139910e-09
9.5454545455e-01 -7.5757575758e-02 0.0000000000e+00 5.4458206197e-09 -6.9975015383e-09
9.8484848485e-01 -7.5757575758e-02 0.0000000000e+00 5.2784204823e-09 -6.9295581648e-09
1.0151515152e+00 -7.5757575758e-02 0.0000000000e+00 5.1210013948e-09 -6.8747038651e-09
1.0454545455e+00 -7.5757575758e-02 0.0000000000e+00 4.9726967723e-09 -6.8320720543e-09
1.0757575758e+00 -7.5757575758e-02 0.0000000000e+00 4.8327375070e-09 -6.8008936245e-09
1.1060606061e+00 -7.5757575758e-02 0.0000000000e+00 4.7004386392e-09 -6.7804836162e-09
1.1363636364e+00 -7.5757575758e-02 0.0000000000e+00 4.5751881576e-09 -6.7702300178e-09
1.1666666667e+00 -7.5757575758e-02 0.0000000000e+00 4.4564375410e-09 -6.7695843084e-09
1.1969696970e+00 -7.5757575758e-02 0.0000000000e+00 4.3436937349e-09 -6.7780534334e-09
1.2272727273e+00 -7.5757575758e-02 0.0000000000e+00 4.2365123145e-09 -6.7951929679e-09
1.2575757576e+00 -7.5757575758e-02 0.0000000000e+00 4.1344916339e-09 -6.8206012661e-09
1.2878787879e+00 -7.5757575758e-02 0.0000000000e+00 4.0372678011e-09 -6.8539144359e-09
1.3181818182e+00 -7.5757575758e-02 0.0000000000e+00 3.9445103441e-09 -6.8948020055e-09
1.3484848485e+00 -7.5757575758e-02 0.0000000000e+00 3.8559184613e-09 -6.9429631731e-09
1.3787878788e+00 -7.5757575758e-02 0.0000000000e+00 3.7712177647e-09 -6.9981235508e-09
1.4090909091e+00 -7.5757575758e-02 0.0000000000e+00 3.6901574437e-09 -7.0600323280e-09
1.4393939394e+00 -7.5757575758e-02 0.0000000000e+00 3.6125077861e-09 -7.1284597923e-09
1.4696969697e+00 -7.5757575758e-02 0.0000000000e+00 3.5380580054e-09 -7.2031951576e-09
1.5000000000e+00 -7.5757575758e-02 0.0000000000e+00 3.4666143316e-09 -7.2840446536e-09
-1.5000000000e+00 -4.5454545455e-02 0.0000000000e+00 3.4694301289e-09 -7.2806444031e-09
-1.4696969697e+00 -4.5454545455e-02 0.0000000000e+00 3.5410518652e-09 -7.1999729696e-09
-1.4393939394e+00 -4.5454545455e-02 0.0000000000e+00 3.6156950824e-09 -7.1254310410e-09
-1.4090909091e+00 -4.5454545455e-02 0.0000000000e+00 3.6935552515e-09 -7.0572140880e-09
-1.3787878788e+00 -4.5454545455e-02 0.0000000000e+00 3.7748450915e-09 -6.9955348298e-09
-1.3484848485e+00 -4.5454545455e-02 0.0000000000e+00 3.8597965169e-09 -6.9406251809e-09
-1.3181818182e+00 -4.5454545455e-02 0.0000000000e+00 3.9486628552e-09 -6.8927384689e-09
-1.2878787879e+00 -4.5454545455e-02 0.0000000000e+00 4.0417213802e-09 -6.8521519673e-09
-1.2575757576e+00 -4.5454545455e-02 0.0000000000e+00 4.1392762128e-09 -6.8191697972e-09
-1.2272727273e+00 -4.5454545455e-02 0.0000000000e+00 4.2416616563e-09 -6.7941262619e-09
-1.1969696970e+00 -4.5454545455e-02 0.0000000000e+00 4.3492460411e-09 -6.7773896919e-09
-1.1666666667e+00 -4.5454545455e-02 0.0000000000e+00 4.4624361747e-09 -6.7693668944e-09
-1.1363636364e+00 -4.5454545455e-02 0.0000000000e+00 4.5816825087e-09 -6.7705083212e-09
-1.1060606061e+00 -4.5454545455e-02 0.0000000000e+00 4.7074851652e-09 -6.7813140944e-09
-1.0757575758e+00 -4.5454545455e-02 0.0000000000e+00 4.8404009906e-09 -6.8023410604e-09
-1.0454545455e+00 -4.5454545455e-02 0.0000000000e+00 4.9810518512e-09 -6.8342110854e-09
-1.0151515152e+00 -4.5454545455e-02 0.0000000000e+00 5.1301344317e-09 -6.8776208543e-09
-9.8484848485e-01 -4.5454545455e-02 0.0000000000e+00 5.2884318674e-09 -6.9333535021e-09
-9.5454545455e-01 -4.5454545455e-02 0.0000000000e+00 5.4568276223e-09 -7.0022924931e-09
-9.2424242424e-01 -4.5454545455e-02 0.0000000000e+00 5.6363221420e-09 -7.0854382727e-09
-8.9393939394e-01 -4.5454545455e-02 0.0000000000e+00 5.8280529500e-09 -7.1839283646e-09
-8.6363636364e-01 -4.5454545455e-02 0.0000000000e+00 6.0333190561e-09 -7.2990617783e-09
-8.3333333333e-01 -4.5454545455e-02 0.0000000000e+00 6.2536108010e-09 -7.4323288548e-09
-8.0303030303e-01 -4.5454545455e-02 0.0000000000e+00 6.4906466165e-09 -7.5854480258e-09
-7.7272727273e-01 -4.5454545455e-02 0.0000000000e+00 6.7464186609e-09 -7.7604114495e-09
-7.4242424242e-01 -4.5454545455e-02 0.0000000000e+00 7.0232499586e-09 -7.9595421503e-09
-7.1212121212e-01 -4.5454545455e-02 0.0000000000e+00 7.3238666151e-09 -8.1855662338e-09
-6.8181818182e-01 -4.5454545455e-02 0.0000000000e+00 7.6514900228e-09 -8.4417050925e-09
-6.5151515152e-01 -4.5454545455e-02 0.0000000000e+00 8.0099559254e-09 -8.7317944699e-09
-6.2121212121e-01 -4.5454545455e-02 0.0000000000e+00 8.4038701014e-09 -9.0604401446e-09
-5.9090909091e-01 -4.5454545455e-02 0.0000000000e+00 8.8388148053e-09 -9.4332243710e-09
-5.6060606061e-01 -4.5454545455e-02 0.0000000000e+00 9.3216268830e-09 -9.8569839951e-09
-5.3030303030e-01 -4.5454545455e-02 0.0000000000e+00 9.8607792975e-09 -1.0340191980e-08
-5.0000000000e-01 -4.5454545455e-02 0.0000000000e+00 1.0466915612e-08 -1.0893491888e-08
-4.6969696970e-01 -4.5454545455e-02 0.0000000000e+00 1.1153617485e-08 -1.1530465380e-08
-4.3939393939e-01 -4.5454545455e-02 0.0000000000e+00 1.1938539992e-08 -1.2268767528e-08
-4.0909090909e-01 -4.5454545455e-02 0.0000000000e+00 1.2845153562e-08 -1.3131868764e-08
-3.7878787879e-01 -4.5454545455e-02 0.0000000000e+00 1.3905543452e-08 -1.4151854344e-08
-3.4848484848e-01 -4.5454545455e-02 0.0000000000e+00 1.5165189563e-08 -1.5374204168e-08
-3.1818181818e-01 -4.5454545455e-02 0.0000000000e+00 1.6691812555e-08 -1.6866638898e-08
-2.8787878788e-01 -4.5454545455e-02 0.0000000000e+00 1.8593539272e-08 -1.8737285376e-08
-2.5757575758e-01 -4.5454545455e-02 0.0000000000e+00 2.0930242663e-08 -2.1046016553e-08
-2.2727272727e-01 -4.5454545455e-02 0.0000000000e+00 2.3137910447e-08 -2.3228820145e-08
-1.9696969697e-01 -4.5454545455e-02 0.0000000000e+00 nan nan
-1.6666666667e-01 -4.5454545455e-02 0.0000000000e+00 nan nan
-1.3636363636e-01 -4.5454545455e-02 0.0000000000e+00 nan nan
-1.0606060606e-01 -4.5454545455e-02 0.0000000000e+00 nan nan
-7.5757575758e-02 -4.5454545455e-02 0.0000000000e+00 nan nan
-4.5454545455e-02 -4.5454545455e-02 0.0000000000e+00 nan nan
-1.5151515152e-02 -4.5454545455e-02 0.0000000000e+00 nan nan
1.5151515152e-02 -4.5454545455e-02 0.0000000000e+00 nan nan
4.5454545455e-02 -4.5454545455e-02 0.0000000000e+00 nan nan
7.5757575758e-02 -4.5454545455e-02 0.0000000000e+00 nan nan
1.0606060606e-01 -4.5454545455e-02 0.0000000000e+00 nan nan
1.3636363636e-01 -4.5454545455e-02 0.0000000000e+00 nan nan
1.6666666667e-01 -4.5454545455e-02 0.0000000000e+00 nan nan
1.9696969697e-01 -4.5454545455e-02 0.0000000000e+00 nan nan
2.2727272727e-01 -4.5454545455e-02 0.0000000000e+00 2.3015125831e-08 -2.3106035530e-08
2.5757575758e-01 -4.5454545455e-02 0.0000000000e+00 2.0752732031e-08 -2.0868505921e-08
2.8787878788e-01 -4.5454545455e-02 0.0000000000e+00 1.8457583131e-08 -1.8601329235e-08
3.1818181818e-01 -4.5454545455e-02 0.0000000000e+00 1.6619256892e-08 -1.6794083235e-08
3.4848484848e-01 -4.5454545455e-02 0.0000000000e+00 1.5124999881e-08 -1.5334014486e-08
3.7878787879e-01 -4.5454545455e-02 0.0000000000e+00 1.3882348210e-08 -1.4128659102e-08
4.0909090909e-01 -4.5454545455e-02 0.0000000000e+00 1.2831298789e-08 -1.3118013991e-08
4.3939393939e-01 -4.5454545455e-02 0.0000000000e+00 1.1930036037e-08 -1.2260263573e-08
4.6969696970e-01 -4.5454545455e-02 0.0000000000e+00 1.1148287325e-08 -1.1525135220e-08
5.0000000000e-01 -4.5454545455e-02 0.0000000000e+00 1.0463523050e-08 -1.0890099326e-08
5.3030303030e-01 -4.5454545455e-02 0.0000000000e+00 9.8585982425e-09 -1.0338010925e-08
5.6060606061e-01 -4.5454545455e-02 0.0000000000e+00 9.3202184420e-09 -9.8555755541e-09
5.9090909091e-01 -4.5454545455e-02 0.0000000000e+00 8.8379071019e-09 -9.4323166676e-09
6.2121212121e-01 -4.5454545455e-02 0.0000000000e+00 8.4032911378e-09 -9.0598611809e-09
6.5151515152e-01 -4.5454545455e-02 0.0000000000e+00 8.0095949022e-09 -8.7314334466e-09
6.8181818182e-01 -4.5454545455e-02 0.0000000000e+00 7.6512744462e-09 -8.4414895159e-09
7.1212121212e-01 -4.5454545455e-02 0.0000000000e+00 7.3237484210e-09 -8.1854480397e-09
7.4242424242e-01 -4.5454545455e-02 0.0000000000e+00 7.0231969230e-09 -7.9594891147e-09
7.7272727273e-01 -4.5454545455e-02 0.0000000000e+00 6.7464089820e-09 -7.7604017705e-09
8.0303030303e-01 -4.5454545455e-02 0.0000000000e+00 6.4906654382e-09 -7.5854668474e-09
8.3333333333e-01 -4.5454545455e-02 0.0000000000e+00 6.2536479493e-09 -7.4323660031e-09
8.6363636364e-01 -4.5454545455e-02 0.0000000000e+00 6.0333675443e-09 -7.2991102666e-09
8.9393939394e-01 -4.5454545455e-02 0.0000000000e+00 5.8281079791e-09 -7.1839833937e-09
9.2424242424e-01 -4.5454545455e-02 0.0000000000e+00 5.6363804254e-09 -7.0854965561e-09
9.5454545455e-01 -4.5454545455e-02 0.0000000000e+00 5.4568869248e-09 -7.0023517956e-09
9.8484848485e-01 -4.5454545455e-02 0.0000000000e+00 5.2884906877e-09 -6.9334123224e-09
1.0151515152e+00 -4.5454545455e-02 0.0000000000e+00 5.1301917823e-09 -6.8776782048e-09
1.0454545455e+00 -4.5454545455e-02 0.0000000000e+00 4.9811071040e-09 -6.8342663383e-09
1.0757575758e+00 -4.5454545455e-02 0.0000000000e+00 4.8404537694e-09 -6.8023938392e-09
1.1060606061e+00 -4.5454545455e-02 0.0000000000e+00 4.7075352689e-09 -6.7813641981e-09
1.1363636364e+00 -4.5454545455e-02 0.0000000000e+00 4.5817298573e-09 -6.7705556698e-09
1.1666666667e+00 -4.5454545455e-02 0.0000000000e+00 4.4624807708e-09 -6.7694114905e-09
1.1969696970e+00 -4.5454545455e-02 0.0000000000e+00 4.3492879429e-09 -6.7774315936e-09
1.2272727273e+00 -4.5454545455e-02 0.0000000000e+00 4.2417009578e-09 -6.7941655635e-09
1.2575757576e+00 -4.5454545455e-02 0.0000000000e+00 4.1393130304e-09 -6.8192066149e-09
1.2878787879e+00 -4.5454545455e-02 0.0000000000e+00 4.0417558428e-09 -6.8521864299e-09
1.3181818182e+00 -4.5454545455e-02 0.0000000000e+00 3.9486950975e-09 -6.8927707111e-09
1.3484848485e+00 -4.5454545455e-02 0.0000000000e+00 3.8598266744e-09 -6.9406553384e-09
1.3787878788e+00 -4.5454545455e-02 0.0000000000e+00 3.7748732977e-09 -6.9955630361e-09
1.4090909091e+00 -4.5454545455e-02 0.0000000000e+00 3.6935816357e-09 -7.0572404722e-09
1.4393939394e+00 -4.5454545455e-02 0.0000000000e+00 3.6157197681e-09 -7.1254557266e-09
1.4696969697e+00 -4.5454545455e-02 0.0000000000e+00 3.5410749696e-09 -7.1999960740e-09
1.5000000000e+00 -4.5454545455e-02 0.0000000000e+00 3.4694517624e-09 -7.2806660366e-09
-1.5000000000e+00 -1.5151515152e-02 0.0000000000e+00 3.4708482402e-09 -7.2789544905e-09
-1.4696969697e+00 -1.5151515152e-02 0.0000000000e+00 3.5425596034e-09 -7.1983726840e-09
-1.4393939394e+00 -1.5151515152e-02 0.0000000000e+00 3.6173001614e-09 -7.1239280960e-09
-1.4090909091e+00 -1.5151515152e-02 0.0000000000e+00 3.6952662329e-09 -7.0558170455e-09
-1.3787878788e+00 -1.5151515152e-02 0.0000000000e+00 3.7766714991e-09 -6.9942532136e-09
-1.3484848485e+00 -1.5151515152e-02 0.0000000000e+00 3.8617489692e-09 -6.9394696094e-09
-1.3181818182e+00 -1.5151515152e-02 0.0000000000e+00 3.9507532201e-09 -6.8917208099e-09
-1.2878787879e+00 -1.5151515152e-02 0.0000000000e+00 4.0439629551e-09 -6.8512855183e-09
-1.2575757576e+00 -1.5151515152e-02 0.0000000000e+00 4.1416839367e-09 -6.8184694972e-09
-1.2272727273e+00 -1.5151515152e-02 0.0000000000e+00 4.2442523585e-09 -6.7936089403e-09
-1.1969696970e+00 -1.5151515152e-02 0.0000000000e+00 4.3520387361e-09 -6.7770743629e-09
-1.1666666667e+00 -1.5151515152e-02 0.0000000000e+00 4.4654524104e-09 -6.7692751062e-09
-1.1363636364e+00 -1.5151515152e-02 0.0000000000e+00 4.5849467834e-09 -6.7706645721e-09
-1.1060606061e+00 -1.5151515152e-02 0.0000000000e+00 4.7110254246e-09 -6.7817463299e-09
-1.0757575758e+00 -1.5151515152e-02 0.0000000000e+00 4.8442492264e-09 -6.8030812724e-09
-1.0454545455e+00 -1.5151515152e-02 0.0000000000e+00 4.9852448244e-09 -6.8352960348e-09
-1.0151515152e+00 -1.5151515152e-02 0.0000000000e+00 5.1347145508e-09 -6.8790929495e-09
-9.8484848485e-01 -1.5151515152e-02 0.0000000000e+00 5.2934482605e-09 -6.9352618714e-09
-9.5454545455e-01 -1.5151515152e-02 0.0000000000e+00 5.4623374556e-09 -7.0046943026e-09
-9.2424242424e-01 -1.5151515152e-02 0.0000000000e+00 5.6423922478e-09 -7.0884003547e-09
-8.9393939394e-01 -1.5151515152e-02 0.0000000000e+00 5.8347618537e-09 -7.1875292444e-09
-8.6363636364e-01 -1.5151515152e-02 0.0000000000e+00 6.0407595150e-09 -7.3033942134e-09
-8.3333333333e-01 -1.5151515152e-02 0.0000000000e+00 6.2618930098e-09 -7.4375030397e-09
-8.0303030303e-01 -1.5151515152e-02 0.0000000000e+00 6.4999022855e-09 -7.5915956709e-09
-7.7272727273e-01 -1.5151515152e-02 0.0000000000e+00 6.7568062500e-09 -7.7676910147e-09
-7.4242424242e-01 -1.5151515152e-02 0.0000000000e+00 7.0349614562e-09 -7.9681456240e-09
-7.1212121212e-01 -1.5151515152e-02 0.0000000000e+00 7.3371364052e-09 -8.1957280001e-09
-6.8181818182e-01 -1.5151515152e-02 0.0000000000e+00 7.6666066092e-09 -8.4537136550e-09
-6.5151515152e-01 -1.5151515152e-02 0.0000000000e+00 8.0272776147e-09 -8.7460081353e-09
-6.2121212121e-01 -1.5151515152e-02 0.0000000000e+00 8.4238462544e-09 -9.0773082737e-09
-5.9090909091e-01 -1.5151515152e-02 0.0000000000e+00 8.8620150416e-09 -9.4533165834e-09
-5.6060606061e-01 -1.5151515152e-02 0.0000000000e+00 9.3487818565e-09 -9.8810309447e-09
-5.3030303030e-01 -1.5151515152e-02 0.0000000000e+00 9.8928386515e-09 -1.0369143310e-08
-5.0000000000e-01 -1.5151515152e-02 0.0000000000e+00 1.0505132063e-08 -1.0928600315e-08
-4.6969696970e-01 -1.5151515152e-02 0.0000000000e+00 1.1199671808e-08 -1.1573411679e-08
-4.3939393939e-01 -1.5151515152e-02 0.0000000000e+00 1.1994732372e-08 -1.2321851884e-08
-4.0909090909e-01 -1.5151515152e-02 0.0000000000e+00 1.2914707892e-08 -1.3198315070e-08
-3.7878787879e-01 -1.5151515152e-02 0.0000000000e+00 1.3993117552e-08 -1.4236320420e-08
-3.4848484848e-01 -1.5151515152e-02 0.0000000000e+00 1.5277805299e-08 -1.5483711880e-08
-3.1818181818e-01 -1.5151515152e-02 0.0000000000e+00 1.6840822274e-08 -1.7012540593e-08
-2.8787878788e-01 -1.5151515152e-02 0.0000000000e+00 1.8799762491e-08 -1.8940400571e-08
-2.5757575758e-01 -1.5151515152e-02 0.0000000000e+00 2.1175709492e-08 -2.1288375357e-08
-2.2727272727e-01 -1.5151515152e-02 0.0000000000e+00 2.3395484683e-08 -2.3483286358e-08
-1.9696969697e-01 -1.5151515152e-02 0.0000000000e+00 nan nan
-1.6666666667e-01 -1.5151515152e-02 0.0000000000e+00 nan nan
-1.3636363636e-01 -1.5151515152e-02 0.0000000000e+00 nan nan
-1.0606060606e-01 -1.5151515152e-02 0.0000000000e+00 nan nan
-7.5757575758e-02 -1.5151515152e-02 0.0000000000e+00 nan nan
-4.5454545455e-02 -1.5151515152e-02 0.0000000000e+00 nan nan
-1.5151515152e-02 -1.5151515152e-02 0.0000000000e+00 nan nan
1.5151515152e-02 -1.5151515152e-02 0.0000000000e+00 nan nan
4.5454545455e-02 -1.5151515152e-02 0.0000000000e+00 nan nan
7.5757575758e-02 -1.5151515152e-02 0.0000000000e+00 nan nan
1.0606060606e-01 -1.5151515152e-02 0.0000000000e+00 nan nan
1.3636363636e-01 -1.5151515152e-02 0.0000000000e+00 nan nan
1.6666666667e-01 -1.5151515152e-02 0.0000000000e+00 nan nan
1.9696969697e-01 -1.5151515152e-02 0.0000000000e+00 nan nan
2.2727272727e-01 -1.5151515152e-02 0.0000000000e+00 2.3377701745e-08 -2.3465503419e-08
2.5757575758e-01 -1.5151515152e-02 0.0000000000e+00 2.1125681808e-08 -2.1238347674e-08
2.8787878788e-01 -1.5151515152e-02 0.0000000000e+00 1.8747824099e-08 -1.8888462179e-08
3.1818181818e-01 -1.5151515152e-02 0.0000000000e+00 1.6817779166e-08 -1.6989497485e-08
3.4848484848e-01 -1.5151515152e-02 0.0000000000e+00 1.5266574776e-08 -1.5472481358e-08
3.7878787879e-01 -1.5151515152e-02 0.0000000000e+00 1.3987419584e-08 -1.4230622452e-08
4.0909090909e-01 -1.5151515152e-02 0.0000000000e+00 1.2911820340e-08 -1.3195427519e-08
4.3939393939e-01 -1.5151515152e-02 0.0000000000e+00 1.1993338540e-08 -1.2320458053e-08
4.6969696970e-01 -1.5151515152e-02 0.0000000000e+00 1.1199090130e-08 -1.1572830001e-08
5.0000000000e-01 -1.5151515152e-02 0.0000000000e+00 1.0504994182e-08 -1.0928462434e-08
5.3030303030e-01 -1.5151515152e-02 0.0000000000e+00 9.8929398301e-09 -1.0369244489e-08
5.6060606061e-01 -1.5151515152e-02 0.0000000000e+00 9.3490063159e-09 -9.8812554042e-09
5.9090909091e-01 -1.5151515152e-02 0.0000000000e+00 8.8622967888e-09 -9.4535983306e-09
6.2121212121e-01 -1.5151515152e-02 0.0000000000e+00 8.4241477551e-09 -9.0776097744e-09
6.5151515152e-01 -1.5151515152e-02 0.0000000000e+00 8.0275778476e-09 -8.7463083682e-09
6.8181818182e-01 -1.5151515152e-02 0.0000000000e+00 7.6668942232e-09 -8.4540012691e-09
7.1212121212e-01 -1.5151515152e-02 0.0000000000e+00 7.3374057302e-09 -8.1959973251e-09
7.4242424242e-01 -1.5151515152e-02 0.0000000000e+00 7.0352101446e-09 -7.9683943125e-09
7.7272727273e-01 -1.5151515152e-02 0.0000000000e+00 6.7570338703e-09 -7.7679186350e-09
8.0303030303e-01 -1.5151515152e-02 0.0000000000e+00 6.5001094773e-09 -7.5918028627e-09
8.3333333333e-01 -1.5151515152e-02 0.0000000000e+00 6.2620809769e-09 -7.4376910068e-09
8.6363636364e-01 -1.5151515152e-02 0.0000000000e+00 6.0409297220e-09 -7.3035644203e-09
8.9393939394e-01 -1.5151515152e-02 0.0000000000e+00 5.8349158469e-09 -7.1876832376e-09
9.2424242424e-01 -1.5151515152e-02 0.0000000000e+00 5.6425315526e-09 -7.0885396595e-09
9.5454545455e-01 -1.5151515152e-02 0.0000000000e+00 5.4624635201e-09 -7.0048203670e-09
9.8484848485e-01 -1.5151515152e-02 0.0000000000e+00 5.2935624273e-09 -6.9353760382e-09
1.0151515152e+00 -1.5151515152e-02 0.0000000000e+00 5.1348180460e-09 -6.8791964447e-09
1.0454545455e+00 -1.5151515152e-02 0.0000000000e+00 4.9853387566e-09 -6.8353899669e-09
1.0757575758e+00 -1.5151515152e-02 0.0000000000e+00 4.8443345909e-09 -6.8031666369e-09
1.1060606061e+00 -1.5151515152e-02 0.0000000000e+00 4.7111031115e-09 -6.7818240168e-09
1.1363636364e+00 -1.5151515152e-02 0.0000000000e+00 4.5850175861e-09 -6.7707353748e-09
1.1666666667e+00 -1.5151515152e-02 0.0000000000e+00 4.4655170351e-09 -6.7693397309e-09
1.1969696970e+00 -1.5151515152e-02 0.0000000000e+00 4.3520978105e-09 -6.7771334374e-09
1.2272727273e+00 -1.5151515152e-02 0.0000000000e+00 4.2443064409e-09 -6.7936630227e-09
1.2575757576e+00 -1.5151515152e-02 0.0000000000e+00 4.1417335231e-09 -6.8185190836e-09
1.2878787879e+00 -1.5151515152e-02 0.0000000000e+00 4.0440084868e-09 -6.8513310500e-09
1.3181818182e+00 -1.5151515152e-02 0.0000000000e+00 3.9507950899e-09 -6.8917626797e-09
1.3484848485e+00 -1.5151515152e-02 0.0000000000e+00 3.8617875271e-09 -6.9395081673e-09
1.3787878788e+00 -1.5151515152e-02 0.0000000000e+00 3.7767070572e-09 -6.9942887717e-09
1.4090909091e+00 -1.5151515152e-02 0.0000000000e+00 3.6952990700e-09 -7.0558498826e-09
1.4393939394e+00 -1.5151515152e-02 0.0000000000e+00 3.6173305267e-09 -7.1239584613e-09
1.4696969697e+00 -1.5151515152e-02 0.0000000000e+00 3.5425877201e-09 -7.1984008006e-09
1.5000000000e+00 -1.5151515152e-02 0.0000000000e+00 3.4708743083e-09 -7.2789805586e-09
-1.5000000000e+00 1.5151515152e-02 0.0000000000e+00 3.4708466178e-09 -7.2789528681e-09
-1.4696969697e+00 1.5151515152e-02 0.0000000000e+00 3.5425577623e-09 -7.1983708429e-09
-1.4393939394e+00 1.5151515152e-02 0.0000000000e+00 3.6172980669e-09 -7.1239260015e-09
-1.4090909091e+00 1.5151515152e-02 0.0000000000e+00 3.6952638438e-09 -7.0558146564e-09
-1.3787878788e+00 1.5151515152e-02 0.0000000000e+00 3.7766687664e-09 -6.9942504808e-09
-1.3484848485e+00 1.5151515152e-02 0.0000000000e+00 3.8617458345e-09 -6.9394664747e-09
-1.3181818182e+00 1.5151515152e-02 0.0000000000e+00 3.9507496136e-09 -6.8917172033e-09
-1.2878787879e+00 1.5151515152e-02 0.0000000000e+00 4.0439587926e-09 -6.8512813558e-09
-1.2575757576e+00 1.5151515152e-02 0.0000000000e+00 4.1416791166e-09 -6.8184646772e-09
-1.2272727273e+00 1.5151515152e-02 0.0000000000e+00 4.2442467578e-09 -6.7936033396e-09
-1.1969696970e+00 1.5151515152e-02 0.0000000000e+00 4.3520322046e-09 -6.7770678315e-09
-1.1666666667e+00 1.5151515152e-02 0.0000000000e+00 4.4654447645e-09 -6.7692674603e-09
-1.1363636364e+00 1.5151515152e-02 0.0000000000e+00 4.5849377969e-09 -6.7706555856e-09
-1.1060606061e+00 1.5151515152e-02 0.0000000000e+00 4.7110148177e-09 -6.7817357231e-09
-1.0757575758e+00 1.5151515152e-02 0.0000000000e+00 4.8442366511e-09 -6.8030686971e-09
-1.0454545455e+00 1.5151515152e-02 0.0000000000e+00 4.9852298450e-09 -6.8352810553e-09
-1.0151515152e+00 1.5151515152e-02 0.0000000000e+00 5.1346966183e-09 -6.8790750170e-09
-9.8484848485e-01 1.5151515152e-02 0.0000000000e+00 5.2934266791e-09 -6.9352402900e-09
-9.5454545455e-01 1.5151515152e-02 0.0000000000e+00 5.4623113366e-09 -7.0046681836e-09
-9.2424242424e-01 1.5151515152e-02 0.0000000000e+00 5.6423604481e-09 -7.0883685549e-09
-8.9393939394e-01 1.5151515152e-02 0.0000000000e+00 5.8347228906e-09 -7.1874902813e-09
-8.6363636364e-01 1.5151515152e-02 0.0000000000e+00 6.0407114496e-09 -7.3033461480e-09
-8.3333333333e-01 1.5151515152e-02 0.0000000000e+00 6.2618332837e-09 -7.4374433136e-09
-8.0303030303e-01 1.5151515152e-02 0.0000000000e+00 6.4998274900e-09 -7.5915208754e-09
-7.7272727273e-01 1.5151515152e-02 0.0000000000e+00 6.7567117965e-09 -7.7675965612e-09
-7.4242424242e-01 1.5151515152e-02 0.0000000000e+00 7.0348410996e-09 -7.9680252675e-09
-7.1212121212e-01 1.5151515152e-02 0.0000000000e+00 7.3369815451e-09 -8.1955731400e-09
-6.8181818182e-01 1.5151515152e-02 0.0000000000e+00 7.6664052499e-09 -8.4535122957e-09
-6.5151515152e-01 1.5151515152e-02 0.0000000000e+00 8.0270127953e-09 -8.7457433160e-09
-6.2121212121e-01 1.5151515152e-02 0.0000000000e+00 8.4234936392e-09 -9.0769556585e-09
-5.9090909091e-01 1.5151515152e-02 0.0000000000e+00 8.8615391578e-09 -9.4528406996e-09
-5.6060606061e-01 1.5151515152e-02 0.0000000000e+00 9.3481301159e-09 -9.8803792041e-09
-5.3030303030e-01 1.5151515152e-02 0.0000000000e+00 9.8919316739e-09 -1.0368236332e-08
-5.0000000000e-01 1.5151515152e-02 0.0000000000e+00 1.0503847729e-08 -1.0927315981e-08
-4.6969696970e-01 1.5151515152e-02 0.0000000000e+00 1.1197818549e-08 -1.1571558420e-08
-4.3939393939e-01 1.5151515152e-02 0.0000000000e+00 1.1992003959e-08 -1.2319123472e-08
-4.0909090909e-01 1.5151515152e-02 0.0000000000e+00 1.2910607315e-08 -1.3194214493e-08
-3.7878787879e-01 1.5151515152e-02 0.0000000000e+00 1.3986835915e-08 -1.4230038783e-08
-3.4848484848e-01 1.5151515152e-02 0.0000000000e+00 1.5268081409e-08 -1.5473987990e-08
-3.1818181818e-01 1.5151515152e-02 0.0000000000e+00 1.6826220880e-08 -1.6997939199e-08
-2.8787878788e-01 1.5151515152e-02 0.0000000000e+00 1.8784607074e-08 -1.8925245154e-08
-2.5757575758e-01 1.5151515152e-02 0.0000000000e+00 2.1153252844e-08 -2.1265918709e-08
-2.2727272727e-01 1.5151515152e-02 0.0000000000e+00 2.3370558924e-08 -2.3458360599e-08
-1.9696969697e-01 1.5151515152e-02 0.0000000000e+00 nan nan
-1.6666666667e-01 1.5151515152e-02 0.0000000000e+00 nan nan
-1.3636363636e-01 1.5151515152e-02 0.0000000000e+00 nan nan
-1.0606060606e-01 1.5151515152e-02 0.0000000000e+00 nan nan
-7.5757575758e-02 1.5151515152e-02 0.0000000000e+00 nan nan
-4.5454545455e-02 1.5151515152e-02 0.0000000000e+00 nan nan
-1.5151515152e-02 1.5151515152e-02 0.0000000000e+00 nan nan
1.5151515152e-02 1.5151515152e-02 0.0000000000e+00 nan nan
4.5454545455e-02 1.5151515152e-02 0.0000000000e+00 nan nan
7.5757575758e-02 1.5151515152e-02 0.0000000000e+00 nan nan
1.0606060606e-01 1.5151515152e-02 0.0000000000e+00 nan nan
1.3636363636e-01 1.5151515152e-02 0.0000000000e+00 nan nan
1.6666666667e-01 1.5151515152e-02 0.0000000000e+00 nan nan
1.9696969697e-01 1.5151515152e-02 0.0000000000e+00 nan nan
2.2727272727e-01 1.5151515152e-02 0.0000000000e+00 2.3431039355e-08 -2.3518841030e-08
2.5757575758e-01 1.5151515152e-02 0.0000000000e+00 2.1201167993e-08 -2.1313833859e-08
2.8787878788e-01 1.5151515152e-02 0.0000000000e+00 1.8812337498e-08 -1.8952975579e-08
3.1818181818e-01 1.5151515152e-02 0.0000000000e+00 1.6851552002e-08 -1.7023270320e-08
3.4848484848e-01 1.5151515152e-02 0.0000000000e+00 1.5285018237e-08 -1.5490924818e-08
3.7878787879e-01 1.5151515152e-02 0.0000000000e+00 1.3998071494e-08 -1.4241274362e-08
4.0909090909e-01 1.5151515152e-02 0.0000000000e+00 1.2918285663e-08 -1.3201892842e-08
4.3939393939e-01 1.5151515152e-02 0.0000000000e+00 1.1997430032e-08 -1.2324549544e-08
4.6969696970e-01 1.5151515152e-02 0.0000000000e+00 1.1201771849e-08 -1.1575511719e-08
5.0000000000e-01 1.5151515152e-02 0.0000000000e+00 1.0506805146e-08 -1.0930273399e-08
5.3030303030e-01 1.5151515152e-02 0.0000000000e+00 9.8941946468e-09 -1.0370499305e-08
5.6060606061e-01 1.5151515152e-02 0.0000000000e+00 9.3498955026e-09 -9.8821445908e-09
5.9090909091e-01 1.5151515152e-02 0.0000000000e+00 8.8629394555e-09 -9.4542409973e-09
6.2121212121e-01 1.5151515152e-02 0.0000000000e+00 8.4246204713e-09 -9.0780824906e-09
6.5151515152e-01 1.5151515152e-02 0.0000000000e+00 8.0279310602e-09 -8.7466615808e-09
6.8181818182e-01 1.5151515152e-02 0.0000000000e+00 7.6671619031e-09 -8.4542689489e-09
7.1212121212e-01 1.5151515152e-02 0.0000000000e+00 7.3376112059e-09 -8.1962028008e-09
7.4242424242e-01 1.5151515152e-02 0.0000000000e+00 7.0353697223e-09 -7.9685538901e-09
7.7272727273e-01 1.5151515152e-02 0.0000000000e+00 6.7571591319e-09 -7.7680438965e-09
8.0303030303e-01 1.5151515152e-02 0.0000000000e+00 6.5002087703e-09 -7.5919021557e-09
8.3333333333e-01 1.5151515152e-02 0.0000000000e+00 6.2621603990e-09 -7.4377704289e-09
8.6363636364e-01 1.5151515152e-02 0.0000000000e+00 6.0409937825e-09 -7.3036284809e-09
8.9393939394e-01 1.5151515152e-02 0.0000000000e+00 5.8349679189e-09 -7.1877353096e-09
9.2424242424e-01 1.5151515152e-02 0.0000000000e+00 5.6425741859e-09 -7.0885822928e-09
9.5454545455e-01 1.5151515152e-02 0.0000000000e+00 5.4624986609e-09 -7.0048555079e-09
9.8484848485e-01 1.5151515152e-02 0.0000000000e+00 5.2935915751e-09 -6.9354051859e-09
1.0151515152e+00 1.5151515152e-02 0.0000000000e+00 5.1348423655e-09 -6.8792207642e-09
1.0454545455e+00 1.5151515152e-02 0.0000000000e+00 4.9853591602e-09 -6.8354103706e-09
1.0757575758e+00 1.5151515152e-02 0.0000000000e+00 4.8443517986e-09 -6.8031838445e-09
1.1060606061e+00 1.5151515152e-02 0.0000000000e+00 4.7111176950e-09 -6.7818386004e-09
1.1363636364e+00 1.5151515152e-02 0.0000000000e+00 4.5850300032e-09 -6.7707477919e-09
1.1666666667e+00 1.5151515152e-02 0.0000000000e+00 4.4655276540e-09 -6.7693503498e-09
1.1969696970e+00 1.5151515152e-02 0.0000000000e+00 4.3521069294e-09 -6.7771425562e-09
1.2272727273e+00 1.5151515152e-02 0.0000000000e+00 4.2443143025e-09 -6.7936708843e-09
1.2575757576e+00 1.5151515152e-02 0.0000000000e+00 4.1417403262e-09 -6.8185258867e-09
1.2878787879e+00 1.5151515152e-02 0.0000000000e+00 4.0440143949e-09 -6.8513369581e-09
1.3181818182e+00 1.5151515152e-02 0.0000000000e+00 3.9508002382e-09 -6.8917678280e-09
1.3484848485e+00 1.5151515152e-02 0.0000000000e+00 3.8617920278e-09 -6.9395126680e-09
1.3787878788e+00 1.5151515152e-02 0.0000000000e+00 3.7767110039e-09 -6.9942927184e-09
1.4090909091e+00 1.5151515152e-02 0.0000000000e+00 3.6953025411e-09 -7.0558533538e-09
1.4393939394e+00 1.5151515152e-02 0.0000000000e+00 3.6173335882e-09 -7.1239615229e-09
1.4696969697e+00 1.5151515152e-02 0.0000000000e+00 3.5425904276e-09 -7.1984035081e-09
1.5000000000e+00 1.5151515152e-02 0.0000000000e+00 3.4708767089e-09 -7.2789829592e-09
-1.5000000000e+00 4.5454545455e-02 0.0000000000e+00 3.4694252852e-09 -7.2806395594e-09
-1.4696969697e+00 4.5454545455e-02 0.0000000000e+00 3.5410463697e-09 -7.1999674741e-09
-1.4393939394e+00 4.5454545455e-02 0.0000000000e+00 3.6156888316e-09 -7.1254247901e-09
-1.4090909091e+00 4.5454545455e-02 0.0000000000e+00 3.6935481229e-09 -7.0572069594e-09
-1.3787878788e+00 4.5454545455e-02 0.0000000000e+00 3.7748369397e-09 -6.9955266780e-09
-1.3484848485e+00 4.5454545455e-02 0.0000000000e+00 3.8597871683e-09 -6.9406158323e-09
-1.3181818182e+00 4.5454545455e-02 0.0000000000e+00 3.9486521021e-09 -6.8927277158e-09
-1.2878787879e+00 4.5454545455e-02 0.0000000000e+00 4.0417089729e-09 -6.8521395600e-09
-1.2575757576e+00 4.5454545455e-02 0.0000000000e+00 4.1392618499e-09 -6.8191554344e-09
-1.2272727273e+00 4.5454545455e-02 0.0000000000e+00 4.2416449725e-09 -6.7941095782e-09
-1.1969696970e+00 4.5454545455e-02 0.0000000000e+00 4.3492265916e-09 -6.7773702423e-09
-1.1666666667e+00 4.5454545455e-02 0.0000000000e+00 4.4624134149e-09 -6.7693441346e-09
-1.1363636364e+00 4.5454545455e-02 0.0000000000e+00 4.5816557691e-09 -6.7704815816e-09
-1.1060606061e+00 4.5454545455e-02 0.0000000000e+00 4.7074536178e-09 -6.7812825470e-09
-1.0757575758e+00 4.5454545455e-02 0.0000000000e+00 4.8403636061e-09 -6.8023036759e-09
-1.0454545455e+00 4.5454545455e-02 0.0000000000e+00 4.9810073421e-09 -6.8341665764e-09
-1.0151515152e+00 4.5454545455e-02 0.0000000000e+00 5.1300811779e-09 -6.8775676004e-09
-9.8484848485e-01 4.5454545455e-02 0.0000000000e+00 5.2883678161e-09 -6.9332894509e-09
-9.5454545455e-01 4.5454545455e-02 0.0000000000e+00 5.4567501553e-09 -7.0022150261e-09
-9.2424242424e-01 4.5454545455e-02 0.0000000000e+00 5.6362278944e-09 -7.0853440252e-09
-8.9393939394e-01 4.5454545455e-02 0.0000000000e+00 5.8279375637e-09 -7.1838129783e-09
-8.6363636364e-01 4.5454545455e-02 0.0000000000e+00 6.0331768391e-09 -7.2989195614e-09
-8.3333333333e-01 4.5454545455e-02 0.0000000000e+00 6.2534342532e-09 -7.4321523070e-09
-8.0303030303e-01 4.5454545455e-02 0.0000000000e+00 6.4904257612e-09 -7.5852271705e-09
-7.7272727273e-01 4.5454545455e-02 0.0000000000e+00 6.7461400921e-09 -7.7601328806e-09
-7.4242424242e-01 4.5454545455e-02 0.0000000000e+00 7.0228954658e-09 -7.9591876576e-09
-7.1212121212e-01 4.5454545455e-02 0.0000000000e+00 7.3234111733e-09 -8.1851107921e-09
-6.8181818182e-01 4.5454545455e-02 0.0000000000e+00 7.6508988102e-09 -8.4411138799e-09
-6.5151515152e-01 4.5454545455e-02 0.0000000000e+00 8.0091798341e-09 -8.7310183786e-09
-6.2121212121e-01 4.5454545455e-02 0.0000000000e+00 8.4028388704e-09 -9.0594089136e-09
-5.9090909091e-01 4.5454545455e-02 0.0000000000e+00 8.8374263336e-09 -9.4318358993e-09
-5.6060606061e-01 4.5454545455e-02 0.0000000000e+00 9.3197302993e-09 -9.8550874114e-09
-5.3030303030e-01 4.5454545455e-02 0.0000000000e+00 9.8581476246e-09 -1.0337560307e-08
-5.0000000000e-01 4.5454545455e-02 0.0000000000e+00 1.0463200760e-08 -1.0889777037e-08
-4.6969696970e-01 4.5454545455e-02 0.0000000000e+00 1.1148274690e-08 -1.1525122584e-08
-4.3939393939e-01 4.5454545455e-02 0.0000000000e+00 1.1930698588e-08 -1.2260926124e-08
-4.0909090909e-01 4.5454545455e-02 0.0000000000e+00 1.2833392855e-08 -1.3120108057e-08
-3.7878787879e-01 4.5454545455e-02 0.0000000000e+00 1.3887503028e-08 -1.4133813920e-08
-3.4848484848e-01 4.5454545455e-02 0.0000000000e+00 1.5136912631e-08 -1.5345927236e-08
-3.1818181818e-01 4.5454545455e-02 0.0000000000e+00 1.6646788491e-08 -1.6821614834e-08
-2.8787878788e-01 4.5454545455e-02 0.0000000000e+00 1.8521898596e-08 -1.8665644700e-08
-2.5757575758e-01 4.5454545455e-02 0.0000000000e+00 2.0839517786e-08 -2.0955291676e-08
-2.2727272727e-01 4.5454545455e-02 0.0000000000e+00 2.3057651061e-08 -2.3148560759e-08
-1.9696969697e-01 4.5454545455e-02 0.0000000000e+00 nan nan
-1.6666666667e-01 4.5454545455e-02 0.0000000000e+00 nan nan
-1.3636363636e-01 4.5454545455e-02 0.0000000000e+00 nan nan
-1.0606060606e-01 4.5454545455e-02 0.0000000000e+00 nan nan
-7.5757575758e-02 4.5454545455e-02 0.0000000000e+00 nan nan
-4.5454545455e-02 4.5454545455e-02 0.0000000000e+00 nan nan
-1.5151515152e-02 4.5454545455e-02 0.0000000000e+00 nan nan
1.5151515152e-02 4.5454545455e-02 0.0000000000e+00 nan nan
4.5454545455e-02 4.5454545455e-02 0.0000000000e+00 nan nan
7.5757575758e-02 4.5454545455e-02 0.0000000000e+00 nan nan
1.0606060606e-01 4.5454545455e-02 0.0000000000e+00 nan nan
1.3636363636e-01 4.5454545455e-02 0.0000000000e+00 nan nan
1.6666666667e-01 4.5454545455e-02 0.0000000000e+00 nan nan
1.9696969697e-01 4.5454545455e-02 0.0000000000e+00 nan nan
2.2727272727e-01 4.5454545455e-02 0.0000000000e+00 2.3175764314e-08 -2.3266674012e-08
2.5757575758e-01 4.5454545455e-02 0.0000000000e+00 2.0983447212e-08 -2.1099221101e-08
2.8787878788e-01 4.5454545455e-02 0.0000000000e+00 1.8640769534e-08 -1.8784515638e-08
3.1818181818e-01 4.5454545455e-02 0.0000000000e+00 1.6711805787e-08 -1.6886632130e-08
3.4848484848e-01 4.5454545455e-02 0.0000000000e+00 1.5175807729e-08 -1.5384822335e-08
3.7878787879e-01 4.5454545455e-02 0.0000000000e+00 1.3912029860e-08 -1.4158340752e-08
4.0909090909e-01 4.5454545455e-02 0.0000000000e+00 1.2849507541e-08 -1.3136222743e-08
4.3939393939e-01 4.5454545455e-02 0.0000000000e+00 1.1941661642e-08 -1.2271889178e-08
4.6969696970e-01 4.5454545455e-02 0.0000000000e+00 1.1155962286e-08 -1.1532810181e-08
5.0000000000e-01 4.5454545455e-02 0.0000000000e+00 1.0468736543e-08 -1.0895312820e-08
5.3030303030e-01 4.5454545455e-02 0.0000000000e+00 9.8622282446e-09 -1.0341640927e-08
5.6060606061e-01 4.5454545455e-02 0.0000000000e+00 9.3228011556e-09 -9.8581582677e-09
5.9090909091e-01 4.5454545455e-02 0.0000000000e+00 8.8397801469e-09 -9.4341897126e-09
6.2121212121e-01 4.5454545455e-02 0.0000000000e+00 8.4046728576e-09 -9.0612429007e-09
6.5151515152e-01 4.5454545455e-02 0.0000000000e+00 8.0106298849e-09 -8.7324684294e-09
6.8181818182e-01 4.5454545455e-02 0.0000000000e+00 7.6520604836e-09 -8.4422755533e-09
7.1212121212e-01 4.5454545455e-02 0.0000000000e+00 7.3243529223e-09 -8.1860525411e-09
7.4242424242e-01 4.5454545455e-02 0.0000000000e+00 7.0236671605e-09 -7.9599593522e-09
7.7272727273e-01 4.5454545455e-02 0.0000000000e+00 6.7467786281e-09 -7.7607714167e-09
8.0303030303e-01 4.5454545455e-02 0.0000000000e+00 6.4909588237e-09 -7.5857602329e-09
8.3333333333e-01 4.5454545455e-02 0.0000000000e+00 6.2538828865e-09 -7.4326009403e-09
8.6363636364e-01 4.5454545455e-02 0.0000000000e+00 6.0335572321e-09 -7.2992999544e-09
8.9393939394e-01 4.5454545455e-02 0.0000000000e+00 5.8282623077e-09 -7.1841377222e-09
9.2424242424e-01 4.5454545455e-02 0.0000000000e+00 5.6365068826e-09 -7.0856230134e-09
9.5454545455e-01 4.5454545455e-02 0.0000000000e+00 5.4569912349e-09 -7.0024561057e-09
9.8484848485e-01 4.5454545455e-02 0.0000000000e+00 5.2885772659e-09 -6.9334989007e-09
1.0151515152e+00 4.5454545455e-02 0.0000000000e+00 5.1302640630e-09 -6.8777504856e-09
1.0454545455e+00 4.5454545455e-02 0.0000000000e+00 4.9811677798e-09 -6.8343270141e-09
1.0757575758e+00 4.5454545455e-02 0.0000000000e+00 4.8405049668e-09 -6.8024450366e-09
1.1060606061e+00 4.5454545455e-02 0.0000000000e+00 4.7075786792e-09 -6.7814076084e-09
1.1363636364e+00 4.5454545455e-02 0.0000000000e+00 4.5817668344e-09 -6.7705926469e-09
1.1666666667e+00 4.5454545455e-02 0.0000000000e+00 4.4625124053e-09 -6.7694431250e-09
1.1969696970e+00 4.5454545455e-02 0.0000000000e+00 4.3493151186e-09 -6.7774587693e-09
1.2272727273e+00 4.5454545455e-02 0.0000000000e+00 4.2417243946e-09 -6.7941890002e-09
1.2575757576e+00 4.5454545455e-02 0.0000000000e+00 4.1393333180e-09 -6.8192269024e-09
1.2878787879e+00 4.5454545455e-02 0.0000000000e+00 4.0417734665e-09 -6.8522040536e-09
1.3181818182e+00 4.5454545455e-02 0.0000000000e+00 3.9487104587e-09 -6.8927860724e-09
1.3484848485e+00 4.5454545455e-02 0.0000000000e+00 3.8598401067e-09 -6.9406687708e-09
1.3787878788e+00 4.5454545455e-02 0.0000000000e+00 3.7748850795e-09 -6.9955748178e-09
1.4090909091e+00 4.5454545455e-02 0.0000000000e+00 3.6935920001e-09 -7.0572508366e-09
1.4393939394e+00 4.5454545455e-02 0.0000000000e+00 3.6157289112e-09 -7.1254648698e-09
1.4696969697e+00 4.5454545455e-02 0.0000000000e+00 3.5410830571e-09 -7.2000041615e-09
1.5000000000e+00 4.5454545455e-02 0.0000000000e+00 3.4694589345e-09 -7.2806732087e-09
-1.5000000000e+00 7.5757575758e-02 0.0000000000e+00 3.4665894897e-09 -7.2840198116e-09
-1.4696969697e+00 7.5757575758e-02 0.0000000000e+00 3.5380312390e-09 -7.2031683912e-09
-1.4393939394e+00 7.5757575758e-02 0.0000000000e+00 3.6124789108e-09 -7.1284309170e-09
-1.4090909091e+00 7.5757575758e-02 0.0000000000e+00 3.6901262542e-09 -7.0600011385e-09
-1.3787878788e+00 7.5757575758e-02 0.0000000000e+00 3.7711840325e-09 -6.9980898186e-09
-1.3484848485e+00 7.5757575758e-02 0.0000000000e+00 3.8558819316e-09 -6.9429266434e-09
-1.3181818182e+00 7.5757575758e-02 0.0000000000e+00 3.9444707326e-09 -6.8947623940e-09
-1.2878787879e+00 7.5757575758e-02 0.0000000000e+00 4.0372247904e-09 -6.8538714252e-09
-1.2575757576e+00 7.5757575758e-02 0.0000000000e+00 4.1344448695e-09 -6.8205545016e-09
-1.2272727273e+00 7.5757575758e-02 0.0000000000e+00 4.2364614000e-09 -6.7951420534e-09
-1.1969696970e+00 7.5757575758e-02 0.0000000000e+00 4.3436382277e-09 -6.7779979261e-09
-1.1666666667e+00 7.5757575758e-02 0.0000000000e+00 4.4563769462e-09 -6.7695237137e-09
-1.1363636364e+00 7.5757575758e-02 0.0000000000e+00 4.5751219235e-09 -6.7701637838e-09
-1.1060606061e+00 7.5757575758e-02 0.0000000000e+00 4.7003661513e-09 -6.7804111283e-09
-1.0757575758e+00 7.5757575758e-02 0.0000000000e+00 4.8326580828e-09 -6.8008142004e-09
-1.0454545455e+00 7.5757575758e-02 0.0000000000e+00 4.9726096575e-09 -6.8319849395e-09
-1.0151515152e+00 7.5757575758e-02 0.0000000000e+00 5.1209057610e-09 -6.8746082313e-09
-9.8484848485e-01 7.5757575758e-02 0.0000000000e+00 5.2783154289e-09 -6.9294531114e-09
-9.5454545455e-01 7.5757575758e-02 0.0000000000e+00 5.4457051814e-09 -6.9973860999e-09
-9.2424242424e-01 7.5757575758e-02 0.0000000000e+00 5.6240549779e-09 -7.0793871564e-09
-8.9393939394e-01 7.5757575758e-02 0.0000000000e+00 5.8144774128e-09 -7.1765688751e-09
-8.6363636364e-01 7.5757575758e-02 0.0000000000e+00 6.0182409476e-09 -7.2901997176e-09
-8.3333333333e-01 7.5757575758e-02 0.0000000000e+00 6.2367982087e-09 -7.4217323102e-09
-8.0303030303e-01 7.5757575758e-02 0.0000000000e+00 6.4718206877e-09 -7.5728381447e-09
-7.7272727273e-01 7.5757575758e-02 0.0000000000e+00 6.7252416070e-09 -7.7454504433e-09
-7.4242424242e-01 7.5757575758e-02 0.0000000000e+00 6.9993092867e-09 -7.9418175261e-09
-7.1212121212e-01 7.5757575758e-02 0.0000000000e+00 7.2966541545e-09 -8.1645698210e-09
-6.8181818182e-01 7.5757575758e-02 0.0000000000e+00 7.6203736653e-09 -8.4168047828e-09
-6.5151515152e-01 7.5757575758e-02 0.0000000000e+00 7.9741410068e-09 -8.7021955990e-09
-6.2121212121e-01 7.5757575758e-02 0.0000000000e+00 8.3623458019e-09 -9.0251318928e-09
-5.9090909091e-01 7.5757575758e-02 0.0000000000e+00 8.7902784733e-09 -9.3909040867e-09
-5.6060606061e-01 7.5757575758e-02 0.0000000000e+00 9.2643751470e-09 -9.8059483069e-09
-5.3030303030e-01 7.5757575758e-02 0.0000000000e+00 9.7925480624e-09 -1.0278176793e-08
-5.0000000000e-01 7.5757575758e-02 0.0000000000e+00 1.0384639360e-08 -1.0817431684e-08
-4.6969696970e-01 7.5757575758e-02 0.0000000000e+00 1.1053057521e-08 -1.1436121463e-08
-4.3939393939e-01 7.5757575758e-02 0.0000000000e+00 1.1813692840e-08 -1.2150136424e-08
-4.0909090909e-01 7.5757575758e-02 0.0000000000e+00 1.2687276475e-08 -1.2980207725e-08
-3.7878787879e-01 7.5757575758e-02 0.0000000000e+00 1.3701482022e-08 -1.3954008962e-08
-3.4848484848e-01 7.5757575758e-02 0.0000000000e+00 1.4894358513e-08 -1.5109589166e-08
-3.1818181818e-01 7.5757575758e-02 0.0000000000e+00 1.6320398613e-08 -1.6501441004e-08
-2.8787878788e-01 7.5757575758e-02 0.0000000000e+00 1.8062992016e-08 -1.8212954168e-08
-2.5757575758e-01 7.5757575758e-02 0.0000000000e+00 2.0244138389e-08 -2.0366128326e-08
-2.2727272727e-01 7.5757575758e-02 0.0000000000e+00 2.2456134554e-08 -2.2553260300e-08
-1.9696969697e-01 7.5757575758e-02 0.0000000000e+00 nan nan
-1.6666666667e-01 7.5757575758e-02 0.0000000000e+00 nan nan
-1.3636363636e-01 7.5757575758e-02 0.0000000000e+00 nan nan
-1.0606060606e-01 7.5757575758e-02 0.0000000000e+00 nan nan
-7.5757575758e-02 7.5757575758e-02 0.0000000000e+00 nan nan
-4.5454545455e-02 7.5757575758e-02 0.0000000000e+00 nan nan
-1.5151515152e-02 7.5757575758e-02 0.0000000000e+00 nan nan
1.5151515152e-02 7.5757575758e-02 0.0000000000e+00 nan nan
4.5454545455e-02 7.5757575758e-02 0.0000000000e+00 nan nan
7.5757575758e-02 7.5757575758e-02 0.0000000000e+00 nan nan
1.0606060606e-01 7.5757575758e-02 0.0000000000e+00 nan nan
1.3636363636e-01 7.5757575758e-02 0.0000000000e+00 nan nan
1.6666666667e-01 7.5757575758e-02 0.0000000000e+00 nan nan
1.9696969697e-01 7.5757575758e-02 0.0000000000e+00 nan nan
2.2727272727e-01 7.5757575758e-02 0.0000000000e+00 2.2608962111e-08 -2.2706087857e-08
2.5757575758e-01 7.5757575758e-02 0.0000000000e+00 2.0455787936e-08 -2.0577777873e-08
2.8787878788e-01 7.5757575758e-02 0.0000000000e+00 1.8218376064e-08 -1.8368338216e-08
3.1818181818e-01 7.5757575758e-02 0.0000000000e+00 1.6403966708e-08 -1.6585009098e-08
3.4848484848e-01 7.5757575758e-02 0.0000000000e+00 1.4944686421e-08 -1.5159917074e-08
3.7878787879e-01 7.5757575758e-02 0.0000000000e+00 1.3733556375e-08 -1.3986083314e-08
4.0909090909e-01 7.5757575758e-02 0.0000000000e+00 1.2708528295e-08 -1.3001459545e-08
4.3939393939e-01 7.5757575758e-02 0.0000000000e+00 1.1828220393e-08 -1.2164663977e-08
4.6969696970e-01 7.5757575758e-02 0.0000000000e+00 1.1063258179e-08 -1.1446322122e-08
5.0000000000e-01 7.5757575758e-02 0.0000000000e+00 1.0391973309e-08 -1.0824765633e-08
5.3030303030e-01 7.5757575758e-02 0.0000000000e+00 9.7979335887e-09 -1.0283562319e-08
5.6060606061e-01 7.5757575758e-02 0.0000000000e+00 9.2684057847e-09 -9.8099789446e-09
5.9090909091e-01 7.5757575758e-02 0.0000000000e+00 8.7933472981e-09 -9.3939729116e-09
6.2121212121e-01 7.5757575758e-02 0.0000000000e+00 8.3647189188e-09 -9.0275050097e-09
6.5151515152e-01 7.5757575758e-02 0.0000000000e+00 7.9760022095e-09 -8.7040568018e-09
6.8181818182e-01 7.5757575758e-02 0.0000000000e+00 7.6218522492e-09 -8.4182833666e-09
7.1212121212e-01 7.5757575758e-02 0.0000000000e+00 7.2978426237e-09 -8.1657582903e-09
7.4242424242e-01 7.5757575758e-02 0.0000000000e+00 7.0002748607e-09 -7.9427831001e-09
7.7272727273e-01 7.5757575758e-02 0.0000000000e+00 6.7260338380e-09 -7.7462426743e-09
8.0303030303e-01 7.5757575758e-02 0.0000000000e+00 6.4724765928e-09 -7.5734940498e-09
8.3333333333e-01 7.5757575758e-02 0.0000000000e+00 6.2373457837e-09 -7.4222798852e-09
8.6363636364e-01 7.5757575758e-02 0.0000000000e+00 6.0187016089e-09 -7.2906603789e-09
8.9393939394e-01 7.5757575758e-02 0.0000000000e+00 5.8148677192e-09 -7.1769591815e-09
9.2424242424e-01 7.5757575758e-02 0.0000000000e+00 5.6243878598e-09 -7.0797200383e-09
9.5454545455e-01 7.5757575758e-02 0.0000000000e+00 5.4459908298e-09 -6.9976717484e-09
9.8484848485e-01 7.5757575758e-02 0.0000000000e+00 5.2785619458e-09 -6.9296996283e-09
1.0151515152e+00 7.5757575758e-02 0.0000000000e+00 5.1211196397e-09 -6.8748221100e-09
1.0454545455e+00 7.5757575758e-02 0.0000000000e+00 4.9727961419e-09 -6.8321714239e-09
1.0757575758e+00 7.5757575758e-02 0.0000000000e+00 4.8328214382e-09 -6.8009775557e-09
1.1060606061e+00 7.5757575758e-02 0.0000000000e+00 4.7005098702e-09 -6.7805548472e-09
1.1363636364e+00 7.5757575758e-02 0.0000000000e+00 4.5752488841e-09 -6.7702907443e-09
1.1666666667e+00 7.5757575758e-02 0.0000000000e+00 4.4564895342e-09 -6.7696363017e-09
1.1969696970e+00 7.5757575758e-02 0.0000000000e+00 4.3437384320e-09 -6.7780981305e-09
1.2272727273e+00 7.5757575758e-02 0.0000000000e+00 4.2365508878e-09 -6.7952315412e-09
1.2575757576e+00 7.5757575758e-02 0.0000000000e+00 4.1345250447e-09 -6.8206346769e-09
1.2878787879e+00 7.5757575758e-02 0.0000000000e+00 4.0372968416e-09 -6.8539434764e-09
1.3181818182e+00 7.5757575758e-02 0.0000000000e+00 3.9445356701e-09 -6.8948273315e-09
1.3484848485e+00 7.5757575758e-02 0.0000000000e+00 3.8559406182e-09 -6.9429853300e-09
1.3787878788e+00 7.5757575758e-02 0.0000000000e+00 3.7712372080e-09 -6.9981429941e-09
1.4090909091e+00 7.5757575758e-02 0.0000000000e+00 3.6901745554e-09 -7.0600494396e-09
1.4393939394e+00 7.5757575758e-02 0.0000000000e+00 3.6125228876e-09 -7.1284748938e-09
1.4696969697e+00 7.5757575758e-02 0.0000000000e+00 3.5380713684e-09 -7.2032085206e-09
1.5000000000e+00 7.5757575758e-02 0.0000000000e+00 3.4666261865e-09 -7.2840565085e-09
-1.5000000000e+00 1.0606060606e-01 0.0000000000e+00 3.4623496478e-09 -7.2891040414e-09
-1.4696969697e+00 1.0606060606e-01 0.0000000000e+00 3.5335239077e-09 -7.2079851314e-09
-1.4393939394e+00 1.0606060606e-01 0.0000000000e+00 3.6076811100e-09 -7.1329571879e-09
-1.4090909091e+00 1.0606060606e-01 0.0000000000e+00 3.6850124828e-09 -7.0642114387e-09
-1.3787878788e+00 1.0606060606e-01 0.0000000000e+00 3.7657259282e-09 -7.0019557859e-09
-1.3484848485e+00 1.0606060606e-01 0.0000000000e+00 3.8500478774e-09 -6.9464166608e-09
-1.3181818182e+00 1.0606060606e-01 0.0000000000e+00 3.9382253980e-09 -6.8978411310e-09
-1.2878787879e+00 1.0606060606e-01 0.0000000000e+00 4.0305285956e-09 -6.8564993020e-09
-1.2575757576e+00 1.0606060606e-01 0.0000000000e+00 4.1272533569e-09 -6.8226870607e-09
-1.2272727273e+00 1.0606060606e-01 0.0000000000e+00 4.2287244949e-09 -6.7967292200e-09
-1.1969696970e+00 1.0606060606e-01 0.0000000000e+00 4.3352993646e-09 -6.7789831347e-09
-1.1666666667e+00 1.0606060606e-01 0.0000000000e+00 4.4473720326e-09 -6.7698428716e-09
-1.1363636364e+00 1.0606060606e-01 0.0000000000e+00 4.5653781050e-09 -6.7697440368e-09
-1.1060606061e+00 1.0606060606e-01 0.0000000000e+00 4.6898003343e-09 -6.7791693829e-09
-1.0757575758e+00 1.0606060606e-01 0.0000000000e+00 4.8211751580e-09 -6.7986553472e-09
-1.0454545455e+00 1.0606060606e-01 0.0000000000e+00 4.9601003531e-09 -6.8287997067e-09
-1.0151515152e+00 1.0606060606e-01 0.0000000000e+00 5.1072440347e-09 -6.8702705766e-09
-9.8484848485e-01 1.0606060606e-01 0.0000000000e+00 5.2633552817e-09 -6.9238170359e-09
-9.5454545455e-01 1.0606060606e-01 0.0000000000e+00 5.4292767431e-09 -6.9902817333e-09
-9.2424242424e-01 1.0606060606e-01 0.0000000000e+00 5.6059596654e-09 -7.0706159155e-09
-8.9393939394e-01 1.0606060606e-01 0.0000000000e+00 5.7944819034e-09 -7.1658974373e-09
-8.6363636364e-01 1.0606060606e-01 0.0000000000e+00 5.9960696234e-09 -7.2773524650e-09
-8.3333333333e-01 1.0606060606e-01 0.0000000000e+00 6.2121236113e-09 -7.4063817845e-09
-8.0303030303e-01 1.0606060606e-01 0.0000000000e+00 6.4442513623e-09 -7.5545928909e-09
-7.7272727273e-01 1.0606060606e-01 0.0000000000e+00 6.6943064854e-09 -7.7238393934e-09
-7.4242424242e-01 1.0606060606e-01 0.0000000000e+00 6.9644374365e-09 -7.9162697476e-09
-7.1212121212e-01 1.0606060606e-01 0.0000000000e+00 7.2571482518e-09 -8.1343879899e-09
-6.8181818182e-01 1.0606060606e-01 0.0000000000e+00 7.5753748648e-09 -8.3811300539e-09
-6.5151515152e-01 1.0606060606e-01 0.0000000000e+00 7.9225818631e-09 -8.6599605269e-09
-6.2121212121e-01 1.0606060606e-01 0.0000000000e+00 8.3028863539e-09 -8.9749965165e-09
-5.9090909091e-01 1.0606060606e-01 0.0000000000e+00 8.7212182224e-09 -9.3311679075e-09
-5.6060606061e-01 1.0606060606e-01 0.0000000000e+00 9.1835299071e-09 -9.7344271386e-09
-5.3030303030e-01 1.0606060606e-01 0.0000000000e+00 9.6970745818e-09 -1.0192027384e-08
-5.0000000000e-01 1.0606060606e-01 0.0000000000e+00 1.0270780488e-08 -1.0712896884e-08
-4.6969696970e-01 1.0606060606e-01 0.0000000000e+00 1.0915763161e-08 -1.1308151175e-08
-4.3939393939e-01 1.0606060606e-01 0.0000000000e+00 1.1646040167e-08 -1.1991807823e-08
-4.0909090909e-01 1.0606060606e-01 0.0000000000e+00 1.2479551808e-08 -1.2781807130e-08
-3.7878787879e-01 1.0606060606e-01 0.0000000000e+00 1.3439659906e-08 -1.3701510918e-08
-3.4848484848e-01 1.0606060606e-01 0.0000000000e+00 1.4557422457e-08 -1.4781977182e-08
-3.1818181818e-01 1.0606060606e-01 0.0000000000e+00 1.5875160811e-08 -1.6065527273e-08
-2.8787878788e-01 1.0606060606e-01 0.0000000000e+00 1.7451839464e-08 -1.7611125687e-08
-2.5757575758e-01 1.0606060606e-01 0.0000000000e+00 1.9364619236e-08 -1.9495933245e-08
-2.2727272727e-01 1.0606060606e-01 0.0000000000e+00 2.1563248704e-08 -2.1669698521e-08
-1.9696969697e-01 1.0606060606e-01 0.0000000000e+00 2.3559150911e-08 -2.3643844561e-08
-1.6666666667e-01 1.0606060606e-01 0.0000000000e+00 nan nan
-1.3636363636e-01 1.0606060606e-01 0.0000000000e+00 nan nan
-1.0606060606e-01 1.0606060606e-01 0.0000000000e+00 nan nan
-7.5757575758e-02 1.0606060606e-01 0.0000000000e+00 nan nan
-4.5454545455e-02 1.0606060606e-01 0.0000000000e+00 nan nan
-1.5151515152e-02 1.0606060606e-01 0.0000000000e+00 nan nan
1.5151515152e-02 1.0606060606e-01 0.0000000000e+00 nan nan
4.5454545455e-02 1.0606060606e-01 0.0000000000e+00 nan nan
7.5757575758e-02 1.0606060606e-01 0.0000000000e+00 nan nan
1.0606060606e-01 1.0606060606e-01 0.0000000000e+00 nan nan
1.3636363636e-01 1.0606060606e-01 0.0000000000e+00 nan nan
1.6666666667e-01 1.0606060606e-01 0.0000000000e+00 nan nan
1.9696969697e-01 1.0606060606e-01 0.0000000000e+00 2.3658563019e-08 -2.3743256670e-08
2.2727272727e-01 1.0606060606e-01 0.0000000000e+00 2.1732099818e-08 -2.1838549636e-08
2.5757575758e-01 1.0606060606e-01 0.0000000000e+00 1.9601073751e-08 -1.9732387759e-08
2.8787878788e-01 1.0606060606e-01 0.0000000000e+00 1.7583374854e-08 -1.7742661078e-08
3.1818181818e-01 1.0606060606e-01 0.0000000000e+00 1.5954508253e-08 -1.6144874716e-08
3.4848484848e-01 1.0606060606e-01 0.0000000000e+00 1.4607977155e-08 -1.4832531879e-08
3.7878787879e-01 1.0606060606e-01 0.0000000000e+00 1.3473092065e-08 -1.3734943076e-08
4.0909090909e-01 1.0606060606e-01 0.0000000000e+00 1.2502309485e-08 -1.2804564807e-08
4.3939393939e-01 1.0606060606e-01 0.0000000000e+00 1.1661915655e-08 -1.2007683311e-08
4.6969696970e-01 1.0606060606e-01 0.0000000000e+00 1.0927080811e-08 -1.1319468825e-08
5.0000000000e-01 1.0606060606e-01 0.0000000000e+00 1.0279009112e-08 -1.0721125508e-08
5.3030303030e-01 1.0606060606e-01 0.0000000000e+00 9.7031658405e-09 -1.0198118642e-08
5.6060606061e-01 1.0606060606e-01 0.0000000000e+00 9.1881140014e-09 -9.7390112329e-09
5.9090909091e-01 1.0606060606e-01 0.0000000000e+00 8.7247208119e-09 -9.3346704969e-09
6.2121212121e-01 1.0606060606e-01 0.0000000000e+00 8.3056002284e-09 -8.9777103909e-09
6.5151515152e-01 1.0606060606e-01 0.0000000000e+00 7.9247118538e-09 -8.6620905176e-09
6.8181818182e-01 1.0606060606e-01 0.0000000000e+00 7.5770665457e-09 -8.3828217348e-09
7.1212121212e-01 1.0606060606e-01 0.0000000000e+00 7.2585066168e-09 -8.1357463549e-09
7.4242424242e-01 1.0606060606e-01 0.0000000000e+00 6.9655392602e-09 -7.9173715713e-09
7.7272727273e-01 1.0606060606e-01 0.0000000000e+00 6.6952086343e-09 -7.7247415422e-09
8.0303030303e-01 1.0606060606e-01 0.0000000000e+00 6.4449964670e-09 -7.5553379957e-09
8.3333333333e-01 1.0606060606e-01 0.0000000000e+00 6.2127439928e-09 -7.4070021659e-09
8.6363636364e-01 1.0606060606e-01 0.0000000000e+00 5.9965900461e-09 -7.2778728877e-09
8.9393939394e-01 1.0606060606e-01 0.0000000000e+00 5.7949215311e-09 -7.1663370650e-09
9.2424242424e-01 1.0606060606e-01 0.0000000000e+00 5.6063334662e-09 -7.0709897163e-09
9.5454545455e-01 1.0606060606e-01 0.0000000000e+00 5.4295965110e-09 -6.9906015012e-09
9.8484848485e-01 1.0606060606e-01 0.0000000000e+00 5.2636303862e-09 -6.9240921403e-09
1.0151515152e+00 1.0606060606e-01 0.0000000000e+00 5.1074819770e-09 -6.8705085189e-09
1.0454545455e+00 1.0606060606e-01 0.0000000000e+00 4.9603071831e-09 -6.8290065367e-09
1.0757575758e+00 1.0606060606e-01 0.0000000000e+00 4.8213557885e-09 -6.7988359776e-09
1.1060606061e+00 1.0606060606e-01 0.0000000000e+00 4.6899587808e-09 -6.7793278294e-09
1.1363636364e+00 1.0606060606e-01 0.0000000000e+00 4.5655176702e-09 -6.7698836020e-09
1.1666666667e+00 1.0606060606e-01 0.0000000000e+00 4.4474954484e-09 -6.7699662875e-09
1.1969696970e+00 1.0606060606e-01 0.0000000000e+00 4.3354089037e-09 -6.7790926738e-09
1.2272727273e+00 1.0606060606e-01 0.0000000000e+00 4.2288220577e-09 -6.7968267827e-09
1.2575757576e+00 1.0606060606e-01 0.0000000000e+00 4.1273405402e-09 -6.8227742440e-09
1.2878787879e+00 1.0606060606e-01 0.0000000000e+00 4.0306067480e-09 -6.8565774544e-09
1.3181818182e+00 1.0606060606e-01 0.0000000000e+00 3.9382956633e-09 -6.8979113963e-09
1.3484848485e+00 1.0606060606e-01 0.0000000000e+00 3.8501112297e-09 -6.9464800132e-09
1.3787878788e+00 1.0606060606e-01 0.0000000000e+00 3.7657832011e-09 -7.0020130588e-09
1.4090909091e+00 1.0606060606e-01 0.0000000000e+00 3.6850643917e-09 -7.0642633476e-09
1.4393939394e+00 1.0606060606e-01 0.0000000000e+00 3.6077282717e-09 -7.1330043496e-09
1.4696969697e+00 1.0606060606e-01 0.0000000000e+00 3.5335668555e-09 -7.2080280793e-09
1.5000000000e+00 1.0606060606e-01 0.0000000000e+00 3.4623888448e-09 -7.2891432384e-09
-1.5000000000e+00 1.3636363636e-01 0.0000000000e+00 3.4567212401e-09 -7.2959077292e-09
-1.4696969697e+00 1.3636363636e-01 0.0000000000e+00 3.5275415142e-09 -7.2144348335e-09
-1.4393939394e+00 1.3636363636e-01 0.0000000000e+00 3.6013144438e-09 -7.1390226172e-09
-1.4090909091e+00 1.3636363636e-01 0.0000000000e+00 3.6782279506e-09 -7.0698590019e-09
-1.3787878788e+00 1.3636363636e-01 0.0000000000e+00 3.7584861881e-09 -7.0071481413e-09
-1.3484848485e+00 1.3636363636e-01 0.0000000000e+00 3.8423113264e-09 -6.9511122053e-09
-1.3181818182e+00 1.3636363636e-01 0.0000000000e+00 3.9299455752e-09 -6.9019934037e-09
-1.2878787879e+00 1.3636363636e-01 0.0000000000e+00 4.0216534863e-09 -6.8600562882e-09
-1.2575757576e+00 1.3636363636e-01 0.0000000000e+00 4.1177245777e-09 -6.8255903770e-09
-1.2272727273e+00 1.3636363636e-01 0.0000000000e+00 4.2184763360e-09 -6.7989131565e-09
-1.1969696970e+00 1.3636363636e-01 0.0000000000e+00 4.3242576593e-09 -6.7803735249e-09
-1.1666666667e+00 1.3636363636e-01 0.0000000000e+00 4.4354528197e-09 -6.7703557543e-09
-1.1363636364e+00 1.3636363636e-01 0.0000000000e+00 4.5524860367e-09 -6.7692840641e-09
-1.1060606061e+00 1.3636363636e-01 0.0000000000e+00 4.6758267753e-09 -6.7776279194e-09
-1.0757575758e+00 1.3636363636e-01 0.0000000000e+00 4.8059959039e-09 -6.7959081886e-09
-1.0454545455e+00 1.3636363636e-01 0.0000000000e+00 4.9435728797e-09 -6.8247043288e-09
-1.0151515152e+00 1.3636363636e-01 0.0000000000e+00 5.0892041643e-09 -6.8646628017e-09
-9.8484848485e-01 1.3636363636e-01 0.0000000000e+00 5.2436131211e-09 -6.9165069707e-09
-9.5454545455e-01 1.3636363636e-01 0.0000000000e+00 5.4076117063e-09 -6.9810487919e-09
-9.2424242424e-01 1.3636363636e-01 0.0000000000e+00 5.5821143383e-09 -7.0592026839e-09
-8.9393939394e-01 1.3636363636e-01 0.0000000000e+00 5.7681544326e-09 -7.1520020620e-09
-8.6363636364e-01 1.3636363636e-01 0.0000000000e+00 5.9669042104e-09 -7.2606191475e-09
-8.3333333333e-01 1.3636363636e-01 0.0000000000e+00 6.1796985551e-09 -7.3863888237e-09
-8.0303030303e-01 1.3636363636e-01 0.0000000000e+00 6.4080639035e-09 -7.5308375276e-09
-7.7272727273e-01 1.3636363636e-01 0.0000000000e+00 6.6537534388e-09 -7.6957184422e-09
-7.4242424242e-01 1.3636363636e-01 0.0000000000e+00 6.9187902250e-09 -7.8830546316e-09
-7.1212121212e-01 1.3636363636e-01 0.0000000000e+00 7.2055204233e-09 -8.0951922570e-09
-6.8181818182e-01 1.3636363636e-01 0.0000000000e+00 7.5166793999e-09 -8.3348666845e-09
-6.5151515152e-01 1.3636363636e-01 0.0000000000e+00 7.8554744559e-09 -8.6052852152e-09
-6.2121212121e-01 1.3636363636e-01 0.0000000000e+00 8.2256891679e-09 -8.9102314259e-09
-5.9090909091e-01 1.3636363636e-01 0.0000000000e+00 8.6318160834e-09 -9.2541978640e-09
-5.6060606061e-01 1.3636363636e-01 0.0000000000e+00 9.0792269789e-09 -9.6425563059e-09
-5.3030303030e-01 1.3636363636e-01 0.0000000000e+00 9.5743934001e-09 -1.0081778297e-08
-5.0000000000e-01 1.3636363636e-01 0.0000000000e+00 1.0125175263e-08 -1.0579723754e-08
-4.6969696970e-01 1.3636363636e-01 0.0000000000e+00 1.0741202680e-08 -1.1146022790e-08
-4.3939393939e-01 1.3636363636e-01 0.0000000000e+00 1.1434387084e-08 -1.1792586836e-08
-4.0909090909e-01 1.3636363636e-01 0.0000000000e+00 1.2219613757e-08 -1.2534301174e-08
-3.7878787879e-01 1.3636363636e-01 0.0000000000e+00 1.3115690839e-08 -1.3389973946e-08
-3.4848484848e-01 1.3636363636e-01 0.0000000000e+00 1.4146657471e-08 -1.4383644291e-08
-3.1818181818e-01 1.3636363636e-01 0.0000000000e+00 1.5343556807e-08 -1.5546355364e-08
-2.8787878788e-01 1.3636363636e-01 0.0000000000e+00 1.6746614843e-08 -1.6918333162e-08
-2.5757575758e-01 1.3636363636e-01 0.0000000000e+00 1.8407630505e-08 -1.8551376609e-08
-2.2727272727e-01 1.3636363636e-01 0.0000000000e+00 2.0395991930e-08 -2.0514873843e-08
-1.9696969697e-01 1.3636363636e-01 0.0000000000e+00 2.2403199243e-08 -2.2500324989e-08
-1.6666666667e-01 1.3636363636e-01 0.0000000000e+00 2.4139594034e-08 -2.4218071637e-08
-1.3636363636e-01 1.3636363636e-01 0.0000000000e+00 nan nan
-1.0606060606e-01 1.3636363636e-01 0.0000000000e+00 nan nan
-7.5757575758e-02 1.3636363636e-01 0.0000000000e+00 nan nan
-4.5454545455e-02 1.3636363636e-01 0.0000000000e+00 nan nan
-1.5151515152e-02 1.3636363636e-01 0.0000000000e+00 nan nan
1.5151515152e-02 1.3636363636e-01 0.0000000000e+00 nan nan
4.5454545455e-02 1.3636363636e-01 0.0000000000e+00 nan nan
7.5757575758e-02 1.3636363636e-01 0.0000000000e+00 nan nan
1.0606060606e-01 1.3636363636e-01 0.0000000000e+00 nan nan
1.3636363636e-01 1.3636363636e-01 0.0000000000e+00 nan nan
1.6666666667e-01 1.3636363636e-01 0.0000000000e+00 2.4132934057e-08 -2.4211411660e-08
1.9696969697e-01 1.3636363636e-01 0.0000000000e+00 2.2468419483e-08 -2.2565545229e-08
2.2727272727e-01 1.3636363636e-01 0.0000000000e+00 2.0563978964e-08 -2.0682860878e-08
2.5757575758e-01 1.3636363636e-01 0.0000000000e+00 1.8545031869e-08 -1.8688777973e-08
2.8787878788e-01 1.3636363636e-01 0.0000000000e+00 1.6837816252e-08 -1.7009534571e-08
3.1818181818e-01 1.3636363636e-01 0.0000000000e+00 1.5405439433e-08 -1.5608237991e-08
3.4848484848e-01 1.3636363636e-01 0.0000000000e+00 1.4189256375e-08 -1.4426243195e-08
3.7878787879e-01 1.3636363636e-01 0.0000000000e+00 1.3145452514e-08 -1.3419735621e-08
4.0909090909e-01 1.3636363636e-01 0.0000000000e+00 1.2240725253e-08 -1.2555412670e-08
4.3939393939e-01 1.3636363636e-01 0.0000000000e+00 1.1449591751e-08 -1.1807791502e-08
4.6969696970e-01 1.3636363636e-01 0.0000000000e+00 1.0752317797e-08 -1.1157137906e-08
5.0000000000e-01 1.3636363636e-01 0.0000000000e+00 1.0133419271e-08 -1.0587967763e-08
5.3030303030e-01 1.3636363636e-01 0.0000000000e+00 9.5805935832e-09 -1.0087978481e-08
5.6060606061e-01 1.3636363636e-01 0.0000000000e+00 9.0839522937e-09 -9.6472816206e-09
5.9090909091e-01 1.3636363636e-01 0.0000000000e+00 8.6354629146e-09 -9.2578446952e-09
6.2121212121e-01 1.3636363636e-01 0.0000000000e+00 8.2285372370e-09 -8.9130794950e-09
6.5151515152e-01 1.3636363636e-01 0.0000000000e+00 7.8577236587e-09 -8.6075344180e-09
6.8181818182e-01 1.3636363636e-01 0.0000000000e+00 7.5184743476e-09 -8.3366616321e-09
7.1212121212e-01 1.3636363636e-01 0.0000000000e+00 7.2069669769e-09 -8.0966388105e-09
7.4242424242e-01 1.3636363636e-01 0.0000000000e+00 6.9199667639e-09 -7.8842311705e-09
7.7272727273e-01 1.3636363636e-01 0.0000000000e+00 6.6547186287e-09 -7.6966836321e-09
8.0303030303e-01 1.3636363636e-01 0.0000000000e+00 6.4088621117e-09 -7.5316357358e-09
8.3333333333e-01 1.3636363636e-01 0.0000000000e+00 6.1803636672e-09 -7.3870539359e-09
8.6363636364e-01 1.3636363636e-01 0.0000000000e+00 5.9674623502e-09 -7.2611772873e-09
8.9393939394e-01 1.3636363636e-01 0.0000000000e+00 5.7686259195e-09 -7.1524735489e-09
9.2424242424e-01 1.3636363636e-01 0.0000000000e+00 5.5825151106e-09 -7.0596034562e-09
9.5454545455e-01 1.3636363636e-01 0.0000000000e+00 5.4079543663e-09 -6.9813914519e-09
9.8484848485e-01 1.3636363636e-01 0.0000000000e+00 5.2439077090e-09 -6.9168015586e-09
1.0151515152e+00 1.3636363636e-01 0.0000000000e+00 5.0894587369e-09 -6.8649173743e-09
1.0454545455e+00 1.3636363636e-01 0.0000000000e+00 4.9437939466e-09 -6.8249253957e-09
1.0757575758e+00 1.3636363636e-01 0.0000000000e+00 4.8061887585e-09 -6.7961010432e-09
1.1060606061e+00 1.3636363636e-01 0.0000000000e+00 4.6759957489e-09 -6.7777968930e-09
1.1363636364e+00 1.3636363636e-01 0.0000000000e+00 4.5526346942e-09 -6.7694327216e-09
1.1666666667e+00 1.3636363636e-01 0.0000000000e+00 4.4355841113e-09 -6.7704870458e-09
1.1969696970e+00 1.3636363636e-01 0.0000000000e+00 4.3243740397e-09 -6.7804899053e-09
1.2272727273e+00 1.3636363636e-01 0.0000000000e+00 4.2185798578e-09 -6.7990166783e-09
1.2575757576e+00 1.3636363636e-01 0.0000000000e+00 4.1178169658e-09 -6.8256827651e-09
1.2878787879e+00 1.3636363636e-01 0.0000000000e+00 4.0217361965e-09 -6.8601389984e-09
1.3181818182e+00 1.3636363636e-01 0.0000000000e+00 3.9300198419e-09 -6.9020676704e-09
1.3484848485e+00 1.3636363636e-01 0.0000000000e+00 3.8423782005e-09 -6.9511790794e-09
1.3787878788e+00 1.3636363636e-01 0.0000000000e+00 3.7585465681e-09 -7.0072085213e-09
1.4090909091e+00 1.3636363636e-01 0.0000000000e+00 3.6782826071e-09 -7.0699136584e-09
1.4393939394e+00 1.3636363636e-01 0.0000000000e+00 3.6013640407e-09 -7.1390722141e-09
1.4696969697e+00 1.3636363636e-01 0.0000000000e+00 3.5275866251e-09 -7.2144799444e-09
1.5000000000e+00 1.3636363636e-01 0.0000000000e+00 3.4567623626e-09 -7.2959488517e-09
-1.5000000000e+00 1.6666666667e-01 0.0000000000e+00 3.4497246545e-09 -7.3044512629e-09
-1.4696969697e+00 1.6666666667e-01 0.0000000000e+00 3.5201066184e-09 -7.2225400571e-09
-1.4393939394e+00 1.6666666667e-01 0.0000000000e+00 3.5934039271e-09 -7.1466522198e-09
-1.4090909091e+00 1.6666666667e-01 0.0000000000e+00 3.6698004549e-09 -7.0769716256e-09
-1.3787878788e+00 1.6666666667e-01 0.0000000000e+00 3.7494957712e-09 -7.0136978437e-09
-1.3484848485e+00 1.6666666667e-01 0.0000000000e+00 3.8327068395e-09 -6.9570478377e-09
-1.3181818182e+00 1.6666666667e-01 0.0000000000e+00 3.9196699409e-09 -6.9072578888e-09
-1.2878787879e+00 1.6666666667e-01 0.0000000000e+00 4.0106428564e-09 -6.8645857778e-09
-1.2575757576e+00 1.6666666667e-01 0.0000000000e+00 4.1059073491e-09 -6.8293132678e-09
-1.2272727273e+00 1.6666666667e-01 0.0000000000e+00 4.2057719954e-09 -6.8017489353e-09
-1.1969696970e+00 1.6666666667e-01 0.0000000000e+00 4.3105754238e-09 -6.7822314088e-09
-1.1666666667e+00 1.6666666667e-01 0.0000000000e+00 4.4206900288e-09 -6.7711330827e-09
-1.1363636364e+00 1.6666666667e-01 0.0000000000e+00 4.5365262447e-09 -6.7688643914e-09
-1.1060606061e+00 1.6666666667e-01 0.0000000000e+00 4.6585374773e-09 -6.7758787408e-09
-1.0757575758e+00 1.6666666667e-01 0.0000000000e+00 4.7872258143e-09 -6.7926782183e-09
-1.0454545455e+00 1.6666666667e-01 0.0000000000e+00 4.9231486587e-09 -6.8198202271e-09
-1.0151515152e+00 1.6666666667e-01 0.0000000000e+00 5.0669264626e-09 -6.8579252194e-09
-9.8484848485e-01 1.6666666667e-01 0.0000000000e+00 5.2192517764e-09 -6.9076857454e-09
-9.5454545455e-01 1.6666666667e-01 0.0000000000e+00 5.3808998763e-09 -6.9698770813e-09
-9.2424242424e-01 1.6666666667e-01 0.0000000000e+00 5.5527412974e-09 -7.0453697624e-09
-8.9393939394e-01 1.6666666667e-01 0.0000000000e+00 5.7357566723e-09 -7.1351444211e-09
-8.6363636364e-01 1.6666666667e-01 0.0000000000e+00 5.9310543755e-09 -7.2403094319e-09
-8.3333333333e-01 1.6666666667e-01 0.0000000000e+00 6.1398915976e-09 -7.3621219857e-09
-8.0303030303e-01 1.6666666667e-01 0.0000000000e+00 6.3636996318e-09 -7.5020133753e-09
-7.7272727273e-01 1.6666666667e-01 0.0000000000e+00 6.6041143572e-09 -7.6616194799e-09
-7.4242424242e-01 1.6666666667e-01 0.0000000000e+00 6.8630131697e-09 -7.8428176956e-09
-7.1212121212e-01 1.6666666667e-01 0.0000000000e+00 7.1425599487e-09 -8.0477719016e-09
-6.8181818182e-01 1.6666666667e-01 0.0000000000e+00 7.4452600883e-09 -8.2789874923e-09
-6.5151515152e-01 1.6666666667e-01 0.0000000000e+00 7.7740282007e-09 -8.5393790794e-09
-6.2121212121e-01 1.6666666667e-01 0.0000000000e+00 8.1322718420e-09 -8.8323542194e-09
-5.9090909091e-01 1.6666666667e-01 0.0000000000e+00 8.5239955924e-09 -9.1619174923e-09
-5.6060606061e-01 1.6666666667e-01 0.0000000000e+00 8.9539310819e-09 -9.5328005282e-09
-5.3030303030e-01 1.6666666667e-01 0.0000000000e+00 9.4277001831e-09 -9.9506251998e-09
-5.0000000000e-01 1.6666666667e-01 0.0000000000e+00 9.9520206462e-09 -1.0422109257e-08
-4.6969696970e-01 1.6666666667e-01 0.0000000000e+00 1.0534965955e-08 -1.0955326184e-08
-4.3939393939e-01 1.6666666667e-01 0.0000000000e+00 1.1186294025e-08 -1.1560033896e-08
-4.0909090909e-01 1.6666666667e-01 0.0000000000e+00 1.1917862048e-08 -1.2248089584e-08
-3.7878787879e-01 1.6666666667e-01 0.0000000000e+00 1.2744145962e-08 -1.3033969188e-08
-3.4848484848e-01 1.6666666667e-01 0.0000000000e+00 1.3682879922e-08 -1.3935406862e-08
-3.1818181818e-01 1.6666666667e-01 0.0000000000e+00 1.4755823091e-08 -1.4974161768e-08
-2.8787878788e-01 1.6666666667e-01 0.0000000000e+00 1.5989694631e-08 -1.6176953069e-08
-2.5757575758e-01 1.6666666667e-01 0.0000000000e+00 1.7417708898e-08 -1.7576995122e-08
-2.2727272727e-01 1.6666666667e-01 0.0000000000e+00 1.9084266915e-08 -1.9218688948e-08
-1.9696969697e-01 1.6666666667e-01 0.0000000000e+00 2.1009218748e-08 -2.1121884614e-08
-1.6666666667e-01 1.6666666667e-01 0.0000000000e+00 2.2734719864e-08 -2.2828737586e-08
-1.3636363636e-01 1.6666666667e-01 0.0000000000e+00 2.4166193081e-08 -2.4244670684e-08
-1.0606060606e-01 1.6666666667e-01 0.0000000000e+00 nan nan
-7.5757575758e-02 1.6666666667e-01 0.0000000000e+00 nan nan
-4.5454545455e-02 1.6666666667e-01 0.0000000000e+00 nan nan
-1.5151515152e-02 1.6666666667e-01 0.0000000000e+00 nan nan
1.5151515152e-02 1.6666666667e-01 0.0000000000e+00 nan nan
4.5454545455e-02 1.6666666667e-01 0.0000000000e+00 nan nan
7.5757575758e-02 1.6666666667e-01 0.0000000000e+00 nan nan
1.0606060606e-01 1.6666666667e-01 0.0000000000e+00 nan nan
1.3636363636e-01 1.6666666667e-01 0.0000000000e+00 2.4026388939e-08 -2.4104866542e-08
1.6666666667e-01 1.6666666667e-01 0.0000000000e+00 2.2629370104e-08 -2.2723387827e-08
1.9696969697e-01 1.6666666667e-01 0.0000000000e+00 2.0993740384e-08 -2.1106406249e-08
2.2727272727e-01 1.6666666667e-01 0.0000000000e+00 1.9158352500e-08 -1.9292774532e-08
2.5757575758e-01 1.6666666667e-01 0.0000000000e+00 1.7479600351e-08 -1.7638886574e-08
2.8787878788e-01 1.6666666667e-01 0.0000000000e+00 1.6040545334e-08 -1.6227803773e-08
3.1818181818e-01 1.6666666667e-01 0.0000000000e+00 1.4795806884e-08 -1.5014145561e-08
3.4848484848e-01 1.6666666667e-01 0.0000000000e+00 1.3713423422e-08 -1.3965950362e-08
3.7878787879e-01 1.6666666667e-01 0.0000000000e+00 1.2767168942e-08 -1.3056992169e-08
4.0909090909e-01 1.6666666667e-01 0.0000000000e+00 1.1935156752e-08 -1.2265384289e-08
4.3939393939e-01 1.6666666667e-01 0.0000000000e+00 1.1199316246e-08 -1.1573056117e-08
4.6969696970e-01 1.6666666667e-01 0.0000000000e+00 1.0544827022e-08 -1.0965187251e-08
5.0000000000e-01 1.6666666667e-01 0.0000000000e+00 9.9595447120e-09 -1.0429633323e-08
5.3030303030e-01 1.6666666667e-01 0.0000000000e+00 9.4334907056e-09 -9.9564157223e-09
5.6060606061e-01 1.6666666667e-01 0.0000000000e+00 8.9584281739e-09 -9.5372976203e-09
5.9090909091e-01 1.6666666667e-01 0.0000000000e+00 8.5275205847e-09 -9.1654424846e-09
6.2121212121e-01 1.6666666667e-01 0.0000000000e+00 8.1350603077e-09 -8.8351426851e-09
6.5151515152e-01 1.6666666667e-01 0.0000000000e+00 7.7762538737e-09 -8.5416047524e-09
6.8181818182e-01 1.6666666667e-01 0.0000000000e+00 7.4470520034e-09 -8.2807794073e-09
7.1212121212e-01 1.6666666667e-01 0.0000000000e+00 7.1440146807e-09 -8.0492266337e-09
7.4242424242e-01 1.6666666667e-01 0.0000000000e+00 6.8642035795e-09 -7.8440081054e-09
7.7272727273e-01 1.6666666667e-01 0.0000000000e+00 6.6050958613e-09 -7.6626009841e-09
8.0303030303e-01 1.6666666667e-01 0.0000000000e+00 6.3645147203e-09 -7.5028284637e-09
8.3333333333e-01 1.6666666667e-01 0.0000000000e+00 6.1405731083e-09 -7.3628034963e-09
8.6363636364e-01 1.6666666667e-01 0.0000000000e+00 5.9316278837e-09 -7.2408829402e-09
8.9393939394e-01 1.6666666667e-01 0.0000000000e+00 5.7362422473e-09 -7.1356299961e-09
9.2424242424e-01 1.6666666667e-01 0.0000000000e+00 5.5531548022e-09 -7.0457832672e-09
9.5454545455e-01 1.6666666667e-01 0.0000000000e+00 5.3812539368e-09 -6.9702311418e-09
9.8484848485e-01 1.6666666667e-01 0.0000000000e+00 5.2195565099e-09 -6.9079904789e-09
1.0151515152e+00 1.6666666667e-01 0.0000000000e+00 5.0671900285e-09 -6.8581887853e-09
1.0454545455e+00 1.6666666667e-01 0.0000000000e+00 4.9233776778e-09 -6.8200492463e-09
1.0757575758e+00 1.6666666667e-01 0.0000000000e+00 4.7874256913e-09 -6.7928780953e-09
1.1060606061e+00 1.6666666667e-01 0.0000000000e+00 4.6587126487e-09 -6.7760539121e-09
1.1363636364e+00 1.6666666667e-01 0.0000000000e+00 4.5366803722e-09 -6.7690185189e-09
1.1666666667e+00 1.6666666667e-01 0.0000000000e+00 4.4208261503e-09 -6.7712692042e-09
1.1969696970e+00 1.6666666667e-01 0.0000000000e+00 4.3106960722e-09 -6.7823520572e-09
1.2272727273e+00 1.6666666667e-01 0.0000000000e+00 4.2058792926e-09 -6.8018562325e-09
1.2575757576e+00 1.6666666667e-01 0.0000000000e+00 4.1060030806e-09 -6.8294089993e-09
1.2878787879e+00 1.6666666667e-01 0.0000000000e+00 4.0107285316e-09 -6.8646714529e-09
1.3181818182e+00 1.6666666667e-01 0.0000000000e+00 3.9197468407e-09 -6.9073347885e-09
1.3484848485e+00 1.6666666667e-01 0.0000000000e+00 3.8327760553e-09 -6.9571170536e-09
1.3787878788e+00 1.6666666667e-01 0.0000000000e+00 3.7495582369e-09 -7.0137603095e-09
1.4090909091e+00 1.6666666667e-01 0.0000000000e+00 3.6698569722e-09 -7.0770281429e-09
1.4393939394e+00 1.6666666667e-01 0.0000000000e+00 3.5934551866e-09 -7.1467034793e-09
1.4696969697e+00 1.6666666667e-01 0.0000000000e+00 3.5201532173e-09 -7.2225866559e-09
1.5000000000e+00 1.6666666667e-01 0.0000000000e+00 3.4497671106e-09 -7.3044937190e-09
-1.5000000000e+00 1.9696969697e-01 0.0000000000e+00 3.4413849828e-09 -7.3147597345e-09
-1.4696969697e+00 1.9696969697e-01 0.0000000000e+00 3.5112469674e-09 -7.2323285493e-09
-1.4393939394e+00 1.9696969697e-01 0.0000000000e+00 3.5839803052e-09 -7.1558767412e-09
-1.4090909091e+00 1.9696969697e-01 0.0000000000e+00 3.6597641355e-09 -7.0855834495e-09
-1.3787878788e+00 1.9696969697e-01 0.0000000000e+00 3.7387926698e-09 -7.0216428856e-09
-1.3484848485e+00 1.9696969697e-01 0.0000000000e+00 3.8212767939e-09 -6.9642659354e-09
-1.3181818182e+00 1.9696969697e-01 0.0000000000e+00 3.9074458763e-09 -6.9136819674e-09
-1.2878787879e+00 1.9696969697e-01 0.0000000000e+00 3.9975498143e-09 -6.8701408788e-09
-1.2575757576e+00 1.9696969697e-01 0.0000000000e+00 4.0918613541e-09 -6.8339154160e-09
-1.2272727273e+00 1.9696969697e-01 0.0000000000e+00 4.1906787284e-09 -6.8053038116e-09
-1.1969696970e+00 1.9696969697e-01 0.0000000000e+00 4.2943286626e-09 -6.7846327908e-09
-1.1666666667e+00 1.9696969697e-01 0.0000000000e+00 4.4031698091e-09 -6.7722610063e-09
-1.1363636364e+00 1.9696969697e-01 0.0000000000e+00 4.5175966835e-09 -6.7685829735e-09
-1.1060606061e+00 1.9696969697e-01 0.0000000000e+00 4.6380441851e-09 -6.7740335918e-09
-1.0757575758e+00 1.9696969697e-01 0.0000000000e+00 4.7649928066e-09 -6.7890933539e-09
-1.0454545455e+00 1.9696969697e-01 0.0000000000e+00 4.8989746540e-09 -6.8142943657e-09
-1.0151515152e+00 1.9696969697e-01 0.0000000000e+00 5.0405804238e-09 -6.8502273238e-09
-9.8484848485e-01 1.9696969697e-01 0.0000000000e+00 5.1904675154e-09 -6.8975496276e-09
-9.5454545455e-01 1.9696969697e-01 0.0000000000e+00 5.3493694934e-09 -6.9569948416e-09
-9.2424242424e-01 1.9696969697e-01 0.0000000000e+00 5.5181071595e-09 -7.0293837677e-09
-8.9393939394e-01 1.9696969697e-01 0.0000000000e+00 5.6976015524e-09 -7.1156374444e-09
-8.6363636364e-01 1.9696969697e-01 0.0000000000e+00 5.8888892598e-09 -7.2167924596e-09
-8.3333333333e-01 1.9696969697e-01 0.0000000000e+00 6.0931405175e-09 -7.3340190488e-09
-8.0303030303e-01 1.9696969697e-01 0.0000000000e+00 6.3116806716e-09 -7.4686425583e-09
-7.7272727273e-01 1.9696969697e-01 0.0000000000e+00 6.5460157150e-09 -7.6221689810e-09
-7.4242424242e-01 1.9696969697e-01 0.0000000000e+00 6.7978627666e-09 -7.7963154358e-09
-7.1212121212e-01 1.9696969697e-01 0.0000000000e+00 7.0691865579e-09 -7.9930466541e-09
-6.8181818182e-01 1.9696969697e-01 0.0000000000e+00 7.3622432284e-09 -8.2146187755e-09
-6.5151515152e-01 1.9696969697e-01 0.0000000000e+00 7.6796330096e-09 -8.4636320315e-09
-6.2121212121e-01 1.9696969697e-01 0.0000000000e+00 8.0243636954e-09 -8.7430942160e-09
-5.9090909091e-01 1.9696969697e-01 0.0000000000e+00 8.3999271485e-09 -9.0564971916e-09
-5.6060606061e-01 1.9696969697e-01 0.0000000000e+00 8.8103914300e-09 -9.4079090196e-09
-5.3030303030e-01 1.9696969697e-01 0.0000000000e+00 9.2605114011e-09 -9.8020845610e-09
-5.0000000000e-01 1.9696969697e-01 0.0000000000e+00 9.7558606615e-09 -1.0244597416e-08
-4.6969696970e-01 1.9696969697e-01 0.0000000000e+00 1.0302987193e-08 -1.0741995565e-08
-4.3939393939e-01 1.9696969697e-01 0.0000000000e+00 1.0909593562e-08 -1.1301981576e-08
-4.0909090909e-01 1.9696969697e-01 0.0000000000e+00 1.1584739312e-08 -1.1933614992e-08
-3.7878787879e-01 1.9696969697e-01 0.0000000000e+00 1.2339057735e-08 -1.2647529104e-08
-3.4848484848e-01 1.9696969697e-01 0.0000000000e+00 1.3184973820e-08 -1.3456148903e-08
-3.1818181818e-01 1.9696969697e-01 0.0000000000e+00 1.4136921741e-08 -1.4373908561e-08
-2.8787878788e-01 1.9696969697e-01 0.0000000000e+00 1.5211667951e-08 -1.5417574532e-08
-2.5757575758e-01 1.9696969697e-01 0.0000000000e+00 1.6429382674e-08 -1.6607317041e-08
-2.2727272727e-01 1.9696969697e-01 0.0000000000e+00 1.7818578833e-08 -1.7971649009e-08
-1.9696969697e-01 1.9696969697e-01 0.0000000000e+00 1.9437961482e-08 -1.9569275490e-08
-1.6666666667e-01 1.9696969697e-01 0.0000000000e+00 2.1107442505e-08 -2.1220108370e-08
-1.3636363636e-01 1.9696969697e-01 0.0000000000e+00 2.2492119932e-08 -2.2589245678e-08
-1.0606060606e-01 1.9696969697e-01 0.0000000000e+00 2.3599541061e-08 -2.3684234712e-08
-7.5757575758e-02 1.9696969697e-01 0.0000000000e+00 nan nan
-4.5454545455e-02 1.9696969697e-01 0.0000000000e+00 nan nan
-1.5151515152e-02 1.9696969697e-01 0.0000000000e+00 nan nan
1.5151515152e-02 1.9696969697e-01 0.0000000000e+00 nan nan
4.5454545455e-02 1.9696969697e-01 0.0000000000e+00 nan nan
7.5757575758e-02 1.9696969697e-01 0.0000000000e+00 nan nan
1.0606060606e-01 1.9696969697e-01 0.0000000000e+00 2.3349392972e-08 -2.3434086622e-08
1.3636363636e-01 1.9696969697e-01 0.0000000000e+00 2.2216525207e-08 -2.2313650953e-08
1.6666666667e-01 1.9696969697e-01 0.0000000000e+00 2.0836825781e-08 -2.0949491647e-08
1.9696969697e-01 1.9696969697e-01 0.0000000000e+00 1.9272551457e-08 -1.9403865465e-08
2.2727272727e-01 1.9696969697e-01 0.0000000000e+00 1.7781260224e-08 -1.7934330400e-08
2.5757575758e-01 1.9696969697e-01 0.0000000000e+00 1.6432959199e-08 -1.6610893566e-08
2.8787878788e-01 1.9696969697e-01 0.0000000000e+00 1.5228213474e-08 -1.5434120055e-08
3.1818181818e-01 1.9696969697e-01 0.0000000000e+00 1.4156075699e-08 -1.4393062519e-08
3.4848484848e-01 1.9696969697e-01 0.0000000000e+00 1.3202764829e-08 -1.3473939911e-08
3.7878787879e-01 1.9696969697e-01 0.0000000000e+00 1.2354221824e-08 -1.2662693194e-08
4.0909090909e-01 1.9696969697e-01 0.0000000000e+00 1.1597150761e-08 -1.1946026441e-08
4.3939393939e-01 1.9696969697e-01 0.0000000000e+00 1.0919552860e-08 -1.1311940874e-08
4.6969696970e-01 1.9696969697e-01 0.0000000000e+00 1.0310908327e-08 -1.0749916699e-08
5.0000000000e-01 1.9696969697e-01 0.0000000000e+00 9.7621443415e-09 -1.0250881096e-08
5.3030303030e-01 1.9696969697e-01 0.0000000000e+00 9.2655017811e-09 -9.8070749410e-09
5.6060606061e-01 1.9696969697e-01 0.0000000000e+00 8.8143682825e-09 -9.4118858721e-09
5.9090909091e-01 1.9696969697e-01 0.0000000000e+00 8.4031116340e-09 -9.0596816772e-09
6.2121212121e-01 1.9696969697e-01 0.0000000000e+00 8.0269281523e-09 -8.7456586729e-09
6.5151515152e-01 1.9696969697e-01 0.0000000000e+00 7.6817108402e-09 -8.4657098622e-09
6.8181818182e-01 1.9696969697e-01 0.0000000000e+00 7.3639374868e-09 -8.2163130339e-09
7.1212121212e-01 1.9696969697e-01 0.0000000000e+00 7.0705769232e-09 -7.9944370194e-09
7.4242424242e-01 1.9696969697e-01 0.0000000000e+00 6.7990110141e-09 -7.7974636832e-09
7.7272727273e-01 1.9696969697e-01 0.0000000000e+00 6.5469699278e-09 -7.6231231938e-09
8.0303030303e-01 1.9696969697e-01 0.0000000000e+00 6.3124784523e-09 -7.4694403390e-09
8.3333333333e-01 1.9696969697e-01 0.0000000000e+00 6.0938114259e-09 -7.3346899571e-09
8.6363636364e-01 1.9696969697e-01 0.0000000000e+00 5.8894566599e-09 -7.2173598596e-09
8.9393939394e-01 1.9696969697e-01 0.0000000000e+00 5.6980840149e-09 -7.1161199069e-09
9.2424242424e-01 1.9696969697e-01 0.0000000000e+00 5.5185195289e-09 -7.0297961371e-09
9.5454545455e-01 1.9696969697e-01 0.0000000000e+00 5.3497237021e-09 -6.9573490504e-09
9.8484848485e-01 1.9696969697e-01 0.0000000000e+00 5.1907732085e-09 -6.8978553208e-09
1.0151515152e+00 1.9696969697e-01 0.0000000000e+00 5.0408454396e-09 -6.8504923396e-09
1.0454545455e+00 1.9696969697e-01 0.0000000000e+00 4.8992053964e-09 -6.8145251081e-09
1.0757575758e+00 1.9696969697e-01 0.0000000000e+00 4.7651945344e-09 -6.7892950817e-09
1.1060606061e+00 1.9696969697e-01 0.0000000000e+00 4.6382212385e-09 -6.7742106452e-09
1.1363636364e+00 1.9696969697e-01 0.0000000000e+00 4.5177526620e-09 -6.7687389519e-09
1.1666666667e+00 1.9696969697e-01 0.0000000000e+00 4.4033077114e-09 -6.7723989086e-09
1.1969696970e+00 1.9696969697e-01 0.0000000000e+00 4.2944509985e-09 -6.7847551267e-09
1.2272727273e+00 1.9696969697e-01 0.0000000000e+00 4.1907876077e-09 -6.8054126908e-09
1.2575757576e+00 1.9696969697e-01 0.0000000000e+00 4.0919585574e-09 -6.8340126193e-09
1.2878787879e+00 1.9696969697e-01 0.0000000000e+00 3.9976368508e-09 -6.8702279153e-09
1.3181818182e+00 1.9696969697e-01 0.0000000000e+00 3.9075240299e-09 -6.9137601210e-09
1.3484848485e+00 1.9696969697e-01 0.0000000000e+00 3.8213471612e-09 -6.9643363027e-09
1.3787878788e+00 1.9696969697e-01 0.0000000000e+00 3.7388561906e-09 -7.0217064064e-09
1.4090909091e+00 1.9696969697e-01 0.0000000000e+00 3.6598216179e-09 -7.0856409319e-09
1.4393939394e+00 1.9696969697e-01 0.0000000000e+00 3.5840324467e-09 -7.1559288826e-09
1.4696969697e+00 1.9696969697e-01 0.0000000000e+00 3.5112943717e-09 -7.2323759535e-09
1.5000000000e+00 1.9696969697e-01 0.0000000000e+00 3.4414281742e-09 -7.3148029259e-09
-1.5000000000e+00 2.2727272727e-01 0.0000000000e+00 3.4317317750e-09 -7.3268626938e-09
-1.4696969697e+00 2.2727272727e-01 0.0000000000e+00 3.5009952119e-09 -7.2438329609e-09
-1.4393939394e+00 2.2727272727e-01 0.0000000000e+00 3.5730797271e-09 -7.1667323302e-09
-1.4090909091e+00 2.2727272727e-01 0.0000000000e+00 3.6481590968e-09 -7.0957345779e-09
-1.3787878788e+00 2.2727272727e-01 0.0000000000e+00 3.7264214720e-09 -7.0310278549e-09
-1.3484848485e+00 2.2727272727e-01 0.0000000000e+00 3.8080708730e-09 -6.9728161816e-09
-1.3181818182e+00 2.2727272727e-01 0.0000000000e+00 3.8933288711e-09 -6.9213211294e-09
-1.2878787879e+00 2.2727272727e-01 0.0000000000e+00 3.9824364849e-09 -6.8767837166e-09
-1.2575757576e+00 2.2727272727e-01 0.0000000000e+00 4.0756563223e-09 -6.8394665513e-09
-1.2272727273e+00 2.2727272727e-01 0.0000000000e+00 4.1732750062e-09 -6.8096562564e-09
-1.1969696970e+00 2.2727272727e-01 0.0000000000e+00 4.2756059275e-09 -6.7876662229e-09
-1.1666666667e+00 2.2727272727e-01 0.0000000000e+00 4.3829923763e-09 -6.7738397405e-09
-1.1363636364e+00 2.2727272727e-01 0.0000000000e+00 4.4958111104e-09 -6.7685535675e-09
-1.1060606061e+00 2.2727272727e-01 0.0000000000e+00 4.6144764346e-09 -6.7722220084e-09
-1.0757575758e+00 2.2727272727e-01 0.0000000000e+00 4.7394448720e-09 -6.7853015863e-09
-1.0454545455e+00 2.2727272727e-01 0.0000000000e+00 4.8712205275e-09 -6.8082964063e-09
-1.0151515152e+00 2.2727272727e-01 0.0000000000e+00 5.0103612611e-09 -6.8417643283e-09
-9.8484848485e-01 2.2727272727e-01 0.0000000000e+00 5.1574858099e-09 -6.8863240892e-09
-9.5454545455e-01 2.2727272727e-01 0.0000000000e+00 5.3132820238e-09 -6.9426635392e-09
-9.2424242424e-01 2.2727272727e-01 0.0000000000e+00 5.4785164130e-09 -7.0115491884e-09
-8.9393939394e-01 2.2727272727e-01 0.0000000000e+00 5.6540452396e-09 -7.0938372987e-09
-8.6363636364e-01 2.2727272727e-01 0.0000000000e+00 5.8408274305e-09 -7.1904867973e-09
-8.3333333333e-01 2.2727272727e-01 0.0000000000e+00 6.0399396411e-09 -7.3025743395e-09
-8.0303030303e-01 2.2727272727e-01 0.0000000000e+00 6.2525938556e-09 -7.4313119094e-09
-7.7272727273e-01 2.2727272727e-01 0.0000000000e+00 6.4801579782e-09 -7.5780674113e-09
-7.4242424242e-01 2.2727272727e-01 0.0000000000e+00 6.7241799404e-09 -7.7443887767e-09
-7.1212121212e-01 2.2727272727e-01 0.0000000000e+00 6.9864159259e-09 -7.9320321892e-09
-6.8181818182e-01 2.2727272727e-01 0.0000000000e+00 7.2688633809e-09 -8.1429950952e-09
-6.5151515152e-01 2.2727272727e-01 0.0000000000e+00 7.5737995273e-09 -8.3795547164e-09
-6.2121212121e-01 2.2727272727e-01 0.0000000000e+00 7.9038260906e-09 -8.6443127783e-09
-5.9090909091e-01 2.2727272727e-01 0.0000000000e+00 8.2619208570e-09 -8.9402470673e-09
-5.6060606061e-01 2.2727272727e-01 0.0000000000e+00 8.6514963930e-09 -9.2707701497e-09
-5.3030303030e-01 2.2727272727e-01 0.0000000000e+00 9.0764656603e-09 -9.6397949873e-09
-5.0000000000e-01 2.2727272727e-01 0.0000000000e+00 9.5413131314e-09 -1.0051806053e-08
-4.6969696970e-01 2.2727272727e-01 0.0000000000e+00 1.0051168009e-08 -1.0511932548e-08
-4.3939393939e-01 2.2727272727e-01 0.0000000000e+00 1.0611872841e-08 -1.1026017022e-08
-4.0909090909e-01 2.2727272727e-01 0.0000000000e+00 1.1230035768e-08 -1.1600667615e-08
-3.7878787879e-01 2.2727272727e-01 0.0000000000e+00 1.1913048050e-08 -1.2243275587e-08
-3.4848484848e-01 2.2727272727e-01 0.0000000000e+00 1.2669043375e-08 -1.2961974625e-08
-3.1818181818e-01 2.2727272727e-01 0.0000000000e+00 1.3506783867e-08 -1.3765526854e-08
-2.8787878788e-01 2.2727272727e-01 0.0000000000e+00 1.4435516056e-08 -1.4663178805e-08
-2.5757575758e-01 2.2727272727e-01 0.0000000000e+00 1.5465032135e-08 -1.5664722669e-08
-2.2727272727e-01 2.2727272727e-01 0.0000000000e+00 1.6606546005e-08 -1.6781372348e-08
-1.9696969697e-01 2.2727272727e-01 0.0000000000e+00 1.7874683009e-08 -1.8027753185e-08
-1.6666666667e-01 2.2727272727e-01 0.0000000000e+00 1.9275931295e-08 -1.9410353328e-08
-1.3636363636e-01 2.2727272727e-01 0.0000000000e+00 2.0572247303e-08 -2.0691129217e-08
-1.0606060606e-01 2.2727272727e-01 0.0000000000e+00 2.1638818355e-08 -2.1745268173e-08
-7.5757575758e-02 2.2727272727e-01 0.0000000000e+00 2.2419217055e-08 -2.2516342801e-08
-4.5454545455e-02 2.2727272727e-01 0.0000000000e+00 2.2903415441e-08 -2.2994325139e-08
-1.5151515152e-02 2.2727272727e-01 0.0000000000e+00 2.3103495736e-08 -2.3191297411e-08
1.5151515152e-02 2.2727272727e-01 0.0000000000e+00 2.3034929135e-08 -2.3122730810e-08
4.5454545455e-02 2.2727272727e-01 0.0000000000e+00 2.2704738501e-08 -2.2795648200e-08
7.5757575758e-02 2.2727272727e-01 0.0000000000e+00 2.2115616059e-08 -2.2212741805e-08
1.0606060606e-01 2.2727272727e-01 0.0000000000e+00 2.1259764623e-08 -2.1366214441e-08
1.3636363636e-01 2.2727272727e-01 0.0000000000e+00 2.0126316865e-08 -2.0245198778e-08
1.6666666667e-01 2.2727272727e-01 0.0000000000e+00 1.8905729840e-08 -1.9040151873e-08
1.9696969697e-01 2.2727272727e-01 0.0000000000e+00 1.7693106609e-08 -1.7846176785e-08
2.2727272727e-01 2.2727272727e-01 0.0000000000e+00 1.6527075230e-08 -1.6701901573e-08
2.5757575758e-01 2.2727272727e-01 0.0000000000e+00 1.5434577936e-08 -1.5634268470e-08
2.8787878788e-01 2.2727272727e-01 0.0000000000e+00 1.4427912358e-08 -1.4655575107e-08
3.1818181818e-01 2.2727272727e-01 0.0000000000e+00 1.3509370221e-08 -1.3768113208e-08
3.4848484848e-01 2.2727272727e-01 0.0000000000e+00 1.2675652668e-08 -1.2968583918e-08
3.7878787879e-01 2.2727272727e-01 0.0000000000e+00 1.1920726024e-08 -1.2250953561e-08
4.0909090909e-01 2.2727272727e-01 0.0000000000e+00 1.1237445303e-08 -1.1608077150e-08
4.3939393939e-01 2.2727272727e-01 0.0000000000e+00 1.0618482588e-08 -1.1032626769e-08
4.6969696970e-01 2.2727272727e-01 0.0000000000e+00 1.0056834889e-08 -1.0517599428e-08
5.0000000000e-01 2.2727272727e-01 0.0000000000e+00 9.5460695286e-09 -1.0056562450e-08
5.3030303030e-01 2.2727272727e-01 0.0000000000e+00 9.0804133414e-09 -9.6437426684e-09
5.6060606061e-01 2.2727272727e-01 0.0000000000e+00 8.6547555632e-09 -9.2740293199e-09
5.9090909091e-01 2.2727272727e-01 0.0000000000e+00 8.2646072538e-09 -8.9429334641e-09
6.2121212121e-01 2.2727272727e-01 0.0000000000e+00 7.9060420101e-09 -8.6465286978e-09
6.5151515152e-01 2.2727272727e-01 0.0000000000e+00 7.5756315159e-09 -8.3813867049e-09
6.8181818182e-01 2.2727272727e-01 0.0000000000e+00 7.2703829070e-09 -8.1445146212e-09
7.1212121212e-01 2.2727272727e-01 0.0000000000e+00 6.9876812051e-09 -7.9332974684e-09
7.4242424242e-01 2.2727272727e-01 0.0000000000e+00 6.7252380422e-09 -7.7454468785e-09
7.7272727273e-01 2.2727272727e-01 0.0000000000e+00 6.4810468272e-09 -7.5789562603e-09
8.0303030303e-01 2.2727272727e-01 0.0000000000e+00 6.2533439796e-09 -7.4320620334e-09
8.3333333333e-01 2.2727272727e-01 0.0000000000e+00 6.0405756333e-09 -7.3032103317e-09
8.6363636364e-01 2.2727272727e-01 0.0000000000e+00 5.8413691421e-09 -7.1910285089e-09
8.9393939394e-01 2.2727272727e-01 0.0000000000e+00 5.6545087380e-09 -7.0943007972e-09
9.2424242424e-01 2.2727272727e-01 0.0000000000e+00 5.4789147463e-09 -7.0119475217e-09
9.5454545455e-01 2.2727272727e-01 0.0000000000e+00 5.3136258266e-09 -6.9430073420e-09
9.8484848485e-01 2.2727272727e-01 0.0000000000e+00 5.1577837837e-09 -6.8866220631e-09
1.0151515152e+00 2.2727272727e-01 0.0000000000e+00 5.0106205543e-09 -6.8420236214e-09
1.0454545455e+00 2.2727272727e-01 0.0000000000e+00 4.8714470363e-09 -6.8085229151e-09
1.0757575758e+00 2.2727272727e-01 0.0000000000e+00 4.7396434803e-09 -6.7855001946e-09
1.1060606061e+00 2.2727272727e-01 0.0000000000e+00 4.6146512039e-09 -6.7723967777e-09
1.1363636364e+00 2.2727272727e-01 0.0000000000e+00 4.4959654321e-09 -6.7687078892e-09
1.1666666667e+00 2.2727272727e-01 0.0000000000e+00 4.3831290936e-09 -6.7739764579e-09
1.1969696970e+00 2.2727272727e-01 0.0000000000e+00 4.2757274331e-09 -6.7877877284e-09
1.2272727273e+00 2.2727272727e-01 0.0000000000e+00 4.1733833214e-09 -6.8097645716e-09
1.2575757576e+00 2.2727272727e-01 0.0000000000e+00 4.0757531612e-09 -6.8395633902e-09
1.2878787879e+00 2.2727272727e-01 0.0000000000e+00 3.9825233061e-09 -6.8768705377e-09
1.3181818182e+00 2.2727272727e-01 0.0000000000e+00 3.8934069200e-09 -6.9213991783e-09
1.3484848485e+00 2.2727272727e-01 0.0000000000e+00 3.8081412170e-09 -6.9728865256e-09
1.3787878788e+00 2.2727272727e-01 0.0000000000e+00 3.7264850287e-09 -7.0310914116e-09
1.4090909091e+00 2.2727272727e-01 0.0000000000e+00 3.6482166576e-09 -7.0957921386e-09
1.4393939394e+00 2.2727272727e-01 0.0000000000e+00 3.5731319765e-09 -7.1667845796e-09
1.4696969697e+00 2.2727272727e-01 0.0000000000e+00 3.5010427441e-09 -7.2438804931e-09
1.5000000000e+00 2.2727272727e-01 0.0000000000e+00 3.4317751070e-09 -7.3269060257e-09
-1.5000000000e+00 2.5757575758e-01 0.0000000000e+00 3.4207987540e-09 -7.3407938637e-09
-1.4696969697e+00 2.5757575758e-01 0.0000000000e+00 3.4893885799e-09 -7.2570905198e-09
-1.4393939394e+00 2.5757575758e-01 0.0000000000e+00 3.5607433690e-09 -7.1792601631e-09
-1.4090909091e+00 2.5757575758e-01 0.0000000000e+00 3.6350309732e-09 -7.1074706452e-09
-1.3787878788e+00 2.5757575758e-01 0.0000000000e+00 3.7124328580e-09 -7.0419034319e-09
-1.3484848485e+00 2.5757575758e-01 0.0000000000e+00 3.7931454823e-09 -6.9827549819e-09
-1.3181818182e+00 2.5757575758e-01 0.0000000000e+00 3.8773818439e-09 -6.9302382931e-09
-1.2878787879e+00 2.5757575758e-01 0.0000000000e+00 3.9653732153e-09 -6.8845846380e-09
-1.2575757576e+00 2.5757575758e-01 0.0000000000e+00 4.0573710972e-09 -6.8460455171e-09
-1.2272727273e+00 2.5757575758e-01 0.0000000000e+00 4.1536494186e-09 -6.8148948598e-09
-1.1969696970e+00 2.5757575758e-01 0.0000000000e+00 4.2545070225e-09 -6.7914315088e-09
-1.1666666667e+00 2.5757575758e-01 0.0000000000e+00 4.3602704763e-09 -6.7759820316e-09
-1.1363636364e+00 2.5757575758e-01 0.0000000000e+00 4.4712972575e-09 -6.7689039056e-09
-1.1060606061e+00 2.5757575758e-01 0.0000000000e+00 4.5879793695e-09 -6.7705891342e-09
-1.0757575758e+00 2.5757575758e-01 0.0000000000e+00 4.7107474548e-09 -6.7814683601e-09
-1.0454545455e+00 2.5757575758e-01 0.0000000000e+00 4.8400754801e-09 -6.8020155498e-09
-1.0151515152e+00 2.5757575758e-01 0.0000000000e+00 4.9764860829e-09 -6.8327533410e-09
-9.8484848485e-01 2.5757575758e-01 0.0000000000e+00 5.1205566820e-09 -6.8742591523e-09
-9.5454545455e-01 2.5757575758e-01 0.0000000000e+00 5.2729264698e-09 -6.9271721761e-09
-9.2424242424e-01 2.5757575758e-01 0.0000000000e+00 5.4343044236e-09 -6.9922013899e-09
-8.9393939394e-01 2.5757575758e-01 0.0000000000e+00 5.6054784925e-09 -7.0701347427e-09
-8.6363636364e-01 2.5757575758e-01 0.0000000000e+00 5.7873261358e-09 -7.1618496936e-09
-8.3333333333e-01 2.5757575758e-01 0.0000000000e+00 5.9808264118e-09 -7.2683253012e-09
-8.0303030303e-01 2.5757575758e-01 0.0000000000e+00 6.1870738354e-09 -7.3906560802e-09
-7.7272727273e-01 2.5757575758e-01 0.0000000000e+00 6.4072942341e-09 -7.5300678582e-09
-7.4242424242e-01 2.5757575758e-01 0.0000000000e+00 6.6428628377e-09 -7.6879358650e-09
-7.1212121212e-01 2.5757575758e-01 0.0000000000e+00 6.8953248188e-09 -7.8658052732e-09
-6.8181818182e-01 2.5757575758e-01 0.0000000000e+00 7.1664184426e-09 -8.0654143479e-09
-6.5151515152e-01 2.5757575758e-01 0.0000000000e+00 7.4581008753e-09 -8.2887202554e-09
-6.2121212121e-01 2.5757575758e-01 0.0000000000e+00 7.7725764785e-09 -8.5379273572e-09
-5.9090909091e-01 2.5757575758e-01 0.0000000000e+00 8.1123270427e-09 -8.8155174440e-09
-5.6060606061e-01 2.5757575758e-01 0.0000000000e+00 8.4801427809e-09 -9.1242807286e-09
-5.3030303030e-01 2.5757575758e-01 0.0000000000e+00 8.8791518757e-09 -9.4673453937e-09
-5.0000000000e-01 2.5757575758e-01 0.0000000000e+00 9.3128447547e-09 -9.8482018668e-09
-4.6969696970e-01 2.5757575758e-01 0.0000000000e+00 9.7850867760e-09 -1.0270715506e-08
-4.3939393939e-01 2.5757575758e-01 0.0000000000e+00 1.0300109326e-08 -1.0739117698e-08
-4.0909090909e-01 2.5757575758e-01 0.0000000000e+00 1.0862464180e-08 -1.1257960218e-08
-3.7878787879e-01 2.5757575758e-01 0.0000000000e+00 1.1476919453e-08 -1.1832011180e-08
-3.4848484848e-01 2.5757575758e-01 0.0000000000e+00 1.2148268463e-08 -1.2466063904e-08
-3.1818181818e-01 2.5757575758e-01 0.0000000000e+00 1.2881017394e-08 -1.3164624573e-08
-2.8787878788e-01 2.5757575758e-01 0.0000000000e+00 1.3678911394e-08 -1.3931438334e-08
-2.5757575758e-01 2.5757575758e-01 0.0000000000e+00 1.4544212812e-08 -1.4768767537e-08
-2.2727272727e-01 2.5757575758e-01 0.0000000000e+00 1.5476344828e-08 -1.5676035362e-08
-1.9696969697e-01 2.5757575758e-01 0.0000000000e+00 1.6468165541e-08 -1.6646099908e-08
-1.6666666667e-01 2.5757575758e-01 0.0000000000e+00 1.7494599856e-08 -1.7653886079e-08
-1.3636363636e-01 2.5757575758e-01 0.0000000000e+00 1.8502641099e-08 -1.8646387203e-08
-1.0606060606e-01 2.5757575758e-01 0.0000000000e+00 1.9452612122e-08 -1.9583926130e-08
-7.5757575758e-02 2.5757575758e-01 0.0000000000e+00 2.0181398722e-08 -2.0303388659e-08
-4.5454545455e-02 2.5757575758e-01 0.0000000000e+00 2.0598070857e-08 -2.0713844747e-08
-1.5151515152e-02 2.5757575758e-01 0.0000000000e+00 2.0740137683e-08 -2.0852803548e-08
1.5151515152e-02 2.5757575758e-01 0.0000000000e+00 2.0664216108e-08 -2.0776881973e-08
4.5454545455e-02 2.5757575758e-01 0.0000000000e+00 2.0329561312e-08 -2.0445335201e-08
7.5757575758e-02 2.5757575758e-01 0.0000000000e+00 1.9779752246e-08 -1.9901742183e-08
1.0606060606e-01 2.5757575758e-01 0.0000000000e+00 1.9043655118e-08 -1.9174969127e-08
1.3636363636e-01 2.5757575758e-01 0.0000000000e+00 1.8182136338e-08 -1.8325882442e-08
1.6666666667e-01 2.5757575758e-01 0.0000000000e+00 1.7260360457e-08 -1.7419646680e-08
1.9696969697e-01 2.5757575758e-01 0.0000000000e+00 1.6319883410e-08 -1.6497817777e-08
2.2727272727e-01 2.5757575758e-01 0.0000000000e+00 1.5391996617e-08 -1.5591687150e-08
2.5757575758e-01 2.5757575758e-01 0.0000000000e+00 1.4499768617e-08 -1.4724323342e-08
2.8787878788e-01 2.5757575758e-01 0.0000000000e+00 1.3657520325e-08 -1.3910047265e-08
3.1818181818e-01 2.5757575758e-01 0.0000000000e+00 1.2872368804e-08 -1.3155975983e-08
3.4848484848e-01 2.5757575758e-01 0.0000000000e+00 1.2146368295e-08 -1.2464163736e-08
3.7878787879e-01 2.5757575758e-01 0.0000000000e+00 1.1478376522e-08 -1.1833468249e-08
4.0909090909e-01 2.5757575758e-01 0.0000000000e+00 1.0865407637e-08 -1.1260903675e-08
4.3939393939e-01 2.5757575758e-01 0.0000000000e+00 1.0303540062e-08 -1.0742548434e-08
4.6969696970e-01 2.5757575758e-01 0.0000000000e+00 9.7884968266e-09 -1.0274125557e-08
5.0000000000e-01 2.5757575758e-01 0.0000000000e+00 9.3159972786e-09 -9.8513543907e-09
5.3030303030e-01 2.5757575758e-01 0.0000000000e+00 8.8819557372e-09 -9.4701492552e-09
5.6060606061e-01 2.5757575758e-01 0.0000000000e+00 8.4825820859e-09 -9.1267200336e-09
5.9090909091e-01 2.5757575758e-01 0.0000000000e+00 8.1144222075e-09 -8.8176126087e-09
6.2121212121e-01 2.5757575758e-01 0.0000000000e+00 7.7743631900e-09 -8.5397140687e-09
6.5151515152e-01 2.5757575758e-01 0.0000000000e+00 7.4596190895e-09 -8.2902384695e-09
6.8181818182e-01 2.5757575758e-01 0.0000000000e+00 7.1677069379e-09 -8.0667028431e-09
7.1212121212e-01 2.5757575758e-01 0.0000000000e+00 6.8964187697e-09 -7.8668992240e-09
7.4242424242e-01 2.5757575758e-01 0.0000000000e+00 6.6437929842e-09 -7.6888660114e-09
7.7272727273e-01 2.5757575758e-01 0.0000000000e+00 6.4080868570e-09 -7.5308604811e-09
8.0303030303e-01 2.5757575758e-01 0.0000000000e+00 6.1877511066e-09 -7.3913333514e-09
8.3333333333e-01 2.5757575758e-01 0.0000000000e+00 5.9814068876e-09 -7.2689057770e-09
8.6363636364e-01 2.5757575758e-01 0.0000000000e+00 5.7878252765e-09 -7.1623488343e-09
8.9393939394e-01 2.5757575758e-01 0.0000000000e+00 5.6059091507e-09 -7.0705654008e-09
9.2424242424e-01 2.5757575758e-01 0.0000000000e+00 5.4346772773e-09 -6.9925742436e-09
9.5454545455e-01 2.5757575758e-01 0.0000000000e+00 5.2732503955e-09 -6.9274961018e-09
9.8484848485e-01 2.5757575758e-01 0.0000000000e+00 5.1208390683e-09 -6.8745415386e-09
1.0151515152e+00 2.5757575758e-01 0.0000000000e+00 4.9767330917e-09 -6.8330003498e-09
1.0454545455e+00 2.5757575758e-01 0.0000000000e+00 4.8402922621e-09 -6.8022323319e-09
1.0757575758e+00 2.5757575758e-01 0.0000000000e+00 4.7109383270e-09 -6.7816592324e-09
1.1060606061e+00 2.5757575758e-01 0.0000000000e+00 4.5881479601e-09 -6.7707577249e-09
1.1363636364e+00 2.5757575758e-01 0.0000000000e+00 4.4714466247e-09 -6.7690532728e-09
1.1666666667e+00 2.5757575758e-01 0.0000000000e+00 4.3604032059e-09 -6.7761147611e-09
1.1969696970e+00 2.5757575758e-01 0.0000000000e+00 4.2546253071e-09 -6.7915497934e-09
1.2272727273e+00 2.5757575758e-01 0.0000000000e+00 4.1537551236e-09 -6.8150005648e-09
1.2575757576e+00 2.5757575758e-01 0.0000000000e+00 4.0574658143e-09 -6.8461402343e-09
1.2878787879e+00 2.5757575758e-01 0.0000000000e+00 3.9654583067e-09 -6.8846697294e-09
1.3181818182e+00 2.5757575758e-01 0.0000000000e+00 3.8774584790e-09 -6.9303149282e-09
1.3484848485e+00 2.5757575758e-01 0.0000000000e+00 3.7932146680e-09 -6.9828241676e-09
1.3787878788e+00 2.5757575758e-01 0.0000000000e+00 3.7124954635e-09 -7.0419660374e-09
1.4090909091e+00 2.5757575758e-01 0.0000000000e+00 3.6350877512e-09 -7.1075274233e-09
1.4393939394e+00 2.5757575758e-01 0.0000000000e+00 3.5607949733e-09 -7.1793117673e-09
1.4696969697e+00 2.5757575758e-01 0.0000000000e+00 3.4894355794e-09 -7.2571375194e-09
1.5000000000e+00 2.5757575758e-01 0.0000000000e+00 3.4208416456e-09 -7.3408367553e-09
-1.5000000000e+00 2.8787878788e-01 0.0000000000e+00 3.4086234976e-09 -7.3565908222e-09
-1.4696969697e+00 2.8787878788e-01 0.0000000000e+00 3.4764685116e-09 -7.2721426664e-09
-1.4393939394e+00 2.8787878788e-01 0.0000000000e+00 3.5470170158e-09 -7.1935060247e-09
-1.4090909091e+00 2.8787878788e-01 0.0000000000e+00 3.6204304468e-09 -7.1208423337e-09
-1.3787878788e+00 2.8787878788e-01 0.0000000000e+00 3.6968830434e-09 -7.0543258321e-09
-1.3484848485e+00 2.8787878788e-01 0.0000000000e+00 3.7765631041e-09 -6.9941448185e-09
-1.3181818182e+00 2.8787878788e-01 0.0000000000e+00 3.8596743912e-09 -6.9405030553e-09
-1.2878787879e+00 2.8787878788e-01 0.0000000000e+00 3.9464377000e-09 -6.8936213375e-09
-1.2575757576e+00 2.8787878788e-01 0.0000000000e+00 4.0370926146e-09 -6.8537392494e-09
-1.2272727273e+00 2.8787878788e-01 0.0000000000e+00 4.1318994763e-09 -6.8211171324e-09
-1.1969696970e+00 2.8787878788e-01 0.0000000000e+00 4.2311415929e-09 -6.7960382941e-09
-1.1666666667e+00 2.8787878788e-01 0.0000000000e+00 4.3351277208e-09 -6.7788114909e-09
-1.1363636364e+00 2.8787878788e-01 0.0000000000e+00 4.4441948585e-09 -6.7697737215e-09
-1.1060606061e+00 2.8787878788e-01 0.0000000000e+00 4.5587113932e-09 -6.7692933728e-09
-1.0757575758e+00 2.8787878788e-01 0.0000000000e+00 4.6790806487e-09 -6.7777737689e-09
-1.0454545455e+00 2.8787878788e-01 0.0000000000e+00 4.8057448898e-09 -6.7956571745e-09
-1.0151515152e+00 2.8787878788e-01 0.0000000000e+00 4.9391898440e-09 -6.8234293170e-09
-9.8484848485e-01 2.8787878788e-01 0.0000000000e+00 5.0799498092e-09 -6.8616244944e-09
-9.5454545455e-01 2.8787878788e-01 0.0000000000e+00 5.2286134238e-09 -6.9108313450e-09
-9.2424242424e-01 2.8787878788e-01 0.0000000000e+00 5.3858301803e-09 -6.9716993615e-09
-8.9393939394e-01 2.8787878788e-01 0.0000000000e+00 5.5523177718e-09 -7.0449462368e-09
-8.6363636364e-01 2.8787878788e-01 0.0000000000e+00 5.7288703590e-09 -7.1313661317e-09
-8.3333333333e-01 2.8787878788e-01 0.0000000000e+00 5.9163678474e-09 -7.2318389516e-09
-8.0303030303e-01 2.8787878788e-01 0.0000000000e+00 6.1157862475e-09 -7.3473407072e-09
-7.7272727273e-01 2.8787878788e-01 0.0000000000e+00 6.3282091708e-09 -7.4789550097e-09
-7.4242424242e-01 2.8787878788e-01 0.0000000000e+00 6.5548404613e-09 -7.6278857034e-09
-7.1212121212e-01 2.8787878788e-01 0.0000000000e+00 6.7970178865e-09 -7.7954705557e-09
-6.8181818182e-01 2.8787878788e-01 0.0000000000e+00 7.0562276709e-09 -7.9831957910e-09
-6.5151515152e-01 2.8787878788e-01 0.0000000000e+00 7.3341194467e-09 -8.1927110416e-09
-6.2121212121e-01 2.8787878788e-01 0.0000000000e+00 7.6325208592e-09 -8.4258439528e-09
-5.9090909091e-01 2.8787878788e-01 0.0000000000e+00 7.9534505563e-09 -8.6846131724e-09
-5.6060606061e-01 2.8787878788e-01 0.0000000000e+00 8.2991275175e-09 -8.9712376800e-09
-5.3030303030e-01 2.8787878788e-01 0.0000000000e+00 8.6719735369e-09 -9.2881392697e-09
-5.0000000000e-01 2.8787878788e-01 0.0000000000e+00 9.0746039983e-09 -9.6379333253e-09
-4.6969696970e-01 2.8787878788e-01 0.0000000000e+00 9.5097996921e-09 -1.0023400637e-08
-4.3939393939e-01 2.8787878788e-01 0.0000000000e+00 9.9804490973e-09 -1.0447429684e-08
-4.0909090909e-01 2.8787878788e-01 0.0000000000e+00 1.0489446081e-08 -1.0912914334e-08
-3.7878787879e-01 2.8787878788e-01 0.0000000000e+00 1.1039522148e-08 -1.1422586090e-08
-3.4848484848e-01 2.8787878788e-01 0.0000000000e+00 1.1632984732e-08 -1.1978752387e-08
-3.1818181818e-01 2.8787878788e-01 0.0000000000e+00 1.2271321324e-08 -1.2582900718e-08
-2.8787878788e-01 2.8787878788e-01 0.0000000000e+00 1.2954604264e-08 -1.3235103418e-08
-2.5757575758e-01 2.8787878788e-01 0.0000000000e+00 1.3680563412e-08 -1.3933090351e-08
-2.2727272727e-01 2.8787878788e-01 0.0000000000e+00 1.4443024969e-08 -1.4670687717e-08
-1.9696969697e-01 2.8787878788e-01 0.0000000000e+00 1.5229180816e-08 -1.5435087398e-08
-1.6666666667e-01 2.8787878788e-01 0.0000000000e+00 1.6015776570e-08 -1.6203035008e-08
-1.3636363636e-01 2.8787878788e-01 0.0000000000e+00 1.6767744553e-08 -1.6939462872e-08
-1.0606060606e-01 2.8787878788e-01 0.0000000000e+00 1.7439679319e-08 -1.7598965542e-08
-7.5757575758e-02 2.8787878788e-01 0.0000000000e+00 1.7969872386e-08 -1.8119834538e-08
-4.5454545455e-02 2.8787878788e-01 0.0000000000e+00 1.8305635766e-08 -1.8449381870e-08
-1.5151515152e-02 2.8787878788e-01 0.0000000000e+00 1.8439658891e-08 -1.8580296972e-08
1.5151515152e-02 2.8787878788e-01 0.0000000000e+00 1.8383913438e-08 -1.8524551518e-08
4.5454545455e-02 2.8787878788e-01 0.0000000000e+00 1.8146547289e-08 -1.8290293393e-08
7.5757575758e-02 2.8787878788e-01 0.0000000000e+00 1.7745121806e-08 -1.7895083958e-08
1.0606060606e-01 2.8787878788e-01 0.0000000000e+00 1.7205539521e-08 -1.7364825744e-08
1.3636363636e-01 2.8787878788e-01 0.0000000000e+00 1.6562817246e-08 -1.6734535565e-08
1.6666666667e-01 2.8787878788e-01 0.0000000000e+00 1.5854899497e-08 -1.6042157936e-08
1.9696969697e-01 2.8787878788e-01 0.0000000000e+00 1.5114483738e-08 -1.5320390319e-08
2.2727272727e-01 2.8787878788e-01 0.0000000000e+00 1.4367576463e-08 -1.4595239212e-08
2.5757575758e-01 2.8787878788e-01 0.0000000000e+00 1.3633909957e-08 -1.3886436897e-08
2.8787878788e-01 2.8787878788e-01 0.0000000000e+00 1.2927264417e-08 -1.3207763572e-08
3.1818181818e-01 2.8787878788e-01 0.0000000000e+00 1.2256245497e-08 -1.2567824890e-08
3.4848484848e-01 2.8787878788e-01 0.0000000000e+00 1.1625402638e-08 -1.1971170294e-08
3.7878787879e-01 2.8787878788e-01 0.0000000000e+00 1.1036365143e-08 -1.1419429086e-08
4.0909090909e-01 2.8787878788e-01 0.0000000000e+00 1.0488802483e-08 -1.0912270736e-08
4.3939393939e-01 2.8787878788e-01 0.0000000000e+00 9.9811572076e-09 -1.0448137794e-08
4.6969696970e-01 2.8787878788e-01 0.0000000000e+00 9.5111699956e-09 -1.0024770941e-08
5.0000000000e-01 2.8787878788e-01 0.0000000000e+00 9.0762381032e-09 -9.6395674302e-09
5.3030303030e-01 2.8787878788e-01 0.0000000000e+00 8.6736494426e-09 -9.2898151754e-09
5.6060606061e-01 2.8787878788e-01 0.0000000000e+00 8.3007283062e-09 -8.9728384687e-09
5.9090909091e-01 2.8787878788e-01 0.0000000000e+00 7.9549207174e-09 -8.6860833335e-09
6.2121212121e-01 2.8787878788e-01 0.0000000000e+00 7.6338398688e-09 -8.4271629624e-09
6.5151515152e-01 2.8787878788e-01 0.0000000000e+00 7.3352859789e-09 -8.1938775738e-09
6.8181818182e-01 2.8787878788e-01 0.0000000000e+00 7.0572502937e-09 -7.9842184138e-09
7.1212121212e-01 2.8787878788e-01 0.0000000000e+00 6.7979096780e-09 -7.7963623472e-09
7.4242424242e-01 2.8787878788e-01 0.0000000000e+00 6.5556159759e-09 -7.6286612180e-09
7.7272727273e-01 2.8787878788e-01 0.0000000000e+00 6.3288827990e-09 -7.4796286380e-09
8.0303030303e-01 2.8787878788e-01 0.0000000000e+00 6.1163713926e-09 -7.3479258523e-09
8.3333333333e-01 2.8787878788e-01 0.0000000000e+00 5.9168765699e-09 -7.2323476741e-09
8.6363636364e-01 2.8787878788e-01 0.0000000000e+00 5.7293132831e-09 -7.1318090558e-09
8.9393939394e-01 2.8787878788e-01 0.0000000000e+00 5.5527041305e-09 -7.0453325955e-09
9.2424242424e-01 2.8787878788e-01 0.0000000000e+00 5.3861679282e-09 -6.9720371093e-09
9.5454545455e-01 2.8787878788e-01 0.0000000000e+00 5.2289093763e-09 -6.9111272976e-09
9.8484848485e-01 2.8787878788e-01 0.0000000000e+00 5.0802097871e-09 -6.8618844722e-09
1.0151515152e+00 2.8787878788e-01 0.0000000000e+00 4.9394188094e-09 -6.8236582823e-09
1.0454545455e+00 2.8787878788e-01 0.0000000000e+00 4.8059470708e-09 -6.7958593554e-09
1.0757575758e+00 2.8787878788e-01 0.0000000000e+00 4.6792596485e-09 -6.7779527687e-09
1.1060606061e+00 2.8787878788e-01 0.0000000000e+00 4.5588702852e-09 -6.7694522648e-09
1.1363636364e+00 2.8787878788e-01 0.0000000000e+00 4.4443362673e-09 -6.7699151302e-09
1.1666666667e+00 2.8787878788e-01 0.0000000000e+00 4.3352538916e-09 -6.7789376617e-09
1.1969696970e+00 2.8787878788e-01 0.0000000000e+00 4.2312544498e-09 -6.7961511509e-09
1.2272727273e+00 2.8787878788e-01 0.0000000000e+00 4.1320006714e-09 -6.8212183275e-09
1.2575757576e+00 2.8787878788e-01 0.0000000000e+00 4.0371835699e-09 -6.8538302047e-09
1.2878787879e+00 2.8787878788e-01 0.0000000000e+00 3.9465196418e-09 -6.8937032794e-09
1.3181818182e+00 2.8787878788e-01 0.0000000000e+00 3.8597483798e-09 -6.9405770439e-09
1.3484848485e+00 2.8787878788e-01 0.0000000000e+00 3.7766300582e-09 -6.9942117726e-09
1.3787878788e+00 2.8787878788e-01 0.0000000000e+00 3.6969437609e-09 -7.0543865496e-09
1.4090909091e+00 2.8787878788e-01 0.0000000000e+00 3.6204856223e-09 -7.1208975092e-09
1.4393939394e+00 2.8787878788e-01 0.0000000000e+00 3.5470672556e-09 -7.1935562645e-09
1.4696969697e+00 2.8787878788e-01 0.0000000000e+00 3.4765143459e-09 -7.2721885007e-09
1.5000000000e+00 2.8787878788e-01 0.0000000000e+00 3.4086653911e-09 -7.3566327157e-09
-1.5000000000e+00 3.1818181818e-01 0.0000000000e+00 3.3952470935e-09 -7.3742946568e-09
-1.4696969697e+00 3.1818181818e-01 0.0000000000e+00 3.4622802650e-09 -7.2890346585e-09
-1.4393939394e+00 3.1818181818e-01 0.0000000000e+00 3.5319506077e-09 -7.2095198554e-09
-1.4090909091e+00 3.1818181818e-01 0.0000000000e+00 3.6044127270e-09 -7.1359048526e-09
-1.3787878788e+00 3.1818181818e-01 0.0000000000e+00 3.6798331790e-09 -7.0683562064e-09
-1.3484848485e+00 3.1818181818e-01 0.0000000000e+00 3.7583916042e-09 -7.0070535574e-09
-1.3181818182e+00 3.1818181818e-01 0.0000000000e+00 3.8402819860e-09 -6.9521908888e-09
-1.2878787879e+00 3.1818181818e-01 0.0000000000e+00 3.9257140493e-09 -6.9039779255e-09
-1.2575757576e+00 3.1818181818e-01 0.0000000000e+00 4.0149148167e-09 -6.8626416902e-09
-1.2272727273e+00 3.1818181818e-01 0.0000000000e+00 4.1081303414e-09 -6.8284282362e-09
-1.1969696970e+00 3.1818181818e-01 0.0000000000e+00 4.2056276384e-09 -6.8016045783e-09
-1.1666666667e+00 3.1818181818e-01 0.0000000000e+00 4.3076968373e-09 -6.7824608461e-09
-1.1363636364e+00 3.1818181818e-01 0.0000000000e+00 4.4146535849e-09 -6.7713126866e-09
-1.1060606061e+00 3.1818181818e-01 0.0000000000e+00 4.5268417261e-09 -6.7685039445e-09
-1.0757575758e+00 3.1818181818e-01 0.0000000000e+00 4.6446362952e-09 -6.7744096542e-09
-1.0454545455e+00 3.1818181818e-01 0.0000000000e+00 4.7684468535e-09 -6.7894393769e-09
-1.0151515152e+00 3.1818181818e-01 0.0000000000e+00 4.8987212089e-09 -6.8140409206e-09
-9.8484848485e-01 3.1818181818e-01 0.0000000000e+00 5.0359495576e-09 -6.8487044815e-09
-9.5454545455e-01 3.1818181818e-01 0.0000000000e+00 5.1806690844e-09 -6.8939672444e-09
-9.2424242424e-01 3.1818181818e-01 0.0000000000e+00 5.3334690589e-09 -6.9504184788e-09
-8.9393939394e-01 3.1818181818e-01 0.0000000000e+00 5.4949964557e-09 -7.0187051594e-09
-8.6363636364e-01 3.1818181818e-01 0.0000000000e+00 5.6659621182e-09 -7.0995381296e-09
-8.3333333333e-01 3.1818181818e-01 0.0000000000e+00 5.8471474612e-09 -7.1936988041e-09
-8.0303030303e-01 3.1818181818e-01 0.0000000000e+00 6.0394116772e-09 -7.3020463755e-09
-7.7272727273e-01 3.1818181818e-01 0.0000000000e+00 6.2436993584e-09 -7.4255254360e-09
-7.4242424242e-01 3.1818181818e-01 0.0000000000e+00 6.4610483664e-09 -7.5651738473e-09
-7.1212121212e-01 3.1818181818e-01 0.0000000000e+00 6.6925976632e-09 -7.7221305712e-09
-6.8181818182e-01 3.1818181818e-01 0.0000000000e+00 6.9395946396e-09 -7.8976429984e-09
-6.5151515152e-01 3.1818181818e-01 0.0000000000e+00 7.2034012195e-09 -8.0930730532e-09
-6.2121212121e-01 3.1818181818e-01 0.0000000000e+00 7.4854976448e-09 -8.3099009771e-09
-5.9090909091e-01 3.1818181818e-01 0.0000000000e+00 7.7874823053e-09 -8.5497251601e-09
-5.6060606061e-01 3.1818181818e-01 0.0000000000e+00 8.1110652210e-09 -8.8142556223e-09
-5.3030303030e-01 3.1818181818e-01 0.0000000000e+00 8.4580517123e-09 -9.1052976839e-09
-5.0000000000e-01 3.1818181818e-01 0.0000000000e+00 8.8303113284e-09 -9.4247208941e-09
-4.6969696970e-01 3.1818181818e-01 0.0000000000e+00 9.2297251177e-09 -9.7744063014e-09
-4.3939393939e-01 3.1818181818e-01 0.0000000000e+00 9.6581017056e-09 -1.0156162531e-08
-4.0909090909e-01 3.1818181818e-01 0.0000000000e+00 1.0117049262e-08 -1.0571597754e-08
-3.7878787879e-01 3.1818181818e-01 0.0000000000e+00 1.0607786094e-08 -1.1021930275e-08
-3.4848484848e-01 3.1818181818e-01 0.0000000000e+00 1.1130866769e-08 -1.1507714664e-08
-3.1818181818e-01 3.1818181818e-01 0.0000000000e+00 1.1685791878e-08 -1.2028451510e-08
-2.8787878788e-01 3.1818181818e-01 0.0000000000e+00 1.2270454396e-08 -1.2582033789e-08
-2.5757575758e-01 3.1818181818e-01 0.0000000000e+00 1.2880350895e-08 -1.3163958074e-08
-2.2727272727e-01 3.1818181818e-01 0.0000000000e+00 1.3507467437e-08 -1.3766210424e-08
-1.9696969697e-01 3.1818181818e-01 0.0000000000e+00 1.4138837234e-08 -1.4375824054e-08
-1.6666666667e-01 3.1818181818e-01 0.0000000000e+00 1.4755178310e-08 -1.4973516987e-08
-1.3636363636e-01 3.1818181818e-01 0.0000000000e+00 1.5330530529e-08 -1.5533329087e-08
-1.0606060606e-01 3.1818181818e-01 0.0000000000e+00 1.5833198561e-08 -1.6023565023e-08
-7.5757575758e-02 3.1818181818e-01 0.0000000000e+00 1.6228950021e-08 -1.6409992412e-08
-4.5454545455e-02 3.1818181818e-01 0.0000000000e+00 1.6490243415e-08 -1.6665069758e-08
-1.5151515152e-02 3.1818181818e-01 0.0000000000e+00 1.6604561160e-08 -1.6776279479e-08
1.5151515152e-02 3.1818181818e-01 0.0000000000e+00 1.6571838399e-08 -1.6743556718e-08
4.5454545455e-02 3.1818181818e-01 0.0000000000e+00 1.6399070741e-08 -1.6573897084e-08
7.5757575758e-02 3.1818181818e-01 0.0000000000e+00 1.6099169016e-08 -1.6280211407e-08
1.0606060606e-01 3.1818181818e-01 0.0000000000e+00 1.5690677842e-08 -1.5881044304e-08
1.3636363636e-01 3.1818181818e-01 0.0000000000e+00 1.5196782786e-08 -1.5399581344e-08
1.6666666667e-01 3.1818181818e-01 0.0000000000e+00 1.4642570014e-08 -1.4860908691e-08
1.9696969697e-01 3.1818181818e-01 0.0000000000e+00 1.4051686121e-08 -1.4288672942e-08
2.2727272727e-01 3.1818181818e-01 0.0000000000e+00 1.3444434362e-08 -1.3703177349e-08
2.5757575758e-01 3.1818181818e-01 0.0000000000e+00 1.2837135522e-08 -1.3120742701e-08
2.8787878788e-01 3.1818181818e-01 0.0000000000e+00 1.2242083822e-08 -1.2553663215e-08
3.1818181818e-01 3.1818181818e-01 0.0000000000e+00 1.1667882353e-08 -1.2010541985e-08
3.4848484848e-01 3.1818181818e-01 0.0000000000e+00 1.1120026037e-08 -1.1496873932e-08
3.7878787879e-01 3.1818181818e-01 0.0000000000e+00 1.0601574052e-08 -1.1015718233e-08
4.0909090909e-01 3.1818181818e-01 0.0000000000e+00 1.0113788009e-08 -1.0568336500e-08
4.3939393939e-01 3.1818181818e-01 0.0000000000e+00 9.6566720062e-09 -1.0154732832e-08
4.6969696970e-01 3.1818181818e-01 0.0000000000e+00 9.2293971084e-09 -9.7740782921e-09
5.0000000000e-01 3.1818181818e-01 0.0000000000e+00 8.8306179823e-09 -9.4250275480e-09
5.3030303030e-01 3.1818181818e-01 0.0000000000e+00 8.4586995522e-09 -9.1059455238e-09
5.6060606061e-01 3.1818181818e-01 0.0000000000e+00 8.1118734892e-09 -8.8150638905e-09
5.9090909091e-01 3.1818181818e-01 0.0000000000e+00 7.7883424680e-09 -8.5505853229e-09
6.2121212121e-01 3.1818181818e-01 0.0000000000e+00 7.4863468657e-09 -8.3107501980e-09
6.5151515152e-01 3.1818181818e-01 0.0000000000e+00 7.2042051912e-09 -8.0938770248e-09
6.8181818182e-01 3.1818181818e-01 0.0000000000e+00 6.9403365783e-09 -7.8983849371e-09
7.1212121212e-01 3.1818181818e-01 0.0000000000e+00 6.6932713165e-09 -7.7228042244e-09
7.4242424242e-01 3.1818181818e-01 0.0000000000e+00 6.4616536100e-09 -7.5657790909e-09
7.7272727273e-01 3.1818181818e-01 0.0000000000e+00 6.2442394537e-09 -7.4260655313e-09
8.0303030303e-01 3.1818181818e-01 0.0000000000e+00 6.0398915858e-09 -7.3025262842e-09
8.3333333333e-01 3.1818181818e-01 0.0000000000e+00 5.8475728300e-09 -7.1941241730e-09
8.6363636364e-01 3.1818181818e-01 0.0000000000e+00 5.6663386858e-09 -7.0999146972e-09
8.9393939394e-01 3.1818181818e-01 0.0000000000e+00 5.4953297209e-09 -7.0190384246e-09
9.2424242424e-01 3.1818181818e-01 0.0000000000e+00 5.3337641115e-09 -6.9507135314e-09
9.5454545455e-01 3.1818181818e-01 0.0000000000e+00 5.1809305332e-09 -6.8942286932e-09
9.8484848485e-01 3.1818181818e-01 0.0000000000e+00 5.0361815157e-09 -6.8489364396e-09
1.0151515152e+00 3.1818181818e-01 0.0000000000e+00 4.8989273118e-09 -6.8142470235e-09
1.0454545455e+00 3.1818181818e-01 0.0000000000e+00 4.7686302932e-09 -6.7896228166e-09
1.0757575758e+00 3.1818181818e-01 0.0000000000e+00 4.6447998626e-09 -6.7745732216e-09
1.1060606061e+00 3.1818181818e-01 0.0000000000e+00 4.5269878545e-09 -6.7686500728e-09
1.1363636364e+00 3.1818181818e-01 0.0000000000e+00 4.4147843923e-09 -6.7714434939e-09
1.1666666667e+00 3.1818181818e-01 0.0000000000e+00 4.3078141661e-09 -6.7825781749e-09
1.1969696970e+00 3.1818181818e-01 0.0000000000e+00 4.2057330911e-09 -6.8017100310e-09
1.2272727273e+00 3.1818181818e-01 0.0000000000e+00 4.1082253124e-09 -6.8285232072e-09
1.2575757576e+00 3.1818181818e-01 0.0000000000e+00 4.0150005200e-09 -6.8627273936e-09
1.2878787879e+00 3.1818181818e-01 0.0000000000e+00 3.9257915434e-09 -6.9040554196e-09
1.3181818182e+00 3.1818181818e-01 0.0000000000e+00 3.8403521946e-09 -6.9522610974e-09
1.3484848485e+00 3.1818181818e-01 0.0000000000e+00 3.7584553349e-09 -7.0071172881e-09
1.3787878788e+00 3.1818181818e-01 0.0000000000e+00 3.6798911386e-09 -7.0684141661e-09
1.4090909091e+00 3.1818181818e-01 0.0000000000e+00 3.6044655355e-09 -7.1359576611e-09
1.4393939394e+00 3.1818181818e-01 0.0000000000e+00 3.5319988096e-09 -7.2095680573e-09
1.4696969697e+00 3.1818181818e-01 0.0000000000e+00 3.4623243394e-09 -7.2890787330e-09
1.5000000000e+00 3.1818181818e-01 0.0000000000e+00 3.3952874629e-09 -7.3743350262e-09
-1.5000000000e+00 3.4848484848e-01 0.0000000000e+00 3.3807137719e-09 -7.3939495978e-09
-1.4696969697e+00 3.4848484848e-01 0.0000000000e+00 3.4468724966e-09 -7.3078151528e-09
-1.4393939394e+00 3.4848484848e-01 0.0000000000e+00 3.5155977622e-09 -7.2273552725e-09
-1.4090909091e+00 3.4848484848e-01 0.0000000000e+00 3.5870370017e-09 -7.1527173899e-09
-1.3787878788e+00 3.4848484848e-01 0.0000000000e+00 3.6613487209e-09 -7.0840600110e-09
-1.3484848485e+00 3.4848484848e-01 0.0000000000e+00 3.7387035066e-09 -7.0215537224e-09
-1.3181818182e+00 3.4848484848e-01 0.0000000000e+00 3.8192851388e-09 -6.9653823042e-09
-1.2878787879e+00 3.4848484848e-01 0.0000000000e+00 3.9032918188e-09 -6.9157439576e-09
-1.2575757576e+00 3.4848484848e-01 0.0000000000e+00 3.9909375260e-09 -6.8728526622e-09
-1.2272727273e+00 3.4848484848e-01 0.0000000000e+00 4.0824535174e-09 -6.8369396748e-09
-1.1969696970e+00 3.4848484848e-01 0.0000000000e+00 4.1780899840e-09 -6.8082551865e-09
-1.1666666667e+00 3.4848484848e-01 0.0000000000e+00 4.2781178807e-09 -6.7870701521e-09
-1.1363636364e+00 3.4848484848e-01 0.0000000000e+00 4.3828309467e-09 -6.7736783110e-09
-1.1060606061e+00 3.4848484848e-01 0.0000000000e+00 4.4925479352e-09 -6.7683984162e-09
-1.0757575758e+00 3.4848484848e-01 0.0000000000e+00 4.6076150678e-09 -6.7715766894e-09
-1.0454545455e+00 3.4848484848e-01 0.0000000000e+00 4.7284087348e-09 -6.7835895208e-09
-1.0151515152e+00 3.4848484848e-01 0.0000000000e+00 4.8553384538e-09 -6.8048464281e-09
-9.8484848485e-01 3.4848484848e-01 0.0000000000e+00 4.9888501026e-09 -6.8357932891e-09
-9.5454545455e-01 3.4848484848e-01 0.0000000000e+00 5.1294294301e-09 -6.8769158527e-09
-9.2424242424e-01 3.4848484848e-01 0.0000000000e+00 5.2776058457e-09 -6.9287435282e-09
-8.9393939394e-01 3.4848484848e-01 0.0000000000e+00 5.4339564678e-09 -6.9918534341e-09
-8.6363636364e-01 3.4848484848e-01 0.0000000000e+00 5.5991103945e-09 -7.0668746685e-09
-8.3333333333e-01 3.4848484848e-01 0.0000000000e+00 5.7737531240e-09 -7.1544927296e-09
-8.0303030303e-01 3.4848484848e-01 0.0000000000e+00 5.9586310093e-09 -7.2554539703e-09
-7.7272727273e-01 3.4848484848e-01 0.0000000000e+00 6.1545555591e-09 -7.3705698994e-09
-7.4242424242e-01 3.4848484848e-01 0.0000000000e+00 6.3624073086e-09 -7.5007210521e-09
-7.1212121212e-01 3.4848484848e-01 0.0000000000e+00 6.5831388418e-09 -7.6468600124e-09
-6.8181818182e-01 3.4848484848e-01 0.0000000000e+00 6.8177763639e-09 -7.8100129853e-09
-6.5151515152e-01 3.4848484848e-01 0.0000000000e+00 7.0674189557e-09 -7.9912790520e-09
-6.2121212121e-01 3.4848484848e-01 0.0000000000e+00 7.3332342851e-09 -8.1918258800e-09
-5.9090909091e-01 3.4848484848e-01 0.0000000000e+00 7.6164490518e-09 -8.4128801693e-09
-5.6060606061e-01 3.4848484848e-01 0.0000000000e+00 7.9183317835e-09 -8.6557104474e-09
-5.3030303030e-01 3.4848484848e-01 0.0000000000e+00 8.2401647162e-09 -8.9215989503e-09
-5.0000000000e-01 3.4848484848e-01 0.0000000000e+00 8.5832003469e-09 -9.2117981752e-09
-4.6969696970e-01 3.4848484848e-01 0.0000000000e+00 8.9485967914e-09 -9.5274662377e-09
-4.3939393939e-01 3.4848484848e-01 0.0000000000e+00 9.3373242830e-09 -9.8695733713e-09
-4.0909090909e-01 3.4848484848e-01 0.0000000000e+00 9.7500330001e-09 -1.0238769754e-08
-3.7878787879e-01 3.4848484848e-01 0.0000000000e+00 1.0186869908e-08 -1.0635202352e-08
-3.4848484848e-01 3.4848484848e-01 0.0000000000e+00 1.0647229442e-08 -1.1058265600e-08
-3.1818181818e-01 3.4848484848e-01 0.0000000000e+00 1.1129419731e-08 -1.1506267626e-08
-2.8787878788e-01 3.4848484848e-01 0.0000000000e+00 1.1630223706e-08 -1.1975991362e-08
-2.5757575758e-01 3.4848484848e-01 0.0000000000e+00 1.2144338249e-08 -1.2462133690e-08
-2.2727272727e-01 3.4848484848e-01 0.0000000000e+00 1.2663702391e-08 -1.2956633641e-08
-1.9696969697e-01 3.4848484848e-01 0.0000000000e+00 1.3176813833e-08 -1.3447988915e-08
-1.6666666667e-01 3.4848484848e-01 0.0000000000e+00 1.3668296620e-08 -1.3920823560e-08
-1.3636363636e-01 3.4848484848e-01 0.0000000000e+00 1.4119106522e-08 -1.4356093343e-08
-1.0606060606e-01 3.4848484848e-01 0.0000000000e+00 1.4507731372e-08 -1.4732286097e-08
-7.5757575758e-02 3.4848484848e-01 0.0000000000e+00 1.4812811045e-08 -1.5028041699e-08
-4.5454545455e-02 3.4848484848e-01 0.0000000000e+00 1.5017105709e-08 -1.5226120314e-08
-1.5151515152e-02 3.4848484848e-01 0.0000000000e+00 1.5110665112e-08 -1.5316571694e-08
1.5151515152e-02 3.4848484848e-01 0.0000000000e+00 1.5091140695e-08 -1.5297047276e-08
4.5454545455e-02 3.4848484848e-01 0.0000000000e+00 1.4962416549e-08 -1.5171431154e-08
7.5757575758e-02 3.4848484848e-01 0.0000000000e+00 1.4733403238e-08 -1.4948633891e-08
1.0606060606e-01 3.4848484848e-01 0.0000000000e+00 1.4417141794e-08 -1.4641696519e-08
1.3636363636e-01 3.4848484848e-01 0.0000000000e+00 1.4029711794e-08 -1.4266698614e-08
1.6666666667e-01 3.4848484848e-01 0.0000000000e+00 1.3588639988e-08 -1.3841166927e-08
1.9696969697e-01 3.4848484848e-01 0.0000000000e+00 1.3111139524e-08 -1.3382314607e-08
2.2727272727e-01 3.4848484848e-01 0.0000000000e+00 1.2612773066e-08 -1.2905704316e-08
2.5757575758e-01 3.4848484848e-01 0.0000000000e+00 1.2106716325e-08 -1.2424511766e-08
2.8787878788e-01 3.4848484848e-01 0.0000000000e+00 1.1603492371e-08 -1.1949260027e-08
3.1818181818e-01 3.4848484848e-01 0.0000000000e+00 1.1111032249e-08 -1.1487880143e-08
3.4848484848e-01 3.4848484848e-01 0.0000000000e+00 1.0634946868e-08 -1.1045983025e-08
3.7878787879e-01 3.4848484848e-01 0.0000000000e+00 1.0178907195e-08 -1.0627239639e-08
4.0909090909e-01 3.4848484848e-01 0.0000000000e+00 9.7450496019e-09 -1.0233786356e-08
4.3939393939e-01 3.4848484848e-01 0.0000000000e+00 9.3343523439e-09 -9.8666014322e-09
4.6969696970e-01 3.4848484848e-01 0.0000000000e+00 8.9469564815e-09 -9.5258259278e-09
5.0000000000e-01 3.4848484848e-01 0.0000000000e+00 8.5824237516e-09 -9.2110215799e-09
5.3030303030e-01 3.4848484848e-01 0.0000000000e+00 8.2399349107e-09 -8.9213691448e-09
5.6060606061e-01 3.4848484848e-01 0.0000000000e+00 7.9184370636e-09 -8.6558157275e-09
5.9090909091e-01 3.4848484848e-01 0.0000000000e+00 7.6167498714e-09 -8.4131809888e-09
6.2121212121e-01 3.4848484848e-01 0.0000000000e+00 7.3336399787e-09 -8.1922315736e-09
6.5151515152e-01 3.4848484848e-01 0.0000000000e+00 7.0678716386e-09 -7.9917317349e-09
6.8181818182e-01 3.4848484848e-01 0.0000000000e+00 6.8182399364e-09 -7.8104765579e-09
7.1212121212e-01 3.4848484848e-01 0.0000000000e+00 6.5835915492e-09 -7.6473127197e-09
7.4242424242e-01 3.4848484848e-01 0.0000000000e+00 6.3628367435e-09 -7.5011504869e-09
7.7272727273e-01 3.4848484848e-01 0.0000000000e+00 6.1549553263e-09 -7.3709696666e-09
8.0303030303e-01 3.4848484848e-01 0.0000000000e+00 5.9589985129e-09 -7.2558214738e-09
8.3333333333e-01 3.4848484848e-01 0.0000000000e+00 5.7740881083e-09 -7.1548277139e-09
8.6363636364e-01 3.4848484848e-01 0.0000000000e+00 5.5994139899e-09 -7.0671782639e-09
8.9393939394e-01 3.4848484848e-01 0.0000000000e+00 5.4342305732e-09 -6.9921275395e-09
9.2424242424e-01 3.4848484848e-01 0.0000000000e+00 5.2778527331e-09 -6.9289904156e-09
9.5454545455e-01 3.4848484848e-01 0.0000000000e+00 5.1296514980e-09 -6.8771379205e-09
9.8484848485e-01 3.4848484848e-01 0.0000000000e+00 4.9890497253e-09 -6.8359929118e-09
1.0151515152e+00 3.4848484848e-01 0.0000000000e+00 4.8555178946e-09 -6.8050258689e-09
1.0454545455e+00 3.4848484848e-01 0.0000000000e+00 4.7285700992e-09 -6.7837508852e-09
1.0757575758e+00 3.4848484848e-01 0.0000000000e+00 4.6077602831e-09 -6.7717219046e-09
1.1060606061e+00 3.4848484848e-01 0.0000000000e+00 4.4926787456e-09 -6.7685292266e-09
1.1363636364e+00 3.4848484848e-01 0.0000000000e+00 4.3829489188e-09 -6.7737962831e-09
1.1666666667e+00 3.4848484848e-01 0.0000000000e+00 4.2782244135e-09 -6.7871766849e-09
1.1969696970e+00 3.4848484848e-01 0.0000000000e+00 4.1781863224e-09 -6.8083515249e-09
1.2272727273e+00 3.4848484848e-01 0.0000000000e+00 4.0825407659e-09 -6.8370269233e-09
1.2575757576e+00 3.4848484848e-01 0.0000000000e+00 3.9910166632e-09 -6.8729317994e-09
1.2878787879e+00 3.4848484848e-01 0.0000000000e+00 3.9033637109e-09 -6.9158158498e-09
1.3181818182e+00 3.4848484848e-01 0.0000000000e+00 3.8193505524e-09 -6.9654477177e-09
1.3484848485e+00 3.4848484848e-01 0.0000000000e+00 3.7387631196e-09 -7.0216133354e-09
1.3787878788e+00 3.4848484848e-01 0.0000000000e+00 3.6614031336e-09 -7.0841144236e-09
1.4090909091e+00 3.4848484848e-01 0.0000000000e+00 3.5870867456e-09 -7.1527671338e-09
1.4393939394e+00 3.4848484848e-01 0.0000000000e+00 3.5156433086e-09 -7.2274008188e-09
1.4696969697e+00 3.4848484848e-01 0.0000000000e+00 3.4469142634e-09 -7.3078569196e-09
1.5000000000e+00 3.4848484848e-01 0.0000000000e+00 3.3807521305e-09 -7.3939879565e-09
-1.5000000000e+00 3.7878787879e-01 0.0000000000e+00 3.3650705234e-09 -7.4156026358e-09
-1.4696969697e+00 3.7878787879e-01 0.0000000000e+00 3.4302968268e-09 -7.3285357695e-09
-1.4393939394e+00 3.7878787879e-01 0.0000000000e+00 3.4980152776e-09 -7.2470690743e-09
-1.4090909091e+00 3.7878787879e-01 0.0000000000e+00 3.5683658707e-09 -7.1713425454e-09
-1.3787878788e+00 3.7878787879e-01 0.0000000000e+00 3.6414987815e-09 -7.1015063580e-09
-1.3484848485e+00 3.7878787879e-01 0.0000000000e+00 3.7175752486e-09 -7.0377217509e-09
-1.3181818182e+00 3.7878787879e-01 0.0000000000e+00 3.7967685418e-09 -6.9801619937e-09
-1.2878787879e+00 3.7878787879e-01 0.0000000000e+00 3.8792650223e-09 -6.9290134477e-09
-1.2575757576e+00 3.7878787879e-01 0.0000000000e+00 3.9652653046e-09 -6.8844767273e-09
-1.2272727273e+00 3.7878787879e-01 0.0000000000e+00 4.0549855277e-09 -6.8467679716e-09
-1.1969696970e+00 3.7878787879e-01 0.0000000000e+00 4.1486587460e-09 -6.8161202350e-09
-1.1666666667e+00 3.7878787879e-01 0.0000000000e+00 4.2465364477e-09 -6.7927850056e-09
-1.1363636364e+00 3.7878787879e-01 0.0000000000e+00 4.3488902100e-09 -6.7770338607e-09
-1.1060606061e+00 3.7878787879e-01 0.0000000000e+00 4.4560134987e-09 -6.7691602661e-09
-1.0757575758e+00 3.7878787879e-01 0.0000000000e+00 4.5682236176e-09 -6.7694815257e-09
-1.0454545455e+00 3.7878787879e-01 0.0000000000e+00 4.6858638115e-09 -6.7783408840e-09
-1.0151515152e+00 3.7878787879e-01 0.0000000000e+00 4.8093055196e-09 -6.7961097803e-09
-9.8484848485e-01 3.7878787879e-01 0.0000000000e+00 4.9389507731e-09 -6.8231902461e-09
-9.5454545455e-01 3.7878787879e-01 0.0000000000e+00 5.0752347175e-09 -6.8600174266e-09
-9.2424242424e-01 3.7878787879e-01 0.0000000000e+00 5.2186282275e-09 -6.9070621965e-09
-8.9393939394e-01 3.7878787879e-01 0.0000000000e+00 5.3696405630e-09 -6.9648338158e-09
-8.6363636364e-01 3.7878787879e-01 0.0000000000e+00 5.5288219862e-09 -7.0338825467e-09
-8.3333333333e-01 3.7878787879e-01 0.0000000000e+00 5.6967662219e-09 -7.1148021139e-09
-8.0303030303e-01 3.7878787879e-01 0.0000000000e+00 5.8741125880e-09 -7.2082318354e-09
-7.7272727273e-01 3.7878787879e-01 0.0000000000e+00 6.0615475550e-09 -7.3148581817e-09
-7.4242424242e-01 3.7878787879e-01 0.0000000000e+00 6.2598053883e-09 -7.4354154182e-09
-7.1212121212e-01 3.7878787879e-01 0.0000000000e+00 6.4696673984e-09 -7.5706848554e-09
-6.8181818182e-01 3.7878787879e-01 0.0000000000e+00 6.6919591417e-09 -7.7214920496e-09
-6.5151515152e-01 3.7878787879e-01 0.0000000000e+00 6.9275446763e-09 -7.8887010590e-09
-6.2121212121e-01 3.7878787879e-01 0.0000000000e+00 7.1773166616e-09 -8.0732045429e-09
-5.9090909091e-01 3.7878787879e-01 0.0000000000e+00 7.4421806824e-09 -8.2759080863e-09
-5.6060606061e-01 3.7878787879e-01 0.0000000000e+00 7.7230316515e-09 -8.4977066018e-09
-5.3030303030e-01 3.7878787879e-01 0.0000000000e+00 8.0207194916e-09 -8.7394500122e-09
-5.0000000000e-01 3.7878787879e-01 0.0000000000e+00 8.3360005008e-09 -9.0018946155e-09
-4.6969696970e-01 3.7878787879e-01 0.0000000000e+00 8.6694698760e-09 -9.2856356088e-09
-4.3939393939e-01 3.7878787879e-01 0.0000000000e+00 9.0214698486e-09 -9.5910152233e-09
-4.0909090909e-01 3.7878787879e-01 0.0000000000e+00 9.3919668612e-09 -9.9179999017e-09
-3.7878787879e-01 3.7878787879e-01 0.0000000000e+00 9.7803903755e-09 -1.0266019106e-08
-3.4848484848e-01 3.7878787879e-01 0.0000000000e+00 1.0185425609e-08 -1.0633758053e-08
-3.1818181818e-01 3.7878787879e-01 0.0000000000e+00 1.0604753607e-08 -1.1018897788e-08
-2.8787878788e-01 3.7878787879e-01 0.0000000000e+00 1.1034736554e-08 -1.1417800497e-08
-2.5757575758e-01 3.7878787879e-01 0.0000000000e+00 1.1470058769e-08 -1.1825150497e-08
-2.2727272727e-01 3.7878787879e-01 0.0000000000e+00 1.1903362377e-08 -1.2233589913e-08
-1.9696969697e-01 3.7878787879e-01 0.0000000000e+00 1.2324968618e-08 -1.2633439988e-08
-1.6666666667e-01 3.7878787879e-01 0.0000000000e+00 1.2722840569e-08 -1.3012663795e-08
-1.3636363636e-01 3.7878787879e-01 0.0000000000e+00 1.3082980499e-08 -1.3357263606e-08
-1.0606060606e-01 3.7878787879e-01 0.0000000000e+00 1.3390429741e-08 -1.3652280752e-08
-7.5757575758e-02 3.7878787879e-01 0.0000000000e+00 1.3630920640e-08 -1.3883447580e-08
-4.5454545455e-02 3.7878787879e-01 0.0000000000e+00 1.3792880923e-08 -1.4039191814e-08
-1.5151515152e-02 3.7878787879e-01 0.0000000000e+00 1.3869024955e-08 -1.4112227823e-08
1.5151515152e-02 3.7878787879e-01 0.0000000000e+00 1.3856916633e-08 -1.4100119501e-08
4.5454545455e-02 3.7878787879e-01 0.0000000000e+00 1.3758665386e-08 -1.4004976278e-08
7.5757575758e-02 3.7878787879e-01 0.0000000000e+00 1.3580273372e-08 -1.3832800311e-08
1.0606060606e-01 3.7878787879e-01 0.0000000000e+00 1.3330881125e-08 -1.3592732137e-08
1.3636363636e-01 3.7878787879e-01 0.0000000000e+00 1.3021883215e-08 -1.3296166322e-08
1.6666666667e-01 3.7878787879e-01 0.0000000000e+00 1.2665878465e-08 -1.2955701691e-08
1.9696969697e-01 3.7878787879e-01 0.0000000000e+00 1.2275583290e-08 -1.2584054660e-08
2.2727272727e-01 3.7878787879e-01 0.0000000000e+00 1.1862921758e-08 -1.2193149294e-08
2.5757575758e-01 3.7878787879e-01 0.0000000000e+00 1.1438413673e-08 -1.1793505400e-08
2.8787878788e-01 3.7878787879e-01 0.0000000000e+00 1.1010859291e-08 -1.1393923233e-08
3.1818181818e-01 3.7878787879e-01 0.0000000000e+00 1.0587263480e-08 -1.1001407661e-08
3.4848484848e-01 3.7878787879e-01 0.0000000000e+00 1.0172930289e-08 -1.0621262733e-08
3.7878787879e-01 3.7878787879e-01 0.0000000000e+00 9.7716613330e-09 -1.0257290063e-08
4.0909090909e-01 3.7878787879e-01 0.0000000000e+00 9.3860013769e-09 -9.9120344174e-09
4.3939393939e-01 3.7878787879e-01 0.0000000000e+00 9.0174896869e-09 -9.5870350617e-09
4.6969696970e-01 3.7878787879e-01 0.0000000000e+00 8.6668914999e-09 -9.2830572327e-09
5.0000000000e-01 3.7878787879e-01 0.0000000000e+00 8.3343970045e-09 -9.0002911193e-09
5.3030303030e-01 3.7878787879e-01 0.0000000000e+00 8.0197842059e-09 -8.7385147265e-09
5.6060606061e-01 3.7878787879e-01 0.0000000000e+00 7.7225473606e-09 -8.4972223109e-09
5.9090909091e-01 3.7878787879e-01 0.0000000000e+00 7.4419952851e-09 -8.2757226890e-09
6.2121212121e-01 3.7878787879e-01 0.0000000000e+00 7.1773247148e-09 -8.0732125962e-09
6.5151515152e-01 3.7878787879e-01 0.0000000000e+00 6.9276737812e-09 -7.8888301639e-09
6.8181818182e-01 3.7878787879e-01 0.0000000000e+00 6.6921600917e-09 -7.7216929996e-09
7.1212121212e-01 3.7878787879e-01 0.0000000000e+00 6.4699071452e-09 -7.5709246021e-09
7.4242424242e-01 3.7878787879e-01 0.0000000000e+00 6.2600620683e-09 -7.4356720982e-09
7.7272727273e-01 3.7878787879e-01 0.0000000000e+00 6.0618069987e-09 -7.3151176254e-09
8.0303030303e-01 3.7878787879e-01 0.0000000000e+00 5.8743658826e-09 -7.2084851300e-09
8.3333333333e-01 3.7878787879e-01 0.0000000000e+00 5.6970080180e-09 -7.1150439100e-09
8.6363636364e-01 3.7878787879e-01 0.0000000000e+00 5.5290493259e-09 -7.0341098864e-09
8.9393939394e-01 3.7878787879e-01 0.0000000000e+00 5.3698520713e-09 -6.9650453241e-09
9.2424242424e-01 3.7878787879e-01 0.0000000000e+00 5.2188235585e-09 -6.9072575275e-09
9.5454545455e-01 3.7878787879e-01 0.0000000000e+00 5.0754141752e-09 -6.8601968842e-09
9.8484848485e-01 3.7878787879e-01 0.0000000000e+00 4.9391150549e-09 -6.8233545278e-09
1.0151515152e+00 3.7878787879e-01 0.0000000000e+00 4.8094555437e-09 -6.7962598044e-09
1.0454545455e+00 3.7878787879e-01 0.0000000000e+00 4.6860006026e-09 -6.7784776751e-09
1.0757575758e+00 3.7878787879e-01 0.0000000000e+00 4.5683482323e-09 -6.7696061403e-09
1.1060606061e+00 3.7878787879e-01 0.0000000000e+00 4.4561269780e-09 -6.7692737454e-09
1.1363636364e+00 3.7878787879e-01 0.0000000000e+00 4.3489935508e-09 -6.7771372015e-09
1.1666666667e+00 3.7878787879e-01 0.0000000000e+00 4.2466305861e-09 -6.7928791440e-09
1.1969696970e+00 3.7878787879e-01 0.0000000000e+00 4.1487445495e-09 -6.8162060385e-09
1.2272727273e+00 3.7878787879e-01 0.0000000000e+00 4.0550637925e-09 -6.8468462363e-09
1.2575757576e+00 3.7878787879e-01 0.0000000000e+00 3.9653367562e-09 -6.8845481789e-09
1.2878787879e+00 3.7878787879e-01 0.0000000000e+00 3.8793303188e-09 -6.9290787441e-09
1.3181818182e+00 3.7878787879e-01 0.0000000000e+00 3.7968282776e-09 -6.9802217295e-09
1.3484848485e+00 3.7878787879e-01 0.0000000000e+00 3.7176299596e-09 -7.0377764619e-09
1.3787878788e+00 3.7878787879e-01 0.0000000000e+00 3.6415489496e-09 -7.1015565261e-09
1.4090909091e+00 3.7878787879e-01 0.0000000000e+00 3.5684119289e-09 -7.1713886036e-09
1.4393939394e+00 3.7878787879e-01 0.0000000000e+00 3.4980576148e-09 -7.2471114115e-09
1.4696969697e+00 3.7878787879e-01 0.0000000000e+00 3.4303357921e-09 -7.3285747347e-09
1.5000000000e+00 3.7878787879e-01 0.0000000000e+00 3.3651064299e-09 -7.4156385423e-09
-1.5000000000e+00 4.0909090909e-01 0.0000000000e+00 3.3483667068e-09 -7.4393031296e-09
-1.4696969697e+00 4.0909090909e-01 0.0000000000e+00 3.4126073952e-09 -7.3512506481e-09
-1.4393939394e+00 4.0909090909e-01 0.0000000000e+00 3.4792626276e-09 -7.2687207347e-09
-1.4090909091e+00 4.0909090909e-01 0.0000000000e+00 3.5484647702e-09 -7.1918457553e-09
-1.3787878788e+00 4.0909090909e-01 0.0000000000e+00 3.6203554729e-09 -7.1207673598e-09
-1.3484848485e+00 4.0909090909e-01 0.0000000000e+00 3.6950864303e-09 -7.0556372430e-09
-1.3181818182e+00 4.0909090909e-01 0.0000000000e+00 3.7728202091e-09 -6.9966179713e-09
-1.2878787879e+00 4.0909090909e-01 0.0000000000e+00 3.8537311458e-09 -6.9438838815e-09
-1.2575757576e+00 4.0909090909e-01 0.0000000000e+00 3.9380063204e-09 -6.8976220534e-09
-1.2272727273e+00 4.0909090909e-01 0.0000000000e+00 4.0258466095e-09 -6.8580333637e-09
-1.1969696970e+00 4.0909090909e-01 0.0000000000e+00 4.1174678240e-09 -6.8253336233e-09
-1.1666666667e+00 4.0909090909e-01 0.0000000000e+00 4.2131019331e-09 -6.7997548013e-09
-1.1363636364e+00 4.0909090909e-01 0.0000000000e+00 4.3129983757e-09 -6.7815463368e-09
-1.1060606061e+00 4.0909090909e-01 0.0000000000e+00 4.4174254603e-09 -6.7709765381e-09
-1.0757575758e+00 4.0909090909e-01 0.0000000000e+00 4.5266718463e-09 -6.7683340647e-09
-1.0454545455e+00 4.0909090909e-01 0.0000000000e+00 4.6410481003e-09 -6.7739294832e-09
-1.0151515152e+00 4.0909090909e-01 0.0000000000e+00 4.7608883100e-09 -6.7880968811e-09
-9.8484848485e-01 4.0909090909e-01 0.0000000000e+00 4.8865517322e-09 -6.8111955155e-09
-9.5454545455e-01 4.0909090909e-01 0.0000000000e+00 5.0184244380e-09 -6.8436114574e-09
-9.2424242424e-01 4.0909090909e-01 0.0000000000e+00 5.1569209012e-09 -6.8857591805e-09
-8.9393939394e-01 4.0909090909e-01 0.0000000000e+00 5.3024854530e-09 -6.9380830161e-09
-8.6363636364e-01 4.0909090909e-01 0.0000000000e+00 5.4555934983e-09 -7.0010583691e-09
-8.3333333333e-01 4.0909090909e-01 0.0000000000e+00 5.6167523434e-09 -7.0751925457e-09
-8.0303030303e-01 4.0909090909e-01 0.0000000000e+00 5.7865014364e-09 -7.1610249942e-09
-7.7272727273e-01 4.0909090909e-01 0.0000000000e+00 5.9654117471e-09 -7.2591266842e-09
-7.4242424242e-01 4.0909090909e-01 0.0000000000e+00 6.1540839195e-09 -7.3700982598e-09
-7.1212121212e-01 4.0909090909e-01 0.0000000000e+00 6.3531447113e-09 -7.4945664786e-09
-6.8181818182e-01 4.0909090909e-01 0.0000000000e+00 6.5632410748e-09 -7.6331782931e-09
-6.5151515152e-01 4.0909090909e-01 0.0000000000e+00 6.7850310335e-09 -7.7865917265e-09
-6.2121212121e-01 4.0909090909e-01 0.0000000000e+00 7.0191702573e-09 -7.9554624491e-09
-5.9090909091e-01 4.0909090909e-01 0.0000000000e+00 7.2662929271e-09 -8.1404246413e-09
-5.6060606061e-01 4.0909090909e-01 0.0000000000e+00 7.5269851025e-09 -8.3420643632e-09
-5.3030303030e-01 4.0909090909e-01 0.0000000000e+00 7.8017483758e-09 -8.5608832067e-09
-5.0000000000e-01 4.0909090909e-01 0.0000000000e+00 8.0909511122e-09 -8.7972495373e-09
-4.6969696970e-01 4.0909090909e-01 0.0000000000e+00 8.3947641016e-09 -9.0513341447e-09
-4.3939393939e-01 4.0909090909e-01 0.0000000000e+00 8.7130770434e-09 -9.3230267284e-09
-4.0909090909e-01 4.0909090909e-01 0.0000000000e+00 9.0453921135e-09 -9.6118294643e-09
-3.7878787879e-01 4.0909090909e-01 0.0000000000e+00 9.3906911692e-09 -9.9167242097e-09
-3.4848484848e-01 4.0909090909e-01 0.0000000000e+00 9.7472744000e-09 -1.0236011154e-08
-3.1818181818e-01 4.0909090909e-01 0.0000000000e+00 1.0112571261e-08 -1.0567119753e-08
-2.8787878788e-01 4.0909090909e-01 0.0000000000e+00 1.0482930809e-08 -1.0906399061e-08
-2.5757575758e-01 4.0909090909e-01 0.0000000000e+00 1.0853410328e-08 -1.1248906366e-08
-2.2727272727e-01 4.0909090909e-01 0.0000000000e+00 1.1217600633e-08 -1.1588232480e-08
-1.9696969697e-01 4.0909090909e-01 0.0000000000e+00 1.1567552646e-08 -1.1916428325e-08
-1.6666666667e-01 4.0909090909e-01 0.0000000000e+00 1.1893893751e-08 -1.2224121287e-08
-1.3636363636e-01 4.0909090909e-01 0.0000000000e+00 1.2186225826e-08 -1.2500913243e-08
-1.0606060606e-01 4.0909090909e-01 0.0000000000e+00 1.2433860097e-08 -1.2736115419e-08
-7.5757575758e-02 4.0909090909e-01 0.0000000000e+00 1.2626848583e-08 -1.2919779833e-08
-4.5454545455e-02 4.0909090909e-01 0.0000000000e+00 1.2757116213e-08 -1.3043831415e-08
-1.5151515152e-02 4.0909090909e-01 0.0000000000e+00 1.2819375432e-08 -1.3102982610e-08
1.5151515152e-02 4.0909090909e-01 0.0000000000e+00 1.2811579125e-08 -1.3095186303e-08
4.5454545455e-02 4.0909090909e-01 0.0000000000e+00 1.2734905397e-08 -1.3021620599e-08
7.5757575758e-02 4.0909090909e-01 0.0000000000e+00 1.2593426279e-08 -1.2886357529e-08
1.0606060606e-01 4.0909090909e-01 0.0000000000e+00 1.2393594165e-08 -1.2695849486e-08
1.3636363636e-01 4.0909090909e-01 0.0000000000e+00 1.2143605161e-08 -1.2458292578e-08
1.6666666667e-01 4.0909090909e-01 0.0000000000e+00 1.1852679718e-08 -1.2182907254e-08
1.9696969697e-01 4.0909090909e-01 0.0000000000e+00 1.1530336470e-08 -1.1879212149e-08
2.2727272727e-01 4.0909090909e-01 0.0000000000e+00 1.1185757244e-08 -1.1556389090e-08
2.5757575758e-01 4.0909090909e-01 0.0000000000e+00 1.0827313332e-08 -1.1222809370e-08
2.8787878788e-01 4.0909090909e-01 0.0000000000e+00 1.0462273102e-08 -1.0885741354e-08
3.1818181818e-01 4.0909090909e-01 0.0000000000e+00 1.0096673585e-08 -1.0551222077e-08
3.4848484848e-01 4.0909090909e-01 0.0000000000e+00 9.7353207468e-09 -1.0224057501e-08
3.7878787879e-01 4.0909090909e-01 0.0000000000e+00 9.3818782268e-09 -9.9079112673e-09
4.0909090909e-01 4.0909090909e-01 0.0000000000e+00 9.0390071992e-09 -9.6054445501e-09
4.3939393939e-01 4.0909090909e-01 0.0000000000e+00 8.7085272352e-09 -9.3184769203e-09
4.6969696970e-01 4.0909090909e-01 0.0000000000e+00 8.3915769339e-09 -9.0481469771e-09
5.0000000000e-01 4.0909090909e-01 0.0000000000e+00 8.0887613647e-09 -8.7950597899e-09
5.3030303030e-01 4.0909090909e-01 0.0000000000e+00 7.8002798965e-09 -8.5594147275e-09
5.6060606061e-01 4.0909090909e-01 0.0000000000e+00 7.5260324993e-09 -8.3411117600e-09
5.9090909091e-01 4.0909090909e-01 0.0000000000e+00 7.2657053516e-09 -8.1398370659e-09
6.2121212121e-01 4.0909090909e-01 0.0000000000e+00 7.0188380196e-09 -7.9551302114e-09
6.5151515152e-01 4.0909090909e-01 0.0000000000e+00 6.7848750256e-09 -7.7864357186e-09
6.8181818182e-01 4.0909090909e-01 0.0000000000e+00 6.5632046548e-09 -7.6331418731e-09
7.1212121212e-01 4.0909090909e-01 0.0000000000e+00 6.3531876001e-09 -7.4946093674e-09
7.4242424242e-01 4.0909090909e-01 0.0000000000e+00 6.1541776762e-09 -7.3701920165e-09
7.7272727273e-01 4.0909090909e-01 0.0000000000e+00 5.9655364503e-09 -7.2592513874e-09
8.0303030303e-01 4.0909090909e-01 0.0000000000e+00 5.7866432673e-09 -7.1611668251e-09
8.3333333333e-01 4.0909090909e-01 0.0000000000e+00 5.6169018359e-09 -7.0753420383e-09
8.6363636364e-01 4.0909090909e-01 0.0000000000e+00 5.4557442781e-09 -7.0012091489e-09
8.9393939394e-01 4.0909090909e-01 0.0000000000e+00 5.3026333305e-09 -6.9382308937e-09
9.2424242424e-01 4.0909090909e-01 0.0000000000e+00 5.1570632222e-09 -6.8859015015e-09
9.5454545455e-01 4.0909090909e-01 0.0000000000e+00 5.0185596190e-09 -6.8437466384e-09
9.8484848485e-01 4.0909090909e-01 0.0000000000e+00 4.8866789294e-09 -6.8113227127e-09
1.0151515152e+00 4.0909090909e-01 0.0000000000e+00 4.7610071837e-09 -6.7882157548e-09
1.0454545455e+00 4.0909090909e-01 0.0000000000e+00 4.6411586480e-09 -6.7740400308e-09
1.0757575758e+00 4.0909090909e-01 0.0000000000e+00 4.5267742850e-09 -6.7684365033e-09
1.1060606061e+00 4.0909090909e-01 0.0000000000e+00 4.4175201438e-09 -6.7710712215e-09
1.1363636364e+00 4.0909090909e-01 0.0000000000e+00 4.3130857373e-09 -6.7816336984e-09
1.1666666667e+00 4.0909090909e-01 0.0000000000e+00 4.2131824459e-09 -6.7998353141e-09
1.1969696970e+00 4.0909090909e-01 0.0000000000e+00 4.1175419742e-09 -6.8254077735e-09
1.2272727273e+00 4.0909090909e-01 0.0000000000e+00 4.0259148782e-09 -6.8581016324e-09
1.2575757576e+00 4.0909090909e-01 0.0000000000e+00 3.9380691728e-09 -6.8976849058e-09
1.2878787879e+00 4.0909090909e-01 0.0000000000e+00 3.8537890236e-09 -6.9439417593e-09
1.3181818182e+00 4.0909090909e-01 0.0000000000e+00 3.7728735269e-09 -6.9966712892e-09
1.3484848485e+00 4.0909090909e-01 0.0000000000e+00 3.6951355738e-09 -7.0556863864e-09
1.3787878788e+00 4.0909090909e-01 0.0000000000e+00 3.6204007984e-09 -7.1208126853e-09
1.4090909091e+00 4.0909090909e-01 0.0000000000e+00 3.5485066054e-09 -7.1918875904e-09
1.4393939394e+00 4.0909090909e-01 0.0000000000e+00 3.4793012726e-09 -7.2687593797e-09
1.4696969697e+00 4.0909090909e-01 0.0000000000e+00 3.4126431243e-09 -7.3512863773e-09
1.5000000000e+00 4.0909090909e-01 0.0000000000e+00 3.3483997701e-09 -7.4393361929e-09
-1.5000000000e+00 4.3939393939e-01 0.0000000000e+00 3.3306536538e-09 -7.4651024108e-09
-1.4696969697e+00 4.3939393939e-01 0.0000000000e+00 3.3938604131e-09 -7.3760160003e-09
-1.4393939394e+00 4.3939393939e-01 0.0000000000e+00 3.4594014556e-09 -7.2923718969e-09
-1.4090909091e+00 4.3939393939e-01 0.0000000000e+00 3.5274013990e-09 -7.2142947183e-09
-1.3787878788e+00 4.3939393939e-01 0.0000000000e+00 3.5979932549e-09 -7.1419174761e-09
-1.3484848485e+00 4.3939393939e-01 0.0000000000e+00 3.6713190725e-09 -7.0753822194e-09
-1.3181818182e+00 4.3939393939e-01 0.0000000000e+00 3.7475306306e-09 -7.0148407270e-09
-1.2878787879e+00 4.3939393939e-01 0.0000000000e+00 3.8267901804e-09 -6.9604552503e-09
-1.2575757576e+00 4.3939393939e-01 0.0000000000e+00 3.9092712411e-09 -6.9123993083e-09
-1.2272727273e+00 4.3939393939e-01 0.0000000000e+00 3.9951594470e-09 -6.8708585355e-09
-1.1969696970e+00 4.3939393939e-01 0.0000000000e+00 4.0846534484e-09 -6.8360315819e-09
-1.1666666667e+00 4.3939393939e-01 0.0000000000e+00 4.1779658609e-09 -6.8081310634e-09
-1.1363636364e+00 4.3939393939e-01 0.0000000000e+00 4.2753242614e-09 -6.7873845567e-09
-1.1060606061e+00 4.3939393939e-01 0.0000000000e+00 4.3769722206e-09 -6.7740356326e-09
-1.0757575758e+00 4.3939393939e-01 0.0000000000e+00 4.4831703613e-09 -6.7683449138e-09
-1.0454545455e+00 4.3939393939e-01 0.0000000000e+00 4.5941974231e-09 -6.7705911401e-09
-1.0151515152e+00 4.3939393939e-01 0.0000000000e+00 4.7103513094e-09 -6.7810722147e-09
-9.8484848485e-01 4.3939393939e-01 0.0000000000e+00 4.8319500780e-09 -6.8001061956e-09
-9.5454545455e-01 4.3939393939e-01 0.0000000000e+00 4.9593328280e-09 -6.8280321816e-09
-9.2424242424e-01 4.3939393939e-01 0.0000000000e+00 5.0928604128e-09 -6.8652110264e-09
-8.9393939394e-01 4.3939393939e-01 0.0000000000e+00 5.2329158904e-09 -6.9120257878e-09
-8.6363636364e-01 4.3939393939e-01 0.0000000000e+00 5.3799045871e-09 -6.9688817922e-09
-8.3333333333e-01 4.3939393939e-01 0.0000000000e+00 5.5342536158e-09 -7.0362061524e-09
-8.0303030303e-01 4.3939393939e-01 0.0000000000e+00 5.6964106358e-09 -7.1144465278e-09
-7.7272727273e-01 4.3939393939e-01 0.0000000000e+00 5.8668415791e-09 -7.2040688504e-09
-7.4242424242e-01 4.3939393939e-01 0.0000000000e+00 6.0460269838e-09 -7.3055536583e-09
-7.1212121212e-01 4.3939393939e-01 0.0000000000e+00 6.2344564737e-09 -7.4193905752e-09
-6.8181818182e-01 4.3939393939e-01 0.0000000000e+00 6.4326207947e-09 -7.5460703471e-09
-6.5151515152e-01 4.3939393939e-01 0.0000000000e+00 6.6410006618e-09 -7.6860736891e-09
-6.2121212121e-01 4.3939393939e-01 0.0000000000e+00 6.8600514855e-09 -7.8398560114e-09
-5.9090909091e-01 4.3939393939e-01 0.0000000000e+00 7.0901828282e-09 -8.0078268767e-09
-5.6060606061e-01 4.3939393939e-01 0.0000000000e+00 7.3317312064e-09 -8.1903228013e-09
-5.3030303030e-01 4.3939393939e-01 0.0000000000e+00 7.5849246030e-09 -8.3875717682e-09
-5.0000000000e-01 4.3939393939e-01 0.0000000000e+00 7.8498368367e-09 -8.5996475961e-09
-4.6969696970e-01 4.3939393939e-01 0.0000000000e+00 8.1263297894e-09 -8.8264121667e-09
-4.3939393939e-01 4.3939393939e-01 0.0000000000e+00 8.4139815250e-09 -9.0674435443e-09
-4.0909090909e-01 4.3939393939e-01 0.0000000000e+00 8.7119986845e-09 -9.3219483695e-09
-3.7878787879e-01 4.3939393939e-01 0.0000000000e+00 9.0191124567e-09 -9.5886578314e-09
-3.4848484848e-01 4.3939393939e-01 0.0000000000e+00 9.3334592710e-09 -9.8657083593e-09
-3.1818181818e-01 4.3939393939e-01 0.0000000000e+00 9.6524506889e-09 -1.0150511515e-08
-2.8787878788e-01 4.3939393939e-01 0.0000000000e+00 9.9726425212e-09 -1.0439623108e-08
-2.5757575758e-01 4.3939393939e-01 0.0000000000e+00 1.0289621652e-08 -1.0728630025e-08
-2.2727272727e-01 4.3939393939e-01 0.0000000000e+00 1.0597940308e-08 -1.1012084489e-08
-1.9696969697e-01 4.3939393939e-01 0.0000000000e+00 1.0891139220e-08 -1.1283527234e-08
-1.6666666667e-01 4.3939393939e-01 0.0000000000e+00 1.1161907484e-08 -1.1535647355e-08
-1.3636363636e-01 4.3939393939e-01 0.0000000000e+00 1.1402419017e-08 -1.1760618769e-08
-1.0606060606e-01 4.3939393939e-01 0.0000000000e+00 1.1604855074e-08 -1.1950622730e-08
-7.5757575758e-02 4.3939393939e-01 0.0000000000e+00 1.1762066525e-08 -1.2098510109e-08
-4.5454545455e-02 4.3939393939e-01 0.0000000000e+00 1.1868262652e-08 -1.2198490188e-08
-1.5151515152e-02 4.3939393939e-01 0.0000000000e+00 1.1919575983e-08 -1.2246695496e-08
1.5151515152e-02 4.3939393939e-01 0.0000000000e+00 1.1914386485e-08 -1.2241505998e-08
4.5454545455e-02 4.3939393939e-01 0.0000000000e+00 1.1853376186e-08 -1.2183603723e-08
7.5757575758e-02 4.3939393939e-01 0.0000000000e+00 1.1739358655e-08 -1.2075802239e-08
1.0606060606e-01 4.3939393939e-01 0.0000000000e+00 1.1576948022e-08 -1.1922715678e-08
1.3636363636e-01 4.3939393939e-01 0.0000000000e+00 1.1372121359e-08 -1.1730321110e-08
1.6666666667e-01 4.3939393939e-01 0.0000000000e+00 1.1131721779e-08 -1.1505461650e-08
1.9696969697e-01 4.3939393939e-01 0.0000000000e+00 1.0862955539e-08 -1.1255343553e-08
2.2727272727e-01 4.3939393939e-01 0.0000000000e+00 1.0572938909e-08 -1.0987083090e-08
2.5757575758e-01 4.3939393939e-01 0.0000000000e+00 1.0268337575e-08 -1.0707345947e-08
2.8787878788e-01 4.3939393939e-01 0.0000000000e+00 9.9551181239e-09 -1.0422098711e-08
3.1818181818e-01 4.3939393939e-01 0.0000000000e+00 9.6384094183e-09 -1.0136470244e-08
3.4848484848e-01 4.3939393939e-01 0.0000000000e+00 9.3224574483e-09 -9.8547065365e-09
3.7878787879e-01 4.3939393939e-01 0.0000000000e+00 9.0106507110e-09 -9.5801960857e-09
4.0909090909e-01 4.3939393939e-01 0.0000000000e+00 8.7055923426e-09 -9.3155420276e-09
4.3939393939e-01 4.3939393939e-01 0.0000000000e+00 8.4091980482e-09 -9.0626600675e-09
4.6969696970e-01 4.3939393939e-01 0.0000000000e+00 8.1228035163e-09 -8.8228858937e-09
5.0000000000e-01 4.3939393939e-01 0.0000000000e+00 7.8472699993e-09 -8.5970807586e-09
5.3030303030e-01 4.3939393939e-01 0.0000000000e+00 7.5830811644e-09 -8.3857283296e-09
5.6060606061e-01 4.3939393939e-01 0.0000000000e+00 7.3304277490e-09 -8.1890193439e-09
5.9090909091e-01 4.3939393939e-01 0.0000000000e+00 7.0892789424e-09 -8.0069229909e-09
6.2121212121e-01 4.3939393939e-01 0.0000000000e+00 6.8594409107e-09 -7.8392454366e-09
6.5151515152e-01 4.3939393939e-01 0.0000000000e+00 6.6406036969e-09 -7.6856767242e-09
6.8181818182e-01 4.3939393939e-01 0.0000000000e+00 6.4323780852e-09 -7.5458276377e-09
7.1212121212e-01 4.3939393939e-01 0.0000000000e+00 6.2343240788e-09 -7.4192581804e-09
7.4242424242e-01 4.3939393939e-01 0.0000000000e+00 6.0459725413e-09 -7.3054992158e-09
7.7272727273e-01 4.3939393939e-01 0.0000000000e+00 5.8668413695e-09 -7.2040686408e-09
8.0303030303e-01 4.3939393939e-01 0.0000000000e+00 5.6964473589e-09 -7.1144832509e-09
8.3333333333e-01 4.3939393939e-01 0.0000000000e+00 5.5343147209e-09 -7.0362672575e-09
8.6363636364e-01 4.3939393939e-01 0.0000000000e+00 5.3799810261e-09 -6.9689582312e-09
8.9393939394e-01 4.3939393939e-01 0.0000000000e+00 5.2330011910e-09 -6.9121110883e-09
9.2424242424e-01 4.3939393939e-01 0.0000000000e+00 5.0929499914e-09 -6.8653006049e-09
9.5454545455e-01 4.3939393939e-01 0.0000000000e+00 4.9594234819e-09 -6.8281228355e-09
9.8484848485e-01 4.3939393939e-01 0.0000000000e+00 4.8320396111e-09 -6.8001957286e-09
1.0151515152e+00 4.3939393939e-01 0.0000000000e+00 4.7104382557e-09 -6.7811591610e-09
1.0454545455e+00 4.3939393939e-01 0.0000000000e+00 4.5942808440e-09 -6.7706745610e-09
1.0757575758e+00 4.3939393939e-01 0.0000000000e+00 4.4832496962e-09 -6.7684242488e-09
1.1060606061e+00 4.3939393939e-01 0.0000000000e+00 4.3770471777e-09 -6.7741105897e-09
1.1363636364e+00 4.3939393939e-01 0.0000000000e+00 4.2753947372e-09 -6.7874550325e-09
1.1666666667e+00 4.3939393939e-01 0.0000000000e+00 4.1780318823e-09 -6.8081970848e-09
1.1969696970e+00 4.3939393939e-01 0.0000000000e+00 4.0847151299e-09 -6.8360932634e-09
1.2272727273e+00 4.3939393939e-01 0.0000000000e+00 3.9952169598e-09 -6.8709160483e-09
1.2575757576e+00 4.3939393939e-01 0.0000000000e+00 3.9093247911e-09 -6.9124528584e-09
1.2878787879e+00 4.3939393939e-01 0.0000000000e+00 3.8268399926e-09 -6.9605050625e-09
1.3181818182e+00 4.3939393939e-01 0.0000000000e+00 3.7475769375e-09 -7.0148870339e-09
1.3484848485e+00 4.3939393939e-01 0.0000000000e+00 3.6713621068e-09 -7.0754252536e-09
1.3787878788e+00 4.3939393939e-01 0.0000000000e+00 3.5980332440e-09 -7.1419574651e-09
1.4090909091e+00 4.3939393939e-01 0.0000000000e+00 3.5274385616e-09 -7.2143318809e-09
1.4393939394e+00 4.3939393939e-01 0.0000000000e+00 3.4594359999e-09 -7.2924064412e-09
1.4696969697e+00 4.3939393939e-01 0.0000000000e+00 3.3938925351e-09 -7.3760481223e-09
1.5000000000e+00 4.3939393939e-01 0.0000000000e+00 3.3306835371e-09 -7.4651322940e-09
-1.5000000000e+00 4.6969696970e-01 0.0000000000e+00 3.3119842757e-09 -7.4930533908e-09
-1.4696969697e+00 4.6969696970e-01 0.0000000000e+00 3.3741137212e-09 -7.4028896665e-09
-1.4393939394e+00 4.6969696970e-01 0.0000000000e+00 3.4384950742e-09 -7.3180858736e-09
-1.4090909091e+00 4.6969696970e-01 0.0000000000e+00 3.5052451529e-09 -7.2387588303e-09
-1.3787878788e+00 4.6969696970e-01 0.0000000000e+00 3.5744882956e-09 -7.1650328748e-09
-1.3484848485e+00 4.6969696970e-01 0.0000000000e+00 3.6463568926e-09 -7.0970403975e-09
-1.3181818182e+00 4.6969696970e-01 0.0000000000e+00 3.7209919508e-09 -7.0349224053e-09
-1.2878787879e+00 4.6969696970e-01 0.0000000000e+00 3.7985436908e-09 -6.9788291188e-09
-1.2575757576e+00 4.6969696970e-01 0.0000000000e+00 3.8791721755e-09 -6.9289206009e-09
-1.2272727273e+00 4.6969696970e-01 0.0000000000e+00 3.9630479668e-09 -6.8853674133e-09
-1.1969696970e+00 4.6969696970e-01 0.0000000000e+00 4.0503528072e-09 -6.8483512988e-09
-1.1666666667e+00 4.6969696970e-01 0.0000000000e+00 4.1412803198e-09 -6.8180658803e-09
-1.1363636364e+00 4.6969696970e-01 0.0000000000e+00 4.2360367164e-09 -6.7947173698e-09
-1.1060606061e+00 4.6969696970e-01 0.0000000000e+00 4.3348415018e-09 -6.7785252719e-09
-1.0757575758e+00 4.6969696970e-01 0.0000000000e+00 4.4379281547e-09 -6.7697230654e-09
-1.0454545455e+00 4.6969696970e-01 0.0000000000e+00 4.5455447620e-09 -6.7685588371e-09
-1.0151515152e+00 4.6969696970e-01 0.0000000000e+00 4.6579545720e-09 -6.7752958354e-09
-9.8484848485e-01 4.6969696970e-01 0.0000000000e+00 4.7754364238e-09 -6.7902128994e-09
-9.5454545455e-01 4.6969696970e-01 0.0000000000e+00 4.8982849942e-09 -6.8136047059e-09
-9.2424242424e-01 4.6969696970e-01 0.0000000000e+00 5.0268107866e-09 -6.8457817583e-09
-8.9393939394e-01 4.6969696970e-01 0.0000000000e+00 5.1613397653e-09 -6.8870700207e-09
-8.6363636364e-01 4.6969696970e-01 0.0000000000e+00 5.3022125062e-09 -6.9378100693e-09
-8.3333333333e-01 4.6969696970e-01 0.0000000000e+00 5.4497827046e-09 -6.9983555993e-09
-8.0303030303e-01 4.6969696970e-01 0.0000000000e+00 5.6044148306e-09 -7.0690710807e-09
-7.7272727273e-01 4.6969696970e-01 0.0000000000e+00 5.7664806706e-09 -7.1503283000e-09
-7.4242424242e-01 4.6969696970e-01 0.0000000000e+00 5.9363544253e-09 -7.2425014579e-09
-7.1212121212e-01 4.6969696970e-01 0.0000000000e+00 6.1144059503e-09 -7.3459604100e-09
-6.8181818182e-01 4.6969696970e-01 0.0000000000e+00 6.3009916315e-09 -7.4610615421e-09
-6.5151515152e-01 4.6969696970e-01 0.0000000000e+00 6.4964422722e-09 -7.5881356576e-09
-6.2121212121e-01 4.6969696970e-01 0.0000000000e+00 6.7010472462e-09 -7.7274721302e-09
-5.9090909091e-01 4.6969696970e-01 0.0000000000e+00 6.9150340367e-09 -7.8792984432e-09
-5.6060606061e-01 4.6969696970e-01 0.0000000000e+00 7.1385421559e-09 -8.0437541089e-09
-5.3030303030e-01 4.6969696970e-01 0.0000000000e+00 7.3715903390e-09 -8.2208578623e-09
-5.0000000000e-01 4.6969696970e-01 0.0000000000e+00 7.6140358664e-09 -8.4104669838e-09
-4.6969696970e-01 4.6969696970e-01 0.0000000000e+00 7.8655249499e-09 -8.6122276853e-09
-4.3939393939e-01 4.6969696970e-01 0.0000000000e+00 8.1254333972e-09 -8.8255157746e-09
-4.0909090909e-01 4.6969696970e-01 0.0000000000e+00 8.3927973767e-09 -9.0493674198e-09
-3.7878787879e-01 4.6969696970e-01 0.0000000000e+00 8.6662352109e-09 -9.2824009437e-09
-3.4848484848e-01 4.6969696970e-01 0.0000000000e+00 8.9438629658e-09 -9.5227324122e-09
-3.1818181818e-01 4.6969696970e-01 0.0000000000e+00 9.2232094476e-09 -9.7678906313e-09
-2.8787878788e-01 4.6969696970e-01 0.0000000000e+00 9.5011402978e-09 -1.0014741243e-08
-2.5757575758e-01 4.6969696970e-01 0.0000000000e+00 9.7738061651e-09 -1.0259434895e-08
-2.2727272727e-01 4.6969696970e-01 0.0000000000e+00 1.0036635688e-08 -1.0497400227e-08
-1.9696969697e-01 4.6969696970e-01 0.0000000000e+00 1.0284398317e-08 -1.0723406689e-08
-1.6666666667e-01 4.6969696970e-01 0.0000000000e+00 1.0511361493e-08 -1.0931721722e-08
-1.3636363636e-01 4.6969696970e-01 0.0000000000e+00 1.0711557330e-08 -1.1116377439e-08
-1.0606060606e-01 4.6969696970e-01 0.0000000000e+00 1.0879153229e-08 -1.1271541243e-08
-7.5757575758e-02 4.6969696970e-01 0.0000000000e+00 1.1008890562e-08 -1.1391954505e-08
-4.5454545455e-02 4.6969696970e-01 0.0000000000e+00 1.1096525675e-08 -1.1473373569e-08
-1.5151515152e-02 4.6969696970e-01 0.0000000000e+00 1.1139194577e-08 -1.1512934447e-08
1.5151515152e-02 4.6969696970e-01 0.0000000000e+00 1.1135638762e-08 -1.1509378633e-08
4.5454545455e-02 4.6969696970e-01 0.0000000000e+00 1.1086267091e-08 -1.1463114985e-08
7.5757575758e-02 4.6969696970e-01 0.0000000000e+00 1.0993065191e-08 -1.1376129134e-08
1.0606060606e-01 4.6969696970e-01 0.0000000000e+00 1.0859383612e-08 -1.1251771626e-08
1.3636363636e-01 4.6969696970e-01 0.0000000000e+00 1.0689641127e-08 -1.1094461236e-08
1.6666666667e-01 4.6969696970e-01 0.0000000000e+00 1.0488980331e-08 -1.0909340560e-08
1.9696969697e-01 4.6969696970e-01 0.0000000000e+00 1.0262913430e-08 -1.0701921802e-08
2.2727272727e-01 4.6969696970e-01 0.0000000000e+00 1.0016994264e-08 -1.0477758803e-08
2.5757575758e-01 4.6969696970e-01 0.0000000000e+00 9.7565447531e-09 -1.0242173483e-08
2.8787878788e-01 4.6969696970e-01 0.0000000000e+00 9.4864516156e-09 -1.0000052561e-08
3.1818181818e-01 4.6969696970e-01 0.0000000000e+00 9.2110364267e-09 -9.7557176104e-09
3.4848484848e-01 4.6969696970e-01 0.0000000000e+00 8.9339922902e-09 -9.5128617365e-09
3.7878787879e-01 4.6969696970e-01 0.0000000000e+00 8.6583745973e-09 -9.2745403301e-09
4.0909090909e-01 4.6969696970e-01 0.0000000000e+00 8.3866312155e-09 -9.0432012587e-09
4.3939393939e-01 4.6969696970e-01 0.0000000000e+00 8.1206580031e-09 -8.8207403805e-09
4.6969696970e-01 4.6969696970e-01 0.0000000000e+00 7.8618677076e-09 -8.6085704430e-09
5.0000000000e-01 4.6969696970e-01 0.0000000000e+00 7.6112631435e-09 -8.4076942609e-09
5.3030303030e-01 4.6969696970e-01 0.0000000000e+00 7.3695083782e-09 -8.2187759015e-09
5.6060606061e-01 4.6969696970e-01 0.0000000000e+00 7.1369940888e-09 -8.0422060418e-09
5.9090909091e-01 4.6969696970e-01 0.0000000000e+00 6.9138951283e-09 -7.8781595349e-09
6.2121212121e-01 4.6969696970e-01 0.0000000000e+00 6.7002196621e-09 -7.7266445462e-09
6.5151515152e-01 4.6969696970e-01 0.0000000000e+00 6.4958500809e-09 -7.5875434663e-09
6.8181818182e-01 4.6969696970e-01 0.0000000000e+00 6.3005763810e-09 -7.4606462915e-09
7.1212121212e-01 4.6969696970e-01 0.0000000000e+00 6.1141229332e-09 -7.3456773928e-09
7.4242424242e-01 4.6969696970e-01 0.0000000000e+00 5.9361696230e-09 -7.2423166556e-09
7.7272727273e-01 4.6969696970e-01 0.0000000000e+00 5.7663683081e-09 -7.1502159375e-09
8.0303030303e-01 4.6969696970e-01 0.0000000000e+00 5.6043554506e-09 -7.0690117007e-09
8.3333333333e-01 4.6969696970e-01 0.0000000000e+00 5.4497616686e-09 -6.9983345633e-09
8.6363636364e-01 4.6969696970e-01 0.0000000000e+00 5.3022188377e-09 -6.9378164009e-09
8.9393939394e-01 4.6969696970e-01 0.0000000000e+00 5.1613652629e-09 -6.8870955183e-09
9.2424242424e-01 4.6969696970e-01 0.0000000000e+00 5.0268493470e-09 -6.8458203186e-09
9.5454545455e-01 4.6969696970e-01 0.0000000000e+00 4.8983320972e-09 -6.8136518089e-09
9.8484848485e-01 4.6969696970e-01 0.0000000000e+00 4.7754887421e-09 -6.7902652177e-09
1.0151515152e+00 4.6969696970e-01 0.0000000000e+00 4.6580096751e-09 -6.7753509385e-09
1.0454545455e+00 4.6969696970e-01 0.0000000000e+00 4.5456008925e-09 -6.7686149677e-09
1.0757575758e+00 4.6969696970e-01 0.0000000000e+00 4.4379840596e-09 -6.7697789703e-09
1.1060606061e+00 4.6969696970e-01 0.0000000000e+00 4.3348963044e-09 -6.7785800745e-09
1.1363636364e+00 4.6969696970e-01 0.0000000000e+00 4.2360898202e-09 -6.7947704736e-09
1.1666666667e+00 4.6969696970e-01 0.0000000000e+00 4.1413313359e-09 -6.8181168964e-09
1.1969696970e+00 4.6969696970e-01 0.0000000000e+00 4.0504014995e-09 -6.8483999911e-09
1.2272727273e+00 4.6969696970e-01 0.0000000000e+00 3.9630942111e-09 -6.8854136576e-09
1.2575757576e+00 4.6969696970e-01 0.0000000000e+00 3.8792159281e-09 -6.9289643534e-09
1.2878787879e+00 4.6969696970e-01 0.0000000000e+00 3.7985849656e-09 -6.9788703936e-09
1.3181818182e+00 4.6969696970e-01 0.0000000000e+00 3.7210308018e-09 -7.0349612564e-09
1.3484848485e+00 4.6969696970e-01 0.0000000000e+00 3.6463934012e-09 -7.0970769061e-09
1.3787878788e+00 4.6969696970e-01 0.0000000000e+00 3.5745225607e-09 -7.1650671399e-09
1.4090909091e+00 4.6969696970e-01 0.0000000000e+00 3.5052772840e-09 -7.2387909614e-09
1.4393939394e+00 4.6969696970e-01 0.0000000000e+00 3.4385251861e-09 -7.3181159855e-09
1.4696969697e+00 4.6969696970e-01 0.0000000000e+00 3.3741419305e-09 -7.4029178758e-09
1.5000000000e+00 4.6969696970e-01 0.0000000000e+00 3.3120106980e-09 -7.4930798130e-09
-1.5000000000e+00 5.0000000000e-01 0.0000000000e+00 3.2924126764e-09 -7.5232101735e-09
-1.4696969697e+00 5.0000000000e-01 0.0000000000e+00 3.3534263549e-09 -7.4319306822e-09
-1.4393939394e+00 5.0000000000e-01 0.0000000000e+00 3.4166079784e-09 -7.3459271598e-09
-1.4090909091e+00 5.0000000000e-01 0.0000000000e+00 3.4820665778e-09 -7.2653086372e-09
-1.3787878788e+00 5.0000000000e-01 0.0000000000e+00 3.5499178552e-09 -7.1901908164e-09
-1.3484848485e+00 5.0000000000e-01 0.0000000000e+00 3.6202846102e-09 -7.1206964971e-09
-1.3181818182e+00 5.0000000000e-01 0.0000000000e+00 3.6932971860e-09 -7.0569560225e-09
-1.2878787879e+00 5.0000000000e-01 0.0000000000e+00 3.7690939314e-09 -6.9991077413e-09
-1.2575757576e+00 5.0000000000e-01 0.0000000000e+00 3.8478216752e-09 -6.9472984825e-09
-1.2272727273e+00 5.0000000000e-01 0.0000000000e+00 3.9296362094e-09 -6.9016840379e-09
-1.1969696970e+00 5.0000000000e-01 0.0000000000e+00 4.0147027725e-09 -6.8624296461e-09
-1.1666666667e+00 5.0000000000e-01 0.0000000000e+00 4.1031965239e-09 -6.8297104664e-09
-1.1363636364e+00 5.0000000000e-01 0.0000000000e+00 4.1953029971e-09 -6.8037120325e-09
-1.1060606061e+00 5.0000000000e-01 0.0000000000e+00 4.2912185138e-09 -6.7846306659e-09
-1.0757575758e+00 5.0000000000e-01 0.0000000000e+00 4.3911505373e-09 -6.7726738300e-09
-1.0454545455e+00 5.0000000000e-01 0.0000000000e+00 4.4953179353e-09 -6.7680603924e-09
-1.0151515152e+00 5.0000000000e-01 0.0000000000e+00 4.6039511159e-09 -6.7710207613e-09
-9.8484848485e-01 5.0000000000e-01 0.0000000000e+00 4.7172919874e-09 -6.7817968450e-09
-9.5454545455e-01 5.0000000000e-01 0.0000000000e+00 4.8355936817e-09 -6.8006417753e-09
-9.2424242424e-01 5.0000000000e-01 0.0000000000e+00 4.9591199623e-09 -6.8278193159e-09
-8.9393939394e-01 5.0000000000e-01 0.0000000000e+00 5.0881442194e-09 -6.8636028568e-09
-8.6363636364e-01 5.0000000000e-01 0.0000000000e+00 5.2229479277e-09 -6.9082738728e-09
-8.3333333333e-01 5.0000000000e-01 0.0000000000e+00 5.3638184120e-09 -6.9621196886e-09
-8.0303030303e-01 5.0000000000e-01 0.0000000000e+00 5.5110457293e-09 -7.0254303614e-09
-7.7272727273e-01 5.0000000000e-01 0.0000000000e+00 5.6649184295e-09 -7.0984944409e-09
-7.4242424242e-01 5.0000000000e-01 0.0000000000e+00 5.8257179048e-09 -7.1815933194e-09
-7.1212121212e-01 5.0000000000e-01 0.0000000000e+00 5.9937109778e-09 -7.2749938194e-09
-6.8181818182e-01 5.0000000000e-01 0.0000000000e+00 6.1691403085e-09 -7.3789386010e-09
-6.5151515152e-01 5.0000000000e-01 0.0000000000e+00 6.3522121284e-09 -7.4936338957e-09
-6.2121212121e-01 5.0000000000e-01 0.0000000000e+00 6.5430807358e-09 -7.6192340018e-09
-5.9090909091e-01 5.0000000000e-01 0.0000000000e+00 6.7418291221e-09 -7.7558219106e-09
-5.6060606061e-01 5.0000000000e-01 0.0000000000e+00 6.9484450536e-09 -7.9033853886e-09
-5.3030303030e-01 5.0000000000e-01 0.0000000000e+00 7.1627919388e-09 -8.0617878440e-09
-5.0000000000e-01 5.0000000000e-01 0.0000000000e+00 7.3845738841e-09 -8.2307333835e-09
-4.6969696970e-01 5.0000000000e-01 0.0000000000e+00 7.6132945494e-09 -8.4097256668e-09
-4.3939393939e-01 5.0000000000e-01 0.0000000000e+00 7.8482098017e-09 -8.5980205611e-09
-4.0909090909e-01 5.0000000000e-01 0.0000000000e+00 8.0882748394e-09 -8.7945732645e-09
-3.7878787879e-01 5.0000000000e-01 0.0000000000e+00 8.3320875030e-09 -8.9979816177e-09
-3.4848484848e-01 5.0000000000e-01 0.0000000000e+00 8.5778310416e-09 -9.2064288699e-09
-3.1818181818e-01 5.0000000000e-01 0.0000000000e+00 8.8232217231e-09 -9.4176312888e-09
-2.8787878788e-01 5.0000000000e-01 0.0000000000e+00 9.0654693687e-09 -9.6287986957e-09
-2.5757575758e-01 5.0000000000e-01 0.0000000000e+00 9.3012618628e-09 -9.8366189749e-09
-2.2727272727e-01 5.0000000000e-01 0.0000000000e+00 9.5267872461e-09 -1.0037280167e-08
-1.9696969697e-01 5.0000000000e-01 0.0000000000e+00 9.7378078360e-09 -1.0226544590e-08
-1.6666666667e-01 5.0000000000e-01 0.0000000000e+00 9.9297982040e-09 -1.0399886815e-08
-1.3636363636e-01 5.0000000000e-01 0.0000000000e+00 1.0098151141e-08 -1.0552699632e-08
-1.0606060606e-01 5.0000000000e-01 0.0000000000e+00 1.0238442624e-08 -1.0680559020e-08
-7.5757575758e-02 5.0000000000e-01 0.0000000000e+00 1.0346730480e-08 -1.0779522804e-08
-4.5454545455e-02 5.0000000000e-01 0.0000000000e+00 1.0419847354e-08 -1.0846423631e-08
-1.5151515152e-02 5.0000000000e-01 0.0000000000e+00 1.0455643735e-08 -1.0879111987e-08
1.5151515152e-02 5.0000000000e-01 0.0000000000e+00 1.0453144940e-08 -1.0876613192e-08
4.5454545455e-02 5.0000000000e-01 0.0000000000e+00 1.0412604003e-08 -1.0839180279e-08
7.5757575758e-02 5.0000000000e-01 0.0000000000e+00 1.0335451852e-08 -1.0768244177e-08
1.0606060606e-01 5.0000000000e-01 0.0000000000e+00 1.0224160258e-08 -1.0666276654e-08
1.3636363636e-01 5.0000000000e-01 0.0000000000e+00 1.0082040356e-08 -1.0536588848e-08
1.6666666667e-01 5.0000000000e-01 0.0000000000e+00 9.9130026446e-09 -1.0383091255e-08
1.9696969697e-01 5.0000000000e-01 0.0000000000e+00 9.7213049058e-09 -1.0210041660e-08
2.2727272727e-01 5.0000000000e-01 0.0000000000e+00 9.5113125999e-09 -1.0021805521e-08
2.5757575758e-01 5.0000000000e-01 0.0000000000e+00 9.2872913129e-09 -9.8226484250e-09
2.8787878788e-01 5.0000000000e-01 0.0000000000e+00 9.0532436152e-09 -9.6165729422e-09
3.1818181818e-01 5.0000000000e-01 0.0000000000e+00 8.8127949288e-09 -9.4072044945e-09
3.4848484848e-01 5.0000000000e-01 0.0000000000e+00 8.5691264229e-09 -9.1977242512e-09
3.7878787879e-01 5.0000000000e-01 0.0000000000e+00 8.3249484614e-09 -8.9908425761e-09
4.0909090909e-01 5.0000000000e-01 0.0000000000e+00 8.0825058251e-09 -8.7888042502e-09
4.3939393939e-01 5.0000000000e-01 0.0000000000e+00 7.8436054655e-09 -8.5934162248e-09
4.6969696970e-01 5.0000000000e-01 0.0000000000e+00 7.6096583379e-09 -8.4060894553e-09
5.0000000000e-01 5.0000000000e-01 0.0000000000e+00 7.3817283540e-09 -8.2278878534e-09
5.3030303030e-01 5.0000000000e-01 0.0000000000e+00 7.1605832144e-09 -8.0595791197e-09
5.6060606061e-01 5.0000000000e-01 0.0000000000e+00 6.9467435184e-09 -7.9016838533e-09
5.9090909091e-01 5.0000000000e-01 0.0000000000e+00 6.7405279294e-09 -7.7545207179e-09
6.2121212121e-01 5.0000000000e-01 0.0000000000e+00 6.5420932421e-09 -7.6182465081e-09
6.5151515152e-01 5.0000000000e-01 0.0000000000e+00 6.3514689523e-09 -7.4928907196e-09
6.8181818182e-01 5.0000000000e-01 0.0000000000e+00 6.1685864306e-09 -7.3783847231e-09
7.1212121212e-01 5.0000000000e-01 0.0000000000e+00 5.9933030972e-09 -7.2745859389e-09
7.4242424242e-01 5.0000000000e-01 0.0000000000e+00 5.8254221454e-09 -7.1812975600e-09
7.7272727273e-01 5.0000000000e-01 0.0000000000e+00 5.6647084123e-09 -7.0982844237e-09
8.0303030303e-01 5.0000000000e-01 0.0000000000e+00 5.5109009903e-09 -7.0252856224e-09
8.3333333333e-01 5.0000000000e-01 0.0000000000e+00 5.3637231243e-09 -6.9620244010e-09
8.6363636364e-01 5.0000000000e-01 0.0000000000e+00 5.2228898830e-09 -6.9082158281e-09
8.9393939394e-01 5.0000000000e-01 0.0000000000e+00 5.0881140221e-09 -6.8635726595e-09
9.2424242424e-01 5.0000000000e-01 0.0000000000e+00 4.9591103979e-09 -6.8278097515e-09
9.5454545455e-01 5.0000000000e-01 0.0000000000e+00 4.8355992233e-09 -6.8006473170e-09
9.8484848485e-01 5.0000000000e-01 0.0000000000e+00 4.7173084115e-09 -6.7818132691e-09
1.0151515152e+00 5.0000000000e-01 0.0000000000e+00 4.6039752048e-09 -6.7710448502e-09
1.0454545455e+00 5.0000000000e-01 0.0000000000e+00 4.4953472464e-09 -6.7680897035e-09
1.0757575758e+00 5.0000000000e-01 0.0000000000e+00 4.3911832248e-09 -6.7727065174e-09
1.1060606061e+00 5.0000000000e-01 0.0000000000e+00 4.2912531909e-09 -6.7846653430e-09
1.1363636364e+00 5.0000000000e-01 0.0000000000e+00 4.1953386298e-09 -6.8037476651e-09
1.1666666667e+00 5.0000000000e-01 0.0000000000e+00 4.1032323488e-09 -6.8297462913e-09
1.1969696970e+00 5.0000000000e-01 0.0000000000e+00 4.0147382334e-09 -6.8624651070e-09
1.2272727273e+00 5.0000000000e-01 0.0000000000e+00 3.9296709086e-09 -6.9017187371e-09
1.2575757576e+00 5.0000000000e-01 0.0000000000e+00 3.8478553355e-09 -6.9473321428e-09
1.2878787879e+00 5.0000000000e-01 0.0000000000e+00 3.7691263673e-09 -6.9991401773e-09
1.3181818182e+00 5.0000000000e-01 0.0000000000e+00 3.6933282813e-09 -7.0569871177e-09
1.3484848485e+00 5.0000000000e-01 0.0000000000e+00 3.6203143002e-09 -7.1207261871e-09
1.3787878788e+00 5.0000000000e-01 0.0000000000e+00 3.5499461142e-09 -7.1902190754e-09
1.4090909091e+00 5.0000000000e-01 0.0000000000e+00 3.4820934084e-09 -7.2653354678e-09
1.4393939394e+00 5.0000000000e-01 0.0000000000e+00 3.4166334036e-09 -7.3459525850e-09
1.4696969697e+00 5.0000000000e-01 0.0000000000e+00 3.3534504125e-09 -7.4319547397e-09
1.5000000000e+00 5.0000000000e-01 0.0000000000e+00 3.2924354139e-09 -7.5232329109e-09
-1.5000000000e+00 5.3030303030e-01 0.0000000000e+00 3.2719937784e-09 -7.5556276813e-09
-1.4696969697e+00 5.3030303030e-01 0.0000000000e+00 3.3318581267e-09 -7.4631988598e-09
-1.4393939394e+00 5.3030303030e-01 0.0000000000e+00 3.3938053776e-09 -7.3759609648e-09
-1.4090909091e+00 5.3030303030e-01 0.0000000000e+00 3.4579368459e-09 -7.2940153111e-09
-1.3787878788e+00 5.3030303030e-01 0.0000000000e+00 3.5243596999e-09 -7.2174690669e-09
-1.3484848485e+00 5.3030303030e-01 0.0000000000e+00 3.5931872908e-09 -7.1464355835e-09
-1.3181818182e+00 5.3030303030e-01 0.0000000000e+00 3.6645394887e-09 -7.0810347310e-09
-1.2878787879e+00 5.3030303030e-01 0.0000000000e+00 3.7385430216e-09 -7.0213932374e-09
-1.2575757576e+00 5.3030303030e-01 0.0000000000e+00 3.8153318104e-09 -6.9676450235e-09
-1.2272727273e+00 5.3030303030e-01 0.0000000000e+00 3.8950472950e-09 -6.9199315294e-09
-1.1969696970e+00 5.3030303030e-01 0.0000000000e+00 3.9778387412e-09 -6.8784020206e-09
-1.1666666667e+00 5.3030303030e-01 0.0000000000e+00 4.0638635159e-09 -6.8432138643e-09
-1.1363636364e+00 5.3030303030e-01 0.0000000000e+00 4.1532873176e-09 -6.8145327588e-09
-1.1060606061e+00 5.3030303030e-01 0.0000000000e+00 4.2462843395e-09 -6.7925328974e-09
-1.0757575758e+00 5.3030303030e-01 0.0000000000e+00 4.3430373434e-09 -6.7773970419e-09
-1.0454545455e+00 5.3030303030e-01 0.0000000000e+00 4.4437376114e-09 -6.7693164743e-09
-1.0151515152e+00 5.3030303030e-01 0.0000000000e+00 4.5485847360e-09 -6.7684907872e-09
-9.8484848485e-01 5.3030303030e-01 0.0000000000e+00 4.6577861998e-09 -6.7751274632e-09
-9.5454545455e-01 5.3030303030e-01 0.0000000000e+00 4.7715566836e-09 -6.7894411831e-09
-9.2424242424e-01 5.3030303030e-01 0.0000000000e+00 4.8901170257e-09 -6.8116527851e-09
-8.9393939394e-01 5.3030303030e-01 0.0000000000e+00 5.0136927383e-09 -6.8419877815e-09
-8.6363636364e-01 5.3030303030e-01 0.0000000000e+00 5.1425119663e-09 -6.8806743173e-09
-8.3333333333e-01 5.3030303030e-01 0.0000000000e+00 5.2768027470e-09 -6.9279404295e-09
-8.0303030303e-01 5.3030303030e-01 0.0000000000e+00 5.4167893981e-09 -6.9840104360e-09
-7.7272727273e-01 5.3030303030e-01 0.0000000000e+00 5.5626878323e-09 -7.0491002495e-09
-7.4242424242e-01 5.3030303030e-01 0.0000000000e+00 5.7146995512e-09 -7.1234113716e-09
-7.1212121212e-01 5.3030303030e-01 0.0000000000e+00 5.8730040358e-09 -7.2071232832e-09
-6.8181818182e-01 5.3030303030e-01 0.0000000000e+00 6.0377492031e-09 -7.3003839015e-09
-6.5151515152e-01 5.3030303030e-01 0.0000000000e+00 6.2090395609e-09 -7.4032977341e-09
-6.2121212121e-01 5.3030303030e-01 0.0000000000e+00 6.3869216568e-09 -7.5159113286e-09
-5.9090909091e-01 5.3030303030e-01 0.0000000000e+00 6.5713664032e-09 -7.6381955976e-09
-5.6060606061e-01 5.3030303030e-01 0.0000000000e+00 6.7622478748e-09 -7.7700246156e-09
-5.3030303030e-01 5.3030303030e-01 0.0000000000e+00 6.9593182380e-09 -7.9111505491e-09
-5.0000000000e-01 5.3030303030e-01 0.0000000000e+00 7.1621786136e-09 -8.0611745189e-09
-4.6969696970e-01 5.3030303030e-01 0.0000000000e+00 7.3702459298e-09 -8.2195134531e-09
-4.3939393939e-01 5.3030303030e-01 0.0000000000e+00 7.5827162289e-09 -8.3853633940e-09
-4.0909090909e-01 5.3030303030e-01 0.0000000000e+00 7.7985255133e-09 -8.5576603443e-09
-3.7878787879e-01 5.3030303030e-01 0.0000000000e+00 8.0163100937e-09 -8.7350406143e-09
-3.4848484848e-01 5.3030303030e-01 0.0000000000e+00 8.2343695733e-09 -8.9158038074e-09
-3.1818181818e-01 5.3030303030e-01 0.0000000000e+00 8.4506370610e-09 -9.0978830325e-09
-2.8787878788e-01 5.3030303030e-01 0.0000000000e+00 8.6626628238e-09 -9.2788285567e-09
-2.5757575758e-01 5.3030303030e-01 0.0000000000e+00 8.8676190905e-09 -9.4558126084e-09
-2.2727272727e-01 5.3030303030e-01 0.0000000000e+00 9.0623345664e-09 -9.6256638934e-09
-1.9696969697e-01 5.3030303030e-01 0.0000000000e+00 9.2433666590e-09 -9.7849398189e-09
-1.6666666667e-01 5.3030303030e-01 0.0000000000e+00 9.4071165953e-09 -9.9300416119e-09
-1.3636363636e-01 5.3030303030e-01 0.0000000000e+00 9.5499870153e-09 -1.0057371913e-08
-1.0606060606e-01 5.3030303030e-01 0.0000000000e+00 9.6685735390e-09 -1.0163526341e-08
-7.5757575758e-02 5.3030303030e-01 0.0000000000e+00 9.7598728592e-09 -1.0245501589e-08
-4.5454545455e-02 5.3030303030e-01 0.0000000000e+00 9.8214829532e-09 -1.0300895636e-08
-1.5151515152e-02 5.3030303030e-01 0.0000000000e+00 9.8517690750e-09 -1.0328073734e-08
1.5151515152e-02 5.3030303030e-01 0.0000000000e+00 9.8499736773e-09 -1.0326278336e-08
4.5454545455e-02 5.3030303030e-01 0.0000000000e+00 9.8162578988e-09 -1.0295670581e-08
7.5757575758e-02 5.3030303030e-01 0.0000000000e+00 9.7516732533e-09 -1.0237301983e-08
1.0606060606e-01 5.3030303030e-01 0.0000000000e+00 9.6580714254e-09 -1.0153024227e-08
1.3636363636e-01 5.3030303030e-01 0.0000000000e+00 9.5379662281e-09 -1.0045351125e-08
1.6666666667e-01 5.3030303030e-01 0.0000000000e+00 9.3943650071e-09 -9.9172900237e-09
1.9696969697e-01 5.3030303030e-01 0.0000000000e+00 9.2305876788e-09 -9.7721608387e-09
2.2727272727e-01 5.3030303030e-01 0.0000000000e+00 9.0500904132e-09 -9.6134197401e-09
2.5757575758e-01 5.3030303030e-01 0.0000000000e+00 8.8563079120e-09 -9.4445014299e-09
2.8787878788e-01 5.3030303030e-01 0.0000000000e+00 8.6525238140e-09 -9.2686895468e-09
3.1818181818e-01 5.3030303030e-01 0.0000000000e+00 8.4417738904e-09 -9.0890198619e-09
3.4848484848e-01 5.3030303030e-01 0.0000000000e+00 8.2267822936e-09 -8.9082165277e-09
3.7878787879e-01 5.3030303030e-01 0.0000000000e+00 8.0099278013e-09 -8.7286583220e-09
4.0909090909e-01 5.3030303030e-01 0.0000000000e+00 7.7932349702e-09 -8.5523698011e-09
4.3939393939e-01 5.3030303030e-01 0.0000000000e+00 7.5783842802e-09 -8.3810314454e-09
4.6969696970e-01 5.3030303030e-01 0.0000000000e+00 7.3667354440e-09 -8.2160029672e-09
5.0000000000e-01 5.3030303030e-01 0.0000000000e+00 7.1593587401e-09 -8.0583546453e-09
5.3030303030e-01 5.3030303030e-01 0.0000000000e+00 6.9570702146e-09 -7.9089025257e-09
5.6060606061e-01 5.3030303030e-01 0.0000000000e+00 6.7604676451e-09 -7.7682443859e-09
5.9090909091e-01 5.3030303030e-01 0.0000000000e+00 6.5699651274e-09 -7.6367943218e-09
6.2121212121e-01 5.3030303030e-01 0.0000000000e+00 6.3858249560e-09 -7.5148146278e-09
6.5151515152e-01 5.3030303030e-01 0.0000000000e+00 6.2081860905e-09 -7.4024442636e-09
6.8181818182e-01 5.3030303030e-01 0.0000000000e+00 6.0370889536e-09 -7.2997236520e-09
7.1212121212e-01 5.3030303030e-01 0.0000000000e+00 5.8724966069e-09 -7.2066158544e-09
7.4242424242e-01 5.3030303030e-01 0.0000000000e+00 5.7143125363e-09 -7.1230243567e-09
7.7272727273e-01 5.3030303030e-01 0.0000000000e+00 5.5623953807e-09 -7.0488077979e-09
8.0303030303e-01 5.3030303030e-01 0.0000000000e+00 5.4165709790e-09 -6.9837920169e-09
8.3333333333e-01 5.3030303030e-01 0.0000000000e+00 5.2766421103e-09 -6.9277797928e-09
8.6363636364e-01 5.3030303030e-01 0.0000000000e+00 5.1423962856e-09 -6.8805586365e-09
8.9393939394e-01 5.3030303030e-01 0.0000000000e+00 5.0136119110e-09 -6.8419069543e-09
9.2424242424e-01 5.3030303030e-01 0.0000000000e+00 4.8900631099e-09 -6.8115988694e-09
9.5454545455e-01 5.3030303030e-01 0.0000000000e+00 4.7715234453e-09 -6.7894079448e-09
9.8484848485e-01 5.3030303030e-01 0.0000000000e+00 4.6577687528e-09 -6.7751100163e-09
1.0151515152e+00 5.3030303030e-01 0.0000000000e+00 4.5485792564e-09 -6.7684853076e-09
1.0454545455e+00 5.3030303030e-01 0.0000000000e+00 4.4437411110e-09 -6.7693199739e-09
1.0757575758e+00 5.3030303030e-01 0.0000000000e+00 4.3430474914e-09 -6.7774071899e-09
1.1060606061e+00 5.3030303030e-01 0.0000000000e+00 4.2462993217e-09 -6.7925478796e-09
1.1363636364e+00 5.3030303030e-01 0.0000000000e+00 4.1533057259e-09 -6.8145511671e-09
1.1666666667e+00 5.3030303030e-01 0.0000000000e+00 4.0638842608e-09 -6.8432346092e-09
1.1969696970e+00 5.3030303030e-01 0.0000000000e+00 3.9778609832e-09 -6.8784242627e-09
1.2272727273e+00 5.3030303030e-01 0.0000000000e+00 3.8950703911e-09 -6.9199546255e-09
1.2575757576e+00 5.3030303030e-01 0.0000000000e+00 3.8153552712e-09 -6.9676684843e-09
1.2878787879e+00 5.3030303030e-01 0.0000000000e+00 3.7385664781e-09 -7.0214166939e-09
1.3181818182e+00 5.3030303030e-01 0.0000000000e+00 3.6645626663e-09 -7.0810579086e-09
1.3484848485e+00 5.3030303030e-01 0.0000000000e+00 3.5932099881e-09 -7.1464582808e-09
1.3787878788e+00 5.3030303030e-01 0.0000000000e+00 3.5243817729e-09 -7.2174911399e-09
1.4090909091e+00 5.3030303030e-01 0.0000000000e+00 3.4579581951e-09 -7.2940366602e-09
1.4393939394e+00 5.3030303030e-01 0.0000000000e+00 3.3938259376e-09 -7.3759815248e-09
1.4696969697e+00 5.3030303030e-01 0.0000000000e+00 3.3318778588e-09 -7.4632185919e-09
1.5000000000e+00 5.3030303030e-01 0.0000000000e+00 3.2720126639e-09 -7.5556465668e-09
-1.5000000000e+00 5.6060606061e-01 0.0000000000e+00 3.2507829630e-09 -7.5903612955e-09
-1.4696969697e+00 5.6060606061e-01 0.0000000000e+00 3.3094692263e-09 -7.4967543891e-09
-1.4393939394e+00 5.6060606061e-01 0.0000000000e+00 3.3701527514e-09 -7.4082527683e-09
-1.4090909091e+00 5.6060606061e-01 0.0000000000e+00 3.4329272614e-09 -7.3249501563e-09
-1.3787878788e+00 5.6060606061e-01 0.0000000000e+00 3.4978915521e-09 -7.2469453489e-09
-1.3484848485e+00 5.6060606061e-01 0.0000000000e+00 3.5651497337e-09 -7.1743424561e-09
-1.3181818182e+00 5.6060606061e-01 0.0000000000e+00 3.6348114666e-09 -7.1072511386e-09
-1.2878787879e+00 5.6060606061e-01 0.0000000000e+00 3.7069921892e-09 -7.0457868347e-09
-1.2575757576e+00 5.6060606061e-01 0.0000000000e+00 3.7818133289e-09 -6.9900709718e-09
-1.2272727273e+00 5.6060606061e-01 0.0000000000e+00 3.8594024889e-09 -6.9402311529e-09
-1.1969696970e+00 5.6060606061e-01 0.0000000000e+00 3.9398935996e-09 -6.8964013087e-09
-1.1666666667e+00 5.6060606061e-01 0.0000000000e+00 4.0234270225e-09 -6.8587218006e-09
-1.1363636364e+00 5.6060606061e-01 0.0000000000e+00 4.1101495880e-09 -6.8273394590e-09
-1.1060606061e+00 5.6060606061e-01 0.0000000000e+00 4.2002145479e-09 -6.8024075355e-09
-1.0757575758e+00 5.6060606061e-01 0.0000000000e+00 4.2937814155e-09 -6.7840855437e-09
-1.0454545455e+00 5.6060606061e-01 0.0000000000e+00 4.3910156625e-09 -6.7725389552e-09
-1.0151515152e+00 5.6060606061e-01 0.0000000000e+00 4.4920882320e-09 -6.7679387130e-09
-9.8484848485e-01 5.6060606061e-01 0.0000000000e+00 4.5971748204e-09 -6.7704605135e-09
-9.5454545455e-01 5.6060606061e-01 0.0000000000e+00 4.7064548680e-09 -6.7802837972e-09
-9.2424242424e-01 5.6060606061e-01 0.0000000000e+00 4.8201101884e-09 -6.7975903776e-09
-8.9393939394e-01 5.6060606061e-01 0.0000000000e+00 4.9383231481e-09 -6.8225626211e-09
-8.6363636364e-01 5.6060606061e-01 0.0000000000e+00 5.0612742934e-09 -6.8553810741e-09
-8.3333333333e-01 5.6060606061e-01 0.0000000000e+00 5.1891393007e-09 -6.8962214129e-09
-8.0303030303e-01 5.6060606061e-01 0.0000000000e+00 5.3220851033e-09 -6.9452505710e-09
-7.7272727273e-01 5.6060606061e-01 0.0000000000e+00 5.4602650250e-09 -7.0026218720e-09
-7.4242424242e-01 5.6060606061e-01 0.0000000000e+00 5.6038127224e-09 -7.0684689725e-09
-7.1212121212e-01 5.6060606061e-01 0.0000000000e+00 5.7528347148e-09 -7.1428983920e-09
-6.8181818182e-01 5.6060606061e-01 0.0000000000e+00 5.9074012568e-09 -7.2259803849e-09
-6.5151515152e-01 5.6060606061e-01 0.0000000000e+00 6.0675352917e-09 -7.3177378945e-09
-6.2121212121e-01 5.6060606061e-01 0.0000000000e+00 6.2331992203e-09 -7.4181333219e-09
-5.9090909091e-01 5.6060606061e-01 0.0000000000e+00 6.4042792391e-09 -7.5270528632e-09
-5.6060606061e-01 5.6060606061e-01 0.0000000000e+00 6.5805670466e-09 -7.6442882171e-09
-5.3030303030e-01 5.6060606061e-01 0.0000000000e+00 6.7617388191e-09 -7.7695155599e-09
-5.0000000000e-01 5.6060606061e-01 0.0000000000e+00 6.9473315189e-09 -7.9022718539e-09
-4.6969696970e-01 5.6060606061e-01 0.0000000000e+00 7.1367168568e-09 -8.0419288098e-09
-4.3939393939e-01 5.6060606061e-01 0.0000000000e+00 7.3290736044e-09 -8.1876651993e-09
-4.0909090909e-01 5.6060606061e-01 0.0000000000e+00 7.5233594696e-09 -8.3384387303e-09
-3.7878787879e-01 5.6060606061e-01 0.0000000000e+00 7.7182844266e-09 -8.4929593770e-09
-3.4848484848e-01 5.6060606061e-01 0.0000000000e+00 7.9122882182e-09 -8.6496668821e-09
-3.1818181818e-01 5.6060606061e-01 0.0000000000e+00 8.1035256740e-09 -8.8067160753e-09
-2.8787878788e-01 5.6060606061e-01 0.0000000000e+00 8.2898643865e-09 -8.9619745490e-09
-2.5757575758e-01 5.6060606061e-01 0.0000000000e+00 8.4688999198e-09 -9.1130378675e-09
-2.2727272727e-01 5.6060606061e-01 0.0000000000e+00 8.6379937555e-09 -9.2572675122e-09
-1.9696969697e-01 5.6060606061e-01 0.0000000000e+00 8.7943381866e-09 -9.3918557762e-09
-1.6666666667e-01 5.6060606061e-01 0.0000000000e+00 8.9350499885e-09 -9.5139194349e-09
-1.3636363636e-01 5.6060606061e-01 0.0000000000e+00 9.0572908251e-09 -9.6206201520e-09
-1.0606060606e-01 5.6060606061e-01 0.0000000000e+00 9.1584073878e-09 -9.7093046193e-09
-7.5757575758e-02 5.6060606061e-01 0.0000000000e+00 9.2360792506e-09 -9.7776524105e-09
-4.5454545455e-02 5.6060606061e-01 0.0000000000e+00 9.2884588379e-09 -9.8238159500e-09
-1.5151515152e-02 5.6060606061e-01 0.0000000000e+00 9.3142871578e-09 -9.8465362461e-09
1.5151515152e-02 5.6060606061e-01 0.0000000000e+00 9.3129715959e-09 -9.8452206841e-09
4.5454545455e-02 5.6060606061e-01 0.0000000000e+00 9.2846174336e-09 -9.8199745457e-09
7.5757575758e-02 5.6060606061e-01 0.0000000000e+00 9.2300112626e-09 -9.7715844224e-09
1.0606060606e-01 5.6060606061e-01 0.0000000000e+00 9.1505604707e-09 -9.7014577022e-09
1.3636363636e-01 5.6060606061e-01 0.0000000000e+00 9.0481974875e-09 -9.6115268145e-09
1.6666666667e-01 5.6060606061e-01 0.0000000000e+00 8.9252601839e-09 -9.5041296303e-09
1.9696969697e-01 5.6060606061e-01 0.0000000000e+00 8.7843608294e-09 -9.3818784190e-09
2.2727272727e-01 5.6060606061e-01 0.0000000000e+00 8.6282554727e-09 -9.2475292293e-09
2.5757575758e-01 5.6060606061e-01 0.0000000000e+00 8.4597237827e-09 -9.1038617303e-09
2.8787878788e-01 5.6060606061e-01 0.0000000000e+00 8.2814666507e-09 -8.9535768132e-09
3.1818181818e-01 5.6060606061e-01 0.0000000000e+00 8.0960257379e-09 -8.7992161391e-09
3.4848484848e-01 5.6060606061e-01 0.0000000000e+00 7.9057261982e-09 -8.6431048621e-09
3.7878787879e-01 5.6060606061e-01 0.0000000000e+00 7.7126414038e-09 -8.4873163541e-09
4.0909090909e-01 5.6060606061e-01 0.0000000000e+00 7.5185768579e-09 -8.3336561186e-09
4.3939393939e-01 5.6060606061e-01 0.0000000000e+00 7.3250695983e-09 -8.1836611932e-09
4.6969696970e-01 5.6060606061e-01 0.0000000000e+00 7.1333991586e-09 -8.0386111116e-09
5.0000000000e-01 5.6060606061e-01 0.0000000000e+00 6.9446063912e-09 -7.8995467262e-09
5.3030303030e-01 5.6060606061e-01 0.0000000000e+00 6.7595169685e-09 -7.7672937093e-09
5.6060606061e-01 5.6060606061e-01 0.0000000000e+00 6.5787670209e-09 -7.6424881914e-09
5.9090909091e-01 5.6060606061e-01 0.0000000000e+00 6.4028290193e-09 -7.5256026434e-09
6.2121212121e-01 5.6060606061e-01 0.0000000000e+00 6.2320365929e-09 -7.4169706945e-09
6.5151515152e-01 5.6060606061e-01 0.0000000000e+00 6.0666074609e-09 -7.3168100638e-09
6.8181818182e-01 5.6060606061e-01 0.0000000000e+00 5.9066640328e-09 -7.2252431609e-09
7.1212121212e-01 5.6060606061e-01 0.0000000000e+00 5.7522515074e-09 -7.1423151846e-09
7.4242424242e-01 5.6060606061e-01 0.0000000000e+00 5.6033534907e-09 -7.0680097408e-09
7.7272727273e-01 5.6060606061e-01 0.0000000000e+00 5.4599052692e-09 -7.0022621161e-09
8.0303030303e-01 5.6060606061e-01 0.0000000000e+00 5.3218049473e-09 -6.9449704149e-09
8.3333333333e-01 5.6060606061e-01 0.0000000000e+00 5.1889226862e-09 -6.8960047984e-09
8.6363636364e-01 5.6060606061e-01 0.0000000000e+00 5.0611082887e-09 -6.8552150694e-09
8.9393939394e-01 5.6060606061e-01 0.0000000000e+00 4.9381973654e-09 -6.8224368384e-09
9.2424242424e-01 5.6060606061e-01 0.0000000000e+00 4.8200162999e-09 -6.7974964890e-09
9.5454545455e-01 5.6060606061e-01 0.0000000000e+00 4.7063862078e-09 -6.7802151371e-09
9.8484848485e-01 5.6060606061e-01 0.0000000000e+00 4.5971260597e-09 -6.7704117529e-09
1.0151515152e+00 5.6060606061e-01 0.0000000000e+00 4.4920551153e-09 -6.7679055962e-09
1.0454545455e+00 5.6060606061e-01 0.0000000000e+00 4.3909947941e-09 -6.7725180867e-09
1.0757575758e+00 5.6060606061e-01 0.0000000000e+00 4.2937700886e-09 -6.7840742168e-09
1.1060606061e+00 5.6060606061e-01 0.0000000000e+00 4.2002106067e-09 -6.8024035943e-09
1.1363636364e+00 5.6060606061e-01 0.0000000000e+00 4.1101513173e-09 -6.8273411883e-09
1.1666666667e+00 5.6060606061e-01 0.0000000000e+00 4.0234330593e-09 -6.8587278374e-09
1.1969696970e+00 5.6060606061e-01 0.0000000000e+00 3.9399028624e-09 -6.8964105715e-09
1.2272727273e+00 5.6060606061e-01 0.0000000000e+00 3.8594141212e-09 -6.9402427853e-09
1.2575757576e+00 5.6060606061e-01 0.0000000000e+00 3.7818266541e-09 -6.9900842970e-09
1.2878787879e+00 5.6060606061e-01 0.0000000000e+00 3.7070066743e-09 -7.0458013198e-09
1.3181818182e+00 5.6060606061e-01 0.0000000000e+00 3.6348266934e-09 -7.1072663654e-09
1.3484848485e+00 5.6060606061e-01 0.0000000000e+00 3.5651653757e-09 -7.1743580981e-09
1.3787878788e+00 5.6060606061e-01 0.0000000000e+00 3.4979073560e-09 -7.2469611527e-09
1.4090909091e+00 5.6060606061e-01 0.0000000000e+00 3.4329430322e-09 -7.3249659271e-09
1.4393939394e+00 5.6060606061e-01 0.0000000000e+00 3.3701683407e-09 -7.4082683576e-09
1.4696969697e+00 5.6060606061e-01 0.0000000000e+00 3.3094845227e-09 -7.4967696855e-09
1.5000000000e+00 5.6060606061e-01 0.0000000000e+00 3.2507978845e-09 -7.5903762171e-09
-1.5000000000e+00 5.9090909091e-01 0.0000000000e+00 3.2288357306e-09 -7.6274665168e-09
-1.4696969697e+00 5.9090909091e-01 0.0000000000e+00 3.2863198447e-09 -7.5326574611e-09
-1.4393939394e+00 5.9090909091e-01 0.0000000000e+00 3.3457154343e-09 -7.4428679048e-09
-1.4090909091e+00 5.9090909091e-01 0.0000000000e+00 3.4071088012e-09 -7.3581841497e-09
-1.3787878788e+00 5.9090909091e-01 0.0000000000e+00 3.4705905825e-09 -7.2786968328e-09
-1.3484848485e+00 5.9090909091e-01 0.0000000000e+00 3.5362559110e-09 -7.2045010870e-09
-1.3181818182e+00 5.9090909091e-01 0.0000000000e+00 3.6042045631e-09 -7.1356966887e-09
-1.2878787879e+00 5.9090909091e-01 0.0000000000e+00 3.6745410870e-09 -7.0723881860e-09
-1.2575757576e+00 5.9090909091e-01 0.0000000000e+00 3.7473749042e-09 -7.0146850006e-09
-1.2272727273e+00 5.9090909091e-01 0.0000000000e+00 3.8228203756e-09 -6.9627014932e-09
-1.1969696970e+00 5.9090909091e-01 0.0000000000e+00 3.9009968192e-09 -6.9165569820e-09
-1.1666666667e+00 5.9090909091e-01 0.0000000000e+00 3.9820284671e-09 -6.8763756987e-09
-1.1363636364e+00 5.9090909091e-01 0.0000000000e+00 4.0660443425e-09 -6.8422866671e-09
-1.1060606061e+00 5.9090909091e-01 0.0000000000e+00 4.1531780380e-09 -6.8144234792e-09
-1.0757575758e+00 5.9090909091e-01 0.0000000000e+00 4.2435673660e-09 -6.7929239477e-09
-1.0454545455e+00 5.9090909091e-01 0.0000000000e+00 4.3373538532e-09 -6.7779295994e-09
-1.0151515152e+00 5.9090909091e-01 0.0000000000e+00 4.4346820391e-09 -6.7695849736e-09
-9.8484848485e-01 5.9090909091e-01 0.0000000000e+00 4.5356985336e-09 -6.7680366803e-09
-9.5454545455e-01 5.9090909091e-01 0.0000000000e+00 4.6405507791e-09 -6.7734321619e-09
-9.2424242424e-01 5.9090909091e-01 0.0000000000e+00 4.7493854519e-09 -6.7859180946e-09
-8.9393939394e-01 5.9090909091e-01 0.0000000000e+00 4.8623464255e-09 -6.8056383520e-09
-8.6363636364e-01 5.9090909091e-01 0.0000000000e+00 4.9795722066e-09 -6.8327314409e-09
-8.3333333333e-01 5.9090909091e-01 0.0000000000e+00 5.1011927373e-09 -6.8673273031e-09
-8.0303030303e-01 5.9090909091e-01 0.0000000000e+00 5.2273254427e-09 -6.9095433639e-09
-7.7272727273e-01 5.9090909091e-01 0.0000000000e+00 5.3580703888e-09 -6.9594796894e-09
-7.4242424242e-01 5.9090909091e-01 0.0000000000e+00 5.4935043963e-09 -7.0172131000e-09
-7.1212121212e-01 5.9090909091e-01 0.0000000000e+00 5.6336739465e-09 -7.0827900773e-09
-6.8181818182e-01 5.9090909091e-01 0.0000000000e+00 5.7785867083e-09 -7.1562182900e-09
-6.5151515152e-01 5.9090909091e-01 0.0000000000e+00 5.9282015131e-09 -7.2374565695e-09
-6.2121212121e-01 5.9090909091e-01 0.0000000000e+00 6.0824166244e-09 -7.3264031795e-09
-5.9090909091e-01 5.9090909091e-01 0.0000000000e+00 6.2410561839e-09 -7.4228822616e-09
-5.6060606061e-01 5.9090909091e-01 0.0000000000e+00 6.4038547819e-09 -7.5266284060e-09
-5.3030303030e-01 5.9090909091e-01 0.0000000000e+00 6.5704402119e-09 -7.6372694063e-09
-5.0000000000e-01 5.9090909091e-01 0.0000000000e+00 6.7403146298e-09 -7.7543074183e-09
-4.6969696970e-01 5.9090909091e-01 0.0000000000e+00 6.9128345745e-09 -7.8770989811e-09
-4.3939393939e-01 5.9090909091e-01 0.0000000000e+00 7.0871906184e-09 -8.0048346669e-09
-4.0909090909e-01 5.9090909091e-01 0.0000000000e+00 7.2623878232e-09 -8.1365195374e-09
-3.7878787879e-01 5.9090909091e-01 0.0000000000e+00 7.4372286657e-09 -8.2709560696e-09
-3.4848484848e-01 5.9090909091e-01 0.0000000000e+00 7.6103006492e-09 -8.4067317666e-09
-3.1818181818e-01 5.9090909091e-01 0.0000000000e+00 7.7799713623e-09 -8.5422142171e-09
-2.8787878788e-01 5.9090909091e-01 0.0000000000e+00 7.9443941907e-09 -8.6755568068e-09
-2.5757575758e-01 5.9090909091e-01 0.0000000000e+00 8.1015280507e-09 -8.8047184519e-09
-2.2727272727e-01 5.9090909091e-01 0.0000000000e+00 8.2491742009e-09 -8.9275004112e-09
-1.9696969697e-01 5.9090909091e-01 0.0000000000e+00 8.3850321814e-09 -9.0416022246e-09
-1.6666666667e-01 5.9090909091e-01 0.0000000000e+00 8.5067750936e-09 -9.1446969935e-09
-1.3636363636e-01 5.9090909091e-01 0.0000000000e+00 8.6121418194e-09 -9.2345236000e-09
-1.0606060606e-01 5.9090909091e-01 0.0000000000e+00 8.6990407194e-09 -9.3089904044e-09
-7.5757575758e-02 5.9090909091e-01 0.0000000000e+00 8.7656564667e-09 -9.3662820802e-09
-4.5454545455e-02 5.9090909091e-01 0.0000000000e+00 8.8105497790e-09 -9.4049593447e-09
-1.5151515152e-02 5.9090909091e-01 0.0000000000e+00 8.8327395595e-09 -9.4240411014e-09
1.5151515152e-02 5.9090909091e-01 0.0000000000e+00 8.8317586158e-09 -9.4230601577e-09
4.5454545455e-02 5.9090909091e-01 0.0000000000e+00 8.8076773358e-09 -9.4020869015e-09
7.5757575758e-02 5.9090909091e-01 0.0000000000e+00 8.7610936972e-09 -9.3617193106e-09
1.0606060606e-01 5.9090909091e-01 0.0000000000e+00 8.6930918884e-09 -9.3030415735e-09
1.3636363636e-01 5.9090909091e-01 0.0000000000e+00 8.6051749755e-09 -9.2275567561e-09
1.6666666667e-01 5.9090909091e-01 0.0000000000e+00 8.4991791342e-09 -9.1371010342e-09
1.9696969697e-01 5.9090909091e-01 0.0000000000e+00 8.3771778990e-09 -9.0337479421e-09
2.2727272727e-01 5.9090909091e-01 0.0000000000e+00 8.2413847337e-09 -8.9197109440e-09
2.5757575758e-01 5.9090909091e-01 0.0000000000e+00 8.0940611782e-09 -8.7972515795e-09
2.8787878788e-01 5.9090909091e-01 0.0000000000e+00 7.9374361240e-09 -8.6685987401e-09
3.1818181818e-01 5.9090909091e-01 0.0000000000e+00 7.7736397652e-09 -8.5358826201e-09
3.4848484848e-01 5.9090909091e-01 0.0000000000e+00 7.6046537720e-09 -8.4010848895e-09
3.7878787879e-01 5.9090909091e-01 0.0000000000e+00 7.4322775197e-09 -8.2660049236e-09
4.0909090909e-01 5.9090909091e-01 0.0000000000e+00 7.2581089283e-09 -8.1322406426e-09
4.3939393939e-01 5.9090909091e-01 0.0000000000e+00 7.0835376706e-09 -8.0011817191e-09
4.6969696970e-01 5.9090909091e-01 0.0000000000e+00 6.9097481493e-09 -7.8740125558e-09
5.0000000000e-01 5.9090909091e-01 0.0000000000e+00 6.7377296399e-09 -7.7517224284e-09
5.3030303030e-01 5.9090909091e-01 0.0000000000e+00 6.5682912248e-09 -7.6351204192e-09
5.6060606061e-01 5.9090909091e-01 0.0000000000e+00 6.4020795120e-09 -7.5248531361e-09
5.9090909091e-01 5.9090909091e-01 0.0000000000e+00 6.2395975480e-09 -7.4214236257e-09
6.2121212121e-01 5.9090909091e-01 0.0000000000e+00 6.0812237407e-09 -7.3252102959e-09
6.5151515152e-01 5.9090909091e-01 0.0000000000e+00 5.9272299710e-09 -7.2364850275e-09
6.8181818182e-01 5.9090909091e-01 0.0000000000e+00 5.7777983701e-09 -7.1554299518e-09
7.1212121212e-01 5.9090909091e-01 0.0000000000e+00 5.6330364755e-09 -7.0821526063e-09
7.4242424242e-01 5.9090909091e-01 0.0000000000e+00 5.4929906488e-09 -7.0166993525e-09
7.7272727273e-01 5.9090909091e-01 0.0000000000e+00 5.3576577610e-09 -6.9590670616e-09
8.0303030303e-01 5.9090909091e-01 0.0000000000e+00 5.2269952297e-09 -6.9092131509e-09
8.3333333333e-01 5.9090909091e-01 0.0000000000e+00 5.1009295382e-09 -6.8670641040e-09
8.6363636364e-01 5.9090909091e-01 0.0000000000e+00 4.9793633909e-09 -6.8325226251e-09
8.9393939394e-01 5.9090909091e-01 0.0000000000e+00 4.8621816665e-09 -6.8054735931e-09
9.2424242424e-01 5.9090909091e-01 0.0000000000e+00 4.7492563273e-09 -6.7857889701e-09
9.5454545455e-01 5.9090909091e-01 0.0000000000e+00 4.6404504325e-09 -6.7733318153e-09
9.8484848485e-01 5.9090909091e-01 0.0000000000e+00 4.5356213910e-09 -6.7679595378e-09
1.0151515152e+00 5.9090909091e-01 0.0000000000e+00 4.4346235744e-09 -6.7695265090e-09
1.0454545455e+00 5.9090909091e-01 0.0000000000e+00 4.3373103941e-09 -6.7778861403e-09
1.0757575758e+00 5.9090909091e-01 0.0000000000e+00 4.2435359349e-09 -6.7928925166e-09
1.1060606061e+00 5.9090909091e-01 0.0000000000e+00 4.1531562218e-09 -6.8144016630e-09
1.1363636364e+00 5.9090909091e-01 0.0000000000e+00 4.0660301867e-09 -6.8422725112e-09
1.1666666667e+00 5.9090909091e-01 0.0000000000e+00 3.9820203890e-09 -6.8763676207e-09
1.1969696970e+00 5.9090909091e-01 0.0000000000e+00 3.9009935384e-09 -6.9165537012e-09
1.2272727273e+00 5.9090909091e-01 0.0000000000e+00 3.8228208565e-09 -6.9627019741e-09
1.2575757576e+00 5.9090909091e-01 0.0000000000e+00 3.7473783100e-09 -7.0146884064e-09
1.2878787879e+00 5.9090909091e-01 0.0000000000e+00 3.6745467422e-09 -7.0723938413e-09
1.3181818182e+00 5.9090909091e-01 0.0000000000e+00 3.6042119232e-09 -7.1357040488e-09
1.3484848485e+00 5.9090909091e-01 0.0000000000e+00 3.5362645377e-09 -7.2045097137e-09
1.3787878788e+00 5.9090909091e-01 0.0000000000e+00 3.4706001238e-09 -7.2787063742e-09
1.4090909091e+00 5.9090909091e-01 0.0000000000e+00 3.4071189753e-09 -7.3581943238e-09
1.4393939394e+00 5.9090909091e-01 0.0000000000e+00 3.3457260161e-09 -7.4428784866e-09
1.4696969697e+00 5.9090909091e-01 0.0000000000e+00 3.2863306555e-09 -7.5326682719e-09
1.5000000000e+00 5.9090909091e-01 0.0000000000e+00 3.2288466289e-09 -7.6274774151e-09
-1.5000000000e+00 6.2121212121e-01 0.0000000000e+00 3.2062073830e-09 -7.6669986466e-09
-1.4696969697e+00 6.2121212121e-01 0.0000000000e+00 3.2624698251e-09 -7.5709679190e-09
-1.4393939394e+00 6.2121212121e-01 0.0000000000e+00 3.3205582310e-09 -7.4798711790e-09
-1.4090909091e+00 6.2121212121e-01 0.0000000000e+00 3.3805516930e-09 -7.3937875189e-09
-1.3787878788e+00 6.2121212121e-01 0.0000000000e+00 3.4425329467e-09 -7.3127996745e-09
-1.3484848485e+00 6.2121212121e-01 0.0000000000e+00 3.5065884601e-09 -7.2369941136e-09
-1.3181818182e+00 6.2121212121e-01 0.0000000000e+00 3.5728085025e-09 -7.1664611056e-09
-1.2878787879e+00 6.2121212121e-01 0.0000000000e+00 3.6412871868e-09 -7.1012947634e-09
-1.2575757576e+00 6.2121212121e-01 0.0000000000e+00 3.7121224757e-09 -7.0415930495e-09
-1.2272727273e+00 6.2121212121e-01 0.0000000000e+00 3.7854161440e-09 -6.9874577391e-09
-1.1969696970e+00 6.2121212121e-01 0.0000000000e+00 3.8612736843e-09 -6.9389943245e-09
-1.1666666667e+00 6.2121212121e-01 0.0000000000e+00 3.9398041408e-09 -6.8963118499e-09
-1.1363636364e+00 6.2121212121e-01 0.0000000000e+00 4.0211198556e-09 -6.8595226575e-09
-1.1060606061e+00 6.2121212121e-01 0.0000000000e+00 4.1053361055e-09 -6.8287420242e-09
-1.0757575758e+00 6.2121212121e-01 0.0000000000e+00 4.1925706049e-09 -6.8040876641e-09
-1.0454545455e+00 6.2121212121e-01 0.0000000000e+00 4.2829428445e-09 -6.7856790682e-09
-1.0151515152e+00 6.2121212121e-01 0.0000000000e+00 4.3765732314e-09 -6.7736366434e-09
-9.8484848485e-01 6.2121212121e-01 0.0000000000e+00 4.4735819878e-09 -6.7680806120e-09
-9.5454545455e-01 6.2121212121e-01 0.0000000000e+00 4.5740877599e-09 -6.7691296202e-09
-9.2424242424e-01 6.2121212121e-01 0.0000000000e+00 4.6782058794e-09 -6.7768989996e-09
-8.9393939394e-01 6.2121212121e-01 0.0000000000e+00 4.7860462109e-09 -6.7914986149e-09
-8.6363636364e-01 6.2121212121e-01 0.0000000000e+00 4.8977105102e-09 -6.8130302219e-09
-8.3333333333e-01 6.2121212121e-01 0.0000000000e+00 5.0132892049e-09 -6.8415842481e-09
-8.0303030303e-01 6.2121212121e-01 0.0000000000e+00 5.1328575039e-09 -6.8772359026e-09
-7.7272727273e-01 6.2121212121e-01 0.0000000000e+00 5.2564707283e-09 -6.9200405063e-09
-7.4242424242e-01 6.2121212121e-01 0.0000000000e+00 5.3841587516e-09 -6.9700279328e-09
-7.1212121212e-01 6.2121212121e-01 0.0000000000e+00 5.5159194355e-09 -7.0271960437e-09
-6.8181818182e-01 6.2121212121e-01 0.0000000000e+00 5.6517109479e-09 -7.0915030071e-09
-6.5151515152e-01 6.2121212121e-01 0.0000000000e+00 5.7914428653e-09 -7.1628583993e-09
-6.2121212121e-01 6.2121212121e-01 0.0000000000e+00 5.9349659878e-09 -7.2411130204e-09
-5.9090909091e-01 6.2121212121e-01 0.0000000000e+00 6.0820608425e-09 -7.3260473976e-09
-5.6060606061e-01 6.2121212121e-01 0.0000000000e+00 6.2324249229e-09 -7.4173590245e-09
-5.3030303030e-01 6.2121212121e-01 0.0000000000e+00 6.3856588197e-09 -7.5146484916e-09
-5.0000000000e-01 6.2121212121e-01 0.0000000000e+00 6.5412515457e-09 -7.6174048117e-09
-4.6969696970e-01 6.2121212121e-01 0.0000000000e+00 6.6985655542e-09 -7.7249904382e-09
-4.3939393939e-01 6.2121212121e-01 0.0000000000e+00 6.8568222020e-09 -7.8366267280e-09
-4.0909090909e-01 6.2121212121e-01 0.0000000000e+00 7.0150887044e-09 -7.9513808962e-09
-3.7878787879e-01 6.2121212121e-01 0.0000000000e+00 7.1722679700e-09 -8.0681558514e-09
-3.4848484848e-01 6.2121212121e-01 0.0000000000e+00 7.3270930460e-09 -8.1856846409e-09
-3.1818181818e-01 6.2121212121e-01 0.0000000000e+00 7.4781282024e-09 -8.3025315347e-09
-2.8787878788e-01 6.2121212121e-01 0.0000000000e+00 7.6237788549e-09 -8.4171019484e-09
-2.5757575758e-01 6.2121212121e-01 0.0000000000e+00 7.7623124594e-09 -8.5276633382e-09
-2.2727272727e-01 6.2121212121e-01 0.0000000000e+00 7.8918920984e-09 -8.6323787862e-09
-1.9696969697e-01 6.2121212121e-01 0.0000000000e+00 8.0106236064e-09 -8.7293541270e-09
-1.6666666667e-01 6.2121212121e-01 0.0000000000e+00 8.1166157332e-09 -8.8166981105e-09
-1.3636363636e-01 6.2121212121e-01 0.0000000000e+00 8.2080510889e-09 -8.8925933469e-09
-1.0606060606e-01 6.2121212121e-01 0.0000000000e+00 8.2832637103e-09 -8.9553738728e-09
-7.5757575758e-02 6.2121212121e-01 0.0000000000e+00 8.3408173996e-09 -9.0036034905e-09
-4.5454545455e-02 6.2121212121e-01 0.0000000000e+00 8.3795779615e-09 -9.0361480046e-09
-1.5151515152e-02 6.2121212121e-01 0.0000000000e+00 8.3987724309e-09 -9.0522344501e-09
1.5151515152e-02 6.2121212121e-01 0.0000000000e+00 8.3980294709e-09 -9.0514914902e-09
4.5454545455e-02 6.2121212121e-01 0.0000000000e+00 8.3773971270e-09 -9.0339671702e-09
7.5757575758e-02 6.2121212121e-01 0.0000000000e+00 8.3373366549e-09 -9.0001227458e-09
1.0606060606e-01 6.2121212121e-01 0.0000000000e+00 8.2786937025e-09 -8.9508038650e-09
1.3636363636e-01 6.2121212121e-01 0.0000000000e+00 8.2026503016e-09 -8.8871925597e-09
1.6666666667e-01 6.2121212121e-01 0.0000000000e+00 8.1106626656e-09 -8.8107450430e-09
1.9696969697e-01 6.2121212121e-01 0.0000000000e+00 8.0043905749e-09 -8.7231210955e-09
2.2727272727e-01 6.2121212121e-01 0.0000000000e+00 7.8856241884e-09 -8.6261108761e-09
2.5757575758e-01 6.2121212121e-01 0.0000000000e+00 7.7562135334e-09 -8.5215644121e-09
2.8787878788e-01 6.2121212121e-01 0.0000000000e+00 7.6180048815e-09 -8.4113279751e-09
3.1818181818e-01 6.2121212121e-01 0.0000000000e+00 7.4727869150e-09 -8.2971902473e-09
3.4848484848e-01 6.2121212121e-01 0.0000000000e+00 7.3222482338e-09 -8.1808398287e-09
3.7878787879e-01 6.2121212121e-01 0.0000000000e+00 7.1679465392e-09 -8.0638344206e-09
4.0909090909e-01 6.2121212121e-01 0.0000000000e+00 7.0112888578e-09 -7.9475810495e-09
4.3939393939e-01 6.2121212121e-01 0.0000000000e+00 6.8535214995e-09 -7.8333260254e-09
4.6969696970e-01 6.2121212121e-01 0.0000000000e+00 6.6957280712e-09 -7.7221529552e-09
5.0000000000e-01 6.2121212121e-01 0.0000000000e+00 6.5388337457e-09 -7.6149870117e-09
5.3030303030e-01 6.2121212121e-01 0.0000000000e+00 6.3836140513e-09 -7.5126037232e-09
5.6060606061e-01 6.2121212121e-01 0.0000000000e+00 6.2307066391e-09 -7.4156407407e-09
5.9090909091e-01 6.2121212121e-01 0.0000000000e+00 6.0806247381e-09 -7.3246112932e-09
6.2121212121e-01 6.2121212121e-01 0.0000000000e+00 5.9337712803e-09 -7.2399183129e-09
6.5151515152e-01 6.2121212121e-01 0.0000000000e+00 5.7904529389e-09 -7.1618684728e-09
6.8181818182e-01 6.2121212121e-01 0.0000000000e+00 5.6508935499e-09 -7.0906856090e-09
7.1212121212e-01 6.2121212121e-01 0.0000000000e+00 5.5152465767e-09 -7.0265231850e-09
7.4242424242e-01 6.2121212121e-01 0.0000000000e+00 5.3836064278e-09 -6.9694756089e-09
7.7272727273e-01 6.2121212121e-01 0.0000000000e+00 5.2560185450e-09 -6.9195883229e-09
8.0303030303e-01 6.2121212121e-01 0.0000000000e+00 5.1324882631e-09 -6.8768666618e-09
8.3333333333e-01 6.2121212121e-01 0.0000000000e+00 5.0129884909e-09 -6.8412835342e-09
8.6363636364e-01 6.2121212121e-01 0.0000000000e+00 4.8974662973e-09 -6.8127860090e-09
8.9393939394e-01 6.2121212121e-01 0.0000000000e+00 4.7858485052e-09 -6.7913009093e-09
9.2424242424e-01 6.2121212121e-01 0.0000000000e+00 4.6780464002e-09 -6.7767395204e-09
9.5454545455e-01 6.2121212121e-01 0.0000000000e+00 4.5739596624e-09 -6.7690015227e-09
9.8484848485e-01 6.2121212121e-01 0.0000000000e+00 4.4734796241e-09 -6.7679782483e-09
1.0151515152e+00 6.2121212121e-01 0.0000000000e+00 4.3764919477e-09 -6.7735553597e-09
1.0454545455e+00 6.2121212121e-01 0.0000000000e+00 4.2828788100e-09 -6.7856150337e-09
1.0757575758e+00 6.2121212121e-01 0.0000000000e+00 4.1925206687e-09 -6.8040377279e-09
1.1060606061e+00 6.2121212121e-01 0.0000000000e+00 4.1052976772e-09 -6.8287035958e-09
1.1363636364e+00 6.2121212121e-01 0.0000000000e+00 4.0210908064e-09 -6.8594936084e-09
1.1666666667e+00 6.2121212121e-01 0.0000000000e+00 3.9397827219e-09 -6.8962904310e-09
1.1969696970e+00 6.2121212121e-01 0.0000000000e+00 3.8612584591e-09 -6.9389790992e-09
1.2272727273e+00 6.2121212121e-01 0.0000000000e+00 3.7854059327e-09 -6.9874475278e-09
1.2575757576e+00 6.2121212121e-01 0.0000000000e+00 3.7121163095e-09 -7.0415868834e-09
1.2878787879e+00 6.2121212121e-01 0.0000000000e+00 3.6412842707e-09 -7.1012918472e-09
1.3181818182e+00 6.2121212121e-01 0.0000000000e+00 3.5728081838e-09 -7.1664607869e-09
1.3484848485e+00 6.2121212121e-01 0.0000000000e+00 3.5065902035e-09 -7.2369958570e-09
1.3787878788e+00 6.2121212121e-01 0.0000000000e+00 3.4425363136e-09 -7.3128030413e-09
1.4090909091e+00 6.2121212121e-01 0.0000000000e+00 3.3805563240e-09 -7.3937921499e-09
1.4393939394e+00 6.2121212121e-01 0.0000000000e+00 3.3205638321e-09 -7.4798767801e-09
1.4696969697e+00 6.2121212121e-01 0.0000000000e+00 3.2624761563e-09 -7.5709742501e-09
1.5000000000e+00 6.2121212121e-01 0.0000000000e+00 3.2062142484e-09 -7.6670055120e-09
-1.5000000000e+00 6.5151515152e-01 0.0000000000e+00 3.1829527289e-09 -7.7090124938e-09
-1.4696969697e+00 6.5151515152e-01 0.0000000000e+00 3.2379783414e-09 -7.6117449366e-09
-1.4393939394e+00 6.5151515152e-01 0.0000000000e+00 3.2947450664e-09 -7.5193265157e-09
-1.4090909091e+00 6.5151515152e-01 0.0000000000e+00 3.3533250331e-09 -7.4318293603e-09
-1.3787878788e+00 6.5151515152e-01 0.0000000000e+00 3.4137933702e-09 -7.3493285993e-09
-1.3484848485e+00 6.5151515152e-01 0.0000000000e+00 3.4762282326e-09 -7.2719023874e-09
-1.3181818182e+00 6.5151515152e-01 0.0000000000e+00 3.5407108017e-09 -7.1996319061e-09
-1.2878787879e+00 6.5151515152e-01 0.0000000000e+00 3.6073252532e-09 -7.1326013310e-09
-1.2575757576e+00 6.5151515152e-01 0.0000000000e+00 3.6761586828e-09 -7.0708977581e-09
-1.2272727273e+00 6.5151515152e-01 0.0000000000e+00 3.7473009821e-09 -7.0146110786e-09
-1.1969696970e+00 6.5151515152e-01 0.0000000000e+00 3.8208446498e-09 -6.9638337914e-09
-1.1666666667e+00 6.5151515152e-01 0.0000000000e+00 3.8968845274e-09 -6.9186607379e-09
-1.1363636364e+00 6.5151515152e-01 0.0000000000e+00 3.9755174400e-09 -6.8791887433e-09
-1.1060606061e+00 6.5151515152e-01 0.0000000000e+00 4.0568417244e-09 -6.8455161444e-09
-1.0757575758e+00 6.5151515152e-01 0.0000000000e+00 4.1409566194e-09 -6.8177421800e-09
-1.0454545455e+00 6.5151515152e-01 0.0000000000e+00 4.2279614926e-09 -6.7959662176e-09
-1.0151515152e+00 6.5151515152e-01 0.0000000000e+00 4.3179548695e-09 -6.7802867829e-09
-9.8484848485e-01 6.5151515152e-01 0.0000000000e+00 4.4110332307e-09 -6.7708003562e-09
-9.5454545455e-01 6.5151515152e-01 0.0000000000e+00 4.5072895304e-09 -6.7675998920e-09
-9.2424242424e-01 6.5151515152e-01 0.0000000000e+00 4.6068113913e-09 -6.7707730128e-09
-8.9393939394e-01 6.5151515152e-01 0.0000000000e+00 4.7096789163e-09 -6.7803998217e-09
-8.6363636364e-01 6.5151515152e-01 0.0000000000e+00 4.8159620582e-09 -6.7965502713e-09
-8.3333333333e-01 6.5151515152e-01 0.0000000000e+00 4.9257174762e-09 -6.8192810208e-09
-8.0303030303e-01 6.5151515152e-01 0.0000000000e+00 5.0389848073e-09 -6.8486317074e-09
-7.7272727273e-01 6.5151515152e-01 0.0000000000e+00 5.1557822743e-09 -6.8846205536e-09
-7.4242424242e-01 6.5151515152e-01 0.0000000000e+00 5.2761015519e-09 -6.9272392344e-09
-7.1212121212e-01 6.5151515152e-01 0.0000000000e+00 5.3999018182e-09 -6.9764469277e-09
-6.8181818182e-01 6.5151515152e-01 0.0000000000e+00 5.5271029253e-09 -7.0321634858e-09
-6.5151515152e-01 6.5151515152e-01 0.0000000000e+00 5.6575776485e-09 -7.0942616837e-09
-6.2121212121e-01 6.5151515152e-01 0.0000000000e+00 5.7911429998e-09 -7.1625585338e-09
-5.9090909091e-01 6.5151515152e-01 0.0000000000e+00 5.9275506473e-09 -7.2368057038e-09
-5.6060606061e-01 6.5151515152e-01 0.0000000000e+00 6.0664765464e-09 -7.3166791493e-09
-5.3030303030e-01 6.5151515152e-01 0.0000000000e+00 6.2075099909e-09 -7.4017681641e-09
-5.0000000000e-01 6.5151515152e-01 0.0000000000e+00 6.3501424139e-09 -7.4915641812e-09
-4.6969696970e-01 6.5151515152e-01 0.0000000000e+00 6.4937564280e-09 -7.5854498134e-09
-4.3939393939e-01 6.5151515152e-01 0.0000000000e+00 6.6376157840e-09 -7.6826888113e-09
-4.0909090909e-01 6.5151515152e-01 0.0000000000e+00 6.7808571367e-09 -7.7824178298e-09
-3.7878787879e-01 6.5151515152e-01 0.0000000000e+00 6.9224847318e-09 -7.8836411145e-09
-3.4848484848e-01 6.5151515152e-01 0.0000000000e+00 7.0613693239e-09 -7.9852294201e-09
-3.1818181818e-01 6.5151515152e-01 0.0000000000e+00 7.1962527803e-09 -8.0859246139e-09
-2.8787878788e-01 6.5151515152e-01 0.0000000000e+00 7.3257598423e-09 -8.1843514372e-09
-2.5757575758e-01 6.5151515152e-01 0.0000000000e+00 7.4484183578e-09 -8.2790377379e-09
-2.2727272727e-01 6.5151515152e-01 0.0000000000e+00 7.5626888878e-09 -8.3684440768e-09
-1.9696969697e-01 6.5151515152e-01 0.0000000000e+00 7.6670038941e-09 -8.4510029160e-09
-1.6666666667e-01 6.5151515152e-01 0.0000000000e+00 7.7598157409e-09 -8.5251666197e-09
-1.3636363636e-01 6.5151515152e-01 0.0000000000e+00 7.8396515717e-09 -8.5894623310e-09
-1.0606060606e-01 6.5151515152e-01 0.0000000000e+00 7.9051719192e-09 -8.6425505831e-09
-7.5757575758e-02 6.5151515152e-01 0.0000000000e+00 7.9552289071e-09 -8.6832834993e-09
-4.5454545455e-02 6.5151515152e-01 0.0000000000e+00 7.9889193328e-09 -8.7107578773e-09
-1.5151515152e-02 6.5151515152e-01 0.0000000000e+00 8.0056279881e-09 -8.7243585087e-09
1.5151515152e-02 6.5151515152e-01 0.0000000000e+00 8.0050573001e-09 -8.7237878207e-09
4.5454545455e-02 6.5151515152e-01 0.0000000000e+00 7.9872406848e-09 -8.7090792293e-09
7.5757575758e-02 6.5151515152e-01 0.0000000000e+00 7.9525386460e-09 -8.6805932383e-09
1.0606060606e-01 6.5151515152e-01 0.0000000000e+00 7.9016183572e-09 -8.6389970210e-09
1.3636363636e-01 6.5151515152e-01 0.0000000000e+00 7.8354189638e-09 -8.5852297232e-09
1.6666666667e-01 6.5151515152e-01 0.0000000000e+00 7.7551059606e-09 -8.5204568393e-09
1.9696969697e-01 6.5151515152e-01 0.0000000000e+00 7.6620186265e-09 -8.4460176484e-09
2.2727272727e-01 6.5151515152e-01 0.0000000000e+00 7.5576146417e-09 -8.3633698308e-09
2.5757575758e-01 6.5151515152e-01 0.0000000000e+00 7.4434157027e-09 -8.2740350827e-09
2.8787878788e-01 6.5151515152e-01 0.0000000000e+00 7.3209573119e-09 -8.1795489068e-09
3.1818181818e-01 6.5151515152e-01 0.0000000000e+00 7.1917450725e-09 -8.0814169061e-09
3.4848484848e-01 6.5151515152e-01 0.0000000000e+00 7.0572189026e-09 -7.9810789988e-09
3.7878787879e-01 6.5151515152e-01 0.0000000000e+00 6.9187257205e-09 -7.8798821032e-09
4.0909090909e-01 6.5151515152e-01 0.0000000000e+00 6.7775004291e-09 -7.7790611221e-09
4.3939393939e-01 6.5151515152e-01 0.0000000000e+00 6.6346544869e-09 -7.6797275142e-09
4.6969696970e-01 6.5151515152e-01 0.0000000000e+00 6.4911710099e-09 -7.5828643953e-09
5.0000000000e-01 6.5151515152e-01 0.0000000000e+00 6.3479051824e-09 -7.4893269498e-09
5.3030303030e-01 6.5151515152e-01 0.0000000000e+00 6.2055887327e-09 -7.3998469059e-09
5.6060606061e-01 6.5151515152e-01 0.0000000000e+00 6.0648373110e-09 -7.3150399139e-09
5.9090909091e-01 6.5151515152e-01 0.0000000000e+00 5.9261597504e-09 -7.2354148069e-09
6.2121212121e-01 6.5151515152e-01 0.0000000000e+00 5.7899683670e-09 -7.1613839009e-09
6.5151515152e-01 6.5151515152e-01 0.0000000000e+00 5.6565896352e-09 -7.0932736705e-09
6.8181818182e-01 6.5151515152e-01 0.0000000000e+00 5.5262747426e-09 -7.0313353031e-09
7.1212121212e-01 6.5151515152e-01 0.0000000000e+00 5.3992096756e-09 -6.9757547852e-09
7.4242424242e-01 6.5151515152e-01 0.0000000000e+00 5.2755246108e-09 -6.9266622933e-09
7.7272727273e-01 6.5151515152e-01 0.0000000000e+00 5.1553024799e-09 -6.8841407593e-09
8.0303030303e-01 6.5151515152e-01 0.0000000000e+00 5.0385866547e-09 -6.8482335547e-09
8.3333333333e-01 6.5151515152e-01 0.0000000000e+00 4.9253877435e-09 -6.8189512881e-09
8.6363636364e-01 6.5151515152e-01 0.0000000000e+00 4.8156895350e-09 -6.7962777480e-09
8.9393939394e-01 6.5151515152e-01 0.0000000000e+00 4.7094541411e-09 -6.7801750464e-09
9.2424242424e-01 6.5151515152e-01 0.0000000000e+00 4.6066264078e-09 -6.7705880294e-09
9.5454545455e-01 6.5151515152e-01 0.0000000000e+00 4.5071376680e-09 -6.7674480296e-09
9.8484848485e-01 6.5151515152e-01 0.0000000000e+00 4.4109089091e-09 -6.7706760346e-09
1.0151515152e+00 6.5151515152e-01 0.0000000000e+00 4.3178534291e-09 -6.7801853424e-09
1.0454545455e+00 6.5151515152e-01 0.0000000000e+00 4.2278790475e-09 -6.7958837726e-09
1.0757575758e+00 6.5151515152e-01 0.0000000000e+00 4.1408899328e-09 -6.8176754933e-09
1.1060606061e+00 6.5151515152e-01 0.0000000000e+00 4.0567881014e-09 -6.8454625214e-09
1.1363636364e+00 6.5151515152e-01 0.0000000000e+00 3.9754746385e-09 -6.8791459418e-09
1.1666666667e+00 6.5151515152e-01 0.0000000000e+00 3.8968506824e-09 -6.9186268929e-09
1.1969696970e+00 6.5151515152e-01 0.0000000000e+00 3.8208182104e-09 -6.9638073519e-09
1.2272727273e+00 6.5151515152e-01 0.0000000000e+00 3.7472806584e-09 -7.0145907548e-09
1.2575757576e+00 6.5151515152e-01 0.0000000000e+00 3.6761434023e-09 -7.0708824775e-09
1.2878787879e+00 6.5151515152e-01 0.0000000000e+00 3.6073141238e-09 -7.1325902017e-09
1.3181818182e+00 6.5151515152e-01 0.0000000000e+00 3.5407030819e-09 -7.1996241863e-09
1.3484848485e+00 6.5151515152e-01 0.0000000000e+00 3.4762233055e-09 -7.2718974603e-09
1.3787878788e+00 6.5151515152e-01 0.0000000000e+00 3.4137907229e-09 -7.3493259520e-09
1.4090909091e+00 6.5151515152e-01 0.0000000000e+00 3.3533242390e-09 -7.4318285663e-09
1.4393939394e+00 6.5151515152e-01 0.0000000000e+00 3.2947457711e-09 -7.5193272204e-09
1.4696969697e+00 6.5151515152e-01 0.0000000000e+00 3.2379802503e-09 -7.6117468455e-09
1.5000000000e+00 6.5151515152e-01 0.0000000000e+00 3.1829555973e-09 -7.7090153622e-09
-1.5000000000e+00 6.8181818182e-01 0.0000000000e+00 3.1591258161e-09 -7.7535621063e-09
-1.4696969697e+00 6.8181818182e-01 0.0000000000e+00 3.2129036074e-09 -7.6550467278e-09
-1.4393939394e+00 6.8181818182e-01 0.0000000000e+00 3.2683386706e-09 -7.5612966450e-09
-1.4090909091e+00 6.8181818182e-01 0.0000000000e+00 3.3254964465e-09 -7.4723772990e-09
-1.3787878788e+00 6.8181818182e-01 0.0000000000e+00 3.3844447818e-09 -7.3883565361e-09
-1.3484848485e+00 6.8181818182e-01 0.0000000000e+00 3.4452539010e-09 -7.3093045811e-09
-1.3181818182e+00 6.8181818182e-01 0.0000000000e+00 3.5079963489e-09 -7.2352939785e-09
-1.2878787879e+00 6.8181818182e-01 0.0000000000e+00 3.5727468948e-09 -7.1663994979e-09
-1.2575757576e+00 6.8181818182e-01 0.0000000000e+00 3.6395823918e-09 -7.1026979922e-09
-1.2272727273e+00 6.8181818182e-01 0.0000000000e+00 3.7085815806e-09 -7.0442682022e-09
-1.1969696970e+00 6.8181818182e-01 0.0000000000e+00 3.7798248263e-09 -6.9911904930e-09
-1.1666666667e+00 6.8181818182e-01 0.0000000000e+00 3.8533937753e-09 -6.9435465110e-09
-1.1363636364e+00 6.8181818182e-01 0.0000000000e+00 3.9293709163e-09 -6.9014187448e-09
-1.1060606061e+00 6.8181818182e-01 0.0000000000e+00 4.0078390264e-09 -6.8648899716e-09
-1.0757575758e+00 6.8181818182e-01 0.0000000000e+00 4.0888804825e-09 -6.8340425682e-09
-1.0454545455e+00 6.8181818182e-01 0.0000000000e+00 4.1725764111e-09 -6.8089576613e-09
-1.0151515152e+00 6.8181818182e-01 0.0000000000e+00 4.2590056506e-09 -6.7897140891e-09
-9.8484848485e-01 6.8181818182e-01 0.0000000000e+00 4.3482434913e-09 -6.7763871420e-09
-9.5454545455e-01 6.8181818182e-01 0.0000000000e+00 4.4403601588e-09 -6.7690470456e-09
-9.2424242424e-01 6.8181818182e-01 0.0000000000e+00 4.5354189983e-09 -6.7677571451e-09
-8.9393939394e-01 6.8181818182e-01 0.0000000000e+00 4.6334743151e-09 -6.7725717456e-09
-8.6363636364e-01 6.8181818182e-01 0.0000000000e+00 4.7345688220e-09 -6.7835335602e-09
-8.3333333333e-01 6.8181818182e-01 0.0000000000e+00 4.8387306422e-09 -6.8006707119e-09
-8.0303030303e-01 6.8181818182e-01 0.0000000000e+00 4.9459698118e-09 -6.8239932370e-09
-7.7272727273e-01 6.8181818182e-01 0.0000000000e+00 5.0562742304e-09 -6.8534890349e-09
-7.4242424242e-01 6.8181818182e-01 0.0000000000e+00 5.1696050076e-09 -6.8891192153e-09
-7.1212121212e-01 6.8181818182e-01 0.0000000000e+00 5.2858911656e-09 -6.9308128004e-09
-6.8181818182e-01 6.8181818182e-01 0.0000000000e+00 5.4050236701e-09 -6.9784607558e-09
-6.5151515152e-01 6.8181818182e-01 0.0000000000e+00 5.5268487847e-09 -7.0319093452e-09
-6.2121212121e-01 6.8181818182e-01 0.0000000000e+00 5.6511607808e-09 -7.0909528399e-09
-5.9090909091e-01 6.8181818182e-01 0.0000000000e+00 5.7776940786e-09 -7.1553256603e-09
-5.6060606061e-01 6.8181818182e-01 0.0000000000e+00 5.9061149627e-09 -7.2246940908e-09
-5.3030303030e-01 6.8181818182e-01 0.0000000000e+00 6.0360130948e-09 -7.2986477932e-09
-5.0000000000e-01 6.8181818182e-01 0.0000000000e+00 6.1668931500e-09 -7.3766914425e-09
-4.6969696970e-01 6.8181818182e-01 0.0000000000e+00 6.2981670257e-09 -7.4582369362e-09
-4.3939393939e-01 6.8181818182e-01 0.0000000000e+00 6.4291472070e-09 -7.5425967595e-09
-4.0909090909e-01 6.8181818182e-01 0.0000000000e+00 6.5590420189e-09 -7.6289792372e-09
-3.7878787879e-01 6.8181818182e-01 0.0000000000e+00 6.6869536307e-09 -7.7164865387e-09
-3.4848484848e-01 6.8181818182e-01 0.0000000000e+00 6.8118797856e-09 -7.8041164070e-09
-3.1818181818e-01 6.8181818182e-01 0.0000000000e+00 6.9327202729e-09 -7.8907686317e-09
-2.8787878788e-01 6.8181818182e-01 0.0000000000e+00 7.0482891087e-09 -7.9752572288e-09
-2.5757575758e-01 6.8181818182e-01 0.0000000000e+00 7.1573332002e-09 -8.0563291055e-09
-2.2727272727e-01 6.8181818182e-01 0.0000000000e+00 7.2585579130e-09 -8.1326896273e-09
-1.9696969697e-01 6.8181818182e-01 0.0000000000e+00 7.3506594235e-09 -8.2030349706e-09
-1.6666666667e-01 6.8181818182e-01 0.0000000000e+00 7.4323630431e-09 -8.2660904470e-09
-1.3636363636e-01 6.8181818182e-01 0.0000000000e+00 7.5024659177e-09 -8.3206532022e-09
-1.0606060606e-01 6.8181818182e-01 0.0000000000e+00 7.5598817378e-09 -8.3656369269e-09
-7.5757575758e-02 6.8181818182e-01 0.0000000000e+00 7.6036844910e-09 -8.4001156085e-09
-4.5454545455e-02 6.8181818182e-01 0.0000000000e+00 7.6331479800e-09 -8.4233630497e-09
-1.5151515152e-02 6.8181818182e-01 0.0000000000e+00 7.6477779200e-09 -8.4348849658e-09
1.5151515152e-02 6.8181818182e-01 0.0000000000e+00 7.6473339401e-09 -8.4344409859e-09
4.5454545455e-02 6.8181818182e-01 0.0000000000e+00 7.6318396814e-09 -8.4220547511e-09
7.5757575758e-02 6.8181818182e-01 0.0000000000e+00 7.6015802789e-09 -8.3980113963e-09
1.0606060606e-01 6.8181818182e-01 0.0000000000e+00 7.5570876620e-09 -8.3628428511e-09
1.3636363636e-01 6.8181818182e-01 0.0000000000e+00 7.4991151500e-09 -8.3173024346e-09
1.6666666667e-01 6.8181818182e-01 0.0000000000e+00 7.4286036173e-09 -8.2623310212e-09
1.9696969697e-01 6.8181818182e-01 0.0000000000e+00 7.3466420008e-09 -8.1990175480e-09
2.2727272727e-01 6.8181818182e-01 0.0000000000e+00 7.2544250776e-09 -8.1285567919e-09
2.5757575758e-01 6.8181818182e-01 0.0000000000e+00 7.1532112974e-09 -8.0522072026e-09
2.8787878788e-01 6.8181818182e-01 0.0000000000e+00 7.0442830649e-09 -7.9712511850e-09
3.1818181818e-01 6.8181818182e-01 0.0000000000e+00 6.9289113180e-09 -7.8869596768e-09
3.4848484848e-01 6.8181818182e-01 0.0000000000e+00 6.8083256262e-09 -7.8005622476e-09
3.7878787879e-01 6.8181818182e-01 0.0000000000e+00 6.6836904260e-09 -7.7132233339e-09
4.0909090909e-01 6.8181818182e-01 0.0000000000e+00 6.5560874726e-09 -7.6260246909e-09
4.3939393939e-01 6.8181818182e-01 0.0000000000e+00 6.4265041636e-09 -7.5399537161e-09
4.6969696970e-01 6.8181818182e-01 0.0000000000e+00 6.2958270954e-09 -7.4558970060e-09
5.0000000000e-01 6.8181818182e-01 0.0000000000e+00 6.1648400397e-09 -7.3746383322e-09
5.3030303030e-01 6.8181818182e-01 0.0000000000e+00 6.0342254625e-09 -7.2968601609e-09
5.6060606061e-01 6.8181818182e-01 0.0000000000e+00 5.9045687249e-09 -7.2231478530e-09
5.9090909091e-01 6.8181818182e-01 0.0000000000e+00 5.7763641753e-09 -7.1539957570e-09
6.2121212121e-01 6.8181818182e-01 0.0000000000e+00 5.6500224533e-09 -7.0898145124e-09
6.5151515152e-01 6.8181818182e-01 0.0000000000e+00 5.5258784414e-09 -7.0309390019e-09
6.8181818182e-01 6.8181818182e-01 0.0000000000e+00 5.4041994239e-09 -6.9776365096e-09
7.1212121212e-01 6.8181818182e-01 0.0000000000e+00 5.2851931213e-09 -6.9301147560e-09
7.4242424242e-01 6.8181818182e-01 0.0000000000e+00 5.1690153673e-09 -6.8885295750e-09
7.7272727273e-01 6.8181818182e-01 0.0000000000e+00 5.0557772738e-09 -6.8529920783e-09
8.0303030303e-01 6.8181818182e-01 0.0000000000e+00 4.9455517948e-09 -6.8235752200e-09
8.3333333333e-01 6.8181818182e-01 0.0000000000e+00 4.8383796471e-09 -6.8003197169e-09
8.6363636364e-01 6.8181818182e-01 0.0000000000e+00 4.7342745845e-09 -6.7832393227e-09
8.9393939394e-01 6.8181818182e-01 0.0000000000e+00 4.6332280424e-09 -6.7723254729e-09
9.2424242424e-01 6.8181818182e-01 0.0000000000e+00 4.5352131916e-09 -6.7675513383e-09
9.5454545455e-01 6.8181818182e-01 0.0000000000e+00 4.4401884454e-09 -6.7688753322e-09
9.8484848485e-01 6.8181818182e-01 0.0000000000e+00 4.3481004711e-09 -6.7762441218e-09
1.0151515152e+00 6.8181818182e-01 0.0000000000e+00 4.2588867579e-09 -6.7895951965e-09
1.0454545455e+00 6.8181818182e-01 0.0000000000e+00 4.1724777926e-09 -6.8088590429e-09
1.0757575758e+00 6.8181818182e-01 0.0000000000e+00 4.0887988904e-09 -6.8339609761e-09
1.1060606061e+00 6.8181818182e-01 0.0000000000e+00 4.0077717261e-09 -6.8648226713e-09
1.1363636364e+00 6.8181818182e-01 0.0000000000e+00 3.9293156069e-09 -6.9013634354e-09
1.1666666667e+00 6.8181818182e-01 0.0000000000e+00 3.8533485220e-09 -6.9435012577e-09
1.1969696970e+00 6.8181818182e-01 0.0000000000e+00 3.7797880023e-09 -6.9911536691e-09
1.2272727273e+00 6.8181818182e-01 0.0000000000e+00 3.7085518187e-09 -7.0442384403e-09
1.2575757576e+00 6.8181818182e-01 0.0000000000e+00 3.6395585427e-09 -7.1026741431e-09
1.2878787879e+00 6.8181818182e-01 0.0000000000e+00 3.5727279923e-09 -7.1663805954e-09
1.3181818182e+00 6.8181818182e-01 0.0000000000e+00 3.5079815810e-09 -7.2352792106e-09
1.3484848485e+00 6.8181818182e-01 0.0000000000e+00 3.4452425848e-09 -7.3092932648e-09
1.3787878788e+00 6.8181818182e-01 0.0000000000e+00 3.3844363429e-09 -7.3883480972e-09
1.4090909091e+00 6.8181818182e-01 0.0000000000e+00 3.3254904020e-09 -7.4723712544e-09
1.4393939394e+00 6.8181818182e-01 0.0000000000e+00 3.2683346141e-09 -7.5612925886e-09
1.4696969697e+00 6.8181818182e-01 0.0000000000e+00 3.2129011971e-09 -7.6550443175e-09
1.5000000000e+00 6.8181818182e-01 0.0000000000e+00 3.1591247645e-09 -7.7535610547e-09
-1.5000000000e+00 7.1212121212e-01 0.0000000000e+00 3.1347796899e-09 -7.8007005292e-09
-1.4696969697e+00 7.1212121212e-01 0.0000000000e+00 3.1873026171e-09 -7.7009302865e-09
-1.4393939394e+00 7.1212121212e-01 0.0000000000e+00 3.2414003000e-09 -7.6058428236e-09
-1.4090909091e+00 7.1212121212e-01 0.0000000000e+00 3.2971317890e-09 -7.5154971905e-09
-1.3787878788e+00 7.1212121212e-01 0.0000000000e+00 3.3545579960e-09 -7.4299542994e-09
-1.3484848485e+00 7.1212121212e-01 0.0000000000e+00 3.4137416221e-09 -7.3492768512e-09
-1.3181818182e+00 7.1212121212e-01 0.0000000000e+00 3.4747470493e-09 -7.2735292280e-09
-1.2878787879e+00 7.1212121212e-01 0.0000000000e+00 3.5376401939e-09 -7.2027773461e-09
-1.2575757576e+00 7.1212121212e-01 0.0000000000e+00 3.6024883105e-09 -7.1370884600e-09
-1.2272727273e+00 7.1212121212e-01 0.0000000000e+00 3.6693597391e-09 -7.0765309098e-09
-1.1969696970e+00 7.1212121212e-01 0.0000000000e+00 3.7383235831e-09 -7.0211737989e-09
-1.1666666667e+00 7.1212121212e-01 0.0000000000e+00 3.8094493073e-09 -6.9710865921e-09
-1.1363636364e+00 7.1212121212e-01 0.0000000000e+00 3.8828062400e-09 -6.9263386176e-09
-1.1060606061e+00 7.1212121212e-01 0.0000000000e+00 3.9584629626e-09 -6.8869984569e-09
-1.0757575758e+00 7.1212121212e-01 0.0000000000e+00 4.0364865686e-09 -6.8531332034e-09
-1.0454545455e+00 7.1212121212e-01 0.0000000000e+00 4.1169417694e-09 -6.8248075687e-09
-1.0151515152e+00 7.1212121212e-01 0.0000000000e+00 4.1998898230e-09 -6.8020828106e-09
-9.8484848485e-01 7.1212121212e-01 0.0000000000e+00 4.2853872570e-09 -6.7850154568e-09
-9.5454545455e-01 7.1212121212e-01 0.0000000000e+00 4.3734843576e-09 -6.7736557935e-09
-9.2424242424e-01 7.1212121212e-01 0.0000000000e+00 4.4642233892e-09 -6.7680460850e-09
-8.9393939394e-01 7.1212121212e-01 0.0000000000e+00 4.5576365107e-09 -6.7682184903e-09
-8.6363636364e-01 7.1212121212e-01 0.0000000000e+00 4.6537433500e-09 -6.7741926374e-09
-8.3333333333e-01 7.1212121212e-01 0.0000000000e+00 4.7525481995e-09 -6.7859728184e-09
-8.0303030303e-01 7.1212121212e-01 0.0000000000e+00 4.8540367938e-09 -6.8035447681e-09
-7.7272727273e-01 7.1212121212e-01 0.0000000000e+00 4.9581726371e-09 -6.8268719907e-09
-7.4242424242e-01 7.1212121212e-01 0.0000000000e+00 5.0648928522e-09 -6.8558916090e-09
-7.1212121212e-01 7.1212121212e-01 0.0000000000e+00 5.1741035333e-09 -6.8905097171e-09
-6.8181818182e-01 7.1212121212e-01 0.0000000000e+00 5.2856746036e-09 -6.9305962384e-09
-6.5151515152e-01 7.1212121212e-01 0.0000000000e+00 5.3994342005e-09 -6.9759793100e-09
-6.2121212121e-01 7.1212121212e-01 0.0000000000e+00 5.5151626438e-09 -7.0264392520e-09
-5.9090909091e-01 7.1212121212e-01 0.0000000000e+00 5.6325860876e-09 -7.0817022184e-09
-5.6060606061e-01 7.1212121212e-01 0.0000000000e+00 5.7513700078e-09 -7.1414336849e-09
-5.3030303030e-01 7.1212121212e-01 0.0000000000e+00 5.8711127485e-09 -7.2052319959e-09
-5.0000000000e-01 7.1212121212e-01 0.0000000000e+00 5.9913394286e-09 -7.2726222702e-09
-4.6969696970e-01 7.1212121212e-01 0.0000000000e+00 6.1114966008e-09 -7.3430510604e-09
-4.3939393939e-01 7.1212121212e-01 0.0000000000e+00 6.2309481507e-09 -7.4158822523e-09
-4.0909090909e-01 7.1212121212e-01 0.0000000000e+00 6.3489730195e-09 -7.4903947868e-09
-3.7878787879e-01 7.1212121212e-01 0.0000000000e+00 6.4647654084e-09 -7.5657828654e-09
-3.4848484848e-01 7.1212121212e-01 0.0000000000e+00 6.5774381735e-09 -7.6411593440e-09
-3.1818181818e-01 7.1212121212e-01 0.0000000000e+00 6.6860301087e-09 -7.7155630166e-09
-2.8787878788e-01 7.1212121212e-01 0.0000000000e+00 6.7895177335e-09 -7.7879704027e-09
-2.5757575758e-01 7.1212121212e-01 0.0000000000e+00 6.8868320191e-09 -7.8573124735e-09
-2.2727272727e-01 7.1212121212e-01 0.0000000000e+00 6.9768801896e-09 -7.9224964529e-09
-1.9696969697e-01 7.1212121212e-01 0.0000000000e+00 7.0585723341e-09 -7.9824324303e-09
-1.6666666667e-01 7.1212121212e-01 0.0000000000e+00 7.1308520703e-09 -8.0360640232e-09
-1.3636363636e-01 7.1212121212e-01 0.0000000000e+00 7.1927299716e-09 -8.0824018053e-09
-1.0606060606e-01 7.1212121212e-01 0.0000000000e+00 7.2433179793e-09 -8.1205577174e-09
-7.5757575758e-02 7.1212121212e-01 0.0000000000e+00 7.2818626483e-09 -8.1497783149e-09
-4.5454545455e-02 7.1212121212e-01 0.0000000000e+00 7.3077749150e-09 -8.1694745337e-09
-1.5151515152e-02 7.1212121212e-01 0.0000000000e+00 7.3206541636e-09 -8.1792457585e-09
1.5151515152e-02 7.1212121212e-01 0.0000000000e+00 7.3203047365e-09 -8.1788963314e-09
4.5454545455e-02 7.1212121212e-01 0.0000000000e+00 7.3067436216e-09 -8.1684432403e-09
7.5757575758e-02 7.1212121212e-01 0.0000000000e+00 7.2801987953e-09 -8.1481144618e-09
1.0606060606e-01 7.1212121212e-01 0.0000000000e+00 7.2410984838e-09 -8.1183382220e-09
1.3636363636e-01 7.1212121212e-01 0.0000000000e+00 7.1900523310e-09 -8.0797241646e-09
1.6666666667e-01 7.1212121212e-01 0.0000000000e+00 7.1278260385e-09 -8.0330379915e-09
1.9696969697e-01 7.1212121212e-01 0.0000000000e+00 7.0553114231e-09 -7.9791715193e-09
2.2727272727e-01 7.1212121212e-01 0.0000000000e+00 6.9734939871e-09 -7.9191102504e-09
2.5757575758e-01 7.1212121212e-01 0.0000000000e+00 6.8834200424e-09 -7.8539004967e-09
2.8787878788e-01 7.1212121212e-01 0.0000000000e+00 6.7861651943e-09 -7.7846178634e-09
3.1818181818e-01 7.1212121212e-01 0.0000000000e+00 6.6828056359e-09 -7.7123385438e-09
3.4848484848e-01 7.1212121212e-01 0.0000000000e+00 6.5743932826e-09 -7.6381144531e-09
3.7878787879e-01 7.1212121212e-01 0.0000000000e+00 6.4619353461e-09 -7.5629528030e-09
4.0909090909e-01 7.1212121212e-01 0.0000000000e+00 6.3463785532e-09 -7.4878003206e-09
4.3939393939e-01 7.1212121212e-01 0.0000000000e+00 6.2285978895e-09 -7.4135319911e-09
4.6969696970e-01 7.1212121212e-01 0.0000000000e+00 6.1093894984e-09 -7.3409439581e-09
5.0000000000e-01 7.1212121212e-01 0.0000000000e+00 5.9894672125e-09 -7.2707500541e-09
5.3030303030e-01 7.1212121212e-01 0.0000000000e+00 5.8694621054e-09 -7.2035813529e-09
5.6060606061e-01 7.1212121212e-01 0.0000000000e+00 5.7499244380e-09 -7.1399881152e-09
5.9090909091e-01 7.1212121212e-01 0.0000000000e+00 5.6313273979e-09 -7.0804435286e-09
6.2121212121e-01 7.1212121212e-01 0.0000000000e+00 5.5140720915e-09 -7.0253486997e-09
6.5151515152e-01 7.1212121212e-01 0.0000000000e+00 5.3984933269e-09 -6.9750384364e-09
6.8181818182e-01 7.1212121212e-01 0.0000000000e+00 5.2848658045e-09 -6.9297874392e-09
7.1212121212e-01 7.1212121212e-01 0.0000000000e+00 5.1734104187e-09 -6.8898166025e-09
7.4242424242e-01 7.1212121212e-01 0.0000000000e+00 5.0643004443e-09 -6.8552992011e-09
7.7272727273e-01 7.1212121212e-01 0.0000000000e+00 4.9576674486e-09 -6.8263668022e-09
8.0303030303e-01 7.1212121212e-01 0.0000000000e+00 4.8536068220e-09 -6.8031147963e-09
8.3333333333e-01 7.1212121212e-01 0.0000000000e+00 4.7521828645e-09 -6.7856074834e-09
8.6363636364e-01 7.1212121212e-01 0.0000000000e+00 4.6534333985e-09 -6.7738826858e-09
8.9393939394e-01 7.1212121212e-01 0.0000000000e+00 4.5573739007e-09 -6.7679558804e-09
9.2424242424e-01 7.1212121212e-01 0.0000000000e+00 4.4640011682e-09 -6.7678238641e-09
9.5454545455e-01 7.1212121212e-01 0.0000000000e+00 4.3732965402e-09 -6.7734679761e-09
9.8484848485e-01 7.1212121212e-01 0.0000000000e+00 4.2852287081e-09 -6.7848569079e-09
1.0151515152e+00 7.1212121212e-01 0.0000000000e+00 4.1997561493e-09 -6.8019491369e-09
1.0454545455e+00 7.1212121212e-01 0.0000000000e+00 4.1168292207e-09 -6.8246950200e-09
1.0757575758e+00 7.1212121212e-01 0.0000000000e+00 4.0363919492e-09 -6.8530385840e-09
1.1060606061e+00 7.1212121212e-01 0.0000000000e+00 3.9583835532e-09 -6.8869190475e-09
1.1363636364e+00 7.1212121212e-01 0.0000000000e+00 3.8827397290e-09 -6.9262721065e-09
1.1666666667e+00 7.1212121212e-01 0.0000000000e+00 3.8093937310e-09 -6.9710310157e-09
1.1969696970e+00 7.1212121212e-01 0.0000000000e+00 3.7382772743e-09 -7.0211274901e-09
1.2272727273e+00 7.1212121212e-01 0.0000000000e+00 3.6693212829e-09 -7.0764924536e-09
1.2575757576e+00 7.1212121212e-01 0.0000000000e+00 3.6024565064e-09 -7.1370566559e-09
1.2878787879e+00 7.1212121212e-01 0.0000000000e+00 3.5376140230e-09 -7.2027511752e-09
1.3181818182e+00 7.1212121212e-01 0.0000000000e+00 3.4747256471e-09 -7.2735078258e-09
1.3484848485e+00 7.1212121212e-01 0.0000000000e+00 3.4137242547e-09 -7.3492594839e-09
1.3787878788e+00 7.1212121212e-01 0.0000000000e+00 3.3545440407e-09 -7.4299403441e-09
1.4090909091e+00 7.1212121212e-01 0.0000000000e+00 3.2971207167e-09 -7.5154861183e-09
1.4393939394e+00 7.1212121212e-01 0.0000000000e+00 3.2413916617e-09 -7.6058341853e-09
1.4696969697e+00 7.1212121212e-01 0.0000000000e+00 3.1872960310e-09 -7.7009237005e-09
1.5000000000e+00 7.1212121212e-01 0.0000000000e+00 3.1347748319e-09 -7.8006956711e-09
-1.5000000000e+00 7.4242424242e-01 0.0000000000e+00 3.1099661785e-09 -7.8504795907e-09
-1.4696969697e+00 7.4242424242e-01 0.0000000000e+00 3.1612309161e-09 -7.7494511586e-09
-1.4393939394e+00 7.4242424242e-01 0.0000000000e+00 3.2139894955e-09 -7.6530245920e-09
-1.4090909091e+00 7.4242424242e-01 0.0000000000e+00 3.2682948905e-09 -7.5612528650e-09
-1.3787878788e+00 7.4242424242e-01 0.0000000000e+00 3.3242014440e-09 -7.4741903203e-09
-1.3484848485e+00 7.4242424242e-01 0.0000000000e+00 3.3817647556e-09 -7.3918925576e-09
-1.3181818182e+00 7.4242424242e-01 0.0000000000e+00 3.4410415342e-09 -7.3144162858e-09
-1.2878787879e+00 7.4242424242e-01 0.0000000000e+00 3.5020894087e-09 -7.2418191338e-09
-1.2575757576e+00 7.4242424242e-01 0.0000000000e+00 3.5649666890e-09 -7.1741594115e-09
-1.2272727273e+00 7.4242424242e-01 0.0000000000e+00 3.6297320695e-09 -7.1114958131e-09
-1.1969696970e+00 7.4242424242e-01 0.0000000000e+00 3.6964442629e-09 -7.0538870516e-09
-1.1666666667e+00 7.4242424242e-01 0.0000000000e+00 3.7651615562e-09 -7.0013914139e-09
-1.1363636364e+00 7.4242424242e-01 0.0000000000e+00 3.8359412725e-09 -6.9540662230e-09
-1.1060606061e+00 7.4242424242e-01 0.0000000000e+00 3.9088391258e-09 -6.9119671930e-09
-1.0757575758e+00 7.4242424242e-01 0.0000000000e+00 3.9839084511e-09 -6.8751476589e-09
-1.0454545455e+00 7.4242424242e-01 0.0000000000e+00 4.0611992922e-09 -6.8436576645e-09
-1.0151515152e+00 7.4242424242e-01 0.0000000000e+00 4.1407573249e-09 -6.8175428855e-09
-9.8484848485e-01 7.4242424242e-01 0.0000000000e+00 4.2226225946e-09 -6.7968433674e-09
-9.5454545455e-01 7.4242424242e-01 0.0000000000e+00 4.3068280424e-09 -6.7815920513e-09
-9.2424242424e-01 7.4242424242e-01 0.0000000000e+00 4.3933977949e-09 -6.7718130637e-09
-8.9393939394e-01 7.4242424242e-01 0.0000000000e+00 4.4823451896e-09 -6.7675197421e-09
-8.6363636364e-01 7.4242424242e-01 0.0000000000e+00 4.5736705089e-09 -6.7687123692e-09
-8.3333333333e-01 7.4242424242e-01 0.0000000000e+00 4.6673583979e-09 -6.7753755897e-09
-8.0303030303e-01 7.4242424242e-01 0.0000000000e+00 4.7633749393e-09 -6.7874754865e-09
-7.7272727273e-01 7.4242424242e-01 0.0000000000e+00 4.8616643707e-09 -6.8049562973e-09
-7.4242424242e-01 7.4242424242e-01 0.0000000000e+00 4.9621454310e-09 -6.8277367608e-09
-7.1212121212e-01 7.4242424242e-01 0.0000000000e+00 5.0647073383e-09 -6.8557060951e-09
-6.8181818182e-01 7.4242424242e-01 0.0000000000e+00 5.1692054176e-09 -6.8887196253e-09
-6.5151515152e-01 7.4242424242e-01 0.0000000000e+00 5.2754564188e-09 -6.9265941013e-09
-6.2121212121e-01 7.4242424242e-01 0.0000000000e+00 5.3832335951e-09 -6.9691027763e-09
-5.9090909091e-01 7.4242424242e-01 0.0000000000e+00 5.4922616504e-09 -7.0159703541e-09
-5.6060606061e-01 7.4242424242e-01 0.0000000000e+00 5.6022117075e-09 -7.0668679576e-09
-5.3030303030e-01 7.4242424242e-01 0.0000000000e+00 5.7126965052e-09 -7.1214083256e-09
-5.0000000000e-01 7.4242424242e-01 0.0000000000e+00 5.8232660919e-09 -7.1791415064e-09
-4.6969696970e-01 7.4242424242e-01 0.0000000000e+00 5.9334043478e-09 -7.2395513804e-09
-4.3939393939e-01 7.4242424242e-01 0.0000000000e+00 6.0425267338e-09 -7.3020534084e-09
-4.0909090909e-01 7.4242424242e-01 0.0000000000e+00 6.1499797211e-09 -7.3659940614e-09
-3.7878787879e-01 7.4242424242e-01 0.0000000000e+00 6.2550423964e-09 -7.4306524263e-09
-3.4848484848e-01 7.4242424242e-01 0.0000000000e+00 6.3569307472e-09 -7.4952444906e-09
-3.1818181818e-01 7.4242424242e-01 0.0000000000e+00 6.4548050985e-09 -7.5589305793e-09
-2.8787878788e-01 7.4242424242e-01 0.0000000000e+00 6.5477810794e-09 -7.6208263215e-09
-2.5757575758e-01 7.4242424242e-01 0.0000000000e+00 6.6349443386e-09 -7.6800173659e-09
-2.2727272727e-01 7.4242424242e-01 0.0000000000e+00 6.7153689920e-09 -7.7355778283e-09
-1.9696969697e-01 7.4242424242e-01 0.0000000000e+00 6.7881394829e-09 -7.7865921521e-09
-1.6666666667e-01 7.4242424242e-01 0.0000000000e+00 6.8523751909e-09 -7.8321797169e-09
-1.3636363636e-01 7.4242424242e-01 0.0000000000e+00 6.9072567612e-09 -7.8715211678e-09
-1.0606060606e-01 7.4242424242e-01 0.0000000000e+00 6.9520528127e-09 -7.9038851238e-09
-7.5757575758e-02 7.4242424242e-01 0.0000000000e+00 6.9861454519e-09 -7.9286536914e-09
-4.5454545455e-02 7.4242424242e-01 0.0000000000e+00 7.0090529384e-09 -7.9453451301e-09
-1.5151515152e-02 7.4242424242e-01 0.0000000000e+00 7.0204479288e-09 -7.9536320966e-09
1.5151515152e-02 7.4242424242e-01 0.0000000000e+00 7.0201699950e-09 -7.9533541629e-09
4.5454545455e-02 7.4242424242e-01 0.0000000000e+00 7.0082315195e-09 -7.9445237112e-09
7.5757575758e-02 7.4242424242e-01 0.0000000000e+00 6.9848165850e-09 -7.9273248245e-09
1.0606060606e-01 7.4242424242e-01 0.0000000000e+00 6.9502730226e-09 -7.9021053336e-09
1.3636363636e-01 7.4242424242e-01 0.0000000000e+00 6.9050982879e-09 -7.8693626945e-09
1.6666666667e-01 7.4242424242e-01 0.0000000000e+00 6.8499202603e-09 -7.8297247862e-09
1.9696969697e-01 7.4242424242e-01 0.0000000000e+00 6.7854743387e-09 -7.7839270079e-09
2.2727272727e-01 7.4242424242e-01 0.0000000000e+00 6.7125783496e-09 -7.7327871859e-09
2.5757575758e-01 7.4242424242e-01 0.0000000000e+00 6.6321067682e-09 -7.6771797955e-09
2.8787878788e-01 7.4242424242e-01 0.0000000000e+00 6.5449656183e-09 -7.6180108604e-09
3.1818181818e-01 7.4242424242e-01 0.0000000000e+00 6.4520691852e-09 -7.5561946661e-09
3.4848484848e-01 7.4242424242e-01 0.0000000000e+00 6.3543193917e-09 -7.4926331352e-09
3.7878787879e-01 7.4242424242e-01 0.0000000000e+00 6.2525883812e-09 -7.4281984112e-09
4.0909090909e-01 7.4242424242e-01 0.0000000000e+00 6.1477045669e-09 -7.3637189072e-09
4.3939393939e-01 7.4242424242e-01 0.0000000000e+00 6.0404421540e-09 -7.2999688285e-09
4.6969696970e-01 7.4242424242e-01 0.0000000000e+00 5.9315139447e-09 -7.2376609773e-09
5.0000000000e-01 7.4242424242e-01 0.0000000000e+00 5.8215670967e-09 -7.1774425112e-09
5.3030303030e-01 7.4242424242e-01 0.0000000000e+00 5.7111814198e-09 -7.1198932402e-09
5.6060606061e-01 7.4242424242e-01 0.0000000000e+00 5.6008697599e-09 -7.0655260101e-09
5.9090909091e-01 7.4242424242e-01 0.0000000000e+00 5.4910800204e-09 -7.0147887241e-09
6.2121212121e-01 7.4242424242e-01 0.0000000000e+00 5.3821983990e-09 -6.9680675802e-09
6.5151515152e-01 7.4242424242e-01 0.0000000000e+00 5.2745534665e-09 -6.9256911490e-09
6.8181818182e-01 7.4242424242e-01 0.0000000000e+00 5.1684207672e-09 -6.8879349749e-09
7.1212121212e-01 7.4242424242e-01 0.0000000000e+00 5.0640276795e-09 -6.8550264363e-09
7.4242424242e-01 7.4242424242e-01 0.0000000000e+00 4.9615583310e-09 -6.8271496607e-09
7.7272727273e-01 7.4242424242e-01 0.0000000000e+00 4.8611584127e-09 -6.8044503392e-09
8.0303030303e-01 7.4242424242e-01 0.0000000000e+00 4.7629397811e-09 -6.7870403284e-09
8.3333333333e-01 7.4242424242e-01 0.0000000000e+00 4.6669847733e-09 -6.7750019651e-09
8.6363636364e-01 7.4242424242e-01 0.0000000000e+00 4.5733501898e-09 -6.7683920501e-09
8.9393939394e-01 7.4242424242e-01 0.0000000000e+00 4.4820709230e-09 -6.7672454755e-09
9.2424242424e-01 7.4242424242e-01 0.0000000000e+00 4.3931632262e-09 -6.7715784950e-09
9.5454545455e-01 7.4242424242e-01 0.0000000000e+00 4.3066276316e-09 -6.7813916404e-09
9.8484848485e-01 7.4242424242e-01 0.0000000000e+00 4.2224515316e-09 -6.7966723044e-09
1.0151515152e+00 7.4242424242e-01 0.0000000000e+00 4.1406114474e-09 -6.8173970080e-09
1.0454545455e+00 7.4242424242e-01 0.0000000000e+00 4.0610750083e-09 -6.8435333805e-09
1.0757575758e+00 7.4242424242e-01 0.0000000000e+00 3.9838026678e-09 -6.8750418756e-09
1.1060606061e+00 7.4242424242e-01 0.0000000000e+00 3.9087491846e-09 -6.9118772518e-09
1.1363636364e+00 7.4242424242e-01 0.0000000000e+00 3.8358648914e-09 -6.9539898419e-09
1.1666666667e+00 7.4242424242e-01 0.0000000000e+00 3.7650967784e-09 -7.0013266361e-09
1.1969696970e+00 7.4242424242e-01 0.0000000000e+00 3.6963894120e-09 -7.0538322007e-09
1.2272727273e+00 7.4242424242e-01 0.0000000000e+00 3.6296857098e-09 -7.1114494535e-09
1.2575757576e+00 7.4242424242e-01 0.0000000000e+00 3.5649275918e-09 -7.1741203143e-09
1.2878787879e+00 7.4242424242e-01 0.0000000000e+00 3.5020565221e-09 -7.2417862472e-09
1.3181818182e+00 7.4242424242e-01 0.0000000000e+00 3.4410139583e-09 -7.3143887100e-09
1.3484848485e+00 7.4242424242e-01 0.0000000000e+00 3.3817417202e-09 -7.3918695223e-09
1.3787878788e+00 7.4242424242e-01 0.0000000000e+00 3.3241822898e-09 -7.4741711662e-09
1.4090909091e+00 7.4242424242e-01 0.0000000000e+00 3.2682790532e-09 -7.5612370277e-09
1.4393939394e+00 7.4242424242e-01 0.0000000000e+00 3.2139764917e-09 -7.6530115882e-09
1.4696969697e+00 7.4242424242e-01 0.0000000000e+00 3.1612203319e-09 -7.7494405743e-09
1.5000000000e+00 7.4242424242e-01 0.0000000000e+00 3.1099576591e-09 -7.8504710713e-09
-1.5000000000e+00 7.7272727273e-01 0.0000000000e+00 3.0847357057e-09 -7.9029497147e-09
-1.4696969697e+00 7.7272727273e-01 0.0000000000e+00 3.1347424047e-09 -7.8006632440e-09
-1.4393939394e+00 7.7272727273e-01 0.0000000000e+00 3.1861638748e-09 -7.7028995681e-09
-1.4090909091e+00 7.7272727273e-01 0.0000000000e+00 3.2390473403e-09 -7.6097059117e-09
-1.3787878788e+00 7.7272727273e-01 0.0000000000e+00 3.2934409509e-09 -7.5211304240e-09
-1.3484848485e+00 7.7272727273e-01 0.0000000000e+00 3.3493936371e-09 -7.4372220359e-09
-1.3181818182e+00 7.7272727273e-01 0.0000000000e+00 3.4069549313e-09 -7.3580302797e-09
-1.2878787879e+00 7.7272727273e-01 0.0000000000e+00 3.4661747453e-09 -7.2836050672e-09
-1.2575757576e+00 7.7272727273e-01 0.0000000000e+00 3.5271030985e-09 -7.2139964178e-09
-1.2272727273e+00 7.7272727273e-01 0.0000000000e+00 3.5897897890e-09 -7.1492541295e-09
-1.1969696970e+00 7.7272727273e-01 0.0000000000e+00 3.6542839974e-09 -7.0894273829e-09
-1.1666666667e+00 7.7272727273e-01 0.0000000000e+00 3.7206338141e-09 -7.0345642687e-09
-1.1363636364e+00 7.7272727273e-01 0.0000000000e+00 3.7888856783e-09 -6.9847112257e-09
-1.1060606061e+00 7.7272727273e-01 0.0000000000e+00 3.8590837147e-09 -6.9399123788e-09
-1.0757575758e+00 7.7272727273e-01 0.0000000000e+00 3.9312689555e-09 -6.9002087601e-09
-1.0454545455e+00 7.7272727273e-01 0.0000000000e+00 4.0054784301e-09 -6.8656373991e-09
-1.0151515152e+00 7.7272727273e-01 0.0000000000e+00 4.0817441066e-09 -6.8362302640e-09
-9.8484848485e-01 7.7272727273e-01 0.0000000000e+00 4.1600916670e-09 -6.8120130366e-09
-9.5454545455e-01 7.7272727273e-01 0.0000000000e+00 4.2405390950e-09 -6.7930037007e-09
-9.2424242424e-01 7.7272727273e-01 0.0000000000e+00 4.3230950599e-09 -6.7792109255e-09
-8.9393939394e-01 7.7272727273e-01 0.0000000000e+00 4.4077570735e-09 -6.7706322229e-09
-8.6363636364e-01 7.7272727273e-01 0.0000000000e+00 4.4945094043e-09 -6.7672518613e-09
-8.3333333333e-01 7.7272727273e-01 0.0000000000e+00 4.5833207305e-09 -6.7690385191e-09
-8.0303030303e-01 7.7272727273e-01 0.0000000000e+00 4.6741415208e-09 -6.7759426649e-09
-7.7272727273e-01 7.7272727273e-01 0.0000000000e+00 4.7669011351e-09 -6.7878936585e-09
-7.4242424242e-01 7.7272727273e-01 0.0000000000e+00 4.8615046488e-09 -6.8047965753e-09
-7.1212121212e-01 7.7272727273e-01 0.0000000000e+00 4.9578294124e-09 -6.8265287660e-09
-6.8181818182e-01 7.7272727273e-01 0.0000000000e+00 5.0557213800e-09 -6.8529361845e-09
-6.5151515152e-01 7.7272727273e-01 0.0000000000e+00 5.1549912531e-09 -6.8838295324e-09
-6.2121212121e-01 7.7272727273e-01 0.0000000000e+00 5.2554105196e-09 -6.9189802976e-09
-5.9090909091e-01 7.7272727273e-01 0.0000000000e+00 5.3567074936e-09 -6.9581167942e-09
-5.6060606061e-01 7.7272727273e-01 0.0000000000e+00 5.4585635012e-09 -7.0009203482e-09
-5.3030303030e-01 7.7272727273e-01 0.0000000000e+00 5.5606093972e-09 -7.0470218144e-09
-5.0000000000e-01 7.7272727273e-01 0.0000000000e+00 5.6624226440e-09 -7.0959986554e-09
-4.6969696970e-01 7.7272727273e-01 0.0000000000e+00 5.7635252281e-09 -7.1473728576e-09
-4.3939393939e-01 7.7272727273e-01 0.0000000000e+00 5.8633827306e-09 -7.2006100019e-09
-4.0909090909e-01 7.7272727273e-01 0.0000000000e+00 5.9614049019e-09 -7.2551198390e-09
-3.7878787879e-01 7.7272727273e-01 0.0000000000e+00 6.0569481046e-09 -7.3102587314e-09
-3.4848484848e-01 7.7272727273e-01 0.0000000000e+00 6.1493199796e-09 -7.3653343198e-09
-3.1818181818e-01 7.7272727273e-01 0.0000000000e+00 6.2377866433e-09 -7.4196127210e-09
-2.8787878788e-01 7.7272727273e-01 0.0000000000e+00 6.3215826411e-09 -7.4723284801e-09
-2.5757575758e-01 7.7272727273e-01 0.0000000000e+00 6.3999237401e-09 -7.5226973642e-09
-2.2727272727e-01 7.7272727273e-01 0.0000000000e+00 6.4720224673e-09 -7.5699319004e-09
-1.9696969697e-01 7.7272727273e-01 0.0000000000e+00 6.5371060711e-09 -7.6132593371e-09
-1.6666666667e-01 7.7272727273e-01 0.0000000000e+00 6.5944363403e-09 -7.6519414631e-09
-1.3636363636e-01 7.7272727273e-01 0.0000000000e+00 6.6433304699e-09 -7.6852954733e-09
-1.0606060606e-01 7.7272727273e-01 0.0000000000e+00 6.6831819534e-09 -7.7127148614e-09
-7.5757575758e-02 7.7272727273e-01 0.0000000000e+00 6.7134803435e-09 -7.7336891798e-09
-4.5454545455e-02 7.7272727273e-01 0.0000000000e+00 6.7338286807e-09 -7.7478214693e-09
-1.5151515152e-02 7.7272727273e-01 0.0000000000e+00 6.7439574663e-09 -7.7548422310e-09
1.5151515152e-02 7.7272727273e-01 0.0000000000e+00 6.7437342457e-09 -7.7546190104e-09
4.5454545455e-02 7.7272727273e-01 0.0000000000e+00 6.7331681632e-09 -7.7471609517e-09
7.5757575758e-02 7.7272727273e-01 0.0000000000e+00 6.7124092067e-09 -7.7326180430e-09
1.0606060606e-01 7.7272727273e-01 0.0000000000e+00 6.6817422437e-09 -7.7112751516e-09
1.3636363636e-01 7.7272727273e-01 0.0000000000e+00 6.6415763149e-09 -7.6835413183e-09
1.6666666667e-01 7.7272727273e-01 0.0000000000e+00 6.5924299531e-09 -7.6499350759e-09
1.9696969697e-01 7.7272727273e-01 0.0000000000e+00 6.5349135151e-09 -7.6110667811e-09
2.2727272727e-01 7.7272727273e-01 0.0000000000e+00 6.4697096254e-09 -7.5676190585e-09
2.5757575758e-01 7.7272727273e-01 0.0000000000e+00 6.3975528449e-09 -7.5203264690e-09
2.8787878788e-01 7.7272727273e-01 0.0000000000e+00 6.3192095998e-09 -7.4699554388e-09
3.1818181818e-01 7.7272727273e-01 0.0000000000e+00 6.2354592556e-09 -7.4172853333e-09
3.4848484848e-01 7.7272727273e-01 0.0000000000e+00 6.1470770276e-09 -7.3630913679e-09
3.7878787879e-01 7.7272727273e-01 0.0000000000e+00 6.0548192071e-09 -7.3081298339e-09
4.0909090909e-01 7.7272727273e-01 0.0000000000e+00 5.9594109696e-09 -7.2531259067e-09
4.3939393939e-01 7.7272727273e-01 0.0000000000e+00 5.8615368433e-09 -7.1987641146e-09
4.6969696970e-01 7.7272727273e-01 0.0000000000e+00 5.7618337592e-09 -7.1456813887e-09
5.0000000000e-01 7.7272727273e-01 0.0000000000e+00 5.6608864866e-09 -7.0944624980e-09
5.3030303030e-01 7.7272727273e-01 0.0000000000e+00 5.5592251770e-09 -7.0456375942e-09
5.6060606061e-01 7.7272727273e-01 0.0000000000e+00 5.4573246981e-09 -6.9996815450e-09
5.9090909091e-01 7.7272727273e-01 0.0000000000e+00 5.3556054249e-09 -6.9570147254e-09
6.2121212121e-01 7.7272727273e-01 0.0000000000e+00 5.2544351637e-09 -6.9180049417e-09
6.5151515152e-01 7.7272727273e-01 0.0000000000e+00 5.1541319114e-09 -6.8829701907e-09
6.8181818182e-01 7.7272727273e-01 0.0000000000e+00 5.0549671866e-09 -6.8521819911e-09
7.1212121212e-01 7.7272727273e-01 0.0000000000e+00 4.9571697103e-09 -6.8258690639e-09
7.4242424242e-01 7.7272727273e-01 0.0000000000e+00 4.8609292523e-09 -6.8042211789e-09
7.7272727273e-01 7.7272727273e-01 0.0000000000e+00 4.7664005013e-09 -6.7873930247e-09
8.0303030303e-01 7.7272727273e-01 0.0000000000e+00 4.6737068474e-09 -6.7755079915e-09
8.3333333333e-01 7.7272727273e-01 0.0000000000e+00 4.5829440008e-09 -6.7686617894e-09
8.6363636364e-01 7.7272727273e-01 0.0000000000e+00 4.4941833911e-09 -6.7669258482e-09
8.9393939394e-01 7.7272727273e-01 0.0000000000e+00 4.4074753164e-09 -6.7703504658e-09
9.2424242424e-01 7.7272727273e-01 0.0000000000e+00 4.3228518237e-09 -6.7789676893e-09
9.5454545455e-01 7.7272727273e-01 0.0000000000e+00 4.2403293178e-09 -6.7927939234e-09
9.8484848485e-01 7.7272727273e-01 0.0000000000e+00 4.1599109020e-09 -6.8118322716e-09
1.0151515152e+00 7.7272727273e-01 0.0000000000e+00 4.0815884633e-09 -6.8360746207e-09
1.0454545455e+00 7.7272727273e-01 0.0000000000e+00 4.0053445152e-09 -6.8655034843e-09
1.0757575758e+00 7.7272727273e-01 0.0000000000e+00 3.9311538179e-09 -6.9000936225e-09
1.1060606061e+00 7.7272727273e-01 0.0000000000e+00 3.8589847929e-09 -6.9398134569e-09
1.1363636364e+00 7.7272727273e-01 0.0000000000e+00 3.7888007531e-09 -6.9846263004e-09
1.1666666667e+00 7.7272727273e-01 0.0000000000e+00 3.7205609656e-09 -7.0344914201e-09
1.1969696970e+00 7.7272727273e-01 0.0000000000e+00 3.6542215663e-09 -7.0893649519e-09
1.2272727273e+00 7.7272727273e-01 0.0000000000e+00 3.5897363426e-09 -7.1492006831e-09
1.2575757576e+00 7.7272727273e-01 0.0000000000e+00 3.5270574003e-09 -7.2139507196e-09
1.2878787879e+00 7.7272727273e-01 0.0000000000e+00 3.4661357286e-09 -7.2835660506e-09
1.3181818182e+00 7.7272727273e-01 0.0000000000e+00 3.4069216763e-09 -7.3579970248e-09
1.3484848485e+00 7.7272727273e-01 0.0000000000e+00 3.3493653505e-09 -7.4371937494e-09
1.3787878788e+00 7.7272727273e-01 0.0000000000e+00 3.2934169486e-09 -7.5211064217e-09
1.4090909091e+00 7.7272727273e-01 0.0000000000e+00 3.2390270323e-09 -7.6096856037e-09
1.4393939394e+00 7.7272727273e-01 0.0000000000e+00 3.1861467521e-09 -7.7028824455e-09
1.4696969697e+00 7.7272727273e-01 0.0000000000e+00 3.1347280284e-09 -7.8006488676e-09
1.5000000000e+00 7.7272727273e-01 0.0000000000e+00 3.0847236966e-09 -7.9029377057e-09
-1.5000000000e+00 8.0303030303e-01 0.0000000000e+00 3.0591371305e-09 -7.9581597602e-09
-1.4696969697e+00 8.0303030303e-01 0.0000000000e+00 3.1078891704e-09 -7.8546186303e-09
-1.4393939394e+00 8.0303030303e-01 0.0000000000e+00 3.1579789607e-09 -7.7555232747e-09
-1.4090909091e+00 8.0303030303e-01 0.0000000000e+00 3.2094483106e-09 -7.6609155026e-09
-1.3787878788e+00 8.0303030303e-01 0.0000000000e+00 3.2623395580e-09 -7.5708376519e-09
-1.3484848485e+00 8.0303030303e-01 0.0000000000e+00 3.3166954008e-09 -7.4853324203e-09
-1.3181818182e+00 8.0303030303e-01 0.0000000000e+00 3.3725586922e-09 -7.4044426614e-09
-1.2878787879e+00 8.0303030303e-01 0.0000000000e+00 3.4299721944e-09 -7.3282111370e-09
-1.2575757576e+00 8.0303030303e-01 0.0000000000e+00 3.4889782825e-09 -7.2566802224e-09
-1.2272727273e+00 8.0303030303e-01 0.0000000000e+00 3.5496185939e-09 -7.1898915551e-09
-1.1969696970e+00 8.0303030303e-01 0.0000000000e+00 3.6119336129e-09 -7.1278856192e-09
-1.1666666667e+00 8.0303030303e-01 0.0000000000e+00 3.6759621827e-09 -7.0707012579e-09
-1.1363636364e+00 8.0303030303e-01 0.0000000000e+00 3.7417409340e-09 -7.0183751020e-09
-1.1060606061e+00 8.0303030303e-01 0.0000000000e+00 3.8093036198e-09 -6.9709409045e-09
-1.0757575758e+00 8.0303030303e-01 0.0000000000e+00 3.8786803439e-09 -6.9284287692e-09
-1.0454545455e+00 8.0303030303e-01 0.0000000000e+00 3.9498966704e-09 -6.8908642602e-09
-1.0151515152e+00 8.0303030303e-01 0.0000000000e+00 4.0229726005e-09 -6.8582673786e-09
-9.8484848485e-01 8.0303030303e-01 0.0000000000e+00 4.0979214019e-09 -6.8306513922e-09
-9.5454545455e-01 8.0303030303e-01 0.0000000000e+00 4.1747482773e-09 -6.8080215036e-09
-9.2424242424e-01 8.0303030303e-01 0.0000000000e+00 4.2534488565e-09 -6.7903733428e-09
-8.9393939394e-01 8.0303030303e-01 0.0000000000e+00 4.3340074999e-09 -6.7776912700e-09
-8.6363636364e-01 8.0303030303e-01 0.0000000000e+00 4.4163954005e-09 -6.7699464783e-09
-8.3333333333e-01 8.0303030303e-01 0.0000000000e+00 4.5005684777e-09 -6.7670948870e-09
-8.0303030303e-01 8.0303030303e-01 0.0000000000e+00 4.5864650571e-09 -6.7690748219e-09
-7.7272727273e-01 8.0303030303e-01 0.0000000000e+00 4.6740033398e-09 -6.7758044838e-09
-7.4242424242e-01 8.0303030303e-01 0.0000000000e+00 4.7630786707e-09 -6.7871792180e-09
-7.1212121212e-01 8.0303030303e-01 0.0000000000e+00 4.8535606311e-09 -6.8030686054e-09
-6.8181818182e-01 8.0303030303e-01 0.0000000000e+00 4.9452899881e-09 -6.8233134134e-09
-6.5151515152e-01 8.0303030303e-01 0.0000000000e+00 5.0380755604e-09 -6.8477224604e-09
-6.2121212121e-01 8.0303030303e-01 0.0000000000e+00 5.1316910730e-09 -6.8760694717e-09
-5.9090909091e-01 8.0303030303e-01 0.0000000000e+00 5.2258721064e-09 -6.9080900276e-09
-5.6060606061e-01 8.0303030303e-01 0.0000000000e+00 5.3203132682e-09 -6.9434787359e-09
-5.3030303030e-01 8.0303030303e-01 0.0000000000e+00 5.4146657515e-09 -6.9818867895e-09
-5.0000000000e-01 8.0303030303e-01 0.0000000000e+00 5.5085354716e-09 -7.0229201037e-09
-4.6969696970e-01 8.0303030303e-01 0.0000000000e+00 5.6014820072e-09 -7.0661382573e-09
-4.3939393939e-01 8.0303030303e-01 0.0000000000e+00 5.6930185939e-09 -7.1110544859e-09
-4.0909090909e-01 8.0303030303e-01 0.0000000000e+00 5.7826134346e-09 -7.1571369924e-09
-3.7878787879e-01 8.0303030303e-01 0.0000000000e+00 5.8696925921e-09 -7.2038118396e-09
-3.4848484848e-01 8.0303030303e-01 0.0000000000e+00 5.9536447077e-09 -7.2504676687e-09
-3.1818181818e-01 8.0303030303e-01 0.0000000000e+00 6.0338277430e-09 -7.2964624414e-09
-2.8787878788e-01 8.0303030303e-01 0.0000000000e+00 6.1095778657e-09 -7.3411323253e-09
-2.5757575758e-01 8.0303030303e-01 0.0000000000e+00 6.1802204851e-09 -7.3838027299e-09
-2.2727272727e-01 8.0303030303e-01 0.0000000000e+00 6.2450833081e-09 -7.4238013619e-09
-1.9696969697e-01 8.0303030303e-01 0.0000000000e+00 6.3035111146e-09 -7.4604730013e-09
-1.6666666667e-01 8.0303030303e-01 0.0000000000e+00 6.3548817829e-09 -7.4931955263e-09
-1.3636363636e-01 8.0303030303e-01 0.0000000000e+00 6.3986229223e-09 -7.5213965464e-09
-1.0606060606e-01 8.0303030303e-01 0.0000000000e+00 6.4342283394e-09 -7.5445698680e-09
-7.5757575758e-02 8.0303030303e-01 0.0000000000e+00 6.4612734732e-09 -7.5622909302e-09
-4.5454545455e-02 8.0303030303e-01 0.0000000000e+00 6.4794289212e-09 -7.5742303304e-09
-1.5151515152e-02 8.0303030303e-01 0.0000000000e+00 6.4884712415e-09 -7.5801646269e-09
1.5151515152e-02 8.0303030303e-01 0.0000000000e+00 6.4882903582e-09 -7.5799837436e-09
4.5454545455e-02 8.0303030303e-01 0.0000000000e+00 6.4788931064e-09 -7.5736945157e-09
7.5757575758e-02 8.0303030303e-01 0.0000000000e+00 6.4604027105e-09 -7.5614201675e-09
1.0606060606e-01 8.0303030303e-01 0.0000000000e+00 6.4330542596e-09 -7.5433957882e-09
1.3636363636e-01 8.0303030303e-01 0.0000000000e+00 6.3971865074e-09 -7.5199601315e-09
1.6666666667e-01 8.0303030303e-01 0.0000000000e+00 6.3532305455e-09 -7.4915442889e-09
1.9696969697e-01 8.0303030303e-01 0.0000000000e+00 6.3016960610e-09 -7.4586579477e-09
2.2727272727e-01 8.0303030303e-01 0.0000000000e+00 6.2431559879e-09 -7.4218740417e-09
2.5757575758e-01 8.0303030303e-01 0.0000000000e+00 6.1782303788e-09 -7.3818126236e-09
2.8787878788e-01 8.0303030303e-01 0.0000000000e+00 6.1075702863e-09 -7.3391247459e-09
3.1818181818e-01 8.0303030303e-01 0.0000000000e+00 6.0318423429e-09 -7.2944770413e-09
3.4848484848e-01 8.0303030303e-01 0.0000000000e+00 5.9517146006e-09 -7.2485375616e-09
3.7878787879e-01 8.0303030303e-01 0.0000000000e+00 5.8678440367e-09 -7.2019632841e-09
4.0909090909e-01 8.0303030303e-01 0.0000000000e+00 5.7808659832e-09 -7.1553895411e-09
4.3939393939e-01 8.0303030303e-01 0.0000000000e+00 5.6913855903e-09 -7.1094214823e-09
4.6969696970e-01 8.0303030303e-01 0.0000000000e+00 5.5999713131e-09 -7.0646275632e-09
5.0000000000e-01 8.0303030303e-01 0.0000000000e+00 5.5071503158e-09 -7.0215349479e-09
5.3030303030e-01 8.0303030303e-01 0.0000000000e+00 5.4134056126e-09 -6.9806266506e-09
5.6060606061e-01 8.0303030303e-01 0.0000000000e+00 5.3191747255e-09 -6.9423401932e-09
5.9090909091e-01 8.0303030303e-01 0.0000000000e+00 5.2248496145e-09 -6.9070675357e-09
6.2121212121e-01 8.0303030303e-01 0.0000000000e+00 5.1307776356e-09 -6.8751560342e-09
6.5151515152e-01 8.0303030303e-01 0.0000000000e+00 5.0372632925e-09 -6.8469101925e-09
6.8181818182e-01 8.0303030303e-01 0.0000000000e+00 4.9445705682e-09 -6.8225939934e-09
7.1212121212e-01 8.0303030303e-01 0.0000000000e+00 4.8529256505e-09 -6.8024336248e-09
7.4242424242e-01 8.0303030303e-01 0.0000000000e+00 4.7625198931e-09 -6.7866204404e-09
7.7272727273e-01 8.0303030303e-01 0.0000000000e+00 4.6735128842e-09 -6.7753140283e-09
8.0303030303e-01 8.0303030303e-01 0.0000000000e+00 4.5860355186e-09 -6.7686452834e-09
8.3333333333e-01 8.0303030303e-01 0.0000000000e+00 4.5001929984e-09 -6.7667194077e-09
8.6363636364e-01 8.0303030303e-01 0.0000000000e+00 4.4160677036e-09 -6.7696187814e-09
8.9393939394e-01 8.0303030303e-01 0.0000000000e+00 4.3337218952e-09 -6.7774056653e-09
9.2424242424e-01 8.0303030303e-01 0.0000000000e+00 4.2532002264e-09 -6.7901247127e-09
9.5454545455e-01 8.0303030303e-01 0.0000000000e+00 4.1745320493e-09 -6.8078052757e-09
9.8484848485e-01 8.0303030303e-01 0.0000000000e+00 4.0977335131e-09 -6.8304635034e-09
1.0151515152e+00 8.0303030303e-01 0.0000000000e+00 4.0228094573e-09 -6.8581042354e-09
1.0454545455e+00 8.0303030303e-01 0.0000000000e+00 3.9497551062e-09 -6.8907226959e-09
1.0757575758e+00 8.0303030303e-01 0.0000000000e+00 3.8785575772e-09 -6.9283060025e-09
1.1060606061e+00 8.0303030303e-01 0.0000000000e+00 3.8091972140e-09 -6.9708344987e-09
1.1363636364e+00 8.0303030303e-01 0.0000000000e+00 3.7416487590e-09 -7.0182829270e-09
1.1666666667e+00 8.0303030303e-01 0.0000000000e+00 3.6758823797e-09 -7.0706214549e-09
1.1969696970e+00 8.0303030303e-01 0.0000000000e+00 3.6118645621e-09 -7.1278165684e-09
1.2272727273e+00 8.0303030303e-01 0.0000000000e+00 3.5495588853e-09 -7.1898318465e-09
1.2575757576e+00 8.0303030303e-01 0.0000000000e+00 3.4889266899e-09 -7.2566286299e-09
1.2878787879e+00 8.0303030303e-01 0.0000000000e+00 3.4299276521e-09 -7.3281665947e-09
1.3181818182e+00 8.0303030303e-01 0.0000000000e+00 3.3725202743e-09 -7.4044042435e-09
1.3484848485e+00 8.0303030303e-01 0.0000000000e+00 3.3166623030e-09 -7.4852993226e-09
1.3787878788e+00 8.0303030303e-01 0.0000000000e+00 3.2623110822e-09 -7.5708091761e-09
1.4090909091e+00 8.0303030303e-01 0.0000000000e+00 3.2094238504e-09 -7.6608910424e-09
1.4393939394e+00 8.0303030303e-01 0.0000000000e+00 3.1579579895e-09 -7.7555023035e-09
1.4696969697e+00 8.0303030303e-01 0.0000000000e+00 3.1078712309e-09 -7.8546006908e-09
1.5000000000e+00 8.0303030303e-01 0.0000000000e+00 3.0591218253e-09 -7.9581444550e-09
-1.5000000000e+00 8.3333333333e-01 0.0000000000e+00 3.0332176121e-09 -8.0161568864e-09
-1.4696969697e+00 8.3333333333e-01 0.0000000000e+00 3.0807213505e-09 -7.9113674550e-09
-1.4393939394e+00 8.3333333333e-01 0.0000000000e+00 3.1294880419e-09 -7.8109490005e-09
-1.4090909091e+00 8.3333333333e-01 0.0000000000e+00 3.1795544177e-09 -7.7149382543e-09
-1.3787878788e+00 8.3333333333e-01 0.0000000000e+00 3.2309573870e-09 -7.6233721254e-09
-1.3484848485e+00 8.3333333333e-01 0.0000000000e+00 3.2837338495e-09 -7.5362875137e-09
-1.3181818182e+00 8.3333333333e-01 0.0000000000e+00 3.3379204725e-09 -7.4537210863e-09
-1.2878787879e+00 8.3333333333e-01 0.0000000000e+00 3.3935534264e-09 -7.3757090136e-09
-1.2575757576e+00 8.3333333333e-01 0.0000000000e+00 3.4506680738e-09 -7.3022866583e-09
-1.2272727273e+00 8.3333333333e-01 0.0000000000e+00 3.5092986057e-09 -7.2334882114e-09
-1.1969696970e+00 8.3333333333e-01 0.0000000000e+00 3.5694776161e-09 -7.1693462669e-09
-1.1666666667e+00 8.3333333333e-01 0.0000000000e+00 3.6312356094e-09 -7.1098913292e-09
-1.1363636364e+00 8.3333333333e-01 0.0000000000e+00 3.6946004305e-09 -7.0551512431e-09
-1.1060606061e+00 8.3333333333e-01 0.0000000000e+00 3.7595966089e-09 -7.0051505382e-09
-1.0757575758e+00 8.3333333333e-01 0.0000000000e+00 3.8262446065e-09 -6.9599096764e-09
-1.0454545455e+00 8.3333333333e-01 0.0000000000e+00 3.8945599598e-09 -6.9194441941e-09
-1.0151515152e+00 8.3333333333e-01 0.0000000000e+00 3.9645523044e-09 -6.8837637271e-09
-9.8484848485e-01 8.3333333333e-01 0.0000000000e+00 4.0362242723e-09 -6.8528709072e-09
-9.5454545455e-01 8.3333333333e-01 0.0000000000e+00 4.1095702504e-09 -6.8267601213e-09
-9.2424242424e-01 8.3333333333e-01 0.0000000000e+00 4.1845749915e-09 -6.8054161224e-09
-8.9393939394e-01 8.3333333333e-01 0.0000000000e+00 4.2612120697e-09 -6.7888124844e-09
-8.6363636364e-01 8.3333333333e-01 0.0000000000e+00 4.3394421726e-09 -6.7769098950e-09
-8.3333333333e-01 8.3333333333e-01 0.0000000000e+00 4.4192112304e-09 -6.7696542843e-09
-8.0303030303e-01 8.3333333333e-01 0.0000000000e+00 4.5004483822e-09 -6.7669747915e-09
-7.7272727273e-01 8.3333333333e-01 0.0000000000e+00 4.5830637887e-09 -6.7687815773e-09
-7.4242424242e-01 8.3333333333e-01 0.0000000000e+00 4.6669463085e-09 -6.7749635004e-09
-7.1212121212e-01 8.3333333333e-01 0.0000000000e+00 4.7519610646e-09 -6.7853856835e-09
-6.8181818182e-01 8.3333333333e-01 0.0000000000e+00 4.8379469409e-09 -6.7998870107e-09
-6.5151515152e-01 8.3333333333e-01 0.0000000000e+00 4.9247140655e-09 -6.8182776101e-09
-6.2121212121e-01 8.3333333333e-01 0.0000000000e+00 5.0120413517e-09 -6.8403363950e-09
-5.9090909091e-01 8.3333333333e-01 0.0000000000e+00 5.0996741925e-09 -6.8658087583e-09
-5.6060606061e-01 8.3333333333e-01 0.0000000000e+00 5.1873224220e-09 -6.8944045342e-09
-5.3030303030e-01 8.3333333333e-01 0.0000000000e+00 5.2746586835e-09 -6.9257963660e-09
-5.0000000000e-01 8.3333333333e-01 0.0000000000e+00 5.3613173633e-09 -6.9596186400e-09
-4.6969696970e-01 8.3333333333e-01 0.0000000000e+00 5.4468942700e-09 -6.9954671647e-09
-4.3939393939e-01 8.3333333333e-01 0.0000000000e+00 5.5309472524e-09 -7.0328997890e-09
-4.0909090909e-01 8.3333333333e-01 0.0000000000e+00 5.6129979533e-09 -7.0714381557e-09
-3.7878787879e-01 8.3333333333e-01 0.0000000000e+00 5.6925348892e-09 -7.1105707813e-09
-3.4848484848e-01 8.3333333333e-01 0.0000000000e+00 5.7690180199e-09 -7.1497576254e-09
-3.1818181818e-01 8.3333333333e-01 0.0000000000e+00 5.8418849289e-09 -7.1884362719e-09
-2.8787878788e-01 8.3333333333e-01 0.0000000000e+00 5.9105586682e-09 -7.2260297725e-09
-2.5757575758e-01 8.3333333333e-01 0.0000000000e+00 5.9744572316e-09 -7.2619561210e-09
-2.2727272727e-01 8.3333333333e-01 0.0000000000e+00 6.0330045130e-09 -7.2956392114e-09
-1.9696969697e-01 8.3333333333e-01 0.0000000000e+00 6.0856424859e-09 -7.3265210172e-09
-1.6666666667e-01 8.3333333333e-01 0.0000000000e+00 6.1318442130e-09 -7.3540746011e-09
-1.3636363636e-01 8.3333333333e-01 0.0000000000e+00 6.1711271828e-09 -7.3778174515e-09
-1.0606060606e-01 8.3333333333e-01 0.0000000000e+00 6.2030663779e-09 -7.3973245511e-09
-7.5757575758e-02 8.3333333333e-01 0.0000000000e+00 6.2273064282e-09 -7.4122405297e-09
-4.5454545455e-02 8.3333333333e-01 0.0000000000e+00 6.2435721981e-09 -7.4222902519e-09
-1.5151515152e-02 8.3333333333e-01 0.0000000000e+00 6.2516772119e-09 -7.4272872419e-09
1.5151515152e-02 8.3333333333e-01 0.0000000000e+00 6.2515294252e-09 -7.4271394552e-09
4.5454545455e-02 8.3333333333e-01 0.0000000000e+00 6.2431340046e-09 -7.4218520584e-09
7.5757575758e-02 8.3333333333e-01 0.0000000000e+00 6.2265929616e-09 -7.4115270631e-09
1.0606060606e-01 8.3333333333e-01 0.0000000000e+00 6.2021016840e-09 -7.3963598572e-09
1.3636363636e-01 8.3333333333e-01 0.0000000000e+00 6.1699425954e-09 -7.3766328641e-09
1.6666666667e-01 8.3333333333e-01 0.0000000000e+00 6.1304763390e-09 -7.3527067271e-09
1.9696969697e-01 8.3333333333e-01 0.0000000000e+00 6.0841310068e-09 -7.3250095380e-09
2.2727272727e-01 8.3333333333e-01 0.0000000000e+00 6.0313900093e-09 -7.2940247077e-09
2.5757575758e-01 8.3333333333e-01 0.0000000000e+00 5.9727792094e-09 -7.2602780987e-09
2.8787878788e-01 8.3333333333e-01 0.0000000000e+00 5.9088539188e-09 -7.2243250231e-09
3.1818181818e-01 8.3333333333e-01 0.0000000000e+00 5.8401863000e-09 -7.1867376429e-09
3.4848484848e-01 8.3333333333e-01 0.0000000000e+00 5.7673536202e-09 -7.1480932257e-09
3.7878787879e-01 8.3333333333e-01 0.0000000000e+00 5.6909277048e-09 -7.1089635968e-09
4.0909090909e-01 8.3333333333e-01 0.0000000000e+00 5.6114658194e-09 -7.0699060218e-09
4.3939393939e-01 8.3333333333e-01 0.0000000000e+00 5.5295031063e-09 -7.0314556429e-09
4.6969696970e-01 8.3333333333e-01 0.0000000000e+00 5.4455466048e-09 -6.9941194995e-09
5.0000000000e-01 8.3333333333e-01 0.0000000000e+00 5.3600708043e-09 -6.9583720810e-09
5.3030303030e-01 8.3333333333e-01 0.0000000000e+00 5.2735146214e-09 -6.9246523039e-09
5.6060606061e-01 8.3333333333e-01 0.0000000000e+00 5.1862796492e-09 -6.8933617614e-09
5.9090909091e-01 8.3333333333e-01 0.0000000000e+00 5.0987295049e-09 -6.8648640707e-09
6.2121212121e-01 8.3333333333e-01 0.0000000000e+00 5.0111900894e-09 -6.8394851327e-09
6.5151515152e-01 8.3333333333e-01 0.0000000000e+00 4.9239505810e-09 -6.8175141256e-09
6.8181818182e-01 8.3333333333e-01 0.0000000000e+00 4.8372649885e-09 -6.7992050582e-09
7.1212121212e-01 8.3333333333e-01 0.0000000000e+00 4.7513541140e-09 -6.7847787329e-09
7.4242424242e-01 8.3333333333e-01 0.0000000000e+00 4.6664077886e-09 -6.7744249804e-09
7.7272727273e-01 8.3333333333e-01 0.0000000000e+00 4.5825872689e-09 -6.7683050576e-09
8.0303030303e-01 8.3333333333e-01 0.0000000000e+00 4.5000277022e-09 -6.7665541116e-09
8.3333333333e-01 8.3333333333e-01 0.0000000000e+00 4.4188405865e-09 -6.7692836404e-09
8.6363636364e-01 8.3333333333e-01 0.0000000000e+00 4.3391161700e-09 -6.7765838923e-09
8.9393939394e-01 8.3333333333e-01 0.0000000000e+00 4.2609257481e-09 -6.7885261627e-09
9.2424242424e-01 8.3333333333e-01 0.0000000000e+00 4.1843238312e-09 -6.8051649621e-09
9.5454545455e-01 8.3333333333e-01 0.0000000000e+00 4.1093501639e-09 -6.8265400349e-09
9.8484848485e-01 8.3333333333e-01 0.0000000000e+00 4.0360315862e-09 -6.8526782211e-09
1.0151515152e+00 8.3333333333e-01 0.0000000000e+00 3.9643837344e-09 -6.8835951571e-09
1.0454545455e+00 8.3333333333e-01 0.0000000000e+00 3.8944125825e-09 -6.9192968168e-09
1.0757575758e+00 8.3333333333e-01 0.0000000000e+00 3.8261158293e-09 -6.9597808992e-09
1.1060606061e+00 8.3333333333e-01 0.0000000000e+00 3.7594841397e-09 -7.0050380690e-09
1.1363636364e+00 8.3333333333e-01 0.0000000000e+00 3.6945022481e-09 -7.0550530607e-09
1.1666666667e+00 8.3333333333e-01 0.0000000000e+00 3.6311499350e-09 -7.1098056548e-09
1.1969696970e+00 8.3333333333e-01 0.0000000000e+00 3.5694028872e-09 -7.1692715380e-09
1.2272727273e+00 8.3333333333e-01 0.0000000000e+00 3.5092334518e-09 -7.2334230576e-09
1.2575757576e+00 8.3333333333e-01 0.0000000000e+00 3.4506112940e-09 -7.3022298786e-09
1.2878787879e+00 8.3333333333e-01 0.0000000000e+00 3.3935039694e-09 -7.3756595566e-09
1.3181818182e+00 8.3333333333e-01 0.0000000000e+00 3.3378774187e-09 -7.4536780324e-09
1.3484848485e+00 8.3333333333e-01 0.0000000000e+00 3.2836963946e-09 -7.5362500588e-09
1.3787878788e+00 8.3333333333e-01 0.0000000000e+00 3.2309248281e-09 -7.6233395665e-09
1.4090909091e+00 8.3333333333e-01 0.0000000000e+00 3.1795261405e-09 -7.7149099771e-09
1.4393939394e+00 8.3333333333e-01 0.0000000000e+00 3.1294635096e-09 -7.8109244683e-09
1.4696969697e+00 8.3333333333e-01 0.0000000000e+00 3.0807000940e-09 -7.9113461985e-09
1.5000000000e+00 8.3333333333e-01 0.0000000000e+00 3.0331992215e-09 -8.0161384957e-09
-1.5000000000e+00 8.6363636364e-01 0.0000000000e+00 3.0070225002e-09 -8.0769864429e-09
-1.4696969697e+00 8.6363636364e-01 0.0000000000e+00 3.0532870223e-09 -7.9709577952e-09
-1.4393939394e+00 8.6363636364e-01 0.0000000000e+00 3.1007420649e-09 -7.8692276919e-09
-1.4090909091e+00 8.6363636364e-01 0.0000000000e+00 3.1494196180e-09 -7.7718281230e-09
-1.3787878788e+00 8.6363636364e-01 0.0000000000e+00 3.1993515423e-09 -7.6787909492e-09
-1.3484848485e+00 8.6363636364e-01 0.0000000000e+00 3.2505693682e-09 -7.5901477007e-09
-1.3181818182e+00 8.6363636364e-01 0.0000000000e+00 3.3031040595e-09 -7.5059293417e-09
-1.2878787879e+00 8.6363636364e-01 0.0000000000e+00 3.3569857393e-09 -7.4261659950e-09
-1.2575757576e+00 8.6363636364e-01 0.0000000000e+00 3.4122433695e-09 -7.3508866224e-09
-1.2272727273e+00 8.6363636364e-01 0.0000000000e+00 3.4689043810e-09 -7.2801186552e-09
-1.1969696970e+00 8.6363636364e-01 0.0000000000e+00 3.5269942482e-09 -7.2138875674e-09
-1.1666666667e+00 8.6363636364e-01 0.0000000000e+00 3.5865359988e-09 -7.1522163871e-09
-1.1363636364e+00 8.6363636364e-01 0.0000000000e+00 3.6475496554e-09 -7.0951251364e-09
-1.1060606061e+00 8.6363636364e-01 0.0000000000e+00 3.7100515974e-09 -7.0426301951e-09
-1.0757575758e+00 8.6363636364e-01 0.0000000000e+00 3.7740538389e-09 -6.9947435772e-09
-1.0454545455e+00 8.6363636364e-01 0.0000000000e+00 3.8395632121e-09 -6.9514721149e-09
-1.0151515152e+00 8.6363636364e-01 0.0000000000e+00 3.9065804491e-09 -6.9128165402e-09
-9.8484848485e-01 8.6363636364e-01 0.0000000000e+00 3.9750991540e-09 -6.8787704573e-09
-9.5454545455e-01 8.6363636364e-01 0.0000000000e+00 4.0451046592e-09 -6.8493191985e-09
-9.2424242424e-01 8.6363636364e-01 0.0000000000e+00 4.1165727584e-09 -6.8244385577e-09
-8.9393939394e-01 8.6363636364e-01 0.0000000000e+00 4.1894683143e-09 -6.8040933975e-09
-8.6363636364e-01 8.6363636364e-01 0.0000000000e+00 4.2637437373e-09 -6.7882361281e-09
-8.3333333333e-01 8.6363636364e-01 0.0000000000e+00 4.3393373391e-09 -6.7768050614e-09
-8.0303030303e-01 8.6363636364e-01 0.0000000000e+00 4.4161715669e-09 -6.7697226446e-09
-7.7272727273e-01 8.6363636364e-01 0.0000000000e+00 4.4941511315e-09 -6.7668935886e-09
-7.4242424242e-01 8.6363636364e-01 0.0000000000e+00 4.5731610494e-09 -6.7682029097e-09
-7.1212121212e-01 8.6363636364e-01 0.0000000000e+00 4.6530646277e-09 -6.7735139151e-09
-6.8181818182e-01 8.6363636364e-01 0.0000000000e+00 4.7337014336e-09 -6.7826661719e-09
-6.5151515152e-01 8.6363636364e-01 0.0000000000e+00 4.8148853005e-09 -6.7954735135e-09
-6.2121212121e-01 8.6363636364e-01 0.0000000000e+00 4.8964024388e-09 -6.8117221505e-09
-5.9090909091e-01 8.6363636364e-01 0.0000000000e+00 4.9780097347e-09 -6.8311689690e-09
-5.6060606061e-01 8.6363636364e-01 0.0000000000e+00 5.0594333366e-09 -6.8535401173e-09
-5.3030303030e-01 8.6363636364e-01 0.0000000000e+00 5.1403676445e-09 -6.8785299955e-09
-5.0000000000e-01 8.6363636364e-01 0.0000000000e+00 5.2204748338e-09 -6.9058007789e-09
-4.6969696970e-01 8.6363636364e-01 0.0000000000e+00 5.2993850541e-09 -6.9349826172e-09
-4.3939393939e-01 8.6363636364e-01 0.0000000000e+00 5.3766974518e-09 -6.9656746569e-09
-4.0909090909e-01 8.6363636364e-01 0.0000000000e+00 5.4519821615e-09 -6.9974470323e-09
-3.7878787879e-01 8.6363636364e-01 0.0000000000e+00 5.5247833995e-09 -7.0298439599e-09
-3.4848484848e-01 8.6363636364e-01 0.0000000000e+00 5.5946237679e-09 -7.0623880419e-09
-3.1818181818e-01 8.6363636364e-01 0.0000000000e+00 5.6610098379e-09 -7.0945858493e-09
-2.8787878788e-01 8.6363636364e-01 0.0000000000e+00 5.7234390229e-09 -7.1259347956e-09
-2.5757575758e-01 8.6363636364e-01 0.0000000000e+00 5.7814076859e-09 -7.1559312437e-09
-2.2727272727e-01 8.6363636364e-01 0.0000000000e+00 5.8344203384e-09 -7.1840797053e-09
-1.9696969697e-01 8.6363636364e-01 0.0000000000e+00 5.8819997039e-09 -7.2099029036e-09
-1.6666666667e-01 8.6363636364e-01 0.0000000000e+00 5.9236973236e-09 -7.2329523801e-09
-1.3636363636e-01 8.6363636364e-01 0.0000000000e+00 5.9591043102e-09 -7.2528192473e-09
-1.0606060606e-01 8.6363636364e-01 0.0000000000e+00 5.9878617888e-09 -7.2691446304e-09
-7.5757575758e-02 8.6363636364e-01 0.0000000000e+00 6.0096705375e-09 -7.2816293075e-09
-4.5454545455e-02 8.6363636364e-01 0.0000000000e+00 6.0242993412e-09 -7.2900420635e-09
-1.5151515152e-02 8.6363636364e-01 0.0000000000e+00 6.0315916168e-09 -7.2942263151e-09
1.5151515152e-02 8.6363636364e-01 0.0000000000e+00 6.0314699480e-09 -7.2941046463e-09
4.5454545455e-02 8.6363636364e-01 0.0000000000e+00 6.0239382807e-09 -7.2896810030e-09
7.5757575758e-02 8.6363636364e-01 0.0000000000e+00 6.0090816633e-09 -7.2810404333e-09
1.0606060606e-01 8.6363636364e-01 0.0000000000e+00 5.9870635597e-09 -7.2683464013e-09
1.3636363636e-01 8.6363636364e-01 0.0000000000e+00 5.9581209035e-09 -7.2518358406e-09
1.6666666667e-01 8.6363636364e-01 0.0000000000e+00 5.9225571798e-09 -7.2318122363e-09
1.9696969697e-01 8.6363636364e-01 0.0000000000e+00 5.8807339200e-09 -7.2086371197e-09
2.2727272727e-01 8.6363636364e-01 0.0000000000e+00 5.8330610524e-09 -7.1827204192e-09
2.5757575758e-01 8.6363636364e-01 0.0000000000e+00 5.7799865788e-09 -7.1545101366e-09
2.8787878788e-01 8.6363636364e-01 0.0000000000e+00 5.7219860392e-09 -7.1244818119e-09
3.1818181818e-01 8.6363636364e-01 0.0000000000e+00 5.6595521839e-09 -7.0931281953e-09
3.4848484848e-01 8.6363636364e-01 0.0000000000e+00 5.5931852182e-09 -7.0609494922e-09
3.7878787879e-01 8.6363636364e-01 0.0000000000e+00 5.5233839029e-09 -7.0284444633e-09
4.0909090909e-01 8.6363636364e-01 0.0000000000e+00 5.4506377175e-09 -6.9961025883e-09
4.3939393939e-01 8.6363636364e-01 0.0000000000e+00 5.3754202098e-09 -6.9643974149e-09
4.6969696970e-01 8.6363636364e-01 0.0000000000e+00 5.2981835819e-09 -6.9337811450e-09
5.0000000000e-01 8.6363636364e-01 0.0000000000e+00 5.2193544998e-09 -6.9046804449e-09
5.3030303030e-01 8.6363636364e-01 0.0000000000e+00 5.1393310652e-09 -6.8774934161e-09
5.6060606061e-01 8.6363636364e-01 0.0000000000e+00 5.0584808458e-09 -6.8525876264e-09
5.9090909091e-01 8.6363636364e-01 0.0000000000e+00 4.9771398447e-09 -6.8302990789e-09
6.2121212121e-01 8.6363636364e-01 0.0000000000e+00 4.8956122688e-09 -6.8109319805e-09
6.5151515152e-01 8.6363636364e-01 0.0000000000e+00 4.8141709593e-09 -6.7947591724e-09
6.8181818182e-01 8.6363636364e-01 0.0000000000e+00 4.7330583484e-09 -6.7820230866e-09
7.1212121212e-01 8.6363636364e-01 0.0000000000e+00 4.6524878179e-09 -6.7729371052e-09
7.4242424242e-01 8.6363636364e-01 0.0000000000e+00 4.5726453475e-09 -6.7676872077e-09
7.7272727273e-01 8.6363636364e-01 0.0000000000e+00 4.4936913550e-09 -6.7664338120e-09
8.0303030303e-01 8.6363636364e-01 0.0000000000e+00 4.4157626475e-09 -6.7693137253e-09
8.3333333333e-01 8.6363636364e-01 0.0000000000e+00 4.3389744159e-09 -6.7764421383e-09
8.6363636364e-01 8.6363636364e-01 0.0000000000e+00 4.2634222194e-09 -6.7879146102e-09
8.9393939394e-01 8.6363636364e-01 0.0000000000e+00 4.1891839194e-09 -6.8038090025e-09
9.2424242424e-01 8.6363636364e-01 0.0000000000e+00 4.1163215328e-09 -6.8241873321e-09
9.5454545455e-01 8.6363636364e-01 0.0000000000e+00 4.0448829836e-09 -6.8490975230e-09
9.8484848485e-01 8.6363636364e-01 0.0000000000e+00 3.9749037386e-09 -6.8785750419e-09
1.0151515152e+00 8.6363636364e-01 0.0000000000e+00 3.9064083212e-09 -6.9126444123e-09
1.0454545455e+00 8.6363636364e-01 0.0000000000e+00 3.8394116989e-09 -6.9513206017e-09
1.0757575758e+00 8.6363636364e-01 0.0000000000e+00 3.7739205476e-09 -6.9946102860e-09
1.1060606061e+00 8.6363636364e-01 0.0000000000e+00 3.7099343934e-09 -7.0425129912e-09
1.1363636364e+00 8.6363636364e-01 0.0000000000e+00 3.6474466401e-09 -7.0950221212e-09
1.1666666667e+00 8.6363636364e-01 0.0000000000e+00 3.5864454879e-09 -7.1521258761e-09
1.1969696970e+00 8.6363636364e-01 0.0000000000e+00 3.5269147502e-09 -7.2138080695e-09
1.2272727273e+00 8.6363636364e-01 0.0000000000e+00 3.4688345780e-09 -7.2800488522e-09
1.2575757576e+00 8.6363636364e-01 0.0000000000e+00 3.4121820983e-09 -7.3508253512e-09
1.2878787879e+00 8.6363636364e-01 0.0000000000e+00 3.3569319745e-09 -7.4261122302e-09
1.3181818182e+00 8.6363636364e-01 0.0000000000e+00 3.3030568981e-09 -7.5058821803e-09
1.3484848485e+00 8.6363636364e-01 0.0000000000e+00 3.2505280152e-09 -7.5901063478e-09
1.3787878788e+00 8.6363636364e-01 0.0000000000e+00 3.1993152989e-09 -7.6787547058e-09
1.4090909091e+00 8.6363636364e-01 0.0000000000e+00 3.1493878693e-09 -7.7717963743e-09
1.4393939394e+00 8.6363636364e-01 0.0000000000e+00 3.1007142705e-09 -7.8691998976e-09
1.4696969697e+00 8.6363636364e-01 0.0000000000e+00 3.0532627074e-09 -7.9709334804e-09
1.5000000000e+00 8.6363636364e-01 0.0000000000e+00 3.0070012473e-09 -8.0769651900e-09
-1.5000000000e+00 8.9393939394e-01 0.0000000000e+00 2.9805952483e-09 -8.1406918833e-09
-1.4696969697e+00 8.9393939394e-01 0.0000000000e+00 3.0256321191e-09 -8.0334355844e-09
-1.4393939394e+00 8.9393939394e-01 0.0000000000e+00 3.0717895546e-09 -7.9304078740e-09
-1.4090909091e+00 8.9393939394e-01 0.0000000000e+00 3.1190951364e-09 -7.8316363337e-09
-1.3787878788e+00 8.9393939394e-01 0.0000000000e+00 3.1675760501e-09 -7.7371481493e-09
-1.3484848485e+00 8.9393939394e-01 0.0000000000e+00 3.2172588756e-09 -7.6469699005e-09
-1.3181818182e+00 8.9393939394e-01 0.0000000000e+00 3.2681693434e-09 -7.5611273179e-09
-1.2878787879e+00 8.9393939394e-01 0.0000000000e+00 3.3203320542e-09 -7.4796450022e-09
-1.2575757576e+00 8.9393939394e-01 0.0000000000e+00 3.3737701562e-09 -7.4025461015e-09
-1.2272727273e+00 8.9393939394e-01 0.0000000000e+00 3.4285049762e-09 -7.3298519427e-09
-1.1969696970e+00 8.9393939394e-01 0.0000000000e+00 3.4845555981e-09 -7.2615816097e-09
-1.1666666667e+00 8.9393939394e-01 0.0000000000e+00 3.5419383853e-09 -7.1977514659e-09
-1.1363636364e+00 8.9393939394e-01 0.0000000000e+00 3.6006664380e-09 -7.1383746113e-09
-1.1060606061e+00 8.9393939394e-01 0.0000000000e+00 3.6607489823e-09 -7.0834602723e-09
-1.0757575758e+00 8.9393939394e-01 0.0000000000e+00 3.7221906838e-09 -7.0330131145e-09
-1.0454545455e+00 8.9393939394e-01 0.0000000000e+00 3.7849908794e-09 -6.9870324745e-09
-1.0151515152e+00 8.9393939394e-01 0.0000000000e+00 3.8491427214e-09 -6.9455115048e-09
-9.8484848485e-01 8.9393939394e-01 0.0000000000e+00 3.9146322301e-09 -6.9084362257e-09
-9.5454545455e-01 8.9393939394e-01 0.0000000000e+00 3.9814372490e-09 -6.8757844806e-09
-9.2424242424e-01 8.9393939394e-01 0.0000000000e+00 4.0495263006e-09 -6.8475247923e-09
-8.9393939394e-01 8.9393939394e-01 0.0000000000e+00 4.1188573424e-09 -6.8236151179e-09
-8.6363636364e-01 8.9393939394e-01 0.0000000000e+00 4.1893764235e-09 -6.8040015066e-09
-8.3333333333e-01 8.9393939394e-01 0.0000000000e+00 4.2610162489e-09 -6.7886166636e-09
-8.0303030303e-01 8.9393939394e-01 0.0000000000e+00 4.3336946598e-09 -6.7773784299e-09
-7.7272727273e-01 8.9393939394e-01 0.0000000000e+00 4.4073130461e-09 -6.7701881955e-09
-7.4242424242e-01 8.9393939394e-01 0.0000000000e+00 4.4817547128e-09 -6.7669292654e-09
-7.1212121212e-01 8.9393939394e-01 0.0000000000e+00 4.5568832294e-09 -6.7674652090e-09
-6.8181818182e-01 8.9393939394e-01 0.0000000000e+00 4.6325408029e-09 -6.7716382334e-09
-6.5151515152e-01 8.9393939394e-01 0.0000000000e+00 4.7085467227e-09 -6.7792676280e-09
-6.2121212121e-01 8.9393939394e-01 0.0000000000e+00 4.7846959387e-09 -6.7901483427e-09
-5.9090909091e-01 8.9393939394e-01 0.0000000000e+00 4.8607578450e-09 -6.8040497715e-09
-5.6060606061e-01 8.9393939394e-01 0.0000000000e+00 4.9364753541e-09 -6.8207148270e-09
-5.3030303030e-01 8.9393939394e-01 0.0000000000e+00 5.0115643576e-09 -6.8398594009e-09
-5.0000000000e-01 8.9393939394e-01 0.0000000000e+00 5.0857136778e-09 -6.8611723153e-09
-4.6969696970e-01 8.9393939394e-01 0.0000000000e+00 5.1585856210e-09 -6.8843158765e-09
-4.3939393939e-01 8.9393939394e-01 0.0000000000e+00 5.2298172446e-09 -6.9089271420e-09
-4.0909090909e-01 8.9393939394e-01 0.0000000000e+00 5.2990224439e-09 -6.9346200071e-09
-3.7878787879e-01 8.9393939394e-01 0.0000000000e+00 5.3657949506e-09 -6.9609882033e-09
-3.4848484848e-01 8.9393939394e-01 0.0000000000e+00 5.4297123105e-09 -6.9876092768e-09
-3.1818181818e-01 8.9393939394e-01 0.0000000000e+00 5.4903408752e-09 -7.0140495789e-09
-2.8787878788e-01 8.9393939394e-01 0.0000000000e+00 5.5472417944e-09 -7.0398702593e-09
-2.5757575758e-01 8.9393939394e-01 0.0000000000e+00 5.5999779415e-09 -7.0646341916e-09
-2.2727272727e-01 8.9393939394e-01 0.0000000000e+00 5.6481216431e-09 -7.0879137023e-09
-1.9696969697e-01 8.9393939394e-01 0.0000000000e+00 5.6912630156e-09 -7.1092989076e-09
-1.6666666667e-01 8.9393939394e-01 0.0000000000e+00 5.7290186487e-09 -7.1284063975e-09
-1.3636363636e-01 8.9393939394e-01 0.0000000000e+00 5.7610403234e-09 -7.1448879528e-09
-1.0606060606e-01 8.9393939394e-01 0.0000000000e+00 5.7870234062e-09 -7.1584389401e-09
-7.5757575758e-02 8.9393939394e-01 0.0000000000e+00 5.8067145508e-09 -7.1688060131e-09
-4.5454545455e-02 8.9393939394e-01 0.0000000000e+00 5.8199183388e-09 -7.1757937533e-09
-1.5151515152e-02 8.9393939394e-01 0.0000000000e+00 5.8265025298e-09 -7.1792699205e-09
1.5151515152e-02 8.9393939394e-01 0.0000000000e+00 5.8264016526e-09 -7.1791690433e-09
4.5454545455e-02 8.9393939394e-01 0.0000000000e+00 5.8196187498e-09 -7.1754941644e-09
7.5757575758e-02 8.9393939394e-01 0.0000000000e+00 5.8062251920e-09 -7.1683166543e-09
1.0606060606e-01 8.9393939394e-01 0.0000000000e+00 5.7863585773e-09 -7.1577741112e-09
1.3636363636e-01 8.9393939394e-01 0.0000000000e+00 5.7602188405e-09 -7.1440664699e-09
1.6666666667e-01 8.9393939394e-01 0.0000000000e+00 5.7280627827e-09 -7.1274505314e-09
1.9696969697e-01 8.9393939394e-01 0.0000000000e+00 5.6901973067e-09 -7.1082331988e-09
2.2727272727e-01 8.9393939394e-01 0.0000000000e+00 5.6469716931e-09 -7.0867637522e-09
2.5757575758e-01 8.9393939394e-01 0.0000000000e+00 5.5987692716e-09 -7.0634255218e-09
2.8787878788e-01 8.9393939394e-01 0.0000000000e+00 5.5459988456e-09 -7.0386273105e-09
3.1818181818e-01 8.9393939394e-01 0.0000000000e+00 5.4890861984e-09 -7.0127949021e-09
3.4848484848e-01 8.9393939394e-01 0.0000000000e+00 5.4284659740e-09 -6.9863629403e-09
3.7878787879e-01 8.9393939394e-01 0.0000000000e+00 5.3645741674e-09 -6.9597674202e-09
4.0909090909e-01 8.9393939394e-01 0.0000000000e+00 5.2978414020e-09 -6.9334389651e-09
4.3939393939e-01 8.9393939394e-01 0.0000000000e+00 5.2286871129e-09 -6.9077970103e-09
4.6969696970e-01 8.9393939394e-01 0.0000000000e+00 5.1575146946e-09 -6.8832449500e-09
5.0000000000e-01 8.9393939394e-01 0.0000000000e+00 5.0847076233e-09 -6.8601662607e-09
5.3030303030e-01 8.9393939394e-01 0.0000000000e+00 5.0106265234e-09 -6.8389215667e-09
5.6060606061e-01 8.9393939394e-01 0.0000000000e+00 4.9356071128e-09 -6.8198465858e-09
5.9090909091e-01 8.9393939394e-01 0.0000000000e+00 4.8599589421e-09 -6.8032508687e-09
6.2121212121e-01 8.9393939394e-01 0.0000000000e+00 4.7839648277e-09 -6.7894172317e-09
6.5151515152e-01 8.9393939394e-01 0.0000000000e+00 4.7078808732e-09 -6.7786017786e-09
6.8181818182e-01 8.9393939394e-01 0.0000000000e+00 4.6319369743e-09 -6.7710344048e-09
7.1212121212e-01 8.9393939394e-01 0.0000000000e+00 4.5563377048e-09 -6.7669196845e-09
7.4242424242e-01 8.9393939394e-01 0.0000000000e+00 4.4812634943e-09 -6.7664380469e-09
7.7272727273e-01 8.9393939394e-01 0.0000000000e+00 4.4068720119e-09 -6.7697471613e-09
8.0303030303e-01 8.9393939394e-01 0.0000000000e+00 4.3332996875e-09 -6.7769834576e-09
8.3333333333e-01 8.9393939394e-01 0.0000000000e+00 4.2606633090e-09 -6.7882637237e-09
8.6363636364e-01 8.9393939394e-01 0.0000000000e+00 4.1890616466e-09 -6.8036867297e-09
8.9393939394e-01 8.9393939394e-01 0.0000000000e+00 4.1185770655e-09 -6.8233348410e-09
9.2424242424e-01 8.9393939394e-01 0.0000000000e+00 4.0492770962e-09 -6.8472755878e-09
9.5454545455e-01 8.9393939394e-01 0.0000000000e+00 3.9812159405e-09 -6.8755631722e-09
9.8484848485e-01 8.9393939394e-01 0.0000000000e+00 3.9144358971e-09 -6.9082398927e-09
1.0151515152e+00 8.9393939394e-01 0.0000000000e+00 3.8489686967e-09 -6.9453374802e-09
1.0454545455e+00 8.9393939394e-01 0.0000000000e+00 3.7848367412e-09 -6.9868783363e-09
1.0757575758e+00 8.9393939394e-01 0.0000000000e+00 3.7220542433e-09 -7.0328766739e-09
1.1060606061e+00 8.9393939394e-01 0.0000000000e+00 3.6606282693e-09 -7.0833395594e-09
1.1363636364e+00 8.9393939394e-01 0.0000000000e+00 3.6005596855e-09 -7.1382678589e-09
1.1666666667e+00 8.9393939394e-01 0.0000000000e+00 3.5418440131e-09 -7.1976570936e-09
1.1969696970e+00 8.9393939394e-01 0.0000000000e+00 3.4844721961e-09 -7.2614982077e-09
1.2272727273e+00 8.9393939394e-01 0.0000000000e+00 3.4284312890e-09 -7.3297782555e-09
1.2575757576e+00 8.9393939394e-01 0.0000000000e+00 3.3737050683e-09 -7.4024810136e-09
1.2878787879e+00 8.9393939394e-01 0.0000000000e+00 3.3202745754e-09 -7.4795875233e-09
1.3181818182e+00 8.9393939394e-01 0.0000000000e+00 3.2681185958e-09 -7.5610765703e-09
1.3484848485e+00 8.9393939394e-01 0.0000000000e+00 3.2172140818e-09 -7.6469251067e-09
1.3787878788e+00 8.9393939394e-01 0.0000000000e+00 3.1675365221e-09 -7.7371086213e-09
1.4090909091e+00 8.9393939394e-01 0.0000000000e+00 3.1190602658e-09 -7.8316014632e-09
1.4393939394e+00 8.9393939394e-01 0.0000000000e+00 3.0717588035e-09 -7.9303771229e-09
1.4696969697e+00 8.9393939394e-01 0.0000000000e+00 3.0256050119e-09 -8.0334084772e-09
1.5000000000e+00 8.9393939394e-01 0.0000000000e+00 2.9805713649e-09 -8.1406679999e-09
-1.5000000000e+00 9.2424242424e-01 0.0000000000e+00 2.9539773490e-09 -8.2073147002e-09
-1.4696969697e+00 9.2424242424e-01 0.0000000000e+00 2.9978003710e-09 -8.0988445524e-09
-1.4393939394e+00 9.2424242424e-01 0.0000000000e+00 3.0426765627e-09 -7.9945355982e-09
-1.4090909091e+00 9.2424242424e-01 0.0000000000e+00 3.0886294233e-09 -7.8944113368e-09
-1.3787878788e+00 9.2424242424e-01 0.0000000000e+00 3.1356818280e-09 -7.7984946434e-09
-1.3484848485e+00 9.2424242424e-01 0.0000000000e+00 3.1838558124e-09 -7.7068075535e-09
-1.3181818182e+00 9.2424242424e-01 0.0000000000e+00 3.2331723259e-09 -7.6193710166e-09
-1.2878787879e+00 9.2424242424e-01 0.0000000000e+00 3.2836509506e-09 -7.5362046147e-09
-1.2575757576e+00 9.2424242424e-01 0.0000000000e+00 3.3353095802e-09 -7.4573262417e-09
-1.2272727273e+00 9.2424242424e-01 0.0000000000e+00 3.3881640576e-09 -7.3827517403e-09
-1.1969696970e+00 9.2424242424e-01 0.0000000000e+00 3.4422277637e-09 -7.3124944915e-09
-1.1666666667e+00 9.2424242424e-01 0.0000000000e+00 3.4975111552e-09 -7.2465649519e-09
-1.1363636364e+00 9.2424242424e-01 0.0000000000e+00 3.5540212460e-09 -7.1849701356e-09
-1.1060606061e+00 9.2424242424e-01 0.0000000000e+00 3.6117610271e-09 -7.1277130334e-09
-1.0757575758e+00 9.2424242424e-01 0.0000000000e+00 3.6707288207e-09 -7.0747919675e-09
-1.0454545455e+00 9.2424242424e-01 0.0000000000e+00 3.7309175646e-09 -7.0261998758e-09
-1.0151515152e+00 9.2424242424e-01 0.0000000000e+00 3.7923140226e-09 -6.9819235222e-09
-9.8484848485e-01 9.2424242424e-01 0.0000000000e+00 3.8548979178e-09 -6.9419426296e-09
-9.5454545455e-01 9.2424242424e-01 0.0000000000e+00 3.9186409871e-09 -6.9062289349e-09
-9.2424242424e-01 9.2424242424e-01 0.0000000000e+00 3.9835059563e-09 -6.8747451641e-09
-8.9393939394e-01 9.2424242424e-01 0.0000000000e+00 4.0494454375e-09 -6.8474439292e-09
-8.6363636364e-01 9.2424242424e-01 0.0000000000e+00 4.1164007534e-09 -6.8242665527e-09
-8.3333333333e-01 9.2424242424e-01 0.0000000000e+00 4.1843006946e-09 -6.8051418255e-09
-8.0303030303e-01 9.2424242424e-01 0.0000000000e+00 4.2530602236e-09 -6.7899847099e-09
-7.7272727273e-01 9.2424242424e-01 0.0000000000e+00 4.3225791404e-09 -6.7786950060e-09
-7.4242424242e-01 9.2424242424e-01 0.0000000000e+00 4.3927407327e-09 -6.7711560015e-09
-7.1212121212e-01 9.2424242424e-01 0.0000000000e+00 4.4634104394e-09 -6.7672331352e-09
-6.8181818182e-01 9.2424242424e-01 0.0000000000e+00 4.5344345650e-09 -6.7667727117e-09
-6.5151515152e-01 9.2424242424e-01 0.0000000000e+00 4.6056390878e-09 -6.7696007094e-09
-6.2121212121e-01 9.2424242424e-01 0.0000000000e+00 4.6768286183e-09 -6.7755217385e-09
-5.9090909091e-01 9.2424242424e-01 0.0000000000e+00 4.7477855671e-09 -6.7843182098e-09
-5.6060606061e-01 9.2424242424e-01 0.0000000000e+00 4.8182695964e-09 -6.7957497856e-09
-5.3030303030e-01 9.2424242424e-01 0.0000000000e+00 4.8880174311e-09 -6.8095531906e-09
-5.0000000000e-01 9.2424242424e-01 0.0000000000e+00 4.9567431137e-09 -6.8254424673e-09
-4.6969696970e-01 9.2424242424e-01 0.0000000000e+00 5.0241387888e-09 -6.8431097604e-09
-4.3939393939e-01 9.2424242424e-01 0.0000000000e+00 5.0898761004e-09 -6.8622267139e-09
-4.0909090909e-01 9.2424242424e-01 0.0000000000e+00 5.1536082784e-09 -6.8824465578e-09
-3.7878787879e-01 9.2424242424e-01 0.0000000000e+00 5.2149729761e-09 -6.9034069451e-09
-3.4848484848e-01 9.2424242424e-01 0.0000000000e+00 5.2735958978e-09 -6.9247335803e-09
-3.1818181818e-01 9.2424242424e-01 0.0000000000e+00 5.3290952299e-09 -6.9460446498e-09
-2.8787878788e-01 9.2424242424e-01 0.0000000000e+00 5.3810868464e-09 -6.9669560276e-09
-2.5757575758e-01 9.2424242424e-01 0.0000000000e+00 5.4291902228e-09 -6.9870871892e-09
-2.2727272727e-01 9.2424242424e-01 0.0000000000e+00 5.4730349381e-09 -7.0060677135e-09
-1.9696969697e-01 9.2424242424e-01 0.0000000000e+00 5.5122676020e-09 -7.0235442102e-09
-1.6666666667e-01 9.2424242424e-01 0.0000000000e+00 5.5465589947e-09 -7.0391874597e-09
-1.3636363636e-01 9.2424242424e-01 0.0000000000e+00 5.5756111704e-09 -7.0526995160e-09
-1.0606060606e-01 9.2424242424e-01 0.0000000000e+00 5.5991642479e-09 -7.0638204980e-09
-7.5757575758e-02 9.2424242424e-01 0.0000000000e+00 5.6170026032e-09 -7.0723347818e-09
-4.5454545455e-02 9.2424242424e-01 0.0000000000e+00 5.6289601862e-09 -7.0780763170e-09
-1.5151515152e-02 9.2424242424e-01 0.0000000000e+00 5.6349247110e-09 -7.0809328179e-09
1.5151515152e-02 9.2424242424e-01 0.0000000000e+00 5.6348405202e-09 -7.0808486271e-09
4.5454545455e-02 9.2424242424e-01 0.0000000000e+00 5.6287099814e-09 -7.0778261121e-09
7.5757575758e-02 9.2424242424e-01 0.0000000000e+00 5.6165933515e-09 -7.0719255300e-09
1.0606060606e-01 9.2424242424e-01 0.0000000000e+00 5.5986071218e-09 -7.0632633719e-09
1.3636363636e-01 9.2424242424e-01 0.0000000000e+00 5.5749209324e-09 -7.0520092780e-09
1.6666666667e-01 9.2424242424e-01 0.0000000000e+00 5.5457532148e-09 -7.0383816798e-09
1.9696969697e-01 9.2424242424e-01 0.0000000000e+00 5.5113657763e-09 -7.0226423845e-09
2.2727272727e-01 9.2424242424e-01 0.0000000000e+00 5.4720575783e-09 -7.0050903537e-09
2.5757575758e-01 9.2424242424e-01 0.0000000000e+00 5.4281579821e-09 -6.9860549484e-09
2.8787878788e-01 9.2424242424e-01 0.0000000000e+00 5.3800197364e-09 -6.9658889176e-09
3.1818181818e-01 9.2424242424e-01 0.0000000000e+00 5.3280119688e-09 -6.9449613887e-09
3.4848484848e-01 9.2424242424e-01 0.0000000000e+00 5.2725134117e-09 -6.9236510942e-09
3.7878787879e-01 9.2424242424e-01 0.0000000000e+00 5.2139060606e-09 -6.9023400295e-09
4.0909090909e-01 9.2424242424e-01 0.0000000000e+00 5.1525694140e-09 -6.8814076933e-09
4.3939393939e-01 9.2424242424e-01 0.0000000000e+00 5.0888754041e-09 -6.8612260176e-09
4.6969696970e-01 9.2424242424e-01 0.0000000000e+00 5.0231840788e-09 -6.8421550504e-09
5.0000000000e-01 9.2424242424e-01 0.0000000000e+00 4.9558400597e-09 -6.8245394133e-09
5.3030303030e-01 9.2424242424e-01 0.0000000000e+00 4.8871697650e-09 -6.8087055245e-09
5.6060606061e-01 9.2424242424e-01 0.0000000000e+00 4.8174793581e-09 -6.7949595472e-09
5.9090909091e-01 9.2424242424e-01 0.0000000000e+00 4.7470533653e-09 -6.7835860081e-09
6.2121212121e-01 9.2424242424e-01 0.0000000000e+00 4.6761538899e-09 -6.7748470101e-09
6.5151515152e-01 9.2424242424e-01 0.0000000000e+00 4.6050203434e-09 -6.7689819649e-09
6.8181818182e-01 9.2424242424e-01 0.0000000000e+00 4.5338696122e-09 -6.7662077589e-09
7.1212121212e-01 9.2424242424e-01 0.0000000000e+00 4.4628965807e-09 -6.7667192765e-09
7.4242424242e-01 9.2424242424e-01 0.0000000000e+00 4.3922749340e-09 -6.7706902028e-09
7.7272727273e-01 9.2424242424e-01 0.0000000000e+00 4.3221581718e-09 -6.7782740374e-09
8.0303030303e-01 9.2424242424e-01 0.0000000000e+00 4.2526807726e-09 -6.7896052589e-09
8.3333333333e-01 9.2424242424e-01 0.0000000000e+00 4.1839594561e-09 -6.8048005869e-09
8.6363636364e-01 9.2424242424e-01 0.0000000000e+00 4.1160944972e-09 -6.8239602965e-09
8.9393939394e-01 9.2424242424e-01 0.0000000000e+00 4.0491710585e-09 -6.8471695501e-09
9.2424242424e-01 9.2424242424e-01 0.0000000000e+00 3.9832605083e-09 -6.8744997161e-09
9.5454545455e-01 9.2424242424e-01 0.0000000000e+00 3.9184217056e-09 -6.9060096534e-09
9.8484848485e-01 9.2424242424e-01 0.0000000000e+00 3.8547022314e-09 -6.9417469432e-09
1.0151515152e+00 9.2424242424e-01 0.0000000000e+00 3.7921395578e-09 -6.9817490574e-09
1.0454545455e+00 9.2424242424e-01 0.0000000000e+00 3.7307621446e-09 -7.0260444559e-09
1.0757575758e+00 9.2424242424e-01 0.0000000000e+00 3.6705904597e-09 -7.0746536065e-09
1.1060606061e+00 9.2424242424e-01 0.0000000000e+00 3.6116379219e-09 -7.1275899282e-09
1.1363636364e+00 9.2424242424e-01 0.0000000000e+00 3.5539117657e-09 -7.1848606552e-09
1.1666666667e+00 9.2424242424e-01 0.0000000000e+00 3.4974138294e-09 -7.2464676261e-09
1.1969696970e+00 9.2424242424e-01 0.0000000000e+00 3.4421412706e-09 -7.3124079984e-09
1.2272727273e+00 9.2424242424e-01 0.0000000000e+00 3.3880872121e-09 -7.3826748948e-09
1.2575757576e+00 9.2424242424e-01 0.0000000000e+00 3.3352413214e-09 -7.4572579829e-09
1.2878787879e+00 9.2424242424e-01 0.0000000000e+00 3.2835903308e-09 -7.5361439950e-09
1.3181818182e+00 9.2424242424e-01 0.0000000000e+00 3.2331184997e-09 -7.6193171904e-09
1.3484848485e+00 9.2424242424e-01 0.0000000000e+00 3.1838080264e-09 -7.7067597675e-09
1.3787878788e+00 9.2424242424e-01 0.0000000000e+00 3.1356394115e-09 -7.7984522268e-09
1.4090909091e+00 9.2424242424e-01 0.0000000000e+00 3.0885917796e-09 -7.8943736931e-09
1.4393939394e+00 9.2424242424e-01 0.0000000000e+00 3.0426431615e-09 -7.9945021970e-09
1.4696969697e+00 9.2424242424e-01 0.0000000000e+00 2.9977707410e-09 -8.0988149224e-09
1.5000000000e+00 9.2424242424e-01 0.0000000000e+00 2.9539510715e-09 -8.2072884228e-09
-1.5000000000e+00 9.5454545455e-01 0.0000000000e+00 2.9272082899e-09 -8.2768943812e-09
-1.4696969697e+00 9.5454545455e-01 0.0000000000e+00 2.9698332670e-09 -8.1672261885e-09
-1.4393939394e+00 9.5454545455e-01 0.0000000000e+00 3.0134466386e-09 -8.0616544142e-09
-1.4090909091e+00 9.5454545455e-01 0.0000000000e+00 3.0580681390e-09 -7.9601987926e-09
-1.3787878788e+00 9.5454545455e-01 0.0000000000e+00 3.1037166850e-09 -7.8628782404e-09
-1.3484848485e+00 9.5454545455e-01 0.0000000000e+00 3.1504101588e-09 -7.7697106400e-09
-1.3181818182e+00 9.5454545455e-01 0.0000000000e+00 3.1981651621e-09 -7.6807125929e-09
-1.2878787879e+00 9.5454545455e-01 0.0000000000e+00 3.2469967372e-09 -7.5958991414e-09
-1.2575757576e+00 9.5454545455e-01 0.0000000000e+00 3.2969180529e-09 -7.5152834545e-09
-1.2272727273e+00 9.5454545455e-01 0.0000000000e+00 3.3479400513e-09 -7.4388764741e-09
-1.1969696970e+00 9.5454545455e-01 0.0000000000e+00 3.4000710518e-09 -7.3666865196e-09
-1.1666666667e+00 9.5454545455e-01 0.0000000000e+00 3.4533163088e-09 -7.2987188456e-09
-1.1363636364e+00 9.5454545455e-01 0.0000000000e+00 3.5076775203e-09 -7.2349751499e-09
-1.1060606061e+00 9.5454545455e-01 0.0000000000e+00 3.5631522820e-09 -7.1754530284e-09
-1.0757575758e+00 9.5454545455e-01 0.0000000000e+00 3.6197334862e-09 -7.1201453731e-09
-1.0454545455e+00 9.5454545455e-01 0.0000000000e+00 3.6774086597e-09 -7.0690397110e-09
-1.0151515152e+00 9.5454545455e-01 0.0000000000e+00 3.7361592416e-09 -7.0221174813e-09
-9.8484848485e-01 9.5454545455e-01 0.0000000000e+00 3.7959597970e-09 -6.9793532489e-09
-9.5454545455e-01 9.5454545455e-01 0.0000000000e+00 3.8567771680e-09 -6.9407138560e-09
-9.2424242424e-01 9.5454545455e-01 0.0000000000e+00 3.9185695626e-09 -6.9061575104e-09
-8.9393939394e-01 9.5454545455e-01 0.0000000000e+00 3.9812855851e-09 -6.8756328168e-09
-8.6363636364e-01 9.5454545455e-01 0.0000000000e+00 4.0448632147e-09 -6.8490777541e-09
-8.3333333333e-01 9.5454545455e-01 0.0000000000e+00 4.1092287391e-09 -6.8264186100e-09
-8.0303030303e-01 9.5454545455e-01 0.0000000000e+00 4.1742956579e-09 -6.8075688843e-09
-7.7272727273e-01 9.5454545455e-01 0.0000000000e+00 4.2399635715e-09 -6.7924281772e-09
-7.4242424242e-01 9.5454545455e-01 0.0000000000e+00 4.3061170775e-09 -6.7808810864e-09
-7.1212121212e-01 9.5454545455e-01 0.0000000000e+00 4.3726247018e-09 -6.7727961377e-09
-6.8181818182e-01 9.5454545455e-01 0.0000000000e+00 4.4393378984e-09 -6.7680247852e-09
-6.5151515152e-01 9.5454545455e-01 0.0000000000e+00 4.5060901572e-09 -6.7664005188e-09
-6.2121212121e-01 9.5454545455e-01 0.0000000000e+00 4.5726962673e-09 -6.7677381275e-09
-5.9090909091e-01 9.5454545455e-01 0.0000000000e+00 4.6389517874e-09 -6.7718331702e-09
-5.6060606061e-01 9.5454545455e-01 0.0000000000e+00 4.7046327838e-09 -6.7784617130e-09
-5.3030303030e-01 9.5454545455e-01 0.0000000000e+00 4.7694958978e-09 -6.7873803973e-09
-5.0000000000e-01 9.5454545455e-01 0.0000000000e+00 4.8332788086e-09 -6.7983269023e-09
-4.6969696970e-01 9.5454545455e-01 0.0000000000e+00 4.8957011583e-09 -6.8110208700e-09
-4.3939393939e-01 9.5454545455e-01 0.0000000000e+00 4.9564659988e-09 -6.8251653524e-09
-4.0909090909e-01 9.5454545455e-01 0.0000000000e+00 5.0152618156e-09 -6.8404488350e-09
-3.7878787879e-01 9.5454545455e-01 0.0000000000e+00 5.0717651684e-09 -6.8565478774e-09
-3.4848484848e-01 9.5454545455e-01 0.0000000000e+00 5.1256439686e-09 -6.8731303911e-09
-3.1818181818e-01 9.5454545455e-01 0.0000000000e+00 5.1765613920e-09 -6.8898595520e-09
-2.8787878788e-01 9.5454545455e-01 0.0000000000e+00 5.2241803927e-09 -6.9063983139e-09
-2.5757575758e-01 9.5454545455e-01 0.0000000000e+00 5.2681687512e-09 -6.9224144576e-09
-2.2727272727e-01 9.5454545455e-01 0.0000000000e+00 5.3082045554e-09 -6.9375860708e-09
-1.9696969697e-01 9.5454545455e-01 0.0000000000e+00 5.3439819734e-09 -6.9516073217e-09
-1.6666666667e-01 9.5454545455e-01 0.0000000000e+00 5.3752171487e-09 -6.9641943538e-09
-1.3636363636e-01 9.5454545455e-01 0.0000000000e+00 5.4016540173e-09 -6.9750911030e-09
-1.0606060606e-01 9.5454545455e-01 0.0000000000e+00 5.4230698323e-09 -6.9840748225e-09
-7.5757575758e-02 9.5454545455e-01 0.0000000000e+00 5.4392801746e-09 -6.9909610932e-09
-4.5454545455e-02 9.5454545455e-01 0.0000000000e+00 5.4501432372e-09 -6.9956081081e-09
-1.5151515152e-02 9.5454545455e-01 0.0000000000e+00 5.4555631934e-09 -6.9979200404e-09
1.5151515152e-02 9.5454545455e-01 0.0000000000e+00 5.4554924962e-09 -6.9978493432e-09
4.5454545455e-02 9.5454545455e-01 0.0000000000e+00 5.4499330033e-09 -6.9953978742e-09
7.5757575758e-02 9.5454545455e-01 0.0000000000e+00 5.4389358775e-09 -6.9906167961e-09
1.0606060606e-01 9.5454545455e-01 0.0000000000e+00 5.4226002713e-09 -6.9836052615e-09
1.3636363636e-01 9.5454545455e-01 0.0000000000e+00 5.4010708628e-09 -6.9745079485e-09
1.6666666667e-01 9.5454545455e-01 0.0000000000e+00 5.3745343604e-09 -6.9635115654e-09
1.9696969697e-01 9.5454545455e-01 0.0000000000e+00 5.3432151391e-09 -6.9508404874e-09
2.2727272727e-01 9.5454545455e-01 0.0000000000e+00 5.3073702002e-09 -6.9367517156e-09
2.5757575758e-01 9.5454545455e-01 0.0000000000e+00 5.2672836650e-09 -6.9215293714e-09
2.8787878788e-01 9.5454545455e-01 0.0000000000e+00 5.2232610155e-09 -6.9054789368e-09
3.1818181818e-01 9.5454545455e-01 0.0000000000e+00 5.1756232898e-09 -6.8889214497e-09
3.4848484848e-01 9.5454545455e-01 0.0000000000e+00 5.1247014172e-09 -6.8721878398e-09
3.7878787879e-01 9.5454545455e-01 0.0000000000e+00 5.0708308558e-09 -6.8556135649e-09
4.0909090909e-01 9.5454545455e-01 0.0000000000e+00 5.0143466588e-09 -6.8395336781e-09
4.3939393939e-01 9.5454545455e-01 0.0000000000e+00 4.9555790663e-09 -6.8242784199e-09
4.6969696970e-01 9.5454545455e-01 0.0000000000e+00 4.8948496839e-09 -6.8101693956e-09
5.0000000000e-01 9.5454545455e-01 0.0000000000e+00 4.8324682767e-09 -6.7975163703e-09
5.3030303030e-01 9.5454545455e-01 0.0000000000e+00 4.7687301819e-09 -6.7866146814e-09
5.6060606061e-01 9.5454545455e-01 0.0000000000e+00 4.7039143207e-09 -6.7777432499e-09
5.9090909091e-01 9.5454545455e-01 0.0000000000e+00 4.6382817696e-09 -6.7711631524e-09
6.2121212121e-01 9.5454545455e-01 0.0000000000e+00 4.5720748415e-09 -6.7671167018e-09
6.5151515152e-01 9.5454545455e-01 0.0000000000e+00 4.5055166180e-09 -6.7658269796e-09
6.8181818182e-01 9.5454545455e-01 0.0000000000e+00 4.4388108690e-09 -6.7674977558e-09
7.1212121212e-01 9.5454545455e-01 0.0000000000e+00 4.3721422980e-09 -6.7723137339e-09
7.4242424242e-01 9.5454545455e-01 0.0000000000e+00 4.3056770518e-09 -6.7804410606e-09
7.7272727273e-01 9.5454545455e-01 0.0000000000e+00 4.2395634360e-09 -6.7920280416e-09
8.0303030303e-01 9.5454545455e-01 0.0000000000e+00 4.1739327865e-09 -6.8072060129e-09
8.3333333333e-01 9.5454545455e-01 0.0000000000e+00 4.1089004512e-09 -6.8260903221e-09
8.6363636364e-01 9.5454545455e-01 0.0000000000e+00 4.0445668403e-09 -6.8487813797e-09
8.9393939394e-01 9.5454545455e-01 0.0000000000e+00 3.9810185152e-09 -6.8753657469e-09
9.2424242424e-01 9.5454545455e-01 0.0000000000e+00 3.9183292862e-09 -6.9059172341e-09
9.5454545455e-01 9.5454545455e-01 0.0000000000e+00 3.8565612982e-09 -6.9404979861e-09
9.8484848485e-01 9.5454545455e-01 0.0000000000e+00 3.7957660874e-09 -6.9791595393e-09
1.0151515152e+00 9.5454545455e-01 0.0000000000e+00 3.7359855962e-09 -7.0219438359e-09
1.0454545455e+00 9.5454545455e-01 0.0000000000e+00 3.6772531368e-09 -7.0688841881e-09
1.0757575758e+00 9.5454545455e-01 0.0000000000e+00 3.6195942977e-09 -7.1200061846e-09
1.1060606061e+00 9.5454545455e-01 0.0000000000e+00 3.5630277900e-09 -7.1753285363e-09
1.1363636364e+00 9.5454545455e-01 0.0000000000e+00 3.5075662307e-09 -7.2348638604e-09
1.1666666667e+00 9.5454545455e-01 0.0000000000e+00 3.4532168644e-09 -7.2986194012e-09
1.1969696970e+00 9.5454545455e-01 0.0000000000e+00 3.3999822230e-09 -7.3665976909e-09
1.2272727273e+00 9.5454545455e-01 0.0000000000e+00 3.3478607279e-09 -7.4387971507e-09
1.2575757576e+00 9.5454545455e-01 0.0000000000e+00 3.2968472343e-09 -7.5152126358e-09
1.2878787879e+00 9.5454545455e-01 0.0000000000e+00 3.2469335235e-09 -7.5958359278e-09
1.3181818182e+00 9.5454545455e-01 0.0000000000e+00 3.1981087457e-09 -7.6806561765e-09
1.3484848485e+00 9.5454545455e-01 0.0000000000e+00 3.1503598156e-09 -7.7696602967e-09
1.3787878788e+00 9.5454545455e-01 0.0000000000e+00 3.1036717665e-09 -7.8628333220e-09
1.4090909091e+00 9.5454545455e-01 0.0000000000e+00 3.0580280654e-09 -7.9601587190e-09
1.4393939394e+00 9.5454545455e-01 0.0000000000e+00 3.0134108914e-09 -8.0616186671e-09
1.4696969697e+00 9.5454545455e-01 0.0000000000e+00 2.9698013833e-09 -8.1671943048e-09
1.5000000000e+00 9.5454545455e-01 0.0000000000e+00 2.9271798562e-09 -8.2768659475e-09
-1.5000000000e+00 9.8484848485e-01 0.0000000000e+00 2.9003255275e-09 -8.3494683827e-09
-1.4696969697e+00 9.8484848485e-01 0.0000000000e+00 2.9417700382e-09 -8.2386197237e-09
-1.4393939394e+00 9.8484848485e-01 0.0000000000e+00 2.9841408240e-09 -8.1318053636e-09
-1.4090909091e+00 9.8484848485e-01 0.0000000000e+00 3.0274541606e-09 -8.0290415781e-09
-1.3787878788e+00 9.8484848485e-01 0.0000000000e+00 3.0717253450e-09 -7.9303436644e-09
-1.3484848485e+00 9.8484848485e-01 0.0000000000e+00 3.1169684798e-09 -7.8357257249e-09
-1.3181818182e+00 9.8484848485e-01 0.0000000000e+00 3.1631962305e-09 -7.7452004252e-09
-1.2878787879e+00 9.8484848485e-01 0.0000000000e+00 3.2104195529e-09 -7.6587787210e-09
-1.2575757576e+00 9.8484848485e-01 0.0000000000e+00 3.2586473881e-09 -7.5764695536e-09
-1.2272727273e+00 9.8484848485e-01 0.0000000000e+00 3.3078863226e-09 -7.4982795092e-09
-1.1969696970e+00 9.8484848485e-01 0.0000000000e+00 3.3581402099e-09 -7.4242124416e-09
-1.1666666667e+00 9.8484848485e-01 0.0000000000e+00 3.4094097519e-09 -7.3542690526e-09
-1.1363636364e+00 9.8484848485e-01 0.0000000000e+00 3.4616920363e-09 -7.2884464299e-09
-1.1060606061e+00 9.8484848485e-01 0.0000000000e+00 3.5149800283e-09 -7.2267375386e-09
-1.0757575758e+00 9.8484848485e-01 0.0000000000e+00 3.5692620139e-09 -7.1691306648e-09
-1.0454545455e+00 9.8484848485e-01 0.0000000000e+00 3.6245209942e-09 -7.1156088095e-09
-1.0151515152e+00 9.8484848485e-01 0.0000000000e+00 3.6807340280e-09 -7.0661490316e-09
-9.8484848485e-01 9.8484848485e-01 0.0000000000e+00 3.7378715244e-09 -7.0207217402e-09
-9.5454545455e-01 9.8484848485e-01 0.0000000000e+00 3.7958964859e-09 -6.9792899378e-09
-9.2424242424e-01 9.8484848485e-01 0.0000000000e+00 3.8547637041e-09 -6.9418084159e-09
-8.9393939394e-01 9.8484848485e-01 0.0000000000e+00 3.9144189138e-09 -6.9082229094e-09
-8.6363636364e-01 9.8484848485e-01 0.0000000000e+00 3.9747979112e-09 -6.8784692145e-09
-8.3333333333e-01 9.8484848485e-01 0.0000000000e+00 4.0358256468e-09 -6.8524722817e-09
-8.0303030303e-01 9.8484848485e-01 0.0000000000e+00 4.0974153054e-09 -6.8301452957e-09
-7.7272727273e-01 9.8484848485e-01 0.0000000000e+00 4.1594673895e-09 -6.8113887591e-09
-7.4242424242e-01 9.8484848485e-01 0.0000000000e+00 4.2218688269e-09 -6.7960895996e-09
-7.1212121212e-01 9.8484848485e-01 0.0000000000e+00 4.2844921283e-09 -6.7841203282e-09
-6.8181818182e-01 9.8484848485e-01 0.0000000000e+00 4.3471946244e-09 -6.7753382751e-09
-6.5151515152e-01 9.8484848485e-01 0.0000000000e+00 4.4098178168e-09 -6.7695849423e-09
-6.2121212121e-01 9.8484848485e-01 0.0000000000e+00 4.4721868849e-09 -6.7666855091e-09
-5.9090909091e-01 9.8484848485e-01 0.0000000000e+00 4.5341103904e-09 -6.7664485372e-09
-5.6060606061e-01 9.8484848485e-01 0.0000000000e+00 4.5953802304e-09 -6.7686659235e-09
-5.3030303030e-01 9.8484848485e-01 0.0000000000e+00 4.6557718869e-09 -6.7731131503e-09
-5.0000000000e-01 9.8484848485e-01 0.0000000000e+00 4.7150450270e-09 -6.7795498846e-09
-4.6969696970e-01 9.8484848485e-01 0.0000000000e+00 4.7729445007e-09 -6.7877209764e-09
-4.3939393939e-01 9.8484848485e-01 0.0000000000e+00 4.8292017833e-09 -6.7973579009e-09
-4.0909090909e-01 9.8484848485e-01 0.0000000000e+00 4.8835368978e-09 -6.8081806811e-09
-3.7878787879e-01 9.8484848485e-01 0.0000000000e+00 4.9356608424e-09 -6.8199003153e-09
-3.4848484848e-01 9.8484848485e-01 0.0000000000e+00 4.9852785319e-09 -6.8322217184e-09
-3.1818181818e-01 9.8484848485e-01 0.0000000000e+00 5.0320922405e-09 -6.8448471644e-09
-2.8787878788e-01 9.8484848485e-01 0.0000000000e+00 5.0758055105e-09 -6.8574801957e-09
-2.5757575758e-01 9.8484848485e-01 0.0000000000e+00 5.1161274657e-09 -6.8698299361e-09
-2.2727272727e-01 9.8484848485e-01 0.0000000000e+00 5.1527774393e-09 -6.8816157186e-09
-1.9696969697e-01 9.8484848485e-01 0.0000000000e+00 5.1854898010e-09 -6.8925719132e-09
-1.6666666667e-01 9.8484848485e-01 0.0000000000e+00 5.2140188438e-09 -6.9024528127e-09
-1.3636363636e-01 9.8484848485e-01 0.0000000000e+00 5.2381435710e-09 -6.9110374206e-09
-1.0606060606e-01 9.8484848485e-01 0.0000000000e+00 5.2576722154e-09 -6.9181339695e-09
-7.5757575758e-02 9.8484848485e-01 0.0000000000e+00 5.2724463175e-09 -6.9235840000e-09
-4.5454545455e-02 9.8484848485e-01 0.0000000000e+00 5.2823441996e-09 -6.9272658343e-09
-1.5151515152e-02 9.8484848485e-01 0.0000000000e+00 5.2872836900e-09 -6.9290973009e-09
1.5151515152e-02 9.8484848485e-01 0.0000000000e+00 5.2872239819e-09 -6.9290375928e-09
4.5454545455e-02 9.8484848485e-01 0.0000000000e+00 5.2821665445e-09 -6.9270881793e-09
7.5757575758e-02 9.8484848485e-01 0.0000000000e+00 5.2721550490e-09 -6.9232927315e-09
1.0606060606e-01 9.8484848485e-01 0.0000000000e+00 5.2572743158e-09 -6.9177360699e-09
1.3636363636e-01 9.8484848485e-01 0.0000000000e+00 5.2376483325e-09 -6.9105421821e-09
1.6666666667e-01 9.8484848485e-01 0.0000000000e+00 5.2134374320e-09 -6.9018714009e-09
1.9696969697e-01 9.8484848485e-01 0.0000000000e+00 5.1848347552e-09 -6.8919168674e-09
2.2727272727e-01 9.8484848485e-01 0.0000000000e+00 5.1520621447e-09 -6.8809004240e-09
2.5757575758e-01 9.8484848485e-01 0.0000000000e+00 5.1153656330e-09 -6.8690681034e-09
2.8787878788e-01 9.8484848485e-01 0.0000000000e+00 5.0750106925e-09 -6.8566853776e-09
3.1818181818e-01 9.8484848485e-01 0.0000000000e+00 5.0312774100e-09 -6.8440323339e-09
3.4848484848e-01 9.8484848485e-01 0.0000000000e+00 4.9844557380e-09 -6.8313989245e-09
3.7878787879e-01 9.8484848485e-01 0.0000000000e+00 4.9348409514e-09 -6.8190804244e-09
4.0909090909e-01 9.8484848485e-01 0.0000000000e+00 4.8827294221e-09 -6.8073732054e-09
4.3939393939e-01 9.8484848485e-01 0.0000000000e+00 4.8284147909e-09 -6.7965709084e-09
4.6969696970e-01 9.8484848485e-01 0.0000000000e+00 4.7721845973e-09 -6.7869610729e-09
5.0000000000e-01 9.8484848485e-01 0.0000000000e+00 4.7143173976e-09 -6.7788222552e-09
5.3030303030e-01 9.8484848485e-01 0.0000000000e+00 4.6550803838e-09 -6.7724216472e-09
5.6060606061e-01 9.8484848485e-01 0.0000000000e+00 4.5947274930e-09 -6.7680131862e-09
5.9090909091e-01 9.8484848485e-01 0.0000000000e+00 4.5334979865e-09 -6.7658361332e-09
6.2121212121e-01 9.8484848485e-01 0.0000000000e+00 4.4716154601e-09 -6.7661140843e-09
6.5151515152e-01 9.8484848485e-01 0.0000000000e+00 4.4092872461e-09 -6.7690543716e-09
6.8181818182e-01 9.8484848485e-01 0.0000000000e+00 4.3467041569e-09 -6.7748478076e-09
7.1212121212e-01 9.8484848485e-01 0.0000000000e+00 4.2840405220e-09 -6.7836687218e-09
7.4242424242e-01 9.8484848485e-01 0.0000000000e+00 4.2214544696e-09 -6.7956752424e-09
7.7272727273e-01 9.8484848485e-01 0.0000000000e+00 4.1590884052e-09 -6.8110097748e-09
8.0303030303e-01 9.8484848485e-01 0.0000000000e+00 4.0970696444e-09 -6.8297996347e-09
8.3333333333e-01 9.8484848485e-01 0.0000000000e+00 4.0355111615e-09 -6.8521577964e-09
8.6363636364e-01 9.8484848485e-01 0.0000000000e+00 3.9745124175e-09 -6.8781837207e-09
8.9393939394e-01 9.8484848485e-01 0.0000000000e+00 3.9141602397e-09 -6.9079642353e-09
9.2424242424e-01 9.8484848485e-01 0.0000000000e+00 3.8545297273e-09 -6.9415744391e-09
9.5454545455e-01 9.8484848485e-01 0.0000000000e+00 3.7956851615e-09 -6.9790786133e-09
9.8484848485e-01 9.8484848485e-01 0.0000000000e+00 3.7376809047e-09 -7.0205311205e-09
1.0151515152e+00 9.8484848485e-01 0.0000000000e+00 3.6805622755e-09 -7.0659772791e-09
1.0454545455e+00 9.8484848485e-01 0.0000000000e+00 3.6243663893e-09 -7.1154542046e-09
1.0757575758e+00 9.8484848485e-01 0.0000000000e+00 3.5691229580e-09 -7.1689916088e-09
1.1060606061e+00 9.8484848485e-01 0.0000000000e+00 3.5148550438e-09 -7.2266125541e-09
1.1363636364e+00 9.8484848485e-01 0.0000000000e+00 3.4615797646e-09 -7.2883341582e-09
1.1666666667e+00 9.8484848485e-01 0.0000000000e+00 3.4093089486e-09 -7.3541682493e-09
1.1969696970e+00 9.8484848485e-01 0.0000000000e+00 3.3580497396e-09 -7.4241219713e-09
1.2272727273e+00 9.8484848485e-01 0.0000000000e+00 3.3078051525e-09 -7.4981983391e-09
1.2575757576e+00 9.8484848485e-01 0.0000000000e+00 3.2585745813e-09 -7.5763967468e-09
1.2878787879e+00 9.8484848485e-01 0.0000000000e+00 3.2103542615e-09 -7.6587134296e-09
1.3181818182e+00 9.8484848485e-01 0.0000000000e+00 3.1631376885e-09 -7.7451418832e-09
1.3484848485e+00 9.8484848485e-01 0.0000000000e+00 3.1169159964e-09 -7.8356732415e-09
1.3787878788e+00 9.8484848485e-01 0.0000000000e+00 3.0716782982e-09 -7.9302966176e-09
1.4090909091e+00 9.8484848485e-01 0.0000000000e+00 3.0274119910e-09 -8.0289994085e-09
1.4393939394e+00 9.8484848485e-01 0.0000000000e+00 2.9841030289e-09 -8.1317675685e-09
1.4696969697e+00 9.8484848485e-01 0.0000000000e+00 2.9417361663e-09 -8.2385858518e-09
1.5000000000e+00 9.8484848485e-01 0.0000000000e+00 2.9002951739e-09 -8.3494380291e-09
-1.5000000000e+00 1.0151515152e+00 0.0000000000e+00 2.8733644785e-09 -8.4250721215e-09
-1.4696969697e+00 1.0151515152e+00 0.0000000000e+00 2.9136476586e-09 -8.3130621319e-09
-1.4393939394e+00 1.0151515152e+00 0.0000000000e+00 2.9547976655e-09 -8.2050269928e-09
-1.4090909091e+00 1.0151515152e+00 0.0000000000e+00 2.9968276101e-09 -8.1009798155e-09
-1.3787878788e+00 1.0151515152e+00 0.0000000000e+00 3.0397494932e-09 -8.0009326004e-09
-1.3484848485e+00 1.0151515152e+00 0.0000000000e+00 3.0835739927e-09 -7.9048960255e-09
-1.3181818182e+00 1.0151515152e+00 0.0000000000e+00 3.1283102269e-09 -7.8128792094e-09
-1.2878787879e+00 1.0151515152e+00 0.0000000000e+00 3.1739654908e-09 -7.7248894468e-09
-1.2575757576e+00 1.0151515152e+00 0.0000000000e+00 3.2205449628e-09 -7.6409319161e-09
-1.2272727273e+00 1.0151515152e+00 0.0000000000e+00 3.2680513799e-09 -7.5610093544e-09
-1.1969696970e+00 1.0151515152e+00 0.0000000000e+00 3.3164846802e-09 -7.4851216998e-09
-1.1666666667e+00 1.0151515152e+00 0.0000000000e+00 3.3658416084e-09 -7.4132656969e-09
-1.1363636364e+00 1.0151515152e+00 0.0000000000e+00 3.4161152850e-09 -7.3454344664e-09
-1.1060606061e+00 1.0151515152e+00 0.0000000000e+00 3.4672947357e-09 -7.2816170338e-09
-1.0757575758e+00 1.0151515152e+00 0.0000000000e+00 3.5193643805e-09 -7.2217978191e-09
-1.0454545455e+00 1.0151515152e+00 0.0000000000e+00 3.5723034818e-09 -7.1659560849e-09
-1.0151515152e+00 1.0151515152e+00 0.0000000000e+00 3.6260855519e-09 -7.1140653433e-09
-9.8484848485e-01 1.0151515152e+00 0.0000000000e+00 3.6806777198e-09 -7.0660927234e-09
-9.5454545455e-01 1.0151515152e+00 0.0000000000e+00 3.7360400611e-09 -7.0219983008e-09
-9.2424242424e-01 1.0151515152e+00 0.0000000000e+00 3.7921248931e-09 -6.9817343927e-09
-8.9393939394e-01 1.0151515152e+00 0.0000000000e+00 3.8488760414e-09 -6.9452448248e-09
-8.6363636364e-01 1.0151515152e+00 0.0000000000e+00 3.9062280852e-09 -6.9124641763e-09
-8.3333333333e-01 1.0151515152e+00 0.0000000000e+00 3.9641055911e-09 -6.8833170138e-09
-8.0303030303e-01 1.0151515152e+00 0.0000000000e+00 4.0224223480e-09 -6.8577171261e-09
-7.7272727273e-01 1.0151515152e+00 0.0000000000e+00 4.0810806188e-09 -6.8355667761e-09
-7.4242424242e-01 1.0151515152e+00 0.0000000000e+00 4.1399704285e-09 -6.8167559891e-09
-7.1212121212e-01 1.0151515152e+00 0.0000000000e+00 4.1989689112e-09 -6.8011618988e-09
-6.8181818182e-01 1.0151515152e+00 0.0000000000e+00 4.2579397417e-09 -6.7886481803e-09
-6.5151515152e-01 1.0151515152e+00 0.0000000000e+00 4.3167326844e-09 -6.7790645977e-09
-6.2121212121e-01 1.0151515152e+00 0.0000000000e+00 4.3751832905e-09 -6.7722467025e-09
-5.9090909091e-01 1.0151515152e+00 0.0000000000e+00 4.4331127828e-09 -6.7680157174e-09
-5.6060606061e-01 1.0151515152e+00 0.0000000000e+00 4.4903281660e-09 -6.7661786469e-09
-5.3030303030e-01 1.0151515152e+00 0.0000000000e+00 4.5466226026e-09 -6.7665286538e-09
-5.0000000000e-01 1.0151515152e+00 0.0000000000e+00 4.6017760955e-09 -6.7688457409e-09
-4.6969696970e-01 1.0151515152e+00 0.0000000000e+00 4.6555565128e-09 -6.7728977763e-09
-4.3939393939e-01 1.0151515152e+00 0.0000000000e+00 4.7077209876e-09 -6.7784418930e-09
-4.0909090909e-01 1.0151515152e+00 0.0000000000e+00 4.7580177174e-09 -6.7852262886e-09
-3.7878787879e-01 1.0151515152e+00 0.0000000000e+00 4.8061881771e-09 -6.7929924379e-09
-3.4848484848e-01 1.0151515152e+00 0.0000000000e+00 4.8519697444e-09 -6.8014777187e-09
-3.1818181818e-01 1.0151515152e+00 0.0000000000e+00 4.8950987226e-09 -6.8104184343e-09
-2.8787878788e-01 1.0151515152e+00 0.0000000000e+00 4.9353137236e-09 -6.8195531965e-09
-2.5757575758e-01 1.0151515152e+00 0.0000000000e+00 4.9723593569e-09 -6.8286266150e-09
-2.2727272727e-01 1.0151515152e+00 0.0000000000e+00 5.0059901466e-09 -6.8373932137e-09
-1.9696969697e-01 1.0151515152e+00 0.0000000000e+00 5.0359745800e-09 -6.8456214800e-09
-1.6666666667e-01 1.0151515152e+00 0.0000000000e+00 5.0620991748e-09 -6.8530979316e-09
-1.3636363636e-01 1.0151515152e+00 0.0000000000e+00 5.0841724370e-09 -6.8596310744e-09
-1.0606060606e-01 1.0151515152e+00 0.0000000000e+00 5.1020285764e-09 -6.8650551184e-09
-7.5757575758e-02 1.0151515152e+00 0.0000000000e+00 5.1155308448e-09 -6.8692333151e-09
-4.5454545455e-02 1.0151515152e+00 0.0000000000e+00 5.1245743692e-09 -6.8720607918e-09
-1.5151515152e-02 1.0151515152e+00 0.0000000000e+00 5.1290883699e-09 -6.8734667686e-09
1.5151515152e-02 1.0151515152e+00 0.0000000000e+00 5.1290376708e-09 -6.8734160695e-09
4.5454545455e-02 1.0151515152e+00 0.0000000000e+00 5.1244234423e-09 -6.8719098649e-09
7.5757575758e-02 1.0151515152e+00 0.0000000000e+00 5.1152831461e-09 -6.8689856164e-09
1.0606060606e-01 1.0151515152e+00 0.0000000000e+00 5.1016896859e-09 -6.8647162279e-09
1.3636363636e-01 1.0151515152e+00 0.0000000000e+00 5.0837498034e-09 -6.8592084408e-09
1.6666666667e-01 1.0151515152e+00 0.0000000000e+00 5.0616017857e-09 -6.8526005425e-09
1.9696969697e-01 1.0151515152e+00 0.0000000000e+00 5.0354125812e-09 -6.8450594812e-09
2.2727272727e-01 1.0151515152e+00 0.0000000000e+00 5.0053744365e-09 -6.8367775036e-09
2.5757575758e-01 1.0151515152e+00 0.0000000000e+00 4.9717011814e-09 -6.8279684395e-09
2.8787878788e-01 1.0151515152e+00 0.0000000000e+00 4.9346242946e-09 -6.8188637675e-09
3.1818181818e-01 1.0151515152e+00 0.0000000000e+00 4.8943888786e-09 -6.8097085903e-09
3.4848484848e-01 1.0151515152e+00 0.0000000000e+00 4.8512496664e-09 -6.8007576407e-09
3.7878787879e-01 1.0151515152e+00 0.0000000000e+00 4.8054671669e-09 -6.7922714277e-09
4.0909090909e-01 1.0151515152e+00 0.0000000000e+00 4.7573040422e-09 -6.7845126134e-09
4.3939393939e-01 1.0151515152e+00 0.0000000000e+00 4.7070217865e-09 -6.7777426919e-09
4.6969696970e-01 1.0151515152e+00 0.0000000000e+00 4.6548777610e-09 -6.7722190244e-09
5.0000000000e-01 1.0151515152e+00 0.0000000000e+00 4.6011226166e-09 -6.7681922620e-09
5.3030303030e-01 1.0151515152e+00 0.0000000000e+00 4.5459981208e-09 -6.7659041721e-09
5.6060606061e-01 1.0151515152e+00 0.0000000000e+00 4.4897353874e-09 -6.7655858683e-09
5.9090909091e-01 1.0151515152e+00 0.0000000000e+00 4.4325534960e-09 -6.7674564306e-09
6.2121212121e-01 1.0151515152e+00 0.0000000000e+00 4.3746584793e-09 -6.7717218913e-09
6.5151515152e-01 1.0151515152e+00 0.0000000000e+00 4.3162426444e-09 -6.7785745578e-09
6.8181818182e-01 1.0151515152e+00 0.0000000000e+00 4.2574841955e-09 -6.7881926341e-09
7.1212121212e-01 1.0151515152e+00 0.0000000000e+00 4.1985471178e-09 -6.8007401054e-09
7.4242424242e-01 1.0151515152e+00 0.0000000000e+00 4.1395812842e-09 -6.8163668448e-09
7.7272727273e-01 1.0151515152e+00 0.0000000000e+00 4.0807227472e-09 -6.8352089046e-09
8.0303030303e-01 1.0151515152e+00 0.0000000000e+00 4.0220941791e-09 -6.8573889571e-09
8.3333333333e-01 1.0151515152e+00 0.0000000000e+00 3.9638054285e-09 -6.8830168511e-09
8.6363636364e-01 1.0151515152e+00 0.0000000000e+00 3.9059541623e-09 -6.9121902534e-09
8.9393939394e-01 1.0151515152e+00 0.0000000000e+00 3.8486265674e-09 -6.9449953508e-09
9.2424242424e-01 1.0151515152e+00 0.0000000000e+00 3.7918980895e-09 -6.9815075891e-09
9.5454545455e-01 1.0151515152e+00 0.0000000000e+00 3.7358341899e-09 -7.0217924296e-09
9.8484848485e-01 1.0151515152e+00 0.0000000000e+00 3.6804911047e-09 -7.0659061083e-09
1.0151515152e+00 1.0151515152e+00 0.0000000000e+00 3.6259165932e-09 -7.1138963846e-09
1.0454545455e+00 1.0151515152e+00 0.0000000000e+00 3.5721506669e-09 -7.1658032700e-09
1.0757575758e+00 1.0151515152e+00 0.0000000000e+00 3.5192262897e-09 -7.2216597284e-09
1.1060606061e+00 1.0151515152e+00 0.0000000000e+00 3.4671700453e-09 -7.2814923433e-09
1.1363636364e+00 1.0151515152e+00 0.0000000000e+00 3.4160027672e-09 -7.3453219485e-09
1.1666666667e+00 1.0151515152e+00 0.0000000000e+00 3.3657401300e-09 -7.4131642185e-09
1.1969696970e+00 1.0151515152e+00 0.0000000000e+00 3.3163931995e-09 -7.4850302191e-09
1.2272727273e+00 1.0151515152e+00 0.0000000000e+00 3.2679689427e-09 -7.5609269172e-09
1.2575757576e+00 1.0151515152e+00 0.0000000000e+00 3.2204706976e-09 -7.6408576509e-09
1.2878787879e+00 1.0151515152e+00 0.0000000000e+00 3.1738986038e-09 -7.7248225598e-09
1.3181818182e+00 1.0151515152e+00 0.0000000000e+00 3.1282499967e-09 -7.8128189792e-09
1.3484848485e+00 1.0151515152e+00 0.0000000000e+00 3.0835197648e-09 -7.9048417977e-09
1.3787878788e+00 1.0151515152e+00 0.0000000000e+00 3.0397006752e-09 -8.0008837824e-09
1.4090909091e+00 1.0151515152e+00 0.0000000000e+00 2.9967836660e-09 -8.1009358714e-09
1.4393939394e+00 1.0151515152e+00 0.0000000000e+00 2.9547581113e-09 -8.2049874386e-09
1.4696969697e+00 1.0151515152e+00 0.0000000000e+00 2.9136120576e-09 -8.3130265309e-09
1.5000000000e+00 1.0151515152e+00 0.0000000000e+00 2.8733324369e-09 -8.4250400800e-09
-1.5000000000e+00 1.0454545455e+00 0.0000000000e+00 2.8463585251e-09 -8.5037389798e-09
-1.4696969697e+00 1.0454545455e+00 0.0000000000e+00 2.8855008616e-09 -8.3905881465e-09
-1.4393939394e+00 1.0454545455e+00 0.0000000000e+00 2.9254532443e-09 -8.2813553833e-09
-1.4090909091e+00 1.0454545455e+00 0.0000000000e+00 2.9662259002e-09 -8.1760509172e-09
-1.3787878788e+00 1.0454545455e+00 0.0000000000e+00 3.0078278405e-09 -8.0746837593e-09
-1.3484848485e+00 1.0454545455e+00 0.0000000000e+00 3.0502666538e-09 -7.9772614983e-09
-1.3181818182e+00 1.0454545455e+00 0.0000000000e+00 3.0935482771e-09 -7.8837900713e-09
-1.2878787879e+00 1.0454545455e+00 0.0000000000e+00 3.1376767426e-09 -7.7942735102e-09
-1.2575757576e+00 1.0454545455e+00 0.0000000000e+00 3.1826538975e-09 -7.7087136625e-09
-1.2272727273e+00 1.0454545455e+00 0.0000000000e+00 3.2284790977e-09 -7.6271098838e-09
-1.1969696970e+00 1.0454545455e+00 0.0000000000e+00 3.2751488702e-09 -7.5494587014e-09
-1.1666666667e+00 1.0454545455e+00 0.0000000000e+00 3.3226565464e-09 -7.4757534466e-09
-1.1363636364e+00 1.0454545455e+00 0.0000000000e+00 3.3709918621e-09 -7.4059838551e-09
-1.1060606061e+00 1.0454545455e+00 0.0000000000e+00 3.4201405250e-09 -7.3401356348e-09
-1.0757575758e+00 1.0454545455e+00 0.0000000000e+00 3.4700837494e-09 -7.2781899997e-09
-1.0454545455e+00 1.0454545455e+00 0.0000000000e+00 3.5207977563e-09 -7.2201231710e-09
-1.0151515152e+00 1.0454545455e+00 0.0000000000e+00 3.5722532421e-09 -7.1659058452e-09
-9.8484848485e-01 1.0454545455e+00 0.0000000000e+00 3.6244148168e-09 -7.1155026321e-09
-9.5454545455e-01 1.0454545455e+00 0.0000000000e+00 3.6772404134e-09 -7.0688714647e-09
-9.2424242424e-01 1.0454545455e+00 0.0000000000e+00 3.7306806745e-09 -7.0259629858e-09
-8.9393939394e-01 1.0454545455e+00 0.0000000000e+00 3.7846783212e-09 -6.9867199163e-09
-8.6363636364e-01 1.0454545455e+00 0.0000000000e+00 3.8391675114e-09 -6.9510764142e-09
-8.3333333333e-01 1.0454545455e+00 0.0000000000e+00 3.8940731982e-09 -6.9189574325e-09
-8.0303030303e-01 1.0454545455e+00 0.0000000000e+00 3.9493104994e-09 -6.8902780892e-09
-7.7272727273e-01 1.0454545455e+00 0.0000000000e+00 4.0047840943e-09 -6.8649430634e-09
-7.4242424242e-01 1.0454545455e+00 0.0000000000e+00 4.0603876635e-09 -6.8428460357e-09
-7.1212121212e-01 1.0454545455e+00 0.0000000000e+00 4.1160033933e-09 -6.8238691926e-09
-6.8181818182e-01 1.0454545455e+00 0.0000000000e+00 4.1715015675e-09 -6.8078828177e-09
-6.5151515152e-01 1.0454545455e+00 0.0000000000e+00 4.2267402726e-09 -6.7947449977e-09
-6.2121212121e-01 1.0454545455e+00 0.0000000000e+00 4.2815652452e-09 -6.7843014689e-09
-5.9090909091e-01 1.0454545455e+00 0.0000000000e+00 4.3358098911e-09 -6.7763856373e-09
-5.6060606061e-01 1.0454545455e+00 0.0000000000e+00 4.3892955088e-09 -6.7708188014e-09
-5.3030303030e-01 1.0454545455e+00 0.0000000000e+00 4.4418317491e-09 -6.7674106120e-09
-5.0000000000e-01 1.0454545455e+00 0.0000000000e+00 4.4932173394e-09 -6.7659597965e-09
-4.6969696970e-01 1.0454545455e+00 0.0000000000e+00 4.5432411029e-09 -6.7662551781e-09
-4.3939393939e-01 1.0454545455e+00 0.0000000000e+00 4.5916832927e-09 -6.7680770097e-09
-4.0909090909e-01 1.0454545455e+00 0.0000000000e+00 4.6383172577e-09 -6.7711986405e-09
-3.7878787879e-01 1.0454545455e+00 0.0000000000e+00 4.6829114466e-09 -6.7753885190e-09
-3.4848484848e-01 1.0454545455e+00 0.0000000000e+00 4.7252317433e-09 -6.7804125293e-09
-3.1818181818e-01 1.0454545455e+00 0.0000000000e+00 4.7650441167e-09 -6.7860366401e-09
-2.8787878788e-01 1.0454545455e+00 0.0000000000e+00 4.8021175491e-09 -6.7920298338e-09
-2.5757575758e-01 1.0454545455e+00 0.0000000000e+00 4.8362271955e-09 -6.7981672653e-09
-2.2727272727e-01 1.0454545455e+00 0.0000000000e+00 4.8671577061e-09 -6.8042335849e-09
-1.9696969697e-01 1.0454545455e+00 0.0000000000e+00 4.8947066332e-09 -6.8100263449e-09
-1.6666666667e-01 1.0454545455e+00 0.0000000000e+00 4.9186878298e-09 -6.8153593982e-09
-1.3636363636e-01 1.0454545455e+00 0.0000000000e+00 4.9389347358e-09 -6.8200661849e-09
-1.0606060606e-01 1.0454545455e+00 0.0000000000e+00 4.9553034488e-09 -6.8240028024e-09
-7.5757575758e-02 1.0454545455e+00 0.0000000000e+00 4.9676754700e-09 -6.8270507520e-09
-4.5454545455e-02 1.0454545455e+00 0.0000000000e+00 4.9759600292e-09 -6.8291192634e-09
-1.5151515152e-02 1.0454545455e+00 0.0000000000e+00 4.9800958992e-09 -6.8301471095e-09
1.5151515152e-02 1.0454545455e+00 0.0000000000e+00 4.9800526317e-09 -6.8301038421e-09
4.5454545455e-02 1.0454545455e+00 0.0000000000e+00 4.9758311657e-09 -6.8289903999e-09
7.5757575758e-02 1.0454545455e+00 0.0000000000e+00 4.9674637855e-09 -6.8268390675e-09
1.0606060606e-01 1.0454545455e+00 0.0000000000e+00 4.9550134323e-09 -6.8237127859e-09
1.3636363636e-01 1.0454545455e+00 0.0000000000e+00 4.9385723966e-09 -6.8197038457e-09
1.6666666667e-01 1.0454545455e+00 0.0000000000e+00 4.9182604459e-09 -6.8149320144e-09
1.9696969697e-01 1.0454545455e+00 0.0000000000e+00 4.8942224598e-09 -6.8095421715e-09
2.2727272727e-01 1.0454545455e+00 0.0000000000e+00 4.8666256610e-09 -6.8037015398e-09
2.5757575758e-01 1.0454545455e+00 0.0000000000e+00 4.8356565432e-09 -6.7975966130e-09
2.8787878788e-01 1.0454545455e+00 0.0000000000e+00 4.8015175980e-09 -6.7914298827e-09
3.1818181818e-01 1.0454545455e+00 0.0000000000e+00 4.7644239456e-09 -6.7854164690e-09
3.4848484848e-01 1.0454545455e+00 0.0000000000e+00 4.7245999675e-09 -6.7797807535e-09
3.7878787879e-01 1.0454545455e+00 0.0000000000e+00 4.6822760299e-09 -6.7747531024e-09
4.0909090909e-01 1.0454545455e+00 0.0000000000e+00 4.6376853738e-09 -6.7705667566e-09
4.3939393939e-01 1.0454545455e+00 0.0000000000e+00 4.5910612345e-09 -6.7674549515e-09
4.6969696970e-01 1.0454545455e+00 0.0000000000e+00 4.5426342374e-09 -6.7656483125e-09
5.0000000000e-01 1.0454545455e+00 0.0000000000e+00 4.4926301019e-09 -6.7653725589e-09
5.3030303030e-01 1.0454545455e+00 0.0000000000e+00 4.4412676701e-09 -6.7668465330e-09
5.6060606061e-01 1.0454545455e+00 0.0000000000e+00 4.3887572670e-09 -6.7702805596e-09
5.9090909091e-01 1.0454545455e+00 0.0000000000e+00 4.3352993844e-09 -6.7758751306e-09
6.2121212121e-01 1.0454545455e+00 0.0000000000e+00 4.2810836740e-09 -6.7838198977e-09
6.5151515152e-01 1.0454545455e+00 0.0000000000e+00 4.2262882290e-09 -6.7942929540e-09
6.8181818182e-01 1.0454545455e+00 0.0000000000e+00 4.1710791258e-09 -6.8074603760e-09
7.1212121212e-01 1.0454545455e+00 0.0000000000e+00 4.1156101987e-09 -6.8234759980e-09
7.4242424242e-01 1.0454545455e+00 0.0000000000e+00 4.0600230146e-09 -6.8424813868e-09
7.7272727273e-01 1.0454545455e+00 0.0000000000e+00 4.0044470194e-09 -6.8646059884e-09
8.0303030303e-01 1.0454545455e+00 0.0000000000e+00 3.9489998241e-09 -6.8899674139e-09
8.3333333333e-01 1.0454545455e+00 0.0000000000e+00 3.8937876048e-09 -6.9186718392e-09
8.6363636364e-01 1.0454545455e+00 0.0000000000e+00 3.8389055895e-09 -6.9508144923e-09
8.9393939394e-01 1.0454545455e+00 0.0000000000e+00 3.7844386096e-09 -6.9864802047e-09
9.2424242424e-01 1.0454545455e+00 0.0000000000e+00 3.7304616961e-09 -7.0257440074e-09
9.5454545455e-01 1.0454545455e+00 0.0000000000e+00 3.6770407028e-09 -7.0686717542e-09
9.8484848485e-01 1.0454545455e+00 0.0000000000e+00 3.6242329419e-09 -7.1153207571e-09
1.0151515152e+00 1.0454545455e+00 0.0000000000e+00 3.5720878199e-09 -7.1657404230e-09
1.0454545455e+00 1.0454545455e+00 0.0000000000e+00 3.5206474650e-09 -7.2199728798e-09
1.0757575758e+00 1.0454545455e+00 0.0000000000e+00 3.4699473365e-09 -7.2780535868e-09
1.1060606061e+00 1.0454545455e+00 0.0000000000e+00 3.4200168117e-09 -7.3400119215e-09
1.1363636364e+00 1.0454545455e+00 0.0000000000e+00 3.3708797459e-09 -7.4058717389e-09
1.1666666667e+00 1.0454545455e+00 0.0000000000e+00 3.3225550018e-09 -7.4756519020e-09
1.1969696970e+00 1.0454545455e+00 0.0000000000e+00 3.2750569473e-09 -7.5493667785e-09
1.2272727273e+00 1.0454545455e+00 0.0000000000e+00 3.2283959202e-09 -7.6270267064e-09
1.2575757576e+00 1.0454545455e+00 0.0000000000e+00 3.1825786599e-09 -7.7086384249e-09
1.2878787879e+00 1.0454545455e+00 0.0000000000e+00 3.1376087063e-09 -7.7942054739e-09
1.3181818182e+00 1.0454545455e+00 0.0000000000e+00 3.0934867670e-09 -7.8837285612e-09
1.3484848485e+00 1.0454545455e+00 0.0000000000e+00 3.0502110537e-09 -7.9772058983e-09
1.3787878788e+00 1.0454545455e+00 0.0000000000e+00 3.0077775894e-09 -8.0746335083e-09
1.4090909091e+00 1.0454545455e+00 0.0000000000e+00 2.9661804882e-09 -8.1760055052e-09
1.4393939394e+00 1.0454545455e+00 0.0000000000e+00 2.9254122083e-09 -8.2813143474e-09
1.4696969697e+00 1.0454545455e+00 0.0000000000e+00 2.8854637819e-09 -8.3905510668e-09
1.5000000000e+00 1.0454545455e+00 0.0000000000e+00 2.8463250213e-09 -8.5037054760e-09
-1.5000000000e+00 1.0757575758e+00 0.0000000000e+00 2.8193390347e-09 -8.5855003249e-09
-1.4696969697e+00 1.0757575758e+00 0.0000000000e+00 2.8573621708e-09 -8.4712302913e-09
-1.4393939394e+00 1.0757575758e+00 0.0000000000e+00 2.8961412210e-09 -8.3608241956e-09
-1.4090909091e+00 1.0757575758e+00 0.0000000000e+00 2.9356837947e-09 -8.2542896472e-09
-1.3787878788e+00 1.0757575758e+00 0.0000000000e+00 2.9759962033e-09 -8.1516329577e-09
-1.3484848485e+00 1.0757575758e+00 0.0000000000e+00 3.0170832614e-09 -8.0528589415e-09
-1.3181818182e+00 1.0757575758e+00 0.0000000000e+00 3.0589480665e-09 -7.9579706962e-09
-1.2878787879e+00 1.0757575758e+00 0.0000000000e+00 3.1015917576e-09 -7.8669693608e-09
-1.2575757576e+00 1.0757575758e+00 0.0000000000e+00 3.1450132508e-09 -7.7798538513e-09
-1.2272727273e+00 1.0757575758e+00 0.0000000000e+00 3.1892089502e-09 -7.6966205719e-09
-1.1969696970e+00 1.0757575758e+00 0.0000000000e+00 3.2341724336e-09 -7.6172631004e-09
-1.1666666667e+00 1.0757575758e+00 0.0000000000e+00 3.2798941118e-09 -7.5417718476e-09
-1.1363636364e+00 1.0757575758e+00 0.0000000000e+00 3.3263608611e-09 -7.4701336897e-09
-1.1060606061e+00 1.0757575758e+00 0.0000000000e+00 3.3735556276e-09 -7.4023315729e-09
-1.0757575758e+00 1.0757575758e+00 0.0000000000e+00 3.4214570055e-09 -7.3383440914e-09
-1.0454545455e+00 1.0757575758e+00 0.0000000000e+00 3.4700387880e-09 -7.2781450383e-09
-1.0151515152e+00 1.0757575758e+00 0.0000000000e+00 3.5192694934e-09 -7.2217029321e-09
-9.8484848485e-01 1.0757575758e+00 0.0000000000e+00 3.5691118691e-09 -7.1689805199e-09
-9.5454545455e-01 1.0757575758e+00 0.0000000000e+00 3.6195223748e-09 -7.1199342617e-09
-9.2424242424e-01 1.0757575758e+00 0.0000000000e+00 3.6704506526e-09 -7.0745137994e-09
-8.9393939394e-01 1.0757575758e+00 0.0000000000e+00 3.7218389865e-09 -7.0326614171e-09
-8.6363636364e-01 1.0757575758e+00 0.0000000000e+00 3.7736217621e-09 -6.9943115004e-09
-8.3333333333e-01 1.0757575758e+00 0.0000000000e+00 3.8257249333e-09 -6.9593900032e-09
-8.0303030303e-01 1.0757575758e+00 0.0000000000e+00 3.8780655087e-09 -6.9278139341e-09
-7.7272727273e-01 1.0757575758e+00 0.0000000000e+00 3.9305510714e-09 -6.8994908760e-09
-7.4242424242e-01 1.0757575758e+00 0.0000000000e+00 3.9830793461e-09 -6.8743185539e-09
-7.1212121212e-01 1.0757575758e+00 0.0000000000e+00 4.0355378343e-09 -6.8521844691e-09
-6.8181818182e-01 1.0757575758e+00 0.0000000000e+00 4.0878035344e-09 -6.8329656202e-09
-6.5151515152e-01 1.0757575758e+00 0.0000000000e+00 4.1397427719e-09 -6.8165283325e-09
-6.2121212121e-01 1.0757575758e+00 0.0000000000e+00 4.1912111611e-09 -6.8027282203e-09
-5.9090909091e-01 1.0757575758e+00 0.0000000000e+00 4.2420537243e-09 -6.7914103060e-09
-5.6060606061e-01 1.0757575758e+00 0.0000000000e+00 4.2921051937e-09 -6.7824093218e-09
-5.3030303030e-01 1.0757575758e+00 0.0000000000e+00 4.3411905205e-09 -6.7755502190e-09
-5.0000000000e-01 1.0757575758e+00 0.0000000000e+00 4.3891256143e-09 -6.7706489070e-09
-4.6969696970e-01 1.0757575758e+00 0.0000000000e+00 4.4357183327e-09 -6.7675132434e-09
-4.3939393939e-01 1.0757575758e+00 0.0000000000e+00 4.4807697366e-09 -6.7659442892e-09
-4.0909090909e-01 1.0757575758e+00 0.0000000000e+00 4.5240756199e-09 -6.7657378382e-09
-3.7878787879e-01 1.0757575758e+00 0.0000000000e+00 4.5654283152e-09 -6.7666862232e-09
-3.4848484848e-01 1.0757575758e+00 0.0000000000e+00 4.6046187667e-09 -6.7685803883e-09
-3.1818181818e-01 1.0757575758e+00 0.0000000000e+00 4.6414388502e-09 -6.7712122091e-09
-2.8787878788e-01 1.0757575758e+00 0.0000000000e+00 4.6756839098e-09 -6.7743770300e-09
-2.5757575758e-01 1.0757575758e+00 0.0000000000e+00 4.7071554674e-09 -6.7778763727e-09
-2.2727272727e-01 1.0757575758e+00 0.0000000000e+00 4.7356640483e-09 -6.7815207627e-09
-1.9696969697e-01 1.0757575758e+00 0.0000000000e+00 4.7610320572e-09 -6.7851326045e-09
-1.6666666667e-01 1.0757575758e+00 0.0000000000e+00 4.7830966279e-09 -6.7885490319e-09
-1.3636363636e-01 1.0757575758e+00 0.0000000000e+00 4.8017123649e-09 -6.7916246496e-09
-1.0606060606e-01 1.0757575758e+00 0.0000000000e+00 4.8167538921e-09 -6.7942340812e-09
-7.5757575758e-02 1.0757575758e+00 0.0000000000e+00 4.8281181240e-09 -6.7962742416e-09
-4.5454545455e-02 1.0757575758e+00 0.0000000000e+00 4.8357261829e-09 -6.7976662527e-09
-1.5151515152e-02 1.0757575758e+00 0.0000000000e+00 4.8395248918e-09 -6.7983569377e-09
1.5151515152e-02 1.0757575758e+00 0.0000000000e+00 4.8394877907e-09 -6.7983198366e-09
4.5454545455e-02 1.0757575758e+00 0.0000000000e+00 4.8356156377e-09 -6.7975557075e-09
7.5757575758e-02 1.0757575758e+00 0.0000000000e+00 4.8279363774e-09 -6.7960924950e-09
1.0606060606e-01 1.0757575758e+00 0.0000000000e+00 4.8165045781e-09 -6.7939847672e-09
1.3636363636e-01 1.0757575758e+00 0.0000000000e+00 4.8014003609e-09 -6.7913126455e-09
1.6666666667e-01 1.0757575758e+00 0.0000000000e+00 4.7827278615e-09 -6.7881802655e-09
1.9696969697e-01 1.0757575758e+00 0.0000000000e+00 4.7606132807e-09 -6.7847138280e-09
2.2727272727e-01 1.0757575758e+00 0.0000000000e+00 4.7352025945e-09 -6.7810593089e-09
2.5757575758e-01 1.0757575758e+00 0.0000000000e+00 4.7066590006e-09 -6.7773799059e-09
2.8787878788e-01 1.0757575758e+00 0.0000000000e+00 4.6751601854e-09 -6.7738533056e-09
3.1818181818e-01 1.0757575758e+00 0.0000000000e+00 4.6408954939e-09 -6.7706688529e-09
3.4848484848e-01 1.0757575758e+00 0.0000000000e+00 4.6040630819e-09 -6.7680247035e-09
3.7878787879e-01 1.0757575758e+00 0.0000000000e+00 4.5648671241e-09 -6.7661250321e-09
4.0909090909e-01 1.0757575758e+00 0.0000000000e+00 4.5235151419e-09 -6.7651773602e-09
4.3939393939e-01 1.0757575758e+00 0.0000000000e+00 4.4802155040e-09 -6.7653900566e-09
4.6969696970e-01 1.0757575758e+00 0.0000000000e+00 4.4351751417e-09 -6.7669700524e-09
5.0000000000e-01 1.0757575758e+00 0.0000000000e+00 4.3885975077e-09 -6.7701208003e-09
5.3030303030e-01 1.0757575758e+00 0.0000000000e+00 4.3406807981e-09 -6.7750404966e-09
5.6060606061e-01 1.0757575758e+00 0.0000000000e+00 4.2916164447e-09 -6.7819205729e-09
5.9090909091e-01 1.0757575758e+00 0.0000000000e+00 4.2415878762e-09 -6.7909444580e-09
6.2121212121e-01 1.0757575758e+00 0.0000000000e+00 4.1907695402e-09 -6.8022865994e-09
6.5151515152e-01 1.0757575758e+00 0.0000000000e+00 4.1393261711e-09 -6.8161117317e-09
6.8181818182e-01 1.0757575758e+00 0.0000000000e+00 4.0874122840e-09 -6.8325743697e-09
7.1212121212e-01 1.0757575758e+00 0.0000000000e+00 4.0351718722e-09 -6.8518185070e-09
7.4242424242e-01 1.0757575758e+00 0.0000000000e+00 3.9827382861e-09 -6.8739774939e-09
7.7272727273e-01 1.0757575758e+00 0.0000000000e+00 3.9302342661e-09 -6.8991740708e-09
8.0303030303e-01 1.0757575758e+00 0.0000000000e+00 3.8777721078e-09 -6.9275205331e-09
8.3333333333e-01 1.0757575758e+00 0.0000000000e+00 3.8254539343e-09 -6.9591190042e-09
8.6363636364e-01 1.0757575758e+00 0.0000000000e+00 3.7733720557e-09 -6.9940617940e-09
8.9393939394e-01 1.0757575758e+00 0.0000000000e+00 3.7216093945e-09 -7.0324318251e-09
9.2424242424e-01 1.0757575758e+00 0.0000000000e+00 3.6702399601e-09 -7.0743031070e-09
9.5454545455e-01 1.0757575758e+00 0.0000000000e+00 3.6193293567e-09 -7.1197412436e-09
9.8484848485e-01 1.0757575758e+00 0.0000000000e+00 3.5689353108e-09 -7.1688039616e-09
1.0151515152e+00 1.0757575758e+00 0.0000000000e+00 3.5191082078e-09 -7.2215416464e-09
1.0454545455e+00 1.0757575758e+00 0.0000000000e+00 3.4698916275e-09 -7.2779978778e-09
1.0757575758e+00 1.0757575758e+00 0.0000000000e+00 3.4213228717e-09 -7.3382099576e-09
1.1060606061e+00 1.0757575758e+00 0.0000000000e+00 3.3734334773e-09 -7.4022094226e-09
1.1363636364e+00 1.0757575758e+00 0.0000000000e+00 3.3262497102e-09 -7.4700225388e-09
1.1666666667e+00 1.0757575758e+00 0.0000000000e+00 3.2797930376e-09 -7.5416707733e-09
1.1969696970e+00 1.0757575758e+00 0.0000000000e+00 3.2340805748e-09 -7.6171712416e-09
1.2272727273e+00 1.0757575758e+00 0.0000000000e+00 3.1891255069e-09 -7.6965371286e-09
1.2575757576e+00 1.0757575758e+00 0.0000000000e+00 3.1449374825e-09 -7.7797780831e-09
1.2878787879e+00 1.0757575758e+00 0.0000000000e+00 3.1015229813e-09 -7.8669005845e-09
1.3181818182e+00 1.0757575758e+00 0.0000000000e+00 3.0588856538e-09 -7.9579082835e-09
1.3484848485e+00 1.0757575758e+00 0.0000000000e+00 3.0170266358e-09 -8.0528023159e-09
1.3787878788e+00 1.0757575758e+00 0.0000000000e+00 2.9759448367e-09 -8.1515815911e-09
1.4090909091e+00 1.0757575758e+00 0.0000000000e+00 2.9356372047e-09 -8.2542430572e-09
1.4393939394e+00 1.0757575758e+00 0.0000000000e+00 2.8960989673e-09 -8.3607819419e-09
1.4696969697e+00 1.0757575758e+00 0.0000000000e+00 2.8573238522e-09 -8.4711919727e-09
1.5000000000e+00 1.0757575758e+00 0.0000000000e+00 2.8193042861e-09 -8.5854655764e-09
-1.5000000000e+00 1.1060606061e+00 0.0000000000e+00 2.7923353902e-09 -8.6703855399e-09
-1.4696969697e+00 1.1060606061e+00 0.0000000000e+00 2.8292619429e-09 -8.5550189228e-09
-1.4393939394e+00 1.1060606061e+00 0.0000000000e+00 2.8668928926e-09 -8.4434647267e-09
-1.4090909091e+00 1.1060606061e+00 0.0000000000e+00 2.9052334824e-09 -8.3357281944e-09
-1.3787878788e+00 1.1060606061e+00 0.0000000000e+00 2.9442875967e-09 -8.2318132105e-09
-1.3484848485e+00 1.1060606061e+00 0.0000000000e+00 2.9840575706e-09 -8.1317221101e-09
-1.3181818182e+00 1.1060606061e+00 0.0000000000e+00 3.0245439800e-09 -8.0354554692e-09
-1.2878787879e+00 1.1060606061e+00 0.0000000000e+00 3.0657454135e-09 -7.9430118761e-09
-1.2575757576e+00 1.1060606061e+00 0.0000000000e+00 3.1076582232e-09 -7.8543876832e-09
-1.2272727273e+00 1.1060606061e+00 0.0000000000e+00 3.1502762549e-09 -7.7695767361e-09
-1.1969696970e+00 1.1060606061e+00 0.0000000000e+00 3.1935905565e-09 -7.6885700828e-09
-1.1666666667e+00 1.1060606061e+00 0.0000000000e+00 3.2375890638e-09 -7.6113556590e-09
-1.1363636364e+00 1.1060606061e+00 0.0000000000e+00 3.2822562640e-09 -7.5379179520e-09
-1.1060606061e+00 1.1060606061e+00 0.0000000000e+00 3.3275728367e-09 -7.4682376415e-09
-1.0757575758e+00 1.1060606061e+00 0.0000000000e+00 3.3735152737e-09 -7.4022912190e-09
-1.0454545455e+00 1.1060606061e+00 0.0000000000e+00 3.4200554771e-09 -7.3400505868e-09
-1.0151515152e+00 1.1060606061e+00 0.0000000000e+00 3.4671603398e-09 -7.2814826379e-09
-9.8484848485e-01 1.1060606061e+00 0.0000000000e+00 3.5147913096e-09 -7.2265488199e-09
-9.5454545455e-01 1.1060606061e+00 0.0000000000e+00 3.5629039406e-09 -7.1752046869e-09
-9.2424242424e-01 1.1060606061e+00 0.0000000000e+00 3.6114474368e-09 -7.1273994431e-09
-8.9393939394e-01 1.1060606061e+00 0.0000000000e+00 3.6603641945e-09 -7.0830754846e-09
-8.6363636364e-01 1.1060606061e+00 0.0000000000e+00 3.7095893494e-09 -7.0421679472e-09
-8.3333333333e-01 1.1060606061e+00 0.0000000000e+00 3.7590503385e-09 -7.0046042678e-09
-8.0303030303e-01 1.1060606061e+00 0.0000000000e+00 3.8086664864e-09 -6.9703037711e-09
-7.7272727273e-01 1.1060606061e+00 0.0000000000e+00 3.8583486288e-09 -6.9391772928e-09
-7.4242424242e-01 1.1060606061e+00 0.0000000000e+00 3.9079987869e-09 -6.9111268541e-09
-7.1212121212e-01 1.1060606061e+00 0.0000000000e+00 3.9575099080e-09 -6.8860454022e-09
-6.8181818182e-01 1.1060606061e+00 0.0000000000e+00 4.0067656900e-09 -6.8638166351e-09
-6.5151515152e-01 1.1060606061e+00 0.0000000000e+00 4.0556405084e-09 -6.8443149284e-09
-6.2121212121e-01 1.1060606061e+00 0.0000000000e+00 4.1039994651e-09 -6.8274053838e-09
-5.9090909091e-01 1.1060606061e+00 0.0000000000e+00 4.1516985796e-09 -6.8129440208e-09
-5.6060606061e-01 1.1060606061e+00 0.0000000000e+00 4.1985851419e-09 -6.8007781295e-09
-5.3030303030e-01 1.1060606061e+00 0.0000000000e+00 4.2444982477e-09 -6.7907468056e-09
-5.0000000000e-01 1.1060606061e+00 0.0000000000e+00 4.2892695314e-09 -6.7826816835e-09
-4.6969696970e-01 1.1060606061e+00 0.0000000000e+00 4.3327241124e-09 -6.7764078825e-09
-4.3939393939e-01 1.1060606061e+00 0.0000000000e+00 4.3746817641e-09 -6.7717451762e-09
-4.0909090909e-01 1.1060606061e+00 0.0000000000e+00 4.4149583102e-09 -6.7685093880e-09
-3.7878787879e-01 1.1060606061e+00 0.0000000000e+00 4.4533672458e-09 -6.7665140133e-09
-3.4848484848e-01 1.1060606061e+00 0.0000000000e+00 4.4897215737e-09 -6.7655720547e-09
-3.1818181818e-01 1.1060606061e+00 0.0000000000e+00 4.5238358358e-09 -6.7654980542e-09
-2.8787878788e-01 1.1060606061e+00 0.0000000000e+00 4.5555283120e-09 -6.7661102916e-09
-2.5757575758e-01 1.1060606061e+00 0.0000000000e+00 4.5846233475e-09 -6.7672331123e-09
-2.2727272727e-01 1.1060606061e+00 0.0000000000e+00 4.6109537626e-09 -6.7686993364e-09
-1.9696969697e-01 1.1060606061e+00 0.0000000000e+00 4.6343632871e-09 -6.7703526937e-09
-1.6666666667e-01 1.1060606061e+00 0.0000000000e+00 4.6547089596e-09 -6.7720502231e-09
-1.3636363636e-01 1.1060606061e+00 0.0000000000e+00 4.6718634238e-09 -6.7736645679e-09
-1.0606060606e-01 1.1060606061e+00 0.0000000000e+00 4.6857170531e-09 -6.7750861017e-09
-7.5757575758e-02 1.1060606061e+00 0.0000000000e+00 4.6961798387e-09 -6.7762248156e-09
-4.5454545455e-02 1.1060606061e+00 0.0000000000e+00 4.7031829778e-09 -6.7770119070e-09
-1.5151515152e-02 1.1060606061e+00 0.0000000000e+00 4.7066801092e-09 -6.7774010145e-09
1.5151515152e-02 1.1060606061e+00 0.0000000000e+00 4.7066481528e-09 -6.7773690581e-09
4.5454545455e-02 1.1060606061e+00 0.0000000000e+00 4.7030877246e-09 -6.7769166538e-09
7.5757575758e-02 1.1060606061e+00 0.0000000000e+00 4.6960231121e-09 -6.7760680890e-09
1.0606060606e-01 1.1060606061e+00 0.0000000000e+00 4.6855018126e-09 -6.7748708612e-09
1.3636363636e-01 1.1060606061e+00 0.0000000000e+00 4.6715936508e-09 -6.7733947949e-09
1.6666666667e-01 1.1060606061e+00 0.0000000000e+00 4.6543895081e-09 -6.7717307716e-09
1.9696969697e-01 1.1060606061e+00 0.0000000000e+00 4.6339997084e-09 -6.7699891150e-09
2.2727272727e-01 1.1060606061e+00 0.0000000000e+00 4.6105521140e-09 -6.7682976878e-09
2.5757575758e-01 1.1060606061e+00 0.0000000000e+00 4.5841899959e-09 -6.7667997606e-09
2.8787878788e-01 1.1060606061e+00 0.0000000000e+00 4.5550697415e-09 -6.7656517211e-09
3.1818181818e-01 1.1060606061e+00 0.0000000000e+00 4.5233584695e-09 -6.7650206879e-09
3.4848484848e-01 1.1060606061e+00 0.0000000000e+00 4.4892316148e-09 -6.7650820957e-09
3.7878787879e-01 1.1060606061e+00 0.0000000000e+00 4.4528705442e-09 -6.7660173116e-09
4.0909090909e-01 1.1060606061e+00 0.0000000000e+00 4.4144602567e-09 -6.7680113345e-09
4.3939393939e-01 1.1060606061e+00 0.0000000000e+00 4.3741872137e-09 -6.7712506257e-09
4.6969696970e-01 1.1060606061e+00 0.0000000000e+00 4.3322373349e-09 -6.7759211050e-09
5.0000000000e-01 1.1060606061e+00 0.0000000000e+00 4.2887941882e-09 -6.7822063403e-09
5.3030303030e-01 1.1060606061e+00 0.0000000000e+00 4.2440373908e-09 -6.7902859487e-09
5.6060606061e-01 1.1060606061e+00 0.0000000000e+00 4.1981412317e-09 -6.8003342194e-09
5.9090909091e-01 1.1060606061e+00 0.0000000000e+00 4.1512735175e-09 -6.8125189587e-09
6.2121212121e-01 1.1060606061e+00 0.0000000000e+00 4.1035946369e-09 -6.8270005556e-09
6.5151515152e-01 1.1060606061e+00 0.0000000000e+00 4.0552568349e-09 -6.8439312549e-09
6.8181818182e-01 1.1060606061e+00 0.0000000000e+00 4.0064036820e-09 -6.8634546272e-09
7.1212121212e-01 1.1060606061e+00 0.0000000000e+00 3.9571697219e-09 -6.8857052162e-09
7.4242424242e-01 1.1060606061e+00 0.0000000000e+00 3.9076802799e-09 -6.9108083472e-09
7.7272727273e-01 1.1060606061e+00 0.0000000000e+00 3.8580514112e-09 -6.9388800753e-09
8.0303030303e-01 1.1060606061e+00 0.0000000000e+00 3.8083899704e-09 -6.9700272552e-09
8.3333333333e-01 1.1060606061e+00 0.0000000000e+00 3.7587937824e-09 -7.0043477117e-09
8.6363636364e-01 1.1060606061e+00 0.0000000000e+00 3.7093518966e-09 -7.0419304944e-09
8.9393939394e-01 1.1060606061e+00 0.0000000000e+00 3.6601449079e-09 -7.0828561980e-09
9.2424242424e-01 1.1060606061e+00 0.0000000000e+00 3.6112453280e-09 -7.1271973343e-09
9.5454545455e-01 1.1060606061e+00 0.0000000000e+00 3.5627179944e-09 -7.1750187407e-09
9.8484848485e-01 1.1060606061e+00 0.0000000000e+00 3.5146205042e-09 -7.2263780145e-09
1.0151515152e+00 1.1060606061e+00 0.0000000000e+00 3.4670036631e-09 -7.2813259612e-09
1.0454545455e+00 1.1060606061e+00 0.0000000000e+00 3.4199119395e-09 -7.3399070493e-09
1.0757575758e+00 1.1060606061e+00 0.0000000000e+00 3.3733839180e-09 -7.4021598632e-09
1.1060606061e+00 1.1060606061e+00 0.0000000000e+00 3.3274527449e-09 -7.4681175496e-09
1.1363636364e+00 1.1060606061e+00 0.0000000000e+00 3.2821465627e-09 -7.5378082507e-09
1.1666666667e+00 1.1060606061e+00 0.0000000000e+00 3.2374889272e-09 -7.6112555224e-09
1.1969696970e+00 1.1060606061e+00 0.0000000000e+00 3.1934992084e-09 -7.6884787346e-09
1.2272727273e+00 1.1060606061e+00 0.0000000000e+00 3.1501929687e-09 -7.7694934499e-09
1.2575757576e+00 1.1060606061e+00 0.0000000000e+00 3.1075823221e-09 -7.8543117821e-09
1.2878787879e+00 1.1060606061e+00 0.0000000000e+00 3.0656762691e-09 -7.9429427317e-09
1.3181818182e+00 1.1060606061e+00 0.0000000000e+00 3.0244810108e-09 -8.0353924999e-09
1.3484848485e+00 1.1060606061e+00 0.0000000000e+00 2.9840002397e-09 -8.1316647793e-09
1.3787878788e+00 1.1060606061e+00 0.0000000000e+00 2.9442354101e-09 -8.2317610240e-09
1.4090909091e+00 1.1060606061e+00 0.0000000000e+00 2.9051859861e-09 -8.3356806981e-09
1.4393939394e+00 1.1060606061e+00 0.0000000000e+00 2.8668496703e-09 -8.4434215043e-09
1.4696969697e+00 1.1060606061e+00 0.0000000000e+00 2.8292226133e-09 -8.5549795932e-09
1.5000000000e+00 1.1060606061e+00 0.0000000000e+00 2.7922996047e-09 -8.6703497544e-09
-1.5000000000e+00 1.1363636364e+00 0.0000000000e+00 2.7653750306e-09 -8.7584220636e-09
-1.4696969697e+00 1.1363636364e+00 0.0000000000e+00 2.8012284203e-09 -8.6419822835e-09
-1.4393939394e+00 1.1363636364e+00 0.0000000000e+00 2.8377372592e-09 -8.5293059766e-09
-1.4090909091e+00 1.1363636364e+00 0.0000000000e+00 2.8749046606e-09 -8.4203962559e-09
-1.3787878788e+00 1.1363636364e+00 0.0000000000e+00 2.9127323368e-09 -8.3152548340e-09
-1.3484848485e+00 1.1363636364e+00 0.0000000000e+00 2.9512204178e-09 -8.2138818406e-09
-1.3181818182e+00 1.1363636364e+00 0.0000000000e+00 2.9903672525e-09 -8.1162756249e-09
-1.2878787879e+00 1.1363636364e+00 0.0000000000e+00 3.0301691942e-09 -8.0224325401e-09
-1.2575757576e+00 1.1363636364e+00 0.0000000000e+00 3.0706203678e-09 -7.9323467111e-09
-1.2272727273e+00 1.1363636364e+00 0.0000000000e+00 3.1117124190e-09 -7.8460097835e-09
-1.1969696970e+00 1.1363636364e+00 0.0000000000e+00 3.1534342451e-09 -7.7634106547e-09
-1.1666666667e+00 1.1363636364e+00 0.0000000000e+00 3.1957717071e-09 -7.6845351856e-09
-1.1363636364e+00 1.1363636364e+00 0.0000000000e+00 3.2387073235e-09 -7.6093658948e-09
-1.1060606061e+00 1.1363636364e+00 0.0000000000e+00 3.2822199458e-09 -7.5378816338e-09
-1.0757575758e+00 1.1363636364e+00 0.0000000000e+00 3.3262844175e-09 -7.4700572461e-09
-1.0454545455e+00 1.1363636364e+00 0.0000000000e+00 3.3708712172e-09 -7.4058632102e-09
-1.0151515152e+00 1.1363636364e+00 0.0000000000e+00 3.4159460885e-09 -7.3452652699e-09
-9.8484848485e-01 1.1363636364e+00 0.0000000000e+00 3.4614696595e-09 -7.2882240530e-09
-9.5454545455e-01 1.1363636364e+00 0.0000000000e+00 3.5073970551e-09 -7.2346946847e-09
-9.2424242424e-01 1.1363636364e+00 0.0000000000e+00 3.5536775082e-09 -7.1846263977e-09
-8.9393939394e-01 1.1363636364e+00 0.0000000000e+00 3.6002539731e-09 -7.1379621464e-09
-8.6363636364e-01 1.1363636364e+00 0.0000000000e+00 3.6470627506e-09 -7.0946382317e-09
-8.3333333333e-01 1.1363636364e+00 0.0000000000e+00 3.6940331316e-09 -7.0545839442e-09
-8.0303030303e-01 1.1363636364e+00 0.0000000000e+00 3.7410870685e-09 -7.0177212365e-09
-7.7272727273e-01 1.1363636364e+00 0.0000000000e+00 3.7881388862e-09 -6.9839644335e-09
-7.4242424242e-01 1.1363636364e+00 0.0000000000e+00 3.8350950445e-09 -6.9532199950e-09
-7.1212121212e-01 1.1363636364e+00 0.0000000000e+00 3.8818539652e-09 -6.9253863428e-09
-6.8181818182e-01 1.1363636364e+00 0.0000000000e+00 3.9283059389e-09 -6.9003537674e-09
-6.5151515152e-01 1.1363636364e+00 0.0000000000e+00 3.9743331271e-09 -6.8780044304e-09
-6.2121212121e-01 1.1363636364e+00 0.0000000000e+00 4.0198096755e-09 -6.8582124775e-09
-5.9090909091e-01 1.1363636364e+00 0.0000000000e+00 4.0646019549e-09 -6.8408442794e-09
-5.6060606061e-01 1.1363636364e+00 0.0000000000e+00 4.1085689455e-09 -6.8257588164e-09
-5.3030303030e-01 1.1363636364e+00 0.0000000000e+00 4.1515627793e-09 -6.8128082205e-09
-5.0000000000e-01 1.1363636364e+00 0.0000000000e+00 4.1934294532e-09 -6.8018384885e-09
-4.6969696970e-01 1.1363636364e+00 0.0000000000e+00 4.2340097229e-09 -6.7926903763e-09
-4.3939393939e-01 1.1363636364e+00 0.0000000000e+00 4.2731401835e-09 -6.7852004788e-09
-4.0909090909e-01 1.1363636364e+00 0.0000000000e+00 4.3106545375e-09 -6.7792024986e-09
-3.7878787879e-01 1.1363636364e+00 0.0000000000e+00 4.3463850475e-09 -6.7745286982e-09
-3.4848484848e-01 1.1363636364e+00 0.0000000000e+00 4.3801641600e-09 -6.7710115243e-09
-3.1818181818e-01 1.1363636364e+00 0.0000000000e+00 4.4118262851e-09 -6.7684853867e-09
-2.8787878788e-01 1.1363636364e+00 0.0000000000e+00 4.4412097037e-09 -6.7667885666e-09
-2.5757575758e-01 1.1363636364e+00 0.0000000000e+00 4.4681585716e-09 -6.7657652196e-09
-2.2727272727e-01 1.1363636364e+00 0.0000000000e+00 4.4925249780e-09 -6.7652674351e-09
-1.9696969697e-01 1.1363636364e+00 0.0000000000e+00 4.5141710144e-09 -6.7651573044e-09
-1.6666666667e-01 1.1363636364e+00 0.0000000000e+00 4.5329708007e-09 -6.7653089475e-09
-1.3636363636e-01 1.1363636364e+00 0.0000000000e+00 4.5488124159e-09 -6.7656104433e-09
-1.0606060606e-01 1.1363636364e+00 0.0000000000e+00 4.5615996781e-09 -6.7659656100e-09
-7.5757575758e-02 1.1363636364e+00 0.0000000000e+00 4.5712537201e-09 -6.7662955804e-09
-4.5454545455e-02 1.1363636364e+00 0.0000000000e+00 4.5777143123e-09 -6.7665401248e-09
-1.5151515152e-02 1.1363636364e+00 0.0000000000e+00 4.5809408893e-09 -6.7666586779e-09
1.5151515152e-02 1.1363636364e+00 0.0000000000e+00 4.5809132476e-09 -6.7666310362e-09
4.5454545455e-02 1.1363636364e+00 0.0000000000e+00 4.5776318905e-09 -6.7664577030e-09
7.5757575758e-02 1.1363636364e+00 0.0000000000e+00 4.5711180094e-09 -6.7661598697e-09
1.0606060606e-01 1.1363636364e+00 0.0000000000e+00 4.5614131021e-09 -6.7657790340e-09
1.3636363636e-01 1.1363636364e+00 0.0000000000e+00 4.5485782424e-09 -6.7653762697e-09
1.6666666667e-01 1.1363636364e+00 0.0000000000e+00 4.5326930251e-09 -6.7650311719e-09
1.9696969697e-01 1.1363636364e+00 0.0000000000e+00 4.5138542229e-09 -6.7648405129e-09
2.2727272727e-01 1.1363636364e+00 0.0000000000e+00 4.4921741967e-09 -6.7649166538e-09
2.5757575758e-01 1.1363636364e+00 0.0000000000e+00 4.4677791105e-09 -6.7653857586e-09
2.8787878788e-01 1.1363636364e+00 0.0000000000e+00 4.4408070031e-09 -6.7663858661e-09
3.1818181818e-01 1.1363636364e+00 0.0000000000e+00 4.4114057703e-09 -6.7680648720e-09
3.4848484848e-01 1.1363636364e+00 0.0000000000e+00 4.3797311110e-09 -6.7705784753e-09
3.7878787879e-01 1.1363636364e+00 0.0000000000e+00 4.3459444864e-09 -6.7740881372e-09
4.0909090909e-01 1.1363636364e+00 0.0000000000e+00 4.3102111380e-09 -6.7787590991e-09
4.3939393939e-01 1.1363636364e+00 0.0000000000e+00 4.2726982014e-09 -6.7847584967e-09
4.6969696970e-01 1.1363636364e+00 0.0000000000e+00 4.2335729493e-09 -6.7922536027e-09
5.0000000000e-01 1.1363636364e+00 0.0000000000e+00 4.1930011880e-09 -6.8014102233e-09
5.3030303030e-01 1.1363636364e+00 0.0000000000e+00 4.1511458229e-09 -6.8123912641e-09
5.6060606061e-01 1.1363636364e+00 0.0000000000e+00 4.1081656069e-09 -6.8253554778e-09
5.9090909091e-01 1.1363636364e+00 0.0000000000e+00 4.0642140718e-09 -6.8404563963e-09
6.2121212121e-01 1.1363636364e+00 0.0000000000e+00 4.0194386451e-09 -6.8578414471e-09
6.5151515152e-01 1.1363636364e+00 0.0000000000e+00 3.9739799435e-09 -6.8776512468e-09
6.8181818182e-01 1.1363636364e+00 0.0000000000e+00 3.9279712348e-09 -6.9000190633e-09
7.1212121212e-01 1.1363636364e+00 0.0000000000e+00 3.8815380561e-09 -6.9250704337e-09
7.4242424242e-01 1.1363636364e+00 0.0000000000e+00 3.8347979729e-09 -6.9529229235e-09
7.7272727273e-01 1.1363636364e+00 0.0000000000e+00 3.7878604647e-09 -6.9836860121e-09
8.0303030303e-01 1.1363636364e+00 0.0000000000e+00 3.7408269205e-09 -7.0174610885e-09
8.3333333333e-01 1.1363636364e+00 0.0000000000e+00 3.6937907289e-09 -7.0543415415e-09
8.6363636364e-01 1.1363636364e+00 0.0000000000e+00 3.6468374474e-09 -7.0944129285e-09
8.9393939394e-01 1.1363636364e+00 0.0000000000e+00 3.6000450363e-09 -7.1377532096e-09
9.2424242424e-01 1.1363636364e+00 0.0000000000e+00 3.5534841436e-09 -7.1844330331e-09
9.5454545455e-01 1.1363636364e+00 0.0000000000e+00 3.5072184299e-09 -7.2345160595e-09
9.8484848485e-01 1.1363636364e+00 0.0000000000e+00 3.4613049212e-09 -7.2880593148e-09
1.0151515152e+00 1.1363636364e+00 0.0000000000e+00 3.4157943808e-09 -7.3451135621e-09
1.0454545455e+00 1.1363636364e+00 0.0000000000e+00 3.3707316922e-09 -7.4057236852e-09
1.0757575758e+00 1.1363636364e+00 0.0000000000e+00 3.3261562459e-09 -7.4699290745e-09
1.1060606061e+00 1.1363636364e+00 0.0000000000e+00 3.2821023248e-09 -7.5377640128e-09
1.1363636364e+00 1.1363636364e+00 0.0000000000e+00 3.2385994822e-09 -7.6092580535e-09
1.1666666667e+00 1.1363636364e+00 0.0000000000e+00 3.1956729106e-09 -7.6844363891e-09
1.1969696970e+00 1.1363636364e+00 0.0000000000e+00 3.1533437971e-09 -7.7633202067e-09
1.2272727273e+00 1.1363636364e+00 0.0000000000e+00 3.1116296633e-09 -7.8459270278e-09
1.2575757576e+00 1.1363636364e+00 0.0000000000e+00 3.0705446889e-09 -7.9322710321e-09
1.2878787879e+00 1.1363636364e+00 0.0000000000e+00 3.0301000168e-09 -8.0223633627e-09
1.3181818182e+00 1.1363636364e+00 0.0000000000e+00 2.9903040411e-09 -8.1162124135e-09
1.3484848485e+00 1.1363636364e+00 0.0000000000e+00 2.9511626753e-09 -8.2138240982e-09
1.3787878788e+00 1.1363636364e+00 0.0000000000e+00 2.9126796032e-09 -8.3152021003e-09
1.4090909091e+00 1.1363636364e+00 0.0000000000e+00 2.8748565108e-09 -8.4203481061e-09
1.4393939394e+00 1.1363636364e+00 0.0000000000e+00 2.8376933015e-09 -8.5292620189e-09
1.4696969697e+00 1.1363636364e+00 0.0000000000e+00 2.8011882943e-09 -8.6419421575e-09
1.5000000000e+00 1.1363636364e+00 0.0000000000e+00 2.7653384054e-09 -8.7583854384e-09
-1.5000000000e+00 1.1666666667e+00 0.0000000000e+00 2.7384835002e-09 -8.8496354404e-09
-1.4696969697e+00 1.1666666667e+00 0.0000000000e+00 2.7732877924e-09 -8.7321465628e-09
-1.4393939394e+00 1.1666666667e+00 0.0000000000e+00 2.8087010999e-09 -8.6183747244e-09
-1.4090909091e+00 1.1666666667e+00 0.0000000000e+00 2.8447246271e-09 -8.5083211296e-09
-1.3787878788e+00 1.1666666667e+00 0.0000000000e+00 2.8813581517e-09 -8.4019855560e-09
-1.3484848485e+00 1.1666666667e+00 0.0000000000e+00 2.9185998528e-09 -8.2993661828e-09
-1.3181818182e+00 1.1666666667e+00 0.0000000000e+00 2.9564461240e-09 -8.2004594036e-09
-1.2878787879e+00 1.1666666667e+00 0.0000000000e+00 2.9948913726e-09 -8.1052596257e-09
-1.2575757576e+00 1.1666666667e+00 0.0000000000e+00 3.0339278033e-09 -8.0137590538e-09
-1.2272727273e+00 1.1666666667e+00 0.0000000000e+00 3.0735451862e-09 -7.9259474579e-09
-1.1969696970e+00 1.1666666667e+00 0.0000000000e+00 3.1137306099e-09 -7.8418119266e-09
-1.1666666667e+00 1.1666666667e+00 0.0000000000e+00 3.1544682186e-09 -7.7613366043e-09
-1.1363636364e+00 1.1666666667e+00 0.0000000000e+00 3.1957389354e-09 -7.6845024139e-09
-1.1060606061e+00 1.1666666667e+00 0.0000000000e+00 3.2375201699e-09 -7.6112867651e-09
-1.0757575758e+00 1.1666666667e+00 0.0000000000e+00 3.2797855145e-09 -7.5416632503e-09
-1.0454545455e+00 1.1666666667e+00 0.0000000000e+00 3.3225044286e-09 -7.4756013288e-09
-1.0151515152e+00 1.1666666667e+00 0.0000000000e+00 3.3656419139e-09 -7.4130660025e-09
-9.8484848485e-01 1.1666666667e+00 0.0000000000e+00 3.4091581848e-09 -7.3540174855e-09
-9.5454545455e-01 1.1666666667e+00 0.0000000000e+00 3.4530083349e-09 -7.2984108717e-09
-9.2424242424e-01 1.1666666667e+00 0.0000000000e+00 3.4971420078e-09 -7.2461958045e-09
-8.9393939394e-01 1.1666666667e+00 0.0000000000e+00 3.5415030739e-09 -7.1973161544e-09
-8.6363636364e-01 1.1666666667e+00 0.0000000000e+00 3.5860293227e-09 -7.1517097109e-09
-8.3333333333e-01 1.1666666667e+00 0.0000000000e+00 3.6306521765e-09 -7.1093078963e-09
-8.0303030303e-01 1.1666666667e+00 0.0000000000e+00 3.6752964339e-09 -7.0700355091e-09
-7.7272727273e-01 1.1666666667e+00 0.0000000000e+00 3.7198800542e-09 -7.0338105087e-09
-7.4242424242e-01 1.1666666667e+00 0.0000000000e+00 3.7643139916e-09 -7.0005438493e-09
-7.1212121212e-01 1.1666666667e+00 0.0000000000e+00 3.8085020922e-09 -6.9701393770e-09
-6.8181818182e-01 1.1666666667e+00 0.0000000000e+00 3.8523410654e-09 -6.9424938011e-09
-6.5151515152e-01 1.1666666667e+00 0.0000000000e+00 3.8957205430e-09 -6.9174967535e-09
-6.2121212121e-01 1.1666666667e+00 0.0000000000e+00 3.9385232392e-09 -6.8950309483e-09
-5.9090909091e-01 1.1666666667e+00 0.0000000000e+00 3.9806252241e-09 -6.8749724558e-09
-5.6060606061e-01 1.1666666667e+00 0.0000000000e+00 4.0218963238e-09 -6.8571911019e-09
-5.3030303030e-01 1.1666666667e+00 0.0000000000e+00 4.0622006574e-09 -6.8415510057e-09
-5.0000000000e-01 1.1666666667e+00 0.0000000000e+00 4.1013973204e-09 -6.8279112629e-09
-4.6969696970e-01 1.1666666667e+00 0.0000000000e+00 4.1393412219e-09 -6.8161267825e-09
-4.3939393939e-01 1.1666666667e+00 0.0000000000e+00 4.1758840771e-09 -6.8060492795e-09
-4.0909090909e-01 1.1666666667e+00 0.0000000000e+00 4.2108755555e-09 -6.7975284237e-09
-3.7878787879e-01 1.1666666667e+00 0.0000000000e+00 4.2441645792e-09 -6.7904131371e-09
-3.4848484848e-01 1.1666666667e+00 0.0000000000e+00 4.2756007596e-09 -6.7845530311e-09
-3.1818181818e-01 1.1666666667e+00 0.0000000000e+00 4.3050359554e-09 -6.7797999642e-09
-2.8787878788e-01 1.1666666667e+00 0.0000000000e+00 4.3323259302e-09 -6.7760097003e-09
-2.5757575758e-01 1.1666666667e+00 0.0000000000e+00 4.3573320805e-09 -6.7730436358e-09
-2.2727272727e-01 1.1666666667e+00 0.0000000000e+00 4.3799232001e-09 -6.7707705644e-09
-1.9696969697e-01 1.1666666667e+00 0.0000000000e+00 4.3999772417e-09 -6.7690684389e-09
-1.6666666667e-01 1.1666666667e+00 0.0000000000e+00 4.4173830355e-09 -6.7678260894e-09
-1.3636363636e-01 1.1666666667e+00 0.0000000000e+00 4.4320419179e-09 -6.7669448525e-09
-1.0606060606e-01 1.1666666667e+00 0.0000000000e+00 4.4438692291e-09 -6.7663400682e-09
-7.5757575758e-02 1.1666666667e+00 0.0000000000e+00 4.4527956338e-09 -6.7659424012e-09
-4.5454545455e-02 1.1666666667e+00 0.0000000000e+00 4.4587682274e-09 -6.7656989471e-09
-1.5151515152e-02 1.1666666667e+00 0.0000000000e+00 4.4617513941e-09 -6.7655740899e-09
1.5151515152e-02 1.1666666667e+00 0.0000000000e+00 4.4617273887e-09 -6.7655500845e-09
4.5454545455e-02 1.1666666667e+00 0.0000000000e+00 4.4586966247e-09 -6.7656273444e-09
7.5757575758e-02 1.1666666667e+00 0.0000000000e+00 4.4526776600e-09 -6.7658244274e-09
1.0606060606e-01 1.1666666667e+00 0.0000000000e+00 4.4437068798e-09 -6.7661777188e-09
1.3636363636e-01 1.1666666667e+00 0.0000000000e+00 4.4318378887e-09 -6.7667408233e-09
1.6666666667e-01 1.1666666667e+00 0.0000000000e+00 4.4171406316e-09 -6.7675836855e-09
1.9696969697e-01 1.1666666667e+00 0.0000000000e+00 4.3997002695e-09 -6.7687914666e-09
2.2727272727e-01 1.1666666667e+00 0.0000000000e+00 4.3796158479e-09 -6.7704632121e-09
2.5757575758e-01 1.1666666667e+00 0.0000000000e+00 4.3569987943e-09 -6.7727103496e-09
2.8787878788e-01 1.1666666667e+00 0.0000000000e+00 4.3319712899e-09 -6.7756550599e-09
3.1818181818e-01 1.1666666667e+00 0.0000000000e+00 4.3046645566e-09 -6.7794285654e-09
3.4848484848e-01 1.1666666667e+00 0.0000000000e+00 4.2752171062e-09 -6.7841693776e-09
3.7878787879e-01 1.1666666667e+00 0.0000000000e+00 4.2437729891e-09 -6.7900215470e-09
4.0909090909e-01 1.1666666667e+00 0.0000000000e+00 4.2104800825e-09 -6.7971329507e-09
4.3939393939e-01 1.1666666667e+00 0.0000000000e+00 4.1754884500e-09 -6.8056536524e-09
4.6969696970e-01 1.1666666667e+00 0.0000000000e+00 4.1389488004e-09 -6.8157343610e-09
5.0000000000e-01 1.1666666667e+00 0.0000000000e+00 4.1010110677e-09 -6.8275250102e-09
5.3030303030e-01 1.1666666667e+00 0.0000000000e+00 4.0618231277e-09 -6.8411734760e-09
5.6060606061e-01 1.1666666667e+00 0.0000000000e+00 4.0215296635e-09 -6.8568244416e-09
5.9090909091e-01 1.1666666667e+00 0.0000000000e+00 3.9802711833e-09 -6.8746184150e-09
6.2121212121e-01 1.1666666667e+00 0.0000000000e+00 3.9381831925e-09 -6.8946909017e-09
6.5151515152e-01 1.1666666667e+00 0.0000000000e+00 3.8953955170e-09 -6.9171717274e-09
6.8181818182e-01 1.1666666667e+00 0.0000000000e+00 3.8520317699e-09 -6.9421845055e-09
7.1212121212e-01 1.1666666667e+00 0.0000000000e+00 3.8082089549e-09 -6.9698462397e-09
7.4242424242e-01 1.1666666667e+00 0.0000000000e+00 3.7640371936e-09 -7.0002670513e-09
7.7272727273e-01 1.1666666667e+00 0.0000000000e+00 3.7196195647e-09 -7.0335500192e-09
8.0303030303e-01 1.1666666667e+00 0.0000000000e+00 3.6750520444e-09 -7.0697911197e-09
8.3333333333e-01 1.1666666667e+00 0.0000000000e+00 3.6304235325e-09 -7.1090792523e-09
8.6363636364e-01 1.1666666667e+00 0.0000000000e+00 3.5858159529e-09 -7.1514963411e-09
8.9393939394e-01 1.1666666667e+00 0.0000000000e+00 3.5413044164e-09 -7.1971174970e-09
9.2424242424e-01 1.1666666667e+00 0.0000000000e+00 3.4969574340e-09 -7.2460112307e-09
9.5454545455e-01 1.1666666667e+00 0.0000000000e+00 3.4528371694e-09 -7.2982397061e-09
9.8484848485e-01 1.1666666667e+00 0.0000000000e+00 3.4089997229e-09 -7.3538590236e-09
1.0151515152e+00 1.1666666667e+00 0.0000000000e+00 3.3654954366e-09 -7.4129195252e-09
1.0454545455e+00 1.1666666667e+00 0.0000000000e+00 3.3223692145e-09 -7.4754661147e-09
1.0757575758e+00 1.1666666667e+00 0.0000000000e+00 3.2796608500e-09 -7.5415385858e-09
1.1060606061e+00 1.1666666667e+00 0.0000000000e+00 3.2374053567e-09 -7.6111719519e-09
1.1363636364e+00 1.1666666667e+00 0.0000000000e+00 3.1956332968e-09 -7.6843967753e-09
1.1666666667e+00 1.1666666667e+00 0.0000000000e+00 3.1543711041e-09 -7.7612394897e-09
1.1969696970e+00 1.1666666667e+00 0.0000000000e+00 3.1136413980e-09 -7.8417227147e-09
1.2272727273e+00 1.1666666667e+00 0.0000000000e+00 3.0734632873e-09 -7.9258655589e-09
1.2575757576e+00 1.1666666667e+00 0.0000000000e+00 3.0338526601e-09 -8.0136839106e-09
1.2878787879e+00 1.1666666667e+00 0.0000000000e+00 2.9948224613e-09 -8.1051907144e-09
1.3181818182e+00 1.1666666667e+00 0.0000000000e+00 2.9563829538e-09 -8.2003962334e-09
1.3484848485e+00 1.1666666667e+00 0.0000000000e+00 2.9185419656e-09 -8.2993082956e-09
1.3787878788e+00 1.1666666667e+00 0.0000000000e+00 2.8813051210e-09 -8.4019325254e-09
1.4090909091e+00 1.1666666667e+00 0.0000000000e+00 2.8446760570e-09 -8.5082725595e-09
1.4393939394e+00 1.1666666667e+00 0.0000000000e+00 2.8086566237e-09 -8.6183302482e-09
1.4696969697e+00 1.1666666667e+00 0.0000000000e+00 2.7732470710e-09 -8.7321058414e-09
1.5000000000e+00 1.1666666667e+00 0.0000000000e+00 2.7384462208e-09 -8.8495981610e-09
-1.5000000000e+00 1.1969696970e+00 0.0000000000e+00 2.7116845041e-09 -8.9440493753e-09
-1.4696969697e+00 1.1969696970e+00 0.0000000000e+00 2.7454642642e-09 -8.8255359656e-09
-1.4393939394e+00 1.1969696970e+00 0.0000000000e+00 2.7798090550e-09 -8.7106956105e-09
-1.4090909091e+00 1.1969696970e+00 0.0000000000e+00 2.8147183782e-09 -8.5995278117e-09
-1.3787878788e+00 1.1969696970e+00 0.0000000000e+00 2.8501902972e-09 -8.4920306326e-09
-1.3484848485e+00 1.1969696970e+00 0.0000000000e+00 2.8862212750e-09 -8.3882005361e-09
-1.3181818182e+00 1.1969696970e+00 0.0000000000e+00 2.9228059993e-09 -8.2880322100e-09
-1.2878787879e+00 1.1969696970e+00 0.0000000000e+00 2.9599371957e-09 -8.1915183798e-09
-1.2575757576e+00 1.1969696970e+00 0.0000000000e+00 2.9976054272e-09 -8.0986496087e-09
-1.2272727273e+00 1.1969696970e+00 0.0000000000e+00 3.0357988816e-09 -8.0094140843e-09
-1.1969696970e+00 1.1969696970e+00 0.0000000000e+00 3.0745031451e-09 -7.9237973928e-09
-1.1666666667e+00 1.1969696970e+00 0.0000000000e+00 3.1137009644e-09 -7.8417822811e-09
-1.1363636364e+00 1.1969696970e+00 0.0000000000e+00 3.1533719967e-09 -7.7633484062e-09
-1.1060606061e+00 1.1969696970e+00 0.0000000000e+00 3.1934925486e-09 -7.6884720748e-09
-1.0757575758e+00 1.1969696970e+00 0.0000000000e+00 3.2340353063e-09 -7.6171259731e-09
-1.0454545455e+00 1.1969696970e+00 0.0000000000e+00 3.2749690578e-09 -7.5492788891e-09
-1.0151515152e+00 1.1969696970e+00 0.0000000000e+00 3.3162584098e-09 -7.4848954294e-09
-9.8484848485e-01 1.1969696970e+00 0.0000000000e+00 3.3578635033e-09 -7.4239357350e-09
-9.5454545455e-01 1.1969696970e+00 0.0000000000e+00 3.3997397291e-09 -7.3663551970e-09
-9.2424242424e-01 1.1969696970e+00 0.0000000000e+00 3.4418374511e-09 -7.3121041789e-09
-8.9393939394e-01 1.1969696970e+00 0.0000000000e+00 3.4841017384e-09 -7.2611277500e-09
-8.6363636364e-01 1.1969696970e+00 0.0000000000e+00 3.5264721157e-09 -7.2133654350e-09
-8.3333333333e-01 1.1969696970e+00 0.0000000000e+00 3.5688823366e-09 -7.1687509874e-09
-8.0303030303e-01 1.1969696970e+00 0.0000000000e+00 3.6112601883e-09 -7.1272121946e-09
-7.7272727273e-01 1.1969696970e+00 0.0000000000e+00 3.6535273363e-09 -7.0886707219e-09
-7.4242424242e-01 1.1969696970e+00 0.0000000000e+00 3.6955992174e-09 -7.0530420062e-09
-7.1212121212e-01 1.1969696970e+00 0.0000000000e+00 3.7373849926e-09 -7.0202352084e-09
-6.8181818182e-01 1.1969696970e+00 0.0000000000e+00 3.7787875680e-09 -6.9901532347e-09
-6.5151515152e-01 1.1969696970e+00 0.0000000000e+00 3.8197036970e-09 -6.9626928385e-09
-6.2121212121e-01 1.1969696970e+00 0.0000000000e+00 3.8600241725e-09 -6.9377448126e-09
-5.9090909091e-01 1.1969696970e+00 0.0000000000e+00 3.8996341197e-09 -6.9151942824e-09
-5.6060606061e-01 1.1969696970e+00 0.0000000000e+00 3.9384134008e-09 -6.8949211099e-09
-5.3030303030e-01 1.1969696970e+00 0.0000000000e+00 3.9762371371e-09 -6.8768004165e-09
-5.0000000000e-01 1.1969696970e+00 0.0000000000e+00 4.0129763576e-09 -6.8607032312e-09
-4.6969696970e-01 1.1969696970e+00 0.0000000000e+00 4.0484987766e-09 -6.8464972683e-09
-4.3939393939e-01 1.1969696970e+00 0.0000000000e+00 4.0826697021e-09 -6.8340478356e-09
-4.0909090909e-01 1.1969696970e+00 0.0000000000e+00 4.1153530723e-09 -6.8232188716e-09
-3.7878787879e-01 1.1969696970e+00 0.0000000000e+00 4.1464126148e-09 -6.8138741038e-09
-3.4848484848e-01 1.1969696970e+00 0.0000000000e+00 4.1757131167e-09 -6.8058783192e-09
-3.1818181818e-01 1.1969696970e+00 0.0000000000e+00 4.2031217904e-09 -6.7990987303e-09
-2.8787878788e-01 1.1969696970e+00 0.0000000000e+00 4.2285097158e-09 -6.7934064170e-09
-2.5757575758e-01 1.1969696970e+00 0.0000000000e+00 4.2517533334e-09 -6.7886778197e-09
-2.2727272727e-01 1.1969696970e+00 0.0000000000e+00 4.2727359597e-09 -6.7847962550e-09
-1.9696969697e-01 1.1969696970e+00 0.0000000000e+00 4.2913492928e-09 -6.7816534210e-09
-1.6666666667e-01 1.1969696970e+00 0.0000000000e+00 4.3074948740e-09 -6.7791508589e-09
-1.3636363636e-01 1.1969696970e+00 0.0000000000e+00 4.3210854676e-09 -6.7772013332e-09
-1.0606060606e-01 1.1969696970e+00 0.0000000000e+00 4.3320463251e-09 -6.7757300952e-09
-7.5757575758e-02 1.1969696970e+00 0.0000000000e+00 4.3403162971e-09 -6.7746759956e-09
-4.5454545455e-02 1.1969696970e+00 0.0000000000e+00 4.3458487633e-09 -6.7739924141e-09
-1.5151515152e-02 1.1969696970e+00 0.0000000000e+00 4.3486123513e-09 -6.7736479782e-09
1.5151515152e-02 1.1969696970e+00 0.0000000000e+00 4.3485914248e-09 -6.7736270516e-09
4.5454545455e-02 1.1969696970e+00 0.0000000000e+00 4.3457863253e-09 -6.7739299761e-09
7.5757575758e-02 1.1969696970e+00 0.0000000000e+00 4.3402133610e-09 -6.7745730595e-09
1.0606060606e-01 1.1969696970e+00 0.0000000000e+00 4.3319045421e-09 -6.7755883122e-09
1.3636363636e-01 1.1969696970e+00 0.0000000000e+00 4.3209070728e-09 -6.7770229384e-09
1.6666666667e-01 1.1969696970e+00 0.0000000000e+00 4.3072826142e-09 -6.7789385992e-09
1.9696969697e-01 1.1969696970e+00 0.0000000000e+00 4.2911063413e-09 -6.7814104695e-09
2.2727272727e-01 1.1969696970e+00 0.0000000000e+00 4.2724658211e-09 -6.7845261164e-09
2.5757575758e-01 1.1969696970e+00 0.0000000000e+00 4.2514597444e-09 -6.7883842307e-09
2.8787878788e-01 1.1969696970e+00 0.0000000000e+00 4.2281965447e-09 -6.7930932458e-09
3.1818181818e-01 1.1969696970e+00 0.0000000000e+00 4.2027929410e-09 -6.7987698809e-09
3.4848484848e-01 1.1969696970e+00 0.0000000000e+00 4.1753724396e-09 -6.8055376421e-09
3.7878787879e-01 1.1969696970e+00 0.0000000000e+00 4.1460638284e-09 -6.8135253173e-09
4.0909090909e-01 1.1969696970e+00 0.0000000000e+00 4.1149996957e-09 -6.8228654950e-09
4.3939393939e-01 1.1969696970e+00 0.0000000000e+00 4.0823150019e-09 -6.8336931354e-09
4.6969696970e-01 1.1969696970e+00 0.0000000000e+00 4.0481457264e-09 -6.8461442180e-09
5.0000000000e-01 1.1969696970e+00 0.0000000000e+00 4.0126276111e-09 -6.8603544846e-09
5.3030303030e-01 1.1969696970e+00 0.0000000000e+00 3.9758950133e-09 -6.8764582927e-09
5.6060606061e-01 1.1969696970e+00 0.0000000000e+00 3.9380798806e-09 -6.8945875897e-09
5.9090909091e-01 1.1969696970e+00 0.0000000000e+00 3.8993108513e-09 -6.9148710140e-09
6.2121212121e-01 1.1969696970e+00 0.0000000000e+00 3.8597124847e-09 -6.9374331249e-09
6.5151515152e-01 1.1969696970e+00 0.0000000000e+00 3.8194046190e-09 -6.9623937605e-09
6.8181818182e-01 1.1969696970e+00 0.0000000000e+00 3.7785018526e-09 -6.9898675193e-09
7.1212121212e-01 1.1969696970e+00 0.0000000000e+00 3.7371131433e-09 -7.0199633590e-09
7.4242424242e-01 1.1969696970e+00 0.0000000000e+00 3.6953415161e-09 -7.0527843049e-09
7.7272727273e-01 1.1969696970e+00 0.0000000000e+00 3.6532838719e-09 -7.0884272574e-09
8.0303030303e-01 1.1969696970e+00 0.0000000000e+00 3.6110308846e-09 -7.1269828909e-09
8.3333333333e-01 1.1969696970e+00 0.0000000000e+00 3.5686669789e-09 -7.1685356298e-09
8.6363636364e-01 1.1969696970e+00 0.0000000000e+00 3.5262703760e-09 -7.2131636953e-09
8.9393939394e-01 1.1969696970e+00 0.0000000000e+00 3.4839131980e-09 -7.2609392096e-09
9.2424242424e-01 1.1969696970e+00 0.0000000000e+00 3.4416616212e-09 -7.3119283490e-09
9.5454545455e-01 1.1969696970e+00 0.0000000000e+00 3.3995760694e-09 -7.3661915372e-09
9.8484848485e-01 1.1969696970e+00 0.0000000000e+00 3.3577114374e-09 -7.4237836691e-09
1.0151515152e+00 1.1969696970e+00 0.0000000000e+00 3.3161173393e-09 -7.4847543589e-09
1.0454545455e+00 1.1969696970e+00 0.0000000000e+00 3.2748383734e-09 -7.5491482046e-09
1.0757575758e+00 1.1969696970e+00 0.0000000000e+00 3.2339143977e-09 -7.6170050645e-09
1.1060606061e+00 1.1969696970e+00 0.0000000000e+00 3.1933808122e-09 -7.6883603384e-09
1.1363636364e+00 1.1969696970e+00 0.0000000000e+00 3.1532688417e-09 -7.7632452512e-09
1.1666666667e+00 1.1969696970e+00 0.0000000000e+00 3.1136058179e-09 -7.8416871346e-09
1.1969696970e+00 1.1969696970e+00 0.0000000000e+00 3.0744154554e-09 -7.9237097031e-09
1.2272727273e+00 1.1969696970e+00 0.0000000000e+00 3.0357181211e-09 -8.0093333238e-09
1.2575757576e+00 1.1969696970e+00 0.0000000000e+00 2.9975310942e-09 -8.0985752757e-09
1.2878787879e+00 1.1969696970e+00 0.0000000000e+00 2.9598688151e-09 -8.1914499993e-09
1.3181818182e+00 1.1969696970e+00 0.0000000000e+00 2.9227431235e-09 -8.2879693342e-09
1.3484848485e+00 1.1969696970e+00 0.0000000000e+00 2.8861634837e-09 -8.3881427447e-09
1.3787878788e+00 1.1969696970e+00 0.0000000000e+00 2.8501371968e-09 -8.4919775322e-09
1.4090909091e+00 1.1969696970e+00 0.0000000000e+00 2.8146696016e-09 -8.5994790351e-09
1.4393939394e+00 1.1969696970e+00 0.0000000000e+00 2.7797642603e-09 -8.7106508158e-09
1.4696969697e+00 1.1969696970e+00 0.0000000000e+00 2.7454231339e-09 -8.8254948353e-09
1.5000000000e+00 1.1969696970e+00 0.0000000000e+00 2.7116467439e-09 -8.9440116151e-09
-1.5000000000e+00 1.2272727273e+00 0.0000000000e+00 2.6849999698e-09 -9.0416857959e-09
-1.4696969697e+00 1.2272727273e+00 0.0000000000e+00 2.7177801293e-09 -8.9221727856e-09
-1.4393939394e+00 1.2272727273e+00 0.0000000000e+00 2.7510837130e-09 -8.8062912234e-09
-1.4090909091e+00 1.2272727273e+00 0.0000000000e+00 2.7849087114e-09 -8.6940390998e-09
-1.3787878788e+00 1.2272727273e+00 0.0000000000e+00 2.8192516772e-09 -8.5854129675e-09
-1.3484848485e+00 1.2272727273e+00 0.0000000000e+00 2.8541075730e-09 -8.4804077890e-09
-1.3181818182e+00 1.2272727273e+00 0.0000000000e+00 2.8894696089e-09 -8.3790167744e-09
-1.2878787879e+00 1.2272727273e+00 0.0000000000e+00 2.9253290689e-09 -8.2812312079e-09
-1.2575757576e+00 1.2272727273e+00 0.0000000000e+00 2.9616751269e-09 -8.1870402633e-09
-1.2272727273e+00 1.2272727273e+00 0.0000000000e+00 2.9984946514e-09 -8.0964308089e-09
-1.1969696970e+00 1.2272727273e+00 0.0000000000e+00 3.0357720002e-09 -8.0093872028e-09
-1.1666666667e+00 1.2272727273e+00 0.0000000000e+00 3.0734888051e-09 -7.9258910767e-09
-1.1363636364e+00 1.2272727273e+00 0.0000000000e+00 3.1116237477e-09 -7.8459211122e-09
-1.1060606061e+00 1.2272727273e+00 0.0000000000e+00 3.1501523272e-09 -7.7694528083e-09
-1.0757575758e+00 1.2272727273e+00 0.0000000000e+00 3.1890466214e-09 -7.6964582431e-09
-1.0454545455e+00 1.2272727273e+00 0.0000000000e+00 3.2282750442e-09 -7.6269058304e-09
-1.0151515152e+00 1.2272727273e+00 0.0000000000e+00 3.2678021001e-09 -7.5607600746e-09
-9.8484848485e-01 1.2272727273e+00 0.0000000000e+00 3.3075881399e-09 -7.4979813266e-09
-9.5454545455e-01 1.2272727273e+00 0.0000000000e+00 3.3475891202e-09 -7.4385255429e-09
-9.2424242424e-01 1.2272727273e+00 0.0000000000e+00 3.3877563720e-09 -7.3823440547e-09
-8.9393939394e-01 1.2272727273e+00 0.0000000000e+00 3.4280363819e-09 -7.3293833485e-09
-8.6363636364e-01 1.2272727273e+00 0.0000000000e+00 3.4683705916e-09 -7.2795848658e-09
-8.3333333333e-01 1.2272727273e+00 0.0000000000e+00 3.5086952220e-09 -7.2328848278e-09
-8.0303030303e-01 1.2272727273e+00 0.0000000000e+00 3.5489411294e-09 -7.1892140906e-09
-7.7272727273e-01 1.2272727273e+00 0.0000000000e+00 3.5890336994e-09 -7.1484980399e-09
-7.4242424242e-01 1.2272727273e+00 0.0000000000e+00 3.6288927877e-09 -7.1106565314e-09
-7.1212121212e-01 1.2272727273e+00 0.0000000000e+00 3.6684327167e-09 -7.0756038874e-09
-6.8181818182e-01 1.2272727273e+00 0.0000000000e+00 3.7075623350e-09 -7.0432489566e-09
-6.5151515152e-01 1.2272727273e+00 0.0000000000e+00 3.7461851496e-09 -7.0134952461e-09
-6.2121212121e-01 1.2272727273e+00 0.0000000000e+00 3.7841995402e-09 -6.9862411353e-09
-5.9090909091e-01 1.2272727273e+00 0.0000000000e+00 3.8214990612e-09 -6.9613801788e-09
-5.6060606061e-01 1.2272727273e+00 0.0000000000e+00 3.8579728418e-09 -6.9388015058e-09
-5.3030303030e-01 1.2272727273e+00 0.0000000000e+00 3.8935060883e-09 -6.9183903226e-09
-5.0000000000e-01 1.2272727273e+00 0.0000000000e+00 3.9279806933e-09 -6.9000285218e-09
-4.6969696970e-01 1.2272727273e+00 0.0000000000e+00 3.9612759548e-09 -6.8835954014e-09
-4.3939393939e-01 1.2272727273e+00 0.0000000000e+00 3.9932694046e-09 -6.8689684930e-09
-4.0909090909e-01 1.2272727273e+00 0.0000000000e+00 4.0238377420e-09 -6.8560244962e-09
-3.7878787879e-01 1.2272727273e+00 0.0000000000e+00 4.0528578680e-09 -6.8446403119e-09
-3.4848484848e-01 1.2272727273e+00 0.0000000000e+00 4.0802080086e-09 -6.8346941660e-09
-3.1818181818e-01 1.2272727273e+00 0.0000000000e+00 4.1057689125e-09 -6.8260668073e-09
-2.8787878788e-01 1.2272727273e+00 0.0000000000e+00 4.1294251082e-09 -6.8186427643e-09
-2.5757575758e-01 1.2272727273e+00 0.0000000000e+00 4.1510661966e-09 -6.8123116379e-09
-2.2727272727e-01 1.2272727273e+00 0.0000000000e+00 4.1705881560e-09 -6.8069694063e-09
-1.9696969697e-01 1.2272727273e+00 0.0000000000e+00 4.1878946325e-09 -6.8025197157e-09
-1.6666666667e-01 1.2272727273e+00 0.0000000000e+00 4.2028981868e-09 -6.7988751267e-09
-1.3636363636e-01 1.2272727273e+00 0.0000000000e+00 4.2155214677e-09 -6.7959582882e-09
-1.0606060606e-01 1.2272727273e+00 0.0000000000e+00 4.2256982829e-09 -6.7937030079e-09
-7.5757575758e-02 1.2272727273e+00 0.0000000000e+00 4.2333745397e-09 -6.7920551931e-09
-4.5454545455e-02 1.2272727273e+00 0.0000000000e+00 4.2385090284e-09 -6.7909736340e-09
-1.5151515152e-02 1.2272727273e+00 0.0000000000e+00 4.2410740287e-09 -6.7904306105e-09
1.5151515152e-02 1.2272727273e+00 0.0000000000e+00 4.2410557205e-09 -6.7904123023e-09
4.5454545455e-02 1.2272727273e+00 0.0000000000e+00 4.2384543874e-09 -6.7909189930e-09
7.5757575758e-02 1.2272727273e+00 0.0000000000e+00 4.2332844075e-09 -6.7919650609e-09
1.0606060606e-01 1.2272727273e+00 0.0000000000e+00 4.2255740327e-09 -6.7935787577e-09
1.3636363636e-01 1.2272727273e+00 0.0000000000e+00 4.2153649609e-09 -6.7958017814e-09
1.6666666667e-01 1.2272727273e+00 0.0000000000e+00 4.2027117167e-09 -6.7986886565e-09
1.9696969697e-01 1.2272727273e+00 0.0000000000e+00 4.1876808557e-09 -6.8023059388e-09
2.2727272727e-01 1.2272727273e+00 0.0000000000e+00 4.1703500168e-09 -6.8067312671e-09
2.5757575758e-01 1.2272727273e+00 0.0000000000e+00 4.1508068468e-09 -6.8120522880e-09
2.8787878788e-01 1.2272727273e+00 0.0000000000e+00 4.1291478259e-09 -6.8183654819e-09
3.1818181818e-01 1.2272727273e+00 0.0000000000e+00 4.1054770232e-09 -6.8257749180e-09
3.4848484848e-01 1.2272727273e+00 0.0000000000e+00 4.0799048120e-09 -6.8343909693e-09
3.7878787879e-01 1.2272727273e+00 0.0000000000e+00 4.0525465715e-09 -6.8443290154e-09
4.0909090909e-01 1.2272727273e+00 0.0000000000e+00 4.0235214038e-09 -6.8557081580e-09
4.3939393939e-01 1.2272727273e+00 0.0000000000e+00 3.9929508869e-09 -6.8686499754e-09
4.6969696970e-01 1.2272727273e+00 0.0000000000e+00 3.9609578876e-09 -6.8832773342e-09
5.0000000000e-01 1.2272727273e+00 0.0000000000e+00 3.9276654485e-09 -6.8997132770e-09
5.3030303030e-01 1.2272727273e+00 0.0000000000e+00 3.8931957641e-09 -6.9180799984e-09
5.6060606061e-01 1.2272727273e+00 0.0000000000e+00 3.8576692561e-09 -6.9384979201e-09
5.9090909091e-01 1.2272727273e+00 0.0000000000e+00 3.8212037529e-09 -6.9610848705e-09
6.2121212121e-01 1.2272727273e+00 0.0000000000e+00 3.7839137773e-09 -6.9859553724e-09
6.5151515152e-01 1.2272727273e+00 0.0000000000e+00 3.7459099426e-09 -7.0132200390e-09
6.8181818182e-01 1.2272727273e+00 0.0000000000e+00 3.7072984541e-09 -7.0429850757e-09
7.1212121212e-01 1.2272727273e+00 0.0000000000e+00 3.6681807127e-09 -7.0753518834e-09
7.4242424242e-01 1.2272727273e+00 0.0000000000e+00 3.6286530137e-09 -7.1104167574e-09
7.7272727273e-01 1.2272727273e+00 0.0000000000e+00 3.5888063338e-09 -7.1482706742e-09
8.0303030303e-01 1.2272727273e+00 0.0000000000e+00 3.5487261987e-09 -7.1889991599e-09
8.3333333333e-01 1.2272727273e+00 0.0000000000e+00 3.5084926233e-09 -7.2326822290e-09
8.6363636364e-01 1.2272727273e+00 0.0000000000e+00 3.4681801133e-09 -7.2793943875e-09
8.9393939394e-01 1.2272727273e+00 0.0000000000e+00 3.4278577241e-09 -7.3292046906e-09
9.2424242424e-01 1.2272727273e+00 0.0000000000e+00 3.3875891638e-09 -7.3821768465e-09
9.5454545455e-01 1.2272727273e+00 0.0000000000e+00 3.3474329361e-09 -7.4383693588e-09
9.8484848485e-01 1.2272727273e+00 0.0000000000e+00 3.3074425143e-09 -7.4978357010e-09
1.0151515152e+00 1.2272727273e+00 0.0000000000e+00 3.2676665397e-09 -7.5606245142e-09
1.0454545455e+00 1.2272727273e+00 0.0000000000e+00 3.2281490386e-09 -7.6267798247e-09
1.0757575758e+00 1.2272727273e+00 0.0000000000e+00 3.1889296522e-09 -7.6963412740e-09
1.1060606061e+00 1.2272727273e+00 0.0000000000e+00 3.1500438759e-09 -7.7693443570e-09
1.1363636364e+00 1.2272727273e+00 0.0000000000e+00 3.1115233015e-09 -7.8458206660e-09
1.1666666667e+00 1.2272727273e+00 0.0000000000e+00 3.0733958619e-09 -7.9257981336e-09
1.1969696970e+00 1.2272727273e+00 0.0000000000e+00 3.0356860727e-09 -8.0093012754e-09
1.2272727273e+00 1.2272727273e+00 0.0000000000e+00 2.9984152699e-09 -8.0963514275e-09
1.2575757576e+00 1.2272727273e+00 0.0000000000e+00 2.9616018415e-09 -8.1869669779e-09
1.2878787879e+00 1.2272727273e+00 0.0000000000e+00 2.9252614509e-09 -8.2811635899e-09
1.3181818182e+00 1.2272727273e+00 0.0000000000e+00 2.8894072517e-09 -8.3789544172e-09
1.3484848485e+00 1.2272727273e+00 0.0000000000e+00 2.8540500926e-09 -8.4803503085e-09
1.3787878788e+00 1.2272727273e+00 0.0000000000e+00 2.8191987121e-09 -8.5853600024e-09
1.4090909091e+00 1.2272727273e+00 0.0000000000e+00 2.7848599225e-09 -8.6939903110e-09
1.4393939394e+00 1.2272727273e+00 0.0000000000e+00 2.7510387831e-09 -8.8062462935e-09
1.4696969697e+00 1.2272727273e+00 0.0000000000e+00 2.7177387623e-09 -8.9221314186e-09
1.5000000000e+00 1.2272727273e+00 0.0000000000e+00 2.6849618899e-09 -9.0416477161e-09
-1.5000000000e+00 1.2575757576e+00 0.0000000000e+00 2.6584501134e-09 -9.1425649183e-09
-1.4696969697e+00 1.2575757576e+00 0.0000000000e+00 2.6902558480e-09 -9.0220774832e-09
-1.4393939394e+00 1.2575757576e+00 0.0000000000e+00 2.7225457018e-09 -8.9051821910e-09
-1.4090909091e+00 1.2575757576e+00 0.0000000000e+00 2.7553163312e-09 -8.7918756984e-09
-1.3787878788e+00 1.2575757576e+00 0.0000000000e+00 2.7885629654e-09 -8.6821532345e-09
-1.3484848485e+00 1.2575757576e+00 0.0000000000e+00 2.8222792645e-09 -8.5760084593e-09
-1.3181818182e+00 1.2575757576e+00 0.0000000000e+00 2.8564571688e-09 -8.4734333132e-09
-1.2878787879e+00 1.2575757576e+00 0.0000000000e+00 2.8910867388e-09 -8.3744178567e-09
-1.2575757576e+00 1.2575757576e+00 0.0000000000e+00 2.9261559862e-09 -8.2789501014e-09
-1.2272727273e+00 1.2575757576e+00 0.0000000000e+00 2.9616506962e-09 -8.1870158326e-09
-1.1969696970e+00 1.2575757576e+00 0.0000000000e+00 2.9975542415e-09 -8.0985984230e-09
-1.1666666667e+00 1.2575757576e+00 0.0000000000e+00 3.0338473886e-09 -8.0136786390e-09
-1.1363636364e+00 1.2575757576e+00 0.0000000000e+00 3.0705080976e-09 -7.9322344409e-09
-1.1060606061e+00 1.2575757576e+00 0.0000000000e+00 3.1075113163e-09 -7.8542407762e-09
-1.0757575758e+00 1.2575757576e+00 0.0000000000e+00 3.1448287704e-09 -7.7796693710e-09
-1.0454545455e+00 1.2575757576e+00 0.0000000000e+00 3.1824287523e-09 -7.7084885173e-09
-1.0151515152e+00 1.2575757576e+00 0.0000000000e+00 3.2202759090e-09 -7.6406628623e-09
-9.8484848485e-01 1.2575757576e+00 0.0000000000e+00 3.2583310345e-09 -7.5761532000e-09
-9.5454545455e-01 1.2575757576e+00 0.0000000000e+00 3.2965508676e-09 -7.5149162692e-09
-9.2424242424e-01 1.2575757576e+00 0.0000000000e+00 3.3348879005e-09 -7.4569045620e-09
-8.9393939394e-01 1.2575757576e+00 0.0000000000e+00 3.3732902015e-09 -7.4020661468e-09
-8.6363636364e-01 1.2575757576e+00 0.0000000000e+00 3.4117012573e-09 -7.3503445103e-09
-8.3333333333e-01 1.2575757576e+00 0.0000000000e+00 3.4500598402e-09 -7.3016784248e-09
-8.0303030303e-01 1.2575757576e+00 0.0000000000e+00 3.4882999061e-09 -7.2560018461e-09
-7.7272727273e-01 1.2575757576e+00 0.0000000000e+00 3.5263505292e-09 -7.2132438484e-09
-7.4242424242e-01 1.2575757576e+00 0.0000000000e+00 3.5641358812e-09 -7.1733286036e-09
-7.1212121212e-01 1.2575757576e+00 0.0000000000e+00 3.6015752616e-09 -7.1361754111e-09
-6.8181818182e-01 1.2575757576e+00 0.0000000000e+00 3.6385831858e-09 -7.1016987862e-09
-6.5151515152e-01 1.2575757576e+00 0.0000000000e+00 3.6750695391e-09 -7.0698086143e-09
-6.2121212121e-01 1.2575757576e+00 0.0000000000e+00 3.7109398030e-09 -7.0404103769e-09
-5.9090909091e-01 1.2575757576e+00 0.0000000000e+00 3.7460953598e-09 -7.0134054562e-09
-5.6060606061e-01 1.2575757576e+00 0.0000000000e+00 3.7804338822e-09 -6.9886915251e-09
-5.3030303030e-01 1.2575757576e+00 0.0000000000e+00 3.8138498109e-09 -6.9661630240e-09
-5.0000000000e-01 1.2575757576e+00 0.0000000000e+00 3.8462349239e-09 -6.9457117312e-09
-4.6969696970e-01 1.2575757576e+00 0.0000000000e+00 3.8774789985e-09 -6.9272274239e-09
-4.3939393939e-01 1.2575757576e+00 0.0000000000e+00 3.9074705643e-09 -6.9105986316e-09
-4.0909090909e-01 1.2575757576e+00 0.0000000000e+00 3.9360977439e-09 -6.8957134769e-09
-3.7878787879e-01 1.2575757576e+00 0.0000000000e+00 3.9632491745e-09 -6.8824605972e-09
-3.4848484848e-01 1.2575757576e+00 0.0000000000e+00 3.9888150018e-09 -6.8707301379e-09
-3.1818181818e-01 1.2575757576e+00 0.0000000000e+00 4.0126879319e-09 -6.8604148055e-09
-2.8787878788e-01 1.2575757576e+00 0.0000000000e+00 4.0347643282e-09 -6.8514109630e-09
-2.5757575758e-01 1.2575757576e+00 0.0000000000e+00 4.0549453328e-09 -6.8436197528e-09
-2.2727272727e-01 1.2575757576e+00 0.0000000000e+00 4.0731379935e-09 -6.8369482226e-09
-1.9696969697e-01 1.2575757576e+00 0.0000000000e+00 4.0892563723e-09 -6.8313104342e-09
-1.6666666667e-01 1.2575757576e+00 0.0000000000e+00 4.1032226128e-09 -6.8266285314e-09
-1.3636363636e-01 1.2575757576e+00 0.0000000000e+00 4.1149679412e-09 -6.8228337405e-09
-1.0606060606e-01 1.2575757576e+00 0.0000000000e+00 4.1244335773e-09 -6.8198672811e-09
-7.5757575758e-02 1.2575757576e+00 0.0000000000e+00 4.1315715322e-09 -6.8176811644e-09
-4.5454545455e-02 1.2575757576e+00 0.0000000000e+00 4.1363452723e-09 -6.8162388567e-09
-1.5151515152e-02 1.2575757576e+00 0.0000000000e+00 4.1387302316e-09 -6.8155157922e-09
1.5151515152e-02 1.2575757576e+00 0.0000000000e+00 4.1387141594e-09 -6.8154997200e-09
4.5454545455e-02 1.2575757576e+00 0.0000000000e+00 4.1362972923e-09 -6.8161908767e-09
7.5757575758e-02 1.2575757576e+00 0.0000000000e+00 4.1314923467e-09 -6.8176019789e-09
1.0606060606e-01 1.2575757576e+00 0.0000000000e+00 4.1243243333e-09 -6.8197580371e-09
1.3636363636e-01 1.2575757576e+00 0.0000000000e+00 4.1148301960e-09 -6.8226959953e-09
1.6666666667e-01 1.2575757576e+00 0.0000000000e+00 4.1030582891e-09 -6.8264642078e-09
1.9696969697e-01 1.2575757576e+00 0.0000000000e+00 4.0890677035e-09 -6.8311217654e-09
2.2727272727e-01 1.2575757576e+00 0.0000000000e+00 4.0729274625e-09 -6.8367376915e-09
2.5757575758e-01 1.2575757576e+00 0.0000000000e+00 4.0547156075e-09 -6.8433900275e-09
2.8787878788e-01 1.2575757576e+00 0.0000000000e+00 4.0345181951e-09 -6.8511648300e-09
3.1818181818e-01 1.2575757576e+00 0.0000000000e+00 4.0124282320e-09 -6.8601551056e-09
3.4848484848e-01 1.2575757576e+00 0.0000000000e+00 3.9885445692e-09 -6.8704597054e-09
3.7878787879e-01 1.2575757576e+00 0.0000000000e+00 3.9629707809e-09 -6.8821822036e-09
4.0909090909e-01 1.2575757576e+00 0.0000000000e+00 3.9358140501e-09 -6.8954297831e-09
4.3939393939e-01 1.2575757576e+00 0.0000000000e+00 3.9071840795e-09 -6.9103121467e-09
4.6969696970e-01 1.2575757576e+00 0.0000000000e+00 3.8771920478e-09 -6.9269404731e-09
5.0000000000e-01 1.2575757576e+00 0.0000000000e+00 3.8459496245e-09 -6.9454264318e-09
5.3030303030e-01 1.2575757576e+00 0.0000000000e+00 3.8135680561e-09 -6.9658812693e-09
5.6060606061e-01 1.2575757576e+00 0.0000000000e+00 3.7801573333e-09 -6.9884149761e-09
5.9090909091e-01 1.2575757576e+00 0.0000000000e+00 3.7458254442e-09 -7.0131355406e-09
6.2121212121e-01 1.2575757576e+00 0.0000000000e+00 3.7106777184e-09 -7.0401482923e-09
6.5151515152e-01 1.2575757576e+00 0.0000000000e+00 3.6748162626e-09 -7.0695553379e-09
6.8181818182e-01 1.2575757576e+00 0.0000000000e+00 3.6383394864e-09 -7.1014550868e-09
7.1212121212e-01 1.2575757576e+00 0.0000000000e+00 3.6013417155e-09 -7.1359418650e-09
7.4242424242e-01 1.2575757576e+00 0.0000000000e+00 3.5639128892e-09 -7.1731056117e-09
7.7272727273e-01 1.2575757576e+00 0.0000000000e+00 3.5261383349e-09 -7.2130316542e-09
8.0303030303e-01 1.2575757576e+00 0.0000000000e+00 3.4880986147e-09 -7.2558005547e-09
8.3333333333e-01 1.2575757576e+00 0.0000000000e+00 3.4498694368e-09 -7.3014880213e-09
8.6363636364e-01 1.2575757576e+00 0.0000000000e+00 3.4115216246e-09 -7.3501648775e-09
8.9393939394e-01 1.2575757576e+00 0.0000000000e+00 3.3731211369e-09 -7.4018970822e-09
9.2424242424e-01 1.2575757576e+00 0.0000000000e+00 3.3347291318e-09 -7.4567457933e-09
9.5454545455e-01 1.2575757576e+00 0.0000000000e+00 3.2964020668e-09 -7.5147674683e-09
9.8484848485e-01 1.2575757576e+00 0.0000000000e+00 3.2581918308e-09 -7.5760139963e-09
1.0151515152e+00 1.2575757576e+00 0.0000000000e+00 3.2201459003e-09 -7.6405328536e-09
1.0454545455e+00 1.2575757576e+00 0.0000000000e+00 3.1823075148e-09 -7.7083672798e-09
1.0757575758e+00 1.2575757576e+00 0.0000000000e+00 3.1447158674e-09 -7.7795564679e-09
1.1060606061e+00 1.2575757576e+00 0.0000000000e+00 3.1074063050e-09 -7.8541357649e-09
1.1363636364e+00 1.2575757576e+00 0.0000000000e+00 3.0704105354e-09 -7.9321368787e-09
1.1666666667e+00 1.2575757576e+00 0.0000000000e+00 3.0337568381e-09 -8.0135880886e-09
1.1969696970e+00 1.2575757576e+00 0.0000000000e+00 2.9974702743e-09 -8.0985144558e-09
1.2272727273e+00 1.2575757576e+00 0.0000000000e+00 2.9615728961e-09 -8.1869380325e-09
1.2575757576e+00 1.2575757576e+00 0.0000000000e+00 2.9260839515e-09 -8.2788780667e-09
1.2878787879e+00 1.2575757576e+00 0.0000000000e+00 2.8910200843e-09 -8.3743512022e-09
1.3181818182e+00 1.2575757576e+00 0.0000000000e+00 2.8563955268e-09 -8.4733716712e-09
1.3484848485e+00 1.2575757576e+00 0.0000000000e+00 2.8222222856e-09 -8.5759514804e-09
1.3787878788e+00 1.2575757576e+00 0.0000000000e+00 2.7885103190e-09 -8.6821005880e-09
1.4090909091e+00 1.2575757576e+00 0.0000000000e+00 2.7552677054e-09 -8.7918270726e-09
1.4393939394e+00 1.2575757576e+00 0.0000000000e+00 2.7225008033e-09 -8.9051372926e-09
1.4696969697e+00 1.2575757576e+00 0.0000000000e+00 2.6902144020e-09 -9.0220360371e-09
1.5000000000e+00 1.2575757576e+00 0.0000000000e+00 2.6584118624e-09 -9.1425266674e-09
-1.5000000000e+00 1.2878787879e+00 0.0000000000e+00 2.6320535089e-09 -9.2467053164e-09
-1.4696969697e+00 1.2878787879e+00 0.0000000000e+00 2.6629101280e-09 -9.1252687658e-09
-1.4393939394e+00 1.2878787879e+00 0.0000000000e+00 2.6942137818e-09 -9.0073872737e-09
-1.4090909091e+00 1.2878787879e+00 0.0000000000e+00 2.7259599560e-09 -8.8930563259e-09
-1.3787878788e+00 1.2878787879e+00 0.0000000000e+00 2.7581427281e-09 -8.7822699999e-09
-1.3484848485e+00 1.2878787879e+00 0.0000000000e+00 2.7907546364e-09 -8.6750208338e-09
-1.3181818182e+00 1.2878787879e+00 0.0000000000e+00 2.8237865399e-09 -8.5712996870e-09
-1.2878787879e+00 1.2878787879e+00 0.0000000000e+00 2.8572274724e-09 -8.4710955929e-09
-1.2575757576e+00 1.2878787879e+00 0.0000000000e+00 2.8910644872e-09 -8.3743956050e-09
-1.2272727273e+00 1.2878787879e+00 0.0000000000e+00 2.9252824964e-09 -8.2811846355e-09
-1.1969696970e+00 1.2878787879e+00 0.0000000000e+00 2.9598641032e-09 -8.1914452873e-09
-1.1666666667e+00 1.2878787879e+00 0.0000000000e+00 2.9947894279e-09 -8.1051576810e-09
-1.1363636364e+00 1.2878787879e+00 0.0000000000e+00 3.0300359305e-09 -8.0222992765e-09
-1.1060606061e+00 1.2878787879e+00 0.0000000000e+00 3.0655782287e-09 -7.9428446913e-09
-1.0757575758e+00 1.2878787879e+00 0.0000000000e+00 3.1013879144e-09 -7.8667655176e-09
-1.0454545455e+00 1.2878787879e+00 0.0000000000e+00 3.1374333710e-09 -7.7940301386e-09
-1.0151515152e+00 1.2878787879e+00 0.0000000000e+00 3.1736795916e-09 -7.7246035475e-09
-9.8484848485e-01 1.2878787879e+00 0.0000000000e+00 3.2100880032e-09 -7.6584471713e-09
-9.5454545455e-01 1.2878787879e+00 0.0000000000e+00 3.2466162985e-09 -7.5955187027e-09
-9.2424242424e-01 1.2878787879e+00 0.0000000000e+00 3.2832182793e-09 -7.5357719434e-09
-8.9393939394e-01 1.2878787879e+00 0.0000000000e+00 3.3198437149e-09 -7.4791566628e-09
-8.6363636364e-01 1.2878787879e+00 0.0000000000e+00 3.3564382207e-09 -7.4256184763e-09
-8.3333333333e-01 1.2878787879e+00 0.0000000000e+00 3.3929431615e-09 -7.3750987487e-09
-8.0303030303e-01 1.2878787879e+00 0.0000000000e+00 3.4292955838e-09 -7.3275345265e-09
-7.7272727273e-01 1.2878787879e+00 0.0000000000e+00 3.4654281844e-09 -7.2828585063e-09
-7.4242424242e-01 1.2878787879e+00 0.0000000000e+00 3.5012693190e-09 -7.2409990441e-09
-7.1212121212e-01 1.2878787879e+00 0.0000000000e+00 3.5367430586e-09 -7.2018802108e-09
-6.8181818182e-01 1.2878787879e+00 0.0000000000e+00 3.5717692989e-09 -7.1654219020e-09
-6.5151515152e-01 1.2878787879e+00 0.0000000000e+00 3.6062639277e-09 -7.1315400056e-09
-6.2121212121e-01 1.2878787879e+00 0.0000000000e+00 3.6401390572e-09 -7.1001466338e-09
-5.9090909091e-01 1.2878787879e+00 0.0000000000e+00 3.6733033259e-09 -7.0711504250e-09
-5.6060606061e-01 1.2878787879e+00 0.0000000000e+00 3.7056622725e-09 -7.0444569180e-09
-5.3030303030e-01 1.2878787879e+00 0.0000000000e+00 3.7371187877e-09 -7.0199690035e-09
-5.0000000000e-01 1.2878787879e+00 0.0000000000e+00 3.7675736428e-09 -6.9975874528e-09
-4.6969696970e-01 1.2878787879e+00 0.0000000000e+00 3.7969260972e-09 -6.9772115252e-09
-4.3939393939e-01 1.2878787879e+00 0.0000000000e+00 3.8250745816e-09 -6.9587396515e-09
-4.0909090909e-01 1.2878787879e+00 0.0000000000e+00 3.8519174542e-09 -6.9420701899e-09
-3.7878787879e-01 1.2878787879e+00 0.0000000000e+00 3.8773538219e-09 -6.9271022473e-09
-3.4848484848e-01 1.2878787879e+00 0.0000000000e+00 3.9012844202e-09 -6.9137365590e-09
-3.1818181818e-01 1.2878787879e+00 0.0000000000e+00 3.9236125378e-09 -6.9018764140e-09
-2.8787878788e-01 1.2878787879e+00 0.0000000000e+00 3.9442449756e-09 -6.8914286132e-09
-2.5757575758e-01 1.2878787879e+00 0.0000000000e+00 3.9630930219e-09 -6.8823044445e-09
-2.2727272727e-01 1.2878787879e+00 0.0000000000e+00 3.9800734269e-09 -6.8744206585e-09
-1.9696969697e-01 1.2878787879e+00 0.0000000000e+00 3.9951093587e-09 -6.8677004233e-09
-1.6666666667e-01 1.2878787879e+00 0.0000000000e+00 4.0081313196e-09 -6.8620742409e-09
-1.3636363636e-01 1.2878787879e+00 0.0000000000e+00 4.0190780026e-09 -6.8574808046e-09
-1.0606060606e-01 1.2878787879e+00 0.0000000000e+00 4.0278970691e-09 -6.8538677756e-09
-7.5757575758e-02 1.2878787879e+00 0.0000000000e+00 4.0345458278e-09 -6.8511924627e-09
-4.5454545455e-02 1.2878787879e+00 0.0000000000e+00 4.0389917999e-09 -6.8494223870e-09
-1.5151515152e-02 1.2878787879e+00 0.0000000000e+00 4.0412131534e-09 -6.8485357166e-09
1.5151515152e-02 1.2878787879e+00 0.0000000000e+00 4.0411989983e-09 -6.8485215616e-09
4.5454545455e-02 1.2878787879e+00 0.0000000000e+00 4.0389495329e-09 -6.8493801200e-09
7.5757575758e-02 1.2878787879e+00 0.0000000000e+00 4.0344760375e-09 -6.8511226724e-09
1.0606060606e-01 1.2878787879e+00 0.0000000000e+00 4.0278007177e-09 -6.8537714242e-09
1.3636363636e-01 1.2878787879e+00 0.0000000000e+00 4.0189563988e-09 -6.8573592008e-09
1.6666666667e-01 1.2878787879e+00 0.0000000000e+00 4.0079860818e-09 -6.8619290032e-09
1.9696969697e-01 1.2878787879e+00 0.0000000000e+00 3.9949423717e-09 -6.8675334363e-09
2.2727272727e-01 1.2878787879e+00 0.0000000000e+00 3.9798867924e-09 -6.8742340240e-09
2.5757575758e-01 1.2878787879e+00 0.0000000000e+00 3.9628890058e-09 -6.8821004285e-09
2.8787878788e-01 1.2878787879e+00 0.0000000000e+00 3.9440259543e-09 -6.8912095918e-09
3.1818181818e-01 1.2878787879e+00 0.0000000000e+00 3.9233809446e-09 -6.9016448208e-09
3.4848484848e-01 1.2878787879e+00 0.0000000000e+00 3.9010426949e-09 -6.9134948338e-09
3.7878787879e-01 1.2878787879e+00 0.0000000000e+00 3.8771043644e-09 -6.9268527897e-09
4.0909090909e-01 1.2878787879e+00 0.0000000000e+00 3.8516625824e-09 -6.9418153180e-09
4.3939393939e-01 1.2878787879e+00 0.0000000000e+00 3.8248164968e-09 -6.9584815667e-09
4.6969696970e-01 1.2878787879e+00 0.0000000000e+00 3.7966668550e-09 -6.9769522830e-09
5.0000000000e-01 1.2878787879e+00 0.0000000000e+00 3.7673151314e-09 -6.9973289413e-09
5.3030303030e-01 1.2878787879e+00 0.0000000000e+00 3.7368627121e-09 -7.0197129279e-09
5.6060606061e-01 1.2878787879e+00 0.0000000000e+00 3.7054101458e-09 -7.0442047913e-09
5.9090909091e-01 1.2878787879e+00 0.0000000000e+00 3.6730564651e-09 -7.0709035642e-09
6.2121212121e-01 1.2878787879e+00 0.0000000000e+00 3.6398985852e-09 -7.0999061618e-09
6.5151515152e-01 1.2878787879e+00 0.0000000000e+00 3.6060307783e-09 -7.1313068562e-09
6.8181818182e-01 1.2878787879e+00 0.0000000000e+00 3.5715442260e-09 -7.1651968291e-09
7.1212121212e-01 1.2878787879e+00 0.0000000000e+00 3.5365266476e-09 -7.2016637997e-09
7.4242424242e-01 1.2878787879e+00 0.0000000000e+00 3.5010619999e-09 -7.2407917250e-09
7.7272727273e-01 1.2878787879e+00 0.0000000000e+00 3.4652302469e-09 -7.2826605688e-09
8.0303030303e-01 1.2878787879e+00 0.0000000000e+00 3.4291071918e-09 -7.3273461344e-09
8.3333333333e-01 1.2878787879e+00 0.0000000000e+00 3.3927643685e-09 -7.3749199557e-09
8.6363636364e-01 1.2878787879e+00 0.0000000000e+00 3.3562689849e-09 -7.4254492406e-09
8.9393939394e-01 1.2878787879e+00 0.0000000000e+00 3.3196839134e-09 -7.4789968614e-09
9.2424242424e-01 1.2878787879e+00 0.0000000000e+00 3.2830677215e-09 -7.5356213857e-09
9.5454545455e-01 1.2878787879e+00 0.0000000000e+00 3.2464747386e-09 -7.5953771428e-09
9.8484848485e-01 1.2878787879e+00 0.0000000000e+00 3.2099551514e-09 -7.6583143195e-09
1.0151515152e+00 1.2878787879e+00 0.0000000000e+00 3.1735551244e-09 -7.7244790804e-09
1.0454545455e+00 1.2878787879e+00 0.0000000000e+00 3.1373169402e-09 -7.7939137079e-09
1.0757575758e+00 1.2878787879e+00 0.0000000000e+00 3.1012791549e-09 -7.8666567581e-09
1.1060606061e+00 1.2878787879e+00 0.0000000000e+00 3.0654767652e-09 -7.9427432278e-09
1.1363636364e+00 1.2878787879e+00 0.0000000000e+00 3.0299413836e-09 -8.0222047295e-09
1.1666666667e+00 1.2878787879e+00 0.0000000000e+00 2.9947014183e-09 -8.1050696714e-09
1.1969696970e+00 1.2878787879e+00 0.0000000000e+00 2.9597822561e-09 -8.1913634403e-09
1.2272727273e+00 1.2878787879e+00 0.0000000000e+00 2.9252064449e-09 -8.2811085840e-09
1.2575757576e+00 1.2878787879e+00 0.0000000000e+00 2.8909938743e-09 -8.3743249922e-09
1.2878787879e+00 1.2878787879e+00 0.0000000000e+00 2.8571619535e-09 -8.4710300740e-09
1.3181818182e+00 1.2878787879e+00 0.0000000000e+00 2.8237257838e-09 -8.5712389308e-09
1.3484848485e+00 1.2878787879e+00 0.0000000000e+00 2.7906983265e-09 -8.6749645239e-09
1.3787878788e+00 1.2878787879e+00 0.0000000000e+00 2.7580905632e-09 -8.7822178349e-09
1.4090909091e+00 1.2878787879e+00 0.0000000000e+00 2.7259116503e-09 -8.8930080201e-09
1.4393939394e+00 1.2878787879e+00 0.0000000000e+00 2.6941690653e-09 -9.0073425572e-09
1.4696969697e+00 1.2878787879e+00 0.0000000000e+00 2.6628687463e-09 -9.1252273841e-09
1.5000000000e+00 1.2878787879e+00 0.0000000000e+00 2.6320152228e-09 -9.2466670304e-09
-1.5000000000e+00 1.3181818182e+00 0.0000000000e+00 2.6058271593e-09 -9.3541239935e-09
-1.4696969697e+00 1.3181818182e+00 0.0000000000e+00 2.6357600065e-09 -9.2317636708e-09
-1.4393939394e+00 1.3181818182e+00 0.0000000000e+00 2.6661049405e-09 -9.1129234589e-09
-1.4090909091e+00 1.3181818182e+00 0.0000000000e+00 2.6968564261e-09 -8.9975978225e-09
-1.3787878788e+00 1.3181818182e+00 0.0000000000e+00 2.7280075468e-09 -8.8857798450e-09
-1.3484848485e+00 1.3181818182e+00 0.0000000000e+00 2.7595498827e-09 -8.7774611066e-09
-1.3181818182e+00 1.3181818182e+00 0.0000000000e+00 2.7914733828e-09 -8.6726315564e-09
-1.2878787879e+00 1.3181818182e+00 0.0000000000e+00 2.8237662307e-09 -8.5712793777e-09
-1.2575757576e+00 1.3181818182e+00 0.0000000000e+00 2.8564147037e-09 -8.4733908481e-09
-1.2272727273e+00 1.3181818182e+00 0.0000000000e+00 2.8894030276e-09 -8.3789501932e-09
-1.1969696970e+00 1.3181818182e+00 0.0000000000e+00 2.9227132257e-09 -8.2879394364e-09
-1.1666666667e+00 1.3181818182e+00 0.0000000000e+00 2.9563249642e-09 -8.2003382438e-09
-1.1363636364e+00 1.3181818182e+00 0.0000000000e+00 2.9902153943e-09 -8.1161237668e-09
-1.1060606061e+00 1.3181818182e+00 0.0000000000e+00 3.0243589934e-09 -8.0352704826e-09
-1.0757575758e+00 1.3181818182e+00 0.0000000000e+00 3.0587274050e-09 -7.9577500347e-09
-1.0454545455e+00 1.3181818182e+00 0.0000000000e+00 3.0932892807e-09 -7.8835310749e-09
-1.0151515152e+00 1.3181818182e+00 0.0000000000e+00 3.1280101269e-09 -7.8125791094e-09
-9.8484848485e-01 1.3181818182e+00 0.0000000000e+00 3.1628521558e-09 -7.7448563505e-09
-9.5454545455e-01 1.3181818182e+00 0.0000000000e+00 3.1977741477e-09 -7.6803215785e-09
-9.2424242424e-01 1.3181818182e+00 0.0000000000e+00 3.2327313239e-09 -7.6189300146e-09
-8.9393939394e-01 1.3181818182e+00 0.0000000000e+00 3.2676752361e-09 -7.5606332106e-09
-8.6363636364e-01 1.3181818182e+00 0.0000000000e+00 3.3025536758e-09 -7.5053789580e-09
-8.3333333333e-01 1.3181818182e+00 0.0000000000e+00 3.3373106069e-09 -7.4531112207e-09
-8.0303030303e-01 1.3181818182e+00 0.0000000000e+00 3.3718861272e-09 -7.4037700964e-09
-7.7272727273e-01 1.3181818182e+00 0.0000000000e+00 3.4062164631e-09 -7.3572918116e-09
-7.4242424242e-01 1.3181818182e+00 0.0000000000e+00 3.4402340019e-09 -7.3136087536e-09
-7.1212121212e-01 1.3181818182e+00 0.0000000000e+00 3.4738673678e-09 -7.2726495465e-09
-6.8181818182e-01 1.3181818182e+00 0.0000000000e+00 3.5070415453e-09 -7.2343391750e-09
-6.5151515152e-01 1.3181818182e+00 0.0000000000e+00 3.5396780554e-09 -7.1985991598e-09
-6.2121212121e-01 1.3181818182e+00 0.0000000000e+00 3.5716951885e-09 -7.1653477916e-09
-5.9090909091e-01 1.3181818182e+00 0.0000000000e+00 3.6030082987e-09 -7.1345004243e-09
-5.6060606061e-01 1.3181818182e+00 0.0000000000e+00 3.6335301607e-09 -7.1059698328e-09
-5.3030303030e-01 1.3181818182e+00 0.0000000000e+00 3.6631713937e-09 -7.0796666360e-09
-5.0000000000e-01 1.3181818182e+00 0.0000000000e+00 3.6918409503e-09 -7.0554997868e-09
-4.6969696970e-01 1.3181818182e+00 0.0000000000e+00 3.7194466730e-09 -7.0333771275e-09
-4.3939393939e-01 1.3181818182e+00 0.0000000000e+00 3.7458959129e-09 -7.0132060094e-09
-4.0909090909e-01 1.3181818182e+00 0.0000000000e+00 3.7710962091e-09 -6.9948939713e-09
-3.7878787879e-01 1.3181818182e+00 0.0000000000e+00 3.7949560210e-09 -6.9783494728e-09
-3.4848484848e-01 1.3181818182e+00 0.0000000000e+00 3.8173855075e-09 -6.9634826729e-09
-3.1818181818e-01 1.3181818182e+00 0.0000000000e+00 3.8382973415e-09 -6.9502062443e-09
-2.8787878788e-01 1.3181818182e+00 0.0000000000e+00 3.8576075487e-09 -6.9384362127e-09
-2.5757575758e-01 1.3181818182e+00 0.0000000000e+00 3.8752363574e-09 -6.9280928065e-09
-2.2727272727e-01 1.3181818182e+00 0.0000000000e+00 3.8911090443e-09 -6.9191013025e-09
-1.9696969697e-01 1.3181818182e+00 0.0000000000e+00 3.9051567605e-09 -6.9113928516e-09
-1.6666666667e-01 1.3181818182e+00 0.0000000000e+00 3.9173173197e-09 -6.9049052675e-09
-1.3636363636e-01 1.3181818182e+00 0.0000000000e+00 3.9275359345e-09 -6.8995837630e-09
-1.0606060606e-01 1.3181818182e+00 0.0000000000e+00 3.9357658819e-09 -6.8953816149e-09
-7.5757575758e-02 1.3181818182e+00 0.0000000000e+00 3.9419690836e-09 -6.8922607450e-09
-4.5454545455e-02 1.3181818182e+00 0.0000000000e+00 3.9461165880e-09 -6.8901922017e-09
-1.5151515152e-02 1.3181818182e+00 0.0000000000e+00 3.9481889408e-09 -6.8891565306e-09
1.5151515152e-02 1.3181818182e+00 0.0000000000e+00 3.9481764357e-09 -6.8891440254e-09
4.5454545455e-02 1.3181818182e+00 0.0000000000e+00 3.9460792394e-09 -6.8901548530e-09
7.5757575758e-02 1.3181818182e+00 0.0000000000e+00 3.9419073868e-09 -6.8921990482e-09
1.0606060606e-01 1.3181818182e+00 0.0000000000e+00 3.9356806476e-09 -6.8952963806e-09
1.3636363636e-01 1.3181818182e+00 0.0000000000e+00 3.9274282667e-09 -6.8994760952e-09
1.6666666667e-01 1.3181818182e+00 0.0000000000e+00 3.9171885863e-09 -6.9047765342e-09
1.9696969697e-01 1.3181818182e+00 0.0000000000e+00 3.9050085580e-09 -6.9112446491e-09
2.2727272727e-01 1.3181818182e+00 0.0000000000e+00 3.8909431581e-09 -6.9189354163e-09
2.5757575758e-01 1.3181818182e+00 0.0000000000e+00 3.8750547182e-09 -6.9279111674e-09
2.8787878788e-01 1.3181818182e+00 0.0000000000e+00 3.8574121890e-09 -6.9382408531e-09
3.1818181818e-01 1.3181818182e+00 0.0000000000e+00 3.8380903514e-09 -6.9499992542e-09
3.4848484848e-01 1.3181818182e+00 0.0000000000e+00 3.8171689923e-09 -6.9632661577e-09
3.7878787879e-01 1.3181818182e+00 0.0000000000e+00 3.7947320622e-09 -6.9781255141e-09
4.0909090909e-01 1.3181818182e+00 0.0000000000e+00 3.7708668291e-09 -6.9946645913e-09
4.3939393939e-01 1.3181818182e+00 0.0000000000e+00 3.7456630446e-09 -7.0129731410e-09
4.6969696970e-01 1.3181818182e+00 0.0000000000e+00 3.7192121341e-09 -7.0331425887e-09
5.0000000000e-01 1.3181818182e+00 0.0000000000e+00 3.6916064238e-09 -7.0552652603e-09
5.3030303030e-01 1.3181818182e+00 0.0000000000e+00 3.6629384129e-09 -7.0794336553e-09
5.6060606061e-01 1.3181818182e+00 0.0000000000e+00 3.6333001001e-09 -7.1057397722e-09
5.9090909091e-01 1.3181818182e+00 0.0000000000e+00 3.6027823687e-09 -7.1342744943e-09
6.2121212121e-01 1.3181818182e+00 0.0000000000e+00 3.5714744352e-09 -7.1651270383e-09
6.5151515152e-01 1.3181818182e+00 0.0000000000e+00 3.5394633634e-09 -7.1983844679e-09
6.8181818182e-01 1.3181818182e+00 0.0000000000e+00 3.5068336439e-09 -7.2341312736e-09
7.1212121212e-01 1.3181818182e+00 0.0000000000e+00 3.4736668392e-09 -7.2724490179e-09
7.4242424242e-01 1.3181818182e+00 0.0000000000e+00 3.4400412914e-09 -7.3134160431e-09
7.7272727273e-01 1.3181818182e+00 0.0000000000e+00 3.4060318908e-09 -7.3571072393e-09
8.0303030303e-01 1.3181818182e+00 0.0000000000e+00 3.3717098999e-09 -7.4035938691e-09
8.3333333333e-01 1.3181818182e+00 0.0000000000e+00 3.3371428306e-09 -7.4529434443e-09
8.6363636364e-01 1.3181818182e+00 0.0000000000e+00 3.3023943682e-09 -7.5052196504e-09
8.9393939394e-01 1.3181818182e+00 0.0000000000e+00 3.2675243388e-09 -7.5604823133e-09
9.2424242424e-01 1.3181818182e+00 0.0000000000e+00 3.2325887135e-09 -7.6187874042e-09
9.5454545455e-01 1.3181818182e+00 0.0000000000e+00 3.1976396473e-09 -7.6801870780e-09
9.8484848485e-01 1.3181818182e+00 0.0000000000e+00 3.1627255442e-09 -7.7447297389e-09
1.0151515152e+00 1.3181818182e+00 0.0000000000e+00 3.1278911482e-09 -7.8124601307e-09
1.0454545455e+00 1.3181818182e+00 0.0000000000e+00 3.0931776522e-09 -7.8834194464e-09
1.0757575758e+00 1.3181818182e+00 0.0000000000e+00 3.0586228243e-09 -7.9576454540e-09
1.1060606061e+00 1.3181818182e+00 0.0000000000e+00 3.0242611450e-09 -8.0351726342e-09
1.1363636364e+00 1.3181818182e+00 0.0000000000e+00 2.9901239548e-09 -8.1160323272e-09
1.1666666667e+00 1.3181818182e+00 0.0000000000e+00 2.9562396068e-09 -8.2002528864e-09
1.1969696970e+00 1.3181818182e+00 0.0000000000e+00 2.9226336245e-09 -8.2878598352e-09
1.2272727273e+00 1.3181818182e+00 0.0000000000e+00 2.8893288604e-09 -8.3788760260e-09
1.2575757576e+00 1.3181818182e+00 0.0000000000e+00 2.8563456548e-09 -8.4733217991e-09
1.2878787879e+00 1.3181818182e+00 0.0000000000e+00 2.8237019928e-09 -8.5712151399e-09
1.3181818182e+00 1.3181818182e+00 0.0000000000e+00 2.7914136591e-09 -8.6725718326e-09
1.3484848485e+00 1.3181818182e+00 0.0000000000e+00 2.7594943873e-09 -8.7774056113e-09
1.3787878788e+00 1.3181818182e+00 0.0000000000e+00 2.7279560064e-09 -8.8857283046e-09
1.4090909091e+00 1.3181818182e+00 0.0000000000e+00 2.6968085799e-09 -8.9975499763e-09
1.4393939394e+00 1.3181818182e+00 0.0000000000e+00 2.6660605407e-09 -9.1128790592e-09
1.4696969697e+00 1.3181818182e+00 0.0000000000e+00 2.6357188187e-09 -9.2317224830e-09
1.5000000000e+00 1.3181818182e+00 0.0000000000e+00 2.6057889620e-09 -9.3540857962e-09
-1.5000000000e+00 1.3484848485e+00 0.0000000000e+00 2.5797865706e-09 -9.4648364552e-09
-1.4696969697e+00 1.3484848485e+00 0.0000000000e+00 2.6088209338e-09 -9.3415776486e-09
-1.4393939394e+00 1.3484848485e+00 0.0000000000e+00 2.6382344868e-09 -9.2218060557e-09
-1.4090909091e+00 1.3484848485e+00 0.0000000000e+00 2.6680208109e-09 -9.1055152577e-09
-1.3787878788e+00 1.3484848485e+00 0.0000000000e+00 2.6981721382e-09 -8.9926974869e-09
-1.3484848485e+00 1.3484848485e+00 0.0000000000e+00 2.7286792401e-09 -8.8833435145e-09
-1.3181818182e+00 1.3484848485e+00 0.0000000000e+00 2.7595313092e-09 -8.7774425332e-09
-1.2878787879e+00 1.3484848485e+00 0.0000000000e+00 2.7907158374e-09 -8.6749820349e-09
-1.2575757576e+00 1.3484848485e+00 0.0000000000e+00 2.8222184885e-09 -8.5759476833e-09
-1.2272727273e+00 1.3484848485e+00 0.0000000000e+00 2.8540229668e-09 -8.4803231827e-09
-1.1969696970e+00 1.3484848485e+00 0.0000000000e+00 2.8861108823e-09 -8.3880901434e-09
-1.1666666667e+00 1.3484848485e+00 0.0000000000e+00 2.9184616139e-09 -8.2992279439e-09
-1.1363636364e+00 1.3484848485e+00 0.0000000000e+00 2.9510521695e-09 -8.2137135924e-09
-1.1060606061e+00 1.3484848485e+00 0.0000000000e+00 2.9838570475e-09 -8.1315215871e-09
-1.0757575758e+00 1.3484848485e+00 0.0000000000e+00 3.0168480983e-09 -8.0526237785e-09
-1.0454545455e+00 1.3484848485e+00 0.0000000000e+00 3.0499943894e-09 -7.9769892340e-09
-1.0151515152e+00 1.3484848485e+00 0.0000000000e+00 3.0832620749e-09 -7.9045841078e-09
-9.8484848485e-01 1.3484848485e+00 0.0000000000e+00 3.1166142729e-09 -7.8353715180e-09
-9.5454545455e-01 1.3484848485e+00 0.0000000000e+00 3.1500109519e-09 -7.7693114330e-09
-9.2424242424e-01 1.3484848485e+00 0.0000000000e+00 3.1834088306e-09 -7.7063605717e-09
-8.9393939394e-01 1.3484848485e+00 0.0000000000e+00 3.2167612935e-09 -7.6464723184e-09
-8.6363636364e-01 1.3484848485e+00 0.0000000000e+00 3.2500183254e-09 -7.5895966580e-09
-8.3333333333e-01 1.3484848485e+00 0.0000000000e+00 3.2831264690e-09 -7.5356801332e-09
-8.0303030303e-01 1.3484848485e+00 0.0000000000e+00 3.3160288100e-09 -7.4846658296e-09
-7.7272727273e-01 1.3484848485e+00 0.0000000000e+00 3.3486649923e-09 -7.4364933912e-09
-7.4242424242e-01 1.3484848485e+00 0.0000000000e+00 3.3809712687e-09 -7.3910990708e-09
-7.1212121212e-01 1.3484848485e+00 0.0000000000e+00 3.4128805909e-09 -7.3484158201e-09
-6.8181818182e-01 1.3484848485e+00 0.0000000000e+00 3.4443227424e-09 -7.3083734224e-09
-6.5151515152e-01 1.3484848485e+00 0.0000000000e+00 3.4752245182e-09 -7.2708986730e-09
-6.2121212121e-01 1.3484848485e+00 0.0000000000e+00 3.5055099555e-09 -7.2359156090e-09
-5.9090909091e-01 1.3484848485e+00 0.0000000000e+00 3.5351006169e-09 -7.2033457929e-09
-5.6060606061e-01 1.3484848485e+00 0.0000000000e+00 3.5639159287e-09 -7.1731086512e-09
-5.3030303030e-01 1.3484848485e+00 0.0000000000e+00 3.5918735769e-09 -7.1451218697e-09
-5.0000000000e-01 1.3484848485e+00 0.0000000000e+00 3.6188899582e-09 -7.1193018451e-09
-4.6969696970e-01 1.3484848485e+00 0.0000000000e+00 3.6448806877e-09 -7.0955641926e-09
-4.3939393939e-01 1.3484848485e+00 0.0000000000e+00 3.6697611597e-09 -7.0738243065e-09
-4.0909090909e-01 1.3484848485e+00 0.0000000000e+00 3.6934471575e-09 -7.0539979701e-09
-3.7878787879e-01 1.3484848485e+00 0.0000000000e+00 3.7158555067e-09 -7.0360020090e-09
-3.4848484848e-01 1.3484848485e+00 0.0000000000e+00 3.7369047658e-09 -7.0197549815e-09
-3.1818181818e-01 1.3484848485e+00 0.0000000000e+00 3.7565159439e-09 -7.0051778971e-09
-2.8787878788e-01 1.3484848485e+00 0.0000000000e+00 3.7746132369e-09 -6.9921949514e-09
-2.5757575758e-01 1.3484848485e+00 0.0000000000e+00 3.7911247691e-09 -6.9807342687e-09
-2.2727272727e-01 1.3484848485e+00 0.0000000000e+00 3.8059833285e-09 -6.9707286371e-09
-1.9696969697e-01 1.3484848485e+00 0.0000000000e+00 3.8191270822e-09 -6.9621162237e-09
-1.6666666667e-01 1.3484848485e+00 0.0000000000e+00 3.8305002578e-09 -6.9548412560e-09
-1.3636363636e-01 1.3484848485e+00 0.0000000000e+00 3.8400537767e-09 -6.9488546556e-09
-1.0606060606e-01 1.3484848485e+00 0.0000000000e+00 3.8477458261e-09 -6.9441146095e-09
-7.5757575758e-02 1.3484848485e+00 0.0000000000e+00 3.8535423568e-09 -6.9405870686e-09
-4.5454545455e-02 1.3484848485e+00 0.0000000000e+00 3.8574174953e-09 -6.9382461593e-09
-1.5151515152e-02 1.3484848485e+00 0.0000000000e+00 3.8593538611e-09 -6.9370745012e-09
1.5151515152e-02 1.3484848485e+00 0.0000000000e+00 3.8593427810e-09 -6.9370634212e-09
4.5454545455e-02 1.3484848485e+00 0.0000000000e+00 3.8573843959e-09 -6.9382130599e-09
7.5757575758e-02 1.3484848485e+00 0.0000000000e+00 3.8534876567e-09 -6.9405323685e-09
1.0606060606e-01 1.3484848485e+00 0.0000000000e+00 3.8476702111e-09 -6.9440389945e-09
1.3636363636e-01 1.3484848485e+00 0.0000000000e+00 3.8399581816e-09 -6.9487590605e-09
1.6666666667e-01 1.3484848485e+00 0.0000000000e+00 3.8303858431e-09 -6.9547268414e-09
1.9696969697e-01 1.3484848485e+00 0.0000000000e+00 3.8189952052e-09 -6.9619843467e-09
2.2727272727e-01 1.3484848485e+00 0.0000000000e+00 3.8058355107e-09 -6.9705808193e-09
2.5757575758e-01 1.3484848485e+00 0.0000000000e+00 3.7909626613e-09 -6.9805721609e-09
2.8787878788e-01 1.3484848485e+00 0.0000000000e+00 3.7744385825e-09 -6.9920202970e-09
3.1818181818e-01 1.3484848485e+00 0.0000000000e+00 3.7563305427e-09 -7.0049924959e-09
3.4848484848e-01 1.3484848485e+00 0.0000000000e+00 3.7367104387e-09 -7.0195606545e-09
3.7878787879e-01 1.3484848485e+00 0.0000000000e+00 3.7156540627e-09 -7.0358005650e-09
4.0909090909e-01 1.3484848485e+00 0.0000000000e+00 3.6932403637e-09 -7.0537911763e-09
4.3939393939e-01 1.3484848485e+00 0.0000000000e+00 3.6695507149e-09 -7.0736138618e-09
4.6969696970e-01 1.3484848485e+00 0.0000000000e+00 3.6446682001e-09 -7.0953517050e-09
5.0000000000e-01 1.3484848485e+00 0.0000000000e+00 3.6186769276e-09 -7.1190888145e-09
5.3030303030e-01 1.3484848485e+00 0.0000000000e+00 3.5916613809e-09 -7.1449096737e-09
5.6060606061e-01 1.3484848485e+00 0.0000000000e+00 3.5637058133e-09 -7.1728985358e-09
5.9090909091e-01 1.3484848485e+00 0.0000000000e+00 3.5348936909e-09 -7.2031388670e-09
6.2121212121e-01 1.3484848485e+00 0.0000000000e+00 3.5053071890e-09 -7.2357128425e-09
6.5151515152e-01 1.3484848485e+00 0.0000000000e+00 3.4750267432e-09 -7.2707008981e-09
6.8181818182e-01 1.3484848485e+00 0.0000000000e+00 3.4441306571e-09 -7.3081813371e-09
7.1212121212e-01 1.3484848485e+00 0.0000000000e+00 3.4126947654e-09 -7.3482299945e-09
7.4242424242e-01 1.3484848485e+00 0.0000000000e+00 3.3807921528e-09 -7.3909199548e-09
7.7272727273e-01 1.3484848485e+00 0.0000000000e+00 3.3484929244e-09 -7.4363213233e-09
8.0303030303e-01 1.3484848485e+00 0.0000000000e+00 3.3158640270e-09 -7.4845010466e-09
8.3333333333e-01 1.3484848485e+00 0.0000000000e+00 3.2829691162e-09 -7.5355227803e-09
8.6363636364e-01 1.3484848485e+00 0.0000000000e+00 3.2498684669e-09 -7.5894467995e-09
8.9393939394e-01 1.3484848485e+00 0.0000000000e+00 3.2166189225e-09 -7.6463299474e-09
9.2424242424e-01 1.3484848485e+00 0.0000000000e+00 3.1832738789e-09 -7.7062256200e-09
9.5454545455e-01 1.3484848485e+00 0.0000000000e+00 3.1498832995e-09 -7.7691837806e-09
9.8484848485e-01 1.3484848485e+00 0.0000000000e+00 3.1164937567e-09 -7.8352510018e-09
1.0151515152e+00 1.3484848485e+00 0.0000000000e+00 3.0831484967e-09 -7.9044705296e-09
1.0454545455e+00 1.3484848485e+00 0.0000000000e+00 3.0498875228e-09 -7.9768823674e-09
1.0757575758e+00 1.3484848485e+00 0.0000000000e+00 3.0167476960e-09 -8.0525233761e-09
1.1060606061e+00 1.3484848485e+00 0.0000000000e+00 2.9837628462e-09 -8.1314273858e-09
1.1363636364e+00 1.3484848485e+00 0.0000000000e+00 2.9509638958e-09 -8.2136253186e-09
1.1666666667e+00 1.3484848485e+00 0.0000000000e+00 2.9183789880e-09 -8.2991453180e-09
1.1969696970e+00 1.3484848485e+00 0.0000000000e+00 2.8860336221e-09 -8.3880128832e-09
1.2272727273e+00 1.3484848485e+00 0.0000000000e+00 2.8539507909e-09 -8.4802510069e-09
1.2575757576e+00 1.3484848485e+00 0.0000000000e+00 2.8221511190e-09 -8.5758803137e-09
1.2878787879e+00 1.3484848485e+00 0.0000000000e+00 2.7906530017e-09 -8.6749191991e-09
1.3181818182e+00 1.3484848485e+00 0.0000000000e+00 2.7594727420e-09 -8.7773839659e-09
1.3484848485e+00 1.3484848485e+00 0.0000000000e+00 2.7286246845e-09 -8.8832889589e-09
1.3787878788e+00 1.3484848485e+00 0.0000000000e+00 2.6981213470e-09 -8.9926466956e-09
1.4090909091e+00 1.3484848485e+00 0.0000000000e+00 2.6679735469e-09 -9.1054679937e-09
1.4393939394e+00 1.3484848485e+00 0.0000000000e+00 2.6381905237e-09 -9.2217620925e-09
1.4696969697e+00 1.3484848485e+00 0.0000000000e+00 2.6087800561e-09 -9.3415367708e-09
1.5000000000e+00 1.3484848485e+00 0.0000000000e+00 2.5797485740e-09 -9.4647984585e-09
-1.5000000000e+00 1.3787878788e+00 0.0000000000e+00 2.5539458249e-09 -9.5788567837e-09
-1.4696969697e+00 1.3787878788e+00 0.0000000000e+00 2.5821068571e-09 -9.4547246461e-09
-1.4393939394e+00 1.3787878788e+00 0.0000000000e+00 2.6106161459e-09 -9.3340487890e-09
-1.4090909091e+00 1.3787878788e+00 0.0000000000e+00 2.6394665142e-09 -9.2168220353e-09
-1.3787878788e+00 1.3787878788e+00 0.0000000000e+00 2.6686494733e-09 -9.1030358962e-09
-1.3484848485e+00 1.3787878788e+00 0.0000000000e+00 2.6981551197e-09 -8.9926804684e-09
-1.3181818182e+00 1.3787878788e+00 0.0000000000e+00 2.7279720283e-09 -8.8857443266e-09
-1.2878787879e+00 1.3787878788e+00 0.0000000000e+00 2.7580871408e-09 -8.7822144125e-09
-1.2575757576e+00 1.3787878788e+00 0.0000000000e+00 2.7884856511e-09 -8.6820759201e-09
-1.2272727273e+00 1.3787878788e+00 0.0000000000e+00 2.8191508874e-09 -8.5853121776e-09
-1.1969696970e+00 1.3787878788e+00 0.0000000000e+00 2.8500641923e-09 -8.4919045276e-09
-1.1666666667e+00 1.3787878788e+00 0.0000000000e+00 2.8812048011e-09 -8.4018322054e-09
-1.1363636364e+00 1.3787878788e+00 0.0000000000e+00 2.9125497201e-09 -8.3150722172e-09
-1.1060606061e+00 1.3787878788e+00 0.0000000000e+00 2.9440736054e-09 -8.2315992192e-09
-1.0757575758e+00 1.3787878788e+00 0.0000000000e+00 2.9757486439e-09 -8.1513853983e-09
-1.0454545455e+00 1.3787878788e+00 0.0000000000e+00 3.0075444389e-09 -8.0744003577e-09
-1.0151515152e+00 1.3787878788e+00 0.0000000000e+00 3.0394279003e-09 -8.0006110075e-09
-9.8484848485e-01 1.3787878788e+00 0.0000000000e+00 3.0713631441e-09 -7.9299814635e-09
-9.5454545455e-01 1.3787878788e+00 0.0000000000e+00 3.1033114009e-09 -7.8624729563e-09
-9.2424242424e-01 1.3787878788e+00 0.0000000000e+00 3.1352309377e-09 -7.7980437531e-09
-8.9393939394e-01 1.3787878788e+00 0.0000000000e+00 3.1670769959e-09 -7.7366490951e-09
-8.6363636364e-01 1.3787878788e+00 0.0000000000e+00 3.1988017472e-09 -7.6782411541e-09
-8.3333333333e-01 1.3787878788e+00 0.0000000000e+00 3.2303542718e-09 -7.6227690102e-09
-8.0303030303e-01 1.3787878788e+00 0.0000000000e+00 3.2616805614e-09 -7.5701786553e-09
-7.7272727273e-01 1.3787878788e+00 0.0000000000e+00 3.2927235519e-09 -7.5204130250e-09
-7.4242424242e-01 1.3787878788e+00 0.0000000000e+00 3.3234231869e-09 -7.4734120633e-09
-7.1212121212e-01 1.3787878788e+00 0.0000000000e+00 3.3537165179e-09 -7.4291128213e-09
-6.8181818182e-01 1.3787878788e+00 0.0000000000e+00 3.3835378424e-09 -7.3874495967e-09
-6.5151515152e-01 1.3787878788e+00 0.0000000000e+00 3.4128188844e-09 -7.3483541135e-09
-6.2121212121e-01 1.3787878788e+00 0.0000000000e+00 3.4414890190e-09 -7.3117557468e-09
-5.9090909091e-01 1.3787878788e+00 0.0000000000e+00 3.4694755433e-09 -7.2775817936e-09
-5.6060606061e-01 1.3787878788e+00 0.0000000000e+00 3.4967039955e-09 -7.2457577923e-09
-5.3030303030e-01 1.3787878788e+00 0.0000000000e+00 3.5230985228e-09 -7.2162078898e-09
-5.0000000000e-01 1.3787878788e+00 0.0000000000e+00 3.5485822965e-09 -7.1888552577e-09
-4.6969696970e-01 1.3787878788e+00 0.0000000000e+00 3.5730779751e-09 -7.1636225543e-09
-4.3939393939e-01 1.3787878788e+00 0.0000000000e+00 3.5965082115e-09 -7.1404324326e-09
-4.0909090909e-01 1.3787878788e+00 0.0000000000e+00 3.6187962003e-09 -7.1192080872e-09
-3.7878787879e-01 1.3787878788e+00 0.0000000000e+00 3.6398662615e-09 -7.0998738381e-09
-3.4848484848e-01 1.3787878788e+00 0.0000000000e+00 3.6596444525e-09 -7.0823557426e-09
-3.1818181818e-01 1.3787878788e+00 0.0000000000e+00 3.6780592021e-09 -7.0665822296e-09
-2.8787878788e-01 1.3787878788e+00 0.0000000000e+00 3.6950419568e-09 -7.0524847456e-09
-2.5757575758e-01 1.3787878788e+00 0.0000000000e+00 3.7105278300e-09 -7.0399984039e-09
-2.2727272727e-01 1.3787878788e+00 0.0000000000e+00 3.7244562424e-09 -7.0290626253e-09
-1.9696969697e-01 1.3787878788e+00 0.0000000000e+00 3.7367715437e-09 -7.0196217595e-09
-1.6666666667e-01 1.3787878788e+00 0.0000000000e+00 3.7474236023e-09 -7.0116256749e-09
-1.3636363636e-01 1.3787878788e+00 0.0000000000e+00 3.7563683526e-09 -7.0050303058e-09
-1.0606060606e-01 1.3787878788e+00 0.0000000000e+00 3.7635682876e-09 -6.9997981453e-09
-7.5757575758e-02 1.3787878788e+00 0.0000000000e+00 3.7689928871e-09 -6.9958986732e-09
-4.5454545455e-02 1.3787878788e+00 0.0000000000e+00 3.7726189722e-09 -6.9933087105e-09
-1.5151515152e-02 1.3787878788e+00 0.0000000000e+00 3.7744309768e-09 -6.9920126912e-09
1.5151515152e-02 1.3787878788e+00 0.0000000000e+00 3.7744211318e-09 -6.9920028462e-09
4.5454545455e-02 1.3787878788e+00 0.0000000000e+00 3.7725895566e-09 -6.9932792949e-09
7.5757575758e-02 1.3787878788e+00 0.0000000000e+00 3.7689442561e-09 -6.9958500422e-09
1.0606060606e-01 1.3787878788e+00 0.0000000000e+00 3.7635010233e-09 -6.9997308810e-09
1.3636363636e-01 1.3787878788e+00 0.0000000000e+00 3.7562832498e-09 -7.0049452030e-09
1.6666666667e-01 1.3787878788e+00 0.0000000000e+00 3.7473216490e-09 -7.0115237216e-09
1.9696969697e-01 1.3787878788e+00 0.0000000000e+00 3.7366538977e-09 -7.0195041135e-09
2.2727272727e-01 1.3787878788e+00 0.0000000000e+00 3.7243242048e-09 -7.0289305877e-09
2.5757575758e-01 1.3787878788e+00 0.0000000000e+00 3.7103828163e-09 -7.0398533902e-09
2.8787878788e-01 1.3787878788e+00 0.0000000000e+00 3.6948854669e-09 -7.0523282557e-09
3.1818181818e-01 1.3787878788e+00 0.0000000000e+00 3.6778927898e-09 -7.0664158173e-09
3.4848484848e-01 1.3787878788e+00 0.0000000000e+00 3.6594696964e-09 -7.0821809864e-09
3.7878787879e-01 1.3787878788e+00 0.0000000000e+00 3.6396847367e-09 -7.0996923133e-09
4.0909090909e-01 1.3787878788e+00 0.0000000000e+00 3.6186094533e-09 -7.1190213401e-09
4.3939393939e-01 1.3787878788e+00 0.0000000000e+00 3.5963177369e-09 -7.1402419581e-09
4.6969696970e-01 1.3787878788e+00 0.0000000000e+00 3.5728851968e-09 -7.1634297760e-09
5.0000000000e-01 1.3787878788e+00 0.0000000000e+00 3.5483885510e-09 -7.1886615121e-09
5.3030303030e-01 1.3787878788e+00 0.0000000000e+00 3.5229050469e-09 -7.2160144139e-09
5.6060606061e-01 1.3787878788e+00 0.0000000000e+00 3.4965119172e-09 -7.2455657139e-09
5.9090909091e-01 1.3787878788e+00 0.0000000000e+00 3.4692858758e-09 -7.2773921261e-09
6.2121212121e-01 1.3787878788e+00 0.0000000000e+00 3.4413026583e-09 -7.3115693861e-09
6.5151515152e-01 1.3787878788e+00 0.0000000000e+00 3.4126366089e-09 -7.3481718380e-09
6.8181818182e-01 1.3787878788e+00 0.0000000000e+00 3.3833603149e-09 -7.3872720692e-09
7.1212121212e-01 1.3787878788e+00 0.0000000000e+00 3.3535442901e-09 -7.4289405935e-09
7.4242424242e-01 1.3787878788e+00 0.0000000000e+00 3.3232567051e-09 -7.4732455814e-09
7.7272727273e-01 1.3787878788e+00 0.0000000000e+00 3.2925631635e-09 -7.5202526366e-09
8.0303030303e-01 1.3787878788e+00 0.0000000000e+00 3.2615265230e-09 -7.5700246169e-09
8.3333333333e-01 1.3787878788e+00 0.0000000000e+00 3.2302067573e-09 -7.6226214957e-09
8.6363636364e-01 1.3787878788e+00 0.0000000000e+00 3.1986608563e-09 -7.6781002632e-09
8.9393939394e-01 1.3787878788e+00 0.0000000000e+00 3.1669427625e-09 -7.7365148617e-09
9.2424242424e-01 1.3787878788e+00 0.0000000000e+00 3.1351033384e-09 -7.7979161537e-09
9.5454545455e-01 1.3787878788e+00 0.0000000000e+00 3.1031903628e-09 -7.8623519183e-09
9.8484848485e-01 1.3787878788e+00 0.0000000000e+00 3.0712485528e-09 -7.9298668721e-09
1.0151515152e+00 1.3787878788e+00 0.0000000000e+00 3.0393196063e-09 -8.0005027135e-09
1.0454545455e+00 1.3787878788e+00 0.0000000000e+00 3.0074422645e-09 -8.0742981834e-09
1.0757575758e+00 1.3787878788e+00 0.0000000000e+00 2.9756523893e-09 -8.1512891437e-09
1.1060606061e+00 1.3787878788e+00 0.0000000000e+00 2.9439830534e-09 -8.2315086672e-09
1.1363636364e+00 1.3787878788e+00 0.0000000000e+00 2.9124646412e-09 -8.3149871384e-09
1.1666666667e+00 1.3787878788e+00 0.0000000000e+00 2.8811249574e-09 -8.4017523617e-09
1.1969696970e+00 1.3787878788e+00 0.0000000000e+00 2.8499893411e-09 -8.4918296765e-09
1.2272727273e+00 1.3787878788e+00 0.0000000000e+00 2.8190807843e-09 -8.5852420746e-09
1.2575757576e+00 1.3787878788e+00 0.0000000000e+00 2.7884200524e-09 -8.6820103215e-09
1.2878787879e+00 1.3787878788e+00 0.0000000000e+00 2.7580258059e-09 -8.7821530776e-09
1.3181818182e+00 1.3787878788e+00 0.0000000000e+00 2.7279147211e-09 -8.8856870193e-09
1.3484848485e+00 1.3787878788e+00 0.0000000000e+00 2.6981016101e-09 -8.9926269588e-09
1.3787878788e+00 1.3787878788e+00 0.0000000000e+00 2.6685995385e-09 -9.1029859615e-09
1.4090909091e+00 1.3787878788e+00 0.0000000000e+00 2.6394199395e-09 -9.2167754606e-09
1.4393939394e+00 1.3787878788e+00 0.0000000000e+00 2.6105727250e-09 -9.3340053681e-09
1.4696969697e+00 1.3787878788e+00 0.0000000000e+00 2.5820663928e-09 -9.4546841818e-09
1.5000000000e+00 1.3787878788e+00 0.0000000000e+00 2.5539081293e-09 -9.5788190881e-09
-1.5000000000e+00 1.4090909091e+00 0.0000000000e+00 2.5283176545e-09 -9.6961977115e-09
-1.4696969697e+00 1.4090909091e+00 0.0000000000e+00 2.5556303032e-09 -9.5712171904e-09
-1.4393939394e+00 1.4090909091e+00 0.0000000000e+00 2.5832621516e-09 -9.4496638929e-09
-1.4090909091e+00 1.4090909091e+00 0.0000000000e+00 2.6112053785e-09 -9.3315299978e-09
-1.3787878788e+00 1.4090909091e+00 0.0000000000e+00 2.6394508919e-09 -9.2168064130e-09
-1.3484848485e+00 1.4090909091e+00 0.0000000000e+00 2.6679882347e-09 -9.1054826815e-09
-1.3181818182e+00 1.4090909091e+00 0.0000000000e+00 2.6968054875e-09 -8.9975468839e-09
-1.2878787879e+00 1.4090909091e+00 0.0000000000e+00 2.7258891679e-09 -8.8929855378e-09
-1.2575757576e+00 1.4090909091e+00 0.0000000000e+00 2.7552241269e-09 -8.7917834941e-09
-1.2272727273e+00 1.4090909091e+00 0.0000000000e+00 2.7847934441e-09 -8.6939238325e-09
-1.1969696970e+00 1.4090909091e+00 0.0000000000e+00 2.8145783208e-09 -8.5993877543e-09
-1.1666666667e+00 1.4090909091e+00 0.0000000000e+00 2.8445579732e-09 -8.5081544757e-09
-1.1363636364e+00 1.4090909091e+00 0.0000000000e+00 2.8747095260e-09 -8.4202011213e-09
-1.1060606061e+00 1.4090909091e+00 0.0000000000e+00 2.9050079074e-09 -8.3355026194e-09
-1.0757575758e+00 1.4090909091e+00 0.0000000000e+00 2.9354257481e-09 -8.2540316006e-09
-1.0454545455e+00 1.4090909091e+00 0.0000000000e+00 2.9659332835e-09 -8.1757583005e-09
-1.0151515152e+00 1.4090909091e+00 0.0000000000e+00 2.9964982640e-09 -8.1006504693e-09
-9.8484848485e-01 1.4090909091e+00 0.0000000000e+00 3.0270858719e-09 -8.0286732895e-09
-9.5454545455e-01 1.4090909091e+00 0.0000000000e+00 3.0576586503e-09 -7.9597893039e-09
-9.2424242424e-01 1.4090909091e+00 0.0000000000e+00 3.0881764432e-09 -7.8939583567e-09
-8.9393939394e-01 1.4090909091e+00 0.0000000000e+00 3.1185963523e-09 -7.8311375496e-09
-8.6363636364e-01 1.4090909091e+00 0.0000000000e+00 3.1488727108e-09 -7.7712812158e-09
-8.3333333333e-01 1.4090909091e+00 0.0000000000e+00 3.1789570778e-09 -7.7143409144e-09
-8.0303030303e-01 1.4090909091e+00 0.0000000000e+00 3.2087982570e-09 -7.6602654490e-09
-7.7272727273e-01 1.4090909091e+00 0.0000000000e+00 3.2383423411e-09 -7.6090009124e-09
-7.4242424242e-01 1.4090909091e+00 0.0000000000e+00 3.2675327858e-09 -7.5604907603e-09
-7.1212121212e-01 1.4090909091e+00 0.0000000000e+00 3.2963105160e-09 -7.5146759176e-09
-6.8181818182e-01 1.4090909091e+00 0.0000000000e+00 3.3246140668e-09 -7.4714949192e-09
-6.5151515152e-01 1.4090909091e+00 0.0000000000e+00 3.3523797610e-09 -7.4308840883e-09
-6.2121212121e-01 1.4090909091e+00 0.0000000000e+00 3.3795419268e-09 -7.3927777527e-09
-5.9090909091e-01 1.4090909091e+00 0.0000000000e+00 3.4060331548e-09 -7.3571085033e-09
-5.6060606061e-01 1.4090909091e+00 0.0000000000e+00 3.4317845975e-09 -7.3238074923e-09
-5.3030303030e-01 1.4090909091e+00 0.0000000000e+00 3.4567263097e-09 -7.2928047748e-09
-5.0000000000e-01 1.4090909091e+00 0.0000000000e+00 3.4807876307e-09 -7.2640296901e-09
-4.6969696970e-01 1.4090909091e+00 0.0000000000e+00 3.5038976058e-09 -7.2374112832e-09
-4.3939393939e-01 1.4090909091e+00 0.0000000000e+00 3.5259854441e-09 -7.2128787634e-09
-4.0909090909e-01 1.4090909091e+00 0.0000000000e+00 3.5469810112e-09 -7.1903619963e-09
-3.7878787879e-01 1.4090909091e+00 0.0000000000e+00 3.5668153496e-09 -7.1697920243e-09
-3.4848484848e-01 1.4090909091e+00 0.0000000000e+00 3.5854212225e-09 -7.1511016107e-09
-3.1818181818e-01 1.4090909091e+00 0.0000000000e+00 3.6027336743e-09 -7.1342258000e-09
-2.8787878788e-01 1.4090909091e+00 0.0000000000e+00 3.6186905993e-09 -7.1191024862e-09
-2.5757575758e-01 1.4090909091e+00 0.0000000000e+00 3.6332333102e-09 -7.1056729823e-09
-2.2727272727e-01 1.4090909091e+00 0.0000000000e+00 3.6463070987e-09 -7.0938825798e-09
-1.9696969697e-01 1.4090909091e+00 0.0000000000e+00 3.6578617755e-09 -7.0836810894e-09
-1.6666666667e-01 1.4090909091e+00 0.0000000000e+00 3.6678521828e-09 -7.0750233535e-09
-1.3636363636e-01 1.4090909091e+00 0.0000000000e+00 3.6762386686e-09 -7.0678697200e-09
-1.0606060606e-01 1.4090909091e+00 0.0000000000e+00 3.6829875120e-09 -7.0621864679e-09
-7.5757575758e-02 1.4090909091e+00 0.0000000000e+00 3.6880712931e-09 -7.0579461774e-09
-4.5454545455e-02 1.4090909091e+00 0.0000000000e+00 3.6914691979e-09 -7.0551280344e-09
-1.5151515152e-02 1.4090909091e+00 0.0000000000e+00 3.6931672525e-09 -7.0537180651e-09
1.5151515152e-02 1.4090909091e+00 0.0000000000e+00 3.6931584814e-09 -7.0537092940e-09
4.5454545455e-02 1.4090909091e+00 0.0000000000e+00 3.6914429863e-09 -7.0551018228e-09
7.5757575758e-02 1.4090909091e+00 0.0000000000e+00 3.6880279434e-09 -7.0579028277e-09
1.0606060606e-01 1.4090909091e+00 0.0000000000e+00 3.6829275203e-09 -7.0621264761e-09
1.3636363636e-01 1.4090909091e+00 0.0000000000e+00 3.6761627128e-09 -7.0677937641e-09
1.6666666667e-01 1.4090909091e+00 0.0000000000e+00 3.6677611069e-09 -7.0749322777e-09
1.9696969697e-01 1.4090909091e+00 0.0000000000e+00 3.6577565706e-09 -7.0835758845e-09
2.2727272727e-01 1.4090909091e+00 0.0000000000e+00 3.6461888810e-09 -7.0937643620e-09
2.5757575758e-01 1.4090909091e+00 0.0000000000e+00 3.6331032970e-09 -7.1055429691e-09
2.8787878788e-01 1.4090909091e+00 0.0000000000e+00 3.6185500844e-09 -7.1189619713e-09
3.1818181818e-01 1.4090909091e+00 0.0000000000e+00 3.6025840027e-09 -7.1340761283e-09
3.4848484848e-01 1.4090909091e+00 0.0000000000e+00 3.5852637656e-09 -7.1509441538e-09
3.7878787879e-01 1.4090909091e+00 0.0000000000e+00 3.5666514817e-09 -7.1696281564e-09
4.0909090909e-01 1.4090909091e+00 0.0000000000e+00 3.5468120878e-09 -7.1901930729e-09
4.3939393939e-01 1.4090909091e+00 0.0000000000e+00 3.5258127821e-09 -7.2127061013e-09
4.6969696970e-01 1.4090909091e+00 0.0000000000e+00 3.5037224663e-09 -7.2372361437e-09
5.0000000000e-01 1.4090909091e+00 0.0000000000e+00 3.4806112053e-09 -7.2638532646e-09
5.3030303030e-01 1.4090909091e+00 0.0000000000e+00 3.4565497082e-09 -7.2926281734e-09
5.6060606061e-01 1.4090909091e+00 0.0000000000e+00 3.4316088401e-09 -7.3236317350e-09
5.9090909091e-01 1.4090909091e+00 0.0000000000e+00 3.4058591657e-09 -7.3569345142e-09
6.2121212121e-01 1.4090909091e+00 0.0000000000e+00 3.3793705310e-09 -7.3926063569e-09
6.5151515152e-01 1.4090909091e+00 0.0000000000e+00 3.3522116832e-09 -7.4307160105e-09
6.8181818182e-01 1.4090909091e+00 0.0000000000e+00 3.3244499324e-09 -7.4713307849e-09
7.1212121212e-01 1.4090909091e+00 0.0000000000e+00 3.2961508541e-09 -7.5145162557e-09
7.4242424242e-01 1.4090909091e+00 0.0000000000e+00 3.2673780329e-09 -7.5603360074e-09
7.7272727273e-01 1.4090909091e+00 0.0000000000e+00 3.2381928465e-09 -7.6088514178e-09
8.0303030303e-01 1.4090909091e+00 0.0000000000e+00 3.2086542890e-09 -7.6601214810e-09
8.3333333333e-01 1.4090909091e+00 0.0000000000e+00 3.1788188302e-09 -7.7142026668e-09
8.6363636364e-01 1.4090909091e+00 0.0000000000e+00 3.1487403098e-09 -7.7711488148e-09
8.9393939394e-01 1.4090909091e+00 0.0000000000e+00 3.1184698638e-09 -7.8310110611e-09
9.2424242424e-01 1.4090909091e+00 0.0000000000e+00 3.0880558795e-09 -7.8938377930e-09
9.5454545455e-01 1.4090909091e+00 0.0000000000e+00 3.0575439772e-09 -7.9596746308e-09
9.8484848485e-01 1.4090909091e+00 0.0000000000e+00 3.0269770154e-09 -8.0285644329e-09
1.0151515152e+00 1.4090909091e+00 0.0000000000e+00 2.9963951160e-09 -8.1005473213e-09
1.0454545455e+00 1.4090909091e+00 0.0000000000e+00 2.9658357079e-09 -8.1756607249e-09
1.0757575758e+00 1.4090909091e+00 0.0000000000e+00 2.9353335859e-09 -8.2539394384e-09
1.1060606061e+00 1.4090909091e+00 0.0000000000e+00 2.9049209817e-09 -8.3354156937e-09
1.1363636364e+00 1.4090909091e+00 0.0000000000e+00 2.8746276459e-09 -8.4201192411e-09
1.1666666667e+00 1.4090909091e+00 0.0000000000e+00 2.8444809380e-09 -8.5080774404e-09
1.1969696970e+00 1.4090909091e+00 0.0000000000e+00 2.8145059230e-09 -8.5993153565e-09
1.2272727273e+00 1.4090909091e+00 0.0000000000e+00 2.7847254726e-09 -8.6938558611e-09
1.2575757576e+00 1.4090909091e+00 0.0000000000e+00 2.7551603693e-09 -8.7917197365e-09
1.2878787879e+00 1.4090909091e+00 0.0000000000e+00 2.7258294123e-09 -8.8929257822e-09
1.3181818182e+00 1.4090909091e+00 0.0000000000e+00 2.6967495249e-09 -8.9974909214e-09
1.3484848485e+00 1.4090909091e+00 0.0000000000e+00 2.6679358599e-09 -9.1054303067e-09
1.3787878788e+00 1.4090909091e+00 0.0000000000e+00 2.6394019049e-09 -9.2167574260e-09
1.4090909091e+00 1.4090909091e+00 0.0000000000e+00 2.6111595854e-09 -9.3314842047e-09
1.4393939394e+00 1.4090909091e+00 0.0000000000e+00 2.5832193652e-09 -9.4496211065e-09
1.4696969697e+00 1.4090909091e+00 0.0000000000e+00 2.5555903436e-09 -9.5711772307e-09
1.5000000000e+00 1.4090909091e+00 0.0000000000e+00 2.5282803494e-09 -9.6961604064e-09
-1.5000000000e+00 1.4393939394e+00 0.0000000000e+00 2.5029135157e-09 -9.8168706947e-09
-1.4696969697e+00 1.4393939394e+00 0.0000000000e+00 2.5294024606e-09 -9.6910664698e-09
-1.4393939394e+00 1.4393939394e+00 0.0000000000e+00 2.5561833379e-09 -9.5686622012e-09
-1.4090909091e+00 1.4393939394e+00 0.0000000000e+00 2.5832477856e-09 -9.4496495269e-09
-1.3787878788e+00 1.4393939394e+00 0.0000000000e+00 2.6105862145e-09 -9.3340188577e-09
-1.3484848485e+00 1.4393939394e+00 0.0000000000e+00 2.6381877228e-09 -9.2217592916e-09
-1.3181818182e+00 1.4393939394e+00 0.0000000000e+00 2.6660400070e-09 -9.1128585255e-09
-1.2878787879e+00 1.4393939394e+00 0.0000000000e+00 2.6941292720e-09 -9.0073027639e-09
-1.2575757576e+00 1.4393939394e+00 0.0000000000e+00 2.7224401378e-09 -8.9050766270e-09
-1.2272727273e+00 1.4393939394e+00 0.0000000000e+00 2.7509555462e-09 -8.8061630566e-09
-1.1969696970e+00 1.4393939394e+00 0.0000000000e+00 2.7796566666e-09 -8.7105432222e-09
-1.1666666667e+00 1.4393939394e+00 0.0000000000e+00 2.8085228023e-09 -8.6181964268e-09
-1.1363636364e+00 1.4393939394e+00 0.0000000000e+00 2.8375312975e-09 -8.5291000149e-09
-1.1060606061e+00 1.4393939394e+00 0.0000000000e+00 2.8666574482e-09 -8.4432292823e-09
-1.0757575758e+00 1.4393939394e+00 0.0000000000e+00 2.8958744152e-09 -8.3605573898e-09
-1.0454545455e+00 1.4393939394e+00 0.0000000000e+00 2.9251531430e-09 -8.2810552821e-09
-1.0151515152e+00 1.4393939394e+00 0.0000000000e+00 2.9544622861e-09 -8.2046916135e-09
-9.8484848485e-01 1.4393939394e+00 0.0000000000e+00 2.9837681423e-09 -8.1314326819e-09
-9.5454545455e-01 1.4393939394e+00 0.0000000000e+00 3.0130345979e-09 -8.0612423735e-09
-9.2424242424e-01 1.4393939394e+00 0.0000000000e+00 3.0422230843e-09 -7.9940821199e-09
-8.9393939394e-01 1.4393939394e+00 0.0000000000e+00 3.0712925499e-09 -7.9299108693e-09
-8.6363636364e-01 1.4393939394e+00 0.0000000000e+00 3.1001994488e-09 -7.8686850758e-09
-8.3333333333e-01 1.4393939394e+00 0.0000000000e+00 3.1288977488e-09 -7.8103587074e-09
-8.0303030303e-01 1.4393939394e+00 0.0000000000e+00 3.1573389615e-09 -7.7548832756e-09
-7.7272727273e-01 1.4393939394e+00 0.0000000000e+00 3.1854721961e-09 -7.7022078895e-09
-7.4242424242e-01 1.4393939394e+00 0.0000000000e+00 3.2132442407e-09 -7.6522793373e-09
-7.1212121212e-01 1.4393939394e+00 0.0000000000e+00 3.2405996718e-09 -7.6050421953e-09
-6.8181818182e-01 1.4393939394e+00 0.0000000000e+00 3.2674809951e-09 -7.5604389696e-09
-6.5151515152e-01 1.4393939394e+00 0.0000000000e+00 3.2938288196e-09 -7.5184102689e-09
-6.2121212121e-01 1.4393939394e+00 0.0000000000e+00 3.3195820653e-09 -7.4788950133e-09
-5.9090909091e-01 1.4393939394e+00 0.0000000000e+00 3.3446782071e-09 -7.4418306776e-09
-5.6060606061e-01 1.4393939394e+00 0.0000000000e+00 3.3690535537e-09 -7.4071535706e-09
-5.3030303030e-01 1.4393939394e+00 0.0000000000e+00 3.3926435632e-09 -7.3747991504e-09
-5.0000000000e-01 1.4393939394e+00 0.0000000000e+00 3.4153831929e-09 -7.3447023742e-09
-4.6969696970e-01 1.4393939394e+00 0.0000000000e+00 3.4372072831e-09 -7.3167980825e-09
-4.3939393939e-01 1.4393939394e+00 0.0000000000e+00 3.4580509713e-09 -7.2910214126e-09
-4.0909090909e-01 1.4393939394e+00 0.0000000000e+00 3.4778501344e-09 -7.2673082414e-09
-3.7878787879e-01 1.4393939394e+00 0.0000000000e+00 3.4965418536e-09 -7.2455956503e-09
-3.4848484848e-01 1.4393939394e+00 0.0000000000e+00 3.5140648984e-09 -7.2258224086e-09
-3.1818181818e-01 1.4393939394e+00 0.0000000000e+00 3.5303602224e-09 -7.2079294700e-09
-2.8787878788e-01 1.4393939394e+00 0.0000000000e+00 3.5453714644e-09 -7.1918604733e-09
-2.5757575758e-01 1.4393939394e+00 0.0000000000e+00 3.5590454485e-09 -7.1775622426e-09
-2.2727272727e-01 1.4393939394e+00 0.0000000000e+00 3.5713326737e-09 -7.1649852768e-09
-1.9696969697e-01 1.4393939394e+00 0.0000000000e+00 3.5821877860e-09 -7.1540842220e-09
-1.6666666667e-01 1.4393939394e+00 0.0000000000e+00 3.5915700245e-09 -7.1448183172e-09
-1.3636363636e-01 1.4393939394e+00 0.0000000000e+00 3.5994436326e-09 -7.1371518060e-09
-1.0606060606e-01 1.4393939394e+00 0.0000000000e+00 3.6057782277e-09 -7.1310543056e-09
-7.5757575758e-02 1.4393939394e+00 0.0000000000e+00 3.6105491204e-09 -7.1265011267e-09
-4.5454545455e-02 1.4393939394e+00 0.0000000000e+00 3.6137375784e-09 -7.1234735369e-09
-1.5151515152e-02 1.4393939394e+00 0.0000000000e+00 3.6153310287e-09 -7.1219589634e-09
1.5151515152e-02 1.4393939394e+00 0.0000000000e+00 3.6153231943e-09 -7.1219511290e-09
4.5454545455e-02 1.4393939394e+00 0.0000000000e+00 3.6137141621e-09 -7.1234501206e-09
7.5757575758e-02 1.4393939394e+00 0.0000000000e+00 3.6105103806e-09 -7.1264623869e-09
1.0606060606e-01 1.4393939394e+00 0.0000000000e+00 3.6057245887e-09 -7.1310006665e-09
1.3636363636e-01 1.4393939394e+00 0.0000000000e+00 3.5993756745e-09 -7.1370838479e-09
1.6666666667e-01 1.4393939394e+00 0.0000000000e+00 3.5914884708e-09 -7.1447367636e-09
1.9696969697e-01 1.4393939394e+00 0.0000000000e+00 3.5820934878e-09 -7.1539899238e-09
2.2727272727e-01 1.4393939394e+00 0.0000000000e+00 3.5712265913e-09 -7.1648791943e-09
2.5757575758e-01 1.4393939394e+00 0.0000000000e+00 3.5589286319e-09 -7.1774454260e-09
2.8787878788e-01 1.4393939394e+00 0.0000000000e+00 3.5452450327e-09 -7.1917340416e-09
3.1818181818e-01 1.4393939394e+00 0.0000000000e+00 3.5302253425e-09 -7.2077945902e-09
3.4848484848e-01 1.4393939394e+00 0.0000000000e+00 3.5139227646e-09 -7.2256802749e-09
3.7878787879e-01 1.4393939394e+00 0.0000000000e+00 3.4963936672e-09 -7.2454474639e-09
4.0909090909e-01 1.4393939394e+00 0.0000000000e+00 3.4776970854e-09 -7.2671551925e-09
4.3939393939e-01 1.4393939394e+00 0.0000000000e+00 3.4578942213e-09 -7.2908646626e-09
4.6969696970e-01 1.4393939394e+00 0.0000000000e+00 3.4370479505e-09 -7.3166387499e-09
5.0000000000e-01 1.4393939394e+00 0.0000000000e+00 3.4152223400e-09 -7.3445415214e-09
5.3030303030e-01 1.4393939394e+00 0.0000000000e+00 3.3924821862e-09 -7.3746377734e-09
5.6060606061e-01 1.4393939394e+00 0.0000000000e+00 3.3688925744e-09 -7.4069925914e-09
5.9090909091e-01 1.4393939394e+00 0.0000000000e+00 3.3445184671e-09 -7.4416709376e-09
6.2121212121e-01 1.4393939394e+00 0.0000000000e+00 3.3194243225e-09 -7.4787372704e-09
6.5151515152e-01 1.4393939394e+00 0.0000000000e+00 3.2936737463e-09 -7.5182551956e-09
6.8181818182e-01 1.4393939394e+00 0.0000000000e+00 3.2673291785e-09 -7.5602871530e-09
7.1212121212e-01 1.4393939394e+00 0.0000000000e+00 3.2404516154e-09 -7.6048941389e-09
7.4242424242e-01 1.4393939394e+00 0.0000000000e+00 3.2131003671e-09 -7.6521354636e-09
7.7272727273e-01 1.4393939394e+00 0.0000000000e+00 3.1853328510e-09 -7.7020685444e-09
8.0303030303e-01 1.4393939394e+00 0.0000000000e+00 3.1572044185e-09 -7.7547487325e-09
8.3333333333e-01 1.4393939394e+00 0.0000000000e+00 3.1287682146e-09 -7.8102291732e-09
8.6363636364e-01 1.4393939394e+00 0.0000000000e+00 3.1000750689e-09 -7.8685606960e-09
8.9393939394e-01 1.4393939394e+00 0.0000000000e+00 3.0711734145e-09 -7.9297917339e-09
9.2424242424e-01 1.4393939394e+00 0.0000000000e+00 3.0421092343e-09 -7.9939682698e-09
9.5454545455e-01 1.4393939394e+00 0.0000000000e+00 3.0129260304e-09 -8.0611338060e-09
9.8484848485e-01 1.4393939394e+00 0.0000000000e+00 2.9836648166e-09 -8.1313293562e-09
1.0151515152e+00 1.4393939394e+00 0.0000000000e+00 2.9543641289e-09 -8.2045934562e-09
1.0454545455e+00 1.4393939394e+00 0.0000000000e+00 2.9250600535e-09 -8.2809621925e-09
1.0757575758e+00 1.4393939394e+00 0.0000000000e+00 2.8957862696e-09 -8.3604692442e-09
1.1060606061e+00 1.4393939394e+00 0.0000000000e+00 2.8665741045e-09 -8.4431459385e-09
1.1363636364e+00 1.4393939394e+00 0.0000000000e+00 2.8374525988e-09 -8.5290213161e-09
1.1666666667e+00 1.4393939394e+00 0.0000000000e+00 2.8084485805e-09 -8.6181222050e-09
1.1969696970e+00 1.4393939394e+00 0.0000000000e+00 2.7795867459e-09 -8.7104733014e-09
1.2272727273e+00 1.4393939394e+00 0.0000000000e+00 2.7508897451e-09 -8.8060972555e-09
1.2575757576e+00 1.4393939394e+00 0.0000000000e+00 2.7223782719e-09 -8.9050147612e-09
1.2878787879e+00 1.4393939394e+00 0.0000000000e+00 2.6940711562e-09 -9.0072446481e-09
1.3181818182e+00 1.4393939394e+00 0.0000000000e+00 2.6659854567e-09 -9.1128039752e-09
1.3484848485e+00 1.4393939394e+00 0.0000000000e+00 2.6381365557e-09 -9.2217081245e-09
1.3787878788e+00 1.4393939394e+00 0.0000000000e+00 2.6105382519e-09 -9.3339708950e-09
1.4090909091e+00 1.4393939394e+00 0.0000000000e+00 2.5832028528e-09 -9.4496045941e-09
1.4393939394e+00 1.4393939394e+00 0.0000000000e+00 2.5561412657e-09 -9.5686201290e-09
1.4696969697e+00 1.4393939394e+00 0.0000000000e+00 2.5293630854e-09 -9.6910270946e-09
1.5000000000e+00 1.4393939394e+00 0.0000000000e+00 2.5028766801e-09 -9.8168338591e-09
-1.5000000000e+00 1.4696969697e+00 0.0000000000e+00 2.4777436607e-09 -9.9408859856e-09
-1.4696969697e+00 1.4696969697e+00 0.0000000000e+00 2.5034332598e-09 -9.8142824149e-09
-1.4393939394e+00 1.4696969697e+00 0.0000000000e+00 2.5293892275e-09 -9.6910532368e-09
-1.4090909091e+00 1.4696969697e+00 0.0000000000e+00 2.5556027545e-09 -9.5711896417e-09
-1.3787878788e+00 1.4696969697e+00 0.0000000000e+00 2.5820638501e-09 -9.4546816391e-09
-1.3484848485e+00 1.4696969697e+00 0.0000000000e+00 2.6087612643e-09 -9.3415179790e-09
-1.3181818182e+00 1.4696969697e+00 0.0000000000e+00 2.6356824081e-09 -9.2316860725e-09
-1.2878787879e+00 1.4696969697e+00 0.0000000000e+00 2.6628132719e-09 -9.1251719097e-09
-1.2575757576e+00 1.4696969697e+00 0.0000000000e+00 2.6901383424e-09 -9.0219599775e-09
-1.2272727273e+00 1.4696969697e+00 0.0000000000e+00 2.7176405201e-09 -8.9220331765e-09
-1.1969696970e+00 1.4696969697e+00 0.0000000000e+00 2.7453010363e-09 -8.8253727378e-09
-1.1666666667e+00 1.4696969697e+00 0.0000000000e+00 2.7730993711e-09 -8.7319581415e-09
-1.1363636364e+00 1.4696969697e+00 0.0000000000e+00 2.8010131737e-09 -8.6417670369e-09
-1.1060606061e+00 1.4696969697e+00 0.0000000000e+00 2.8290181852e-09 -8.5547751651e-09
-1.0757575758e+00 1.4696969697e+00 0.0000000000e+00 2.8570881664e-09 -8.4709562868e-09
-1.0454545455e+00 1.4696969697e+00 0.0000000000e+00 2.8851948302e-09 -8.3902821151e-09
-1.0151515152e+00 1.4696969697e+00 0.0000000000e+00 2.9133077818e-09 -8.3127222550e-09
-9.8484848485e-01 1.4696969697e+00 0.0000000000e+00 2.9413944664e-09 -8.2382441519e-09
-9.5454545455e-01 1.4696969697e+00 0.0000000000e+00 2.9694201285e-09 -8.1668130500e-09
-9.2424242424e-01 1.4696969697e+00 0.0000000000e+00 2.9973477819e-09 -8.0983919634e-09
-8.9393939394e-01 1.4696969697e+00 0.0000000000e+00 3.0251381949e-09 -8.0329416602e-09
-8.6363636364e-01 1.4696969697e+00 0.0000000000e+00 3.0527498906e-09 -7.9704206636e-09
-8.3333333333e-01 1.4696969697e+00 0.0000000000e+00 3.0801391658e-09 -7.9107852703e-09
-8.0303030303e-01 1.4696969697e+00 0.0000000000e+00 3.1072601299e-09 -7.8539895898e-09
-7.7272727273e-01 1.4696969697e+00 0.0000000000e+00 3.1340647660e-09 -7.7999856053e-09
-7.4242424242e-01 1.4696969697e+00 0.0000000000e+00 3.1605030163e-09 -7.7487232587e-09
-7.1212121212e-01 1.4696969697e+00 0.0000000000e+00 3.1865228930e-09 -7.7001505625e-09
-6.8181818182e-01 1.4696969697e+00 0.0000000000e+00 3.2120706180e-09 -7.6542137383e-09
-6.5151515152e-01 1.4696969697e+00 0.0000000000e+00 3.2370907902e-09 -7.6108573854e-09
-6.2121212121e-01 1.4696969697e+00 0.0000000000e+00 3.2615265847e-09 -7.5700246785e-09
-5.9090909091e-01 1.4696969697e+00 0.0000000000e+00 3.2853199810e-09 -7.5316575974e-09
-5.6060606061e-01 1.4696969697e+00 0.0000000000e+00 3.3084120240e-09 -7.4956971868e-09
-5.3030303030e-01 1.4696969697e+00 0.0000000000e+00 3.3307431146e-09 -7.4620838477e-09
-5.0000000000e-01 1.4696969697e+00 0.0000000000e+00 3.3522533302e-09 -7.4307576574e-09
-4.6969696970e-01 1.4696969697e+00 0.0000000000e+00 3.3728827738e-09 -7.4016587191e-09
-4.3939393939e-01 1.4696969697e+00 0.0000000000e+00 3.3925719484e-09 -7.3747275356e-09
-4.0909090909e-01 1.4696969697e+00 0.0000000000e+00 3.4112621542e-09 -7.3499054072e-09
-3.7878787879e-01 1.4696969697e+00 0.0000000000e+00 3.4288959050e-09 -7.3271348477e-09
-3.4848484848e-01 1.4696969697e+00 0.0000000000e+00 3.4454173583e-09 -7.3063600145e-09
-3.1818181818e-01 1.4696969697e+00 0.0000000000e+00 3.4607727550e-09 -7.2875271485e-09
-2.8787878788e-01 1.4696969697e+00 0.0000000000e+00 3.4749108621e-09 -7.2705850169e-09
-2.5757575758e-01 1.4696969697e+00 0.0000000000e+00 3.4877834125e-09 -7.2554853524e-09
-2.2727272727e-01 1.4696969697e+00 0.0000000000e+00 3.4993455346e-09 -7.2421832836e-09
-1.9696969697e-01 1.4696969697e+00 0.0000000000e+00 3.5095561654e-09 -7.2306377473e-09
-1.6666666667e-01 1.4696969697e+00 0.0000000000e+00 3.5183784398e-09 -7.2208118784e-09
-1.3636363636e-01 1.4696969697e+00 0.0000000000e+00 3.5257800483e-09 -7.2126733675e-09
-1.0606060606e-01 1.4696969697e+00 0.0000000000e+00 3.5317335585e-09 -7.2061947823e-09
-7.5757575758e-02 1.4696969697e+00 0.0000000000e+00 3.5362166925e-09 -7.2013538447e-09
-4.5454545455e-02 1.4696969697e+00 0.0000000000e+00 3.5392125551e-09 -7.1981336596e-09
-1.5151515152e-02 1.4696969697e+00 0.0000000000e+00 3.5407098094e-09 -7.1965228899e-09
1.5151515152e-02 1.4696969697e+00 0.0000000000e+00 3.5407027945e-09 -7.1965158751e-09
4.5454545455e-02 1.4696969697e+00 0.0000000000e+00 3.5391915849e-09 -7.1981126894e-09
7.5757575758e-02 1.4696969697e+00 0.0000000000e+00 3.5361819886e-09 -7.2013191407e-09
1.0606060606e-01 1.4696969697e+00 0.0000000000e+00 3.5316854847e-09 -7.2061467085e-09
1.3636363636e-01 1.4696969697e+00 0.0000000000e+00 3.5257191029e-09 -7.2126124222e-09
1.6666666667e-01 1.4696969697e+00 0.0000000000e+00 3.5183052451e-09 -7.2207386837e-09
1.9696969697e-01 1.4696969697e+00 0.0000000000e+00 3.5094714542e-09 -7.2305530361e-09
2.2727272727e-01 1.4696969697e+00 0.0000000000e+00 3.4992501356e-09 -7.2420878846e-09
2.5757575758e-01 1.4696969697e+00 0.0000000000e+00 3.4876782340e-09 -7.2553801740e-09
2.8787878788e-01 1.4696969697e+00 0.0000000000e+00 3.4747968746e-09 -7.2704710294e-09
3.1818181818e-01 1.4696969697e+00 0.0000000000e+00 3.4606509735e-09 -7.2874053670e-09
3.4848484848e-01 1.4696969697e+00 0.0000000000e+00 3.4452888248e-09 -7.3062314810e-09
3.7878787879e-01 1.4696969697e+00 0.0000000000e+00 3.4287616718e-09 -7.3270006144e-09
4.0909090909e-01 1.4696969697e+00 0.0000000000e+00 3.4111232676e-09 -7.3497665206e-09
4.3939393939e-01 1.4696969697e+00 0.0000000000e+00 3.3924294344e-09 -7.3745850216e-09
4.6969696970e-01 1.4696969697e+00 0.0000000000e+00 3.3727376251e-09 -7.4015135704e-09
5.0000000000e-01 1.4696969697e+00 0.0000000000e+00 3.3521064947e-09 -7.4306108220e-09
5.3030303030e-01 1.4696969697e+00 0.0000000000e+00 3.3305954863e-09 -7.4619362194e-09
5.6060606061e-01 1.4696969697e+00 0.0000000000e+00 3.3082644354e-09 -7.4955495982e-09
5.9090909091e-01 1.4696969697e+00 0.0000000000e+00 3.2851731976e-09 -7.5315108141e-09
6.2121212121e-01 1.4696969697e+00 0.0000000000e+00 3.2613813015e-09 -7.5698793953e-09
6.5151515152e-01 1.4696969697e+00 0.0000000000e+00 3.2369476293e-09 -7.6107142245e-09
6.8181818182e-01 1.4696969697e+00 0.0000000000e+00 3.2119301282e-09 -7.6540732486e-09
7.1212121212e-01 1.4696969697e+00 0.0000000000e+00 3.1863855506e-09 -7.7000132201e-09
7.4242424242e-01 1.4696969697e+00 0.0000000000e+00 3.1603692270e-09 -7.7485894695e-09
7.7272727273e-01 1.4696969697e+00 0.0000000000e+00 3.1339348680e-09 -7.7998557072e-09
8.0303030303e-01 1.4696969697e+00 0.0000000000e+00 3.1071343971e-09 -7.8538638570e-09
8.3333333333e-01 1.4696969697e+00 0.0000000000e+00 3.0800178123e-09 -7.9106639168e-09
8.6363636364e-01 1.4696969697e+00 0.0000000000e+00 3.0526330753e-09 -7.9703038483e-09
8.9393939394e-01 1.4696969697e+00 0.0000000000e+00 3.0250260263e-09 -8.0328294916e-09
9.2424242424e-01 1.4696969697e+00 0.0000000000e+00 2.9972403229e-09 -8.0982845043e-09
9.5454545455e-01 1.4696969697e+00 0.0000000000e+00 2.9693174014e-09 -8.1667103229e-09
9.8484848485e-01 1.4696969697e+00 0.0000000000e+00 2.9412964580e-09 -8.2381461434e-09
1.0151515152e+00 1.4696969697e+00 0.0000000000e+00 2.9132144476e-09 -8.3126289209e-09
1.0454545455e+00 1.4696969697e+00 0.0000000000e+00 2.8851060994e-09 -8.3901933843e-09
1.0757575758e+00 1.4696969697e+00 0.0000000000e+00 2.8570039454e-09 -8.4708720659e-09
1.1060606061e+00 1.4696969697e+00 0.0000000000e+00 2.8289383619e-09 -8.5546953419e-09
1.1363636364e+00 1.4696969697e+00 0.0000000000e+00 2.8009376210e-09 -8.6416914842e-09
1.1666666667e+00 1.4696969697e+00 0.0000000000e+00 2.7730279499e-09 -8.7318867203e-09
1.1969696970e+00 1.4696969697e+00 0.0000000000e+00 2.7452335983e-09 -8.8253052997e-09
1.2272727273e+00 1.4696969697e+00 0.0000000000e+00 2.7175769105e-09 -8.9219695669e-09
1.2575757576e+00 1.4696969697e+00 0.0000000000e+00 2.6900784023e-09 -9.0219000374e-09
1.2878787879e+00 1.4696969697e+00 0.0000000000e+00 2.6627568399e-09 -9.1251154777e-09
1.3181818182e+00 1.4696969697e+00 0.0000000000e+00 2.6356293223e-09 -9.2316329867e-09
1.3484848485e+00 1.4696969697e+00 0.0000000000e+00 2.6087113633e-09 -9.3414680781e-09
1.3787878788e+00 1.4696969697e+00 0.0000000000e+00 2.5820169746e-09 -9.4546347636e-09
1.4090909091e+00 1.4696969697e+00 0.0000000000e+00 2.5555587482e-09 -9.5711456354e-09
1.4393939394e+00 1.4696969697e+00 0.0000000000e+00 2.5293479376e-09 -9.6910119469e-09
1.4696969697e+00 1.4696969697e+00 0.0000000000e+00 2.5033945380e-09 -9.8142436931e-09
1.5000000000e+00 1.4696969697e+00 0.0000000000e+00 2.4777073637e-09 -9.9408496886e-09
-1.5000000000e+00 1.5000000000e+00 0.0000000000e+00 2.4528172084e-09 -1.0068252703e-08
-1.4696969697e+00 1.5000000000e+00 0.0000000000e+00 2.4777314514e-09 -9.9408737763e-09
-1.4393939394e+00 1.5000000000e+00 0.0000000000e+00 2.5028881181e-09 -9.8168452971e-09
-1.4090909091e+00 1.5000000000e+00 0.0000000000e+00 2.5282780360e-09 -9.6961580929e-09
-1.3787878788e+00 1.5000000000e+00 0.0000000000e+00 2.5538908984e-09 -9.5788018572e-09
-1.3484848485e+00 1.5000000000e+00 0.0000000000e+00 2.5797151941e-09 -9.4647650787e-09
-1.3181818182e+00 1.5000000000e+00 0.0000000000e+00 2.6057381351e-09 -9.3540349692e-09
-1.2878787879e+00 1.5000000000e+00 0.0000000000e+00 2.6319455835e-09 -9.2465973910e-09
-1.2575757576e+00 1.5000000000e+00 0.0000000000e+00 2.6583219781e-09 -9.1424367830e-09
-1.2272727273e+00 1.5000000000e+00 0.0000000000e+00 2.6848502613e-09 -9.0415360875e-09
-1.1969696970e+00 1.5000000000e+00 0.0000000000e+00 2.7115118062e-09 -8.9438766774e-09
-1.1666666667e+00 1.5000000000e+00 0.0000000000e+00 2.7382863455e-09 -8.8494382856e-09
-1.1363636364e+00 1.5000000000e+00 0.0000000000e+00 2.7651519031e-09 -8.7581989361e-09
-1.1060606061e+00 1.5000000000e+00 0.0000000000e+00 2.7920847290e-09 -8.6701348787e-09
-1.0757575758e+00 1.5000000000e+00 0.0000000000e+00 2.8190592384e-09 -8.5852205287e-09
-1.0454545455e+00 1.5000000000e+00 0.0000000000e+00 2.8460479568e-09 -8.5034284115e-09
-1.0151515152e+00 1.5000000000e+00 0.0000000000e+00 2.8730214718e-09 -8.4247291149e-09
-9.8484848485e-01 1.5000000000e+00 0.0000000000e+00 2.8999483944e-09 -8.3490912497e-09
-9.5454545455e-01 1.5000000000e+00 0.0000000000e+00 2.9267953286e-09 -8.2764814199e-09
-9.2424242424e-01 1.5000000000e+00 0.0000000000e+00 2.9535268538e-09 -8.2068642050e-09
-8.9393939394e-01 1.5000000000e+00 0.0000000000e+00 2.9801055205e-09 -8.1402021555e-09
-8.6363636364e-01 1.5000000000e+00 0.0000000000e+00 3.0064918602e-09 -8.0764558029e-09
-8.3333333333e-01 1.5000000000e+00 0.0000000000e+00 3.0326444127e-09 -8.0155836870e-09
-8.0303030303e-01 1.5000000000e+00 0.0000000000e+00 3.0585197721e-09 -7.9575424018e-09
-7.7272727273e-01 1.5000000000e+00 0.0000000000e+00 3.0840726520e-09 -7.9022866610e-09
-7.4242424242e-01 1.5000000000e+00 0.0000000000e+00 3.1092559739e-09 -7.8497693861e-09
-7.1212121212e-01 1.5000000000e+00 0.0000000000e+00 3.1340209783e-09 -7.7999418175e-09
-6.8181818182e-01 1.5000000000e+00 0.0000000000e+00 3.1583173600e-09 -7.7527536501e-09
-6.5151515152e-01 1.5000000000e+00 0.0000000000e+00 3.1820934302e-09 -7.7081531951e-09
-6.2121212121e-01 1.5000000000e+00 0.0000000000e+00 3.2052963042e-09 -7.6660875678e-09
-5.9090909091e-01 1.5000000000e+00 0.0000000000e+00 3.2278721165e-09 -7.6265029027e-09
-5.6060606061e-01 1.5000000000e+00 0.0000000000e+00 3.2497662623e-09 -7.5893445949e-09
-5.3030303030e-01 1.5000000000e+00 0.0000000000e+00 3.2709236659e-09 -7.5545575688e-09
-5.0000000000e-01 1.5000000000e+00 0.0000000000e+00 3.2912890739e-09 -7.5220865709e-09
-4.6969696970e-01 1.5000000000e+00 0.0000000000e+00 3.3108073723e-09 -7.4918764874e-09
-4.3939393939e-01 1.5000000000e+00 0.0000000000e+00 3.3294239253e-09 -7.4638726822e-09
-4.0909090909e-01 1.5000000000e+00 0.0000000000e+00 3.3470849323e-09 -7.4380213550e-09
-3.7878787879e-01 1.5000000000e+00 0.0000000000e+00 3.3637378005e-09 -7.4142699129e-09
-3.4848484848e-01 1.5000000000e+00 0.0000000000e+00 3.3793315286e-09 -7.3925673545e-09
-3.1818181818e-01 1.5000000000e+00 0.0000000000e+00 3.3938170965e-09 -7.3728646598e-09
-2.8787878788e-01 1.5000000000e+00 0.0000000000e+00 3.4071478575e-09 -7.3551151821e-09
-2.5757575758e-01 1.5000000000e+00 0.0000000000e+00 3.4192799255e-09 -7.3392750353e-09
-2.2727272727e-01 1.5000000000e+00 0.0000000000e+00 3.4301725533e-09 -7.3253034721e-09
-1.9696969697e-01 1.5000000000e+00 0.0000000000e+00 3.4397884941e-09 -7.3131632457e-09
-1.6666666667e-01 1.5000000000e+00 0.0000000000e+00 3.4480943421e-09 -7.3028209505e-09
-1.3636363636e-01 1.5000000000e+00 0.0000000000e+00 3.4550608457e-09 -7.2942473347e-09
-1.0606060606e-01 1.5000000000e+00 0.0000000000e+00 3.4606631865e-09 -7.2874175800e-09
-7.5757575758e-02 1.5000000000e+00 0.0000000000e+00 3.4648812212e-09 -7.2823115431e-09
-4.5454545455e-02 1.5000000000e+00 0.0000000000e+00 3.4676996801e-09 -7.2789139543e-09
-1.5151515152e-02 1.5000000000e+00 0.0000000000e+00 3.4691083195e-09 -7.2772145698e-09
1.5151515152e-02 1.5000000000e+00 0.0000000000e+00 3.4691020236e-09 -7.2772082739e-09
4.5454545455e-02 1.5000000000e+00 0.0000000000e+00 3.4676808565e-09 -7.2788951307e-09
7.5757575758e-02 1.5000000000e+00 0.0000000000e+00 3.4648500604e-09 -7.2822803823e-09
1.0606060606e-01 1.5000000000e+00 0.0000000000e+00 3.4606200017e-09 -7.2873743953e-09
1.3636363636e-01 1.5000000000e+00 0.0000000000e+00 3.4550060663e-09 -7.2941925553e-09
1.6666666667e-01 1.5000000000e+00 0.0000000000e+00 3.4480285046e-09 -7.3027551130e-09
1.9696969697e-01 1.5000000000e+00 0.0000000000e+00 3.4397122316e-09 -7.3130869832e-09
2.2727272727e-01 1.5000000000e+00 0.0000000000e+00 3.4300865831e-09 -7.3252175018e-09
2.5757575758e-01 1.5000000000e+00 0.0000000000e+00 3.4191850352e-09 -7.3391801450e-09
2.8787878788e-01 1.5000000000e+00 0.0000000000e+00 3.4070448908e-09 -7.3550122154e-09
3.1818181818e-01 1.5000000000e+00 0.0000000000e+00 3.3937069383e-09 -7.3727545016e-09
3.4848484848e-01 1.5000000000e+00 0.0000000000e+00 3.3792150902e-09 -7.3924509162e-09
3.7878787879e-01 1.5000000000e+00 0.0000000000e+00 3.3636160053e-09 -7.4141481177e-09
4.0909090909e-01 1.5000000000e+00 0.0000000000e+00 3.3469587019e-09 -7.4378951247e-09
4.3939393939e-01 1.5000000000e+00 0.0000000000e+00 3.3292941672e-09 -7.4637429242e-09
4.6969696970e-01 1.5000000000e+00 0.0000000000e+00 3.3106749683e-09 -7.4917440834e-09
5.0000000000e-01 1.5000000000e+00 0.0000000000e+00 3.2911548705e-09 -7.5219523675e-09
5.3030303030e-01 1.5000000000e+00 0.0000000000e+00 3.2707884655e-09 -7.5544223684e-09
5.6060606061e-01 1.5000000000e+00 0.0000000000e+00 3.2496308167e-09 -7.5892091492e-09
5.9090909091e-01 1.5000000000e+00 0.0000000000e+00 3.2277371214e-09 -7.6263679076e-09
6.2121212121e-01 1.5000000000e+00 0.0000000000e+00 3.2051623959e-09 -7.6659536596e-09
6.5151515152e-01 1.5000000000e+00 0.0000000000e+00 3.1819611829e-09 -7.7080209479e-09
6.8181818182e-01 1.5000000000e+00 0.0000000000e+00 3.1581872850e-09 -7.7526235752e-09
7.1212121212e-01 1.5000000000e+00 0.0000000000e+00 3.1338935241e-09 -7.7998143633e-09
7.4242424242e-01 1.5000000000e+00 0.0000000000e+00 3.1091315275e-09 -7.8496449397e-09
7.7272727273e-01 1.5000000000e+00 0.0000000000e+00 3.0839515407e-09 -7.9021655498e-09
8.0303030303e-01 1.5000000000e+00 0.0000000000e+00 3.0584022667e-09 -7.9574248964e-09
8.3333333333e-01 1.5000000000e+00 0.0000000000e+00 3.0325307304e-09 -8.0154700047e-09
8.6363636364e-01 1.5000000000e+00 0.0000000000e+00 3.0063821682e-09 -8.0763461110e-09
8.9393939394e-01 1.5000000000e+00 0.0000000000e+00 2.9799999406e-09 -8.1400965756e-09
9.2424242424e-01 1.5000000000e+00 0.0000000000e+00 2.9534254658e-09 -8.2067628171e-09
9.5454545455e-01 1.5000000000e+00 0.0000000000e+00 2.9266981749e-09 -8.2763842662e-09
9.8484848485e-01 1.5000000000e+00 0.0000000000e+00 2.8998554840e-09 -8.3489983393e-09
1.0151515152e+00 1.5000000000e+00 0.0000000000e+00 2.8729327843e-09 -8.4246404274e-09
1.0454545455e+00 1.5000000000e+00 0.0000000000e+00 2.8459634462e-09 -8.5033439009e-09
1.0757575758e+00 1.5000000000e+00 0.0000000000e+00 2.8189788371e-09 -8.5851401273e-09
1.1060606061e+00 1.5000000000e+00 0.0000000000e+00 2.7920083507e-09 -8.6700585004e-09
1.1363636364e+00 1.5000000000e+00 0.0000000000e+00 2.7650794462e-09 -8.7581264792e-09
1.1666666667e+00 1.5000000000e+00 0.0000000000e+00 2.7382176963e-09 -8.8493696364e-09
1.1969696970e+00 1.5000000000e+00 0.0000000000e+00 2.7114468411e-09 -8.9438117123e-09
1.2272727273e+00 1.5000000000e+00 0.0000000000e+00 2.6847888493e-09 -9.0414746754e-09
1.2575757576e+00 1.5000000000e+00 0.0000000000e+00 2.6582639829e-09 -9.1423787878e-09
1.2878787879e+00 1.5000000000e+00 0.0000000000e+00 2.6318908652e-09 -9.2465426728e-09
1.3181818182e+00 1.5000000000e+00 0.0000000000e+00 2.6056865523e-09 -9.3539833864e-09
1.3484848485e+00 1.5000000000e+00 0.0000000000e+00 2.5796666046e-09 -9.4647164891e-09
1.3787878788e+00 1.5000000000e+00 0.0000000000e+00 2.5538451608e-09 -9.5787561196e-09
1.4090909091e+00 1.5000000000e+00 0.0000000000e+00 2.5282350106e-09 -9.6961150675e-09
1.4393939394e+00 1.5000000000e+00 0.0000000000e+00 2.5028476678e-09 -9.8168048468e-09
1.4696969697e+00 1.5000000000e+00 0.0000000000e+00 2.4776934422e-09 -9.9408357671e-09
1.5000000000e+00 1.5000000000e+00 0.0000000000e+00 2.4527815101e-09 -1.0068217005e-08
