2.11299387196319139737e-02
2.02018534110505743051e-02
1.94891335038727686602e-02
2.01658065213023360296e-02
1.82766928547152679441e-02
1.79370589749907431709e-02
2.00072650251476406857e-02
2.05924955698574829732e-02
2.05328123769467074666e-02
2.00959728507629081795e-02
1.90380986269637793307e-02
2.12705896208209496723e-02
2.49864130076603019326e-02
2.02700372590106751847e-02
1.98460434130389093421e-02
2.43431976187517239152e-02
1.98446353094129633587e-02
1.97986771489915419631e-02
2.41530265701443667969e-02
1.86408864290542770903e-02
2.50456321811788167053e-02
1.97699098118833162252e-02
1.82081413219718803165e-02
2.13266383614483419351e-02
1.93295189813404329204e-02
2.41981670345688820722e-02
1.74909010447021028012e-02
2.04827924687257661995e-02
2.40601863471772807468e-02
2.10468054330791264073e-02
2.23348728505447270687e-02
2.03188371874475151579e-02
2.05895093846356624923e-02
2.56648746915331751883e-02
1.91151228311015573824e-02
2.60917945392435575436e-02
2.03262461979579478477e-02
2.12138952953035003768e-02
2.58696485907713921715e-02
2.18920778285205328006e-02
2.44149022737052169563e-02
2.05193554201691455430e-02
2.53246040905721787884e-02
2.07739531604579294455e-02
1.84645775186443143745e-02
2.20381743209368437253e-02
2.03654718258625133664e-02
1.88373095300257767382e-02
1.44156775622930732189e-02
1.32694087543492288128e-02
1.32540442314789310568e-02
2.31930673451119923056e-02
1.79533440940928892826e-02
1.95244667691591537728e-02
2.22432505324649081035e-02
1.97308900097816243557e-02
1.72778256091471217604e-02
2.51617043273085969068e-02
1.69158827034122001554e-02
2.03052883596860078708e-02
1.95349602868805441447e-02
1.72519117578313653516e-02
2.47157199397468468893e-02
1.75393870591306552664e-02
1.79395039142669736332e-02
2.28363361813776963305e-02
1.88948564492800522019e-02
1.93142757449656678193e-02
1.91270198622464221438e-02
1.92615812900317241729e-02
3.04758337565174605710e-02
1.93855523451977006244e-02
1.82256159679172503874e-02
2.51985119118173367392e-02
1.87864000771834974146e-02
2.16917953431706583833e-02
2.16836197513238099210e-02
1.92782735381050139567e-02
3.01504555934068788070e-02
1.82998913649780985125e-02
2.16616266727155185046e-02
2.39602775944040349843e-02
1.87843944441549691449e-02
2.61921232978848048112e-02
2.04511623114677770774e-02
2.08876301470894455703e-02
1.45851660563052938635e-02
1.54954008518656885518e-02
1.60262589839300917394e-02
2.32625872550754723977e-02
2.01081037261100215030e-02
2.09636228915710057241e-02
2.52869954444023478657e-02
1.87239768047555779629e-02
1.32242771038051515342e-02
2.06357956972366279880e-02
1.50841046556268697232e-02
1.49307036487936507785e-02
2.29556794933192982733e-02
1.95170711237623965839e-02
2.09813193162393871183e-02
2.23270006254758790476e-02
2.09109819044922019826e-02
2.03994720907184207137e-02
2.37445368784063685907e-02
1.87666787551766869879e-02
1.96496936739481951884e-02
1.95363110860264505009e-02
1.38524608272321079344e-02
1.34422071390824741238e-02
1.23078397266498384965e-02
2.43461802397501314577e-02
1.82992482021120186908e-02
1.92111164494648718748e-02
1.98549825494282357330e-02
2.13538721327444468157e-02
1.76684529430988952747e-02
2.17020854594667834958e-02
1.91398722780482498373e-02
1.73354149834954902876e-02
2.46846539453159027899e-02
1.79998789754264726382e-02
1.76504464886869105733e-02
2.30124362121875356002e-02
1.85155040917064951655e-02
1.74742159186041939867e-02
2.10370100596543908866e-02
1.96153820997705743978e-02
1.79647250195737705203e-02
1.94945557337325089953e-02
1.99566281747974964833e-02
1.97400346306974075472e-02
1.89051908844211288829e-02
1.97377394913982318059e-02
2.29815517687557320514e-02
1.90684350582317058143e-02
1.93883405759750354624e-02
2.81532520247661580126e-02
1.89634656321042774363e-02
1.96951673618174609437e-02
2.54974785674976119065e-02
1.89174023769121124605e-02
2.21867510972201670283e-02
2.36551374022642181549e-02
1.98390880468332017617e-02
2.37453733449276283007e-02
2.22496533277284948282e-02
1.89366121928950144337e-02
2.67594014311400459072e-02
2.12838632590420517854e-02
1.97174680443027473820e-02
1.45659863545727595591e-02
1.55458330333243938126e-02
1.56658020273460693583e-02
2.63882562008178195301e-02
2.36138980890491720355e-02
2.13405569796104484237e-02
2.17970206055781851040e-02
2.18469897468735983759e-02
2.34098294021976918722e-02
2.17010078383470458863e-02
2.34723777632348043487e-02
2.01847384659796895423e-02
2.13604361931117835149e-02
1.33636482845151637056e-02
1.52068086184741560474e-02
1.50946991366977690402e-02
1.32837689495046464006e-02
2.07217151518039113811e-02
1.48903793642984165480e-02
1.53892429360543911421e-02
1.91481498244150012689e-02
2.33867865840948728484e-02
1.92983049343718252033e-02
2.12278304649815771632e-02
2.25631700512139918291e-02
2.00750426943506199429e-02
2.13723092037336886984e-02
1.25108774896087893841e-02
1.69432343931139629822e-02
2.03303184269209118173e-02
1.63823062753691642279e-02
1.34335103621503176158e-02
1.48395230718510566514e-02
1.94751101339633025944e-02
1.43065472340463788192e-02
2.59256186859638942943e-02
1.92225567082009128617e-02
1.98231016453026334667e-02
1.90525321637308904521e-02
2.28411134929976666896e-02
1.85207444720777887615e-02
2.08640924663044020904e-02
2.05145159168453224130e-02
1.78047291933912874007e-02
2.28234731362253508158e-02
1.91018637166638916014e-02
1.72477223322385353477e-02
2.56182351410084580001e-02
1.87077546637751321312e-02
1.69266672756334460304e-02
2.18900551760382797162e-02
1.71155495994139809912e-02
1.94342222252396890081e-02
1.92067864605196293726e-02
1.79119373525032203609e-02
2.08915951437414239289e-02
1.74263084312197280568e-02
1.89115191893723874617e-02
2.25476506674198787228e-02
1.66436582856654517737e-02
2.00943818777786741003e-02
2.43619975366348301415e-02
1.68248300706333175913e-02
1.99026183562949661454e-02
2.52993443183957104903e-02
1.92751517006260961185e-02
1.74966667888486679394e-02
2.28088372500660357955e-02
1.87756249765487180647e-02
1.90951494272760188831e-02
2.13814844456599803535e-02
1.81898115166155630029e-02
2.17951310718701475599e-02
2.14913662229742896681e-02
1.73078843955579951552e-02
2.68164363385592283140e-02
2.25666980952021374585e-02
1.71470652293621399209e-02
2.69571189456514412330e-02
1.90140889155909834085e-02
2.33947183039249426151e-02
2.53506426397833231623e-02
1.87656765305703812641e-02
2.35084340039931165289e-02
2.31930734868602550502e-02
1.91856788511535307495e-02
2.51470942140757068584e-02
1.98163261911384579184e-02
2.17789488968131786373e-02
1.41577639396198440291e-02
2.09157863830170161201e-02
1.58243859384811468016e-02
2.11559077966415737260e-02
1.57297228535661116899e-02
1.53055073094621671426e-02
1.59905437524807160499e-02
1.67480244160318758606e-02
1.33810704355070125143e-02
2.11289473379532057040e-02
1.73007105914757125520e-02
1.75271123577159723683e-02
2.06192637788064521420e-02
2.20433943153045333596e-02
2.32973621691383823984e-02
1.21204096465424761980e-02
1.81185208651258242152e-02
2.13886558567853955759e-02
1.66620447892808255796e-02
1.35260941325396552570e-02
1.53972264245999818782e-02
1.92845617732279317469e-02
1.47709104352515864511e-02
1.35297798149882648328e-02
2.09918312877233406710e-02
1.51572021805994553573e-02
1.48732697134288521790e-02
1.89371089963316224791e-02
1.24490932473011826215e-02
2.11681168168072961211e-02
1.62894202490450855370e-02
1.64411818097118522797e-02
2.32874100676739095861e-02
2.02877832110854340597e-02
2.18459056246244932853e-02
2.30321013387836739938e-02
2.11663480584157424891e-02
2.22553332522791059989e-02
1.23955446080436480771e-02
2.08205627431152645590e-02
1.78731435424773522913e-02
2.12433130318695831407e-02
1.72549294052453394688e-02
1.30251158985246646982e-02
1.96149279748868837769e-02
1.59090026277576637725e-02
2.03893660617489522191e-02
1.56985316322896806263e-02
1.35998236745922557872e-02
1.45054347104800716861e-02
1.95680225922293948848e-02
1.42583837699088462198e-02
2.58883327050410810832e-02
1.91009520860322586089e-02
1.94039736327098651103e-02
2.34509642784598432153e-02
1.82447324221568125957e-02
1.98867814171021541070e-02
2.14014825509823043703e-02
1.75758209297773616842e-02
2.11081794584469031872e-02
1.98096573047087248787e-02
1.71193403155612301758e-02
2.27275400149246284420e-02
1.86114349863195707724e-02
1.70338968542139528040e-02
2.48311176804428233866e-02
1.81096146055071995085e-02
1.72837390694259296353e-02
2.74855802951292881031e-02
1.81679584843757215007e-02
1.80168505630146115470e-02
2.24412167250352088954e-02
1.90909213075220601796e-02
1.83405480575145329869e-02
2.15906293389053413612e-02
1.99174388162735443997e-02
1.81570777494617779935e-02
2.07775538959618574775e-02
2.08665733362140663754e-02
1.87244254829973533205e-02
1.95222427572164167198e-02
1.99093127172587265605e-02
1.96913160588620926583e-02
1.87049948476336082293e-02
1.91772428857747978537e-02
2.14046368567654028692e-02
1.80690114463962978042e-02
1.86385481178121779899e-02
2.24767840626723218456e-02
1.90917765160814913161e-02
1.76723728055968760942e-02
2.70350142528166664802e-02
1.67792691548231710785e-02
1.96427395462038280327e-02
2.47940262436337731378e-02
1.64237062823833976366e-02
2.09693540761273847228e-02
2.26803546279594099577e-02
1.76646009080307260508e-02
2.34651745150126628259e-02
2.20172540613038300594e-02
1.91472168196842561227e-02
2.42404969472575088085e-02
2.14324402859310432501e-02
1.91910646020485367580e-02
2.58966448745315130919e-02
1.99166105452207864435e-02
2.10976942147619583867e-02
1.39524042408468024190e-02
1.49206259385321997335e-02
2.11792661386083005959e-02
1.53379138180523184876e-02
1.47267338133749113582e-02
1.53703248683949474096e-02
1.54779413069051283158e-02
2.07003310256140549139e-02
1.43175588397603699431e-02
2.14743096589855575473e-02
1.68325080846557159631e-02
2.25749946279063425092e-02
1.73459418890990133000e-02
1.31297085344648945676e-02
2.19365201682035146358e-02
1.79965309604379029851e-02
1.84746082017995701119e-02
2.21407499432607311751e-02
2.29403210374222871204e-02
1.20182046978739714982e-02
1.89141816090466867439e-02
1.20435698694365562328e-02
1.87151341918779731688e-02
2.22797403317453492078e-02
1.78154250033503297468e-02
1.28495735158798227854e-02
1.65776941002058648966e-02
1.94590315827895231349e-02
2.13902435820632931540e-02
1.61995995110990262389e-02
1.39104138108304999089e-02
1.48054678524523492672e-02
1.90647254285852205125e-02
1.48990270169930497796e-02
1.38528352084578421088e-02
2.14240461494919695595e-02
1.54453582833742018854e-02
1.51709307694023916302e-02
1.95942737918834083977e-02
1.28984518067092098631e-02
2.14247283439020670681e-02
1.64711472581602590137e-02
1.64960501278336273134e-02
1.98673714116890630377e-02
1.24218073282433439514e-02
2.19968210205474905272e-02
1.76448640484986422894e-02
1.78356547017484018403e-02
2.14012894763376433638e-02
2.33153683650934376304e-02
2.43164881356251784406e-02
1.22560474640073090863e-02
1.91176624211748212578e-02
2.24603812416441436794e-02
1.81936269479177764596e-02
1.29887011348325479704e-02
1.76629895377311448013e-02
2.12591073180413807353e-02
2.17837025927641557421e-02
1.76751015968791558297e-02
1.36974233394460027935e-02
1.63191051240562795543e-02
2.03463354354045701522e-02
2.11563348151328003977e-02
1.60110746950353072249e-02
1.41641222280097494463e-02
1.46912841868912201482e-02
1.97412087221122307945e-02
1.97565831026015291394e-02
1.43558985702741843948e-02
2.62718098426811957902e-02
1.95532091013214497088e-02
1.93768071949147677180e-02
2.39202572278477063050e-02
1.85614800398055529440e-02
1.96110686473965657728e-02
2.19189080422269276516e-02
1.76457047335633471219e-02
2.05507960663328034800e-02
2.04613322696739347029e-02
1.70936314635012596985e-02
2.18498190585185332602e-02
1.94446699383147084128e-02
1.68324938306835501789e-02
2.33817791669068617000e-02
1.91147296188044282794e-02
1.72105439614789711145e-02
2.55567997147530152902e-02
1.87639258378943761529e-02
1.70905926839884612922e-02
2.79768662966387304802e-02
1.89165098495996351902e-02
1.78263019510497520981e-02
2.35021727644488080677e-02
1.89381957857658565769e-02
1.91571985112646177296e-02
2.31444940910359893416e-02
1.98476111512191771835e-02
1.96684519017130583773e-02
2.28340114918513664710e-02
2.02636325716787565887e-02
1.91589309857726763919e-02
2.15497631884681677128e-02
2.05102157615230235033e-02
2.00582302371140781816e-02
1.93747115717886192465e-02
1.93335358551812129535e-02
2.00818706163046513391e-02
1.79737254694178477665e-02
1.89393008846683690016e-02
2.11414005337867694223e-02
1.82041323742714866718e-02
1.82050321946982535115e-02
2.14429947544646712365e-02
1.86277871358892128939e-02
1.72069003117935291625e-02
2.62652662238554192309e-02
1.61590909784554460915e-02
1.86347300130696932885e-02
2.38448783473516542908e-02
1.59676963704850002901e-02
1.88381945156641736339e-02
2.19417951795198226672e-02
1.66640000051008138615e-02
2.04646836550189496762e-02
2.11664067155953455890e-02
1.85017630211285581676e-02
2.21960827987732825517e-02
2.08982179529738909540e-02
1.90096744169909390165e-02
2.37855738473975210356e-02
2.07375027520697342853e-02
1.91274370554996228644e-02
2.61606051551583757009e-02
2.04913689694978667921e-02
2.08782644214024586116e-02
1.40772948484430039662e-02
1.50640672399587980529e-02
2.04061240699942858523e-02
2.11708939027146283984e-02
1.54228569626382698565e-02
1.49524503279562775288e-02
1.53077317356295466294e-02
1.55477864932600587378e-02
2.11820918865441645829e-02
1.43890609287055260684e-02
2.15356109058925972166e-02
1.66933937460301967670e-02
1.71685134202120177893e-02
2.23048139478902555932e-02
1.34938990340079355279e-02
2.21738848443388501808e-02
1.78273271112076615863e-02
1.85091782054201438312e-02
2.22623146698630591800e-02
1.26427219462424359625e-02
2.33191392975812955557e-02
1.90318509065723791285e-02
1.94446190937235946494e-02
2.16599878321757158273e-02
2.19635014203109213415e-02
1.23164799634473409728e-02
1.91744500158413828939e-02
1.26814828884480208793e-02
2.07448463267385987963e-02
1.82159402329388452058e-02
2.23400387645142570192e-02
1.76253739889399158036e-02
1.32897897910388331638e-02
1.64639420722984750056e-02
1.98203125709459949955e-02
2.17308062666804885366e-02
1.64503998762947981072e-02
1.42706882845744075644e-02
1.50757005346352015995e-02
1.95859556154426364682e-02
1.50263192360669661091e-02
1.43473654363027863790e-02
2.33678097368591394800e-02
1.60072766667977914312e-02
1.63235817195889892917e-02
1.98792167342527852092e-02
1.31256991219515471714e-02
2.32018724677556936742e-02
1.77706679449592015729e-02
1.73264433421865191032e-02
2.05564941663212603917e-02
1.25727963874390329113e-02
2.27536538878923694229e-02
1.85600280508947494684e-02
1.85976374039822575646e-02
2.15487648789901668767e-02
1.22559679344391159184e-02
2.35894242636398368540e-02
1.95941530319633828994e-02
1.93459776429106937445e-02
2.21550637778364332975e-02
1.24031365262984877990e-02
1.89298698276031615584e-02
1.28615124701568408344e-02
1.85110830752822190515e-02
2.12737081694752902528e-02
2.29170067175012981409e-02
1.83984474793391118708e-02
1.35489848730449193720e-02
1.79501038336829718545e-02
2.18486330750919041654e-02
2.23493838384864855484e-02
1.77945003832644978170e-02
1.42858986504174854948e-02
1.67619112919738383338e-02
2.09705896676750658258e-02
2.12443047247962354951e-02
1.58456500242180053917e-02
1.47383819074550972278e-02
1.49024679956039456108e-02
2.06860466500972603465e-02
1.98787111342762987110e-02
1.46061084211366980223e-02
1.33362192847148262193e-02
1.47031232426991665535e-02
1.42217367170820521705e-02
2.42617041390768631293e-02
1.86329708775627087003e-02
1.93791480813786005932e-02
1.93959894504095800571e-02
2.22986092041656293328e-02
1.76854139318281151916e-02
1.99788869619906619968e-02
2.08569529404465069111e-02
1.70370727873070983149e-02
2.09997888144143052269e-02
1.98571627066909950354e-02
1.65668107796884053751e-02
2.22306388941028790218e-02
1.95139706059530605720e-02
1.67785065488558829405e-02
2.34380701210658674849e-02
1.88807634633772272736e-02
1.68553345039485977241e-02
2.55943435510661287946e-02
1.88638336416540805529e-02
1.67439808519360168459e-02
2.78871199870119358677e-02
1.90226317343316145281e-02
1.74841684529176318030e-02
2.32337324003269000972e-02
1.85395387011112015851e-02
1.89888751033335488605e-02
2.25229048705978436573e-02
1.95890357302241843729e-02
1.90268012550717444120e-02
2.21023393748263664860e-02
2.05047589754183690047e-02
1.93321924271407895313e-02
2.19949353652721529828e-02
2.07093890885873335717e-02
1.93936861698763354789e-02
1.95438311534328473806e-02
1.96298967222550586886e-02
2.01343288870749273500e-02
1.84504988607354543373e-02
1.92983871799925314761e-02
2.02938924410769570839e-02
1.80693657467549360918e-02
1.87451364081459813382e-02
2.06539926987495681132e-02
1.82185385695450424715e-02
1.77612013357768064314e-02
2.06153988865119923435e-02
1.74559930591187024984e-02
1.65406356978805464675e-02
2.49754699715540942617e-02
1.56465176208637514466e-02
1.71748342120091428142e-02
2.28983030369064623211e-02
1.54771362208904819657e-02
1.74808004030135889784e-02
2.15455600693042967353e-02
1.62132479858293591934e-02
1.82796830741126375974e-02
2.10188612450817671751e-02
1.75379801405406952897e-02
1.99632436895911397068e-02
2.06333635525088494866e-02
1.80276586322239938676e-02
2.19012450470287174664e-02
2.04247738484419905092e-02
1.77169451511822416412e-02
2.42363011708490831697e-02
2.04042890056870332427e-02
1.90612299377794572330e-02
2.68778743735604980225e-02
2.07473557151001790355e-02
2.07646548740883125916e-02
1.41026319036554360908e-02
1.51564881816336361614e-02
2.06844513490205966777e-02
2.12007756027934174403e-02
1.54668517575491121924e-02
1.50627748854585269411e-02
1.52241800307931270803e-02
1.57331138141818538401e-02
2.13599001083806597223e-02
1.45385200928429998701e-02
2.17921652455647409108e-02
1.65708839534890323142e-02
1.72876454776236115896e-02
2.22073525709392018135e-02
1.39476392855565432122e-02
2.23028857809925810940e-02
1.78205905749501021529e-02
1.79946742801863415750e-02
2.23620933101085078709e-02
1.33204315403068068724e-02
2.26315391447422312177e-02
1.81918434788781030464e-02
2.23335949345375255060e-02
1.89241631476797442235e-02
1.18050076509928596191e-02
1.93322346602766113877e-02
1.12442351825279753669e-02
1.23482083250972176497e-02
1.99497977182727416479e-02
1.18942967681994575535e-02
1.10968309480680028117e-02
1.28046468787702191761e-02
1.83149332240114884329e-02
2.09520834212256791551e-02
2.33034196881058731921e-02
1.85555918205267886267e-02
1.33828320007388455043e-02
1.74276563912076146168e-02
2.06351689939772466043e-02
2.27382654485780710818e-02
1.71262006495895083291e-02
1.48216675146366719945e-02
1.57870633286371596371e-02
1.96701378041181026979e-02
1.55738634210772757677e-02
1.51399605598247517096e-02
2.51661763211205487256e-02
1.57695501478214566982e-02
1.77467050480504644205e-02
1.90329674554980780854e-02
1.36198773933541676662e-02
2.62766569648804383663e-02
1.89764840542182601502e-02
1.97345809795901189210e-02
2.08154593100897018776e-02
1.31753100627651272697e-02
2.71807439885298242344e-02
2.10217416718976903012e-02
1.99128766088679416690e-02
2.14867516830720556298e-02
1.32021045988887694017e-02
2.69630275273382361001e-02
2.05886335146361690307e-02
2.03470918386387707166e-02
2.14845823094143469068e-02
1.23307859441318667937e-02
2.58400216696890727697e-02
2.13825641794897942927e-02
2.04312046879277231515e-02
2.42431264074995204971e-02
1.22122732019882412891e-02
2.09286877813684331351e-02
1.27597741519981516811e-02
2.21361655581991008390e-02
1.96585903617222668149e-02
2.36094152085561011234e-02
1.92905201288093818002e-02
1.32574299730377452577e-02
2.22613624641440147056e-02
1.88385404851331289544e-02
2.25585785786693443500e-02
1.79415693561070718753e-02
1.33424028049673251695e-02
2.12432701251478624205e-02
1.76195895366492438772e-02
2.20655799824070047999e-02
1.73247501930042339946e-02
1.32643025086130929985e-02
2.16063721084776352854e-02
1.71870068438341044859e-02
2.01129802190028253439e-02
1.58750212677022835284e-02
1.31906270449891685481e-02
1.51320729234298723825e-02
1.97946238822565151461e-02
1.44749441384068935901e-02
1.92735241097729617654e-02
1.33089262238694546608e-02
1.37693727722398382568e-02
1.89232109891694921799e-02
1.34861835468017034201e-02
2.53315313864776077424e-02
1.78622311136438088885e-02
1.88757487809093141284e-02
2.37115244503595737346e-02
1.71444713199328489794e-02
1.90297559889768437558e-02
2.23101853412292425172e-02
1.66234113634957623995e-02
1.95527374679352883291e-02
2.16011297426778221820e-02
1.66747481903026101291e-02
1.99772406065001836839e-02
2.12216749810188176628e-02
1.73714660650734833980e-02
2.07056836506308086787e-02
1.97931347148449371387e-02
1.63684303633549466106e-02
2.21454848321277313061e-02
1.91150652023475906005e-02
1.68118262779508934046e-02
2.35646328848976467640e-02
1.86594554314963821662e-02
1.78923507119662719700e-02
2.45886164362698472763e-02
1.83266233957595191251e-02
1.91064437308463980214e-02
2.57496973622992481046e-02
1.81417849521484722541e-02
2.04382071131496353966e-02
2.65169946164719103066e-02
1.78745472191605483947e-02
2.14605822278893416943e-02
2.66567983111719586375e-02
1.72299596204547253442e-02
2.12426548096041924174e-02
2.63598579548999026323e-02
2.07871189114797738640e-02
1.71156351204651453746e-02
2.52028099224848416149e-02
2.00706825516722281444e-02
1.71746837234343224798e-02
2.46061407394577019714e-02
1.94140241446743889997e-02
1.70811453131808482775e-02
2.37542791589220800286e-02
1.83141128709528311358e-02
1.69087283167599598810e-02
2.23692858321404633437e-02
1.68981805603443599462e-02
1.67584926986289461937e-02
2.04921621858211895628e-02
1.58161935389018216969e-02
1.70138163940369395444e-02
1.93167497022661630024e-02
1.55039240313541246824e-02
1.76428200948714579421e-02
1.86523694682471860573e-02
1.56863028359138963197e-02
1.90234725444646431136e-02
1.85602544432989964573e-02
1.68422807674613872475e-02
2.07496104688738615407e-02
1.86880923317496450142e-02
1.75131412205235086066e-02
2.24956464668166419840e-02
1.88121613324997785655e-02
1.72857370325942560907e-02
2.40759176333945820736e-02
1.90279031553663401100e-02
1.79216567872504464742e-02
1.39669805860107073409e-02
1.29390026277144010863e-02
1.34885692181528279998e-02
1.42298553292575687135e-02
1.43524458531777768244e-02
1.95803239447767986336e-02
1.50048358512880897209e-02
1.40810323783450083712e-02
1.54780125368213783421e-02
2.06065547486716134362e-02
1.60498835201380862792e-02
2.10359025575324390389e-02
1.38404981485494207177e-02
2.16463700164715826257e-02
1.66978652375086612791e-02
2.14435228330141676445e-02
1.71725812879135880662e-02
1.36123447590780696781e-02
1.81009615446251805049e-02
2.26111666740130765052e-02
2.23329188249095748897e-02
1.84302392051758183456e-02
1.36483025113015212643e-02
2.31128728859049323296e-02
1.94854661468490467091e-02
2.31592862154687308129e-02
1.89732384481405801091e-02
1.31099978245612265593e-02
2.31565996262404726058e-02
1.91757757916074973725e-02
2.23606026271654795279e-02
1.92475788786538072606e-02
1.18082020646667444630e-02
1.96367131200717963402e-02
1.16594456369074409019e-02
1.22891601669927116869e-02
2.09370493205227187206e-02
2.26723448668195853850e-02
1.30009498129944368883e-02
1.17170589061419156557e-02
1.25722793800487897542e-02
2.00997375308733933208e-02
2.20034399128863390749e-02
2.50795967154577720271e-02
2.02033324587801640937e-02
1.33091375471891450871e-02
1.92420164871044685473e-02
2.07857422008452773221e-02
2.48753799693592556053e-02
1.83841380806933629710e-02
1.36616866239128859073e-02
1.82431304410728793719e-02
2.01520907441386787351e-02
2.52843383777389130174e-02
1.82747450512996227612e-02
1.49962460958697595820e-02
1.71692187371499313531e-02
1.90481261425329978509e-02
1.61032179826001153877e-02
1.41346689640251578501e-02
2.28605248915200766346e-02
1.39500155047917046014e-02
1.57471077144375921908e-02
1.71511529090949445264e-02
1.28254842672703775475e-02
2.32723677162423731035e-02
1.60187810600557305196e-02
1.85358683907714399952e-02
1.90141427461245279829e-02
1.24496822610057015362e-02
2.45530041440960924981e-02
1.84128806735936907668e-02
1.97816709486332391321e-02
2.06670701648782352555e-02
1.21278116756486694511e-02
2.47247491783031125845e-02
2.09269437541653446910e-02
1.91506242926960494610e-02
2.17765170116802631028e-02
1.27129841536123919937e-02
2.29787151168206020546e-02
2.06953883039193119175e-02
1.99210731397683367405e-02
2.39882061907513120802e-02
1.34298761576568618376e-02
2.30526288817566211986e-02
2.02307697255937300740e-02
1.99614914272456048239e-02
1.20186003344815352939e-02
2.01005907375877944376e-02
1.21129635515013541619e-02
2.25355128461723654143e-02
1.96548529844412615819e-02
1.32328130418290137310e-02
2.28220414996117421103e-02
1.23103400846605384733e-02
1.99894332438416075237e-02
1.24509082965862383219e-02
2.19106598887390986719e-02
1.96864452161887304449e-02
2.35238119572487580644e-02
1.91862840886399821372e-02
2.39102491797973486232e-02
2.16635981951290856884e-02
2.18220566979833441312e-02
2.12389739650954006978e-02
2.36335374425835909040e-02
2.05376792690897744253e-02
2.07832986241356793000e-02
2.04688951106306686600e-02
2.36933227112619132493e-02
1.96492125287503552333e-02
2.02585143781571497268e-02
1.97740260131820388967e-02
2.39541444189147606503e-02
1.87241999042742843229e-02
1.99661891828567354679e-02
1.89763518201497317917e-02
2.43448874353959614225e-02
1.93672915628386246856e-02
1.82154717124234782899e-02
2.45207292721892726461e-02
1.94097126988010716675e-02
1.73150632355183742295e-02
2.54194333620952270247e-02
1.90698395105989224052e-02
1.70633600468958063212e-02
2.62530107182014464662e-02
1.87115393875009680680e-02
1.79919303939293888372e-02
2.50296011174768774643e-02
1.82447016486978995375e-02
1.86655065200492173427e-02
2.29007947198345100659e-02
1.63856176621450487507e-02
1.93111470047742199430e-02
2.15712960373270166980e-02
1.66019935203577419236e-02
1.99523394079491357689e-02
2.13174214625033754678e-02
1.80052608517621802464e-02
2.08300489008067316044e-02
2.18242363076007854505e-02
1.94977051788152860867e-02
2.15957831210169294567e-02
2.23897882937735583087e-02
2.10080798220589302916e-02
2.23427469269111868277e-02
2.26353502734108237571e-02
2.23065673791374673163e-02
2.29393515941492959209e-02
2.24366778755233711729e-02
2.30368139422533896310e-02
2.31396150531939411021e-02
2.19671012194251509542e-02
2.33861573624507719515e-02
2.24856847666774564698e-02
2.12904794394114249556e-02
2.23780213133473945830e-02
2.19856332246765248661e-02
2.09187085127165543763e-02
2.14311553120684651630e-02
2.14863419504111897995e-02
2.06038416597487915316e-02
2.00937336264318915091e-02
2.08250972072161130710e-02
1.92090088409058723506e-02
1.83659137649069999221e-02
1.96608387562687697558e-02
1.78964513591382164137e-02
1.70367179083883400759e-02
1.92794847075848929663e-02
1.72054339163532875323e-02
1.60830744952574246354e-02
1.96531616861002796093e-02
1.69954398071953359517e-02
1.54102986298124636916e-02
2.09556762587133002529e-02
1.70850634941752572982e-02
1.54100509570864133840e-02
2.48032340377217601357e-02
1.67696948228046177620e-02
1.74890885497215008149e-02
2.48588195771641574938e-02
1.76619111426255422093e-02
1.80252331513353729331e-02
2.41640763665818616990e-02
1.69335116455506633215e-02
1.85950191957416355315e-02
2.48414428673134866921e-02
1.92352641999011877982e-02
1.92010022845162872662e-02
2.58403621806351409262e-02
1.99389051547069554027e-02
2.03972484095012139560e-02
1.91297550038702739161e-02
2.68841226353418484563e-02
2.10720574310720790145e-02
2.16640741147642763853e-02
2.10216972115026996815e-02
2.73660103853301910071e-02
2.23386544885765293833e-02
2.34359312390184232333e-02
2.13620200966575246593e-02
2.69880911433172561431e-02
2.23617691151661752980e-02
2.49586007820951361058e-02
2.17259387405930107229e-02
1.28626127687962409085e-02
2.03586614746647728835e-02
2.26684845069095759762e-02
2.04845025568110815362e-02
1.25795409014001855624e-02
2.15408824415342890768e-02
2.55661822509736548492e-02
1.27325470743288367975e-02
2.42442741867023060787e-02
2.08539619602606876581e-02
1.21531915236286810339e-02
1.22410151952360643501e-02
1.25087430623544246938e-02
1.99097026097830101521e-02
2.30403145683821010403e-02
1.20361041039033968975e-02
1.22542486101759797584e-02
1.24276635841174890040e-02
1.99323452709409057459e-02
2.30924770035611341690e-02
1.23263888466979693037e-02
1.24099297886813200037e-02
1.22848509571748532032e-02
2.02938391794160108428e-02
2.30501536654313839148e-02
2.38985614211399723106e-02
2.02144162161562238045e-02
1.22307478381332001421e-02
1.97787019301065430943e-02
2.19508902106497760798e-02
2.30864213920217581366e-02
1.84635435139086992451e-02
1.24697543977417557581e-02
1.80813588607161811195e-02
2.00492458504054477109e-02
2.36253431689361984014e-02
1.80156686917249987678e-02
1.26245310744597539349e-02
1.80538324100452465815e-02
1.94555315039193904569e-02
2.28090813486646060149e-02
1.63543719060072686999e-02
1.36491167957416316414e-02
1.59238071526378414944e-02
1.75187199394121265184e-02
1.46365669259320759638e-02
1.15728643999490950905e-02
1.79036543191055108615e-02
1.16763324104345415921e-02
1.28586083025380264189e-02
1.55194737772312678359e-02
1.06883122942773318292e-02
1.81160456860761862052e-02
1.32219614460185094090e-02
1.50121295308160707105e-02
1.71011026910547481172e-02
1.06163390488435305931e-02
1.90066587544996980219e-02
1.51932577708008432343e-02
1.74792581264194314683e-02
1.98359664067571973833e-02
1.13762946186357159079e-02
2.03865805953327983158e-02
1.85285028278055936835e-02
2.01763516707059858968e-02
2.41688438542268721476e-02
1.41489501455054986906e-02
2.15826428293663732938e-02
2.24991473731783880874e-02
2.70002819661202854429e-02
2.00867653924169768664e-02
1.14176431530329507841e-02
1.94535718008287568381e-02
1.37140558355287444509e-02
2.67097653057828191003e-02
2.00852691764387379647e-02
1.53904131062164856170e-02
1.23333016767611814563e-02
1.99571267531175600141e-02
1.21236528443369843966e-02
2.34998502761187867682e-02
1.99811945088375457480e-02
1.37091811936380838371e-02
1.23033558023817289617e-02
2.04540012955900657454e-02
1.16922561124874375971e-02
1.27901904614434892143e-02
2.00382511924069930953e-02
2.25901746458499128045e-02
1.20159924583864499703e-02
2.00472609313591711155e-02
1.22994229641068906350e-02
2.00032889570690326775e-02
2.22023073091514380750e-02
1.82728444934005841704e-02
2.24134863002166742629e-02
1.20007043009983382920e-02
1.82497529564101361454e-02
2.12591685662915849675e-02
1.75007936634313798763e-02
2.37410910962407295521e-02
2.09644047303995766096e-02
2.06581284800922866662e-02
2.41463872918910929521e-02
2.09671028182460104927e-02
2.00151656721322193655e-02
2.47735179564065877145e-02
2.06164301749381419226e-02
1.91023554589191957298e-02
2.54850556153993872133e-02
2.02571533293797213793e-02
1.83061366500416981828e-02
2.54322726235781011728e-02
2.01456205409513318394e-02
1.74442889582808700888e-02
2.66204877207387065330e-02
1.92239363482092327773e-02
1.82628546391302125362e-02
2.69188518354702560620e-02
1.89036832522130396339e-02
2.01516560778512571206e-02
2.68164923114489403555e-02
1.88751753838209655745e-02
1.88378579313041895349e-02
2.41417701297978529174e-02
1.63650805961962630963e-02
1.96406126841807034122e-02
2.25704064325390509060e-02
1.60282869015999362983e-02
2.11028778549277595822e-02
2.24567511897869886983e-02
1.79596218156173811908e-02
2.20193007459365090728e-02
2.35607120393251413815e-02
2.01407350754633750201e-02
2.30418447334409318139e-02
2.50774515389821685274e-02
2.15527262862497161200e-02
2.43951053184855090605e-02
2.62127510544009831306e-02
2.33336027389685271571e-02
2.62690811061216909772e-02
2.71956593477709236695e-02
2.48748433771953693372e-02
2.81649441449827800388e-02
2.66854975297445076721e-02
2.62237056794038941865e-02
2.80701886933677549618e-02
2.55793845421329532619e-02
2.60268557388325348645e-02
2.66608785063433134654e-02
2.42595368762472361757e-02
2.47726885040764205348e-02
2.51995391422144762728e-02
2.31451800686449660205e-02
2.27682561767474714309e-02
2.39604515040931602410e-02
2.11371478946427403256e-02
2.00773060692912667935e-02
2.28953965840297361811e-02
1.96422315972498429115e-02
1.87634702232822754564e-02
2.14838124095794516522e-02
1.84303844032076523385e-02
1.74687923595192966253e-02
2.05791756883019968938e-02
1.76892903534879020189e-02
1.61620981193655761932e-02
2.04017273261358940417e-02
1.72572371557558439104e-02
1.52171144432839151178e-02
2.12655993324900108310e-02
1.71090644364325257520e-02
1.51616479480299239796e-02
2.43315362385937462852e-02
1.63512478117114994081e-02
1.74945223009946859705e-02
2.52262705642352196012e-02
1.88369751393369852521e-02
1.79118076935299852526e-02
2.42380740365236123368e-02
1.67053208939547184753e-02
1.82631507832027688287e-02
2.47764025629226419811e-02
1.83829309319814386547e-02
1.92256593811499683355e-02
2.49135711099392476164e-02
1.95066476240793353070e-02
2.02576063971635182692e-02
2.59178098123201798575e-02
2.15211799122724638245e-02
2.14304744324618282048e-02
2.61089575312765075077e-02
2.16355076503048637804e-02
2.28544917512947566574e-02
2.66639342117775228480e-02
2.31301786910520813800e-02
2.42623318205402623005e-02
1.31935026694960724769e-02
1.95845048597098857213e-02
2.06050263998860151704e-02
2.31625723366382478552e-02
1.30499758716252026863e-02
2.09639493953310274144e-02
2.49984086813541013516e-02
2.42811334630408069690e-02
2.12111265589548479704e-02
2.10010798591405631330e-02
1.26249298869340175616e-02
1.19580456471782992783e-02
1.38807560442506337101e-02
2.07282972520658435867e-02
2.48085807052721325772e-02
1.22619538883491190073e-02
1.26875742362360256071e-02
1.37531381586167549685e-02
2.02771310090949577476e-02
2.51022804392350036562e-02
1.15722737247266893590e-02
1.33569150064676116230e-02
1.29006671118202277670e-02
2.03273428012615449412e-02
2.52884103543500708688e-02
1.10324603783562100873e-02
1.28267963782855761584e-02
1.20333389983827750841e-02
1.95311444859229826898e-02
2.38879922961307035456e-02
1.05976675910315291246e-02
1.18601682905429186426e-02
1.14076962481475564781e-02
1.78094582820477777274e-02
2.13231059559811815529e-02
2.06117715766985891424e-02
1.78257311390024042463e-02
1.10271112899072518815e-02
1.71941194729477130065e-02
1.99864733159704800747e-02
1.96584408143168840044e-02
1.59007061305465324796e-02
1.09252722570194957252e-02
1.55024090763338992516e-02
1.80384971580228904708e-02
1.87323517084748356054e-02
1.41682222505154168518e-02
1.13805262318193850524e-02
1.36443325220437210871e-02
1.61669971232498536906e-02
1.20623624891512907370e-02
1.01674005625589387175e-02
1.50277779502669354278e-02
1.04078923381742006332e-02
1.11187076565804170147e-02
1.44206697870044881632e-02
9.77145079555743686917e-03
1.51957071401761373286e-02
1.16130747091371076818e-02
1.27068463849217862249e-02
1.58961384770012585654e-02
1.02962583441753192937e-02
1.58423708658142342598e-02
1.33512530378238295642e-02
1.44843537018397808952e-02
1.85539828837368511727e-02
1.22732015676432180962e-02
1.68162396301908163843e-02
1.58739264978769549497e-02
1.77672932524906568297e-02
2.43079089697160050099e-02
1.84990134466679230496e-02
1.87267699513290475366e-02
2.17415721752130947086e-02
2.17506398687486932064e-02
3.46938664031554780398e-02
1.89427651096665400354e-02
2.34266645728750735889e-02
1.90166582240413641058e-02
2.73227793747268521418e-02
1.82847988985386337990e-02
1.22485731185309875552e-02
1.91292829256613644562e-02
1.19581798736262314570e-02
2.33014967330427251457e-02
1.46714878604727715777e-02
1.86343060520106386380e-02
1.17305360154598206646e-02
1.94260465563634403263e-02
1.23264353728074968486e-02
1.85552320548679830492e-02
2.37794624615444150084e-02
1.42733285147508617841e-02
1.38463560654058046723e-02
2.28252328796444067804e-02
1.84201781413752922745e-02
1.80296985526658196108e-02
1.21069773436642772607e-02
2.19582758742575302746e-02
1.81924204835420440241e-02
1.80933712342393505923e-02
2.14598462515461600730e-02
2.32145985965727906508e-02
2.20697581640578836815e-02
2.16307050550831499180e-02
2.16257326777614528046e-02
2.12771611097439389271e-02
2.36126361192476735829e-02
2.22595116992714003867e-02
2.20847183916843374518e-02
2.38434701578860049065e-02
2.11977412893449568276e-02
2.27926521155152224385e-02
2.28519141696182856438e-02
1.99947294563552653568e-02
2.29108909671763040505e-02
2.18660915174614632617e-02
1.90958428452488344906e-02
2.29432968446123715378e-02
2.15545585874543019211e-02
1.80889480899249638357e-02
2.32641806775996246026e-02
2.07057460462065877349e-02
1.80267155424941490083e-02
2.38177531727910771209e-02
2.05421592253589510579e-02
2.11444583283658359141e-02
2.28609302225434365963e-02
2.03541325346967387488e-02
2.16390072498717118965e-02
2.15156770279254713762e-02
1.87051364651530868666e-02
1.72895340379664204378e-02
2.17578293195805801130e-02
1.81339815914762607363e-02
1.58319326925047340615e-02
2.32988277610698679698e-02
1.88265661035144638014e-02
1.67829555290479187635e-02
2.60684418792147994115e-02
2.07927268728755262894e-02
1.99056273450499386646e-02
2.88358760492897110705e-02
2.34947786484571881360e-02
2.24698846657031200968e-02
3.16747336318713157421e-02
2.55706053399210875288e-02
2.34770418174862945115e-02
3.47356572767811636049e-02
2.76777066905840342381e-02
2.54634718076698837730e-02
3.79267176071170289409e-02
2.70744876819488632103e-02
2.88764968763525788076e-02
2.03373525204240818143e-02
1.86769679482511295754e-02
2.86411518240799883861e-02
2.09425891534451950882e-02
1.93133016381115060756e-02
2.12179332603974826754e-02
1.87306278854148661184e-02
1.84562998797158685227e-02
2.74596887400422075276e-02
2.04327434616597691797e-02
1.76909364605156056716e-02
3.27307951079713263520e-02
2.31444146990154066279e-02
2.58725068425925998350e-02
2.37580925322299317537e-02
2.84263672402929427896e-02
2.10674990573157458473e-02
2.21550745437698731743e-02
2.59974543386463155525e-02
1.99303740559478824446e-02
2.07666080872635459842e-02
2.43657210806493378097e-02
1.87805168610983633237e-02
1.93162264451419152245e-02
2.29607516971897102076e-02
1.74130682976895226344e-02
1.80564920059240741068e-02
2.17516267274427063660e-02
1.60234133133362148527e-02
1.72935232468690441854e-02
2.08849065367791297820e-02
1.53084189098678536550e-02
1.72148117529643575330e-02
2.06633654628184844360e-02
1.58787971994102938833e-02
1.78355361918278200462e-02
2.13499916299749424586e-02
1.79190508836266325365e-02
1.91157137674741323119e-02
2.11000070241694551165e-02
1.74275531334722906529e-02
1.91942297811086987069e-02
2.11686033578032777036e-02
1.72829309831984204160e-02
2.03975301007254285202e-02
2.14924337179389773889e-02
1.86815014442094536051e-02
2.16600004277469962433e-02
2.21135669962220261786e-02
2.01889884549573232764e-02
2.35001391068223215719e-02
2.27745606972428876746e-02
2.14106795182310814807e-02
2.45495343909003793659e-02
2.33909332915555150112e-02
2.20192269323879752374e-02
2.64521648907986364763e-02
2.27606530565359656271e-02
2.42949724685993413698e-02
1.31860244823828482580e-02
1.94924608649087796608e-02
2.29615185251324342708e-02
2.48627523689554444375e-02
2.07492177233263297431e-02
1.32580380358482963210e-02
2.07999302222387286165e-02
2.43786767542867356673e-02
2.40322592000835472126e-02
1.99423243635239270943e-02
1.36693638729093805417e-02
1.94522894840170428032e-02
2.38194637408149847979e-02
2.37917979331113242647e-02
1.96273545379911061592e-02
1.43335946395173313012e-02
1.93866283907233385997e-02
2.46434171309499912284e-02
1.17459657516953506345e-02
1.25920830766795745909e-02
1.63725957001325909956e-02
1.95042439763760157290e-02
2.76598538898888586524e-02
1.13056273249209915388e-02
1.34068203258640040315e-02
1.60578403046611507821e-02
1.83635854366733172749e-02
2.69722361064113486107e-02
1.01829243127895350401e-02
1.36593787754055642075e-02
1.41700463697194758983e-02
1.73109653688059764165e-02
2.48964270665491330115e-02
1.86007797161839467937e-02
1.83674696790276509306e-02
1.17777946237824955589e-02
1.68371956705978785551e-02
2.23962327468259642105e-02
1.76531880591013906612e-02
1.65388971050067258572e-02
1.04647597659955817612e-02
1.52390991836788055463e-02
1.90538385090773774999e-02
1.67049886644678631520e-02
1.39885562900536608577e-02
1.00281292517597677566e-02
1.35789077973893015927e-02
1.67844802189403563553e-02
1.56750247288481164842e-02
1.20607646266727239898e-02
1.01881334799610798192e-02
1.14955599059114958044e-02
1.48055874760113451855e-02
1.05212815683558801039e-02
9.41505497491251786002e-03
1.34007870296412433947e-02
9.67342766927401127852e-03
1.02201650772822706659e-02
1.39226307591282846138e-02
9.41726576507215251688e-03
1.36063338052540890727e-02
1.06303894119641785532e-02
1.16540156225225649544e-02
1.55223922189848036884e-02
1.07432749513358370697e-02
1.44280532952300987598e-02
1.25283175203217168880e-02
1.34691786720645932662e-02
1.88287890407216572386e-02
1.44879066414026792808e-02
1.60605606041632174852e-02
1.54427688530910794951e-02
1.61709267266907062710e-02
2.52299522863203180834e-02
2.39590448173544745547e-02
2.01341667868327744984e-02
2.04070820109098459427e-02
4.19446002603434120459e-02
2.32078983701669988582e-02
1.16759454542234072244e-02
1.97682589268756876699e-02
1.49365646066958786958e-02
2.66933111659082115963e-02
1.87929328804739732839e-02
1.74032005174335688280e-02
1.21356630923077340317e-02
1.90294730061029357393e-02
1.19806441045546396146e-02
2.36592777617999072692e-02
1.47948785206232745482e-02
1.87481638836980400720e-02
1.16437284187669003871e-02
1.96546151783747839736e-02
1.32363960744607701142e-02
1.84670403194448010109e-02
2.55048924602712320797e-02
1.55308221369636467041e-02
1.29404562288197577669e-02
2.17288050329510797065e-02
1.81999249968234841357e-02
1.77810955579233015422e-02
2.26291355966152518686e-02
1.17708806556688881650e-02
2.09376232044136238730e-02
1.78207540648537034189e-02
1.77895919329252791274e-02
2.17290415584765368717e-02
1.17294701998854195013e-02
2.08998900975579313122e-02
1.80608897953561560457e-02
1.81213680292079439005e-02
2.52412201222524251731e-02
2.33159277098296049968e-02
2.13756188272994814004e-02
2.22262965293365949426e-02
2.43416569544885330600e-02
2.16998716092975975356e-02
2.26354880932574560604e-02
2.30300679235320403249e-02
2.04957385012714300709e-02
2.26108426998473631409e-02
2.22348291272238297867e-02
1.96887879068900518986e-02
2.24194879210030117989e-02
2.15933047030786792742e-02
1.83335859645624155156e-02
2.26680305231839636371e-02
2.15590313576468385615e-02
1.80246708796582451317e-02
2.27183282089593943653e-02
2.19026762768845181806e-02
1.86908767675569471856e-02
2.27457996704886165895e-02
2.15791220750520852667e-02
2.20750182360060706599e-02
2.16607632767176518096e-02
1.87655615983108835232e-02
1.83717246182822958878e-02
2.11503660528606363123e-02
1.78614700416847016484e-02
1.60439016420570249033e-02
2.17137433854690288515e-02
1.83905211987045111299e-02
1.61847538124618925415e-02
2.34151381949797635085e-02
2.04121350191497699655e-02
1.86722581454413401325e-02
2.64629908823624908354e-02
2.41055524516655857170e-02
2.31788029078293759955e-02
3.00752394785145545086e-02
2.67753135712730794271e-02
2.40947944131092370301e-02
3.35516614762965195706e-02
2.96377672197147626343e-02
2.57837650332529907948e-02
3.75652115209005460494e-02
2.71403451306353078742e-02
3.10326141054858527235e-02
2.08259285651324621558e-02
2.07990882204004447209e-02
3.27647042747222089210e-02
2.32245614031783113862e-02
2.13969231351145323938e-02
2.21005597949463609975e-02
2.85240148050725852991e-02
3.21437345054988721227e-02
2.21609005604465475470e-02
2.23120213800145107685e-02
2.15357369524292047158e-02
2.03451277127282906254e-02
2.85039279654576739598e-02
2.06818053854106211065e-02
3.04944678348385046773e-02
2.12364693913560005634e-02
1.97406098522816542129e-02
2.79393496635122057237e-02
1.70586687223827637716e-02
2.74625337454503584689e-02
1.99609404292483139098e-02
1.80773215488357237579e-02
2.86917830136086231263e-02
2.21318345929568220665e-02
2.54670614569094018453e-02
2.38121504936030514710e-02
2.61717146845597409266e-02
2.11516875227486383926e-02
2.21497742110388085024e-02
2.43159999549679185782e-02
2.00690123037981088538e-02
2.06052010788538506048e-02
2.29187677698867581233e-02
1.87705358572950661844e-02
1.92095653321463777363e-02
2.17609732137604532098e-02
1.72062245585718233409e-02
1.80791977100755243968e-02
2.08195802131070743790e-02
1.58746445292485167944e-02
1.75506551333561335027e-02
2.03425116345057159506e-02
1.55763819011348232657e-02
1.78254316160927767099e-02
2.05128818423935682658e-02
1.66472045803492015026e-02
1.90225487558844282010e-02
2.06197509347227463106e-02
1.71831800159341907541e-02
1.95407601952943509038e-02
2.09381426344363158476e-02
1.77587419669862876803e-02
1.96729098338298720450e-02
2.09942373457575222340e-02
1.73664548662068596308e-02
2.09191482785509204334e-02
2.12632950656759696362e-02
1.83842272736713108205e-02
2.27621111186199105714e-02
2.19945928771686990966e-02
1.91860618903411245251e-02
2.52948848852885647964e-02
2.26427232514112494743e-02
2.26280485680935387893e-02
2.51531188257042986889e-02
2.32854967146934599409e-02
2.21704093108359180653e-02
2.61807894497091166175e-02
2.24497029770997294507e-02
2.43364386607819033204e-02
1.29621327631682606990e-02
2.02258491465747806959e-02
2.39348299916669546294e-02
2.40861094679070235347e-02
2.02866526023886099839e-02
1.32110025463626299530e-02
2.02534139514798892934e-02
2.40295740713396821508e-02
2.35469346837332525746e-02
1.93956114232060258806e-02
1.45178327063649522527e-02
1.91874118327616076385e-02
2.40304670626685958068e-02
2.42291059422340172846e-02
1.91548707615060570530e-02
1.41690505119432905851e-02
1.95250753535037499531e-02
2.45851795334099537671e-02
1.17904576908617105685e-02
1.20959534659323148659e-02
1.52298883676145312832e-02
1.91018506509186142273e-02
2.56297018117652083968e-02
1.14283915333698582462e-02
1.25462798569934818466e-02
1.88494652979865721931e-02
1.85066188497520940637e-02
2.93154844232531713866e-02
1.09059945818801868472e-02
1.47401337931512711049e-02
1.72482174058654451343e-02
1.85368419640455500685e-02
2.99106292344377133752e-02
8.94611009545489069272e-03
1.59980054831844464847e-02
1.25789914317484124995e-02
1.66368500386942230751e-02
2.39518875300048089683e-02
1.58494896365782012015e-02
1.55362316016465201035e-02
1.02372738578197664677e-02
1.39556670911855744410e-02
1.87079406520332981734e-02
1.46129839995122242507e-02
1.26881571699754731875e-02
9.46410078982678863724e-03
1.19794392043200449705e-02
1.58268349599659415017e-02
1.36755410821656382681e-02
1.07114403723308874994e-02
9.51082009324247593107e-03
1.02904594971507407780e-02
1.40027719946453806099e-02
9.57888711062596098778e-03
9.09421954286655093158e-03
1.24124119945905747597e-02
9.22312755276777362923e-03
9.72607005950501882219e-03
1.37272614477184067699e-02
9.43931366678743034859e-03
1.27657783319310332015e-02
1.00737042501753033819e-02
1.10979750067298332111e-02
1.54975410904439944021e-02
1.11398828023458115744e-02
1.20183999309392258031e-02
1.37474132086731152397e-02
1.37750804033951127631e-02
2.00561223383285101851e-02
1.68152576982929444216e-02
1.70623097689029147583e-02
1.57726821539648162651e-02
1.80458490764496860825e-02
3.00573513512085790933e-02
2.45934467328188868795e-02
2.15888896798793125664e-02
1.96665316192255988648e-02
3.71457695525345202303e-02
1.93020091133021647056e-02
1.22867531614336590595e-02
1.78702019857079376364e-02
1.32771875018770427190e-02
2.62616828661074094842e-02
1.81246287917849469018e-02
1.73012921378722442367e-02
1.18310299484026340555e-02
1.79453076752670859229e-02
1.19863657444614982173e-02
1.73529295016720437606e-02
2.37968271002669609637e-02
1.58747958541204589600e-02
1.65727350817540045047e-02
2.27608254993091133067e-02
1.76924226786497433561e-02
1.69324937619950120771e-02
2.55057378032865350592e-02
1.37800819304531082382e-02
2.05949116116093088047e-02
1.66976542316578137337e-02
1.62482846851598472515e-02
2.25249481340135462859e-02
1.31526738441276620090e-02
1.98728426240435060435e-02
1.64157158969689721817e-02
1.60986127675647947011e-02
2.18836028087241660223e-02
1.40558454871985479689e-02
2.02409053404238800655e-02
1.65867640364237359241e-02
1.62654801945715764278e-02
2.26054299123020427387e-02
1.49045453583797702507e-02
2.17733191048126613343e-02
1.68444878396465311243e-02
1.65567255050628955870e-02
1.37251535984119245326e-02
2.21932838203362688134e-02
1.71367590859532112346e-02
1.64762664715037907004e-02
1.27243382507696654177e-02
2.11956527523924076473e-02
1.66389869282958444141e-02
1.61022702297688481698e-02
2.58421558836738653187e-02
1.97625536825988164236e-02
2.10577470637886669802e-02
2.08102573941217755538e-02
2.45223992490539131894e-02
1.82718564955945302064e-02
2.09507889285821431724e-02
2.47558880157832360280e-02
1.78298187915637562639e-02
2.08068954822674123672e-02
2.43757462082702207329e-02
1.73344372080549459503e-02
2.01049086257560488677e-02
2.53046013580534405463e-02
2.01627404278287569728e-02
1.90950400463052206990e-02
2.21717883924594516554e-02
1.89147452938177237924e-02
1.84374561924903306032e-02
2.04664558077357443266e-02
1.65849384689844593643e-02
1.85113892911904290295e-02
2.07145479132420269608e-02
1.65013997848667201551e-02
1.93719323032061005452e-02
2.28383808611731520255e-02
1.86913511828332087883e-02
2.12482107907936562663e-02
2.65441019567436015114e-02
2.24110379982721853731e-02
2.46040634369609767518e-02
2.98822334265697042710e-02
2.41686530466635671188e-02
2.72589520981640076602e-02
1.69205527734764063497e-02
2.11769735583250927335e-02
2.26876330244033981576e-02
1.81807108001860104340e-02
2.21278859767488934873e-02
2.99897992023954694518e-02
2.42052464042405400535e-02
1.87900998709426836353e-02
2.42093699616491471460e-02
3.23330936982528793777e-02
2.90082574659354594515e-02
2.56692295905038801729e-02
1.69858170144977192739e-02
2.59146158007407118040e-02
1.44846140069385346388e-02
2.76297589792238312834e-02
2.61117193014937278017e-02
1.80573458639413479687e-02
1.88290022861010847288e-02
2.85051582581837235908e-02
1.49798389014735404412e-02
1.79570900959732278335e-02
2.81307532243628317936e-02
2.62926695371333528362e-02
1.66564347316585092962e-02
1.50966758264493468300e-02
1.64092276734768872937e-02
2.45451284472092308431e-02
2.69970038028296763222e-02
1.45459654866907945464e-02
1.28926887444008389516e-02
1.57047965335434941414e-02
2.08403669327101789821e-02
2.36782052193573108734e-02
1.92129718794360471179e-02
2.57499199913320160615e-02
1.50466065994960974256e-02
1.88221216107536636064e-02
1.76720997252731680527e-02
2.34242254347929272640e-02
1.42416119681025004490e-02
1.73972721680727866744e-02
1.69330039951569137624e-02
2.19492173493726211442e-02
1.33330819955477814648e-02
1.63670261223595493727e-02
2.00506168812832341608e-02
1.57684881665935278106e-02
2.39259912833303563240e-02
1.90052653254302109098e-02
1.95904599231360686262e-02
2.18148882575639121995e-02
1.83338816522851978663e-02
1.79014671468569822044e-02
2.01914592055651084812e-02
1.79851331543583528583e-02
1.64949291920274687673e-02
1.95619659331571285610e-02
1.79480129847289782141e-02
1.59914250237432019330e-02
2.02129898164521808190e-02
1.80086330958237859912e-02
1.58195653992137079402e-02
2.15376537301536184754e-02
1.84195638145966955612e-02
1.61846065963927657205e-02
2.31156805422206845790e-02
1.89450943214859689190e-02
1.74326628700264794902e-02
2.29485652956780729339e-02
1.94674103539736395585e-02
1.67621106188928399583e-02
2.46477972670987380277e-02
1.97410707801299323272e-02
1.84523430788098054267e-02
2.50627329292736900079e-02
1.94218458414770651921e-02
1.99592114395834782647e-02
1.47050776553542851544e-02
1.57217001323012132985e-02
2.15209802606665633051e-02
1.60557428744359242945e-02
1.42350559289382491701e-02
1.63662043055193516528e-02
2.19685888060658085497e-02
1.68063843955206446146e-02
1.39151337417216473119e-02
1.70080524649355441236e-02
2.19862287318675943271e-02
1.72921008208950753582e-02
1.42699437003094183052e-02
1.77335885327815009904e-02
2.40451711950653429506e-02
2.15852405967596264191e-02
1.81514107013752631903e-02
1.41197418758276134476e-02
1.76486577407461778244e-02
2.35609585070302163246e-02
2.18301692757981134763e-02
1.77083720654948872930e-02
1.52156592788482217249e-02
1.72964023785294705726e-02
2.36092778756572703458e-02
2.24989146849353602309e-02
1.72386839024909269136e-02
1.53888087206255092659e-02
1.72658371731578691444e-02
2.40128268691963825399e-02
2.28786383390707954988e-02
1.78862203969983452057e-02
1.60354561834080665272e-02
1.73755402114581826434e-02
2.42804493123582910974e-02
1.16462824523536241650e-02
1.22210154115769062400e-02
1.90611014185959326550e-02
1.71740428347550121158e-02
2.70761657950308876064e-02
1.11761129038677829023e-02
1.46971948211214696600e-02
2.32949182031188910258e-02
1.90942678762501816259e-02
3.66051461332966010520e-02
9.18839853130021255723e-03
1.98907294919015049939e-02
1.46212986485469275538e-02
1.60428868162809171172e-02
2.58413226025681654063e-02
1.50062339156098751430e-02
1.51544164810130579241e-02
1.07656892830881919382e-02
1.28654910706898460704e-02
1.87876294196473829501e-02
1.15315712181818432608e-02
1.34756123742114149872e-02
9.38128622364758218977e-03
1.07177232526315929090e-02
1.50956316346816058621e-02
9.90271444251524836366e-03
1.26350351277707169395e-02
9.13602134500220500191e-03
9.54416176883019461152e-03
1.35794189207644674933e-02
9.15889687396817878118e-03
9.33767984718367020924e-03
9.03887601216899101708e-03
1.36600302201328963753e-02
1.25807949552323612707e-02
9.67198467652321744459e-03
1.04103033294952549564e-02
9.78285079759984993464e-03
1.55338420102690642072e-02
1.37457961796507138058e-02
1.12559326020370310817e-02
1.31002437374615303411e-02
1.21492282275418618520e-02
2.07013263577481947120e-02
1.63582355809818273673e-02
1.55192439345478438995e-02
2.19407120615990880452e-02
1.89124727801522479753e-02
3.67666524776188857748e-02
1.07584936733726849178e-02
2.21733510604509263808e-02
1.83798841400047985317e-02
2.38139795172919478683e-02
3.45020039483216189868e-02
1.20045006293473116576e-02
1.48446480982204493532e-02
1.68283787540570890784e-02
1.77401262681526616927e-02
2.41462717337480557711e-02
1.17930248876189549406e-02
1.18622521929859590234e-02
1.63159453909358237444e-02
1.68936092946415650218e-02
2.40343340452778032879e-02
2.19880469845072888668e-02
1.67527574289398732688e-02
1.58571639712150255774e-02
1.64437164035384705829e-02
2.42963497721365509485e-02
2.03408049742383641167e-02
1.52361316616127888401e-02
1.53083730957930316124e-02
1.50154528939356445710e-02
2.24363192188469333377e-02
1.54121136017614322050e-02
2.05269901458932750582e-02
1.52281578652836441928e-02
1.56971531699222413558e-02
2.26551973235723513866e-02
1.74605735046389591580e-02
2.22057561822807600360e-02
1.55299362912408658866e-02
1.77756746620205546838e-02
2.44111978354197081686e-02
2.04858226620851339994e-02
2.46979891460094407030e-02
1.57888434931124713168e-02
1.78729966835446986428e-02
2.37446184871435636565e-02
1.63041579682730065903e-02
2.20600937916501198266e-02
1.55006850545387174500e-02
1.53117110503692612639e-02
2.18365949335055445357e-02
1.54587383177961831121e-02
2.06965335986029307092e-02
1.46573732387491571794e-02
1.53746874634901123380e-02
2.13669196474363144722e-02
1.63792416314706076874e-02
2.10175075235885175373e-02
1.41900181506614021798e-02
1.54851431993669359788e-02
1.43578833540463062651e-02
2.08171573700277369456e-02
1.37864630449582668131e-02
1.41557680274014136002e-02
2.01328386534636478988e-02
1.33308882338874935131e-02
2.58667361966367949366e-02
1.95555601007513964185e-02
1.71629289482914254572e-02
2.54372032885319399043e-02
1.96393346297678850210e-02
1.76026931547448237114e-02
2.55123168532377687934e-02
1.89408203307037392715e-02
2.05014118221160529520e-02
2.39727165346357816433e-02
1.77219608695426272815e-02
1.76654867427874819052e-02
2.33440849931968903708e-02
1.74098050417688492153e-02
1.63897275710000664417e-02
2.38980267058265666291e-02
1.80397458442434800718e-02
1.74185043101438459534e-02
2.56522477025484113566e-02
1.97258962528981188211e-02
2.04025884913557054023e-02
2.85199823655643211473e-02
2.24052650885902294997e-02
2.19820592212854326597e-02
1.69067665850096797431e-02
1.71428610450531336562e-02
2.42865995950112406598e-02
1.84876407792990207768e-02
1.74637430684260741565e-02
1.88071038971980020182e-02
2.57023576225995226130e-02
2.62623672494027120272e-02
2.01193906553478948918e-02
1.87475070526723699982e-02
2.03642178170436970175e-02
2.71301173268749563905e-02
2.92904009731874415134e-02
2.22149599599031390140e-02
2.08658109365536074964e-02
2.15828642533839702711e-02
2.81565914822799537309e-02
3.42439151181403306223e-02
2.46589042897368097840e-02
2.41050830915390083831e-02
2.45001209441912636000e-02
2.89342032945439781022e-02
1.94300698032714332097e-02
1.62430750343030769201e-02
2.70955301382313114289e-02
2.55979446106518529480e-02
3.00257806519197943673e-02
1.95767698701308917597e-02
1.72489128447354880813e-02
2.92680002702610173038e-02
2.25725486615535077262e-02
3.17080397255396495559e-02
1.88349482850365089470e-02
1.73267976256433406390e-02
2.40749422711665113372e-02
1.97261316392748388415e-02
2.60766099616112044524e-02
3.18700030041667928260e-02
1.85829054231462960367e-02
2.10505842750266722319e-02
1.75764576254716399506e-02
2.38515826321860600900e-02
1.67059927343573312586e-02
2.78725663494483293092e-02
2.00689836944973401534e-02
1.60567927831182996612e-02
2.29675485154598110760e-02
1.61026677428586333096e-02
2.67159328841217909301e-02
1.89659314511573841300e-02
1.53699338430586529558e-02
2.21373110537391205865e-02
1.56721982055007223733e-02
2.50764677395461862974e-02
1.78423777126256281889e-02
1.38604671631226070150e-02
2.11947433695244200069e-02
1.33720494202235144071e-02
2.10496866395891886470e-02
1.56688138571495008677e-02
1.28167054616231245595e-02
1.29416158660385326173e-02
1.89439057368880510446e-02
1.39424325352500849684e-02
1.22197173375655464278e-02
1.79349496562689059154e-02
1.27036668774373976559e-02
2.47923147824260260708e-02
1.75029667577385299182e-02
1.77790775540914956776e-02
2.32477508676108279850e-02
1.71296471919418109853e-02
1.61287641609919978058e-02
2.29798045419102696385e-02
1.71371277677561835440e-02
1.52750926283803673683e-02
2.37916376102276679039e-02
1.74254999260422920038e-02
1.57822025552487379962e-02
2.53510099897913260270e-02
1.80876646584930897421e-02
1.67303319540169290192e-02
2.49937958575743336687e-02
1.64394951841472305998e-02
1.83182359793976866358e-02
1.37467866819158800878e-02
1.23881171616190347007e-02
1.90507401719355769221e-02
1.25653000609177653568e-02
1.36181912690929666360e-02
1.30528169447249996898e-02
1.91162857983997493128e-02
1.34553724685606505146e-02
1.46756012227778950135e-02
1.38778541785104514439e-02
2.13976658944381135929e-02
2.00461665204821649910e-02
1.43501579729597376206e-02
1.56331352277782088811e-02
1.45067733231756257339e-02
2.25789531612960309159e-02
2.10304152437582637936e-02
1.53801247804073414061e-02
1.54122870687643243048e-02
1.51682079458978959913e-02
2.25419144808066407304e-02
2.15622562222161709422e-02
1.56633856973037617621e-02
1.64859732284751807352e-02
1.58711992313120379972e-02
2.47282402376311390146e-02
2.09863858479824999526e-02
1.63669240133386059699e-02
1.55102286778757633701e-02
1.58318882386151264796e-02
2.39634695943638231785e-02
2.05199947090051633414e-02
1.57151411229298175465e-02
1.56949034721466061659e-02
1.52934460027817180350e-02
2.32718585085076416774e-02
2.11370333424560769009e-02
1.57917950233689326212e-02
1.70542190407535106111e-02
1.59028947833405598367e-02
2.48907258632607986115e-02
2.28902524466288899430e-02
1.74632933111827336192e-02
1.73030542113235021040e-02
1.66835544980678679439e-02
2.42377240724041716213e-02
2.46991097657871076787e-02
1.77908090875710175882e-02
2.03784952194709448325e-02
1.67181628488300114410e-02
2.68702937328567370567e-02
1.17035990297856672820e-02
1.53315693247625464690e-02
2.51447544519726833012e-02
1.95717298259504846047e-02
3.87657627327258960670e-02
9.52557230669107482535e-03
2.14305351141776262436e-02
1.65363481125670522265e-02
1.73614883054420202080e-02
2.94403185125433064506e-02
1.55485231901586039988e-02
1.46957685242011040772e-02
1.17463452708321154649e-02
1.22352752863023033630e-02
1.93342021063709797180e-02
1.10868631599925510783e-02
1.34515679915911661596e-02
9.77568348782324042512e-03
1.01212628410737373597e-02
1.52126457767871540311e-02
9.62004331591599474993e-03
1.24544093191929373249e-02
9.13275715930320780567e-03
9.17081884946486201871e-03
1.35728755089901276937e-02
9.27233210398354865123e-03
1.22507196650727418624e-02
9.68336041965804639187e-03
9.89048860231606444260e-03
1.41420044461350660758e-02
1.49236916069583770011e-02
1.15278935807110877176e-02
1.03145562247001203876e-02
1.16677466764410053129e-02
1.60944937141278276993e-02
1.80915659450059627955e-02
1.52730107058169674306e-02
1.22383689521275620254e-02
1.57961363340406689415e-02
2.20796817204958716052e-02
1.09257852884998667153e-02
1.35746340601726710184e-02
2.57975727631031305498e-02
1.74153738470496297075e-02
1.22285337175844603663e-02
1.35971529941528550267e-02
2.35434214750638859392e-02
1.99445455332755011701e-02
2.77189354409869068152e-02
1.85840343065331176087e-02
1.44333434907369939637e-02
1.28256514650328789368e-02
1.27746390716137279281e-02
1.73379284576474085311e-02
1.77156128128947397415e-02
1.22920176966354755682e-02
1.24677416916617270909e-02
1.16821483759794800261e-02
1.26914784861181569736e-02
1.74307733091678893067e-02
1.76016918631022624420e-02
1.30343104651684735251e-02
1.11774773121845368007e-02
2.12294347240076057559e-02
1.60847904377271928855e-02
1.57307172918751472790e-02
1.57674536010891618021e-02
1.16413369597310259462e-02
1.05237271640089558034e-02
2.08362134035913505736e-02
1.54847709340629295649e-02
1.55827079983037620342e-02
1.55061381790438032602e-02
2.29878732473363066313e-02
1.59825245679898891860e-02
1.69877265574413967297e-02
2.23100519064299805672e-02
1.56939181115137750544e-02
2.44639896604560459770e-02
1.76630093630728741971e-02
1.99988027372040473584e-02
2.45637598721144441438e-02
1.63199789902591409219e-02
2.68860372325952882988e-02
1.99065153135851470589e-02
1.75129959946006864835e-02
2.27815146536045724790e-02
1.61195968462737940219e-02
2.31544591169821935284e-02
1.63190202494635019925e-02
1.59847174457354752886e-02
2.16580392289422163365e-02
1.54239298377683263508e-02
2.35323829290384443913e-02
1.66502876022037518688e-02
1.80313175067186998168e-02
2.17135476659642209785e-02
1.42337154689139398778e-02
2.35035457761164183477e-02
1.77129065017574104102e-02
1.54293801244930160743e-02
1.97876562656647200789e-02
1.34986103826468008260e-02
1.95036416183696319215e-02
1.47605377204660190987e-02
1.90811312969252459826e-02
1.33982630985512458227e-02
2.60067998498238958649e-02
1.77826492048429041226e-02
1.91047734757677813155e-02
1.74354343858821002333e-02
2.52118217068124650382e-02
1.91123839515665860933e-02
1.68098330235609341732e-02
2.48321333769372307176e-02
1.96072693919882613811e-02
1.90019979817912867959e-02
2.42095052293515473896e-02
1.80485153954556588884e-02
1.89354000710309916533e-02
2.30326026632597484489e-02
1.71125430917675111497e-02
1.65713205870865847025e-02
2.29901436824218215194e-02
1.69953537740289498115e-02
1.63712894657079555127e-02
2.40967201248821309700e-02
1.77781135033191865780e-02
1.84108685805423021031e-02
2.62116671051671225323e-02
2.19000287097985447959e-02
1.94896410861796001712e-02
1.40765684156331297161e-02
1.56914917229051160963e-02
2.10118283381551494704e-02
1.74506211792044806097e-02
1.50276557070090008295e-02
1.72102915126066367824e-02
2.43382892946916139232e-02
2.20996623664344721272e-02
1.81746898137932523520e-02
1.65703967638195087675e-02
1.83721402900179284212e-02
2.64177838595310646164e-02
2.36678957102759782161e-02
1.87993165179721269387e-02
1.84872185920462207831e-02
1.99150981425876977271e-02
2.86160927487593766405e-02
2.67572513415354380772e-02
2.11732485348469848252e-02
2.02336202034732320909e-02
2.16323564340110754967e-02
3.01770552040138764771e-02
2.87897251010217208878e-02
2.12621355232723574513e-02
2.16796982887793136807e-02
2.23564985802875600129e-02
3.13429150167131159721e-02
2.97688224864958404792e-02
2.14721003444004084060e-02
2.25285548891816164718e-02
2.28276411545849378104e-02
3.23276199010995649030e-02
2.96022042916986340144e-02
2.09058600424387244776e-02
2.26538277101795658408e-02
2.22729341559227203562e-02
3.25795167696755136322e-02
2.88697734754275424363e-02
1.96003594793564932253e-02
2.32805716028107977100e-02
1.99090544125656541963e-02
2.95130297840140512489e-02
3.11420936709399798215e-02
1.93340262408014766649e-02
2.40161363612134796941e-02
1.91977378575081090994e-02
2.69498001542200771308e-02
3.22781743414400773551e-02
1.85342492839607603239e-02
2.14653980908088501400e-02
1.79630680549398291657e-02
2.49933516274648374889e-02
1.84825511069224464322e-02
3.02527221962404606337e-02
2.15772107232514928632e-02
1.80790754156953531462e-02
2.42825207599293435567e-02
1.65627668136727572434e-02
2.81627140968781670971e-02
2.17324587059103818687e-02
1.55846206328194084034e-02
2.41802264171450780050e-02
1.48748487970264669372e-02
2.63757621855540032307e-02
1.81421832639404242982e-02
1.44419855781675737783e-02
2.15420557094814085763e-02
1.37576539802722001143e-02
2.16970269143977392834e-02
1.53349859060124306398e-02
1.33581420354928013389e-02
1.95192015130639905107e-02
1.95215085231879581507e-02
1.34533933226119607057e-02
2.68881480662484448341e-02
1.81883746333337883994e-02
1.87820879843003524234e-02
2.43523141380937377387e-02
1.73492487926826394196e-02
1.65468084019245280369e-02
2.30688599198660068690e-02
1.70524271649639368176e-02
1.53474911698948304067e-02
2.31882754721540358667e-02
1.71257702078621877606e-02
1.55678114531233972861e-02
2.40468829687363050418e-02
1.74705482789207257321e-02
1.59537331085862245372e-02
2.41167796235090201029e-02
1.74975846856901921800e-02
1.61925417560060645739e-02
2.55511540732488266758e-02
1.78955178229857347905e-02
1.73411858914089278549e-02
1.80390882644467370755e-02
1.45634793881475998328e-02
2.04604932248467485945e-02
1.28701383685258016060e-02
1.90901051087755957436e-02
1.33122909726650709428e-02
1.49337401812272042856e-02
2.12261576783835254068e-02
1.35934778131867346068e-02
2.00205171126247340185e-02
1.39063297822430466388e-02
1.58221596923460439132e-02
2.26996646955412093027e-02
1.44075065422889884992e-02
2.11420782150880358363e-02
1.46991677964298378400e-02
1.55375277843677536693e-02
2.27808248206775899869e-02
1.51608605304712207307e-02
2.15918268329129588168e-02
1.54410489974774745026e-02
1.63030227519316214813e-02
2.44524632423995143260e-02
1.58715761281890237189e-02
2.12619265194478532233e-02
1.59586948564223174429e-02
1.58636219981314399718e-02
2.45229488989313799963e-02
1.59873923964604126857e-02
2.07739157026209202150e-02
1.55424913704335018738e-02
1.57345121551448058339e-02
2.33817460854081685118e-02
1.53076211269060468573e-02
2.13561090462682338920e-02
1.58242210255070646363e-02
1.24584340626902410204e-02
1.62260501379849139680e-02
1.08274174672449031293e-02
2.32841889658712379585e-02
1.79773658122901781875e-02
1.72630853616177123988e-02
1.76005387978010463534e-02
1.26834591190613295980e-02
1.20877061225693228919e-02
2.55926409031658960713e-02
1.85526950458444160608e-02
1.76382823836364506509e-02
1.75534119677742440901e-02
1.29268744785582326284e-02
1.34443211732686584980e-02
1.23897489322786491517e-02
1.59584917004364813808e-02
2.15954455809552539614e-02
1.97448800128666307474e-02
2.00766259003872446498e-02
1.24976396380916659340e-02
1.14221158513692164910e-02
2.06001842322077327596e-02
2.75624047393619106550e-02
1.69904415373144448975e-02
1.72171445579689559591e-02
9.67267578237273294162e-03
8.54315106726435437301e-03
1.94717764793277230140e-02
1.49265695685110479085e-02
1.32864440418081763973e-02
1.21264313006753995244e-02
2.03735316318035541983e-02
1.12193462066601697125e-02
1.47370018339688119841e-02
1.05945701962656350231e-02
1.01251695872414913813e-02
1.57324059118877333796e-02
9.91808967067751498514e-03
1.34963945785531932997e-02
9.61119027872531575540e-03
9.44893044482813561358e-03
1.40486032041375556029e-02
1.00226905476884786683e-02
1.34409485863712738901e-02
1.04928254958376199896e-02
1.13952195885039450629e-02
1.55725489883475395197e-02
1.37789251244826785325e-02
1.73728451613430374956e-02
1.14241708044829221036e-02
1.89976529279277002449e-02
1.45635012356232582814e-02
1.06727725142064192726e-02
1.14701273824661560685e-02
1.38294805216971211648e-02
2.81133210526611498903e-02
2.22133646890785158012e-02
1.22901237345276557328e-02
1.44934409306417023855e-02
1.87732869303699582975e-02
2.80907746409742101190e-02
1.36659703570584448173e-02
1.24678290672434240877e-02
1.94605377379454790032e-02
2.16180952963021220936e-02
1.49789706221756194898e-02
2.15523588876020792682e-02
1.32753853141820317429e-02
1.27150850665656151017e-02
1.24749487630210435102e-02
1.75336752932749272149e-02
1.27374811093088589897e-02
1.84946872868940390133e-02
1.22929051607014346026e-02
1.16448034573366689809e-02
1.30857957281932252291e-02
1.69565772595768812780e-02
1.29203046484980474395e-02
1.78233290380893812099e-02
1.13832094951292206453e-02
2.27714418667329943080e-02
1.71814905476795030947e-02
1.57242731154734124988e-02
1.15531200500124681813e-02
1.73953719882617152681e-02
1.12949390896985371602e-02
2.37037855890151055727e-02
1.88108912643712780643e-02
1.46878546837174248779e-02
1.46102838452919839285e-02
2.43912013595066756722e-02
1.87915264616794856767e-02
2.03038160868837698481e-02
2.44040865678271240435e-02
1.50755689580857957233e-02
2.65259841267011207966e-02
2.03417962127241773451e-02
1.88420329444569240041e-02
2.30880920227289482272e-02
1.51334945049053214844e-02
2.46913788162994238262e-02
1.85820820039090429943e-02
1.79582907942264884127e-02
2.30709635672201630874e-02
1.42664633851561084565e-02
2.37995564532198812524e-02
1.87135657353161878602e-02
1.98115129205217420372e-02
2.36484473376160665714e-02
1.32280454890357831305e-02
2.63995396696609166409e-02
2.13276211015199813892e-02
2.09384874888326084907e-02
1.81361792089734207012e-02
2.41601249967793030304e-02
2.19111906125614257224e-02
1.93486824136528713647e-02
2.02213617555396067693e-02
2.28166268557733996347e-02
1.87933943309451165216e-02
1.89002568328157857791e-02
1.80627178269605927208e-02
2.24240745773376277949e-02
1.94547594408154937706e-02
1.70712737442172170221e-02
2.18110181857702339903e-02
2.03363134333634856810e-02
1.72498881248546072353e-02
2.10033645933217077983e-02
2.00749146628323230090e-02
1.92622119913575910732e-02
1.98574132074145065507e-02
1.83107368199643925910e-02
1.70058327052808495872e-02
1.93202433206727530735e-02
1.76485867910153165772e-02
1.61034165048911312446e-02
1.95788635586951302592e-02
1.80595418316744638076e-02
1.73864018307411730135e-02
2.06210441345728127949e-02
1.97858642927217082130e-02
2.06757020845726065261e-02
2.21590556667020481540e-02
2.25092629723853826507e-02
2.43813121517280038952e-02
2.31445476136389396982e-02
2.35244583266012510792e-02
2.38464806199992634950e-02
2.44600342444568213951e-02
2.39681331262991854925e-02
2.46154996910483356287e-02
1.30539879868184303252e-02
2.10922398962272369949e-02
2.54764462704278951688e-02
2.18579759174997723115e-02
1.40455986700460770666e-02
2.16571340190709442364e-02
2.50404920446863354933e-02
2.89837598811817538647e-02
2.44015047374132321156e-02
2.27639451310619675417e-02
1.29219325791461985692e-02
1.38188117712775854901e-02
2.84455514189829034022e-02
2.47071151235833362525e-02
1.48336092560104864518e-02
2.34681687860386761768e-02
1.35877821516243030286e-02
1.40781792434249118651e-02
2.90006028001143396911e-02
2.47847623722721975559e-02
1.56913908191721497565e-02
2.36211887782981772022e-02
1.35993368970696564685e-02
1.41663504269801190927e-02
2.93144058528232130667e-02
2.54402800697719512490e-02
1.54143426603277518272e-02
1.38429780620934403390e-02
2.42207318548573191652e-02
1.44103224019762991837e-02
1.54556205103515646032e-02
2.93703266240339239124e-02
2.55047970521318917436e-02
1.54135397738481873253e-02
1.46353902728967259078e-02
1.63861474306805886270e-02
2.88773353715331519698e-02
2.58160495711485665771e-02
1.69255226205869344080e-02
1.50734126554008928539e-02
1.93736343286436546451e-02
2.82211082294795863323e-02
2.66063519536219074413e-02
1.70590554618360937256e-02
1.47431291268170019948e-02
1.82814579683897165951e-02
2.72975057756198631609e-02
2.47982158850188240395e-02
2.29228694098273858004e-02
2.91572267400382265090e-02
1.55626142007054771993e-02
2.63419784482866702058e-02
2.28921494056368579617e-02
2.17535319697744686240e-02
2.55150509668313242584e-02
1.52249294067328868468e-02
2.61618164172520741018e-02
2.16624662651785891698e-02
2.38976542206552171332e-02
2.09777743073472980329e-02
2.66198335608996486390e-02
2.47164001820653483898e-02
2.27849613835529735129e-02
2.44409109928414754187e-02
2.27317142556385347330e-02
2.12599189379922316745e-02
2.17450338856944487553e-02
2.11953793429134028370e-02
2.03168617079508596890e-02
2.05774964815936788065e-02
1.83947802044493041729e-02
1.87919537611180818837e-02
2.00194545365252156433e-02
1.61964293750196698662e-02
1.79980889110483051330e-02
2.01567245962730803854e-02
1.55379327582532734964e-02
1.78353975691600379061e-02
2.05729270717610879249e-02
1.59189995078208336443e-02
1.79031465335007522466e-02
2.06623181540697385683e-02
1.59275196016203310356e-02
1.78420301182348646496e-02
2.13075849194600194791e-02
1.68388498110767642624e-02
1.81672889409619994772e-02
2.27232142205388704115e-02
1.87540929258362167042e-02
1.92338246142284390039e-02
1.98328667664157895500e-02
2.46632339120400022325e-02
2.13299989597491544691e-02
1.99645432286841909009e-02
2.07493760583300421163e-02
2.59666198156402322494e-02
2.13946286427224505178e-02
2.10045077833306940984e-02
2.20890774621757338125e-02
1.36689295579427144006e-02
1.70225034704064581703e-02
2.30097349771786856276e-02
1.78447019672506763943e-02
1.43787283081641074217e-02
1.72773123850325782680e-02
2.20246017391915634154e-02
2.34927017486282231629e-02
1.78007972161361334440e-02
1.48328701662894645724e-02
1.80471115187444894334e-02
2.18868355067606788766e-02
2.44807046744982374775e-02
1.78004505451407023242e-02
1.43178386808205104774e-02
1.73623979130188080267e-02
2.15015848253099738085e-02
2.33761993328684691829e-02
1.74613309068925269540e-02
1.53402514855526424242e-02
1.75814870033794527771e-02
2.18927731338448838816e-02
2.57436793990291797052e-02
1.89425915713769092708e-02
1.64876472818289050715e-02
1.91550970073241719205e-02
2.35176517154668286713e-02
2.64024858089157987706e-02
1.95566471707192199303e-02
1.76304193656872630613e-02
1.84030673247695363004e-02
2.54701200564504647017e-02
1.30209456833979726753e-02
1.28630947147255324942e-02
2.09495872706361475901e-02
1.26349747625391067157e-02
1.53163690853935774427e-02
1.82869580302465924160e-02
1.90303148268755745187e-02
1.28000547268361328929e-02
2.97454068429060247691e-02
1.41083577800536399266e-02
2.01805280570157598297e-02
2.12848286298010815065e-02
1.84730279115254969469e-02
1.20977155157492421295e-02
2.13360799935227059276e-02
1.14709613720908355783e-02
1.34692018401240017067e-02
2.25528704401457419371e-02
1.60416100501165441450e-02
1.24110161102949142359e-02
1.05125756491927339897e-02
1.51506494728773939001e-02
1.80715458400768774760e-02
1.66817788634785607593e-02
1.23337516826795227237e-02
1.08450802818459597632e-02
1.03686474609758060711e-02
1.47903076493115584467e-02
1.16553382531809877898e-02
1.63348381564954632517e-02
1.22100726529206192461e-02
1.41928391210745380446e-02
1.71839563951048240886e-02
1.73616319471298630184e-02
2.27930192833244484041e-02
1.26895991162053675683e-02
2.20728088871806268911e-02
1.81767515387101022406e-02
1.06831705892960412974e-02
1.10651908185082827746e-02
1.30454911264390460701e-02
1.98387829203305679493e-02
1.10292648046005289930e-02
1.18992464904295498773e-02
1.56891941185645367174e-02
1.52627264356667274176e-02
1.98145163112804743866e-02
2.76536082754131745665e-02
1.29946625866160913459e-02
1.24587517163638836909e-02
1.55135390304727005528e-02
1.84917410937964384054e-02
1.39701251318662192369e-02
1.98312908367055118486e-02
1.26142209925940267101e-02
1.27524892534751788792e-02
1.24916561836291468979e-02
1.67317873668655116293e-02
1.32618765523586385618e-02
1.95425974540233415855e-02
1.21508712543586718663e-02
1.19435631618039321544e-02
1.23184995336282649553e-02
1.55901809277506492313e-02
1.21796708596743352704e-02
1.89480913909554384011e-02
1.22812031010809258325e-02
1.25252699915011801030e-02
1.21619363080062402316e-02
1.49908702962836780370e-02
1.19298736460198770426e-02
2.03838015551564624706e-02
1.30803090257837536375e-02
1.33365460014952877388e-02
1.27335766935295965213e-02
1.44032869498597494023e-02
1.41489198047059401564e-02
2.53093862794023585772e-02
2.17628289052687294569e-02
2.01157362979832235461e-02
2.45885644967330299626e-02
1.38476909295376839765e-02
2.47115440280448669941e-02
2.02921165975853724783e-02
1.98959731945939286013e-02
2.43328821819364451984e-02
1.33822850219982945191e-02
2.37195874757551335155e-02
2.01187705292843396765e-02
2.52905228591660362347e-02
2.06310936656300472625e-02
2.44671583045518344079e-02
2.53787235788169619755e-02
2.31134396869007822939e-02
2.32943778337177317961e-02
2.31360187986178779396e-02
2.39762336226939480610e-02
2.12524846985005545774e-02
2.18021027813832604658e-02
2.12528176565932105935e-02
2.05206061759125486799e-02
1.90191109142909195451e-02
2.02718767997464924258e-02
2.05232973922320795224e-02
1.77864796060968749503e-02
1.96631757251976013734e-02
2.13443882575725281392e-02
1.74790335239108640675e-02
1.88695549860085493021e-02
2.25542141157700319620e-02
1.85628424130034608286e-02
1.77716581089103764501e-02
2.06650721598062615814e-02
1.71670971911386353870e-02
1.70861617857844261259e-02
1.98073781253350240938e-02
1.62831525783553379694e-02
1.69031816262501313752e-02
2.02193565332826515057e-02
1.71669267363147963479e-02
1.72800733933626549099e-02
2.21280653453933898178e-02
2.00331414054311512940e-02
1.83037784361590252780e-02
1.30365983124433211515e-02
1.71975789935676671993e-02
1.80601706403898595865e-02
1.44415317819821340667e-02
1.77015905963277923874e-02
1.95496364828095965660e-02
1.74922715074400728086e-02
1.58111432986359316810e-02
1.73984597367123280942e-02
2.02953300352568741238e-02
1.77758571748312631244e-02
2.52689244403081041124e-02
1.79750269276571610078e-02
1.77037842172231667248e-02
2.20068250490614916726e-02
1.83832400868290946061e-02
2.62354246144406860752e-02
1.83197594662157028922e-02
1.85501778840527556391e-02
2.52367936158696681836e-02
1.88125663972250230238e-02
2.70070822091169268631e-02
1.80036867571617062445e-02
1.82955445300215166493e-02
2.40103266200191421686e-02
1.86690196791368737128e-02
2.70417545105712357756e-02
1.81467990367447408462e-02
1.76770427204326271986e-02
2.38003629909293613898e-02
1.85302234179731302455e-02
2.70747613470553039061e-02
1.88201309546464391753e-02
1.85478538584937374667e-02
2.75867503234795696798e-02
1.78598458732666803828e-02
2.44079450378355301832e-02
1.92797924659473436659e-02
1.95092687202775491584e-02
2.86419622604667210852e-02
1.98452880301597037183e-02
2.59307738151023890738e-02
2.02660890652340761053e-02
2.22166390468945575132e-02
3.10334882870102121699e-02
2.11912280512479983541e-02
2.75489558785809510177e-02
2.07544311842073891938e-02
2.11281234673124651557e-02
2.94268947361083256509e-02
1.98037320313621673096e-02
2.73722729755860698375e-02
2.14320192424792277386e-02
1.99624740676099601822e-02
2.98966779654529606070e-02
1.90239811490655191806e-02
2.44385444175793699328e-02
1.82908697958845019305e-02
1.88975908054439499517e-02
2.81766118800681822365e-02
1.80139693318824185841e-02
2.18490938246875682216e-02
1.67643173463759183328e-02
1.79643840420427407245e-02
2.64145048039898105996e-02
1.73832117863759599841e-02
2.05466322797678881129e-02
1.54420329153903811842e-02
1.69867766642173637082e-02
1.66368593538564306378e-02
1.94747644144929246690e-02
1.31145344259718243940e-02
1.57553859755957745281e-02
1.83502971812447811251e-02
1.54577434346026068579e-02
2.26278368424823114746e-02
1.78642200221560201734e-02
1.85203214704820970371e-02
2.07558961767493853345e-02
1.77662946235279985141e-02
1.63481429370433278825e-02
2.00352251699350870917e-02
1.79828072474794674329e-02
1.57716596187592178469e-02
1.99376266814784187942e-02
1.83159570290498258105e-02
1.57121133868108366072e-02
1.96046687911323735953e-02
1.86558886392473935456e-02
1.62152188098095006996e-02
1.98194887411355762097e-02
1.93335579220070066797e-02
1.75064870354848765854e-02
2.08741061911186936983e-02
2.06089527969981999023e-02
1.95688790225091828467e-02
2.26305496181599605232e-02
2.23042594313283583374e-02
2.16196601989947952138e-02
2.26443903494883275185e-02
2.37886544239055315597e-02
2.16911681243772622163e-02
2.33161532129551700432e-02
2.23552107789213201638e-02
2.53074621890461322338e-02
2.24772263457927515273e-02
2.30514451514433268975e-02
2.27586860640064253536e-02
1.32680623291421100063e-02
1.90015060229446024198e-02
2.41400942885482555633e-02
1.96350627910888073102e-02
1.32921948304258515788e-02
1.94316439695667482479e-02
2.32876427808827411725e-02
2.34390296352045973682e-02
1.90105877628757129194e-02
1.38733708193070435361e-02
1.88540652181432774603e-02
2.28171388705946179276e-02
2.43944973418187306680e-02
1.94523439433401043597e-02
1.47847154778169391498e-02
1.93068064049961192474e-02
2.36266109639110023777e-02
2.56689768251482895722e-02
2.04592371609989519265e-02
1.92807563430483636102e-02
1.22754140789628710811e-02
1.26177600329852573208e-02
2.53727892256645493063e-02
1.95851474901262770367e-02
1.60285423741524137020e-02
2.01872483664812564508e-02
1.31297029501813069391e-02
1.30704628873655557403e-02
2.87157631620683188867e-02
1.66056005082622672175e-02
2.29111321435672317393e-02
2.64299342536072207066e-02
1.40644492053546201621e-02
1.73862737054263499781e-02
2.18565584916747684963e-02
1.76340360839485656153e-02
1.51328452437074802150e-02
2.71705903397405010291e-02
1.65178812942217215221e-02
1.42019834030321263907e-02
2.59982554014687658461e-02
1.31816873161215535049e-02
2.30026834525887437233e-02
2.43865423563899251513e-02
1.70449013963120399318e-02
1.10203770466350148977e-02
1.84845148589298929886e-02
1.69530979953517631220e-02
1.24855569507331121137e-02
1.37579802494430109006e-02
1.28976972906019154291e-02
1.62261588700241682348e-02
1.43974987516200143844e-02
2.20511876207900338331e-02
1.50654012250221788077e-02
1.78464209961437386687e-02
1.95855616558448519804e-02
1.23162580067973544129e-02
1.01679059581066145307e-02
1.83396821469184664877e-02
1.04377231832425976243e-02
1.25338132904555463187e-02
1.32169501039384983121e-02
1.19400808627915019228e-02
1.41286128115961917562e-02
2.34014955002880171986e-02
1.37485093919304610793e-02
1.36616574957067402063e-02
1.27794016843512589499e-02
1.46569762164642930502e-02
1.54726717059465879861e-02
1.81038084634145349239e-02
2.60325862476243306831e-02
1.32375874516469059505e-02
1.25495784439159461382e-02
1.34112619738039687278e-02
1.70418878957115452200e-02
1.28215384930982397027e-02
1.92216709141010827500e-02
1.24772492962190919424e-02
1.23678348020176843286e-02
1.24278405863609432008e-02
1.62736617345328911377e-02
1.24586059878302665704e-02
1.93640255734699867629e-02
1.25413234106293500214e-02
1.27959714113466214297e-02
1.24594506801062772372e-02
1.55301188858939544224e-02
1.24041561083372345320e-02
2.09901795468738112949e-02
1.35685295846676001047e-02
1.32742577001503207768e-02
1.27372275633279019580e-02
1.52468948999460243710e-02
1.26419293290225328436e-02
2.13707464214518971790e-02
1.32331193318128738368e-02
1.23649187627739836487e-02
1.25029367334238972198e-02
1.47867327442542245697e-02
1.40612705329212703265e-02
2.47304979248295815630e-02
2.03889639072219706895e-02
2.06196049258951588645e-02
2.49380011809286657176e-02
1.35826798268972002981e-02
2.41986942333672176708e-02
2.07155520274020163440e-02
2.62898702113570775785e-02
2.13006877299771746337e-02
2.51743510025581318512e-02
2.40301707445036739907e-02
2.44649926002441231443e-02
2.21124648650936235506e-02
2.30986461778607196638e-02
2.24952098761047325493e-02
2.10818018561032861913e-02
2.17717004462214709648e-02
2.10380016564335296791e-02
1.98275254387455003580e-02
2.05737734361589527654e-02
2.07046347444744850697e-02
1.81726684590926279572e-02
1.97506277685039685621e-02
2.12216848918741658736e-02
1.79584399082993798058e-02
1.87900510829534517221e-02
2.25942162161027540468e-02
1.87544032930936077630e-02
1.76144893882848700695e-02
2.07247138465166715060e-02
1.63128900569457536973e-02
1.69143565863440412111e-02
1.95532841752990398099e-02
1.59021117418410816435e-02
1.66622405231109278756e-02
1.95334501458395634610e-02
1.67310520365576594071e-02
1.68741326737109620382e-02
2.07528660615829176062e-02
1.89863421837909579493e-02
1.77810489004445355932e-02
1.20280801942787250736e-02
1.68061118989491428688e-02
2.42049626748317772695e-02
1.84360360438462940469e-02
1.40504672520169338751e-02
1.88459368501542011420e-02
1.91229081721374198632e-02
2.56475065768585128168e-02
1.84500891003268642498e-02
1.56091986024267052185e-02
1.80550116757093107034e-02
2.04504477760268123243e-02
2.61792858644004956814e-02
1.85343989166090877818e-02
1.69531395868139957150e-02
1.82278156420345657796e-02
2.17001699396571490208e-02
2.81900346606739869715e-02
1.95033269828509166210e-02
1.70999570824022853466e-02
1.80616063720810855753e-02
2.30877003428232412119e-02
2.65792626741224585762e-02
1.91501579774162600245e-02
1.72002158268435775823e-02
1.88743936697314852735e-02
2.42210406863536745203e-02
2.64443629004368421787e-02
1.86113752554721186006e-02
1.75870329265626797188e-02
1.77370607477676453523e-02
2.41020294707727858463e-02
2.61631081381780775108e-02
1.82856875859235927517e-02
1.81182585052414996118e-02
1.82367518386349729276e-02
2.64730878850579116890e-02
1.75271489344261573173e-02
2.42576212405503574554e-02
1.91856652188554660521e-02
2.90020123420772317491e-02
1.90440942551752777356e-02
1.99411458482204595466e-02
2.50872756577911436293e-02
1.98619948285664281451e-02
3.13278447405818186167e-02
2.14937333639365658888e-02
1.99538681878978149675e-02
2.60073884204085371830e-02
1.94004345541536789288e-02
2.93955472444382276409e-02
2.07942841042917381245e-02
1.92958084443228122806e-02
2.54353030052720287257e-02
1.96381764774634821891e-02
3.09069860052707361120e-02
2.07522413230475030743e-02
1.89811155899752143084e-02
2.44856079801993101186e-02
1.89304955814685420268e-02
2.93046379484545004013e-02
1.95581241383216419827e-02
1.86160654674933888353e-02
2.27153826401845990168e-02
1.62434146730298031858e-02
2.65051172221516390115e-02
1.85810832364531365590e-02
2.04239771839375139351e-02
1.81405452754320392628e-02
1.41620344403620215812e-02
2.47091379647287646970e-02
1.78563224794468893009e-02
1.90552949922062342392e-02
1.75993328626399860026e-02
2.40273298743326792215e-02
2.19201215610224202368e-02
1.81533982427533359394e-02
2.12823637232803543340e-02
2.16054299473535244003e-02
1.76447005021337782749e-02
1.79450257291540390958e-02
2.04231624656907549686e-02
1.75967058522326844083e-02
1.61162581342568431153e-02
2.00783747001593640413e-02
1.78999591555399940879e-02
1.56191803642188545981e-02
1.96684030071076314250e-02
1.83542881161324299144e-02
1.55760249325686446487e-02
1.95782994205319013648e-02
1.86994386613609370196e-02
1.63891975255044120008e-02
2.02496972564431311492e-02
1.95341500981844641560e-02
1.78300830331886081548e-02
2.17573825041157027649e-02
2.09167985325192685997e-02
1.95605818833796442358e-02
2.37036984272496961679e-02
2.28687255259229574311e-02
2.07856127253925326848e-02
2.39480853618822750462e-02
2.42064739480990914755e-02
2.25248244712361739284e-02
2.32888012555391155090e-02
1.28793042688648377847e-02
1.92256395017174862294e-02
2.31606573395488936351e-02
1.92943046324556659321e-02
1.33568507575700656798e-02
1.91674927275321954623e-02
2.32488784783266427825e-02
2.39711712648756521127e-02
1.97421101772328293211e-02
1.36974624934693683248e-02
1.95445906030287559763e-02
2.37921449465994874761e-02
2.38840174803151630845e-02
1.92767751182608450267e-02
1.45278196646984845974e-02
1.89346687029374911859e-02
2.33959629073051990356e-02
2.52658890920149509229e-02
1.98305112047067536030e-02
1.55203117610439641355e-02
1.95067346975345834448e-02
2.42836090077237151674e-02
1.26825661082448047645e-02
1.24569196035777714215e-02
1.93748534962202949294e-02
1.31673553320323273585e-02
1.26452083272676710918e-02
1.29800184683998044710e-02
1.67344843628359288279e-02
1.27795073226631139551e-02
1.81390916214125876016e-02
1.25254385152776311768e-02
1.42923082198083105376e-02
1.72743238808353953562e-02
1.81206501533471425747e-02
1.26547328221499732342e-02
1.83232679184145499929e-02
1.16835812852909091270e-02
1.25799558949942318076e-02
1.47296385430871930311e-02
1.54490213881009266772e-02
1.49517953985466162115e-02
2.18480173494072435481e-02
1.36944605443222854751e-02
1.29415728758138157128e-02
2.32226255864835459675e-02
2.45701668339879178427e-02
1.49836648160588548767e-02
1.69342611049582009164e-02
1.48215998286284865448e-02
1.92588954190758311624e-02
1.73096261762754714819e-02
2.78195078779147585146e-02
1.78189733144196657544e-02
2.11187879522855385950e-02
1.80607347827545748620e-02
1.52957002311107041065e-02
1.12674242566790736714e-02
1.15352910049985307034e-02
2.21134856422500747364e-02
1.54328684235951439641e-02
1.45325870374135371343e-02
1.22876983625901225333e-02
1.59599517245510510999e-02
1.36634425987742953723e-02
2.40318035881620928329e-02
1.47283843054830769492e-02
1.31754665921173415299e-02
1.34671360106742802470e-02
1.58038107470951545708e-02
1.52532422900837696944e-02
2.34223553506046830441e-02
1.33423510600643325380e-02
1.28766322091609063116e-02
1.27792670372756621278e-02
1.62232841595035953697e-02
1.26239351507364781779e-02
2.02980639522590891599e-02
1.30957936010002752580e-02
1.36572772777007068329e-02
1.28108801415047230537e-02
1.56709654405846957048e-02
1.26987989688001536720e-02
2.25173384626158740174e-02
1.45180431632503451067e-02
1.37203746031221793938e-02
1.28279497192653382104e-02
1.53720263547132938997e-02
1.27445583371884538226e-02
2.22227794672493587924e-02
1.36950842407047631427e-02
1.32493483990723213972e-02
1.27904508618734841230e-02
1.45068542506637115919e-02
1.34905576863968198337e-02
2.51900089090893418431e-02
2.20680183127076497140e-02
1.36265831450881388237e-02
1.31043533621464942246e-02
2.49853136648311817403e-02
2.09236203220188529683e-02
1.40162674878157277047e-02
2.50654669942532715154e-02
2.01833890942527301171e-02
1.92225360527688952927e-02
2.44034734914929732352e-02
1.28292660199249026337e-02
2.28851705051546366887e-02
1.86344468176546720906e-02
1.77681467812487343949e-02
2.52226856224708924359e-02
2.05607382941371992502e-02
2.19475090178817243414e-02
2.04289826161265231086e-02
2.41321175411524924126e-02
1.93776952956227453695e-02
1.92332757169989196355e-02
2.33080288757436526748e-02
1.82962472371686057926e-02
1.85254536379436535176e-02
2.41082686810977636638e-02
1.82815834269244928412e-02
1.76995426319438986518e-02
2.54546755846543903967e-02
1.89454156275337577686e-02
1.66475258462030969997e-02
2.34579590154386542766e-02
1.62720000900319523851e-02
1.60588901515640279649e-02
2.26131833614818672507e-02
1.54115518556698274238e-02
1.55814090867931534512e-02
2.26635991232637216963e-02
1.54889963967973186276e-02
1.65864790935267396310e-02
2.45013149585894783600e-02
1.94344856674932356388e-02
1.61904770942674809675e-02
1.38448698733501934788e-02
1.45188851720784647958e-02
2.33638071146377961085e-02
1.80053279617450948114e-02
1.64679458646183295156e-02
1.83903114505980999627e-02
1.38076542906461780663e-02
9.44331898010440130842e-03
2.09264614650924683781e-02
1.95842825053663925627e-02
1.49307267190850554567e-02
1.31663602187544522687e-02
1.89219647151134852392e-02
1.06251502883488637557e-02
2.31084321417529270359e-02
1.99136673691713596279e-02
1.45767232106533521641e-02
1.47302906454692787708e-02
2.67640098266309980901e-02
2.04564140919174901334e-02
2.17000316709446208763e-02
2.53856028122240937051e-02
1.46605213072386990347e-02
2.60628191117154434098e-02
2.09170450515841176153e-02
1.28204594067451403683e-02
1.28549059117521388695e-02
1.47345324041857472092e-02
2.60028227877282559766e-02
2.13648697117487691710e-02
1.36824531590647169299e-02
1.28160446534802598823e-02
1.46000411643255299798e-02
2.56228536757715542882e-02
2.24782154801042854952e-02
1.42172266212647873534e-02
1.28883118888549544345e-02
1.40411231142526515825e-02
2.57568786045592121314e-02
2.30875705596669464348e-02
1.49333534000237189154e-02
1.30979793270412508965e-02
2.78432701019474398985e-02
2.31226336730918254070e-02
2.27755334242691204194e-02
1.32372828257917088401e-02
1.39406663129851872418e-02
2.97139119614028557326e-02
1.52477049322184976532e-02
2.42419640600756540472e-02
2.27354208309413045874e-02
1.33621280505763773139e-02
1.39913209583655776674e-02
2.81170428324174909163e-02
2.27032793272249622252e-02
1.55499518844914759452e-02
1.57398808512008887839e-02
2.21846365985562225809e-02
2.68188553715478332495e-02
2.84207912715321864283e-02
2.21957763173536992696e-02
1.58034003331561576089e-02
2.11504062185576095778e-02
2.48728641676024091189e-02
2.91164589955578145819e-02
2.13052521883689283122e-02
1.50328263081165210135e-02
2.34887553823100621309e-02
2.03982474982533773522e-02
1.38652386867302284540e-02
1.12547579098797138897e-02
1.45982961707865153272e-02
2.16226431522605413993e-02
2.01035343658770605801e-02
2.57191606443523089476e-02
1.71865564509008049432e-02
1.32686598200421161653e-02
1.83799913952645832538e-02
1.54389552253382644070e-02
1.40500817367729159690e-02
2.54547037949766769005e-02
1.72604537301311866671e-02
1.68956467567832335774e-02
1.83729878473807319017e-02
2.33201900331022164703e-02
1.67885020880363215745e-02
1.63672122666017917647e-02
2.23346031898934704873e-02
1.68623414062223225818e-02
1.55725903577407492201e-02
2.15949654178931235715e-02
1.68676622179838586746e-02
1.56605489028960910558e-02
2.14292871922982970656e-02
1.72333660799653398676e-02
1.65130852569742372915e-02
2.20165797076680401501e-02
1.80510833764735700857e-02
1.77951555648749523697e-02
2.32766669409518490996e-02
1.94323135382794831560e-02
1.88596498241616374048e-02
2.48355881279264251171e-02
2.10059093918830395997e-02
2.03977885958257741661e-02
2.66227640315576559449e-02
2.25661575340154012259e-02
2.32912696264072315022e-02
2.59800931886319391717e-02
2.32758150856205298096e-02
2.45557054667545696103e-02
2.44240397154115371214e-02
1.25594588374658908125e-02
2.34647426853566744287e-02
2.04799513549226881726e-02
1.28664468273101805645e-02
1.18994694289283331479e-02
2.40683565911758885758e-02
2.12868378243458132582e-02
2.07478118627001245633e-02
1.27008782751430269325e-02
1.20364516320217891654e-02
2.40888169425150511227e-02
2.04849153586242546665e-02
1.32185597188195971124e-02
1.98609887168287799208e-02
1.22738747854946126520e-02
1.19716543451604765652e-02
2.46391568404846182661e-02
1.40255675496573032485e-02
2.07373673681111314604e-02
1.90651503786359033388e-02
1.25450200274850147408e-02
1.21894500487101584141e-02
2.52333175434781079027e-02
1.67537657942923336185e-02
1.92579058061877438079e-02
1.81772521416192246735e-02
1.18608159963806865378e-02
1.19023482489801265410e-02
2.56380969748146517184e-02
1.60433672681267180948e-02
1.86149083599678223655e-02
1.77798696263499061976e-02
1.18444051146522361800e-02
1.17739256550226222692e-02
2.40875536358510257406e-02
1.54776545400134874636e-02
1.87366490232378640757e-02
1.95364019635141626663e-02
1.36902380465059800296e-02
1.20511446580812420226e-02
2.51675656748919646111e-02
2.22052400790894444160e-02
1.62511158746099677874e-02
1.87974080125053594204e-02
1.60049573210927359446e-02
2.24392316073033365464e-02
1.72179453610842095324e-02
2.80073764885985024287e-02
1.16441399906511353080e-02
1.79293314674161957667e-02
1.34657350594016914092e-02
1.30154514178341083885e-02
1.17016819906370726084e-02
1.73101142988716233395e-02
1.19749439898481340600e-02
1.93070159879770199274e-02
1.30938743693377532273e-02
1.31054336761512804643e-02
1.24355712277321641540e-02
1.60900534815767506935e-02
1.29398475941565893610e-02
2.08261126351030750881e-02
1.31458467057089887359e-02
1.32245166645136857930e-02
1.31594138836043979962e-02
1.60543975673333796927e-02
1.41488191606225534314e-02
2.21732028809552075832e-02
1.32684518478984672663e-02
1.38550553459739125145e-02
1.33912033174767401700e-02
1.60927779531689248149e-02
1.30744467554080642108e-02
2.20650181364076929114e-02
1.39468750980282305690e-02
1.34384452225694457639e-02
1.28172001622819369676e-02
1.57673685185575618295e-02
1.29251060343813142101e-02
2.17361510852312443676e-02
1.34320547199600036359e-02
1.36227699826430449087e-02
1.30905769162401892231e-02
1.49432645027785006298e-02
1.37903374142912087119e-02
2.58117652631508487371e-02
2.27415434832378970942e-02
1.48250175716590527897e-02
1.35288850981889856306e-02
2.66498146383797492043e-02
2.12404807775153706140e-02
1.28465143132290744721e-02
1.99284616706859665780e-02
1.18383239590746196235e-02
2.37536289063376600261e-02
1.92634858517351445495e-02
1.33664880899958208454e-02
1.26508436971610755545e-02
2.31575823004043397646e-02
1.84665591881649666928e-02
2.26675151653197397283e-02
1.79482454111815729891e-02
2.37938584725134530395e-02
2.05893043410893296363e-02
2.12507255113796207635e-02
2.01833116422949834790e-02
2.33684099193761929403e-02
1.92013297437963921521e-02
1.92538523119400589723e-02
2.29001158880495631065e-02
1.79165280949769994967e-02
1.84647467844132710801e-02
2.31705860770848939834e-02
1.78743876644236396323e-02
1.75183526240340406432e-02
2.38796893124680331688e-02
1.90920974835139534154e-02
1.62638341236007281931e-02
2.21487231742599453843e-02
1.64580929432908522336e-02
1.55174253811642334777e-02
2.15865522643149294890e-02
1.53362616279196211505e-02
1.52224867712210543830e-02
2.25373514215845664743e-02
1.63473648900977312770e-02
1.54743630321250921766e-02
1.22688067912083385858e-02
1.23704798726646005014e-02
1.63823399607626353502e-02
1.31291469894277666730e-02
1.42476348739010005157e-02
1.48799521121541315771e-02
2.41975536792461767832e-02
1.83632676149970731905e-02
1.65574119052465454360e-02
1.93624070414811846885e-02
1.51564014294290807378e-02
9.51839310230460401707e-03
2.17528640045397229918e-02
1.53845841559009776506e-02
2.01107454424245546409e-02
1.94500488194760193239e-02
1.33391349044831193649e-02
1.10950465650217159480e-02
2.55451265089840610922e-02
1.49681257009687106868e-02
2.21914158484761772638e-02
1.50694652141341658980e-02
2.17935447922085502592e-02
2.72037798125554543260e-02
2.14072838772227103110e-02
2.61827600844525068546e-02
1.54919759711277631176e-02
2.08946556085521546742e-02
2.56314441709787309287e-02
1.30861012073879359741e-02
1.27697304607419202804e-02
1.41843067398445613070e-02
2.55797092978008663855e-02
2.13555205202308300005e-02
1.33515900480055127453e-02
1.24537310537846425407e-02
1.41749929846252762516e-02
2.55839165402394173865e-02
2.23893026374739900763e-02
1.40745359247349943049e-02
1.25565309812702644715e-02
2.58916884623992052394e-02
2.24894320759240137764e-02
2.19747096053622519019e-02
1.33043052464230683596e-02
1.29635998183374942516e-02
2.77773328388454150695e-02
1.49286403469974481018e-02
2.28461158687860987904e-02
2.20729214108599594568e-02
1.32523398899967882053e-02
1.33861580466540144169e-02
2.23199353827469720857e-02
2.75599468295931217254e-02
1.53563618230360739852e-02
1.59224701299766902007e-02
2.10114862418154524359e-02
2.64376308365556790536e-02
2.11209350067652068539e-02
2.78026019278771810428e-02
1.58777668836017210596e-02
1.96737939513455251106e-02
2.46028928382416058052e-02
1.99158998039255102919e-02
2.75220174153349463053e-02
1.54401653488555629795e-02
1.88818346036607360994e-02
2.32202158043373838026e-02
1.33874606255256628495e-02
1.12155968187163303934e-02
1.57514779103422528084e-02
2.15554170166109317075e-02
1.98644170314660820087e-02
1.45382268162248737275e-02
9.74894228314026126125e-03
1.33951241748630246742e-02
1.97047705261949278321e-02
1.63861836072344835280e-02
1.47193698115782155983e-02
2.18600537668597605379e-02
2.62454933542884613629e-02
1.81857842506173011943e-02
1.74629369190866662320e-02
1.86346816578657932528e-02
2.37172461921699509468e-02
1.70652759684688480613e-02
1.64799951122565555006e-02
2.23406899054169848229e-02
1.68216953559978572852e-02
1.55404940719399246862e-02
2.15144481121408229218e-02
1.68880333520513882528e-02
1.56212544569890431773e-02
2.12898539432777693381e-02
1.73038764067014808057e-02
1.64059605768178025376e-02
2.17235698161259774275e-02
1.81529810196562266245e-02
1.72837183027871633956e-02
2.25901014732116621475e-02
1.93457198069753935621e-02
1.83397666909914658362e-02
2.41428603634697772073e-02
2.06714458357416322465e-02
2.01974302744185804648e-02
2.68862057577859067670e-02
2.30095574968316174402e-02
2.21596825791796937788e-02
2.86265739838004427964e-02
2.31628063377475844342e-02
2.56982874754330646583e-02
1.26180726737485579547e-02
2.37216900561490300070e-02
2.08984428013189414697e-02
1.33357623329151929459e-02
1.16291345765710402160e-02
2.44509936403410690908e-02
2.07146453264350979828e-02
1.97861361058696977322e-02
1.23988911197735873077e-02
1.17397145195272979701e-02
2.39213864146708699021e-02
1.35157309088335987612e-02
1.99629097578484134001e-02
1.91272820183631883650e-02
1.20748672042387331094e-02
1.15592572949130070747e-02
2.35785681287053530686e-02
1.39834721156799970943e-02
1.91283546916612735844e-02
1.84038967786716266273e-02
1.18448412500970143291e-02
1.15887374532345054784e-02
2.34143335800957620718e-02
1.45145703088310606271e-02
1.85675115793689435306e-02
1.82114199888421743334e-02
1.21418284455019395013e-02
1.26969436168709506191e-02
2.41863823049252302244e-02
1.71751750119176448128e-02
1.88028039369132378422e-02
1.93770743986289191441e-02
1.42693619061960846883e-02
1.25656543068795329560e-02
2.47027574825159947081e-02
2.20219710037498558886e-02
1.88087867032937540446e-02
1.96987945018338855840e-02
2.50413626733826319426e-02
1.69116676185407516231e-02
1.69928832597732240584e-02
2.74345332580859420368e-02
1.89652069667061717873e-02
2.41843838704913251247e-02
1.87036895981483042295e-02
1.54308583458600840493e-02
1.22406062349868956229e-02
1.72426606198115422997e-02
2.56485942907208851194e-02
2.28033515220899089815e-02
1.47500572232788264293e-02
1.27056187035500152416e-02
1.62616655915069248384e-02
2.62438340188700450217e-02
2.22834634121359259629e-02
1.35766246471646905708e-02
1.26224809764166404080e-02
1.55486043476576948907e-02
2.62726547261596561633e-02
2.16014944168221763310e-02
1.37667289466307119633e-02
1.25958174284164729079e-02
1.45837877453012850631e-02
2.55718003333750450168e-02
2.23031839496068418072e-02
1.53413608588025725255e-02
1.31835302555878223357e-02
2.60800665068170421657e-02
2.15856345748741164370e-02
2.03000626846322924923e-02
1.33214627575202852749e-02
1.36338881834933769999e-02
1.90792805985970058413e-02
2.71691244717234062223e-02
1.87331288897503722701e-02
1.54151253630971252911e-02
1.79070233486752286578e-02
2.46643474491015195216e-02
1.78067641237817340938e-02
2.29518637160471133951e-02
1.38581090903485033838e-02
2.31472202616210438741e-02
1.69945228953330695898e-02
1.64872720427000872545e-02
2.15342753128587999223e-02
1.30370060140355750744e-02
2.11529719320950188033e-02
1.57318842879675506452e-02
1.50085029419992372485e-02
1.26243941937821315541e-02
1.92836565580804600306e-02
1.41957431510294582871e-02
1.38204060841206882032e-02
1.23196847994743886173e-02
1.84399002188189789497e-02
1.30772467655236885459e-02
1.28055596826573744179e-02
2.38356258880189596228e-02
1.80848052052683047619e-02
1.79472306108769893984e-02
1.89835203911603335458e-02
2.16319371772386616348e-02
1.66409944282185327802e-02
1.78663174426069125411e-02
1.93331688538118384724e-02
1.59256663998716303798e-02
1.55817961496741482635e-02
1.83982704871952507109e-02
1.59591876792022219211e-02
1.52344312338859519396e-02
1.88203085630921605753e-02
1.69617183589988902714e-02
1.71132739001045620919e-02
2.03016879665213964556e-02
1.93776195509149200269e-02
1.94633039237946323108e-02
2.10354245676192611048e-02
2.44616000582545643771e-02
2.26839270343562812715e-02
2.39333884270489342938e-02
1.40373800703692611092e-02
1.88090957964491198307e-02
1.57441025174507760742e-02
1.94444372775351807803e-02
2.79162144639992330919e-02
1.54893943719565819334e-02
2.16603950197128136690e-02
1.40761115458069765299e-02
2.25170304491955630688e-02
1.50796510639338004339e-02
2.16177641362375987100e-02
2.52730091196121872676e-02
2.63414126213838382939e-02
2.10376863946585140885e-02
1.58210975690689648054e-02
1.96795285322082999513e-02
2.53173169834404188094e-02
1.99537476031446288360e-02
2.55190278231753955862e-02
1.64986378071039670179e-02
1.84837424730491250990e-02
2.49117330798160514782e-02
1.86388816459035419615e-02
2.50040586977394486967e-02
1.74573314441032398370e-02
1.74522243265033683013e-02
2.49491693817649982934e-02
1.67783554116363239905e-02
2.42544662734515657776e-02
1.72796325192406813320e-02
1.84305870226642368181e-02
2.58432653122626886100e-02
1.79055154243043246343e-02
2.51309952093027935693e-02
1.68304944018290887631e-02
1.95829357308857157638e-02
2.59490874716241277931e-02
1.95003243893530978093e-02
2.67097228544213825818e-02
1.50826653377312599330e-02
2.62020502060430447722e-02
2.19082737542235610195e-02
2.04663634395561185031e-02
2.60968436070341501531e-02
1.38351660636943547822e-02
2.56860383913128965949e-02
2.18011313837149257877e-02
2.57524970185417124979e-02
2.12055671454455495206e-02
1.29716093450273177445e-02
2.16794206078022265449e-02
2.53345285529452853013e-02
1.36384369500320585394e-02
2.14933082386123165686e-02
1.40836067113506106102e-02
1.97835206927381851427e-02
2.28671914200235804060e-02
2.38425242338138436426e-02
2.28071557630494491098e-02
2.00807531136160261065e-02
2.23581605336843521059e-02
2.13473721335905863850e-02
1.98044695460393473108e-02
1.84415147599105849752e-02
2.06773087090655928455e-02
1.71394529028787781511e-02
1.77611228780727679888e-02
2.06275465678785914492e-02
1.59087304471475649015e-02
1.71831826915155687352e-02
2.14324341037130071397e-02
1.57245329673093951761e-02
1.67974952960255399792e-02
2.39706191773616933416e-02
1.68317448686135864855e-02
1.62537169315206189713e-02
2.37814044633617126256e-02
1.72391471018725414566e-02
1.70711631194245226639e-02
2.40319256598384156653e-02
1.81187591101046457931e-02
1.79655780104621132232e-02
1.28894059913558355762e-02
1.42701997603397173070e-02
1.97607601334057920994e-02
1.46928203160591377280e-02
1.45515826287039989895e-02
1.56124364597586082898e-02
2.24890982380352433267e-02
1.61397932378330097314e-02
1.51550176654466385584e-02
1.72594535475489481435e-02
2.38681526884675296318e-02
1.78144230734537042937e-02
1.30069157758478503445e-02
1.89995522907778005561e-02
2.28743055905529062144e-02
1.22206322667855280667e-02
1.12419601938451903939e-02
1.25554874855578636056e-02
2.31622040833768666479e-02
2.00595268638121167204e-02
1.28314733588937475439e-02
1.13298520625822775332e-02
2.29707597368915966696e-02
2.03430556674753307278e-02
1.97118097974285401419e-02
1.27965445183455799744e-02
1.15076692583685295801e-02
2.37699032032105649070e-02
1.41052873565198997469e-02
1.96642571270821166218e-02
1.93350116514058416317e-02
1.28136837310743809115e-02
1.28056876426063132729e-02
2.77846241140671211534e-02
1.63114640817432557385e-02
2.07297660191812158081e-02
1.88060005434435781324e-02
1.25517282750225150217e-02
1.24735993702699953650e-02
2.56421205761146013546e-02
1.67074747167248356672e-02
1.90741754393210817542e-02
1.99211809723992272492e-02
2.64390157280236341719e-02
1.74867980042087770021e-02
1.35954938389241195701e-02
1.26394010909647545871e-02
1.80551383500653223058e-02
2.54281379981412744562e-02
1.96622916454343085735e-02
1.32531743427753909148e-02
1.27109270802723151733e-02
1.65812133802083309930e-02
2.55078615381611299717e-02
1.99938411719709253911e-02
1.33589356196517228953e-02
1.26308548281579089562e-02
1.53586751524993035678e-02
2.52764057351910660654e-02
2.10603265029296084221e-02
1.47251651403303308180e-02
1.28440742325011420660e-02
1.46713048162050076900e-02
2.51165568149776530227e-02
2.34522330836532538756e-02
1.77992762552301418688e-02
1.33865105610087870708e-02
2.67767089583465962843e-02
1.99121531505259269368e-02
1.79879182475349251591e-02
1.38359570742323540610e-02
1.27097727312489652829e-02
1.72984434438477781282e-02
2.62383358315652417958e-02
2.01312803946991913939e-02
1.59268980206441930492e-02
1.62313122158992406696e-02
2.41964532155024732163e-02
1.60666357863119627081e-02
2.20476082442064465206e-02
1.39936416761327793445e-02
2.17580403874062140723e-02
1.54221019520686501714e-02
1.52451125771507507017e-02
2.06295927494945935399e-02
1.40226978146147183285e-02
1.40106264014140374091e-02
1.97316436760853856913e-02
1.89058516256211152362e-02
1.33052498920538889854e-02
2.50059734025692426140e-02
1.87534538194968208868e-02
1.85546508242542852740e-02
1.84418285969694464854e-02
2.26998488714264395893e-02
1.79362439308680260419e-02
1.91308045096932714813e-02
1.87143934062127745288e-02
2.03263145774756660844e-02
1.85735164672713483347e-02
1.85136389783991384128e-02
1.80826057005067722394e-02
1.77007731675766048773e-02
1.64763658083328552728e-02
1.64896841807234094401e-02
1.78077975342263924996e-02
1.52891982131176489002e-02
1.59872559671758486533e-02
1.90855533398955959368e-02
1.62566180938717996796e-02
1.64894424808724286702e-02
2.19616774903466753510e-02
1.93429895440182623989e-02
1.79468275828905225733e-02
1.90341710005978437259e-02
9.10500603184862498940e-03
2.07701853376420358943e-02
1.33538929904354099210e-02
2.07620244169493227415e-02
1.05015227733886284261e-02
1.53598931067244134918e-02
2.42001542482687403979e-02
1.82999743237524659101e-02
1.70761003159386366701e-02
2.64444401954361703322e-02
1.72682060156809612239e-02
2.57932235722873430539e-02
1.58706783802709354425e-02
1.91974346330440678865e-02
2.47950317450895754701e-02
1.91708045475405160218e-02
2.59626597684058414706e-02
1.44461385806034688095e-02
2.45346383101524428971e-02
2.06749358296464853801e-02
1.34924504672650023146e-02
1.17220296052176920637e-02
1.35825787073037048541e-02
2.40132384538195922663e-02
2.15613912764482731910e-02
1.42837991756395114168e-02
1.16296806389556556249e-02
2.40278636794867758719e-02
2.04788710990132481748e-02
1.91301238472206570906e-02
1.27910689971557911537e-02
1.16811825069211196876e-02
2.40966768737932018896e-02
1.89223873866380849773e-02
1.54983709560069515820e-02
1.62501887401347057394e-02
1.75774018717215416152e-02
2.46451926283809130691e-02
1.72571204249144724563e-02
2.42866107518113806540e-02
1.62677119316147270056e-02
1.76267716071321460525e-02
2.42357668952315231936e-02
1.67304216805793694312e-02
2.25900501646189369453e-02
1.52047693336663323344e-02
1.12401899116518506211e-02
2.07259637590149273234e-02
1.86149077153232242465e-02
2.53370391439094594377e-02
1.90370615749910314374e-02
2.19935389178276576028e-02
2.20881968664261990609e-02
1.82344775546216322781e-02
1.86627578562226399683e-02
2.01145337047618430470e-02
1.82738399689282605964e-02
1.67063442215824101145e-02
1.89342154844081150822e-02
1.89125389784132319493e-02
1.60690495126500909606e-02
1.80198828911288869148e-02
2.01379034670543521912e-02
1.63634352974673415171e-02
1.73876710345692887805e-02
2.17623075421702512344e-02
1.71039159090075054692e-02
1.71386309024379214494e-02
1.29913834921458609672e-02
1.17671728656461895002e-02
1.74613999255500730590e-02
1.19661441642661143386e-02
1.30751403831851856913e-02
1.28159584990745027688e-02
1.91324558980283526699e-02
1.83063694652981397148e-02
1.31586082941928163986e-02
1.36233716461821637717e-02
1.40264554428408648457e-02
2.05009423646816887898e-02
1.96002361733219887530e-02
1.45728963147344191958e-02
1.48613252437324715877e-02
1.55718431150586658629e-02
2.28520291877986093942e-02
1.65409062901643866272e-02
2.17836530292786281771e-02
1.37430523720169298074e-02
1.75905028992919890141e-02
2.30825257251021029314e-02
1.96023952959836107734e-02
2.39371291227665795864e-02
1.30849082136635583296e-02
1.98027564922159150795e-02
2.29488362295346103037e-02
1.37914976666785541598e-02
1.19581435269025017354e-02
2.38245479487019830300e-02
2.08973358371348401363e-02
2.05702273640813136646e-02
1.35760616100546668839e-02
1.24975026981393438213e-02
2.48964656600088492244e-02
1.56422602024132127718e-02
2.03259821597875124655e-02
1.97165890498331372593e-02
1.30581405935148216896e-02
1.25072662880423342985e-02
2.51597158865119116533e-02
1.65257883712094134909e-02
1.96317486994918438681e-02
1.88690610372142207607e-02
2.51991730875859507033e-02
1.78550189372624207307e-02
1.32645272254579733862e-02
1.25450439585544689519e-02
1.92206524852825862137e-02
2.50944333370163204233e-02
2.02237316979521804250e-02
1.54101014951232538619e-02
1.16298514130662913185e-02
1.69475274777768150636e-02
2.51364766990125297619e-02
2.26631613878117040006e-02
1.76388484023192425310e-02
1.23802459947288685110e-02
1.54448896972428986740e-02
2.58365779382641776174e-02
2.66959860211230873284e-02
1.89083187938536879946e-02
1.25821541275729260889e-02
2.84505306630649795752e-02
1.92733361990081938919e-02
1.76122799069285788931e-02
1.19643534852494244636e-02
1.12817486977861720227e-02
2.33062626186611061840e-02
1.66197453413101277342e-02
1.51838288043562967544e-02
1.31993097296790439649e-02
1.55900982216277215336e-02
2.09081449425815822651e-02
2.06554995015855377694e-02
1.52047586879897611567e-02
1.25965986762300204138e-02
1.45423329080997115748e-02
1.92700697097856893381e-02
2.00724142469210636852e-02
1.46119984071310382578e-02
1.40040557068300663274e-02
1.96676623206724805748e-02
1.33911705552576722894e-02
1.83065019796246168660e-02
1.30379095276044968538e-02
2.45429967063926467163e-02
1.84001672915465631919e-02
1.82300907917349735987e-02
2.21256156654317734378e-02
1.88784545938617542848e-02
1.99746412302924634952e-02
1.90656780002705396326e-02
1.78566870547142569903e-02
1.69594629236895326485e-02
1.70952734742676748514e-02
1.76336155368092377393e-02
1.55769353153950088076e-02
1.60373908046165698782e-02
1.85004492488696145602e-02
1.55621722278735889061e-02
1.61853817916044195879e-02
2.07105766636276993065e-02
1.75996484896716008650e-02
1.74911138982055784641e-02
1.71651416973469840566e-02
2.41226115221797737798e-02
1.23948975017948454652e-02
2.01465109733670773295e-02
1.20491582083563000122e-02
2.00427336399005180667e-02
1.43738812576840215007e-02
2.79791405380865887409e-02
1.39362009102194026045e-02
2.44373999895651748682e-02
1.81851976687084811168e-02
1.61117230887946882856e-02
2.51993767113395140955e-02
1.63552430617829695769e-02
2.55965355538596388285e-02
1.57659875034835764152e-02
1.83777274645153046451e-02
2.40552383367947514303e-02
1.30323117427415934716e-02
1.16127132764053050962e-02
1.39866928410280096096e-02
2.04033874799284288548e-02
2.34407570268607978736e-02
1.37547930991252665561e-02
1.11975456786029669426e-02
2.32090510059916946273e-02
2.05852691220906741654e-02
1.94634564186323202883e-02
1.32744897077062985052e-02
1.12056082012535161707e-02
1.86378349625164405068e-02
2.32348050650312103194e-02
1.48334683482994004328e-02
1.56783968198282233630e-02
1.72299415367551424227e-02
2.45261899927404040944e-02
1.70527963149742708970e-02
2.32423228348631293050e-02
1.56210929275131006622e-02
2.36911086486048493016e-02
1.83650377415893115152e-02
1.79237898754699837012e-02
2.41758431176660286421e-02
1.35932080087814433078e-02
2.49002495025652352545e-02
1.98036103708389490952e-02
2.06550150910136051663e-02
1.69661534992466660199e-02
2.34682226233688152883e-02
1.88485871271562334395e-02
1.98192948010266004055e-02
2.10103222157585999008e-02
1.81770334763404137202e-02
1.74043679290573453933e-02
1.95089615625742632266e-02
1.86252924017315697747e-02
1.63248693011613446591e-02
1.83323836696159016280e-02
1.98303969829148919735e-02
1.63355039447823577325e-02
1.76024321729242871903e-02
2.16507875539644137342e-02
1.70539806953127516531e-02
1.72995456734013688949e-02
1.28312956804837105529e-02
1.79491528947747260025e-02
1.17995916031021982895e-02
1.19177863653448720682e-02
1.73319417357086745513e-02
1.25527891231391290627e-02
1.87964395641834237927e-02
1.28225215039788464216e-02
1.32253085635080803312e-02
1.78854104210666685348e-02
1.26133361518672056090e-02
2.00624713784219553536e-02
1.41238602772046795836e-02
1.92055715228680451423e-02
1.49805616850637399878e-02
1.31441602109073456262e-02
2.20911030021137683166e-02
1.59715960204357756980e-02
1.76253348756839171851e-02
2.15020392718923182562e-02
1.42376960597562999405e-02
2.53433761572920725202e-02
1.87244082170839321044e-02
1.95912193691459568523e-02
2.45599001976799513614e-02
1.39522734165439862147e-02
2.59258119571981748841e-02
2.12325097256541861501e-02
1.40506439030387529632e-02
1.20247775097920162751e-02
2.45034491702698850601e-02
2.12905718159470853934e-02
2.09689638811744946678e-02
1.61325554900641834899e-02
1.15721893905172540373e-02
2.45548907040939595747e-02
1.65724486169063142671e-02
2.06674425628813433764e-02
2.03079958927205664332e-02
2.51824770905238019825e-02
1.77409886139414350870e-02
1.50665164067584084889e-02
1.16301869322906845788e-02
1.58875425488021922160e-02
2.27364531583100076828e-02
1.75779108906042938476e-02
1.35295355903297769007e-02
1.09366945559433072915e-02
1.35952070969882678891e-02
2.47686348481300014357e-02
2.23659032960888959352e-02
1.41712880363783436805e-02
1.17668965322212191321e-02
2.45390136975796174790e-02
1.94348794603928613778e-02
1.82341111593079842346e-02
1.17741892379050871326e-02
1.03380751544956302201e-02
2.15204910643321568886e-02
1.68105607877905224856e-02
1.25823378928559999335e-02
1.18543567577494360354e-02
1.58399902477873999462e-02
2.04958174418587157906e-02
1.97887656972333646210e-02
1.50619762315573977457e-02
1.21079560355990666770e-02
1.43270386640087007274e-02
1.88284240041486292117e-02
1.96158883206955479694e-02
1.41799690651989700879e-02
1.36814970821909631660e-02
1.97155229933167093492e-02
1.35355125270526753523e-02
1.81240720374865015019e-02
1.24685549062431479811e-02
2.39670848177432789516e-02
1.85726092403733014646e-02
1.87525318276253044614e-02
2.12350443361934079767e-02
1.74750423029530928265e-02
1.83506839563025610229e-02
1.82640864499158603329e-02
1.73150719975401767847e-02
1.58216538279030705105e-02
1.66485912431052172911e-02
1.80786069045709325842e-02
1.52350118034086205732e-02
1.60540448927988209371e-02
2.00485470590763721621e-02
1.62056122932766749623e-02
1.67532524573588310901e-02
1.48484457099051243151e-02
2.10522043342258984022e-02
1.18103934079267485630e-02
1.88483667931733517298e-02
1.12626686380271397864e-02
1.68543575914361122570e-02
2.34376355846745015876e-02
1.32128394124805832038e-02
1.30770338441100562182e-02
2.22225648218201884965e-02
1.82872142241512491978e-02
2.43485415351720711763e-02
1.50576780298291631327e-02
1.54764798726971519738e-02
2.65488031325331053090e-02
1.88524847444574393529e-02
2.45268817129287823586e-02
1.76434204234893199370e-02
1.49205049840680763901e-02
1.11682658082443604652e-02
1.45690719686464437155e-02
2.24675785201699021454e-02
2.08025058879837861092e-02
1.52115121539575948867e-02
1.01878198496832481079e-02
2.27633446630761994423e-02
1.86299043250361326396e-02
1.73275606572304320674e-02
1.42214931891837623873e-02
1.02951152494763237960e-02
2.26290123257733011286e-02
1.64348148587077254323e-02
1.60402031022054171461e-02
1.43116502979216166092e-02
2.31805125182770882519e-02
1.89046346767135498013e-02
2.16882378585720944630e-02
1.56920747850626852993e-02
2.50404934727732515765e-02
2.13882857838116544058e-02
1.97483771105374586452e-02
1.91361692211372280692e-02
2.21143998971258526343e-02
1.83194341301799040744e-02
1.77837941053083474496e-02
2.01137668858918580717e-02
1.81967302691994556318e-02
1.63465640404948722719e-02
1.88578007161492727795e-02
1.93341057589949162632e-02
1.61585562873048753374e-02
1.78443796073161423110e-02
2.12066081359655461691e-02
1.66802867549212113785e-02
1.73899379704730329410e-02
1.28369232411820483747e-02
1.18484185976905718324e-02
1.78781096995208055311e-02
1.17096583079951601508e-02
1.73969585735553183836e-02
1.24200296585797263088e-02
1.86694007308751096230e-02
1.29395779394074483815e-02
1.31678489803764009469e-02
1.80158589384464204453e-02
1.23848139675168285312e-02
1.98645728320545507384e-02
1.42944164991090135602e-02
1.49324698278616961600e-02
1.94403118382910702899e-02
1.31512663211570627469e-02
2.21419345541440902581e-02
1.62164949569874837498e-02
1.66960802324976793909e-02
2.21932238518877701650e-02
1.44331442412940769149e-02
2.33512964136897635536e-02
1.79537447082774373475e-02
1.42115533908155240728e-02
1.01688786033662589836e-02
2.21312812744766281015e-02
2.10715876822322074891e-02
1.89477648446987022302e-02
1.33525989777271460179e-02
1.02875272174609566633e-02
2.21343720480161806896e-02
1.91094293002172128937e-02
1.51243226922728665751e-02
1.90913133151709851765e-02
2.32766770486043557409e-02
1.57847030662600674999e-02
1.47648239789338522193e-02
2.56268536887700078275e-02
1.43985806425494591854e-02
2.08945227185714857421e-02
1.67228405787085039613e-02
1.81572893797504950064e-02
2.53805777818394071033e-02
1.19744572674505729559e-02
2.41465631695278702684e-02
2.08235373856124651726e-02
1.16581350193759557266e-02
1.06608614923935640650e-02
2.04274792517334484454e-02
1.67983518313553695234e-02
1.18754949000031088252e-02
1.57964298574076594806e-02
2.05370849343328269743e-02
1.90690156077863576245e-02
1.44364632832976059335e-02
1.36541283738655285646e-02
1.32704065205252810800e-02
1.91663623896137398639e-02
1.80406129081026461725e-02
1.27277488288385139809e-02
2.40265855705716069313e-02
1.86069352511368697745e-02
1.87438393559057059345e-02
1.82337614567044288549e-02
2.06460762936229620668e-02
1.95655131466695823839e-02
1.92883787497446258785e-02
1.75111257192563131435e-02
1.95806610279121995344e-02
1.69361122666803233516e-02
1.56120447315526277715e-02
2.25292877262020900531e-02
1.52806691623763729604e-02
1.53743935490151962392e-02
2.12592205136971114376e-02
1.62556591142900136449e-02
1.61216452079184537072e-02
2.16993234977498790361e-02
1.82224722005550031356e-02
1.84884810433415570918e-02
1.74849801844325809796e-02
2.28221098547001094436e-02
1.98861665227363544617e-02
2.21103415256300415981e-02
1.81581651804360415248e-02
2.39494986811832934193e-02
2.02766964868540677802e-02
1.88703973228619738267e-02
1.36551608720988752743e-02
2.11627924947917975262e-02
1.34198604668020575470e-02
9.45262812244231781511e-03
1.61225834306695341158e-02
1.74310383235272564617e-02
1.98138551596103058838e-02
1.35506341962285982439e-02
9.10450595929839304188e-03
2.02645122191480349383e-02
1.89837551364317839997e-02
1.29294110542592047969e-02
1.80991887856887176400e-02
2.56185937656617027103e-02
2.04250526484021678597e-02
1.62674101515883594293e-02
2.43538253085629242956e-02
1.80847868347957067836e-02
2.08852102105772513552e-02
1.84318762609778884209e-02
2.55517324790316274763e-02
1.70547902244501357882e-02
1.71161498953473732720e-02
2.26934942979260083351e-02
1.71845050370966513642e-02
1.61779776875850545004e-02
2.08310563918395683092e-02
1.85161684330857126413e-02
1.64062866653731306843e-02
1.91526447400248017727e-02
2.06663676993902346857e-02
1.71657238816893507882e-02
1.84281971676558721518e-02
1.75784288442511239803e-02
1.38221897197947606040e-02
1.18310308705539286162e-02
1.83315347074378860726e-02
1.16252747859996764801e-02
1.81334064472177987348e-02
1.33234217995978829197e-02
1.31702969780487545715e-02
1.92586224715061149482e-02
1.37141527437898962799e-02
1.96116953986645442543e-02
1.32485885455772226665e-02
1.49894201295447081212e-02
1.99980098862361788115e-02
2.18816281535447014484e-02
1.59212542847603569229e-02
2.40025848476783827679e-02
1.99591363425374659912e-02
1.20973616102851167647e-02
1.82681733323285418191e-02
2.05212118224046453918e-02
1.83039147575047543570e-02
1.66417659287588851069e-02
2.15475487284029591784e-02
1.43365465175578545715e-02
1.38537368606107096081e-02
2.28120700766695841399e-02
1.28427052562768047317e-02
2.14518581049452233822e-02
1.72159652807428835419e-02
2.14252085072701263513e-02
1.58081519022180427836e-02
2.20155913016207675781e-02
2.02128356521295640680e-02
2.15161984878834942891e-02
1.79696754007967543498e-02
1.93037008754798102006e-02
1.89635699967068485638e-02
2.25811826749619110055e-02
1.73855078467670849662e-02
1.89672479664288705370e-02
1.83870754613124944010e-02
1.29155085544472476855e-02
1.30594796144409969196e-02
1.77642588889292026011e-02
1.21626638973088424533e-02
2.18204338220875058985e-02
1.68896029811715780999e-02
1.70158020098642517870e-02
1.86568445327713362814e-02
1.76200138810955579671e-02
1.54223014459580563124e-02
1.63614161419481062010e-02
1.97038697541878776720e-02
1.50401106219336024722e-02
1.59130684482911705091e-02
2.40938204909474686100e-02
1.57446015510078890509e-02
1.69594518853057318886e-02
1.18630174475130873574e-02
1.29442226402360673065e-02
1.92465461719784833305e-02
1.31809946545053992273e-02
2.30174544587587320832e-02
1.84044054802463066811e-02
2.24622140118413103627e-02
1.61317024292571171984e-02
2.10547819473391739642e-02
1.80493572556454304201e-02
1.22579872532157518883e-02
1.41714424689231947851e-02
1.38989185802349361765e-02
1.82161775518356189307e-02
2.36601797171957298205e-02
1.86646344890544213513e-02
1.73033204041883222069e-02
1.60971336939220305284e-02
2.05595575733039589994e-02
1.72529667666172746576e-02
1.55321840363807205793e-02
1.84689240750510394462e-02
1.87956601780836646265e-02
1.54232732809867559287e-02
1.73675688127152734463e-02
2.15641720812648034211e-02
1.60564196460481201090e-02
1.70396677455870587670e-02
1.23706607422562515908e-02
1.82087070128551346826e-02
1.25378816280901275032e-02
1.77900739450402543829e-02
1.23469086207843945641e-02
2.28931651538182880101e-02
1.85971828847812346852e-02
1.93882190007230933992e-02
1.75977062556459361298e-02
2.17479032444509445821e-02
1.92154743904489680451e-02
2.23264174806438661647e-02
1.85497185652505197639e-02
2.10824915323118353139e-02
2.00453767350479081233e-02
1.63371536958769013326e-02
2.10933819386248319616e-02
1.36636063764293234912e-02
1.26916662736288893970e-02
2.26902470313463389129e-02
2.33970545749412651981e-02
1.97023844943501995342e-02
1.84084844990284011990e-02
2.11678652480593795793e-02
1.86975638023508389240e-02
1.86162616035013828153e-02
1.31461169266821869400e-02
1.25655069726613114606e-02
1.79877157171220575238e-02
1.23693617672861345264e-02
2.01898119375317555702e-02
1.70525710776087933984e-02
2.00520014861883567880e-02
1.73249782789358791613e-02
1.64011780209105742512e-02
2.23130598592752339704e-02
1.63770651964874301709e-02
1.63584706537499985357e-02
1.74205313067655916115e-02
1.96964846102039223275e-02
1.61697879964457155721e-02
1.59513714645481176346e-02
2.17421667825012376873e-02
1.61118023104213879682e-02
1.78455115223187417428e-02
1.64878400755629414554e-02
1.82633371957817078335e-02
2.59512174683401986020e-02
1.63001377043263014077e-02
1.66359036896106121661e-02
1.67458341903895455149e-02
2.02670299020354729991e-02
1.79940431810085461894e-02
1.63887893039723932243e-02
1.67488665628453825551e-02
2.36157759152647826750e-02
1.66591805056551349462e-02
1.64711506119032263795e-02
1.93672095266716227935e-02
2.01884824781358891699e-02
1.74675857215586573246e-02
1.74425630094891710720e-02
1.71468133613800095827e-02
1.22689338273543561281e-02
1.24089303294039002973e-02
1.90754624439356673671e-02
1.42714872753332867872e-02
2.10815941086057341558e-02
1.51633167679228082758e-02
1.24385350182406925063e-02
1.80244870113290336922e-02
1.13520073692417976241e-02
1.88931403535597432219e-02
2.14145034135512016271e-02
1.45282646472316163272e-02
1.34603309989019225001e-02
1.81035631470713477553e-02
1.67202719635447319413e-02
8.57853115054669178308e-03
2.03441486080912226075e-02
1.42419585658328552713e-02
1.21292731249197250493e-02
1.61073368615050720176e-02
8.11766066160073129776e-03
1.93507325566759889879e-02
1.36515898446003570987e-02
1.15968381704195568765e-02
1.56050834411862651002e-02
8.03613382479293446303e-03
1.97657654490929653168e-02
1.40123834435830364048e-02
1.16539759867609164778e-02
1.62495040862790617042e-02
8.00180305681163182852e-03
2.02849480603229555264e-02
1.41287180639858480496e-02
1.22974291571693941649e-02
1.70137105498036518558e-02
8.67743044536227123298e-03
2.24244595665648062399e-02
1.90816190458252300799e-02
1.52791876126135758168e-02
1.32524627482441918758e-02
1.82470611284908032501e-02
9.17269309913483835150e-03
1.64984429218021991237e-02
1.72777014534847804528e-02
1.71616329610295541286e-02
1.63174365561244046063e-02
1.63147781825834191360e-02
1.62118400001784110365e-02
1.61186315751554211373e-02
1.63107285797951147288e-02
1.64682688742623199729e-02
1.71258581928324174481e-02
1.68302317049558204654e-02
1.69399184191983617764e-02
1.90924338877996487007e-02
1.29505030790313443306e-02
1.29997150645696866317e-02
1.71757915298817211147e-02
2.13067378648163843757e-02
1.61100686541057330770e-02
1.22203521225863233346e-02
1.69435857584227175798e-02
2.31777534556306709368e-02
2.09298779768564494064e-02
1.86896940413694388761e-02
1.28122191774103066225e-02
1.28240133347560132659e-02
1.75591376352403974459e-02
2.24471040390514589569e-02
2.99218295431613011404e-02
1.23339087511177888240e-02
1.82886526826035004933e-02
1.22662546867778679549e-02
2.22603149133160232997e-02
2.88570318529123778784e-02
2.20384714846561073631e-02
1.89232680394904387300e-02
1.80087096122959443301e-02
1.36556682062797633825e-02
1.31640917299903383031e-02
1.75364167018493277705e-02
1.09616671444128406521e-02
2.25465986815217775407e-02
2.17010702420410532543e-02
2.97195617466004952112e-02
2.00293187466873030822e-02
1.79298799841605127625e-02
2.45477071561174577108e-02
1.22868812447463650328e-02
1.28084197405456696323e-02
1.73228644012039835476e-02
1.20282619674207304911e-02
1.88271769223216194067e-02
2.83317877529816256055e-02
1.09598729353948248083e-02
1.78978737823798500495e-02
1.10565368949820819894e-02
2.45469058198788080138e-02
1.83486860412401218967e-02
1.28745610647509056701e-02
1.23245259138029233242e-02
1.13200743064036449259e-02
1.69275351707477011987e-02
1.65493672184165406536e-02
8.90015270963931751091e-03
2.14046737816043428082e-02
1.84473574690360506145e-02
1.25669677890094064893e-02
1.71032243232087689810e-02
2.42934894086872590901e-02
1.75870312315666299519e-02
1.81758754421458383621e-02
1.47268086036622270624e-02
1.51097781196449110902e-02
1.71008223753245369725e-02
1.21047232129652578003e-02
1.15200786583295536336e-02
1.66997062349880862064e-02
1.90145640552183067817e-02
1.25050667092822809234e-02
1.90074512604820333728e-02
1.89218366479049909801e-02
1.56454614431278393738e-02
1.03977918524271323308e-02
2.06879392158813048275e-02
1.57074284486321963383e-02
1.03100839281210499010e-02
2.13490343809737657954e-02
1.62974258814083845792e-02
1.40069261575157897465e-02
1.43520963015860546913e-02
2.44181298668120841389e-02
1.66518746352607750760e-02
1.66223060825175517063e-02
1.64959844727163920663e-02
1.11672044518267843394e-02
1.22778732563909431103e-02
1.65014092128520951930e-02
2.11223772711406840297e-02
1.77259379579756057299e-02
1.34064656483355148370e-02
1.65521586033030715379e-02
1.22433640127866845415e-02
1.77989441742391306389e-02
1.35399831997680044487e-02
1.16973214852845713158e-02
2.40340479716193468340e-02
1.64107900618129937120e-02
1.00613865936261537293e-02
1.79203522482120798653e-02
2.52749819649787238474e-02
1.74019264058580536148e-02
1.31556660126705988328e-02
1.92115065367320855816e-02
1.85180457118801072847e-02
1.74645983635467634543e-02
1.39604256994154719840e-02
1.08225782648174902179e-02
1.03719876962518608998e-02
1.12060367092921848303e-02
1.03816781249468498283e-02
1.09452489318425279230e-02
1.28714084578961298483e-02
1.45630991351429033009e-02
1.96549905774589389607e-02
1.98079292297301950976e-02
1.18901987620056159844e-02
1.52726959771351516321e-02
1.47427557685122119502e-02
9.75198791836823231094e-03
1.43220791413118490876e-02
1.09379350638043170568e-02
1.17127013045667666136e-02
9.86120011776680203963e-03
1.14047611595508649462e-02
1.13630964987542042166e-02
1.77238857435382916872e-02
1.53907424722266195777e-02
1.61673526654799067093e-02
1.91745217379730333029e-02
1.27745040232488185628e-02
1.21461707237301742845e-02
1.77426170589346822448e-02
1.57649955426571522499e-02
1.29577599858154510898e-02
1.07665788670310638708e-02
1.24995731578914723997e-02
2.02694234254455242505e-02
1.87598610538701922323e-02
2.02616048642163606996e-02
1.74754847437991259196e-02
2.42397924135088309316e-02
9.47896065851630900689e-03
1.53043190472493713383e-02
1.58176584333333085375e-02
1.37860621400746653775e-02
1.61407139285751656532e-02
1.41985546271442795996e-02
1.49303614842374102190e-02
1.29522427525120050612e-02
1.58902162975486649366e-02
2.44798177586735450639e-02
2.10323568425533312387e-02
9.68435358826287388812e-03
1.75180961776570005839e-02
2.41683986488554838901e-02
1.47276575072208936595e-02
1.90101346846885850550e-02
9.22694105455995616794e-03
1.27379508041913780403e-02
1.72734700118418564585e-02
1.20773803798671572340e-02
1.69291472511169244219e-02
1.68906326435690305743e-02
1.21544404054649956420e-02
1.27454456120607989567e-02
1.57826186537595794523e-02
1.31096705526874308945e-02
1.17051258587851179233e-02
1.38734242236731170062e-02
1.24766841047611667936e-02
1.73500174723254900477e-02
2.35438461821767669457e-02
2.04168515447411824670e-02
1.32402816405114264614e-02
1.87600832620753721347e-02
1.80592258162402020949e-02
1.64741291642380924265e-02
1.22620774035234348515e-02
2.08879801610878587659e-02
1.63092284906429553504e-02
9.97998568435847117908e-03
1.62227407067979736977e-02
1.47561845220910686088e-02
1.30125408241434630668e-02
2.40471640989119474219e-02
9.10436783118960535344e-03
2.13136316135941437933e-02
1.58119415509291594280e-02
1.78015814345242953665e-02
1.56421983419850543773e-02
1.31884946043890824430e-02
1.67926784343653823228e-02
1.72678188407744785671e-02
2.43120988771023324726e-02
2.02292064068267385402e-02
1.85894047392594040369e-02
1.23070836545462764661e-02
1.72995613218948386669e-02
1.79224192744729567128e-02
1.72298769577730846725e-02
1.26233193217948954507e-02
1.71958045420968833050e-02
9.15205775978276785121e-03
1.96860429502731699991e-02
1.50498587988592089776e-02
1.33498392773096757197e-02
1.26517582102251644610e-02
1.77839024482817076311e-02
1.79579745517137873145e-02
1.72185496142967867095e-02
1.74204671926443954710e-02
1.36652186722349862358e-02
1.55278063059660804968e-02
9.25656599784715865276e-03
1.22981154149731410075e-02
1.60564445454153999215e-02
1.13768806221213394925e-02
1.01747196698484029115e-02
9.82910637771308541566e-03
1.62041888797310705550e-02
1.59165173580780548723e-02
1.19848089634336640169e-02
9.31834404177587886930e-03
1.72608828653113798024e-02
1.76395940887566875233e-02
2.28886264240561222716e-02
1.67887719317524886087e-02
1.37264016788814745273e-02
1.82585561203508113526e-02
1.53538359653215029932e-02
1.72051376791933913202e-02
1.95836006530974854334e-02
9.70996985538575413388e-03
1.21812132140039757616e-02
1.85584800519870175839e-02
1.77484830827320284874e-02
1.88637984046161784335e-02
1.40138206746054840707e-02
1.56615364635785368763e-02
1.23365349786720927133e-02
9.58090368910991842244e-03
1.36740280385846818545e-02
1.68279360659588927973e-02
1.24800418064203669927e-02
1.07329293050918810060e-02
1.57019003273489270167e-02
1.80423479580679828327e-02
1.94441321956008196514e-02
1.67369564365806924866e-02
1.46012285267370454239e-02
9.92528655354594710469e-03
1.11204402188042911909e-02
1.67367593494081243199e-02
1.89034600420796006226e-02
1.27370909571220235212e-02
1.65017584847797250946e-02
1.25122170697282986129e-02
1.23317044762027878957e-02
1.06692084716767977837e-02
1.85720688004863965226e-02
1.55515701281253287264e-02
2.38371647890655985469e-02
2.23701575728133851551e-02
1.29221614078295753830e-02
1.51674932012511604756e-02
1.31927223214164564269e-02
2.03197754416725821780e-02
1.75741138396790855247e-02
1.30669560881637586425e-02
2.18965103669511822193e-02
1.64319780111829572000e-02
1.00157452194032988574e-02
1.58564023460556792477e-02
1.91621628009470759690e-02
1.07155732109859656159e-02
1.64855706122051005880e-02
1.71389029138390297513e-02
1.68572993367858241232e-02
1.19443306350753720296e-02
1.66250592567364977037e-02
1.67916330224311405317e-02
2.39833145007106902924e-02
1.51367519052140065555e-02
1.18006844043046874720e-02
1.52371515375709174617e-02
9.82241336943217441258e-03
1.33854954189226785233e-02
1.53154015778235452760e-02
1.66998848726570559009e-02
1.96355048627963914287e-02
1.57550750591706097137e-02
1.29923065927494228028e-02
1.25350395523907282014e-02
1.59444402721732533812e-02
1.69895308216560340930e-02
2.27928093209240102690e-02
1.89967091250037231620e-02
1.26077943605572909136e-02
1.58722338909808302621e-02
1.05796524952382186430e-02
1.25149739915830435222e-02
1.57734473403882205500e-02
1.21151314875241923608e-02
1.96599860478078730663e-02
2.00629691504024439130e-02
1.65305645866225571494e-02
1.63274788309279300647e-02
1.38665434197603899130e-02
1.51158387544323823820e-02
1.67312243126437124041e-02
1.27537775988136141414e-02
1.67927685808505200438e-02
1.27022053108899156404e-02
1.67735181297782517951e-02
1.95750525989076204492e-02
1.48040473604349135522e-02
1.97223369834814456214e-02
1.30478135700967008692e-02
1.88438342141401607432e-02
1.34986318136320754268e-02
1.71836635281886335180e-02
1.75576054247155166621e-02
2.44425459617037439675e-02
1.82231841487704958327e-02
1.10706297445086736947e-02
2.23938723361994732053e-02
1.91648880080213281085e-02
1.63751637439141298214e-02
2.31733089575054014564e-02
1.17923658186133289982e-02
1.46556066094174399644e-02
1.24982749033616495626e-02
1.57579512995820562871e-02
1.30134903699968256657e-02
1.86098907304690953934e-02
1.46499889559685361751e-02
1.64439420094453087051e-02
1.35382363655684352655e-02
1.74992132120275686868e-02
1.79204139751290431049e-02
1.02009195624708261241e-02
1.64406400705690292074e-02
1.08197779441169695397e-02
1.67626049589227020531e-02
1.82663404197447205857e-02
1.53871322217624464934e-02
1.39228918524995966960e-02
1.28821546043354044631e-02
2.06928393269265945009e-02
1.67475894232573044307e-02
1.24624855069123356005e-02
1.26685877571258882768e-02
1.65626394937521959072e-02
1.40592638076287631405e-02
1.48940912317603330745e-02
1.21345808951112930918e-02
1.40127590934119739680e-02
2.11985749841823063744e-02
1.61528166274492214483e-02
1.48043386819540247201e-02
2.50687152093999436608e-02
1.80202369745794468980e-02
1.81835739776315744032e-02
1.59551294971366532105e-02
1.61517744845574226509e-02
1.46260646111659193408e-02
1.60821814407405595804e-02
1.56276372353596586240e-02
1.22558029280010888362e-02
1.44013277498986139169e-02
1.90754331277169057735e-02
1.78293918152022216883e-02
1.66357765187712357269e-02
2.07674353739309876243e-02
2.46431952654784722223e-02
1.20963021936457883893e-02
1.50312996444086632852e-02
1.25904250825776380107e-02
1.61182491322724025240e-02
1.52077193464371877157e-02
1.17744114680947142837e-02
1.16908342089005815034e-02
1.31101812058415159723e-02
2.01464892316254307048e-02
1.64083534911337175499e-02
1.55772878733751365260e-02
1.29914229247608085938e-02
1.07460639608184058830e-02
1.16582034846712083442e-02
1.46811376074880498011e-02
1.29791770143564914181e-02
1.27584796993999195769e-02
1.57887460857409518689e-02
1.37492826358323275843e-02
1.34516229968729070232e-02
1.78181567015221822836e-02
1.89631821316993028070e-02
1.39566184446663146823e-02
1.56510794554241550181e-02
1.81199927497226152828e-02
1.23599032443623951111e-02
1.86770684262814734566e-02
1.48366737448122083115e-02
1.61280651229463965757e-02
1.26282561191163669734e-02
1.57362238878963542343e-02
1.78965602052461453253e-02
1.47822009215678017852e-02
1.04956801065962408021e-02
1.52714858677864030734e-02
1.19555006340178043844e-02
1.64005434181309951713e-02
1.24009038706862015355e-02
1.60846800167115666635e-02
1.38710316749728508612e-02
1.29647099948282506360e-02
1.54886939052329281052e-02
1.32277174659878454799e-02
1.55668708933426845620e-02
1.55511222926192679145e-02
1.66477104984439211455e-02
1.60666831001298957005e-02
1.31788786415992127676e-02
1.17942560341888404846e-02
1.46976237620235726522e-02
1.21074250292950245239e-02
1.24146737516537177676e-02
2.37462043756470689293e-02
1.57210242315823645054e-02
1.51409290418388891436e-02
1.28618034023227113816e-02
1.44693197079199201843e-02
1.56109647912260705166e-02
1.31607608537652395753e-02
1.87321421626038438213e-02
1.58404033963785127737e-02
1.80887872796934544295e-02
1.82813262435200830913e-02
1.24263933436053845838e-02
1.32686967340428785267e-02
1.84023715781417712689e-02
1.46944950903391078484e-02
1.20720702657000685670e-02
1.47752197442203875993e-02
1.21977272079678723121e-02
1.15084677768154675093e-02
1.44899400112629833659e-02
1.58150820739697724193e-02
1.32931545902392825309e-02
2.09295941193325604757e-02
1.58361760248489323588e-02
1.23369550878650539177e-02
1.49630884793213615042e-02
1.36861814893709556051e-02
1.58625013908147600994e-02
1.33395467932760029145e-02
1.63101700546009129034e-02
1.02543063583062504796e-02
1.37777012610957733107e-02
1.51276376414164366591e-02
1.57204014500298312751e-02
1.30979949080002478629e-02
1.43273578387642670090e-02
1.91681414354652537857e-02
1.24715414380099851033e-02
1.58188952171129798563e-02
1.44106499853407076656e-02
1.37054868286391063475e-02
1.39563952638208210039e-02
1.52487613805187618987e-02
1.41219481786331590989e-02
1.15575603070025290098e-02
1.56983488925714689821e-02
1.83261180675040949439e-02
1.01706796744367115176e-02
1.48201996386688392149e-02
1.78188896233744085984e-02
1.20050876419124860628e-02
1.37619593531444536078e-02
1.33778277010881095632e-02
1.54894314292036011649e-02
1.36758993854152102049e-02
1.67745261207701626405e-02
1.65699283444437558965e-02
1.05806416790287446950e-02
1.15176450822205896779e-02
1.22035532637015248225e-02
1.78372263460438301719e-02
1.48376631667523697922e-02
1.29858627164312762092e-02
2.18178693645827911918e-02
1.55581975823036820078e-02
2.02638153844784466018e-02
1.19421195011605828229e-02
9.77872517052745700294e-03
1.61249436697589801359e-02
1.51857147917737623360e-02
1.27478952050917044431e-02
2.42262943513860580513e-02
1.55128233780959471494e-02
1.39384043075238620024e-02
1.36755097689263520333e-02
1.16661302067137939015e-02
1.47069894526378180249e-02
1.51864589302444143865e-02
1.23293127825519939489e-02
1.54137633396260621127e-02
1.73836161983058068436e-02
2.18559030622304840963e-02
1.15131915644620472922e-02
1.44574593967958329316e-02
1.46509225607193791646e-02
1.27727694631978531264e-02
1.50059577131884478579e-02
2.01370024395390312399e-02
1.36810531188209308362e-02
2.02070333856803410755e-02
1.43263526116420882028e-02
1.32540439489236688830e-02
1.46781284488179796649e-02
1.95929416877609272052e-02
1.15524381409293878942e-02
2.05955859241731611964e-02
1.63351019586655613058e-02
1.42288526666769585965e-02
1.96088958138901751915e-02
1.38460489400406144833e-02
1.41989865444685885165e-02
1.44473472391993193464e-02
1.41106319493493996553e-02
1.49968133978522263211e-02
1.49800557748661269247e-02
1.39298088001953562776e-02
1.49146435525626813723e-02
1.32399037670218721469e-02
1.55131953188245696323e-02
1.46623268661560061249e-02
1.34858037655306225999e-02
1.42321789842595990139e-02
1.42051729172861500999e-02
1.20438174911445747273e-02
1.68374107311664786280e-02
2.01021600381650587808e-02
1.52869079087302670028e-02
1.21720900460849344726e-02
1.06580466076106189499e-02
1.21784689497489769655e-02
1.29506305035700947786e-02
1.59731606765849618035e-02
1.52250320291945420714e-02
1.25693102440030332612e-02
1.26069428494778312810e-02
1.45237330889823306607e-02
1.51177208497180540214e-02
1.32047908563520909053e-02
1.38573662230598547429e-02
1.43354811220272604366e-02
1.37076045741041131765e-02
1.63238247126707286538e-02
1.32565178308634255833e-02
1.56787541709442063143e-02
1.48648384451362264996e-02
1.57545212840632040119e-02
1.28165195493940599347e-02
2.10090224879692956395e-02
1.39138964751071708692e-02
1.46041655706205964621e-02
1.07989600425226119768e-02
1.50235639247150703363e-02
1.83878355847011121238e-02
1.30069143919685943633e-02
2.31205910175324123867e-02
1.50364188555653054136e-02
1.42116909300054831272e-02
1.37391753624444227372e-02
1.46838345826286048590e-02
1.13751316146231823412e-02
1.54939241046288707360e-02
1.04099503653955968718e-02
1.29601871707163349146e-02
1.85313908126184742620e-02
1.19592550013828246430e-02
2.11071589769940420878e-02
1.46711584468336951603e-02
1.28628627630088653716e-02
1.45589767501016174867e-02
2.06228605543926322985e-02
1.31658781845496401092e-02
1.04036011846859975660e-02
1.25910047498204134830e-02
1.38528438123729571996e-02
1.40546311516880507303e-02
1.39039890689003371033e-02
1.48989064780775115615e-02
1.17062107447286276041e-02
1.28412527523602600782e-02
2.07121422238261028437e-02
1.37249008626656315846e-02
1.53064031699155257693e-02
1.56049120051988728791e-02
1.22594712532800437232e-02
1.45554622685093743711e-02
1.70672833582998680069e-02
1.15132077428490714466e-02
1.56149164615120468469e-02
1.51082618712047762888e-02
1.47606451674715134087e-02
1.48640141092505687070e-02
9.43686755708693890410e-03
1.43560868028164249910e-02
1.52856990029896829680e-02
1.44869319612539147746e-02
1.55141375345199047930e-02
2.08744178112827728777e-02
1.33601573314089359934e-02
1.74053140781774036416e-02
2.11170291587145404766e-02
1.28919856112237468659e-02
2.20195194543386964237e-02
1.46105339053711705960e-02
2.12454833421129828108e-02
2.11362619611415794574e-02
1.47866745267487432330e-02
1.18809491624196506693e-02
1.52218572769553840696e-02
2.04637432941776123418e-02
1.38401096921231103049e-02
1.48029147552095358825e-02
2.07333002881837438758e-02
1.43970568499259560930e-02
1.30835591579661521255e-02
1.54303478573880395452e-02
2.05178272438871940608e-02
1.39255355821598404698e-02
1.41704770847702991865e-02
2.08471002433509612628e-02
1.19301796868278540964e-02
1.44365744929328583546e-02
1.38112954211399019400e-02
1.52386475856619157954e-02
1.45197954379529745039e-02
1.26882424456659752277e-02
2.58191659123605393722e-02
1.40979298636360085573e-02
1.40306423106713006044e-02
1.39663400130456642062e-02
1.40711659801169303857e-02
1.90010052891945724340e-02
1.32545047436711162930e-02
1.19388928297392924588e-02
1.14376733648063264037e-02
1.71166328139063690650e-02
1.75853705482710877261e-02
1.39044653119060977048e-02
1.32150047797948283490e-02
1.85772221241497746680e-02
1.28712147056911398180e-02
2.18593533198034074838e-02
1.40677425211012605000e-02
1.48761913314531066949e-02
1.30224259955662637761e-02
1.82709680175955693771e-02
1.24411191393700455016e-02
1.41136406929608278216e-02
1.32410225152742762333e-02
1.42878154187405393555e-02
1.38924563429222349548e-02
1.41135224097317379943e-02
1.48979680403067017008e-02
1.40789844140122525490e-02
1.26732379860081539880e-02
1.60475583924782720657e-02
1.64600197147512540552e-02
1.28301916977105155693e-02
2.65540357949596711462e-02
1.47766401336704364389e-02
1.46137844051429655057e-02
1.39511031019055996988e-02
1.32808806744884166234e-02
1.40324397948788735097e-02
1.18112505822584260701e-02
1.27033145737638093059e-02
2.16228367001186916330e-02
1.47599685175815818067e-02
1.94413371713470332913e-02
1.35468985808560662965e-02
1.41898405153123626649e-02
1.42093634180564185043e-02
1.80832581471951671370e-02
2.07473303921454112209e-02
2.47284400295065091846e-02
1.22557226779982254145e-02
1.42430872794489325056e-02
1.72538520223745987792e-02
1.46567235424565379953e-02
1.24665749506430150600e-02
1.29628361976420886092e-02
1.11460745897378650515e-02
1.31238733386908439094e-02
1.20073809484000267045e-02
2.08690832486719338168e-02
1.31528503108641753316e-02
1.41762545603555025625e-02
2.24982127344981880368e-02
1.35708952796048058081e-02
1.41766762412774364327e-02
1.29397383219290781214e-02
2.23689373160983230593e-02
1.40393005110653612544e-02
1.36054449456825769099e-02
1.34561486573982272419e-02
1.36601576440391093981e-02
1.30083172889501608172e-02
1.11572007425697946464e-02
1.32842647252303675681e-02
1.20982738702676145826e-02
1.30588584803573055926e-02
1.31357239709123021359e-02
1.14399448005661243111e-02
1.25810045024234776201e-02
1.32395386116737484583e-02
1.34503104934421569699e-02
1.31879922266431390959e-02
1.72368738755030691256e-02
1.39931123414342717393e-02
1.25876215783602401349e-02
1.47578459908619379765e-02
1.50083847096248185898e-02
1.64251549459966984801e-02
1.31684458688183844005e-02
1.29394703543074147956e-02
1.81839551132310060788e-02
1.31727587528201583317e-02
1.25986477782339695991e-02
1.16952436062700282360e-02
1.02457396711999344091e-02
1.32720081435478368809e-02
1.37253346057573354100e-02
1.32260995598135495249e-02
1.71379288935390242110e-02
2.32302668914930766919e-02
1.19935624215659966674e-02
1.44403360466437910570e-02
1.47728839831632076385e-02
2.80540526448497251621e-02
1.45813759981697314838e-02
1.40088230135475659555e-02
1.54963698033602648857e-02
1.42133245094172144113e-02
2.54937569275303227423e-02
1.34407414323020144714e-02
2.31700607614654385813e-02
1.32885971723880544348e-02
1.03196345555450763598e-02
1.47721825540439409552e-02
1.37653367282787510856e-02
1.28914655985423176610e-02
2.23640309793740089950e-02
1.37055276599771999613e-02
1.31816280136408080226e-02
2.03598976854010675630e-02
1.15949860215525980822e-02
1.59076363325919671599e-02
1.25000329615565404506e-02
1.31999177261500014874e-02
1.37542573939707923891e-02
1.29771129094879977828e-02
1.39514229561002126717e-02
1.38995229942469652323e-02
1.89008873341142552560e-02
1.44596967471659048482e-02
1.73113749973825073458e-02
2.55056244324658697165e-02
1.21225414926079029521e-02
1.41047737605003772193e-02
1.48795974599449445930e-02
1.55310954556707198765e-02
1.18787545782375776604e-02
1.28622649910076110313e-02
1.17240345444731639685e-02
2.04010241225777745611e-02
1.33615312745208932727e-02
1.28313270026915050154e-02
1.26964666037445265967e-02
1.33721312740340617098e-02
1.29193375340998090062e-02
1.41412829853234025407e-02
1.33930672827399770836e-02
1.26646611877302053134e-02
1.33265930514891838693e-02
1.31192459371718469358e-02
1.07665535808818650654e-02
1.26360082862429241174e-02
1.20683444933428925261e-02
1.98968713824560737569e-02
1.31565255067589998578e-02
1.97499479001844377435e-02
1.41550492602463204306e-02
1.29283501305309644208e-02
1.35765470465363941033e-02
1.37857957365543400824e-02
1.31695999643117525602e-02
1.35100609847067648639e-02
1.38488027063714096154e-02
1.37301496816312970650e-02
1.43724269290923835352e-02
1.30272267962141356790e-02
2.61796123493072338539e-02
1.39052429320742111651e-02
1.36515485905445918546e-02
1.33790751840327098998e-02
1.33295271544417483212e-02
1.38913264237077119928e-02
1.95210530105319919614e-02
1.38945434703699362278e-02
1.39812277690480324388e-02
1.88832077351810193044e-02
1.50036199978538526550e-02
1.35858355359543461066e-02
1.44218457223754658453e-02
1.45118282872972268610e-02
1.32162119538845167915e-02
1.19616595191846183943e-02
1.35477543775337130189e-02
1.45190769322157721410e-02
1.25879152364480068754e-02
1.10679478676040110585e-02
1.52360343629861887116e-02
1.89726100953369475333e-02
1.59662032183108537620e-02
1.21688702852812101474e-02
1.38064354878440695429e-02
1.81434546930842321988e-02
1.29063467766366776757e-02
1.47510622451401760685e-02
1.22070581566567429310e-02
1.50563286378187083381e-02
1.26974150432282873596e-02
1.21577820345653512396e-02
1.26285711848173956562e-02
2.07683040819417845391e-02
1.34518004092388961113e-02
1.62204653783422567126e-02
1.15658809003032769791e-02
1.27690963282449977678e-02
1.48778305757257516689e-02
1.21747223758901425977e-02
1.33660811567938696970e-02
1.28090064193129345854e-02
1.39069677021304571873e-02
1.24843328624320189235e-02
1.40108793058287377231e-02
1.27465806101087174296e-02
2.42633336015478269510e-02
1.35570808436034570543e-02
1.39542360213664191210e-02
1.36880611256671429893e-02
1.59081787845120684044e-02
1.46233001713019523243e-02
1.35804385146430402209e-02
1.30031330778393357239e-02
1.31220631994362780387e-02
1.25562366276683289035e-02
1.28188672202343961065e-02
1.20967013454081773888e-02
1.11060629369727648791e-02
2.00476970460449661904e-02
1.36782477737464550765e-02
1.36230024385228746381e-02
1.24270087490916288087e-02
1.09363425229827247731e-02
1.28600908264638654627e-02
1.28221474024439469758e-02
1.60029500392896255334e-02
1.32529405174851636073e-02
1.33660160759204536124e-02
1.44153633669082230362e-02
1.29355527755871460571e-02
1.40615934203773707695e-02
1.52213151064551563407e-02
1.35337091829993132891e-02
1.58684177018378232138e-02
1.35588270141631297289e-02
2.14766451290698406895e-02
1.75156266527920732867e-02
1.25914700051264673991e-02
1.34258854400743192492e-02
1.28355056947515779736e-02
1.29685505149958850424e-02
1.24616817484639735847e-02
1.33982654474375899312e-02
1.45080179407801965891e-02
1.24036866987198603207e-02
1.26858946649418581620e-02
2.33956392237955404512e-02
1.37752958752253313462e-02
1.29653067453107308932e-02
1.10954148187438206286e-02
1.35154818634039240732e-02
1.32072355495008782883e-02
1.39983148142910421297e-02
1.26977229616179587007e-02
1.25271892398095292115e-02
1.53420041063741154769e-02
1.32909076063299925324e-02
2.06104231700855768106e-02
1.21905715206466012251e-02
1.24593622083957362989e-02
1.45264577237535826709e-02
2.20277260288028950419e-02
1.32912579528801574891e-02
1.41951477611189334771e-02
1.32862873806041063146e-02
1.23745893418731288393e-02
1.49735570460061400561e-02
1.36162840466846901677e-02
1.16796821960188611234e-02
1.27330477379180486558e-02
1.34077894896959103760e-02
1.27889240849259847727e-02
1.20284643529421468588e-02
1.31256839216095690104e-02
1.31730598408266452726e-02
1.29891122852949375543e-02
1.15984605012906874522e-02
1.35429667739384133884e-02
1.38748146438069548669e-02
1.53138142933104647037e-02
1.28097645645811920867e-02
1.27362754516381349035e-02
1.35332564322117251954e-02
1.38201682840694787396e-02
1.34125703487437478167e-02
1.34779739163570101007e-02
1.23897163825488747929e-02
1.25021973268701954568e-02
1.23486032003623843328e-02
1.11281292677610482017e-02
1.30710203924559766053e-02
1.18830327378998765880e-02
1.30936627480625154135e-02
2.00933454718222569146e-02
1.47056716232207528028e-02
2.53412176228767598019e-02
1.25256392052461758280e-02
1.28844858741045641126e-02
1.42247278005591497319e-02
1.36485440483628019115e-02
1.14269219197472397809e-02
1.35266307253506419539e-02
1.38633793326158431813e-02
1.27224120924453662496e-02
1.40398379837518138408e-02
1.32525893745335694718e-02
1.26698489493758340713e-02
1.42496010193268116129e-02
1.21928134394814688402e-02
1.15607642762059655006e-02
1.25071909652007765695e-02
1.23773007800570093717e-02
1.28301578092399268249e-02
2.08179634318537490345e-02
1.23125189644524048183e-02
1.24975211342089782829e-02
1.25313372889727797643e-02
1.02395837952526137793e-02
1.20290805155672583110e-02
1.30641360330486597935e-02
1.30866724743152317706e-02
1.22294113599142641180e-02
1.85589283591483314440e-02
1.32182869404472887187e-02
1.16329728895927589361e-02
1.25404360470439731751e-02
2.46264514999623845837e-02
1.20783428499111507304e-02
2.26847219469404268177e-02
1.26103753885441587090e-02
1.88469819599850103853e-02
1.22308359894162492487e-02
1.23921324351380160445e-02
1.22547592289689710049e-02
1.87455290402805153926e-02
1.21267219911235773350e-02
1.89246679413404735037e-02
1.24491223823207618204e-02
1.24961367330067227299e-02
2.02423094947192204474e-02
1.41870417074878608921e-02
1.25994085575474607658e-02
2.17978251678923214130e-02
1.27426458422103192070e-02
1.99624723150716096298e-02
1.20734773781210058541e-02
1.35201987411428282970e-02
1.23987707297941365109e-02
1.45732003746603198252e-02
1.37551456640778758944e-02
1.37363654304914206694e-02
2.06408061976755333178e-02
1.36228672859277227802e-02
1.71893485688085420615e-02
1.09564823734627468654e-02
1.20978287456882140083e-02
1.20799413910002099298e-02
1.06540495324547838940e-02
1.30909588539418943881e-02
1.27363773483671546827e-02
1.21751545407029621026e-02
1.18334474376658380090e-02
1.24200352338469603014e-02
1.36454970228277253086e-02
1.33885843460352510492e-02
1.31295664833230487506e-02
1.06220716609331973512e-02
1.25394095195906340318e-02
1.18827756307186057499e-02
1.32944545461632351174e-02
1.21109020060439671884e-02
1.36320698241316241861e-02
2.34865594159723578560e-02
1.33856810529012684036e-02
1.29766703668545216321e-02
1.25865361104634376072e-02
1.34255110297522677054e-02
1.92143104120340441066e-02
1.70372692323090164923e-02
1.20185030740105024127e-02
1.35979235179493479491e-02
2.04020572188198870411e-02
1.24891540482131909590e-02
1.79289355233376961063e-02
1.38738142196009051066e-02
1.18540234861417414364e-02
1.24857130469188722793e-02
2.36789582241280285868e-02
1.41929056574050336398e-02
1.32699728413437374047e-02
1.39993249830125711386e-02
1.15770342100211514474e-02
1.22687906254039628962e-02
1.52864221454858395521e-02
1.23621882063815902858e-02
1.24864158079890999464e-02
1.24443935268055520804e-02
2.45304817461867163964e-02
1.41865968537207617212e-02
1.40592079752025964079e-02
1.27334607675996785286e-02
1.55068407162774323654e-02
1.24126355142652848584e-02
1.18592549196819396079e-02
1.20745684912546575457e-02
1.34250538267077380167e-02
1.32225624782036782490e-02
2.08449386156448028540e-02
1.71289791814923965385e-02
1.27285713157447473443e-02
1.20056231146075977068e-02
1.22335491971872142858e-02
1.18329796116616436236e-02
1.29088607669306017905e-02
1.97217229817782356560e-02
1.42962285239849242607e-02
1.24075763886425452509e-02
2.42712878416041291652e-02
1.18335850041312497932e-02
1.66037867479831256767e-02
1.42366120706437799398e-02
1.28565491190287990719e-02
1.61799721585050952644e-02
1.28192516259725535627e-02
1.28394797001280380061e-02
1.39085269888654869397e-02
2.50433142113818535401e-02
1.41202111602482874297e-02
1.24514298074558573542e-02
1.15993690535304526390e-02
1.79164869201526265330e-02
1.17486289689478252962e-02
1.18591577272587119646e-02
1.29846048688437073343e-02
1.34406317723535385228e-02
1.20632206002377305454e-02
1.27557958183721221329e-02
1.34029778616544751474e-02
1.93196085801446738872e-02
1.29291619391977592735e-02
1.28642462355942014535e-02
1.27283369298585233298e-02
1.39769628675187988776e-02
1.32162880847838705434e-02
1.19200141463842255313e-02
1.30101330127712494500e-02
1.32526913828852153238e-02
2.05554448918042094452e-02
1.83484752742564469208e-02
1.21386128713292552883e-02
1.25738084620372770478e-02
1.17091281165593238955e-02
1.31686501183682410504e-02
1.08106339795592011621e-02
1.24115229061545883499e-02
1.47220539195453224007e-02
1.33270920954272672349e-02
1.45974977516696233226e-02
1.21279597855533764761e-02
1.23355863841164876959e-02
1.21563469430581820585e-02
1.34258420000385823162e-02
1.24067345909388872249e-02
2.05814273013316430261e-02
1.06802419677645889923e-02
1.99124745549115501897e-02
1.85853867255970743588e-02
1.52460268424268550330e-02
1.28958881105567992748e-02
1.28920354161736906012e-02
1.66321785056077441067e-02
3.60468933888192302750e-02
1.22026126612295553187e-02
1.24443706550391650079e-02
1.70355589712371975619e-02
1.24172431948480436331e-02
2.44498427401895583599e-02
1.18680254954225579411e-02
1.20426715242092328972e-02
1.17257938767488124193e-02
1.27822980645109340186e-02
2.01662289236237898815e-02
1.53622890546949459473e-02
1.18098971752509350475e-02
1.42242521096892816923e-02
2.92979246705291421216e-02
1.08663825374408756080e-02
1.75592340516322019395e-02
1.44374983075358353374e-02
1.25868068234163254376e-02
1.18389743225500720936e-02
1.22077830747437474784e-02
1.31513745783473062073e-02
1.05744418278223960977e-02
1.25393341725148991378e-02
1.94784332534729126563e-02
1.18936333800903765168e-02
1.15662925890753793406e-02
1.69840994249592161514e-02
1.22488402618370455233e-02
1.26832043147621035400e-02
1.34612690843025628595e-02
1.29916751206301511051e-02
1.28001495229547873622e-02
1.30957045404208778649e-02
1.11955926515749926153e-02
1.21351260166510099836e-02
1.22197913713778267414e-02
1.26435181579337366925e-02
2.23282572517426933234e-02
1.26076863485137524723e-02
2.10087010384388053752e-02
1.21973001652004864326e-02
1.25317252060520370471e-02
1.36662010555238140619e-02
2.18410092569002109442e-02
1.31470777708546336660e-02
1.88070035890888186125e-02
1.18777231825632351159e-02
1.65393479614191450666e-02
1.35676947471705701409e-02
1.82495305044403817452e-02
1.37912718170623942171e-02
1.20564232560241534065e-02
1.19293712256765532115e-02
1.31397391941392785442e-02
1.33814298690386589835e-02
1.82766432038271170457e-02
2.04722487096459446199e-02
2.13196277832634756288e-02
1.26831579884506724654e-02
1.79729783853428172480e-02
1.45220873288966316472e-02
1.44105897731494625447e-02
1.26967024676842756697e-02
1.24365871206693970330e-02
1.24265148951747603223e-02
1.41650662352846047620e-02
1.34510669093570386923e-02
1.27822606064029314910e-02
1.21590725308306241842e-02
1.25310305885030885686e-02
1.17925131252841937368e-02
1.34287007934498214823e-02
1.12505081520791784533e-02
1.28905951763291243967e-02
1.21380417077879589061e-02
2.48533895257769706089e-02
1.23014412493008262750e-02
1.42580883937363858682e-02
1.05716946276365741930e-02
2.48990145989755988498e-02
1.27323225395055156933e-02
1.38076280819697735924e-02
1.51966309746601434261e-02
1.16813767072592947921e-02
1.22374416035378845435e-02
1.01059400626018047048e-02
1.27392785879994752118e-02
1.28101939618414876337e-02
1.50255351485396402428e-02
1.28610946738603841577e-02
1.24589423909094425963e-02
1.14706751121675509103e-02
1.20475544095056934929e-02
1.20921966676861454559e-02
1.32507568933740542405e-02
1.15985638011781456297e-02
1.31200893716468085237e-02
1.00266581700983493930e-02
1.14967873773502444329e-02
1.29179220376188994002e-02
2.36160153745292034078e-02
1.29363817970868221624e-02
1.16960730696246909682e-02
1.42163172182531126475e-02
1.40611657710162842733e-02
1.27809270180218089580e-02
1.22916281773408683081e-02
1.16428401105572055380e-02
1.50739695972892315257e-02
1.44795787442176717569e-02
1.73201305436766275769e-02
1.16106477773636664746e-02
9.01312566982177126862e-03
1.30803688450478929756e-02
2.32357410805767022888e-02
2.87619027816241670803e-02
1.29839026683043270993e-02
1.18916499313593999887e-02
1.18869081863031099411e-02
1.36790509967797072749e-02
1.32098587441349946126e-02
1.28066934565484163294e-02
1.43034070699955828676e-02
1.65689631027412277720e-02
1.48009407505063726035e-02
1.00985068074443597869e-02
9.66700271645767536532e-03
1.25900795744109464391e-02
1.36434902356398542883e-02
9.17666275612217911817e-03
1.32106491063081355614e-02
1.43033579270052876864e-02
1.76228009921805504889e-02
