# x y z potential pseudo_potential
-1.5000000000e+00 -1.5000000000e+00 0.0000000000e+00 1.6711195655e-09 -9.2865550602e-09
-1.4696969697e+00 -1.5000000000e+00 0.0000000000e+00 1.6880682512e-09 -9.1512105761e-09
-1.4393939394e+00 -1.5000000000e+00 0.0000000000e+00 1.7051801977e-09 -9.0191373767e-09
-1.4090909091e+00 -1.5000000000e+00 0.0000000000e+00 1.7224490632e-09 -8.8903291202e-09
-1.3787878788e+00 -1.5000000000e+00 0.0000000000e+00 1.7398677336e-09 -8.7647786924e-09
-1.3484848485e+00 -1.5000000000e+00 0.0000000000e+00 1.7574282749e-09 -8.6424781594e-09
-1.3181818182e+00 -1.5000000000e+00 0.0000000000e+00 1.7751218854e-09 -8.5234187196e-09
-1.2878787879e+00 -1.5000000000e+00 0.0000000000e+00 1.7929388468e-09 -8.4075906544e-09
-1.2575757576e+00 -1.5000000000e+00 0.0000000000e+00 1.8108684752e-09 -8.2949832801e-09
-1.2272727273e+00 -1.5000000000e+00 0.0000000000e+00 1.8288990726e-09 -8.1855848988e-09
-1.1969696970e+00 -1.5000000000e+00 0.0000000000e+00 1.8470178792e-09 -8.0793827504e-09
-1.1666666667e+00 -1.5000000000e+00 0.0000000000e+00 1.8652110260e-09 -7.9763629662e-09
-1.1363636364e+00 -1.5000000000e+00 0.0000000000e+00 1.8834634904e-09 -7.8765105234e-09
-1.1060606061e+00 -1.5000000000e+00 0.0000000000e+00 1.9017590535e-09 -7.7798092032e-09
-1.0757575758e+00 -1.5000000000e+00 0.0000000000e+00 1.9200802609e-09 -7.6862415511e-09
-1.0454545455e+00 -1.5000000000e+00 0.0000000000e+00 1.9384083870e-09 -7.5957888417e-09
-1.0151515152e+00 -1.5000000000e+00 0.0000000000e+00 1.9567234053e-09 -7.5084310483e-09
-9.8484848485e-01 -1.5000000000e+00 0.0000000000e+00 1.9750039633e-09 -7.4241468185e-09
-9.5454545455e-01 -1.5000000000e+00 0.0000000000e+00 1.9932273648e-09 -7.3429134561e-09
-9.2424242424e-01 -1.5000000000e+00 0.0000000000e+00 2.0113695604e-09 -7.2647069116e-09
-8.9393939394e-01 -1.5000000000e+00 0.0000000000e+00 2.0294051462e-09 -7.1895017813e-09
-8.6363636364e-01 -1.5000000000e+00 0.0000000000e+00 2.0473073736e-09 -7.1172713163e-09
-8.3333333333e-01 -1.5000000000e+00 0.0000000000e+00 2.0650481691e-09 -7.0479874434e-09
-8.0303030303e-01 -1.5000000000e+00 0.0000000000e+00 2.0825981679e-09 -6.9816207976e-09
-7.7272727273e-01 -1.5000000000e+00 0.0000000000e+00 2.0999267598e-09 -6.9181407688e-09
-7.4242424242e-01 -1.5000000000e+00 0.0000000000e+00 2.1170021502e-09 -6.8575155624e-09
-7.1212121212e-01 -1.5000000000e+00 0.0000000000e+00 2.1337914362e-09 -6.7997122755e-09
-6.8181818182e-01 -1.5000000000e+00 0.0000000000e+00 2.1502606994e-09 -6.7446969896e-09
-6.5151515152e-01 -1.5000000000e+00 0.0000000000e+00 2.1663751151e-09 -6.6924348801e-09
-6.2121212121e-01 -1.5000000000e+00 0.0000000000e+00 2.1820990788e-09 -6.6428903425e-09
-5.9090909091e-01 -1.5000000000e+00 0.0000000000e+00 2.1973963507e-09 -6.5960271368e-09
-5.6060606061e-01 -1.5000000000e+00 0.0000000000e+00 2.2122302170e-09 -6.5518085496e-09
-5.3030303030e-01 -1.5000000000e+00 0.0000000000e+00 2.2265636692e-09 -6.5101975720e-09
-5.0000000000e-01 -1.5000000000e+00 0.0000000000e+00 2.2403595984e-09 -6.4711570954e-09
-4.6969696970e-01 -1.5000000000e+00 0.0000000000e+00 2.2535810065e-09 -6.4346501215e-09
-4.3939393939e-01 -1.5000000000e+00 0.0000000000e+00 2.2661912297e-09 -6.4006399867e-09
-4.0909090909e-01 -1.5000000000e+00 0.0000000000e+00 2.2781541753e-09 -6.3690905980e-09
-3.7878787879e-01 -1.5000000000e+00 0.0000000000e+00 2.2894345672e-09 -6.3399666796e-09
-3.4848484848e-01 -1.5000000000e+00 0.0000000000e+00 2.2999981994e-09 -6.3132340253e-09
-3.1818181818e-01 -1.5000000000e+00 0.0000000000e+00 2.3098121929e-09 -6.2888597562e-09
-2.8787878788e-01 -1.5000000000e+00 0.0000000000e+00 2.3188452543e-09 -6.2668125789e-09
-2.5757575758e-01 -1.5000000000e+00 0.0000000000e+00 2.3270679311e-09 -6.2470630409e-09
-2.2727272727e-01 -1.5000000000e+00 0.0000000000e+00 2.3344528616e-09 -6.2295837804e-09
-1.9696969697e-01 -1.5000000000e+00 0.0000000000e+00 2.3409750135e-09 -6.2143497651e-09
-1.6666666667e-01 -1.5000000000e+00 0.0000000000e+00 2.3466119096e-09 -6.2013385180e-09
-1.3636363636e-01 -1.5000000000e+00 0.0000000000e+00 2.3513438352e-09 -6.1905303243e-09
-1.0606060606e-01 -1.5000000000e+00 0.0000000000e+00 2.3551540247e-09 -6.1819084183e-09
-7.5757575758e-02 -1.5000000000e+00 0.0000000000e+00 2.3580288226e-09 -6.1754591445e-09
-4.5454545455e-02 -1.5000000000e+00 0.0000000000e+00 2.3599578177e-09 -6.1711720919e-09
-1.5151515152e-02 -1.5000000000e+00 0.0000000000e+00 2.3609339469e-09 -6.1690401972e-09
1.5151515152e-02 -1.5000000000e+00 0.0000000000e+00 2.3609535665e-09 -6.1690598168e-09
4.5454545455e-02 -1.5000000000e+00 0.0000000000e+00 2.3600164906e-09 -6.1712307647e-09
7.5757575758e-02 -1.5000000000e+00 0.0000000000e+00 2.3581259938e-09 -6.1755563158e-09
1.0606060606e-01 -1.5000000000e+00 0.0000000000e+00 2.3552887814e-09 -6.1820431749e-09
1.3636363636e-01 -1.5000000000e+00 0.0000000000e+00 2.3515149235e-09 -6.1907014125e-09
1.6666666667e-01 -1.5000000000e+00 0.0000000000e+00 2.3468177581e-09 -6.2015443665e-09
1.9696969697e-01 -1.5000000000e+00 0.0000000000e+00 2.3412137623e-09 -6.2145885140e-09
2.2727272727e-01 -1.5000000000e+00 0.0000000000e+00 2.3347223954e-09 -6.2298533142e-09
2.5757575758e-01 -1.5000000000e+00 0.0000000000e+00 2.3273659163e-09 -6.2473610260e-09
2.8787878788e-01 -1.5000000000e+00 0.0000000000e+00 2.3191691781e-09 -6.2671365027e-09
3.1818181818e-01 -1.5000000000e+00 0.0000000000e+00 2.3101594047e-09 -6.2892069680e-09
3.4848484848e-01 -1.5000000000e+00 0.0000000000e+00 2.3003659518e-09 -6.3136017777e-09
3.7878787879e-01 -1.5000000000e+00 0.0000000000e+00 2.2898200569e-09 -6.3403521693e-09
4.0909090909e-01 -1.5000000000e+00 0.0000000000e+00 2.2785545820e-09 -6.3694910048e-09
4.3939393939e-01 -1.5000000000e+00 0.0000000000e+00 2.2666037536e-09 -6.4010525106e-09
4.6969696970e-01 -1.5000000000e+00 0.0000000000e+00 2.2540029016e-09 -6.4350720167e-09
5.0000000000e-01 -1.5000000000e+00 0.0000000000e+00 2.2407882037e-09 -6.4715857007e-09
5.3030303030e-01 -1.5000000000e+00 0.0000000000e+00 2.2269964346e-09 -6.5106303374e-09
5.6060606061e-01 -1.5000000000e+00 0.0000000000e+00 2.2126647264e-09 -6.5522430590e-09
5.9090909091e-01 -1.5000000000e+00 0.0000000000e+00 2.1978303400e-09 -6.5964611262e-09
6.2121212121e-01 -1.5000000000e+00 0.0000000000e+00 2.1825304505e-09 -6.6433217142e-09
6.5151515152e-01 -1.5000000000e+00 0.0000000000e+00 2.1668019482e-09 -6.6928617131e-09
6.8181818182e-01 -1.5000000000e+00 0.0000000000e+00 2.1506812558e-09 -6.7451175460e-09
7.1212121212e-01 -1.5000000000e+00 0.0000000000e+00 2.1342041638e-09 -6.8001250031e-09
7.4242424242e-01 -1.5000000000e+00 0.0000000000e+00 2.1174056826e-09 -6.8579190948e-09
7.7272727273e-01 -1.5000000000e+00 0.0000000000e+00 2.1003199135e-09 -6.9185339225e-09
8.0303030303e-01 -1.5000000000e+00 0.0000000000e+00 2.0829799364e-09 -6.9820025661e-09
8.3333333333e-01 -1.5000000000e+00 0.0000000000e+00 2.0654177162e-09 -7.0483569905e-09
8.6363636364e-01 -1.5000000000e+00 0.0000000000e+00 2.0476640243e-09 -7.1176279670e-09
8.9393939394e-01 -1.5000000000e+00 0.0000000000e+00 2.0297483765e-09 -7.1898450115e-09
9.2424242424e-01 -1.5000000000e+00 0.0000000000e+00 2.0116989863e-09 -7.2650363376e-09
9.5454545455e-01 -1.5000000000e+00 0.0000000000e+00 1.9935427313e-09 -7.3432288226e-09
9.8484848485e-01 -1.5000000000e+00 0.0000000000e+00 1.9753051320e-09 -7.4244479872e-09
1.0151515152e+00 -1.5000000000e+00 0.0000000000e+00 1.9570103430e-09 -7.5087179861e-09
1.0454545455e+00 -1.5000000000e+00 0.0000000000e+00 1.9386811539e-09 -7.5960616087e-09
1.0757575758e+00 -1.5000000000e+00 0.0000000000e+00 1.9203389994e-09 -7.6865002897e-09
1.1060606061e+00 -1.5000000000e+00 0.0000000000e+00 1.9020039775e-09 -7.7800541272e-09
1.1363636364e+00 -1.5000000000e+00 0.0000000000e+00 1.8836948747e-09 -7.8767419077e-09
1.1666666667e+00 -1.5000000000e+00 0.0000000000e+00 1.8654291970e-09 -7.9765811372e-09
1.1969696970e+00 -1.5000000000e+00 0.0000000000e+00 1.8472232061e-09 -8.0795880773e-09
1.2272727273e+00 -1.5000000000e+00 0.0000000000e+00 1.8290919589e-09 -8.1857777851e-09
1.2575757576e+00 -1.5000000000e+00 0.0000000000e+00 1.8110493515e-09 -8.2951641564e-09
1.2878787879e+00 -1.5000000000e+00 0.0000000000e+00 1.7931081640e-09 -8.4077599716e-09
1.3181818182e+00 -1.5000000000e+00 0.0000000000e+00 1.7752801088e-09 -8.5235769429e-09
1.3484848485e+00 -1.5000000000e+00 0.0000000000e+00 1.7575758787e-09 -8.6426257632e-09
1.3787878788e+00 -1.5000000000e+00 0.0000000000e+00 1.7400051963e-09 -8.7649161551e-09
1.4090909091e+00 -1.5000000000e+00 0.0000000000e+00 1.7225768638e-09 -8.8904569208e-09
1.4393939394e+00 -1.5000000000e+00 0.0000000000e+00 1.7052988118e-09 -9.0192559908e-09
1.4696969697e+00 -1.5000000000e+00 0.0000000000e+00 1.6881781482e-09 -9.1513204731e-09
1.5000000000e+00 -1.5000000000e+00 0.0000000000e+00 1.6712212061e-09 -9.2866567008e-09
-1.5000000000e+00 -1.4696969697e+00 0.0000000000e+00 1.6881184735e-09 -9.1512607984e-09
-1.4696969697e+00 -1.4696969697e+00 0.0000000000e+00 1.7055950238e-09 -9.0164441789e-09
-1.4393939394e+00 -1.4696969697e+00 0.0000000000e+00 1.7232510381e-09 -8.8849150473e-09
-1.4090909091e+00 -1.4696969697e+00 0.0000000000e+00 1.7410804104e-09 -8.7566672975e-09
-1.3787878788e+00 -1.4696969697e+00 0.0000000000e+00 1.7590762294e-09 -8.6316940184e-09
-1.3484848485e+00 -1.4696969697e+00 0.0000000000e+00 1.7772307263e-09 -8.5099874410e-09
-1.3181818182e+00 -1.4696969697e+00 0.0000000000e+00 1.7955352211e-09 -8.3915388855e-09
-1.2878787879e+00 -1.4696969697e+00 0.0000000000e+00 1.8139800685e-09 -8.2763387064e-09
-1.2575757576e+00 -1.4696969697e+00 0.0000000000e+00 1.8325546025e-09 -8.1643762377e-09
-1.2272727273e+00 -1.4696969697e+00 0.0000000000e+00 1.8512470814e-09 -8.0556397378e-09
-1.1969696970e+00 -1.4696969697e+00 0.0000000000e+00 1.8700446330e-09 -7.9501163344e-09
-1.1666666667e+00 -1.4696969697e+00 0.0000000000e+00 1.8889332006e-09 -7.8477919709e-09
-1.1363636364e+00 -1.4696969697e+00 0.0000000000e+00 1.9078974904e-09 -7.7486513536e-09
-1.1060606061e+00 -1.4696969697e+00 0.0000000000e+00 1.9269209217e-09 -7.6526779016e-09
-1.0757575758e+00 -1.4696969697e+00 0.0000000000e+00 1.9459855791e-09 -7.5598536996e-09
-1.0454545455e+00 -1.4696969697e+00 0.0000000000e+00 1.9650721695e-09 -7.4701594545e-09
-1.0151515152e+00 -1.4696969697e+00 0.0000000000e+00 1.9841599839e-09 -7.3835744571e-09
-9.8484848485e-01 -1.4696969697e+00 0.0000000000e+00 2.0032268642e-09 -7.3000765496e-09
-9.5454545455e-01 -1.4696969697e+00 0.0000000000e+00 2.0222491784e-09 -7.2196421000e-09
-9.2424242424e-01 -1.4696969697e+00 0.0000000000e+00 2.0412018033e-09 -7.1422459848e-09
-8.9393939394e-01 -1.4696969697e+00 0.0000000000e+00 2.0600581165e-09 -7.0678615817e-09
-8.6363636364e-01 -1.4696969697e+00 0.0000000000e+00 2.0787899996e-09 -6.9964607726e-09
-8.3333333333e-01 -1.4696969697e+00 0.0000000000e+00 2.0973678540e-09 -6.9280139585e-09
-8.0303030303e-01 -1.4696969697e+00 0.0000000000e+00 2.1157606290e-09 -6.8624900889e-09
-7.7272727273e-01 -1.4696969697e+00 0.0000000000e+00 2.1339358656e-09 -6.7998567049e-09
-7.4242424242e-01 -1.4696969697e+00 0.0000000000e+00 2.1518597564e-09 -6.7400799988e-09
-7.1212121212e-01 -1.4696969697e+00 0.0000000000e+00 2.1694972218e-09 -6.6831248913e-09
-6.8181818182e-01 -1.4696969697e+00 0.0000000000e+00 2.1868120055e-09 -6.6289551259e-09
-6.5151515152e-01 -1.4696969697e+00 0.0000000000e+00 2.2037667882e-09 -6.5775333833e-09
-6.2121212121e-01 -1.4696969697e+00 0.0000000000e+00 2.2203233217e-09 -6.5288214155e-09
-5.9090909091e-01 -1.4696969697e+00 0.0000000000e+00 2.2364425826e-09 -6.4827801990e-09
-5.6060606061e-01 -1.4696969697e+00 0.0000000000e+00 2.2520849466e-09 -6.4393701094e-09
-5.3030303030e-01 -1.4696969697e+00 0.0000000000e+00 2.2672103821e-09 -6.3985511152e-09
-5.0000000000e-01 -1.4696969697e+00 0.0000000000e+00 2.2817786635e-09 -6.3602829907e-09
-4.6969696970e-01 -1.4696969697e+00 0.0000000000e+00 2.2957496025e-09 -6.3245255478e-09
-4.3939393939e-01 -1.4696969697e+00 0.0000000000e+00 2.3090832961e-09 -6.2912388833e-09
-4.0909090909e-01 -1.4696969697e+00 0.0000000000e+00 2.3217403885e-09 -6.2603836415e-09
-3.7878787879e-01 -1.4696969697e+00 0.0000000000e+00 2.3336823460e-09 -6.2319212886e-09
-3.4848484848e-01 -1.4696969697e+00 0.0000000000e+00 2.3448717406e-09 -6.2058143968e-09
-3.1818181818e-01 -1.4696969697e+00 0.0000000000e+00 2.3552725393e-09 -6.1820269328e-09
-2.8787878788e-01 -1.4696969697e+00 0.0000000000e+00 2.3648503955e-09 -6.1605245503e-09
-2.5757575758e-01 -1.4696969697e+00 0.0000000000e+00 2.3735729390e-09 -6.1412748790e-09
-2.2727272727e-01 -1.4696969697e+00 0.0000000000e+00 2.3814100587e-09 -6.1242478077e-09
-1.9696969697e-01 -1.4696969697e+00 0.0000000000e+00 2.3883341753e-09 -6.1094157572e-09
-1.6666666667e-01 -1.4696969697e+00 0.0000000000e+00 2.3943204985e-09 -6.0967539371e-09
-1.3636363636e-01 -1.4696969697e+00 0.0000000000e+00 2.3993472643e-09 -6.0862405836e-09
-1.0606060606e-01 -1.4696969697e+00 0.0000000000e+00 2.4033959487e-09 -6.0778571725e-09
-7.5757575758e-02 -1.4696969697e+00 0.0000000000e+00 2.4064514529e-09 -6.0715886051e-09
-4.5454545455e-02 -1.4696969697e+00 0.0000000000e+00 2.4085022575e-09 -6.0674233619e-09
-1.5151515152e-02 -1.4696969697e+00 0.0000000000e+00 2.4095405416e-09 -6.0653536221e-09
1.5151515152e-02 -1.4696969697e+00 0.0000000000e+00 2.4095622656e-09 -6.0653753462e-09
4.5454545455e-02 -1.4696969697e+00 0.0000000000e+00 2.4085672151e-09 -6.0674883195e-09
7.5757575758e-02 -1.4696969697e+00 0.0000000000e+00 2.4065590047e-09 -6.0716961568e-09
1.0606060606e-01 -1.4696969697e+00 0.0000000000e+00 2.4035450430e-09 -6.0780062667e-09
1.3636363636e-01 -1.4696969697e+00 0.0000000000e+00 2.3995364579e-09 -6.0864297772e-09
1.6666666667e-01 -1.4696969697e+00 0.0000000000e+00 2.3945479847e-09 -6.0969814234e-09
1.9696969697e-01 -1.4696969697e+00 0.0000000000e+00 2.3885978184e-09 -6.1096794003e-09
2.2727272727e-01 -1.4696969697e+00 0.0000000000e+00 2.3817074336e-09 -6.1245451826e-09
2.5757575758e-01 -1.4696969697e+00 0.0000000000e+00 2.3739013752e-09 -6.1416033152e-09
2.8787878788e-01 -1.4696969697e+00 0.0000000000e+00 2.3652070237e-09 -6.1608811786e-09
3.1818181818e-01 -1.4696969697e+00 0.0000000000e+00 2.3556543398e-09 -6.1824087334e-09
3.4848484848e-01 -1.4696969697e+00 0.0000000000e+00 2.3452755920e-09 -6.2062182482e-09
3.7878787879e-01 -1.4696969697e+00 0.0000000000e+00 2.3341050725e-09 -6.2323440151e-09
4.0909090909e-01 -1.4696969697e+00 0.0000000000e+00 2.3221788056e-09 -6.2608220586e-09
4.3939393939e-01 -1.4696969697e+00 0.0000000000e+00 2.3095342535e-09 -6.2916898407e-09
4.6969696970e-01 -1.4696969697e+00 0.0000000000e+00 2.2962100226e-09 -6.3249859679e-09
5.0000000000e-01 -1.4696969697e+00 0.0000000000e+00 2.2822455760e-09 -6.3607499033e-09
5.3030303030e-01 -1.4696969697e+00 0.0000000000e+00 2.2676809542e-09 -6.3990216873e-09
5.6060606061e-01 -1.4696969697e+00 0.0000000000e+00 2.2525565076e-09 -6.4398416704e-09
5.9090909091e-01 -1.4696969697e+00 0.0000000000e+00 2.2369126437e-09 -6.4832502601e-09
6.2121212121e-01 -1.4696969697e+00 0.0000000000e+00 2.2207895910e-09 -6.5292876848e-09
6.5151515152e-01 -1.4696969697e+00 0.0000000000e+00 2.2042271810e-09 -6.5779937762e-09
6.8181818182e-01 -1.4696969697e+00 0.0000000000e+00 2.1872646500e-09 -6.6294077704e-09
7.1212121212e-01 -1.4696969697e+00 0.0000000000e+00 2.1699404609e-09 -6.6835681303e-09
7.4242424242e-01 -1.4696969697e+00 0.0000000000e+00 2.1522921457e-09 -6.7405123882e-09
7.7272727273e-01 -1.4696969697e+00 0.0000000000e+00 2.1343561689e-09 -6.8002770082e-09
8.0303030303e-01 -1.4696969697e+00 0.0000000000e+00 2.1161678104e-09 -6.8628972703e-09
8.3333333333e-01 -1.4696969697e+00 0.0000000000e+00 2.0977610686e-09 -6.9284071731e-09
8.6363636364e-01 -1.4696969697e+00 0.0000000000e+00 2.0791685819e-09 -6.9968393549e-09
8.9393939394e-01 -1.4696969697e+00 0.0000000000e+00 2.0604215682e-09 -7.0682250335e-09
9.2424242424e-01 -1.4696969697e+00 0.0000000000e+00 2.0415497800e-09 -7.1425939614e-09
9.5454545455e-01 -1.4696969697e+00 0.0000000000e+00 2.0225814755e-09 -7.2199743970e-09
9.8484848485e-01 -1.4696969697e+00 0.0000000000e+00 2.0035434034e-09 -7.3003930888e-09
1.0151515152e+00 -1.4696969697e+00 0.0000000000e+00 1.9844607993e-09 -7.3838752725e-09
1.0454545455e+00 -1.4696969697e+00 0.0000000000e+00 1.9653573942e-09 -7.4704446791e-09
1.0757575758e+00 -1.4696969697e+00 0.0000000000e+00 1.9462554320e-09 -7.5601235525e-09
1.1060606061e+00 -1.4696969697e+00 0.0000000000e+00 1.9271756957e-09 -7.6529326757e-09
1.1363636364e+00 -1.4696969697e+00 0.0000000000e+00 1.9081375407e-09 -7.7488914039e-09
1.1666666667e+00 -1.4696969697e+00 0.0000000000e+00 1.8891589338e-09 -7.8480177042e-09
1.1969696970e+00 -1.4696969697e+00 0.0000000000e+00 1.8702564977e-09 -7.9503281992e-09
1.2272727273e+00 -1.4696969697e+00 0.0000000000e+00 1.8514455590e-09 -8.0558382153e-09
1.2575757576e+00 -1.4696969697e+00 0.0000000000e+00 1.8327401990e-09 -8.1645618342e-09
1.2878787879e+00 -1.4696969697e+00 0.0000000000e+00 1.8141533077e-09 -8.2765119455e-09
1.3181818182e+00 -1.4696969697e+00 0.0000000000e+00 1.7956966379e-09 -8.3917003022e-09
1.3484848485e+00 -1.4696969697e+00 0.0000000000e+00 1.7773808611e-09 -8.5101375759e-09
1.3787878788e+00 -1.4696969697e+00 0.0000000000e+00 1.7592156236e-09 -8.6318334126e-09
1.4090909091e+00 -1.4696969697e+00 0.0000000000e+00 1.7412096018e-09 -8.7567964890e-09
1.4393939394e+00 -1.4696969697e+00 0.0000000000e+00 1.7233705577e-09 -8.8850345669e-09
1.4696969697e+00 -1.4696969697e+00 0.0000000000e+00 1.7057053925e-09 -9.0165545476e-09
1.5000000000e+00 -1.4696969697e+00 0.0000000000e+00 1.6882202000e-09 -9.1513625249e-09
-1.5000000000e+00 -1.4393939394e+00 0.0000000000e+00 1.7052848471e-09 -9.0192420261e-09
-1.4696969697e+00 -1.4393939394e+00 0.0000000000e+00 1.7233056677e-09 -8.8849696769e-09
-1.4393939394e+00 -1.4393939394e+00 0.0000000000e+00 1.7415232556e-09 -8.7540021189e-09
-1.4090909091e+00 -1.4393939394e+00 0.0000000000e+00 1.7599317969e-09 -8.6263335382e-09
-1.3787878788e+00 -1.4393939394e+00 0.0000000000e+00 1.7785246404e-09 -8.5019572836e-09
-1.3484848485e+00 -1.4393939394e+00 0.0000000000e+00 1.7972942399e-09 -8.3808658087e-09
-1.3181818182e+00 -1.4393939394e+00 0.0000000000e+00 1.8162320949e-09 -8.2630506133e-09
-1.2878787879e+00 -1.4393939394e+00 0.0000000000e+00 1.8353286901e-09 -8.1485021821e-09
-1.2575757576e+00 -1.4393939394e+00 0.0000000000e+00 1.8545734338e-09 -8.0372099230e-09
-1.2272727273e+00 -1.4393939394e+00 0.0000000000e+00 1.8739545950e-09 -7.9291621054e-09
-1.1969696970e+00 -1.4393939394e+00 0.0000000000e+00 1.8934592417e-09 -7.8243457972e-09
-1.1666666667e+00 -1.4393939394e+00 0.0000000000e+00 1.9130731785e-09 -7.7227468030e-09
-1.1363636364e+00 -1.4393939394e+00 0.0000000000e+00 1.9327808861e-09 -7.6243496034e-09
-1.1060606061e+00 -1.4393939394e+00 0.0000000000e+00 1.9525654618e-09 -7.5291372958e-09
-1.0757575758e+00 -1.4393939394e+00 0.0000000000e+00 1.9724085640e-09 -7.4370915386e-09
-1.0454545455e+00 -1.4393939394e+00 0.0000000000e+00 1.9922903592e-09 -7.3481924982e-09
-1.0151515152e+00 -1.4393939394e+00 0.0000000000e+00 2.0121894744e-09 -7.2624188018e-09
-9.8484848485e-01 -1.4393939394e+00 0.0000000000e+00 2.0320829557e-09 -7.1797474952e-09
-9.5454545455e-01 -1.4393939394e+00 0.0000000000e+00 2.0519462330e-09 -7.1001540086e-09
-9.2424242424e-01 -1.4393939394e+00 0.0000000000e+00 2.0717530949e-09 -7.0236121305e-09
-8.9393939394e-01 -1.4393939394e+00 0.0000000000e+00 2.0914756722e-09 -6.9500939915e-09
-8.6363636364e-01 -1.4393939394e+00 0.0000000000e+00 2.1110844333e-09 -6.8795700604e-09
-8.3333333333e-01 -1.4393939394e+00 0.0000000000e+00 2.1305481934e-09 -6.8120091521e-09
-8.0303030303e-01 -1.4393939394e+00 0.0000000000e+00 2.1498341373e-09 -6.7473784514e-09
-7.7272727273e-01 -1.4393939394e+00 0.0000000000e+00 2.1689078588e-09 -6.6856435521e-09
-7.4242424242e-01 -1.4393939394e+00 0.0000000000e+00 2.1877334180e-09 -6.6267685145e-09
-7.1212121212e-01 -1.4393939394e+00 0.0000000000e+00 2.2062734174e-09 -6.5707159410e-09
-6.8181818182e-01 -1.4393939394e+00 0.0000000000e+00 2.2244890990e-09 -6.5174470735e-09
-6.5151515152e-01 -1.4393939394e+00 0.0000000000e+00 2.2423404619e-09 -6.4669219112e-09
-6.2121212121e-01 -1.4393939394e+00 0.0000000000e+00 2.2597864035e-09 -6.4190993515e-09
-5.9090909091e-01 -1.4393939394e+00 0.0000000000e+00 2.2767848829e-09 -6.3739373534e-09
-5.6060606061e-01 -1.4393939394e+00 0.0000000000e+00 2.2932931081e-09 -6.3313931250e-09
-5.3030303030e-01 -1.4393939394e+00 0.0000000000e+00 2.3092677461e-09 -6.2914233333e-09
-5.0000000000e-01 -1.4393939394e+00 0.0000000000e+00 2.3246651555e-09 -6.2539843369e-09
-4.6969696970e-01 -1.4393939394e+00 0.0000000000e+00 2.3394416408e-09 -6.2190324402e-09
-4.3939393939e-01 -1.4393939394e+00 0.0000000000e+00 2.3535537259e-09 -6.1865241672e-09
-4.0909090909e-01 -1.4393939394e+00 0.0000000000e+00 2.3669584466e-09 -6.1564165537e-09
-3.7878787879e-01 -1.4393939394e+00 0.0000000000e+00 2.3796136561e-09 -6.1286674529e-09
-3.4848484848e-01 -1.4393939394e+00 0.0000000000e+00 2.3914783441e-09 -6.1032358543e-09
-3.1818181818e-01 -1.4393939394e+00 0.0000000000e+00 2.4025129622e-09 -6.0800822099e-09
-2.8787878788e-01 -1.4393939394e+00 0.0000000000e+00 2.4126797539e-09 -6.0591687629e-09
-2.5757575758e-01 -1.4393939394e+00 0.0000000000e+00 2.4219430830e-09 -6.0404598770e-09
-2.2727272727e-01 -1.4393939394e+00 0.0000000000e+00 2.4302697556e-09 -6.0239223586e-09
-1.9696969697e-01 -1.4393939394e+00 0.0000000000e+00 2.4376293314e-09 -6.0095257674e-09
-1.6666666667e-01 -1.4393939394e+00 0.0000000000e+00 2.4439944180e-09 -5.9972427108e-09
-1.3636363636e-01 -1.4393939394e+00 0.0000000000e+00 2.4493409428e-09 -5.9870491162e-09
-1.0606060606e-01 -1.4393939394e+00 0.0000000000e+00 2.4536483986e-09 -5.9789244765e-09
-7.5757575758e-02 -1.4393939394e+00 0.0000000000e+00 2.4569000569e-09 -5.9728520631e-09
-4.5454545455e-02 -1.4393939394e+00 0.0000000000e+00 2.4590831455e-09 -5.9688191040e-09
-1.5151515152e-02 -1.4393939394e+00 0.0000000000e+00 2.4601889865e-09 -5.9668169211e-09
1.5151515152e-02 -1.4393939394e+00 0.0000000000e+00 2.4602130914e-09 -5.9668410260e-09
4.5454545455e-02 -1.4393939394e+00 0.0000000000e+00 2.4591552121e-09 -5.9688911706e-09
7.5757575758e-02 -1.4393939394e+00 0.0000000000e+00 2.4570193461e-09 -5.9729713523e-09
1.0606060606e-01 -1.4393939394e+00 0.0000000000e+00 2.4538136955e-09 -5.9790897734e-09
1.3636363636e-01 -1.4393939394e+00 0.0000000000e+00 2.4495505817e-09 -5.9872587551e-09
1.6666666667e-01 -1.4393939394e+00 0.0000000000e+00 2.4442463158e-09 -5.9974946086e-09
1.9696969697e-01 -1.4393939394e+00 0.0000000000e+00 2.4379210291e-09 -6.0098174651e-09
2.2727272727e-01 -1.4393939394e+00 0.0000000000e+00 2.4305984657e-09 -6.0242510688e-09
2.5757575758e-01 -1.4393939394e+00 0.0000000000e+00 2.4223057420e-09 -6.0408225361e-09
2.8787878788e-01 -1.4393939394e+00 0.0000000000e+00 2.4130730777e-09 -6.0595620867e-09
3.1818181818e-01 -1.4393939394e+00 0.0000000000e+00 2.4029335033e-09 -6.0805027509e-09
3.4848484848e-01 -1.4393939394e+00 0.0000000000e+00 2.3919225487e-09 -6.1036800590e-09
3.7878787879e-01 -1.4393939394e+00 0.0000000000e+00 2.3800779201e-09 -6.1291317169e-09
4.0909090909e-01 -1.4393939394e+00 0.0000000000e+00 2.3674391685e-09 -6.1568972755e-09
4.3939393939e-01 -1.4393939394e+00 0.0000000000e+00 2.3540473560e-09 -6.1870177973e-09
4.6969696970e-01 -1.4393939394e+00 0.0000000000e+00 2.3399447259e-09 -6.2195355252e-09
5.0000000000e-01 -1.4393939394e+00 0.0000000000e+00 2.3251743780e-09 -6.2544935593e-09
5.3030303030e-01 -1.4393939394e+00 0.0000000000e+00 2.3097799571e-09 -6.2919355443e-09
5.6060606061e-01 -1.4393939394e+00 0.0000000000e+00 2.2938053552e-09 -6.3319053721e-09
5.9090909091e-01 -1.4393939394e+00 0.0000000000e+00 2.2772944312e-09 -6.3744469017e-09
6.2121212121e-01 -1.4393939394e+00 0.0000000000e+00 2.2602907510e-09 -6.4196036990e-09
6.5151515152e-01 -1.4393939394e+00 0.0000000000e+00 2.2428373497e-09 -6.4674187989e-09
6.8181818182e-01 -1.4393939394e+00 0.0000000000e+00 2.2249765155e-09 -6.5179344900e-09
7.1212121212e-01 -1.4393939394e+00 0.0000000000e+00 2.2067495990e-09 -6.5711921226e-09
7.4242424242e-01 -1.4393939394e+00 0.0000000000e+00 2.1881968448e-09 -6.6272319414e-09
7.7272727273e-01 -1.4393939394e+00 0.0000000000e+00 2.1693572477e-09 -6.6860929410e-09
8.0303030303e-01 -1.4393939394e+00 0.0000000000e+00 2.1502684312e-09 -6.7478127453e-09
8.3333333333e-01 -1.4393939394e+00 0.0000000000e+00 2.1309665493e-09 -6.8124275079e-09
8.6363636364e-01 -1.4393939394e+00 0.0000000000e+00 2.1114862076e-09 -6.8799718347e-09
8.9393939394e-01 -1.4393939394e+00 0.0000000000e+00 2.0918604058e-09 -6.9504787252e-09
9.2424242424e-01 -1.4393939394e+00 0.0000000000e+00 2.0721204972e-09 -7.0239795328e-09
9.5454545455e-01 -1.4393939394e+00 0.0000000000e+00 2.0522961650e-09 -7.1005039407e-09
9.8484848485e-01 -1.4393939394e+00 0.0000000000e+00 2.0324154141e-09 -7.1800799537e-09
1.0151515152e+00 -1.4393939394e+00 0.0000000000e+00 2.0125045756e-09 -7.2627339030e-09
1.0454545455e+00 -1.4393939394e+00 0.0000000000e+00 1.9925883235e-09 -7.3484904625e-09
1.0757575758e+00 -1.4393939394e+00 0.0000000000e+00 1.9726897011e-09 -7.4373726757e-09
1.1060606061e+00 -1.4393939394e+00 0.0000000000e+00 1.9528301570e-09 -7.5294019910e-09
1.1363636364e+00 -1.4393939394e+00 0.0000000000e+00 1.9330295873e-09 -7.6245983046e-09
1.1666666667e+00 -1.4393939394e+00 0.0000000000e+00 1.9133063845e-09 -7.7229800090e-09
1.1969696970e+00 -1.4393939394e+00 0.0000000000e+00 1.8936774911e-09 -7.8245640467e-09
1.2272727273e+00 -1.4393939394e+00 0.0000000000e+00 1.8741584571e-09 -7.9293659675e-09
1.2575757576e+00 -1.4393939394e+00 0.0000000000e+00 1.8547634993e-09 -8.0373999885e-09
1.2878787879e+00 -1.4393939394e+00 0.0000000000e+00 1.8355055637e-09 -8.1486790557e-09
1.3181818182e+00 -1.4393939394e+00 0.0000000000e+00 1.8163963885e-09 -8.2632149070e-09
1.3484848485e+00 -1.4393939394e+00 0.0000000000e+00 1.7974465670e-09 -8.3810181358e-09
1.3787878788e+00 -1.4393939394e+00 0.0000000000e+00 1.7786656107e-09 -8.5020982538e-09
1.4090909091e+00 -1.4393939394e+00 0.0000000000e+00 1.7600620124e-09 -8.6264637537e-09
1.4393939394e+00 -1.4393939394e+00 0.0000000000e+00 1.7416433068e-09 -8.7541221701e-09
1.4696969697e+00 -1.4393939394e+00 0.0000000000e+00 1.7234161310e-09 -8.8850801402e-09
1.5000000000e+00 -1.4393939394e+00 0.0000000000e+00 1.7053862823e-09 -9.0193434613e-09
-1.5000000000e+00 -1.4090909091e+00 0.0000000000e+00 1.7226125828e-09 -8.8904926398e-09
-1.4696969697e+00 -1.4090909091e+00 0.0000000000e+00 1.7411943410e-09 -8.7567812282e-09
-1.4393939394e+00 -1.4090909091e+00 0.0000000000e+00 1.7599913280e-09 -8.6263930692e-09
-1.4090909091e+00 -1.4090909091e+00 0.0000000000e+00 1.7789980846e-09 -8.4993227039e-09
-1.3787878788e+00 -1.4090909091e+00 0.0000000000e+00 1.7982082836e-09 -8.3755638047e-09
-1.3484848485e+00 -1.4090909091e+00 0.0000000000e+00 1.8176146661e-09 -8.2551091129e-09
-1.3181818182e+00 -1.4090909091e+00 0.0000000000e+00 1.8372089764e-09 -8.1379503728e-09
-1.2878787879e+00 -1.4090909091e+00 0.0000000000e+00 1.8569818945e-09 -8.0240782644e-09
-1.2575757576e+00 -1.4090909091e+00 0.0000000000e+00 1.8769229674e-09 -7.9134823347e-09
-1.2272727273e+00 -1.4090909091e+00 0.0000000000e+00 1.8970205386e-09 -7.8061509270e-09
-1.1969696970e+00 -1.4090909091e+00 0.0000000000e+00 1.9172616776e-09 -7.7020711111e-09
-1.1666666667e+00 -1.4090909091e+00 0.0000000000e+00 1.9376321091e-09 -7.6012286115e-09
-1.1363636364e+00 -1.4090909091e+00 0.0000000000e+00 1.9581161428e-09 -7.5036077381e-09
-1.1060606061e+00 -1.4090909091e+00 0.0000000000e+00 1.9786966048e-09 -7.4091913168e-09
-1.0757575758e+00 -1.4090909091e+00 0.0000000000e+00 1.9993547712e-09 -7.3179606237e-09
-1.0454545455e+00 -1.4090909091e+00 0.0000000000e+00 2.0200703048e-09 -7.2298953219e-09
-1.0151515152e+00 -1.4090909091e+00 0.0000000000e+00 2.0408211976e-09 -7.1449734029e-09
-9.8484848485e-01 -1.4090909091e+00 0.0000000000e+00 2.0615837173e-09 -7.0631711349e-09
-9.5454545455e-01 -1.4090909091e+00 0.0000000000e+00 2.0823323630e-09 -6.9844630166e-09
-9.2424242424e-01 -1.4090909091e+00 0.0000000000e+00 2.1030398280e-09 -6.9088217415e-09
-8.9393939394e-01 -1.4090909091e+00 0.0000000000e+00 2.1236769745e-09 -6.8362181719e-09
-8.6363636364e-01 -1.4090909091e+00 0.0000000000e+00 2.1442128195e-09 -6.7666213245e-09
-8.3333333333e-01 -1.4090909091e+00 0.0000000000e+00 2.1646145349e-09 -6.6999983715e-09
-8.0303030303e-01 -1.4090909091e+00 0.0000000000e+00 2.1848474638e-09 -6.6363146559e-09
-7.7272727273e-01 -1.4090909091e+00 0.0000000000e+00 2.2048751539e-09 -6.5755337252e-09
-7.4242424242e-01 -1.4090909091e+00 0.0000000000e+00 2.2246594107e-09 -6.5176173852e-09
-7.1212121212e-01 -1.4090909091e+00 0.0000000000e+00 2.2441603721e-09 -6.4625257736e-09
-6.8181818182e-01 -1.4090909091e+00 0.0000000000e+00 2.2633366053e-09 -6.4102174578e-09
-6.5151515152e-01 -1.4090909091e+00 0.0000000000e+00 2.2821452289e-09 -6.3606495562e-09
-6.2121212121e-01 -1.4090909091e+00 0.0000000000e+00 2.3005420596e-09 -6.3137778855e-09
-5.9090909091e-01 -1.4090909091e+00 0.0000000000e+00 2.3184817857e-09 -6.2695571342e-09
-5.6060606061e-01 -1.4090909091e+00 0.0000000000e+00 2.3359181678e-09 -6.2279410627e-09
-5.3030303030e-01 -1.4090909091e+00 0.0000000000e+00 2.3528042655e-09 -6.1888827307e-09
-5.0000000000e-01 -1.4090909091e+00 0.0000000000e+00 2.3690926918e-09 -6.1523347512e-09
-4.6969696970e-01 -1.4090909091e+00 0.0000000000e+00 2.3847358918e-09 -6.1182495692e-09
-4.3939393939e-01 -1.4090909091e+00 0.0000000000e+00 2.3996864455e-09 -6.0865797647e-09
-4.0909090909e-01 -1.4090909091e+00 0.0000000000e+00 2.4138973922e-09 -6.0572783772e-09
-3.7878787879e-01 -1.4090909091e+00 0.0000000000e+00 2.4273225732e-09 -6.0302992479e-09
-3.4848484848e-01 -1.4090909091e+00 0.0000000000e+00 2.4399169889e-09 -6.0055973771e-09
-3.1818181818e-01 -1.4090909091e+00 0.0000000000e+00 2.4516371669e-09 -5.9831292925e-09
-2.8787878788e-01 -1.4090909091e+00 0.0000000000e+00 2.4624415349e-09 -5.9628534218e-09
-2.5757575758e-01 -1.4090909091e+00 0.0000000000e+00 2.4722907944e-09 -5.9447304664e-09
-2.2727272727e-01 -1.4090909091e+00 0.0000000000e+00 2.4811482877e-09 -5.9287237688e-09
-1.9696969697e-01 -1.4090909091e+00 0.0000000000e+00 2.4889803543e-09 -5.9147996682e-09
-1.6666666667e-01 -1.4090909091e+00 0.0000000000e+00 2.4957566676e-09 -5.9029278383e-09
-1.3636363636e-01 -1.4090909091e+00 0.0000000000e+00 2.5014505484e-09 -5.8930815998e-09
-1.0606060606e-01 -1.4090909091e+00 0.0000000000e+00 2.5060392475e-09 -5.8852382034e-09
-7.5757575758e-02 -1.4090909091e+00 0.0000000000e+00 2.5095041917e-09 -5.8793790759e-09
-4.5454545455e-02 -1.4090909091e+00 0.0000000000e+00 2.5118311894e-09 -5.8754900259e-09
-1.5151515152e-02 -1.4090909091e+00 0.0000000000e+00 2.5130105903e-09 -5.8735614029e-09
1.5151515152e-02 -1.4090909091e+00 0.0000000000e+00 2.5130373957e-09 -5.8735882083e-09
4.5454545455e-02 -1.4090909091e+00 0.0000000000e+00 2.5119113179e-09 -5.8755701544e-09
7.5757575758e-02 -1.4090909091e+00 0.0000000000e+00 2.5096367864e-09 -5.8795116706e-09
1.0606060606e-01 -1.4090909091e+00 0.0000000000e+00 2.5062229007e-09 -5.8854218565e-09
1.3636363636e-01 -1.4090909091e+00 0.0000000000e+00 2.5016833318e-09 -5.8933143831e-09
1.6666666667e-01 -1.4090909091e+00 0.0000000000e+00 2.4960361725e-09 -5.9032073432e-09
1.9696969697e-01 -1.4090909091e+00 0.0000000000e+00 2.4893037417e-09 -5.9151230557e-09
2.2727272727e-01 -1.4090909091e+00 0.0000000000e+00 2.4815123451e-09 -5.9290878262e-09
2.5757575758e-01 -1.4090909091e+00 0.0000000000e+00 2.4726919984e-09 -5.9451316704e-09
2.8787878788e-01 -1.4090909091e+00 0.0000000000e+00 2.4628761175e-09 -5.9632880044e-09
3.1818181818e-01 -1.4090909091e+00 0.0000000000e+00 2.4521011833e-09 -5.9835933089e-09
3.4848484848e-01 -1.4090909091e+00 0.0000000000e+00 2.4404063850e-09 -6.0060867732e-09
3.7878787879e-01 -1.4090909091e+00 0.0000000000e+00 2.4278332510e-09 -6.0308099257e-09
4.0909090909e-01 -1.4090909091e+00 0.0000000000e+00 2.4144252720e-09 -6.0578062570e-09
4.3939393939e-01 -1.4090909091e+00 0.0000000000e+00 2.4002275224e-09 -6.0871208416e-09
4.6969696970e-01 -1.4090909091e+00 0.0000000000e+00 2.3852862869e-09 -6.1187999643e-09
5.0000000000e-01 -1.4090909091e+00 0.0000000000e+00 2.3696486966e-09 -6.1528907559e-09
5.3030303030e-01 -1.4090909091e+00 0.0000000000e+00 2.3533623788e-09 -6.1894408440e-09
5.6060606061e-01 -1.4090909091e+00 0.0000000000e+00 2.3364751258e-09 -6.2284980207e-09
5.9090909091e-01 -1.4090909091e+00 0.0000000000e+00 2.3190345847e-09 -6.2701099332e-09
6.2121212121e-01 -1.4090909091e+00 0.0000000000e+00 2.3010879713e-09 -6.3143237973e-09
6.5151515152e-01 -1.4090909091e+00 0.0000000000e+00 2.2826818100e-09 -6.3611861373e-09
6.8181818182e-01 -1.4090909091e+00 0.0000000000e+00 2.2638617002e-09 -6.4107425527e-09
7.1212121212e-01 -1.4090909091e+00 0.0000000000e+00 2.2446721110e-09 -6.4630375126e-09
7.4242424242e-01 -1.4090909091e+00 0.0000000000e+00 2.2251562032e-09 -6.5181141777e-09
7.7272727273e-01 -1.4090909091e+00 0.0000000000e+00 2.2053556781e-09 -6.5760142494e-09
8.0303030303e-01 -1.4090909091e+00 0.0000000000e+00 2.1853106529e-09 -6.6367778449e-09
8.3333333333e-01 -1.4090909091e+00 0.0000000000e+00 2.1650595613e-09 -6.7004433979e-09
8.6363636364e-01 -1.4090909091e+00 0.0000000000e+00 2.1446390772e-09 -6.7670475823e-09
8.9393939394e-01 -1.4090909091e+00 0.0000000000e+00 2.1240840604e-09 -6.8366252577e-09
9.2424242424e-01 -1.4090909091e+00 0.0000000000e+00 2.1034275224e-09 -6.9092094359e-09
9.5454545455e-01 -1.4090909091e+00 0.0000000000e+00 2.0827006103e-09 -6.9848312639e-09
9.8484848485e-01 -1.4090909091e+00 0.0000000000e+00 2.0619326070e-09 -7.0635200245e-09
1.0151515152e+00 -1.4090909091e+00 0.0000000000e+00 2.0411509454e-09 -7.1453031507e-09
1.0454545455e+00 -1.4090909091e+00 0.0000000000e+00 2.0203812353e-09 -7.2302062523e-09
1.0757575758e+00 -1.4090909091e+00 0.0000000000e+00 1.9996473006e-09 -7.3182531532e-09
1.1060606061e+00 -1.4090909091e+00 0.0000000000e+00 1.9789712261e-09 -7.4094659381e-09
1.1363636364e+00 -1.4090909091e+00 0.0000000000e+00 1.9583734107e-09 -7.5038650060e-09
1.1666666667e+00 -1.4090909091e+00 0.0000000000e+00 1.9378726274e-09 -7.6014691299e-09
1.1969696970e+00 -1.4090909091e+00 0.0000000000e+00 1.9174860874e-09 -7.7022955210e-09
1.2272727273e+00 -1.4090909091e+00 0.0000000000e+00 1.8972295078e-09 -7.8063598962e-09
1.2575757576e+00 -1.4090909091e+00 0.0000000000e+00 1.8771171812e-09 -7.9136765484e-09
1.2878787879e+00 -1.4090909091e+00 0.0000000000e+00 1.8571620474e-09 -8.0242584173e-09
1.3181818182e+00 -1.4090909091e+00 0.0000000000e+00 1.8373757652e-09 -8.1381171616e-09
1.3484848485e+00 -1.4090909091e+00 0.0000000000e+00 1.8177687839e-09 -8.2552632307e-09
1.3787878788e+00 -1.4090909091e+00 0.0000000000e+00 1.7983504148e-09 -8.3757059359e-09
1.4090909091e+00 -1.4090909091e+00 0.0000000000e+00 1.7791289006e-09 -8.4994535198e-09
1.4393939394e+00 -1.4090909091e+00 0.0000000000e+00 1.7601114835e-09 -8.6265132248e-09
1.4696969697e+00 -1.4090909091e+00 0.0000000000e+00 1.7413044716e-09 -8.7568913588e-09
1.5000000000e+00 -1.4090909091e+00 0.0000000000e+00 1.7227133029e-09 -8.8905933598e-09
-1.5000000000e+00 -1.3787878788e+00 0.0000000000e+00 1.7400948091e-09 -8.7650057680e-09
-1.4696969697e+00 -1.3787878788e+00 0.0000000000e+00 1.7592544025e-09 -8.6318721915e-09
-1.4393939394e+00 -1.3787878788e+00 0.0000000000e+00 1.7786489038e-09 -8.5020815470e-09
-1.4090909091e+00 -1.3787878788e+00 0.0000000000e+00 1.7982732780e-09 -8.3756287991e-09
-1.3787878788e+00 -1.3787878788e+00 0.0000000000e+00 1.8181215925e-09 -8.2525080155e-09
-1.3484848485e+00 -1.3787878788e+00 0.0000000000e+00 1.8381869487e-09 -8.1327122973e-09
-1.3181818182e+00 -1.3787878788e+00 0.0000000000e+00 1.8584614089e-09 -8.0162337071e-09
-1.2878787879e+00 -1.3787878788e+00 0.0000000000e+00 1.8789359226e-09 -7.9030631943e-09
-1.2575757576e+00 -1.3787878788e+00 0.0000000000e+00 1.8996002495e-09 -7.7931905185e-09
-1.2272727273e+00 -1.3787878788e+00 0.0000000000e+00 1.9204428806e-09 -7.6866041708e-09
-1.1969696970e+00 -1.3787878788e+00 0.0000000000e+00 1.9414509589e-09 -7.5832912942e-09
-1.1666666667e+00 -1.3787878788e+00 0.0000000000e+00 1.9626101985e-09 -7.4832376028e-09
-1.1363636364e+00 -1.3787878788e+00 0.0000000000e+00 1.9839048043e-09 -7.3864273014e-09
-1.1060606061e+00 -1.3787878788e+00 0.0000000000e+00 2.0053173922e-09 -7.2928430060e-09
-1.0757575758e+00 -1.3787878788e+00 0.0000000000e+00 2.0268289116e-09 -7.2024656660e-09
-1.0454545455e+00 -1.3787878788e+00 0.0000000000e+00 2.0484185703e-09 -7.1152744891e-09
-1.0151515152e+00 -1.3787878788e+00 0.0000000000e+00 2.0700637642e-09 -7.0312468714e-09
-9.8484848485e-01 -1.3787878788e+00 0.0000000000e+00 2.0917400124e-09 -6.9503583317e-09
-9.5454545455e-01 -1.3787878788e+00 0.0000000000e+00 2.1134208993e-09 -6.8725824548e-09
-9.2424242424e-01 -1.3787878788e+00 0.0000000000e+00 2.1350780264e-09 -6.7978908417e-09
-8.9393939394e-01 -1.3787878788e+00 0.0000000000e+00 2.1566809736e-09 -6.7262530728e-09
-8.6363636364e-01 -1.3787878788e+00 0.0000000000e+00 2.1781972751e-09 -6.6576366820e-09
-8.3333333333e-01 -1.3787878788e+00 0.0000000000e+00 2.1995924080e-09 -6.5920071465e-09
-8.0303030303e-01 -1.3787878788e+00 0.0000000000e+00 2.2208298001e-09 -6.5293278939e-09
-7.7272727273e-01 -1.3787878788e+00 0.0000000000e+00 2.2418708547e-09 -6.4695603279e-09
-7.4242424242e-01 -1.3787878788e+00 0.0000000000e+00 2.2626749992e-09 -6.4126638755e-09
-7.1212121212e-01 -1.3787878788e+00 0.0000000000e+00 2.2831997547e-09 -6.3585960581e-09
-6.8181818182e-01 -1.3787878788e+00 0.0000000000e+00 2.3034008334e-09 -6.3073125877e-09
-6.5151515152e-01 -1.3787878788e+00 0.0000000000e+00 2.3232322616e-09 -6.2587674907e-09
-6.2121212121e-01 -1.3787878788e+00 0.0000000000e+00 2.3426465332e-09 -6.2129132610e-09
-5.9090909091e-01 -1.3787878788e+00 0.0000000000e+00 2.3615947921e-09 -6.1697010424e-09
-5.6060606061e-01 -1.3787878788e+00 0.0000000000e+00 2.3800270462e-09 -6.1290808429e-09
-5.3030303030e-01 -1.3787878788e+00 0.0000000000e+00 2.3978924131e-09 -6.0910017801e-09
-5.0000000000e-01 -1.3787878788e+00 0.0000000000e+00 2.4151393958e-09 -6.0554123570e-09
-4.6969696970e-01 -1.3787878788e+00 0.0000000000e+00 2.4317161895e-09 -6.0222607687e-09
-4.3939393939e-01 -1.3787878788e+00 0.0000000000e+00 2.4475710159e-09 -5.9914952370e-09
-4.0909090909e-01 -1.3787878788e+00 0.0000000000e+00 2.4626524842e-09 -5.9630643711e-09
-3.7878787879e-01 -1.3787878788e+00 0.0000000000e+00 2.4769099739e-09 -5.9369175504e-09
-3.4848484848e-01 -1.3787878788e+00 0.0000000000e+00 2.4902940369e-09 -5.9130053270e-09
-3.1818181818e-01 -1.3787878788e+00 0.0000000000e+00 2.5027568127e-09 -5.8912798401e-09
-2.8787878788e-01 -1.3787878788e+00 0.0000000000e+00 2.5142524517e-09 -5.8716952404e-09
-2.5757575758e-01 -1.3787878788e+00 0.0000000000e+00 2.5247375404e-09 -5.8542081143e-09
-2.2727272727e-01 -1.3787878788e+00 0.0000000000e+00 2.5341715214e-09 -5.8387779043e-09
-1.9696969697e-01 -1.3787878788e+00 0.0000000000e+00 2.5425171011e-09 -5.8253673169e-09
-1.6666666667e-01 -1.3787878788e+00 0.0000000000e+00 2.5497406376e-09 -5.8139427101e-09
-1.3636363636e-01 -1.3787878788e+00 0.0000000000e+00 2.5558125013e-09 -5.8044744545e-09
-1.0606060606e-01 -1.3787878788e+00 0.0000000000e+00 2.5607074018e-09 -5.7969372595e-09
-7.5757575758e-02 -1.3787878788e+00 0.0000000000e+00 2.5644046726e-09 -5.7913104587e-09
-4.5454545455e-02 -1.3787878788e+00 0.0000000000e+00 2.5668885098e-09 -5.7875782481e-09
-1.5151515152e-02 -1.3787878788e+00 0.0000000000e+00 2.5681481568e-09 -5.7857298713e-09
1.5151515152e-02 -1.3787878788e+00 0.0000000000e+00 2.5681780335e-09 -5.7857597480e-09
4.5454545455e-02 -1.3787878788e+00 0.0000000000e+00 2.5669778053e-09 -5.7876675436e-09
7.5757575758e-02 -1.3787878788e+00 0.0000000000e+00 2.5645523903e-09 -5.7914581764e-09
1.0606060606e-01 -1.3787878788e+00 0.0000000000e+00 2.5609119054e-09 -5.7971417631e-09
1.3636363636e-01 -1.3787878788e+00 0.0000000000e+00 2.5560715517e-09 -5.8047335049e-09
1.6666666667e-01 -1.3787878788e+00 0.0000000000e+00 2.5500514415e-09 -5.8142535141e-09
1.9696969697e-01 -1.3787878788e+00 0.0000000000e+00 2.5428763712e-09 -5.8257265870e-09
2.2727272727e-01 -1.3787878788e+00 0.0000000000e+00 2.5345755449e-09 -5.8391819278e-09
2.5757575758e-01 -1.3787878788e+00 0.0000000000e+00 2.5251822544e-09 -5.8546528283e-09
2.8787878788e-01 -1.3787878788e+00 0.0000000000e+00 2.5147335223e-09 -5.8721763110e-09
3.1818181818e-01 -1.3787878788e+00 0.0000000000e+00 2.5032697157e-09 -5.8917927431e-09
3.4848484848e-01 -1.3787878788e+00 0.0000000000e+00 2.4908341377e-09 -5.9135454277e-09
3.7878787879e-01 -1.3787878788e+00 0.0000000000e+00 2.4774726044e-09 -5.9374801810e-09
4.0909090909e-01 -1.3787878788e+00 0.0000000000e+00 2.4632330154e-09 -5.9636449023e-09
4.3939393939e-01 -1.3787878788e+00 0.0000000000e+00 2.4481649233e-09 -5.9920891444e-09
4.6969696970e-01 -1.3787878788e+00 0.0000000000e+00 2.4323191116e-09 -6.0228636908e-09
5.0000000000e-01 -1.3787878788e+00 0.0000000000e+00 2.4157471844e-09 -6.0560201456e-09
5.3030303030e-01 -1.3787878788e+00 0.0000000000e+00 2.3985011744e-09 -6.0916105414e-09
5.6060606061e-01 -1.3787878788e+00 0.0000000000e+00 2.3806331731e-09 -6.1296869698e-09
5.9090909091e-01 -1.3787878788e+00 0.0000000000e+00 2.3621949880e-09 -6.1703012384e-09
6.2121212121e-01 -1.3787878788e+00 0.0000000000e+00 2.3432378278e-09 -6.2135045555e-09
6.5151515152e-01 -1.3787878788e+00 0.0000000000e+00 2.3238120180e-09 -6.2593472471e-09
6.8181818182e-01 -1.3787878788e+00 0.0000000000e+00 2.3039667493e-09 -6.3078785037e-09
7.1212121212e-01 -1.3787878788e+00 0.0000000000e+00 2.2837498577e-09 -6.3591461611e-09
7.4242424242e-01 -1.3787878788e+00 0.0000000000e+00 2.2632076357e-09 -6.4131965120e-09
7.7272727273e-01 -1.3787878788e+00 0.0000000000e+00 2.2423846762e-09 -6.4700741494e-09
8.0303030303e-01 -1.3787878788e+00 0.0000000000e+00 2.2213237450e-09 -6.5298218388e-09
8.3333333333e-01 -1.3787878788e+00 0.0000000000e+00 2.2000656819e-09 -6.5924804203e-09
8.6363636364e-01 -1.3787878788e+00 0.0000000000e+00 2.1786493285e-09 -6.6580887354e-09
8.9393939394e-01 -1.3787878788e+00 0.0000000000e+00 2.1571114797e-09 -6.7266835789e-09
9.2424242424e-01 -1.3787878788e+00 0.0000000000e+00 2.1354868575e-09 -6.7982996728e-09
9.5454545455e-01 -1.3787878788e+00 0.0000000000e+00 2.1138081042e-09 -6.8729696597e-09
9.8484848485e-01 -1.3787878788e+00 0.0000000000e+00 2.0921057939e-09 -6.9507241132e-09
1.0151515152e+00 -1.3787878788e+00 0.0000000000e+00 2.0704084577e-09 -7.0315915649e-09
1.0454545455e+00 -1.3787878788e+00 0.0000000000e+00 2.0487426236e-09 -7.1155985425e-09
1.0757575758e+00 -1.3787878788e+00 0.0000000000e+00 2.0271328660e-09 -7.2027696204e-09
1.1060606061e+00 -1.3787878788e+00 0.0000000000e+00 2.0056018650e-09 -7.2931274788e-09
1.1363636364e+00 -1.3787878788e+00 0.0000000000e+00 1.9841704730e-09 -7.3866929701e-09
1.1666666667e+00 -1.3787878788e+00 0.0000000000e+00 1.9628577866e-09 -7.4834851909e-09
1.1969696970e+00 -1.3787878788e+00 0.0000000000e+00 1.9416812228e-09 -7.5835215581e-09
1.2272727273e+00 -1.3787878788e+00 0.0000000000e+00 1.9206565987e-09 -7.6868178889e-09
1.2575757576e+00 -1.3787878788e+00 0.0000000000e+00 1.8997982121e-09 -7.7933884811e-09
1.2878787879e+00 -1.3787878788e+00 0.0000000000e+00 1.8791189235e-09 -7.9032461953e-09
1.3181818182e+00 -1.3787878788e+00 0.0000000000e+00 1.8586302382e-09 -8.0164025364e-09
1.3484848485e+00 -1.3787878788e+00 0.0000000000e+00 1.8383423864e-09 -8.1328677351e-09
1.3787878788e+00 -1.3787878788e+00 0.0000000000e+00 1.8182644040e-09 -8.2526508270e-09
1.4090909091e+00 -1.3787878788e+00 0.0000000000e+00 1.7984042092e-09 -8.3757597303e-09
1.4393939394e+00 -1.3787878788e+00 0.0000000000e+00 1.7787686785e-09 -8.5022013216e-09
1.4696969697e+00 -1.3787878788e+00 0.0000000000e+00 1.7593637193e-09 -8.6319815083e-09
1.5000000000e+00 -1.3787878788e+00 0.0000000000e+00 1.7401943399e-09 -8.7651052987e-09
-1.5000000000e+00 -1.3484848485e+00 0.0000000000e+00 1.7577238373e-09 -8.6427737218e-09
-1.4696969697e+00 -1.3484848485e+00 0.0000000000e+00 1.7774783584e-09 -8.5102350731e-09
-1.4393939394e+00 -1.3484848485e+00 0.0000000000e+00 1.7974887441e-09 -8.3810603129e-09
-1.4090909091e+00 -1.3484848485e+00 0.0000000000e+00 1.8177504599e-09 -8.2552449067e-09
-1.3787878788e+00 -1.3484848485e+00 0.0000000000e+00 1.8382580474e-09 -8.1327833961e-09
-1.3484848485e+00 -1.3484848485e+00 0.0000000000e+00 1.8590050485e-09 -8.0136693228e-09
-1.3181818182e+00 -1.3484848485e+00 0.0000000000e+00 1.8799839264e-09 -7.8978951504e-09
-1.2878787879e+00 -1.3484848485e+00 0.0000000000e+00 1.9011859838e-09 -7.7854521812e-09
-1.2575757576e+00 -1.3484848485e+00 0.0000000000e+00 1.9226012772e-09 -7.6763304720e-09
-1.2272727273e+00 -1.3484848485e+00 0.0000000000e+00 1.9442185295e-09 -7.5705187455e-09
-1.1969696970e+00 -1.3484848485e+00 0.0000000000e+00 1.9660250403e-09 -7.4680043014e-09
-1.1666666667e+00 -1.3484848485e+00 0.0000000000e+00 1.9880065945e-09 -7.3687729246e-09
-1.1363636364e+00 -1.3484848485e+00 0.0000000000e+00 2.0101473705e-09 -7.2728087933e-09
-1.1060606061e+00 -1.3484848485e+00 0.0000000000e+00 2.0324298483e-09 -7.1800943878e-09
-1.0757575758e+00 -1.3484848485e+00 0.0000000000e+00 2.0548347192e-09 -7.0906103993e-09
-1.0454545455e+00 -1.3484848485e+00 0.0000000000e+00 2.0773407974e-09 -7.0043356420e-09
-1.0151515152e+00 -1.3484848485e+00 0.0000000000e+00 2.0999249356e-09 -6.9212469685e-09
-9.8484848485e-01 -1.3484848485e+00 0.0000000000e+00 2.1225619460e-09 -6.8413191911e-09
-9.5454545455e-01 -1.3484848485e+00 0.0000000000e+00 2.1452245281e-09 -6.7645250092e-09
-9.2424242424e-01 -1.3484848485e+00 0.0000000000e+00 2.1678832053e-09 -6.6908349464e-09
-8.9393939394e-01 -1.3484848485e+00 0.0000000000e+00 2.1905062732e-09 -6.6202172981e-09
-8.6363636364e-01 -1.3484848485e+00 0.0000000000e+00 2.2130597606e-09 -6.5526380932e-09
-8.3333333333e-01 -1.3484848485e+00 0.0000000000e+00 2.2355074061e-09 -6.4880610702e-09
-8.0303030303e-01 -1.3484848485e+00 0.0000000000e+00 2.2578106533e-09 -6.4264476729e-09
-7.7272727273e-01 -1.3484848485e+00 0.0000000000e+00 2.2799286668e-09 -6.3677570657e-09
-7.4242424242e-01 -1.3484848485e+00 0.0000000000e+00 2.3018183709e-09 -6.3119461730e-09
-7.1212121212e-01 -1.3484848485e+00 0.0000000000e+00 2.3234345152e-09 -6.2589697443e-09
-6.8181818182e-01 -1.3484848485e+00 0.0000000000e+00 2.3447297680e-09 -6.2087804481e-09
-6.5151515152e-01 -1.3484848485e+00 0.0000000000e+00 2.3656548409e-09 -6.1613289957e-09
-6.2121212121e-01 -1.3484848485e+00 0.0000000000e+00 2.3861586458e-09 -6.1165642993e-09
-5.9090909091e-01 -1.3484848485e+00 0.0000000000e+00 2.4061884870e-09 -6.0744336630e-09
-5.6060606061e-01 -1.3484848485e+00 0.0000000000e+00 2.4256902887e-09 -6.0348830112e-09
-5.3030303030e-01 -1.3484848485e+00 0.0000000000e+00 2.4446088587e-09 -5.9978571514e-09
-5.0000000000e-01 -1.3484848485e+00 0.0000000000e+00 2.4628881888e-09 -5.9633000757e-09
-4.6969696970e-01 -1.3484848485e+00 0.0000000000e+00 2.4804717908e-09 -5.9311552957e-09
-4.3939393939e-01 -1.3484848485e+00 0.0000000000e+00 2.4973030658e-09 -5.9013662127e-09
-4.0909090909e-01 -1.3484848485e+00 0.0000000000e+00 2.5133257060e-09 -5.8738765186e-09
-3.7878787879e-01 -1.3484848485e+00 0.0000000000e+00 2.5284841228e-09 -5.8486306251e-09
-3.4848484848e-01 -1.3484848485e+00 0.0000000000e+00 2.5427238994e-09 -5.8255741152e-09
-3.1818181818e-01 -1.3484848485e+00 0.0000000000e+00 2.5559922602e-09 -5.8046542134e-09
-2.8787878788e-01 -1.3484848485e+00 0.0000000000e+00 2.5682385520e-09 -5.7858202664e-09
-2.5757575758e-01 -1.3484848485e+00 0.0000000000e+00 2.5794147286e-09 -5.7690242282e-09
-2.2727272727e-01 -1.3484848485e+00 0.0000000000e+00 2.5894758324e-09 -5.7542211410e-09
-1.9696969697e-01 -1.3484848485e+00 0.0000000000e+00 2.5983804620e-09 -5.7413696035e-09
-1.6666666667e-01 -1.3484848485e+00 0.0000000000e+00 2.6060912198e-09 -5.7304322181e-09
-1.3636363636e-01 -1.3484848485e+00 0.0000000000e+00 2.6125751290e-09 -5.7213760079e-09
-1.0606060606e-01 -1.3484848485e+00 0.0000000000e+00 2.6178040116e-09 -5.7141727950e-09
-7.5757575758e-02 -1.3484848485e+00 0.0000000000e+00 2.6217548194e-09 -5.7087995312e-09
-4.5454545455e-02 -1.3484848485e+00 0.0000000000e+00 2.6244099116e-09 -5.7052385756e-09
-1.5151515152e-02 -1.3484848485e+00 0.0000000000e+00 2.6257572698e-09 -5.7034779100e-09
1.5151515152e-02 -1.3484848485e+00 0.0000000000e+00 2.6257906495e-09 -5.7035112897e-09
4.5454545455e-02 -1.3484848485e+00 0.0000000000e+00 2.6245096598e-09 -5.7053383238e-09
7.5757575758e-02 -1.3484848485e+00 0.0000000000e+00 2.6219197733e-09 -5.7089644851e-09
1.0606060606e-01 -1.3484848485e+00 0.0000000000e+00 2.6180322632e-09 -5.7144010466e-09
1.3636363636e-01 -1.3484848485e+00 0.0000000000e+00 2.6128640699e-09 -5.7216649488e-09
1.6666666667e-01 -1.3484848485e+00 0.0000000000e+00 2.6064376004e-09 -5.7307785987e-09
1.9696969697e-01 -1.3484848485e+00 0.0000000000e+00 2.5987804645e-09 -5.7417696060e-09
2.2727272727e-01 -1.3484848485e+00 0.0000000000e+00 2.5899251536e-09 -5.7546704623e-09
2.5757575758e-01 -1.3484848485e+00 0.0000000000e+00 2.5799086708e-09 -5.7695181704e-09
2.8787878788e-01 -1.3484848485e+00 0.0000000000e+00 2.5687721176e-09 -5.7863538320e-09
3.1818181818e-01 -1.3484848485e+00 0.0000000000e+00 2.5565602483e-09 -5.8052222014e-09
3.4848484848e-01 -1.3484848485e+00 0.0000000000e+00 2.5433210003e-09 -5.8261712161e-09
3.7878787879e-01 -1.3484848485e+00 0.0000000000e+00 2.5291050092e-09 -5.8492515114e-09
4.0909090909e-01 -1.3484848485e+00 0.0000000000e+00 2.5139651169e-09 -5.8745159295e-09
4.3939393939e-01 -1.3484848485e+00 0.0000000000e+00 2.4979558831e-09 -5.9020190299e-09
4.6969696970e-01 -1.3484848485e+00 0.0000000000e+00 2.4811331058e-09 -5.9318166107e-09
5.0000000000e-01 -1.3484848485e+00 0.0000000000e+00 2.4635533590e-09 -5.9639652459e-09
5.3030303030e-01 -1.3484848485e+00 0.0000000000e+00 2.4452735530e-09 -5.9985218458e-09
5.6060606061e-01 -1.3484848485e+00 0.0000000000e+00 2.4263505226e-09 -6.0355432451e-09
5.9090909091e-01 -1.3484848485e+00 0.0000000000e+00 2.4068406467e-09 -6.0750858227e-09
6.2121212121e-01 -1.3484848485e+00 0.0000000000e+00 2.3867995029e-09 -6.1172051564e-09
6.5151515152e-01 -1.3484848485e+00 0.0000000000e+00 2.3662815583e-09 -6.1619557131e-09
6.8181818182e-01 -1.3484848485e+00 0.0000000000e+00 2.3453398970e-09 -6.2093905771e-09
7.1212121212e-01 -1.3484848485e+00 0.0000000000e+00 2.3240259868e-09 -6.2595612159e-09
7.4242424242e-01 -1.3484848485e+00 0.0000000000e+00 2.3023894807e-09 -6.3125172828e-09
7.7272727273e-01 -1.3484848485e+00 0.0000000000e+00 2.2804780557e-09 -6.3683064546e-09
8.0303030303e-01 -1.3484848485e+00 0.0000000000e+00 2.2583372848e-09 -6.4269743044e-09
8.3333333333e-01 -1.3484848485e+00 0.0000000000e+00 2.2360105407e-09 -6.4885642048e-09
8.6363636364e-01 -1.3484848485e+00 0.0000000000e+00 2.2135389294e-09 -6.5531172619e-09
8.9393939394e-01 -1.3484848485e+00 0.0000000000e+00 2.1909612501e-09 -6.6206722750e-09
9.2424242424e-01 -1.3484848485e+00 0.0000000000e+00 2.1683139797e-09 -6.6912657208e-09
9.5454545455e-01 -1.3484848485e+00 0.0000000000e+00 2.1456312779e-09 -6.7649317591e-09
9.8484848485e-01 -1.3484848485e+00 0.0000000000e+00 2.1229450117e-09 -6.8417022568e-09
1.0151515152e+00 -1.3484848485e+00 0.0000000000e+00 2.1002847953e-09 -6.9216068282e-09
1.0454545455e+00 -1.3484848485e+00 0.0000000000e+00 2.0776780442e-09 -7.0046728888e-09
1.0757575758e+00 -1.3484848485e+00 0.0000000000e+00 2.0551500399e-09 -7.0909257200e-09
1.1060606061e+00 -1.3484848485e+00 0.0000000000e+00 2.0327240039e-09 -7.1803885434e-09
1.1363636364e+00 -1.3484848485e+00 0.0000000000e+00 2.0104211787e-09 -7.2730826015e-09
1.1666666667e+00 -1.3484848485e+00 0.0000000000e+00 1.9882609142e-09 -7.3690272442e-09
1.1969696970e+00 -1.3484848485e+00 0.0000000000e+00 1.9662607578e-09 -7.4682400189e-09
1.2272727273e+00 -1.3484848485e+00 0.0000000000e+00 1.9444365465e-09 -7.5707367625e-09
1.2575757576e+00 -1.3484848485e+00 0.0000000000e+00 1.9228025006e-09 -7.6765316954e-09
1.2878787879e+00 -1.3484848485e+00 0.0000000000e+00 1.9013713166e-09 -7.7856375141e-09
1.3181818182e+00 -1.3484848485e+00 0.0000000000e+00 1.8801542607e-09 -7.8980654847e-09
1.3484848485e+00 -1.3484848485e+00 0.0000000000e+00 1.8591612589e-09 -8.0138255333e-09
1.3787878788e+00 -1.3484848485e+00 0.0000000000e+00 1.8384009864e-09 -8.1329263351e-09
1.4090909091e+00 -1.3484848485e+00 0.0000000000e+00 1.8178809539e-09 -8.2553754007e-09
1.4393939394e+00 -1.3484848485e+00 0.0000000000e+00 1.7976075900e-09 -8.3811791588e-09
1.4696969697e+00 -1.3484848485e+00 0.0000000000e+00 1.7775863218e-09 -8.5103430366e-09
1.5000000000e+00 -1.3484848485e+00 0.0000000000e+00 1.7578216508e-09 -8.6428715354e-09
-1.5000000000e+00 -1.3181818182e+00 0.0000000000e+00 1.7754911118e-09 -8.5237879459e-09
-1.4696969697e+00 -1.3181818182e+00 0.0000000000e+00 1.7958578066e-09 -8.3918614709e-09
-1.4393939394e+00 -1.3181818182e+00 0.0000000000e+00 1.8165026608e-09 -8.2633211792e-09
-1.4090909091e+00 -1.3181818182e+00 0.0000000000e+00 1.8374217248e-09 -8.1381631212e-09
-1.3787878788e+00 -1.3181818182e+00 0.0000000000e+00 1.8586101013e-09 -8.0163823995e-09
-1.3484848485e+00 -1.3181818182e+00 0.0000000000e+00 1.8800618629e-09 -7.8979730869e-09
-1.3181818182e+00 -1.3181818182e+00 0.0000000000e+00 1.9017699663e-09 -7.7829281398e-09
-1.2878787879e+00 -1.3181818182e+00 0.0000000000e+00 1.9237261612e-09 -7.6712393083e-09
-1.2575757576e+00 -1.3181818182e+00 0.0000000000e+00 1.9459208970e-09 -7.5628970413e-09
-1.2272727273e+00 -1.3181818182e+00 0.0000000000e+00 1.9683432244e-09 -7.4578903900e-09
-1.1969696970e+00 -1.3181818182e+00 0.0000000000e+00 1.9909806956e-09 -7.3562069062e-09
-1.1666666667e+00 -1.3181818182e+00 0.0000000000e+00 2.0138192610e-09 -7.2578325406e-09
-1.1363636364e+00 -1.3181818182e+00 0.0000000000e+00 2.0368431650e-09 -7.1627515375e-09
-1.1060606061e+00 -1.3181818182e+00 0.0000000000e+00 2.0600348406e-09 -7.0709463298e-09
-1.0757575758e+00 -1.3181818182e+00 0.0000000000e+00 2.0833748046e-09 -6.9823974343e-09
-1.0454545455e+00 -1.3181818182e+00 0.0000000000e+00 2.1068415543e-09 -6.8970833484e-09
-1.0151515152e+00 -1.3181818182e+00 0.0000000000e+00 2.1304114673e-09 -6.8149804498e-09
-9.8484848485e-01 -1.3181818182e+00 0.0000000000e+00 2.1540587061e-09 -6.7360629008e-09
-9.5454545455e-01 -1.3181818182e+00 0.0000000000e+00 2.1777551293e-09 -6.6603025600e-09
-9.2424242424e-01 -1.3181818182e+00 0.0000000000e+00 2.2014702113e-09 -6.5876689019e-09
-8.9393939394e-01 -1.3181818182e+00 0.0000000000e+00 2.2251709736e-09 -6.5181289481e-09
-8.6363636364e-01 -1.3181818182e+00 0.0000000000e+00 2.2488219295e-09 -6.4516472117e-09
-8.3333333333e-01 -1.3181818182e+00 0.0000000000e+00 2.2723850449e-09 -6.3881856587e-09
-8.0303030303e-01 -1.3181818182e+00 0.0000000000e+00 2.2958197191e-09 -6.3277036883e-09
-7.7272727273e-01 -1.3181818182e+00 0.0000000000e+00 2.3190827873e-09 -6.2701581358e-09
-7.4242424242e-01 -1.3181818182e+00 0.0000000000e+00 2.3421285489e-09 -6.2155033005e-09
-7.1212121212e-01 -1.3181818182e+00 0.0000000000e+00 2.3649088242e-09 -6.1636910029e-09
-6.8181818182e-01 -1.3181818182e+00 0.0000000000e+00 2.3873730434e-09 -6.1146706730e-09
-6.5151515152e-01 -1.3181818182e+00 0.0000000000e+00 2.4094683687e-09 -6.0683894731e-09
-6.2121212121e-01 -1.3181818182e+00 0.0000000000e+00 2.4311398553e-09 -6.0247924584e-09
-5.9090909091e-01 -1.3181818182e+00 0.0000000000e+00 2.4523306505e-09 -5.9838227761e-09
-5.6060606061e-01 -1.3181818182e+00 0.0000000000e+00 2.4729822346e-09 -5.9454219066e-09
-5.3030303030e-01 -1.3181818182e+00 0.0000000000e+00 2.4930347039e-09 -5.9095299462e-09
-5.0000000000e-01 -1.3181818182e+00 0.0000000000e+00 2.5124270963e-09 -5.8760859328e-09
-4.6969696970e-01 -1.3181818182e+00 0.0000000000e+00 2.5310977591e-09 -5.8450282136e-09
-4.3939393939e-01 -1.3181818182e+00 0.0000000000e+00 2.5489847571e-09 -5.8162948535e-09
-4.0909090909e-01 -1.3181818182e+00 0.0000000000e+00 2.5660263185e-09 -5.7898240807e-09
-3.7878787879e-01 -1.3181818182e+00 0.0000000000e+00 2.5821613156e-09 -5.7655547675e-09
-3.4848484848e-01 -1.3181818182e+00 0.0000000000e+00 2.5973297733e-09 -5.7434269387e-09
-3.1818181818e-01 -1.3181818182e+00 0.0000000000e+00 2.6114734011e-09 -5.7233823039e-09
-2.8787878788e-01 -1.3181818182e+00 0.0000000000e+00 2.6245361408e-09 -5.7053648048e-09
-2.5757575758e-01 -1.3181818182e+00 0.0000000000e+00 2.6364647201e-09 -5.6893211693e-09
-2.2727272727e-01 -1.3181818182e+00 0.0000000000e+00 2.6472092053e-09 -5.6752014635e-09
-1.9696969697e-01 -1.3181818182e+00 0.0000000000e+00 2.6567235397e-09 -5.6629596308e-09
-1.6666666667e-01 -1.3181818182e+00 0.0000000000e+00 2.6649660613e-09 -5.6525540092e-09
-1.3636363636e-01 -1.3181818182e+00 0.0000000000e+00 2.6718999854e-09 -5.6439478139e-09
-1.0606060606e-01 -1.3181818182e+00 0.0000000000e+00 2.6774938439e-09 -5.6371095769e-09
-7.5757575758e-02 -1.3181818182e+00 0.0000000000e+00 2.6817218716e-09 -5.6320135330e-09
-4.5454545455e-02 -1.3181818182e+00 0.0000000000e+00 2.6845643288e-09 -5.6286399424e-09
-1.5151515152e-02 -1.3181818182e+00 0.0000000000e+00 2.6860077541e-09 -5.6269753439e-09
1.5151515152e-02 -1.3181818182e+00 0.0000000000e+00 2.6860451406e-09 -5.6270127303e-09
4.5454545455e-02 -1.3181818182e+00 0.0000000000e+00 2.6846760305e-09 -5.6287516442e-09
7.5757575758e-02 -1.3181818182e+00 0.0000000000e+00 2.6819065270e-09 -5.6321981883e-09
1.0606060606e-01 -1.3181818182e+00 0.0000000000e+00 2.6777492205e-09 -5.6373649535e-09
1.3636363636e-01 -1.3181818182e+00 0.0000000000e+00 2.6722230345e-09 -5.6442708629e-09
1.6666666667e-01 -1.3181818182e+00 0.0000000000e+00 2.6653529903e-09 -5.6529409382e-09
1.9696969697e-01 -1.3181818182e+00 0.0000000000e+00 2.6571699008e-09 -5.6634059919e-09
2.2727272727e-01 -1.3181818182e+00 0.0000000000e+00 2.6477099962e-09 -5.6757022544e-09
2.5757575758e-01 -1.3181818182e+00 0.0000000000e+00 2.6370144936e-09 -5.6898709428e-09
2.8787878788e-01 -1.3181818182e+00 0.0000000000e+00 2.6251291188e-09 -5.7059577829e-09
3.1818181818e-01 -1.3181818182e+00 0.0000000000e+00 2.6121035903e-09 -5.7240124931e-09
3.4848484848e-01 -1.3181818182e+00 0.0000000000e+00 2.5979910776e-09 -5.7440882430e-09
3.7878787879e-01 -1.3181818182e+00 0.0000000000e+00 2.5828476435e-09 -5.7662410954e-09
4.0909090909e-01 -1.3181818182e+00 0.0000000000e+00 2.5667316815e-09 -5.7905294437e-09
4.3939393939e-01 -1.3181818182e+00 0.0000000000e+00 2.5497033582e-09 -5.8170134546e-09
4.6969696970e-01 -1.3181818182e+00 0.0000000000e+00 2.5318240692e-09 -5.8457545237e-09
5.0000000000e-01 -1.3181818182e+00 0.0000000000e+00 2.5131559173e-09 -5.8768147538e-09
5.3030303030e-01 -1.3181818182e+00 0.0000000000e+00 2.4937612190e-09 -5.9102564613e-09
5.6060606061e-01 -1.3181818182e+00 0.0000000000e+00 2.4737020453e-09 -5.9461417174e-09
5.9090909091e-01 -1.3181818182e+00 0.0000000000e+00 2.4530398011e-09 -5.9845319267e-09
6.2121212121e-01 -1.3181818182e+00 0.0000000000e+00 2.4318348457e-09 -6.0254874488e-09
6.5151515152e-01 -1.3181818182e+00 0.0000000000e+00 2.4101461566e-09 -6.0690672610e-09
6.8181818182e-01 -1.3181818182e+00 0.0000000000e+00 2.3880310379e-09 -6.1153286675e-09
7.1212121212e-01 -1.3181818182e+00 0.0000000000e+00 2.3655448710e-09 -6.1643270497e-09
7.4242424242e-01 -1.3181818182e+00 0.0000000000e+00 2.3427409097e-09 -6.2161156614e-09
7.7272727273e-01 -1.3181818182e+00 0.0000000000e+00 2.3196701144e-09 -6.2707454629e-09
8.0303030303e-01 -1.3181818182e+00 0.0000000000e+00 2.2963810260e-09 -6.3282649951e-09
8.3333333333e-01 -1.3181818182e+00 0.0000000000e+00 2.2729196749e-09 -6.3887202886e-09
8.6363636364e-01 -1.3181818182e+00 0.0000000000e+00 2.2493295231e-09 -6.4521548053e-09
8.9393939394e-01 -1.3181818182e+00 0.0000000000e+00 2.2256514355e-09 -6.5186094100e-09
9.2424242424e-01 -1.3181818182e+00 0.0000000000e+00 2.2019236776e-09 -6.5881223683e-09
9.5454545455e-01 -1.3181818182e+00 0.0000000000e+00 2.1781819361e-09 -6.6607293669e-09
9.8484848485e-01 -1.3181818182e+00 0.0000000000e+00 2.1544593596e-09 -6.7364635542e-09
1.0151515152e+00 -1.3181818182e+00 0.0000000000e+00 2.1307866151e-09 -6.8153555976e-09
1.0454545455e+00 -1.3181818182e+00 0.0000000000e+00 2.1071919599e-09 -6.8974337541e-09
1.0757575758e+00 -1.3181818182e+00 0.0000000000e+00 2.0837013235e-09 -6.9827239532e-09
1.1060606061e+00 -1.3181818182e+00 0.0000000000e+00 2.0603383987e-09 -7.0712498879e-09
1.1363636364e+00 -1.3181818182e+00 0.0000000000e+00 2.0371247396e-09 -7.1630331121e-09
1.1666666667e+00 -1.3181818182e+00 0.0000000000e+00 2.0140798640e-09 -7.2580931436e-09
1.1969696970e+00 -1.3181818182e+00 0.0000000000e+00 1.9912213587e-09 -7.3564475694e-09
1.2272727273e+00 -1.3181818182e+00 0.0000000000e+00 1.9685649866e-09 -7.4581121522e-09
1.2575757576e+00 -1.3181818182e+00 0.0000000000e+00 1.9461247937e-09 -7.5631009381e-09
1.2878787879e+00 -1.3181818182e+00 0.0000000000e+00 1.9239132153e-09 -7.6714263624e-09
1.3181818182e+00 -1.3181818182e+00 0.0000000000e+00 1.9019411807e-09 -7.7830993543e-09
1.3484848485e+00 -1.3181818182e+00 0.0000000000e+00 1.8802182147e-09 -7.8981294387e-09
1.3787878788e+00 -1.3181818182e+00 0.0000000000e+00 1.8587525367e-09 -8.0165248350e-09
1.4090909091e+00 -1.3181818182e+00 0.0000000000e+00 1.8375511559e-09 -8.1382925523e-09
1.4393939394e+00 -1.3181818182e+00 0.0000000000e+00 1.8166199625e-09 -8.2634384809e-09
1.4696969697e+00 -1.3181818182e+00 0.0000000000e+00 1.7959638149e-09 -8.3919674793e-09
1.5000000000e+00 -1.3181818182e+00 0.0000000000e+00 1.7755866230e-09 -8.5238834571e-09
-1.5000000000e+00 -1.2878787879e+00 0.0000000000e+00 1.7933871596e-09 -8.4080389671e-09
-1.4696969697e+00 -1.2878787879e+00 0.0000000000e+00 1.8143833807e-09 -8.2767420185e-09
-1.4393939394e+00 -1.2878787879e+00 0.0000000000e+00 1.8356814546e-09 -8.1488549465e-09
-1.4090909091e+00 -1.2878787879e+00 0.0000000000e+00 1.8572781089e-09 -8.0243744788e-09
-1.3787878788e+00 -1.2878787879e+00 0.0000000000e+00 1.8791691036e-09 -7.9032963753e-09
-1.3484848485e+00 -1.2878787879e+00 0.0000000000e+00 1.9013491422e-09 -7.7856153396e-09
-1.3181818182e+00 -1.2878787879e+00 0.0000000000e+00 1.9238117772e-09 -7.6713249242e-09
-1.2878787879e+00 -1.2878787879e+00 0.0000000000e+00 1.9465493117e-09 -7.5604174322e-09
-1.2575757576e+00 -1.2878787879e+00 0.0000000000e+00 1.9695526954e-09 -7.4528838132e-09
-1.2272727273e+00 -1.2878787879e+00 0.0000000000e+00 1.9928114166e-09 -7.3487135556e-09
-1.1969696970e+00 -1.2878787879e+00 0.0000000000e+00 2.0163133902e-09 -7.2478945743e-09
-1.1666666667e+00 -1.2878787879e+00 0.0000000000e+00 2.0400448419e-09 -7.1504130950e-09
-1.1363636364e+00 -1.2878787879e+00 0.0000000000e+00 2.0639901903e-09 -7.0562535363e-09
-1.1060606061e+00 -1.2878787879e+00 0.0000000000e+00 2.0881319266e-09 -6.9653983892e-09
-1.0757575758e+00 -1.2878787879e+00 0.0000000000e+00 2.1124504939e-09 -6.8778280970e-09
-1.0454545455e+00 -1.2878787879e+00 0.0000000000e+00 2.1369241668e-09 -6.7935209344e-09
-1.0151515152e+00 -1.2878787879e+00 0.0000000000e+00 2.1615289339e-09 -6.7124528899e-09
-9.8484848485e-01 -1.2878787879e+00 0.0000000000e+00 2.1862383833e-09 -6.6345975514e-09
-9.5454545455e-01 -1.2878787879e+00 0.0000000000e+00 2.2110235944e-09 -6.5599259986e-09
-9.2424242424e-01 -1.2878787879e+00 0.0000000000e+00 2.2358530386e-09 -6.4884067027e-09
-8.9393939394e-01 -1.2878787879e+00 0.0000000000e+00 2.2606924901e-09 -6.4200054380e-09
-8.6363636364e-01 -1.2878787879e+00 0.0000000000e+00 2.2855049514e-09 -6.3546852070e-09
-8.3333333333e-01 -1.2878787879e+00 0.0000000000e+00 2.3102505949e-09 -6.2924061821e-09
-8.0303030303e-01 -1.2878787879e+00 0.0000000000e+00 2.3348867257e-09 -6.2331256683e-09
-7.7272727273e-01 -1.2878787879e+00 0.0000000000e+00 2.3593677675e-09 -6.1767980895e-09
-7.4242424242e-01 -1.2878787879e+00 0.0000000000e+00 2.3836452769e-09 -6.1233750020e-09
-7.1212121212e-01 -1.2878787879e+00 0.0000000000e+00 2.4076679880e-09 -6.0728051401e-09
-6.8181818182e-01 -1.2878787879e+00 0.0000000000e+00 2.4313818930e-09 -6.0250344961e-09
-6.5151515152e-01 -1.2878787879e+00 0.0000000000e+00 2.4547303612e-09 -5.9800064391e-09
-6.2121212121e-01 -1.2878787879e+00 0.0000000000e+00 2.4776542992e-09 -5.9376618758e-09
-5.9090909091e-01 -1.2878787879e+00 0.0000000000e+00 2.5000923574e-09 -5.8979394565e-09
-5.6060606061e-01 -1.2878787879e+00 0.0000000000e+00 2.5219811825e-09 -5.8607758280e-09
-5.3030303030e-01 -1.2878787879e+00 0.0000000000e+00 2.5432557200e-09 -5.8261059358e-09
-5.0000000000e-01 -1.2878787879e+00 0.0000000000e+00 2.5638495665e-09 -5.7938633765e-09
-4.6969696970e-01 -1.2878787879e+00 0.0000000000e+00 2.5836953709e-09 -5.7639807989e-09
-4.3939393939e-01 -1.2878787879e+00 0.0000000000e+00 2.6027252852e-09 -5.7363903551e-09
-4.0909090909e-01 -1.2878787879e+00 0.0000000000e+00 2.6208714602e-09 -5.7110241959e-09
-3.7878787879e-01 -1.2878787879e+00 0.0000000000e+00 2.6380665833e-09 -5.6878150087e-09
-3.4848484848e-01 -1.2878787879e+00 0.0000000000e+00 2.6542444523e-09 -5.6666965911e-09
-3.1818181818e-01 -1.2878787879e+00 0.0000000000e+00 2.6693405781e-09 -5.6476044544e-09
-2.8787878788e-01 -1.2878787879e+00 0.0000000000e+00 2.6832928090e-09 -5.6304764465e-09
-2.5757575758e-01 -1.2878787879e+00 0.0000000000e+00 2.6960419646e-09 -5.6152533872e-09
-2.2727272727e-01 -1.2878787879e+00 0.0000000000e+00 2.7075324710e-09 -5.6018797027e-09
-1.9696969697e-01 -1.2878787879e+00 0.0000000000e+00 2.7177129834e-09 -5.5903040480e-09
-1.6666666667e-01 -1.2878787879e+00 0.0000000000e+00 2.7265369847e-09 -5.5804799060e-09
-1.3636363636e-01 -1.2878787879e+00 0.0000000000e+00 2.7339633468e-09 -5.5723661488e-09
-1.0606060606e-01 -1.2878787879e+00 0.0000000000e+00 2.7399568433e-09 -5.5659275498e-09
-7.5757575758e-02 -1.2878787879e+00 0.0000000000e+00 2.7444885995e-09 -5.5611352344e-09
-4.5454545455e-02 -1.2878787879e+00 0.0000000000e+00 2.7475364712e-09 -5.5579670583e-09
-1.5151515152e-02 -1.2878787879e+00 0.0000000000e+00 2.7490853408e-09 -5.5564079040e-09
1.5151515152e-02 -1.2878787879e+00 0.0000000000e+00 2.7491273246e-09 -5.5564498878e-09
4.5454545455e-02 -1.2878787879e+00 0.0000000000e+00 2.7476618844e-09 -5.5580924715e-09
7.5757575758e-02 -1.2878787879e+00 0.0000000000e+00 2.7446958421e-09 -5.5613424769e-09
1.0606060606e-01 -1.2878787879e+00 0.0000000000e+00 2.7402432939e-09 -5.5662140004e-09
1.3636363636e-01 -1.2878787879e+00 0.0000000000e+00 2.7343254297e-09 -5.5727282317e-09
1.6666666667e-01 -1.2878787879e+00 0.0000000000e+00 2.7269702585e-09 -5.5809131799e-09
1.9696969697e-01 -1.2878787879e+00 0.0000000000e+00 2.7182122497e-09 -5.5908033143e-09
2.2727272727e-01 -1.2878787879e+00 0.0000000000e+00 2.7080918967e-09 -5.6024391284e-09
2.5757575758e-01 -1.2878787879e+00 0.0000000000e+00 2.6966552150e-09 -5.6158666376e-09
2.8787878788e-01 -1.2878787879e+00 0.0000000000e+00 2.6839531857e-09 -5.6311368232e-09
3.1818181818e-01 -1.2878787879e+00 0.0000000000e+00 2.6700411575e-09 -5.6483050337e-09
3.4848484848e-01 -1.2878787879e+00 0.0000000000e+00 2.6549782198e-09 -5.6674303586e-09
3.7878787879e-01 -1.2878787879e+00 0.0000000000e+00 2.6388265602e-09 -5.6885749856e-09
4.0909090909e-01 -1.2878787879e+00 0.0000000000e+00 2.6216508193e-09 -5.7118035549e-09
4.3939393939e-01 -1.2878787879e+00 0.0000000000e+00 2.6035174528e-09 -5.7371825227e-09
4.6969696970e-01 -1.2878787879e+00 0.0000000000e+00 2.5844941140e-09 -5.7647795420e-09
5.0000000000e-01 -1.2878787879e+00 0.0000000000e+00 2.5646490638e-09 -5.7946628738e-09
5.3030303030e-01 -1.2878787879e+00 0.0000000000e+00 2.5440506163e-09 -5.8269008321e-09
5.6060606061e-01 -1.2878787879e+00 0.0000000000e+00 2.5227666273e-09 -5.8615612728e-09
5.9090909091e-01 -1.2878787879e+00 0.0000000000e+00 2.5008640289e-09 -5.8987111280e-09
6.2121212121e-01 -1.2878787879e+00 0.0000000000e+00 2.4784084140e-09 -5.9384159905e-09
6.5151515152e-01 -1.2878787879e+00 0.0000000000e+00 2.4554636716e-09 -5.9807397495e-09
6.8181818182e-01 -1.2878787879e+00 0.0000000000e+00 2.4320916750e-09 -6.0257442781e-09
7.1212121212e-01 -1.2878787879e+00 0.0000000000e+00 2.4083520191e-09 -6.0734891713e-09
7.4242424242e-01 -1.2878787879e+00 0.0000000000e+00 2.3843018088e-09 -6.1240315339e-09
7.7272727273e-01 -1.2878787879e+00 0.0000000000e+00 2.3599954921e-09 -6.1774258140e-09
8.0303030303e-01 -1.2878787879e+00 0.0000000000e+00 2.3354847385e-09 -6.2337236811e-09
8.3333333333e-01 -1.2878787879e+00 0.0000000000e+00 2.3108183564e-09 -6.2929739436e-09
8.6363636364e-01 -1.2878787879e+00 0.0000000000e+00 2.2860422471e-09 -6.3552225028e-09
8.9393939394e-01 -1.2878787879e+00 0.0000000000e+00 2.2611993912e-09 -6.4205123391e-09
9.2424242424e-01 -1.2878787879e+00 0.0000000000e+00 2.2363298631e-09 -6.4888835272e-09
9.5454545455e-01 -1.2878787879e+00 0.0000000000e+00 2.2114708708e-09 -6.5603732751e-09
9.8484848485e-01 -1.2878787879e+00 0.0000000000e+00 2.1866568158e-09 -6.6350159839e-09
1.0151515152e+00 -1.2878787879e+00 0.0000000000e+00 2.1619193704e-09 -6.7128433263e-09
1.0454545455e+00 -1.2878787879e+00 0.0000000000e+00 2.1372875694e-09 -6.7938843370e-09
1.0757575758e+00 -1.2878787879e+00 0.0000000000e+00 2.1127879128e-09 -6.8781655159e-09
1.1060606061e+00 -1.2878787879e+00 0.0000000000e+00 2.0884444765e-09 -6.9657109391e-09
1.1363636364e+00 -1.2878787879e+00 0.0000000000e+00 2.0642790294e-09 -7.0565423753e-09
1.1666666667e+00 -1.2878787879e+00 0.0000000000e+00 2.0403111540e-09 -7.1506794071e-09
1.1969696970e+00 -1.2878787879e+00 0.0000000000e+00 2.0165583693e-09 -7.2481395534e-09
1.2272727273e+00 -1.2878787879e+00 0.0000000000e+00 1.9930362535e-09 -7.3489383926e-09
1.2575757576e+00 -1.2878787879e+00 0.0000000000e+00 1.9697585669e-09 -7.4530896847e-09
1.2878787879e+00 -1.2878787879e+00 0.0000000000e+00 1.9467373715e-09 -7.5606054920e-09
1.3181818182e+00 -1.2878787879e+00 0.0000000000e+00 1.9239831485e-09 -7.6714962956e-09
1.3484848485e+00 -1.2878787879e+00 0.0000000000e+00 1.9015049123e-09 -7.7857711097e-09
1.3787878788e+00 -1.2878787879e+00 0.0000000000e+00 1.8793103191e-09 -7.9034375908e-09
1.4090909091e+00 -1.2878787879e+00 0.0000000000e+00 1.8574057728e-09 -8.0245021426e-09
1.4393939394e+00 -1.2878787879e+00 0.0000000000e+00 1.8357965240e-09 -8.1489700159e-09
1.4696969697e+00 -1.2878787879e+00 0.0000000000e+00 1.8144867658e-09 -8.2768454036e-09
1.5000000000e+00 -1.2878787879e+00 0.0000000000e+00 1.7934797226e-09 -8.4081315302e-09
-1.5000000000e+00 -1.2575757576e+00 0.0000000000e+00 1.8114015389e-09 -8.2955163439e-09
-1.4696969697e+00 -1.2575757576e+00 0.0000000000e+00 1.8330446924e-09 -8.1648663276e-09
-1.4393939394e+00 -1.2575757576e+00 0.0000000000e+00 1.8550148504e-09 -8.0376513396e-09
-1.4090909091e+00 -1.2575757576e+00 0.0000000000e+00 1.8773095189e-09 -7.9138688862e-09
-1.3787878788e+00 -1.2575757576e+00 0.0000000000e+00 1.8999252212e-09 -7.7935154903e-09
-1.3484848485e+00 -1.2575757576e+00 0.0000000000e+00 1.9228574014e-09 -7.6765865962e-09
-1.3181818182e+00 -1.2575757576e+00 0.0000000000e+00 1.9461003228e-09 -7.5630764672e-09
-1.2878787879e+00 -1.2575757576e+00 0.0000000000e+00 1.9696469597e-09 -7.4529780775e-09
-1.2575757576e+00 -1.2575757576e+00 0.0000000000e+00 1.9934888838e-09 -7.3462829990e-09
-1.2272727273e+00 -1.2575757576e+00 0.0000000000e+00 2.0176161449e-09 -7.2429812813e-09
-1.1969696970e+00 -1.2575757576e+00 0.0000000000e+00 2.0420171463e-09 -7.1430613278e-09
-1.1666666667e+00 -1.2575757576e+00 0.0000000000e+00 2.0666785155e-09 -7.0465097659e-09
-1.1363636364e+00 -1.2575757576e+00 0.0000000000e+00 2.0915849712e-09 -6.9533113145e-09
-1.1060606061e+00 -1.2575757576e+00 0.0000000000e+00 2.1167191867e-09 -6.8634486466e-09
-1.0757575758e+00 -1.2575757576e+00 0.0000000000e+00 2.1420616515e-09 -6.7769022520e-09
-1.0454545455e+00 -1.2575757576e+00 0.0000000000e+00 2.1675905324e-09 -6.6936502974e-09
-1.0151515152e+00 -1.2575757576e+00 0.0000000000e+00 2.1932815354e-09 -6.6136684887e-09
-9.8484848485e-01 -1.2575757576e+00 0.0000000000e+00 2.2191077702e-09 -6.5369299357e-09
-9.5454545455e-01 -1.2575757576e+00 0.0000000000e+00 2.2450396203e-09 -6.4634050219e-09
-9.2424242424e-01 -1.2575757576e+00 0.0000000000e+00 2.2710446203e-09 -6.3930612818e-09
-8.9393939394e-01 -1.2575757576e+00 0.0000000000e+00 2.2970873441e-09 -6.3258632894e-09
-8.6363636364e-01 -1.2575757576e+00 0.0000000000e+00 2.3231293065e-09 -6.2617725595e-09
-8.3333333333e-01 -1.2575757576e+00 0.0000000000e+00 2.3491288826e-09 -6.2007474672e-09
-8.0303030303e-01 -1.2575757576e+00 0.0000000000e+00 2.3750412480e-09 -6.1427431880e-09
-7.7272727273e-01 -1.2575757576e+00 0.0000000000e+00 2.4008183443e-09 -6.0877116636e-09
-7.4242424242e-01 -1.2575757576e+00 0.0000000000e+00 2.4264088747e-09 -6.0356015971e-09
-7.1212121212e-01 -1.2575757576e+00 0.0000000000e+00 2.4517583331e-09 -5.9863584826e-09
-6.8181818182e-01 -1.2575757576e+00 0.0000000000e+00 2.4768090726e-09 -5.9399246730e-09
-6.5151515152e-01 -1.2575757576e+00 0.0000000000e+00 2.5015004164e-09 -5.8962394916e-09
-6.2121212121e-01 -1.2575757576e+00 0.0000000000e+00 2.5257688164e-09 -5.8552393903e-09
-5.9090909091e-01 -1.2575757576e+00 0.0000000000e+00 2.5495480628e-09 -5.8168581592e-09
-5.6060606061e-01 -1.2575757576e+00 0.0000000000e+00 2.5727695480e-09 -5.7810271909e-09
-5.3030303030e-01 -1.2575757576e+00 0.0000000000e+00 2.5953625879e-09 -5.7476758010e-09
-5.0000000000e-01 -1.2575757576e+00 0.0000000000e+00 2.6172548006e-09 -5.7167316079e-09
-4.6969696970e-01 -1.2575757576e+00 0.0000000000e+00 2.6383725450e-09 -5.6881209703e-09
-4.3939393939e-01 -1.2575757576e+00 0.0000000000e+00 2.6586414166e-09 -5.6617694839e-09
-4.0909090909e-01 -1.2575757576e+00 0.0000000000e+00 2.6779867987e-09 -5.6376025317e-09
-3.7878787879e-01 -1.2575757576e+00 0.0000000000e+00 2.6963344644e-09 -5.6155458870e-09
-3.4848484848e-01 -1.2575757576e+00 0.0000000000e+00 2.7136112238e-09 -5.5955263600e-09
-3.1818181818e-01 -1.2575757576e+00 0.0000000000e+00 2.7297456087e-09 -5.5774724823e-09
-2.8787878788e-01 -1.2575757576e+00 0.0000000000e+00 2.7446685838e-09 -5.5613152187e-09
-2.5757575758e-01 -1.2575757576e+00 0.0000000000e+00 2.7583142753e-09 -5.5469886953e-09
-2.2727272727e-01 -1.2575757576e+00 0.0000000000e+00 2.7706207021e-09 -5.5344309311e-09
-1.9696969697e-01 -1.2575757576e+00 0.0000000000e+00 2.7815304963e-09 -5.5235845582e-09
-1.6666666667e-01 -1.2575757576e+00 0.0000000000e+00 2.7909915992e-09 -5.5143975179e-09
-1.3636363636e-01 -1.2575757576e+00 0.0000000000e+00 2.7989579154e-09 -5.5068237147e-09
-1.0606060606e-01 -1.2575757576e+00 0.0000000000e+00 2.8053899114e-09 -5.5008236152e-09
-7.5757575758e-02 -1.2575757576e+00 0.0000000000e+00 2.8102551444e-09 -5.4963647766e-09
-4.5454545455e-02 -1.2575757576e+00 0.0000000000e+00 2.8135287062e-09 -5.4934222906e-09
-1.5151515152e-02 -1.2575757576e+00 0.0000000000e+00 2.8151935726e-09 -5.4919791332e-09
1.5151515152e-02 -1.2575757576e+00 0.0000000000e+00 2.8152408480e-09 -5.4920264086e-09
4.5454545455e-02 -1.2575757576e+00 0.0000000000e+00 2.8136698974e-09 -5.4935634818e-09
7.5757575758e-02 -1.2575757576e+00 0.0000000000e+00 2.8104883640e-09 -5.4965979962e-09
1.0606060606e-01 -1.2575757576e+00 0.0000000000e+00 2.8057120701e-09 -5.5011457739e-09
1.3636363636e-01 -1.2575757576e+00 0.0000000000e+00 2.7993648040e-09 -5.5072306033e-09
1.6666666667e-01 -1.2575757576e+00 0.0000000000e+00 2.7914779985e-09 -5.5148839171e-09
1.9696969697e-01 -1.2575757576e+00 0.0000000000e+00 2.7820903096e-09 -5.5241443715e-09
2.2727272727e-01 -1.2575757576e+00 0.0000000000e+00 2.7712471058e-09 -5.5350573348e-09
2.5757575758e-01 -1.2575757576e+00 0.0000000000e+00 2.7589998806e-09 -5.5476743006e-09
2.8787878788e-01 -1.2575757576e+00 0.0000000000e+00 2.7454056035e-09 -5.5620522384e-09
3.1818181818e-01 -1.2575757576e+00 0.0000000000e+00 2.7305260241e-09 -5.5782528977e-09
3.4848484848e-01 -1.2575757576e+00 0.0000000000e+00 2.7144269456e-09 -5.5963420818e-09
3.7878787879e-01 -1.2575757576e+00 0.0000000000e+00 2.6971774821e-09 -5.6163889048e-09
4.0909090909e-01 -1.2575757576e+00 0.0000000000e+00 2.6788493169e-09 -5.6384650499e-09
4.3939393939e-01 -1.2575757576e+00 0.0000000000e+00 2.6595159727e-09 -5.6626440399e-09
4.6969696970e-01 -1.2575757576e+00 0.0000000000e+00 2.6392521081e-09 -5.6890005334e-09
5.0000000000e-01 -1.2575757576e+00 0.0000000000e+00 2.6181328509e-09 -5.7176096582e-09
5.3030303030e-01 -1.2575757576e+00 0.0000000000e+00 2.5962331753e-09 -5.7485463885e-09
5.6060606061e-01 -1.2575757576e+00 0.0000000000e+00 2.5736273316e-09 -5.7818849744e-09
5.9090909091e-01 -1.2575757576e+00 0.0000000000e+00 2.5503883320e-09 -5.8176984284e-09
6.2121212121e-01 -1.2575757576e+00 0.0000000000e+00 2.5265874968e-09 -5.8560580706e-09
6.5151515152e-01 -1.2575757576e+00 0.0000000000e+00 2.5022940604e-09 -5.8970331356e-09
6.8181818182e-01 -1.2575757576e+00 0.0000000000e+00 2.4775748389e-09 -5.9406904393e-09
7.1212121212e-01 -1.2575757576e+00 0.0000000000e+00 2.4524939563e-09 -5.9870941058e-09
7.4242424242e-01 -1.2575757576e+00 0.0000000000e+00 2.4271126280e-09 -6.0363053504e-09
7.7272727273e-01 -1.2575757576e+00 0.0000000000e+00 2.4014889963e-09 -6.0883823156e-09
8.0303030303e-01 -1.2575757576e+00 0.0000000000e+00 2.3756780168e-09 -6.1433799567e-09
8.3333333333e-01 -1.2575757576e+00 0.0000000000e+00 2.3497313880e-09 -6.2013499725e-09
8.6363636364e-01 -1.2575757576e+00 0.0000000000e+00 2.3236975219e-09 -6.2623407749e-09
8.9393939394e-01 -1.2575757576e+00 0.0000000000e+00 2.2976215498e-09 -6.3263974951e-09
9.2424242424e-01 -1.2575757576e+00 0.0000000000e+00 2.2715453580e-09 -6.3935620195e-09
9.5454545455e-01 -1.2575757576e+00 0.0000000000e+00 2.2455076505e-09 -6.4638730521e-09
9.8484848485e-01 -1.2575757576e+00 0.0000000000e+00 2.2195440327e-09 -6.5373661982e-09
1.0151515152e+00 -1.2575757576e+00 0.0000000000e+00 2.1936871129e-09 -6.6140740662e-09
1.0454545455e+00 -1.2575757576e+00 0.0000000000e+00 2.1679666178e-09 -6.6940263828e-09
1.0757575758e+00 -1.2575757576e+00 0.0000000000e+00 2.1424095189e-09 -6.7772501194e-09
1.1060606061e+00 -1.2575757576e+00 0.0000000000e+00 2.1170401655e-09 -6.8637696255e-09
1.1363636364e+00 -1.2575757576e+00 0.0000000000e+00 2.0918804240e-09 -6.9536067672e-09
1.1666666667e+00 -1.2575757576e+00 0.0000000000e+00 2.0669498186e-09 -7.0467810690e-09
1.1969696970e+00 -1.2575757576e+00 0.0000000000e+00 2.0422656738e-09 -7.1433098552e-09
1.2272727273e+00 -1.2575757576e+00 0.0000000000e+00 2.0178432551e-09 -7.2432083915e-09
1.2575757576e+00 -1.2575757576e+00 0.0000000000e+00 1.9936959082e-09 -7.3464900234e-09
1.2878787879e+00 -1.2575757576e+00 0.0000000000e+00 1.9698351940e-09 -7.4531663119e-09
1.3181818182e+00 -1.2575757576e+00 0.0000000000e+00 1.9462710202e-09 -7.5632471645e-09
1.3484848485e+00 -1.2575757576e+00 0.0000000000e+00 1.9230117669e-09 -7.6767409617e-09
1.3787878788e+00 -1.2575757576e+00 0.0000000000e+00 1.9000644083e-09 -7.7936546774e-09
1.4090909091e+00 -1.2575757576e+00 0.0000000000e+00 1.8774346268e-09 -7.9139939940e-09
1.4393939394e+00 -1.2575757576e+00 0.0000000000e+00 1.8551269223e-09 -8.0377634116e-09
1.4696969697e+00 -1.2575757576e+00 0.0000000000e+00 1.8331447155e-09 -8.1649663507e-09
1.5000000000e+00 -1.2575757576e+00 0.0000000000e+00 1.8114904440e-09 -8.2956052489e-09
-1.5000000000e+00 -1.2272727273e+00 0.0000000000e+00 1.8295227882e-09 -8.1862086143e-09
-1.4696969697e+00 -1.2272727273e+00 0.0000000000e+00 1.8518302737e-09 -8.0562229300e-09
-1.4393939394e+00 -1.2272727273e+00 0.0000000000e+00 1.8744914325e-09 -7.9296989430e-09
-1.4090909091e+00 -1.2272727273e+00 0.0000000000e+00 1.8975046595e-09 -7.8066350479e-09
-1.3787878788e+00 -1.2272727273e+00 0.0000000000e+00 1.9208673567e-09 -7.6870286470e-09
-1.3484848485e+00 -1.2272727273e+00 0.0000000000e+00 1.9445758306e-09 -7.5708760466e-09
-1.3181818182e+00 -1.2272727273e+00 0.0000000000e+00 1.9686251817e-09 -7.4581723473e-09
-1.2878787879e+00 -1.2272727273e+00 0.0000000000e+00 1.9930091872e-09 -7.3489113263e-09
-1.2575757576e+00 -1.2272727273e+00 0.0000000000e+00 2.0177201770e-09 -7.2430853134e-09
-1.2272727273e+00 -1.2272727273e+00 0.0000000000e+00 2.0427489022e-09 -7.1406850598e-09
-1.1969696970e+00 -1.2272727273e+00 0.0000000000e+00 2.0680843974e-09 -7.0416996001e-09
-1.1666666667e+00 -1.2272727273e+00 0.0000000000e+00 2.0937138370e-09 -6.9461161086e-09
-1.1363636364e+00 -1.2272727273e+00 0.0000000000e+00 2.1196223852e-09 -6.8539197497e-09
-1.1060606061e+00 -1.2272727273e+00 0.0000000000e+00 2.1457930424e-09 -6.7650935236e-09
-1.0757575758e+00 -1.2272727273e+00 0.0000000000e+00 2.1722064869e-09 -6.6796181087e-09
-1.0454545455e+00 -1.2272727273e+00 0.0000000000e+00 2.1988409152e-09 -6.5974717014e-09
-1.0151515152e+00 -1.2272727273e+00 0.0000000000e+00 2.2256718810e-09 -6.5186298555e-09
-9.8484848485e-01 -1.2272727273e+00 0.0000000000e+00 2.2526721365e-09 -6.4430653232e-09
-9.5454545455e-01 -1.2272727273e+00 0.0000000000e+00 2.2798114768e-09 -6.3707478995e-09
-9.2424242424e-01 -1.2272727273e+00 0.0000000000e+00 2.3070565909e-09 -6.3016442736e-09
-8.9393939394e-01 -1.2272727273e+00 0.0000000000e+00 2.3343709231e-09 -6.2357178896e-09
-8.6363636364e-01 -1.2272727273e+00 0.0000000000e+00 2.3617145472e-09 -6.1729288214e-09
-8.3333333333e-01 -1.2272727273e+00 0.0000000000e+00 2.3890440581e-09 -6.1132336639e-09
-8.0303030303e-01 -1.2272727273e+00 0.0000000000e+00 2.4163124856e-09 -6.0565854467e-09
-7.7272727273e-01 -1.2272727273e+00 0.0000000000e+00 2.4434692342e-09 -6.0029335746e-09
-7.4242424242e-01 -1.2272727273e+00 0.0000000000e+00 2.4704600552e-09 -5.9522237988e-09
-7.1212121212e-01 -1.2272727273e+00 0.0000000000e+00 2.4972270552e-09 -5.9043982259e-09
-6.8181818182e-01 -1.2272727273e+00 0.0000000000e+00 2.5237087476e-09 -5.8593953692e-09
-6.5151515152e-01 -1.2272727273e+00 0.0000000000e+00 2.5498401512e-09 -5.8171502476e-09
-6.2121212121e-01 -1.2272727273e+00 0.0000000000e+00 2.5755529427e-09 -5.7775945378e-09
-5.9090909091e-01 -1.2272727273e+00 0.0000000000e+00 2.6007756668e-09 -5.7406567844e-09
-5.6060606061e-01 -1.2272727273e+00 0.0000000000e+00 2.6254340088e-09 -5.7062626729e-09
-5.3030303030e-01 -1.2272727273e+00 0.0000000000e+00 2.6494511334e-09 -5.6743353677e-09
-5.0000000000e-01 -1.2272727273e+00 0.0000000000e+00 2.6727480909e-09 -5.6447959194e-09
-4.6969696970e-01 -1.2272727273e+00 0.0000000000e+00 2.6952442939e-09 -5.6175637405e-09
-4.3939393939e-01 -1.2272727273e+00 0.0000000000e+00 2.7168580627e-09 -5.5925571512e-09
-4.0909090909e-01 -1.2272727273e+00 0.0000000000e+00 2.7375072369e-09 -5.5696939911e-09
-3.7878787879e-01 -1.2272727273e+00 0.0000000000e+00 2.7571098498e-09 -5.5488922937e-09
-3.4848484848e-01 -1.2272727273e+00 0.0000000000e+00 2.7755848589e-09 -5.5300710163e-09
-3.1818181818e-01 -1.2272727273e+00 0.0000000000e+00 2.7928529231e-09 -5.5131508179e-09
-2.8787878788e-01 -1.2272727273e+00 0.0000000000e+00 2.8088372162e-09 -5.4980548723e-09
-2.5757575758e-01 -1.2272727273e+00 0.0000000000e+00 2.8234642642e-09 -5.4847097054e-09
-2.2727272727e-01 -1.2272727273e+00 0.0000000000e+00 2.8366647893e-09 -5.4730460395e-09
-1.9696969697e-01 -1.2272727273e+00 0.0000000000e+00 2.8483745469e-09 -5.4629996300e-09
-1.6666666667e-01 -1.2272727273e+00 0.0000000000e+00 2.8585351352e-09 -5.4545120751e-09
-1.3636363636e-01 -1.2272727273e+00 0.0000000000e+00 2.8670947609e-09 -5.4475315814e-09
-1.0606060606e-01 -1.2272727273e+00 0.0000000000e+00 2.8740089409e-09 -5.4420136659e-09
-7.5757575758e-02 -1.2272727273e+00 0.0000000000e+00 2.8792411241e-09 -5.4379217775e-09
-4.5454545455e-02 -1.2272727273e+00 0.0000000000e+00 2.8827632154e-09 -5.4352278211e-09
-1.5151515152e-02 -1.2272727273e+00 0.0000000000e+00 2.8845559886e-09 -5.4339125703e-09
1.5151515152e-02 -1.2272727273e+00 0.0000000000e+00 2.8846093752e-09 -5.4339659570e-09
4.5454545455e-02 -1.2272727273e+00 0.0000000000e+00 2.8829226234e-09 -5.4353872290e-09
7.5757575758e-02 -1.2272727273e+00 0.0000000000e+00 2.8795043181e-09 -5.4381849715e-09
1.0606060606e-01 -1.2272727273e+00 0.0000000000e+00 2.8743722657e-09 -5.4423769907e-09
1.3636363636e-01 -1.2272727273e+00 0.0000000000e+00 2.8675532431e-09 -5.4479900636e-09
1.6666666667e-01 -1.2272727273e+00 0.0000000000e+00 2.8590826187e-09 -5.4550595586e-09
1.9696969697e-01 -1.2272727273e+00 0.0000000000e+00 2.8490038568e-09 -5.4636289399e-09
2.2727272727e-01 -1.2272727273e+00 0.0000000000e+00 2.8373679165e-09 -5.4737491667e-09
2.5757575758e-01 -1.2272727273e+00 0.0000000000e+00 2.8242325631e-09 -5.4854780044e-09
2.8787878788e-01 -1.2272727273e+00 0.0000000000e+00 2.8096616081e-09 -5.4988792642e-09
3.1818181818e-01 -1.2272727273e+00 0.0000000000e+00 2.7937240971e-09 -5.5140219919e-09
3.4848484848e-01 -1.2272727273e+00 0.0000000000e+00 2.7764934648e-09 -5.5309796221e-09
3.7878787879e-01 -1.2272727273e+00 0.0000000000e+00 2.7580466756e-09 -5.5498291195e-09
4.0909090909e-01 -1.2272727273e+00 0.0000000000e+00 2.7384633683e-09 -5.5706501225e-09
4.3939393939e-01 -1.2272727273e+00 0.0000000000e+00 2.7178250192e-09 -5.5935241076e-09
4.6969696970e-01 -1.2272727273e+00 0.0000000000e+00 2.6962141413e-09 -5.6185335878e-09
5.0000000000e-01 -1.2272727273e+00 0.0000000000e+00 2.6737135284e-09 -5.6457613569e-09
5.3030303030e-01 -1.2272727273e+00 0.0000000000e+00 2.6504055561e-09 -5.6752897905e-09
5.6060606061e-01 -1.2272727273e+00 0.0000000000e+00 2.6263715467e-09 -5.7072002108e-09
5.9090909091e-01 -1.2272727273e+00 0.0000000000e+00 2.6016912019e-09 -5.7415723196e-09
6.2121212121e-01 -1.2272727273e+00 0.0000000000e+00 2.5764421079e-09 -5.7784837030e-09
6.5151515152e-01 -1.2272727273e+00 0.0000000000e+00 2.5506993119e-09 -5.8180094083e-09
6.8181818182e-01 -1.2272727273e+00 0.0000000000e+00 2.5245349706e-09 -5.8602215922e-09
7.1212121212e-01 -1.2272727273e+00 0.0000000000e+00 2.4980180670e-09 -5.9051892377e-09
7.4242424242e-01 -1.2272727273e+00 0.0000000000e+00 2.4712141925e-09 -5.9529779361e-09
7.7272727273e-01 -1.2272727273e+00 0.0000000000e+00 2.4441853896e-09 -6.0036497301e-09
8.0303030303e-01 -1.2272727273e+00 0.0000000000e+00 2.4169900501e-09 -6.0572630113e-09
8.3333333333e-01 -1.2272727273e+00 0.0000000000e+00 2.3896828629e-09 -6.1138724686e-09
8.6363636364e-01 -1.2272727273e+00 0.0000000000e+00 2.3623148056e-09 -6.1735290797e-09
8.9393939394e-01 -1.2272727273e+00 0.0000000000e+00 2.3349331752e-09 -6.2362801417e-09
9.2424242424e-01 -1.2272727273e+00 0.0000000000e+00 2.3075816506e-09 -6.3021693333e-09
9.5454545455e-01 -1.2272727273e+00 0.0000000000e+00 2.2803003828e-09 -6.3712368055e-09
9.8484848485e-01 -1.2272727273e+00 0.0000000000e+00 2.2531261071e-09 -6.4435192938e-09
1.0151515152e+00 -1.2272727273e+00 0.0000000000e+00 2.2260922732e-09 -6.5190502477e-09
1.0454545455e+00 -1.2272727273e+00 0.0000000000e+00 2.1992291886e-09 -6.5978599748e-09
1.0757575758e+00 -1.2272727273e+00 0.0000000000e+00 2.1725641718e-09 -6.6799757936e-09
1.1060606061e+00 -1.2272727273e+00 0.0000000000e+00 2.1461217117e-09 -6.7654221929e-09
1.1363636364e+00 -1.2272727273e+00 0.0000000000e+00 2.1199236309e-09 -6.8542209953e-09
1.1666666667e+00 -1.2272727273e+00 0.0000000000e+00 2.0939892500e-09 -6.9463915216e-09
1.1969696970e+00 -1.2272727273e+00 0.0000000000e+00 2.0683355511e-09 -7.0419507538e-09
1.2272727273e+00 -1.2272727273e+00 0.0000000000e+00 2.0429773385e-09 -7.1409134961e-09
1.2575757576e+00 -1.2272727273e+00 0.0000000000e+00 2.0179273960e-09 -7.2432925323e-09
1.2878787879e+00 -1.2272727273e+00 0.0000000000e+00 1.9931966380e-09 -7.3490987771e-09
1.3181818182e+00 -1.2272727273e+00 0.0000000000e+00 1.9687942567e-09 -7.4583414223e-09
1.3484848485e+00 -1.2272727273e+00 0.0000000000e+00 1.9447278606e-09 -7.5710280766e-09
1.3787878788e+00 -1.2272727273e+00 0.0000000000e+00 1.9210036079e-09 -7.6871648982e-09
1.4090909091e+00 -1.2272727273e+00 0.0000000000e+00 1.8976263320e-09 -7.8067567204e-09
1.4393939394e+00 -1.2272727273e+00 0.0000000000e+00 1.8745996595e-09 -7.9298071699e-09
1.4696969697e+00 -1.2272727273e+00 0.0000000000e+00 1.8519261217e-09 -8.0563187781e-09
1.5000000000e+00 -1.2272727273e+00 0.0000000000e+00 1.8296072583e-09 -8.1862930844e-09
-1.5000000000e+00 -1.1969696970e+00 0.0000000000e+00 1.8477383747e-09 -8.0801032460e-09
-1.4696969697e+00 -1.1969696970e+00 0.0000000000e+00 1.8707275185e-09 -7.9507992199e-09
-1.4393939394e+00 -1.1969696970e+00 0.0000000000e+00 1.8940985786e-09 -7.8249851341e-09
-1.4090909091e+00 -1.1969696970e+00 0.0000000000e+00 1.9178509583e-09 -7.7026603918e-09
-1.3787878788e+00 -1.1969696970e+00 0.0000000000e+00 1.9419830651e-09 -7.5838234004e-09
-1.3484848485e+00 -1.1969696970e+00 0.0000000000e+00 1.9664922008e-09 -7.4684714619e-09
-1.3181818182e+00 -1.1969696970e+00 0.0000000000e+00 1.9913744430e-09 -7.3566006537e-09
-1.2878787879e+00 -1.1969696970e+00 0.0000000000e+00 2.0166245179e-09 -7.2482057020e-09
-1.2575757576e+00 -1.1969696970e+00 0.0000000000e+00 2.0422356653e-09 -7.1432798468e-09
-1.2272727273e+00 -1.1969696970e+00 0.0000000000e+00 2.0681994950e-09 -7.0418146977e-09
-1.1969696970e+00 -1.1969696970e+00 0.0000000000e+00 2.0945058347e-09 -6.9438000825e-09
-1.1666666667e+00 -1.1969696970e+00 0.0000000000e+00 2.1211425707e-09 -6.8492238874e-09
-1.1363636364e+00 -1.1969696970e+00 0.0000000000e+00 2.1480954807e-09 -6.7580718903e-09
-1.1060606061e+00 -1.1969696970e+00 0.0000000000e+00 2.1753480602e-09 -6.6703275864e-09
-1.0757575758e+00 -1.1969696970e+00 0.0000000000e+00 2.2028813435e-09 -6.5859720103e-09
-1.0454545455e+00 -1.1969696970e+00 0.0000000000e+00 2.2306737204e-09 -6.5049835517e-09
-1.0151515152e+00 -1.1969696970e+00 0.0000000000e+00 2.2587007508e-09 -6.4273377704e-09
-9.8484848485e-01 -1.1969696970e+00 0.0000000000e+00 2.2869349781e-09 -6.3530072099e-09
-9.5454545455e-01 -1.1969696970e+00 0.0000000000e+00 2.3153457455e-09 -6.2819612133e-09
-9.2424242424e-01 -1.1969696970e+00 0.0000000000e+00 2.3438990169e-09 -6.2141657447e-09
-8.9393939394e-01 -1.1969696970e+00 0.0000000000e+00 2.3725572069e-09 -6.1495832185e-09
-8.6363636364e-01 -1.1969696970e+00 0.0000000000e+00 2.4012790224e-09 -6.0881723417e-09
-8.3333333333e-01 -1.1969696970e+00 0.0000000000e+00 2.4300193223e-09 -6.0298879732e-09
-8.0303030303e-01 -1.1969696970e+00 0.0000000000e+00 2.4587289987e-09 -5.9746810049e-09
-7.7272727273e-01 -1.1969696970e+00 0.0000000000e+00 2.4873548850e-09 -5.9224982706e-09
-7.4242424242e-01 -1.1969696970e+00 0.0000000000e+00 2.5158396993e-09 -5.8732824880e-09
-7.1212121212e-01 -1.1969696970e+00 0.0000000000e+00 2.5441220251e-09 -5.8269722409e-09
-6.8181818182e-01 -1.1969696970e+00 0.0000000000e+00 2.5721363408e-09 -5.7835020075e-09
-6.5151515152e-01 -1.1969696970e+00 0.0000000000e+00 2.5998131000e-09 -5.7428022416e-09
-6.2121212121e-01 -1.1969696970e+00 0.0000000000e+00 2.6270788728e-09 -5.7047995130e-09
-5.9090909091e-01 -1.1969696970e+00 0.0000000000e+00 2.6538565518e-09 -5.6694167145e-09
-5.6060606061e-01 -1.1969696970e+00 0.0000000000e+00 2.6800656302e-09 -5.6365733393e-09
-5.3030303030e-01 -1.1969696970e+00 0.0000000000e+00 2.7056225556e-09 -5.6061858350e-09
-5.0000000000e-01 -1.1969696970e+00 0.0000000000e+00 2.7304411639e-09 -5.5781680374e-09
-4.6969696970e-01 -1.1969696970e+00 0.0000000000e+00 2.7544331951e-09 -5.5524316867e-09
-4.3939393939e-01 -1.1969696970e+00 0.0000000000e+00 2.7775088915e-09 -5.5288870251e-09
-4.0909090909e-01 -1.1969696970e+00 0.0000000000e+00 2.7995776763e-09 -5.5074434756e-09
-3.7878787879e-01 -1.1969696970e+00 0.0000000000e+00 2.8205489081e-09 -5.4880103970e-09
-3.4848484848e-01 -1.1969696970e+00 0.0000000000e+00 2.8403327056e-09 -5.4704979081e-09
-3.1818181818e-01 -1.1969696970e+00 0.0000000000e+00 2.8588408315e-09 -5.4548177714e-09
-2.8787878788e-01 -1.1969696970e+00 0.0000000000e+00 2.8759876234e-09 -5.4408843246e-09
-2.5757575758e-01 -1.1969696970e+00 0.0000000000e+00 2.8916909577e-09 -5.4286154440e-09
-2.2727272727e-01 -1.1969696970e+00 0.0000000000e+00 2.9058732271e-09 -5.4179335224e-09
-1.9696969697e-01 -1.1969696970e+00 0.0000000000e+00 2.9184623138e-09 -5.4087664419e-09
-1.6666666667e-01 -1.1969696970e+00 0.0000000000e+00 2.9293925355e-09 -5.4010485205e-09
-1.3636363636e-01 -1.1969696970e+00 0.0000000000e+00 2.9386055434e-09 -5.3947214090e-09
-1.0606060606e-01 -1.1969696970e+00 0.0000000000e+00 2.9460511480e-09 -5.3897349181e-09
-7.5757575758e-02 -1.1969696970e+00 0.0000000000e+00 2.9516880530e-09 -5.3860477515e-09
-4.5454545455e-02 -1.1969696970e+00 0.0000000000e+00 2.9554844761e-09 -5.3836281268e-09
-1.5151515152e-02 -1.1969696970e+00 0.0000000000e+00 2.9574186380e-09 -5.3824542649e-09
1.5151515152e-02 -1.1969696970e+00 0.0000000000e+00 2.9574791075e-09 -5.3825147344e-09
4.5454545455e-02 -1.1969696970e+00 0.0000000000e+00 2.9556649898e-09 -5.3838086405e-09
7.5757575758e-02 -1.1969696970e+00 0.0000000000e+00 2.9519859530e-09 -5.3863456515e-09
1.0606060606e-01 -1.1969696970e+00 0.0000000000e+00 2.9464620920e-09 -5.3901458621e-09
1.3636363636e-01 -1.1969696970e+00 0.0000000000e+00 2.9391236315e-09 -5.3952394971e-09
1.6666666667e-01 -1.1969696970e+00 0.0000000000e+00 2.9300104788e-09 -5.4016664638e-09
1.9696969697e-01 -1.1969696970e+00 0.0000000000e+00 2.9191716373e-09 -5.4094757655e-09
2.2727272727e-01 -1.1969696970e+00 0.0000000000e+00 2.9066644977e-09 -5.4187247930e-09
2.5757575758e-01 -1.1969696970e+00 0.0000000000e+00 2.8925540267e-09 -5.4294785130e-09
2.8787878788e-01 -1.1969696970e+00 0.0000000000e+00 2.8769118749e-09 -5.4418085760e-09
3.1818181818e-01 -1.1969696970e+00 0.0000000000e+00 2.8598154255e-09 -5.4557923654e-09
3.4848484848e-01 -1.1969696970e+00 0.0000000000e+00 2.8413468098e-09 -5.4715120123e-09
3.7878787879e-01 -1.1969696970e+00 0.0000000000e+00 2.8215919089e-09 -5.4890533979e-09
4.0909090909e-01 -1.1969696970e+00 0.0000000000e+00 2.8006393655e-09 -5.5085051648e-09
4.3939393939e-01 -1.1969696970e+00 0.0000000000e+00 2.7785796235e-09 -5.5299577570e-09
4.6969696970e-01 -1.1969696970e+00 0.0000000000e+00 2.7555040136e-09 -5.5535025052e-09
5.0000000000e-01 -1.1969696970e+00 0.0000000000e+00 2.7315038977e-09 -5.5792307713e-09
5.3030303030e-01 -1.1969696970e+00 0.0000000000e+00 2.7066698831e-09 -5.6072331625e-09
5.6060606061e-01 -1.1969696970e+00 0.0000000000e+00 2.6810911159e-09 -5.6375988251e-09
5.9090909091e-01 -1.1969696970e+00 0.0000000000e+00 2.6548546573e-09 -5.6704148200e-09
6.2121212121e-01 -1.1969696970e+00 0.0000000000e+00 2.6280449447e-09 -5.7057655849e-09
6.5151515152e-01 -1.1969696970e+00 0.0000000000e+00 2.6007433404e-09 -5.7437324819e-09
6.8181818182e-01 -1.1969696970e+00 0.0000000000e+00 2.5730277616e-09 -5.7843934283e-09
7.1212121212e-01 -1.1969696970e+00 0.0000000000e+00 2.5449723922e-09 -5.8278226080e-09
7.4242424242e-01 -1.1969696970e+00 0.0000000000e+00 2.5166474682e-09 -5.8740902570e-09
7.7272727273e-01 -1.1969696970e+00 0.0000000000e+00 2.4881191324e-09 -5.9232625179e-09
8.0303030303e-01 -1.1969696970e+00 0.0000000000e+00 2.4594493508e-09 -5.9754013570e-09
8.3333333333e-01 -1.1969696970e+00 0.0000000000e+00 2.4306958847e-09 -6.0305645355e-09
8.6363636364e-01 -1.1969696970e+00 0.0000000000e+00 2.4019123105e-09 -6.0888056297e-09
8.9393939394e-01 -1.1969696970e+00 0.0000000000e+00 2.3731480808e-09 -6.1501740924e-09
9.2424242424e-01 -1.1969696970e+00 0.0000000000e+00 2.3444486199e-09 -6.2147153476e-09
9.5454545455e-01 -1.1969696970e+00 0.0000000000e+00 2.3158554474e-09 -6.2824709152e-09
9.8484848485e-01 -1.1969696970e+00 0.0000000000e+00 2.2874063247e-09 -6.3534785564e-09
1.0151515152e+00 -1.1969696970e+00 0.0000000000e+00 2.2591354180e-09 -6.4277724375e-09
1.0454545455e+00 -1.1969696970e+00 0.0000000000e+00 2.2310734744e-09 -6.5053833056e-09
1.0757575758e+00 -1.1969696970e+00 0.0000000000e+00 2.2032480060e-09 -6.5863386728e-09
1.1060606061e+00 -1.1969696970e+00 0.0000000000e+00 2.1756834791e-09 -6.6706630053e-09
1.1363636364e+00 -1.1969696970e+00 0.0000000000e+00 2.1484015047e-09 -6.7583779142e-09
1.1666666667e+00 -1.1969696970e+00 0.0000000000e+00 2.1214210288e-09 -6.8495023455e-09
1.1969696970e+00 -1.1969696970e+00 0.0000000000e+00 2.0947585193e-09 -6.9440527670e-09
1.2272727273e+00 -1.1969696970e+00 0.0000000000e+00 2.0684281486e-09 -7.0420433513e-09
1.2575757576e+00 -1.1969696970e+00 0.0000000000e+00 2.0424419703e-09 -7.1434861518e-09
1.2878787879e+00 -1.1969696970e+00 0.0000000000e+00 2.0168100885e-09 -7.2483912726e-09
1.3181818182e+00 -1.1969696970e+00 0.0000000000e+00 1.9915408200e-09 -7.3567670306e-09
1.3484848485e+00 -1.1969696970e+00 0.0000000000e+00 1.9666408479e-09 -7.4686201090e-09
1.3787878788e+00 -1.1969696970e+00 0.0000000000e+00 1.9421153670e-09 -7.5839557024e-09
1.4090909091e+00 -1.1969696970e+00 0.0000000000e+00 1.9179682202e-09 -7.7027776537e-09
1.4393939394e+00 -1.1969696970e+00 0.0000000000e+00 1.8942020266e-09 -7.8250885821e-09
1.4696969697e+00 -1.1969696970e+00 0.0000000000e+00 1.8708183005e-09 -7.9508900019e-09
1.5000000000e+00 -1.1969696970e+00 0.0000000000e+00 1.8478175631e-09 -8.0801824343e-09
-1.5000000000e+00 -1.1666666667e+00 0.0000000000e+00 1.8660346448e-09 -7.9771865850e-09
-1.4696969697e+00 -1.1666666667e+00 0.0000000000e+00 1.8897226255e-09 -7.8485813959e-09
-1.4393939394e+00 -1.1666666667e+00 0.0000000000e+00 1.9138223941e-09 -7.7234960186e-09
-1.4090909091e+00 -1.1666666667e+00 0.0000000000e+00 1.9383344917e-09 -7.6019309942e-09
-1.3787878788e+00 -1.1666666667e+00 0.0000000000e+00 1.9632584691e-09 -7.4838858734e-09
-1.3484848485e+00 -1.1666666667e+00 0.0000000000e+00 1.9885927690e-09 -7.3693590990e-09
-1.3181818182e+00 -1.1666666667e+00 0.0000000000e+00 2.0143345995e-09 -7.2583478792e-09
-1.2878787879e+00 -1.1666666667e+00 0.0000000000e+00 2.0404797974e-09 -7.1508480505e-09
-1.2575757576e+00 -1.1666666667e+00 0.0000000000e+00 2.0670226814e-09 -7.0468539319e-09
-1.2272727273e+00 -1.1666666667e+00 0.0000000000e+00 2.0939558958e-09 -6.9463581674e-09
-1.1969696970e+00 -1.1666666667e+00 0.0000000000e+00 2.1212702438e-09 -6.8493515605e-09
-1.1666666667e+00 -1.1666666667e+00 0.0000000000e+00 2.1489545113e-09 -6.7558228969e-09
-1.1363636364e+00 -1.1666666667e+00 0.0000000000e+00 2.1769952810e-09 -6.6657587595e-09
-1.1060606061e+00 -1.1666666667e+00 0.0000000000e+00 2.2053767382e-09 -6.5791433334e-09
-1.0757575758e+00 -1.1666666667e+00 0.0000000000e+00 2.2340804684e-09 -6.4959582042e-09
-1.0454545455e+00 -1.1666666667e+00 0.0000000000e+00 2.2630852485e-09 -6.4161821487e-09
-1.0151515152e+00 -1.1666666667e+00 0.0000000000e+00 2.2923668332e-09 -6.3397909217e-09
-9.8484848485e-01 -1.1666666667e+00 0.0000000000e+00 2.3218977392e-09 -6.2667570399e-09
-9.5454545455e-01 -1.1666666667e+00 0.0000000000e+00 2.3516470280e-09 -6.1970495648e-09
-9.2424242424e-01 -1.1666666667e+00 0.0000000000e+00 2.3815800935e-09 -6.1306338903e-09
-8.9393939394e-01 -1.1666666667e+00 0.0000000000e+00 2.4116584546e-09 -6.0674715352e-09
-8.6363636364e-01 -1.1666666667e+00 0.0000000000e+00 2.4418395604e-09 -6.0075199486e-09
-8.3333333333e-01 -1.1666666667e+00 0.0000000000e+00 2.4720766105e-09 -5.9507323302e-09
-8.0303030303e-01 -1.1666666667e+00 0.0000000000e+00 2.5023183977e-09 -5.8970574729e-09
-7.7272727273e-01 -1.1666666667e+00 0.0000000000e+00 2.5325091787e-09 -5.8464396333e-09
-7.4242424242e-01 -1.1666666667e+00 0.0000000000e+00 2.5625885796e-09 -5.7988184373e-09
-7.1212121212e-01 -1.1666666667e+00 0.0000000000e+00 2.5924915435e-09 -5.7541288282e-09
-6.8181818182e-01 -1.1666666667e+00 0.0000000000e+00 2.6221483290e-09 -5.7123010647e-09
-6.5151515152e-01 -1.1666666667e+00 0.0000000000e+00 2.6514845662e-09 -5.6732607767e-09
-6.2121212121e-01 -1.1666666667e+00 0.0000000000e+00 2.6804213796e-09 -5.6369290887e-09
-5.9090909091e-01 -1.1666666667e+00 0.0000000000e+00 2.7088755842e-09 -5.6032228158e-09
-5.6060606061e-01 -1.1666666667e+00 0.0000000000e+00 2.7367599642e-09 -5.5720547423e-09
-5.3030303030e-01 -1.1666666667e+00 0.0000000000e+00 2.7639836390e-09 -5.5433339874e-09
-5.0000000000e-01 -1.1666666667e+00 0.0000000000e+00 2.7904525225e-09 -5.5169664650e-09
-4.6969696970e-01 -1.1666666667e+00 0.0000000000e+00 2.8160698788e-09 -5.4928554393e-09
-4.3939393939e-01 -1.1666666667e+00 0.0000000000e+00 2.8407369767e-09 -5.4709021792e-09
-4.0909090909e-01 -1.1666666667e+00 0.0000000000e+00 2.8643538409e-09 -5.4510067092e-09
-3.7878787879e-01 -1.1666666667e+00 0.0000000000e+00 2.8868200960e-09 -5.4330686539e-09
-3.4848484848e-01 -1.1666666667e+00 0.0000000000e+00 2.9080358972e-09 -5.4169881687e-09
-3.1818181818e-01 -1.1666666667e+00 0.0000000000e+00 2.9279029361e-09 -5.4026669449e-09
-2.8787878788e-01 -1.1666666667e+00 0.0000000000e+00 2.9463255077e-09 -5.3900092778e-09
-2.5757575758e-01 -1.1666666667e+00 0.0000000000e+00 2.9632116223e-09 -5.3789231775e-09
-2.2727272727e-01 -1.1666666667e+00 0.0000000000e+00 2.9784741394e-09 -5.3693215036e-09
-1.9696969697e-01 -1.1666666667e+00 0.0000000000e+00 2.9920319027e-09 -5.3611230998e-09
-1.6666666667e-01 -1.1666666667e+00 0.0000000000e+00 3.0038108486e-09 -5.3542539025e-09
-1.3636363636e-01 -1.1666666667e+00 0.0000000000e+00 3.0137450625e-09 -5.3486479971e-09
-1.0606060606e-01 -1.1666666667e+00 0.0000000000e+00 3.0217777546e-09 -5.3442485936e-09
-7.5757575758e-02 -1.1666666667e+00 0.0000000000e+00 3.0278621291e-09 -5.3410088965e-09
-4.5454545455e-02 -1.1666666667e+00 0.0000000000e+00 3.0319621218e-09 -5.3388928415e-09
-1.5151515152e-02 -1.1666666667e+00 0.0000000000e+00 3.0340529837e-09 -5.3378756795e-09
1.5151515152e-02 -1.1666666667e+00 0.0000000000e+00 3.0341216923e-09 -5.3379443881e-09
4.5454545455e-02 -1.1666666667e+00 0.0000000000e+00 3.0321671784e-09 -5.3390978981e-09
7.5757575758e-02 -1.1666666667e+00 0.0000000000e+00 3.0282003594e-09 -5.3413471269e-09
1.0606060606e-01 -1.1666666667e+00 0.0000000000e+00 3.0222439781e-09 -5.3447148171e-09
1.3636363636e-01 -1.1666666667e+00 0.0000000000e+00 3.0143322511e-09 -5.3492351856e-09
1.6666666667e-01 -1.1666666667e+00 0.0000000000e+00 3.0045103374e-09 -5.3549533913e-09
1.9696969697e-01 -1.1666666667e+00 0.0000000000e+00 2.9928336428e-09 -5.3619248399e-09
2.2727272727e-01 -1.1666666667e+00 0.0000000000e+00 2.9793669803e-09 -5.3702143446e-09
2.5757575758e-01 -1.1666666667e+00 0.0000000000e+00 2.9641836112e-09 -5.3798951665e-09
2.8787878788e-01 -1.1666666667e+00 0.0000000000e+00 2.9473641933e-09 -5.3910479634e-09
3.1818181818e-01 -1.1666666667e+00 0.0000000000e+00 2.9289956644e-09 -5.4037596732e-09
3.4848484848e-01 -1.1666666667e+00 0.0000000000e+00 2.9091700901e-09 -5.4181223615e-09
3.7878787879e-01 -1.1666666667e+00 0.0000000000e+00 2.8879835024e-09 -5.4342320603e-09
4.0909090909e-01 -1.1666666667e+00 0.0000000000e+00 2.8655347552e-09 -5.4521876235e-09
4.3939393939e-01 -1.1666666667e+00 0.0000000000e+00 2.8419244203e-09 -5.4720896228e-09
4.6969696970e-01 -1.1666666667e+00 0.0000000000e+00 2.8172537418e-09 -5.4940393024e-09
5.0000000000e-01 -1.1666666667e+00 0.0000000000e+00 2.7916236670e-09 -5.5181376095e-09
5.3030303030e-01 -1.1666666667e+00 0.0000000000e+00 2.7651339643e-09 -5.5444843127e-09
5.6060606061e-01 -1.1666666667e+00 0.0000000000e+00 2.7378824378e-09 -5.5731772159e-09
5.9090909091e-01 -1.1666666667e+00 0.0000000000e+00 2.7099642423e-09 -5.6043114740e-09
6.2121212121e-01 -1.1666666667e+00 0.0000000000e+00 2.6814713018e-09 -5.6379790109e-09
6.5151515152e-01 -1.1666666667e+00 0.0000000000e+00 2.6524918287e-09 -5.6742680391e-09
6.8181818182e-01 -1.1666666667e+00 0.0000000000e+00 2.6231099414e-09 -5.7132626771e-09
7.1212121212e-01 -1.1666666667e+00 0.0000000000e+00 2.5934053748e-09 -5.7550426595e-09
7.4242424242e-01 -1.1666666667e+00 0.0000000000e+00 2.5634532752e-09 -5.7996831329e-09
7.7272727273e-01 -1.1666666667e+00 0.0000000000e+00 2.5333240743e-09 -5.8472545288e-09
8.0303030303e-01 -1.1666666667e+00 0.0000000000e+00 2.5030834321e-09 -5.8978225073e-09
8.3333333333e-01 -1.1666666667e+00 0.0000000000e+00 2.4727922401e-09 -5.9514479599e-09
8.6363636364e-01 -1.1666666667e+00 0.0000000000e+00 2.4425066772e-09 -6.0081870654e-09
8.9393939394e-01 -1.1666666667e+00 0.0000000000e+00 2.4122783093e-09 -6.0680913899e-09
9.2424242424e-01 -1.1666666667e+00 0.0000000000e+00 2.3821542246e-09 -6.1312080214e-09
9.5454545455e-01 -1.1666666667e+00 0.0000000000e+00 2.3521771978e-09 -6.1975797346e-09
9.8484848485e-01 -1.1666666667e+00 0.0000000000e+00 2.3223858761e-09 -6.2672451769e-09
1.0151515152e+00 -1.1666666667e+00 0.0000000000e+00 2.2928149821e-09 -6.3402390706e-09
1.0454545455e+00 -1.1666666667e+00 0.0000000000e+00 2.2634955263e-09 -6.4165924265e-09
1.0757575758e+00 -1.1666666667e+00 0.0000000000e+00 2.2344550275e-09 -6.4963327633e-09
1.1060606061e+00 -1.1666666667e+00 0.0000000000e+00 2.2057177349e-09 -6.5794843301e-09
1.1363636364e+00 -1.1666666667e+00 0.0000000000e+00 2.1773048495e-09 -6.6660683280e-09
1.1666666667e+00 -1.1666666667e+00 0.0000000000e+00 2.1492347433e-09 -6.7561031290e-09
1.1969696970e+00 -1.1666666667e+00 0.0000000000e+00 2.1215231716e-09 -6.8496044883e-09
1.2272727273e+00 -1.1666666667e+00 0.0000000000e+00 2.0941834795e-09 -6.9465857511e-09
1.2575757576e+00 -1.1666666667e+00 0.0000000000e+00 2.0672267996e-09 -7.0470580500e-09
1.2878787879e+00 -1.1666666667e+00 0.0000000000e+00 2.0406622405e-09 -7.1510304936e-09
1.3181818182e+00 -1.1666666667e+00 0.0000000000e+00 2.0144970655e-09 -7.2585103451e-09
1.3484848485e+00 -1.1666666667e+00 0.0000000000e+00 1.9887368613e-09 -7.3695031913e-09
1.3787878788e+00 -1.1666666667e+00 0.0000000000e+00 1.9633856958e-09 -7.4840131002e-09
1.4090909091e+00 -1.1666666667e+00 0.0000000000e+00 1.9384462667e-09 -7.6020427691e-09
1.4393939394e+00 -1.1666666667e+00 0.0000000000e+00 1.9139200381e-09 -7.7235936626e-09
1.4696969697e+00 -1.1666666667e+00 0.0000000000e+00 1.8898073694e-09 -7.8486661398e-09
1.5000000000e+00 -1.1666666667e+00 0.0000000000e+00 1.8661076324e-09 -7.9772595725e-09
-1.5000000000e+00 -1.1363636364e+00 0.0000000000e+00 1.8843967748e-09 -7.8774438077e-09
-1.4696969697e+00 -1.1363636364e+00 0.0000000000e+00 1.9088005415e-09 -7.7495544047e-09
-1.4393939394e+00 -1.1363636364e+00 0.0000000000e+00 1.9336476470e-09 -7.6252163643e-09
-1.4090909091e+00 -1.1363636364e+00 0.0000000000e+00 1.9589399101e-09 -7.5044315054e-09
-1.3787878788e+00 -1.1363636364e+00 0.0000000000e+00 1.9846781738e-09 -7.3872006709e-09
-1.3484848485e+00 -1.1363636364e+00 0.0000000000e+00 2.0108621807e-09 -7.2735236036e-09
-1.3181818182e+00 -1.1363636364e+00 0.0000000000e+00 2.0374904378e-09 -7.1633988102e-09
-1.2878787879e+00 -1.1363636364e+00 0.0000000000e+00 2.0645600699e-09 -7.0568234158e-09
-1.2575757576e+00 -1.1363636364e+00 0.0000000000e+00 2.0920666618e-09 -6.9537930050e-09
-1.2272727273e+00 -1.1363636364e+00 0.0000000000e+00 2.1200040885e-09 -6.8543014530e-09
-1.1969696970e+00 -1.1363636364e+00 0.0000000000e+00 2.1483643333e-09 -6.7583407428e-09
-1.1666666667e+00 -1.1363636364e+00 0.0000000000e+00 2.1771372936e-09 -6.6659007721e-09
-1.1363636364e+00 -1.1363636364e+00 0.0000000000e+00 2.2063105759e-09 -6.5769691473e-09
-1.1060606061e+00 -1.1363636364e+00 0.0000000000e+00 2.2358692787e-09 -6.4915309667e-09
-1.0757575758e+00 -1.1363636364e+00 0.0000000000e+00 2.2657957649e-09 -6.4095685935e-09
-1.0454545455e+00 -1.1363636364e+00 0.0000000000e+00 2.2960694256e-09 -6.3310614186e-09
-1.0151515152e+00 -1.1363636364e+00 0.0000000000e+00 2.3266664356e-09 -6.2559856170e-09
-9.8484848485e-01 -1.1363636364e+00 0.0000000000e+00 2.3575595038e-09 -6.1843138973e-09
-9.5454545455e-01 -1.1363636364e+00 0.0000000000e+00 2.3887176199e-09 -6.1160152495e-09
-9.2424242424e-01 -1.1363636364e+00 0.0000000000e+00 2.4201058026e-09 -6.0510546922e-09
-8.9393939394e-01 -1.1363636364e+00 0.0000000000e+00 2.4516848510e-09 -5.9893930244e-09
-8.6363636364e-01 -1.1363636364e+00 0.0000000000e+00 2.4834111057e-09 -5.9309865868e-09
-8.3333333333e-01 -1.1363636364e+00 0.0000000000e+00 2.5152362245e-09 -5.8757870371e-09
-8.0303030303e-01 -1.1363636364e+00 0.0000000000e+00 2.5471069783e-09 -5.8237411464e-09
-7.7272727273e-01 -1.1363636364e+00 0.0000000000e+00 2.5789650762e-09 -5.7747906235e-09
-7.4242424242e-01 -1.1363636364e+00 0.0000000000e+00 2.6107470253e-09 -5.7288719758e-09
-7.1212121212e-01 -1.1363636364e+00 0.0000000000e+00 2.6423840359e-09 -5.6859164134e-09
-6.8181818182e-01 -1.1363636364e+00 0.0000000000e+00 2.6738019804e-09 -5.6458498089e-09
-6.5151515152e-01 -1.1363636364e+00 0.0000000000e+00 2.7049214160e-09 -5.6085927193e-09
-6.2121212121e-01 -1.1363636364e+00 0.0000000000e+00 2.7356576798e-09 -5.5740604818e-09
-5.9090909091e-01 -1.1363636364e+00 0.0000000000e+00 2.7659210690e-09 -5.5421633935e-09
-5.6060606061e-01 -1.1363636364e+00 0.0000000000e+00 2.7956171121e-09 -5.5128069830e-09
-5.3030303030e-01 -1.1363636364e+00 0.0000000000e+00 2.8246469425e-09 -5.4858923837e-09
-5.0000000000e-01 -1.1363636364e+00 0.0000000000e+00 2.8529077803e-09 -5.4613168156e-09
-4.6969696970e-01 -1.1363636364e+00 0.0000000000e+00 2.8802935275e-09 -5.4389741809e-09
-4.3939393939e-01 -1.1363636364e+00 0.0000000000e+00 2.9066954813e-09 -5.4187557766e-09
-4.0909090909e-01 -1.1363636364e+00 0.0000000000e+00 2.9320031631e-09 -5.4005511242e-09
-3.7878787879e-01 -1.1363636364e+00 0.0000000000e+00 2.9561052622e-09 -5.3842489130e-09
-3.4848484848e-01 -1.1363636364e+00 0.0000000000e+00 2.9788906859e-09 -5.3697380502e-09
-3.1818181818e-01 -1.1363636364e+00 0.0000000000e+00 3.0002497043e-09 -5.3569088059e-09
-2.8787878788e-01 -1.1363636364e+00 0.0000000000e+00 3.0200751751e-09 -5.3456540381e-09
-2.5757575758e-01 -1.1363636364e+00 0.0000000000e+00 3.0382638280e-09 -5.3358704761e-09
-2.2727272727e-01 -1.1363636364e+00 0.0000000000e+00 3.0547175833e-09 -5.3274600404e-09
-1.9696969697e-01 -1.1363636364e+00 0.0000000000e+00 3.0693448789e-09 -5.3203311688e-09
-1.6666666667e-01 -1.1363636364e+00 0.0000000000e+00 3.0820619730e-09 -5.3144001198e-09
-1.3636363636e-01 -1.1363636364e+00 0.0000000000e+00 3.0927941913e-09 -5.3095922187e-09
-1.0606060606e-01 -1.1363636364e+00 0.0000000000e+00 3.1014770833e-09 -5.3058430152e-09
-7.5757575758e-02 -1.1363636364e+00 0.0000000000e+00 3.1080574564e-09 -5.3030993167e-09
-4.5454545455e-02 -1.1363636364e+00 0.0000000000e+00 3.1124942563e-09 -5.3013200688e-09
-1.5151515152e-02 -1.1363636364e+00 0.0000000000e+00 3.1147592649e-09 -5.3004770535e-09
1.5151515152e-02 -1.1363636364e+00 0.0000000000e+00 3.1148375949e-09 -5.3005553835e-09
4.5454545455e-02 -1.1363636364e+00 0.0000000000e+00 3.1127279627e-09 -5.3015537752e-09
7.5757575758e-02 -1.1363636364e+00 0.0000000000e+00 3.1084427311e-09 -5.3034845913e-09
1.0606060606e-01 -1.1363636364e+00 0.0000000000e+00 3.1020077178e-09 -5.3063736496e-09
1.3636363636e-01 -1.1363636364e+00 0.0000000000e+00 3.0934617771e-09 -5.3102598044e-09
1.6666666667e-01 -1.1363636364e+00 0.0000000000e+00 3.0828561663e-09 -5.3151943131e-09
1.9696969697e-01 -1.1363636364e+00 0.0000000000e+00 3.0702537170e-09 -5.3212400070e-09
2.2727272727e-01 -1.1363636364e+00 0.0000000000e+00 3.0557278363e-09 -5.3284702934e-09
2.5757575758e-01 -1.1363636364e+00 0.0000000000e+00 3.0393613694e-09 -5.3369680174e-09
2.8787878788e-01 -1.1363636364e+00 0.0000000000e+00 3.0212453552e-09 -5.3468242182e-09
3.1818181818e-01 -1.1363636364e+00 0.0000000000e+00 3.0014777112e-09 -5.3581368129e-09
3.4848484848e-01 -1.1363636364e+00 0.0000000000e+00 2.9801618808e-09 -5.3710092450e-09
3.7878787879e-01 -1.1363636364e+00 0.0000000000e+00 2.9574054785e-09 -5.3855491292e-09
4.0909090909e-01 -1.1363636364e+00 0.0000000000e+00 2.9333189623e-09 -5.4018669234e-09
4.3939393939e-01 -1.1363636364e+00 0.0000000000e+00 2.9080143609e-09 -5.4200746563e-09
4.6969696970e-01 -1.1363636364e+00 0.0000000000e+00 2.8816040789e-09 -5.4402847323e-09
5.0000000000e-01 -1.1363636364e+00 0.0000000000e+00 2.8541997976e-09 -5.4626088329e-09
5.3030303030e-01 -1.1363636364e+00 0.0000000000e+00 2.8259114857e-09 -5.4871569269e-09
5.6060606061e-01 -1.1363636364e+00 0.0000000000e+00 2.7968465283e-09 -5.5140363992e-09
5.9090909091e-01 -1.1363636364e+00 0.0000000000e+00 2.7671089779e-09 -5.5433513024e-09
6.2121212121e-01 -1.1363636364e+00 0.0000000000e+00 2.7367989287e-09 -5.5752017307e-09
6.5151515152e-01 -1.1363636364e+00 0.0000000000e+00 2.7060120116e-09 -5.6096833149e-09
6.8181818182e-01 -1.1363636364e+00 0.0000000000e+00 2.6748390029e-09 -5.6468868314e-09
7.1212121212e-01 -1.1363636364e+00 0.0000000000e+00 2.6433655406e-09 -5.6868979181e-09
7.4242424242e-01 -1.1363636364e+00 0.0000000000e+00 2.6116719382e-09 -5.7297968887e-09
7.7272727273e-01 -1.1363636364e+00 0.0000000000e+00 2.5798330864e-09 -5.7756586338e-09
8.0303030303e-01 -1.1363636364e+00 0.0000000000e+00 2.5479184314e-09 -5.8245525995e-09
8.3333333333e-01 -1.1363636364e+00 0.0000000000e+00 2.5159920200e-09 -5.8765428326e-09
8.6363636364e-01 -1.1363636364e+00 0.0000000000e+00 2.4841126002e-09 -5.9316880812e-09
8.9393939394e-01 -1.1363636364e+00 0.0000000000e+00 2.4523337684e-09 -5.9900419418e-09
9.2424242424e-01 -1.1363636364e+00 0.0000000000e+00 2.4207041533e-09 -6.0516530428e-09
9.5454545455e-01 -1.1363636364e+00 0.0000000000e+00 2.3892676279e-09 -6.1165652575e-09
9.8484848485e-01 -1.1363636364e+00 0.0000000000e+00 2.3580635430e-09 -6.1848179366e-09
1.0151515152e+00 -1.1363636364e+00 0.0000000000e+00 2.3271269749e-09 -6.2564461563e-09
1.0454545455e+00 -1.1363636364e+00 0.0000000000e+00 2.2964889815e-09 -6.3314809745e-09
1.0757575758e+00 -1.1363636364e+00 0.0000000000e+00 2.2661768623e-09 -6.4099496909e-09
1.1060606061e+00 -1.1363636364e+00 0.0000000000e+00 2.2362144184e-09 -6.4918761064e-09
1.1363636364e+00 -1.1363636364e+00 0.0000000000e+00 2.2066222085e-09 -6.5772807798e-09
1.1666666667e+00 -1.1363636364e+00 0.0000000000e+00 2.1774177986e-09 -6.6661812771e-09
1.1969696970e+00 -1.1363636364e+00 0.0000000000e+00 2.1486160039e-09 -6.7585924134e-09
1.2272727273e+00 -1.1363636364e+00 0.0000000000e+00 2.1202291195e-09 -6.8545264839e-09
1.2575757576e+00 -1.1363636364e+00 0.0000000000e+00 2.0922671416e-09 -6.9539934848e-09
1.2878787879e+00 -1.1363636364e+00 0.0000000000e+00 2.0647379756e-09 -7.0570013215e-09
1.3181818182e+00 -1.1363636364e+00 0.0000000000e+00 2.0376476328e-09 -7.1635560052e-09
1.3484848485e+00 -1.1363636364e+00 0.0000000000e+00 2.0110004138e-09 -7.2736618367e-09
1.3787878788e+00 -1.1363636364e+00 0.0000000000e+00 1.9847990806e-09 -7.3873215777e-09
1.4090909091e+00 -1.1363636364e+00 0.0000000000e+00 1.9590450152e-09 -7.5045366105e-09
1.4393939394e+00 -1.1363636364e+00 0.0000000000e+00 1.9337383676e-09 -7.6253070849e-09
1.4696969697e+00 -1.1363636364e+00 0.0000000000e+00 1.9088781912e-09 -7.7496320545e-09
1.5000000000e+00 -1.1363636364e+00 0.0000000000e+00 1.8844625684e-09 -7.8775096014e-09
-1.5000000000e+00 -1.1060606061e+00 0.0000000000e+00 1.9028087245e-09 -7.7808588742e-09
-1.4696969697e+00 -1.1060606061e+00 0.0000000000e+00 1.9279449065e-09 -7.6537018864e-09
-1.4393939394e+00 -1.1060606061e+00 0.0000000000e+00 1.9535577036e-09 -7.5301295376e-09
-1.4090909091e+00 -1.1060606061e+00 0.0000000000e+00 1.9796503631e-09 -7.4101450751e-09
-1.3787878788e+00 -1.1060606061e+00 0.0000000000e+00 2.0062251813e-09 -7.2937507952e-09
-1.3484848485e+00 -1.1060606061e+00 0.0000000000e+00 2.0332833728e-09 -7.1809479123e-09
-1.3181818182e+00 -1.1060606061e+00 0.0000000000e+00 2.0608249267e-09 -7.0717364158e-09
-1.2878787879e+00 -1.1060606061e+00 0.0000000000e+00 2.0888484512e-09 -6.9661149138e-09
-1.2575757576e+00 -1.1060606061e+00 0.0000000000e+00 2.1173510038e-09 -6.8640804637e-09
-1.2272727273e+00 -1.1060606061e+00 0.0000000000e+00 2.1463279077e-09 -6.7656283889e-09
-1.1969696970e+00 -1.1060606061e+00 0.0000000000e+00 2.1757725547e-09 -6.6707520810e-09
-1.1666666667e+00 -1.1060606061e+00 0.0000000000e+00 2.2056761929e-09 -6.5794427881e-09
-1.1363636364e+00 -1.1060606061e+00 0.0000000000e+00 2.2360276999e-09 -6.4916893880e-09
-1.1060606061e+00 -1.1060606061e+00 0.0000000000e+00 2.2668133429e-09 -6.4074781477e-09
-1.0757575758e+00 -1.1060606061e+00 0.0000000000e+00 2.2980165237e-09 -6.3267924690e-09
-1.0454545455e+00 -1.1060606061e+00 0.0000000000e+00 2.3296175123e-09 -6.2496126221e-09
-1.0151515152e+00 -1.1060606061e+00 0.0000000000e+00 2.3615931688e-09 -6.1759154669e-09
-9.8484848485e-01 -1.1060606061e+00 0.0000000000e+00 2.3939166565e-09 -6.1056741668e-09
-9.5454545455e-01 -1.1060606061e+00 0.0000000000e+00 2.4265571482e-09 -6.0388578946e-09
-9.2424242424e-01 -1.1060606061e+00 0.0000000000e+00 2.4594795299e-09 -5.9754315361e-09
-8.9393939394e-01 -1.1060606061e+00 0.0000000000e+00 2.4926441046e-09 -5.9153553947e-09
-8.6363636364e-01 -1.1060606061e+00 0.0000000000e+00 2.5260063038e-09 -5.8585849016e-09
-8.3333333333e-01 -1.1060606061e+00 0.0000000000e+00 2.5595164093e-09 -5.8050703386e-09
-8.0303030303e-01 -1.1060606061e+00 0.0000000000e+00 2.5931192953e-09 -5.7547565800e-09
-7.7272727273e-01 -1.1060606061e+00 0.0000000000e+00 2.6267541974e-09 -5.7075828615e-09
-7.4242424242e-01 -1.1060606061e+00 0.0000000000e+00 2.6603545178e-09 -5.6634825851e-09
-7.1212121212e-01 -1.1060606061e+00 0.0000000000e+00 2.6938476768e-09 -5.6223831710e-09
-6.8181818182e-01 -1.1060606061e+00 0.0000000000e+00 2.7271550212e-09 -5.5842059664e-09
-6.5151515152e-01 -1.1060606061e+00 0.0000000000e+00 2.7601918024e-09 -5.5488662224e-09
-6.2121212121e-01 -1.1060606061e+00 0.0000000000e+00 2.7928672346e-09 -5.5162731532e-09
-5.9090909091e-01 -1.1060606061e+00 0.0000000000e+00 2.8250846463e-09 -5.4863300875e-09
-5.6060606061e-01 -1.1060606061e+00 0.0000000000e+00 2.8567417374e-09 -5.4589347250e-09
-5.3030303030e-01 -1.1060606061e+00 0.0000000000e+00 2.8877309522e-09 -5.4339795101e-09
-5.0000000000e-01 -1.1060606061e+00 0.0000000000e+00 2.9179399785e-09 -5.4113521305e-09
-4.6969696970e-01 -1.1060606061e+00 0.0000000000e+00 2.9472523808e-09 -5.3909361509e-09
-4.3939393939e-01 -1.1060606061e+00 0.0000000000e+00 2.9755483731e-09 -5.3726117851e-09
-4.0909090909e-01 -1.1060606061e+00 0.0000000000e+00 3.0027057318e-09 -5.3562568096e-09
-3.7878787879e-01 -1.1060606061e+00 0.0000000000e+00 3.0286008487e-09 -5.3417476161e-09
-3.4848484848e-01 -1.1060606061e+00 0.0000000000e+00 3.0531099146e-09 -5.3289603955e-09
-3.1818181818e-01 -1.1060606061e+00 0.0000000000e+00 3.0761102238e-09 -5.3177724421e-09
-2.8787878788e-01 -1.1060606061e+00 0.0000000000e+00 3.0974815808e-09 -5.3080635604e-09
-2.5757575758e-01 -1.1060606061e+00 0.0000000000e+00 3.1171077864e-09 -5.2997175511e-09
-2.2727272727e-01 -1.1060606061e+00 0.0000000000e+00 3.1348781746e-09 -5.2926237484e-09
-1.9696969697e-01 -1.1060606061e+00 0.0000000000e+00 3.1506891683e-09 -5.2866785750e-09
-1.6666666667e-01 -1.1060606061e+00 0.0000000000e+00 3.1644458148e-09 -5.2817870783e-09
-1.3636363636e-01 -1.1060606061e+00 0.0000000000e+00 3.1760632630e-09 -5.2778644071e-09
-1.0606060606e-01 -1.1060606061e+00 0.0000000000e+00 3.1854681395e-09 -5.2748371881e-09
-7.5757575758e-02 -1.1060606061e+00 0.0000000000e+00 3.1925997836e-09 -5.2726447606e-09
-4.5454545455e-02 -1.1060606061e+00 0.0000000000e+00 3.1974113019e-09 -5.2712402311e-09
-1.5151515152e-02 -1.1060606061e+00 0.0000000000e+00 3.1998704081e-09 -5.2705913135e-09
1.5151515152e-02 -1.1060606061e+00 0.0000000000e+00 3.1999600196e-09 -5.2706809249e-09
4.5454545455e-02 -1.1060606061e+00 0.0000000000e+00 3.1976785880e-09 -5.2715075172e-09
7.5757575758e-02 -1.1060606061e+00 0.0000000000e+00 3.1930401537e-09 -5.2730851307e-09
1.0606060606e-01 -1.1060606061e+00 0.0000000000e+00 3.1860741184e-09 -5.2754431670e-09
1.3636363636e-01 -1.1060606061e+00 0.0000000000e+00 3.1768247444e-09 -5.2786258885e-09
1.6666666667e-01 -1.1060606061e+00 0.0000000000e+00 3.1653503965e-09 -5.2826916600e-09
1.9696969697e-01 -1.1060606061e+00 0.0000000000e+00 3.1517225498e-09 -5.2877119565e-09
2.2727272727e-01 -1.1060606061e+00 0.0000000000e+00 3.1360245976e-09 -5.2937701714e-09
2.5757575758e-01 -1.1060606061e+00 0.0000000000e+00 3.1183504956e-09 -5.3009602604e-09
2.8787878788e-01 -1.1060606061e+00 0.0000000000e+00 3.0988032852e-09 -5.3093852648e-09
3.1818181818e-01 -1.1060606061e+00 0.0000000000e+00 3.0774935371e-09 -5.3191557555e-09
3.4848484848e-01 -1.1060606061e+00 0.0000000000e+00 3.0545377608e-09 -5.3303882418e-09
3.7878787879e-01 -1.1060606061e+00 0.0000000000e+00 3.0300568184e-09 -5.3432035858e-09
4.0909090909e-01 -1.1060606061e+00 0.0000000000e+00 3.0041743810e-09 -5.3577254588e-09
4.3939393939e-01 -1.1060606061e+00 0.0000000000e+00 2.9770154601e-09 -5.3740788721e-09
4.6969696970e-01 -1.1060606061e+00 0.0000000000e+00 2.9487050400e-09 -5.3923888101e-09
5.0000000000e-01 -1.1060606061e+00 0.0000000000e+00 2.9193668324e-09 -5.4127789845e-09
5.3030303030e-01 -1.1060606061e+00 0.0000000000e+00 2.8891221676e-09 -5.4353707255e-09
5.6060606061e-01 -1.1060606061e+00 0.0000000000e+00 2.8580890311e-09 -5.4602820187e-09
5.9090909091e-01 -1.1060606061e+00 0.0000000000e+00 2.8263812484e-09 -5.4876266896e-09
6.2121212121e-01 -1.1060606061e+00 0.0000000000e+00 2.7941078179e-09 -5.5175137366e-09
6.5151515152e-01 -1.1060606061e+00 0.0000000000e+00 2.7613723851e-09 -5.5500468051e-09
6.8181818182e-01 -1.1060606061e+00 0.0000000000e+00 2.7282728513e-09 -5.5853237965e-09
7.1212121212e-01 -1.1060606061e+00 0.0000000000e+00 2.6949011053e-09 -5.6234365995e-09
7.4242424242e-01 -1.1060606061e+00 0.0000000000e+00 2.6613428661e-09 -5.6644709333e-09
7.7272727273e-01 -1.1060606061e+00 0.0000000000e+00 2.6276776244e-09 -5.7085062885e-09
8.0303030303e-01 -1.1060606061e+00 0.0000000000e+00 2.5939786683e-09 -5.7556159531e-09
8.3333333333e-01 -1.1060606061e+00 0.0000000000e+00 2.5603131813e-09 -5.8058671107e-09
8.6363636364e-01 -1.1060606061e+00 0.0000000000e+00 2.5267424000e-09 -5.8593209977e-09
8.9393939394e-01 -1.1060606061e+00 0.0000000000e+00 2.4933218185e-09 -5.9160331086e-09
9.2424242424e-01 -1.1060606061e+00 0.0000000000e+00 2.4601014313e-09 -5.9760534375e-09
9.5454545455e-01 -1.1060606061e+00 0.0000000000e+00 2.4271260018e-09 -6.0394267481e-09
9.8484848485e-01 -1.1060606061e+00 0.0000000000e+00 2.3944353514e-09 -6.1061928617e-09
1.0151515152e+00 -1.1060606061e+00 0.0000000000e+00 2.3620646591e-09 -6.1763869571e-09
1.0454545455e+00 -1.1060606061e+00 0.0000000000e+00 2.3300447667e-09 -6.2500398765e-09
1.0757575758e+00 -1.1060606061e+00 0.0000000000e+00 2.2984024849e-09 -6.3271784301e-09
1.1060606061e+00 -1.1060606061e+00 0.0000000000e+00 2.2671608942e-09 -6.4078256989e-09
1.1363636364e+00 -1.1060606061e+00 0.0000000000e+00 2.2363396398e-09 -6.4920013278e-09
1.1666666667e+00 -1.1060606061e+00 0.0000000000e+00 2.2059552150e-09 -6.5797218102e-09
1.1969696970e+00 -1.1060606061e+00 0.0000000000e+00 2.1760212339e-09 -6.6710007602e-09
1.2272727273e+00 -1.1060606061e+00 0.0000000000e+00 2.1465486900e-09 -6.7658491711e-09
1.2575757576e+00 -1.1060606061e+00 0.0000000000e+00 2.1175462003e-09 -6.8642756602e-09
1.2878787879e+00 -1.1060606061e+00 0.0000000000e+00 2.0890202355e-09 -6.9662866981e-09
1.3181818182e+00 -1.1060606061e+00 0.0000000000e+00 2.0609753341e-09 -7.0718868232e-09
1.3484848485e+00 -1.1060606061e+00 0.0000000000e+00 2.0334143023e-09 -7.1810788418e-09
1.3787878788e+00 -1.1060606061e+00 0.0000000000e+00 2.0063383987e-09 -7.2938640125e-09
1.4090909091e+00 -1.1060606061e+00 0.0000000000e+00 1.9797475052e-09 -7.4102422172e-09
1.4393939394e+00 -1.1060606061e+00 0.0000000000e+00 1.9536402837e-09 -7.5302121177e-09
1.4696969697e+00 -1.1060606061e+00 0.0000000000e+00 1.9280143202e-09 -7.6537713001e-09
1.5000000000e+00 -1.1060606061e+00 0.0000000000e+00 1.9028662558e-09 -7.7809164055e-09
-1.5000000000e+00 -1.0757575758e+00 0.0000000000e+00 1.9212531936e-09 -7.6874144839e-09
-1.4696969697e+00 -1.0757575758e+00 0.0000000000e+00 1.9471380014e-09 -7.5610061219e-09
-1.4393939394e+00 -1.0757575758e+00 0.0000000000e+00 1.9735344675e-09 -7.4382174421e-09
-1.4090909091e+00 -1.0757575758e+00 0.0000000000e+00 2.0004474282e-09 -7.3190532808e-09
-1.3787878788e+00 -1.0757575758e+00 0.0000000000e+00 2.0278808066e-09 -7.2035175611e-09
-1.3484848485e+00 -1.0757575758e+00 0.0000000000e+00 2.0558374753e-09 -7.0916131554e-09
-1.3181818182e+00 -1.0757575758e+00 0.0000000000e+00 2.0843191052e-09 -6.9833417350e-09
-1.2878787879e+00 -1.0757575758e+00 0.0000000000e+00 2.1133260010e-09 -6.8787036042e-09
-1.2575757576e+00 -1.0757575758e+00 0.0000000000e+00 2.1428569194e-09 -6.7776975199e-09
-1.2272727273e+00 -1.0757575758e+00 0.0000000000e+00 2.1729088729e-09 -6.6803204946e-09
-1.1969696970e+00 -1.0757575758e+00 0.0000000000e+00 2.2034769161e-09 -6.5865675829e-09
-1.1666666667e+00 -1.0757575758e+00 0.0000000000e+00 2.2345539147e-09 -6.4964316505e-09
-1.1363636364e+00 -1.0757575758e+00 0.0000000000e+00 2.2661302977e-09 -6.4099031263e-09
-1.1060606061e+00 -1.0757575758e+00 0.0000000000e+00 2.2981937913e-09 -6.3269697366e-09
-1.0757575758e+00 -1.0757575758e+00 0.0000000000e+00 2.3307291362e-09 -6.2476162220e-09
-1.0454545455e+00 -1.0757575758e+00 0.0000000000e+00 2.3637177878e-09 -6.1718240382e-09
-1.0151515152e+00 -1.0757575758e+00 0.0000000000e+00 2.3971376026e-09 -6.0995710413e-09
-9.8484848485e-01 -1.0757575758e+00 0.0000000000e+00 2.4309625093e-09 -6.0308311602e-09
-9.5454545455e-01 -1.0757575758e+00 0.0000000000e+00 2.4651621707e-09 -5.9655740576e-09
-9.2424242424e-01 -1.0757575758e+00 0.0000000000e+00 2.4997016369e-09 -5.9037647837e-09
-8.9393939394e-01 -1.0757575758e+00 0.0000000000e+00 2.5345409966e-09 -5.8453634272e-09
-8.6363636364e-01 -1.0757575758e+00 0.0000000000e+00 2.5696350289e-09 -5.7903247672e-09
-8.3333333333e-01 -1.0757575758e+00 0.0000000000e+00 2.6049328653e-09 -5.7385979352e-09
-8.0303030303e-01 -1.0757575758e+00 0.0000000000e+00 2.6403776667e-09 -5.6901260920e-09
-7.7272727273e-01 -1.0757575758e+00 0.0000000000e+00 2.6759063263e-09 -5.6448461309e-09
-7.4242424242e-01 -1.0757575758e+00 0.0000000000e+00 2.7114492077e-09 -5.6026884155e-09
-7.1212121212e-01 -1.0757575758e+00 0.0000000000e+00 2.7469299307e-09 -5.5635765656e-09
-6.8181818182e-01 -1.0757575758e+00 0.0000000000e+00 2.7822652162e-09 -5.5274273020e-09
-6.5151515152e-01 -1.0757575758e+00 0.0000000000e+00 2.8173648055e-09 -5.4941503661e-09
-6.2121212121e-01 -1.0757575758e+00 0.0000000000e+00 2.8521314679e-09 -5.4636485271e-09
-5.9090909091e-01 -1.0757575758e+00 0.0000000000e+00 2.8864611119e-09 -5.4358176937e-09
-5.6060606061e-01 -1.0757575758e+00 0.0000000000e+00 2.9202430146e-09 -5.4105471428e-09
-5.3030303030e-01 -1.0757575758e+00 0.0000000000e+00 2.9533601850e-09 -5.3877198835e-09
-5.0000000000e-01 -1.0757575758e+00 0.0000000000e+00 2.9856898726e-09 -5.3672131653e-09
-4.6969696970e-01 -1.0757575758e+00 0.0000000000e+00 3.0171042342e-09 -5.3488991449e-09
-4.3939393939e-01 -1.0757575758e+00 0.0000000000e+00 3.0474711656e-09 -5.3326457182e-09
-4.0909090909e-01 -1.0757575758e+00 0.0000000000e+00 3.0766553034e-09 -5.3183175218e-09
-3.7878787879e-01 -1.0757575758e+00 0.0000000000e+00 3.1045191964e-09 -5.3057771044e-09
-3.4848484848e-01 -1.0757575758e+00 0.0000000000e+00 3.1309246395e-09 -5.2948862611e-09
-3.1818181818e-01 -1.0757575758e+00 0.0000000000e+00 3.1557341595e-09 -5.2855075184e-09
-2.8787878788e-01 -1.0757575758e+00 0.0000000000e+00 3.1788126317e-09 -5.2775057519e-09
-2.5757575758e-01 -1.0757575758e+00 0.0000000000e+00 3.2000290029e-09 -5.2707499082e-09
-2.2727272727e-01 -1.0757575758e+00 0.0000000000e+00 3.2192580861e-09 -5.2651148004e-09
-1.9696969697e-01 -1.0757575758e+00 0.0000000000e+00 3.2363823889e-09 -5.2604829362e-09
-1.6666666667e-01 -1.0757575758e+00 0.0000000000e+00 3.2512939297e-09 -5.2567463337e-09
-1.3636363636e-01 -1.0757575758e+00 0.0000000000e+00 3.2638959930e-09 -5.2538082776e-09
-1.0606060606e-01 -1.0757575758e+00 0.0000000000e+00 3.2741047732e-09 -5.2515849624e-09
-7.5757575758e-02 -1.0757575758e+00 0.0000000000e+00 3.2818508562e-09 -5.2500069737e-09
-4.5454545455e-02 -1.0757575758e+00 0.0000000000e+00 3.2870804886e-09 -5.2490205584e-09
-1.5151515152e-02 -1.0757575758e+00 0.0000000000e+00 3.2897565927e-09 -5.2485886387e-09
1.5151515152e-02 -1.0757575758e+00 0.0000000000e+00 3.2898594892e-09 -5.2486915351e-09
4.5454545455e-02 -1.0757575758e+00 0.0000000000e+00 3.2873873010e-09 -5.2493273708e-09
7.5757575758e-02 -1.0757575758e+00 0.0000000000e+00 3.2823560223e-09 -5.2505121399e-09
1.0606060606e-01 -1.0757575758e+00 0.0000000000e+00 3.2747992479e-09 -5.2522794371e-09
1.3636363636e-01 -1.0757575758e+00 0.0000000000e+00 3.2647675714e-09 -5.2546798561e-09
1.6666666667e-01 -1.0757575758e+00 0.0000000000e+00 3.2523276729e-09 -5.2577800769e-09
1.9696969697e-01 -1.0757575758e+00 0.0000000000e+00 3.2375611272e-09 -5.2616616744e-09
2.2727272727e-01 -1.0757575758e+00 0.0000000000e+00 3.2205629733e-09 -5.2664196876e-09
2.5757575758e-01 -1.0757575758e+00 0.0000000000e+00 3.2014400926e-09 -5.2721609979e-09
2.8787878788e-01 -1.0757575758e+00 0.0000000000e+00 3.1803094479e-09 -5.2790025681e-09
3.1818181818e-01 -1.0757575758e+00 0.0000000000e+00 3.1572962373e-09 -5.2870695962e-09
3.4848484848e-01 -1.0757575758e+00 0.0000000000e+00 3.1325320153e-09 -5.2964936369e-09
3.7878787879e-01 -1.0757575758e+00 0.0000000000e+00 3.1061528323e-09 -5.3074107403e-09
4.0909090909e-01 -1.0757575758e+00 0.0000000000e+00 3.0782974356e-09 -5.3199596539e-09
4.3939393939e-01 -1.0757575758e+00 0.0000000000e+00 3.0491055724e-09 -5.3342801249e-09
4.6969696970e-01 -1.0757575758e+00 0.0000000000e+00 3.0187164237e-09 -5.3505113343e-09
5.0000000000e-01 -1.0757575758e+00 0.0000000000e+00 2.9872671936e-09 -5.3687904863e-09
5.3030303030e-01 -1.0757575758e+00 0.0000000000e+00 2.9548918693e-09 -5.3892515678e-09
5.6060606061e-01 -1.0757575758e+00 0.0000000000e+00 2.9217201589e-09 -5.4120242871e-09
5.9090909091e-01 -1.0757575758e+00 0.0000000000e+00 2.8878766104e-09 -5.4372331921e-09
6.2121212121e-01 -1.0757575758e+00 0.0000000000e+00 2.8534799061e-09 -5.4649969653e-09
6.5151515152e-01 -1.0757575758e+00 0.0000000000e+00 2.8186423258e-09 -5.4954278864e-09
6.8181818182e-01 -1.0757575758e+00 0.0000000000e+00 2.7834693647e-09 -5.5286314505e-09
7.1212121212e-01 -1.0757575758e+00 0.0000000000e+00 2.7480594942e-09 -5.5647061290e-09
7.4242424242e-01 -1.0757575758e+00 0.0000000000e+00 2.7125040472e-09 -5.6037432550e-09
7.7272727273e-01 -1.0757575758e+00 0.0000000000e+00 2.6768872142e-09 -5.6458270188e-09
8.0303030303e-01 -1.0757575758e+00 0.0000000000e+00 2.6412861309e-09 -5.6910345562e-09
8.3333333333e-01 -1.0757575758e+00 0.0000000000e+00 2.6057710437e-09 -5.7394361136e-09
8.6363636364e-01 -1.0757575758e+00 0.0000000000e+00 2.5704055371e-09 -5.7910952754e-09
8.9393939394e-01 -1.0757575758e+00 0.0000000000e+00 2.5352468091e-09 -5.8460692397e-09
9.2424242424e-01 -1.0757575758e+00 0.0000000000e+00 2.5003459830e-09 -5.9044091299e-09
9.5454545455e-01 -1.0757575758e+00 0.0000000000e+00 2.4657484441e-09 -5.9661603310e-09
9.8484848485e-01 -1.0757575758e+00 0.0000000000e+00 2.4314941919e-09 -6.0313628427e-09
1.0151515152e+00 -1.0757575758e+00 0.0000000000e+00 2.3976182002e-09 -6.1000516389e-09
1.0454545455e+00 -1.0757575758e+00 0.0000000000e+00 2.3641507784e-09 -6.1722570287e-09
1.0757575758e+00 -1.0757575758e+00 0.0000000000e+00 2.3311179278e-09 -6.2480050136e-09
1.1060606061e+00 -1.0757575758e+00 0.0000000000e+00 2.2985416896e-09 -6.3273176349e-09
1.1363636364e+00 -1.0757575758e+00 0.0000000000e+00 2.2664404812e-09 -6.4102133098e-09
1.1666666667e+00 -1.0757575758e+00 0.0000000000e+00 2.2348294171e-09 -6.4967071528e-09
1.1969696970e+00 -1.0757575758e+00 0.0000000000e+00 2.2037206142e-09 -6.5868112810e-09
1.2272727273e+00 -1.0757575758e+00 0.0000000000e+00 2.1731234796e-09 -6.6805351013e-09
1.2575757576e+00 -1.0757575758e+00 0.0000000000e+00 2.1430449801e-09 -6.7778855806e-09
1.2878787879e+00 -1.0757575758e+00 0.0000000000e+00 2.1134898938e-09 -6.8788674969e-09
1.3181818182e+00 -1.0757575758e+00 0.0000000000e+00 2.0844610429e-09 -6.9834836727e-09
1.3484848485e+00 -1.0757575758e+00 0.0000000000e+00 2.0559595100e-09 -7.0917351901e-09
1.3787878788e+00 -1.0757575758e+00 0.0000000000e+00 2.0279848355e-09 -7.2036215899e-09
1.4090909091e+00 -1.0757575758e+00 0.0000000000e+00 2.0005352000e-09 -7.3191410526e-09
1.4393939394e+00 -1.0757575758e+00 0.0000000000e+00 1.9736075901e-09 -7.4382905647e-09
1.4696969697e+00 -1.0757575758e+00 0.0000000000e+00 1.9471979500e-09 -7.5610660705e-09
1.5000000000e+00 -1.0757575758e+00 0.0000000000e+00 1.9213013184e-09 -7.6874626086e-09
-1.5000000000e+00 -1.0454545455e+00 0.0000000000e+00 1.9397115808e-09 -7.5970920355e-09
-1.4696969697e+00 -1.0454545455e+00 0.0000000000e+00 1.9663606994e-09 -7.4714479843e-09
-1.4393939394e+00 -1.0454545455e+00 0.0000000000e+00 1.9935583203e-09 -7.3494604593e-09
-1.4090909091e+00 -1.0454545455e+00 0.0000000000e+00 2.0213110405e-09 -7.2311360575e-09
-1.3787878788e+00 -1.0454545455e+00 0.0000000000e+00 2.0496245953e-09 -7.1164805142e-09
-1.3484848485e+00 -1.0454545455e+00 0.0000000000e+00 2.0785037158e-09 -7.0054985604e-09
-1.3181818182e+00 -1.0454545455e+00 0.0000000000e+00 2.1079519708e-09 -6.8981937650e-09
-1.2878787879e+00 -1.0454545455e+00 0.0000000000e+00 2.1379715928e-09 -6.7945683605e-09
-1.2575757576e+00 -1.0454545455e+00 0.0000000000e+00 2.1685632866e-09 -6.6946230515e-09
-1.2272727273e+00 -1.0454545455e+00 0.0000000000e+00 2.1997260185e-09 -6.5983568047e-09
-1.1969696970e+00 -1.0454545455e+00 0.0000000000e+00 2.2314567878e-09 -6.5057666191e-09
-1.1666666667e+00 -1.0454545455e+00 0.0000000000e+00 2.2637503763e-09 -6.4168472766e-09
-1.1363636364e+00 -1.0454545455e+00 0.0000000000e+00 2.2965990782e-09 -6.3315910712e-09
-1.1060606061e+00 -1.0454545455e+00 0.0000000000e+00 2.3299924078e-09 -6.2499875175e-09
-1.0757575758e+00 -1.0454545455e+00 0.0000000000e+00 2.3639167869e-09 -6.1720230372e-09
-1.0454545455e+00 -1.0454545455e+00 0.0000000000e+00 2.3983552103e-09 -6.0976806251e-09
-1.0151515152e+00 -1.0454545455e+00 0.0000000000e+00 2.4332868923e-09 -6.0269394954e-09
-9.8484848485e-01 -1.0454545455e+00 0.0000000000e+00 2.4686868936e-09 -5.9597747088e-09
-9.5454545455e-01 -1.0454545455e+00 0.0000000000e+00 2.5045257329e-09 -5.8961567842e-09
-9.2424242424e-01 -1.0454545455e+00 0.0000000000e+00 2.5407689855e-09 -5.8360512968e-09
-8.9393939394e-01 -1.0454545455e+00 0.0000000000e+00 2.5773768727e-09 -5.7794184678e-09
-8.6363636364e-01 -1.0454545455e+00 0.0000000000e+00 2.6143038487e-09 -5.7262127514e-09
-8.3333333333e-01 -1.0454545455e+00 0.0000000000e+00 2.6514981904e-09 -5.6763824247e-09
-8.0303030303e-01 -1.0454545455e+00 0.0000000000e+00 2.6889016003e-09 -5.6298691901e-09
-7.7272727273e-01 -1.0454545455e+00 0.0000000000e+00 2.7264488301e-09 -5.5866077992e-09
-7.4242424242e-01 -1.0454545455e+00 0.0000000000e+00 2.7640673386e-09 -5.5465257109e-09
-7.1212121212e-01 -1.0454545455e+00 0.0000000000e+00 2.8016769960e-09 -5.5095427953e-09
-6.8181818182e-01 -1.0454545455e+00 0.0000000000e+00 2.8391898500e-09 -5.4755711002e-09
-6.5151515152e-01 -1.0454545455e+00 0.0000000000e+00 2.8765099699e-09 -5.4445146949e-09
-6.2121212121e-01 -1.0454545455e+00 0.0000000000e+00 2.9135333862e-09 -5.4162696098e-09
-5.9090909091e-01 -1.0454545455e+00 0.0000000000e+00 2.9501481449e-09 -5.3907238911e-09
-5.6060606061e-01 -1.0454545455e+00 0.0000000000e+00 2.9862344944e-09 -5.3677577871e-09
-5.3030303030e-01 -1.0454545455e+00 0.0000000000e+00 3.0216652243e-09 -5.3472440873e-09
-5.0000000000e-01 -1.0454545455e+00 0.0000000000e+00 3.0563061731e-09 -5.3290486302e-09
-4.6969696970e-01 -1.0454545455e+00 0.0000000000e+00 3.0900169204e-09 -5.3130309955e-09
-4.3939393939e-01 -1.0454545455e+00 0.0000000000e+00 3.1226516755e-09 -5.2990453925e-09
-4.0909090909e-01 -1.0454545455e+00 0.0000000000e+00 3.1540603702e-09 -5.2869417530e-09
-3.7878787879e-01 -1.0454545455e+00 0.0000000000e+00 3.1840899582e-09 -5.2765670307e-09
-3.4848484848e-01 -1.0454545455e+00 0.0000000000e+00 3.2125859165e-09 -5.2677667025e-09
-3.1818181818e-01 -1.0454545455e+00 0.0000000000e+00 3.2393939358e-09 -5.2603864592e-09
-2.8787878788e-01 -1.0454545455e+00 0.0000000000e+00 3.2643617814e-09 -5.2542740660e-09
-2.5757575758e-01 -1.0454545455e+00 0.0000000000e+00 3.2873412918e-09 -5.2492813615e-09
-2.2727272727e-01 -1.0454545455e+00 0.0000000000e+00 3.3081904799e-09 -5.2452663587e-09
-1.9696969697e-01 -1.0454545455e+00 0.0000000000e+00 3.3267756874e-09 -5.2420953991e-09
-1.6666666667e-01 -1.0454545455e+00 0.0000000000e+00 3.3429737387e-09 -5.2396453072e-09
-1.3636363636e-01 -1.0454545455e+00 0.0000000000e+00 3.3566740360e-09 -5.2378054851e-09
-1.0606060606e-01 -1.0454545455e+00 0.0000000000e+00 3.3677805299e-09 -5.2364798835e-09
-7.5757575758e-02 -1.0454545455e+00 0.0000000000e+00 3.3762135040e-09 -5.2355887860e-09
-4.5454545455e-02 -1.0454545455e+00 0.0000000000e+00 3.3819111104e-09 -5.2350703446e-09
-1.5151515152e-02 -1.0454545455e+00 0.0000000000e+00 3.3848306021e-09 -5.2348818125e-09
1.5151515152e-02 -1.0454545455e+00 0.0000000000e+00 3.3849492140e-09 -5.2350004244e-09
4.5454545455e-02 -1.0454545455e+00 0.0000000000e+00 3.3822646581e-09 -5.2354238924e-09
7.5757575758e-02 -1.0454545455e+00 0.0000000000e+00 3.3767952126e-09 -5.2361704946e-09
1.0606060606e-01 -1.0454545455e+00 0.0000000000e+00 3.3685793975e-09 -5.2372787511e-09
1.3636363636e-01 -1.0454545455e+00 0.0000000000e+00 3.3576752484e-09 -5.2388066975e-09
1.6666666667e-01 -1.0454545455e+00 0.0000000000e+00 3.3441592143e-09 -5.2408307828e-09
1.9696969697e-01 -1.0454545455e+00 0.0000000000e+00 3.3281247178e-09 -5.2434444295e-09
2.2727272727e-01 -1.0454545455e+00 0.0000000000e+00 3.3096804312e-09 -5.2467563100e-09
2.5757575758e-01 -1.0454545455e+00 0.0000000000e+00 3.2889483277e-09 -5.2508883975e-09
2.8787878788e-01 -1.0454545455e+00 0.0000000000e+00 3.2660615732e-09 -5.2559738579e-09
3.1818181818e-01 -1.0454545455e+00 0.0000000000e+00 3.2411623270e-09 -5.2621548504e-09
3.4848484848e-01 -1.0454545455e+00 0.0000000000e+00 3.2143995166e-09 -5.2695803025e-09
3.7878787879e-01 -1.0454545455e+00 0.0000000000e+00 3.1859266477e-09 -5.2784037202e-09
4.0909090909e-01 -1.0454545455e+00 0.0000000000e+00 3.1558997051e-09 -5.2887810879e-09
4.3939393939e-01 -1.0454545455e+00 0.0000000000e+00 3.1244751873e-09 -5.3008689044e-09
4.6969696970e-01 -1.0454545455e+00 0.0000000000e+00 3.0918083142e-09 -5.3148223893e-09
5.0000000000e-01 -1.0454545455e+00 0.0000000000e+00 3.0580514300e-09 -5.3307938871e-09
5.3030303030e-01 -1.0454545455e+00 0.0000000000e+00 3.0233526198e-09 -5.3489314827e-09
5.6060606061e-01 -1.0454545455e+00 0.0000000000e+00 2.9878545453e-09 -5.3693778380e-09
5.9090909091e-01 -1.0454545455e+00 0.0000000000e+00 2.9516934991e-09 -5.3922692454e-09
6.2121212121e-01 -1.0454545455e+00 0.0000000000e+00 2.9149986695e-09 -5.4177348931e-09
6.5151515152e-01 -1.0454545455e+00 0.0000000000e+00 2.8778916027e-09 -5.4458963277e-09
6.8181818182e-01 -1.0454545455e+00 0.0000000000e+00 2.8404858472e-09 -5.4768670974e-09
7.1212121212e-01 -1.0454545455e+00 0.0000000000e+00 2.8028867588e-09 -5.5107525581e-09
7.4242424242e-01 -1.0454545455e+00 0.0000000000e+00 2.7651914478e-09 -5.5476498201e-09
7.7272727273e-01 -1.0454545455e+00 0.0000000000e+00 2.7274888472e-09 -5.5876478162e-09
8.0303030303e-01 -1.0454545455e+00 0.0000000000e+00 2.6898598805e-09 -5.6308274703e-09
8.3333333333e-01 -1.0454545455e+00 0.0000000000e+00 2.6523777122e-09 -5.6772619465e-09
8.6363636364e-01 -1.0454545455e+00 0.0000000000e+00 2.6151080602e-09 -5.7270169629e-09
8.9393939394e-01 -1.0454545455e+00 0.0000000000e+00 2.5781095571e-09 -5.7801511522e-09
9.2424242424e-01 -1.0454545455e+00 0.0000000000e+00 2.5414341445e-09 -5.8367164558e-09
9.5454545455e-01 -1.0454545455e+00 0.0000000000e+00 2.5051274881e-09 -5.8967585394e-09
9.8484848485e-01 -1.0454545455e+00 0.0000000000e+00 2.4692294041e-09 -5.9603172194e-09
1.0151515152e+00 -1.0454545455e+00 0.0000000000e+00 2.4337742883e-09 -6.0274268914e-09
1.0454545455e+00 -1.0454545455e+00 0.0000000000e+00 2.3987915391e-09 -6.0981169538e-09
1.0757575758e+00 -1.0454545455e+00 0.0000000000e+00 2.3643059717e-09 -6.1724122220e-09
1.1060606061e+00 -1.0454545455e+00 0.0000000000e+00 2.3303382169e-09 -6.2503333266e-09
1.1363636364e+00 -1.0454545455e+00 0.0000000000e+00 2.2969051025e-09 -6.3318970955e-09
1.1666666667e+00 -1.0454545455e+00 0.0000000000e+00 2.2640200147e-09 -6.4171169149e-09
1.1969696970e+00 -1.0454545455e+00 0.0000000000e+00 2.2316932382e-09 -6.5060030695e-09
1.2272727273e+00 -1.0454545455e+00 0.0000000000e+00 2.1999322746e-09 -6.5985630607e-09
1.2575757576e+00 -1.0454545455e+00 0.0000000000e+00 2.1687421377e-09 -6.6948019027e-09
1.2878787879e+00 -1.0454545455e+00 0.0000000000e+00 2.1381256278e-09 -6.7947223955e-09
1.3181818182e+00 -1.0454545455e+00 0.0000000000e+00 2.1080835833e-09 -6.8983253775e-09
1.3484848485e+00 -1.0454545455e+00 0.0000000000e+00 2.0786151122e-09 -7.0056099568e-09
1.3787878788e+00 -1.0454545455e+00 0.0000000000e+00 2.0497178032e-09 -7.1165737220e-09
1.4090909091e+00 -1.0454545455e+00 0.0000000000e+00 2.0213879183e-09 -7.2312129353e-09
1.4393939394e+00 -1.0454545455e+00 0.0000000000e+00 1.9936205674e-09 -7.3495227065e-09
1.4696969697e+00 -1.0454545455e+00 0.0000000000e+00 1.9664098664e-09 -7.4714971514e-09
1.5000000000e+00 -1.0454545455e+00 0.0000000000e+00 1.9397490796e-09 -7.5971295343e-09
-1.5000000000e+00 -1.0151515152e+00 0.0000000000e+00 1.9581639486e-09 -7.5098715916e-09
-1.4696969697e+00 -1.0151515152e+00 0.0000000000e+00 1.9855924214e-09 -7.3850068947e-09
-1.4393939394e+00 -1.0151515152e+00 0.0000000000e+00 2.0136080676e-09 -7.2638373949e-09
-1.4090909091e+00 -1.0151515152e+00 0.0000000000e+00 2.0422194269e-09 -7.1463716322e-09
-1.3787878788e+00 -1.0151515152e+00 0.0000000000e+00 2.0714342449e-09 -7.0326173521e-09
-1.3484848485e+00 -1.0151515152e+00 0.0000000000e+00 2.1012593259e-09 -6.9225813588e-09
-1.3181818182e+00 -1.0151515152e+00 0.0000000000e+00 2.1317003691e-09 -6.8162693515e-09
-1.2878787879e+00 -1.0151515152e+00 0.0000000000e+00 2.1627617861e-09 -6.7136857420e-09
-1.2575757576e+00 -1.0151515152e+00 0.0000000000e+00 2.1944464999e-09 -6.6148334532e-09
-1.2272727273e+00 -1.0151515152e+00 0.0000000000e+00 2.2267557215e-09 -6.5197136960e-09
-1.1969696970e+00 -1.0151515152e+00 0.0000000000e+00 2.2596887054e-09 -6.4283257250e-09
-1.1666666667e+00 -1.0151515152e+00 0.0000000000e+00 2.2932424806e-09 -6.3406665691e-09
-1.1363636364e+00 -1.0151515152e+00 0.0000000000e+00 2.3274115576e-09 -6.2567307389e-09
-1.1060606061e+00 -1.0151515152e+00 0.0000000000e+00 2.3621876097e-09 -6.1765099078e-09
-1.0757575758e+00 -1.0151515152e+00 0.0000000000e+00 2.3975591287e-09 -6.0999925674e-09
-1.0454545455e+00 -1.0151515152e+00 0.0000000000e+00 2.4335110539e-09 -6.0271636569e-09
-1.0151515152e+00 -1.0151515152e+00 0.0000000000e+00 2.4700243758e-09 -5.9580041672e-09
-9.8484848485e-01 -1.0151515152e+00 0.0000000000e+00 2.5070757160e-09 -5.8924907196e-09
-9.5454545455e-01 -1.0151515152e+00 0.0000000000e+00 2.5446368831e-09 -5.8305951228e-09
-9.2424242424e-01 -1.0151515152e+00 0.0000000000e+00 2.5826744104e-09 -5.7722839100e-09
-8.9393939394e-01 -1.0151515152e+00 0.0000000000e+00 2.6211490771e-09 -5.7175178605e-09
-8.6363636364e-01 -1.0151515152e+00 0.0000000000e+00 2.6600154203e-09 -5.6662515114e-09
-8.3333333333e-01 -1.0151515152e+00 0.0000000000e+00 2.6992212434e-09 -5.6184326661e-09
-8.0303030303e-01 -1.0151515152e+00 0.0000000000e+00 2.7387071314e-09 -5.5740019095e-09
-7.7272727273e-01 -1.0151515152e+00 0.0000000000e+00 2.7784059817e-09 -5.5328921391e-09
-7.4242424242e-01 -1.0151515152e+00 0.0000000000e+00 2.8182425659e-09 -5.4950281265e-09
-7.1212121212e-01 -1.0151515152e+00 0.0000000000e+00 2.8581331353e-09 -5.4603261230e-09
-6.8181818182e-01 -1.0151515152e+00 0.0000000000e+00 2.8979850887e-09 -5.4286935273e-09
-6.5151515152e-01 -1.0151515152e+00 0.0000000000e+00 2.9376967213e-09 -5.4000286347e-09
-6.2121212121e-01 -1.0151515152e+00 0.0000000000e+00 2.9771570757e-09 -5.3742204877e-09
-5.9090909091e-01 -1.0151515152e+00 0.0000000000e+00 3.0162459180e-09 -5.3511488526e-09
-5.6060606061e-01 -1.0151515152e+00 0.0000000000e+00 3.0548338618e-09 -5.3306843428e-09
-5.3030303030e-01 -1.0151515152e+00 0.0000000000e+00 3.0927826645e-09 -5.3126887157e-09
-5.0000000000e-01 -1.0151515152e+00 0.0000000000e+00 3.1299457177e-09 -5.2970153631e-09
-4.6969696970e-01 -1.0151515152e+00 0.0000000000e+00 3.1661687534e-09 -5.2835100168e-09
-4.3939393939e-01 -1.0151515152e+00 0.0000000000e+00 3.2012907829e-09 -5.2720116883e-09
-4.0909090909e-01 -1.0151515152e+00 0.0000000000e+00 3.2351452811e-09 -5.2623538522e-09
-3.7878787879e-01 -1.0151515152e+00 0.0000000000e+00 3.2675616215e-09 -5.2543658823e-09
-3.4848484848e-01 -1.0151515152e+00 0.0000000000e+00 3.2983667622e-09 -5.2478747365e-09
-3.1818181818e-01 -1.0151515152e+00 0.0000000000e+00 3.3273871690e-09 -5.2427068807e-09
-2.8787878788e-01 -1.0151515152e+00 0.0000000000e+00 3.3544509555e-09 -5.2386904285e-09
-2.5757575758e-01 -1.0151515152e+00 0.0000000000e+00 3.3793902075e-09 -5.2356574656e-09
-2.2727272727e-01 -1.0151515152e+00 0.0000000000e+00 3.4020434449e-09 -5.2334465120e-09
-1.9696969697e-01 -1.0151515152e+00 0.0000000000e+00 3.4222581681e-09 -5.2319050681e-09
-1.6666666667e-01 -1.0151515152e+00 0.0000000000e+00 3.4398934214e-09 -5.2308921782e-09
-1.3636363636e-01 -1.0151515152e+00 0.0000000000e+00 3.4548223011e-09 -5.2302809385e-09
-1.0606060606e-01 -1.0151515152e+00 0.0000000000e+00 3.4669343288e-09 -5.2299608707e-09
-7.5757575758e-02 -1.0151515152e+00 0.0000000000e+00 3.4761376107e-09 -5.2298400810e-09
-4.5454545455e-02 -1.0151515152e+00 0.0000000000e+00 3.4823607044e-09 -5.2298471269e-09
-1.5151515152e-02 -1.0151515152e+00 0.0000000000e+00 3.4855541228e-09 -5.2299325215e-09
1.5151515152e-02 -1.0151515152e+00 0.0000000000e+00 3.4856914144e-09 -5.2300698131e-09
4.5454545455e-02 -1.0151515152e+00 0.0000000000e+00 3.4827697747e-09 -5.2302561972e-09
7.5757575758e-02 -1.0151515152e+00 0.0000000000e+00 3.4768101609e-09 -5.2305126313e-09
1.0606060606e-01 -1.0151515152e+00 0.0000000000e+00 3.4678569031e-09 -5.2308834450e-09
1.3636363636e-01 -1.0151515152e+00 0.0000000000e+00 3.4559768227e-09 -5.2314354601e-09
1.6666666667e-01 -1.0151515152e+00 0.0000000000e+00 3.4412578936e-09 -5.2322566504e-09
1.9696969697e-01 -1.0151515152e+00 0.0000000000e+00 3.4238074955e-09 -5.2334543956e-09
2.2727272727e-01 -1.0151515152e+00 0.0000000000e+00 3.4037503252e-09 -5.2351533923e-09
2.5757575758e-01 -1.0151515152e+00 0.0000000000e+00 3.3812260438e-09 -5.2374933019e-09
2.8787878788e-01 -1.0151515152e+00 0.0000000000e+00 3.3563867427e-09 -5.2406262157e-09
3.1818181818e-01 -1.0151515152e+00 0.0000000000e+00 3.3293943128e-09 -5.2447140245e-09
3.4848484848e-01 -1.0151515152e+00 0.0000000000e+00 3.3004177999e-09 -5.2499257742e-09
3.7878787879e-01 -1.0151515152e+00 0.0000000000e+00 3.2696308208e-09 -5.2564350816e-09
4.0909090909e-01 -1.0151515152e+00 0.0000000000e+00 3.2372091073e-09 -5.2644176785e-09
4.3939393939e-01 -1.0151515152e+00 0.0000000000e+00 3.2033282302e-09 -5.2740491355e-09
4.6969696970e-01 -1.0151515152e+00 0.0000000000e+00 3.1681615457e-09 -5.2855028092e-09
5.0000000000e-01 -1.0151515152e+00 0.0000000000e+00 3.1318783922e-09 -5.2989480376e-09
5.3030303030e-01 -1.0151515152e+00 0.0000000000e+00 3.0946425518e-09 -5.3145486030e-09
5.6060606061e-01 -1.0151515152e+00 0.0000000000e+00 3.0566109819e-09 -5.3324614629e-09
5.9090909091e-01 -1.0151515152e+00 0.0000000000e+00 3.0179328116e-09 -5.3528357461e-09
6.2121212121e-01 -1.0151515152e+00 0.0000000000e+00 2.9787485885e-09 -5.3758120005e-09
6.5151515152e-01 -1.0151515152e+00 0.0000000000e+00 2.9391897587e-09 -5.4015216721e-09
6.8181818182e-01 -1.0151515152e+00 0.0000000000e+00 2.8993783558e-09 -5.4300867944e-09
7.1212121212e-01 -1.0151515152e+00 0.0000000000e+00 2.8594268741e-09 -5.4616198617e-09
7.4242424242e-01 -1.0151515152e+00 0.0000000000e+00 2.8194382997e-09 -5.4962238603e-09
7.7272727273e-01 -1.0151515152e+00 0.0000000000e+00 2.7795062743e-09 -5.5339924316e-09
8.0303030303e-01 -1.0151515152e+00 0.0000000000e+00 2.7397153650e-09 -5.5750101430e-09
8.3333333333e-01 -1.0151515152e+00 0.0000000000e+00 2.7001414195e-09 -5.6193528421e-09
8.6363636364e-01 -1.0151515152e+00 0.0000000000e+00 2.6608519838e-09 -5.6670880749e-09
8.9393939394e-01 -1.0151515152e+00 0.0000000000e+00 2.6219067653e-09 -5.7182755487e-09
9.2424242424e-01 -1.0151515152e+00 0.0000000000e+00 2.5833581241e-09 -5.7729676237e-09
9.5454545455e-01 -1.0151515152e+00 0.0000000000e+00 2.5452515804e-09 -5.8312098201e-09
9.8484848485e-01 -1.0151515152e+00 0.0000000000e+00 2.5076263257e-09 -5.8930413293e-09
1.0151515152e+00 -1.0151515152e+00 0.0000000000e+00 2.4705157287e-09 -5.9584955201e-09
1.0454545455e+00 -1.0151515152e+00 0.0000000000e+00 2.4339478298e-09 -6.0276004329e-09
1.0757575758e+00 -1.0151515152e+00 0.0000000000e+00 2.3979458172e-09 -6.1003792559e-09
1.1060606061e+00 -1.0151515152e+00 0.0000000000e+00 2.3625284820e-09 -6.1768507800e-09
1.1363636364e+00 -1.0151515152e+00 0.0000000000e+00 2.3277106480e-09 -6.2570298293e-09
1.1666666667e+00 -1.0151515152e+00 0.0000000000e+00 2.2935035766e-09 -6.3409276651e-09
1.1969696970e+00 -1.0151515152e+00 0.0000000000e+00 2.2599153432e-09 -6.4285523628e-09
1.2272727273e+00 -1.0151515152e+00 0.0000000000e+00 2.2269511870e-09 -6.5199091615e-09
1.2575757576e+00 -1.0151515152e+00 0.0000000000e+00 2.1946138337e-09 -6.6150007870e-09
1.2878787879e+00 -1.0151515152e+00 0.0000000000e+00 2.1629037913e-09 -6.7138277472e-09
1.3181818182e+00 -1.0151515152e+00 0.0000000000e+00 2.1318196209e-09 -6.8163886034e-09
1.3484848485e+00 -1.0151515152e+00 0.0000000000e+00 2.1013581835e-09 -6.9226802164e-09
1.3787878788e+00 -1.0151515152e+00 0.0000000000e+00 2.0715148631e-09 -7.0326979703e-09
1.4090909091e+00 -1.0151515152e+00 0.0000000000e+00 2.0422837695e-09 -7.1464359748e-09
1.4393939394e+00 -1.0151515152e+00 0.0000000000e+00 2.0136579201e-09 -7.2638872475e-09
1.4696969697e+00 -1.0151515152e+00 0.0000000000e+00 1.9856294040e-09 -7.3850438773e-09
1.5000000000e+00 -1.0151515152e+00 0.0000000000e+00 1.9581895284e-09 -7.5098971714e-09
-1.5000000000e+00 -9.8484848485e-01 0.0000000000e+00 1.9765889928e-09 -7.4257318480e-09
-1.4696969697e+00 -9.8484848485e-01 0.0000000000e+00 2.0048110972e-09 -7.3016607826e-09
-1.4393939394e+00 -9.8484848485e-01 0.0000000000e+00 2.0336608899e-09 -7.1813254295e-09
-1.4090909091e+00 -9.8484848485e-01 0.0000000000e+00 2.0631490459e-09 -7.0647364634e-09
-1.3787878788e+00 -9.8484848485e-01 0.0000000000e+00 2.0932855311e-09 -6.9519038505e-09
-1.3484848485e+00 -9.8484848485e-01 0.0000000000e+00 2.1240794521e-09 -6.8428366972e-09
-1.3181818182e+00 -9.8484848485e-01 0.0000000000e+00 2.1555388876e-09 -6.7375430823e-09
-1.2878787879e+00 -9.8484848485e-01 0.0000000000e+00 2.1876706995e-09 -6.6360298677e-09
-1.2575757576e+00 -9.8484848485e-01 0.0000000000e+00 2.2204803222e-09 -6.5383024877e-09
-1.2272727273e+00 -9.8484848485e-01 0.0000000000e+00 2.2539715282e-09 -6.4443647149e-09
-1.1969696970e+00 -9.8484848485e-01 0.0000000000e+00 2.2881461681e-09 -6.3542183999e-09
-1.1666666667e+00 -9.8484848485e-01 0.0000000000e+00 2.3230038841e-09 -6.2678631848e-09
-1.1363636364e+00 -9.8484848485e-01 0.0000000000e+00 2.3585417939e-09 -6.1852961874e-09
-1.1060606061e+00 -9.8484848485e-01 0.0000000000e+00 2.3947541453e-09 -6.1065116556e-09
-1.0757575758e+00 -9.8484848485e-01 0.0000000000e+00 2.4316319396e-09 -6.0315005904e-09
-1.0454545455e+00 -9.8484848485e-01 0.0000000000e+00 2.4691625219e-09 -5.9602503372e-09
-1.0151515152e+00 -9.8484848485e-01 0.0000000000e+00 2.5073291415e-09 -5.8927441451e-09
-9.8484848485e-01 -9.8484848485e-01 0.0000000000e+00 2.5461104784e-09 -5.8289606942e-09
-9.5454545455e-01 -9.8484848485e-01 0.0000000000e+00 2.5854801417e-09 -5.7688735935e-09
-9.2424242424e-01 -9.8484848485e-01 0.0000000000e+00 2.6254061386e-09 -5.7124508504e-09
-8.9393939394e-01 -9.8484848485e-01 0.0000000000e+00 2.6658503208e-09 -5.6596543164e-09
-8.6363636364e-01 -9.8484848485e-01 0.0000000000e+00 2.7067678117e-09 -5.6104391150e-09
-8.3333333333e-01 -9.8484848485e-01 0.0000000000e+00 2.7481064219e-09 -5.5647530568e-09
-8.0303030303e-01 -9.8484848485e-01 0.0000000000e+00 2.7898060634e-09 -5.5225360537e-09
-7.7272727273e-01 -9.8484848485e-01 0.0000000000e+00 2.8317981721e-09 -5.4837195417e-09
-7.4242424242e-01 -9.8484848485e-01 0.0000000000e+00 2.8740051547e-09 -5.4482259275e-09
-7.1212121212e-01 -9.8484848485e-01 0.0000000000e+00 2.9163398754e-09 -5.4159680752e-09
-6.8181818182e-01 -9.8484848485e-01 0.0000000000e+00 2.9587052024e-09 -5.3868488531e-09
-6.5151515152e-01 -9.8484848485e-01 0.0000000000e+00 3.0009936377e-09 -5.3607607632e-09
-6.2121212121e-01 -9.8484848485e-01 0.0000000000e+00 3.0430870534e-09 -5.3375856776e-09
-5.9090909091e-01 -9.8484848485e-01 0.0000000000e+00 3.0848565634e-09 -5.3171947102e-09
-5.6060606061e-01 -9.8484848485e-01 0.0000000000e+00 3.1261625587e-09 -5.2994482518e-09
-5.3030303030e-01 -9.8484848485e-01 0.0000000000e+00 3.1668549357e-09 -5.2841961992e-09
-5.0000000000e-01 -9.8484848485e-01 0.0000000000e+00 3.2067735487e-09 -5.2712784063e-09
-4.6969696970e-01 -9.8484848485e-01 0.0000000000e+00 3.2457489117e-09 -5.2605253873e-09
-4.3939393939e-01 -9.8484848485e-01 0.0000000000e+00 3.2836031760e-09 -5.2517592935e-09
-4.0909090909e-01 -9.8484848485e-01 0.0000000000e+00 3.3201514024e-09 -5.2447951857e-09
-3.7878787879e-01 -9.8484848485e-01 0.0000000000e+00 3.3552031381e-09 -5.2394426111e-09
-3.4848484848e-01 -9.8484848485e-01 0.0000000000e+00 3.3885643032e-09 -5.2355074897e-09
-3.1818181818e-01 -9.8484848485e-01 0.0000000000e+00 3.4200393754e-09 -5.2327942993e-09
-2.8787878788e-01 -9.8484848485e-01 0.0000000000e+00 3.4494338527e-09 -5.2311085378e-09
-2.5757575758e-01 -9.8484848485e-01 0.0000000000e+00 3.4765569562e-09 -5.2302594266e-09
-2.2727272727e-01 -9.8484848485e-01 0.0000000000e+00 3.5012245232e-09 -5.2300628025e-09
-1.9696969697e-01 -9.8484848485e-01 0.0000000000e+00 3.5232620225e-09 -5.2303441347e-09
-1.6666666667e-01 -9.8484848485e-01 0.0000000000e+00 3.5425076158e-09 -5.2309415847e-09
-1.3636363636e-01 -9.8484848485e-01 0.0000000000e+00 3.5588151709e-09 -5.2317090205e-09
-1.0606060606e-01 -9.8484848485e-01 0.0000000000e+00 3.5720571328e-09 -5.2325188869e-09
-7.5757575758e-02 -9.8484848485e-01 0.0000000000e+00 3.5821271487e-09 -5.2332648312e-09
-4.5454545455e-02 -9.8484848485e-01 0.0000000000e+00 3.5889423488e-09 -5.2338639836e-09
-1.5151515152e-02 -9.8484848485e-01 0.0000000000e+00 3.5924451925e-09 -5.2342588033e-09
1.5151515152e-02 -9.8484848485e-01 0.0000000000e+00 3.5926048002e-09 -5.2344184111e-09
4.5454545455e-02 -9.8484848485e-01 0.0000000000e+00 3.5894177133e-09 -5.2343393481e-09
7.5757575758e-02 -9.8484848485e-01 0.0000000000e+00 3.5829080442e-09 -5.2340457267e-09
1.0606060606e-01 -9.8484848485e-01 0.0000000000e+00 3.5731270062e-09 -5.2335887603e-09
1.3636363636e-01 -9.8484848485e-01 0.0000000000e+00 3.5601518402e-09 -5.2330456898e-09
1.6666666667e-01 -9.8484848485e-01 0.0000000000e+00 3.5440841792e-09 -5.2325181481e-09
1.9696969697e-01 -9.8484848485e-01 0.0000000000e+00 3.5250479164e-09 -5.2321300286e-09
2.2727272727e-01 -9.8484848485e-01 0.0000000000e+00 3.5031866635e-09 -5.2320249428e-09
2.5757575758e-01 -9.8484848485e-01 0.0000000000e+00 3.4786608955e-09 -5.2323633658e-09
2.8787878788e-01 -9.8484848485e-01 0.0000000000e+00 3.4516448906e-09 -5.2333195757e-09
3.1818181818e-01 -9.8484848485e-01 0.0000000000e+00 3.4223235709e-09 -5.2350784948e-09
3.4848484848e-01 -9.8484848485e-01 0.0000000000e+00 3.3908893485e-09 -5.2378325350e-09
3.7878787879e-01 -9.8484848485e-01 0.0000000000e+00 3.3575390683e-09 -5.2417785413e-09
4.0909090909e-01 -9.8484848485e-01 0.0000000000e+00 3.3224711294e-09 -5.2471149127e-09
4.3939393939e-01 -9.8484848485e-01 0.0000000000e+00 3.2858828466e-09 -5.2540389641e-09
4.6969696970e-01 -9.8484848485e-01 0.0000000000e+00 3.2479681005e-09 -5.2627445761e-09
5.0000000000e-01 -9.8484848485e-01 0.0000000000e+00 3.2089153048e-09 -5.2734201624e-09
5.3030303030e-01 -9.8484848485e-01 0.0000000000e+00 3.1689057048e-09 -5.2862469682e-09
5.6060606061e-01 -9.8484848485e-01 0.0000000000e+00 3.1281120075e-09 -5.3013977007e-09
5.9090909091e-01 -9.8484848485e-01 0.0000000000e+00 3.0866973314e-09 -5.3190354781e-09
6.2121212121e-01 -9.8484848485e-01 0.0000000000e+00 3.0448144546e-09 -5.3393130788e-09
6.5151515152e-01 -9.8484848485e-01 0.0000000000e+00 3.0026053365e-09 -5.3623724620e-09
6.8181818182e-01 -9.8484848485e-01 0.0000000000e+00 2.9602008790e-09 -5.3883445297e-09
7.1212121212e-01 -9.8484848485e-01 0.0000000000e+00 2.9177208965e-09 -5.4173490963e-09
7.4242424242e-01 -9.8484848485e-01 0.0000000000e+00 2.8752742602e-09 -5.4494950330e-09
7.7272727273e-01 -9.8484848485e-01 0.0000000000e+00 2.8329591854e-09 -5.4848805549e-09
8.0303030303e-01 -9.8484848485e-01 0.0000000000e+00 2.7908636299e-09 -5.5235936202e-09
8.3333333333e-01 -9.8484848485e-01 0.0000000000e+00 2.7490657790e-09 -5.5657124139e-09
8.6363636364e-01 -9.8484848485e-01 0.0000000000e+00 2.7076345896e-09 -5.6113058929e-09
8.9393939394e-01 -9.8484848485e-01 0.0000000000e+00 2.6666303746e-09 -5.6604343702e-09
9.2424242424e-01 -9.8484848485e-01 0.0000000000e+00 2.6261054086e-09 -5.7131501204e-09
9.5454545455e-01 -9.8484848485e-01 0.0000000000e+00 2.5861045411e-09 -5.7694979930e-09
9.8484848485e-01 -9.8484848485e-01 0.0000000000e+00 2.5466658040e-09 -5.8295160198e-09
1.0151515152e+00 -9.8484848485e-01 0.0000000000e+00 2.5078210054e-09 -5.8932360090e-09
1.0454545455e+00 -9.8484848485e-01 0.0000000000e+00 2.4695963010e-09 -5.9606841163e-09
1.0757575758e+00 -9.8484848485e-01 0.0000000000e+00 2.4320127402e-09 -6.0318813911e-09
1.1060606061e+00 -9.8484848485e-01 0.0000000000e+00 2.3950867807e-09 -6.1068442910e-09
1.1363636364e+00 -9.8484848485e-01 0.0000000000e+00 2.3588307710e-09 -6.1855851645e-09
1.1666666667e+00 -9.8484848485e-01 0.0000000000e+00 2.3232533995e-09 -6.2681127003e-09
1.1969696970e+00 -9.8484848485e-01 0.0000000000e+00 2.2883601101e-09 -6.3544323419e-09
1.2272727273e+00 -9.8484848485e-01 0.0000000000e+00 2.2541534833e-09 -6.4445466700e-09
1.2575757576e+00 -9.8484848485e-01 0.0000000000e+00 2.2206335860e-09 -6.5384557515e-09
1.2878787879e+00 -9.8484848485e-01 0.0000000000e+00 2.1877982895e-09 -6.6361574577e-09
1.3181818182e+00 -9.8484848485e-01 0.0000000000e+00 2.1556435582e-09 -6.7376477529e-09
1.3484848485e+00 -9.8484848485e-01 0.0000000000e+00 2.1241637106e-09 -6.8429209557e-09
1.3787878788e+00 -9.8484848485e-01 0.0000000000e+00 2.0933516539e-09 -6.9519699733e-09
1.4090909091e+00 -9.8484848485e-01 0.0000000000e+00 2.0631990950e-09 -7.0647865126e-09
1.4393939394e+00 -9.8484848485e-01 0.0000000000e+00 2.0336967292e-09 -7.1813612688e-09
1.4696969697e+00 -9.8484848485e-01 0.0000000000e+00 2.0048344083e-09 -7.3016840937e-09
1.5000000000e+00 -9.8484848485e-01 0.0000000000e+00 1.9766012898e-09 -7.4257441450e-09
-1.5000000000e+00 -9.5454545455e-01 0.0000000000e+00 1.9949640189e-09 -7.3446501102e-09
-1.4696969697e+00 -9.5454545455e-01 0.0000000000e+00 2.0239931330e-09 -7.2213860545e-09
-1.4393939394e+00 -9.5454545455e-01 0.0000000000e+00 2.0536923005e-09 -7.1019000761e-09
-1.4090909091e+00 -9.5454545455e-01 0.0000000000e+00 2.0840745334e-09 -6.9862051870e-09
-1.3787878788e+00 -9.5454545455e-01 0.0000000000e+00 2.1151522400e-09 -6.8743137954e-09
-1.3484848485e+00 -9.5454545455e-01 0.0000000000e+00 2.1469370723e-09 -6.7662375534e-09
-1.3181818182e+00 -9.5454545455e-01 0.0000000000e+00 2.1794397547e-09 -6.6619871854e-09
-1.2878787879e+00 -9.5454545455e-01 0.0000000000e+00 2.2126698897e-09 -6.5615722939e-09
-1.2575757576e+00 -9.5454545455e-01 0.0000000000e+00 2.2466357397e-09 -6.4650011412e-09
-1.2272727273e+00 -9.5454545455e-01 0.0000000000e+00 2.2813439824e-09 -6.3722804051e-09
-1.1969696970e+00 -9.5454545455e-01 0.0000000000e+00 2.3167994374e-09 -6.2834149053e-09
-1.1666666667e+00 -9.5454545455e-01 0.0000000000e+00 2.3530047622e-09 -6.1984072990e-09
-1.1363636364e+00 -9.5454545455e-01 0.0000000000e+00 2.3899601145e-09 -6.1172577441e-09
-1.1060606061e+00 -9.5454545455e-01 0.0000000000e+00 2.4276627802e-09 -6.0399635265e-09
-1.0757575758e+00 -9.5454545455e-01 0.0000000000e+00 2.4661067637e-09 -5.9665186506e-09
-1.0454545455e+00 -9.5454545455e-01 0.0000000000e+00 2.5052823399e-09 -5.8969133912e-09
-1.0151515152e+00 -9.5454545455e-01 0.0000000000e+00 2.5451755673e-09 -5.8311338069e-09
-9.8484848485e-01 -9.5454545455e-01 0.0000000000e+00 2.5857677606e-09 -5.7691612124e-09
-9.5454545455e-01 -9.5454545455e-01 0.0000000000e+00 2.6270349249e-09 -5.7109716128e-09
-9.2424242424e-01 -9.5454545455e-01 0.0000000000e+00 2.6689471521e-09 -5.6565351000e-09
-8.9393939394e-01 -9.5454545455e-01 0.0000000000e+00 2.7114679835e-09 -5.6058152152e-09
-8.6363636364e-01 -9.5454545455e-01 0.0000000000e+00 2.7545537425e-09 -5.5587682818e-09
-8.3333333333e-01 -9.5454545455e-01 0.0000000000e+00 2.7981528455e-09 -5.5153427164e-09
-8.0303030303e-01 -9.5454545455e-01 0.0000000000e+00 2.8422050998e-09 -5.4754783261e-09
-7.7272727273e-01 -9.5454545455e-01 0.0000000000e+00 2.8866410000e-09 -5.4391056056e-09
-7.4242424242e-01 -9.5454545455e-01 0.0000000000e+00 2.9313810396e-09 -5.4061450484e-09
-7.1212121212e-01 -9.5454545455e-01 0.0000000000e+00 2.9763350547e-09 -5.3765064905e-09
-6.8181818182e-01 -9.5454545455e-01 0.0000000000e+00 3.0214016235e-09 -5.3500885103e-09
-6.5151515152e-01 -9.5454545455e-01 0.0000000000e+00 3.0664675469e-09 -5.3267779085e-09
-6.2121212121e-01 -9.5454545455e-01 0.0000000000e+00 3.1114074387e-09 -5.3064492989e-09
-5.9090909091e-01 -9.5454545455e-01 0.0000000000e+00 3.1560834606e-09 -5.2889648434e-09
-5.6060606061e-01 -9.5454545455e-01 0.0000000000e+00 3.2003452349e-09 -5.2741741641e-09
-5.3030303030e-01 -9.5454545455e-01 0.0000000000e+00 3.2440299734e-09 -5.2619144729e-09
-5.0000000000e-01 -9.5454545455e-01 0.0000000000e+00 3.2869628612e-09 -5.2520109548e-09
-4.6969696970e-01 -9.5454545455e-01 0.0000000000e+00 3.3289577292e-09 -5.2442774409e-09
-4.3939393939e-01 -9.5454545455e-01 0.0000000000e+00 3.3698180528e-09 -5.2385174064e-09
-4.0909090909e-01 -9.5454545455e-01 0.0000000000e+00 3.4093383006e-09 -5.2345253200e-09
-3.7878787879e-01 -9.5454545455e-01 0.0000000000e+00 3.4473056562e-09 -5.2320883652e-09
-3.4848484848e-01 -9.5454545455e-01 0.0000000000e+00 3.4835021194e-09 -5.2309885420e-09
-3.1818181818e-01 -9.5454545455e-01 0.0000000000e+00 3.5177069837e-09 -5.2310051437e-09
-2.8787878788e-01 -9.5454545455e-01 0.0000000000e+00 3.5496996674e-09 -5.2319175886e-09
-2.5757575758e-01 -9.5454545455e-01 0.0000000000e+00 3.5792628599e-09 -5.2335085663e-09
-2.2727272727e-01 -9.5454545455e-01 0.0000000000e+00 3.6061859254e-09 -5.2355674408e-09
-1.9696969697e-01 -9.5454545455e-01 0.0000000000e+00 3.6302684844e-09 -5.2378938326e-09
-1.6666666667e-01 -9.5454545455e-01 0.0000000000e+00 3.6513240787e-09 -5.2403012837e-09
-1.3636363636e-01 -9.5454545455e-01 0.0000000000e+00 3.6691838085e-09 -5.2426208942e-09
-1.0606060606e-01 -9.5454545455e-01 0.0000000000e+00 3.6836998186e-09 -5.2447048088e-09
-7.5757575758e-02 -9.5454545455e-01 0.0000000000e+00 3.6947485058e-09 -5.2464294244e-09
-4.5454545455e-02 -9.5454545455e-01 0.0000000000e+00 3.7022333214e-09 -5.2476981923e-09
-1.5151515152e-02 -9.5454545455e-01 0.0000000000e+00 3.7060870497e-09 -5.2484438966e-09
1.5151515152e-02 -9.5454545455e-01 0.0000000000e+00 3.7062734614e-09 -5.2486303084e-09
4.5454545455e-02 -9.5454545455e-01 0.0000000000e+00 3.7027882639e-09 -5.2482531347e-09
7.5757575758e-02 -9.5454545455e-01 0.0000000000e+00 3.6956592990e-09 -5.2473402175e-09
1.0606060606e-01 -9.5454545455e-01 0.0000000000e+00 3.6849459740e-09 -5.2459509641e-09
1.3636363636e-01 -9.5454545455e-01 0.0000000000e+00 3.6707379455e-09 -5.2441750312e-09
1.6666666667e-01 -9.5454545455e-01 0.0000000000e+00 3.6531531114e-09 -5.2421303165e-09
1.9696969697e-01 -9.5454545455e-01 0.0000000000e+00 3.6323349953e-09 -5.2399603436e-09
2.2727272727e-01 -9.5454545455e-01 0.0000000000e+00 3.6084496344e-09 -5.2378311498e-09
2.5757575758e-01 -9.5454545455e-01 0.0000000000e+00 3.5816820985e-09 -5.2359278049e-09
2.8787878788e-01 -9.5454545455e-01 0.0000000000e+00 3.5522327763e-09 -5.2344506976e-09
3.1818181818e-01 -9.5454545455e-01 0.0000000000e+00 3.5203135659e-09 -5.2336117258e-09
3.4848484848e-01 -9.5454545455e-01 0.0000000000e+00 3.4861440993e-09 -5.2336305218e-09
3.7878787879e-01 -9.5454545455e-01 0.0000000000e+00 3.4499481166e-09 -5.2347308256e-09
4.0909090909e-01 -9.5454545455e-01 0.0000000000e+00 3.4119500856e-09 -5.2371371050e-09
4.3939393939e-01 -9.5454545455e-01 0.0000000000e+00 3.3723721428e-09 -5.2410714964e-09
4.6969696970e-01 -9.5454545455e-01 0.0000000000e+00 3.3314314068e-09 -5.2467511185e-09
5.0000000000e-01 -9.5454545455e-01 0.0000000000e+00 3.2893376961e-09 -5.2543857897e-09
5.3030303030e-01 -9.5454545455e-01 0.0000000000e+00 3.2462916590e-09 -5.2641761585e-09
5.6060606061e-01 -9.5454545455e-01 0.0000000000e+00 3.2024833119e-09 -5.2763122411e-09
5.9090909091e-01 -9.5454545455e-01 0.0000000000e+00 3.1580909617e-09 -5.2909723445e-09
6.2121212121e-01 -9.5454545455e-01 0.0000000000e+00 3.1132804841e-09 -5.3083223443e-09
6.5151515152e-01 -9.5454545455e-01 0.0000000000e+00 3.0682049188e-09 -5.3285152804e-09
6.8181818182e-01 -9.5454545455e-01 0.0000000000e+00 3.0230043405e-09 -5.3516912273e-09
7.1212121212e-01 -9.5454545455e-01 0.0000000000e+00 2.9778059617e-09 -5.3779773976e-09
7.4242424242e-01 -9.5454545455e-01 0.0000000000e+00 2.9327244274e-09 -5.4074884362e-09
7.7272727273e-01 -9.5454545455e-01 0.0000000000e+00 2.8878622596e-09 -5.4403268652e-09
8.0303030303e-01 -9.5454545455e-01 0.0000000000e+00 2.8433104179e-09 -5.4765836442e-09
8.3333333333e-01 -9.5454545455e-01 0.0000000000e+00 2.7991489412e-09 -5.5163388121e-09
8.6363636364e-01 -9.5454545455e-01 0.0000000000e+00 2.7554476451e-09 -5.5596621844e-09
8.9393939394e-01 -9.5454545455e-01 0.0000000000e+00 2.7122668485e-09 -5.6066140802e-09
9.2424242424e-01 -9.5454545455e-01 0.0000000000e+00 2.6696581133e-09 -5.6572460612e-09
9.5454545455e-01 -9.5454545455e-01 0.0000000000e+00 2.6276649776e-09 -5.7116016655e-09
9.8484848485e-01 -9.5454545455e-01 0.0000000000e+00 2.5863236729e-09 -5.7697171248e-09
1.0151515152e+00 -9.5454545455e-01 0.0000000000e+00 2.5456638151e-09 -5.8316220548e-09
1.0454545455e+00 -9.5454545455e-01 0.0000000000e+00 2.5057090616e-09 -5.8973401130e-09
1.0757575758e+00 -9.5454545455e-01 0.0000000000e+00 2.4664777317e-09 -5.9668896186e-09
1.1060606061e+00 -9.5454545455e-01 0.0000000000e+00 2.4279833856e-09 -6.0402841319e-09
1.1363636364e+00 -9.5454545455e-01 0.0000000000e+00 2.3902353622e-09 -6.1175329918e-09
1.1666666667e+00 -9.5454545455e-01 0.0000000000e+00 2.3532392745e-09 -6.1986418113e-09
1.1969696970e+00 -9.5454545455e-01 0.0000000000e+00 2.3169974640e-09 -6.2836129318e-09
1.2272727273e+00 -9.5454545455e-01 0.0000000000e+00 2.2815094142e-09 -6.3724458370e-09
1.2575757576e+00 -9.5454545455e-01 0.0000000000e+00 2.2467721267e-09 -6.4651375282e-09
1.2878787879e+00 -9.5454545455e-01 0.0000000000e+00 2.2127804601e-09 -6.5616828643e-09
1.3181818182e+00 -9.5454545455e-01 0.0000000000e+00 2.1795274358e-09 -6.6620748665e-09
1.3484848485e+00 -9.5454545455e-01 0.0000000000e+00 2.1470045114e-09 -6.7663049926e-09
1.3787878788e+00 -9.5454545455e-01 0.0000000000e+00 2.1152018257e-09 -6.8743633811e-09
1.4090909091e+00 -9.5454545455e-01 0.0000000000e+00 2.0841084159e-09 -6.9862390695e-09
1.4393939394e+00 -9.5454545455e-01 0.0000000000e+00 2.0537124116e-09 -7.1019201872e-09
1.4696969697e+00 -9.5454545455e-01 0.0000000000e+00 2.0240012052e-09 -7.2213941267e-09
1.5000000000e+00 -9.5454545455e-01 0.0000000000e+00 1.9949616029e-09 -7.3446476942e-09
-1.5000000000e+00 -9.2424242424e-01 0.0000000000e+00 2.0132649260e-09 -7.2666022772e-09
-1.4696969697e+00 -9.2424242424e-01 0.0000000000e+00 2.0431133873e-09 -7.1441575688e-09
-1.4393939394e+00 -9.2424242424e-01 0.0000000000e+00 2.0736761108e-09 -7.0255351464e-09
-1.4090909091e+00 -9.2424242424e-01 0.0000000000e+00 2.1049686569e-09 -6.9107505704e-09
-1.3787878788e+00 -9.2424242424e-01 0.0000000000e+00 2.1370061088e-09 -6.7998189241e-09
-1.3484848485e+00 -9.2424242424e-01 0.0000000000e+00 2.1698029208e-09 -6.6927546619e-09
-1.3181818182e+00 -9.2424242424e-01 0.0000000000e+00 2.2033727454e-09 -6.5895714361e-09
-1.2878787879e+00 -9.2424242424e-01 0.0000000000e+00 2.2377282357e-09 -6.4902818998e-09
-1.2575757576e+00 -9.2424242424e-01 0.0000000000e+00 2.2728808218e-09 -6.3948974832e-09
-1.2272727273e+00 -9.2424242424e-01 0.0000000000e+00 2.3088404579e-09 -6.3034281406e-09
-1.1969696970e+00 -9.2424242424e-01 0.0000000000e+00 2.3456153376e-09 -6.2158820654e-09
-1.1666666667e+00 -9.2424242424e-01 0.0000000000e+00 2.3832115736e-09 -6.1322653703e-09
-1.1363636364e+00 -9.2424242424e-01 0.0000000000e+00 2.4216328403e-09 -6.0525817298e-09
-1.1060606061e+00 -9.2424242424e-01 0.0000000000e+00 2.4608799757e-09 -5.9768319820e-09
-1.0757575758e+00 -9.2424242424e-01 0.0000000000e+00 2.5009505399e-09 -5.9050136867e-09
-1.0454545455e+00 -9.2424242424e-01 0.0000000000e+00 2.5418383276e-09 -5.8371206389e-09
-1.0151515152e+00 -9.2424242424e-01 0.0000000000e+00 2.5835328334e-09 -5.7731423330e-09
-9.8484848485e-01 -9.2424242424e-01 0.0000000000e+00 2.6260186677e-09 -5.7130633795e-09
-9.5454545455e-01 -9.2424242424e-01 0.0000000000e+00 2.6692749235e-09 -5.6568628714e-09
-9.2424242424e-01 -9.2424242424e-01 0.0000000000e+00 2.7132744940e-09 -5.6045137018e-09
-8.9393939394e-01 -9.2424242424e-01 0.0000000000e+00 2.7579833442e-09 -5.5559818358e-09
-8.6363636364e-01 -9.2424242424e-01 0.0000000000e+00 2.8033597392e-09 -5.5112255385e-09
-8.3333333333e-01 -9.2424242424e-01 0.0000000000e+00 2.8493534376e-09 -5.4701945685e-09
-8.0303030303e-01 -9.2424242424e-01 0.0000000000e+00 2.8959048567e-09 -5.4328293430e-09
-7.7272727273e-01 -9.2424242424e-01 0.0000000000e+00 2.9429442237e-09 -5.3990600893e-09
-7.4242424242e-01 -9.2424242424e-01 0.0000000000e+00 2.9903907286e-09 -5.3688059973e-09
-7.1212121212e-01 -9.2424242424e-01 0.0000000000e+00 3.0381516980e-09 -5.3419743938e-09
-6.8181818182e-01 -9.2424242424e-01 0.0000000000e+00 3.0861218160e-09 -5.3184599627e-09
-6.5151515152e-01 -9.2424242424e-01 0.0000000000e+00 3.1341824209e-09 -5.2981440425e-09
-6.2121212121e-01 -9.2424242424e-01 0.0000000000e+00 3.1822009121e-09 -5.2808940323e-09
-5.9090909091e-01 -9.2424242424e-01 0.0000000000e+00 3.2300303060e-09 -5.2665629487e-09
-5.6060606061e-01 -9.2424242424e-01 0.0000000000e+00 3.2775089854e-09 -5.2549891746e-09
-5.3030303030e-01 -9.2424242424e-01 0.0000000000e+00 3.3244606869e-09 -5.2459964463e-09
-5.0000000000e-01 -9.2424242424e-01 0.0000000000e+00 3.3706947749e-09 -5.2393941285e-09
-4.6969696970e-01 -9.2424242424e-01 0.0000000000e+00 3.4160068513e-09 -5.2349778230e-09
-4.3939393939e-01 -9.2424242424e-01 0.0000000000e+00 3.4601797451e-09 -5.2325303586e-09
-4.0909090909e-01 -9.2424242424e-01 0.0000000000e+00 3.5029849209e-09 -5.2318232002e-09
-3.7878787879e-01 -9.2424242424e-01 0.0000000000e+00 3.5441843400e-09 -5.2326183089e-09
-3.4848484848e-01 -9.2424242424e-01 0.0000000000e+00 3.5835327882e-09 -5.2346704707e-09
-3.1818181818e-01 -9.2424242424e-01 0.0000000000e+00 3.6207806761e-09 -5.2377300960e-09
-2.8787878788e-01 -9.2424242424e-01 0.0000000000e+00 3.6556772903e-09 -5.2415464714e-09
-2.5757575758e-01 -9.2424242424e-01 0.0000000000e+00 3.6879744572e-09 -5.2458714235e-09
-2.2727272727e-01 -9.2424242424e-01 0.0000000000e+00 3.7174305523e-09 -5.2504633276e-09
-1.9696969697e-01 -9.2424242424e-01 0.0000000000e+00 3.7438147640e-09 -5.2550913722e-09
-1.6666666667e-01 -9.2424242424e-01 0.0000000000e+00 3.7669114967e-09 -5.2595399617e-09
-1.3636363636e-01 -9.2424242424e-01 0.0000000000e+00 3.7865247759e-09 -5.2636131216e-09
-1.0606060606e-01 -9.2424242424e-01 0.0000000000e+00 3.8024825015e-09 -5.2671387516e-09
-7.5757575758e-02 -9.2424242424e-01 0.0000000000e+00 3.8146403870e-09 -5.2699725655e-09
-4.5454545455e-02 -9.2424242424e-01 0.0000000000e+00 3.8228854215e-09 -5.2720015523e-09
-1.5151515152e-02 -9.2424242424e-01 0.0000000000e+00 3.8271387004e-09 -5.2731468073e-09
1.5151515152e-02 -9.2424242424e-01 0.0000000000e+00 3.8273574906e-09 -5.2733655975e-09
4.5454545455e-02 -9.2424242424e-01 0.0000000000e+00 3.8235364282e-09 -5.2726525590e-09
7.5757575758e-02 -9.2424242424e-01 0.0000000000e+00 3.8157077815e-09 -5.2710399600e-09
1.0606060606e-01 -9.2424242424e-01 0.0000000000e+00 3.8039407589e-09 -5.2685970090e-09
1.3636363636e-01 -9.2424242424e-01 0.0000000000e+00 3.7883398868e-09 -5.2654282325e-09
1.6666666667e-01 -9.2424242424e-01 0.0000000000e+00 3.7690425292e-09 -5.2616709942e-09
1.9696969697e-01 -9.2424242424e-01 0.0000000000e+00 3.7462156589e-09 -5.2574922671e-09
2.2727272727e-01 -9.2424242424e-01 0.0000000000e+00 3.7200520266e-09 -5.2530848020e-09
2.5757575758e-01 -9.2424242424e-01 0.0000000000e+00 3.6907658922e-09 -5.2486628585e-09
2.8787878788e-01 -9.2424242424e-01 0.0000000000e+00 3.6585884959e-09 -5.2444576771e-09
3.1818181818e-01 -9.2424242424e-01 0.0000000000e+00 3.6237634449e-09 -5.2407128648e-09
3.4848484848e-01 -9.2424242424e-01 0.0000000000e+00 3.5865421782e-09 -5.2376798607e-09
3.7878787879e-01 -9.2424242424e-01 0.0000000000e+00 3.5471796537e-09 -5.2356136227e-09
4.0909090909e-01 -9.2424242424e-01 0.0000000000e+00 3.5059303744e-09 -5.2347686537e-09
4.3939393939e-01 -9.2424242424e-01 0.0000000000e+00 3.4630448411e-09 -5.2353954546e-09
4.6969696970e-01 -9.2424242424e-01 0.0000000000e+00 3.4187664888e-09 -5.2377374604e-09
5.0000000000e-01 -9.2424242424e-01 0.0000000000e+00 3.3733291357e-09 -5.2420284893e-09
5.3030303030e-01 -9.2424242424e-01 0.0000000000e+00 3.3269549481e-09 -5.2484907076e-09
5.6060606061e-01 -9.2424242424e-01 0.0000000000e+00 3.2798529040e-09 -5.2573330931e-09
5.9090909091e-01 -9.2424242424e-01 0.0000000000e+00 3.2322177202e-09 -5.2687503630e-09
6.2121212121e-01 -9.2424242424e-01 0.0000000000e+00 3.1842292004e-09 -5.2829223206e-09
6.5151515152e-01 -9.2424242424e-01 0.0000000000e+00 3.1360519494e-09 -5.3000135709e-09
6.8181818182e-01 -9.2424242424e-01 0.0000000000e+00 3.0878354001e-09 -5.3201735468e-09
7.1212121212e-01 -9.2424242424e-01 0.0000000000e+00 3.0397140981e-09 -5.3435367939e-09
7.4242424242e-01 -9.2424242424e-01 0.0000000000e+00 2.9918081906e-09 -5.3702234594e-09
7.7272727273e-01 -9.2424242424e-01 0.0000000000e+00 2.9442240723e-09 -5.4003399379e-09
8.0303030303e-01 -9.2424242424e-01 0.0000000000e+00 2.8970551436e-09 -5.4339796298e-09
8.3333333333e-01 -9.2424242424e-01 0.0000000000e+00 2.8503826450e-09 -5.4712237758e-09
8.6363636364e-01 -9.2424242424e-01 0.0000000000e+00 2.8042765351e-09 -5.5121423344e-09
8.9393939394e-01 -9.2424242424e-01 0.0000000000e+00 2.7587963859e-09 -5.5567948775e-09
9.2424242424e-01 -9.2424242424e-01 0.0000000000e+00 2.7139922742e-09 -5.6052314820e-09
9.5454545455e-01 -9.2424242424e-01 0.0000000000e+00 2.6699056538e-09 -5.6574936016e-09
9.8484848485e-01 -9.2424242424e-01 0.0000000000e+00 2.6265701938e-09 -5.7136149056e-09
1.0151515152e+00 -9.2424242424e-01 0.0000000000e+00 2.5840125772e-09 -5.7736220768e-09
1.0454545455e+00 -9.2424242424e-01 0.0000000000e+00 2.5422532511e-09 -5.8375355623e-09
1.0757575758e+00 -9.2424242424e-01 0.0000000000e+00 2.5013071264e-09 -5.9053702732e-09
1.1060606061e+00 -9.2424242424e-01 0.0000000000e+00 2.4611842254e-09 -5.9771362316e-09
1.1363636364e+00 -9.2424242424e-01 0.0000000000e+00 2.4218902757e-09 -6.0528391652e-09
1.1666666667e+00 -9.2424242424e-01 0.0000000000e+00 2.3834272536e-09 -6.1324810504e-09
1.1969696970e+00 -9.2424242424e-01 0.0000000000e+00 2.3457938770e-09 -6.2160606048e-09
1.2272727273e+00 -9.2424242424e-01 0.0000000000e+00 2.3089860503e-09 -6.3035737330e-09
1.2575757576e+00 -9.2424242424e-01 0.0000000000e+00 2.2729972655e-09 -6.3950139270e-09
1.2878787879e+00 -9.2424242424e-01 0.0000000000e+00 2.2378189608e-09 -6.4903726250e-09
1.3181818182e+00 -9.2424242424e-01 0.0000000000e+00 2.2034408411e-09 -6.5896395317e-09
1.3484848485e+00 -9.2424242424e-01 0.0000000000e+00 2.1698511621e-09 -6.6928029032e-09
1.3787878788e+00 -9.2424242424e-01 0.0000000000e+00 2.1370369831e-09 -6.7998497985e-09
1.4090909091e+00 -9.2424242424e-01 0.0000000000e+00 2.1049843893e-09 -6.9107663029e-09
1.4393939394e+00 -9.2424242424e-01 0.0000000000e+00 2.0736786877e-09 -7.0255377232e-09
1.4696969697e+00 -9.2424242424e-01 0.0000000000e+00 2.0431045786e-09 -7.1441487601e-09
1.5000000000e+00 -9.2424242424e-01 0.0000000000e+00 2.0132463063e-09 -7.2665836575e-09
-1.5000000000e+00 -8.9393939394e-01 0.0000000000e+00 2.0314661997e-09 -7.1915628347e-09
-1.4696969697e+00 -8.9393939394e-01 0.0000000000e+00 2.0621451559e-09 -7.0699486212e-09
-1.4393939394e+00 -8.9393939394e-01 0.0000000000e+00 2.0935844066e-09 -6.9522027260e-09
-1.4090909091e+00 -8.9393939394e-01 0.0000000000e+00 2.1258022797e-09 -6.8383434770e-09
-1.3787878788e+00 -8.9393939394e-01 0.0000000000e+00 2.1588167765e-09 -6.7283888757e-09
-1.3484848485e+00 -8.9393939394e-01 0.0000000000e+00 2.1926454232e-09 -6.6223564482e-09
-1.3181818182e+00 -8.9393939394e-01 0.0000000000e+00 2.2273050981e-09 -6.5202630726e-09
-1.2878787879e+00 -8.9393939394e-01 0.0000000000e+00 2.2628118337e-09 -6.4221247817e-09
-1.2575757576e+00 -8.9393939394e-01 0.0000000000e+00 2.2991805907e-09 -6.3279565360e-09
-1.2272727273e+00 -8.9393939394e-01 0.0000000000e+00 2.3364249985e-09 -6.2377719650e-09
-1.1969696970e+00 -8.9393939394e-01 0.0000000000e+00 2.3745570619e-09 -6.1515830735e-09
-1.1666666667e+00 -8.9393939394e-01 0.0000000000e+00 2.4135868276e-09 -6.0693999082e-09
-1.1363636364e+00 -8.9393939394e-01 0.0000000000e+00 2.4535220089e-09 -5.9912301823e-09
-1.1060606061e+00 -8.9393939394e-01 0.0000000000e+00 2.4943675633e-09 -5.9170788533e-09
-1.0757575758e+00 -8.9393939394e-01 0.0000000000e+00 2.5361252205e-09 -5.8469476511e-09
-1.0454545455e+00 -8.9393939394e-01 0.0000000000e+00 2.5787929566e-09 -5.7808345517e-09
-1.0151515152e+00 -8.9393939394e-01 0.0000000000e+00 2.6223644111e-09 -5.7187331946e-09
-9.8484848485e-01 -8.9393939394e-01 0.0000000000e+00 2.6668282449e-09 -5.6606322406e-09
-9.5454545455e-01 -8.9393939394e-01 0.0000000000e+00 2.7121674364e-09 -5.6065146681e-09
-9.2424242424e-01 -8.9393939394e-01 0.0000000000e+00 2.7583585161e-09 -5.5563570077e-09
-8.9393939394e-01 -8.9393939394e-01 0.0000000000e+00 2.8053707393e-09 -5.5101285147e-09
-8.6363636364e-01 -8.9393939394e-01 0.0000000000e+00 2.8531652012e-09 -5.4677902843e-09
-8.3333333333e-01 -8.9393939394e-01 0.0000000000e+00 2.9016938986e-09 -5.4292943133e-09
-8.0303030303e-01 -8.9393939394e-01 0.0000000000e+00 2.9508987462e-09 -5.3945825163e-09
-7.7272727273e-01 -8.9393939394e-01 0.0000000000e+00 3.0007105614e-09 -5.3635857108e-09
-7.4242424242e-01 -8.9393939394e-01 0.0000000000e+00 3.0510480325e-09 -5.3362225850e-09
-7.1212121212e-01 -8.9393939394e-01 0.0000000000e+00 3.1018166918e-09 -5.3123986714e-09
-6.8181818182e-01 -8.9393939394e-01 0.0000000000e+00 3.1529079224e-09 -5.2920053529e-09
-6.5151515152e-01 -8.9393939394e-01 0.0000000000e+00 3.2041980292e-09 -5.2749189346e-09
-6.2121212121e-01 -8.9393939394e-01 0.0000000000e+00 3.2555474168e-09 -5.2609998208e-09
-5.9090909091e-01 -8.9393939394e-01 0.0000000000e+00 3.3067999171e-09 -5.2500918437e-09
-5.6060606061e-01 -8.9393939394e-01 0.0000000000e+00 3.3577823215e-09 -5.2420217944e-09
-5.3030303030e-01 -8.9393939394e-01 0.0000000000e+00 3.4083041724e-09 -5.2365992157e-09
-5.0000000000e-01 -8.9393939394e-01 0.0000000000e+00 3.4581578768e-09 -5.2336165142e-09
-4.6969696970e-01 -8.9393939394e-01 0.0000000000e+00 3.5071192018e-09 -5.2328494573e-09
-4.3939393939e-01 -8.9393939394e-01 0.0000000000e+00 3.5549482149e-09 -5.2340581122e-09
-4.0909090909e-01 -8.9393939394e-01 0.0000000000e+00 3.6013907225e-09 -5.2369882856e-09
-3.7878787879e-01 -8.9393939394e-01 0.0000000000e+00 3.6461802546e-09 -5.2413735073e-09
-3.4848484848e-01 -8.9393939394e-01 0.0000000000e+00 3.6890406255e-09 -5.2469375918e-09
-3.1818181818e-01 -8.9393939394e-01 0.0000000000e+00 3.7296890843e-09 -5.2533977880e-09
-2.8787878788e-01 -8.9393939394e-01 0.0000000000e+00 3.7678400421e-09 -5.2604685071e-09
-2.5757575758e-01 -8.9393939394e-01 0.0000000000e+00 3.8032093365e-09 -5.2678655866e-09
-2.2727272727e-01 -8.9393939394e-01 0.0000000000e+00 3.8355189599e-09 -5.2753110191e-09
-1.9696969697e-01 -8.9393939394e-01 0.0000000000e+00 3.8645021466e-09 -5.2825380386e-09
-1.6666666667e-01 -8.9393939394e-01 0.0000000000e+00 3.8899086782e-09 -5.2892964269e-09
-1.3636363636e-01 -8.9393939394e-01 0.0000000000e+00 3.9115102400e-09 -5.2953578695e-09
-1.0606060606e-01 -8.9393939394e-01 0.0000000000e+00 3.9291056349e-09 -5.3005211689e-09
-7.5757575758e-02 -8.9393939394e-01 0.0000000000e+00 3.9425256463e-09 -5.3046171086e-09
-4.5454545455e-02 -8.9393939394e-01 0.0000000000e+00 3.9516373399e-09 -5.3075127544e-09
-1.5151515152e-02 -8.9393939394e-01 0.0000000000e+00 3.9563476030e-09 -5.3091149937e-09
1.5151515152e-02 -8.9393939394e-01 0.0000000000e+00 3.9566057436e-09 -5.3093731343e-09
4.5454545455e-02 -8.9393939394e-01 0.0000000000e+00 3.9524050106e-09 -5.3082804252e-09
7.5757575758e-02 -8.9393939394e-01 0.0000000000e+00 3.9437829475e-09 -5.3058744098e-09
1.0606060606e-01 -8.9393939394e-01 0.0000000000e+00 3.9308205467e-09 -5.3022360807e-09
1.3636363636e-01 -8.9393939394e-01 0.0000000000e+00 3.9136402394e-09 -5.2974878688e-09
1.6666666667e-01 -8.9393939394e-01 0.0000000000e+00 3.8924028111e-09 -5.2917905598e-09
1.9696969697e-01 -8.9393939394e-01 0.0000000000e+00 3.8673033921e-09 -5.2853392841e-09
2.2727272727e-01 -8.9393939394e-01 0.0000000000e+00 3.8385667114e-09 -5.2783587705e-09
2.5757575758e-01 -8.9393939394e-01 0.0000000000e+00 3.8064418328e-09 -5.2710980829e-09
2.8787878788e-01 -8.9393939394e-01 0.0000000000e+00 3.7711966036e-09 -5.2638250686e-09
3.1818181818e-01 -8.9393939394e-01 0.0000000000e+00 3.7331120412e-09 -5.2568207449e-09
3.4848484848e-01 -8.9393939394e-01 0.0000000000e+00 3.6924768664e-09 -5.2503738327e-09
3.7878787879e-01 -8.9393939394e-01 0.0000000000e+00 3.6495823609e-09 -5.2447756137e-09
4.0909090909e-01 -8.9393939394e-01 0.0000000000e+00 3.6047176903e-09 -5.2403152535e-09
4.3939393939e-01 -8.9393939394e-01 0.0000000000e+00 3.5581657946e-09 -5.2372756920e-09
4.6969696970e-01 -8.9393939394e-01 0.0000000000e+00 3.5101999054e-09 -5.2359301609e-09
5.0000000000e-01 -8.9393939394e-01 0.0000000000e+00 3.4610807151e-09 -5.2365393525e-09
5.3030303030e-01 -8.9393939394e-01 0.0000000000e+00 3.4110541889e-09 -5.2393492321e-09
5.6060606061e-01 -8.9393939394e-01 0.0000000000e+00 3.3603499869e-09 -5.2445894598e-09
5.9090909091e-01 -8.9393939394e-01 0.0000000000e+00 3.3091804431e-09 -5.2524723696e-09
6.2121212121e-01 -8.9393939394e-01 0.0000000000e+00 3.2577400381e-09 -5.2631924421e-09
6.5151515152e-01 -8.9393939394e-01 0.0000000000e+00 3.2062052936e-09 -5.2769261990e-09
6.8181818182e-01 -8.9393939394e-01 0.0000000000e+00 3.1547350176e-09 -5.2938324481e-09
7.1212121212e-01 -8.9393939394e-01 0.0000000000e+00 3.1034708290e-09 -5.3140528086e-09
7.4242424242e-01 -8.9393939394e-01 0.0000000000e+00 3.0525378983e-09 -5.3377124509e-09
7.7272727273e-01 -8.9393939394e-01 0.0000000000e+00 3.0020458442e-09 -5.3649209936e-09
8.0303030303e-01 -8.9393939394e-01 0.0000000000e+00 2.9520897360e-09 -5.3957735061e-09
8.3333333333e-01 -8.9393939394e-01 0.0000000000e+00 2.9027511585e-09 -5.4303515731e-09
8.6363636364e-01 -8.9393939394e-01 0.0000000000e+00 2.8540993036e-09 -5.4687243868e-09
8.9393939394e-01 -8.9393939394e-01 0.0000000000e+00 2.8061920610e-09 -5.5109498364e-09
9.2424242424e-01 -8.9393939394e-01 0.0000000000e+00 2.7590770840e-09 -5.5570755756e-09
9.5454545455e-01 -8.9393939394e-01 0.0000000000e+00 2.7127928162e-09 -5.6071400479e-09
9.8484848485e-01 -8.9393939394e-01 0.0000000000e+00 2.6673694658e-09 -5.6611734614e-09
1.0151515152e+00 -8.9393939394e-01 0.0000000000e+00 2.6228299202e-09 -5.7191987036e-09
1.0454545455e+00 -8.9393939394e-01 0.0000000000e+00 2.5791905960e-09 -5.7812321911e-09
1.0757575758e+00 -8.9393939394e-01 0.0000000000e+00 2.5364622231e-09 -5.8472846537e-09
1.1060606061e+00 -8.9393939394e-01 0.0000000000e+00 2.4946505618e-09 -5.9173618519e-09
1.1363636364e+00 -8.9393939394e-01 0.0000000000e+00 2.4537570559e-09 -5.9914652293e-09
1.1666666667e+00 -8.9393939394e-01 0.0000000000e+00 2.4137794215e-09 -6.0695925021e-09
1.1969696970e+00 -8.9393939394e-01 0.0000000000e+00 2.3747121787e-09 -6.1517381903e-09
1.2272727273e+00 -8.9393939394e-01 0.0000000000e+00 2.3365471256e-09 -6.2378940921e-09
1.2575757576e+00 -8.9393939394e-01 0.0000000000e+00 2.2992737625e-09 -6.3280497078e-09
1.2878787879e+00 -8.9393939394e-01 0.0000000000e+00 2.2628796673e-09 -6.4221926153e-09
1.3181818182e+00 -8.9393939394e-01 0.0000000000e+00 2.2273508278e-09 -6.5203088023e-09
1.3484848485e+00 -8.9393939394e-01 0.0000000000e+00 2.1926719349e-09 -6.6223829598e-09
1.3787878788e+00 -8.9393939394e-01 0.0000000000e+00 2.1588266390e-09 -6.7283987382e-09
1.4090909091e+00 -8.9393939394e-01 0.0000000000e+00 2.1257977753e-09 -6.8383389727e-09
1.4393939394e+00 -8.9393939394e-01 0.0000000000e+00 2.0935675594e-09 -6.9521858788e-09
1.4696969697e+00 -8.9393939394e-01 0.0000000000e+00 2.0621177574e-09 -7.0699212227e-09
1.5000000000e+00 -8.9393939394e-01 0.0000000000e+00 2.0314298328e-09 -7.1915264679e-09
-1.5000000000e+00 -8.6363636364e-01 0.0000000000e+00 2.0495409150e-09 -7.1195048577e-09
-1.4696969697e+00 -8.6363636364e-01 0.0000000000e+00 2.0810601673e-09 -6.9987309403e-09
-1.4393939394e+00 -8.6363636364e-01 0.0000000000e+00 2.1133875340e-09 -6.8818731611e-09
-1.4090909091e+00 -8.6363636364e-01 0.0000000000e+00 2.1465443366e-09 -6.7689528417e-09
-1.3787878788e+00 -8.6363636364e-01 0.0000000000e+00 2.1805517470e-09 -6.6599911539e-09
-1.3484848485e+00 -8.6363636364e-01 0.0000000000e+00 2.2154306435e-09 -6.5550089761e-09
-1.3181818182e+00 -8.6363636364e-01 0.0000000000e+00 2.2512014427e-09 -6.4540267249e-09
-1.2878787879e+00 -8.6363636364e-01 0.0000000000e+00 2.2878839037e-09 -6.3570641593e-09
-1.2575757576e+00 -8.6363636364e-01 0.0000000000e+00 2.3254969019e-09 -6.2641401549e-09
-1.2272727273e+00 -8.6363636364e-01 0.0000000000e+00 2.3640581679e-09 -6.1752724421e-09
-1.1969696970e+00 -8.6363636364e-01 0.0000000000e+00 2.4035839875e-09 -6.0904773068e-09
-1.1666666667e+00 -8.6363636364e-01 0.0000000000e+00 2.4440888590e-09 -6.0097692473e-09
-1.1363636364e+00 -8.6363636364e-01 0.0000000000e+00 2.4855851030e-09 -5.9331605840e-09
-1.1060606061e+00 -8.6363636364e-01 0.0000000000e+00 2.5280824188e-09 -5.8606610166e-09
-1.0757575758e+00 -8.6363636364e-01 0.0000000000e+00 2.5715873848e-09 -5.7922771232e-09
-1.0454545455e+00 -8.6363636364e-01 0.0000000000e+00 2.6161028955e-09 -5.7280117983e-09
-1.0151515152e+00 -8.6363636364e-01 0.0000000000e+00 2.6616275321e-09 -5.6678636232e-09
-9.8484848485e-01 -8.6363636364e-01 0.0000000000e+00 2.7081548620e-09 -5.6118261653e-09
-9.5454545455e-01 -8.6363636364e-01 0.0000000000e+00 2.7556726631e-09 -5.5598872024e-09
-9.2424242424e-01 -8.6363636364e-01 0.0000000000e+00 2.8041620709e-09 -5.5120278702e-09
-8.9393939394e-01 -8.6363636364e-01 0.0000000000e+00 2.8535966477e-09 -5.4682217308e-09
-8.6363636364e-01 -8.6363636364e-01 0.0000000000e+00 2.9039413734e-09 -5.4284337642e-09
-8.3333333333e-01 -8.6363636364e-01 0.0000000000e+00 2.9551515636e-09 -5.3926192859e-09
-8.0303030303e-01 -8.6363636364e-01 0.0000000000e+00 3.0071717197e-09 -5.3607227975e-09
-7.7272727273e-01 -8.6363636364e-01 0.0000000000e+00 3.0599343246e-09 -5.3326767817e-09
-7.4242424242e-01 -8.6363636364e-01 0.0000000000e+00 3.1133585981e-09 -5.3084004583e-09
-7.1212121212e-01 -8.6363636364e-01 0.0000000000e+00 3.1673492354e-09 -5.2877985227e-09
-6.8181818182e-01 -8.6363636364e-01 0.0000000000e+00 3.2217951575e-09 -5.2707598957e-09
-6.5151515152e-01 -8.6363636364e-01 0.0000000000e+00 3.2765683101e-09 -5.2571565232e-09
-6.2121212121e-01 -8.6363636364e-01 0.0000000000e+00 3.3315225561e-09 -5.2468422678e-09
-5.9090909091e-01 -8.6363636364e-01 0.0000000000e+00 3.3864927149e-09 -5.2396519491e-09
-5.6060606061e-01 -8.6363636364e-01 0.0000000000e+00 3.4412938111e-09 -5.2354005918e-09
-5.3030303030e-01 -8.6363636364e-01 0.0000000000e+00 3.4957206023e-09 -5.2338829533e-09
-5.0000000000e-01 -8.6363636364e-01 0.0000000000e+00 3.5495474610e-09 -5.2348734061e-09
-4.6969696970e-01 -8.6363636364e-01 0.0000000000e+00 3.6025286909e-09 -5.2381262540e-09
-4.3939393939e-01 -8.6363636364e-01 0.0000000000e+00 3.6543993589e-09 -5.2433765639e-09
-4.0909090909e-01 -8.6363636364e-01 0.0000000000e+00 3.7048767163e-09 -5.2503415871e-09
-3.7878787879e-01 -8.6363636364e-01 0.0000000000e+00 3.7536622785e-09 -5.2587228390e-09
-3.4848484848e-01 -8.6363636364e-01 0.0000000000e+00 3.8004446124e-09 -5.2682088864e-09
-3.1818181818e-01 -8.6363636364e-01 0.0000000000e+00 3.8449028607e-09 -5.2784788721e-09
-2.8787878788e-01 -8.6363636364e-01 0.0000000000e+00 3.8867110021e-09 -5.2892067748e-09
-2.5757575758e-01 -8.6363636364e-01 0.0000000000e+00 3.9255428101e-09 -5.3000663679e-09
-2.2727272727e-01 -8.6363636364e-01 0.0000000000e+00 3.9610774335e-09 -5.3107368003e-09
-1.9696969697e-01 -8.6363636364e-01 0.0000000000e+00 3.9930054759e-09 -5.3209086757e-09
-1.6666666667e-01 -8.6363636364e-01 0.0000000000e+00 4.0210354092e-09 -5.3302904657e-09
-1.3636363636e-01 -8.6363636364e-01 0.0000000000e+00 4.0449001109e-09 -5.3386150481e-09
-1.0606060606e-01 -8.6363636364e-01 0.0000000000e+00 4.0643632852e-09 -5.3456461268e-09
-7.5757575758e-02 -8.6363636364e-01 0.0000000000e+00 4.0792254995e-09 -5.3511842695e-09
-4.5454545455e-02 -8.6363636364e-01 0.0000000000e+00 4.0893295633e-09 -5.3550722855e-09
-1.5151515152e-02 -8.6363636364e-01 0.0000000000e+00 4.0945649830e-09 -5.3571996814e-09
1.5151515152e-02 -8.6363636364e-01 0.0000000000e+00 4.0948712570e-09 -5.3575059554e-09
4.5454545455e-02 -8.6363636364e-01 0.0000000000e+00 4.0902398235e-09 -5.3559825458e-09
7.5757575758e-02 -8.6363636364e-01 0.0000000000e+00 4.0807145381e-09 -5.3526733081e-09
1.0606060606e-01 -8.6363636364e-01 0.0000000000e+00 4.0663906392e-09 -5.3476734808e-09
1.3636363636e-01 -8.6363636364e-01 0.0000000000e+00 4.0474122390e-09 -5.3411271761e-09
1.6666666667e-01 -8.6363636364e-01 0.0000000000e+00 4.0239684646e-09 -5.3332235210e-09
1.9696969697e-01 -8.6363636364e-01 0.0000000000e+00 3.9962884433e-09 -5.3241916430e-09
2.2727272727e-01 -8.6363636364e-01 0.0000000000e+00 3.9646353859e-09 -5.3142947527e-09
2.5757575758e-01 -8.6363636364e-01 0.0000000000e+00 3.9293000554e-09 -5.3038236132e-09
2.8787878788e-01 -8.6363636364e-01 0.0000000000e+00 3.8905939249e-09 -5.2930896975e-09
3.1818181818e-01 -8.6363636364e-01 0.0000000000e+00 3.8488423162e-09 -5.2824183276e-09
3.4848484848e-01 -8.6363636364e-01 0.0000000000e+00 3.8043777863e-09 -5.2721420603e-09
3.7878787879e-01 -8.6363636364e-01 0.0000000000e+00 3.7575339812e-09 -5.2625945417e-09
4.0909090909e-01 -8.6363636364e-01 0.0000000000e+00 3.7086401290e-09 -5.2541049998e-09
4.3939393939e-01 -8.6363636364e-01 0.0000000000e+00 3.6580162862e-09 -5.2469934913e-09
4.6969696970e-01 -8.6363636364e-01 0.0000000000e+00 3.6059693987e-09 -5.2415669618e-09
5.0000000000e-01 -8.6363636364e-01 0.0000000000e+00 3.5527901895e-09 -5.2381161346e-09
5.3030303030e-01 -8.6363636364e-01 0.0000000000e+00 3.4987508491e-09 -5.2369132001e-09
5.6060606061e-01 -8.6363636364e-01 0.0000000000e+00 3.4441034677e-09 -5.2382102484e-09
5.9090909091e-01 -8.6363636364e-01 0.0000000000e+00 3.3890791348e-09 -5.2422383690e-09
6.2121212121e-01 -8.6363636364e-01 0.0000000000e+00 3.3338876136e-09 -5.2492073253e-09
6.5151515152e-01 -8.6363636364e-01 0.0000000000e+00 3.2787174963e-09 -5.2593057093e-09
6.8181818182e-01 -8.6363636364e-01 0.0000000000e+00 3.2237367462e-09 -5.2727014844e-09
7.1212121212e-01 -8.6363636364e-01 0.0000000000e+00 3.1690935384e-09 -5.2895428257e-09
7.4242424242e-01 -8.6363636364e-01 0.0000000000e+00 3.1149173198e-09 -5.3099591801e-09
7.7272727273e-01 -8.6363636364e-01 0.0000000000e+00 3.0613200175e-09 -5.3340624745e-09
8.0303030303e-01 -8.6363636364e-01 0.0000000000e+00 3.0083973372e-09 -5.3619484150e-09
8.3333333333e-01 -8.6363636364e-01 0.0000000000e+00 2.9562301037e-09 -5.3936978260e-09
8.6363636364e-01 -8.6363636364e-01 0.0000000000e+00 2.9048856020e-09 -5.4293779928e-09
8.9393939394e-01 -8.6363636364e-01 0.0000000000e+00 2.8544188922e-09 -5.4690439753e-09
9.2424242424e-01 -8.6363636364e-01 0.0000000000e+00 2.8048740730e-09 -5.5127398722e-09
9.5454545455e-01 -8.6363636364e-01 0.0000000000e+00 2.7562854801e-09 -5.5605000194e-09
9.8484848485e-01 -8.6363636364e-01 0.0000000000e+00 2.7086788085e-09 -5.6123501118e-09
1.0151515152e+00 -8.6363636364e-01 0.0000000000e+00 2.6620721519e-09 -5.6683082430e-09
1.0454545455e+00 -8.6363636364e-01 0.0000000000e+00 2.6164769587e-09 -5.7283858615e-09
1.0757575758e+00 -8.6363636364e-01 0.0000000000e+00 2.5718989021e-09 -5.7925886404e-09
1.1060606061e+00 -8.6363636364e-01 0.0000000000e+00 2.5283386691e-09 -5.8609172669e-09
1.1363636364e+00 -8.6363636364e-01 0.0000000000e+00 2.4857926704e-09 -5.9333681515e-09
1.1666666667e+00 -8.6363636364e-01 0.0000000000e+00 2.4442536749e-09 -6.0099340631e-09
1.1969696970e+00 -8.6363636364e-01 0.0000000000e+00 2.4037113760e-09 -6.0906046952e-09
1.2272727273e+00 -8.6363636364e-01 0.0000000000e+00 2.3641528929e-09 -6.1753671671e-09
1.2575757576e+00 -8.6363636364e-01 0.0000000000e+00 2.3255632136e-09 -6.2642064666e-09
1.2878787879e+00 -8.6363636364e-01 0.0000000000e+00 2.2879255841e-09 -6.3571058397e-09
1.3181818182e+00 -8.6363636364e-01 0.0000000000e+00 2.2512218489e-09 -6.4540471311e-09
1.3484848485e+00 -8.6363636364e-01 0.0000000000e+00 2.2154327491e-09 -6.5550110817e-09
1.3787878788e+00 -8.6363636364e-01 0.0000000000e+00 2.1805381800e-09 -6.6599775869e-09
1.4090909091e+00 -8.6363636364e-01 0.0000000000e+00 2.1465174154e-09 -6.7689259204e-09
1.4393939394e+00 -8.6363636364e-01 0.0000000000e+00 2.1133492995e-09 -6.8818349265e-09
1.4696969697e+00 -8.6363636364e-01 0.0000000000e+00 2.0810124131e-09 -6.9986831860e-09
1.5000000000e+00 -8.6363636364e-01 0.0000000000e+00 2.0494852143e-09 -7.1194491570e-09
-1.5000000000e+00 -8.3333333333e-01 0.0000000000e+00 2.0674607507e-09 -7.0504000250e-09
-1.4696969697e+00 -8.3333333333e-01 0.0000000000e+00 2.0998285908e-09 -6.9304746953e-09
-1.4393939394e+00 -8.3333333333e-01 0.0000000000e+00 2.1330540998e-09 -6.8145150584e-09
-1.4090909091e+00 -8.3333333333e-01 0.0000000000e+00 2.1671618242e-09 -6.7025456608e-09
-1.3787878788e+00 -8.3333333333e-01 0.0000000000e+00 2.2021763659e-09 -6.5945911043e-09
-1.3484848485e+00 -8.3333333333e-01 0.0000000000e+00 2.2381222462e-09 -6.4906759104e-09
-1.3181818182e+00 -8.3333333333e-01 0.0000000000e+00 2.2750237451e-09 -6.3908243589e-09
-1.2878787879e+00 -8.3333333333e-01 0.0000000000e+00 2.3129047115e-09 -6.2950602987e-09
-1.2575757576e+00 -8.3333333333e-01 0.0000000000e+00 2.3517883409e-09 -6.2034069254e-09
-1.2272727273e+00 -8.3333333333e-01 0.0000000000e+00 2.3916969159e-09 -6.1158865216e-09
-1.1969696970e+00 -8.3333333333e-01 0.0000000000e+00 2.4326515052e-09 -6.0325201560e-09
-1.1666666667e+00 -8.3333333333e-01 0.0000000000e+00 2.4746716148e-09 -5.9533273346e-09
-1.1363636364e+00 -8.3333333333e-01 0.0000000000e+00 2.5177747875e-09 -5.8783256001e-09
-1.1060606061e+00 -8.3333333333e-01 0.0000000000e+00 2.5619761431e-09 -5.8075300725e-09
-1.0757575758e+00 -8.3333333333e-01 0.0000000000e+00 2.6072878542e-09 -5.7409529240e-09
-1.0454545455e+00 -8.3333333333e-01 0.0000000000e+00 2.6537185499e-09 -5.6786027843e-09
-1.0151515152e+00 -8.3333333333e-01 0.0000000000e+00 2.7012726434e-09 -5.6204840660e-09
-9.8484848485e-01 -8.3333333333e-01 0.0000000000e+00 2.7499495734e-09 -5.5665962083e-09
-9.5454545455e-01 -8.3333333333e-01 0.0000000000e+00 2.7997429578e-09 -5.5169328287e-09
-9.2424242424e-01 -8.3333333333e-01 0.0000000000e+00 2.8506396510e-09 -5.4714807818e-09
-8.9393939394e-01 -8.3333333333e-01 0.0000000000e+00 2.9026187043e-09 -5.4302191189e-09
-8.6363636364e-01 -8.3333333333e-01 0.0000000000e+00 2.9556502257e-09 -5.3931179481e-09
-8.3333333333e-01 -8.3333333333e-01 0.0000000000e+00 3.0096941414e-09 -5.3601371953e-09
-8.0303030303e-01 -8.3333333333e-01 0.0000000000e+00 3.0646988631e-09 -5.3312252724e-09
-7.7272727273e-01 -8.3333333333e-01 0.0000000000e+00 3.1205998708e-09 -5.3063176595e-09
-7.4242424242e-01 -8.3333333333e-01 0.0000000000e+00 3.1773182264e-09 -5.2853354182e-09
-7.1212121212e-01 -8.3333333333e-01 0.0000000000e+00 3.2347590385e-09 -5.2681836573e-09
-6.8181818182e-01 -8.3333333333e-01 0.0000000000e+00 3.2928099113e-09 -5.2547499811e-09
-6.5151515152e-01 -8.3333333333e-01 0.0000000000e+00 3.3513394150e-09 -5.2449029596e-09
-6.2121212121e-01 -8.3333333333e-01 0.0000000000e+00 3.4101956286e-09 -5.2384906719e-09
-5.9090909091e-01 -8.3333333333e-01 0.0000000000e+00 3.4692048171e-09 -5.2353393829e-09
-5.6060606061e-01 -8.3333333333e-01 0.0000000000e+00 3.5281703159e-09 -5.2352524281e-09
-5.3030303030e-01 -8.3333333333e-01 0.0000000000e+00 3.5868717065e-09 -5.2380093890e-09
-5.0000000000e-01 -8.3333333333e-01 0.0000000000e+00 3.6450643777e-09 -5.2433656543e-09
-4.6969696970e-01 -8.3333333333e-01 0.0000000000e+00 3.7024795736e-09 -5.2510524683e-09
-4.3939393939e-01 -8.3333333333e-01 0.0000000000e+00 3.7588250344e-09 -5.2607775710e-09
-4.0909090909e-01 -8.3333333333e-01 0.0000000000e+00 3.8137863306e-09 -5.2722265330e-09
-3.7878787879e-01 -8.3333333333e-01 0.0000000000e+00 3.8670289881e-09 -5.2850648801e-09
-3.4848484848e-01 -8.3333333333e-01 0.0000000000e+00 3.9182014794e-09 -5.2989410849e-09
-3.1818181818e-01 -8.3333333333e-01 0.0000000000e+00 3.9669391354e-09 -5.3134904784e-09
-2.8787878788e-01 -8.3333333333e-01 0.0000000000e+00 4.0128689930e-09 -5.3283400972e-09
-2.5757575758e-01 -8.3333333333e-01 0.0000000000e+00 4.0556155515e-09 -5.3431144408e-09
-2.2727272727e-01 -8.3333333333e-01 0.0000000000e+00 4.0948073593e-09 -5.3574420577e-09
-1.9696969697e-01 -8.3333333333e-01 0.0000000000e+00 4.1300842919e-09 -5.3709628232e-09
-1.6666666667e-01 -8.3333333333e-01 0.0000000000e+00 4.1611053244e-09 -5.3833357124e-09
-1.3636363636e-01 -8.3333333333e-01 0.0000000000e+00 4.1875565422e-09 -5.3942468109e-09
-1.0606060606e-01 -8.3333333333e-01 0.0000000000e+00 4.2091590860e-09 -5.4034172592e-09
-7.5757575758e-02 -8.3333333333e-01 0.0000000000e+00 4.2256766873e-09 -5.4106107889e-09
-4.5454545455e-02 -8.3333333333e-01 0.0000000000e+00 4.2369224369e-09 -5.4156404907e-09
-1.5151515152e-02 -8.3333333333e-01 0.0000000000e+00 4.2427644329e-09 -5.4183744628e-09
1.5151515152e-02 -8.3333333333e-01 0.0000000000e+00 4.2431299917e-09 -5.4187400216e-09
4.5454545455e-02 -8.3333333333e-01 0.0000000000e+00 4.2380081653e-09 -5.4167262191e-09
7.5757575758e-02 -8.3333333333e-01 0.0000000000e+00 4.2274503952e-09 -5.4123844968e-09
1.0606060606e-01 -8.3333333333e-01 0.0000000000e+00 4.2115692401e-09 -5.4058274133e-09
1.3636363636e-01 -8.3333333333e-01 0.0000000000e+00 4.1905352255e-09 -5.3972254941e-09
1.6666666667e-01 -8.3333333333e-01 0.0000000000e+00 4.1645719801e-09 -5.3868023681e-09
1.9696969697e-01 -8.3333333333e-01 0.0000000000e+00 4.1339499202e-09 -5.3748284515e-09
2.2727272727e-01 -8.3333333333e-01 0.0000000000e+00 4.0989788214e-09 -5.3616135198e-09
2.5757575758e-01 -8.3333333333e-01 0.0000000000e+00 4.0599996628e-09 -5.3474985521e-09
2.8787878788e-01 -8.3333333333e-01 0.0000000000e+00 4.0173761451e-09 -5.3328472493e-09
3.1818181818e-01 -8.3333333333e-01 0.0000000000e+00 3.9714862647e-09 -5.3180376076e-09
3.4848484848e-01 -8.3333333333e-01 0.0000000000e+00 3.9227142822e-09 -5.3034538877e-09
3.7878787879e-01 -8.3333333333e-01 0.0000000000e+00 3.8714433639e-09 -5.2894792559e-09
4.0909090909e-01 -8.3333333333e-01 0.0000000000e+00 3.8180490976e-09 -5.2764893000e-09
4.3939393939e-01 -8.3333333333e-01 0.0000000000e+00 3.7628940102e-09 -5.2648465468e-09
4.6969696970e-01 -8.3333333333e-01 0.0000000000e+00 3.7063231427e-09 -5.2548960374e-09
5.0000000000e-01 -8.3333333333e-01 0.0000000000e+00 3.6486606770e-09 -5.2469619536e-09
5.3030303030e-01 -8.3333333333e-01 0.0000000000e+00 3.5902075572e-09 -5.2413452397e-09
5.6060606061e-01 -8.3333333333e-01 0.0000000000e+00 3.5312400158e-09 -5.2383221280e-09
5.9090909091e-01 -8.3333333333e-01 0.0000000000e+00 3.4720088898e-09 -5.2381434556e-09
6.2121212121e-01 -8.3333333333e-01 0.0000000000e+00 3.4127396022e-09 -5.2410346455e-09
6.5151515152e-01 -8.3333333333e-01 0.0000000000e+00 3.3536326841e-09 -5.2471962286e-09
6.8181818182e-01 -8.3333333333e-01 0.0000000000e+00 3.2948647141e-09 -5.2568047839e-09
7.1212121212e-01 -8.3333333333e-01 0.0000000000e+00 3.2365895686e-09 -5.2700141875e-09
7.4242424242e-01 -8.3333333333e-01 0.0000000000e+00 3.1789398834e-09 -5.2869570753e-09
7.7272727273e-01 -8.3333333333e-01 0.0000000000e+00 3.1220286460e-09 -5.3077464346e-09
8.0303030303e-01 -8.3333333333e-01 0.0000000000e+00 3.0659508502e-09 -5.3324772596e-09
8.3333333333e-01 -8.3333333333e-01 0.0000000000e+00 3.0107851609e-09 -5.3612282148e-09
8.6363636364e-01 -8.3333333333e-01 0.0000000000e+00 2.9565955449e-09 -5.3940632673e-09
8.9393939394e-01 -8.3333333333e-01 0.0000000000e+00 2.9034328402e-09 -5.4310332549e-09
9.2424242424e-01 -8.3333333333e-01 0.0000000000e+00 2.8513362405e-09 -5.4721773713e-09
9.5454545455e-01 -8.3333333333e-01 0.0000000000e+00 2.8003346815e-09 -5.5175245524e-09
9.8484848485e-01 -8.3333333333e-01 0.0000000000e+00 2.7504481224e-09 -5.5670947572e-09
1.0151515152e+00 -8.3333333333e-01 0.0000000000e+00 2.7016887178e-09 -5.6209001405e-09
1.0454545455e+00 -8.3333333333e-01 0.0000000000e+00 2.6540618817e-09 -5.6789461161e-09
1.0757575758e+00 -8.3333333333e-01 0.0000000000e+00 2.6075672463e-09 -5.7412323162e-09
1.1060606061e+00 -8.3333333333e-01 0.0000000000e+00 2.5621995204e-09 -5.8077534497e-09
1.1363636364e+00 -8.3333333333e-01 0.0000000000e+00 2.5179492542e-09 -5.8785000668e-09
1.1666666667e+00 -8.3333333333e-01 0.0000000000e+00 2.4748035160e-09 -5.9534592358e-09
1.1969696970e+00 -8.3333333333e-01 0.0000000000e+00 2.4327464891e-09 -6.0326151399e-09
1.2272727273e+00 -8.3333333333e-01 0.0000000000e+00 2.3917599952e-09 -6.1159496010e-09
1.2575757576e+00 -8.3333333333e-01 0.0000000000e+00 2.3518239522e-09 -6.2034425367e-09
1.2878787879e+00 -8.3333333333e-01 0.0000000000e+00 2.3129167718e-09 -6.2950723591e-09
1.3181818182e+00 -8.3333333333e-01 0.0000000000e+00 2.2750157047e-09 -6.3908163184e-09
1.3484848485e+00 -8.3333333333e-01 0.0000000000e+00 2.2380971373e-09 -6.4906508014e-09
1.3787878788e+00 -8.3333333333e-01 0.0000000000e+00 2.2021368481e-09 -6.5945515865e-09
1.4090909091e+00 -8.3333333333e-01 0.0000000000e+00 2.1671102254e-09 -6.7024940619e-09
1.4393939394e+00 -8.3333333333e-01 0.0000000000e+00 2.1329924535e-09 -6.8144534121e-09
1.4696969697e+00 -8.3333333333e-01 0.0000000000e+00 2.0997586700e-09 -6.9304047746e-09
1.5000000000e+00 -8.3333333333e-01 0.0000000000e+00 2.0673840980e-09 -7.0503233723e-09
-1.5000000000e+00 -8.0303030303e-01 0.0000000000e+00 2.0851960160e-09 -6.9842186457e-09
-1.4696969697e+00 -8.0303030303e-01 0.0000000000e+00 2.1184190577e-09 -6.8651485176e-09
-1.4393939394e+00 -8.0303030303e-01 0.0000000000e+00 2.1525509853e-09 -6.7500952994e-09
-1.4090909091e+00 -8.0303030303e-01 0.0000000000e+00 2.1876198056e-09 -6.6390869976e-09
-1.3787878788e+00 -8.0303030303e-01 0.0000000000e+00 2.2236538151e-09 -6.5321519090e-09
-1.3484848485e+00 -8.0303030303e-01 0.0000000000e+00 2.2606814767e-09 -6.4293184963e-09
-1.3181818182e+00 -8.0303030303e-01 0.0000000000e+00 2.2987312698e-09 -6.3306152389e-09
-1.2878787879e+00 -8.0303030303e-01 0.0000000000e+00 2.3378315104e-09 -6.2360704531e-09
-1.2575757576e+00 -8.0303030303e-01 0.0000000000e+00 2.3780101382e-09 -6.1457120782e-09
-1.2272727273e+00 -8.0303030303e-01 0.0000000000e+00 2.4192944630e-09 -6.0595674241e-09
-1.1969696970e+00 -8.0303030303e-01 0.0000000000e+00 2.4617108673e-09 -5.9776628736e-09
-1.1666666667e+00 -8.0303030303e-01 0.0000000000e+00 2.5052844586e-09 -5.9000235338e-09
-1.1363636364e+00 -8.0303030303e-01 0.0000000000e+00 2.5500386629e-09 -5.8266728309e-09
-1.1060606061e+00 -8.0303030303e-01 0.0000000000e+00 2.5959947548e-09 -5.7576320395e-09
-1.0757575758e+00 -8.0303030303e-01 0.0000000000e+00 2.6431713145e-09 -5.6929197398e-09
-1.0454545455e+00 -8.0303030303e-01 0.0000000000e+00 2.6915836044e-09 -5.6325511942e-09
-1.0151515152e+00 -8.0303030303e-01 0.0000000000e+00 2.7412428566e-09 -5.5765376346e-09
-9.8484848485e-01 -8.0303030303e-01 0.0000000000e+00 2.7921554621e-09 -5.5248854524e-09
-9.5454545455e-01 -8.0303030303e-01 0.0000000000e+00 2.8443220548e-09 -5.4775952811e-09
-9.2424242424e-01 -8.0303030303e-01 0.0000000000e+00 2.8977364804e-09 -5.4346609667e-09
-8.9393939394e-01 -8.0303030303e-01 0.0000000000e+00 2.9523846455e-09 -5.3960684156e-09
-8.6363636364e-01 -8.0303030303e-01 0.0000000000e+00 3.0082432399e-09 -5.3617943177e-09
-8.3333333333e-01 -8.0303030303e-01 0.0000000000e+00 3.0652783322e-09 -5.3318047415e-09
-8.0303030303e-01 -8.0303030303e-01 0.0000000000e+00 3.1234438372e-09 -5.3060536020e-09
-7.7272727273e-01 -8.0303030303e-01 0.0000000000e+00 3.1826798638e-09 -5.2844810079e-09
-7.4242424242e-01 -8.0303030303e-01 0.0000000000e+00 3.2429109546e-09 -5.2670115019e-09
-7.1212121212e-01 -8.0303030303e-01 0.0000000000e+00 3.3040442377e-09 -5.2535522120e-09
-6.8181818182e-01 -8.0303030303e-01 0.0000000000e+00 3.3659675214e-09 -5.2439909467e-09
-6.5151515152e-01 -8.0303030303e-01 0.0000000000e+00 3.4285473736e-09 -5.2381942736e-09
-6.2121212121e-01 -8.0303030303e-01 0.0000000000e+00 3.4916272391e-09 -5.2360056378e-09
-5.9090909091e-01 -8.0303030303e-01 0.0000000000e+00 3.5550256672e-09 -5.2372435884e-09
-5.6060606061e-01 -8.0303030303e-01 0.0000000000e+00 3.6185347313e-09 -5.2417001989e-09
-5.3030303030e-01 -8.0303030303e-01 0.0000000000e+00 3.6819187439e-09 -5.2491397818e-09
-5.0000000000e-01 -8.0303030303e-01 0.0000000000e+00 3.7449133808e-09 -5.2592980129e-09
-4.6969696970e-01 -8.0303030303e-01 0.0000000000e+00 3.8072253433e-09 -5.2718815934e-09
-4.3939393939e-01 -8.0303030303e-01 0.0000000000e+00 3.8685326930e-09 -5.2865685850e-09
-4.0909090909e-01 -8.0303030303e-01 0.0000000000e+00 3.9284859997e-09 -5.3030095575e-09
-3.7878787879e-01 -8.0303030303e-01 0.0000000000e+00 3.9867104306e-09 -5.3208296780e-09
-3.4848484848e-01 -8.0303030303e-01 0.0000000000e+00 4.0428088991e-09 -5.3396318600e-09
-3.1818181818e-01 -8.0303030303e-01 0.0000000000e+00 4.0963663576e-09 -5.3590010560e-09
-2.8787878788e-01 -8.0303030303e-01 0.0000000000e+00 4.1469552811e-09 -5.3785097407e-09
-2.5757575758e-01 -8.0303030303e-01 0.0000000000e+00 4.1941423303e-09 -5.3977245751e-09
-2.2727272727e-01 -8.0303030303e-01 0.0000000000e+00 4.2374961212e-09 -5.4162141750e-09
-1.9696969697e-01 -8.0303030303e-01 0.0000000000e+00 4.2765959467e-09 -5.4335578334e-09
-1.6666666667e-01 -8.0303030303e-01 0.0000000000e+00 4.3110412207e-09 -5.4493549642e-09
-1.3636363636e-01 -8.0303030303e-01 0.0000000000e+00 4.3404613307e-09 -5.4632349548e-09
-1.0606060606e-01 -8.0303030303e-01 0.0000000000e+00 4.3645255146e-09 -5.4748670432e-09
-7.5757575758e-02 -8.0303030303e-01 0.0000000000e+00 4.3829523220e-09 -5.4839697789e-09
-4.5454545455e-02 -8.0303030303e-01 0.0000000000e+00 4.3955181877e-09 -5.4903195970e-09
-1.5151515152e-02 -8.0303030303e-01 0.0000000000e+00 4.4020646482e-09 -5.4937580335e-09
1.5151515152e-02 -8.0303030303e-01 0.0000000000e+00 4.4025037676e-09 -5.4941971529e-09
4.5454545455e-02 -8.0303030303e-01 0.0000000000e+00 4.3968214235e-09 -5.4916228328e-09
7.5757575758e-02 -8.0303030303e-01 0.0000000000e+00 4.3850782121e-09 -5.4860956691e-09
1.0606060606e-01 -8.0303030303e-01 0.0000000000e+00 4.3674078781e-09 -5.4777494067e-09
1.3636363636e-01 -8.0303030303e-01 0.0000000000e+00 4.3440133325e-09 -5.4667869566e-09
1.6666666667e-01 -8.0303030303e-01 0.0000000000e+00 4.3151604760e-09 -5.4534742194e-09
1.9696969697e-01 -8.0303030303e-01 0.0000000000e+00 4.2811701828e-09 -5.4381320695e-09
2.2727272727e-01 -8.0303030303e-01 0.0000000000e+00 4.2424089061e-09 -5.4211269599e-09
2.5757575758e-01 -8.0303030303e-01 0.0000000000e+00 4.1992784239e-09 -5.4028606687e-09
2.8787878788e-01 -8.0303030303e-01 0.0000000000e+00 4.1522052606e-09 -5.3837597203e-09
3.1818181818e-01 -8.0303030303e-01 0.0000000000e+00 4.1016302877e-09 -5.3642649861e-09
3.4848484848e-01 -8.0303030303e-01 0.0000000000e+00 4.0479989391e-09 -5.3448219001e-09
3.7878787879e-01 -8.0303030303e-01 0.0000000000e+00 3.9917523853e-09 -5.3258716327e-09
4.0909090909e-01 -8.0303030303e-01 0.0000000000e+00 3.9333199066e-09 -5.3078434644e-09
4.3939393939e-01 -8.0303030303e-01 0.0000000000e+00 3.8731125999e-09 -5.2911484920e-09
4.6969696970e-01 -8.0303030303e-01 0.0000000000e+00 3.8115184581e-09 -5.2761747082e-09
5.0000000000e-01 -8.0303030303e-01 0.0000000000e+00 3.7488987834e-09 -5.2632834155e-09
5.3030303030e-01 -8.0303030303e-01 0.0000000000e+00 3.6855858343e-09 -5.2528068723e-09
5.6060606061e-01 -8.0303030303e-01 0.0000000000e+00 3.6218815657e-09 -5.2450470333e-09
5.9090909091e-01 -8.0303030303e-01 0.0000000000e+00 3.5580572985e-09 -5.2402752197e-09
6.2121212121e-01 -8.0303030303e-01 0.0000000000e+00 3.4943541504e-09 -5.2387325491e-09
6.5151515152e-01 -8.0303030303e-01 0.0000000000e+00 3.4309840606e-09 -5.2406309606e-09
6.8181818182e-01 -8.0303030303e-01 0.0000000000e+00 3.3681312557e-09 -5.2461546809e-09
7.1212121212e-01 -8.0303030303e-01 0.0000000000e+00 3.3059540222e-09 -5.2554619965e-09
7.4242424242e-01 -8.0303030303e-01 0.0000000000e+00 3.2445866696e-09 -5.2686872169e-09
7.7272727273e-01 -8.0303030303e-01 0.0000000000e+00 3.1841415888e-09 -5.2859427329e-09
8.0303030303e-01 -8.0303030303e-01 0.0000000000e+00 3.1247113320e-09 -5.3073210967e-09
8.3333333333e-01 -8.0303030303e-01 0.0000000000e+00 3.0663706543e-09 -5.3328970637e-09
8.6363636364e-01 -8.0303030303e-01 0.0000000000e+00 3.0091784775e-09 -5.3627295553e-09
8.9393939394e-01 -8.0303030303e-01 0.0000000000e+00 2.9531797437e-09 -5.3968635137e-09
9.2424242424e-01 -8.0303030303e-01 0.0000000000e+00 2.8984071429e-09 -5.4353316292e-09
9.5454545455e-01 -8.0303030303e-01 0.0000000000e+00 2.8448827030e-09 -5.4781559293e-09
9.8484848485e-01 -8.0303030303e-01 0.0000000000e+00 2.7926192380e-09 -5.5253492283e-09
1.0151515152e+00 -8.0303030303e-01 0.0000000000e+00 2.7416216573e-09 -5.5769164354e-09
1.0454545455e+00 -8.0303030303e-01 0.0000000000e+00 2.6918881387e-09 -5.6328557284e-09
1.0757575758e+00 -8.0303030303e-01 0.0000000000e+00 2.6434111731e-09 -5.6931595985e-09
1.1060606061e+00 -8.0303030303e-01 0.0000000000e+00 2.5961784903e-09 -5.7578157750e-09
1.1363636364e+00 -8.0303030303e-01 0.0000000000e+00 2.5501738721e-09 -5.8268080401e-09
1.1666666667e+00 -8.0303030303e-01 0.0000000000e+00 2.5053778663e-09 -5.9001169415e-09
1.1969696970e+00 -8.0303030303e-01 0.0000000000e+00 2.4617684078e-09 -5.9777204141e-09
1.2272727273e+00 -8.0303030303e-01 0.0000000000e+00 2.4193213583e-09 -6.0595943195e-09
1.2575757576e+00 -8.0303030303e-01 0.0000000000e+00 2.3780109717e-09 -6.1457129117e-09
1.2878787879e+00 -8.0303030303e-01 0.0000000000e+00 2.3378102950e-09 -6.2360492376e-09
1.3181818182e+00 -8.0303030303e-01 0.0000000000e+00 2.2986915109e-09 -6.3305754800e-09
1.3484848485e+00 -8.0303030303e-01 0.0000000000e+00 2.2606262299e-09 -6.4292632495e-09
1.3787878788e+00 -8.0303030303e-01 0.0000000000e+00 2.2235857379e-09 -6.5320838318e-09
1.4090909091e+00 -8.0303030303e-01 0.0000000000e+00 2.1875412045e-09 -6.6390083965e-09
1.4393939394e+00 -8.0303030303e-01 0.0000000000e+00 2.1524638578e-09 -6.7500081719e-09
1.4696969697e+00 -8.0303030303e-01 0.0000000000e+00 2.1183251298e-09 -6.8650545897e-09
1.5000000000e+00 -8.0303030303e-01 0.0000000000e+00 2.0850967756e-09 -6.9841194053e-09
-1.5000000000e+00 -7.7272727273e-01 0.0000000000e+00 2.1027156916e-09 -6.9209297006e-09
-1.4696969697e+00 -7.7272727273e-01 0.0000000000e+00 2.1367986983e-09 -6.8027195375e-09
-1.4393939394e+00 -7.7272727273e-01 0.0000000000e+00 2.1718433782e-09 -6.6885790715e-09
-1.4090909091e+00 -7.7272727273e-01 0.0000000000e+00 2.2078814342e-09 -6.5785400056e-09
-1.3787878788e+00 -7.7272727273e-01 0.0000000000e+00 2.2449451261e-09 -6.4726345992e-09
-1.3484848485e+00 -7.7272727273e-01 0.0000000000e+00 2.2830671618e-09 -6.3708955607e-09
-1.3181818182e+00 -7.7272727273e-01 0.0000000000e+00 2.3222805643e-09 -6.2733559128e-09
-1.2878787879e+00 -7.7272727273e-01 0.0000000000e+00 2.3626185061e-09 -6.1800488281e-09
-1.2575757576e+00 -7.7272727273e-01 0.0000000000e+00 2.4041141104e-09 -6.0910074297e-09
-1.2272727273e+00 -7.7272727273e-01 0.0000000000e+00 2.4468002103e-09 -6.0062645508e-09
-1.1969696970e+00 -7.7272727273e-01 0.0000000000e+00 2.4907090613e-09 -5.9258524469e-09
-1.1666666667e+00 -7.7272727273e-01 0.0000000000e+00 2.5358720001e-09 -5.8498024547e-09
-1.1363636364e+00 -7.7272727273e-01 0.0000000000e+00 2.5823190413e-09 -5.7781445887e-09
-1.1060606061e+00 -7.7272727273e-01 0.0000000000e+00 2.6300784036e-09 -5.7109070676e-09
-1.0757575758e+00 -7.7272727273e-01 0.0000000000e+00 2.6791759562e-09 -5.6481157608e-09
-1.0454545455e+00 -7.7272727273e-01 0.0000000000e+00 2.7296345754e-09 -5.5897935445e-09
-1.0151515152e+00 -7.7272727273e-01 0.0000000000e+00 2.7814734003e-09 -5.5359595577e-09
-9.8484848485e-01 -7.7272727273e-01 0.0000000000e+00 2.8347069757e-09 -5.4866283452e-09
-9.5454545455e-01 -7.7272727273e-01 0.0000000000e+00 2.8893442718e-09 -5.4418088775e-09
-9.2424242424e-01 -7.7272727273e-01 0.0000000000e+00 2.9453875689e-09 -5.4015034345e-09
-8.9393939394e-01 -7.7272727273e-01 0.0000000000e+00 3.0028311952e-09 -5.3657063446e-09
-8.6363636364e-01 -7.7272727273e-01 0.0000000000e+00 3.0616601103e-09 -5.3344025674e-09
-8.3333333333e-01 -7.7272727273e-01 0.0000000000e+00 3.1218483258e-09 -5.3075661144e-09
-8.0303030303e-01 -7.7272727273e-01 0.0000000000e+00 3.1833571603e-09 -5.2851583043e-09
-7.7272727273e-01 -7.7272727273e-01 0.0000000000e+00 3.2461333303e-09 -5.2671258537e-09
-7.4242424242e-01 -7.7272727273e-01 0.0000000000e+00 3.3101068851e-09 -5.2533988116e-09
-7.1212121212e-01 -7.7272727273e-01 0.0000000000e+00 3.3751890025e-09 -5.2438883561e-09
-6.8181818182e-01 -7.7272727273e-01 0.0000000000e+00 3.4412696748e-09 -5.2384844793e-09
-6.5151515152e-01 -7.7272727273e-01 0.0000000000e+00 3.5082153247e-09 -5.2370536040e-09
-6.2121212121e-01 -7.7272727273e-01 0.0000000000e+00 3.5758664123e-09 -5.2394361903e-09
-5.9090909091e-01 -7.7272727273e-01 0.0000000000e+00 3.6440351074e-09 -5.2454444079e-09
-5.6060606061e-01 -7.7272727273e-01 0.0000000000e+00 3.7125031244e-09 -5.2548599713e-09
-5.3030303030e-01 -7.7272727273e-01 0.0000000000e+00 3.7810198407e-09 -5.2674322579e-09
-5.0000000000e-01 -7.7272727273e-01 0.0000000000e+00 3.8493008359e-09 -5.2828768473e-09
-4.6969696970e-01 -7.7272727273e-01 0.0000000000e+00 3.9170270127e-09 -5.3008746421e-09
-4.3939393939e-01 -7.7272727273e-01 0.0000000000e+00 3.9838444736e-09 -5.3210717450e-09
-4.0909090909e-01 -7.7272727273e-01 0.0000000000e+00 4.0493653366e-09 -5.3430802737e-09
-3.7878787879e-01 -7.7272727273e-01 0.0000000000e+00 4.1131696688e-09 -5.3664802956e-09
-3.4848484848e-01 -7.7272727273e-01 0.0000000000e+00 4.1748087068e-09 -5.3908230470e-09
-3.1818181818e-01 -7.7272727273e-01 0.0000000000e+00 4.2338094965e-09 -5.4156355742e-09
-2.8787878788e-01 -7.7272727273e-01 0.0000000000e+00 4.2896810437e-09 -5.4404268827e-09
-2.5757575758e-01 -7.7272727273e-01 0.0000000000e+00 4.3419219938e-09 -5.4646956179e-09
-2.2727272727e-01 -7.7272727273e-01 0.0000000000e+00 4.3900297817e-09 -5.4879392148e-09
-1.9696969697e-01 -7.7272727273e-01 0.0000000000e+00 4.4335110904e-09 -5.5096643564e-09
-1.6666666667e-01 -7.7272727273e-01 0.0000000000e+00 4.4718933494e-09 -5.5293984721e-09
-1.3636363636e-01 -7.7272727273e-01 0.0000000000e+00 4.5047368949e-09 -5.5467018983e-09
-1.0606060606e-01 -7.7272727273e-01 0.0000000000e+00 4.5316473073e-09 -5.5611802152e-09
-7.5757575758e-02 -7.7272727273e-01 0.0000000000e+00 4.5522873594e-09 -5.5724961957e-09
-4.5454545455e-02 -7.7272727273e-01 0.0000000000e+00 4.5663879524e-09 -5.5803807410e-09
-1.5151515152e-02 -7.7272727273e-01 0.0000000000e+00 4.5737574082e-09 -5.5846421729e-09
1.5151515152e-02 -7.7272727273e-01 0.0000000000e+00 4.5742885271e-09 -5.5851732917e-09
4.5454545455e-02 -7.7272727273e-01 0.0000000000e+00 4.5679629200e-09 -5.5819557086e-09
7.5757575758e-02 -7.7272727273e-01 0.0000000000e+00 4.5548522759e-09 -5.5750611121e-09
1.0606060606e-01 -7.7272727273e-01 0.0000000000e+00 4.5351164209e-09 -5.5646493289e-09
1.3636363636e-01 -7.7272727273e-01 0.0000000000e+00 4.5089982475e-09 -5.5509632509e-09
1.6666666667e-01 -7.7272727273e-01 0.0000000000e+00 4.4768158054e-09 -5.5343209281e-09
1.9696969697e-01 -7.7272727273e-01 0.0000000000e+00 4.4389520440e-09 -5.5151053100e-09
2.2727272727e-01 -7.7272727273e-01 0.0000000000e+00 4.3958428360e-09 -5.4937522691e-09
2.5757575758e-01 -7.7272727273e-01 0.0000000000e+00 4.3479639899e-09 -5.4707376140e-09
2.8787878788e-01 -7.7272727273e-01 0.0000000000e+00 4.2958179743e-09 -5.4465638132e-09
3.1818181818e-01 -7.7272727273e-01 0.0000000000e+00 4.2399210179e-09 -5.4217470956e-09
3.4848484848e-01 -7.7272727273e-01 0.0000000000e+00 4.1807911498e-09 -5.3968054900e-09
3.7878787879e-01 -7.7272727273e-01 0.0000000000e+00 4.1189376045e-09 -5.3722482312e-09
4.0909090909e-01 -7.7272727273e-01 0.0000000000e+00 4.0548518716e-09 -5.3485668087e-09
4.3939393939e-01 -7.7272727273e-01 0.0000000000e+00 3.9890005213e-09 -5.3262277926e-09
4.6969696970e-01 -7.7272727273e-01 0.0000000000e+00 3.9218198125e-09 -5.3056674419e-09
5.0000000000e-01 -7.7272727273e-01 0.0000000000e+00 3.8537119903e-09 -5.2872880017e-09
5.3030303030e-01 -7.7272727273e-01 0.0000000000e+00 3.7850431049e-09 -5.2714555221e-09
5.6060606061e-01 -7.7272727273e-01 0.0000000000e+00 3.7161421424e-09 -5.2584989893e-09
5.9090909091e-01 -7.7272727273e-01 0.0000000000e+00 3.6473012383e-09 -5.2487105389e-09
6.2121212121e-01 -7.7272727273e-01 0.0000000000e+00 3.5787767444e-09 -5.2423465224e-09
6.5151515152e-01 -7.7272727273e-01 0.0000000000e+00 3.5107909332e-09 -5.2396292125e-09
6.8181818182e-01 -7.7272727273e-01 0.0000000000e+00 3.4435341490e-09 -5.2407489535e-09
7.1212121212e-01 -7.7272727273e-01 0.0000000000e+00 3.3771672414e-09 -5.2458665950e-09
7.4242424242e-01 -7.7272727273e-01 0.0000000000e+00 3.3118241449e-09 -5.2551160715e-09
7.7272727273e-01 -7.7272727273e-01 0.0000000000e+00 3.2476144997e-09 -5.2686070231e-09
8.0303030303e-01 -7.7272727273e-01 0.0000000000e+00 3.1846262300e-09 -5.2864273740e-09
8.3333333333e-01 -7.7272727273e-01 0.0000000000e+00 3.1229280220e-09 -5.3086458106e-09
8.6363636364e-01 -7.7272727273e-01 0.0000000000e+00 3.0625716608e-09 -5.3353141179e-09
8.9393939394e-01 -7.7272727273e-01 0.0000000000e+00 3.0035941997e-09 -5.3664693491e-09
9.2424242424e-01 -7.7272727273e-01 0.0000000000e+00 2.9460199500e-09 -5.4021358156e-09
9.5454545455e-01 -7.7272727273e-01 0.0000000000e+00 2.8898622851e-09 -5.4423268908e-09
9.8484848485e-01 -7.7272727273e-01 0.0000000000e+00 2.8351252623e-09 -5.4870466319e-09
1.0151515152e+00 -7.7272727273e-01 0.0000000000e+00 2.7818050684e-09 -5.5362912258e-09
1.0454545455e+00 -7.7272727273e-01 0.0000000000e+00 2.7298912996e-09 -5.5900502687e-09
1.0757575758e+00 -7.7272727273e-01 0.0000000000e+00 2.6793680868e-09 -5.6483078915e-09
1.1060606061e+00 -7.7272727273e-01 0.0000000000e+00 2.6302150805e-09 -5.7110437445e-09
1.1363636364e+00 -7.7272727273e-01 0.0000000000e+00 2.5824083060e-09 -5.7782338534e-09
1.1666666667e+00 -7.7272727273e-01 0.0000000000e+00 2.5359209053e-09 -5.8498513598e-09
1.1969696970e+00 -7.7272727273e-01 0.0000000000e+00 2.4907237741e-09 -5.9258671596e-09
1.2272727273e+00 -7.7272727273e-01 0.0000000000e+00 2.4467861089e-09 -6.0062504494e-09
1.2575757576e+00 -7.7272727273e-01 0.0000000000e+00 2.4040758732e-09 -6.0909691924e-09
1.2878787879e+00 -7.7272727273e-01 0.0000000000e+00 2.3625601927e-09 -6.1799905146e-09
1.3181818182e+00 -7.7272727273e-01 0.0000000000e+00 2.3222056893e-09 -6.2732810377e-09
1.3484848485e+00 -7.7272727273e-01 0.0000000000e+00 2.2829787609e-09 -6.3708071598e-09
1.3787878788e+00 -7.7272727273e-01 0.0000000000e+00 2.2448458151e-09 -6.4725352883e-09
1.4090909091e+00 -7.7272727273e-01 0.0000000000e+00 2.2077734622e-09 -6.5784320335e-09
1.4393939394e+00 -7.7272727273e-01 0.0000000000e+00 2.1717286734e-09 -6.6884643667e-09
1.4696969697e+00 -7.7272727273e-01 0.0000000000e+00 2.1366789100e-09 -6.8025997492e-09
1.5000000000e+00 -7.7272727273e-01 0.0000000000e+00 2.1025922261e-09 -6.9208062352e-09
-1.5000000000e+00 -7.4242424242e-01 0.0000000000e+00 2.1199874851e-09 -6.8605008973e-09
-1.4696969697e+00 -7.4242424242e-01 0.0000000000e+00 2.1549331949e-09 -6.7431534373e-09
-1.4393939394e+00 -7.4242424242e-01 0.0000000000e+00 2.1908948208e-09 -6.6299299173e-09
-1.4090909091e+00 -7.4242424242e-01 0.0000000000e+00 2.2279079971e-09 -6.5208659716e-09
-1.3787878788e+00 -7.4242424242e-01 0.0000000000e+00 2.2660092149e-09 -6.4159980913e-09
-1.3484848485e+00 -7.4242424242e-01 0.0000000000e+00 2.3052357341e-09 -6.3153635361e-09
-1.3181818182e+00 -7.4242424242e-01 0.0000000000e+00 2.3456254696e-09 -6.2190002212e-09
-1.2878787879e+00 -7.4242424242e-01 0.0000000000e+00 2.3872168481e-09 -6.1269465732e-09
-1.2575757576e+00 -7.4242424242e-01 0.0000000000e+00 2.4300486282e-09 -6.0392413507e-09
-1.2272727273e+00 -7.4242424242e-01 0.0000000000e+00 2.4741596798e-09 -5.9559234234e-09
-1.1969696970e+00 -7.4242424242e-01 0.0000000000e+00 2.5195887136e-09 -5.8770315023e-09
-1.1666666667e+00 -7.4242424242e-01 0.0000000000e+00 2.5663739555e-09 -5.8026038132e-09
-1.1363636364e+00 -7.4242424242e-01 0.0000000000e+00 2.6145527544e-09 -5.7326777049e-09
-1.1060606061e+00 -7.4242424242e-01 0.0000000000e+00 2.6641611143e-09 -5.6672891816e-09
-1.0757575758e+00 -7.4242424242e-01 0.0000000000e+00 2.7152331409e-09 -5.6064723487e-09
-1.0454545455e+00 -7.4242424242e-01 0.0000000000e+00 2.7678003872e-09 -5.5502587594e-09
-1.0151515152e+00 -7.4242424242e-01 0.0000000000e+00 2.8218910884e-09 -5.4986766490e-09
-9.8484848485e-01 -7.4242424242e-01 0.0000000000e+00 2.8775292688e-09 -5.4517500416e-09
-9.5454545455e-01 -7.4242424242e-01 0.0000000000e+00 2.9347337063e-09 -5.4094977152e-09
-9.2424242424e-01 -7.4242424242e-01 0.0000000000e+00 2.9935167398e-09 -5.3719320086e-09
-8.9393939394e-01 -7.4242424242e-01 0.0000000000e+00 3.0538829023e-09 -5.3390574549e-09
-8.6363636364e-01 -7.4242424242e-01 0.0000000000e+00 3.1158273661e-09 -5.3108692263e-09
-8.3333333333e-01 -7.4242424242e-01 0.0000000000e+00 3.1793341864e-09 -5.2873513782e-09
-8.0303030303e-01 -7.4242424242e-01 0.0000000000e+00 3.2443743336e-09 -5.2684748808e-09
-7.7272727273e-01 -7.4242424242e-01 0.0000000000e+00 3.3109035088e-09 -5.2541954354e-09
-7.4242424242e-01 -7.4242424242e-01 0.0000000000e+00 3.3788597452e-09 -5.2444510749e-09
-7.1212121212e-01 -7.4242424242e-01 0.0000000000e+00 3.4481608049e-09 -5.2391595617e-09
-6.8181818182e-01 -7.4242424242e-01 0.0000000000e+00 3.5187013970e-09 -5.2382156047e-09
-6.5151515152e-01 -7.4242424242e-01 0.0000000000e+00 3.5903502546e-09 -5.2414879371e-09
-6.2121212121e-01 -7.4242424242e-01 0.0000000000e+00 3.6629471309e-09 -5.2488163121e-09
-5.9090909091e-01 -7.4242424242e-01 0.0000000000e+00 3.7362997962e-09 -5.2600084999e-09
-5.6060606061e-01 -7.4242424242e-01 0.0000000000e+00 3.8101811445e-09 -5.2748373946e-09
-5.3030303030e-01 -7.4242424242e-01 0.0000000000e+00 3.8843265465e-09 -5.2930383669e-09
-5.0000000000e-01 -7.4242424242e-01 0.0000000000e+00 3.9584316178e-09 -5.3143070324e-09
-4.6969696970e-01 -7.4242424242e-01 0.0000000000e+00 4.0321505981e-09 -5.3382976307e-09
-4.3939393939e-01 -7.4242424242e-01 0.0000000000e+00 4.1050955619e-09 -5.3646222364e-09
-4.0909090909e-01 -7.4242424242e-01 0.0000000000e+00 4.1768367021e-09 -5.3928510424e-09
-3.7878787879e-01 -7.4242424242e-01 0.0000000000e+00 4.2469039295e-09 -5.4225139594e-09
-3.4848484848e-01 -7.4242424242e-01 0.0000000000e+00 4.3147900238e-09 -5.4531037673e-09
-3.1818181818e-01 -7.4242424242e-01 0.0000000000e+00 4.3799555424e-09 -5.4840810232e-09
-2.8787878788e-01 -7.4242424242e-01 0.0000000000e+00 4.4418356359e-09 -5.5148808781e-09
-2.5757575758e-01 -7.4242424242e-01 0.0000000000e+00 4.4998488458e-09 -5.5449218731e-09
-2.2727272727e-01 -7.4242424242e-01 0.0000000000e+00 4.5534078502e-09 -5.5736166865e-09
-1.9696969697e-01 -7.4242424242e-01 0.0000000000e+00 4.6019320008e-09 -5.6003846699e-09
-1.6666666667e-01 -7.4242424242e-01 0.0000000000e+00 4.6448613463e-09 -5.6246658723e-09
-1.3636363636e-01 -7.4242424242e-01 0.0000000000e+00 4.6816716884e-09 -5.6459360950e-09
-1.0606060606e-01 -7.4242424242e-01 0.0000000000e+00 4.7118900639e-09 -5.6637223750e-09
-7.5757575758e-02 -7.4242424242e-01 0.0000000000e+00 4.7351099223e-09 -5.6776181617e-09
-4.5454545455e-02 -7.4242424242e-01 0.0000000000e+00 4.7510051754e-09 -5.6872973671e-09
-1.5151515152e-02 -7.4242424242e-01 0.0000000000e+00 4.7593422642e-09 -5.6925264320e-09
1.5151515152e-02 -7.4242424242e-01 0.0000000000e+00 4.7599894267e-09 -5.6931735946e-09
4.5454545455e-02 -7.4242424242e-01 0.0000000000e+00 4.7529224752e-09 -5.6892146669e-09
7.5757575758e-02 -7.4242424242e-01 0.0000000000e+00 4.7382265929e-09 -5.6807348323e-09
1.0606060606e-01 -7.4242424242e-01 0.0000000000e+00 4.7160939328e-09 -5.6679262439e-09
1.3636363636e-01 -7.4242424242e-01 0.0000000000e+00 4.6868171089e-09 -5.6510815155e-09
1.6666666667e-01 -7.4242424242e-01 0.0000000000e+00 4.6507789820e-09 -5.6305835079e-09
1.9696969697e-01 -7.4242424242e-01 0.0000000000e+00 4.6084394154e-09 -5.6068920846e-09
2.2727272727e-01 -7.4242424242e-01 0.0000000000e+00 4.5603198758e-09 -5.5805287121e-09
2.5757575758e-01 -7.4242424242e-01 0.0000000000e+00 4.5069868562e-09 -5.5520598835e-09
2.8787878788e-01 -7.4242424242e-01 0.0000000000e+00 4.4490351030e-09 -5.5220803451e-09
3.1818181818e-01 -7.4242424242e-01 0.0000000000e+00 4.3870715339e-09 -5.4911970148e-09
3.4848484848e-01 -7.4242424242e-01 0.0000000000e+00 4.3217005756e-09 -5.4600143191e-09
3.7878787879e-01 -7.4242424242e-01 0.0000000000e+00 4.2535114456e-09 -5.4291214755e-09
4.0909090909e-01 -7.4242424242e-01 0.0000000000e+00 4.1830676900e-09 -5.3990820303e-09
4.3939393939e-01 -7.4242424242e-01 0.0000000000e+00 4.1108990899e-09 -5.3704257644e-09
4.6969696970e-01 -7.4242424242e-01 0.0000000000e+00 4.0374958802e-09 -5.3436429128e-09
5.0000000000e-01 -7.4242424242e-01 0.0000000000e+00 3.9633050999e-09 -5.3191805145e-09
5.3030303030e-01 -7.4242424242e-01 0.0000000000e+00 3.8887288095e-09 -5.2974406299e-09
5.6060606061e-01 -7.4242424242e-01 0.0000000000e+00 3.8141238655e-09 -5.2787801156e-09
5.9090909091e-01 -7.4242424242e-01 0.0000000000e+00 3.7398029364e-09 -5.2635116401e-09
6.2121212121e-01 -7.4242424242e-01 0.0000000000e+00 3.6660364518e-09 -5.2519056330e-09
6.5151515152e-01 -7.4242424242e-01 0.0000000000e+00 3.5930552123e-09 -5.2441928948e-09
6.8181818182e-01 -7.4242424242e-01 0.0000000000e+00 3.5210534203e-09 -5.2405676280e-09
7.1212121212e-01 -7.4242424242e-01 0.0000000000e+00 3.4501919391e-09 -5.2411906959e-09
7.4242424242e-01 -7.4242424242e-01 0.0000000000e+00 3.3806016242e-09 -5.2461929539e-09
7.7272727273e-01 -7.4242424242e-01 0.0000000000e+00 3.3123866099e-09 -5.2556785365e-09
8.0303030303e-01 -7.4242424242e-01 0.0000000000e+00 3.2456274682e-09 -5.2697280154e-09
8.3333333333e-01 -7.4242424242e-01 0.0000000000e+00 3.1803841804e-09 -5.2884013722e-09
8.6363636364e-01 -7.4242424242e-01 0.0000000000e+00 3.1166988883e-09 -5.3117407486e-09
8.9393939394e-01 -7.4242424242e-01 0.0000000000e+00 3.0545984055e-09 -5.3397729581e-09
9.2424242424e-01 -7.4242424242e-01 0.0000000000e+00 2.9940964834e-09 -5.3725117522e-09
9.5454545455e-01 -7.4242424242e-01 0.0000000000e+00 2.9351958366e-09 -5.4099598455e-09
9.8484848485e-01 -7.4242424242e-01 0.0000000000e+00 2.8778899374e-09 -5.4521107101e-09
1.0151515152e+00 -7.4242424242e-01 0.0000000000e+00 2.8221645929e-09 -5.4989501535e-09
1.0454545455e+00 -7.4242424242e-01 0.0000000000e+00 2.7679993242e-09 -5.5504576965e-09
1.0757575758e+00 -7.4242424242e-01 0.0000000000e+00 2.7153685619e-09 -5.6066077697e-09
1.1060606061e+00 -7.4242424242e-01 0.0000000000e+00 2.6642426789e-09 -5.6673707461e-09
1.1363636364e+00 -7.4242424242e-01 0.0000000000e+00 2.6145888773e-09 -5.7327138278e-09
1.1666666667e+00 -7.4242424242e-01 0.0000000000e+00 2.5663719447e-09 -5.8026018024e-09
1.1969696970e+00 -7.4242424242e-01 0.0000000000e+00 2.5195548976e-09 -5.8769976863e-09
1.2272727273e+00 -7.4242424242e-01 0.0000000000e+00 2.4740995245e-09 -5.9558632682e-09
1.2575757576e+00 -7.4242424242e-01 0.0000000000e+00 2.4299668426e-09 -6.0391595650e-09
1.2878787879e+00 -7.4242424242e-01 0.0000000000e+00 2.3871174782e-09 -6.1268472033e-09
1.3181818182e+00 -7.4242424242e-01 0.0000000000e+00 2.3455119838e-09 -6.2188867354e-09
1.3484848485e+00 -7.4242424242e-01 0.0000000000e+00 2.3051110975e-09 -6.3152388996e-09
1.3787878788e+00 -7.4242424242e-01 0.0000000000e+00 2.2658759559e-09 -6.4158648323e-09
1.4090909091e+00 -7.4242424242e-01 0.0000000000e+00 2.2277682653e-09 -6.5207262398e-09
1.4393939394e+00 -7.4242424242e-01 0.0000000000e+00 2.1907504382e-09 -6.6297855347e-09
1.4696969697e+00 -7.4242424242e-01 0.0000000000e+00 2.1547857007e-09 -6.7430059431e-09
1.5000000000e+00 -7.4242424242e-01 0.0000000000e+00 2.1198381743e-09 -6.8603515865e-09
-1.5000000000e+00 -7.1212121212e-01 0.0000000000e+00 2.1369779039e-09 -6.8028987431e-09
-1.4696969697e+00 -7.1212121212e-01 0.0000000000e+00 2.1727868534e-09 -6.6864145228e-09
-1.4393939394e+00 -7.1212121212e-01 0.0000000000e+00 2.2096672798e-09 -6.5741098034e-09
-1.4090909091e+00 -7.1212121212e-01 0.0000000000e+00 2.2476589801e-09 -6.4660243816e-09
-1.3787878788e+00 -7.1212121212e-01 0.0000000000e+00 2.2868029422e-09 -6.3621992456e-09
-1.3484848485e+00 -7.1212121212e-01 0.0000000000e+00 2.3271412827e-09 -6.2626765118e-09
-1.3181818182e+00 -7.1212121212e-01 0.0000000000e+00 2.3687171591e-09 -6.1674993378e-09
-1.2878787879e+00 -7.1212121212e-01 0.0000000000e+00 2.4115746533e-09 -6.0767118055e-09
-1.2575757576e+00 -7.1212121212e-01 0.0000000000e+00 2.4557586195e-09 -5.9903587690e-09
-1.2272727273e+00 -7.1212121212e-01 0.0000000000e+00 2.5013144901e-09 -5.9084856608e-09
-1.1969696970e+00 -7.1212121212e-01 0.0000000000e+00 2.5482880326e-09 -5.8311382484e-09
-1.1666666667e+00 -7.1212121212e-01 0.0000000000e+00 2.5967250481e-09 -5.7583623329e-09
-1.1363636364e+00 -7.1212121212e-01 0.0000000000e+00 2.6466710013e-09 -5.6902033789e-09
-1.1060606061e+00 -7.1212121212e-01 0.0000000000e+00 2.6981705709e-09 -5.6267060652e-09
-1.0757575758e+00 -7.1212121212e-01 0.0000000000e+00 2.7512671073e-09 -5.5679137422e-09
-1.0454545455e+00 -7.1212121212e-01 0.0000000000e+00 2.8060019829e-09 -5.5138677822e-09
-1.0151515152e+00 -7.1212121212e-01 0.0000000000e+00 2.8624138181e-09 -5.4646068057e-09
-9.8484848485e-01 -7.1212121212e-01 0.0000000000e+00 2.9205375670e-09 -5.4201657668e-09
-9.5454545455e-01 -7.1212121212e-01 0.0000000000e+00 2.9804034406e-09 -5.3805748765e-09
-9.2424242424e-01 -7.1212121212e-01 0.0000000000e+00 3.0420356501e-09 -5.3458583460e-09
-8.9393939394e-01 -7.1212121212e-01 0.0000000000e+00 3.1054509458e-09 -5.3160329255e-09
-8.6363636364e-01 -7.1212121212e-01 0.0000000000e+00 3.1706569321e-09 -5.2911062194e-09
-8.3333333333e-01 -7.1212121212e-01 0.0000000000e+00 3.2376501371e-09 -5.2710747560e-09
-8.0303030303e-01 -7.1212121212e-01 0.0000000000e+00 3.3064138184e-09 -5.2559217927e-09
-7.7272727273e-01 -7.1212121212e-01 0.0000000000e+00 3.3769154912e-09 -5.2456148448e-09
-7.4242424242e-01 -7.1212121212e-01 0.0000000000e+00 3.4491041704e-09 -5.2401029272e-09
-7.1212121212e-01 -7.1212121212e-01 0.0000000000e+00 3.5229073295e-09 -5.2393135133e-09
-6.8181818182e-01 -7.1212121212e-01 0.0000000000e+00 3.5982275908e-09 -5.2431492256e-09
-6.5151515152e-01 -7.1212121212e-01 0.0000000000e+00 3.6749391817e-09 -5.2514842913e-09
-6.2121212121e-01 -7.1212121212e-01 0.0000000000e+00 3.7528842117e-09 -5.2641608199e-09
-5.9090909091e-01 -7.1212121212e-01 0.0000000000e+00 3.8318688555e-09 -5.2809849862e-09
-5.6060606061e-01 -7.1212121212e-01 0.0000000000e+00 3.9116595598e-09 -5.3017232370e-09
-5.3030303030e-01 -7.1212121212e-01 0.0000000000e+00 3.9919794299e-09 -5.3260986774e-09
-5.0000000000e-01 -7.1212121212e-01 0.0000000000e+00 4.0725049920e-09 -5.3537878336e-09
-4.6969696970e-01 -7.1212121212e-01 0.0000000000e+00 4.1528635717e-09 -5.3844180313e-09
-4.3939393939e-01 -7.1212121212e-01 0.0000000000e+00 4.2326315659e-09 -5.4175656674e-09
-4.0909090909e-01 -7.1212121212e-01 0.0000000000e+00 4.3113339177e-09 -5.4527556850e-09
-3.7878787879e-01 -7.1212121212e-01 0.0000000000e+00 4.3884451231e-09 -5.4894625801e-09
-3.4848484848e-01 -7.1212121212e-01 0.0000000000e+00 4.4633920968e-09 -5.5271132673e-09
-3.1818181818e-01 -7.1212121212e-01 0.0000000000e+00 4.5355591978e-09 -5.5650921058e-09
-2.8787878788e-01 -7.1212121212e-01 0.0000000000e+00 4.6042956605e-09 -5.6027483297e-09
-2.5757575758e-01 -7.1212121212e-01 0.0000000000e+00 4.6689255805e-09 -5.6394060348e-09
-2.2727272727e-01 -7.1212121212e-01 0.0000000000e+00 4.7287604817e-09 -5.6743767450e-09
-1.9696969697e-01 -7.1212121212e-01 0.0000000000e+00 4.7831143241e-09 -5.7069744203e-09
-1.6666666667e-01 -7.1212121212e-01 0.0000000000e+00 4.8313206227e-09 -5.7365325757e-09
-1.3636363636e-01 -7.1212121212e-01 0.0000000000e+00 4.8727511397e-09 -5.7624229733e-09
-1.0606060606e-01 -7.1212121212e-01 0.0000000000e+00 4.9068353979e-09 -5.7840751360e-09
-7.5757575758e-02 -7.1212121212e-01 0.0000000000e+00 4.9330800741e-09 -5.8009957406e-09
-4.5454545455e-02 -7.1212121212e-01 0.0000000000e+00 4.9510871817e-09 -5.8127868005e-09
-1.5151515152e-02 -7.1212121212e-01 0.0000000000e+00 4.9605698780e-09 -5.8191614729e-09
1.5151515152e-02 -7.1212121212e-01 0.0000000000e+00 4.9613647610e-09 -5.8199563559e-09
4.5454545455e-02 -7.1212121212e-01 0.0000000000e+00 4.9534396674e-09 -5.8151392862e-09
7.5757575758e-02 -7.1212121212e-01 0.0000000000e+00 4.9368962554e-09 -5.8048119219e-09
1.0606060606e-01 -7.1212121212e-01 0.0000000000e+00 4.9119670341e-09 -5.7892067722e-09
1.3636363636e-01 -7.1212121212e-01 0.0000000000e+00 4.8790069423e-09 -5.7686787759e-09
1.6666666667e-01 -7.1212121212e-01 0.0000000000e+00 4.8384800308e-09 -5.7436919838e-09
1.9696969697e-01 -7.1212121212e-01 0.0000000000e+00 4.7909421963e-09 -5.7148022926e-09
2.2727272727e-01 -7.1212121212e-01 0.0000000000e+00 4.7370211975e-09 -5.6826374608e-09
2.5757575758e-01 -7.1212121212e-01 0.0000000000e+00 4.6773953186e-09 -5.6478757729e-09
2.8787878788e-01 -7.1212121212e-01 0.0000000000e+00 4.6127720301e-09 -5.6112246992e-09
3.1818181818e-01 -7.1212121212e-01 0.0000000000e+00 4.5438678384e-09 -5.5734007463e-09
3.4848484848e-01 -7.1212121212e-01 0.0000000000e+00 4.4713902670e-09 -5.5351114375e-09
3.7878787879e-01 -7.1212121212e-01 0.0000000000e+00 4.3960226072e-09 -5.4970400641e-09
4.0909090909e-01 -7.1212121212e-01 0.0000000000e+00 4.3184117703e-09 -5.4598335376e-09
4.3939393939e-01 -7.1212121212e-01 0.0000000000e+00 4.2391592987e-09 -5.4240934002e-09
4.6969696970e-01 -7.1212121212e-01 0.0000000000e+00 4.1588153712e-09 -5.3903698308e-09
5.0000000000e-01 -7.1212121212e-01 0.0000000000e+00 4.0778754859e-09 -5.3591583276e-09
5.3030303030e-01 -7.1212121212e-01 0.0000000000e+00 3.9967794120e-09 -5.3308986595e-09
5.6060606061e-01 -7.1212121212e-01 0.0000000000e+00 3.9159119663e-09 -5.3059756435e-09
5.9090909091e-01 -7.1212121212e-01 0.0000000000e+00 3.8356051785e-09 -5.2847213093e-09
6.2121212121e-01 -7.1212121212e-01 0.0000000000e+00 3.7561414449e-09 -5.2674180531e-09
6.5151515152e-01 -7.1212121212e-01 0.0000000000e+00 3.6777573228e-09 -5.2543024324e-09
6.8181818182e-01 -7.1212121212e-01 0.0000000000e+00 3.6006476791e-09 -5.2455693139e-09
7.1212121212e-01 -7.1212121212e-01 0.0000000000e+00 3.5249699670e-09 -5.2413761508e-09
7.4242424242e-01 -7.1212121212e-01 0.0000000000e+00 3.4508484586e-09 -5.2418472153e-09
7.7272727273e-01 -7.1212121212e-01 0.0000000000e+00 3.3783783128e-09 -5.2470776664e-09
8.0303030303e-01 -7.1212121212e-01 0.0000000000e+00 3.3076293953e-09 -5.2571373696e-09
8.3333333333e-01 -7.1212121212e-01 0.0000000000e+00 3.2386498005e-09 -5.2720744194e-09
8.6363636364e-01 -7.1212121212e-01 0.0000000000e+00 3.1714690530e-09 -5.2919183403e-09
8.9393939394e-01 -7.1212121212e-01 0.0000000000e+00 3.1061009791e-09 -5.3166829587e-09
9.2424242424e-01 -7.1212121212e-01 0.0000000000e+00 3.0425462574e-09 -5.3463689532e-09
9.5454545455e-01 -7.1212121212e-01 0.0000000000e+00 2.9807946636e-09 -5.3809660995e-09
9.8484848485e-01 -7.1212121212e-01 0.0000000000e+00 2.9208270290e-09 -5.4204552288e-09
1.0151515152e+00 -7.1212121212e-01 0.0000000000e+00 2.8626169393e-09 -5.4648099269e-09
1.0454545455e+00 -7.1212121212e-01 0.0000000000e+00 2.8061321963e-09 -5.5139979956e-09
1.0757575758e+00 -7.1212121212e-01 0.0000000000e+00 2.7513360700e-09 -5.5679827049e-09
1.1060606061e+00 -7.1212121212e-01 0.0000000000e+00 2.6981883629e-09 -5.6267238572e-09
1.1363636364e+00 -7.1212121212e-01 0.0000000000e+00 2.6466463114e-09 -5.6901786889e-09
1.1666666667e+00 -7.1212121212e-01 0.0000000000e+00 2.5966653432e-09 -5.7583026279e-09
1.1969696970e+00 -7.1212121212e-01 0.0000000000e+00 2.5481997114e-09 -5.8310499272e-09
1.2272727273e+00 -7.1212121212e-01 0.0000000000e+00 2.5012030210e-09 -5.9083741917e-09
1.2575757576e+00 -7.1212121212e-01 0.0000000000e+00 2.4556286630e-09 -5.9902288125e-09
1.2878787879e+00 -7.1212121212e-01 0.0000000000e+00 2.4114301705e-09 -6.0765673227e-09
1.3181818182e+00 -7.1212121212e-01 0.0000000000e+00 2.3685615068e-09 -6.1673436855e-09
1.3484848485e+00 -7.1212121212e-01 0.0000000000e+00 2.3269772970e-09 -6.2625125261e-09
1.3787878788e+00 -7.1212121212e-01 0.0000000000e+00 2.2866330113e-09 -6.3620293147e-09
1.4090909091e+00 -7.1212121212e-01 0.0000000000e+00 2.2474851076e-09 -6.4658505091e-09
1.4393939394e+00 -7.1212121212e-01 0.0000000000e+00 2.2094911399e-09 -6.5739336635e-09
1.4696969697e+00 -7.1212121212e-01 0.0000000000e+00 2.1726098381e-09 -6.6862375076e-09
1.5000000000e+00 -7.1212121212e-01 0.0000000000e+00 2.1368011645e-09 -6.8027220037e-09
-1.5000000000e+00 -6.8181818182e-01 0.0000000000e+00 2.1536523435e-09 -6.7480886337e-09
-1.4696969697e+00 -6.8181818182e-01 0.0000000000e+00 2.1903226935e-09 -6.6324658139e-09
-1.4393939394e+00 -6.8181818182e-01 0.0000000000e+00 2.2281212372e-09 -6.5210792117e-09
-1.4090909091e+00 -6.8181818182e-01 0.0000000000e+00 2.2670921576e-09 -6.4139730101e-09
-1.3787878788e+00 -6.8181818182e-01 0.0000000000e+00 2.3072811990e-09 -6.3111929533e-09
-1.3484848485e+00 -6.8181818182e-01 0.0000000000e+00 2.3487356344e-09 -6.2127863145e-09
-1.3181818182e+00 -6.8181818182e-01 0.0000000000e+00 2.3915042107e-09 -6.1188018404e-09
-1.2878787879e+00 -6.8181818182e-01 0.0000000000e+00 2.4356370658e-09 -6.0292896689e-09
-1.2575757576e+00 -6.8181818182e-01 0.0000000000e+00 2.4811856114e-09 -5.9443012118e-09
-1.2272727273e+00 -6.8181818182e-01 0.0000000000e+00 2.5282023759e-09 -5.8638889975e-09
-1.1969696970e+00 -6.8181818182e-01 0.0000000000e+00 2.5767407971e-09 -5.7881064638e-09
-1.1666666667e+00 -6.8181818182e-01 0.0000000000e+00 2.6268549574e-09 -5.7170076931e-09
-1.1363636364e+00 -6.8181818182e-01 0.0000000000e+00 2.6785992482e-09 -5.6506470767e-09
-1.1060606061e+00 -6.8181818182e-01 0.0000000000e+00 2.7320279527e-09 -5.5890788979e-09
-1.0757575758e+00 -6.8181818182e-01 0.0000000000e+00 2.7871947305e-09 -5.5323568163e-09
-1.0454545455e+00 -6.8181818182e-01 0.0000000000e+00 2.8441519881e-09 -5.4805332384e-09
-1.0151515152e+00 -6.8181818182e-01 0.0000000000e+00 2.9029501162e-09 -5.4336585547e-09
-9.8484848485e-01 -6.8181818182e-01 0.0000000000e+00 2.9636365709e-09 -5.3917802216e-09
-9.5454545455e-01 -6.8181818182e-01 0.0000000000e+00 3.0262547768e-09 -5.3549416636e-09
-9.2424242424e-01 -6.8181818182e-01 0.0000000000e+00 3.0908428241e-09 -5.3231809709e-09
-8.9393939394e-01 -6.8181818182e-01 0.0000000000e+00 3.1574319322e-09 -5.2965293627e-09
-8.6363636364e-01 -6.8181818182e-01 0.0000000000e+00 3.2260446500e-09 -5.2750093883e-09
-8.3333333333e-01 -6.8181818182e-01 0.0000000000e+00 3.2966927636e-09 -5.2586328334e-09
-8.0303030303e-01 -6.8181818182e-01 0.0000000000e+00 3.3693748803e-09 -5.2473983055e-09
-7.7272727273e-01 -6.8181818182e-01 0.0000000000e+00 3.4440736655e-09 -5.2412884700e-09
-7.4242424242e-01 -6.8181818182e-01 0.0000000000e+00 3.5207527087e-09 -5.2402669164e-09
-7.1212121212e-01 -6.8181818182e-01 0.0000000000e+00 3.5993530101e-09 -5.2442746448e-09
-6.8181818182e-01 -6.8181818182e-01 0.0000000000e+00 3.6797890877e-09 -5.2532261734e-09
-6.5151515152e-01 -6.8181818182e-01 0.0000000000e+00 3.7619447288e-09 -5.2670052893e-09
-6.2121212121e-01 -6.8181818182e-01 0.0000000000e+00 3.8456684318e-09 -5.2854604909e-09
-5.9090909091e-01 -6.8181818182e-01 0.0000000000e+00 3.9307686208e-09 -5.3084002024e-09
-5.6060606061e-01 -6.8181818182e-01 0.0000000000e+00 4.0170087552e-09 -5.3355878833e-09
-5.3030303030e-01 -6.8181818182e-01 0.0000000000e+00 4.1041025059e-09 -5.3667372043e-09
-5.0000000000e-01 -6.8181818182e-01 0.0000000000e+00 4.1917092242e-09 -5.4015075167e-09
-4.6969696970e-01 -6.8181818182e-01 0.0000000000e+00 4.2794299906e-09 -5.4394999012e-09
-4.3939393939e-01 -6.8181818182e-01 0.0000000000e+00 4.3668045874e-09 -5.4802541399e-09
-4.0909090909e-01 -6.8181818182e-01 0.0000000000e+00 4.4533097904e-09 -5.5232470087e-09
-3.7878787879e-01 -6.8181818182e-01 0.0000000000e+00 4.5383594170e-09 -5.5678923250e-09
-3.4848484848e-01 -6.8181818182e-01 0.0000000000e+00 4.6213065790e-09 -5.6135432004e-09
-3.1818181818e-01 -6.8181818182e-01 0.0000000000e+00 4.7014485735e-09 -5.6594969323e-09
-2.8787878788e-01 -6.8181818182e-01 0.0000000000e+00 4.7780347908e-09 -5.7050029109e-09
-2.5757575758e-01 -6.8181818182e-01 0.0000000000e+00 4.8502779084e-09 -5.7492738136e-09
-2.2727272727e-01 -6.8181818182e-01 0.0000000000e+00 4.9173684914e-09 -5.7915002057e-09
-1.9696969697e-01 -6.8181818182e-01 0.0000000000e+00 4.9784929103e-09 -5.8308684574e-09
-1.6666666667e-01 -6.8181818182e-01 0.0000000000e+00 5.0328542379e-09 -5.8665816418e-09
-1.3636363636e-01 -6.8181818182e-01 0.0000000000e+00 5.0796955052e-09 -5.8978827898e-09
-1.0606060606e-01 -6.8181818182e-01 0.0000000000e+00 5.1183243937e-09 -5.9240795828e-09
-7.5757575758e-02 -6.8181818182e-01 0.0000000000e+00 5.1481381577e-09 -5.9445692752e-09
-4.5454545455e-02 -6.8181818182e-01 0.0000000000e+00 5.1686473305e-09 -5.9588624002e-09
-1.5151515152e-02 -6.8181818182e-01 0.0000000000e+00 5.1794966240e-09 -5.9666036699e-09
1.5151515152e-02 -6.8181818182e-01 0.0000000000e+00 5.1804814243e-09 -5.9675884701e-09
4.5454545455e-02 -6.8181818182e-01 0.0000000000e+00 5.1715584565e-09 -5.9617735262e-09
7.5757575758e-02 -6.8181818182e-01 0.0000000000e+00 5.1528495529e-09 -5.9492806703e-09
1.0606060606e-01 -6.8181818182e-01 0.0000000000e+00 5.1246379883e-09 -5.9303931774e-09
1.3636363636e-01 -6.8181818182e-01 0.0000000000e+00 5.0873574912e-09 -5.9055447758e-09
1.6666666667e-01 -6.8181818182e-01 0.0000000000e+00 5.0415746995e-09 -5.8753021034e-09
1.9696969697e-01 -6.8181818182e-01 0.0000000000e+00 4.9879664128e-09 -5.8403419599e-09
2.2727272727e-01 -6.8181818182e-01 0.0000000000e+00 4.9272933962e-09 -5.8014251104e-09
2.5757575758e-01 -6.8181818182e-01 0.0000000000e+00 4.8603726719e-09 -5.7593685772e-09
2.8787878788e-01 -6.8181818182e-01 0.0000000000e+00 4.7880501719e-09 -5.7150182920e-09
3.1818181818e-01 -6.8181818182e-01 0.0000000000e+00 4.7111753659e-09 -5.6692237247e-09
3.4848484848e-01 -6.8181818182e-01 0.0000000000e+00 4.6305790811e-09 -5.6228157026e-09
3.7878787879e-01 -6.8181818182e-01 0.0000000000e+00 4.5470552748e-09 -5.5765881828e-09
4.0909090909e-01 -6.8181818182e-01 0.0000000000e+00 4.4613470764e-09 -5.5312842947e-09
4.3939393939e-01 -6.8181818182e-01 0.0000000000e+00 4.3741370403e-09 -5.4875865927e-09
4.6969696970e-01 -6.8181818182e-01 0.0000000000e+00 4.2860412636e-09 -5.4461111742e-09
5.0000000000e-01 -6.8181818182e-01 0.0000000000e+00 4.1976068435e-09 -5.4074051360e-09
5.3030303030e-01 -6.8181818182e-01 0.0000000000e+00 4.1093120562e-09 -5.3719467546e-09
5.6060606061e-01 -6.8181818182e-01 0.0000000000e+00 4.0215686315e-09 -5.3401477596e-09
5.9090909091e-01 -6.8181818182e-01 0.0000000000e+00 3.9347255315e-09 -5.3123571132e-09
6.2121212121e-01 -6.8181818182e-01 0.0000000000e+00 3.8490737170e-09 -5.2888657761e-09
6.5151515152e-01 -6.8181818182e-01 0.0000000000e+00 3.7648514734e-09 -5.2699120339e-09
6.8181818182e-01 -6.8181818182e-01 0.0000000000e+00 3.6822499578e-09 -5.2556870435e-09
7.1212121212e-01 -6.8181818182e-01 0.0000000000e+00 3.6014187111e-09 -5.2463403458e-09
7.4242424242e-01 -6.8181818182e-01 0.0000000000e+00 3.5224709567e-09 -5.2419851644e-09
7.7272727273e-01 -6.8181818182e-01 0.0000000000e+00 3.4454885660e-09 -5.2427033705e-09
8.0303030303e-01 -6.8181818182e-01 0.0000000000e+00 3.3705266180e-09 -5.2485500432e-09
8.3333333333e-01 -6.8181818182e-01 0.0000000000e+00 3.2976175215e-09 -5.2595575913e-09
8.6363636364e-01 -6.8181818182e-01 0.0000000000e+00 3.2267746908e-09 -5.2757394290e-09
8.9393939394e-01 -6.8181818182e-01 0.0000000000e+00 3.1579957865e-09 -5.2970932171e-09
9.2424242424e-01 -6.8181818182e-01 0.0000000000e+00 3.0912655470e-09 -5.3236036938e-09
9.5454545455e-01 -6.8181818182e-01 0.0000000000e+00 3.0265582393e-09 -5.3552451261e-09
9.8484848485e-01 -6.8181818182e-01 0.0000000000e+00 2.9638397653e-09 -5.3919834161e-09
1.0151515152e+00 -6.8181818182e-01 0.0000000000e+00 2.9030694601e-09 -5.4337778986e-09
1.0454545455e+00 -6.8181818182e-01 0.0000000000e+00 2.8442016156e-09 -5.4805828658e-09
1.0757575758e+00 -6.8181818182e-01 0.0000000000e+00 2.7871867651e-09 -5.5323488509e-09
1.1060606061e+00 -6.8181818182e-01 0.0000000000e+00 2.7319727585e-09 -5.5890237037e-09
1.1363636364e+00 -6.8181818182e-01 0.0000000000e+00 2.6785056571e-09 -5.6505534856e-09
1.1666666667e+00 -6.8181818182e-01 0.0000000000e+00 2.6267304728e-09 -5.7168832085e-09
1.1969696970e+00 -6.8181818182e-01 0.0000000000e+00 2.5765917748e-09 -5.7879574415e-09
1.2272727273e+00 -6.8181818182e-01 0.0000000000e+00 2.5280341832e-09 -5.8637208049e-09
1.2575757576e+00 -6.8181818182e-01 0.0000000000e+00 2.4810027673e-09 -5.9441183677e-09
1.2878787879e+00 -6.8181818182e-01 0.0000000000e+00 2.4354433620e-09 -6.0290959651e-09
1.3181818182e+00 -6.8181818182e-01 0.0000000000e+00 2.3913028179e-09 -6.1186004475e-09
1.3484848485e+00 -6.8181818182e-01 0.0000000000e+00 2.3485291929e-09 -6.2125798729e-09
1.3787878788e+00 -6.8181818182e-01 0.0000000000e+00 2.3070718981e-09 -6.3109836524e-09
1.4090909091e+00 -6.8181818182e-01 0.0000000000e+00 2.2668818032e-09 -6.4137626556e-09
1.4393939394e+00 -6.8181818182e-01 0.0000000000e+00 2.2279113097e-09 -6.5208692842e-09
1.4696969697e+00 -6.8181818182e-01 0.0000000000e+00 2.1901143982e-09 -6.6322575186e-09
1.5000000000e+00 -6.8181818182e-01 0.0000000000e+00 2.1534466527e-09 -6.7478829429e-09
-1.5000000000e+00 -6.5151515152e-01 0.0000000000e+00 2.1699751958e-09 -6.6960349608e-09
-1.4696969697e+00 -6.5151515152e-01 0.0000000000e+00 2.2075025604e-09 -6.5812691556e-09
-1.4393939394e+00 -6.5151515152e-01 0.0000000000e+00 2.2462158037e-09 -6.4707972530e-09
-1.4090909091e+00 -6.5151515152e-01 0.0000000000e+00 2.2861637080e-09 -6.3646680352e-09
-1.3787878788e+00 -6.5151515152e-01 0.0000000000e+00 2.3273970223e-09 -6.2629322514e-09
-1.3484848485e+00 -6.5151515152e-01 0.0000000000e+00 2.3699684664e-09 -6.1656426213e-09
-1.3181818182e+00 -6.5151515152e-01 0.0000000000e+00 2.4139327150e-09 -6.0728538194e-09
-1.2878787879e+00 -6.5151515152e-01 0.0000000000e+00 2.4593463557e-09 -5.9846224336e-09
-1.2575757576e+00 -6.5151515152e-01 0.0000000000e+00 2.5062678168e-09 -5.9010068920e-09
-1.2272727273e+00 -6.5151515152e-01 0.0000000000e+00 2.5547572551e-09 -5.8220673515e-09
-1.1969696970e+00 -6.5151515152e-01 0.0000000000e+00 2.6048763979e-09 -5.7478655394e-09
-1.1666666667e+00 -6.5151515152e-01 0.0000000000e+00 2.6566883263e-09 -5.6784645368e-09
-1.1363636364e+00 -6.5151515152e-01 0.0000000000e+00 2.7102571899e-09 -5.6139284932e-09
-1.1060606061e+00 -6.5151515152e-01 0.0000000000e+00 2.7656478377e-09 -5.5543222577e-09
-1.0757575758e+00 -6.5151515152e-01 0.0000000000e+00 2.8229253487e-09 -5.4997109092e-09
-1.0454545455e+00 -6.5151515152e-01 0.0000000000e+00 2.8821544433e-09 -5.4501591683e-09
-1.0151515152e+00 -6.5151515152e-01 0.0000000000e+00 2.9433987536e-09 -5.4057306669e-09
-9.8484848485e-01 -6.5151515152e-01 0.0000000000e+00 3.0067199259e-09 -5.3664870514e-09
-9.5454545455e-01 -6.5151515152e-01 0.0000000000e+00 3.0721765282e-09 -5.3324868898e-09
-9.2424242424e-01 -6.5151515152e-01 0.0000000000e+00 3.1398227290e-09 -5.3037843506e-09
-8.9393939394e-01 -6.5151515152e-01 0.0000000000e+00 3.2097067124e-09 -5.2804276178e-09
-8.6363636364e-01 -6.5151515152e-01 0.0000000000e+00 3.2818687897e-09 -5.2624570027e-09
-8.3333333333e-01 -6.5151515152e-01 0.0000000000e+00 3.3563391673e-09 -5.2499027119e-09
-8.0303030303e-01 -6.5151515152e-01 0.0000000000e+00 3.4331353278e-09 -5.2427822278e-09
-7.7272727273e-01 -6.5151515152e-01 0.0000000000e+00 3.5122589824e-09 -5.2410972617e-09
-7.4242424242e-01 -6.5151515152e-01 0.0000000000e+00 3.5936925582e-09 -5.2448302407e-09
-7.1212121212e-01 -6.5151515152e-01 0.0000000000e+00 3.6773951885e-09 -5.2539402980e-09
-6.8181818182e-01 -6.5151515152e-01 0.0000000000e+00 3.7632981900e-09 -5.2683587504e-09
-6.5151515152e-01 -6.5151515152e-01 0.0000000000e+00 3.8513000300e-09 -5.2879840653e-09
-6.2121212121e-01 -6.5151515152e-01 0.0000000000e+00 3.9412608138e-09 -5.3126763478e-09
-5.9090909091e-01 -6.5151515152e-01 0.0000000000e+00 4.0329963632e-09 -5.3422514197e-09
-5.6060606061e-01 -6.5151515152e-01 0.0000000000e+00 4.1262720045e-09 -5.3764746074e-09
-5.3030303030e-01 -6.5151515152e-01 0.0000000000e+00 4.2207962487e-09 -5.4150544219e-09
-5.0000000000e-01 -6.5151515152e-01 0.0000000000e+00 4.3162146163e-09 -5.4576363836e-09
-4.6969696970e-01 -6.5151515152e-01 0.0000000000e+00 4.4121039421e-09 -5.5037973274e-09
-4.3939393939e-01 -6.5151515152e-01 0.0000000000e+00 4.5079675807e-09 -5.5530406079e-09
-4.0909090909e-01 -6.5151515152e-01 0.0000000000e+00 4.6032320132e-09 -5.6047927062e-09
-3.7878787879e-01 -6.5151515152e-01 0.0000000000e+00 4.6972454244e-09 -5.6584018071e-09
-3.4848484848e-01 -6.5151515152e-01 0.0000000000e+00 4.7892788627e-09 -5.7131389589e-09
-3.1818181818e-01 -6.5151515152e-01 0.0000000000e+00 4.8785305938e-09 -5.7682024274e-09
-2.8787878788e-01 -6.5151515152e-01 0.0000000000e+00 4.9641342155e-09 -5.8227258104e-09
-2.5757575758e-01 -6.5151515152e-01 0.0000000000e+00 5.0451709817e-09 -5.8757903617e-09
-2.2727272727e-01 -6.5151515152e-01 0.0000000000e+00 5.1206866053e-09 -5.9264417944e-09
-1.9696969697e-01 -6.5151515152e-01 0.0000000000e+00 5.1897125535e-09 -5.9737115755e-09
-1.6666666667e-01 -6.5151515152e-01 0.0000000000e+00 5.2512915244e-09 -6.0166424031e-09
-1.3636363636e-01 -6.5151515152e-01 0.0000000000e+00 5.3045064155e-09 -6.0543171748e-09
-1.0606060606e-01 -6.5151515152e-01 0.0000000000e+00 5.3485116746e-09 -6.0858903384e-09
-7.5757575758e-02 -6.5151515152e-01 0.0000000000e+00 5.3825655006e-09 -6.1106200928e-09
-4.5454545455e-02 -6.5151515152e-01 0.0000000000e+00 5.4060609834e-09 -6.1278995279e-09
-1.5151515152e-02 -6.5151515152e-01 0.0000000000e+00 5.4185540000e-09 -6.1372845207e-09
1.5151515152e-02 -6.5151515152e-01 0.0000000000e+00 5.4197856054e-09 -6.1385161260e-09
4.5454545455e-02 -6.5151515152e-01 0.0000000000e+00 5.4096968272e-09 -6.1315353717e-09
7.5757575758e-02 -6.5151515152e-01 0.0000000000e+00 5.3884342506e-09 -6.1164888429e-09
1.0606060606e-01 -6.5151515152e-01 0.0000000000e+00 5.3563455318e-09 -6.0937241956e-09
1.3636363636e-01 -6.5151515152e-01 0.0000000000e+00 5.3139649252e-09 -6.0637756846e-09
1.6666666667e-01 -6.5151515152e-01 0.0000000000e+00 5.2619899110e-09 -6.0273407897e-09
1.9696969697e-01 -6.5151515152e-01 0.0000000000e+00 5.2012508739e-09 -5.9852498959e-09
2.2727272727e-01 -6.5151515152e-01 0.0000000000e+00 5.1326763869e-09 -5.9384315759e-09
2.5757575758e-01 -6.5151515152e-01 0.0000000000e+00 5.0572568775e-09 -5.8878762575e-09
2.8787878788e-01 -6.5151515152e-01 0.0000000000e+00 4.9760093166e-09 -5.8346009115e-09
3.1818181818e-01 -6.5151515152e-01 0.0000000000e+00 4.8899451245e-09 -5.7796169581e-09
3.4848484848e-01 -6.5151515152e-01 0.0000000000e+00 4.8000428557e-09 -5.7239029520e-09
3.7878787879e-01 -6.5151515152e-01 0.0000000000e+00 4.7072265386e-09 -5.6683829213e-09
4.0909090909e-01 -6.5151515152e-01 0.0000000000e+00 4.6123498993e-09 -5.6139105924e-09
4.3939393939e-01 -6.5151515152e-01 0.0000000000e+00 4.5161861909e-09 -5.5612592181e-09
4.6969696970e-01 -6.5151515152e-01 0.0000000000e+00 4.4194229823e-09 -5.5111163677e-09
5.0000000000e-01 -6.5151515152e-01 0.0000000000e+00 4.3226610682e-09 -5.4640828356e-09
5.3030303030e-01 -6.5151515152e-01 0.0000000000e+00 4.2264165869e-09 -5.4206747600e-09
5.6060606061e-01 -6.5151515152e-01 0.0000000000e+00 4.1311254696e-09 -5.3813280725e-09
5.9090909091e-01 -6.5151515152e-01 0.0000000000e+00 4.0371494397e-09 -5.3464044962e-09
6.2121212121e-01 -6.5151515152e-01 0.0000000000e+00 3.9447829070e-09 -5.3161984410e-09
6.5151515152e-01 -6.5151515152e-01 0.0000000000e+00 3.8542602421e-09 -5.2909442773e-09
6.8181818182e-01 -6.5151515152e-01 0.0000000000e+00 3.7657630436e-09 -5.2708236040e-09
7.1212121212e-01 -6.5151515152e-01 0.0000000000e+00 3.6794271280e-09 -5.2559722375e-09
7.4242424242e-01 -6.5151515152e-01 0.0000000000e+00 3.5953490631e-09 -5.2464867456e-09
7.7272727273e-01 -6.5151515152e-01 0.0000000000e+00 3.5135921430e-09 -5.2424304223e-09
8.0303030303e-01 -6.5151515152e-01 0.0000000000e+00 3.4341917558e-09 -5.2438386558e-09
8.3333333333e-01 -6.5151515152e-01 0.0000000000e+00 3.3571601387e-09 -5.2507236833e-09
8.6363636364e-01 -6.5151515152e-01 0.0000000000e+00 3.2824905376e-09 -5.2630787506e-09
8.9393939394e-01 -6.5151515152e-01 0.0000000000e+00 3.2101608094e-09 -5.2808817148e-09
9.2424242424e-01 -6.5151515152e-01 0.0000000000e+00 3.1401365136e-09 -5.3040981351e-09
9.5454545455e-01 -6.5151515152e-01 0.0000000000e+00 3.0723735435e-09 -5.3326839051e-09
9.8484848485e-01 -6.5151515152e-01 0.0000000000e+00 3.0068203501e-09 -5.3665874756e-09
1.0151515152e+00 -6.5151515152e-01 0.0000000000e+00 2.9434198071e-09 -5.4057517204e-09
1.0454545455e+00 -6.5151515152e-01 0.0000000000e+00 2.8821107656e-09 -5.4501154906e-09
1.0757575758e+00 -6.5151515152e-01 0.0000000000e+00 2.8228293409e-09 -5.4996149015e-09
1.1060606061e+00 -6.5151515152e-01 0.0000000000e+00 2.7655099694e-09 -5.5541843894e-09
1.1363636364e+00 -6.5151515152e-01 0.0000000000e+00 2.7100862707e-09 -5.6137575740e-09
1.1666666667e+00 -6.5151515152e-01 0.0000000000e+00 2.6564917450e-09 -5.6782679555e-09
1.1969696970e+00 -6.5151515152e-01 0.0000000000e+00 2.6046603307e-09 -5.7476494722e-09
1.2272727273e+00 -6.5151515152e-01 0.0000000000e+00 2.5545268464e-09 -5.8218369428e-09
1.2575757576e+00 -6.5151515152e-01 0.0000000000e+00 2.5060273350e-09 -5.9007664102e-09
1.2878787879e+00 -6.5151515152e-01 0.0000000000e+00 2.4590993273e-09 -5.9843754052e-09
1.3181818182e+00 -6.5151515152e-01 0.0000000000e+00 2.4136820395e-09 -6.0726031439e-09
1.3484848485e+00 -6.5151515152e-01 0.0000000000e+00 2.3697165146e-09 -6.1653906694e-09
1.3787878788e+00 -6.5151515152e-01 0.0000000000e+00 2.3271457195e-09 -6.2626809486e-09
1.4090909091e+00 -6.5151515152e-01 0.0000000000e+00 2.2859146057e-09 -6.3644189329e-09
1.4393939394e+00 -6.5151515152e-01 0.0000000000e+00 2.2459701396e-09 -6.4705515889e-09
1.4696969697e+00 -6.5151515152e-01 0.0000000000e+00 2.2072613100e-09 -6.5810279052e-09
1.5000000000e+00 -6.5151515152e-01 0.0000000000e+00 2.1697391155e-09 -6.6957988804e-09
-1.5000000000e+00 -6.2121212121e-01 0.0000000000e+00 2.1859099751e-09 -6.6467012388e-09
-1.4696969697e+00 -6.2121212121e-01 0.0000000000e+00 2.2242872566e-09 -6.5327853504e-09
-1.4393939394e+00 -6.2121212121e-01 0.0000000000e+00 2.2639088571e-09 -6.4232218051e-09
-1.4090909091e+00 -6.2121212121e-01 0.0000000000e+00 2.3048283562e-09 -6.3180641821e-09
-1.3787878788e+00 -6.2121212121e-01 0.0000000000e+00 2.3471017414e-09 -6.2173684692e-09
-1.3484848485e+00 -6.2121212121e-01 0.0000000000e+00 2.3907874549e-09 -6.1211931084e-09
-1.3181818182e+00 -6.2121212121e-01 0.0000000000e+00 2.4359464230e-09 -6.0295990260e-09
-1.2878787879e+00 -6.2121212121e-01 0.0000000000e+00 2.4826420644e-09 -5.9426496409e-09
-1.2575757576e+00 -6.2121212121e-01 0.0000000000e+00 2.5309402709e-09 -5.8604108448e-09
-1.2272727273e+00 -6.2121212121e-01 0.0000000000e+00 2.5809093529e-09 -5.7829509480e-09
-1.1969696970e+00 -6.2121212121e-01 0.0000000000e+00 2.6326199415e-09 -5.7103405817e-09
-1.1666666667e+00 -6.2121212121e-01 0.0000000000e+00 2.6861448360e-09 -5.6426525452e-09
-1.1363636364e+00 -6.2121212121e-01 0.0000000000e+00 2.7415587849e-09 -5.5799615868e-09
-1.1060606061e+00 -6.2121212121e-01 0.0000000000e+00 2.7989381841e-09 -5.5223441028e-09
-1.0757575758e+00 -6.2121212121e-01 0.0000000000e+00 2.8583606759e-09 -5.4698777351e-09
-1.0454545455e+00 -6.2121212121e-01 0.0000000000e+00 2.9199046254e-09 -5.4226408491e-09
-1.0151515152e+00 -6.2121212121e-01 0.0000000000e+00 2.9836484516e-09 -5.3807118636e-09
-9.8484848485e-01 -6.2121212121e-01 0.0000000000e+00 3.0496697817e-09 -5.3441684059e-09
-9.5454545455e-01 -6.2121212121e-01 0.0000000000e+00 3.1180443967e-09 -5.3130862569e-09
-9.2424242424e-01 -6.2121212121e-01 0.0000000000e+00 3.1888449274e-09 -5.2875380476e-09
-8.9393939394e-01 -6.2121212121e-01 0.0000000000e+00 3.2621392592e-09 -5.2675916632e-09
-8.6363636364e-01 -6.2121212121e-01 0.0000000000e+00 3.3379885929e-09 -5.2533083046e-09
-8.3333333333e-01 -6.2121212121e-01 0.0000000000e+00 3.4164451105e-09 -5.2447401538e-09
-8.0303030303e-01 -6.2121212121e-01 0.0000000000e+00 3.4975491862e-09 -5.2419275849e-09
-7.7272727273e-01 -6.2121212121e-01 0.0000000000e+00 3.5813260814e-09 -5.2448958594e-09
-7.4242424242e-01 -6.2121212121e-01 0.0000000000e+00 3.6677820659e-09 -5.2536512471e-09
-7.1212121212e-01 -6.2121212121e-01 0.0000000000e+00 3.7568999084e-09 -5.2681765166e-09
-6.8181818182e-01 -6.2121212121e-01 0.0000000000e+00 3.8486336923e-09 -5.2884257515e-09
-6.5151515152e-01 -6.2121212121e-01 0.0000000000e+00 3.9429029314e-09 -5.3143184653e-09
-6.2121212121e-01 -6.2121212121e-01 0.0000000000e+00 4.0395859884e-09 -5.3457330210e-09
-5.9090909091e-01 -6.2121212121e-01 0.0000000000e+00 4.1385128432e-09 -5.3824993983e-09
-5.6060606061e-01 -6.2121212121e-01 0.0000000000e+00 4.2394573142e-09 -5.4243914158e-09
-5.3030303030e-01 -6.2121212121e-01 0.0000000000e+00 4.3421289132e-09 -5.4711185851e-09
-5.0000000000e-01 -6.2121212121e-01 0.0000000000e+00 4.4461646054e-09 -5.5223178714e-09
-4.6969696970e-01 -6.2121212121e-01 0.0000000000e+00 4.5511208579e-09 -5.5775457420e-09
-4.3939393939e-01 -6.2121212121e-01 0.0000000000e+00 4.6564664782e-09 -5.6362710041e-09
-4.0909090909e-01 -6.2121212121e-01 0.0000000000e+00 4.7615768666e-09 -5.6978690584e-09
-3.7878787879e-01 -6.2121212121e-01 0.0000000000e+00 4.8657304204e-09 -5.7616183017e-09
-3.4848484848e-01 -6.2121212121e-01 0.0000000000e+00 4.9681079067e-09 -5.8266995016e-09
-3.1818181818e-01 -6.2121212121e-01 0.0000000000e+00 5.0677956628e-09 -5.8921989951e-09
-2.8787878788e-01 -6.2121212121e-01 0.0000000000e+00 5.1637934471e-09 -5.9571165407e-09
-2.5757575758e-01 -6.2121212121e-01 0.0000000000e+00 5.2550276525e-09 -6.0203785312e-09
-2.2727272727e-01 -6.2121212121e-01 0.0000000000e+00 5.3403703845e-09 -6.0808570722e-09
-1.9696969697e-01 -6.2121212121e-01 0.0000000000e+00 5.4186645932e-09 -6.1373951138e-09
-1.6666666667e-01 -6.2121212121e-01 0.0000000000e+00 5.4887550424e-09 -6.1888374198e-09
-1.3636363636e-01 -6.2121212121e-01 0.0000000000e+00 5.5495243928e-09 -6.2340666508e-09
-1.0606060606e-01 -6.2121212121e-01 0.0000000000e+00 5.5999331043e-09 -6.2720432668e-09
-7.5757575758e-02 -6.2121212121e-01 0.0000000000e+00 5.6390612435e-09 -6.3018473344e-09
-4.5454545455e-02 -6.2121212121e-01 0.0000000000e+00 5.6661496861e-09 -6.3227197292e-09
-1.5151515152e-02 -6.2121212121e-01 0.0000000000e+00 5.6806377218e-09 -6.3340997411e-09
1.5151515152e-02 -6.2121212121e-01 0.0000000000e+00 5.6821938296e-09 -6.3356558489e-09
4.5454545455e-02 -6.2121212121e-01 0.0000000000e+00 5.6707365227e-09 -6.3273065658e-09
7.5757575758e-02 -6.2121212121e-01 0.0000000000e+00 5.6464427717e-09 -6.3092288626e-09
1.0606060606e-01 -6.2121212121e-01 0.0000000000e+00 5.6097425890e-09 -6.2818527515e-09
1.3636363636e-01 -6.2121212121e-01 0.0000000000e+00 5.5612997844e-09 -6.2458420424e-09
1.6666666667e-01 -6.2121212121e-01 0.0000000000e+00 5.5019804337e-09 -6.2020628111e-09
1.9696969697e-01 -6.2121212121e-01 0.0000000000e+00 5.4328119434e-09 -6.1515424640e-09
2.2727272727e-01 -6.2121212121e-01 0.0000000000e+00 5.3549364826e-09 -6.0954231703e-09
2.5757575758e-01 -6.2121212121e-01 0.0000000000e+00 5.2695628451e-09 -6.0349137238e-09
2.8787878788e-01 -6.2121212121e-01 0.0000000000e+00 5.1779204997e-09 -5.9712435932e-09
3.1818181818e-01 -6.2121212121e-01 0.0000000000e+00 5.0812188286e-09 -5.9056221609e-09
3.4848484848e-01 -6.2121212121e-01 0.0000000000e+00 4.9806135386e-09 -5.8392051335e-09
3.7878787879e-01 -6.2121212121e-01 0.0000000000e+00 4.8771811773e-09 -5.7730690587e-09
4.0909090909e-01 -6.2121212121e-01 0.0000000000e+00 4.7719017663e-09 -5.7081939580e-09
4.3939393939e-01 -6.2121212121e-01 0.0000000000e+00 4.6656488670e-09 -5.6454533930e-09
4.6969696970e-01 -6.2121212121e-01 0.0000000000e+00 4.5591859608e-09 -5.5856108448e-09
5.0000000000e-01 -6.2121212121e-01 0.0000000000e+00 4.4531678307e-09 -5.5293210967e-09
5.3030303030e-01 -6.2121212121e-01 0.0000000000e+00 4.3481456229e-09 -5.4771352947e-09
5.6060606061e-01 -6.2121212121e-01 0.0000000000e+00 4.2445743852e-09 -5.4295084867e-09
5.9090909091e-01 -6.2121212121e-01 0.0000000000e+00 4.1428220656e-09 -5.3868086208e-09
6.2121212121e-01 -6.2121212121e-01 0.0000000000e+00 4.0431791667e-09 -5.3493261993e-09
6.5151515152e-01 -6.2121212121e-01 0.0000000000e+00 3.9458684560e-09 -5.3172839899e-09
6.8181818182e-01 -6.2121212121e-01 0.0000000000e+00 3.8510543141e-09 -5.2908463732e-09
7.1212121212e-01 -6.2121212121e-01 0.0000000000e+00 3.7588514509e-09 -5.2701280591e-09
7.4242424242e-01 -6.2121212121e-01 0.0000000000e+00 3.6693328375e-09 -5.2552020187e-09
7.7272727273e-01 -6.2121212121e-01 0.0000000000e+00 3.5825367854e-09 -5.2461065634e-09
8.0303030303e-01 -6.2121212121e-01 0.0000000000e+00 3.4984731679e-09 -5.2428515665e-09
8.3333333333e-01 -6.2121212121e-01 0.0000000000e+00 3.4171288157e-09 -5.2454238590e-09
8.6363636364e-01 -6.2121212121e-01 0.0000000000e+00 3.3384721461e-09 -5.2537918577e-09
8.9393939394e-01 -6.2121212121e-01 0.0000000000e+00 3.2624570943e-09 -5.2679094983e-09
9.2424242424e-01 -6.2121212121e-01 0.0000000000e+00 3.1890264259e-09 -5.2877195461e-09
9.5454545455e-01 -6.2121212121e-01 0.0000000000e+00 3.1181145029e-09 -5.3131563631e-09
9.8484848485e-01 -6.2121212121e-01 0.0000000000e+00 3.0496495786e-09 -5.3441482028e-09
1.0151515152e+00 -6.2121212121e-01 0.0000000000e+00 2.9835556856e-09 -5.3806190976e-09
1.0454545455e+00 -6.2121212121e-01 0.0000000000e+00 2.9197541776e-09 -5.4224904013e-09
1.0757575758e+00 -6.2121212121e-01 0.0000000000e+00 2.8581649793e-09 -5.4696820386e-09
1.1060606061e+00 -6.2121212121e-01 0.0000000000e+00 2.7987075889e-09 -5.5221135076e-09
1.1363636364e+00 -6.2121212121e-01 0.0000000000e+00 2.7413018758e-09 -5.5797046777e-09
1.1666666667e+00 -6.2121212121e-01 0.0000000000e+00 2.6858687060e-09 -5.6423764151e-09
1.1969696970e+00 -6.2121212121e-01 0.0000000000e+00 2.6323304267e-09 -5.7100510668e-09
1.2272727273e+00 -6.2121212121e-01 0.0000000000e+00 2.5806112331e-09 -5.7826528282e-09
1.2575757576e+00 -6.2121212121e-01 0.0000000000e+00 2.5306374403e-09 -5.8601080142e-09
1.2878787879e+00 -6.2121212121e-01 0.0000000000e+00 2.4823376763e-09 -5.9423452528e-09
1.3181818182e+00 -6.2121212121e-01 0.0000000000e+00 2.4356430121e-09 -6.0292956152e-09
1.3484848485e+00 -6.2121212121e-01 0.0000000000e+00 2.3904870409e-09 -6.1208926944e-09
1.3787878788e+00 -6.2121212121e-01 0.0000000000e+00 2.3468059156e-09 -6.2170726434e-09
1.4090909091e+00 -6.2121212121e-01 0.0000000000e+00 2.3045383548e-09 -6.3177741808e-09
1.4393939394e+00 -6.2121212121e-01 0.0000000000e+00 2.2636256229e-09 -6.4229385709e-09
1.4696969697e+00 -6.2121212121e-01 0.0000000000e+00 2.2240114901e-09 -6.5325095840e-09
1.5000000000e+00 -6.2121212121e-01 0.0000000000e+00 2.1856421780e-09 -6.6464334417e-09
-1.5000000000e+00 -5.9090909091e-01 0.0000000000e+00 2.2014194634e-09 -6.6000502496e-09
-1.4696969697e+00 -5.9090909091e-01 0.0000000000e+00 2.2406366968e-09 -6.4869743132e-09
-1.4393939394e+00 -5.9090909091e-01 0.0000000000e+00 2.2811572057e-09 -6.3783096762e-09
-1.4090909091e+00 -5.9090909091e-01 0.0000000000e+00 2.3230395459e-09 -6.2741148944e-09
-1.3787878788e+00 -5.9090909091e-01 0.0000000000e+00 2.3663451578e-09 -6.1744514081e-09
-1.3484848485e+00 -5.9090909091e-01 0.0000000000e+00 2.4111384608e-09 -6.0793836368e-09
-1.3181818182e+00 -5.9090909091e-01 0.0000000000e+00 2.4574869367e-09 -5.9889790623e-09
-1.2878787879e+00 -5.9090909091e-01 0.0000000000e+00 2.5054611962e-09 -5.9033082953e-09
-1.2575757576e+00 -5.9090909091e-01 0.0000000000e+00 2.5551350226e-09 -5.8224451190e-09
-1.2272727273e+00 -5.9090909091e-01 0.0000000000e+00 2.6065853866e-09 -5.7464665042e-09
-1.1969696970e+00 -5.9090909091e-01 0.0000000000e+00 2.6598924232e-09 -5.6754525859e-09
-1.1666666667e+00 -5.9090909091e-01 0.0000000000e+00 2.7151393587e-09 -5.6094865904e-09
-1.1363636364e+00 -5.9090909091e-01 0.0000000000e+00 2.7724123772e-09 -5.5486547017e-09
-1.1060606061e+00 -5.9090909091e-01 0.0000000000e+00 2.8318004082e-09 -5.4930458494e-09
-1.0757575758e+00 -5.9090909091e-01 0.0000000000e+00 2.8933948182e-09 -5.4427513999e-09
-1.0454545455e+00 -5.9090909091e-01 0.0000000000e+00 2.9572889818e-09 -5.3978647280e-09
-1.0151515152e+00 -5.9090909091e-01 0.0000000000e+00 3.0235777063e-09 -5.3584806409e-09
-9.8484848485e-01 -5.9090909091e-01 0.0000000000e+00 3.0923564753e-09 -5.3246946220e-09
-9.5454545455e-01 -5.9090909091e-01 0.0000000000e+00 3.1637204736e-09 -5.2966018564e-09
-9.2424242424e-01 -5.9090909091e-01 0.0000000000e+00 3.2377633479e-09 -5.2742959906e-09
-8.9393939394e-01 -5.9090909091e-01 0.0000000000e+00 3.3145756496e-09 -5.2578675761e-09
-8.6363636364e-01 -5.9090909091e-01 0.0000000000e+00 3.3942428999e-09 -5.2474021342e-09
-8.3333333333e-01 -5.9090909091e-01 0.0000000000e+00 3.4768432080e-09 -5.2429777738e-09
-8.0303030303e-01 -5.9090909091e-01 0.0000000000e+00 3.5624443651e-09 -5.2446622863e-09
-7.7272727273e-01 -5.9090909091e-01 0.0000000000e+00 3.6511003329e-09 -5.2525096334e-09
-7.4242424242e-01 -5.9090909091e-01 0.0000000000e+00 3.7428470374e-09 -5.2665557411e-09
-7.1212121212e-01 -5.9090909091e-01 0.0000000000e+00 3.8376973823e-09 -5.2868135131e-09
-6.8181818182e-01 -5.9090909091e-01 0.0000000000e+00 3.9356353986e-09 -5.3132669803e-09
-6.5151515152e-01 -5.9090909091e-01 0.0000000000e+00 4.0366094658e-09 -5.3458645222e-09
-6.2121212121e-01 -5.9090909091e-01 0.0000000000e+00 4.1405245642e-09 -5.3845111193e-09
-5.9090909091e-01 -5.9090909091e-01 0.0000000000e+00 4.2472335647e-09 -5.4290596423e-09
-5.6060606061e-01 -5.9090909091e-01 0.0000000000e+00 4.3565276246e-09 -5.4793012487e-09
-5.3030303030e-01 -5.9090909091e-01 0.0000000000e+00 4.4681258507e-09 -5.5349550451e-09
-5.0000000000e-01 -5.9090909091e-01 0.0000000000e+00 4.5816645030e-09 -5.5956572915e-09
-4.6969696970e-01 -5.9090909091e-01 0.0000000000e+00 4.6966861604e-09 -5.6609505669e-09
-4.3939393939e-01 -5.9090909091e-01 0.0000000000e+00 4.8126294325e-09 -5.7302734810e-09
-4.0909090909e-01 -5.9090909091e-01 0.0000000000e+00 4.9288199816e-09 -5.8029516958e-09
-3.7878787879e-01 -5.9090909091e-01 0.0000000000e+00 5.0444637934e-09 -5.8781911973e-09
-3.4848484848e-01 -5.9090909091e-01 0.0000000000e+00 5.1586437841e-09 -5.9550749016e-09
-3.1818181818e-01 -5.9090909091e-01 0.0000000000e+00 5.2703209215e-09 -6.0325637763e-09
-2.8787878788e-01 -5.9090909091e-01 0.0000000000e+00 5.3783410461e-09 -6.1095036622e-09
-2.5757575758e-01 -5.9090909091e-01 0.0000000000e+00 5.4814484768e-09 -6.1846388781e-09
-2.2727272727e-01 -5.9090909091e-01 0.0000000000e+00 5.5783072513e-09 -6.2566334615e-09
-1.9696969697e-01 -5.9090909091e-01 0.0000000000e+00 5.6675304834e-09 -6.3241005266e-09
-1.6666666667e-01 -5.9090909091e-01 0.0000000000e+00 5.7477178119e-09 -6.3856397119e-09
-1.3636363636e-01 -5.9090909091e-01 0.0000000000e+00 5.8175002682e-09 -6.4398820488e-09
-1.0606060606e-01 -5.9090909091e-01 0.0000000000e+00 5.8755911190e-09 -6.4855408041e-09
-7.5757575758e-02 -5.9090909091e-01 0.0000000000e+00 5.9208403583e-09 -6.5214659717e-09
-4.5454545455e-02 -5.9090909091e-01 0.0000000000e+00 5.9522895999e-09 -6.5466991656e-09
-1.5151515152e-02 -5.9090909091e-01 0.0000000000e+00 5.9692232794e-09 -6.5605248212e-09
1.5151515152e-02 -5.9090909091e-01 0.0000000000e+00 5.9712115216e-09 -6.5625130634e-09
4.5454545455e-02 -5.9090909091e-01 0.0000000000e+00 5.9581400113e-09 -6.5525495770e-09
7.5757575758e-02 -5.9090909091e-01 0.0000000000e+00 5.9302229401e-09 -6.5308485536e-09
1.0606060606e-01 -5.9090909091e-01 0.0000000000e+00 5.8879966472e-09 -6.4979463322e-09
1.3636363636e-01 -5.9090909091e-01 0.0000000000e+00 5.8322937609e-09 -6.4546755415e-09
1.6666666667e-01 -5.9090909091e-01 0.0000000000e+00 5.7642000652e-09 -6.4021219651e-09
1.9696969697e-01 -5.9090909091e-01 0.0000000000e+00 5.6849984336e-09 -6.3415684767e-09
2.2727272727e-01 -5.9090909091e-01 0.0000000000e+00 5.5961055281e-09 -6.2744317384e-09
2.5757575758e-01 -5.9090909091e-01 0.0000000000e+00 5.4990073071e-09 -6.2021977083e-09
2.8787878788e-01 -5.9090909091e-01 0.0000000000e+00 5.3951987634e-09 -6.1263613795e-09
3.1818181818e-01 -5.9090909091e-01 0.0000000000e+00 5.2861319996e-09 -6.0483748545e-09
3.4848484848e-01 -5.9090909091e-01 0.0000000000e+00 5.1731750994e-09 -5.9696062168e-09
3.7878787879e-01 -5.9090909091e-01 0.0000000000e+00 5.0575826501e-09 -5.8913100540e-09
4.0909090909e-01 -5.9090909091e-01 0.0000000000e+00 4.9404774450e-09 -5.8146091593e-09
4.3939393939e-01 -5.9090909091e-01 0.0000000000e+00 4.8228419843e-09 -5.7404860328e-09
4.6969696970e-01 -5.9090909091e-01 0.0000000000e+00 4.7055179065e-09 -5.6697823131e-09
5.0000000000e-01 -5.9090909091e-01 0.0000000000e+00 4.5892113468e-09 -5.6032041353e-09
5.3030303030e-01 -5.9090909091e-01 0.0000000000e+00 4.4745023400e-09 -5.5413315343e-09
5.6060606061e-01 -5.9090909091e-01 0.0000000000e+00 4.3618566536e-09 -5.4846302777e-09
5.9090909091e-01 -5.9090909091e-01 0.0000000000e+00 4.2516387655e-09 -5.4334648432e-09
6.2121212121e-01 -5.9090909091e-01 0.0000000000e+00 4.1441250313e-09 -5.3881115865e-09
6.5151515152e-01 -5.9090909091e-01 0.0000000000e+00 4.0395163806e-09 -5.3487714371e-09
6.8181818182e-01 -5.9090909091e-01 0.0000000000e+00 3.9379501226e-09 -5.3155817043e-09
7.1212121212e-01 -5.9090909091e-01 0.0000000000e+00 3.8395106306e-09 -5.2886267613e-09
7.4242424242e-01 -5.9090909091e-01 0.0000000000e+00 3.7442388069e-09 -5.2679475106e-09
7.7272727273e-01 -5.9090909091e-01 0.0000000000e+00 3.6521403275e-09 -5.2535496281e-09
8.0303030303e-01 -5.9090909091e-01 0.0000000000e+00 3.5631927227e-09 -5.2454106440e-09
8.3333333333e-01 -5.9090909091e-01 0.0000000000e+00 3.4773513855e-09 -5.2434859513e-09
8.6363636364e-01 -5.9090909091e-01 0.0000000000e+00 3.3945546189e-09 -5.2477138531e-09
8.9393939394e-01 -5.9090909091e-01 0.0000000000e+00 3.3147278351e-09 -5.2580197617e-09
9.2424242424e-01 -5.9090909091e-01 0.0000000000e+00 3.2377870206e-09 -5.2743196633e-09
9.5454545455e-01 -5.9090909091e-01 0.0000000000e+00 3.1636415703e-09 -5.2965229531e-09
9.8484848485e-01 -5.9090909091e-01 0.0000000000e+00 3.0921965882e-09 -5.3245347349e-09
1.0151515152e+00 -5.9090909091e-01 0.0000000000e+00 3.0233547368e-09 -5.3582576713e-09
1.0454545455e+00 -5.9090909091e-01 0.0000000000e+00 2.9570177122e-09 -5.3975934584e-09
1.0757575758e+00 -5.9090909091e-01 0.0000000000e+00 2.8930874061e-09 -5.4424439879e-09
1.1060606061e+00 -5.9090909091e-01 0.0000000000e+00 2.8314668107e-09 -5.4927122519e-09
1.1363636364e+00 -5.9090909091e-01 0.0000000000e+00 2.7720607120e-09 -5.5483030365e-09
1.1666666667e+00 -5.9090909091e-01 0.0000000000e+00 2.7147762110e-09 -5.6091234427e-09
1.1969696970e+00 -5.9090909091e-01 0.0000000000e+00 2.6595231045e-09 -5.6750832672e-09
1.2272727273e+00 -5.9090909091e-01 0.0000000000e+00 2.6062141523e-09 -5.7460952699e-09
1.2575757576e+00 -5.9090909091e-01 0.0000000000e+00 2.5547652545e-09 -5.8220753510e-09
1.2878787879e+00 -5.9090909091e-01 0.0000000000e+00 2.5050955556e-09 -5.9029426547e-09
1.3181818182e+00 -5.9090909091e-01 0.0000000000e+00 2.4571274914e-09 -5.9886196171e-09
1.3484848485e+00 -5.9090909091e-01 0.0000000000e+00 2.4107867918e-09 -6.0790319678e-09
1.3787878788e+00 -5.9090909091e-01 0.0000000000e+00 2.3660024474e-09 -6.1741086978e-09
1.4090909091e+00 -5.9090909091e-01 0.0000000000e+00 2.3227066515e-09 -6.2737820000e-09
1.4393939394e+00 -5.9090909091e-01 0.0000000000e+00 2.2808347202e-09 -6.3779871907e-09
1.4696969697e+00 -5.9090909091e-01 0.0000000000e+00 2.2403249994e-09 -6.4866626158e-09
1.5000000000e+00 -5.9090909091e-01 0.0000000000e+00 2.2011187612e-09 -6.5997495473e-09
-1.5000000000e+00 -5.6060606061e-01 0.0000000000e+00 2.2164658753e-09 -6.5560442079e-09
-1.4696969697e+00 -5.6060606061e-01 0.0000000000e+00 2.2565100847e-09 -6.4437952475e-09
-1.4393939394e+00 -5.6060606061e-01 0.0000000000e+00 2.2979167772e-09 -6.3360167941e-09
-1.4090909091e+00 -5.6060606061e-01 0.0000000000e+00 2.3407496409e-09 -6.2327725358e-09
-1.3787878788e+00 -5.6060606061e-01 0.0000000000e+00 2.3850757582e-09 -6.1341295549e-09
-1.3484848485e+00 -5.6060606061e-01 0.0000000000e+00 2.4309657551e-09 -6.0401584776e-09
-1.3181818182e+00 -5.6060606061e-01 0.0000000000e+00 2.4784939454e-09 -5.9509336175e-09
-1.2878787879e+00 -5.6060606061e-01 0.0000000000e+00 2.5277384640e-09 -5.8665331095e-09
-1.2575757576e+00 -5.6060606061e-01 0.0000000000e+00 2.5787813852e-09 -5.7870390280e-09
-1.2272727273e+00 -5.6060606061e-01 0.0000000000e+00 2.6317088189e-09 -5.7125374830e-09
-1.1969696970e+00 -5.6060606061e-01 0.0000000000e+00 2.6866109768e-09 -5.6431186860e-09
-1.1666666667e+00 -5.6060606061e-01 0.0000000000e+00 2.7435821972e-09 -5.5788769753e-09
-1.1363636364e+00 -5.6060606061e-01 0.0000000000e+00 2.8027209167e-09 -5.5199107876e-09
-1.1060606061e+00 -5.6060606061e-01 0.0000000000e+00 2.8641295717e-09 -5.4663225594e-09
-1.0757575758e+00 -5.6060606061e-01 0.0000000000e+00 2.9279144118e-09 -5.4182185400e-09
-1.0454545455e+00 -5.6060606061e-01 0.0000000000e+00 2.9941851979e-09 -5.3757084906e-09
-1.0151515152e+00 -5.6060606061e-01 0.0000000000e+00 3.0630547591e-09 -5.3389052400e-09
-9.8484848485e-01 -5.6060606061e-01 0.0000000000e+00 3.1346383696e-09 -5.3079240627e-09
-9.5454545455e-01 -5.6060606061e-01 0.0000000000e+00 3.2090529046e-09 -5.2828818339e-09
-9.2424242424e-01 -5.6060606061e-01 0.0000000000e+00 3.2864157223e-09 -5.2638959115e-09
-8.9393939394e-01 -5.6060606061e-01 0.0000000000e+00 3.3668432103e-09 -5.2510826833e-09
-8.6363636364e-01 -5.6060606061e-01 0.0000000000e+00 3.4504489249e-09 -5.2445557055e-09
-8.3333333333e-01 -5.6060606061e-01 0.0000000000e+00 3.5373412381e-09 -5.2444233503e-09
-8.0303030303e-01 -5.6060606061e-01 0.0000000000e+00 3.6276203956e-09 -5.2507858632e-09
-7.7272727273e-01 -5.6060606061e-01 0.0000000000e+00 3.7213748766e-09 -5.2637317236e-09
-7.4242424242e-01 -5.6060606061e-01 0.0000000000e+00 3.8186769356e-09 -5.2833331858e-09
-7.1212121212e-01 -5.6060606061e-01 0.0000000000e+00 3.9195771981e-09 -5.3096408753e-09
-6.8181818182e-01 -5.6060606061e-01 0.0000000000e+00 4.0240981809e-09 -5.3426773090e-09
-6.5151515152e-01 -5.6060606061e-01 0.0000000000e+00 4.1322266145e-09 -5.3824292174e-09
-6.2121212121e-01 -5.6060606061e-01 0.0000000000e+00 4.2439044681e-09 -5.4288385697e-09
-5.9090909091e-01 -5.6060606061e-01 0.0000000000e+00 4.3590186156e-09 -5.4817922397e-09
-5.6060606061e-01 -5.6060606061e-01 0.0000000000e+00 4.4773891540e-09 -5.5411103245e-09
-5.3030303030e-01 -5.6060606061e-01 0.0000000000e+00 4.5987564815e-09 -5.6065332223e-09
-5.0000000000e-01 -5.6060606061e-01 0.0000000000e+00 4.7227673877e-09 -5.6777077226e-09
-4.6969696970e-01 -5.6060606061e-01 0.0000000000e+00 4.8489605878e-09 -5.7541725408e-09
-4.3939393939e-01 -5.6060606061e-01 0.0000000000e+00 4.9767523608e-09 -5.8353439557e-09
-4.0909090909e-01 -5.6060606061e-01 0.0000000000e+00 5.1054232029e-09 -5.9205024636e-09
-3.7878787879e-01 -5.6060606061e-01 0.0000000000e+00 5.2341066763e-09 -6.0087816266e-09
-3.4848484848e-01 -5.6060606061e-01 0.0000000000e+00 5.3617818758e-09 -6.0991605397e-09
-3.1818181818e-01 -5.6060606061e-01 0.0000000000e+00 5.4872711180e-09 -6.1904615192e-09
-2.8787878788e-01 -5.6060606061e-01 0.0000000000e+00 5.6092445339e-09 -6.2813546964e-09
-2.5757575758e-01 -5.6060606061e-01 0.0000000000e+00 5.7262331730e-09 -6.3703711206e-09
-2.2727272727e-01 -5.6060606061e-01 0.0000000000e+00 5.8366519813e-09 -6.4559257379e-09
-1.9696969697e-01 -5.6060606061e-01 0.0000000000e+00 5.9388335877e-09 -6.5363511773e-09
-1.6666666667e-01 -5.6060606061e-01 0.0000000000e+00 6.0310732184e-09 -6.6099426647e-09
-1.3636363636e-01 -5.6060606061e-01 0.0000000000e+00 6.1116842583e-09 -6.6750135852e-09
-1.0606060606e-01 -5.6060606061e-01 0.0000000000e+00 6.1790629800e-09 -6.7299602115e-09
-7.5757575758e-02 -5.6060606061e-01 0.0000000000e+00 6.2317597416e-09 -6.7733329015e-09
-4.5454545455e-02 -5.6060606061e-01 0.0000000000e+00 6.2685525576e-09 -6.8039096697e-09
-1.5151515152e-02 -5.6060606061e-01 0.0000000000e+00 6.2885175102e-09 -6.8207665985e-09
1.5151515152e-02 -5.6060606061e-01 0.0000000000e+00 6.2910893125e-09 -6.8233384007e-09
4.5454545455e-02 -5.6060606061e-01 0.0000000000e+00 6.2761049103e-09 -6.8114620224e-09
7.5757575758e-02 -5.6060606061e-01 0.0000000000e+00 6.2438238008e-09 -6.7853969606e-09
1.0606060606e-01 -5.6060606061e-01 0.0000000000e+00 6.1949209592e-09 -6.7458181907e-09
1.3636363636e-01 -5.6060606061e-01 0.0000000000e+00 6.1304517009e-09 -6.6937810279e-09
1.6666666667e-01 -5.6060606061e-01 0.0000000000e+00 6.0517917361e-09 -6.6306611824e-09
1.9696969697e-01 -5.6060606061e-01 0.0000000000e+00 5.9605591272e-09 -6.5580767168e-09
2.2727272727e-01 -5.6060606061e-01 0.0000000000e+00 5.8585269629e-09 -6.4778007195e-09
2.5757575758e-01 -5.6060606061e-01 0.0000000000e+00 5.7475359201e-09 -6.3916738678e-09
2.8787878788e-01 -5.6060606061e-01 0.0000000000e+00 5.6294146291e-09 -6.3015247916e-09
3.1818181818e-01 -5.6060606061e-01 0.0000000000e+00 5.5059134418e-09 -6.2091038431e-09
3.4848484848e-01 -5.6060606061e-01 0.0000000000e+00 5.3786545206e-09 -6.1160331845e-09
3.7878787879e-01 -5.6060606061e-01 0.0000000000e+00 5.2490986962e-09 -6.0237736465e-09
4.0909090909e-01 -5.6060606061e-01 0.0000000000e+00 5.1185276749e-09 -5.9336069356e-09
4.3939393939e-01 -5.6060606061e-01 0.0000000000e+00 4.9880390336e-09 -5.8466306285e-09
4.6969696970e-01 -5.6060606061e-01 0.0000000000e+00 4.8585509665e-09 -5.7637629195e-09
5.0000000000e-01 -5.6060606061e-01 0.0000000000e+00 4.7308137962e-09 -5.6857541312e-09
5.3030303030e-01 -5.6060606061e-01 0.0000000000e+00 4.6054256244e-09 -5.6132023652e-09
5.6060606061e-01 -5.6060606061e-01 0.0000000000e+00 4.4828500133e-09 -5.5465711838e-09
5.9090909091e-01 -5.6060606061e-01 0.0000000000e+00 4.3634341345e-09 -5.4862077586e-09
6.2121212121e-01 -5.6060606061e-01 0.0000000000e+00 4.2474263105e-09 -5.4323604121e-09
6.5151515152e-01 -5.6060606061e-01 0.0000000000e+00 4.1349922795e-09 -5.3851948824e-09
6.8181818182e-01 -5.6060606061e-01 0.0000000000e+00 4.0262298223e-09 -5.3448089504e-09
7.1212121212e-01 -5.6060606061e-01 0.0000000000e+00 3.9211816121e-09 -5.3112452893e-09
7.4242424242e-01 -5.6060606061e-01 0.0000000000e+00 3.8198462938e-09 -5.2845025439e-09
7.7272727273e-01 -5.6060606061e-01 0.0000000000e+00 3.7221878922e-09 -5.2645447392e-09
8.0303030303e-01 -5.6060606061e-01 0.0000000000e+00 3.6281437008e-09 -5.2513091684e-09
8.3333333333e-01 -5.6060606061e-01 0.0000000000e+00 3.5376308210e-09 -5.2447129332e-09
8.6363636364e-01 -5.6060606061e-01 0.0000000000e+00 3.4505515305e-09 -5.2446583112e-09
8.9393939394e-01 -5.6060606061e-01 0.0000000000e+00 3.3667976484e-09 -5.2510371214e-09
9.2424242424e-01 -5.6060606061e-01 0.0000000000e+00 3.2862540521e-09 -5.2637342413e-09
9.5454545455e-01 -5.6060606061e-01 0.0000000000e+00 3.2088014854e-09 -5.2826304146e-09
9.8484848485e-01 -5.6060606061e-01 0.0000000000e+00 3.1343187767e-09 -5.3076044699e-09
1.0151515152e+00 -5.6060606061e-01 0.0000000000e+00 3.0626845739e-09 -5.3385350549e-09
1.0454545455e+00 -5.6060606061e-01 0.0000000000e+00 2.9937786810e-09 -5.3753019736e-09
1.0757575758e+00 -5.6060606061e-01 0.0000000000e+00 2.9274830731e-09 -5.4177872013e-09
1.1060606061e+00 -5.6060606061e-01 0.0000000000e+00 2.8636826505e-09 -5.4658756381e-09
1.1363636364e+00 -5.6060606061e-01 0.0000000000e+00 2.8022657828e-09 -5.5194556537e-09
1.1666666667e+00 -5.6060606061e-01 0.0000000000e+00 2.7431246863e-09 -5.5784194644e-09
1.1969696970e+00 -5.6060606061e-01 0.0000000000e+00 2.6861556683e-09 -5.6426633774e-09
1.2272727273e+00 -5.6060606061e-01 0.0000000000e+00 2.6312592665e-09 -5.7120879305e-09
1.2575757576e+00 -5.6060606061e-01 0.0000000000e+00 2.5783403074e-09 -5.7865979503e-09
1.2878787879e+00 -5.6060606061e-01 0.0000000000e+00 2.5273079017e-09 -5.8661025472e-09
1.3181818182e+00 -5.6060606061e-01 0.0000000000e+00 2.4780753907e-09 -5.9505150627e-09
1.3484848485e+00 -5.6060606061e-01 0.0000000000e+00 2.4305602580e-09 -6.0397529805e-09
1.3787878788e+00 -5.6060606061e-01 0.0000000000e+00 2.3846840140e-09 -6.1337378107e-09
1.4090909091e+00 -5.6060606061e-01 0.0000000000e+00 2.3403720617e-09 -6.2323949565e-09
1.4393939394e+00 -5.6060606061e-01 0.0000000000e+00 2.2975535503e-09 -6.3356535672e-09
1.4696969697e+00 -5.6060606061e-01 0.0000000000e+00 2.2561612206e-09 -6.4434463834e-09
1.5000000000e+00 -5.6060606061e-01 0.0000000000e+00 2.2161312467e-09 -6.5557095793e-09
-1.5000000000e+00 -5.3030303030e-01 0.0000000000e+00 2.2310110422e-09 -6.5146449451e-09
-1.4696969697e+00 -5.3030303030e-01 0.0000000000e+00 2.2718661119e-09 -6.4032068450e-09
-1.4393939394e+00 -5.3030303030e-01 0.0000000000e+00 2.3141428337e-09 -6.2962984209e-09
-1.4090909091e+00 -5.3030303030e-01 0.0000000000e+00 2.3579101565e-09 -6.1939886216e-09
-1.3787878788e+00 -5.3030303030e-01 0.0000000000e+00 2.4032409638e-09 -6.0963503309e-09
-1.3484848485e+00 -5.3030303030e-01 0.0000000000e+00 2.4502122853e-09 -6.0034605781e-09
-1.3181818182e+00 -5.3030303030e-01 0.0000000000e+00 2.4989055083e-09 -5.9154007506e-09
-1.2878787879e+00 -5.3030303030e-01 0.0000000000e+00 2.5494065880e-09 -5.8322568038e-09
-1.2575757576e+00 -5.3030303030e-01 0.0000000000e+00 2.6018062505e-09 -5.7541194637e-09
-1.2272727273e+00 -5.3030303030e-01 0.0000000000e+00 2.6562001841e-09 -5.6810844185e-09
-1.1969696970e+00 -5.3030303030e-01 0.0000000000e+00 2.7126892096e-09 -5.6132524891e-09
-1.1666666667e+00 -5.3030303030e-01 0.0000000000e+00 2.7713794218e-09 -5.5507297702e-09
-1.1363636364e+00 -5.3030303030e-01 0.0000000000e+00 2.8323822890e-09 -5.4936277302e-09
-1.1060606061e+00 -5.3030303030e-01 0.0000000000e+00 2.8958146949e-09 -5.4420632528e-09
-1.0757575758e+00 -5.3030303030e-01 0.0000000000e+00 2.9617989039e-09 -5.3961586024e-09
-1.0454545455e+00 -5.3030303030e-01 0.0000000000e+00 3.0304624252e-09 -5.3560412881e-09
-1.0151515152e+00 -5.3030303030e-01 0.0000000000e+00 3.1019377446e-09 -5.3218437958e-09
-9.8484848485e-01 -5.3030303030e-01 0.0000000000e+00 3.1763618874e-09 -5.2937031509e-09
-9.5454545455e-01 -5.3030303030e-01 0.0000000000e+00 3.2538757647e-09 -5.2717602642e-09
-9.2424242424e-01 -5.3030303030e-01 0.0000000000e+00 3.3346232464e-09 -5.2561590059e-09
-8.9393939394e-01 -5.3030303030e-01 0.0000000000e+00 3.4187498925e-09 -5.2470449358e-09
-8.6363636364e-01 -5.3030303030e-01 0.0000000000e+00 3.5064012564e-09 -5.2445636074e-09
-8.3333333333e-01 -5.3030303030e-01 0.0000000000e+00 3.5977206628e-09 -5.2488583453e-09
-8.0303030303e-01 -5.3030303030e-01 0.0000000000e+00 3.6928463395e-09 -5.2600673774e-09
-7.7272727273e-01 -5.3030303030e-01 0.0000000000e+00 3.7919077661e-09 -5.2783201833e-09
-7.4242424242e-01 -5.3030303030e-01 0.0000000000e+00 3.8950210821e-09 -5.3037329025e-09
-7.1212121212e-01 -5.3030303030e-01 0.0000000000e+00 4.0022833774e-09 -5.3364026248e-09
-6.8181818182e-01 -5.3030303030e-01 0.0000000000e+00 4.1137656763e-09 -5.3764003747e-09
-6.5151515152e-01 -5.3030303030e-01 0.0000000000e+00 4.2295044202e-09 -5.4237625934e-09
-6.2121212121e-01 -5.3030303030e-01 0.0000000000e+00 4.3494912619e-09 -5.4784809338e-09
-5.9090909091e-01 -5.3030303030e-01 0.0000000000e+00 4.4736610187e-09 -5.5404902131e-09
-5.6060606061e-01 -5.3030303030e-01 0.0000000000e+00 4.6018776923e-09 -5.6096544331e-09
-5.3030303030e-01 -5.3030303030e-01 0.0000000000e+00 4.7339185735e-09 -5.6857508846e-09
-5.0000000000e-01 -5.3030303030e-01 0.0000000000e+00 4.8694566087e-09 -5.7684525139e-09
-4.6969696970e-01 -5.3030303030e-01 0.0000000000e+00 5.0080414357e-09 -5.8573089590e-09
-4.3939393939e-01 -5.3030303030e-01 0.0000000000e+00 5.1490797887e-09 -5.9517269539e-09
-4.0909090909e-01 -5.3030303030e-01 0.0000000000e+00 5.2918163298e-09 -6.0509511608e-09
-3.7878787879e-01 -5.3030303030e-01 0.0000000000e+00 5.4353163577e-09 -6.1540468783e-09
-3.4848484848e-01 -5.3030303030e-01 0.0000000000e+00 5.5784522334e-09 -6.2598864676e-09
-3.1818181818e-01 -5.3030303030e-01 0.0000000000e+00 5.7198956879e-09 -6.3671416594e-09
-2.8787878788e-01 -5.3030303030e-01 0.0000000000e+00 5.8581183629e-09 -6.4742840957e-09
-2.5757575758e-01 -5.3030303030e-01 0.0000000000e+00 5.9914029298e-09 -6.5795964478e-09
-2.2727272727e-01 -5.3030303030e-01 0.0000000000e+00 6.1178668789e-09 -6.6811962059e-09
-1.9696969697e-01 -5.3030303030e-01 0.0000000000e+00 6.2355005816e-09 -6.7770737415e-09
-1.6666666667e-01 -5.3030303030e-01 0.0000000000e+00 6.3422205055e-09 -6.8651455221e-09
-1.3636363636e-01 -5.3030303030e-01 0.0000000000e+00 6.4359375158e-09 -6.9433224131e-09
-1.0606060606e-01 -5.3030303030e-01 0.0000000000e+00 6.5146389808e-09 -7.0095917826e-09
-7.5757575758e-02 -5.3030303030e-01 0.0000000000e+00 6.5764818069e-09 -7.0621105371e-09
-4.5454545455e-02 -5.3030303030e-01 0.0000000000e+00 6.6198914865e-09 -7.0993041689e-09
-1.5151515152e-02 -5.3030303030e-01 0.0000000000e+00 6.6436598484e-09 -7.1199645070e-09
1.5151515152e-02 -5.3030303030e-01 0.0000000000e+00 6.6470319001e-09 -7.1233365587e-09
4.5454545455e-02 -5.3030303030e-01 0.0000000000e+00 6.6297707763e-09 -7.1091834587e-09
7.5757575758e-02 -5.3030303030e-01 0.0000000000e+00 6.5921903666e-09 -7.0778190968e-09
1.0606060606e-01 -5.3030303030e-01 0.0000000000e+00 6.5351483398e-09 -7.0301011416e-09
1.3636363636e-01 -5.3030303030e-01 0.0000000000e+00 6.4599978049e-09 -6.9673827021e-09
1.6666666667e-01 -5.3030303030e-01 0.0000000000e+00 6.3685024739e-09 -6.8914274905e-09
1.9696969697e-01 -5.3030303030e-01 0.0000000000e+00 6.2627260014e-09 -6.8042991612e-09
2.2727272727e-01 -5.3030303030e-01 0.0000000000e+00 6.1449095234e-09 -6.7082388504e-09
2.5757575758e-01 -5.3030303030e-01 0.0000000000e+00 6.0173516049e-09 -6.6055451228e-09
2.8787878788e-01 -5.3030303030e-01 0.0000000000e+00 5.8823022664e-09 -6.4984679992e-09
3.1818181818e-01 -5.3030303030e-01 0.0000000000e+00 5.7418786456e-09 -6.3891246171e-09
3.4848484848e-01 -5.3030303030e-01 0.0000000000e+00 5.5980054210e-09 -6.2794396552e-09
3.7878787879e-01 -5.3030303030e-01 0.0000000000e+00 5.4523793713e-09 -6.1711098919e-09
4.0909090909e-01 -5.3030303030e-01 0.0000000000e+00 5.3064548653e-09 -6.0655896963e-09
4.3939393939e-01 -5.3030303030e-01 0.0000000000e+00 5.1614457568e-09 -5.9640929220e-09
4.6969696970e-01 -5.3030303030e-01 0.0000000000e+00 5.0183388851e-09 -5.8676064084e-09
5.0000000000e-01 -5.3030303030e-01 0.0000000000e+00 4.8779148199e-09 -5.7769107251e-09
5.3030303030e-01 -5.3030303030e-01 0.0000000000e+00 4.7407722917e-09 -5.6926046027e-09
5.6060606061e-01 -5.3030303030e-01 0.0000000000e+00 4.6073536626e-09 -5.6151304034e-09
5.9090909091e-01 -5.3030303030e-01 0.0000000000e+00 4.4779696344e-09 -5.5447988288e-09
6.2121212121e-01 -5.3030303030e-01 0.0000000000e+00 4.3528220881e-09 -5.4818117600e-09
6.5151515152e-01 -5.3030303030e-01 0.0000000000e+00 4.2320244795e-09 -5.4262826526e-09
6.8181818182e-01 -5.3030303030e-01 0.0000000000e+00 4.1156195806e-09 -5.3782542790e-09
7.1212121212e-01 -5.3030303030e-01 0.0000000000e+00 4.0035946014e-09 -5.3377138489e-09
7.4242424242e-01 -5.3030303030e-01 0.0000000000e+00 3.8958938654e-09 -5.3046056858e-09
7.7272727273e-01 -5.3030303030e-01 0.0000000000e+00 3.7924292894e-09 -5.2788417067e-09
8.0303030303e-01 -5.3030303030e-01 0.0000000000e+00 3.6930889443e-09 -5.2603099822e-09
8.3333333333e-01 -5.3030303030e-01 0.0000000000e+00 3.5977439720e-09 -5.2488816545e-09
8.6363636364e-01 -5.3030303030e-01 0.0000000000e+00 3.5062541177e-09 -5.2444164687e-09
8.9393939394e-01 -5.3030303030e-01 0.0000000000e+00 3.4184721095e-09 -5.2467671527e-09
9.2424242424e-01 -5.3030303030e-01 0.0000000000e+00 3.3342470878e-09 -5.2557828472e-09
9.5454545455e-01 -5.3030303030e-01 0.0000000000e+00 3.2534272601e-09 -5.2713117596e-09
9.8484848485e-01 -5.3030303030e-01 0.0000000000e+00 3.1758619270e-09 -5.2932031905e-09
1.0151515152e+00 -5.3030303030e-01 0.0000000000e+00 3.1014030030e-09 -5.3213090542e-09
1.0454545455e+00 -5.3030303030e-01 0.0000000000e+00 3.0299061322e-09 -5.3554849951e-09
1.0757575758e+00 -5.3030303030e-01 0.0000000000e+00 2.9612314842e-09 -5.3955911827e-09
1.1060606061e+00 -5.3030303030e-01 0.0000000000e+00 2.8952442956e-09 -5.4414928535e-09
1.1363636364e+00 -5.3030303030e-01 0.0000000000e+00 2.8318152140e-09 -5.4930606552e-09
1.1666666667e+00 -5.3030303030e-01 0.0000000000e+00 2.7708204873e-09 -5.5501708357e-09
1.1969696970e+00 -5.3030303030e-01 0.0000000000e+00 2.7121420352e-09 -5.6127053146e-09
1.2272727273e+00 -5.3030303030e-01 0.0000000000e+00 2.6556674300e-09 -5.6805516643e-09
1.2575757576e+00 -5.3030303030e-01 0.0000000000e+00 2.6012898106e-09 -5.7536030237e-09
1.2878787879e+00 -5.3030303030e-01 0.0000000000e+00 2.5489077470e-09 -5.8317579627e-09
1.3181818182e+00 -5.3030303030e-01 0.0000000000e+00 2.4984250689e-09 -5.9149203112e-09
1.3484848485e+00 -5.3030303030e-01 0.0000000000e+00 2.4497506714e-09 -6.0029989641e-09
1.3787878788e+00 -5.3030303030e-01 0.0000000000e+00 2.4027983035e-09 -6.0959076706e-09
1.4090909091e+00 -5.3030303030e-01 0.0000000000e+00 2.3574863498e-09 -6.1935648149e-09
1.4393939394e+00 -5.3030303030e-01 0.0000000000e+00 2.3137376063e-09 -6.2958931935e-09
1.4696969697e+00 -5.3030303030e-01 0.0000000000e+00 2.2714790587e-09 -6.4028197918e-09
1.5000000000e+00 -5.3030303030e-01 0.0000000000e+00 2.2306416621e-09 -6.5142755649e-09
-1.5000000000e+00 -5.0000000000e-01 0.0000000000e+00 2.2450166144e-09 -6.4758141115e-09
-1.4696969697e+00 -5.0000000000e-01 0.0000000000e+00 2.2866631790e-09 -6.3651675063e-09
-1.4393939394e+00 -5.0000000000e-01 0.0000000000e+00 2.3297902129e-09 -6.2591093942e-09
-1.4090909091e+00 -5.0000000000e-01 0.0000000000e+00 2.3744720216e-09 -6.1577140809e-09
-1.3787878788e+00 -5.0000000000e-01 0.0000000000e+00 2.4207874144e-09 -6.0610603755e-09
-1.3484848485e+00 -5.0000000000e-01 0.0000000000e+00 2.4688199823e-09 -5.9692318692e-09
-1.3181818182e+00 -5.0000000000e-01 0.0000000000e+00 2.5186583862e-09 -5.8823172227e-09
-1.2878787879e+00 -5.0000000000e-01 0.0000000000e+00 2.5703966519e-09 -5.8004104619e-09
-1.2575757576e+00 -5.0000000000e-01 0.0000000000e+00 2.6241344694e-09 -5.7236112767e-09
-1.2272727273e+00 -5.0000000000e-01 0.0000000000e+00 2.6799774916e-09 -5.6520253201e-09
-1.1969696970e+00 -5.0000000000e-01 0.0000000000e+00 2.7380376258e-09 -5.5857644994e-09
-1.1666666667e+00 -5.0000000000e-01 0.0000000000e+00 2.7984333109e-09 -5.5249472534e-09
-1.1363636364e+00 -5.0000000000e-01 0.0000000000e+00 2.8612897676e-09 -5.4696988029e-09
-1.1060606061e+00 -5.0000000000e-01 0.0000000000e+00 2.9267392092e-09 -5.4201513612e-09
-1.0757575758e+00 -5.0000000000e-01 0.0000000000e+00 2.9949209933e-09 -5.3764442859e-09
-1.0454545455e+00 -5.0000000000e-01 0.0000000000e+00 3.0659816916e-09 -5.3387241487e-09
-1.0151515152e+00 -5.0000000000e-01 0.0000000000e+00 3.1400750468e-09 -5.3071446923e-09
-9.8484848485e-01 -5.0000000000e-01 0.0000000000e+00 3.2173617791e-09 -5.2818666367e-09
-9.5454545455e-01 -5.0000000000e-01 0.0000000000e+00 3.2980091927e-09 -5.2630572864e-09
-9.2424242424e-01 -5.0000000000e-01 0.0000000000e+00 3.3821905237e-09 -5.2508898773e-09
-8.9393939394e-01 -5.0000000000e-01 0.0000000000e+00 3.4700839505e-09 -5.2455425879e-09
-8.6363636364e-01 -5.0000000000e-01 0.0000000000e+00 3.5618711759e-09 -5.2471971210e-09
-8.3333333333e-01 -5.0000000000e-01 0.0000000000e+00 3.6577354647e-09 -5.2560367413e-09
-8.0303030303e-01 -5.0000000000e-01 0.0000000000e+00 3.7578589955e-09 -5.2722436276e-09
-7.7272727273e-01 -5.0000000000e-01 0.0000000000e+00 3.8624193614e-09 -5.2959953728e-09
-7.4242424242e-01 -5.0000000000e-01 0.0000000000e+00 3.9715850176e-09 -5.3274604322e-09
-7.1212121212e-01 -5.0000000000e-01 0.0000000000e+00 4.0855094467e-09 -5.3667922883e-09
-6.8181818182e-01 -5.0000000000e-01 0.0000000000e+00 4.2043237791e-09 -5.4141220716e-09
-6.5151515152e-01 -5.0000000000e-01 0.0000000000e+00 4.3281275817e-09 -5.4695493490e-09
-6.2121212121e-01 -5.0000000000e-01 0.0000000000e+00 4.4569775169e-09 -5.5331307829e-09
-5.9090909091e-01 -5.0000000000e-01 0.0000000000e+00 4.5908735834e-09 -5.6048663720e-09
-5.6060606061e-01 -5.0000000000e-01 0.0000000000e+00 4.7297427001e-09 -5.6846830351e-09
-5.3030303030e-01 -5.0000000000e-01 0.0000000000e+00 4.8734194920e-09 -5.7724153972e-09
-5.0000000000e-01 -5.0000000000e-01 0.0000000000e+00 5.0216243155e-09 -5.8677838149e-09
-4.6969696970e-01 -5.0000000000e-01 0.0000000000e+00 5.1739388270e-09 -5.9703699444e-09
-4.3939393939e-01 -5.0000000000e-01 0.0000000000e+00 5.3297797737e-09 -6.0795905331e-09
-4.0909090909e-01 -5.0000000000e-01 0.0000000000e+00 5.4883721748e-09 -6.1946705999e-09
-3.7878787879e-01 -5.0000000000e-01 0.0000000000e+00 5.6487236298e-09 -6.3146177446e-09
-3.4848484848e-01 -5.0000000000e-01 0.0000000000e+00 5.8096020994e-09 -6.4381999277e-09
-3.1818181818e-01 -5.0000000000e-01 0.0000000000e+00 5.9695200506e-09 -6.5639296163e-09
-2.8787878788e-01 -5.0000000000e-01 0.0000000000e+00 6.1267282365e-09 -6.6900575635e-09
-2.5757575758e-01 -5.0000000000e-01 0.0000000000e+00 6.2792224798e-09 -6.8145795919e-09
-2.2727272727e-01 -5.0000000000e-01 0.0000000000e+00 6.4247665836e-09 -6.9352595047e-09
-1.9696969697e-01 -5.0000000000e-01 0.0000000000e+00 6.5609339136e-09 -7.0496706676e-09
-1.6666666667e-01 -5.0000000000e-01 0.0000000000e+00 6.6851693535e-09 -7.1552579642e-09
-1.3636363636e-01 -5.0000000000e-01 0.0000000000e+00 6.7948722885e-09 -7.2494207799e-09
-1.0606060606e-01 -5.0000000000e-01 0.0000000000e+00 6.8874999444e-09 -7.3296163403e-09
-7.5757575758e-02 -5.0000000000e-01 0.0000000000e+00 6.9606885296e-09 -7.3934808539e-09
-4.5454545455e-02 -5.0000000000e-01 0.0000000000e+00 7.0123868341e-09 -7.4389631107e-09
-1.5151515152e-02 -5.0000000000e-01 0.0000000000e+00 7.0409930691e-09 -7.4644613218e-09
1.5151515152e-02 -5.0000000000e-01 0.0000000000e+00 7.0454813180e-09 -7.4689495707e-09
4.5454545455e-02 -5.0000000000e-01 0.0000000000e+00 7.0255004529e-09 -7.4520767294e-09
7.5757575758e-02 -5.0000000000e-01 0.0000000000e+00 6.9814278843e-09 -7.4142202087e-09
1.0606060606e-01 -5.0000000000e-01 0.0000000000e+00 6.9143648188e-09 -7.3564812147e-09
1.3636363636e-01 -5.0000000000e-01 0.0000000000e+00 6.8260688420e-09 -7.2806173334e-09
1.6666666667e-01 -5.0000000000e-01 0.0000000000e+00 6.7188312607e-09 -7.1889198715e-09
1.9696969697e-01 -5.0000000000e-01 0.0000000000e+00 6.5953168169e-09 -7.0840535709e-09
2.2727272727e-01 -5.0000000000e-01 0.0000000000e+00 6.4583887914e-09 -6.9688817126e-09
2.5757575758e-01 -5.0000000000e-01 0.0000000000e+00 6.3109420005e-09 -6.8462991126e-09
2.8787878788e-01 -5.0000000000e-01 0.0000000000e+00 6.1557610004e-09 -6.7190903273e-09
3.1818181818e-01 -5.0000000000e-01 0.0000000000e+00 5.9954133939e-09 -6.5898229596e-09
3.4848484848e-01 -5.0000000000e-01 0.0000000000e+00 5.8321808260e-09 -6.4607786543e-09
3.7878787879e-01 -5.0000000000e-01 0.0000000000e+00 5.6680246106e-09 -6.3339187253e-09
4.0909090909e-01 -5.0000000000e-01 0.0000000000e+00 5.5045795413e-09 -6.2108779664e-09
4.3939393939e-01 -5.0000000000e-01 0.0000000000e+00 5.3431681745e-09 -6.0929789339e-09
4.6969696970e-01 -5.0000000000e-01 0.0000000000e+00 5.1848281796e-09 -5.9812592970e-09
5.0000000000e-01 -5.0000000000e-01 0.0000000000e+00 5.0303465678e-09 -5.8765060672e-09
5.3030303030e-01 -5.0000000000e-01 0.0000000000e+00 4.8802961614e-09 -5.7792920666e-09
5.6060606061e-01 -5.0000000000e-01 0.0000000000e+00 4.7350711632e-09 -5.6900114982e-09
5.9090909091e-01 -5.0000000000e-01 0.0000000000e+00 4.5949199356e-09 -5.6089127242e-09
6.2121212121e-01 -5.0000000000e-01 0.0000000000e+00 4.4599740320e-09 -5.5361272980e-09
6.5151515152e-01 -5.0000000000e-01 0.0000000000e+00 4.3302731668e-09 -5.4716949342e-09
6.8181818182e-01 -5.0000000000e-01 0.0000000000e+00 4.2057862112e-09 -5.4155845038e-09
7.1212121212e-01 -5.0000000000e-01 0.0000000000e+00 4.0864285311e-09 -5.3677113727e-09
7.4242424242e-01 -5.0000000000e-01 0.0000000000e+00 3.9720760911e-09 -5.3279515056e-09
7.7272727273e-01 -5.0000000000e-01 0.0000000000e+00 3.8625767791e-09 -5.2961527905e-09
8.0303030303e-01 -5.0000000000e-01 0.0000000000e+00 3.7577593919e-09 -5.2721440240e-09
8.3333333333e-01 -5.0000000000e-01 0.0000000000e+00 3.6574406842e-09 -5.2557419609e-09
8.6363636364e-01 -5.0000000000e-01 0.0000000000e+00 3.5614308335e-09 -5.2467567786e-09
8.9393939394e-01 -5.0000000000e-01 0.0000000000e+00 3.4695376249e-09 -5.2449962623e-09
9.2424242424e-01 -5.0000000000e-01 0.0000000000e+00 3.3815696083e-09 -5.2502689619e-09
9.5454545455e-01 -5.0000000000e-01 0.0000000000e+00 3.2973384389e-09 -5.2623865326e-09
9.8484848485e-01 -5.0000000000e-01 0.0000000000e+00 3.2166605726e-09 -5.2811654302e-09
1.0151515152e+00 -5.0000000000e-01 0.0000000000e+00 3.1393584556e-09 -5.3064281010e-09
1.0454545455e+00 -5.0000000000e-01 0.0000000000e+00 3.0652613213e-09 -5.3380037784e-09
1.0757575758e+00 -5.0000000000e-01 0.0000000000e+00 2.9942056825e-09 -5.3757289751e-09
1.1060606061e+00 -5.0000000000e-01 0.0000000000e+00 2.9260355928e-09 -5.4194477449e-09
1.1363636364e+00 -5.0000000000e-01 0.0000000000e+00 2.8606027319e-09 -5.4690117672e-09
1.1666666667e+00 -5.0000000000e-01 0.0000000000e+00 2.7977663595e-09 -5.5242803020e-09
1.1969696970e+00 -5.0000000000e-01 0.0000000000e+00 2.7373931744e-09 -5.5851200479e-09
1.2272727273e+00 -5.0000000000e-01 0.0000000000e+00 2.6793571037e-09 -5.6514049322e-09
1.2575757576e+00 -5.0000000000e-01 0.0000000000e+00 2.6235390459e-09 -5.7230158532e-09
1.2878787879e+00 -5.0000000000e-01 0.0000000000e+00 2.5698265816e-09 -5.7998403915e-09
1.3181818182e+00 -5.0000000000e-01 0.0000000000e+00 2.5181136662e-09 -5.8817725027e-09
1.3484848485e+00 -5.0000000000e-01 0.0000000000e+00 2.4683003140e-09 -5.9687122009e-09
1.3787878788e+00 -5.0000000000e-01 0.0000000000e+00 2.4202922793e-09 -6.0605652405e-09
1.4090909091e+00 -5.0000000000e-01 0.0000000000e+00 2.3740007415e-09 -6.1572428008e-09
1.4393939394e+00 -5.0000000000e-01 0.0000000000e+00 2.3293419970e-09 -6.2586611783e-09
1.4696969697e+00 -5.0000000000e-01 0.0000000000e+00 2.2862371612e-09 -6.3647414885e-09
1.5000000000e+00 -5.0000000000e-01 0.0000000000e+00 2.2446118821e-09 -6.4754093792e-09
-1.5000000000e+00 -4.6969696970e-01 0.0000000000e+00 2.2584442817e-09 -6.4395133968e-09
-1.4696969697e+00 -4.6969696970e-01 0.0000000000e+00 2.3008596373e-09 -6.3296355826e-09
-1.4393939394e+00 -4.6969696970e-01 0.0000000000e+00 2.3448135925e-09 -6.2244043919e-09
-1.4090909091e+00 -4.6969696970e-01 0.0000000000e+00 2.3903858695e-09 -6.1238995469e-09
-1.3787878788e+00 -4.6969696970e-01 0.0000000000e+00 2.4376612864e-09 -6.0282058656e-09
-1.3484848485e+00 -4.6969696970e-01 0.0000000000e+00 2.4867301090e-09 -5.9374136139e-09
-1.3181818182e+00 -4.6969696970e-01 0.0000000000e+00 2.5376884218e-09 -5.8516188763e-09
-1.2878787879e+00 -4.6969696970e-01 0.0000000000e+00 2.5906385167e-09 -5.7709239447e-09
-1.2575757576e+00 -4.6969696970e-01 0.0000000000e+00 2.6456892995e-09 -5.6954377248e-09
-1.2272727273e+00 -4.6969696970e-01 0.0000000000e+00 2.7029567089e-09 -5.6252761555e-09
-1.1969696970e+00 -4.6969696970e-01 0.0000000000e+00 2.7625641454e-09 -5.5605626370e-09
-1.1666666667e+00 -4.6969696970e-01 0.0000000000e+00 2.8246429030e-09 -5.5014284636e-09
-1.1363636364e+00 -4.6969696970e-01 0.0000000000e+00 2.8893325951e-09 -5.4480132485e-09
-1.1060606061e+00 -4.6969696970e-01 0.0000000000e+00 2.9567815630e-09 -5.4004653331e-09
-1.0757575758e+00 -4.6969696970e-01 0.0000000000e+00 3.0271472498e-09 -5.3589421605e-09
-1.0454545455e+00 -4.6969696970e-01 0.0000000000e+00 3.1005965199e-09 -5.3236105950e-09
-1.0151515152e+00 -4.6969696970e-01 0.0000000000e+00 3.1773058940e-09 -5.2946471574e-09
-9.8484848485e-01 -4.6969696970e-01 0.0000000000e+00 3.2574616639e-09 -5.2722381396e-09
-9.5454545455e-01 -4.6969696970e-01 0.0000000000e+00 3.3412598389e-09 -5.2565795506e-09
-9.2424242424e-01 -4.6969696970e-01 0.0000000000e+00 3.4289058606e-09 -5.2478768322e-09
-8.9393939394e-01 -4.6969696970e-01 0.0000000000e+00 3.5206140090e-09 -5.2463442644e-09
-8.6363636364e-01 -4.6969696970e-01 0.0000000000e+00 3.6166063973e-09 -5.2522039604e-09
-8.3333333333e-01 -4.6969696970e-01 0.0000000000e+00 3.7171114288e-09 -5.2656843235e-09
-8.0303030303e-01 -4.6969696970e-01 0.0000000000e+00 3.8223615572e-09 -5.2870178074e-09
-7.7272727273e-01 -4.6969696970e-01 0.0000000000e+00 3.9325901520e-09 -5.3164377814e-09
-7.4242424242e-01 -4.6969696970e-01 0.0000000000e+00 4.0480272282e-09 -5.3541742608e-09
-7.1212121212e-01 -4.6969696970e-01 0.0000000000e+00 4.1688937502e-09 -5.4004482098e-09
-6.8181818182e-01 -4.6969696970e-01 0.0000000000e+00 4.2953941632e-09 -5.4554640738e-09
-6.5151515152e-01 -4.6969696970e-01 0.0000000000e+00 4.4277067587e-09 -5.5194001441e-09
-6.2121212121e-01 -4.6969696970e-01 0.0000000000e+00 4.5659714309e-09 -5.5923963149e-09
-5.9090909091e-01 -4.6969696970e-01 0.0000000000e+00 4.7102743591e-09 -5.6745387656e-09
-5.6060606061e-01 -4.6969696970e-01 0.0000000000e+00 4.8606291620e-09 -5.7658411150e-09
-5.3030303030e-01 -4.6969696970e-01 0.0000000000e+00 5.0169541450e-09 -5.8662216683e-09
-5.0000000000e-01 -4.6969696970e-01 0.0000000000e+00 5.1790454257e-09 -5.9754765432e-09
-4.6969696970e-01 -4.6969696970e-01 0.0000000000e+00 5.3465460225e-09 -6.0932487580e-09
-4.3939393939e-01 -4.6969696970e-01 0.0000000000e+00 5.5189114461e-09 -6.2189938235e-09
-4.0909090909e-01 -4.6969696970e-01 0.0000000000e+00 5.6953729807e-09 -6.3519430239e-09
-3.7878787879e-01 -4.6969696970e-01 0.0000000000e+00 5.8749006574e-09 -6.4910663902e-09
-3.4848484848e-01 -4.6969696970e-01 0.0000000000e+00 6.0561688477e-09 -6.6350382940e-09
-3.1818181818e-01 -4.6969696970e-01 0.0000000000e+00 6.2375283154e-09 -6.7822094991e-09
-2.8787878788e-01 -4.6969696970e-01 0.0000000000e+00 6.4169892577e-09 -6.9305902027e-09
-2.5757575758e-01 -4.6969696970e-01 0.0000000000e+00 6.5922201568e-09 -7.0778488870e-09
-2.2727272727e-01 -4.6969696970e-01 0.0000000000e+00 6.7605670099e-09 -7.2213315491e-09
-1.9696969697e-01 -4.6969696970e-01 0.0000000000e+00 6.9190967545e-09 -7.3581051266e-09
-1.6666666667e-01 -4.6969696970e-01 0.0000000000e+00 7.0646676660e-09 -7.4850278948e-09
-1.3636363636e-01 -4.6969696970e-01 0.0000000000e+00 7.1940284191e-09 -7.5988485286e-09
-1.0606060606e-01 -4.6969696970e-01 0.0000000000e+00 7.3039463618e-09 -7.6963343758e-09
-7.5757575758e-02 -4.6969696970e-01 0.0000000000e+00 7.3913638080e-09 -7.7744277504e-09
-4.5454545455e-02 -4.6969696970e-01 0.0000000000e+00 7.4535777824e-09 -7.8304256770e-09
-1.5151515152e-02 -4.6969696970e-01 0.0000000000e+00 7.4884327372e-09 -7.8621726079e-09
1.5151515152e-02 -4.6969696970e-01 0.0000000000e+00 7.4945075304e-09 -7.8682474011e-09
4.5454545455e-02 -4.6969696970e-01 0.0000000000e+00 7.4712697735e-09 -7.8481176681e-09
7.5757575758e-02 -4.6969696970e-01 0.0000000000e+00 7.4191669473e-09 -7.8022308896e-09
1.0606060606e-01 -4.6969696970e-01 0.0000000000e+00 7.3396290241e-09 -7.7320170381e-09
1.3636363636e-01 -4.6969696970e-01 0.0000000000e+00 7.2349729435e-09 -7.6397930530e-09
1.6666666667e-01 -4.6969696970e-01 0.0000000000e+00 7.1082206638e-09 -7.5285808926e-09
1.9696969697e-01 -4.6969696970e-01 0.0000000000e+00 6.9628611721e-09 -7.4018695442e-09
2.2727272727e-01 -4.6969696970e-01 0.0000000000e+00 6.8025956112e-09 -7.2633601504e-09
2.5757575758e-01 -4.6969696970e-01 0.0000000000e+00 6.6311019255e-09 -7.1167306556e-09
2.8787878788e-01 -4.6969696970e-01 0.0000000000e+00 6.4518446515e-09 -6.9654455965e-09
3.1818181818e-01 -4.6969696970e-01 0.0000000000e+00 6.2679419749e-09 -6.8126231587e-09
3.4848484848e-01 -4.6969696970e-01 0.0000000000e+00 6.0820901956e-09 -6.6609596419e-09
3.7878787879e-01 -4.6969696970e-01 0.0000000000e+00 5.8965374946e-09 -6.5127032274e-09
4.0909090909e-01 -4.6969696970e-01 0.0000000000e+00 5.7130948366e-09 -6.3696648798e-09
4.3939393939e-01 -4.6969696970e-01 0.0000000000e+00 5.5331712517e-09 -6.2332536290e-09
4.6969696970e-01 -4.6969696970e-01 0.0000000000e+00 5.3578223920e-09 -6.1045251275e-09
5.0000000000e-01 -4.6969696970e-01 0.0000000000e+00 5.1878039131e-09 -5.9842350305e-09
5.3030303030e-01 -4.6969696970e-01 0.0000000000e+00 5.0236239699e-09 -5.8728914932e-09
5.6060606061e-01 -4.6969696970e-01 0.0000000000e+00 4.8655914485e-09 -5.7708034015e-09
5.9090909091e-01 -4.6969696970e-01 0.0000000000e+00 4.7138582817e-09 -5.6781226883e-09
6.2121212121e-01 -4.6969696970e-01 0.0000000000e+00 4.5684553616e-09 -5.5948802457e-09
6.5151515152e-01 -4.6969696970e-01 0.0000000000e+00 4.4293222598e-09 -5.5210156451e-09
6.8181818182e-01 -4.6969696970e-01 0.0000000000e+00 4.2963313402e-09 -5.4564012508e-09
7.1212121212e-01 -4.6969696970e-01 0.0000000000e+00 4.1693070065e-09 -5.4008614661e-09
7.4242424242e-01 -4.6969696970e-01 0.0000000000e+00 4.0480408465e-09 -5.3541878791e-09
7.7272727273e-01 -4.6969696970e-01 0.0000000000e+00 3.9323033964e-09 -5.3161510258e-09
8.0303030303e-01 -4.6969696970e-01 0.0000000000e+00 3.8218531594e-09 -5.2865094095e-09
8.3333333333e-01 -4.6969696970e-01 0.0000000000e+00 3.7164434282e-09 -5.2650163229e-09
8.6363636364e-01 -4.6969696970e-01 0.0000000000e+00 3.6158273661e-09 -5.2514249292e-09
8.9393939394e-01 -4.6969696970e-01 0.0000000000e+00 3.5197617210e-09 -5.2454919765e-09
9.2424242424e-01 -4.6969696970e-01 0.0000000000e+00 3.4280094764e-09 -5.2469804480e-09
9.5454545455e-01 -4.6969696970e-01 0.0000000000e+00 3.3403416797e-09 -5.2556613914e-09
9.8484848485e-01 -4.6969696970e-01 0.0000000000e+00 3.2565386425e-09 -5.2713151182e-09
1.0151515152e+00 -4.6969696970e-01 0.0000000000e+00 3.1763906626e-09 -5.2937319260e-09
1.0454545455e+00 -4.6969696970e-01 0.0000000000e+00 3.0996983877e-09 -5.3227124628e-09
1.0757575758e+00 -4.6969696970e-01 0.0000000000e+00 3.0262729133e-09 -5.3580678240e-09
1.1060606061e+00 -4.6969696970e-01 0.0000000000e+00 2.9559356861e-09 -5.3996194562e-09
1.1363636364e+00 -4.6969696970e-01 0.0000000000e+00 2.8885182685e-09 -5.4471989219e-09
1.1666666667e+00 -4.6969696970e-01 0.0000000000e+00 2.8238620073e-09 -5.5006475679e-09
1.1969696970e+00 -4.6969696970e-01 0.0000000000e+00 2.7618176374e-09 -5.5598161290e-09
1.2272727273e+00 -4.6969696970e-01 0.0000000000e+00 2.7022448465e-09 -5.6245642931e-09
1.2575757576e+00 -4.6969696970e-01 0.0000000000e+00 2.6450118189e-09 -5.6947602442e-09
1.2878787879e+00 -4.6969696970e-01 0.0000000000e+00 2.5899947702e-09 -5.7702801982e-09
1.3181818182e+00 -4.6969696970e-01 0.0000000000e+00 2.5370774859e-09 -5.8510079404e-09
1.3484848485e+00 -4.6969696970e-01 0.0000000000e+00 2.4861508685e-09 -5.9368343734e-09
1.3787878788e+00 -4.6969696970e-01 0.0000000000e+00 2.4371124985e-09 -6.0276570777e-09
1.4090909091e+00 -4.6969696970e-01 0.0000000000e+00 2.3898662144e-09 -6.1233798917e-09
1.4393939394e+00 -4.6969696970e-01 0.0000000000e+00 2.3443217109e-09 -6.2239125103e-09
1.4696969697e+00 -4.6969696970e-01 0.0000000000e+00 2.3003941595e-09 -6.3291701048e-09
1.5000000000e+00 -4.6969696970e-01 0.0000000000e+00 2.2580038488e-09 -6.4390729639e-09
-1.5000000000e+00 -4.3939393939e-01 0.0000000000e+00 2.2712560093e-09 -6.4057047663e-09
-1.4696969697e+00 -4.3939393939e-01 0.0000000000e+00 2.3144140498e-09 -6.2965696371e-09
-1.4393939394e+00 -4.3939393939e-01 0.0000000000e+00 2.3591677800e-09 -6.1921382213e-09
-1.4090909091e+00 -4.3939393939e-01 0.0000000000e+00 2.4056023568e-09 -6.0924956761e-09
-1.3787878788e+00 -4.3939393939e-01 0.0000000000e+00 2.4538086455e-09 -5.9977328666e-09
-1.3484848485e+00 -4.3939393939e-01 0.0000000000e+00 2.5038836485e-09 -5.9079467954e-09
-1.3181818182e+00 -4.3939393939e-01 0.0000000000e+00 2.5559309668e-09 -5.8232410632e-09
-1.2878787879e+00 -4.3939393939e-01 0.0000000000e+00 2.6100612904e-09 -5.7437263603e-09
-1.2575757576e+00 -4.3939393939e-01 0.0000000000e+00 2.6663929215e-09 -5.6695209888e-09
-1.2272727273e+00 -4.3939393939e-01 0.0000000000e+00 2.7250523270e-09 -5.6007514154e-09
-1.1969696970e+00 -4.3939393939e-01 0.0000000000e+00 2.7861747197e-09 -5.5375528532e-09
-1.1666666667e+00 -4.3939393939e-01 0.0000000000e+00 2.8499046643e-09 -5.4800698668e-09
-1.1363636364e+00 -4.3939393939e-01 0.0000000000e+00 2.9163967028e-09 -5.4284569981e-09
-1.1060606061e+00 -4.3939393939e-01 0.0000000000e+00 2.9858159897e-09 -5.3828794017e-09
-1.0757575758e+00 -4.3939393939e-01 0.0000000000e+00 3.0583389260e-09 -5.3435134786e-09
-1.0454545455e+00 -4.3939393939e-01 0.0000000000e+00 3.1341537726e-09 -5.3105474896e-09
-1.0151515152e+00 -4.3939393939e-01 0.0000000000e+00 3.2134612210e-09 -5.2841821263e-09
-9.8484848485e-01 -4.3939393939e-01 0.0000000000e+00 3.2964748854e-09 -5.2646310030e-09
-9.5454545455e-01 -4.3939393939e-01 0.0000000000e+00 3.3834216745e-09 -5.2521210281e-09
-9.2424242424e-01 -4.3939393939e-01 0.0000000000e+00 3.4745419802e-09 -5.2468925938e-09
-8.9393939394e-01 -4.3939393939e-01 0.0000000000e+00 3.5700896079e-09 -5.2491995053e-09
-8.6363636364e-01 -4.3939393939e-01 0.0000000000e+00 3.6703313419e-09 -5.2593085469e-09
-8.3333333333e-01 -4.3939393939e-01 0.0000000000e+00 3.7755460141e-09 -5.2774985507e-09
-8.0303030303e-01 -4.3939393939e-01 0.0000000000e+00 3.8860229009e-09 -5.3040587930e-09
-7.7272727273e-01 -4.3939393939e-01 0.0000000000e+00 4.0020592278e-09 -5.3392864991e-09
-7.4242424242e-01 -4.3939393939e-01 0.0000000000e+00 4.1239564993e-09 -5.3834831738e-09
-7.1212121212e-01 -4.3939393939e-01 0.0000000000e+00 4.2520153061e-09 -5.4369494077e-09
-6.8181818182e-01 -4.3939393939e-01 0.0000000000e+00 4.3865281741e-09 -5.4999777266e-09
-6.5151515152e-01 -4.3939393939e-01 0.0000000000e+00 4.5277699375e-09 -5.5728429647e-09
-6.2121212121e-01 -4.3939393939e-01 0.0000000000e+00 4.6759850223e-09 -5.6557895482e-09
-5.9090909091e-01 -4.3939393939e-01 0.0000000000e+00 4.8313709484e-09 -5.7490149969e-09
-5.6060606061e-01 -4.3939393939e-01 0.0000000000e+00 4.9940573066e-09 -5.8526489015e-09
-5.3030303030e-01 -4.3939393939e-01 0.0000000000e+00 5.1640794805e-09 -5.9667266457e-09
-5.0000000000e-01 -4.3939393939e-01 0.0000000000e+00 5.3413465018e-09 -6.0911572612e-09
-4.6969696970e-01 -4.3939393939e-01 0.0000000000e+00 5.5256027160e-09 -6.2256850934e-09
-4.3939393939e-01 -4.3939393939e-01 0.0000000000e+00 5.7163834578e-09 -6.3698454771e-09
-4.0909090909e-01 -4.3939393939e-01 0.0000000000e+00 5.9129657542e-09 -6.5229154393e-09
-3.7878787879e-01 -4.3939393939e-01 0.0000000000e+00 6.1143162106e-09 -6.6838615853e-09
-3.4848484848e-01 -4.3939393939e-01 0.0000000000e+00 6.3190396381e-09 -6.8512887263e-09
-3.1818181818e-01 -4.3939393939e-01 0.0000000000e+00 6.5253334670e-09 -7.0233942927e-09
-2.8787878788e-01 -4.3939393939e-01 0.0000000000e+00 6.7309542480e-09 -7.1979348349e-09
-2.5757575758e-01 -4.3939393939e-01 0.0000000000e+00 6.9332031734e-09 -7.3722115455e-09
-2.2727272727e-01 -4.3939393939e-01 0.0000000000e+00 7.1289372674e-09 -7.5430814485e-09
-1.9696969697e-01 -4.3939393939e-01 0.0000000000e+00 7.3146117242e-09 -7.7069997381e-09
-1.6666666667e-01 -4.3939393939e-01 0.0000000000e+00 7.4863573340e-09 -7.8600972047e-09
-1.3636363636e-01 -4.3939393939e-01 0.0000000000e+00 7.6400957957e-09 -7.9982955471e-09
-1.0606060606e-01 -4.3939393939e-01 0.0000000000e+00 7.7716953475e-09 -8.1174630033e-09
-7.5757575758e-02 -4.3939393939e-01 0.0000000000e+00 7.8771687140e-09 -8.2136122982e-09
-4.5454545455e-02 -4.3939393939e-01 0.0000000000e+00 7.9529125154e-09 -8.2831400519e-09
-1.5151515152e-02 -4.3939393939e-01 0.0000000000e+00 7.9959791058e-09 -8.3230986184e-09
1.5151515152e-02 -4.3939393939e-01 0.0000000000e+00 8.0043570681e-09 -8.3314765807e-09
4.5454545455e-02 -4.3939393939e-01 0.0000000000e+00 7.9772184701e-09 -8.3074460066e-09
7.5757575758e-02 -4.3939393939e-01 0.0000000000e+00 7.9150784060e-09 -8.2515219902e-09
1.0606060606e-01 -4.3939393939e-01 0.0000000000e+00 7.8198169659e-09 -8.1655846217e-09
1.3636363636e-01 -4.3939393939e-01 0.0000000000e+00 7.6945412636e-09 -8.0527410149e-09
1.6666666667e-01 -4.3939393939e-01 0.0000000000e+00 7.5433068676e-09 -7.9170467383e-09
1.9696969697e-01 -4.3939393939e-01 0.0000000000e+00 7.3707540048e-09 -7.7631420188e-09
2.2727272727e-01 -4.3939393939e-01 0.0000000000e+00 7.1817279188e-09 -7.5958720999e-09
2.5757575758e-01 -4.3939393939e-01 0.0000000000e+00 6.9809432880e-09 -7.4199516601e-09
2.8787878788e-01 -4.3939393939e-01 0.0000000000e+00 6.7727298311e-09 -7.2397104180e-09
3.1818181818e-01 -4.3939393939e-01 0.0000000000e+00 6.5608716913e-09 -7.0589325169e-09
3.4848484848e-01 -4.3939393939e-01 0.0000000000e+00 6.3485339669e-09 -6.8807830551e-09
3.7878787879e-01 -4.3939393939e-01 0.0000000000e+00 6.1382583514e-09 -6.7078037261e-09
4.0909090909e-01 -4.3939393939e-01 0.0000000000e+00 5.9320059027e-09 -6.5419555877e-09
4.3939393939e-01 -4.3939393939e-01 0.0000000000e+00 5.7312264646e-09 -6.3846884839e-09
4.6969696970e-01 -4.3939393939e-01 0.0000000000e+00 5.5369386883e-09 -6.2370210657e-09
5.0000000000e-01 -4.3939393939e-01 0.0000000000e+00 5.3498097532e-09 -6.0996205125e-09
5.3030303030e-01 -4.3939393939e-01 0.0000000000e+00 5.1702284196e-09 -5.9728755848e-09
5.6060606061e-01 -4.3939393939e-01 0.0000000000e+00 4.9983684234e-09 -5.8569600183e-09
5.9090909091e-01 -4.3939393939e-01 0.0000000000e+00 4.8342414257e-09 -5.7518854742e-09
6.2121212121e-01 -4.3939393939e-01 0.0000000000e+00 4.6777400107e-09 -5.6575445367e-09
6.5151515152e-01 -4.3939393939e-01 0.0000000000e+00 4.5286718436e-09 -5.5737448709e-09
6.8181818182e-01 -4.3939393939e-01 0.0000000000e+00 4.3867863272e-09 -5.5002358797e-09
7.1212121212e-01 -4.3939393939e-01 0.0000000000e+00 4.2517950817e-09 -5.4367291832e-09
7.4242424242e-01 -4.3939393939e-01 0.0000000000e+00 4.1233874505e-09 -5.3829141250e-09
7.7272727273e-01 -4.3939393939e-01 0.0000000000e+00 4.0012420677e-09 -5.3384693390e-09
8.0303030303e-01 -4.3939393939e-01 0.0000000000e+00 3.8850353449e-09 -5.3030712369e-09
8.3333333333e-01 -4.3939393939e-01 0.0000000000e+00 3.7744475780e-09 -5.2764001146e-09
8.6363636364e-01 -4.3939393939e-01 0.0000000000e+00 3.6691672302e-09 -5.2581444352e-09
8.9393939394e-01 -4.3939393939e-01 0.0000000000e+00 3.5688938308e-09 -5.2480037282e-09
9.2424242424e-01 -4.3939393939e-01 0.0000000000e+00 3.4733398339e-09 -5.2456904474e-09
9.5454545455e-01 -4.3939393939e-01 0.0000000000e+00 3.3822317016e-09 -5.2509310552e-09
9.8484848485e-01 -4.3939393939e-01 0.0000000000e+00 3.2953104184e-09 -5.2634665359e-09
1.0151515152e+00 -4.3939393939e-01 0.0000000000e+00 3.2123315911e-09 -5.2830524964e-09
1.0454545455e+00 -4.3939393939e-01 0.0000000000e+00 3.1330652550e-09 -5.3094589720e-09
1.0757575758e+00 -4.3939393939e-01 0.0000000000e+00 3.0572954754e-09 -5.3424700279e-09
1.1060606061e+00 -4.3939393939e-01 0.0000000000e+00 2.9848198125e-09 -5.3818832245e-09
1.1363636364e+00 -4.3939393939e-01 0.0000000000e+00 2.9154487000e-09 -5.4275089953e-09
1.1666666667e+00 -4.3939393939e-01 0.0000000000e+00 2.8490047743e-09 -5.4791699768e-09
1.1969696970e+00 -4.3939393939e-01 0.0000000000e+00 2.7853221819e-09 -5.5367003155e-09
1.2272727273e+00 -4.3939393939e-01 0.0000000000e+00 2.7242458849e-09 -5.5999449734e-09
1.2575757576e+00 -4.3939393939e-01 0.0000000000e+00 2.6656309774e-09 -5.6687590446e-09
1.2878787879e+00 -4.3939393939e-01 0.0000000000e+00 2.6093420234e-09 -5.7430070933e-09
1.3181818182e+00 -4.3939393939e-01 0.0000000000e+00 2.5552524220e-09 -5.8225625184e-09
1.3484848485e+00 -4.3939393939e-01 0.0000000000e+00 2.5032438042e-09 -5.9073069510e-09
1.3787878788e+00 -4.3939393939e-01 0.0000000000e+00 2.4532054624e-09 -5.9971296835e-09
1.4090909091e+00 -4.3939393939e-01 0.0000000000e+00 2.4050338148e-09 -6.0919271341e-09
1.4393939394e+00 -4.3939393939e-01 0.0000000000e+00 2.3586319038e-09 -6.1916023451e-09
1.4696969697e+00 -4.3939393939e-01 0.0000000000e+00 2.3139089278e-09 -6.2960645150e-09
1.5000000000e+00 -4.3939393939e-01 0.0000000000e+00 2.2707798053e-09 -6.4052285622e-09
-1.5000000000e+00 -4.0909090909e-01 0.0000000000e+00 2.2834142886e-09 -6.3743507114e-09
-1.4696969697e+00 -4.0909090909e-01 0.0000000000e+00 2.3272854701e-09 -6.2659287231e-09
-1.4393939394e+00 -4.0909090909e-01 0.0000000000e+00 2.3728080210e-09 -6.1622661281e-09
-1.4090909091e+00 -4.0909090909e-01 0.0000000000e+00 2.4200725076e-09 -6.0634534927e-09
-1.3787878788e+00 -4.0909090909e-01 0.0000000000e+00 2.4691758290e-09 -5.9695877159e-09
-1.3484848485e+00 -4.0909090909e-01 0.0000000000e+00 2.5202217298e-09 -5.8807725424e-09
-1.3181818182e+00 -4.0909090909e-01 0.0000000000e+00 2.5733213555e-09 -5.7971191177e-09
-1.2878787879e+00 -4.0909090909e-01 0.0000000000e+00 2.6285938537e-09 -5.7187465893e-09
-1.2575757576e+00 -4.0909090909e-01 0.0000000000e+00 2.6861670216e-09 -5.6457827546e-09
-1.2272727273e+00 -4.0909090909e-01 0.0000000000e+00 2.7461780043e-09 -5.5783647585e-09
-1.1969696970e+00 -4.0909090909e-01 0.0000000000e+00 2.8087740429e-09 -5.5166398422e-09
-1.1666666667e+00 -4.0909090909e-01 0.0000000000e+00 2.8741132724e-09 -5.4607661407e-09
-1.1363636364e+00 -4.0909090909e-01 0.0000000000e+00 2.9423655699e-09 -5.4109135310e-09
-1.1060606061e+00 -4.0909090909e-01 0.0000000000e+00 3.0137134457e-09 -5.3672645235e-09
-1.0757575758e+00 -4.0909090909e-01 0.0000000000e+00 3.0883529729e-09 -5.3300151913e-09
-1.0454545455e+00 -4.0909090909e-01 0.0000000000e+00 3.1664947423e-09 -5.2993761251e-09
-1.0151515152e+00 -4.0909090909e-01 0.0000000000e+00 3.2483648245e-09 -5.2755733956e-09
-9.8484848485e-01 -4.0909090909e-01 0.0000000000e+00 3.3342057138e-09 -5.2588494972e-09
-9.5454545455e-01 -4.0909090909e-01 0.0000000000e+00 3.4242772152e-09 -5.2494642346e-09
-9.2424242424e-01 -4.0909090909e-01 0.0000000000e+00 3.5188572223e-09 -5.2476955016e-09
-8.9393939394e-01 -4.0909090909e-01 0.0000000000e+00 3.6182423141e-09 -5.2538398772e-09
-8.6363636364e-01 -4.0909090909e-01 0.0000000000e+00 3.7227480702e-09 -5.2682129410e-09
-8.3333333333e-01 -4.0909090909e-01 0.0000000000e+00 3.8327089719e-09 -5.2911491742e-09
-8.0303030303e-01 -4.0909090909e-01 0.0000000000e+00 3.9484777094e-09 -5.3230012672e-09
-7.7272727273e-01 -4.0909090909e-01 0.0000000000e+00 4.0704236588e-09 -5.3641385960e-09
-7.4242424242e-01 -4.0909090909e-01 0.0000000000e+00 4.1989302176e-09 -5.4149445579e-09
-7.1212121212e-01 -4.0909090909e-01 0.0000000000e+00 4.3343905949e-09 -5.4758123622e-09
-6.8181818182e-01 -4.0909090909e-01 0.0000000000e+00 4.4772015408e-09 -5.5471387591e-09
-6.5151515152e-01 -4.0909090909e-01 0.0000000000e+00 4.6277543630e-09 -5.6293150561e-09
-6.2121212121e-01 -4.0909090909e-01 0.0000000000e+00 4.7864224272e-09 -5.7227146189e-09
-5.9090909091e-01 -4.0909090909e-01 0.0000000000e+00 4.9535441765e-09 -5.8276758908e-09
-5.6060606061e-01 -4.0909090909e-01 0.0000000000e+00 5.1294005568e-09 -5.9444798175e-09
-5.3030303030e-01 -4.0909090909e-01 0.0000000000e+00 5.3141856314e-09 -6.0733204623e-09
-5.0000000000e-01 -4.0909090909e-01 0.0000000000e+00 5.5079691802e-09 -6.2142676053e-09
-4.6969696970e-01 -4.0909090909e-01 0.0000000000e+00 5.7106502833e-09 -6.3672203264e-09
-4.3939393939e-01 -4.0909090909e-01 0.0000000000e+00 5.9219014103e-09 -6.5318510954e-09
-4.0909090909e-01 -4.0909090909e-01 0.0000000000e+00 6.1411035145e-09 -6.7075408653e-09
-3.7878787879e-01 -4.0909090909e-01 0.0000000000e+00 6.3672741529e-09 -6.8933071934e-09
-3.4848484848e-01 -4.0909090909e-01 0.0000000000e+00 6.5989927456e-09 -7.0877294996e-09
-3.1818181818e-01 -4.0909090909e-01 0.0000000000e+00 6.8343295204e-09 -7.2888780118e-09
-2.8787878788e-01 -4.0909090909e-01 0.0000000000e+00 7.0707869695e-09 -7.4942552222e-09
-2.5757575758e-01 -4.0909090909e-01 0.0000000000e+00 7.3052639876e-09 -7.7007600255e-09
-2.2727272727e-01 -4.0909090909e-01 0.0000000000e+00 7.5340525295e-09 -7.9046843763e-09
-1.9696969697e-01 -4.0909090909e-01 0.0000000000e+00 7.7528744727e-09 -8.1017501524e-09
-1.6666666667e-01 -4.0909090909e-01 0.0000000000e+00 7.9569634161e-09 -8.2871909526e-09
-1.3636363636e-01 -4.0909090909e-01 0.0000000000e+00 8.1411944428e-09 -8.4558818600e-09
-1.0606060606e-01 -4.0909090909e-01 0.0000000000e+00 8.3002661881e-09 -8.6025215098e-09
-7.5757575758e-02 -4.0909090909e-01 0.0000000000e+00 8.4289431220e-09 -8.7218743720e-09
-4.5454545455e-02 -4.0909090909e-01 0.0000000000e+00 8.5223670527e-09 -8.8090822550e-09
-1.5151515152e-02 -4.0909090909e-01 0.0000000000e+00 8.5764379957e-09 -8.8600451741e-09
1.5151515152e-02 -4.0909090909e-01 0.0000000000e+00 8.5882398072e-09 -8.8718469856e-09
4.5454545455e-02 -4.0909090909e-01 0.0000000000e+00 8.5564474546e-09 -8.8431626569e-09
7.5757575758e-02 -4.0909090909e-01 0.0000000000e+00 8.4816168968e-09 -8.7745481468e-09
1.0606060606e-01 -4.0909090909e-01 0.0000000000e+00 8.3662545713e-09 -8.6685098930e-09
1.3636363636e-01 -4.0909090909e-01 0.0000000000e+00 8.2146131152e-09 -8.5293005323e-09
1.6666666667e-01 -4.0909090909e-01 0.0000000000e+00 8.0322473824e-09 -8.3624749189e-09
1.9696969697e-01 -4.0909090909e-01 0.0000000000e+00 7.8254389362e-09 -8.1743146159e-09
2.2727272727e-01 -4.0909090909e-01 0.0000000000e+00 7.6006175732e-09 -7.9712494201e-09
2.5757575758e-01 -4.0909090909e-01 0.0000000000e+00 7.3638789975e-09 -7.7593750353e-09
2.8787878788e-01 -4.0909090909e-01 0.0000000000e+00 7.1206490750e-09 -7.5441173277e-09
3.1818181818e-01 -4.0909090909e-01 0.0000000000e+00 6.8755015241e-09 -7.3300500155e-09
3.4848484848e-01 -4.0909090909e-01 0.0000000000e+00 6.6321065604e-09 -7.1208433144e-09
3.7878787879e-01 -4.0909090909e-01 0.0000000000e+00 6.3932737731e-09 -6.9193068136e-09
4.0909090909e-01 -4.0909090909e-01 0.0000000000e+00 6.1610509129e-09 -6.7274882638e-09
4.3939393939e-01 -4.0909090909e-01 0.0000000000e+00 5.9368468329e-09 -6.5467965179e-09
4.6969696970e-01 -4.0909090909e-01 0.0000000000e+00 5.7215565782e-09 -6.3781266213e-09
5.0000000000e-01 -4.0909090909e-01 0.0000000000e+00 5.5156758645e-09 -6.2219742896e-09
5.3030303030e-01 -4.0909090909e-01 0.0000000000e+00 5.3193991598e-09 -6.0785339907e-09
5.6060606061e-01 -4.0909090909e-01 0.0000000000e+00 5.1327000479e-09 -5.9477793086e-09
5.9090909091e-01 -4.0909090909e-01 0.0000000000e+00 4.9553949981e-09 -5.8295267123e-09
6.2121212121e-01 -4.0909090909e-01 0.0000000000e+00 4.7871927504e-09 -5.7234849421e-09
6.5151515152e-01 -4.0909090909e-01 0.0000000000e+00 4.6277318171e-09 -5.6292925102e-09
6.8181818182e-01 -4.0909090909e-01 0.0000000000e+00 4.4766084707e-09 -5.5465456889e-09
7.1212121212e-01 -4.0909090909e-01 0.0000000000e+00 4.3333972879e-09 -5.4748190552e-09
7.4242424242e-01 -4.0909090909e-01 0.0000000000e+00 4.1976659634e-09 -5.4136803037e-09
7.7272727273e-01 -4.0909090909e-01 0.0000000000e+00 4.0689857706e-09 -5.3627007077e-09
8.0303030303e-01 -4.0909090909e-01 0.0000000000e+00 3.9469387532e-09 -5.3214623110e-09
8.3333333333e-01 -4.0909090909e-01 0.0000000000e+00 3.8311224844e-09 -5.2895626867e-09
8.6363636364e-01 -4.0909090909e-01 0.0000000000e+00 3.7211530380e-09 -5.2666179088e-09
8.9393939394e-01 -4.0909090909e-01 0.0000000000e+00 3.6166666566e-09 -5.2522642197e-09
9.2424242424e-01 -4.0909090909e-01 0.0000000000e+00 3.5173204844e-09 -5.2461587637e-09
9.5454545455e-01 -4.0909090909e-01 0.0000000000e+00 3.4227926398e-09 -5.2479796591e-09
9.8484848485e-01 -4.0909090909e-01 0.0000000000e+00 3.3327818308e-09 -5.2574256141e-09
1.0151515152e+00 -4.0909090909e-01 0.0000000000e+00 3.2470066654e-09 -5.2742152365e-09
1.0454545455e+00 -4.0909090909e-01 0.0000000000e+00 3.1652047653e-09 -5.2980861481e-09
1.0757575758e+00 -4.0909090909e-01 0.0000000000e+00 3.0871317663e-09 -5.3287939847e-09
1.1060606061e+00 -4.0909090909e-01 0.0000000000e+00 3.0125602596e-09 -5.3661113374e-09
1.1363636364e+00 -4.0909090909e-01 0.0000000000e+00 2.9412787181e-09 -5.4098266792e-09
1.1666666667e+00 -4.0909090909e-01 0.0000000000e+00 2.8730904339e-09 -5.4597433021e-09
1.1969696970e+00 -4.0909090909e-01 0.0000000000e+00 2.8078124870e-09 -5.5156782863e-09
1.2272727273e+00 -4.0909090909e-01 0.0000000000e+00 2.7452747583e-09 -5.5774615125e-09
1.2575757576e+00 -4.0909090909e-01 0.0000000000e+00 2.6853189932e-09 -5.6449347262e-09
1.2878787879e+00 -4.0909090909e-01 0.0000000000e+00 2.6277979206e-09 -5.7179506563e-09
1.3181818182e+00 -4.0909090909e-01 0.0000000000e+00 2.5725744295e-09 -5.7963721917e-09
1.3484848485e+00 -4.0909090909e-01 0.0000000000e+00 2.5195208009e-09 -5.8800716135e-09
1.3787878788e+00 -4.0909090909e-01 0.0000000000e+00 2.4685179966e-09 -5.9689298835e-09
1.4090909091e+00 -4.0909090909e-01 0.0000000000e+00 2.4194549994e-09 -6.0628359845e-09
1.4393939394e+00 -4.0909090909e-01 0.0000000000e+00 2.3722282048e-09 -6.1616863119e-09
1.4696969697e+00 -4.0909090909e-01 0.0000000000e+00 2.3267408593e-09 -6.2653841123e-09
1.5000000000e+00 -4.0909090909e-01 0.0000000000e+00 2.2829025438e-09 -6.3738389665e-09
-1.5000000000e+00 -3.7878787879e-01 0.0000000000e+00 2.2948823994e-09 -6.3454145118e-09
-1.4696969697e+00 -3.7878787879e-01 0.0000000000e+00 2.3394337350e-09 -6.2376726776e-09
-1.4393939394e+00 -3.7878787879e-01 0.0000000000e+00 2.3856903281e-09 -6.1347441249e-09
-1.4090909091e+00 -3.7878787879e-01 0.0000000000e+00 2.4337480802e-09 -6.0367247549e-09
-1.3787878788e+00 -3.7878787879e-01 0.0000000000e+00 2.4837098568e-09 -5.9437174333e-09
-1.3484848485e+00 -3.7878787879e-01 0.0000000000e+00 2.5356860872e-09 -5.8558325894e-09
-1.3181818182e+00 -3.7878787879e-01 0.0000000000e+00 2.5897954192e-09 -5.7731888711e-09
-1.2878787879e+00 -3.7878787879e-01 0.0000000000e+00 2.6461654357e-09 -5.6959138610e-09
-1.2575757576e+00 -3.7878787879e-01 0.0000000000e+00 2.7049334360e-09 -5.6241448587e-09
-1.2272727273e+00 -3.7878787879e-01 0.0000000000e+00 2.7662472885e-09 -5.5580297324e-09
-1.1969696970e+00 -3.7878787879e-01 0.0000000000e+00 2.8302663585e-09 -5.4977278474e-09
-1.1666666667e+00 -3.7878787879e-01 0.0000000000e+00 2.8971625155e-09 -5.4434110734e-09
-1.1363636364e+00 -3.7878787879e-01 0.0000000000e+00 2.9671212243e-09 -5.3952648750e-09
-1.1060606061e+00 -3.7878787879e-01 0.0000000000e+00 3.0403427193e-09 -5.3534894868e-09
-1.0757575758e+00 -3.7878787879e-01 0.0000000000e+00 3.1170432652e-09 -5.3183011732e-09
-1.0454545455e+00 -3.7878787879e-01 0.0000000000e+00 3.1974564960e-09 -5.2899335685e-09
-1.0151515152e+00 -3.7878787879e-01 0.0000000000e+00 3.2818348279e-09 -5.2686390887e-09
-9.8484848485e-01 -3.7878787879e-01 0.0000000000e+00 3.3704509254e-09 -5.2546903984e-09
-9.5454545455e-01 -3.7878787879e-01 0.0000000000e+00 3.4635991989e-09 -5.2483819079e-09
-9.2424242424e-01 -3.7878787879e-01 0.0000000000e+00 3.5615972901e-09 -5.2500312590e-09
-8.9393939394e-01 -3.7878787879e-01 0.0000000000e+00 3.6647874882e-09 -5.2599807410e-09
-8.6363636364e-01 -3.7878787879e-01 0.0000000000e+00 3.7735379892e-09 -5.2785985496e-09
-8.3333333333e-01 -3.7878787879e-01 0.0000000000e+00 3.8882438763e-09 -5.3062797683e-09
-8.0303030303e-01 -3.7878787879e-01 0.0000000000e+00 4.0093276503e-09 -5.3434468978e-09
-7.7272727273e-01 -3.7878787879e-01 0.0000000000e+00 4.1372390731e-09 -5.3905496998e-09
-7.4242424242e-01 -3.7878787879e-01 0.0000000000e+00 4.2724539985e-09 -5.4480640284e-09
-7.1212121212e-01 -3.7878787879e-01 0.0000000000e+00 4.4154717555e-09 -5.5164892125e-09
-6.8181818182e-01 -3.7878787879e-01 0.0000000000e+00 4.5668104952e-09 -5.5963434031e-09
-6.5151515152e-01 -3.7878787879e-01 0.0000000000e+00 4.7269997326e-09 -5.6881561153e-09
-6.2121212121e-01 -3.7878787879e-01 0.0000000000e+00 4.8965690832e-09 -5.7924569645e-09
-5.9090909091e-01 -3.7878787879e-01 0.0000000000e+00 5.0760319287e-09 -5.9097593326e-09
-5.6060606061e-01 -3.7878787879e-01 0.0000000000e+00 5.2658624528e-09 -6.0405374031e-09
-5.3030303030e-01 -3.7878787879e-01 0.0000000000e+00 5.4664642055e-09 -6.1851947261e-09
-5.0000000000e-01 -3.7878787879e-01 0.0000000000e+00 5.6781281507e-09 -6.3440222655e-09
-4.6969696970e-01 -3.7878787879e-01 0.0000000000e+00 5.9009781492e-09 -6.5171438820e-09
-4.3939393939e-01 -3.7878787879e-01 0.0000000000e+00 6.1349022082e-09 -6.7044475829e-09
-4.0909090909e-01 -3.7878787879e-01 0.0000000000e+00 6.3794688456e-09 -6.9055018861e-09
-3.7878787879e-01 -3.7878787879e-01 0.0000000000e+00 6.6338298425e-09 -7.1194585727e-09
-3.4848484848e-01 -3.7878787879e-01 0.0000000000e+00 6.8966136682e-09 -7.3449461119e-09
-3.1818181818e-01 -3.7878787879e-01 0.0000000000e+00 7.1658178368e-09 -7.5799620179e-09
-2.8787878788e-01 -3.7878787879e-01 0.0000000000e+00 7.4387126538e-09 -7.8217765962e-09
-2.5757575758e-01 -3.7878787879e-01 0.0000000000e+00 7.7117717688e-09 -8.0668634963e-09
-2.2727272727e-01 -3.7878787879e-01 0.0000000000e+00 7.9806448133e-09 -8.3108723498e-09
-1.9696969697e-01 -3.7878787879e-01 0.0000000000e+00 8.2401831639e-09 -8.5486545333e-09
-1.6666666667e-01 -3.7878787879e-01 0.0000000000e+00 8.4845230958e-09 -8.7743463220e-09
-1.3636363636e-01 -3.7878787879e-01 0.0000000000e+00 8.7072261575e-09 -8.9815092642e-09
-1.0606060606e-01 -3.7878787879e-01 0.0000000000e+00 8.9014802995e-09 -9.1633313108e-09
-7.5757575758e-02 -3.7878787879e-01 0.0000000000e+00 9.0603782950e-09 -9.3129052347e-09
-4.5454545455e-02 -3.7878787879e-01 0.0000000000e+00 9.1773038271e-09 -9.4236147190e-09
-1.5151515152e-02 -3.7878787879e-01 0.0000000000e+00 9.2464531798e-09 -9.4896560479e-09
1.5151515152e-02 -3.7878787879e-01 0.0000000000e+00 9.2634839175e-09 -9.5066867856e-09
4.5454545455e-02 -3.7878787879e-01 0.0000000000e+00 9.2262045972e-09 -9.4725154891e-09
7.5757575758e-02 -3.7878787879e-01 0.0000000000e+00 9.1351243651e-09 -9.3876513048e-09
1.0606060606e-01 -3.7878787879e-01 0.0000000000e+00 8.9936385120e-09 -9.2554895233e-09
1.3636363636e-01 -3.7878787879e-01 0.0000000000e+00 8.8077154026e-09 -9.0819985093e-09
1.6666666667e-01 -3.7878787879e-01 0.0000000000e+00 8.5851505562e-09 -8.8749737823e-09
1.9696969697e-01 -3.7878787879e-01 0.0000000000e+00 8.3346188235e-09 -8.6430901929e-09
2.2727272727e-01 -3.7878787879e-01 0.0000000000e+00 8.0647742830e-09 -8.3950018195e-09
2.5757575758e-01 -3.7878787879e-01 0.0000000000e+00 7.7835575014e-09 -8.1386492288e-09
2.8787878788e-01 -3.7878787879e-01 0.0000000000e+00 7.4977667061e-09 -7.8808306484e-09
3.1818181818e-01 -3.7878787879e-01 0.0000000000e+00 7.2128776096e-09 -7.6270217906e-09
3.4848484848e-01 -3.7878787879e-01 0.0000000000e+00 6.9330561827e-09 -7.3813886264e-09
3.7878787879e-01 -3.7878787879e-01 0.0000000000e+00 6.6612938886e-09 -7.1469226188e-09
4.0909090909e-01 -3.7878787879e-01 0.0000000000e+00 6.3996007068e-09 -6.9256337473e-09
4.3939393939e-01 -3.7878787879e-01 0.0000000000e+00 6.1492088387e-09 -6.7187542135e-09
4.6969696970e-01 -3.7878787879e-01 0.0000000000e+00 5.9107595037e-09 -6.5269252365e-09
5.0000000000e-01 -3.7878787879e-01 0.0000000000e+00 5.6844606553e-09 -6.3503547701e-09
5.3030303030e-01 -3.7878787879e-01 0.0000000000e+00 5.4702131995e-09 -6.1889437201e-09
5.6060606061e-01 -3.7878787879e-01 0.0000000000e+00 5.2677083259e-09 -6.0423832762e-09
5.9090909091e-01 -3.7878787879e-01 0.0000000000e+00 5.0765005425e-09 -5.9102279464e-09
6.2121212121e-01 -3.7878787879e-01 0.0000000000e+00 4.8960612929e-09 -5.7919491743e-09
6.5151515152e-01 -3.7878787879e-01 0.0000000000e+00 4.7258175610e-09 -5.6869739437e-09
6.8181818182e-01 -3.7878787879e-01 0.0000000000e+00 4.5651791280e-09 -5.5947120359e-09
7.1212121212e-01 -3.7878787879e-01 0.0000000000e+00 4.4135573938e-09 -5.5145748508e-09
7.4242424242e-01 -3.7878787879e-01 0.0000000000e+00 4.2703780067e-09 -5.4459880367e-09
7.7272727273e-01 -3.7878787879e-01 0.0000000000e+00 4.1350890038e-09 -5.3883996305e-09
8.0303030303e-01 -3.7878787879e-01 0.0000000000e+00 4.0071657307e-09 -5.3412849781e-09
8.3333333333e-01 -3.7878787879e-01 0.0000000000e+00 3.8861134817e-09 -5.3041493737e-09
8.6363636364e-01 -3.7878787879e-01 0.0000000000e+00 3.7714685481e-09 -5.2765291085e-09
8.9393939394e-01 -3.7878787879e-01 0.0000000000e+00 3.6627981775e-09 -5.2579914303e-09
9.2424242424e-01 -3.7878787879e-01 0.0000000000e+00 3.5596998082e-09 -5.2481337772e-09
9.5454545455e-01 -3.7878787879e-01 0.0000000000e+00 3.4617998381e-09 -5.2465825472e-09
9.8484848485e-01 -3.7878787879e-01 0.0000000000e+00 3.3687521157e-09 -5.2529915886e-09
1.0151515152e+00 -3.7878787879e-01 0.0000000000e+00 3.2802362819e-09 -5.2670405427e-09
1.0454545455e+00 -3.7878787879e-01 0.0000000000e+00 3.1959560563e-09 -5.2884331287e-09
1.0757575758e+00 -3.7878787879e-01 0.0000000000e+00 3.1156375263e-09 -5.3168954343e-09
1.1060606061e+00 -3.7878787879e-01 0.0000000000e+00 3.0390274840e-09 -5.3521742515e-09
1.1363636364e+00 -3.7878787879e-01 0.0000000000e+00 2.9658918338e-09 -5.3940354846e-09
1.1666666667e+00 -3.7878787879e-01 0.0000000000e+00 2.8960140875e-09 -5.4422626454e-09
1.1969696970e+00 -3.7878787879e-01 0.0000000000e+00 2.8291939555e-09 -5.4966554444e-09
1.2272727273e+00 -3.7878787879e-01 0.0000000000e+00 2.7652460358e-09 -5.5570284796e-09
1.2575757576e+00 -3.7878787879e-01 0.0000000000e+00 2.7039986012e-09 -5.6232100238e-09
1.2878787879e+00 -3.7878787879e-01 0.0000000000e+00 2.6452924809e-09 -5.6950409063e-09
1.3181818182e+00 -3.7878787879e-01 0.0000000000e+00 2.5889800332e-09 -5.7723734851e-09
1.3484848485e+00 -3.7878787879e-01 0.0000000000e+00 2.5349242024e-09 -5.8550707046e-09
1.3787878788e+00 -3.7878787879e-01 0.0000000000e+00 2.4829976563e-09 -5.9430052329e-09
1.4090909091e+00 -3.7878787879e-01 0.0000000000e+00 2.4330819972e-09 -6.0360586719e-09
1.4393939394e+00 -3.7878787879e-01 0.0000000000e+00 2.3850670402e-09 -6.1341208369e-09
1.4696969697e+00 -3.7878787879e-01 0.0000000000e+00 2.3388501551e-09 -6.2370890978e-09
1.5000000000e+00 -3.7878787879e-01 0.0000000000e+00 2.2943356650e-09 -6.3448677774e-09
-1.5000000000e+00 -3.4848484848e-01 0.0000000000e+00 2.3056246816e-09 -6.3188605076e-09
-1.4696969697e+00 -3.4848484848e-01 0.0000000000e+00 2.3508197698e-09 -6.2117624259e-09
-1.4393939394e+00 -3.4848484848e-01 0.0000000000e+00 2.3977718228e-09 -6.1095293331e-09
-1.4090909091e+00 -3.4848484848e-01 0.0000000000e+00 2.4465819522e-09 -6.0122623404e-09
-1.3787878788e+00 -3.4848484848e-01 0.0000000000e+00 2.4973588644e-09 -5.9200701545e-09
-1.3484848485e+00 -3.4848484848e-01 0.0000000000e+00 2.5502195490e-09 -5.8330697648e-09
-1.3181818182e+00 -3.4848484848e-01 0.0000000000e+00 2.6052900369e-09 -5.7513872022e-09
-1.2878787879e+00 -3.4848484848e-01 0.0000000000e+00 2.6627062361e-09 -5.6751583750e-09
-1.2575757576e+00 -3.4848484848e-01 0.0000000000e+00 2.7226148532e-09 -5.6045299894e-09
-1.2272727273e+00 -3.4848484848e-01 0.0000000000e+00 2.7851744082e-09 -5.5396605656e-09
-1.1969696970e+00 -3.4848484848e-01 0.0000000000e+00 2.8505563526e-09 -5.4807215551e-09
-1.1666666667e+00 -3.4848484848e-01 0.0000000000e+00 2.9189463000e-09 -5.4278985715e-09
-1.1363636364e+00 -3.4848484848e-01 0.0000000000e+00 2.9905453776e-09 -5.3813927418e-09
-1.1060606061e+00 -3.4848484848e-01 0.0000000000e+00 3.0655717087e-09 -5.3414221897e-09
-1.0757575758e+00 -3.4848484848e-01 0.0000000000e+00 3.1442620342e-09 -5.3082236558e-09
-1.0454545455e+00 -3.4848484848e-01 0.0000000000e+00 3.2268734788e-09 -5.2820542648e-09
-1.0151515152e+00 -3.4848484848e-01 0.0000000000e+00 3.3136854654e-09 -5.2631934397e-09
-9.8484848485e-01 -3.4848484848e-01 0.0000000000e+00 3.4050017759e-09 -5.2519449624e-09
-9.5454545455e-01 -3.4848484848e-01 0.0000000000e+00 3.5011527492e-09 -5.2486391717e-09
-9.2424242424e-01 -3.4848484848e-01 0.0000000000e+00 3.6024975942e-09 -5.2536352767e-09
-8.9393939394e-01 -3.4848484848e-01 0.0000000000e+00 3.7094267812e-09 -5.2673237476e-09
-8.6363636364e-01 -3.4848484848e-01 0.0000000000e+00 3.8223644484e-09 -5.2901287224e-09
-8.3333333333e-01 -3.4848484848e-01 0.0000000000e+00 3.9417707265e-09 -5.3225103320e-09
-8.0303030303e-01 -3.4848484848e-01 0.0000000000e+00 4.0681438365e-09 -5.3649667975e-09
-7.7272727273e-01 -3.4848484848e-01 0.0000000000e+00 4.2020217439e-09 -5.4180360842e-09
-7.4242424242e-01 -3.4848484848e-01 0.0000000000e+00 4.3439830598e-09 -5.4822968033e-09
-7.1212121212e-01 -3.4848484848e-01 0.0000000000e+00 4.4946467484e-09 -5.5583679189e-09
-6.8181818182e-01 -3.4848484848e-01 0.0000000000e+00 4.6546700199e-09 -5.6469066413e-09
-6.5151515152e-01 -3.4848484848e-01 0.0000000000e+00 4.8247435538e-09 -5.7486036501e-09
-6.2121212121e-01 -3.4848484848e-01 0.0000000000e+00 5.0055828852e-09 -5.8641744801e-09
-5.9090909091e-01 -3.4848484848e-01 0.0000000000e+00 5.1979143899e-09 -5.9943455073e-09
-5.6060606061e-01 -3.4848484848e-01 0.0000000000e+00 5.4024538279e-09 -6.1398324918e-09
-5.3030303030e-01 -3.4848484848e-01 0.0000000000e+00 5.6198748507e-09 -6.3013090849e-09
-5.0000000000e-01 -3.4848484848e-01 0.0000000000e+00 5.8507643299e-09 -6.4793621582e-09
-4.6969696970e-01 -3.4848484848e-01 0.0000000000e+00 6.0955609419e-09 -6.6744303882e-09
-4.3939393939e-01 -3.4848484848e-01 0.0000000000e+00 6.3544734098e-09 -6.8867224981e-09
-4.0909090909e-01 -3.4848484848e-01 0.0000000000e+00 6.6273755687e-09 -7.1161123228e-09
-3.7878787879e-01 -3.4848484848e-01 0.0000000000e+00 6.9136775475e-09 -7.3620099912e-09
-3.4848484848e-01 -3.4848484848e-01 0.0000000000e+00 7.2121764586e-09 -7.6232126158e-09
-3.1818181818e-01 -3.4848484848e-01 0.0000000000e+00 7.5208963104e-09 -7.8977442050e-09
-2.8787878788e-01 -3.4848484848e-01 0.0000000000e+00 7.8369346663e-09 -8.1827023221e-09
-2.5757575758e-01 -3.4848484848e-01 0.0000000000e+00 8.1563403334e-09 -8.4741357744e-09
-2.2727272727e-01 -3.4848484848e-01 0.0000000000e+00 8.4740477533e-09 -8.7669790033e-09
-1.9696969697e-01 -3.4848484848e-01 0.0000000000e+00 8.7838858308e-09 -9.0550609138e-09
-1.6666666667e-01 -3.4848484848e-01 0.0000000000e+00 9.0786627427e-09 -9.3311896824e-09
-1.3636363636e-01 -3.4848484848e-01 0.0000000000e+00 9.3503140665e-09 -9.5873008868e-09
-1.0606060606e-01 -3.4848484848e-01 0.0000000000e+00 9.5901059040e-09 -9.8146606288e-09
-7.5757575758e-02 -3.4848484848e-01 0.0000000000e+00 9.7889169327e-09 -1.0004147586e-08
-4.5454545455e-02 -3.4848484848e-01 0.0000000000e+00 9.9376700932e-09 -1.0146684699e-08
-1.5151515152e-02 -3.4848484848e-01 0.0000000000e+00 1.0028009204e-08 -1.0233915785e-08
1.5151515152e-02 -3.4848484848e-01 0.0000000000e+00 1.0053276135e-08 -1.0259182717e-08
4.5454545455e-02 -3.4848484848e-01 0.0000000000e+00 1.0009706079e-08 -1.0218720684e-08
7.5757575758e-02 -3.4848484848e-01 0.0000000000e+00 9.8975214706e-09 -1.0112752124e-08
1.0606060606e-01 -3.4848484848e-01 0.0000000000e+00 9.7214114440e-09 -9.9459661688e-09
1.3636363636e-01 -3.4848484848e-01 0.0000000000e+00 9.4900267393e-09 -9.7270135596e-09
1.6666666667e-01 -3.4848484848e-01 0.0000000000e+00 9.2146334911e-09 -9.4671604308e-09
1.9696969697e-01 -3.4848484848e-01 0.0000000000e+00 8.9074784545e-09 -9.1786535374e-09
2.2727272727e-01 -3.4848484848e-01 0.0000000000e+00 8.5803710817e-09 -8.8733023317e-09
2.5757575758e-01 -3.4848484848e-01 0.0000000000e+00 8.2437081324e-09 -8.5615035734e-09
2.8787878788e-01 -3.4848484848e-01 0.0000000000e+00 7.9059634294e-09 -8.2517310853e-09
3.1818181818e-01 -3.4848484848e-01 0.0000000000e+00 7.5735715527e-09 -7.9504194473e-09
3.4848484848e-01 -3.4848484848e-01 0.0000000000e+00 7.2510873662e-09 -7.6621235234e-09
3.7878787879e-01 -3.4848484848e-01 0.0000000000e+00 6.9414914815e-09 -7.3898239252e-09
4.0909090909e-01 -3.4848484848e-01 0.0000000000e+00 6.6465355979e-09 -7.1352723519e-09
4.3939393939e-01 -3.4848484848e-01 0.0000000000e+00 6.3670624451e-09 -6.8993115334e-09
4.6969696970e-01 -3.4848484848e-01 0.0000000000e+00 6.1032716638e-09 -6.6821411102e-09
5.0000000000e-01 -3.4848484848e-01 0.0000000000e+00 5.8549264438e-09 -6.4835242721e-09
5.3030303030e-01 -3.4848484848e-01 0.0000000000e+00 5.6215071864e-09 -6.3029414206e-09
5.6060606061e-01 -3.4848484848e-01 0.0000000000e+00 5.4023222565e-09 -6.1397009204e-09
5.9090909091e-01 -3.4848484848e-01 0.0000000000e+00 5.1965858691e-09 -5.9930169865e-09
6.2121212121e-01 -3.4848484848e-01 0.0000000000e+00 5.0034716496e-09 -5.8620632445e-09
6.5151515152e-01 -3.4848484848e-01 0.0000000000e+00 4.8221485889e-09 -5.7460086851e-09
6.8181818182e-01 -3.4848484848e-01 0.0000000000e+00 4.6518044582e-09 -5.6440410796e-09
7.1212121212e-01 -3.4848484848e-01 0.0000000000e+00 4.4916604124e-09 -5.5553815829e-09
7.4242424242e-01 -3.4848484848e-01 0.0000000000e+00 4.3409794735e-09 -5.4792932170e-09
7.7272727273e-01 -3.4848484848e-01 0.0000000000e+00 4.1990708263e-09 -5.4150851666e-09
8.0303030303e-01 -3.4848484848e-01 0.0000000000e+00 4.0652912928e-09 -5.3621142538e-09
8.3333333333e-01 -3.4848484848e-01 0.0000000000e+00 3.9390449512e-09 -5.3197845567e-09
8.6363636364e-01 -3.4848484848e-01 0.0000000000e+00 3.8197815742e-09 -5.2875458481e-09
8.9393939394e-01 -3.4848484848e-01 0.0000000000e+00 3.7069943549e-09 -5.2648913212e-09
9.2424242424e-01 -3.4848484848e-01 0.0000000000e+00 3.6002172415e-09 -5.2513549240e-09
9.5454545455e-01 -3.4848484848e-01 0.0000000000e+00 3.4990220981e-09 -5.2465085206e-09
9.8484848485e-01 -3.4848484848e-01 0.0000000000e+00 3.4030158379e-09 -5.2499590244e-09
1.0151515152e+00 -3.4848484848e-01 0.0000000000e+00 3.3118376210e-09 -5.2613455953e-09
1.0454545455e+00 -3.4848484848e-01 0.0000000000e+00 3.2251561751e-09 -5.2803369611e-09
1.0757575758e+00 -3.4848484848e-01 0.0000000000e+00 3.1426672733e-09 -5.3066288948e-09
1.1060606061e+00 -3.4848484848e-01 0.0000000000e+00 3.0640913850e-09 -5.3399418659e-09
1.1363636364e+00 -3.4848484848e-01 0.0000000000e+00 2.9891715055e-09 -5.3800188697e-09
1.1666666667e+00 -3.4848484848e-01 0.0000000000e+00 2.9176711633e-09 -5.4266234348e-09
1.1969696970e+00 -3.4848484848e-01 0.0000000000e+00 2.8493725978e-09 -5.4795378003e-09
1.2272727273e+00 -3.4848484848e-01 0.0000000000e+00 2.7840750978e-09 -5.5385612552e-09
1.2575757576e+00 -3.4848484848e-01 0.0000000000e+00 2.7215934915e-09 -5.6035086277e-09
1.2878787879e+00 -3.4848484848e-01 0.0000000000e+00 2.6617567754e-09 -5.6742089142e-09
1.3181818182e+00 -3.4848484848e-01 0.0000000000e+00 2.6044068708e-09 -5.7505040362e-09
1.3484848485e+00 -3.4848484848e-01 0.0000000000e+00 2.5493974975e-09 -5.8322477133e-09
1.3787878788e+00 -3.4848484848e-01 0.0000000000e+00 2.4965931530e-09 -5.9193044431e-09
1.4090909091e+00 -3.4848484848e-01 0.0000000000e+00 2.4458681882e-09 -6.0115485764e-09
1.4393939394e+00 -3.4848484848e-01 0.0000000000e+00 2.3971059703e-09 -6.1088634806e-09
1.4696969697e+00 -3.4848484848e-01 0.0000000000e+00 2.3501981244e-09 -6.2111407806e-09
1.5000000000e+00 -3.4848484848e-01 0.0000000000e+00 2.3050438452e-09 -6.3182796711e-09
-1.5000000000e+00 -3.1818181818e-01 0.0000000000e+00 2.3156068127e-09 -6.2946543760e-09
-1.4696969697e+00 -3.1818181818e-01 0.0000000000e+00 2.3614059007e-09 -6.1881602943e-09
-1.4393939394e+00 -3.1818181818e-01 0.0000000000e+00 2.4090110885e-09 -6.0865803362e-09
-1.4090909091e+00 -3.1818181818e-01 0.0000000000e+00 2.4585285198e-09 -5.9900206454e-09
-1.3787878788e+00 -3.1818181818e-01 0.0000000000e+00 2.5100725551e-09 -5.8985955825e-09
-1.3484848485e+00 -3.1818181818e-01 0.0000000000e+00 2.5637665495e-09 -5.8124285027e-09
-1.3181818182e+00 -3.1818181818e-01 0.0000000000e+00 2.6197437163e-09 -5.7316526190e-09
-1.2878787879e+00 -3.1818181818e-01 0.0000000000e+00 2.6781480844e-09 -5.6564119606e-09
-1.2575757576e+00 -3.1818181818e-01 0.0000000000e+00 2.7391355634e-09 -5.5868624370e-09
-1.2272727273e+00 -3.1818181818e-01 0.0000000000e+00 2.8028751264e-09 -5.5231730212e-09
-1.1969696970e+00 -3.1818181818e-01 0.0000000000e+00 2.8695501259e-09 -5.4655270658e-09
-1.1666666667e+00 -3.1818181818e-01 0.0000000000e+00 2.9393597573e-09 -5.4141237661e-09
-1.1363636364e+00 -3.1818181818e-01 0.0000000000e+00 3.0125206860e-09 -5.3691797876e-09
-1.1060606061e+00 -3.1818181818e-01 0.0000000000e+00 3.0892688564e-09 -5.3309310748e-09
-1.0757575758e+00 -3.1818181818e-01 0.0000000000e+00 3.1698615010e-09 -5.2996348599e-09
-1.0454545455e+00 -3.1818181818e-01 0.0000000000e+00 3.2545793674e-09 -5.2755718908e-09
-1.0151515152e+00 -3.1818181818e-01 0.0000000000e+00 3.3437291831e-09 -5.2590488948e-09
-9.8484848485e-01 -3.1818181818e-01 0.0000000000e+00 3.4376463724e-09 -5.2504012963e-09
-9.5454545455e-01 -3.1818181818e-01 0.0000000000e+00 3.5366980401e-09 -5.2499962000e-09
-9.2424242424e-01 -3.1818181818e-01 0.0000000000e+00 3.6412862249e-09 -5.2582356448e-09
-8.9393939394e-01 -3.1818181818e-01 0.0000000000e+00 3.7518514171e-09 -5.2755601208e-09
-8.6363636364e-01 -3.1818181818e-01 0.0000000000e+00 3.8688763147e-09 -5.3024523261e-09
-8.3333333333e-01 -3.1818181818e-01 0.0000000000e+00 3.9928897632e-09 -5.3394411062e-09
-8.0303030303e-01 -3.1818181818e-01 0.0000000000e+00 4.1244707799e-09 -5.3871054782e-09
-7.7272727273e-01 -3.1818181818e-01 0.0000000000e+00 4.2642525003e-09 -5.4460785780e-09
-7.4242424242e-01 -3.1818181818e-01 0.0000000000e+00 4.4129257873e-09 -5.5170512681e-09
-7.1212121212e-01 -3.1818181818e-01 0.0000000000e+00 4.5712421058e-09 -5.6007750137e-09
-6.8181818182e-01 -3.1818181818e-01 0.0000000000e+00 4.7400150698e-09 -5.6980634287e-09
-6.5151515152e-01 -3.1818181818e-01 0.0000000000e+00 4.9201197884e-09 -5.8097916221e-09
-6.2121212121e-01 -3.1818181818e-01 0.0000000000e+00 5.1124887482e-09 -5.9368920805e-09
-5.9090909091e-01 -3.1818181818e-01 0.0000000000e+00 5.3181024414e-09 -6.0803452963e-09
-5.6060606061e-01 -3.1818181818e-01 0.0000000000e+00 5.5379722452e-09 -6.2411626464e-09
-5.3030303030e-01 -3.1818181818e-01 0.0000000000e+00 5.7731121604e-09 -6.4203581319e-09
-5.0000000000e-01 -3.1818181818e-01 0.0000000000e+00 6.0244949574e-09 -6.6189045231e-09
-4.6969696970e-01 -3.1818181818e-01 0.0000000000e+00 6.2929871461e-09 -6.8376683298e-09
-4.3939393939e-01 -3.1818181818e-01 0.0000000000e+00 6.5792562848e-09 -7.0773171105e-09
-4.0909090909e-01 -3.1818181818e-01 0.0000000000e+00 6.8836440397e-09 -7.3381925311e-09
-3.7878787879e-01 -3.1818181818e-01 0.0000000000e+00 7.2060000890e-09 -7.6201442701e-09
-3.4848484848e-01 -3.1818181818e-01 0.0000000000e+00 7.5454768541e-09 -7.9223247486e-09
-3.1818181818e-01 -3.1818181818e-01 0.0000000000e+00 7.9002945295e-09 -8.2429541615e-09
-2.8787878788e-01 -3.1818181818e-01 0.0000000000e+00 8.2675001208e-09 -8.5790795140e-09
-2.5757575758e-01 -3.1818181818e-01 0.0000000000e+00 8.6427597252e-09 -8.9263669036e-09
-2.2727272727e-01 -3.1818181818e-01 0.0000000000e+00 9.0202310997e-09 -9.2789740871e-09
-1.9696969697e-01 -3.1818181818e-01 0.0000000000e+00 9.3925512798e-09 -9.6295381001e-09
-1.6666666667e-01 -3.1818181818e-01 0.0000000000e+00 9.7509368198e-09 -9.9692754969e-09
-1.3636363636e-01 -3.1818181818e-01 0.0000000000e+00 1.0085350359e-08 -1.0288148917e-08
-1.0606060606e-01 -3.1818181818e-01 0.0000000000e+00 1.0384680023e-08 -1.0575046485e-08
-7.5757575758e-02 -3.1818181818e-01 0.0000000000e+00 1.0636945473e-08 -1.0817987863e-08
-4.5454545455e-02 -3.1818181818e-01 0.0000000000e+00 1.0829668853e-08 -1.1004495196e-08
-1.5151515152e-02 -3.1818181818e-01 0.0000000000e+00 1.0950647835e-08 -1.1122366154e-08
1.5151515152e-02 -3.1818181818e-01 0.0000000000e+00 1.0989359603e-08 -1.1161077922e-08
4.5454545455e-02 -3.1818181818e-01 0.0000000000e+00 1.0939044452e-08 -1.1113870795e-08
7.5757575758e-02 -3.1818181818e-01 0.0000000000e+00 1.0799001285e-08 -1.0980043676e-08
1.0606060606e-01 -3.1818181818e-01 0.0000000000e+00 1.0575870896e-08 -1.0766237358e-08
1.3636363636e-01 -3.1818181818e-01 0.0000000000e+00 1.0282754674e-08 -1.0485553232e-08
1.6666666667e-01 -3.1818181818e-01 0.0000000000e+00 9.9365276965e-09 -1.0154866374e-08
1.9696969697e-01 -3.1818181818e-01 0.0000000000e+00 9.5548773913e-09 -9.7918642116e-09
2.2727272727e-01 -3.1818181818e-01 0.0000000000e+00 9.1541042449e-09 -9.4128472323e-09
2.5757575758e-01 -3.1818181818e-01 0.0000000000e+00 8.7478307207e-09 -9.0314378991e-09
2.8787878788e-01 -3.1818181818e-01 0.0000000000e+00 8.3464785771e-09 -8.6580579704e-09
3.1818181818e-01 -3.1818181818e-01 0.0000000000e+00 7.9573501200e-09 -8.3000097520e-09
3.4848484848e-01 -3.1818181818e-01 0.0000000000e+00 7.5850913647e-09 -7.9619392593e-09
3.7878787879e-01 -3.1818181818e-01 0.0000000000e+00 7.2322990416e-09 -7.6464432227e-09
4.0909090909e-01 -3.1818181818e-01 0.0000000000e+00 6.9001013217e-09 -7.3546498131e-09
4.3939393939e-01 -3.1818181818e-01 0.0000000000e+00 6.5886335939e-09 -7.0866944195e-09
4.6969696970e-01 -3.1818181818e-01 0.0000000000e+00 6.2973948958e-09 -6.8420760795e-09
5.0000000000e-01 -3.1818181818e-01 0.0000000000e+00 6.0255006027e-09 -6.6199101684e-09
5.3030303030e-01 -3.1818181818e-01 0.0000000000e+00 5.7718551010e-09 -6.4191010726e-09
5.6060606061e-01 -3.1818181818e-01 0.0000000000e+00 5.5352664931e-09 -6.2384568943e-09
5.9090909091e-01 -3.1818181818e-01 0.0000000000e+00 5.3145207663e-09 -6.0767636212e-09
6.2121212121e-01 -3.1818181818e-01 0.0000000000e+00 5.1084282261e-09 -5.9328315584e-09
6.5151515152e-01 -3.1818181818e-01 0.0000000000e+00 4.9158512357e-09 -5.8055230694e-09
6.8181818182e-01 -3.1818181818e-01 0.0000000000e+00 4.7357195265e-09 -5.6937678854e-09
7.1212121212e-01 -3.1818181818e-01 0.0000000000e+00 4.5670373630e-09 -5.5965702709e-09
7.4242424242e-01 -3.1818181818e-01 0.0000000000e+00 4.4088854717e-09 -5.5130109525e-09
7.7272727273e-01 -3.1818181818e-01 0.0000000000e+00 4.2604196959e-09 -5.4422457736e-09
8.0303030303e-01 -3.1818181818e-01 0.0000000000e+00 4.1208676910e-09 -5.3835023894e-09
8.3333333333e-01 -3.1818181818e-01 0.0000000000e+00 3.9895245324e-09 -5.3360758754e-09
8.6363636364e-01 -3.1818181818e-01 0.0000000000e+00 3.8657478080e-09 -5.2993238194e-09
8.9393939394e-01 -3.1818181818e-01 0.0000000000e+00 3.7489525634e-09 -5.2726612671e-09
9.2424242424e-01 -3.1818181818e-01 0.0000000000e+00 3.6386063316e-09 -5.2555557515e-09
9.5454545455e-01 -3.1818181818e-01 0.0000000000e+00 3.5342243834e-09 -5.2475225434e-09
9.8484848485e-01 -3.1818181818e-01 0.0000000000e+00 3.4353652772e-09 -5.2481202011e-09
1.0151515152e+00 -3.1818181818e-01 0.0000000000e+00 3.3416267445e-09 -5.2569464562e-09
1.0454545455e+00 -3.1818181818e-01 0.0000000000e+00 3.2526419211e-09 -5.2736344445e-09
1.0757575758e+00 -3.1818181818e-01 0.0000000000e+00 3.1680759184e-09 -5.2978492773e-09
1.1060606061e+00 -3.1818181818e-01 0.0000000000e+00 3.0876227195e-09 -5.3292849378e-09
1.1363636364e+00 -3.1818181818e-01 0.0000000000e+00 3.0110023792e-09 -5.3676614808e-09
1.1666666667e+00 -3.1818181818e-01 0.0000000000e+00 2.9379585035e-09 -5.4127225124e-09
1.1969696970e+00 -3.1818181818e-01 0.0000000000e+00 2.8682559858e-09 -5.4642329256e-09
1.2272727273e+00 -3.1818181818e-01 0.0000000000e+00 2.8016789733e-09 -5.5219768681e-09
1.2575757576e+00 -3.1818181818e-01 0.0000000000e+00 2.7380290446e-09 -5.5857559182e-09
1.2878787879e+00 -3.1818181818e-01 0.0000000000e+00 2.6771235735e-09 -5.6553874497e-09
1.3181818182e+00 -3.1818181818e-01 0.0000000000e+00 2.6187942616e-09 -5.7307031644e-09
1.3484848485e+00 -3.1818181818e-01 0.0000000000e+00 2.5628858222e-09 -5.8115477754e-09
1.3787878788e+00 -3.1818181818e-01 0.0000000000e+00 2.5092547972e-09 -5.8977778247e-09
1.4090909091e+00 -3.1818181818e-01 0.0000000000e+00 2.4577684953e-09 -5.9892606209e-09
1.4393939394e+00 -3.1818181818e-01 0.0000000000e+00 2.4083040362e-09 -6.0858732838e-09
1.4696969697e+00 -3.1818181818e-01 0.0000000000e+00 2.3607474912e-09 -6.1875018848e-09
1.5000000000e+00 -3.1818181818e-01 0.0000000000e+00 2.3149931083e-09 -6.2940406717e-09
-1.5000000000e+00 -2.8787878788e-01 0.0000000000e+00 2.3247960871e-09 -6.2727634117e-09
-1.4696969697e+00 -2.8787878788e-01 0.0000000000e+00 2.3711561714e-09 -6.1668303263e-09
-1.4393939394e+00 -2.8787878788e-01 0.0000000000e+00 2.4193685295e-09 -6.0658575384e-09
-1.4090909091e+00 -2.8787878788e-01 0.0000000000e+00 2.4695441050e-09 -5.9699559919e-09
-1.3787878788e+00 -2.8787878788e-01 0.0000000000e+00 2.5218026629e-09 -5.8792454517e-09
-1.3484848485e+00 -2.8787878788e-01 0.0000000000e+00 2.5762736566e-09 -5.7938553711e-09
-1.3181818182e+00 -2.8787878788e-01 0.0000000000e+00 2.6330971960e-09 -5.7139258601e-09
-1.2878787879e+00 -2.8787878788e-01 0.0000000000e+00 2.6924251282e-09 -5.6396087657e-09
-1.2575757576e+00 -2.8787878788e-01 0.0000000000e+00 2.7544222463e-09 -5.5710688811e-09
-1.2272727273e+00 -2.8787878788e-01 0.0000000000e+00 2.8192676433e-09 -5.5084852994e-09
-1.1969696970e+00 -2.8787878788e-01 0.0000000000e+00 2.8871562294e-09 -5.4520529305e-09
-1.1666666667e+00 -2.8787878788e-01 0.0000000000e+00 2.9583004342e-09 -5.4019842043e-09
-1.1363636364e+00 -2.8787878788e-01 0.0000000000e+00 3.0329321190e-09 -5.3585109819e-09
-1.1060606061e+00 -2.8787878788e-01 0.0000000000e+00 3.1113047251e-09 -5.3218867047e-09
-1.0757575758e+00 -2.8787878788e-01 0.0000000000e+00 3.1936956890e-09 -5.2923888092e-09
-1.0454545455e+00 -2.8787878788e-01 0.0000000000e+00 3.2804091575e-09 -5.2703214422e-09
-1.0151515152e+00 -2.8787878788e-01 0.0000000000e+00 3.3717790393e-09 -5.2560185123e-09
-9.8484848485e-01 -2.8787878788e-01 0.0000000000e+00 3.4681724304e-09 -5.2498471156e-09
-9.5454545455e-01 -2.8787878788e-01 0.0000000000e+00 3.5699934549e-09 -5.2522113761e-09
-9.2424242424e-01 -2.8787878788e-01 0.0000000000e+00 3.6776875578e-09 -5.2635567390e-09
-8.9393939394e-01 -2.8787878788e-01 0.0000000000e+00 3.7917462866e-09 -5.2843747515e-09
-8.6363636364e-01 -2.8787878788e-01 0.0000000000e+00 3.9127125845e-09 -5.3152083571e-09
-8.3333333333e-01 -2.8787878788e-01 0.0000000000e+00 4.0411866045e-09 -5.3566577087e-09
-8.0303030303e-01 -2.8787878788e-01 0.0000000000e+00 4.1778320176e-09 -5.4093864773e-09
-7.7272727273e-01 -2.8787878788e-01 0.0000000000e+00 4.3233827407e-09 -5.4741285796e-09
-7.4242424242e-01 -2.8787878788e-01 0.0000000000e+00 4.4786499238e-09 -5.5516951659e-09
-7.1212121212e-01 -2.8787878788e-01 0.0000000000e+00 4.6445289122e-09 -5.6429815814e-09
-6.8181818182e-01 -2.8787878788e-01 0.0000000000e+00 4.8220056990e-09 -5.7489738191e-09
-6.5151515152e-01 -2.8787878788e-01 0.0000000000e+00 5.0121620899e-09 -5.8707536848e-09
-6.2121212121e-01 -2.8787878788e-01 0.0000000000e+00 5.2161783628e-09 -6.0095014563e-09
-5.9090909091e-01 -2.8787878788e-01 0.0000000000e+00 5.4353315584e-09 -6.1664941745e-09
-5.6060606061e-01 -2.8787878788e-01 0.0000000000e+00 5.6709866188e-09 -6.3430967813e-09
-5.3030303030e-01 -2.8787878788e-01 0.0000000000e+00 5.9245762979e-09 -6.5407420307e-09
-5.0000000000e-01 -2.8787878788e-01 0.0000000000e+00 6.1975640454e-09 -6.7608933723e-09
-4.6969696970e-01 -2.8787878788e-01 0.0000000000e+00 6.4913818937e-09 -7.0049828387e-09
-4.3939393939e-01 -2.8787878788e-01 0.0000000000e+00 6.8073329571e-09 -7.2743135440e-09
-4.0909090909e-01 -2.8787878788e-01 0.0000000000e+00 7.1464460949e-09 -7.5699143476e-09
-3.7878787879e-01 -2.8787878788e-01 0.0000000000e+00 7.5092700121e-09 -7.8923339545e-09
-3.4848484848e-01 -2.8787878788e-01 0.0000000000e+00 7.8955982061e-09 -8.2413658619e-09
-3.1818181818e-01 -2.8787878788e-01 0.0000000000e+00 8.3041286145e-09 -8.6157080077e-09
-2.8787878788e-01 -2.8787878788e-01 0.0000000000e+00 8.7320861247e-09 -9.0125852792e-09
-2.5757575758e-01 -2.8787878788e-01 0.0000000000e+00 9.1748704681e-09 -9.4273974078e-09
-2.2727272727e-01 -2.8787878788e-01 0.0000000000e+00 9.6258208748e-09 -9.8534836235e-09
-1.9696969697e-01 -2.8787878788e-01 0.0000000000e+00 1.0076179434e-08 -1.0282086015e-08
-1.6666666667e-01 -2.8787878788e-01 0.0000000000e+00 1.0515257211e-08 -1.0702515650e-08
-1.3636363636e-01 -2.8787878788e-01 0.0000000000e+00 1.0930681910e-08 -1.1102400229e-08
-1.0606060606e-01 -2.8787878788e-01 0.0000000000e+00 1.1308538766e-08 -1.1467824989e-08
-7.5757575758e-02 -2.8787878788e-01 0.0000000000e+00 1.1633338201e-08 -1.1783300353e-08
-4.5454545455e-02 -2.8787878788e-01 0.0000000000e+00 1.1888053696e-08 -1.2031799801e-08
-1.5151515152e-02 -2.8787878788e-01 0.0000000000e+00 1.2054745999e-08 -1.2195384079e-08
1.5151515152e-02 -2.8787878788e-01 0.0000000000e+00 1.2116334095e-08 -1.2256972175e-08
4.5454545455e-02 -2.8787878788e-01 0.0000000000e+00 1.2060058534e-08 -1.2203804638e-08
7.5757575758e-02 -2.8787878788e-01 0.0000000000e+00 1.1882524969e-08 -1.2032487120e-08
1.0606060606e-01 -2.8787878788e-01 0.0000000000e+00 1.1593477445e-08 -1.1752763668e-08
1.3636363636e-01 -2.8787878788e-01 0.0000000000e+00 1.1214081011e-08 -1.1385799330e-08
1.6666666667e-01 -2.8787878788e-01 0.0000000000e+00 1.0770718552e-08 -1.0957976990e-08
1.9696969697e-01 -2.8787878788e-01 0.0000000000e+00 1.0289420479e-08 -1.0495327060e-08
2.2727272727e-01 -2.8787878788e-01 0.0000000000e+00 9.7928063258e-09 -1.0020469074e-08
2.5757575758e-01 -2.8787878788e-01 0.0000000000e+00 9.2986196461e-09 -9.5511465858e-09
2.8787878788e-01 -2.8787878788e-01 0.0000000000e+00 8.8193354215e-09 -9.0998345761e-09
3.1818181818e-01 -2.8787878788e-01 0.0000000000e+00 8.3626987961e-09 -8.6742781893e-09
3.4848484848e-01 -2.8787878788e-01 0.0000000000e+00 7.9327932773e-09 -8.2785609331e-09
3.7878787879e-01 -2.8787878788e-01 0.0000000000e+00 7.5311668088e-09 -7.9142307511e-09
4.0909090909e-01 -2.8787878788e-01 0.0000000000e+00 7.1577526915e-09 -7.5812209442e-09
4.3939393939e-01 -2.8787878788e-01 0.0000000000e+00 6.8115285437e-09 -7.2785091306e-09
4.6969696970e-01 -2.8787878788e-01 0.0000000000e+00 6.4909537563e-09 -7.0045547013e-09
5.0000000000e-01 -2.8787878788e-01 0.0000000000e+00 6.1942469509e-09 -6.7575762779e-09
5.3030303030e-01 -2.8787878788e-01 0.0000000000e+00 5.9195560774e-09 -6.5357218103e-09
5.6060606061e-01 -2.8787878788e-01 0.0000000000e+00 5.6650590601e-09 -6.3371692226e-09
5.9090909091e-01 -2.8787878788e-01 0.0000000000e+00 5.4290204003e-09 -6.1601830164e-09
6.2121212121e-01 -2.8787878788e-01 0.0000000000e+00 5.2098202378e-09 -6.0031433314e-09
6.5151515152e-01 -2.8787878788e-01 0.0000000000e+00 5.0059664416e-09 -5.8645580365e-09
6.8181818182e-01 -2.8787878788e-01 0.0000000000e+00 4.8160964646e-09 -5.7430645847e-09
7.1212121212e-01 -2.8787878788e-01 0.0000000000e+00 4.6389732351e-09 -5.6374259043e-09
7.4242424242e-01 -2.8787878788e-01 0.0000000000e+00 4.4734777808e-09 -5.5465230229e-09
7.7272727273e-01 -2.8787878788e-01 0.0000000000e+00 4.3186002704e-09 -5.4693461094e-09
8.0303030303e-01 -2.8787878788e-01 0.0000000000e+00 4.1734305121e-09 -5.4049849717e-09
8.3333333333e-01 -2.8787878788e-01 0.0000000000e+00 4.0371485290e-09 -5.3526196333e-09
8.6363636364e-01 -2.8787878788e-01 0.0000000000e+00 3.9090155704e-09 -5.3115113431e-09
8.9393939394e-01 -2.8787878788e-01 0.0000000000e+00 3.7883657439e-09 -5.2809942089e-09
9.2424242424e-01 -2.8787878788e-01 0.0000000000e+00 3.6745983537e-09 -5.2604675348e-09
9.5454545455e-01 -2.8787878788e-01 0.0000000000e+00 3.5671709619e-09 -5.2493888832e-09
9.8484848485e-01 -2.8787878788e-01 0.0000000000e+00 3.4655931528e-09 -5.2472678380e-09
1.0151515152e+00 -2.8787878788e-01 0.0000000000e+00 3.3694209581e-09 -5.2536604311e-09
1.0454545455e+00 -2.8787878788e-01 0.0000000000e+00 3.2782518921e-09 -5.2681641767e-09
1.0757575758e+00 -2.8787878788e-01 0.0000000000e+00 3.1917205395e-09 -5.2904136597e-09
1.1060606061e+00 -2.8787878788e-01 0.0000000000e+00 3.1094946414e-09 -5.3200766211e-09
1.1363636364e+00 -2.8787878788e-01 0.0000000000e+00 3.0312716245e-09 -5.3568504874e-09
1.1666666667e+00 -2.8787878788e-01 0.0000000000e+00 2.9567755250e-09 -5.4004592951e-09
1.1969696970e+00 -2.8787878788e-01 0.0000000000e+00 2.8857542621e-09 -5.4506509633e-09
1.2272727273e+00 -2.8787878788e-01 0.0000000000e+00 2.8179772197e-09 -5.5071948757e-09
1.2575757576e+00 -2.8787878788e-01 0.0000000000e+00 2.7532330994e-09 -5.5698797342e-09
1.2878787879e+00 -2.8787878788e-01 0.0000000000e+00 2.6913280145e-09 -5.6385116520e-09
1.3181818182e+00 -2.8787878788e-01 0.0000000000e+00 2.6320837942e-09 -5.7129124583e-09
1.3484848485e+00 -2.8787878788e-01 0.0000000000e+00 2.5753364743e-09 -5.7929181888e-09
1.3787878788e+00 -2.8787878788e-01 0.0000000000e+00 2.5209349513e-09 -5.8783777401e-09
1.4090909091e+00 -2.8787878788e-01 0.0000000000e+00 2.4687397821e-09 -5.9691516690e-09
1.4393939394e+00 -2.8787878788e-01 0.0000000000e+00 2.4186221099e-09 -6.0651111189e-09
1.4696969697e+00 -2.8787878788e-01 0.0000000000e+00 2.3704627045e-09 -6.1661368593e-09
1.5000000000e+00 -2.8787878788e-01 0.0000000000e+00 2.3241511003e-09 -6.2721184249e-09
-1.5000000000e+00 -2.5757575758e-01 0.0000000000e+00 2.3331616941e-09 -6.2531568038e-09
-1.4696969697e+00 -2.5757575758e-01 0.0000000000e+00 2.3800366586e-09 -6.1477385986e-09
-1.4393939394e+00 -2.5757575758e-01 0.0000000000e+00 2.4288067298e-09 -6.0473235238e-09
-1.4090909091e+00 -2.5757575758e-01 0.0000000000e+00 2.4795873649e-09 -5.9520270370e-09
-1.3787878788e+00 -2.5757575758e-01 0.0000000000e+00 2.5325034206e-09 -5.8619739945e-09
-1.3484848485e+00 -2.5757575758e-01 0.0000000000e+00 2.5876901073e-09 -5.7772996069e-09
-1.3181818182e+00 -2.5757575758e-01 0.0000000000e+00 2.6452940598e-09 -5.6981505090e-09
-1.2878787879e+00 -2.5757575758e-01 0.0000000000e+00 2.7054745390e-09 -5.6246859617e-09
-1.2575757576e+00 -2.5757575758e-01 0.0000000000e+00 2.7684047838e-09 -5.5570792038e-09
-1.2272727273e+00 -2.5757575758e-01 0.0000000000e+00 2.8342735337e-09 -5.4955189749e-09
-1.1969696970e+00 -2.5757575758e-01 0.0000000000e+00 2.9032867478e-09 -5.4402112341e-09
-1.1666666667e+00 -2.5757575758e-01 0.0000000000e+00 2.9756695472e-09 -5.3913811024e-09
-1.1363636364e+00 -2.5757575758e-01 0.0000000000e+00 3.0516684143e-09 -5.3492750624e-09
-1.1060606061e+00 -2.5757575758e-01 0.0000000000e+00 3.1315536872e-09 -5.3141634520e-09
-1.0757575758e+00 -2.5757575758e-01 0.0000000000e+00 3.2156223902e-09 -5.2863432955e-09
-1.0454545455e+00 -2.5757575758e-01 0.0000000000e+00 3.3042014527e-09 -5.2661415225e-09
-1.0151515152e+00 -2.5757575758e-01 0.0000000000e+00 3.3976513719e-09 -5.2539186300e-09
-9.8484848485e-01 -2.5757575758e-01 0.0000000000e+00 3.4963703827e-09 -5.2500728530e-09
-9.5454545455e-01 -2.5757575758e-01 0.0000000000e+00 3.6007992080e-09 -5.2550449144e-09
-9.2424242424e-01 -2.5757575758e-01 0.0000000000e+00 3.7114264690e-09 -5.2693234354e-09
-8.9393939394e-01 -2.5757575758e-01 0.0000000000e+00 3.8287948403e-09 -5.2934510904e-09
-8.6363636364e-01 -2.5757575758e-01 0.0000000000e+00 3.9535080410e-09 -5.3280315988e-09
-8.3333333333e-01 -2.5757575758e-01 0.0000000000e+00 4.0862387498e-09 -5.3737376392e-09
-8.0303030303e-01 -2.5757575758e-01 0.0000000000e+00 4.2277375227e-09 -5.4313197675e-09
-7.7272727273e-01 -2.5757575758e-01 0.0000000000e+00 4.3788427637e-09 -5.5016163878e-09
-7.4242424242e-01 -2.5757575758e-01 0.0000000000e+00 4.5404917501e-09 -5.5855647774e-09
-7.1212121212e-01 -2.5757575758e-01 0.0000000000e+00 4.7137326143e-09 -5.6842130687e-09
-6.8181818182e-01 -2.5757575758e-01 0.0000000000e+00 4.8997370270e-09 -5.7987329323e-09
-6.5151515152e-01 -2.5757575758e-01 0.0000000000e+00 5.0998130533e-09 -5.9304324333e-09
-6.2121212121e-01 -2.5757575758e-01 0.0000000000e+00 5.3154172207e-09 -6.0807680994e-09
-5.9090909091e-01 -2.5757575758e-01 0.0000000000e+00 5.5481641472e-09 -6.2513545484e-09
-5.6060606061e-01 -2.5757575758e-01 0.0000000000e+00 5.7998310006e-09 -6.4439689483e-09
-5.3030303030e-01 -2.5757575758e-01 0.0000000000e+00 6.0723524234e-09 -6.6605459413e-09
-5.0000000000e-01 -2.5757575758e-01 0.0000000000e+00 6.3677991153e-09 -6.9031562274e-09
-4.6969696970e-01 -2.5757575758e-01 0.0000000000e+00 6.6883297909e-09 -7.1739585210e-09
-4.3939393939e-01 -2.5757575758e-01 0.0000000000e+00 7.0361015580e-09 -7.4751099301e-09
-4.0909090909e-01 -2.5757575758e-01 0.0000000000e+00 7.4131181912e-09 -7.8086142290e-09
-3.7878787879e-01 -2.5757575758e-01 0.0000000000e+00 7.8209906992e-09 -8.1760824267e-09
-3.4848484848e-01 -2.5757575758e-01 0.0000000000e+00 8.2605838134e-09 -8.5783792544e-09
-3.1818181818e-01 -2.5757575758e-01 0.0000000000e+00 8.7315334569e-09 -9.0151406353e-09
-2.8787878788e-01 -2.5757575758e-01 0.0000000000e+00 9.2316560814e-09 -9.4841830211e-09
-2.5757575758e-01 -2.5757575758e-01 0.0000000000e+00 9.7563403633e-09 -9.9808950882e-09
-2.2727272727e-01 -2.5757575758e-01 0.0000000000e+00 1.0298098918e-08 -1.0497789451e-08
-1.9696969697e-01 -2.5757575758e-01 0.0000000000e+00 1.0846489576e-08 -1.1024423943e-08
-1.6666666667e-01 -2.5757575758e-01 0.0000000000e+00 1.1388478834e-08 -1.1547765058e-08
-1.3636363636e-01 -2.5757575758e-01 0.0000000000e+00 1.1908989628e-08 -1.2052735733e-08
-1.0606060606e-01 -2.5757575758e-01 0.0000000000e+00 1.2391082176e-08 -1.2522396185e-08
-7.5757575758e-02 -2.5757575758e-01 0.0000000000e+00 1.2815381326e-08 -1.2937371263e-08
-4.5454545455e-02 -2.5757575758e-01 0.0000000000e+00 1.3159155934e-08 -1.3274929823e-08
-1.5151515152e-02 -2.5757575758e-01 0.0000000000e+00 1.3396234468e-08 -1.3508900334e-08
1.5151515152e-02 -2.5757575758e-01 0.0000000000e+00 1.3498615250e-08 -1.3611281116e-08
4.5454545455e-02 -2.5757575758e-01 0.0000000000e+00 1.3441001799e-08 -1.3556775688e-08
7.5757575758e-02 -2.5757575758e-01 0.0000000000e+00 1.3211803662e-08 -1.3333793599e-08
1.0606060606e-01 -2.5757575758e-01 0.0000000000e+00 1.2826061773e-08 -1.2957375781e-08
1.3636363636e-01 -2.5757575758e-01 0.0000000000e+00 1.2321744855e-08 -1.2465490959e-08
1.6666666667e-01 -2.5757575758e-01 0.0000000000e+00 1.1742030659e-08 -1.1901316882e-08
1.9696969697e-01 -2.5757575758e-01 0.0000000000e+00 1.1125242359e-08 -1.1303176725e-08
2.2727272727e-01 -2.5757575758e-01 0.0000000000e+00 1.0502598265e-08 -1.0702288799e-08
2.5757575758e-01 -2.5757575758e-01 0.0000000000e+00 9.8969394146e-09 -1.0121494139e-08
2.8787878788e-01 -2.5757575758e-01 0.0000000000e+00 9.3224452760e-09 -9.5749722157e-09
3.1818181818e-01 -2.5757575758e-01 0.0000000000e+00 8.7861639143e-09 -9.0697710927e-09
3.4848484848e-01 -2.5757575758e-01 0.0000000000e+00 8.2903193290e-09 -8.6081147700e-09
3.7878787879e-01 -2.5757575758e-01 0.0000000000e+00 7.8342996905e-09 -8.1893914179e-09
4.0909090909e-01 -2.5757575758e-01 0.0000000000e+00 7.4160044547e-09 -7.8115004926e-09
4.3939393939e-01 -2.5757575758e-01 0.0000000000e+00 7.0326562736e-09 -7.4716646456e-09
4.6969696970e-01 -2.5757575758e-01 0.0000000000e+00 6.6812608318e-09 -7.1668895619e-09
5.0000000000e-01 -2.5757575758e-01 0.0000000000e+00 6.3588557760e-09 -6.8942128881e-09
5.3030303030e-01 -2.5757575758e-01 0.0000000000e+00 6.0626379850e-09 -6.6508315029e-09
5.6060606061e-01 -2.5757575758e-01 0.0000000000e+00 5.7900218235e-09 -6.4341597711e-09
5.9090909091e-01 -2.5757575758e-01 0.0000000000e+00 5.5386587732e-09 -6.2418491745e-09
6.2121212121e-01 -2.5757575758e-01 0.0000000000e+00 5.3064359425e-09 -6.0717868212e-09
6.5151515152e-01 -2.5757575758e-01 0.0000000000e+00 5.0914635540e-09 -5.9220829340e-09
6.8181818182e-01 -2.5757575758e-01 0.0000000000e+00 4.8920572384e-09 -5.7910531437e-09
7.1212121212e-01 -2.5757575758e-01 0.0000000000e+00 4.7067184669e-09 -5.6771989212e-09
7.4242424242e-01 -2.5757575758e-01 0.0000000000e+00 4.5341149852e-09 -5.5791880125e-09
7.7272727273e-01 -2.5757575758e-01 0.0000000000e+00 4.3730622467e-09 -5.4958358708e-09
8.0303030303e-01 -2.5757575758e-01 0.0000000000e+00 4.2225063250e-09 -5.4260885698e-09
8.3333333333e-01 -2.5757575758e-01 0.0000000000e+00 4.0815084896e-09 -5.3690073790e-09
8.6363636364e-01 -2.5757575758e-01 0.0000000000e+00 3.9492314570e-09 -5.3237550148e-09
8.9393939394e-01 -2.5757575758e-01 0.0000000000e+00 3.8249272361e-09 -5.2895834862e-09
9.2424242424e-01 -2.5757575758e-01 0.0000000000e+00 3.7079264431e-09 -5.2658234094e-09
9.5454545455e-01 -2.5757575758e-01 0.0000000000e+00 3.5976289391e-09 -5.2518746455e-09
9.8484848485e-01 -2.5757575758e-01 0.0000000000e+00 3.4934956460e-09 -5.2471981163e-09
1.0151515152e+00 -2.5757575758e-01 0.0000000000e+00 3.3950413979e-09 -5.2513086560e-09
1.0454545455e+00 -2.5757575758e-01 0.0000000000e+00 3.3018287010e-09 -5.2637687708e-09
1.0757575758e+00 -2.5757575758e-01 0.0000000000e+00 3.2134622841e-09 -5.2841831894e-09
1.1060606061e+00 -2.5757575758e-01 0.0000000000e+00 3.1295843363e-09 -5.3121941011e-09
1.1363636364e+00 -2.5757575758e-01 0.0000000000e+00 3.0498703422e-09 -5.3474769903e-09
1.1666666667e+00 -2.5757575758e-01 0.0000000000e+00 2.9740254335e-09 -5.3897369887e-09
1.1969696970e+00 -2.5757575758e-01 0.0000000000e+00 2.9017811903e-09 -5.4387056766e-09
1.2272727273e+00 -2.5757575758e-01 0.0000000000e+00 2.8328928312e-09 -5.4941382724e-09
1.2575757576e+00 -2.5757575758e-01 0.0000000000e+00 2.7671367410e-09 -5.5558111610e-09
1.2878787879e+00 -2.5757575758e-01 0.0000000000e+00 2.7043082926e-09 -5.6235197152e-09
1.3181818182e+00 -2.5757575758e-01 0.0000000000e+00 2.6442199233e-09 -5.6970763725e-09
1.3484848485e+00 -2.5757575758e-01 0.0000000000e+00 2.5866994346e-09 -5.7763089342e-09
1.3787878788e+00 -2.5757575758e-01 0.0000000000e+00 2.5315884847e-09 -5.8610590586e-09
1.4090909091e+00 -2.5757575758e-01 0.0000000000e+00 2.4787412520e-09 -5.9511809240e-09
1.4393939394e+00 -2.5757575758e-01 0.0000000000e+00 2.4280232454e-09 -6.0465400394e-09
1.4696969697e+00 -2.5757575758e-01 0.0000000000e+00 2.3793102456e-09 -6.1470121856e-09
1.5000000000e+00 -2.5757575758e-01 0.0000000000e+00 2.3324873603e-09 -6.2524824700e-09
-1.5000000000e+00 -2.2727272727e-01 0.0000000000e+00 2.3406749897e-09 -6.2358059085e-09
-1.4696969697e+00 -2.2727272727e-01 0.0000000000e+00 2.3880157815e-09 -6.1308535305e-09
-1.4393939394e+00 -2.2727272727e-01 0.0000000000e+00 2.4372908068e-09 -6.0309434099e-09
-1.4090909091e+00 -2.2727272727e-01 0.0000000000e+00 2.4886196966e-09 -5.9361951777e-09
-1.3787878788e+00 -2.2727272727e-01 0.0000000000e+00 2.5421320237e-09 -5.8467384066e-09
-1.3484848485e+00 -2.2727272727e-01 0.0000000000e+00 2.5979683410e-09 -5.7627136497e-09
-1.3181818182e+00 -2.2727272727e-01 0.0000000000e+00 2.6562813508e-09 -5.6842736090e-09
-1.2878787879e+00 -2.2727272727e-01 0.0000000000e+00 2.7172372223e-09 -5.6115844539e-09
-1.2575757576e+00 -2.2727272727e-01 0.0000000000e+00 2.7810170820e-09 -5.5448273110e-09
-1.2272727273e+00 -2.2727272727e-01 0.0000000000e+00 2.8478187009e-09 -5.4841999511e-09
-1.1969696970e+00 -2.2727272727e-01 0.0000000000e+00 2.9178584096e-09 -5.4299187050e-09
-1.1666666667e+00 -2.2727272727e-01 0.0000000000e+00 2.9913732765e-09 -5.3822206408e-09
-1.1363636364e+00 -2.2727272727e-01 0.0000000000e+00 3.0686235903e-09 -5.3413660474e-09
-1.1060606061e+00 -2.2727272727e-01 0.0000000000e+00 3.1498956967e-09 -5.3076412705e-09
-1.0757575758e+00 -2.2727272727e-01 0.0000000000e+00 3.2355052446e-09 -5.2813619590e-09
-1.0454545455e+00 -2.2727272727e-01 0.0000000000e+00 3.3258009110e-09 -5.2628767898e-09
-1.0151515152e+00 -2.2727272727e-01 0.0000000000e+00 3.4211686817e-09 -5.2525717488e-09
-9.8484848485e-01 -2.2727272727e-01 0.0000000000e+00 3.5220367826e-09 -5.2508750619e-09
-9.5454545455e-01 -2.2727272727e-01 0.0000000000e+00 3.6288813677e-09 -5.2582628831e-09
-9.2424242424e-01 -2.2727272727e-01 0.0000000000e+00 3.7422330923e-09 -5.2752658677e-09
-8.9393939394e-01 -2.2727272727e-01 0.0000000000e+00 3.8626847161e-09 -5.3024767752e-09
-8.6363636364e-01 -2.2727272727e-01 0.0000000000e+00 3.9908999050e-09 -5.3405592718e-09
-8.3333333333e-01 -2.2727272727e-01 0.0000000000e+00 4.1276234217e-09 -5.3902581201e-09
-8.0303030303e-01 -2.2727272727e-01 0.0000000000e+00 4.2736929124e-09 -5.4524109662e-09
-7.7272727273e-01 -2.2727272727e-01 0.0000000000e+00 4.4300525129e-09 -5.5279619460e-09
-7.4242424242e-01 -2.2727272727e-01 0.0000000000e+00 4.5977684923e-09 -5.6179773285e-09
-7.1212121212e-01 -2.2727272727e-01 0.0000000000e+00 4.7780471215e-09 -5.7236633849e-09
-6.8181818182e-01 -2.2727272727e-01 0.0000000000e+00 4.9722548700e-09 -5.8463865843e-09
-6.5151515152e-01 -2.2727272727e-01 0.0000000000e+00 5.1819408526e-09 -5.9876960417e-09
-6.2121212121e-01 -2.2727272727e-01 0.0000000000e+00 5.4088611123e-09 -6.1493478001e-09
-5.9090909091e-01 -2.2727272727e-01 0.0000000000e+00 5.6550037109e-09 -6.3333299212e-09
-5.6060606061e-01 -2.2727272727e-01 0.0000000000e+00 5.9226125403e-09 -6.5418862969e-09
-5.3030303030e-01 -2.2727272727e-01 0.0000000000e+00 6.2142059720e-09 -6.7775352990e-09
-5.0000000000e-01 -2.2727272727e-01 0.0000000000e+00 6.5325834993e-09 -7.0430764204e-09
-4.6969696970e-01 -2.2727272727e-01 0.0000000000e+00 6.8808087628e-09 -7.3415733020e-09
-4.3939393939e-01 -2.2727272727e-01 0.0000000000e+00 7.2621499859e-09 -7.6762941670e-09
-4.0909090909e-01 -2.2727272727e-01 0.0000000000e+00 7.6799481110e-09 -8.0505799579e-09
-3.7878787879e-01 -2.2727272727e-01 0.0000000000e+00 8.1373689591e-09 -8.4675964956e-09
-3.4848484848e-01 -2.2727272727e-01 0.0000000000e+00 8.6369818006e-09 -8.9299130507e-09
-3.1818181818e-01 -2.2727272727e-01 0.0000000000e+00 9.1801042779e-09 -9.4388472653e-09
-2.8787878788e-01 -2.2727272727e-01 0.0000000000e+00 9.7658899417e-09 -9.9935526904e-09
-2.5757575758e-01 -2.2727272727e-01 0.0000000000e+00 1.0390253883e-08 -1.0589944417e-08
-2.2727272727e-01 -2.2727272727e-01 0.0000000000e+00 1.1044955138e-08 -1.1219781481e-08
-1.9696969697e-01 -2.2727272727e-01 0.0000000000e+00 1.1717363278e-08 -1.1870433454e-08
-1.6666666667e-01 -2.2727272727e-01 0.0000000000e+00 1.2391290897e-08 -1.2525712930e-08
-1.3636363636e-01 -2.2727272727e-01 0.0000000000e+00 1.3048481552e-08 -1.3167363465e-08
-1.0606060606e-01 -2.2727272727e-01 0.0000000000e+00 1.3669290303e-08 -1.3775740121e-08
-7.5757575758e-02 -2.2727272727e-01 0.0000000000e+00 1.4231050391e-08 -1.4328176137e-08
-4.5454545455e-02 -2.2727272727e-01 0.0000000000e+00 1.4704598409e-08 -1.4795508107e-08
-1.5151515152e-02 -2.2727272727e-01 0.0000000000e+00 1.5052645459e-08 -1.5140447134e-08
1.5151515152e-02 -2.2727272727e-01 0.0000000000e+00 1.5231174845e-08 -1.5318976520e-08
4.5454545455e-02 -2.2727272727e-01 0.0000000000e+00 1.5189288327e-08 -1.5280198025e-08
7.5757575758e-02 -2.2727272727e-01 0.0000000000e+00 1.4886998243e-08 -1.4984123989e-08
1.0606060606e-01 -2.2727272727e-01 0.0000000000e+00 1.4348351697e-08 -1.4454801515e-08
1.3636363636e-01 -2.2727272727e-01 0.0000000000e+00 1.3655760661e-08 -1.3774642574e-08
1.6666666667e-01 -2.2727272727e-01 0.0000000000e+00 1.2881092654e-08 -1.3015514687e-08
1.9696969697e-01 -2.2727272727e-01 0.0000000000e+00 1.2077318045e-08 -1.2230388220e-08
2.2727272727e-01 -2.2727272727e-01 0.0000000000e+00 1.1287176163e-08 -1.1462002506e-08
2.5757575758e-01 -2.2727272727e-01 0.0000000000e+00 1.0540030870e-08 -1.0739721403e-08
2.8787878788e-01 -2.2727272727e-01 0.0000000000e+00 9.8502600370e-09 -1.0077922786e-08
3.1818181818e-01 -2.2727272727e-01 0.0000000000e+00 9.2215077528e-09 -9.4802507402e-09
3.4848484848e-01 -2.2727272727e-01 0.0000000000e+00 8.6517245419e-09 -8.9446557919e-09
3.7878787879e-01 -2.2727272727e-01 0.0000000000e+00 8.1364174836e-09 -8.4666450201e-09
4.0909090909e-01 -2.2727272727e-01 0.0000000000e+00 7.6703242535e-09 -8.0409561003e-09
4.3939393939e-01 -2.2727272727e-01 0.0000000000e+00 7.2481929864e-09 -7.6623371675e-09
4.6969696970e-01 -2.2727272727e-01 0.0000000000e+00 6.8651177910e-09 -7.3258823301e-09
5.0000000000e-01 -2.2727272727e-01 0.0000000000e+00 6.5166621490e-09 -7.0271550701e-09
5.3030303030e-01 -2.2727272727e-01 0.0000000000e+00 6.1988826486e-09 -6.7622119756e-09
5.6060606061e-01 -2.2727272727e-01 0.0000000000e+00 5.9083072193e-09 -6.5275809760e-09
5.9090909091e-01 -2.2727272727e-01 0.0000000000e+00 5.6418942862e-09 -6.3202204965e-09
6.2121212121e-01 -2.2727272727e-01 0.0000000000e+00 5.3969858407e-09 -6.1374725285e-09
6.5151515152e-01 -2.2727272727e-01 0.0000000000e+00 5.1712607604e-09 -5.9770159494e-09
6.8181818182e-01 -2.2727272727e-01 0.0000000000e+00 4.9626913147e-09 -5.8368230290e-09
7.1212121212e-01 -2.2727272727e-01 0.0000000000e+00 4.7695040426e-09 -5.7151203059e-09
7.4242424242e-01 -2.2727272727e-01 0.0000000000e+00 4.5901452813e-09 -5.6103541176e-09
7.7272727273e-01 -2.2727272727e-01 0.0000000000e+00 4.4232511759e-09 -5.5211606090e-09
8.0303030303e-01 -2.2727272727e-01 0.0000000000e+00 4.2676217916e-09 -5.4463398454e-09
8.3333333333e-01 -2.2727272727e-01 0.0000000000e+00 4.1221988724e-09 -5.3848335708e-09
8.6363636364e-01 -2.2727272727e-01 0.0000000000e+00 3.9860467840e-09 -5.3357061508e-09
8.9393939394e-01 -2.2727272727e-01 0.0000000000e+00 3.8583362039e-09 -5.2981282630e-09
9.2424242424e-01 -2.2727272727e-01 0.0000000000e+00 3.7383301663e-09 -5.2713629416e-09
9.5454545455e-01 -2.2727272727e-01 0.0000000000e+00 3.6253721141e-09 -5.2547536295e-09
9.8484848485e-01 -2.2727272727e-01 0.0000000000e+00 3.5188756589e-09 -5.2477139382e-09
1.0151515152e+00 -2.2727272727e-01 0.0000000000e+00 3.4183157904e-09 -5.2497188575e-09
1.0454545455e+00 -2.2727272727e-01 0.0000000000e+00 3.3232213187e-09 -5.2602971975e-09
1.0757575758e+00 -2.2727272727e-01 0.0000000000e+00 3.2331683613e-09 -5.2790250756e-09
1.1060606061e+00 -2.2727272727e-01 0.0000000000e+00 3.1477747203e-09 -5.3055202941e-09
1.1363636364e+00 -2.2727272727e-01 0.0000000000e+00 3.0666950163e-09 -5.3394374733e-09
1.1666666667e+00 -2.2727272727e-01 0.0000000000e+00 2.9896164678e-09 -5.3804638321e-09
1.1969696970e+00 -2.2727272727e-01 0.0000000000e+00 2.9162552223e-09 -5.4283155176e-09
1.2272727273e+00 -2.2727272727e-01 0.0000000000e+00 2.8463531587e-09 -5.4827344089e-09
1.2575757576e+00 -2.2727272727e-01 0.0000000000e+00 2.7796750950e-09 -5.5434853240e-09
1.2878787879e+00 -2.2727272727e-01 0.0000000000e+00 2.7160063432e-09 -5.6103535749e-09
1.3181818182e+00 -2.2727272727e-01 0.0000000000e+00 2.6551505649e-09 -5.6831428231e-09
1.3484848485e+00 -2.2727272727e-01 0.0000000000e+00 2.5969278839e-09 -5.7616731925e-09
1.3787878788e+00 -2.2727272727e-01 0.0000000000e+00 2.5411732244e-09 -5.8457796073e-09
1.4090909091e+00 -2.2727272727e-01 0.0000000000e+00 2.4877348415e-09 -5.9353103226e-09
1.4393939394e+00 -2.2727272727e-01 0.0000000000e+00 2.4364730220e-09 -6.0301256251e-09
1.4696969697e+00 -2.2727272727e-01 0.0000000000e+00 2.3872589307e-09 -6.1300966797e-09
1.5000000000e+00 -2.2727272727e-01 0.0000000000e+00 2.3399735857e-09 -6.2351045044e-09
-1.5000000000e+00 -1.9696969697e-01 0.0000000000e+00 2.3473097582e-09 -6.2206845098e-09
-1.4696969697e+00 -1.9696969697e-01 0.0000000000e+00 2.3950646011e-09 -6.1161461830e-09
-1.4393939394e+00 -1.9696969697e-01 0.0000000000e+00 2.4447887540e-09 -6.0166851900e-09
-1.4090909091e+00 -1.9696969697e-01 0.0000000000e+00 2.4966056300e-09 -5.9224249440e-09
-1.3787878788e+00 -1.9696969697e-01 0.0000000000e+00 2.5506490827e-09 -5.8334992985e-09
-1.3484848485e+00 -1.9696969697e-01 0.0000000000e+00 2.6070645222e-09 -5.7500536637e-09
-1.3181818182e+00 -1.9696969697e-01 0.0000000000e+00 2.6660101763e-09 -5.6722462674e-09
-1.2878787879e+00 -1.9696969697e-01 0.0000000000e+00 2.7276585181e-09 -5.6002495827e-09
-1.2575757576e+00 -1.9696969697e-01 0.0000000000e+00 2.7921978862e-09 -5.5342519481e-09
-1.2272727273e+00 -1.9696969697e-01 0.0000000000e+00 2.8598343275e-09 -5.4744594106e-09
-1.1969696970e+00 -1.9696969697e-01 0.0000000000e+00 2.9307936991e-09 -5.4210978273e-09
-1.1666666667e+00 -1.9696969697e-01 0.0000000000e+00 3.0053240711e-09 -5.3744152683e-09
-1.1363636364e+00 -1.9696969697e-01 0.0000000000e+00 3.0836984812e-09 -5.3346847712e-09
-1.1060606061e+00 -1.9696969697e-01 0.0000000000e+00 3.1662181010e-09 -5.3022075077e-09
-1.0757575758e+00 -1.9696969697e-01 0.0000000000e+00 3.2532158854e-09 -5.2773164326e-09
-1.0454545455e+00 -1.9696969697e-01 0.0000000000e+00 3.3450607904e-09 -5.2603805021e-09
-1.0151515152e+00 -1.9696969697e-01 0.0000000000e+00 3.4421626627e-09 -5.2518095627e-09
-9.8484848485e-01 -1.9696969697e-01 0.0000000000e+00 3.5449779220e-09 -5.2520600342e-09
-9.5454545455e-01 -1.9696969697e-01 0.0000000000e+00 3.6540161859e-09 -5.2616415342e-09
-9.2424242424e-01 -1.9696969697e-01 0.0000000000e+00 3.7698480134e-09 -5.2811246217e-09
-8.9393939394e-01 -1.9696969697e-01 0.0000000000e+00 3.8931139811e-09 -5.3111498732e-09
-8.6363636364e-01 -1.9696969697e-01 0.0000000000e+00 4.0245353476e-09 -5.3524385473e-09
-8.3333333333e-01 -1.9696969697e-01 0.0000000000e+00 4.1649266134e-09 -5.4058051447e-09
-8.0303030303e-01 -1.9696969697e-01 0.0000000000e+00 4.3152103409e-09 -5.4721722276e-09
-7.7272727273e-01 -1.9696969697e-01 0.0000000000e+00 4.4764346631e-09 -5.5525879291e-09
-7.4242424242e-01 -1.9696969697e-01 0.0000000000e+00 4.6497939806e-09 -5.6482466498e-09
-7.1212121212e-01 -1.9696969697e-01 0.0000000000e+00 4.8366534075e-09 -5.7605135037e-09
-6.8181818182e-01 -1.9696969697e-01 0.0000000000e+00 5.0385775711e-09 -5.8909531182e-09
-6.5151515152e-01 -1.9696969697e-01 0.0000000000e+00 5.2573643625e-09 -6.0413633845e-09
-6.2121212121e-01 -1.9696969697e-01 0.0000000000e+00 5.4950841118e-09 -6.2138146324e-09
-5.9090909091e-01 -1.9696969697e-01 0.0000000000e+00 5.7541243195e-09 -6.4106943627e-09
-5.6060606061e-01 -1.9696969697e-01 0.0000000000e+00 6.0372393170e-09 -6.6347569066e-09
-5.3030303030e-01 -1.9696969697e-01 0.0000000000e+00 6.3476026890e-09 -6.8891758489e-09
-5.0000000000e-01 -1.9696969697e-01 0.0000000000e+00 6.6888573690e-09 -7.1775941230e-09
-4.6969696970e-01 -1.9696969697e-01 0.0000000000e+00 7.0651529329e-09 -7.5041613049e-09
-4.3939393939e-01 -1.9696969697e-01 0.0000000000e+00 7.4811500282e-09 -7.8735380421e-09
-4.0909090909e-01 -1.9696969697e-01 0.0000000000e+00 7.9419554232e-09 -8.2908311029e-09
-3.7878787879e-01 -1.9696969697e-01 0.0000000000e+00 8.4529244857e-09 -8.7613958551e-09
-3.4848484848e-01 -1.9696969697e-01 0.0000000000e+00 9.0192290090e-09 -9.2904040919e-09
-3.1818181818e-01 -1.9696969697e-01 0.0000000000e+00 9.6450446128e-09 -9.8820314331e-09
-2.8787878788e-01 -1.9696969697e-01 0.0000000000e+00 1.0332202959e-08 -1.0538109541e-08
-2.5757575758e-01 -1.9696969697e-01 0.0000000000e+00 1.1078292975e-08 -1.1256227342e-08
-2.2727272727e-01 -1.9696969697e-01 0.0000000000e+00 1.1874663875e-08 -1.2027734051e-08
-1.9696969697e-01 -1.9696969697e-01 0.0000000000e+00 1.2705542612e-08 -1.2836856621e-08
-1.6666666667e-01 -1.9696969697e-01 0.0000000000e+00 1.3549715537e-08 -1.3662381402e-08
-1.3636363636e-01 -1.9696969697e-01 0.0000000000e+00 1.4384642441e-08 -1.4481768187e-08
-1.0606060606e-01 -1.9696969697e-01 0.0000000000e+00 1.5189423493e-08 -1.5274117143e-08
-7.5757575758e-02 -1.9696969697e-01 0.0000000000e+00 1.5941477537e-08 -1.6016847116e-08
-4.5454545455e-02 -1.9696969697e-01 0.0000000000e+00 1.6605749286e-08 -1.6674902817e-08
-1.5151515152e-02 -1.9696969697e-01 0.0000000000e+00 1.7127727178e-08 -1.7193772686e-08
1.5151515152e-02 -1.9696969697e-01 0.0000000000e+00 1.7451121530e-08 -1.7517167038e-08
4.5454545455e-02 -1.9696969697e-01 0.0000000000e+00 1.7486004241e-08 -1.7555157772e-08
7.5757575758e-02 -1.9696969697e-01 0.0000000000e+00 1.7083260306e-08 -1.7158629885e-08
1.0606060606e-01 -1.9696969697e-01 0.0000000000e+00 1.6262084316e-08 -1.6346777966e-08
1.3636363636e-01 -1.9696969697e-01 0.0000000000e+00 1.5279022147e-08 -1.5376147893e-08
1.6666666667e-01 -1.9696969697e-01 0.0000000000e+00 1.4226503905e-08 -1.4339169770e-08
1.9696969697e-01 -1.9696969697e-01 0.0000000000e+00 1.3160297694e-08 -1.3291611703e-08
2.2727272727e-01 -1.9696969697e-01 0.0000000000e+00 1.2144214399e-08 -1.2297284575e-08
2.5757575758e-01 -1.9696969697e-01 0.0000000000e+00 1.1218356212e-08 -1.1396290579e-08
2.8787878788e-01 -1.9696969697e-01 0.0000000000e+00 1.0391883237e-08 -1.0597789819e-08
3.1818181818e-01 -1.9696969697e-01 0.0000000000e+00 9.6587757009e-09 -9.8957625212e-09
3.4848484848e-01 -1.9696969697e-01 0.0000000000e+00 9.0085956015e-09 -9.2797706844e-09
3.7878787879e-01 -1.9696969697e-01 0.0000000000e+00 8.4306215213e-09 -8.7390928907e-09
4.0909090909e-01 -1.9696969697e-01 0.0000000000e+00 7.9151192512e-09 -8.2639949309e-09
4.3939393939e-01 -1.9696969697e-01 0.0000000000e+00 7.4536186054e-09 -7.8460066193e-09
4.6969696970e-01 -1.9696969697e-01 0.0000000000e+00 7.0388689367e-09 -7.4778773088e-09
5.0000000000e-01 -1.9696969697e-01 0.0000000000e+00 6.6647017229e-09 -7.1534384770e-09
5.3030303030e-01 -1.9696969697e-01 0.0000000000e+00 6.3258776337e-09 -6.8674507936e-09
5.6060606061e-01 -1.9696969697e-01 0.0000000000e+00 6.0179437839e-09 -6.6154613735e-09
5.9090909091e-01 -1.9696969697e-01 0.0000000000e+00 5.7371086260e-09 -6.3936786692e-09
6.2121212121e-01 -1.9696969697e-01 0.0000000000e+00 5.4801353414e-09 -6.1988658620e-09
6.5151515152e-01 -1.9696969697e-01 0.0000000000e+00 5.2442522608e-09 -6.0282512828e-09
6.8181818182e-01 -1.9696969697e-01 0.0000000000e+00 5.0270781368e-09 -5.8794536840e-09
7.1212121212e-01 -1.9696969697e-01 0.0000000000e+00 4.8265600299e-09 -5.7504201261e-09
7.4242424242e-01 -1.9696969697e-01 0.0000000000e+00 4.6409217482e-09 -5.6393744174e-09
7.7272727273e-01 -1.9696969697e-01 0.0000000000e+00 4.4686210439e-09 -5.5447743099e-09
8.0303030303e-01 -1.9696969697e-01 0.0000000000e+00 4.3083140401e-09 -5.4652759268e-09
8.3333333333e-01 -1.9696969697e-01 0.0000000000e+00 4.1588256136e-09 -5.3997041449e-09
8.6363636364e-01 -1.9696969697e-01 0.0000000000e+00 4.0191246807e-09 -5.3470278804e-09
8.9393939394e-01 -1.9696969697e-01 0.0000000000e+00 3.8883035187e-09 -5.3063394107e-09
9.2424242424e-01 -1.9696969697e-01 0.0000000000e+00 3.7655604147e-09 -5.2768370229e-09
9.5454545455e-01 -1.9696969697e-01 0.0000000000e+00 3.6501850621e-09 -5.2578104103e-09
9.8484848485e-01 -1.9696969697e-01 0.0000000000e+00 3.5415462298e-09 -5.2486283420e-09
1.0151515152e+00 -1.9696969697e-01 0.0000000000e+00 3.4390813185e-09 -5.2487282186e-09
1.0454545455e+00 -1.9696969697e-01 0.0000000000e+00 3.3422874855e-09 -5.2576071972e-09
1.0757575758e+00 -1.9696969697e-01 0.0000000000e+00 3.2507140780e-09 -5.2748146253e-09
1.1060606061e+00 -1.9696969697e-01 0.0000000000e+00 3.1639561635e-09 -5.2999455702e-09
1.1363636364e+00 -1.9696969697e-01 0.0000000000e+00 3.0816489773e-09 -5.3326352673e-09
1.1666666667e+00 -1.9696969697e-01 0.0000000000e+00 3.0034631460e-09 -5.3725543432e-09
1.1969696970e+00 -1.9696969697e-01 0.0000000000e+00 2.9291005636e-09 -5.4194046918e-09
1.2272727273e+00 -1.9696969697e-01 0.0000000000e+00 2.8582908217e-09 -5.4729159048e-09
1.2575757576e+00 -1.9696969697e-01 0.0000000000e+00 2.7907881100e-09 -5.5328421719e-09
1.2878787879e+00 -1.9696969697e-01 0.0000000000e+00 2.7263685178e-09 -5.5989595824e-09
1.3181818182e+00 -1.9696969697e-01 0.0000000000e+00 2.6648276787e-09 -5.6710637698e-09
1.3484848485e+00 -1.9696969697e-01 0.0000000000e+00 2.6059787079e-09 -5.7489678494e-09
1.3787878788e+00 -1.9696969697e-01 0.0000000000e+00 2.5496503928e-09 -5.8325006086e-09
1.4090909091e+00 -1.9696969697e-01 0.0000000000e+00 2.4956856012e-09 -5.9215049152e-09
1.4393939394e+00 -1.9696969697e-01 0.0000000000e+00 2.4439398774e-09 -6.0158363134e-09
1.4696969697e+00 -1.9696969697e-01 0.0000000000e+00 2.3942802009e-09 -6.1153617827e-09
1.5000000000e+00 -1.9696969697e-01 0.0000000000e+00 2.3465838870e-09 -6.2199586386e-09
-1.5000000000e+00 -1.6666666667e-01 0.0000000000e+00 2.3530424584e-09 -6.2077690668e-09
-1.4696969697e+00 -1.6666666667e-01 0.0000000000e+00 2.4011571023e-09 -6.1035905409e-09
-1.4393939394e+00 -1.6666666667e-01 0.0000000000e+00 2.4512717648e-09 -6.0045200576e-09
-1.4090909091e+00 -1.6666666667e-01 0.0000000000e+00 2.5035132019e-09 -5.9106843726e-09
-1.3787878788e+00 -1.6666666667e-01 0.0000000000e+00 2.5580190553e-09 -5.8222211279e-09
-1.3484848485e+00 -1.6666666667e-01 0.0000000000e+00 2.6149390398e-09 -5.7392800380e-09
-1.3181818182e+00 -1.6666666667e-01 0.0000000000e+00 2.6744362878e-09 -5.6620242357e-09
-1.2878787879e+00 -1.6666666667e-01 0.0000000000e+00 2.7366888775e-09 -5.5906317988e-09
-1.2575757576e+00 -1.6666666667e-01 0.0000000000e+00 2.8018915711e-09 -5.5252974898e-09
-1.2272727273e+00 -1.6666666667e-01 0.0000000000e+00 2.8702578014e-09 -5.4662347413e-09
-1.1969696970e+00 -1.6666666667e-01 0.0000000000e+00 2.9420219449e-09 -5.4136779298e-09
-1.1666666667e+00 -1.6666666667e-01 0.0000000000e+00 3.0174419326e-09 -5.3678849865e-09
-1.1363636364e+00 -1.6666666667e-01 0.0000000000e+00 3.0968022571e-09 -5.3291404039e-09
-1.1060606061e+00 -1.6666666667e-01 0.0000000000e+00 3.1804174464e-09 -5.2977587099e-09
-1.0757575758e+00 -1.6666666667e-01 0.0000000000e+00 3.2686360907e-09 -5.2740884947e-09
-1.0454545455e+00 -1.6666666667e-01 0.0000000000e+00 3.3618455254e-09 -5.2585170938e-09
-1.0151515152e+00 -1.6666666667e-01 0.0000000000e+00 3.4604772964e-09 -5.2514760532e-09
-9.8484848485e-01 -1.6666666667e-01 0.0000000000e+00 3.5650135606e-09 -5.2534475296e-09
-9.5454545455e-01 -1.6666666667e-01 0.0000000000e+00 3.6759946099e-09 -5.2649718150e-09
-9.2424242424e-01 -1.6666666667e-01 0.0000000000e+00 3.7940277488e-09 -5.2866562137e-09
-8.9393939394e-01 -1.6666666667e-01 0.0000000000e+00 3.9197978091e-09 -5.3191855579e-09
-8.6363636364e-01 -1.6666666667e-01 0.0000000000e+00 4.0540796532e-09 -5.3633347097e-09
-8.3333333333e-01 -1.6666666667e-01 0.0000000000e+00 4.1977530986e-09 -5.4199834866e-09
-8.0303030303e-01 -1.6666666667e-01 0.0000000000e+00 4.3518208012e-09 -5.4901345446e-09
-7.7272727273e-01 -1.6666666667e-01 0.0000000000e+00 4.5174297645e-09 -5.5749348873e-09
-7.4242424242e-01 -1.6666666667e-01 0.0000000000e+00 4.6958972984e-09 -5.6757018244e-09
-7.1212121212e-01 -1.6666666667e-01 0.0000000000e+00 4.8887424411e-09 -5.7939543941e-09
-6.8181818182e-01 -1.6666666667e-01 0.0000000000e+00 5.0977240824e-09 -5.9314514863e-09
-6.5151515152e-01 -1.6666666667e-01 0.0000000000e+00 5.3248872696e-09 -6.0902381483e-09
-6.2121212121e-01 -1.6666666667e-01 0.0000000000e+00 5.5726194151e-09 -6.2727017925e-09
-5.9090909091e-01 -1.6666666667e-01 0.0000000000e+00 5.8437182867e-09 -6.4816401867e-09
-5.6060606061e-01 -1.6666666667e-01 0.0000000000e+00 6.1414735866e-09 -6.7203430329e-09
-5.3030303030e-01 -1.6666666667e-01 0.0000000000e+00 6.4697632920e-09 -6.9926883086e-09
-5.0000000000e-01 -1.6666666667e-01 0.0000000000e+00 6.8331640710e-09 -7.3032526818e-09
-4.6969696970e-01 -1.6666666667e-01 0.0000000000e+00 7.2370706748e-09 -7.6574309036e-09
-4.3939393939e-01 -1.6666666667e-01 0.0000000000e+00 7.6878096373e-09 -8.0615495080e-09
-4.0909090909e-01 -1.6666666667e-01 0.0000000000e+00 8.1927129210e-09 -8.5229404575e-09
-3.7878787879e-01 -1.6666666667e-01 0.0000000000e+00 8.7600783137e-09 -9.0499015399e-09
-3.4848484848e-01 -1.6666666667e-01 0.0000000000e+00 9.3988707919e-09 -9.6513977316e-09
-3.1818181818e-01 -1.6666666667e-01 0.0000000000e+00 1.0117896181e-08 -1.0336234858e-08
-2.8787878788e-01 -1.6666666667e-01 0.0000000000e+00 1.0924018116e-08 -1.1111276554e-08
-2.5757575758e-01 -1.6666666667e-01 0.0000000000e+00 1.1818961699e-08 -1.1978247922e-08
-2.2727272727e-01 -1.6666666667e-01 0.0000000000e+00 1.2794944001e-08 -1.2929366034e-08
-1.9696969697e-01 -1.6666666667e-01 0.0000000000e+00 1.3831466904e-08 -1.3944132769e-08
-1.6666666667e-01 -1.6666666667e-01 0.0000000000e+00 1.4897618162e-08 -1.4991635884e-08
-1.3636363636e-01 -1.6666666667e-01 0.0000000000e+00 1.5962762418e-08 -1.6041240021e-08
-1.0606060606e-01 -1.6666666667e-01 0.0000000000e+00 1.7008366630e-08 -1.7074412137e-08
-7.5757575758e-02 -1.6666666667e-01 0.0000000000e+00 1.8021741619e-08 -1.8078463055e-08
-4.5454545455e-02 -1.6666666667e-01 0.0000000000e+00 1.8971248522e-08 -1.9021753910e-08
-1.5151515152e-02 -1.6666666667e-01 0.0000000000e+00 1.9746462088e-08 -1.9793859452e-08
1.5151515152e-02 -1.6666666667e-01 0.0000000000e+00 2.0091531915e-08 -2.0138929279e-08
4.5454545455e-02 -1.6666666667e-01 0.0000000000e+00 2.0080990912e-08 -2.0131496300e-08
7.5757575758e-02 -1.6666666667e-01 0.0000000000e+00 1.9601211063e-08 -1.9657932499e-08
1.0606060606e-01 -1.6666666667e-01 0.0000000000e+00 1.8661873495e-08 -1.8727919003e-08
1.3636363636e-01 -1.6666666667e-01 0.0000000000e+00 1.7264650675e-08 -1.7343128278e-08
1.6666666667e-01 -1.6666666667e-01 0.0000000000e+00 1.5839785117e-08 -1.5933802840e-08
1.9696969697e-01 -1.6666666667e-01 0.0000000000e+00 1.4386027260e-08 -1.4498693125e-08
2.2727272727e-01 -1.6666666667e-01 0.0000000000e+00 1.3056345581e-08 -1.3190767613e-08
2.5757575758e-01 -1.6666666667e-01 0.0000000000e+00 1.1910249514e-08 -1.2069535737e-08
2.8787878788e-01 -1.6666666667e-01 0.0000000000e+00 1.0928918764e-08 -1.1116177203e-08
3.1818181818e-01 -1.6666666667e-01 0.0000000000e+00 1.0083634594e-08 -1.0301973271e-08
3.4848484848e-01 -1.6666666667e-01 0.0000000000e+00 9.3499568174e-09 -9.6024837571e-09
3.7878787879e-01 -1.6666666667e-01 0.0000000000e+00 8.7084883364e-09 -8.9983115625e-09
4.0909090909e-01 -1.6666666667e-01 0.0000000000e+00 8.1438759705e-09 -8.4741035070e-09
4.3939393939e-01 -1.6666666667e-01 0.0000000000e+00 7.6438537513e-09 -8.0175936220e-09
4.6969696970e-01 -1.6666666667e-01 0.0000000000e+00 7.1985205406e-09 -7.6188807694e-09
5.0000000000e-01 -1.6666666667e-01 0.0000000000e+00 6.7998099336e-09 -7.2698985443e-09
5.3030303030e-01 -1.6666666667e-01 0.0000000000e+00 6.4410969580e-09 -6.9640219746e-09
5.6060606061e-01 -1.6666666667e-01 0.0000000000e+00 6.1169011489e-09 -6.6957705952e-09
5.9090909091e-01 -1.6666666667e-01 0.0000000000e+00 5.8226588553e-09 -6.4605807552e-09
6.2121212121e-01 -1.6666666667e-01 0.0000000000e+00 5.5545464383e-09 -6.2546288157e-09
6.5151515152e-01 -1.6666666667e-01 0.0000000000e+00 5.3093416182e-09 -6.0746924969e-09
6.8181818182e-01 -1.6666666667e-01 0.0000000000e+00 5.0843138491e-09 -5.9180412531e-09
7.1212121212e-01 -1.6666666667e-01 0.0000000000e+00 4.8771370404e-09 -5.7823489934e-09
7.4242424242e-01 -1.6666666667e-01 0.0000000000e+00 4.6858196293e-09 -5.6656241553e-09
7.7272727273e-01 -1.6666666667e-01 0.0000000000e+00 4.5086482319e-09 -5.5661533547e-09
8.0303030303e-01 -1.6666666667e-01 0.0000000000e+00 4.3441419818e-09 -5.4824557252e-09
8.3333333333e-01 -1.6666666667e-01 0.0000000000e+00 4.1910153337e-09 -5.4132457218e-09
8.6363636364e-01 -1.6666666667e-01 0.0000000000e+00 4.0481476071e-09 -5.3574026636e-09
8.9393939394e-01 -1.6666666667e-01 0.0000000000e+00 3.9145579223e-09 -5.3139456711e-09
9.2424242424e-01 -1.6666666667e-01 0.0000000000e+00 3.7893844760e-09 -5.2820129410e-09
9.5454545455e-01 -1.6666666667e-01 0.0000000000e+00 3.6718673232e-09 -5.2608445283e-09
9.8484848485e-01 -1.6666666667e-01 0.0000000000e+00 3.5613340070e-09 -5.2497679759e-09
1.0151515152e+00 -1.6666666667e-01 0.0000000000e+00 3.4571875125e-09 -5.2481862693e-09
1.0454545455e+00 -1.6666666667e-01 0.0000000000e+00 3.3588961265e-09 -5.2555676949e-09
1.0757575758e+00 -1.6666666667e-01 0.0000000000e+00 3.2659848642e-09 -5.2714372682e-09
1.1060606061e+00 -1.6666666667e-01 0.0000000000e+00 3.1780281945e-09 -5.2953694580e-09
1.1363636364e+00 -1.6666666667e-01 0.0000000000e+00 3.0946438416e-09 -5.3269819884e-09
1.1666666667e+00 -1.6666666667e-01 0.0000000000e+00 3.0154874846e-09 -5.3659305385e-09
1.1969696970e+00 -1.6666666667e-01 0.0000000000e+00 2.9402482093e-09 -5.4119041943e-09
1.2272727273e+00 -1.6666666667e-01 0.0000000000e+00 2.8686445917e-09 -5.4646215316e-09
1.2575757576e+00 -1.6666666667e-01 0.0000000000e+00 2.8004213140e-09 -5.5238272327e-09
1.2878787879e+00 -1.6666666667e-01 0.0000000000e+00 2.7353462323e-09 -5.5892891537e-09
1.3181818182e+00 -1.6666666667e-01 0.0000000000e+00 2.6732078266e-09 -5.6607957745e-09
1.3484848485e+00 -1.6666666667e-01 0.0000000000e+00 2.6138129779e-09 -5.7381539762e-09
1.3787878788e+00 -1.6666666667e-01 0.0000000000e+00 2.5569850244e-09 -5.8211870970e-09
1.4090909091e+00 -1.6666666667e-01 0.0000000000e+00 2.5025620572e-09 -5.9097332279e-09
1.4393939394e+00 -1.6666666667e-01 0.0000000000e+00 2.4503954214e-09 -6.0036437141e-09
1.4696969697e+00 -1.6666666667e-01 0.0000000000e+00 2.4003483961e-09 -6.1027818347e-09
1.5000000000e+00 -1.6666666667e-01 0.0000000000e+00 2.3522950270e-09 -6.2070216354e-09
-1.5000000000e+00 -1.3636363636e-01 0.0000000000e+00 2.3578524514e-09 -6.1970389404e-09
-1.4696969697e+00 -1.3636363636e-01 0.0000000000e+00 2.4062704551e-09 -6.0931637743e-09
-1.4393939394e+00 -1.3636363636e-01 0.0000000000e+00 2.4567145339e-09 -5.9944227073e-09
-1.4090909091e+00 -1.3636363636e-01 0.0000000000e+00 2.5093143029e-09 -5.9009453543e-09
-1.3787878788e+00 -1.3636363636e-01 0.0000000000e+00 2.5642106478e-09 -5.8128726010e-09
-1.3484848485e+00 -1.3636363636e-01 0.0000000000e+00 2.6215569740e-09 -5.7303578529e-09
-1.3181818182e+00 -1.3636363636e-01 0.0000000000e+00 2.6815206251e-09 -5.6535684536e-09
-1.2878787879e+00 -1.3636363636e-01 0.0000000000e+00 2.7442844979e-09 -5.5826872998e-09
-1.2575757576e+00 -1.3636363636e-01 0.0000000000e+00 2.8100488861e-09 -5.5179146854e-09
-1.2272727273e+00 -1.3636363636e-01 0.0000000000e+00 2.8790335930e-09 -5.4594704135e-09
-1.1969696970e+00 -1.3636363636e-01 0.0000000000e+00 2.9514803563e-09 -5.4075962219e-09
-1.1666666667e+00 -1.3636363636e-01 0.0000000000e+00 3.0276556441e-09 -5.3625585787e-09
-1.1363636364e+00 -1.3636363636e-01 0.0000000000e+00 3.1078538866e-09 -5.3246519140e-09
-1.1060606061e+00 -1.3636363636e-01 0.0000000000e+00 3.1924012256e-09 -5.2942023697e-09
-1.0757575758e+00 -1.3636363636e-01 0.0000000000e+00 3.2816598806e-09 -5.2715721652e-09
-1.0454545455e+00 -1.3636363636e-01 0.0000000000e+00 3.3760332517e-09 -5.2571647008e-09
-1.0151515152e+00 -1.3636363636e-01 0.0000000000e+00 3.4759719077e-09 -5.2514305452e-09
-9.8484848485e-01 -1.3636363636e-01 0.0000000000e+00 3.5819806421e-09 -5.2548744917e-09
-9.5454545455e-01 -1.3636363636e-01 0.0000000000e+00 3.6946268226e-09 -5.2680639083e-09
-9.2424242424e-01 -1.3636363636e-01 0.0000000000e+00 3.8145503175e-09 -5.2916386631e-09
-8.9393939394e-01 -1.3636363636e-01 0.0000000000e+00 3.9424753516e-09 -5.3263229810e-09
-8.6363636364e-01 -1.3636363636e-01 0.0000000000e+00 4.0792247359e-09 -5.3729396730e-09
-8.3333333333e-01 -1.3636363636e-01 0.0000000000e+00 4.2257370360e-09 -5.4324273046e-09
-8.0303030303e-01 -1.3636363636e-01 0.0000000000e+00 4.3830873924e-09 -5.5058610165e-09
-7.7272727273e-01 -1.3636363636e-01 0.0000000000e+00 4.5525129124e-09 -5.5944779158e-09
-7.4242424242e-01 -1.3636363636e-01 0.0000000000e+00 4.7354438051e-09 -5.6997082117e-09
-7.1212121212e-01 -1.3636363636e-01 0.0000000000e+00 4.9335417786e-09 -5.8232136123e-09
-6.8181818182e-01 -1.3636363636e-01 0.0000000000e+00 5.1487476545e-09 -5.9669349391e-09
-6.5151515152e-01 -1.3636363636e-01 0.0000000000e+00 5.3833407308e-09 -6.1331514902e-09
-6.2121212121e-01 -1.3636363636e-01 0.0000000000e+00 5.6400131503e-09 -6.3245554083e-09
-5.9090909091e-01 -1.3636363636e-01 0.0000000000e+00 5.9219634327e-09 -6.5443452133e-09
-5.6060606061e-01 -1.3636363636e-01 0.0000000000e+00 6.2330143717e-09 -6.7963436987e-09
-5.3030303030e-01 -1.3636363636e-01 0.0000000000e+00 6.5777615445e-09 -7.0851464418e-09
-5.0000000000e-01 -1.3636363636e-01 0.0000000000e+00 6.9617593073e-09 -7.4163077987e-09
-4.6969696970e-01 -1.3636363636e-01 0.0000000000e+00 7.3917502567e-09 -7.7965703661e-09
-4.3939393939e-01 -1.3636363636e-01 0.0000000000e+00 7.8759390685e-09 -8.2341388198e-09
-4.0909090909e-01 -1.3636363636e-01 0.0000000000e+00 8.4242961294e-09 -8.7389835466e-09
-3.7878787879e-01 -1.3636363636e-01 0.0000000000e+00 9.0488361071e-09 -9.3231192139e-09
-3.4848484848e-01 -1.3636363636e-01 0.0000000000e+00 9.7637195239e-09 -1.0000706344e-08
-3.1818181818e-01 -1.3636363636e-01 0.0000000000e+00 1.0584804621e-08 -1.0787603179e-08
-2.8787878788e-01 -1.3636363636e-01 0.0000000000e+00 1.1527820436e-08 -1.1699538755e-08
-2.5757575758e-01 -1.3636363636e-01 0.0000000000e+00 1.2603635273e-08 -1.2747381377e-08
-2.2727272727e-01 -1.3636363636e-01 0.0000000000e+00 1.3809302766e-08 -1.3928184679e-08
-1.9696969697e-01 -1.3636363636e-01 0.0000000000e+00 1.5118360569e-08 -1.5215486315e-08
-1.6666666667e-01 -1.3636363636e-01 0.0000000000e+00 1.6479482918e-08 -1.6557960521e-08
-1.3636363636e-01 -1.3636363636e-01 0.0000000000e+00 1.7838037754e-08 -1.7900975238e-08
-1.0606060606e-01 -1.3636363636e-01 0.0000000000e+00 1.9191131160e-08 -1.9241636548e-08
-7.5757575758e-02 -1.3636363636e-01 0.0000000000e+00 2.0487956152e-08 -2.0529137469e-08
-4.5454545455e-02 -1.3636363636e-01 0.0000000000e+00 2.1478743676e-08 -2.1513708945e-08
-1.5151515152e-02 -1.3636363636e-01 0.0000000000e+00 nan nan
1.5151515152e-02 -1.3636363636e-01 0.0000000000e+00 nan nan
4.5454545455e-02 -1.3636363636e-01 0.0000000000e+00 2.2236064185e-08 -2.2271029454e-08
7.5757575758e-02 -1.3636363636e-01 0.0000000000e+00 2.1718859740e-08 -2.1760041056e-08
1.0606060606e-01 -1.3636363636e-01 0.0000000000e+00 2.0771799958e-08 -2.0822305346e-08
1.3636363636e-01 -1.3636363636e-01 0.0000000000e+00 1.9375174842e-08 -1.9438112325e-08
1.6666666667e-01 -1.3636363636e-01 0.0000000000e+00 1.7706629738e-08 -1.7785107341e-08
1.9696969697e-01 -1.3636363636e-01 0.0000000000e+00 1.5729131016e-08 -1.5826256762e-08
2.2727272727e-01 -1.3636363636e-01 0.0000000000e+00 1.3967053538e-08 -1.4085935452e-08
2.5757575758e-01 -1.3636363636e-01 0.0000000000e+00 1.2575520059e-08 -1.2719266163e-08
2.8787878788e-01 -1.3636363636e-01 0.0000000000e+00 1.1434594802e-08 -1.1606313121e-08
3.1818181818e-01 -1.3636363636e-01 0.0000000000e+00 1.0477741650e-08 -1.0680540208e-08
3.4848484848e-01 -1.3636363636e-01 0.0000000000e+00 9.6627880919e-09 -9.8997749123e-09
3.7878787879e-01 -1.3636363636e-01 0.0000000000e+00 8.9605074293e-09 -9.2347905361e-09
4.0909090909e-01 -1.3636363636e-01 0.0000000000e+00 8.3494955935e-09 -8.6641830106e-09
4.3939393939e-01 -1.3636363636e-01 0.0000000000e+00 7.8135110636e-09 -8.1717108150e-09
4.6969696970e-01 -1.3636363636e-01 0.0000000000e+00 7.3399292171e-09 -7.7447493266e-09
5.0000000000e-01 -1.3636363636e-01 0.0000000000e+00 6.9187640365e-09 -7.3733125279e-09
5.3030303030e-01 -1.3636363636e-01 0.0000000000e+00 6.5420089459e-09 -7.0493938432e-09
5.6060606061e-01 -1.3636363636e-01 0.0000000000e+00 6.2031724942e-09 -6.7665018212e-09
5.9090909091e-01 -1.3636363636e-01 0.0000000000e+00 5.8969408427e-09 -6.5193226233e-09
6.2121212121e-01 -1.3636363636e-01 0.0000000000e+00 5.6189267944e-09 -6.3034690524e-09
6.5151515152e-01 -1.3636363636e-01 0.0000000000e+00 5.3654799555e-09 -6.1152907148e-09
6.8181818182e-01 -1.3636363636e-01 0.0000000000e+00 5.1335411857e-09 -5.9517284703e-09
7.1212121212e-01 -1.3636363636e-01 0.0000000000e+00 4.9205297441e-09 -5.8102015777e-09
7.4242424242e-01 -1.3636363636e-01 0.0000000000e+00 4.7242549306e-09 -5.6885193372e-09
7.7272727273e-01 -1.3636363636e-01 0.0000000000e+00 4.5428463042e-09 -5.5848113076e-09
8.0303030303e-01 -1.3636363636e-01 0.0000000000e+00 4.3746981306e-09 -5.4974717547e-09
8.3333333333e-01 -1.3636363636e-01 0.0000000000e+00 4.2184248336e-09 -5.4251151023e-09
8.6363636364e-01 -1.3636363636e-01 0.0000000000e+00 4.0728250213e-09 -5.3665399584e-09
8.9393939394e-01 -1.3636363636e-01 0.0000000000e+00 3.9368522486e-09 -5.3206998780e-09
9.2424242424e-01 -1.3636363636e-01 0.0000000000e+00 3.8095911073e-09 -5.2866794529e-09
9.5454545455e-01 -1.3636363636e-01 0.0000000000e+00 3.6902375591e-09 -5.2636746448e-09
9.8484848485e-01 -1.3636363636e-01 0.0000000000e+00 3.5780826687e-09 -5.2509765184e-09
1.0151515152e+00 -1.3636363636e-01 0.0000000000e+00 3.4724990773e-09 -5.2479577147e-09
1.0454545455e+00 -1.3636363636e-01 0.0000000000e+00 3.3729296988e-09 -5.2540611479e-09
1.0757575758e+00 -1.3636363636e-01 0.0000000000e+00 3.2788782289e-09 -5.2687905136e-09
1.1060606061e+00 -1.3636363636e-01 0.0000000000e+00 3.1899011378e-09 -5.2917022819e-09
1.1363636364e+00 -1.3636363636e-01 0.0000000000e+00 3.1056008872e-09 -5.3223989146e-09
1.1666666667e+00 -1.3636363636e-01 0.0000000000e+00 3.0256201591e-09 -5.3605230936e-09
1.1969696970e+00 -1.3636363636e-01 0.0000000000e+00 2.9496369264e-09 -5.4057527919e-09
1.2272727273e+00 -1.3636363636e-01 0.0000000000e+00 2.8773602267e-09 -5.4577970472e-09
1.2575757576e+00 -1.3636363636e-01 0.0000000000e+00 2.8085265255e-09 -5.5163923248e-09
1.2878787879e+00 -1.3636363636e-01 0.0000000000e+00 2.7428965749e-09 -5.5812993769e-09
1.3181818182e+00 -1.3636363636e-01 0.0000000000e+00 2.6802526934e-09 -5.6523005219e-09
1.3484848485e+00 -1.3636363636e-01 0.0000000000e+00 2.6203964001e-09 -5.7291972791e-09
1.3787878788e+00 -1.3636363636e-01 0.0000000000e+00 2.5631463531e-09 -5.8118083063e-09
1.4090909091e+00 -1.3636363636e-01 0.0000000000e+00 2.5083365459e-09 -5.8999675973e-09
1.4393939394e+00 -1.3636363636e-01 0.0000000000e+00 2.4558147269e-09 -5.9935229003e-09
1.4696969697e+00 -1.3636363636e-01 0.0000000000e+00 2.4054410085e-09 -6.0923343277e-09
1.5000000000e+00 -1.3636363636e-01 0.0000000000e+00 2.3570866417e-09 -6.1962731308e-09
-1.5000000000e+00 -1.0606060606e-01 0.0000000000e+00 2.3617222043e-09 -6.1884765979e-09
-1.4696969697e+00 -1.0606060606e-01 0.0000000000e+00 2.4103852494e-09 -6.0848464732e-09
-1.4393939394e+00 -1.0606060606e-01 0.0000000000e+00 2.4610955277e-09 -5.9863716056e-09
-1.4090909091e+00 -1.0606060606e-01 0.0000000000e+00 2.5139849911e-09 -5.8931839469e-09
-1.3787878788e+00 -1.0606060606e-01 0.0000000000e+00 2.5691971793e-09 -5.8054270370e-09
-1.3484848485e+00 -1.0606060606e-01 0.0000000000e+00 2.6268885207e-09 -5.7232573041e-09
-1.3181818182e+00 -1.0606060606e-01 0.0000000000e+00 2.6872298114e-09 -5.6468455444e-09
-1.2878787879e+00 -1.0606060606e-01 0.0000000000e+00 2.7504079039e-09 -5.5763786104e-09
-1.2575757576e+00 -1.0606060606e-01 0.0000000000e+00 2.8166276387e-09 -5.5120613425e-09
-1.2272727273e+00 -1.0606060606e-01 0.0000000000e+00 2.8861140620e-09 -5.4541187871e-09
-1.1969696970e+00 -1.0606060606e-01 0.0000000000e+00 2.9591149797e-09 -5.4027987498e-09
-1.1666666667e+00 -1.0606060606e-01 0.0000000000e+00 3.0359039083e-09 -5.3583747473e-09
-1.1363636364e+00 -1.0606060606e-01 0.0000000000e+00 3.1167834969e-09 -5.3211494287e-09
-1.1060606061e+00 -1.0606060606e-01 0.0000000000e+00 3.2020895111e-09 -5.2914585597e-09
-1.0757575758e+00 -1.0606060606e-01 0.0000000000e+00 3.2921954877e-09 -5.2696756768e-09
-1.0454545455e+00 -1.0606060606e-01 0.0000000000e+00 3.3875181963e-09 -5.2562175499e-09
-1.0151515152e+00 -1.0606060606e-01 0.0000000000e+00 3.4885240769e-09 -5.2515506188e-09
-9.8484848485e-01 -1.0606060606e-01 0.0000000000e+00 3.5957368601e-09 -5.2561986142e-09
-9.5454545455e-01 -1.0606060606e-01 0.0000000000e+00 3.7097466335e-09 -5.2707516237e-09
-9.2424242424e-01 -1.0606060606e-01 0.0000000000e+00 3.8312206814e-09 -5.2958769315e-09
-8.9393939394e-01 -1.0606060606e-01 0.0000000000e+00 3.9609165171e-09 -5.3323320510e-09
-8.6363636364e-01 -1.0606060606e-01 0.0000000000e+00 4.0996976386e-09 -5.3809804802e-09
-8.3333333333e-01 -1.0606060606e-01 0.0000000000e+00 4.2485526936e-09 -5.4428108668e-09
-8.0303030303e-01 -1.0606060606e-01 0.0000000000e+00 4.4086189400e-09 -5.5189604686e-09
-7.7272727273e-01 -1.0606060606e-01 0.0000000000e+00 4.5812111588e-09 -5.6107440667e-09
-7.4242424242e-01 -1.0606060606e-01 0.0000000000e+00 4.7678575430e-09 -5.7196898541e-09
-7.1212121212e-01 -1.0606060606e-01 0.0000000000e+00 4.9703445815e-09 -5.8475843196e-09
-6.8181818182e-01 -1.0606060606e-01 0.0000000000e+00 5.1907736386e-09 -5.9965288277e-09
-6.5151515152e-01 -1.0606060606e-01 0.0000000000e+00 5.4316328703e-09 -6.1690115342e-09
-6.2121212121e-01 -1.0606060606e-01 0.0000000000e+00 5.6958894216e-09 -6.3679995842e-09
-5.9090909091e-01 -1.0606060606e-01 0.0000000000e+00 5.9871086614e-09 -6.5970583465e-09
-5.6060606061e-01 -1.0606060606e-01 0.0000000000e+00 6.3096097243e-09 -6.8605069558e-09
-5.3030303030e-01 -1.0606060606e-01 0.0000000000e+00 6.6686700699e-09 -7.1636228717e-09
-5.0000000000e-01 -1.0606060606e-01 0.0000000000e+00 7.0707963377e-09 -7.5129127336e-09
-4.6969696970e-01 -1.0606060606e-01 0.0000000000e+00 7.5240843881e-09 -7.9164724021e-09
-4.3939393939e-01 -1.0606060606e-01 0.0000000000e+00 8.0386969772e-09 -8.3844646331e-09
-4.0909090909e-01 -1.0606060606e-01 0.0000000000e+00 8.6274886364e-09 -8.9297439580e-09
-3.7878787879e-01 -1.0606060606e-01 0.0000000000e+00 9.3067899640e-09 -9.5686409753e-09
-3.4848484848e-01 -1.0606060606e-01 0.0000000000e+00 1.0097285206e-08 -1.0321839931e-08
-3.1818181818e-01 -1.0606060606e-01 0.0000000000e+00 1.1024653087e-08 -1.1215019549e-08
-2.8787878788e-01 -1.0606060606e-01 0.0000000000e+00 1.2118838777e-08 -1.2278125000e-08
-2.5757575758e-01 -1.0606060606e-01 0.0000000000e+00 1.3408651102e-08 -1.3539965111e-08
-2.2727272727e-01 -1.0606060606e-01 0.0000000000e+00 1.4905025015e-08 -1.5011474833e-08
-1.9696969697e-01 -1.0606060606e-01 0.0000000000e+00 1.6577302897e-08 -1.6661996547e-08
-1.6666666667e-01 -1.0606060606e-01 0.0000000000e+00 1.8336273762e-08 -1.8402319269e-08
-1.3636363636e-01 -1.0606060606e-01 0.0000000000e+00 1.9978045269e-08 -2.0028550657e-08
-1.0606060606e-01 -1.0606060606e-01 0.0000000000e+00 2.1429027541e-08 -2.1467100833e-08
-7.5757575758e-02 -1.0606060606e-01 0.0000000000e+00 nan nan
-4.5454545455e-02 -1.0606060606e-01 0.0000000000e+00 nan nan
-1.5151515152e-02 -1.0606060606e-01 0.0000000000e+00 nan nan
1.5151515152e-02 -1.0606060606e-01 0.0000000000e+00 nan nan
4.5454545455e-02 -1.0606060606e-01 0.0000000000e+00 nan nan
7.5757575758e-02 -1.0606060606e-01 0.0000000000e+00 nan nan
1.0606060606e-01 -1.0606060606e-01 0.0000000000e+00 2.2358193909e-08 -2.2396267202e-08
1.3636363636e-01 -1.0606060606e-01 0.0000000000e+00 2.0941205214e-08 -2.0991710602e-08
1.6666666667e-01 -1.0606060606e-01 0.0000000000e+00 1.9127116348e-08 -1.9193161855e-08
1.9696969697e-01 -1.0606060606e-01 0.0000000000e+00 1.6863943866e-08 -1.6948637516e-08
2.2727272727e-01 -1.0606060606e-01 0.0000000000e+00 1.4758478922e-08 -1.4864928740e-08
2.5757575758e-01 -1.0606060606e-01 0.0000000000e+00 1.3158637445e-08 -1.3289951454e-08
2.8787878788e-01 -1.0606060606e-01 0.0000000000e+00 1.1877313954e-08 -1.2036600178e-08
3.1818181818e-01 -1.0606060606e-01 0.0000000000e+00 1.0820939828e-08 -1.1011306290e-08
3.4848484848e-01 -1.0606060606e-01 0.0000000000e+00 9.9333269047e-09 -1.0157881630e-08
3.7878787879e-01 -1.0606060606e-01 0.0000000000e+00 9.1768828731e-09 -9.4387338844e-09
4.0909090909e-01 -1.0606060606e-01 0.0000000000e+00 8.5248126279e-09 -8.8270679496e-09
4.3939393939e-01 -1.0606060606e-01 0.0000000000e+00 7.9572457710e-09 -8.3030134269e-09
4.6969696970e-01 -1.0606060606e-01 0.0000000000e+00 7.4590469959e-09 -7.8514350098e-09
5.0000000000e-01 -1.0606060606e-01 0.0000000000e+00 7.0184587364e-09 -7.4605751323e-09
5.3030303030e-01 -1.0606060606e-01 0.0000000000e+00 6.6262044251e-09 -7.1211572269e-09
5.6060606061e-01 -1.0606060606e-01 0.0000000000e+00 6.2748694475e-09 -6.8257666790e-09
5.9090909091e-01 -1.0606060606e-01 0.0000000000e+00 5.9584603156e-09 -6.5684100007e-09
6.2121212121e-01 -1.0606060606e-01 0.0000000000e+00 5.6720834551e-09 -6.3441936176e-09
6.5151515152e-01 -1.0606060606e-01 0.0000000000e+00 5.4117069120e-09 -6.1490855759e-09
6.8181818182e-01 -1.0606060606e-01 0.0000000000e+00 5.1739809464e-09 -5.9797361354e-09
7.1212121212e-01 -1.0606060606e-01 0.0000000000e+00 4.9561012399e-09 -5.8333409780e-09
7.4242424242e-01 -1.0606060606e-01 0.0000000000e+00 4.7557034234e-09 -5.7075357345e-09
7.7272727273e-01 -1.0606060606e-01 0.0000000000e+00 4.5707809258e-09 -5.6003138337e-09
8.0303030303e-01 -1.0606060606e-01 0.0000000000e+00 4.3996203904e-09 -5.5099619191e-09
8.3333333333e-01 -1.0606060606e-01 0.0000000000e+00 4.2407504665e-09 -5.4350086397e-09
8.6363636364e-01 -1.0606060606e-01 0.0000000000e+00 4.0929008769e-09 -5.3741837185e-09
8.9393939394e-01 -1.0606060606e-01 0.0000000000e+00 3.9549694556e-09 -5.3263849896e-09
9.2424242424e-01 -1.0606060606e-01 0.0000000000e+00 3.8259954152e-09 -5.2906516653e-09
9.5454545455e-01 -1.0606060606e-01 0.0000000000e+00 3.7051375224e-09 -5.2661425126e-09
9.8484848485e-01 -1.0606060606e-01 0.0000000000e+00 3.5916561697e-09 -5.2521179238e-09
1.0151515152e+00 -1.0606060606e-01 0.0000000000e+00 3.4848985597e-09 -5.2479251016e-09
1.0454545455e+00 -1.0606060606e-01 0.0000000000e+00 3.3842863939e-09 -5.2529857475e-09
1.0757575758e+00 -1.0606060606e-01 0.0000000000e+00 3.2893055877e-09 -5.2667857769e-09
1.1060606061e+00 -1.0606060606e-01 0.0000000000e+00 3.1994976356e-09 -5.2888666842e-09
1.1363636364e+00 -1.0606060606e-01 0.0000000000e+00 3.1144523269e-09 -5.3188182588e-09
1.1666666667e+00 -1.0606060606e-01 0.0000000000e+00 3.0338015734e-09 -5.3562724124e-09
1.1969696970e+00 -1.0606060606e-01 0.0000000000e+00 2.9572141557e-09 -5.4008979258e-09
1.2272727273e+00 -1.0606060606e-01 0.0000000000e+00 2.8843912351e-09 -5.4523959601e-09
1.2575757576e+00 -1.0606060606e-01 0.0000000000e+00 2.8150625017e-09 -5.5104962056e-09
1.2878787879e+00 -1.0606060606e-01 0.0000000000e+00 2.7489828596e-09 -5.5749535661e-09
1.3181818182e+00 -1.0606060606e-01 0.0000000000e+00 2.6859295608e-09 -5.6455452938e-09
1.3484848485e+00 -1.0606060606e-01 0.0000000000e+00 2.6256997216e-09 -5.7220685050e-09
1.3787878788e+00 -1.0606060606e-01 0.0000000000e+00 2.5681081612e-09 -5.8043380189e-09
1.4090909091e+00 -1.0606060606e-01 0.0000000000e+00 2.5129855163e-09 -5.8921844722e-09
1.4393939394e+00 -1.0606060606e-01 0.0000000000e+00 2.4601765911e-09 -5.9854526690e-09
1.4696969697e+00 -1.0606060606e-01 0.0000000000e+00 2.4095389089e-09 -6.0840001327e-09
1.5000000000e+00 -1.0606060606e-01 0.0000000000e+00 2.3609414377e-09 -6.1876958312e-09
-1.5000000000e+00 -7.5757575758e-02 0.0000000000e+00 2.3646374672e-09 -6.1820677891e-09
-1.4696969697e+00 -7.5757575758e-02 0.0000000000e+00 2.4134856988e-09 -6.0786228510e-09
-1.4393939394e+00 -7.5757575758e-02 0.0000000000e+00 2.4643972198e-09 -5.9803492260e-09
-1.4090909091e+00 -7.5757575758e-02 0.0000000000e+00 2.5175057646e-09 -5.8873806488e-09
-1.3787878788e+00 -7.5757575758e-02 0.0000000000e+00 2.5729568992e-09 -5.7998626853e-09
-1.3484848485e+00 -7.5757575758e-02 0.0000000000e+00 2.6309093613e-09 -5.7179540731e-09
-1.3181818182e+00 -7.5757575758e-02 0.0000000000e+00 2.6915365873e-09 -5.6418282487e-09
-1.2878787879e+00 -7.5757575758e-02 0.0000000000e+00 2.7550284574e-09 -5.5716750922e-09
-1.2575757576e+00 -7.5757575758e-02 0.0000000000e+00 2.8215932957e-09 -5.5077029279e-09
-1.2272727273e+00 -7.5757575758e-02 0.0000000000e+00 2.8914601701e-09 -5.4501408235e-09
-1.1969696970e+00 -7.5757575758e-02 0.0000000000e+00 2.9648815463e-09 -5.3992412447e-09
-1.1666666667e+00 -7.5757575758e-02 0.0000000000e+00 3.0421363602e-09 -5.3552831276e-09
-1.1363636364e+00 -7.5757575758e-02 0.0000000000e+00 3.1235335896e-09 -5.3185754499e-09
-1.1060606061e+00 -7.5757575758e-02 0.0000000000e+00 3.2094164215e-09 -5.2894613984e-09
-1.0757575758e+00 -7.5757575758e-02 0.0000000000e+00 3.3001671339e-09 -5.2683232514e-09
-1.0454545455e+00 -7.5757575758e-02 0.0000000000e+00 3.3962128421e-09 -5.2555881241e-09
-1.0151515152e+00 -7.5757575758e-02 0.0000000000e+00 3.4980322914e-09 -5.2517347617e-09
-9.8484848485e-01 -7.5757575758e-02 0.0000000000e+00 3.6061639273e-09 -5.2573016098e-09
-9.5454545455e-01 -7.5757575758e-02 0.0000000000e+00 3.7212155336e-09 -5.2728964522e-09
-9.2424242424e-01 -7.5757575758e-02 0.0000000000e+00 3.8438758060e-09 -5.2992079846e-09
-8.9393939394e-01 -7.5757575758e-02 0.0000000000e+00 3.9749283329e-09 -5.3370197952e-09
-8.6363636364e-01 -7.5757575758e-02 0.0000000000e+00 4.1152685884e-09 -5.3872273584e-09
-8.3333333333e-01 -7.5757575758e-02 0.0000000000e+00 4.2659247278e-09 -5.4508588294e-09
-8.0303030303e-01 -7.5757575758e-02 0.0000000000e+00 4.4280832168e-09 -5.5291006738e-09
-7.7272727273e-01 -7.5757575758e-02 0.0000000000e+00 4.6031206638e-09 -5.6233295000e-09
-7.4242424242e-01 -7.5757575758e-02 0.0000000000e+00 4.7926436831e-09 -5.7351519226e-09
-7.1212121212e-01 -7.5757575758e-02 0.0000000000e+00 4.9985392621e-09 -5.8664549287e-09
-6.8181818182e-01 -7.5757575758e-02 0.0000000000e+00 5.2230390108e-09 -6.0194701283e-09
-6.5151515152e-01 -7.5757575758e-02 0.0000000000e+00 5.4688019743e-09 -6.1968565665e-09
-6.2121212121e-01 -7.5757575758e-02 0.0000000000e+00 5.7390225670e-09 -6.4018086579e-09
-5.9090909091e-01 -7.5757575758e-02 0.0000000000e+00 6.0375729542e-09 -6.6381985676e-09
-5.6060606061e-01 -7.5757575758e-02 0.0000000000e+00 6.3691933166e-09 -6.9107664765e-09
-5.3030303030e-01 -7.5757575758e-02 0.0000000000e+00 6.7397496403e-09 -7.2253783705e-09
-5.0000000000e-01 -7.5757575758e-02 0.0000000000e+00 7.1565881033e-09 -7.5893804276e-09
-4.6969696970e-01 -7.5757575758e-02 0.0000000000e+00 7.6290295480e-09 -8.0120934904e-09
-4.3939393939e-01 -7.5757575758e-02 0.0000000000e+00 8.1690693141e-09 -8.5055128984e-09
-4.0909090909e-01 -7.5757575758e-02 0.0000000000e+00 8.7923792044e-09 -9.0853104544e-09
-3.7878787879e-01 -7.5757575758e-02 0.0000000000e+00 9.5197474316e-09 -9.7722743713e-09
-3.4848484848e-01 -7.5757575758e-02 0.0000000000e+00 1.0379112616e-08 -1.0594343269e-08
-3.1818181818e-01 -7.5757575758e-02 0.0000000000e+00 1.1408213841e-08 -1.1589256232e-08
-2.8787878788e-01 -7.5757575758e-02 0.0000000000e+00 1.2656987450e-08 -1.2806949602e-08
-2.5757575758e-01 -7.5757575758e-02 0.0000000000e+00 1.4184677122e-08 -1.4306667059e-08
-2.2727272727e-01 -7.5757575758e-02 0.0000000000e+00 1.6031602912e-08 -1.6128728658e-08
-1.9696969697e-01 -7.5757575758e-02 0.0000000000e+00 1.8128391735e-08 -1.8203761314e-08
-1.6666666667e-01 -7.5757575758e-02 0.0000000000e+00 2.0036388553e-08 -2.0093109989e-08
-1.3636363636e-01 -7.5757575758e-02 0.0000000000e+00 2.1742627734e-08 -2.1783809050e-08
-1.0606060606e-01 -7.5757575758e-02 0.0000000000e+00 nan nan
-7.5757575758e-02 -7.5757575758e-02 0.0000000000e+00 nan nan
-4.5454545455e-02 -7.5757575758e-02 0.0000000000e+00 nan nan
-1.5151515152e-02 -7.5757575758e-02 0.0000000000e+00 nan nan
1.5151515152e-02 -7.5757575758e-02 0.0000000000e+00 nan nan
4.5454545455e-02 -7.5757575758e-02 0.0000000000e+00 nan nan
7.5757575758e-02 -7.5757575758e-02 0.0000000000e+00 nan nan
1.0606060606e-01 -7.5757575758e-02 0.0000000000e+00 nan nan
1.3636363636e-01 -7.5757575758e-02 0.0000000000e+00 2.2002831847e-08 -2.2044013164e-08
1.6666666667e-01 -7.5757575758e-02 0.0000000000e+00 2.0031986666e-08 -2.0088708102e-08
1.9696969697e-01 -7.5757575758e-02 0.0000000000e+00 1.7536518076e-08 -1.7611887655e-08
2.2727272727e-01 -7.5757575758e-02 0.0000000000e+00 1.5337711630e-08 -1.5434837376e-08
2.5757575758e-01 -7.5757575758e-02 0.0000000000e+00 1.3613038414e-08 -1.3735028351e-08
2.8787878788e-01 -7.5757575758e-02 0.0000000000e+00 1.2229182686e-08 -1.2379144838e-08
3.1818181818e-01 -7.5757575758e-02 0.0000000000e+00 1.1094868894e-08 -1.1275911285e-08
3.4848484848e-01 -7.5757575758e-02 0.0000000000e+00 1.0148856020e-08 -1.0364086673e-08
3.7878787879e-01 -7.5757575758e-02 0.0000000000e+00 9.3485348558e-09 -9.6010617954e-09
4.0909090909e-01 -7.5757575758e-02 0.0000000000e+00 8.6632094002e-09 -8.9561406502e-09
4.3939393939e-01 -7.5757575758e-02 0.0000000000e+00 8.0701571327e-09 -8.4066007169e-09
4.6969696970e-01 -7.5757575758e-02 0.0000000000e+00 7.5521948548e-09 -7.9352587971e-09
5.0000000000e-01 -7.5757575758e-02 0.0000000000e+00 7.0960979690e-09 -7.5288902934e-09
5.3030303030e-01 -7.5757575758e-02 0.0000000000e+00 6.6915339495e-09 -7.1771626797e-09
5.6060606061e-01 -7.5757575758e-02 0.0000000000e+00 6.3303217997e-09 -6.8718949596e-09
5.9090909091e-01 -7.5757575758e-02 0.0000000000e+00 6.0059062388e-09 -6.6065318523e-09
6.2121212121e-01 -7.5757575758e-02 0.0000000000e+00 5.7129774399e-09 -6.3757635308e-09
6.5151515152e-01 -7.5757575758e-02 0.0000000000e+00 5.4471916593e-09 -6.1752462516e-09
6.8181818182e-01 -7.5757575758e-02 0.0000000000e+00 5.2049630955e-09 -6.0013942130e-09
7.1212121212e-01 -7.5757575758e-02 0.0000000000e+00 4.9833068385e-09 -5.8512225050e-09
7.4242424242e-01 -7.5757575758e-02 0.0000000000e+00 4.7797189813e-09 -5.7222272207e-09
7.7272727273e-01 -7.5757575758e-02 0.0000000000e+00 4.5920841110e-09 -5.6122929473e-09
8.0303030303e-01 -7.5757575758e-02 0.0000000000e+00 4.4186032090e-09 -5.5196206660e-09
8.3333333333e-01 -7.5757575758e-02 0.0000000000e+00 4.2577369319e-09 -5.4426710335e-09
8.6363636364e-01 -7.5757575758e-02 0.0000000000e+00 4.1081606028e-09 -5.3801193728e-09
8.9393939394e-01 -7.5757575758e-02 0.0000000000e+00 3.9687282023e-09 -5.3308196646e-09
9.2424242424e-01 -7.5757575758e-02 0.0000000000e+00 3.8384433395e-09 -5.2937755180e-09
9.5454545455e-01 -7.5757575758e-02 0.0000000000e+00 3.7164356821e-09 -5.2681166006e-09
9.8484848485e-01 -7.5757575758e-02 0.0000000000e+00 3.6019416889e-09 -5.2530793714e-09
1.0151515152e+00 -7.5757575758e-02 0.0000000000e+00 3.4942887598e-09 -5.2479912301e-09
1.0454545455e+00 -7.5757575758e-02 0.0000000000e+00 3.3928821192e-09 -5.2522574012e-09
1.0757575758e+00 -7.5757575758e-02 0.0000000000e+00 3.2971938992e-09 -5.2653500168e-09
1.1060606061e+00 -7.5757575758e-02 0.0000000000e+00 3.2067540064e-09 -5.2867989834e-09
1.1363636364e+00 -7.5757575758e-02 0.0000000000e+00 3.1211424412e-09 -5.3161843014e-09
1.1666666667e+00 -7.5757575758e-02 0.0000000000e+00 3.0399828085e-09 -5.3531295759e-09
1.1969696970e+00 -7.5757575758e-02 0.0000000000e+00 2.9629368098e-09 -5.3972965083e-09
1.2272727273e+00 -7.5757575758e-02 0.0000000000e+00 2.8896995482e-09 -5.4483802016e-09
1.2575757576e+00 -7.5757575758e-02 0.0000000000e+00 2.8199955097e-09 -5.5061051419e-09
1.2878787879e+00 -7.5757575758e-02 0.0000000000e+00 2.7535751109e-09 -5.5702217457e-09
1.3181818182e+00 -7.5757575758e-02 0.0000000000e+00 2.6902117208e-09 -5.6405033822e-09
1.3484848485e+00 -7.5757575758e-02 0.0000000000e+00 2.6296990845e-09 -5.7167437963e-09
1.3787878788e+00 -7.5757575758e-02 0.0000000000e+00 2.5718490845e-09 -5.7987548706e-09
1.4090909091e+00 -7.5757575758e-02 0.0000000000e+00 2.5164897920e-09 -5.8863646762e-09
1.4393939394e+00 -7.5757575758e-02 0.0000000000e+00 2.4634637626e-09 -5.9794157689e-09
1.4696969697e+00 -7.5757575758e-02 0.0000000000e+00 2.4126265440e-09 -6.0777636961e-09
1.5000000000e+00 -7.5757575758e-02 0.0000000000e+00 2.3638453630e-09 -6.1812756849e-09
-1.5000000000e+00 -4.5454545455e-02 0.0000000000e+00 2.3665874183e-09 -6.1778016925e-09
-1.4696969697e+00 -4.5454545455e-02 0.0000000000e+00 2.4155598084e-09 -6.0744809128e-09
-1.4393939394e+00 -4.5454545455e-02 0.0000000000e+00 2.4666062858e-09 -5.9763422443e-09
-1.4090909091e+00 -4.5454545455e-02 0.0000000000e+00 2.5198617883e-09 -5.8835206248e-09
-1.3787878788e+00 -4.5454545455e-02 0.0000000000e+00 2.5754732506e-09 -5.7961629889e-09
-1.3484848485e+00 -4.5454545455e-02 0.0000000000e+00 2.6336009712e-09 -5.7144296353e-09
-1.3181818182e+00 -4.5454545455e-02 0.0000000000e+00 2.6944201723e-09 -5.6384957860e-09
-1.2878787879e+00 -4.5454545455e-02 0.0000000000e+00 2.7581227833e-09 -5.5685533704e-09
-1.2575757576e+00 -4.5454545455e-02 0.0000000000e+00 2.8249194876e-09 -5.5048130720e-09
-1.2272727273e+00 -4.5454545455e-02 0.0000000000e+00 2.8950420794e-09 -5.4475066850e-09
-1.1969696970e+00 -4.5454545455e-02 0.0000000000e+00 2.9687461856e-09 -5.3968898363e-09
-1.1666666667e+00 -4.5454545455e-02 0.0000000000e+00 3.0463144228e-09 -5.3532451425e-09
-1.1363636364e+00 -4.5454545455e-02 0.0000000000e+00 3.1280600709e-09 -5.3168858834e-09
-1.1060606061e+00 -4.5454545455e-02 0.0000000000e+00 3.2143313672e-09 -5.2881602964e-09
-1.0757575758e+00 -4.5454545455e-02 0.0000000000e+00 3.3055165464e-09 -5.2674566162e-09
-1.0454545455e+00 -4.5454545455e-02 0.0000000000e+00 3.4020497827e-09 -5.2552090170e-09
-1.0151515152e+00 -4.5454545455e-02 0.0000000000e+00 3.5044182297e-09 -5.2519046523e-09
-9.8484848485e-01 -4.5454545455e-02 0.0000000000e+00 3.6131704043e-09 -5.2580920390e-09
-9.5454545455e-01 -4.5454545455e-02 0.0000000000e+00 3.7289262237e-09 -5.2743910945e-09
-9.2424242424e-01 -4.5454545455e-02 0.0000000000e+00 3.8523890941e-09 -5.3015052248e-09
-8.9393939394e-01 -4.5454545455e-02 0.0000000000e+00 3.9843605577e-09 -5.3402359723e-09
-8.6363636364e-01 -4.5454545455e-02 0.0000000000e+00 4.1257581613e-09 -5.3915008836e-09
-8.3333333333e-01 -4.5454545455e-02 0.0000000000e+00 4.2776374078e-09 -5.4563554616e-09
-8.0303030303e-01 -4.5454545455e-02 0.0000000000e+00 4.4412189339e-09 -5.5360203432e-09
-7.7272727273e-01 -4.5454545455e-02 0.0000000000e+00 4.6179224376e-09 -5.6319152261e-09
-7.4242424242e-01 -4.5454545455e-02 0.0000000000e+00 4.8094094147e-09 -5.7457016064e-09
-7.1212121212e-01 -4.5454545455e-02 0.0000000000e+00 5.0176375212e-09 -5.8793371400e-09
-6.8181818182e-01 -4.5454545455e-02 0.0000000000e+00 5.2449304646e-09 -6.0351455343e-09
-6.5151515152e-01 -4.5454545455e-02 0.0000000000e+00 5.4940689172e-09 -6.2159074617e-09
-6.2121212121e-01 -4.5454545455e-02 0.0000000000e+00 5.7684103037e-09 -6.4249803469e-09
-5.9090909091e-01 -4.5454545455e-02 0.0000000000e+00 6.0720488837e-09 -6.6664584494e-09
-5.6060606061e-01 -4.5454545455e-02 0.0000000000e+00 6.4100330735e-09 -6.9453901856e-09
-5.3030303030e-01 -4.5454545455e-02 0.0000000000e+00 6.7886656637e-09 -7.2680783461e-09
-5.0000000000e-01 -4.5454545455e-02 0.0000000000e+00 7.2159267020e-09 -7.6425029785e-09
-4.6969696970e-01 -4.5454545455e-02 0.0000000000e+00 7.7020822161e-09 -8.0789301107e-09
-4.3939393939e-01 -4.5454545455e-02 0.0000000000e+00 8.2605818122e-09 -8.5908093487e-09
-4.0909090909e-01 -4.5454545455e-02 0.0000000000e+00 8.9094176187e-09 -9.1961328210e-09
-3.7878787879e-01 -4.5454545455e-02 0.0000000000e+00 9.6732396025e-09 -9.9195504944e-09
-3.4848484848e-01 -4.5454545455e-02 0.0000000000e+00 1.0586733834e-08 -1.0795748439e-08
-3.1818181818e-01 -4.5454545455e-02 0.0000000000e+00 1.1700079184e-08 -1.1874905527e-08
-2.8787878788e-01 -4.5454545455e-02 0.0000000000e+00 1.3087302467e-08 -1.3231048572e-08
-2.5757575758e-01 -4.5454545455e-02 0.0000000000e+00 1.4854188904e-08 -1.4969962793e-08
-2.2727272727e-01 -4.5454545455e-02 0.0000000000e+00 1.7116529493e-08 -1.7207439191e-08
-1.9696969697e-01 -4.5454545455e-02 0.0000000000e+00 1.9270437322e-08 -1.9339590853e-08
-1.6666666667e-01 -4.5454545455e-02 0.0000000000e+00 2.1245510371e-08 -2.1296015758e-08
-1.3636363636e-01 -4.5454545455e-02 0.0000000000e+00 2.2827529504e-08 -2.2862494772e-08
-1.0606060606e-01 -4.5454545455e-02 0.0000000000e+00 nan nan
-7.5757575758e-02 -4.5454545455e-02 0.0000000000e+00 nan nan
-4.5454545455e-02 -4.5454545455e-02 0.0000000000e+00 nan nan
-1.5151515152e-02 -4.5454545455e-02 0.0000000000e+00 nan nan
1.5151515152e-02 -4.5454545455e-02 0.0000000000e+00 nan nan
4.5454545455e-02 -4.5454545455e-02 0.0000000000e+00 nan nan
7.5757575758e-02 -4.5454545455e-02 0.0000000000e+00 nan nan
1.0606060606e-01 -4.5454545455e-02 0.0000000000e+00 nan nan
1.3636363636e-01 -4.5454545455e-02 0.0000000000e+00 2.2699199822e-08 -2.2734165090e-08
1.6666666667e-01 -4.5454545455e-02 0.0000000000e+00 2.0524528689e-08 -2.0575034077e-08
1.9696969697e-01 -4.5454545455e-02 0.0000000000e+00 1.7928548762e-08 -1.7997702293e-08
2.2727272727e-01 -4.5454545455e-02 0.0000000000e+00 1.5707598480e-08 -1.5798508178e-08
2.5757575758e-01 -4.5454545455e-02 0.0000000000e+00 1.3920013830e-08 -1.4035787719e-08
2.8787878788e-01 -4.5454545455e-02 0.0000000000e+00 1.2472635454e-08 -1.2616381558e-08
3.1818181818e-01 -4.5454545455e-02 0.0000000000e+00 1.1285880646e-08 -1.1460706989e-08
3.4848484848e-01 -4.5454545455e-02 0.0000000000e+00 1.0299230746e-08 -1.0508245351e-08
3.7878787879e-01 -4.5454545455e-02 0.0000000000e+00 9.4680028911e-09 -9.7143137830e-09
4.0909090909e-01 -4.5454545455e-02 0.0000000000e+00 8.7591926886e-09 -9.0459078908e-09
4.3939393939e-01 -4.5454545455e-02 0.0000000000e+00 8.1481739696e-09 -8.4784015061e-09
4.6969696970e-01 -4.5454545455e-02 0.0000000000e+00 7.6163279494e-09 -7.9931758440e-09
5.0000000000e-01 -4.5454545455e-02 0.0000000000e+00 7.1493809174e-09 -7.5759571940e-09
5.3030303030e-01 -4.5454545455e-02 0.0000000000e+00 6.7362401815e-09 -7.2156528639e-09
5.6060606061e-01 -4.5454545455e-02 0.0000000000e+00 6.3681728830e-09 -6.9035299951e-09
5.9090909091e-01 -4.5454545455e-02 0.0000000000e+00 6.0382203008e-09 -6.6326298665e-09
6.2121212121e-01 -4.5454545455e-02 0.0000000000e+00 5.7407748955e-09 -6.3973449387e-09
6.5151515152e-01 -4.5454545455e-02 0.0000000000e+00 5.4712709343e-09 -6.1931094787e-09
6.8181818182e-01 -4.5454545455e-02 0.0000000000e+00 5.2259553122e-09 -6.0161703819e-09
7.1212121212e-01 -4.5454545455e-02 0.0000000000e+00 5.0017156914e-09 -5.8634153101e-09
7.4242424242e-01 -4.5454545455e-02 0.0000000000e+00 4.7959501107e-09 -5.7322423024e-09
7.7272727273e-01 -4.5454545455e-02 0.0000000000e+00 4.6064669648e-09 -5.6204597533e-09
8.0303030303e-01 -4.5454545455e-02 0.0000000000e+00 4.4314074782e-09 -5.5262088874e-09
8.3333333333e-01 -4.5454545455e-02 0.0000000000e+00 4.2691850279e-09 -5.4479030817e-09
8.6363636364e-01 -4.5454545455e-02 0.0000000000e+00 4.1184372189e-09 -5.3841799411e-09
8.9393939394e-01 -4.5454545455e-02 0.0000000000e+00 3.9779877060e-09 -5.3338631206e-09
9.2424242424e-01 -4.5454545455e-02 0.0000000000e+00 3.8468155374e-09 -5.2959316682e-09
9.5454545455e-01 -4.5454545455e-02 0.0000000000e+00 3.7240303503e-09 -5.2694952211e-09
9.8484848485e-01 -4.5454545455e-02 0.0000000000e+00 3.6088521615e-09 -5.2537737963e-09
1.0151515152e+00 -4.5454545455e-02 0.0000000000e+00 3.5005947920e-09 -5.2480812146e-09
1.0454545455e+00 -4.5454545455e-02 0.0000000000e+00 3.3986521861e-09 -5.2518114203e-09
1.0757575758e+00 -4.5454545455e-02 0.0000000000e+00 3.3024870546e-09 -5.2644271244e-09
1.1060606061e+00 -4.5454545455e-02 0.0000000000e+00 3.2116213946e-09 -5.2854503238e-09
1.1363636364e+00 -4.5454545455e-02 0.0000000000e+00 3.1256285334e-09 -5.3144543459e-09
1.1666666667e+00 -4.5454545455e-02 0.0000000000e+00 3.0441264202e-09 -5.3510571399e-09
1.1969696970e+00 -4.5454545455e-02 0.0000000000e+00 2.9667719415e-09 -5.3949155922e-09
1.2272727273e+00 -4.5454545455e-02 0.0000000000e+00 2.8932560843e-09 -5.4457206900e-09
1.2575757576e+00 -4.5454545455e-02 0.0000000000e+00 2.8232998023e-09 -5.5031933867e-09
1.2878787879e+00 -4.5454545455e-02 0.0000000000e+00 2.7566504683e-09 -5.5670810554e-09
1.3181818182e+00 -4.5454545455e-02 0.0000000000e+00 2.6930788205e-09 -5.6371544341e-09
1.3484848485e+00 -4.5454545455e-02 0.0000000000e+00 2.6323763207e-09 -5.7132049848e-09
1.3787878788e+00 -4.5454545455e-02 0.0000000000e+00 2.5743528648e-09 -5.7950426031e-09
1.4090909091e+00 -4.5454545455e-02 0.0000000000e+00 2.5188347886e-09 -5.8824936251e-09
1.4393939394e+00 -4.5454545455e-02 0.0000000000e+00 2.4656631287e-09 -5.9753990872e-09
1.4696969697e+00 -4.5454545455e-02 0.0000000000e+00 2.4146920980e-09 -6.0736132024e-09
1.5000000000e+00 -4.5454545455e-02 0.0000000000e+00 2.3657877483e-09 -6.1770020225e-09
-1.5000000000e+00 -1.5151515152e-02 0.0000000000e+00 2.3675647768e-09 -6.1756710271e-09
-1.4696969697e+00 -1.5151515152e-02 0.0000000000e+00 2.4165995048e-09 -6.0724125854e-09
-1.4393939394e+00 -1.5151515152e-02 0.0000000000e+00 2.4677137536e-09 -5.9743416882e-09
-1.4090909091e+00 -1.5151515152e-02 0.0000000000e+00 2.5210430683e-09 -5.8815938809e-09
-1.3787878788e+00 -1.5151515152e-02 0.0000000000e+00 2.5767350743e-09 -5.7943167888e-09
-1.3484848485e+00 -1.5151515152e-02 0.0000000000e+00 2.6349508588e-09 -5.7126714989e-09
-1.3181818182e+00 -1.5151515152e-02 0.0000000000e+00 2.6958665458e-09 -5.6368341356e-09
-1.2878787879e+00 -1.5151515152e-02 0.0000000000e+00 2.7596751007e-09 -5.5669976640e-09
-1.2575757576e+00 -1.5151515152e-02 0.0000000000e+00 2.8265884005e-09 -5.5033739610e-09
-1.2272727273e+00 -1.5151515152e-02 0.0000000000e+00 2.8968396187e-09 -5.4461962005e-09
-1.1969696970e+00 -1.5151515152e-02 0.0000000000e+00 2.9706859834e-09 -5.3957216103e-09
-1.1666666667e+00 -1.5151515152e-02 0.0000000000e+00 3.0484119760e-09 -5.3522346719e-09
-1.1363636364e+00 -1.5151515152e-02 0.0000000000e+00 3.1303330583e-09 -5.3160508469e-09
-1.1060606061e+00 -1.5151515152e-02 0.0000000000e+00 3.2168000308e-09 -5.2875209361e-09
-1.0757575758e+00 -1.5151515152e-02 0.0000000000e+00 3.3082041539e-09 -5.2670361998e-09
-1.0454545455e+00 -1.5151515152e-02 0.0000000000e+00 3.4049831908e-09 -5.2550344011e-09
-1.0151515152e+00 -1.5151515152e-02 0.0000000000e+00 3.5076285751e-09 -5.2520069738e-09
-9.8484848485e-01 -1.5151515152e-02 0.0000000000e+00 3.6166939557e-09 -5.2585075666e-09
-9.5454545455e-01 -1.5151515152e-02 0.0000000000e+00 3.7328054413e-09 -5.2751622882e-09
-9.2424242424e-01 -1.5151515152e-02 0.0000000000e+00 3.8566739542e-09 -5.3026820611e-09
-8.9393939394e-01 -1.5151515152e-02 0.0000000000e+00 3.9891102258e-09 -5.3418776165e-09
-8.6363636364e-01 -1.5151515152e-02 0.0000000000e+00 4.1310431195e-09 -5.3936778179e-09
-8.3333333333e-01 -1.5151515152e-02 0.0000000000e+00 4.2835421882e-09 -5.4591522182e-09
-8.0303030303e-01 -1.5151515152e-02 0.0000000000e+00 4.4478456643e-09 -5.5395390497e-09
-7.7272727273e-01 -1.5151515152e-02 0.0000000000e+00 4.6253954923e-09 -5.6362802570e-09
-7.4242424242e-01 -1.5151515152e-02 0.0000000000e+00 4.8178815882e-09 -5.7510657560e-09
-7.1212121212e-01 -1.5151515152e-02 0.0000000000e+00 5.0272983315e-09 -5.8858899264e-09
-6.8181818182e-01 -1.5151515152e-02 0.0000000000e+00 5.2560174853e-09 -6.0431245311e-09
-6.5151515152e-01 -1.5151515152e-02 0.0000000000e+00 5.5068834940e-09 -6.2256140147e-09
-6.2121212121e-01 -1.5151515152e-02 0.0000000000e+00 5.7833397477e-09 -6.4368017670e-09
-5.9090909091e-01 -1.5151515152e-02 0.0000000000e+00 6.0895984537e-09 -6.6808999956e-09
-5.6060606061e-01 -1.5151515152e-02 0.0000000000e+00 6.4308731369e-09 -6.9631222252e-09
-5.3030303030e-01 -1.5151515152e-02 0.0000000000e+00 6.8137030949e-09 -7.2900077535e-09
-5.0000000000e-01 -1.5151515152e-02 0.0000000000e+00 7.2464163167e-09 -7.6698845694e-09
-4.6969696970e-01 -1.5151515152e-02 0.0000000000e+00 7.7398070134e-09 -8.1135468841e-09
-4.3939393939e-01 -1.5151515152e-02 0.0000000000e+00 8.3081571802e-09 -8.6352766928e-09
-4.0909090909e-01 -1.5151515152e-02 0.0000000000e+00 8.9708320457e-09 -9.2544392242e-09
-3.7878787879e-01 -1.5151515152e-02 0.0000000000e+00 9.7548801490e-09 -9.9980830170e-09
-3.4848484848e-01 -1.5151515152e-02 0.0000000000e+00 1.0699502135e-08 -1.0905408716e-08
-3.1818181818e-01 -1.5151515152e-02 0.0000000000e+00 1.1864290092e-08 -1.2036008411e-08
-2.8787878788e-01 -1.5151515152e-02 0.0000000000e+00 1.3346032633e-08 -1.3486670713e-08
-2.5757575758e-01 -1.5151515152e-02 0.0000000000e+00 1.5319454368e-08 -1.5432120234e-08
-2.2727272727e-01 -1.5151515152e-02 0.0000000000e+00 1.7716444480e-08 -1.7804246154e-08
-1.9696969697e-01 -1.5151515152e-02 0.0000000000e+00 1.9894468323e-08 -1.9960513830e-08
-1.6666666667e-01 -1.5151515152e-02 0.0000000000e+00 2.1820151395e-08 -2.1867548759e-08
-1.3636363636e-01 -1.5151515152e-02 0.0000000000e+00 nan nan
-1.0606060606e-01 -1.5151515152e-02 0.0000000000e+00 nan nan
-7.5757575758e-02 -1.5151515152e-02 0.0000000000e+00 nan nan
-4.5454545455e-02 -1.5151515152e-02 0.0000000000e+00 nan nan
-1.5151515152e-02 -1.5151515152e-02 0.0000000000e+00 nan nan
1.5151515152e-02 -1.5151515152e-02 0.0000000000e+00 nan nan
4.5454545455e-02 -1.5151515152e-02 0.0000000000e+00 nan nan
7.5757575758e-02 -1.5151515152e-02 0.0000000000e+00 nan nan
1.0606060606e-01 -1.5151515152e-02 0.0000000000e+00 nan nan
1.3636363636e-01 -1.5151515152e-02 0.0000000000e+00 nan nan
1.6666666667e-01 -1.5151515152e-02 0.0000000000e+00 2.0786228338e-08 -2.0833625702e-08
1.9696969697e-01 -1.5151515152e-02 0.0000000000e+00 1.8130308231e-08 -1.8196353738e-08
2.2727272727e-01 -1.5151515152e-02 0.0000000000e+00 1.5895923988e-08 -1.5983725663e-08
2.5757575758e-01 -1.5151515152e-02 0.0000000000e+00 1.4078672766e-08 -1.4191338632e-08
2.8787878788e-01 -1.5151515152e-02 0.0000000000e+00 1.2599560432e-08 -1.2740198512e-08
3.1818181818e-01 -1.5151515152e-02 0.0000000000e+00 1.1385618418e-08 -1.1557336737e-08
3.4848484848e-01 -1.5151515152e-02 0.0000000000e+00 1.0377577132e-08 -1.0583483713e-08
3.7878787879e-01 -1.5151515152e-02 0.0000000000e+00 9.5300213895e-09 -9.7732242575e-09
4.0909090909e-01 -1.5151515152e-02 0.0000000000e+00 8.8088254837e-09 -9.0924326621e-09
4.3939393939e-01 -1.5151515152e-02 0.0000000000e+00 8.1883674025e-09 -8.5154869152e-09
4.6969696970e-01 -1.5151515152e-02 0.0000000000e+00 7.6492591345e-09 -8.0229990052e-09
5.0000000000e-01 -1.5151515152e-02 0.0000000000e+00 7.1766613005e-09 -7.6001295532e-09
5.3030303030e-01 -1.5151515152e-02 0.0000000000e+00 6.7590717209e-09 -7.2353763794e-09
5.6060606061e-01 -1.5151515152e-02 0.0000000000e+00 6.3874614079e-09 -6.9197104961e-09
5.9090909091e-01 -1.5151515152e-02 0.0000000000e+00 6.0546562183e-09 -6.6459577601e-09
6.2121212121e-01 -1.5151515152e-02 0.0000000000e+00 5.7548904573e-09 -6.4083524765e-09
6.5151515152e-01 -1.5151515152e-02 0.0000000000e+00 5.4834810442e-09 -6.2022115648e-09
6.8181818182e-01 -1.5151515152e-02 0.0000000000e+00 5.2365868389e-09 -6.0236938847e-09
7.1212121212e-01 -1.5151515152e-02 0.0000000000e+00 5.0110287302e-09 -5.8696203251e-09
7.4242424242e-01 -1.5151515152e-02 0.0000000000e+00 4.8041535705e-09 -5.7373377383e-09
7.7272727273e-01 -1.5151515152e-02 0.0000000000e+00 4.6137301147e-09 -5.6246148793e-09
8.0303030303e-01 -1.5151515152e-02 0.0000000000e+00 4.4378685932e-09 -5.5295619786e-09
8.3333333333e-01 -1.5151515152e-02 0.0000000000e+00 4.2749579281e-09 -5.4505679581e-09
8.6363636364e-01 -1.5151515152e-02 0.0000000000e+00 4.1236162627e-09 -5.3862509611e-09
8.9393939394e-01 -1.5151515152e-02 0.0000000000e+00 3.9826516396e-09 -5.3354190303e-09
9.2424242424e-01 -1.5151515152e-02 0.0000000000e+00 3.8510304873e-09 -5.2970385942e-09
9.5454545455e-01 -1.5151515152e-02 0.0000000000e+00 3.7278521702e-09 -5.2702090171e-09
9.8484848485e-01 -1.5151515152e-02 0.0000000000e+00 3.6123282867e-09 -5.2541418975e-09
1.0151515152e+00 -1.5151515152e-02 0.0000000000e+00 3.5037657151e-09 -5.2481441138e-09
1.0454545455e+00 -1.5151515152e-02 0.0000000000e+00 3.4015526407e-09 -5.2516038511e-09
1.0757575758e+00 -1.5151515152e-02 0.0000000000e+00 3.3051469703e-09 -5.2639790162e-09
1.1060606061e+00 -1.5151515152e-02 0.0000000000e+00 3.2140666720e-09 -5.2847875773e-09
1.1363636364e+00 -1.5151515152e-02 0.0000000000e+00 3.1278816779e-09 -5.3135994665e-09
1.1666666667e+00 -1.5151515152e-02 0.0000000000e+00 3.0462070620e-09 -5.3500297578e-09
1.1969696970e+00 -1.5151515152e-02 0.0000000000e+00 2.9686972656e-09 -5.3937328925e-09
1.2272727273e+00 -1.5151515152e-02 0.0000000000e+00 2.8950411870e-09 -5.4443977687e-09
1.2575757576e+00 -1.5151515152e-02 0.0000000000e+00 2.8249579882e-09 -5.5017435487e-09
1.2878787879e+00 -1.5151515152e-02 0.0000000000e+00 2.7581935002e-09 -5.5655160635e-09
1.3181818182e+00 -1.5151515152e-02 0.0000000000e+00 2.6945171285e-09 -5.6354847183e-09
1.3484848485e+00 -1.5151515152e-02 0.0000000000e+00 2.6337191797e-09 -5.7114398199e-09
1.3787878788e+00 -1.5151515152e-02 0.0000000000e+00 2.5756085444e-09 -5.7931902589e-09
1.4090909091e+00 -1.5151515152e-02 0.0000000000e+00 2.5200106816e-09 -5.8805614942e-09
1.4393939394e+00 -1.5151515152e-02 0.0000000000e+00 2.4667658599e-09 -5.9733937946e-09
1.4696969697e+00 -1.5151515152e-02 0.0000000000e+00 2.4157276183e-09 -6.0715406989e-09
1.5000000000e+00 -1.5151515152e-02 0.0000000000e+00 2.3667614153e-09 -6.1748676656e-09
-1.5000000000e+00 1.5151515152e-02 0.0000000000e+00 2.3675658785e-09 -6.1756721289e-09
-1.4696969697e+00 1.5151515152e-02 0.0000000000e+00 2.4166007239e-09 -6.0724138045e-09
-1.4393939394e+00 1.5151515152e-02 0.0000000000e+00 2.4677151054e-09 -5.9743430400e-09
-1.4090909091e+00 1.5151515152e-02 0.0000000000e+00 2.5210445706e-09 -5.8815953832e-09
-1.3787878788e+00 1.5151515152e-02 0.0000000000e+00 2.5767367478e-09 -5.7943184623e-09
-1.3484848485e+00 1.5151515152e-02 0.0000000000e+00 2.6349527275e-09 -5.7126733677e-09
-1.3181818182e+00 1.5151515152e-02 0.0000000000e+00 2.6958686378e-09 -5.6368362276e-09
-1.2878787879e+00 1.5151515152e-02 0.0000000000e+00 2.7596774491e-09 -5.5670000123e-09
-1.2575757576e+00 1.5151515152e-02 0.0000000000e+00 2.8265910439e-09 -5.5033766045e-09
-1.2272727273e+00 1.5151515152e-02 0.0000000000e+00 2.8968426032e-09 -5.4461991850e-09
-1.1969696970e+00 1.5151515152e-02 0.0000000000e+00 2.9706893636e-09 -5.3957249904e-09
-1.1666666667e+00 1.5151515152e-02 0.0000000000e+00 3.0484158169e-09 -5.3522385127e-09
-1.1363636364e+00 1.5151515152e-02 0.0000000000e+00 3.1303374379e-09 -5.3160552266e-09
-1.1060606061e+00 1.5151515152e-02 0.0000000000e+00 3.2168050432e-09 -5.2875259486e-09
-1.0757575758e+00 1.5151515152e-02 0.0000000000e+00 3.3082099131e-09 -5.2670419591e-09
-1.0454545455e+00 1.5151515152e-02 0.0000000000e+00 3.4049898358e-09 -5.2550410462e-09
-1.0151515152e+00 1.5151515152e-02 0.0000000000e+00 3.5076362764e-09 -5.2520146751e-09
-9.8484848485e-01 1.5151515152e-02 0.0000000000e+00 3.6167029238e-09 -5.2585165347e-09
-9.5454545455e-01 1.5151515152e-02 0.0000000000e+00 3.7328159381e-09 -5.2751727850e-09
-9.2424242424e-01 1.5151515152e-02 0.0000000000e+00 3.8566863081e-09 -5.3026944150e-09
-8.9393939394e-01 1.5151515152e-02 0.0000000000e+00 3.9891248519e-09 -5.3418922426e-09
-8.6363636364e-01 1.5151515152e-02 0.0000000000e+00 4.1310605478e-09 -5.3936952462e-09
-8.3333333333e-01 1.5151515152e-02 0.0000000000e+00 4.2835631017e-09 -5.4591731317e-09
-8.0303030303e-01 1.5151515152e-02 0.0000000000e+00 4.4478709534e-09 -5.5395643388e-09
-7.7272727273e-01 1.5151515152e-02 0.0000000000e+00 4.6254263317e-09 -5.6363110964e-09
-7.4242424242e-01 1.5151515152e-02 0.0000000000e+00 4.8179195494e-09 -5.7511037172e-09
-7.1212121212e-01 1.5151515152e-02 0.0000000000e+00 5.0273455486e-09 -5.8859371435e-09
-6.8181818182e-01 1.5151515152e-02 0.0000000000e+00 5.2560769066e-09 -6.0431839524e-09
-6.5151515152e-01 1.5151515152e-02 0.0000000000e+00 5.5069592726e-09 -6.2256897932e-09
-6.2121212121e-01 1.5151515152e-02 0.0000000000e+00 5.7834378646e-09 -6.4368998839e-09
-5.9090909091e-01 1.5151515152e-02 0.0000000000e+00 6.0897277463e-09 -6.6810292881e-09
-5.6060606061e-01 1.5151515152e-02 0.0000000000e+00 6.4310470570e-09 -6.9632961453e-09
-5.3030303030e-01 1.5151515152e-02 0.0000000000e+00 6.8139428466e-09 -7.2902475051e-09
-5.0000000000e-01 1.5151515152e-02 0.0000000000e+00 7.2467567375e-09 -7.6702249902e-09
-4.6969696970e-01 1.5151515152e-02 0.0000000000e+00 7.7403082505e-09 -8.1140481212e-09
-4.3939393939e-01 1.5151515152e-02 0.0000000000e+00 8.3089294965e-09 -8.6360490091e-09
-4.0909090909e-01 1.5151515152e-02 0.0000000000e+00 8.9720929632e-09 -9.2557001416e-09
-3.7878787879e-01 1.5151515152e-02 0.0000000000e+00 9.7570996241e-09 -1.0000302492e-08
-3.4848484848e-01 1.5151515152e-02 0.0000000000e+00 1.0703818993e-08 -1.0909725574e-08
-3.1818181818e-01 1.5151515152e-02 0.0000000000e+00 1.1873910011e-08 -1.2045628330e-08
-2.8787878788e-01 1.5151515152e-02 0.0000000000e+00 1.3372119629e-08 -1.3512757710e-08
-2.5757575758e-01 1.5151515152e-02 0.0000000000e+00 1.5422128883e-08 -1.5534794748e-08
-2.2727272727e-01 1.5151515152e-02 0.0000000000e+00 1.7829731819e-08 -1.7917533494e-08
-1.9696969697e-01 1.5151515152e-02 0.0000000000e+00 2.0034110077e-08 -2.0100155585e-08
-1.6666666667e-01 1.5151515152e-02 0.0000000000e+00 2.1917612147e-08 -2.1965009511e-08
-1.3636363636e-01 1.5151515152e-02 0.0000000000e+00 nan nan
-1.0606060606e-01 1.5151515152e-02 0.0000000000e+00 nan nan
-7.5757575758e-02 1.5151515152e-02 0.0000000000e+00 nan nan
-4.5454545455e-02 1.5151515152e-02 0.0000000000e+00 nan nan
-1.5151515152e-02 1.5151515152e-02 0.0000000000e+00 nan nan
1.5151515152e-02 1.5151515152e-02 0.0000000000e+00 nan nan
4.5454545455e-02 1.5151515152e-02 0.0000000000e+00 nan nan
7.5757575758e-02 1.5151515152e-02 0.0000000000e+00 nan nan
1.0606060606e-01 1.5151515152e-02 0.0000000000e+00 nan nan
1.3636363636e-01 1.5151515152e-02 0.0000000000e+00 nan nan
1.6666666667e-01 1.5151515152e-02 0.0000000000e+00 2.0808195340e-08 -2.0855592705e-08
1.9696969697e-01 1.5151515152e-02 0.0000000000e+00 1.8162834098e-08 -1.8228879606e-08
2.2727272727e-01 1.5151515152e-02 0.0000000000e+00 1.5916311701e-08 -1.6004113376e-08
2.5757575758e-01 1.5151515152e-02 0.0000000000e+00 1.4090759549e-08 -1.4203425414e-08
2.8787878788e-01 1.5151515152e-02 0.0000000000e+00 1.2606710843e-08 -1.2747348923e-08
3.1818181818e-01 1.5151515152e-02 0.0000000000e+00 1.1389943606e-08 -1.1561661925e-08
3.4848484848e-01 1.5151515152e-02 0.0000000000e+00 1.0380278544e-08 -1.0586185126e-08
3.7878787879e-01 1.5151515152e-02 0.0000000000e+00 9.5317660798e-09 -9.7749689478e-09
4.0909090909e-01 1.5151515152e-02 0.0000000000e+00 8.8099882385e-09 -9.0935954169e-09
4.3939393939e-01 1.5151515152e-02 0.0000000000e+00 8.1891645625e-09 -8.5162840752e-09
4.6969696970e-01 1.5151515152e-02 0.0000000000e+00 7.6498195593e-09 -8.0235594300e-09
5.0000000000e-01 1.5151515152e-02 0.0000000000e+00 7.1770641654e-09 -7.6005324180e-09
5.3030303030e-01 1.5151515152e-02 0.0000000000e+00 6.7593671058e-09 -7.2356717643e-09
5.6060606061e-01 1.5151515152e-02 0.0000000000e+00 6.3876818395e-09 -6.9199309277e-09
5.9090909091e-01 1.5151515152e-02 0.0000000000e+00 6.0548233350e-09 -6.6461248768e-09
6.2121212121e-01 1.5151515152e-02 0.0000000000e+00 5.7550189688e-09 -6.4084809881e-09
6.5151515152e-01 1.5151515152e-02 0.0000000000e+00 5.4835811482e-09 -6.2023116689e-09
6.8181818182e-01 1.5151515152e-02 0.0000000000e+00 5.2366657316e-09 -6.0237727774e-09
7.1212121212e-01 1.5151515152e-02 0.0000000000e+00 5.0110915726e-09 -5.8696831675e-09
7.4242424242e-01 1.5151515152e-02 0.0000000000e+00 4.8042041190e-09 -5.7373882869e-09
7.7272727273e-01 1.5151515152e-02 0.0000000000e+00 4.6137711408e-09 -5.6246559055e-09
8.0303030303e-01 1.5151515152e-02 0.0000000000e+00 4.4379021675e-09 -5.5295955528e-09
8.3333333333e-01 1.5151515152e-02 0.0000000000e+00 4.2749856149e-09 -5.4505956449e-09
8.6363636364e-01 1.5151515152e-02 0.0000000000e+00 4.1236392570e-09 -5.3862739554e-09
8.9393939394e-01 1.5151515152e-02 0.0000000000e+00 3.9826708631e-09 -5.3354382538e-09
9.2424242424e-01 1.5151515152e-02 0.0000000000e+00 3.8510466574e-09 -5.2970547643e-09
9.5454545455e-01 1.5151515152e-02 0.0000000000e+00 3.7278658503e-09 -5.2702226973e-09
9.8484848485e-01 1.5151515152e-02 0.0000000000e+00 3.6123399226e-09 -5.2541535335e-09
1.0151515152e+00 1.5151515152e-02 0.0000000000e+00 3.5037756624e-09 -5.2481540611e-09
1.0454545455e+00 1.5151515152e-02 0.0000000000e+00 3.4015611849e-09 -5.2516123952e-09
1.0757575758e+00 1.5151515152e-02 0.0000000000e+00 3.3051543420e-09 -5.2639863880e-09
1.1060606061e+00 1.5151515152e-02 0.0000000000e+00 3.2140730591e-09 -5.2847939644e-09
1.1363636364e+00 1.5151515152e-02 0.0000000000e+00 3.1278872339e-09 -5.3136050225e-09
1.1666666667e+00 1.5151515152e-02 0.0000000000e+00 3.0462119133e-09 -5.3500346091e-09
1.1969696970e+00 1.5151515152e-02 0.0000000000e+00 2.9687015168e-09 -5.3937371436e-09
1.2272727273e+00 1.5151515152e-02 0.0000000000e+00 2.8950449248e-09 -5.4444015066e-09
1.2575757576e+00 1.5151515152e-02 0.0000000000e+00 2.8249612853e-09 -5.5017468459e-09
1.2878787879e+00 1.5151515152e-02 0.0000000000e+00 2.7581964175e-09 -5.5655189807e-09
1.3181818182e+00 1.5151515152e-02 0.0000000000e+00 2.6945197173e-09 -5.6354873070e-09
1.3484848485e+00 1.5151515152e-02 0.0000000000e+00 2.6337214833e-09 -5.7114421235e-09
1.3787878788e+00 1.5151515152e-02 0.0000000000e+00 2.5756105997e-09 -5.7931923142e-09
1.4090909091e+00 1.5151515152e-02 0.0000000000e+00 2.5200125201e-09 -5.8805633327e-09
1.4393939394e+00 1.5151515152e-02 0.0000000000e+00 2.4667675084e-09 -5.9733954430e-09
1.4696969697e+00 1.5151515152e-02 0.0000000000e+00 2.4157290999e-09 -6.0715421804e-09
1.5000000000e+00 1.5151515152e-02 0.0000000000e+00 2.3667627498e-09 -6.1748690001e-09
-1.5000000000e+00 4.5454545455e-02 0.0000000000e+00 2.3665907147e-09 -6.1778049889e-09
-1.4696969697e+00 4.5454545455e-02 0.0000000000e+00 2.4155634556e-09 -6.0744845600e-09
-1.4393939394e+00 4.5454545455e-02 0.0000000000e+00 2.4666103295e-09 -5.9763462880e-09
-1.4090909091e+00 4.5454545455e-02 0.0000000000e+00 2.5198662817e-09 -5.8835251181e-09
-1.3787878788e+00 4.5454545455e-02 0.0000000000e+00 2.5754782552e-09 -5.7961679935e-09
-1.3484848485e+00 4.5454545455e-02 0.0000000000e+00 2.6336065589e-09 -5.7144352229e-09
-1.3181818182e+00 4.5454545455e-02 0.0000000000e+00 2.6944264268e-09 -5.6385020404e-09
-1.2878787879e+00 4.5454545455e-02 0.0000000000e+00 2.7581298028e-09 -5.5685603899e-09
-1.2575757576e+00 4.5454545455e-02 0.0000000000e+00 2.8249273879e-09 -5.5048209724e-09
-1.2272727273e+00 4.5454545455e-02 0.0000000000e+00 2.8950509973e-09 -5.4475156029e-09
-1.1969696970e+00 4.5454545455e-02 0.0000000000e+00 2.9687562835e-09 -5.3968999343e-09
-1.1666666667e+00 4.5454545455e-02 0.0000000000e+00 3.0463258944e-09 -5.3532566141e-09
-1.1363636364e+00 4.5454545455e-02 0.0000000000e+00 3.1280731484e-09 -5.3168989609e-09
-1.1060606061e+00 4.5454545455e-02 0.0000000000e+00 3.2143463303e-09 -5.2881752595e-09
-1.0757575758e+00 4.5454545455e-02 0.0000000000e+00 3.3055337339e-09 -5.2674738037e-09
-1.0454545455e+00 4.5454545455e-02 0.0000000000e+00 3.4020696073e-09 -5.2552288415e-09
-1.0151515152e+00 4.5454545455e-02 0.0000000000e+00 3.5044411973e-09 -5.2519276199e-09
-9.8484848485e-01 4.5454545455e-02 0.0000000000e+00 3.6131971393e-09 -5.2581187741e-09
-9.5454545455e-01 4.5454545455e-02 0.0000000000e+00 3.7289575024e-09 -5.2744223732e-09
-9.2424242424e-01 4.5454545455e-02 0.0000000000e+00 3.8524258885e-09 -5.3015420193e-09
-8.9393939394e-01 4.5454545455e-02 0.0000000000e+00 3.9844040961e-09 -5.3402795106e-09
-8.6363636364e-01 4.5454545455e-02 0.0000000000e+00 4.1258100089e-09 -5.3915527312e-09
-8.3333333333e-01 4.5454545455e-02 0.0000000000e+00 4.2776995800e-09 -5.4564176338e-09
-8.0303030303e-01 4.5454545455e-02 0.0000000000e+00 4.4412940534e-09 -5.5360954626e-09
-7.7272727273e-01 4.5454545455e-02 0.0000000000e+00 4.6180139591e-09 -5.6320067476e-09
-7.4242424242e-01 4.5454545455e-02 0.0000000000e+00 4.8095219497e-09 -5.7458141414e-09
-7.1212121212e-01 4.5454545455e-02 0.0000000000e+00 5.0177773172e-09 -5.8794769360e-09
-6.8181818182e-01 4.5454545455e-02 0.0000000000e+00 5.2451061274e-09 -6.0353211971e-09
-6.5151515152e-01 4.5454545455e-02 0.0000000000e+00 5.4942925268e-09 -6.2161310713e-09
-6.2121212121e-01 4.5454545455e-02 0.0000000000e+00 5.7686991830e-09 -6.4252692262e-09
-5.9090909091e-01 4.5454545455e-02 0.0000000000e+00 6.0724284933e-09 -6.6668380589e-09
-5.6060606061e-01 4.5454545455e-02 0.0000000000e+00 6.4105419122e-09 -6.9458990244e-09
-5.3030303030e-01 4.5454545455e-02 0.0000000000e+00 6.7893639088e-09 -7.2687765912e-09
-5.0000000000e-01 4.5454545455e-02 0.0000000000e+00 7.2169121526e-09 -7.6434884292e-09
-4.6969696970e-01 4.5454545455e-02 0.0000000000e+00 7.7035213259e-09 -8.0803692205e-09
-4.3939393939e-01 4.5454545455e-02 0.0000000000e+00 8.2627739390e-09 -8.5930014755e-09
-4.0909090909e-01 4.5454545455e-02 0.0000000000e+00 8.9129380408e-09 -9.1996532431e-09
-3.7878787879e-01 4.5454545455e-02 0.0000000000e+00 9.6792862445e-09 -9.9255971364e-09
-3.4848484848e-01 4.5454545455e-02 0.0000000000e+00 1.0598057911e-08 -1.0807072516e-08
-3.1818181818e-01 4.5454545455e-02 0.0000000000e+00 1.1723809597e-08 -1.1898635940e-08
-2.8787878788e-01 4.5454545455e-02 0.0000000000e+00 1.3144904869e-08 -1.3288650973e-08
-2.5757575758e-01 4.5454545455e-02 0.0000000000e+00 1.5024648492e-08 -1.5140422381e-08
-2.2727272727e-01 4.5454545455e-02 0.0000000000e+00 1.7361928121e-08 -1.7452837819e-08
-1.9696969697e-01 4.5454545455e-02 0.0000000000e+00 1.9477903618e-08 -1.9547057149e-08
-1.6666666667e-01 4.5454545455e-02 0.0000000000e+00 2.1340450745e-08 -2.1390956133e-08
-1.3636363636e-01 4.5454545455e-02 0.0000000000e+00 2.2926134710e-08 -2.2961099979e-08
-1.0606060606e-01 4.5454545455e-02 0.0000000000e+00 nan nan
-7.5757575758e-02 4.5454545455e-02 0.0000000000e+00 nan nan
-4.5454545455e-02 4.5454545455e-02 0.0000000000e+00 nan nan
-1.5151515152e-02 4.5454545455e-02 0.0000000000e+00 nan nan
1.5151515152e-02 4.5454545455e-02 0.0000000000e+00 nan nan
4.5454545455e-02 4.5454545455e-02 0.0000000000e+00 nan nan
7.5757575758e-02 4.5454545455e-02 0.0000000000e+00 nan nan
1.0606060606e-01 4.5454545455e-02 0.0000000000e+00 nan nan
1.3636363636e-01 4.5454545455e-02 0.0000000000e+00 2.2708504436e-08 -2.2743469705e-08
1.6666666667e-01 4.5454545455e-02 0.0000000000e+00 2.0597305086e-08 -2.0647810474e-08
1.9696969697e-01 4.5454545455e-02 0.0000000000e+00 1.8026956439e-08 -1.8096109970e-08
2.2727272727e-01 4.5454545455e-02 0.0000000000e+00 1.5766985927e-08 -1.5857895625e-08
2.5757575758e-01 4.5454545455e-02 0.0000000000e+00 1.3954003071e-08 -1.4069776960e-08
2.8787878788e-01 4.5454545455e-02 0.0000000000e+00 1.2492500447e-08 -1.2636246552e-08
3.1818181818e-01 4.5454545455e-02 0.0000000000e+00 1.1297925312e-08 -1.1472751655e-08
3.4848484848e-01 4.5454545455e-02 0.0000000000e+00 1.0306812408e-08 -1.0515827013e-08
3.7878787879e-01 4.5454545455e-02 0.0000000000e+00 9.4729422699e-09 -9.7192531619e-09
4.0909090909e-01 4.5454545455e-02 0.0000000000e+00 8.7625108947e-09 -9.0492260969e-09
4.3939393939e-01 4.5454545455e-02 0.0000000000e+00 8.1504644257e-09 -8.4806919622e-09
4.6969696970e-01 4.5454545455e-02 0.0000000000e+00 7.6179473988e-09 -7.9947952934e-09
5.0000000000e-01 4.5454545455e-02 0.0000000000e+00 7.1505505874e-09 -7.5771268640e-09
5.3030303030e-01 4.5454545455e-02 0.0000000000e+00 6.7371011779e-09 -7.2165138603e-09
5.6060606061e-01 4.5454545455e-02 0.0000000000e+00 6.3688175226e-09 -6.9041746347e-09
5.9090909091e-01 4.5454545455e-02 0.0000000000e+00 6.0387103817e-09 -6.6331199474e-09
6.2121212121e-01 4.5454545455e-02 0.0000000000e+00 5.7411526528e-09 -6.3977226960e-09
6.5151515152e-01 4.5454545455e-02 0.0000000000e+00 5.4715657811e-09 -6.1934043256e-09
6.8181818182e-01 4.5454545455e-02 0.0000000000e+00 5.2261880862e-09 -6.0164031559e-09
7.1212121212e-01 4.5454545455e-02 0.0000000000e+00 5.0019013873e-09 -5.8636010060e-09
7.4242424242e-01 4.5454545455e-02 0.0000000000e+00 4.7960996746e-09 -5.7323918663e-09
7.7272727273e-01 4.5454545455e-02 0.0000000000e+00 4.6065884932e-09 -5.6205812817e-09
8.0303030303e-01 4.5454545455e-02 0.0000000000e+00 4.4315070329e-09 -5.5263084421e-09
8.3333333333e-01 4.5454545455e-02 0.0000000000e+00 4.2692671987e-09 -5.4479852526e-09
8.6363636364e-01 4.5454545455e-02 0.0000000000e+00 4.1185055174e-09 -5.3842482397e-09
8.9393939394e-01 4.5454545455e-02 0.0000000000e+00 3.9780448451e-09 -5.3339202596e-09
9.2424242424e-01 4.5454545455e-02 0.0000000000e+00 3.8468636316e-09 -5.2959797623e-09
9.5454545455e-01 4.5454545455e-02 0.0000000000e+00 3.7240710619e-09 -5.2695359327e-09
9.8484848485e-01 4.5454545455e-02 0.0000000000e+00 3.6088868078e-09 -5.2538084425e-09
1.0151515152e+00 4.5454545455e-02 0.0000000000e+00 3.5006244242e-09 -5.2481108468e-09
1.0454545455e+00 4.5454545455e-02 0.0000000000e+00 3.3986776493e-09 -5.2518368835e-09
1.0757575758e+00 4.5454545455e-02 0.0000000000e+00 3.3025090324e-09 -5.2644491022e-09
1.1060606061e+00 4.5454545455e-02 0.0000000000e+00 3.2116404435e-09 -5.2854693728e-09
1.1363636364e+00 4.5454545455e-02 0.0000000000e+00 3.1256451092e-09 -5.3144709217e-09
1.1666666667e+00 4.5454545455e-02 0.0000000000e+00 3.0441408979e-09 -5.3510716176e-09
1.1969696970e+00 4.5454545455e-02 0.0000000000e+00 2.9667846316e-09 -5.3949282824e-09
1.2272727273e+00 4.5454545455e-02 0.0000000000e+00 2.8932672451e-09 -5.4457318508e-09
1.2575757576e+00 4.5454545455e-02 0.0000000000e+00 2.8233096494e-09 -5.5032032339e-09
1.2878787879e+00 4.5454545455e-02 0.0000000000e+00 2.7566591830e-09 -5.5670897701e-09
1.3181818182e+00 4.5454545455e-02 0.0000000000e+00 2.6930865553e-09 -5.6371621689e-09
1.3484848485e+00 4.5454545455e-02 0.0000000000e+00 2.6323832049e-09 -5.7132118689e-09
1.3787878788e+00 4.5454545455e-02 0.0000000000e+00 2.5743590080e-09 -5.7950487463e-09
1.4090909091e+00 4.5454545455e-02 0.0000000000e+00 2.5188402845e-09 -5.8824991210e-09
1.4393939394e+00 4.5454545455e-02 0.0000000000e+00 2.4656680574e-09 -5.9754040159e-09
1.4696969697e+00 4.5454545455e-02 0.0000000000e+00 2.4146965283e-09 -6.0736176327e-09
1.5000000000e+00 4.5454545455e-02 0.0000000000e+00 2.3657917395e-09 -6.1770060136e-09
-1.5000000000e+00 7.5757575758e-02 0.0000000000e+00 2.3646429321e-09 -6.1820732540e-09
-1.4696969697e+00 7.5757575758e-02 0.0000000000e+00 2.4134917437e-09 -6.0786288959e-09
-1.4393939394e+00 7.5757575758e-02 0.0000000000e+00 2.4644039204e-09 -5.9803559267e-09
-1.4090909091e+00 7.5757575758e-02 0.0000000000e+00 2.5175132084e-09 -5.8873880927e-09
-1.3787878788e+00 7.5757575758e-02 0.0000000000e+00 2.5729651878e-09 -5.7998709739e-09
-1.3484848485e+00 7.5757575758e-02 0.0000000000e+00 2.6309186128e-09 -5.7179633246e-09
-1.3181818182e+00 7.5757575758e-02 0.0000000000e+00 2.6915469396e-09 -5.6418386010e-09
-1.2878787879e+00 7.5757575758e-02 0.0000000000e+00 2.7550400722e-09 -5.5716867071e-09
-1.2575757576e+00 7.5757575758e-02 0.0000000000e+00 2.8216063633e-09 -5.5077159955e-09
-1.2272727273e+00 7.5757575758e-02 0.0000000000e+00 2.8914749152e-09 -5.4501555686e-09
-1.1969696970e+00 7.5757575758e-02 0.0000000000e+00 2.9648982355e-09 -5.3992579340e-09
-1.1666666667e+00 7.5757575758e-02 0.0000000000e+00 3.0421553112e-09 -5.3553020787e-09
-1.1363636364e+00 7.5757575758e-02 0.0000000000e+00 3.1235551831e-09 -5.3185970433e-09
-1.1060606061e+00 7.5757575758e-02 0.0000000000e+00 3.2094411151e-09 -5.2894860921e-09
-1.0757575758e+00 7.5757575758e-02 0.0000000000e+00 3.3001954818e-09 -5.2683515993e-09
-1.0454545455e+00 7.5757575758e-02 0.0000000000e+00 3.3962455185e-09 -5.2556208005e-09
-1.0151515152e+00 7.5757575758e-02 0.0000000000e+00 3.4980701217e-09 -5.2517725920e-09
-9.8484848485e-01 7.5757575758e-02 0.0000000000e+00 3.6062079288e-09 -5.2573456113e-09
-9.5454545455e-01 7.5757575758e-02 0.0000000000e+00 3.7212669685e-09 -5.2729478871e-09
-9.2424242424e-01 7.5757575758e-02 0.0000000000e+00 3.8439362528e-09 -5.2992684313e-09
-8.9393939394e-01 7.5757575758e-02 0.0000000000e+00 3.9749997813e-09 -5.3370912436e-09
-8.6363636364e-01 7.5757575758e-02 0.0000000000e+00 4.1153535687e-09 -5.3873123387e-09
-8.3333333333e-01 7.5757575758e-02 0.0000000000e+00 4.2660264892e-09 -5.4509605907e-09
-8.0303030303e-01 7.5757575758e-02 0.0000000000e+00 4.4282059751e-09 -5.5292234321e-09
-7.7272727273e-01 7.5757575758e-02 0.0000000000e+00 4.6032699530e-09 -5.6234787893e-09
-7.4242424242e-01 7.5757575758e-02 0.0000000000e+00 4.7928268601e-09 -5.7353350995e-09
-7.1212121212e-01 7.5757575758e-02 0.0000000000e+00 4.9987662460e-09 -5.8666819125e-09
-6.8181818182e-01 7.5757575758e-02 0.0000000000e+00 5.2233233878e-09 -6.0197545052e-09
-6.5151515152e-01 7.5757575758e-02 0.0000000000e+00 5.4691626850e-09 -6.1972172773e-09
-6.2121212121e-01 7.5757575758e-02 0.0000000000e+00 5.7394865488e-09 -6.4022726397e-09
-5.9090909091e-01 7.5757575758e-02 0.0000000000e+00 6.0381793947e-09 -6.6388050082e-09
-5.6060606061e-01 7.5757575758e-02 0.0000000000e+00 6.3700007220e-09 -6.9115738818e-09
-5.3030303030e-01 7.5757575758e-02 0.0000000000e+00 6.7408479978e-09 -7.2264767279e-09
-5.0000000000e-01 7.5757575758e-02 0.0000000000e+00 7.1581206656e-09 -7.5909129899e-09
-4.6969696970e-01 7.5757575758e-02 0.0000000000e+00 7.6312336418e-09 -8.0142975842e-09
-4.3939393939e-01 7.5757575758e-02 0.0000000000e+00 8.1723567577e-09 -8.5088003420e-09
-4.0909090909e-01 7.5757575758e-02 0.0000000000e+00 8.7975040184e-09 -9.0904352684e-09
-3.7878787879e-01 7.5757575758e-02 0.0000000000e+00 9.5281782267e-09 -9.7807051664e-09
-3.4848484848e-01 7.5757575758e-02 0.0000000000e+00 1.0393917369e-08 -1.0609148022e-08
-3.1818181818e-01 7.5757575758e-02 0.0000000000e+00 1.1436313313e-08 -1.1617355703e-08
-2.8787878788e-01 7.5757575758e-02 0.0000000000e+00 1.2715263968e-08 -1.2865226120e-08
-2.5757575758e-01 7.5757575758e-02 0.0000000000e+00 1.4316791439e-08 -1.4438781376e-08
-2.2727272727e-01 7.5757575758e-02 0.0000000000e+00 1.6355738704e-08 -1.6452864450e-08
-1.9696969697e-01 7.5757575758e-02 0.0000000000e+00 1.8428317023e-08 -1.8503686602e-08
-1.6666666667e-01 7.5757575758e-02 0.0000000000e+00 2.0268976073e-08 -2.0325697508e-08
-1.3636363636e-01 7.5757575758e-02 0.0000000000e+00 2.1870617410e-08 -2.1911798727e-08
-1.0606060606e-01 7.5757575758e-02 0.0000000000e+00 nan nan
-7.5757575758e-02 7.5757575758e-02 0.0000000000e+00 nan nan
-4.5454545455e-02 7.5757575758e-02 0.0000000000e+00 nan nan
-1.5151515152e-02 7.5757575758e-02 0.0000000000e+00 nan nan
1.5151515152e-02 7.5757575758e-02 0.0000000000e+00 nan nan
4.5454545455e-02 7.5757575758e-02 0.0000000000e+00 nan nan
7.5757575758e-02 7.5757575758e-02 0.0000000000e+00 nan nan
1.0606060606e-01 7.5757575758e-02 0.0000000000e+00 nan nan
1.3636363636e-01 7.5757575758e-02 0.0000000000e+00 2.2057571666e-08 -2.2098752982e-08
1.6666666667e-01 7.5757575758e-02 0.0000000000e+00 2.0084624504e-08 -2.0141345940e-08
1.9696969697e-01 7.5757575758e-02 0.0000000000e+00 1.7697150688e-08 -1.7772520267e-08
2.2727272727e-01 7.5757575758e-02 0.0000000000e+00 1.5425119871e-08 -1.5522245617e-08
2.5757575758e-01 7.5757575758e-02 0.0000000000e+00 1.3660619618e-08 -1.3782609555e-08
2.8787878788e-01 7.5757575758e-02 0.0000000000e+00 1.2256996929e-08 -1.2406959081e-08
3.1818181818e-01 7.5757575758e-02 0.0000000000e+00 1.1112038966e-08 -1.1293081356e-08
3.4848484848e-01 7.5757575758e-02 0.0000000000e+00 1.0159894937e-08 -1.0375125590e-08
3.7878787879e-01 7.5757575758e-02 0.0000000000e+00 9.3558678390e-09 -9.6083947787e-09
4.0909090909e-01 7.5757575758e-02 0.0000000000e+00 8.6682178465e-09 -8.9611490966e-09
4.3939393939e-01 7.5757575758e-02 0.0000000000e+00 8.0736621015e-09 -8.4101056857e-09
4.6969696970e-01 7.5757575758e-02 0.0000000000e+00 7.5547011980e-09 -7.9377651404e-09
5.0000000000e-01 7.5757575758e-02 0.0000000000e+00 7.0979251837e-09 -7.5307175080e-09
5.3030303030e-01 7.5757575758e-02 0.0000000000e+00 6.6928894263e-09 -7.1785181564e-09
5.6060606061e-01 7.5757575758e-02 0.0000000000e+00 6.3313432599e-09 -6.8729164197e-09
5.9090909091e-01 7.5757575758e-02 0.0000000000e+00 6.0066870459e-09 -6.6073126593e-09
6.2121212121e-01 7.5757575758e-02 0.0000000000e+00 5.7135820887e-09 -6.3763681796e-09
6.5151515152e-01 7.5757575758e-02 0.0000000000e+00 5.4476654762e-09 -6.1757200684e-09
6.8181818182e-01 7.5757575758e-02 0.0000000000e+00 5.2053384432e-09 -6.0017695606e-09
7.1212121212e-01 7.5757575758e-02 0.0000000000e+00 4.9836071623e-09 -5.8515228288e-09
7.4242424242e-01 7.5757575758e-02 0.0000000000e+00 4.7799614961e-09 -5.7224697356e-09
7.7272727273e-01 7.5757575758e-02 0.0000000000e+00 4.5922816148e-09 -5.6124904511e-09
8.0303030303e-01 7.5757575758e-02 0.0000000000e+00 4.4187653264e-09 -5.5197827834e-09
8.3333333333e-01 7.5757575758e-02 0.0000000000e+00 4.2578709788e-09 -5.4428050804e-09
8.6363636364e-01 7.5757575758e-02 0.0000000000e+00 4.1082721959e-09 -5.3802309659e-09
8.9393939394e-01 7.5757575758e-02 0.0000000000e+00 3.9688216938e-09 -5.3309131561e-09
9.2424242424e-01 7.5757575758e-02 0.0000000000e+00 3.8385221316e-09 -5.2938543101e-09
9.5454545455e-01 7.5757575758e-02 0.0000000000e+00 3.7165024557e-09 -5.2681833743e-09
9.8484848485e-01 7.5757575758e-02 0.0000000000e+00 3.6019985731e-09 -5.2531362556e-09
1.0151515152e+00 7.5757575758e-02 0.0000000000e+00 3.4943374573e-09 -5.2480399276e-09
1.0454545455e+00 7.5757575758e-02 0.0000000000e+00 3.3929240010e-09 -5.2522992830e-09
1.0757575758e+00 7.5757575758e-02 0.0000000000e+00 3.2972300764e-09 -5.2653861939e-09
1.1060606061e+00 7.5757575758e-02 0.0000000000e+00 3.2067853847e-09 -5.2868303617e-09
1.1363636364e+00 7.5757575758e-02 0.0000000000e+00 3.1211697633e-09 -5.3162116236e-09
1.1666666667e+00 7.5757575758e-02 0.0000000000e+00 3.0400066867e-09 -5.3531534541e-09
1.1969696970e+00 7.5757575758e-02 0.0000000000e+00 2.9629577513e-09 -5.3973174498e-09
1.2272727273e+00 7.5757575758e-02 0.0000000000e+00 2.8897179753e-09 -5.4483986287e-09
1.2575757576e+00 7.5757575758e-02 0.0000000000e+00 2.8200117756e-09 -5.5061214078e-09
1.2878787879e+00 7.5757575758e-02 0.0000000000e+00 2.7535895124e-09 -5.5702361472e-09
1.3181818182e+00 7.5757575758e-02 0.0000000000e+00 2.6902245082e-09 -5.6405161696e-09
1.3484848485e+00 7.5757575758e-02 0.0000000000e+00 2.6297104698e-09 -5.7167551816e-09
1.3787878788e+00 7.5757575758e-02 0.0000000000e+00 2.5718592481e-09 -5.7987650342e-09
1.4090909091e+00 7.5757575758e-02 0.0000000000e+00 2.5164988876e-09 -5.8863737718e-09
1.4393939394e+00 7.5757575758e-02 0.0000000000e+00 2.4634719220e-09 -5.9794239283e-09
1.4696969697e+00 7.5757575758e-02 0.0000000000e+00 2.4126338804e-09 -6.0777710325e-09
1.5000000000e+00 7.5757575758e-02 0.0000000000e+00 2.3638519739e-09 -6.1812822958e-09
-1.5000000000e+00 1.0606060606e-01 0.0000000000e+00 2.3617297944e-09 -6.1884841879e-09
-1.4696969697e+00 1.0606060606e-01 0.0000000000e+00 2.4103936423e-09 -6.0848548660e-09
-1.4393939394e+00 1.0606060606e-01 0.0000000000e+00 2.4611048277e-09 -5.9863809056e-09
-1.4090909091e+00 1.0606060606e-01 0.0000000000e+00 2.5139953187e-09 -5.8931942746e-09
-1.3787878788e+00 1.0606060606e-01 0.0000000000e+00 2.5692086744e-09 -5.8054385321e-09
-1.3484848485e+00 1.0606060606e-01 0.0000000000e+00 2.6269013457e-09 -5.7232701291e-09
-1.3181818182e+00 1.0606060606e-01 0.0000000000e+00 2.6872441558e-09 -5.6468598888e-09
-1.2878787879e+00 1.0606060606e-01 0.0000000000e+00 2.7504239897e-09 -5.5763946962e-09
-1.2575757576e+00 1.0606060606e-01 0.0000000000e+00 2.8166457268e-09 -5.5120794306e-09
-1.2272727273e+00 1.0606060606e-01 0.0000000000e+00 2.8861344605e-09 -5.4541391855e-09
-1.1969696970e+00 1.0606060606e-01 0.0000000000e+00 2.9591380534e-09 -5.4028218235e-09
-1.1666666667e+00 1.0606060606e-01 0.0000000000e+00 3.0359300914e-09 -5.3584009305e-09
-1.1363636364e+00 1.0606060606e-01 0.0000000000e+00 3.1168133090e-09 -5.3211792409e-09
-1.1060606061e+00 1.0606060606e-01 0.0000000000e+00 3.2021235764e-09 -5.2914926250e-09
-1.0757575758e+00 1.0606060606e-01 0.0000000000e+00 3.2922345602e-09 -5.2697147493e-09
-1.0454545455e+00 1.0606060606e-01 0.0000000000e+00 3.3875631920e-09 -5.2562625456e-09
-1.0151515152e+00 1.0606060606e-01 0.0000000000e+00 3.4885761151e-09 -5.2516026570e-09
-9.8484848485e-01 1.0606060606e-01 0.0000000000e+00 3.5957973172e-09 -5.2562590714e-09
-9.5454545455e-01 1.0606060606e-01 0.0000000000e+00 3.7098172135e-09 -5.2708222037e-09
-9.2424242424e-01 1.0606060606e-01 0.0000000000e+00 3.8313035094e-09 -5.2959597595e-09
-8.9393939394e-01 1.0606060606e-01 0.0000000000e+00 3.9610142637e-09 -5.3324297976e-09
-8.6363636364e-01 1.0606060606e-01 0.0000000000e+00 4.0998136889e-09 -5.3810965305e-09
-8.3333333333e-01 1.0606060606e-01 0.0000000000e+00 4.2486913774e-09 -5.4429495505e-09
-8.0303030303e-01 1.0606060606e-01 0.0000000000e+00 4.4087858506e-09 -5.5191273792e-09
-7.7272727273e-01 1.0606060606e-01 0.0000000000e+00 4.5814136010e-09 -5.6109465089e-09
-7.4242424242e-01 1.0606060606e-01 0.0000000000e+00 4.7681051705e-09 -5.7199374816e-09
-7.1212121212e-01 1.0606060606e-01 0.0000000000e+00 4.9706503204e-09 -5.8478900585e-09
-6.8181818182e-01 1.0606060606e-01 0.0000000000e+00 5.1911550486e-09 -5.9969102377e-09
-6.5151515152e-01 1.0606060606e-01 0.0000000000e+00 5.4321141923e-09 -6.1694928562e-09
-6.2121212121e-01 1.0606060606e-01 0.0000000000e+00 5.6965047237e-09 -6.3686148862e-09
-5.9090909091e-01 1.0606060606e-01 0.0000000000e+00 5.9879067910e-09 -6.5978564761e-09
-5.6060606061e-01 1.0606060606e-01 0.0000000000e+00 6.3106623110e-09 -6.8615595425e-09
-5.3030303030e-01 1.0606060606e-01 0.0000000000e+00 6.6700848358e-09 -7.1650376375e-09
-5.0000000000e-01 1.0606060606e-01 0.0000000000e+00 7.0727399392e-09 -7.5148563351e-09
-4.6969696970e-01 1.0606060606e-01 0.0000000000e+00 7.5268229597e-09 -7.9192109737e-09
-4.3939393939e-01 1.0606060606e-01 0.0000000000e+00 8.0426706804e-09 -8.3884383362e-09
-4.0909090909e-01 1.0606060606e-01 0.0000000000e+00 8.6334537020e-09 -8.9357090237e-09
-3.7878787879e-01 1.0606060606e-01 0.0000000000e+00 9.3160983821e-09 -9.5779493934e-09
-3.4848484848e-01 1.0606060606e-01 0.0000000000e+00 1.0112449026e-08 -1.0337003751e-08
-3.1818181818e-01 1.0606060606e-01 0.0000000000e+00 1.1050487413e-08 -1.1240853875e-08
-2.8787878788e-01 1.0606060606e-01 0.0000000000e+00 1.2164675744e-08 -1.2323961968e-08
-2.5757575758e-01 1.0606060606e-01 0.0000000000e+00 1.3491870893e-08 -1.3623184902e-08
-2.2727272727e-01 1.0606060606e-01 0.0000000000e+00 1.5051763238e-08 -1.5158213055e-08
-1.9696969697e-01 1.0606060606e-01 0.0000000000e+00 1.6799068834e-08 -1.6883762485e-08
-1.6666666667e-01 1.0606060606e-01 0.0000000000e+00 1.8594894640e-08 -1.8660940147e-08
-1.3636363636e-01 1.0606060606e-01 0.0000000000e+00 2.0168701221e-08 -2.0219206609e-08
-1.0606060606e-01 1.0606060606e-01 0.0000000000e+00 2.1524618450e-08 -2.1562691743e-08
-7.5757575758e-02 1.0606060606e-01 0.0000000000e+00 nan nan
-4.5454545455e-02 1.0606060606e-01 0.0000000000e+00 nan nan
-1.5151515152e-02 1.0606060606e-01 0.0000000000e+00 nan nan
1.5151515152e-02 1.0606060606e-01 0.0000000000e+00 nan nan
4.5454545455e-02 1.0606060606e-01 0.0000000000e+00 nan nan
7.5757575758e-02 1.0606060606e-01 0.0000000000e+00 nan nan
1.0606060606e-01 1.0606060606e-01 0.0000000000e+00 2.2343760003e-08 -2.2381833296e-08
1.3636363636e-01 1.0606060606e-01 0.0000000000e+00 2.0941565167e-08 -2.0992070555e-08
1.6666666667e-01 1.0606060606e-01 0.0000000000e+00 1.9181095083e-08 -1.9247140590e-08
1.9696969697e-01 1.0606060606e-01 0.0000000000e+00 1.7036883063e-08 -1.7121576713e-08
2.2727272727e-01 1.0606060606e-01 0.0000000000e+00 1.4838143555e-08 -1.4944593373e-08
2.5757575758e-01 1.0606060606e-01 0.0000000000e+00 1.3204883167e-08 -1.3336197175e-08
2.8787878788e-01 1.0606060606e-01 0.0000000000e+00 1.1906214788e-08 -1.2065501011e-08
3.1818181818e-01 1.0606060606e-01 0.0000000000e+00 1.0839753113e-08 -1.1030119575e-08
3.4848484848e-01 1.0606060606e-01 0.0000000000e+00 9.9459308150e-09 -1.0170485540e-08
3.7878787879e-01 1.0606060606e-01 0.0000000000e+00 9.1855297999e-09 -9.4473808112e-09
4.0909090909e-01 1.0606060606e-01 0.0000000000e+00 8.5308713620e-09 -8.8331266836e-09
4.3939393939e-01 1.0606060606e-01 0.0000000000e+00 7.9615735472e-09 -8.3073412031e-09
4.6969696970e-01 1.0606060606e-01 0.0000000000e+00 7.4621936066e-09 -7.8545816206e-09
5.0000000000e-01 1.0606060606e-01 0.0000000000e+00 7.0207842260e-09 -7.4629006219e-09
5.3030303030e-01 1.0606060606e-01 0.0000000000e+00 6.6279491347e-09 -7.1229019365e-09
5.6060606061e-01 1.0606060606e-01 0.0000000000e+00 6.2761967069e-09 -6.8270939384e-09
5.9090909091e-01 1.0606060606e-01 0.0000000000e+00 5.9594829969e-09 -6.5694326819e-09
6.2121212121e-01 1.0606060606e-01 0.0000000000e+00 5.6728807977e-09 -6.3449909603e-09
6.5151515152e-01 1.0606060606e-01 0.0000000000e+00 5.4123353710e-09 -6.1497140348e-09
6.8181818182e-01 1.0606060606e-01 0.0000000000e+00 5.1744813024e-09 -5.9802364915e-09
7.1212121212e-01 1.0606060606e-01 0.0000000000e+00 4.9565033344e-09 -5.8337430726e-09
7.4242424242e-01 1.0606060606e-01 0.0000000000e+00 4.7560293584e-09 -5.7078616695e-09
7.7272727273e-01 1.0606060606e-01 0.0000000000e+00 4.5710472568e-09 -5.6005801647e-09
8.0303030303e-01 1.0606060606e-01 0.0000000000e+00 4.3998396505e-09 -5.5101811791e-09
8.3333333333e-01 1.0606060606e-01 0.0000000000e+00 4.2409322380e-09 -5.4351904112e-09
8.6363636364e-01 1.0606060606e-01 0.0000000000e+00 4.0930525544e-09 -5.3743353961e-09
8.9393939394e-01 1.0606060606e-01 0.0000000000e+00 3.9550967957e-09 -5.3265123296e-09
9.2424242424e-01 1.0606060606e-01 0.0000000000e+00 3.8261029358e-09 -5.2907591859e-09
9.5454545455e-01 1.0606060606e-01 0.0000000000e+00 3.7052287970e-09 -5.2662337872e-09
9.8484848485e-01 1.0606060606e-01 0.0000000000e+00 3.5917340454e-09 -5.2521957995e-09
1.0151515152e+00 1.0606060606e-01 0.0000000000e+00 3.4849653204e-09 -5.2479918623e-09
1.0454545455e+00 1.0606060606e-01 0.0000000000e+00 3.3843438835e-09 -5.2530432371e-09
1.0757575758e+00 1.0606060606e-01 0.0000000000e+00 3.2893553042e-09 -5.2668354933e-09
1.1060606061e+00 1.0606060606e-01 0.0000000000e+00 3.1995408029e-09 -5.2889098515e-09
1.1363636364e+00 1.0606060606e-01 0.0000000000e+00 3.1144899506e-09 -5.3188558825e-09
1.1666666667e+00 1.0606060606e-01 0.0000000000e+00 3.0338344839e-09 -5.3563053230e-09
1.1969696970e+00 1.0606060606e-01 0.0000000000e+00 2.9572430425e-09 -5.4009268125e-09
1.2272727273e+00 1.0606060606e-01 0.0000000000e+00 2.8844166727e-09 -5.4524213977e-09
1.2575757576e+00 1.0606060606e-01 0.0000000000e+00 2.8150849718e-09 -5.5105186756e-09
1.2878787879e+00 1.0606060606e-01 0.0000000000e+00 2.7490027670e-09 -5.5749734735e-09
1.3181818182e+00 1.0606060606e-01 0.0000000000e+00 2.6859472478e-09 -5.6455629808e-09
1.3484848485e+00 1.0606060606e-01 0.0000000000e+00 2.6257154782e-09 -5.7220842616e-09
1.3787878788e+00 1.0606060606e-01 0.0000000000e+00 2.5681222343e-09 -5.8043520920e-09
1.4090909091e+00 1.0606060606e-01 0.0000000000e+00 2.5129981168e-09 -5.8921970727e-09
1.4393939394e+00 1.0606060606e-01 0.0000000000e+00 2.4601878999e-09 -5.9854639777e-09
1.4696969697e+00 1.0606060606e-01 0.0000000000e+00 2.4095490813e-09 -6.0840103051e-09
1.5000000000e+00 1.0606060606e-01 0.0000000000e+00 2.3609506078e-09 -6.1877050014e-09
-1.5000000000e+00 1.3636363636e-01 0.0000000000e+00 2.3578621070e-09 -6.1970485960e-09
-1.4696969697e+00 1.3636363636e-01 0.0000000000e+00 2.4062811273e-09 -6.0931744466e-09
-1.4393939394e+00 1.3636363636e-01 0.0000000000e+00 2.4567263542e-09 -5.9944345275e-09
-1.4090909091e+00 1.3636363636e-01 0.0000000000e+00 2.5093274229e-09 -5.9009584742e-09
-1.3787878788e+00 1.3636363636e-01 0.0000000000e+00 2.5642252430e-09 -5.8128871962e-09
-1.3484848485e+00 1.3636363636e-01 0.0000000000e+00 2.6215732485e-09 -5.7303741274e-09
-1.3181818182e+00 1.3636363636e-01 0.0000000000e+00 2.6815388167e-09 -5.6535866452e-09
-1.2878787879e+00 1.3636363636e-01 0.0000000000e+00 2.7443048845e-09 -5.5827076865e-09
-1.2575757576e+00 1.3636363636e-01 0.0000000000e+00 2.8100717945e-09 -5.5179375938e-09
-1.2272727273e+00 1.3636363636e-01 0.0000000000e+00 2.8790594077e-09 -5.4594962282e-09
-1.1969696970e+00 1.3636363636e-01 0.0000000000e+00 2.9515095327e-09 -5.4076253983e-09
-1.1666666667e+00 1.3636363636e-01 0.0000000000e+00 3.0276887232e-09 -5.3625916577e-09
-1.1363636364e+00 1.3636363636e-01 0.0000000000e+00 3.1078915142e-09 -5.3246895416e-09
-1.1060606061e+00 1.3636363636e-01 0.0000000000e+00 3.1924441764e-09 -5.2942453205e-09
-1.0757575758e+00 1.3636363636e-01 0.0000000000e+00 3.2817090885e-09 -5.2716213731e-09
-1.0454545455e+00 1.3636363636e-01 0.0000000000e+00 3.3760898485e-09 -5.2572212976e-09
-1.0151515152e+00 1.3636363636e-01 0.0000000000e+00 3.4760372729e-09 -5.2514959104e-09
-9.8484848485e-01 1.3636363636e-01 0.0000000000e+00 3.5820564674e-09 -5.2549503170e-09
-9.5454545455e-01 1.3636363636e-01 0.0000000000e+00 3.6947151956e-09 -5.2681522813e-09
-9.2424242424e-01 1.3636363636e-01 0.0000000000e+00 3.8146538329e-09 -5.2917421785e-09
-8.9393939394e-01 1.3636363636e-01 0.0000000000e+00 3.9425972574e-09 -5.3264448868e-09
-8.6363636364e-01 1.3636363636e-01 0.0000000000e+00 4.0793691310e-09 -5.3730840681e-09
-8.3333333333e-01 1.3636363636e-01 0.0000000000e+00 4.2259091369e-09 -5.4325994056e-09
-8.0303030303e-01 1.3636363636e-01 0.0000000000e+00 4.3832939001e-09 -5.5060675242e-09
-7.7272727273e-01 1.3636363636e-01 0.0000000000e+00 4.5527625206e-09 -5.5947275240e-09
-7.4242424242e-01 1.3636363636e-01 0.0000000000e+00 4.7357479165e-09 -5.7000123231e-09
-7.1212121212e-01 1.3636363636e-01 0.0000000000e+00 4.9339155266e-09 -5.8235873602e-09
-6.8181818182e-01 1.3636363636e-01 0.0000000000e+00 5.1492113846e-09 -5.9673986691e-09
-6.5151515152e-01 1.3636363636e-01 0.0000000000e+00 5.3839221841e-09 -6.1337329435e-09
-6.2121212121e-01 1.3636363636e-01 0.0000000000e+00 5.6407507406e-09 -6.3252929987e-09
-5.9090909091e-01 1.3636363636e-01 0.0000000000e+00 5.9229112585e-09 -6.5452930391e-09
-5.6060606061e-01 1.3636363636e-01 0.0000000000e+00 6.2342500384e-09 -6.7975793654e-09
-5.3030303030e-01 1.3636363636e-01 0.0000000000e+00 6.5793986308e-09 -7.0867835280e-09
-5.0000000000e-01 1.3636363636e-01 0.0000000000e+00 6.9639676560e-09 -7.4185161474e-09
-4.6969696970e-01 1.3636363636e-01 0.0000000000e+00 7.3947896734e-09 -7.7996097828e-09
-4.3939393939e-01 1.3636363636e-01 0.0000000000e+00 7.8802162622e-09 -8.2384160136e-09
-4.0909090909e-01 1.3636363636e-01 0.0000000000e+00 8.4304619832e-09 -8.7451494003e-09
-3.7878787879e-01 1.3636363636e-01 0.0000000000e+00 9.0579515647e-09 -9.3322346715e-09
-3.4848484848e-01 1.3636363636e-01 0.0000000000e+00 9.7775312271e-09 -1.0014518047e-08
-3.1818181818e-01 1.3636363636e-01 0.0000000000e+00 1.0606169521e-08 -1.0808968079e-08
-2.8787878788e-01 1.3636363636e-01 0.0000000000e+00 1.1561241088e-08 -1.1732959407e-08
-2.5757575758e-01 1.3636363636e-01 0.0000000000e+00 1.2655537727e-08 -1.2799283831e-08
-2.2727272727e-01 1.3636363636e-01 0.0000000000e+00 1.3886753628e-08 -1.4005635541e-08
-1.9696969697e-01 1.3636363636e-01 0.0000000000e+00 1.5224329841e-08 -1.5321455587e-08
-1.6666666667e-01 1.3636363636e-01 0.0000000000e+00 1.6608335814e-08 -1.6686813416e-08
-1.3636363636e-01 1.3636363636e-01 0.0000000000e+00 1.7968283964e-08 -1.8031221447e-08
-1.0606060606e-01 1.3636363636e-01 0.0000000000e+00 1.9269018209e-08 -1.9319523597e-08
-7.5757575758e-02 1.3636363636e-01 0.0000000000e+00 2.0561891080e-08 -2.0603072396e-08
-4.5454545455e-02 1.3636363636e-01 0.0000000000e+00 2.1573114634e-08 -2.1608079903e-08
-1.5151515152e-02 1.3636363636e-01 0.0000000000e+00 nan nan
1.5151515152e-02 1.3636363636e-01 0.0000000000e+00 nan nan
4.5454545455e-02 1.3636363636e-01 0.0000000000e+00 2.2265075409e-08 -2.2300040677e-08
7.5757575758e-02 1.3636363636e-01 0.0000000000e+00 2.1688812029e-08 -2.1729993345e-08
1.0606060606e-01 1.3636363636e-01 0.0000000000e+00 2.0731253059e-08 -2.0781758447e-08
1.3636363636e-01 1.3636363636e-01 0.0000000000e+00 1.9309205307e-08 -1.9372142791e-08
1.6666666667e-01 1.3636363636e-01 0.0000000000e+00 1.7617592968e-08 -1.7696070571e-08
1.9696969697e-01 1.3636363636e-01 0.0000000000e+00 1.5714249222e-08 -1.5811374968e-08
2.2727272727e-01 1.3636363636e-01 0.0000000000e+00 1.4003786177e-08 -1.4122668090e-08
2.5757575758e-01 1.3636363636e-01 0.0000000000e+00 1.2608336957e-08 -1.2752083061e-08
2.8787878788e-01 1.3636363636e-01 0.0000000000e+00 1.1458924798e-08 -1.1630643117e-08
3.1818181818e-01 1.3636363636e-01 0.0000000000e+00 1.0495148954e-08 -1.0697947512e-08
3.4848484848e-01 1.3636363636e-01 0.0000000000e+00 9.6751936733e-09 -9.9121804936e-09
3.7878787879e-01 1.3636363636e-01 0.0000000000e+00 8.9694049132e-09 -9.2436880200e-09
4.0909090909e-01 1.3636363636e-01 0.0000000000e+00 8.3559437794e-09 -8.6706311965e-09
4.3939393939e-01 1.3636363636e-01 0.0000000000e+00 7.8182407374e-09 -8.1764404887e-09
4.6969696970e-01 1.3636363636e-01 0.0000000000e+00 7.3434420998e-09 -7.7482622092e-09
5.0000000000e-01 1.3636363636e-01 0.0000000000e+00 6.9214058451e-09 -7.3759543365e-09
5.3030303030e-01 1.3636363636e-01 0.0000000000e+00 6.5440197928e-09 -7.0514046900e-09
5.6060606061e-01 1.3636363636e-01 0.0000000000e+00 6.2047208230e-09 -6.7680501500e-09
5.9090909091e-01 1.3636363636e-01 0.0000000000e+00 5.8981461260e-09 -6.5205279065e-09
6.2121212121e-01 1.3636363636e-01 0.0000000000e+00 5.6198747365e-09 -6.3044169946e-09
6.5151515152e-01 1.3636363636e-01 0.0000000000e+00 5.3662327371e-09 -6.1160434964e-09
6.8181818182e-01 1.3636363636e-01 0.0000000000e+00 5.1341444226e-09 -5.9523317072e-09
7.1212121212e-01 1.3636363636e-01 0.0000000000e+00 4.9210172607e-09 -5.8106890943e-09
7.4242424242e-01 1.3636363636e-01 0.0000000000e+00 4.7246520672e-09 -5.6889164738e-09
7.7272727273e-01 1.3636363636e-01 0.0000000000e+00 4.5431722320e-09 -5.5851372354e-09
8.0303030303e-01 1.3636363636e-01 0.0000000000e+00 4.3749674900e-09 -5.4977411141e-09
8.3333333333e-01 1.3636363636e-01 0.0000000000e+00 4.2186489043e-09 -5.4253391730e-09
8.6363636364e-01 1.3636363636e-01 0.0000000000e+00 4.0730125673e-09 -5.3667275044e-09
8.9393939394e-01 1.3636363636e-01 0.0000000000e+00 3.9370101335e-09 -5.3208577629e-09
9.2424242424e-01 1.3636363636e-01 0.0000000000e+00 3.8097247473e-09 -5.2868130930e-09
9.5454545455e-01 1.3636363636e-01 0.0000000000e+00 3.6903512591e-09 -5.2637883448e-09
9.8484848485e-01 1.3636363636e-01 0.0000000000e+00 3.5781798733e-09 -5.2510737229e-09
1.0151515152e+00 1.3636363636e-01 0.0000000000e+00 3.4725825604e-09 -5.2480411978e-09
1.0454545455e+00 1.3636363636e-01 0.0000000000e+00 3.3730017084e-09 -5.2541331575e-09
1.0757575758e+00 1.3636363636e-01 0.0000000000e+00 3.2789405969e-09 -5.2688528816e-09
1.1060606061e+00 1.3636363636e-01 0.0000000000e+00 3.1899553656e-09 -5.2917565096e-09
1.1363636364e+00 1.3636363636e-01 0.0000000000e+00 3.1056482114e-09 -5.3224462388e-09
1.1666666667e+00 1.3636363636e-01 0.0000000000e+00 3.0256616037e-09 -5.3605645382e-09
1.1969696970e+00 1.3636363636e-01 0.0000000000e+00 2.9496733432e-09 -5.4057892087e-09
1.2272727273e+00 1.3636363636e-01 0.0000000000e+00 2.8773923275e-09 -5.4578291480e-09
1.2575757576e+00 1.3636363636e-01 0.0000000000e+00 2.8085549076e-09 -5.5164207069e-09
1.2878787879e+00 1.3636363636e-01 0.0000000000e+00 2.7429217419e-09 -5.5813245439e-09
1.3181818182e+00 1.3636363636e-01 0.0000000000e+00 2.6802750711e-09 -5.6523228996e-09
1.3484848485e+00 1.3636363636e-01 0.0000000000e+00 2.6204163504e-09 -5.7292172293e-09
1.3787878788e+00 1.3636363636e-01 0.0000000000e+00 2.5631641841e-09 -5.8118261373e-09
1.4090909091e+00 1.3636363636e-01 0.0000000000e+00 2.5083525215e-09 -5.8999835729e-09
1.4393939394e+00 1.3636363636e-01 0.0000000000e+00 2.4558290734e-09 -5.9935372468e-09
1.4696969697e+00 1.3636363636e-01 0.0000000000e+00 2.4054539207e-09 -6.0923472400e-09
1.5000000000e+00 1.3636363636e-01 0.0000000000e+00 2.3570982880e-09 -6.1962847770e-09
-1.5000000000e+00 1.6666666667e-01 0.0000000000e+00 2.3530541048e-09 -6.2077807132e-09
-1.4696969697e+00 1.6666666667e-01 0.0000000000e+00 2.4011699680e-09 -6.1036034066e-09
-1.4393939394e+00 1.6666666667e-01 0.0000000000e+00 2.4512860062e-09 -6.0045342990e-09
-1.4090909091e+00 1.6666666667e-01 0.0000000000e+00 2.5035289995e-09 -5.9107001702e-09
-1.3787878788e+00 1.6666666667e-01 0.0000000000e+00 2.5580366177e-09 -5.8222386902e-09
-1.3484848485e+00 1.6666666667e-01 0.0000000000e+00 2.6149586090e-09 -5.7392996073e-09
-1.3181818182e+00 1.6666666667e-01 0.0000000000e+00 2.6744581458e-09 -5.6620460937e-09
-1.2878787879e+00 1.6666666667e-01 0.0000000000e+00 2.7367133533e-09 -5.5906562746e-09
-1.2575757576e+00 1.6666666667e-01 0.0000000000e+00 2.8019190504e-09 -5.5253249691e-09
-1.2272727273e+00 1.6666666667e-01 0.0000000000e+00 2.8702887381e-09 -5.4662656780e-09
-1.1969696970e+00 1.6666666667e-01 0.0000000000e+00 2.9420568750e-09 -5.4137128600e-09
-1.1666666667e+00 1.6666666667e-01 0.0000000000e+00 3.0174814919e-09 -5.3679245458e-09
-1.1363636364e+00 1.6666666667e-01 0.0000000000e+00 3.0968472028e-09 -5.3291853496e-09
-1.1060606061e+00 1.6666666667e-01 0.0000000000e+00 3.1804686847e-09 -5.2978099481e-09
-1.0757575758e+00 1.6666666667e-01 0.0000000000e+00 3.2686947110e-09 -5.2741471150e-09
-1.0454545455e+00 1.6666666667e-01 0.0000000000e+00 3.3619128446e-09 -5.2585844130e-09
-1.0151515152e+00 1.6666666667e-01 0.0000000000e+00 3.4605549144e-09 -5.2515536712e-09
-9.8484848485e-01 1.6666666667e-01 0.0000000000e+00 3.5651034328e-09 -5.2535374017e-09
-9.5454545455e-01 1.6666666667e-01 0.0000000000e+00 3.6760991402e-09 -5.2650763452e-09
-9.2424242424e-01 1.6666666667e-01 0.0000000000e+00 3.7941499119e-09 -5.2867783769e-09
-8.9393939394e-01 1.6666666667e-01 0.0000000000e+00 3.9199413117e-09 -5.3193290605e-09
-8.6363636364e-01 1.6666666667e-01 0.0000000000e+00 4.0542491479e-09 -5.3635042044e-09
-8.3333333333e-01 1.6666666667e-01 0.0000000000e+00 4.1979544711e-09 -5.4201848591e-09
-8.0303030303e-01 1.6666666667e-01 0.0000000000e+00 4.3520615603e-09 -5.4903753037e-09
-7.7272727273e-01 1.6666666667e-01 0.0000000000e+00 4.5177195764e-09 -5.5752246991e-09
-7.4242424242e-01 1.6666666667e-01 0.0000000000e+00 4.6962487271e-09 -5.6760532530e-09
-7.1212121212e-01 1.6666666667e-01 0.0000000000e+00 4.8891719879e-09 -5.7943839409e-09
-6.8181818182e-01 1.6666666667e-01 0.0000000000e+00 5.0982536625e-09 -5.9319810664e-09
-6.5151515152e-01 1.6666666667e-01 0.0000000000e+00 5.3255463377e-09 -6.0908972164e-09
-6.2121212121e-01 1.6666666667e-01 0.0000000000e+00 5.5734480670e-09 -6.2735304444e-09
-5.9090909091e-01 1.6666666667e-01 0.0000000000e+00 5.8447718466e-09 -6.4826937465e-09
-5.6060606061e-01 1.6666666667e-01 0.0000000000e+00 6.1428294827e-09 -6.7216989290e-09
-5.3030303030e-01 1.6666666667e-01 0.0000000000e+00 6.4715314860e-09 -6.9944565026e-09
-5.0000000000e-01 1.6666666667e-01 0.0000000000e+00 6.8355030339e-09 -7.3055916447e-09
-4.6969696970e-01 1.6666666667e-01 0.0000000000e+00 7.2402119866e-09 -7.6605722154e-09
-4.3939393939e-01 1.6666666667e-01 0.0000000000e+00 7.6920957674e-09 -8.0658356382e-09
-4.0909090909e-01 1.6666666667e-01 0.0000000000e+00 8.1986543097e-09 -8.5288818462e-09
-3.7878787879e-01 1.6666666667e-01 0.0000000000e+00 8.7684361451e-09 -9.0582593712e-09
-3.4848484848e-01 1.6666666667e-01 0.0000000000e+00 9.4107668282e-09 -9.6632937679e-09
-3.1818181818e-01 1.6666666667e-01 0.0000000000e+00 1.0134931801e-08 -1.0353270478e-08
-2.8787878788e-01 1.6666666667e-01 0.0000000000e+00 1.0948336553e-08 -1.1135594991e-08
-2.5757575758e-01 1.6666666667e-01 0.0000000000e+00 1.1853094184e-08 -1.2012380408e-08
-2.2727272727e-01 1.6666666667e-01 0.0000000000e+00 1.2841150538e-08 -1.2975572571e-08
-1.9696969697e-01 1.6666666667e-01 0.0000000000e+00 1.3890318875e-08 -1.4002984741e-08
-1.6666666667e-01 1.6666666667e-01 0.0000000000e+00 1.4966237143e-08 -1.5060254865e-08
-1.3636363636e-01 1.6666666667e-01 0.0000000000e+00 1.6034755587e-08 -1.6113233190e-08
-1.0606060606e-01 1.6666666667e-01 0.0000000000e+00 1.7085916749e-08 -1.7151962257e-08
-7.5757575758e-02 1.6666666667e-01 0.0000000000e+00 1.8152524716e-08 -1.8209246152e-08
-4.5454545455e-02 1.6666666667e-01 0.0000000000e+00 1.9264132666e-08 -1.9314638054e-08
-1.5151515152e-02 1.6666666667e-01 0.0000000000e+00 1.9917046427e-08 -1.9964443791e-08
1.5151515152e-02 1.6666666667e-01 0.0000000000e+00 2.0215165022e-08 -2.0262562386e-08
4.5454545455e-02 1.6666666667e-01 0.0000000000e+00 2.0111900578e-08 -2.0162405966e-08
7.5757575758e-02 1.6666666667e-01 0.0000000000e+00 1.9596236419e-08 -1.9652957855e-08
1.0606060606e-01 1.6666666667e-01 0.0000000000e+00 1.8603172134e-08 -1.8669217641e-08
1.3636363636e-01 1.6666666667e-01 0.0000000000e+00 1.7173313781e-08 -1.7251791384e-08
1.6666666667e-01 1.6666666667e-01 0.0000000000e+00 1.5759559615e-08 -1.5853577337e-08
1.9696969697e-01 1.6666666667e-01 0.0000000000e+00 1.4363799869e-08 -1.4476465734e-08
2.2727272727e-01 1.6666666667e-01 0.0000000000e+00 1.3068461600e-08 -1.3202883633e-08
2.5757575758e-01 1.6666666667e-01 0.0000000000e+00 1.1929841362e-08 -1.2089127585e-08
2.8787878788e-01 1.6666666667e-01 0.0000000000e+00 1.0946846708e-08 -1.1134105146e-08
3.1818181818e-01 1.6666666667e-01 0.0000000000e+00 1.0098014930e-08 -1.0316353607e-08
3.4848484848e-01 1.6666666667e-01 0.0000000000e+00 9.3609894426e-09 -9.6135163823e-09
3.7878787879e-01 1.6666666667e-01 0.0000000000e+00 8.7168270642e-09 -9.0066502903e-09
4.0909090909e-01 1.6666666667e-01 0.0000000000e+00 8.1501631520e-09 -8.4803906885e-09
4.3939393939e-01 1.6666666667e-01 0.0000000000e+00 7.6486106725e-09 -8.0223505433e-09
4.6969696970e-01 1.6666666667e-01 0.0000000000e+00 7.2021429943e-09 -7.6225032231e-09
5.0000000000e-01 1.6666666667e-01 0.0000000000e+00 6.8025904839e-09 -7.2726790947e-09
5.3030303030e-01 1.6666666667e-01 0.0000000000e+00 6.4432497426e-09 -6.9661747592e-09
5.6060606061e-01 1.6666666667e-01 0.0000000000e+00 6.1185826679e-09 -6.6974521142e-09
5.9090909091e-01 1.6666666667e-01 0.0000000000e+00 5.8239838267e-09 -6.4619057266e-09
6.2121212121e-01 1.6666666667e-01 0.0000000000e+00 5.5555994149e-09 -6.2556817923e-09
6.5151515152e-01 1.6666666667e-01 0.0000000000e+00 5.3101853484e-09 -6.0755362271e-09
6.8181818182e-01 1.6666666667e-01 0.0000000000e+00 5.0849952556e-09 -5.9187226596e-09
7.1212121212e-01 1.6666666667e-01 0.0000000000e+00 4.8776914911e-09 -5.7829034441e-09
7.4242424242e-01 1.6666666667e-01 0.0000000000e+00 4.6862739980e-09 -5.6660785240e-09
7.7272727273e-01 1.6666666667e-01 0.0000000000e+00 4.5090231016e-09 -5.5665282244e-09
8.0303030303e-01 1.6666666667e-01 0.0000000000e+00 4.3444532408e-09 -5.4827669842e-09
8.3333333333e-01 1.6666666667e-01 0.0000000000e+00 4.1912753398e-09 -5.4135057279e-09
8.6363636364e-01 1.6666666667e-01 0.0000000000e+00 4.0483660427e-09 -5.3576210992e-09
8.9393939394e-01 1.6666666667e-01 0.0000000000e+00 3.9147424272e-09 -5.3141301760e-09
9.2424242424e-01 1.6666666667e-01 0.0000000000e+00 3.7895411193e-09 -5.2821695843e-09
9.5454545455e-01 1.6666666667e-01 0.0000000000e+00 3.6720009574e-09 -5.2609781624e-09
9.8484848485e-01 1.6666666667e-01 0.0000000000e+00 3.5614485358e-09 -5.2498825048e-09
1.0151515152e+00 1.6666666667e-01 0.0000000000e+00 3.4572860954e-09 -5.2482848522e-09
1.0454545455e+00 1.6666666667e-01 0.0000000000e+00 3.3589813347e-09 -5.2556529032e-09
1.0757575758e+00 1.6666666667e-01 0.0000000000e+00 3.2660588018e-09 -5.2715112058e-09
1.1060606061e+00 1.6666666667e-01 0.0000000000e+00 3.1780925921e-09 -5.2954338555e-09
1.1363636364e+00 1.6666666667e-01 0.0000000000e+00 3.0947001295e-09 -5.3270382763e-09
1.1666666667e+00 1.6666666667e-01 0.0000000000e+00 3.0155368508e-09 -5.3659799047e-09
1.1969696970e+00 1.6666666667e-01 0.0000000000e+00 2.9402916448e-09 -5.4119476297e-09
1.2272727273e+00 1.6666666667e-01 0.0000000000e+00 2.8686829267e-09 -5.4646598666e-09
1.2575757576e+00 1.6666666667e-01 0.0000000000e+00 2.8004552471e-09 -5.5238611658e-09
1.2878787879e+00 1.6666666667e-01 0.0000000000e+00 2.7353763534e-09 -5.5893192747e-09
1.3181818182e+00 1.6666666667e-01 0.0000000000e+00 2.6732346359e-09 -5.6608225837e-09
1.3484848485e+00 1.6666666667e-01 0.0000000000e+00 2.6138369010e-09 -5.7381778992e-09
1.3787878788e+00 1.6666666667e-01 0.0000000000e+00 2.5570064247e-09 -5.8212084973e-09
1.4090909091e+00 1.6666666667e-01 0.0000000000e+00 2.5025812460e-09 -5.9097524167e-09
1.4393939394e+00 1.6666666667e-01 0.0000000000e+00 2.4504126664e-09 -6.0036609592e-09
1.4696969697e+00 1.6666666667e-01 0.0000000000e+00 2.4003639280e-09 -6.1027973666e-09
1.5000000000e+00 1.6666666667e-01 0.0000000000e+00 2.3523090453e-09 -6.2070356537e-09
-1.5000000000e+00 1.9696969697e-01 0.0000000000e+00 2.3473233066e-09 -6.2206980583e-09
-1.4696969697e+00 1.9696969697e-01 0.0000000000e+00 2.3950795583e-09 -6.1161611402e-09
-1.4393939394e+00 1.9696969697e-01 0.0000000000e+00 2.4448052991e-09 -6.0167017351e-09
-1.4090909091e+00 1.9696969697e-01 0.0000000000e+00 2.4966239697e-09 -5.9224432836e-09
-1.3787878788e+00 1.9696969697e-01 0.0000000000e+00 2.5506694553e-09 -5.8335196711e-09
-1.3484848485e+00 1.9696969697e-01 0.0000000000e+00 2.6070872039e-09 -5.7500763454e-09
-1.3181818182e+00 1.9696969697e-01 0.0000000000e+00 2.6660354881e-09 -5.6722715792e-09
-1.2878787879e+00 1.9696969697e-01 0.0000000000e+00 2.7276868343e-09 -5.6002778988e-09
-1.2575757576e+00 1.9696969697e-01 0.0000000000e+00 2.7922296446e-09 -5.5342837065e-09
-1.2272727273e+00 1.9696969697e-01 0.0000000000e+00 2.8598700422e-09 -5.4744951253e-09
-1.1969696970e+00 1.9696969697e-01 0.0000000000e+00 2.9308339759e-09 -5.4211381041e-09
-1.1666666667e+00 1.9696969697e-01 0.0000000000e+00 3.0053696269e-09 -5.3744608240e-09
-1.1363636364e+00 1.9696969697e-01 0.0000000000e+00 3.0837501677e-09 -5.3347364577e-09
-1.1060606061e+00 1.9696969697e-01 0.0000000000e+00 3.1662769346e-09 -5.3022663413e-09
-1.0757575758e+00 1.9696969697e-01 0.0000000000e+00 3.2532830844e-09 -5.2773836317e-09
-1.0454545455e+00 1.9696969697e-01 0.0000000000e+00 3.3451378225e-09 -5.2604575342e-09
-1.0151515152e+00 1.9696969697e-01 0.0000000000e+00 3.4422513046e-09 -5.2518982046e-09
-9.8484848485e-01 1.9696969697e-01 0.0000000000e+00 3.5450803362e-09 -5.2521624485e-09
-9.5454545455e-01 1.9696969697e-01 0.0000000000e+00 3.6541350196e-09 -5.2617603679e-09
-9.2424242424e-01 1.9696969697e-01 0.0000000000e+00 3.7699865261e-09 -5.2812631343e-09
-8.9393939394e-01 1.9696969697e-01 0.0000000000e+00 3.8932762119e-09 -5.3113121039e-09
-8.6363636364e-01 1.9696969697e-01 0.0000000000e+00 4.0247263352e-09 -5.3526295349e-09
-8.3333333333e-01 1.9696969697e-01 0.0000000000e+00 4.1651526881e-09 -5.4060312193e-09
-8.0303030303e-01 1.9696969697e-01 0.0000000000e+00 4.3154795154e-09 -5.4724414021e-09
-7.7272727273e-01 1.9696969697e-01 0.0000000000e+00 4.4767571608e-09 -5.5529104268e-09
-7.4242424242e-01 1.9696969697e-01 0.0000000000e+00 4.6501829548e-09 -5.6486356240e-09
-7.1212121212e-01 1.9696969697e-01 0.0000000000e+00 4.8371259314e-09 -5.7609860277e-09
-6.8181818182e-01 1.9696969697e-01 0.0000000000e+00 5.0391560130e-09 -5.8915315602e-09
-6.5151515152e-01 1.9696969697e-01 0.0000000000e+00 5.2580783126e-09 -6.0420773345e-09
-6.2121212121e-01 1.9696969697e-01 0.0000000000e+00 5.4959731064e-09 -6.2147036270e-09
-5.9090909091e-01 1.9696969697e-01 0.0000000000e+00 5.7552417234e-09 -6.4118117666e-09
-5.6060606061e-01 1.9696969697e-01 0.0000000000e+00 6.0386578860e-09 -6.6361754756e-09
-5.3030303030e-01 1.9696969697e-01 0.0000000000e+00 6.3494225637e-09 -6.8909957235e-09
-5.0000000000e-01 1.9696969697e-01 0.0000000000e+00 6.6912175353e-09 -7.1799542893e-09
-4.6969696970e-01 1.9696969697e-01 0.0000000000e+00 7.0682474808e-09 -7.5072558529e-09
-4.3939393939e-01 1.9696969697e-01 0.0000000000e+00 7.4852506724e-09 -7.8776386863e-09
-4.0909090909e-01 1.9696969697e-01 0.0000000000e+00 7.9474412674e-09 -8.2963169471e-09
-3.7878787879e-01 1.9696969697e-01 0.0000000000e+00 8.4603179772e-09 -8.7687893465e-09
-3.4848484848e-01 1.9696969697e-01 0.0000000000e+00 9.0292318990e-09 -9.3004069820e-09
-3.1818181818e-01 1.9696969697e-01 0.0000000000e+00 9.6585579072e-09 -9.8955447276e-09
-2.8787878788e-01 1.9696969697e-01 0.0000000000e+00 1.0350300311e-08 -1.0556206893e-08
-2.5757575758e-01 1.9696969697e-01 0.0000000000e+00 1.1102101281e-08 -1.1280035648e-08
-2.2727272727e-01 1.9696969697e-01 0.0000000000e+00 1.1905102238e-08 -1.2058172413e-08
-1.9696969697e-01 1.9696969697e-01 0.0000000000e+00 1.2742958108e-08 -1.2874272117e-08
-1.6666666667e-01 1.9696969697e-01 0.0000000000e+00 1.3593873548e-08 -1.3706539413e-08
-1.3636363636e-01 1.9696969697e-01 0.0000000000e+00 1.4436586472e-08 -1.4533712218e-08
-1.0606060606e-01 1.9696969697e-01 0.0000000000e+00 1.5257395231e-08 -1.5342088881e-08
-7.5757575758e-02 1.9696969697e-01 0.0000000000e+00 1.6047386205e-08 -1.6122755784e-08
-4.5454545455e-02 1.9696969697e-01 0.0000000000e+00 1.6769658696e-08 -1.6838812227e-08
-1.5151515152e-02 1.9696969697e-01 0.0000000000e+00 1.7309213119e-08 -1.7375258626e-08
1.5151515152e-02 1.9696969697e-01 0.0000000000e+00 1.7588973391e-08 -1.7655018898e-08
4.5454545455e-02 1.9696969697e-01 0.0000000000e+00 1.7610376424e-08 -1.7679529955e-08
7.5757575758e-02 1.9696969697e-01 0.0000000000e+00 1.7127766010e-08 -1.7203135589e-08
1.0606060606e-01 1.9696969697e-01 0.0000000000e+00 1.6244920640e-08 -1.6329614291e-08
1.3636363636e-01 1.9696969697e-01 0.0000000000e+00 1.5245832518e-08 -1.5342958264e-08
1.6666666667e-01 1.9696969697e-01 0.0000000000e+00 1.4199221709e-08 -1.4311887575e-08
1.9696969697e-01 1.9696969697e-01 0.0000000000e+00 1.3150907480e-08 -1.3282221489e-08
2.2727272727e-01 1.9696969697e-01 0.0000000000e+00 1.2149567706e-08 -1.2302637882e-08
2.5757575758e-01 1.9696969697e-01 0.0000000000e+00 1.1229983193e-08 -1.1407917559e-08
2.8787878788e-01 1.9696969697e-01 0.0000000000e+00 1.0404352802e-08 -1.0610259384e-08
3.1818181818e-01 1.9696969697e-01 0.0000000000e+00 9.6698760158e-09 -9.9068628362e-09
3.4848484848e-01 1.9696969697e-01 0.0000000000e+00 9.0177608312e-09 -9.2889359141e-09
3.7878787879e-01 1.9696969697e-01 0.0000000000e+00 8.4379376536e-09 -8.7464090230e-09
4.0909090909e-01 1.9696969697e-01 0.0000000000e+00 7.9208734397e-09 -8.2697491194e-09
4.3939393939e-01 1.9696969697e-01 0.0000000000e+00 7.4581212086e-09 -7.8505092226e-09
4.6969696970e-01 1.9696969697e-01 0.0000000000e+00 7.0423928657e-09 -7.4814012378e-09
5.0000000000e-01 1.9696969697e-01 0.0000000000e+00 6.6674685707e-09 -7.1562053247e-09
5.3030303030e-01 1.9696969697e-01 0.0000000000e+00 6.3280608143e-09 -6.8696339741e-09
5.6060606061e-01 1.9696969697e-01 0.0000000000e+00 6.0196766359e-09 -6.6171942255e-09
5.9090909091e-01 1.9696969697e-01 0.0000000000e+00 5.7384928910e-09 -6.3950629342e-09
6.2121212121e-01 1.9696969697e-01 0.0000000000e+00 5.4812484935e-09 -6.1999790142e-09
6.5151515152e-01 1.9696969697e-01 0.0000000000e+00 5.2451533717e-09 -6.0291523937e-09
6.8181818182e-01 1.9696969697e-01 0.0000000000e+00 5.0278123978e-09 -5.8801879449e-09
7.1212121212e-01 1.9696969697e-01 0.0000000000e+00 4.8271621722e-09 -5.7510222684e-09
7.4242424242e-01 1.9696969697e-01 0.0000000000e+00 4.6414186073e-09 -5.6398712765e-09
7.7272727273e-01 1.9696969697e-01 0.0000000000e+00 4.4690334746e-09 -5.5451867406e-09
8.0303030303e-01 1.9696969697e-01 0.0000000000e+00 4.3086583463e-09 -5.4656202330e-09
8.3333333333e-01 1.9696969697e-01 0.0000000000e+00 4.1591146195e-09 -5.3999931508e-09
8.6363636364e-01 1.9696969697e-01 0.0000000000e+00 4.0193685341e-09 -5.3472717338e-09
8.9393939394e-01 1.9696969697e-01 0.0000000000e+00 3.8885102975e-09 -5.3065461896e-09
9.2424242424e-01 1.9696969697e-01 0.0000000000e+00 3.7657365870e-09 -5.2770131952e-09
9.5454545455e-01 1.9696969697e-01 0.0000000000e+00 3.6503358360e-09 -5.2579611843e-09
9.8484848485e-01 1.9696969697e-01 0.0000000000e+00 3.5416758222e-09 -5.2487579344e-09
1.0151515152e+00 1.9696969697e-01 0.0000000000e+00 3.4391931618e-09 -5.2488400618e-09
1.0454545455e+00 1.9696969697e-01 0.0000000000e+00 3.3423843877e-09 -5.2577040994e-09
1.0757575758e+00 1.9696969697e-01 0.0000000000e+00 3.2507983481e-09 -5.2748988954e-09
1.1060606061e+00 1.9696969697e-01 0.0000000000e+00 3.1640297086e-09 -5.3000191153e-09
1.1363636364e+00 1.9696969697e-01 0.0000000000e+00 3.0817133803e-09 -5.3326996703e-09
1.1666666667e+00 1.9696969697e-01 0.0000000000e+00 3.0035197261e-09 -5.3726109233e-09
1.1969696970e+00 1.9696969697e-01 0.0000000000e+00 2.9291504251e-09 -5.4194545533e-09
1.2272727273e+00 1.9696969697e-01 0.0000000000e+00 2.8583348925e-09 -5.4729599756e-09
1.2575757576e+00 1.9696969697e-01 0.0000000000e+00 2.7908271731e-09 -5.5328812350e-09
1.2878787879e+00 1.9696969697e-01 0.0000000000e+00 2.7264032364e-09 -5.5989943010e-09
1.3181818182e+00 1.9696969697e-01 0.0000000000e+00 2.6648586162e-09 -5.6710947073e-09
1.3484848485e+00 1.9696969697e-01 0.0000000000e+00 2.6060063449e-09 -5.7489954864e-09
1.3787878788e+00 1.9696969697e-01 0.0000000000e+00 2.5496751405e-09 -5.8325253563e-09
1.4090909091e+00 1.9696969697e-01 0.0000000000e+00 2.4957078128e-09 -5.9215271267e-09
1.4393939394e+00 1.9696969697e-01 0.0000000000e+00 2.4439598568e-09 -6.0158562927e-09
1.4696969697e+00 1.9696969697e-01 0.0000000000e+00 2.3942982105e-09 -6.1153797924e-09
1.5000000000e+00 1.9696969697e-01 0.0000000000e+00 2.3466001543e-09 -6.2199749060e-09
-1.5000000000e+00 2.2727272727e-01 0.0000000000e+00 2.3406903388e-09 -6.2358212576e-09
-1.4696969697e+00 2.2727272727e-01 0.0000000000e+00 2.3880327140e-09 -6.1308704630e-09
-1.4393939394e+00 2.2727272727e-01 0.0000000000e+00 2.4373095222e-09 -6.0309621253e-09
-1.4090909091e+00 2.2727272727e-01 0.0000000000e+00 2.4886404243e-09 -5.9362159054e-09
-1.3787878788e+00 2.2727272727e-01 0.0000000000e+00 2.5421550283e-09 -5.8467614112e-09
-1.3484848485e+00 2.2727272727e-01 0.0000000000e+00 2.5979939286e-09 -5.7627392373e-09
-1.3181818182e+00 2.2727272727e-01 0.0000000000e+00 2.6563098762e-09 -5.6843021344e-09
-1.2878787879e+00 2.2727272727e-01 0.0000000000e+00 2.7172690985e-09 -5.6116163301e-09
-1.2575757576e+00 2.2727272727e-01 0.0000000000e+00 2.7810527910e-09 -5.5448630201e-09
-1.2272727273e+00 2.2727272727e-01 0.0000000000e+00 2.8478588076e-09 -5.4842400578e-09
-1.1969696970e+00 2.2727272727e-01 0.0000000000e+00 2.9179035778e-09 -5.4299638731e-09
-1.1666666667e+00 2.2727272727e-01 0.0000000000e+00 2.9914242895e-09 -5.3822716538e-09
-1.1363636364e+00 2.2727272727e-01 0.0000000000e+00 3.0686813763e-09 -5.3414238334e-09
-1.1060606061e+00 2.2727272727e-01 0.0000000000e+00 3.1499613596e-09 -5.3077069334e-09
-1.0757575758e+00 2.2727272727e-01 0.0000000000e+00 3.2355801033e-09 -5.2814368176e-09
-1.0454545455e+00 2.2727272727e-01 0.0000000000e+00 3.3258865479e-09 -5.2629624267e-09
-1.0151515152e+00 2.2727272727e-01 0.0000000000e+00 3.4212670049e-09 -5.2526700721e-09
-9.8484848485e-01 2.2727272727e-01 0.0000000000e+00 3.5221501040e-09 -5.2509883833e-09
-9.5454545455e-01 2.2727272727e-01 0.0000000000e+00 3.6290125030e-09 -5.2583940184e-09
-9.2424242424e-01 2.2727272727e-01 0.0000000000e+00 3.7423854893e-09 -5.2754182646e-09
-8.9393939394e-01 2.2727272727e-01 0.0000000000e+00 3.8628626208e-09 -5.3026546800e-09
-8.6363636364e-01 2.2727272727e-01 0.0000000000e+00 3.9911085782e-09 -5.3407679450e-09
-8.3333333333e-01 2.2727272727e-01 0.0000000000e+00 4.1278694217e-09 -5.3905041201e-09
-8.0303030303e-01 2.2727272727e-01 0.0000000000e+00 4.2739844688e-09 -5.4527025226e-09
-7.7272727273e-01 2.2727272727e-01 0.0000000000e+00 4.4304000229e-09 -5.5283094561e-09
-7.4242424242e-01 2.2727272727e-01 0.0000000000e+00 4.5981851847e-09 -5.6183940210e-09
-7.1212121212e-01 2.2727272727e-01 0.0000000000e+00 4.7785499502e-09 -5.7241662136e-09
-6.8181818182e-01 2.2727272727e-01 0.0000000000e+00 4.9728657241e-09 -5.8469974384e-09
-6.5151515152e-01 2.2727272727e-01 0.0000000000e+00 5.1826882041e-09 -5.9884433931e-09
-6.2121212121e-01 2.2727272727e-01 0.0000000000e+00 5.4097822669e-09 -6.1502689547e-09
-5.9090909091e-01 2.2727272727e-01 0.0000000000e+00 5.6561478887e-09 -6.3344740990e-09
-5.6060606061e-01 2.2727272727e-01 0.0000000000e+00 5.9240450832e-09 -6.5433188399e-09
-5.3030303030e-01 2.2727272727e-01 0.0000000000e+00 6.2160140522e-09 -6.7793433792e-09
-5.0000000000e-01 2.2727272727e-01 0.0000000000e+00 6.5348837492e-09 -7.0453766704e-09
-4.6969696970e-01 2.2727272727e-01 0.0000000000e+00 6.8837572035e-09 -7.3445217426e-09
-4.3939393939e-01 2.2727272727e-01 0.0000000000e+00 7.2659543480e-09 -7.6800985291e-09
-4.0909090909e-01 2.2727272727e-01 0.0000000000e+00 7.6848818998e-09 -8.0555137466e-09
-3.7878787879e-01 2.2727272727e-01 0.0000000000e+00 8.1437851047e-09 -8.4740126412e-09
-3.4848484848e-01 2.2727272727e-01 0.0000000000e+00 8.6453213126e-09 -8.9382525626e-09
-3.1818181818e-01 2.2727272727e-01 0.0000000000e+00 9.1908924293e-09 -9.4496354167e-09
-2.8787878788e-01 2.2727272727e-01 0.0000000000e+00 9.7797107975e-09 -1.0007373546e-08
-2.5757575758e-01 2.2727272727e-01 0.0000000000e+00 1.0407697023e-08 -1.0607387556e-08
-2.2727272727e-01 2.2727272727e-01 0.0000000000e+00 1.1066546876e-08 -1.1241373219e-08
-1.9696969697e-01 2.2727272727e-01 0.0000000000e+00 1.1743563002e-08 -1.1896633178e-08
-1.6666666667e-01 2.2727272727e-01 0.0000000000e+00 1.2422799178e-08 -1.2557221211e-08
-1.3636363636e-01 2.2727272727e-01 0.0000000000e+00 1.3087237332e-08 -1.3206119245e-08
-1.0606060606e-01 2.2727272727e-01 0.0000000000e+00 1.3719873222e-08 -1.3826323040e-08
-7.5757575758e-02 2.2727272727e-01 0.0000000000e+00 1.4299683723e-08 -1.4396809469e-08
-4.5454545455e-02 2.2727272727e-01 0.0000000000e+00 1.4790912936e-08 -1.4881822634e-08
-1.5151515152e-02 2.2727272727e-01 0.0000000000e+00 1.5139838553e-08 -1.5227640228e-08
1.5151515152e-02 2.2727272727e-01 0.0000000000e+00 1.5297617384e-08 -1.5385419058e-08
4.5454545455e-02 2.2727272727e-01 0.0000000000e+00 1.5227701627e-08 -1.5318611325e-08
7.5757575758e-02 2.2727272727e-01 0.0000000000e+00 1.4898228666e-08 -1.4995354412e-08
1.0606060606e-01 2.2727272727e-01 0.0000000000e+00 1.4340612039e-08 -1.4447061856e-08
1.3636363636e-01 2.2727272727e-01 0.0000000000e+00 1.3641839770e-08 -1.3760721683e-08
1.6666666667e-01 2.2727272727e-01 0.0000000000e+00 1.2870173637e-08 -1.3004595670e-08
1.9696969697e-01 2.2727272727e-01 0.0000000000e+00 1.2073755069e-08 -1.2226825245e-08
2.2727272727e-01 2.2727272727e-01 0.0000000000e+00 1.1290492368e-08 -1.1465318711e-08
2.5757575758e-01 2.2727272727e-01 0.0000000000e+00 1.0547315459e-08 -1.0747005993e-08
2.8787878788e-01 2.2727272727e-01 0.0000000000e+00 9.8588287380e-09 -1.0086491487e-08
3.1818181818e-01 2.2727272727e-01 0.0000000000e+00 9.2297803002e-09 -9.4885232877e-09
3.4848484848e-01 2.2727272727e-01 0.0000000000e+00 8.6590154103e-09 -8.9519466604e-09
3.7878787879e-01 2.2727272727e-01 0.0000000000e+00 8.1425485432e-09 -8.4727760797e-09
4.0909090909e-01 2.2727272727e-01 0.0000000000e+00 7.6753532980e-09 -8.0459851449e-09
4.3939393939e-01 2.2727272727e-01 0.0000000000e+00 7.2522657709e-09 -7.6664099519e-09
4.6969696970e-01 2.2727272727e-01 0.0000000000e+00 6.8683974314e-09 -7.3291619705e-09
5.0000000000e-01 2.2727272727e-01 0.0000000000e+00 6.5192994321e-09 -7.0297923532e-09
5.3030303030e-01 2.2727272727e-01 0.0000000000e+00 6.2010061087e-09 -6.7643354357e-09
5.6060606061e-01 2.2727272727e-01 0.0000000000e+00 5.9100220324e-09 -6.5292957891e-09
5.9090909091e-01 2.2727272727e-01 0.0000000000e+00 5.6432846502e-09 -6.3216108604e-09
6.2121212121e-01 2.2727272727e-01 0.0000000000e+00 5.3981183816e-09 -6.1386050693e-09
6.5151515152e-01 2.2727272727e-01 0.0000000000e+00 5.1721879072e-09 -5.9779430962e-09
6.8181818182e-01 2.2727272727e-01 0.0000000000e+00 4.9634542505e-09 -5.8375859648e-09
7.1212121212e-01 2.2727272727e-01 0.0000000000e+00 4.7701351366e-09 -5.7157513999e-09
7.4242424242e-01 2.2727272727e-01 0.0000000000e+00 4.5906700305e-09 -5.6108788668e-09
7.7272727273e-01 2.2727272727e-01 0.0000000000e+00 4.4236897288e-09 -5.5215991619e-09
8.0303030303e-01 2.2727272727e-01 0.0000000000e+00 4.2679901322e-09 -5.4467081860e-09
8.3333333333e-01 2.2727272727e-01 0.0000000000e+00 4.1225097356e-09 -5.3851444340e-09
8.6363636364e-01 2.2727272727e-01 0.0000000000e+00 3.9863103625e-09 -5.3359697293e-09
8.9393939394e-01 2.2727272727e-01 0.0000000000e+00 3.8585606941e-09 -5.2983527532e-09
9.2424242424e-01 2.2727272727e-01 0.0000000000e+00 3.7385221906e-09 -5.2715549659e-09
9.5454545455e-01 2.2727272727e-01 0.0000000000e+00 3.6255370487e-09 -5.2549185641e-09
9.8484848485e-01 2.2727272727e-01 0.0000000000e+00 3.5190178885e-09 -5.2478561678e-09
1.0151515152e+00 2.2727272727e-01 0.0000000000e+00 3.4184389080e-09 -5.2498419752e-09
1.0454545455e+00 2.2727272727e-01 0.0000000000e+00 3.3233282815e-09 -5.2604041603e-09
1.0757575758e+00 2.2727272727e-01 0.0000000000e+00 3.2332616141e-09 -5.2791183284e-09
1.1060606061e+00 2.2727272727e-01 0.0000000000e+00 3.1478562927e-09 -5.3056018665e-09
1.1363636364e+00 2.2727272727e-01 0.0000000000e+00 3.0667666004e-09 -5.3395090575e-09
1.1666666667e+00 2.2727272727e-01 0.0000000000e+00 2.9896794800e-09 -5.3805268443e-09
1.1969696970e+00 2.2727272727e-01 0.0000000000e+00 2.9163108527e-09 -5.4283711480e-09
1.2272727273e+00 2.2727272727e-01 0.0000000000e+00 2.8464024110e-09 -5.4827836612e-09
1.2575757576e+00 2.2727272727e-01 0.0000000000e+00 2.7797188188e-09 -5.5435290478e-09
1.2878787879e+00 2.2727272727e-01 0.0000000000e+00 2.7160452603e-09 -5.6103924920e-09
1.3181818182e+00 2.2727272727e-01 0.0000000000e+00 2.6551852903e-09 -5.6831775485e-09
1.3484848485e+00 2.2727272727e-01 0.0000000000e+00 2.5969589437e-09 -5.7617042524e-09
1.3787878788e+00 2.2727272727e-01 0.0000000000e+00 2.5412010697e-09 -5.8458074526e-09
1.4090909091e+00 2.2727272727e-01 0.0000000000e+00 2.4877598606e-09 -5.9353353417e-09
1.4393939394e+00 2.2727272727e-01 0.0000000000e+00 2.4364955499e-09 -6.0301481530e-09
1.4696969697e+00 2.2727272727e-01 0.0000000000e+00 2.3872792572e-09 -6.1301170062e-09
1.5000000000e+00 2.2727272727e-01 0.0000000000e+00 2.3399919623e-09 -6.2351228811e-09
-1.5000000000e+00 2.5757575758e-01 0.0000000000e+00 2.3331787316e-09 -6.2531738413e-09
-1.4696969697e+00 2.5757575758e-01 0.0000000000e+00 2.3800554378e-09 -6.1477573778e-09
-1.4393939394e+00 2.5757575758e-01 0.0000000000e+00 2.4288274678e-09 -6.0473442619e-09
-1.4090909091e+00 2.5757575758e-01 0.0000000000e+00 2.4796103111e-09 -5.9520499831e-09
-1.3787878788e+00 2.5757575758e-01 0.0000000000e+00 2.5325288617e-09 -5.8619994356e-09
-1.3484848485e+00 2.5757575758e-01 0.0000000000e+00 2.5877183743e-09 -5.7773278739e-09
-1.3181818182e+00 2.5757575758e-01 0.0000000000e+00 2.6453255360e-09 -5.6981819852e-09
-1.2878787879e+00 2.5757575758e-01 0.0000000000e+00 2.7055096693e-09 -5.6247210919e-09
-1.2575757576e+00 2.5757575758e-01 0.0000000000e+00 2.7684440862e-09 -5.5571185062e-09
-1.2272727273e+00 2.5757575758e-01 0.0000000000e+00 2.8343176136e-09 -5.4955630548e-09
-1.1969696970e+00 2.5757575758e-01 0.0000000000e+00 2.9033363148e-09 -5.4402608011e-09
-1.1666666667e+00 2.5757575758e-01 0.0000000000e+00 2.9757254361e-09 -5.3914369914e-09
-1.1363636364e+00 2.5757575758e-01 0.0000000000e+00 3.0517316111e-09 -5.3493382592e-09
-1.1060606061e+00 2.5757575758e-01 0.0000000000e+00 3.1316253603e-09 -5.3142351250e-09
-1.0757575758e+00 2.5757575758e-01 0.0000000000e+00 3.2157039300e-09 -5.2864248354e-09
-1.0454545455e+00 2.5757575758e-01 0.0000000000e+00 3.3042945210e-09 -5.2662345908e-09
-1.0151515152e+00 2.5757575758e-01 0.0000000000e+00 3.3977579629e-09 -5.2540252210e-09
-9.8484848485e-01 2.5757575758e-01 0.0000000000e+00 3.4964929003e-09 -5.2501953706e-09
-9.5454545455e-01 2.5757575758e-01 0.0000000000e+00 3.6009405641e-09 -5.2551862705e-09
-9.2424242424e-01 2.5757575758e-01 0.0000000000e+00 3.7115902075e-09 -5.2694871738e-09
-8.9393939394e-01 2.5757575758e-01 0.0000000000e+00 3.8289852960e-09 -5.2936415462e-09
-8.6363636364e-01 2.5757575758e-01 0.0000000000e+00 3.9537305444e-09 -5.3282541023e-09
-8.3333333333e-01 2.5757575758e-01 0.0000000000e+00 4.0864998909e-09 -5.3739987803e-09
-8.0303030303e-01 2.5757575758e-01 0.0000000000e+00 4.2280454935e-09 -5.4316277383e-09
-7.7272727273e-01 2.5757575758e-01 0.0000000000e+00 4.3792078056e-09 -5.5019814297e-09
-7.4242424242e-01 2.5757575758e-01 0.0000000000e+00 4.5409267395e-09 -5.5859997668e-09
-7.1212121212e-01 2.5757575758e-01 0.0000000000e+00 4.7142538330e-09 -5.6847342873e-09
-6.8181818182e-01 2.5757575758e-01 0.0000000000e+00 4.9003651774e-09 -5.7993610826e-09
-6.5151515152e-01 2.5757575758e-01 0.0000000000e+00 5.1005745980e-09 -5.9311939780e-09
-6.2121212121e-01 2.5757575758e-01 0.0000000000e+00 5.3163461475e-09 -6.0816970263e-09
-5.9090909091e-01 2.5757575758e-01 0.0000000000e+00 5.5493042834e-09 -6.2524946846e-09
-5.6060606061e-01 2.5757575758e-01 0.0000000000e+00 5.8012390184e-09 -6.4453769661e-09
-5.3030303030e-01 2.5757575758e-01 0.0000000000e+00 6.0741016784e-09 -6.6622951963e-09
-5.0000000000e-01 2.5757575758e-01 0.0000000000e+00 6.3699844143e-09 -6.9053415264e-09
-4.6969696970e-01 2.5757575758e-01 0.0000000000e+00 6.6910730527e-09 -7.1767017828e-09
-4.3939393939e-01 2.5757575758e-01 0.0000000000e+00 7.0395580492e-09 -7.4785664212e-09
-4.0909090909e-01 2.5757575758e-01 0.0000000000e+00 7.4174825258e-09 -7.8129785636e-09
-3.7878787879e-01 2.5757575758e-01 0.0000000000e+00 7.8265010949e-09 -8.1815928224e-09
-3.4848484848e-01 2.5757575758e-01 0.0000000000e+00 8.2675223957e-09 -8.5853178367e-09
-3.1818181818e-01 2.5757575758e-01 0.0000000000e+00 8.7402202634e-09 -9.0238274418e-09
-2.8787878788e-01 2.5757575758e-01 0.0000000000e+00 9.2424358961e-09 -9.4949628358e-09
-2.5757575758e-01 2.5757575758e-01 0.0000000000e+00 9.7695665338e-09 -9.9941212586e-09
-2.2727272727e-01 2.5757575758e-01 0.0000000000e+00 1.0314131024e-08 -1.0513821558e-08
-1.9696969697e-01 2.5757575758e-01 0.0000000000e+00 1.0865747473e-08 -1.1043681839e-08
-1.6666666667e-01 2.5757575758e-01 0.0000000000e+00 1.1411616982e-08 -1.1570903205e-08
-1.3636363636e-01 2.5757575758e-01 0.0000000000e+00 1.1937169317e-08 -1.2080915421e-08
-1.0606060606e-01 2.5757575758e-01 0.0000000000e+00 1.2425938871e-08 -1.2557252880e-08
-7.5757575758e-02 2.5757575758e-01 0.0000000000e+00 1.2857754391e-08 -1.2979744328e-08
-4.5454545455e-02 2.5757575758e-01 0.0000000000e+00 1.3206287063e-08 -1.3322060952e-08
-1.5151515152e-02 2.5757575758e-01 0.0000000000e+00 1.3440382534e-08 -1.3553048399e-08
1.5151515152e-02 2.5757575758e-01 0.0000000000e+00 1.3531131527e-08 -1.3643797392e-08
4.5454545455e-02 2.5757575758e-01 0.0000000000e+00 1.3458173282e-08 -1.3573947171e-08
7.5757575758e-02 2.5757575758e-01 0.0000000000e+00 1.3215644514e-08 -1.3337634451e-08
1.0606060606e-01 2.5757575758e-01 0.0000000000e+00 1.2821788860e-08 -1.2953102869e-08
1.3636363636e-01 2.5757575758e-01 0.0000000000e+00 1.2315025855e-08 -1.2458771959e-08
1.6666666667e-01 2.5757575758e-01 0.0000000000e+00 1.1737005036e-08 -1.1896291260e-08
1.9696969697e-01 2.5757575758e-01 0.0000000000e+00 1.1123875949e-08 -1.1301810316e-08
2.2727272727e-01 2.5757575758e-01 0.0000000000e+00 1.0504875724e-08 -1.0704566258e-08
2.5757575758e-01 2.5757575758e-01 0.0000000000e+00 9.9017043072e-09 -1.0126259032e-08
2.8787878788e-01 2.5757575758e-01 0.0000000000e+00 9.3283601424e-09 -9.5808870821e-09
3.1818181818e-01 2.5757575758e-01 0.0000000000e+00 8.7922323764e-09 -9.0758395548e-09
3.4848484848e-01 2.5757575758e-01 0.0000000000e+00 8.2959700616e-09 -8.6137655026e-09
3.7878787879e-01 2.5757575758e-01 0.0000000000e+00 7.8392808623e-09 -8.1943725898e-09
4.0909090909e-01 2.5757575758e-01 0.0000000000e+00 7.4202562717e-09 -7.8157523096e-09
4.3939393939e-01 2.5757575758e-01 0.0000000000e+00 7.0362173221e-09 -7.4752256942e-09
4.6969696970e-01 2.5757575758e-01 0.0000000000e+00 6.6842112704e-09 -7.1698400005e-09
5.0000000000e-01 2.5757575758e-01 0.0000000000e+00 6.3612866812e-09 -6.8966437933e-09
5.3030303030e-01 2.5757575758e-01 0.0000000000e+00 6.0646365027e-09 -6.6528300206e-09
5.6060606061e-01 2.5757575758e-01 0.0000000000e+00 5.7916650398e-09 -6.4358029874e-09
5.9090909091e-01 2.5757575758e-01 0.0000000000e+00 5.5400120602e-09 -6.2432024614e-09
6.2121212121e-01 2.5757575758e-01 0.0000000000e+00 5.3075534111e-09 -6.0729042898e-09
6.5151515152e-01 2.5757575758e-01 0.0000000000e+00 5.0923893646e-09 -5.9230087446e-09
6.8181818182e-01 2.5757575758e-01 0.0000000000e+00 4.8928271424e-09 -5.7918230476e-09
7.1212121212e-01 2.5757575758e-01 0.0000000000e+00 4.7073612893e-09 -5.6778417436e-09
7.4242424242e-01 2.5757575758e-01 0.0000000000e+00 4.5346539319e-09 -5.5797269592e-09
7.7272727273e-01 2.5757575758e-01 0.0000000000e+00 4.3735160049e-09 -5.4962896290e-09
8.0303030303e-01 2.5757575758e-01 0.0000000000e+00 4.2228899653e-09 -5.4264722101e-09
8.3333333333e-01 2.5757575758e-01 0.0000000000e+00 4.0818341941e-09 -5.3693330834e-09
8.6363636364e-01 2.5757575758e-01 0.0000000000e+00 3.9495091014e-09 -5.3240326593e-09
8.9393939394e-01 2.5757575758e-01 0.0000000000e+00 3.8251648532e-09 -5.2898211033e-09
9.2424242424e-01 2.5757575758e-01 0.0000000000e+00 3.7081305894e-09 -5.2660275557e-09
9.5454545455e-01 2.5757575758e-01 0.0000000000e+00 3.5978049861e-09 -5.2520506925e-09
9.8484848485e-01 2.5757575758e-01 0.0000000000e+00 3.4936480111e-09 -5.2473504814e-09
1.0151515152e+00 2.5757575758e-01 0.0000000000e+00 3.3951737277e-09 -5.2514409858e-09
1.0454545455e+00 2.5757575758e-01 0.0000000000e+00 3.3019440175e-09 -5.2638840873e-09
1.0757575758e+00 2.5757575758e-01 0.0000000000e+00 3.2135631009e-09 -5.2842840062e-09
1.1060606061e+00 2.5757575758e-01 0.0000000000e+00 3.1296727522e-09 -5.3122825170e-09
1.1363636364e+00 2.5757575758e-01 0.0000000000e+00 3.0499481158e-09 -5.3475547639e-09
1.1666666667e+00 2.5757575758e-01 0.0000000000e+00 2.9740940439e-09 -5.3898055992e-09
1.1969696970e+00 2.5757575758e-01 0.0000000000e+00 2.9018418858e-09 -5.4387663721e-09
1.2272727273e+00 2.5757575758e-01 0.0000000000e+00 2.8329466688e-09 -5.4941921100e-09
1.2575757576e+00 2.5757575758e-01 0.0000000000e+00 2.7671846189e-09 -5.5558590389e-09
1.2878787879e+00 2.5757575758e-01 0.0000000000e+00 2.7043509762e-09 -5.6235623989e-09
1.3181818182e+00 2.5757575758e-01 0.0000000000e+00 2.6442580673e-09 -5.6971145164e-09
1.3484848485e+00 2.5757575758e-01 0.0000000000e+00 2.5867336002e-09 -5.7763430998e-09
1.3787878788e+00 2.5757575758e-01 0.0000000000e+00 2.5316191549e-09 -5.8610897287e-09
1.4090909091e+00 2.5757575758e-01 0.0000000000e+00 2.4787688432e-09 -5.9512085152e-09
1.4393939394e+00 2.5757575758e-01 0.0000000000e+00 2.4280481180e-09 -6.0465649120e-09
1.4696969697e+00 2.5757575758e-01 0.0000000000e+00 2.3793327120e-09 -6.1470346520e-09
1.5000000000e+00 2.5757575758e-01 0.0000000000e+00 2.3325076923e-09 -6.2525028021e-09
-1.5000000000e+00 2.8787878788e-01 0.0000000000e+00 2.3248146914e-09 -6.2727820160e-09
-1.4696969697e+00 2.8787878788e-01 0.0000000000e+00 2.3711766586e-09 -6.1668508134e-09
-1.4393939394e+00 2.8787878788e-01 0.0000000000e+00 2.4193911314e-09 -6.0658801403e-09
-1.4090909091e+00 2.8787878788e-01 0.0000000000e+00 2.4695690872e-09 -5.9699809741e-09
-1.3787878788e+00 2.8787878788e-01 0.0000000000e+00 2.5218303304e-09 -5.8792731191e-09
-1.3484848485e+00 2.8787878788e-01 0.0000000000e+00 2.5763043608e-09 -5.7938860753e-09
-1.3181818182e+00 2.8787878788e-01 0.0000000000e+00 2.6331313426e-09 -5.7139600066e-09
-1.2878787879e+00 2.8787878788e-01 0.0000000000e+00 2.6924631870e-09 -5.6396468245e-09
-1.2575757576e+00 2.8787878788e-01 0.0000000000e+00 2.7544647630e-09 -5.5711113978e-09
-1.2272727273e+00 2.8787878788e-01 0.0000000000e+00 2.8193152538e-09 -5.5085329098e-09
-1.1969696970e+00 2.8787878788e-01 0.0000000000e+00 2.8872096766e-09 -5.4521063777e-09
-1.1666666667e+00 2.8787878788e-01 0.0000000000e+00 2.9583605894e-09 -5.4020443595e-09
-1.1363636364e+00 2.8787878788e-01 0.0000000000e+00 3.0330000073e-09 -5.3585788702e-09
-1.1060606061e+00 2.8787878788e-01 0.0000000000e+00 3.1113815569e-09 -5.3219635365e-09
-1.0757575758e+00 2.8787878788e-01 0.0000000000e+00 3.1937828985e-09 -5.2924760187e-09
-1.0454545455e+00 2.8787878788e-01 0.0000000000e+00 3.2805084509e-09 -5.2704207355e-09
-1.0151515152e+00 2.8787878788e-01 0.0000000000e+00 3.3718924537e-09 -5.2561319267e-09
-9.8484848485e-01 2.8787878788e-01 0.0000000000e+00 3.4683024085e-09 -5.2499770936e-09
-9.5454545455e-01 2.8787878788e-01 0.0000000000e+00 3.5701429373e-09 -5.2523608585e-09
-9.2424242424e-01 2.8787878788e-01 0.0000000000e+00 3.6778601002e-09 -5.2637292814e-09
-8.9393939394e-01 2.8787878788e-01 0.0000000000e+00 3.7919462066e-09 -5.2845746716e-09
-8.6363636364e-01 2.8787878788e-01 0.0000000000e+00 3.9129451489e-09 -5.3154409216e-09
-8.3333333333e-01 2.8787878788e-01 0.0000000000e+00 4.0414582666e-09 -5.3569293708e-09
-8.0303030303e-01 2.8787878788e-01 0.0000000000e+00 4.1781507203e-09 -5.4097051800e-09
-7.7272727273e-01 2.8787878788e-01 0.0000000000e+00 4.3237583044e-09 -5.4745041434e-09
-7.4242424242e-01 2.8787878788e-01 0.0000000000e+00 4.4790945434e-09 -5.5521397855e-09
-7.1212121212e-01 2.8787878788e-01 0.0000000000e+00 4.6450577943e-09 -5.6435104635e-09
-6.8181818182e-01 2.8787878788e-01 0.0000000000e+00 4.8226378780e-09 -5.7496059981e-09
-6.5151515152e-01 2.8787878788e-01 0.0000000000e+00 5.0129214695e-09 -5.8715130644e-09
-6.2121212121e-01 2.8787878788e-01 0.0000000000e+00 5.2170950366e-09 -6.0104181302e-09
-5.9090909091e-01 2.8787878788e-01 0.0000000000e+00 5.4364434649e-09 -6.1676060810e-09
-5.6060606061e-01 2.8787878788e-01 0.0000000000e+00 5.6723415792e-09 -6.3444517418e-09
-5.3030303030e-01 2.8787878788e-01 0.0000000000e+00 5.9262344572e-09 -6.5424001901e-09
-5.0000000000e-01 2.8787878788e-01 0.0000000000e+00 6.1996006739e-09 -6.7629300008e-09
-4.6969696970e-01 2.8787878788e-01 0.0000000000e+00 6.4938903909e-09 -7.0074913359e-09
-4.3939393939e-01 2.8787878788e-01 0.0000000000e+00 6.8104277206e-09 -7.2774083075e-09
-4.0909090909e-01 2.8787878788e-01 0.0000000000e+00 7.1502646808e-09 -7.5737329335e-09
-3.7878787879e-01 2.8787878788e-01 0.0000000000e+00 7.5139737994e-09 -7.8970377417e-09
-3.4848484848e-01 2.8787878788e-01 0.0000000000e+00 7.9013707620e-09 -8.2471384179e-09
-3.1818181818e-01 2.8787878788e-01 0.0000000000e+00 8.3111714468e-09 -8.6227508401e-09
-2.8787878788e-01 2.8787878788e-01 0.0000000000e+00 8.7406129131e-09 -9.0211120676e-09
-2.5757575758e-01 2.8787878788e-01 0.0000000000e+00 9.1851036593e-09 -9.4376305990e-09
-2.2727272727e-01 2.8787878788e-01 0.0000000000e+00 9.6379987669e-09 -9.8656615156e-09
-1.9696969697e-01 2.8787878788e-01 0.0000000000e+00 1.0090584218e-08 -1.0296490800e-08
-1.6666666667e-01 2.8787878788e-01 0.0000000000e+00 1.0532259440e-08 -1.0719517878e-08
-1.3636363636e-01 2.8787878788e-01 0.0000000000e+00 1.0950733038e-08 -1.1122451357e-08
-1.0606060606e-01 2.8787878788e-01 0.0000000000e+00 1.1331930344e-08 -1.1491216568e-08
-7.5757575758e-02 2.8787878788e-01 0.0000000000e+00 1.1659545713e-08 -1.1809507865e-08
-4.5454545455e-02 2.8787878788e-01 0.0000000000e+00 1.1914929119e-08 -1.2058675224e-08
-1.5151515152e-02 2.8787878788e-01 0.0000000000e+00 1.2078580398e-08 -1.2219218479e-08
1.5151515152e-02 2.8787878788e-01 0.0000000000e+00 1.2133508957e-08 -1.2274147037e-08
4.5454545455e-02 2.8787878788e-01 0.0000000000e+00 1.2069086580e-08 -1.2212832684e-08
7.5757575758e-02 2.8787878788e-01 0.0000000000e+00 1.1884577197e-08 -1.2034539348e-08
1.0606060606e-01 2.8787878788e-01 0.0000000000e+00 1.1591322382e-08 -1.1750608605e-08
1.3636363636e-01 2.8787878788e-01 0.0000000000e+00 1.1210659925e-08 -1.1382378244e-08
1.6666666667e-01 2.8787878788e-01 0.0000000000e+00 1.0768205199e-08 -1.0955463637e-08
1.9696969697e-01 2.8787878788e-01 0.0000000000e+00 1.0288901548e-08 -1.0494808129e-08
2.2727272727e-01 2.8787878788e-01 0.0000000000e+00 9.7943948708e-09 -1.0022057619e-08
2.5757575758e-01 2.8787878788e-01 0.0000000000e+00 9.3018196697e-09 -9.5543466094e-09
2.8787878788e-01 2.8787878788e-01 0.0000000000e+00 8.8234541868e-09 -9.1039533413e-09
3.1818181818e-01 2.8787878788e-01 0.0000000000e+00 8.3671266760e-09 -8.6787060693e-09
3.4848484848e-01 2.8787878788e-01 0.0000000000e+00 7.9371095821e-09 -8.2828772380e-09
3.7878787879e-01 2.8787878788e-01 0.0000000000e+00 7.5351331279e-09 -7.9181970702e-09
4.0909090909e-01 2.8787878788e-01 0.0000000000e+00 7.1612644761e-09 -7.5847327288e-09
4.3939393939e-01 2.8787878788e-01 0.0000000000e+00 6.8145650373e-09 -7.2815456243e-09
4.6969696970e-01 2.8787878788e-01 0.0000000000e+00 6.4935401368e-09 -7.0071410818e-09
5.0000000000e-01 2.8787878788e-01 0.0000000000e+00 6.1964297008e-09 -6.7597590278e-09
5.3030303030e-01 2.8787878788e-01 0.0000000000e+00 5.9213884922e-09 -6.5375542250e-09
5.6060606061e-01 2.8787878788e-01 0.0000000000e+00 5.6665934708e-09 -6.3387036333e-09
5.9090909091e-01 2.8787878788e-01 0.0000000000e+00 5.4303044750e-09 -6.1614670911e-09
6.2121212121e-01 2.8787878788e-01 0.0000000000e+00 5.2108956019e-09 -6.0042186954e-09
6.5151515152e-01 2.8787878788e-01 0.0000000000e+00 5.0068685292e-09 -5.8654601241e-09
6.8181818182e-01 2.8787878788e-01 0.0000000000e+00 4.8168549670e-09 -5.7438230871e-09
7.1212121212e-01 2.8787878788e-01 0.0000000000e+00 4.6396127893e-09 -5.6380654585e-09
7.4242424242e-01 2.8787878788e-01 0.0000000000e+00 4.4740187112e-09 -5.5470639533e-09
7.7272727273e-01 2.8787878788e-01 0.0000000000e+00 4.3190592914e-09 -5.4698051304e-09
8.0303030303e-01 2.8787878788e-01 0.0000000000e+00 4.1738213521e-09 -5.4053758118e-09
8.3333333333e-01 2.8787878788e-01 0.0000000000e+00 4.0374824650e-09 -5.3529535692e-09
8.6363636364e-01 2.8787878788e-01 0.0000000000e+00 3.9093018747e-09 -5.3117976473e-09
8.9393939394e-01 2.8787878788e-01 0.0000000000e+00 3.7886120539e-09 -5.2812405189e-09
9.2424242424e-01 2.8787878788e-01 0.0000000000e+00 3.6748109743e-09 -5.2606801554e-09
9.5454545455e-01 2.8787878788e-01 0.0000000000e+00 3.5673551108e-09 -5.2495730320e-09
9.8484848485e-01 2.8787878788e-01 0.0000000000e+00 3.4657531603e-09 -5.2474278454e-09
1.0151515152e+00 2.8787878788e-01 0.0000000000e+00 3.3695604285e-09 -5.2537999015e-09
1.0454545455e+00 2.8787878788e-01 0.0000000000e+00 3.2783738348e-09 -5.2682861195e-09
1.0757575758e+00 2.8787878788e-01 0.0000000000e+00 3.1918274750e-09 -5.2905205952e-09
1.1060606061e+00 2.8787878788e-01 0.0000000000e+00 3.1095886873e-09 -5.3201706669e-09
1.1363636364e+00 2.8787878788e-01 0.0000000000e+00 3.0313545653e-09 -5.3569334282e-09
1.1666666667e+00 2.8787878788e-01 0.0000000000e+00 2.9568488696e-09 -5.4005326397e-09
1.1969696970e+00 2.8787878788e-01 0.0000000000e+00 2.8858192902e-09 -5.4507159913e-09
1.2272727273e+00 2.8787878788e-01 0.0000000000e+00 2.8180350195e-09 -5.5072526756e-09
1.2575757576e+00 2.8787878788e-01 0.0000000000e+00 2.7532845996e-09 -5.5699312344e-09
1.2878787879e+00 2.8787878788e-01 0.0000000000e+00 2.6913740096e-09 -5.6385576471e-09
1.3181818182e+00 2.8787878788e-01 0.0000000000e+00 2.6321249660e-09 -5.7129536301e-09
1.3484848485e+00 2.8787878788e-01 0.0000000000e+00 2.5753734094e-09 -5.7929551239e-09
1.3787878788e+00 2.8787878788e-01 0.0000000000e+00 2.5209681560e-09 -5.8784109447e-09
1.4090909091e+00 2.8787878788e-01 0.0000000000e+00 2.4687696942e-09 -5.9691815811e-09
1.4393939394e+00 2.8787878788e-01 0.0000000000e+00 2.4186491092e-09 -6.0651381182e-09
1.4696969697e+00 2.8787878788e-01 0.0000000000e+00 2.3704871212e-09 -6.1661612760e-09
1.5000000000e+00 2.8787878788e-01 0.0000000000e+00 2.3241732224e-09 -6.2721405470e-09
-1.5000000000e+00 3.1818181818e-01 0.0000000000e+00 2.3156268550e-09 -6.2946744184e-09
-1.4696969697e+00 3.1818181818e-01 0.0000000000e+00 2.3614279490e-09 -6.1881823425e-09
-1.4393939394e+00 3.1818181818e-01 0.0000000000e+00 2.4090353864e-09 -6.0866046340e-09
-1.4090909091e+00 3.1818181818e-01 0.0000000000e+00 2.4585553458e-09 -5.9900474714e-09
-1.3787878788e+00 3.1818181818e-01 0.0000000000e+00 2.5101022283e-09 -5.8986252558e-09
-1.3484848485e+00 3.1818181818e-01 0.0000000000e+00 2.5637994368e-09 -5.8124613900e-09
-1.3181818182e+00 3.1818181818e-01 0.0000000000e+00 2.6197802401e-09 -5.7316891429e-09
-1.2878787879e+00 3.1818181818e-01 0.0000000000e+00 2.6781887327e-09 -5.6564526089e-09
-1.2575757576e+00 3.1818181818e-01 0.0000000000e+00 2.7391809011e-09 -5.5869077747e-09
-1.2272727273e+00 3.1818181818e-01 0.0000000000e+00 2.8029258098e-09 -5.5232237046e-09
-1.1969696970e+00 3.1818181818e-01 0.0000000000e+00 2.8696069195e-09 -5.4655838593e-09
-1.1666666667e+00 3.1818181818e-01 0.0000000000e+00 2.9394235540e-09 -5.4141875628e-09
-1.1363636364e+00 3.1818181818e-01 0.0000000000e+00 3.0125925325e-09 -5.3692516342e-09
-1.1060606061e+00 3.1818181818e-01 0.0000000000e+00 3.0893499835e-09 -5.3310122018e-09
-1.0757575758e+00 3.1818181818e-01 0.0000000000e+00 3.1699533603e-09 -5.2997267192e-09
-1.0454545455e+00 3.1818181818e-01 0.0000000000e+00 3.2546836771e-09 -5.2756762005e-09
-1.0151515152e+00 3.1818181818e-01 0.0000000000e+00 3.3438479840e-09 -5.2591676957e-09
-9.8484848485e-01 3.1818181818e-01 0.0000000000e+00 3.4377820972e-09 -5.2505370211e-09
-9.5454545455e-01 3.1818181818e-01 0.0000000000e+00 3.5368535986e-09 -5.2501517586e-09
-9.2424242424e-01 3.1818181818e-01 0.0000000000e+00 3.6414651109e-09 -5.2584145308e-09
-8.9393939394e-01 3.1818181818e-01 0.0000000000e+00 3.7520578406e-09 -5.2757665444e-09
-8.6363636364e-01 3.1818181818e-01 0.0000000000e+00 3.8691153678e-09 -5.3026913792e-09
-8.3333333333e-01 3.1818181818e-01 0.0000000000e+00 3.9931676268e-09 -5.3397189697e-09
-8.0303030303e-01 3.1818181818e-01 0.0000000000e+00 4.1247949832e-09 -5.3874296816e-09
-7.7272727273e-01 3.1818181818e-01 0.0000000000e+00 4.2646322459e-09 -5.4464583236e-09
-7.4242424242e-01 3.1818181818e-01 0.0000000000e+00 4.4133723577e-09 -5.5174978385e-09
-7.1212121212e-01 3.1818181818e-01 0.0000000000e+00 4.5717693709e-09 -5.6013022788e-09
-6.8181818182e-01 3.1818181818e-01 0.0000000000e+00 4.7406401175e-09 -5.6986884764e-09
-6.5151515152e-01 3.1818181818e-01 0.0000000000e+00 4.9208637008e-09 -5.8105355344e-09
-6.2121212121e-01 3.1818181818e-01 0.0000000000e+00 5.1133775462e-09 -5.9377808785e-09
-5.9090909091e-01 3.1818181818e-01 0.0000000000e+00 5.3191682130e-09 -6.0814110678e-09
-5.6060606061e-01 3.1818181818e-01 0.0000000000e+00 5.5392544550e-09 -6.2424448563e-09
-5.3030303030e-01 3.1818181818e-01 0.0000000000e+00 5.7746591109e-09 -6.4219050825e-09
-5.0000000000e-01 3.1818181818e-01 0.0000000000e+00 6.0263653164e-09 -6.6207748821e-09
-4.6969696970e-01 3.1818181818e-01 0.0000000000e+00 6.2952513827e-09 -6.8399325664e-09
-4.3939393939e-01 3.1818181818e-01 0.0000000000e+00 6.5819977643e-09 -7.0800585899e-09
-4.0909090909e-01 3.1818181818e-01 0.0000000000e+00 6.8869594407e-09 -7.3415079321e-09
-3.7878787879e-01 3.1818181818e-01 0.0000000000e+00 7.2099987882e-09 -7.6241429693e-09
-3.4848484848e-01 3.1818181818e-01 0.0000000000e+00 7.5502790561e-09 -7.9271269507e-09
-3.1818181818e-01 3.1818181818e-01 0.0000000000e+00 7.9060283059e-09 -8.2486879379e-09
-2.8787878788e-01 3.1818181818e-01 0.0000000000e+00 8.2742981975e-09 -8.5858775907e-09
-2.5757575758e-01 3.1818181818e-01 0.0000000000e+00 8.6507576307e-09 -8.9343648091e-09
-2.2727272727e-01 3.1818181818e-01 0.0000000000e+00 9.0295682491e-09 -9.2883112365e-09
-1.9696969697e-01 3.1818181818e-01 0.0000000000e+00 9.4033729495e-09 -9.6403597698e-09
-1.6666666667e-01 3.1818181818e-01 0.0000000000e+00 9.7633823892e-09 -9.9817210663e-09
-1.3636363636e-01 3.1818181818e-01 0.0000000000e+00 1.0099489420e-08 -1.0302287978e-08
-1.0606060606e-01 3.1818181818e-01 0.0000000000e+00 1.0400344202e-08 -1.0590710665e-08
-7.5757575758e-02 3.1818181818e-01 0.0000000000e+00 1.0653462389e-08 -1.0834504780e-08
-4.5454545455e-02 3.1818181818e-01 0.0000000000e+00 1.0845678586e-08 -1.1020504929e-08
-1.5151515152e-02 3.1818181818e-01 0.0000000000e+00 1.0964321554e-08 -1.1136039873e-08
1.5151515152e-02 3.1818181818e-01 0.0000000000e+00 1.0999114164e-08 -1.1170832483e-08
4.5454545455e-02 3.1818181818e-01 0.0000000000e+00 1.0944308492e-08 -1.1119134835e-08
7.5757575758e-02 3.1818181818e-01 0.0000000000e+00 1.0800431050e-08 -1.0981473441e-08
1.0606060606e-01 3.1818181818e-01 0.0000000000e+00 1.0574922743e-08 -1.0765289205e-08
1.3636363636e-01 3.1818181818e-01 0.0000000000e+00 1.0281022544e-08 -1.0483821102e-08
1.6666666667e-01 3.1818181818e-01 0.0000000000e+00 9.9352470871e-09 -1.0153585764e-08
1.9696969697e-01 3.1818181818e-01 0.0000000000e+00 9.5547238879e-09 -9.7917107082e-09
2.2727272727e-01 3.1818181818e-01 0.0000000000e+00 9.1552283186e-09 -9.4139713060e-09
2.5757575758e-01 3.1818181818e-01 0.0000000000e+00 8.7500251373e-09 -9.0336323157e-09
2.8787878788e-01 3.1818181818e-01 0.0000000000e+00 8.3493775080e-09 -8.6609569013e-09
3.1818181818e-01 3.1818181818e-01 0.0000000000e+00 7.9605834682e-09 -8.3032431002e-09
3.4848484848e-01 3.1818181818e-01 0.0000000000e+00 7.5883657967e-09 -7.9652136913e-09
3.7878787879e-01 3.1818181818e-01 0.0000000000e+00 7.2354188256e-09 -7.6495630067e-09
4.0909090909e-01 3.1818181818e-01 0.0000000000e+00 6.9029563096e-09 -7.3575048010e-09
4.3939393939e-01 3.1818181818e-01 0.0000000000e+00 6.5911762790e-09 -7.0892371046e-09
4.6969696970e-01 3.1818181818e-01 0.0000000000e+00 6.2996182788e-09 -6.8442994625e-09
5.0000000000e-01 3.1818181818e-01 0.0000000000e+00 6.0274210825e-09 -6.6218306482e-09
5.3030303030e-01 3.1818181818e-01 0.0000000000e+00 5.7735007638e-09 -6.4207467353e-09
5.6060606061e-01 3.1818181818e-01 0.0000000000e+00 5.5366697601e-09 -6.2398601613e-09
5.9090909091e-01 3.1818181818e-01 0.0000000000e+00 5.3157141287e-09 -6.0779569835e-09
6.2121212121e-01 3.1818181818e-01 0.0000000000e+00 5.1094419954e-09 -5.9338453277e-09
6.5151515152e-01 3.1818181818e-01 0.0000000000e+00 4.9167125347e-09 -5.8063843683e-09
6.8181818182e-01 3.1818181818e-01 0.0000000000e+00 4.7364519994e-09 -5.6945003583e-09
7.1212121212e-01 3.1818181818e-01 0.0000000000e+00 4.5676612772e-09 -5.5971941851e-09
7.4242424242e-01 3.1818181818e-01 0.0000000000e+00 4.4094180094e-09 -5.5135434903e-09
7.7272727273e-01 3.1818181818e-01 0.0000000000e+00 4.2608753208e-09 -5.4427013985e-09
8.0303030303e-01 3.1818181818e-01 0.0000000000e+00 4.1212585251e-09 -5.3838932235e-09
8.3333333333e-01 3.1818181818e-01 0.0000000000e+00 3.9898607101e-09 -5.3364120530e-09
8.6363636364e-01 3.1818181818e-01 0.0000000000e+00 3.8660377930e-09 -5.2996138043e-09
8.9393939394e-01 3.1818181818e-01 0.0000000000e+00 3.7492034241e-09 -5.2729121278e-09
9.2424242424e-01 3.1818181818e-01 0.0000000000e+00 3.6388239753e-09 -5.2557733952e-09
9.5454545455e-01 3.1818181818e-01 0.0000000000e+00 3.5344137533e-09 -5.2477119132e-09
9.8484848485e-01 3.1818181818e-01 0.0000000000e+00 3.4355305169e-09 -5.2482854408e-09
1.0151515152e+00 3.1818181818e-01 0.0000000000e+00 3.3417713343e-09 -5.2570910460e-09
1.0454545455e+00 3.1818181818e-01 0.0000000000e+00 3.2527687907e-09 -5.2737613141e-09
1.0757575758e+00 3.1818181818e-01 0.0000000000e+00 3.1681875399e-09 -5.2979608988e-09
1.1060606061e+00 3.1818181818e-01 0.0000000000e+00 3.0877211841e-09 -5.3293834024e-09
1.1363636364e+00 3.1818181818e-01 0.0000000000e+00 3.0110894604e-09 -5.3677485621e-09
1.1666666667e+00 3.1818181818e-01 0.0000000000e+00 2.9380357096e-09 -5.4127997184e-09
1.1969696970e+00 3.1818181818e-01 0.0000000000e+00 2.8683246022e-09 -5.4643015421e-09
1.2272727273e+00 3.1818181818e-01 0.0000000000e+00 2.8017400993e-09 -5.5220379941e-09
1.2575757576e+00 3.1818181818e-01 0.0000000000e+00 2.7380836220e-09 -5.5858104955e-09
1.2878787879e+00 3.1818181818e-01 0.0000000000e+00 2.6771724115e-09 -5.6554362877e-09
1.3181818182e+00 3.1818181818e-01 0.0000000000e+00 2.6188380575e-09 -5.7307469603e-09
1.3484848485e+00 3.1818181818e-01 0.0000000000e+00 2.5629251780e-09 -5.8115871312e-09
1.3787878788e+00 3.1818181818e-01 0.0000000000e+00 2.5092902342e-09 -5.8978132617e-09
1.4090909091e+00 3.1818181818e-01 0.0000000000e+00 2.4578004658e-09 -5.9892925915e-09
1.4393939394e+00 3.1818181818e-01 0.0000000000e+00 2.4083329339e-09 -6.0859021815e-09
1.4696969697e+00 3.1818181818e-01 0.0000000000e+00 2.3607736591e-09 -6.1875280526e-09
1.5000000000e+00 3.1818181818e-01 0.0000000000e+00 2.3150168462e-09 -6.2940644095e-09
-1.5000000000e+00 3.4848484848e-01 0.0000000000e+00 2.3056460275e-09 -6.3188818534e-09
-1.4696969697e+00 3.4848484848e-01 0.0000000000e+00 2.3508432262e-09 -6.2117858824e-09
-1.4393939394e+00 3.4848484848e-01 0.0000000000e+00 2.3977976424e-09 -6.1095551526e-09
-1.4090909091e+00 3.4848484848e-01 0.0000000000e+00 2.4466104229e-09 -6.0122908112e-09
-1.3787878788e+00 3.4848484848e-01 0.0000000000e+00 2.4973903157e-09 -5.9201016058e-09
-1.3484848485e+00 3.4848484848e-01 0.0000000000e+00 2.5502543582e-09 -5.8331045740e-09
-1.3181818182e+00 3.4848484848e-01 0.0000000000e+00 2.6053286376e-09 -5.7514258030e-09
-1.2878787879e+00 3.4848484848e-01 0.0000000000e+00 2.6627491275e-09 -5.6752012664e-09
-1.2575757576e+00 3.4848484848e-01 0.0000000000e+00 2.7226626117e-09 -5.6045777479e-09
-1.2272727273e+00 3.4848484848e-01 0.0000000000e+00 2.7852277009e-09 -5.5397138583e-09
-1.1969696970e+00 3.4848484848e-01 0.0000000000e+00 2.8506159539e-09 -5.4807811564e-09
-1.1666666667e+00 3.4848484848e-01 0.0000000000e+00 2.9190131110e-09 -5.4279653825e-09
-1.1363636364e+00 3.4848484848e-01 0.0000000000e+00 2.9906204501e-09 -5.3814678144e-09
-1.1060606061e+00 3.4848484848e-01 0.0000000000e+00 3.0656562738e-09 -5.3415067548e-09
-1.0757575758e+00 3.4848484848e-01 0.0000000000e+00 3.1443575371e-09 -5.3083191586e-09
-1.0454545455e+00 3.4848484848e-01 0.0000000000e+00 3.2269816210e-09 -5.2821624070e-09
-1.0151515152e+00 3.4848484848e-01 0.0000000000e+00 3.3138082563e-09 -5.2633162306e-09
-9.8484848485e-01 3.4848484848e-01 0.0000000000e+00 3.4051415960e-09 -5.2520847825e-09
-9.5454545455e-01 3.4848484848e-01 0.0000000000e+00 3.5013124268e-09 -5.2487988493e-09
-9.2424242424e-01 3.4848484848e-01 0.0000000000e+00 3.6026805000e-09 -5.2538181825e-09
-8.9393939394e-01 3.4848484848e-01 0.0000000000e+00 3.7096369445e-09 -5.2675339108e-09
-8.6363636364e-01 3.4848484848e-01 0.0000000000e+00 3.8226066993e-09 -5.2903709733e-09
-8.3333333333e-01 3.4848484848e-01 0.0000000000e+00 3.9420508716e-09 -5.3227904771e-09
-8.0303030303e-01 3.4848484848e-01 0.0000000000e+00 4.0684688735e-09 -5.3652918345e-09
-7.7272727273e-01 3.4848484848e-01 0.0000000000e+00 4.2024001253e-09 -5.4184144656e-09
-7.4242424242e-01 3.4848484848e-01 0.0000000000e+00 4.3444250144e-09 -5.4827387578e-09
-7.1212121212e-01 3.4848484848e-01 0.0000000000e+00 4.4951646706e-09 -5.5588858411e-09
-6.8181818182e-01 3.4848484848e-01 0.0000000000e+00 4.6552789381e-09 -5.6475155596e-09
-6.5151515152e-01 3.4848484848e-01 0.0000000000e+00 4.8254616852e-09 -5.7493217815e-09
-6.2121212121e-01 3.4848484848e-01 0.0000000000e+00 5.0064322799e-09 -5.8650238748e-09
-5.9090909091e-01 3.4848484848e-01 0.0000000000e+00 5.1989216600e-09 -5.9953527774e-09
-5.6060606061e-01 3.4848484848e-01 0.0000000000e+00 5.4036509370e-09 -6.1410296009e-09
-5.3030303030e-01 3.4848484848e-01 0.0000000000e+00 5.6212999185e-09 -6.3027341527e-09
-5.0000000000e-01 3.4848484848e-01 0.0000000000e+00 5.8524623690e-09 -6.4810601973e-09
-4.6969696970e-01 3.4848484848e-01 0.0000000000e+00 6.0975844027e-09 -6.6764538490e-09
-4.3939393939e-01 3.4848484848e-01 0.0000000000e+00 6.3568823703e-09 -6.8891314585e-09
-4.0909090909e-01 3.4848484848e-01 0.0000000000e+00 6.6302373826e-09 -7.1189741366e-09
-3.7878787879e-01 3.4848484848e-01 0.0000000000e+00 6.9170657931e-09 -7.3653982367e-09
-3.4848484848e-01 3.4848484848e-01 0.0000000000e+00 7.2161691280e-09 -7.6272052852e-09
-3.1818181818e-01 3.4848484848e-01 0.0000000000e+00 7.5255733481e-09 -7.9024212427e-09
-2.8787878788e-01 3.4848484848e-01 0.0000000000e+00 7.8423751177e-09 -8.1881427736e-09
-2.5757575758e-01 3.4848484848e-01 0.0000000000e+00 8.1626192247e-09 -8.4804146657e-09
-2.2727272727e-01 3.4848484848e-01 0.0000000000e+00 8.4812317840e-09 -8.7741630340e-09
-1.9696969697e-01 3.4848484848e-01 0.0000000000e+00 8.7920240100e-09 -9.0631990929e-09
-1.6666666667e-01 3.4848484848e-01 0.0000000000e+00 9.0877627274e-09 -9.3402896671e-09
-1.3636363636e-01 3.4848484848e-01 0.0000000000e+00 9.3602904295e-09 -9.5972772498e-09
-1.0606060606e-01 3.4848484848e-01 0.0000000000e+00 9.6006944183e-09 -9.8252491431e-09
-7.5757575758e-02 3.4848484848e-01 0.0000000000e+00 9.7995845794e-09 -1.0014815233e-08
-4.5454545455e-02 3.4848484848e-01 0.0000000000e+00 9.9476049725e-09 -1.0156619578e-08
-1.5151515152e-02 3.4848484848e-01 0.0000000000e+00 1.0036283682e-08 -1.0242190264e-08
1.5151515152e-02 3.4848484848e-01 0.0000000000e+00 1.0059169518e-08 -1.0265076100e-08
4.5454545455e-02 3.4848484848e-01 0.0000000000e+00 1.0013009887e-08 -1.0222024493e-08
7.5757575758e-02 3.4848484848e-01 0.0000000000e+00 9.8986202396e-09 -1.0113850893e-08
1.0606060606e-01 3.4848484848e-01 0.0000000000e+00 9.7210977392e-09 -9.9456524640e-09
1.3636363636e-01 3.4848484848e-01 0.0000000000e+00 9.4891921041e-09 -9.7261789244e-09
1.6666666667e-01 3.4848484848e-01 0.0000000000e+00 9.2140078233e-09 -9.4665347629e-09
1.9696969697e-01 3.4848484848e-01 0.0000000000e+00 8.9075013283e-09 -9.1786764112e-09
2.2727272727e-01 3.4848484848e-01 0.0000000000e+00 8.5811882837e-09 -8.8741195338e-09
2.5757575758e-01 3.4848484848e-01 0.0000000000e+00 8.2452462328e-09 -8.5630416738e-09
2.8787878788e-01 3.4848484848e-01 0.0000000000e+00 7.9080304515e-09 -8.2537981074e-09
3.1818181818e-01 3.4848484848e-01 0.0000000000e+00 7.5759444304e-09 -7.9527923250e-09
3.4848484848e-01 3.4848484848e-01 0.0000000000e+00 7.2535676480e-09 -7.6646038052e-09
3.7878787879e-01 3.4848484848e-01 0.0000000000e+00 6.9439295510e-09 -7.3922619946e-09
4.0909090909e-01 3.4848484848e-01 0.0000000000e+00 6.6488332878e-09 -7.1375700418e-09
4.3939393939e-01 3.4848484848e-01 0.0000000000e+00 6.3691648331e-09 -6.9014139214e-09
4.6969696970e-01 3.4848484848e-01 0.0000000000e+00 6.1051556419e-09 -6.6840250882e-09
5.0000000000e-01 3.4848484848e-01 0.0000000000e+00 5.8565900568e-09 -6.4851878851e-09
5.3030303030e-01 3.4848484848e-01 0.0000000000e+00 5.6229612323e-09 -6.3043954664e-09
5.6060606061e-01 3.4848484848e-01 0.0000000000e+00 5.4035843058e-09 -6.1409629696e-09
5.9090909091e-01 3.4848484848e-01 0.0000000000e+00 5.1976763146e-09 -5.9941074320e-09
6.2121212121e-01 3.4848484848e-01 0.0000000000e+00 5.0044112694e-09 -5.8630028643e-09
6.5151515152e-01 3.4848484848e-01 0.0000000000e+00 4.8229571549e-09 -5.7468172511e-09
6.8181818182e-01 3.4848484848e-01 0.0000000000e+00 4.6525000306e-09 -5.6447366520e-09
7.1212121212e-01 3.4848484848e-01 0.0000000000e+00 4.4922590588e-09 -5.5559802293e-09
7.4242424242e-01 3.4848484848e-01 0.0000000000e+00 4.3414952406e-09 -5.4798089841e-09
7.7272727273e-01 3.4848484848e-01 0.0000000000e+00 4.1995158486e-09 -5.4155301889e-09
8.0303030303e-01 3.4848484848e-01 0.0000000000e+00 4.0656759688e-09 -5.3624989297e-09
8.3333333333e-01 3.4848484848e-01 0.0000000000e+00 3.9393781439e-09 -5.3201177495e-09
8.6363636364e-01 3.4848484848e-01 0.0000000000e+00 3.8200708126e-09 -5.2878350866e-09
8.9393939394e-01 3.4848484848e-01 0.0000000000e+00 3.7072460216e-09 -5.2651429879e-09
9.2424242424e-01 3.4848484848e-01 0.0000000000e+00 3.6004367426e-09 -5.2515744251e-09
9.5454545455e-01 3.4848484848e-01 0.0000000000e+00 3.4992140121e-09 -5.2467004346e-09
9.8484848485e-01 3.4848484848e-01 0.0000000000e+00 3.4031840443e-09 -5.2501272308e-09
1.0151515152e+00 3.4848484848e-01 0.0000000000e+00 3.3119854104e-09 -5.2614933847e-09
1.0454545455e+00 3.4848484848e-01 0.0000000000e+00 3.2252863421e-09 -5.2804671281e-09
1.0757575758e+00 3.4848484848e-01 0.0000000000e+00 3.1427821954e-09 -5.3067438169e-09
1.1060606061e+00 3.4848484848e-01 0.0000000000e+00 3.0641930880e-09 -5.3400435690e-09
1.1363636364e+00 3.4848484848e-01 0.0000000000e+00 2.9892617195e-09 -5.3801090837e-09
1.1666666667e+00 3.4848484848e-01 0.0000000000e+00 2.9177513685e-09 -5.4267036399e-09
1.1969696970e+00 3.4848484848e-01 0.0000000000e+00 2.8494440633e-09 -5.4796092658e-09
1.2272727273e+00 3.4848484848e-01 0.0000000000e+00 2.7841389143e-09 -5.5386250717e-09
1.2575757576e+00 3.4848484848e-01 0.0000000000e+00 2.7216505984e-09 -5.6035657346e-09
1.2878787879e+00 3.4848484848e-01 0.0000000000e+00 2.6618079835e-09 -5.6742601223e-09
1.3181818182e+00 3.4848484848e-01 0.0000000000e+00 2.6044528816e-09 -5.7505500470e-09
1.3484848485e+00 3.4848484848e-01 0.0000000000e+00 2.5494389191e-09 -5.8322891349e-09
1.3787878788e+00 3.4848484848e-01 0.0000000000e+00 2.4966305138e-09 -5.9193418038e-09
1.4090909091e+00 3.4848484848e-01 0.0000000000e+00 2.4459019484e-09 -6.0115823366e-09
1.4393939394e+00 3.4848484848e-01 0.0000000000e+00 2.3971365316e-09 -6.1088940418e-09
1.4696969697e+00 3.4848484848e-01 0.0000000000e+00 2.3502258379e-09 -6.2111684940e-09
1.5000000000e+00 3.4848484848e-01 0.0000000000e+00 2.3050690187e-09 -6.3183048446e-09
-1.5000000000e+00 3.7878787879e-01 0.0000000000e+00 2.2949049105e-09 -6.3454370229e-09
-1.4696969697e+00 3.7878787879e-01 0.0000000000e+00 2.3394584428e-09 -6.2376973855e-09
-1.4393939394e+00 3.7878787879e-01 0.0000000000e+00 2.3857174913e-09 -6.1347712880e-09
-1.4090909091e+00 3.7878787879e-01 0.0000000000e+00 2.4337779929e-09 -6.0367546677e-09
-1.3787878788e+00 3.7878787879e-01 0.0000000000e+00 2.4837428547e-09 -5.9437504313e-09
-1.3484848485e+00 3.7878787879e-01 0.0000000000e+00 2.5357225538e-09 -5.8558690560e-09
-1.3181818182e+00 3.7878787879e-01 0.0000000000e+00 2.5898357937e-09 -5.7732292455e-09
-1.2878787879e+00 3.7878787879e-01 0.0000000000e+00 2.6462102223e-09 -5.6959586476e-09
-1.2575757576e+00 3.7878787879e-01 0.0000000000e+00 2.7049832149e-09 -5.6241946375e-09
-1.2272727273e+00 3.7878787879e-01 0.0000000000e+00 2.7663027288e-09 -5.5580851727e-09
-1.1969696970e+00 3.7878787879e-01 0.0000000000e+00 2.8303282339e-09 -5.4977897228e-09
-1.1666666667e+00 3.7878787879e-01 0.0000000000e+00 2.8972317228e-09 -5.4434802807e-09
-1.1363636364e+00 3.7878787879e-01 0.0000000000e+00 2.9671988053e-09 -5.3953424561e-09
-1.1060606061e+00 3.7878787879e-01 0.0000000000e+00 3.0404298880e-09 -5.3535766555e-09
-1.0757575758e+00 3.7878787879e-01 0.0000000000e+00 3.1171414391e-09 -5.3183993471e-09
-1.0454545455e+00 3.7878787879e-01 0.0000000000e+00 3.1975673350e-09 -5.2900444075e-09
-1.0151515152e+00 3.7878787879e-01 0.0000000000e+00 3.2819602805e-09 -5.2687645412e-09
-9.8484848485e-01 3.7878787879e-01 0.0000000000e+00 3.3705932847e-09 -5.2548327577e-09
-9.5454545455e-01 3.7878787879e-01 0.0000000000e+00 3.4637611704e-09 -5.2485438794e-09
-9.2424242424e-01 3.7878787879e-01 0.0000000000e+00 3.5617820734e-09 -5.2502160424e-09
-8.9393939394e-01 3.7878787879e-01 0.0000000000e+00 3.6649988761e-09 -5.2601921289e-09
-8.6363636364e-01 3.7878787879e-01 0.0000000000e+00 3.7737804869e-09 -5.2788410473e-09
-8.3333333333e-01 3.7878787879e-01 0.0000000000e+00 3.8885228455e-09 -5.3065587375e-09
-8.0303030303e-01 3.7878787879e-01 0.0000000000e+00 4.0096494824e-09 -5.3437687298e-09
-7.7272727273e-01 3.7878787879e-01 0.0000000000e+00 4.1376113954e-09 -5.3909220222e-09
-7.4242424242e-01 3.7878787879e-01 0.0000000000e+00 4.2728859202e-09 -5.4484959502e-09
-7.1212121212e-01 3.7878787879e-01 0.0000000000e+00 4.4159741553e-09 -5.5169916123e-09
-6.8181818182e-01 3.7878787879e-01 0.0000000000e+00 4.5673963545e-09 -5.5969292624e-09
-6.5151515152e-01 3.7878787879e-01 0.0000000000e+00 4.7276845135e-09 -5.6888408963e-09
-6.2121212121e-01 3.7878787879e-01 0.0000000000e+00 4.8973711443e-09 -5.7932590257e-09
-5.9090909091e-01 3.7878787879e-01 0.0000000000e+00 5.0769729637e-09 -5.9107003676e-09
-5.6060606061e-01 3.7878787879e-01 0.0000000000e+00 5.2669679234e-09 -6.0416428738e-09
-5.3030303030e-01 3.7878787879e-01 0.0000000000e+00 5.4677637231e-09 -6.1864942437e-09
-5.0000000000e-01 3.7878787879e-01 0.0000000000e+00 5.6796557391e-09 -6.3455498539e-09
-4.6969696970e-01 3.7878787879e-01 0.0000000000e+00 5.9027723004e-09 -6.5189380332e-09
-4.3939393939e-01 3.7878787879e-01 0.0000000000e+00 6.1370056258e-09 -6.7065510005e-09
-4.0909090909e-01 3.7878787879e-01 0.0000000000e+00 6.3819277709e-09 -6.9079608114e-09
-3.7878787879e-01 3.7878787879e-01 0.0000000000e+00 6.6366928767e-09 -7.1223216068e-09
-3.4848484848e-01 3.7878787879e-01 0.0000000000e+00 6.8999300468e-09 -7.3482624905e-09
-3.1818181818e-01 3.7878787879e-01 0.0000000000e+00 7.1696351415e-09 -7.5837793226e-09
-2.8787878788e-01 3.7878787879e-01 0.0000000000e+00 7.4430738818e-09 -7.8261378241e-09
-2.5757575758e-01 3.7878787879e-01 0.0000000000e+00 7.7167113676e-09 -8.0718030951e-09
-2.2727272727e-01 3.7878787879e-01 0.0000000000e+00 7.9861825048e-09 -8.3164100413e-09
-1.9696969697e-01 3.7878787879e-01 0.0000000000e+00 8.2463130472e-09 -8.5547844166e-09
-1.6666666667e-01 3.7878787879e-01 0.0000000000e+00 8.4911942790e-09 -8.7810175052e-09
-1.3636363636e-01 3.7878787879e-01 0.0000000000e+00 8.7143123741e-09 -8.9885954809e-09
-1.0606060606e-01 3.7878787879e-01 0.0000000000e+00 8.9087436002e-09 -9.1705946115e-09
-7.5757575758e-02 3.7878787879e-01 0.0000000000e+00 9.0674473928e-09 -9.3199743325e-09
-4.5454545455e-02 3.7878787879e-01 0.0000000000e+00 9.1837013488e-09 -9.4300122407e-09
-1.5151515152e-02 3.7878787879e-01 0.0000000000e+00 9.2516958389e-09 -9.4948987070e-09
1.5151515152e-02 3.7878787879e-01 0.0000000000e+00 9.2672335963e-09 -9.5104364643e-09
4.5454545455e-02 3.7878787879e-01 0.0000000000e+00 9.2283962988e-09 -9.4747071907e-09
7.5757575758e-02 3.7878787879e-01 0.0000000000e+00 9.1359945875e-09 -9.3885215272e-09
1.0606060606e-01 3.7878787879e-01 0.0000000000e+00 8.9936380850e-09 -9.2554890963e-09
1.3636363636e-01 3.7878787879e-01 0.0000000000e+00 8.8073600572e-09 -9.0816431640e-09
1.6666666667e-01 3.7878787879e-01 0.0000000000e+00 8.5848833460e-09 -8.8747065721e-09
1.9696969697e-01 3.7878787879e-01 0.0000000000e+00 8.3347305949e-09 -8.6432019643e-09
2.2727272727e-01 3.7878787879e-01 0.0000000000e+00 8.0653886607e-09 -8.3956161972e-09
2.5757575758e-01 3.7878787879e-01 0.0000000000e+00 7.7846618185e-09 -8.1397535460e-09
2.8787878788e-01 3.7878787879e-01 0.0000000000e+00 7.4992631572e-09 -7.8823270995e-09
3.1818181818e-01 3.7878787879e-01 0.0000000000e+00 7.2146331936e-09 -7.6287773746e-09
3.4848484848e-01 3.7878787879e-01 0.0000000000e+00 6.9349393479e-09 -7.3832717915e-09
3.7878787879e-01 3.7878787879e-01 0.0000000000e+00 6.6631950060e-09 -7.1488237361e-09
4.0909090909e-01 3.7878787879e-01 0.0000000000e+00 6.4014393356e-09 -6.9274723761e-09
4.3939393939e-01 3.7878787879e-01 0.0000000000e+00 6.1509327034e-09 -6.7204780781e-09
4.6969696970e-01 3.7878787879e-01 0.0000000000e+00 5.9123395389e-09 -6.5285052717e-09
5.0000000000e-01 3.7878787879e-01 0.0000000000e+00 5.6858850198e-09 -6.3517791346e-09
5.3030303030e-01 3.7878787879e-01 0.0000000000e+00 5.4714817863e-09 -6.1902123069e-09
5.6060606061e-01 3.7878787879e-01 0.0000000000e+00 5.2688283641e-09 -6.0435033144e-09
5.9090909091e-01 3.7878787879e-01 0.0000000000e+00 5.0774833641e-09 -5.9112107680e-09
6.2121212121e-01 3.7878787879e-01 0.0000000000e+00 4.8969201071e-09 -5.7928079885e-09
6.5151515152e-01 3.7878787879e-01 0.0000000000e+00 4.7265660108e-09 -5.6877223936e-09
6.8181818182e-01 3.7878787879e-01 0.0000000000e+00 4.5658304141e-09 -5.5953633220e-09
7.1212121212e-01 3.7878787879e-01 0.0000000000e+00 4.4141237871e-09 -5.5151412440e-09
7.4242424242e-01 3.7878787879e-01 0.0000000000e+00 4.2708706178e-09 -5.4464806478e-09
7.7272727273e-01 3.7878787879e-01 0.0000000000e+00 4.1355177138e-09 -5.3888283406e-09
8.0303030303e-01 3.7878787879e-01 0.0000000000e+00 4.0075392182e-09 -5.3416584657e-09
8.3333333333e-01 3.7878787879e-01 0.0000000000e+00 3.8864393023e-09 -5.3044751943e-09
8.6363636364e-01 3.7878787879e-01 0.0000000000e+00 3.7717532394e-09 -5.2768137999e-09
8.9393939394e-01 3.7878787879e-01 0.0000000000e+00 3.6630473732e-09 -5.2582406260e-09
9.2424242424e-01 3.7878787879e-01 0.0000000000e+00 3.5599183494e-09 -5.2483523184e-09
9.5454545455e-01 3.7878787879e-01 0.0000000000e+00 3.4619918783e-09 -5.2467745873e-09
9.8484848485e-01 3.7878787879e-01 0.0000000000e+00 3.3689212154e-09 -5.2531606884e-09
1.0151515152e+00 3.7878787879e-01 0.0000000000e+00 3.2803854932e-09 -5.2671897539e-09
1.0454545455e+00 3.7878787879e-01 0.0000000000e+00 3.1960879959e-09 -5.2885650684e-09
1.0757575758e+00 3.7878787879e-01 0.0000000000e+00 3.1157544399e-09 -5.3170123479e-09
1.1060606061e+00 3.7878787879e-01 0.0000000000e+00 3.0391313007e-09 -5.3522780681e-09
1.1363636364e+00 3.7878787879e-01 0.0000000000e+00 2.9659842125e-09 -5.3941278633e-09
1.1666666667e+00 3.7878787879e-01 0.0000000000e+00 2.8960964575e-09 -5.4423450154e-09
1.1969696970e+00 3.7878787879e-01 0.0000000000e+00 2.8292675497e-09 -5.4967290387e-09
1.2272727273e+00 3.7878787879e-01 0.0000000000e+00 2.7653119200e-09 -5.5570943639e-09
1.2575757576e+00 3.7878787879e-01 0.0000000000e+00 2.7040576980e-09 -5.6232691207e-09
1.2878787879e+00 3.7878787879e-01 0.0000000000e+00 2.6453455907e-09 -5.6950940161e-09
1.3181818182e+00 3.7878787879e-01 0.0000000000e+00 2.5890278515e-09 -5.7724213033e-09
1.3484848485e+00 3.7878787879e-01 0.0000000000e+00 2.5349673347e-09 -5.8551138370e-09
1.3787878788e+00 3.7878787879e-01 0.0000000000e+00 2.4830366310e-09 -5.9430442075e-09
1.4090909091e+00 3.7878787879e-01 0.0000000000e+00 2.4331172759e-09 -6.0360939506e-09
1.4393939394e+00 3.7878787879e-01 0.0000000000e+00 2.3850990274e-09 -6.1341528241e-09
1.4696969697e+00 3.7878787879e-01 0.0000000000e+00 2.3388792056e-09 -6.2371181483e-09
1.5000000000e+00 3.7878787879e-01 0.0000000000e+00 2.2943620906e-09 -6.3448942030e-09
-1.5000000000e+00 4.0909090909e-01 0.0000000000e+00 2.2834378248e-09 -6.3743742475e-09
-1.4696969697e+00 4.0909090909e-01 0.0000000000e+00 2.3273112708e-09 -6.2659545237e-09
-1.4393939394e+00 4.0909090909e-01 0.0000000000e+00 2.3728363482e-09 -6.1622944552e-09
-1.4090909091e+00 4.0909090909e-01 0.0000000000e+00 2.4201036586e-09 -6.0634846436e-09
-1.3787878788e+00 4.0909090909e-01 0.0000000000e+00 2.4692101419e-09 -5.9696220288e-09
-1.3484848485e+00 4.0909090909e-01 0.0000000000e+00 2.5202595898e-09 -5.8808104024e-09
-1.3181818182e+00 4.0909090909e-01 0.0000000000e+00 2.5733632026e-09 -5.7971609648e-09
-1.2878787879e+00 4.0909090909e-01 0.0000000000e+00 2.6286401911e-09 -5.7187929267e-09
-1.2575757576e+00 4.0909090909e-01 0.0000000000e+00 2.6862184264e-09 -5.6458341594e-09
-1.2272727273e+00 4.0909090909e-01 0.0000000000e+00 2.7462351396e-09 -5.5784218939e-09
-1.1969696970e+00 4.0909090909e-01 0.0000000000e+00 2.8088376722e-09 -5.5167034715e-09
-1.1666666667e+00 4.0909090909e-01 0.0000000000e+00 2.8741842770e-09 -5.4608371453e-09
-1.1363636364e+00 4.0909090909e-01 0.0000000000e+00 2.9424449689e-09 -5.4109929299e-09
-1.1060606061e+00 4.0909090909e-01 0.0000000000e+00 3.0138024202e-09 -5.3673534980e-09
-1.0757575758e+00 4.0909090909e-01 0.0000000000e+00 3.0884528952e-09 -5.3301151136e-09
-1.0454545455e+00 4.0909090909e-01 0.0000000000e+00 3.1666072098e-09 -5.2994885926e-09
-1.0151515152e+00 4.0909090909e-01 0.0000000000e+00 3.2484917006e-09 -5.2757002717e-09
-9.8484848485e-01 4.0909090909e-01 0.0000000000e+00 3.3343491768e-09 -5.2589929601e-09
-9.5454545455e-01 4.0909090909e-01 0.0000000000e+00 3.4244398160e-09 -5.2496268354e-09
-9.2424242424e-01 4.0909090909e-01 0.0000000000e+00 3.5190419541e-09 -5.2478802334e-09
-8.9393939394e-01 4.0909090909e-01 0.0000000000e+00 3.6184526941e-09 -5.2540502572e-09
-8.6363636364e-01 4.0909090909e-01 0.0000000000e+00 3.7229882373e-09 -5.2684531081e-09
-8.3333333333e-01 4.0909090909e-01 0.0000000000e+00 3.8329838014e-09 -5.2914240038e-09
-8.0303030303e-01 4.0909090909e-01 0.0000000000e+00 3.9487929482e-09 -5.3233165060e-09
-7.7272727273e-01 4.0909090909e-01 0.0000000000e+00 4.0707860818e-09 -5.3645010189e-09
-7.4242424242e-01 4.0909090909e-01 0.0000000000e+00 4.1993478082e-09 -5.4153621485e-09
-7.1212121212e-01 4.0909090909e-01 0.0000000000e+00 4.3348727491e-09 -5.4762945164e-09
-6.8181818182e-01 4.0909090909e-01 0.0000000000e+00 4.4777592928e-09 -5.5476965111e-09
-6.5151515152e-01 4.0909090909e-01 0.0000000000e+00 4.6284006275e-09 -5.6299613205e-09
-6.2121212121e-01 4.0909090909e-01 0.0000000000e+00 4.7871722471e-09 -5.7234644389e-09
-5.9090909091e-01 4.0909090909e-01 0.0000000000e+00 4.9544149597e-09 -5.8285466739e-09
-5.6060606061e-01 4.0909090909e-01 0.0000000000e+00 5.1304122723e-09 -5.9454915329e-09
-5.3030303030e-01 4.0909090909e-01 0.0000000000e+00 5.3153609289e-09 -6.0744957599e-09
-5.0000000000e-01 4.0909090909e-01 0.0000000000e+00 5.5093333806e-09 -6.2156318057e-09
-4.6969696970e-01 4.0909090909e-01 0.0000000000e+00 5.7122311784e-09 -6.3688012216e-09
-4.3939393939e-01 4.0909090909e-01 0.0000000000e+00 5.9237288051e-09 -6.5336784902e-09
-4.0909090909e-01 4.0909090909e-01 0.0000000000e+00 6.1432084440e-09 -6.7096457949e-09
-3.7878787879e-01 4.0909090909e-01 0.0000000000e+00 6.3696877158e-09 -6.8957207563e-09
-3.4848484848e-01 4.0909090909e-01 0.0000000000e+00 6.6017445003e-09 -7.0904812543e-09
-3.1818181818e-01 4.0909090909e-01 0.0000000000e+00 6.8374453686e-09 -7.2919938600e-09
-2.8787878788e-01 4.0909090909e-01 0.0000000000e+00 7.0742863569e-09 -7.4977546095e-09
-2.5757575758e-01 4.0909090909e-01 0.0000000000e+00 7.3091560347e-09 -7.7046520725e-09
-2.2727272727e-01 4.0909090909e-01 0.0000000000e+00 7.5383303522e-09 -7.9089621990e-09
-1.9696969697e-01 4.0909090909e-01 0.0000000000e+00 7.7575066290e-09 -8.1063823088e-09
-1.6666666667e-01 4.0909090909e-01 0.0000000000e+00 7.9618816691e-09 -8.2921092056e-09
-1.3636363636e-01 4.0909090909e-01 0.0000000000e+00 8.1462788814e-09 -8.4609662985e-09
-1.0606060606e-01 4.0909090909e-01 0.0000000000e+00 8.3053330420e-09 -8.6075883636e-09
-7.5757575758e-02 4.0909090909e-01 0.0000000000e+00 8.4337461606e-09 -8.7266774107e-09
-4.5454545455e-02 4.0909090909e-01 0.0000000000e+00 8.5266252657e-09 -8.8133404680e-09
-1.5151515152e-02 4.0909090909e-01 0.0000000000e+00 8.5798936002e-09 -8.8635007786e-09
1.5151515152e-02 4.0909090909e-01 0.0000000000e+00 8.5907313460e-09 -8.8743385244e-09
4.5454545455e-02 4.0909090909e-01 0.0000000000e+00 8.5579656523e-09 -8.8446808545e-09
7.5757575758e-02 4.0909090909e-01 0.0000000000e+00 8.4823133163e-09 -8.7752445663e-09
1.0606060606e-01 4.0909090909e-01 0.0000000000e+00 8.3663972342e-09 -8.6686525558e-09
1.3636363636e-01 4.0909090909e-01 0.0000000000e+00 8.2145108976e-09 -8.5291983147e-09
1.6666666667e-01 4.0909090909e-01 0.0000000000e+00 8.0321760414e-09 -8.3624035779e-09
1.9696969697e-01 4.0909090909e-01 0.0000000000e+00 7.8255929119e-09 -8.1744685916e-09
2.2727272727e-01 4.0909090909e-01 0.0000000000e+00 7.6010947311e-09 -7.9717265780e-09
2.5757575758e-01 4.0909090909e-01 0.0000000000e+00 7.3646919413e-09 -7.7601879791e-09
2.8787878788e-01 4.0909090909e-01 0.0000000000e+00 7.1217508257e-09 -7.5452190784e-09
3.1818181818e-01 4.0909090909e-01 0.0000000000e+00 6.8768139313e-09 -7.3313624227e-09
3.4848484848e-01 4.0909090909e-01 0.0000000000e+00 6.6335437672e-09 -7.1222805212e-09
3.7878787879e-01 4.0909090909e-01 0.0000000000e+00 6.3947576401e-09 -6.9207906806e-09
4.0909090909e-01 4.0909090909e-01 0.0000000000e+00 6.1625187274e-09 -6.7289560782e-09
4.3939393939e-01 4.0909090909e-01 0.0000000000e+00 5.9382533149e-09 -6.5482030000e-09
4.6969696970e-01 4.0909090909e-01 0.0000000000e+00 5.7228724888e-09 -6.3794425319e-09
5.0000000000e-01 4.0909090909e-01 0.0000000000e+00 5.5168850670e-09 -6.2231834922e-09
5.3030303030e-01 4.0909090909e-01 0.0000000000e+00 5.3204953380e-09 -6.0796301690e-09
5.6060606061e-01 4.0909090909e-01 0.0000000000e+00 5.1336837225e-09 -5.9487629832e-09
5.9090909091e-01 4.0909090909e-01 0.0000000000e+00 4.9562710997e-09 -5.8304028140e-09
6.2121212121e-01 4.0909090909e-01 0.0000000000e+00 4.7879687880e-09 -5.7242609797e-09
6.5151515152e-01 4.0909090909e-01 0.0000000000e+00 4.6284165728e-09 -5.6299772659e-09
6.8181818182e-01 4.0909090909e-01 0.0000000000e+00 4.4772111185e-09 -5.5471483368e-09
7.1212121212e-01 4.0909090909e-01 0.0000000000e+00 4.3339268300e-09 -5.4753485974e-09
7.4242424242e-01 4.0909090909e-01 0.0000000000e+00 4.1981308951e-09 -5.4141452353e-09
7.7272727273e-01 4.0909090909e-01 0.0000000000e+00 4.0693939021e-09 -5.3631088392e-09
8.0303030303e-01 4.0909090909e-01 0.0000000000e+00 3.9472971356e-09 -5.3218206934e-09
8.3333333333e-01 4.0909090909e-01 0.0000000000e+00 3.8314374019e-09 -5.2898776043e-09
8.6363636364e-01 4.0909090909e-01 0.0000000000e+00 3.7214300392e-09 -5.2668949101e-09
8.9393939394e-01 4.0909090909e-01 0.0000000000e+00 3.6169106080e-09 -5.2525081712e-09
9.2424242424e-01 4.0909090909e-01 0.0000000000e+00 3.5175356339e-09 -5.2463739132e-09
9.5454545455e-01 4.0909090909e-01 0.0000000000e+00 3.4229826828e-09 -5.2481697022e-09
9.8484848485e-01 4.0909090909e-01 0.0000000000e+00 3.3329499754e-09 -5.2575937587e-09
1.0151515152e+00 4.0909090909e-01 0.0000000000e+00 3.2471556922e-09 -5.2743642633e-09
1.0454545455e+00 4.0909090909e-01 0.0000000000e+00 3.1653370832e-09 -5.2982184660e-09
1.0757575758e+00 4.0909090909e-01 0.0000000000e+00 3.0872494616e-09 -5.3289116800e-09
1.1060606061e+00 4.0909090909e-01 0.0000000000e+00 3.0126651398e-09 -5.3662162176e-09
1.1363636364e+00 4.0909090909e-01 0.0000000000e+00 2.9413723500e-09 -5.4099203111e-09
1.1666666667e+00 4.0909090909e-01 0.0000000000e+00 2.8731741768e-09 -5.4598270450e-09
1.1969696970e+00 4.0909090909e-01 0.0000000000e+00 2.8078875214e-09 -5.5157533207e-09
1.2272727273e+00 4.0909090909e-01 0.0000000000e+00 2.7453421107e-09 -5.5775288649e-09
1.2575757576e+00 4.0909090909e-01 0.0000000000e+00 2.6853795573e-09 -5.6449952903e-09
1.2878787879e+00 4.0909090909e-01 0.0000000000e+00 2.6278524758e-09 -5.7180052115e-09
1.3181818182e+00 4.0909090909e-01 0.0000000000e+00 2.5726236563e-09 -5.7964214185e-09
1.3484848485e+00 4.0909090909e-01 0.0000000000e+00 2.5195652947e-09 -5.8801161073e-09
1.3787878788e+00 4.0909090909e-01 0.0000000000e+00 2.4685582788e-09 -5.9689701657e-09
1.4090909091e+00 4.0909090909e-01 0.0000000000e+00 2.4194915277e-09 -6.0628725127e-09
1.4393939394e+00 4.0909090909e-01 0.0000000000e+00 2.3722613813e-09 -6.1617194884e-09
1.4696969697e+00 4.0909090909e-01 0.0000000000e+00 2.3267710382e-09 -6.2654142912e-09
1.5000000000e+00 4.0909090909e-01 0.0000000000e+00 2.2829300373e-09 -6.3738664601e-09
-1.5000000000e+00 4.3939393939e-01 0.0000000000e+00 2.2712804300e-09 -6.4057291870e-09
-1.4696969697e+00 4.3939393939e-01 0.0000000000e+00 2.3144407849e-09 -6.2965963721e-09
-1.4393939394e+00 4.3939393939e-01 0.0000000000e+00 2.3591970922e-09 -6.1921675335e-09
-1.4090909091e+00 4.3939393939e-01 0.0000000000e+00 2.4056345437e-09 -6.0925278630e-09
-1.3787878788e+00 4.3939393939e-01 0.0000000000e+00 2.4538440441e-09 -5.9977682652e-09
-1.3484848485e+00 4.3939393939e-01 0.0000000000e+00 2.5039226420e-09 -5.9079857889e-09
-1.3181818182e+00 4.3939393939e-01 0.0000000000e+00 2.5559739911e-09 -5.8232840876e-09
-1.2878787879e+00 4.3939393939e-01 0.0000000000e+00 2.6101088427e-09 -5.7437739126e-09
-1.2575757576e+00 4.3939393939e-01 0.0000000000e+00 2.6664455695e-09 -5.6695736367e-09
-1.2272727273e+00 4.3939393939e-01 0.0000000000e+00 2.7251107205e-09 -5.6008098089e-09
-1.1969696970e+00 4.3939393939e-01 0.0000000000e+00 2.7862396038e-09 -5.5376177374e-09
-1.1666666667e+00 4.3939393939e-01 0.0000000000e+00 2.8499768952e-09 -5.4801420976e-09
-1.1363636364e+00 4.3939393939e-01 0.0000000000e+00 2.9164772656e-09 -5.4285375609e-09
-1.1060606061e+00 4.3939393939e-01 0.0000000000e+00 2.9859060205e-09 -5.3829694325e-09
-1.0757575758e+00 4.3939393939e-01 0.0000000000e+00 3.0584397369e-09 -5.3436142895e-09
-1.0454545455e+00 4.3939393939e-01 0.0000000000e+00 3.1342668822e-09 -5.3106605992e-09
-1.0151515152e+00 4.3939393939e-01 0.0000000000e+00 3.2135883889e-09 -5.2843092943e-09
-9.8484848485e-01 4.3939393939e-01 0.0000000000e+00 3.2966181546e-09 -5.2647742721e-09
-9.5454545455e-01 4.3939393939e-01 0.0000000000e+00 3.3835834190e-09 -5.2522827726e-09
-9.2424242424e-01 4.3939393939e-01 0.0000000000e+00 3.4747249631e-09 -5.2470755766e-09
-8.9393939394e-01 4.3939393939e-01 0.0000000000e+00 3.5702970470e-09 -5.2494069443e-09
-8.6363636364e-01 4.3939393939e-01 0.0000000000e+00 3.6705669875e-09 -5.2595441926e-09
-8.3333333333e-01 4.3939393939e-01 0.0000000000e+00 3.7758142379e-09 -5.2777667745e-09
-8.0303030303e-01 4.3939393939e-01 0.0000000000e+00 3.8863287974e-09 -5.3043646894e-09
-7.7272727273e-01 4.3939393939e-01 0.0000000000e+00 4.0024087288e-09 -5.3396360001e-09
-7.4242424242e-01 4.3939393939e-01 0.0000000000e+00 4.1243565010e-09 -5.3838831755e-09
-7.1212121212e-01 4.3939393939e-01 0.0000000000e+00 4.2524738058e-09 -5.4374079074e-09
-6.8181818182e-01 4.3939393939e-01 0.0000000000e+00 4.3870544135e-09 -5.5005039660e-09
-6.5151515152e-01 4.3939393939e-01 0.0000000000e+00 4.5283745447e-09 -5.5734475719e-09
-6.2121212121e-01 4.3939393939e-01 0.0000000000e+00 4.6766801408e-09 -5.6564846668e-09
-5.9090909091e-01 4.3939393939e-01 0.0000000000e+00 4.8321703373e-09 -5.7498143858e-09
-5.6060606061e-01 4.3939393939e-01 0.0000000000e+00 4.9949763875e-09 -5.8535679824e-09
-5.3030303030e-01 4.3939393939e-01 0.0000000000e+00 5.1651353015e-09 -5.9677824667e-09
-5.0000000000e-01 4.3939393939e-01 0.0000000000e+00 5.3425575814e-09 -6.0923683407e-09
-4.6969696970e-01 4.3939393939e-01 0.0000000000e+00 5.5269887242e-09 -6.2270711016e-09
-4.3939393939e-01 4.3939393939e-01 0.0000000000e+00 5.7179646892e-09 -6.3714267085e-09
-4.0909090909e-01 4.3939393939e-01 0.0000000000e+00 5.9147623486e-09 -6.5247120337e-09
-3.7878787879e-01 4.3939393939e-01 0.0000000000e+00 6.1163470761e-09 -6.6858924508e-09
-3.4848484848e-01 4.3939393939e-01 0.0000000000e+00 6.3213210269e-09 -6.8535701151e-09
-3.1818181818e-01 4.3939393939e-01 0.0000000000e+00 6.5278771277e-09 -7.0259379534e-09
-2.8787878788e-01 4.3939393939e-01 0.0000000000e+00 6.7337650195e-09 -7.2007456064e-09
-2.5757575758e-01 4.3939393939e-01 0.0000000000e+00 6.9362757943e-09 -7.3752841664e-09
-2.2727272727e-01 4.3939393939e-01 0.0000000000e+00 7.1322520991e-09 -7.5463962802e-09
-1.9696969697e-01 4.3939393939e-01 0.0000000000e+00 7.3181291704e-09 -7.7105171844e-09
-1.6666666667e-01 4.3939393939e-01 0.0000000000e+00 7.4900112672e-09 -7.8637511379e-09
-1.3636363636e-01 4.3939393939e-01 0.0000000000e+00 7.6437875665e-09 -8.0019873178e-09
-1.0606060606e-01 4.3939393939e-01 0.0000000000e+00 7.7752918916e-09 -8.1210595475e-09
-7.5757575758e-02 4.3939393939e-01 0.0000000000e+00 7.8805098380e-09 -8.2169534222e-09
-4.5454545455e-02 4.3939393939e-01 0.0000000000e+00 7.9558315319e-09 -8.2860590684e-09
-1.5151515152e-02 4.3939393939e-01 0.0000000000e+00 7.9983358633e-09 -8.3254553759e-09
1.5151515152e-02 4.3939393939e-01 0.0000000000e+00 8.0060743677e-09 -8.3331938803e-09
4.5454545455e-02 4.3939393939e-01 0.0000000000e+00 7.9783071988e-09 -8.3085347353e-09
7.5757575758e-02 4.3939393939e-01 0.0000000000e+00 7.9156390437e-09 -8.2520826279e-09
1.0606060606e-01 4.3939393939e-01 0.0000000000e+00 7.8200154673e-09 -8.1657831232e-09
1.3636363636e-01 4.3939393939e-01 0.0000000000e+00 7.6945689938e-09 -8.0527687451e-09
1.6666666667e-01 4.3939393939e-01 0.0000000000e+00 7.5433397743e-09 -7.9170796451e-09
1.9696969697e-01 4.3939393939e-01 0.0000000000e+00 7.3709235107e-09 -7.7633115247e-09
2.2727272727e-01 4.3939393939e-01 0.0000000000e+00 7.1821087400e-09 -7.5962529211e-09
2.5757575758e-01 4.3939393939e-01 0.0000000000e+00 6.9815564543e-09 -7.4205648264e-09
2.8787878788e-01 4.3939393939e-01 0.0000000000e+00 6.7735553164e-09 -7.2405359033e-09
3.1818181818e-01 4.3939393939e-01 0.0000000000e+00 6.5618644537e-09 -7.0599252793e-09
3.4848484848e-01 4.3939393939e-01 0.0000000000e+00 6.3496386888e-09 -6.8818877771e-09
3.7878787879e-01 4.3939393939e-01 0.0000000000e+00 6.1394203928e-09 -6.7089657675e-09
4.0909090909e-01 4.3939393939e-01 0.0000000000e+00 5.9331779183e-09 -6.5431276034e-09
4.3939393939e-01 4.3939393939e-01 0.0000000000e+00 5.7323713380e-09 -6.3858333573e-09
4.6969696970e-01 4.3939393939e-01 0.0000000000e+00 5.5380298981e-09 -6.2381122755e-09
5.0000000000e-01 4.3939393939e-01 0.0000000000e+00 5.3508302594e-09 -6.1006410187e-09
5.3030303030e-01 4.3939393939e-01 0.0000000000e+00 5.1711689025e-09 -5.9738160677e-09
5.6060606061e-01 4.3939393939e-01 0.0000000000e+00 4.9992254094e-09 -5.8578170043e-09
5.9090909091e-01 4.3939393939e-01 0.0000000000e+00 4.8350155908e-09 -5.7526596393e-09
6.2121212121e-01 4.3939393939e-01 0.0000000000e+00 4.6784347814e-09 -5.6582393073e-09
6.5151515152e-01 4.3939393939e-01 0.0000000000e+00 4.5292923174e-09 -5.5743653447e-09
6.8181818182e-01 4.3939393939e-01 0.0000000000e+00 4.3873384811e-09 -5.5007880336e-09
7.1212121212e-01 4.3939393939e-01 0.0000000000e+00 4.2522852183e-09 -5.4372193199e-09
7.4242424242e-01 4.3939393939e-01 0.0000000000e+00 4.1238218294e-09 -5.3833485039e-09
7.7272727273e-01 4.3939393939e-01 0.0000000000e+00 4.0016266732e-09 -5.3388539445e-09
8.0303030303e-01 4.3939393939e-01 0.0000000000e+00 3.8853757524e-09 -5.3034116444e-09
8.3333333333e-01 4.3939393939e-01 0.0000000000e+00 3.7747488884e-09 -5.2767014250e-09
8.6363636364e-01 4.3939393939e-01 0.0000000000e+00 3.6694340486e-09 -5.2584112537e-09
8.9393939394e-01 4.3939393939e-01 0.0000000000e+00 3.5691302751e-09 -5.2482401724e-09
9.2424242424e-01 4.3939393939e-01 0.0000000000e+00 3.4735495595e-09 -5.2459001731e-09
9.5454545455e-01 4.3939393939e-01 0.0000000000e+00 3.3824179369e-09 -5.2511172905e-09
9.8484848485e-01 4.3939393939e-01 0.0000000000e+00 3.2954760035e-09 -5.2636321210e-09
1.0151515152e+00 4.3939393939e-01 0.0000000000e+00 3.2124790178e-09 -5.2831999231e-09
1.0454545455e+00 4.3939393939e-01 0.0000000000e+00 3.1331967053e-09 -5.3095904224e-09
1.0757575758e+00 4.3939393939e-01 0.0000000000e+00 3.0574128582e-09 -5.3425874108e-09
1.1060606061e+00 4.3939393939e-01 0.0000000000e+00 2.9849247965e-09 -5.3819882085e-09
1.1363636364e+00 4.3939393939e-01 0.0000000000e+00 2.9155427436e-09 -5.4276030389e-09
1.1666666667e+00 4.3939393939e-01 0.0000000000e+00 2.8490891525e-09 -5.4792543549e-09
1.1969696970e+00 4.3939393939e-01 0.0000000000e+00 2.7853980097e-09 -5.5367761432e-09
1.2272727273e+00 4.3939393939e-01 0.0000000000e+00 2.7243141382e-09 -5.6000132266e-09
1.2575757576e+00 4.3939393939e-01 0.0000000000e+00 2.6656925109e-09 -5.6688205781e-09
1.2878787879e+00 4.3939393939e-01 0.0000000000e+00 2.6093975865e-09 -5.7430626564e-09
1.3181818182e+00 4.3939393939e-01 0.0000000000e+00 2.5553026728e-09 -5.8226127692e-09
1.3484848485e+00 4.3939393939e-01 0.0000000000e+00 2.5032893208e-09 -5.9073524677e-09
1.3787878788e+00 4.3939393939e-01 0.0000000000e+00 2.4532467536e-09 -5.9971709748e-09
1.4090909091e+00 4.3939393939e-01 0.0000000000e+00 2.4050713291e-09 -6.0919646484e-09
1.4393939394e+00 4.3939393939e-01 0.0000000000e+00 2.3586660368e-09 -6.1916364781e-09
1.4696969697e+00 4.3939393939e-01 0.0000000000e+00 2.3139400290e-09 -6.2960956162e-09
1.5000000000e+00 4.3939393939e-01 0.0000000000e+00 2.2708081842e-09 -6.4052569411e-09
-1.5000000000e+00 4.6969696970e-01 0.0000000000e+00 2.2584694476e-09 -6.4395385627e-09
-1.4696969697e+00 4.6969696970e-01 0.0000000000e+00 2.3008871503e-09 -6.3296630956e-09
-1.4393939394e+00 4.6969696970e-01 0.0000000000e+00 2.3448437139e-09 -6.2244345133e-09
-1.4090909091e+00 4.6969696970e-01 0.0000000000e+00 2.3904188940e-09 -6.1239325713e-09
-1.3787878788e+00 4.6969696970e-01 0.0000000000e+00 2.4376975472e-09 -6.0282421264e-09
-1.3484848485e+00 4.6969696970e-01 0.0000000000e+00 2.4867699835e-09 -5.9374534884e-09
-1.3181818182e+00 4.6969696970e-01 0.0000000000e+00 2.5377323378e-09 -5.8516627923e-09
-1.2878787879e+00 4.6969696970e-01 0.0000000000e+00 2.5906869604e-09 -5.7709723884e-09
-1.2575757576e+00 4.6969696970e-01 0.0000000000e+00 2.6457428241e-09 -5.6954912494e-09
-1.2272727273e+00 4.6969696970e-01 0.0000000000e+00 2.7030159448e-09 -5.6253353914e-09
-1.1969696970e+00 4.6969696970e-01 0.0000000000e+00 2.7626298124e-09 -5.5606283040e-09
-1.1666666667e+00 4.6969696970e-01 0.0000000000e+00 2.8247158239e-09 -5.5015013844e-09
-1.1363636364e+00 4.6969696970e-01 0.0000000000e+00 2.8894137123e-09 -5.4480943657e-09
-1.1060606061e+00 4.6969696970e-01 0.0000000000e+00 2.9568719571e-09 -5.4005557272e-09
-1.0757575758e+00 4.6969696970e-01 0.0000000000e+00 3.0272481619e-09 -5.3590430726e-09
-1.0454545455e+00 4.6969696970e-01 0.0000000000e+00 3.1007093771e-09 -5.3237234522e-09
-1.0151515152e+00 4.6969696970e-01 0.0000000000e+00 3.1774323393e-09 -5.2947736027e-09
-9.8484848485e-01 4.6969696970e-01 0.0000000000e+00 3.2576035906e-09 -5.2723800662e-09
-9.5454545455e-01 4.6969696970e-01 0.0000000000e+00 3.3414194303e-09 -5.2567391420e-09
-9.2424242424e-01 4.6969696970e-01 0.0000000000e+00 3.4290856362e-09 -5.2480566078e-09
-8.9393939394e-01 4.6969696970e-01 0.0000000000e+00 3.5208168767e-09 -5.2465471321e-09
-8.6363636364e-01 4.6969696970e-01 0.0000000000e+00 3.6168357127e-09 -5.2524332758e-09
-8.3333333333e-01 4.6969696970e-01 0.0000000000e+00 3.7173710619e-09 -5.2659439566e-09
-8.0303030303e-01 4.6969696970e-01 0.0000000000e+00 3.8226559658e-09 -5.2873122159e-09
-7.7272727273e-01 4.6969696970e-01 0.0000000000e+00 3.9329244615e-09 -5.3167720909e-09
-7.4242424242e-01 4.6969696970e-01 0.0000000000e+00 4.0484073162e-09 -5.3545543488e-09
-7.1212121212e-01 4.6969696970e-01 0.0000000000e+00 4.1693263315e-09 -5.4008807911e-09
-6.8181818182e-01 4.6969696970e-01 0.0000000000e+00 4.2958868717e-09 -5.4559567823e-09
-6.5151515152e-01 4.6969696970e-01 0.0000000000e+00 4.4282682179e-09 -5.5199616033e-09
-6.2121212121e-01 4.6969696970e-01 0.0000000000e+00 4.5666113024e-09 -5.5930361864e-09
-5.9090909091e-01 4.6969696970e-01 0.0000000000e+00 4.7110033545e-09 -5.6752677611e-09
-5.6060606061e-01 4.6969696970e-01 0.0000000000e+00 4.8614590004e-09 -5.7666709534e-09
-5.3030303030e-01 4.6969696970e-01 0.0000000000e+00 5.0178974321e-09 -5.8671649554e-09
-5.0000000000e-01 4.6969696970e-01 0.0000000000e+00 5.1801154292e-09 -5.9765465466e-09
-4.6969696970e-01 4.6969696970e-01 0.0000000000e+00 5.3477563137e-09 -6.0944590492e-09
-4.3939393939e-01 4.6969696970e-01 0.0000000000e+00 5.5202753787e-09 -6.2203577561e-09
-4.0909090909e-01 4.6969696970e-01 0.0000000000e+00 5.6969029761e-09 -6.3534730193e-09
-3.7878787879e-01 4.6969696970e-01 0.0000000000e+00 5.8766072652e-09 -6.4927729980e-09
-3.4848484848e-01 4.6969696970e-01 0.0000000000e+00 6.0580595466e-09 -6.6369289929e-09
-3.1818181818e-01 4.6969696970e-01 0.0000000000e+00 6.2396060047e-09 -6.7842871884e-09
-2.8787878788e-01 4.6969696970e-01 0.0000000000e+00 6.4192503723e-09 -6.9328513173e-09
-2.5757575758e-01 4.6969696970e-01 0.0000000000e+00 6.5946523271e-09 -7.0802810572e-09
-2.2727272727e-01 4.6969696970e-01 0.0000000000e+00 6.7631462306e-09 -7.2239107697e-09
-1.9696969697e-01 4.6969696970e-01 0.0000000000e+00 6.9217842037e-09 -7.3607925758e-09
-1.6666666667e-01 4.6969696970e-01 0.0000000000e+00 7.0674067271e-09 -7.4877669559e-09
-1.3636363636e-01 4.6969696970e-01 0.0000000000e+00 7.1967431316e-09 -7.6015632410e-09
-1.0606060606e-01 4.6969696970e-01 0.0000000000e+00 7.3065432553e-09 -7.6989312693e-09
-7.5757575758e-02 4.6969696970e-01 0.0000000000e+00 7.3937392665e-09 -7.7768032088e-09
-4.5454545455e-02 4.6969696970e-01 0.0000000000e+00 7.4556319738e-09 -7.8324798684e-09
-1.5151515152e-02 4.6969696970e-01 0.0000000000e+00 7.4900884143e-09 -7.8638282850e-09
1.5151515152e-02 4.6969696970e-01 0.0000000000e+00 7.4957286388e-09 -7.8694685095e-09
4.5454545455e-02 4.6969696970e-01 0.0000000000e+00 7.4720729762e-09 -7.8489208708e-09
7.5757575758e-02 4.6969696970e-01 0.0000000000e+00 7.4196207658e-09 -7.8026847081e-09
1.0606060606e-01 4.6969696970e-01 0.0000000000e+00 7.3398400116e-09 -7.7322280255e-09
1.3636363636e-01 4.6969696970e-01 0.0000000000e+00 7.2350635006e-09 -7.6398836100e-09
1.6666666667e-01 4.6969696970e-01 0.0000000000e+00 7.1083058329e-09 -7.5286660617e-09
1.9696969697e-01 4.6969696970e-01 0.0000000000e+00 6.9630309288e-09 -7.4020393009e-09
2.2727272727e-01 4.6969696970e-01 0.0000000000e+00 6.8029059949e-09 -7.2636705341e-09
2.5757575758e-01 4.6969696970e-01 0.0000000000e+00 6.6315748614e-09 -7.1172035915e-09
2.8787878788e-01 4.6969696970e-01 0.0000000000e+00 6.4524739791e-09 -6.9660749241e-09
3.1818181818e-01 4.6969696970e-01 0.0000000000e+00 6.2687024320e-09 -6.8133836157e-09
3.4848484848e-01 4.6969696970e-01 0.0000000000e+00 6.0829465531e-09 -6.6618159995e-09
3.7878787879e-01 4.6969696970e-01 0.0000000000e+00 5.8974520660e-09 -6.5136177988e-09
4.0909090909e-01 4.6969696970e-01 0.0000000000e+00 5.7140326471e-09 -6.3706026903e-09
4.3939393939e-01 4.6969696970e-01 0.0000000000e+00 5.5341029325e-09 -6.2341853099e-09
4.6969696970e-01 4.6969696970e-01 0.0000000000e+00 5.3587252751e-09 -6.1054280105e-09
5.0000000000e-01 4.6969696970e-01 0.0000000000e+00 5.1886619181e-09 -5.9850930355e-09
5.3030303030e-01 4.6969696970e-01 0.0000000000e+00 5.0244268134e-09 -5.8736943367e-09
5.6060606061e-01 4.6969696970e-01 0.0000000000e+00 4.8663335667e-09 -5.7715455197e-09
5.9090909091e-01 4.6969696970e-01 0.0000000000e+00 4.7145377214e-09 -5.6788021280e-09
6.2121212121e-01 4.6969696970e-01 0.0000000000e+00 4.5690727766e-09 -5.5954976606e-09
6.5151515152e-01 4.6969696970e-01 0.0000000000e+00 4.4298800745e-09 -5.5215734599e-09
6.8181818182e-01 4.6969696970e-01 0.0000000000e+00 4.2968330915e-09 -5.4569030020e-09
7.1212121212e-01 4.6969696970e-01 0.0000000000e+00 4.1697568483e-09 -5.4013113080e-09
7.4242424242e-01 4.6969696970e-01 0.0000000000e+00 4.0484431943e-09 -5.3545902269e-09
7.7272727273e-01 4.6969696970e-01 0.0000000000e+00 3.9326626803e-09 -5.3165103098e-09
8.0303030303e-01 4.6969696970e-01 0.0000000000e+00 3.8221736633e-09 -5.2868299135e-09
8.3333333333e-01 4.6969696970e-01 0.0000000000e+00 3.7167291903e-09 -5.2653020850e-09
8.6363636364e-01 4.6969696970e-01 0.0000000000e+00 3.6160821240e-09 -5.2516796871e-09
8.9393939394e-01 4.6969696970e-01 0.0000000000e+00 3.5199888886e-09 -5.2457191441e-09
9.2424242424e-01 4.6969696970e-01 0.0000000000e+00 3.4282121408e-09 -5.2471831125e-09
9.5454545455e-01 4.6969696970e-01 0.0000000000e+00 3.3405226117e-09 -5.2558423234e-09
9.8484848485e-01 4.6969696970e-01 0.0000000000e+00 3.2567003150e-09 -5.2714767906e-09
1.0151515152e+00 4.6969696970e-01 0.0000000000e+00 3.1765352732e-09 -5.2938765367e-09
1.0454545455e+00 4.6969696970e-01 0.0000000000e+00 3.0998278837e-09 -5.3228419588e-09
1.0757575758e+00 4.6969696970e-01 0.0000000000e+00 3.0263890158e-09 -5.3581839264e-09
1.1060606061e+00 4.6969696970e-01 0.0000000000e+00 2.9560399142e-09 -5.3997236843e-09
1.1363636364e+00 4.6969696970e-01 0.0000000000e+00 2.8886119617e-09 -5.4472926151e-09
1.1666666667e+00 4.6969696970e-01 0.0000000000e+00 2.8239463460e-09 -5.5007319065e-09
1.1969696970e+00 4.6969696970e-01 0.0000000000e+00 2.7618936615e-09 -5.5598921531e-09
1.2272727273e+00 4.6969696970e-01 0.0000000000e+00 2.7023134726e-09 -5.6246329192e-09
1.2575757576e+00 4.6969696970e-01 0.0000000000e+00 2.6450738547e-09 -5.6948222800e-09
1.2878787879e+00 4.6969696970e-01 0.0000000000e+00 2.5900509283e-09 -5.7703363562e-09
1.3181818182e+00 4.6969696970e-01 0.0000000000e+00 2.5371283951e-09 -5.8510588496e-09
1.3484848485e+00 4.6969696970e-01 0.0000000000e+00 2.4861970842e-09 -5.9368805891e-09
1.3787878788e+00 4.6969696970e-01 0.0000000000e+00 2.4371545119e-09 -6.0276990911e-09
1.4090909091e+00 4.6969696970e-01 0.0000000000e+00 2.3899044602e-09 -6.1234181376e-09
1.4393939394e+00 4.6969696970e-01 0.0000000000e+00 2.3443565744e-09 -6.2239473738e-09
1.4696969697e+00 4.6969696970e-01 0.0000000000e+00 2.3004259822e-09 -6.3292019275e-09
1.5000000000e+00 4.6969696970e-01 0.0000000000e+00 2.2580329344e-09 -6.4391020495e-09
-1.5000000000e+00 5.0000000000e-01 0.0000000000e+00 2.2450423890e-09 -6.4758398860e-09
-1.4696969697e+00 5.0000000000e-01 0.0000000000e+00 2.2866913171e-09 -6.3651956444e-09
-1.4393939394e+00 5.0000000000e-01 0.0000000000e+00 2.3298209720e-09 -6.2591401533e-09
-1.4090909091e+00 5.0000000000e-01 0.0000000000e+00 2.3745056914e-09 -6.1577477508e-09
-1.3787878788e+00 5.0000000000e-01 0.0000000000e+00 2.4208243214e-09 -6.0610972826e-09
-1.3484848485e+00 5.0000000000e-01 0.0000000000e+00 2.4688604950e-09 -5.9692723819e-09
-1.3181818182e+00 5.0000000000e-01 0.0000000000e+00 2.5187029209e-09 -5.8823617574e-09
-1.2878787879e+00 5.0000000000e-01 0.0000000000e+00 2.5704456798e-09 -5.8004594897e-09
-1.2575757576e+00 5.0000000000e-01 0.0000000000e+00 2.6241885244e-09 -5.7236653316e-09
-1.2272727273e+00 5.0000000000e-01 0.0000000000e+00 2.6800371795e-09 -5.6520850080e-09
-1.1969696970e+00 5.0000000000e-01 0.0000000000e+00 2.7381036354e-09 -5.5858305090e-09
-1.1666666667e+00 5.0000000000e-01 0.0000000000e+00 2.7985064256e-09 -5.5250203681e-09
-1.1363636364e+00 5.0000000000e-01 0.0000000000e+00 2.8613708798e-09 -5.4697799151e-09
-1.1060606061e+00 5.0000000000e-01 0.0000000000e+00 2.9268293366e-09 -5.4202414887e-09
-1.0757575758e+00 5.0000000000e-01 0.0000000000e+00 2.9950212978e-09 -5.3765445904e-09
-1.0454545455e+00 5.0000000000e-01 0.0000000000e+00 3.0660935005e-09 -5.3388359576e-09
-1.0151515152e+00 5.0000000000e-01 0.0000000000e+00 3.1401998777e-09 -5.3072695231e-09
-9.8484848485e-01 5.0000000000e-01 0.0000000000e+00 3.2175013676e-09 -5.2820062252e-09
-9.5454545455e-01 5.0000000000e-01 0.0000000000e+00 3.2981655249e-09 -5.2632136185e-09
-9.2424242424e-01 5.0000000000e-01 0.0000000000e+00 3.3823658712e-09 -5.2510652248e-09
-8.9393939394e-01 5.0000000000e-01 0.0000000000e+00 3.4702809110e-09 -5.2457395484e-09
-8.6363636364e-01 5.0000000000e-01 0.0000000000e+00 3.5620927170e-09 -5.2474186621e-09
-8.3333333333e-01 5.0000000000e-01 0.0000000000e+00 3.6579849716e-09 -5.2562862483e-09
-8.0303030303e-01 5.0000000000e-01 0.0000000000e+00 3.7581403220e-09 -5.2725249541e-09
-7.7272727273e-01 5.0000000000e-01 0.0000000000e+00 3.8627368818e-09 -5.2963128932e-09
-7.4242424242e-01 5.0000000000e-01 0.0000000000e+00 3.9719436781e-09 -5.3278190926e-09
-7.1212121212e-01 5.0000000000e-01 0.0000000000e+00 4.0859148126e-09 -5.3671976542e-09
-6.8181818182e-01 5.0000000000e-01 0.0000000000e+00 4.2047820726e-09 -5.4145803651e-09
-6.5151515152e-01 5.0000000000e-01 0.0000000000e+00 4.3286457031e-09 -5.4700674705e-09
-6.2121212121e-01 5.0000000000e-01 0.0000000000e+00 4.4575630409e-09 -5.5337163069e-09
-5.9090909091e-01 5.0000000000e-01 0.0000000000e+00 4.5915347179e-09 -5.6055275064e-09
-5.6060606061e-01 5.0000000000e-01 0.0000000000e+00 4.7304881941e-09 -5.6854285291e-09
-5.3030303030e-01 5.0000000000e-01 0.0000000000e+00 4.8742584757e-09 -5.7732543810e-09
-5.0000000000e-01 5.0000000000e-01 0.0000000000e+00 5.0225660546e-09 -5.8687255540e-09
-4.6969696970e-01 5.0000000000e-01 0.0000000000e+00 5.1749923711e-09 -5.9714234885e-09
-4.3939393939e-01 5.0000000000e-01 0.0000000000e+00 5.3309534808e-09 -6.0807642402e-09
-4.0909090909e-01 5.0000000000e-01 0.0000000000e+00 5.4896730927e-09 -6.1959715178e-09
-3.7878787879e-01 5.0000000000e-01 0.0000000000e+00 5.6501567163e-09 -6.3160508311e-09
-3.4848484848e-01 5.0000000000e-01 0.0000000000e+00 5.8111692640e-09 -6.4397670923e-09
-3.1818181818e-01 5.0000000000e-01 0.0000000000e+00 5.9712189983e-09 -6.5656285640e-09
-2.8787878788e-01 5.0000000000e-01 0.0000000000e+00 6.1285511020e-09 -6.6918804289e-09
-2.5757575758e-01 5.0000000000e-01 0.0000000000e+00 6.2811542632e-09 -6.8165113753e-09
-2.2727272727e-01 5.0000000000e-01 0.0000000000e+00 6.4267834696e-09 -6.9372763908e-09
-1.9696969697e-01 5.0000000000e-01 0.0000000000e+00 6.5630017052e-09 -7.0517384593e-09
-1.6666666667e-01 5.0000000000e-01 0.0000000000e+00 6.6872424975e-09 -7.1573311083e-09
-1.3636363636e-01 5.0000000000e-01 0.0000000000e+00 6.7968942716e-09 -7.2514427630e-09
-1.0606060606e-01 5.0000000000e-01 0.0000000000e+00 6.8894060367e-09 -7.3315224326e-09
-7.5757575758e-02 5.0000000000e-01 0.0000000000e+00 6.9624116746e-09 -7.3952039989e-09
-4.5454545455e-02 5.0000000000e-01 0.0000000000e+00 7.0138666778e-09 -7.4404429543e-09
-1.5151515152e-02 5.0000000000e-01 0.0000000000e+00 7.0421867333e-09 -7.4656549860e-09
1.5151515152e-02 5.0000000000e-01 0.0000000000e+00 7.0463731120e-09 -7.4698413647e-09
4.5454545455e-02 5.0000000000e-01 0.0000000000e+00 7.0261071834e-09 -7.4526834600e-09
7.5757575758e-02 5.0000000000e-01 0.0000000000e+00 6.9817974141e-09 -7.4145897384e-09
1.0606060606e-01 5.0000000000e-01 0.0000000000e+00 6.9145677830e-09 -7.3566841789e-09
1.3636363636e-01 5.0000000000e-01 0.0000000000e+00 6.8261858610e-09 -7.2807343525e-09
1.6666666667e-01 5.0000000000e-01 0.0000000000e+00 6.7189393479e-09 -7.1890279587e-09
1.9696969697e-01 5.0000000000e-01 0.0000000000e+00 6.5954784563e-09 -7.0842152103e-09
2.2727272727e-01 5.0000000000e-01 0.0000000000e+00 6.4586457339e-09 -6.9691386550e-09
2.5757575758e-01 5.0000000000e-01 0.0000000000e+00 6.3113140636e-09 -6.8466711757e-09
2.8787878788e-01 5.0000000000e-01 0.0000000000e+00 6.1562488079e-09 -6.7195781349e-09
3.1818181818e-01 5.0000000000e-01 0.0000000000e+00 5.9960033680e-09 -6.5904129337e-09
3.4848484848e-01 5.0000000000e-01 0.0000000000e+00 5.8328507962e-09 -6.4614486245e-09
3.7878787879e-01 5.0000000000e-01 0.0000000000e+00 5.6687488501e-09 -6.3346429648e-09
4.0909090909e-01 5.0000000000e-01 0.0000000000e+00 5.5053326006e-09 -6.2116310257e-09
4.3939393939e-01 5.0000000000e-01 0.0000000000e+00 5.3439273613e-09 -6.0937381206e-09
4.6969696970e-01 5.0000000000e-01 0.0000000000e+00 5.1855748384e-09 -5.9820059559e-09
5.0000000000e-01 5.0000000000e-01 0.0000000000e+00 5.0310664553e-09 -5.8772259547e-09
5.3030303030e-01 5.0000000000e-01 0.0000000000e+00 4.8809792292e-09 -5.7799751345e-09
5.6060606061e-01 5.0000000000e-01 0.0000000000e+00 4.7357110158e-09 -5.6906513507e-09
5.9090909091e-01 5.0000000000e-01 0.0000000000e+00 4.5955131569e-09 -5.6095059454e-09
6.2121212121e-01 5.0000000000e-01 0.0000000000e+00 4.4605195073e-09 -5.5366727733e-09
6.5151515152e-01 5.0000000000e-01 0.0000000000e+00 4.3307714696e-09 -5.4721932370e-09
6.8181818182e-01 5.0000000000e-01 0.0000000000e+00 4.2062390862e-09 -5.4160373787e-09
7.1212121212e-01 5.0000000000e-01 0.0000000000e+00 4.0868384805e-09 -5.3681213222e-09
7.4242424242e-01 5.0000000000e-01 0.0000000000e+00 3.9724460576e-09 -5.3283214722e-09
7.7272727273e-01 5.0000000000e-01 0.0000000000e+00 3.8629099110e-09 -5.2964859224e-09
8.0303030303e-01 5.0000000000e-01 0.0000000000e+00 3.7580588764e-09 -5.2724435085e-09
8.3333333333e-01 5.0000000000e-01 0.0000000000e+00 3.6577096337e-09 -5.2560109104e-09
8.6363636364e-01 5.0000000000e-01 0.0000000000e+00 3.5616722122e-09 -5.2469981573e-09
8.9393939394e-01 5.0000000000e-01 0.0000000000e+00 3.4697542053e-09 -5.2452128427e-09
9.2424242424e-01 5.0000000000e-01 0.0000000000e+00 3.3817639490e-09 -5.2504633026e-09
9.5454545455e-01 5.0000000000e-01 0.0000000000e+00 3.2975128771e-09 -5.2625609708e-09
9.8484848485e-01 5.0000000000e-01 0.0000000000e+00 3.2168172268e-09 -5.2813220844e-09
1.0151515152e+00 5.0000000000e-01 0.0000000000e+00 3.1394992350e-09 -5.3065688804e-09
1.0454545455e+00 5.0000000000e-01 0.0000000000e+00 3.0653879381e-09 -5.3381303952e-09
1.0757575758e+00 5.0000000000e-01 0.0000000000e+00 2.9943196675e-09 -5.3758429602e-09
1.1060606061e+00 5.0000000000e-01 0.0000000000e+00 2.9261383110e-09 -5.4195504631e-09
1.1363636364e+00 5.0000000000e-01 0.0000000000e+00 2.8606953978e-09 -5.4691044332e-09
1.1666666667e+00 5.0000000000e-01 0.0000000000e+00 2.7978500527e-09 -5.5243639952e-09
1.1969696970e+00 5.0000000000e-01 0.0000000000e+00 2.7374688533e-09 -5.5851957269e-09
1.2272727273e+00 5.0000000000e-01 0.0000000000e+00 2.6794256193e-09 -5.6514734478e-09
1.2575757576e+00 5.0000000000e-01 0.0000000000e+00 2.6236011531e-09 -5.7230779604e-09
1.2878787879e+00 5.0000000000e-01 0.0000000000e+00 2.5698829503e-09 -5.7998967603e-09
1.3181818182e+00 5.0000000000e-01 0.0000000000e+00 2.5181648913e-09 -5.8818237278e-09
1.3484848485e+00 5.0000000000e-01 0.0000000000e+00 2.4683469237e-09 -5.9687588106e-09
1.3787878788e+00 5.0000000000e-01 0.0000000000e+00 2.4203347428e-09 -6.0606077040e-09
1.4090909091e+00 5.0000000000e-01 0.0000000000e+00 2.3740394762e-09 -6.1572815355e-09
1.4393939394e+00 5.0000000000e-01 0.0000000000e+00 2.3293773743e-09 -6.2586965557e-09
1.4696969697e+00 5.0000000000e-01 0.0000000000e+00 2.2862695121e-09 -6.3647738393e-09
1.5000000000e+00 5.0000000000e-01 0.0000000000e+00 2.2446415016e-09 -6.4754389986e-09
-1.5000000000e+00 5.3030303030e-01 0.0000000000e+00 2.2310372928e-09 -6.5146711957e-09
-1.4696969697e+00 5.3030303030e-01 0.0000000000e+00 2.2718947272e-09 -6.4032354603e-09
-1.4393939394e+00 5.3030303030e-01 0.0000000000e+00 2.3141740656e-09 -6.2963296528e-09
-1.4090909091e+00 5.3030303030e-01 0.0000000000e+00 2.3579442874e-09 -6.1940227526e-09
-1.3787878788e+00 5.3030303030e-01 0.0000000000e+00 2.4032783112e-09 -6.0963876782e-09
-1.3484848485e+00 5.3030303030e-01 0.0000000000e+00 2.4502532059e-09 -6.0035014987e-09
-1.3181818182e+00 5.3030303030e-01 0.0000000000e+00 2.4989504039e-09 -5.9154456462e-09
-1.2878787879e+00 5.3030303030e-01 0.0000000000e+00 2.5494559114e-09 -5.8323061271e-09
-1.2575757576e+00 5.3030303030e-01 0.0000000000e+00 2.6018605128e-09 -5.7541737259e-09
-1.2272727273e+00 5.3030303030e-01 0.0000000000e+00 2.6562599627e-09 -5.6811441970e-09
-1.1969696970e+00 5.3030303030e-01 0.0000000000e+00 2.7127551574e-09 -5.6133184368e-09
-1.1666666667e+00 5.3030303030e-01 0.0000000000e+00 2.7714522780e-09 -5.5508026263e-09
-1.1363636364e+00 5.3030303030e-01 0.0000000000e+00 2.8324628910e-09 -5.4937083322e-09
-1.1060606061e+00 5.3030303030e-01 0.0000000000e+00 2.8959039923e-09 -5.4421525502e-09
-1.0757575758e+00 5.3030303030e-01 0.0000000000e+00 2.9618979740e-09 -5.3962576724e-09
-1.0454545455e+00 5.3030303030e-01 0.0000000000e+00 3.0305724905e-09 -5.3561513534e-09
-1.0151515152e+00 5.3030303030e-01 0.0000000000e+00 3.1020601931e-09 -5.3219662444e-09
-9.8484848485e-01 5.3030303030e-01 0.0000000000e+00 3.1764982945e-09 -5.2938395580e-09
-9.5454545455e-01 5.3030303030e-01 0.0000000000e+00 3.2540279180e-09 -5.2719124175e-09
-9.2424242424e-01 5.3030303030e-01 0.0000000000e+00 3.3347931730e-09 -5.2563289325e-09
-8.9393939394e-01 5.3030303030e-01 0.0000000000e+00 3.4189398881e-09 -5.2472349314e-09
-8.6363636364e-01 5.3030303030e-01 0.0000000000e+00 3.5066139168e-09 -5.2447762678e-09
-8.3333333333e-01 5.3030303030e-01 0.0000000000e+00 3.5979589164e-09 -5.2490965989e-09
-8.0303030303e-01 5.3030303030e-01 0.0000000000e+00 3.6931134795e-09 -5.2603345174e-09
-7.7272727273e-01 5.3030303030e-01 0.0000000000e+00 3.7922074821e-09 -5.2786198993e-09
-7.4242424242e-01 5.3030303030e-01 0.0000000000e+00 3.8953574863e-09 -5.3040693067e-09
-7.1212121212e-01 5.3030303030e-01 0.0000000000e+00 4.0026610244e-09 -5.3367802719e-09
-6.8181818182e-01 5.3030303030e-01 0.0000000000e+00 4.1141895706e-09 -5.3768242690e-09
-6.5151515152e-01 5.3030303030e-01 0.0000000000e+00 4.2299800054e-09 -5.4242381786e-09
-6.2121212121e-01 5.3030303030e-01 0.0000000000e+00 4.3500243853e-09 -5.4790140572e-09
-5.9090909091e-01 5.3030303030e-01 0.0000000000e+00 4.4742578610e-09 -5.5410870554e-09
-5.6060606061e-01 5.3030303030e-01 0.0000000000e+00 4.6025446533e-09 -5.6103213941e-09
-5.3030303030e-01 5.3030303030e-01 0.0000000000e+00 4.7346621010e-09 -5.6864944121e-09
-5.0000000000e-01 5.3030303030e-01 0.0000000000e+00 4.8702829597e-09 -5.7692788649e-09
-4.6969696970e-01 5.3030303030e-01 0.0000000000e+00 5.0089563571e-09 -5.8582238804e-09
-4.3939393939e-01 5.3030303030e-01 0.0000000000e+00 5.1500881067e-09 -5.9527352719e-09
-4.0909090909e-01 5.3030303030e-01 0.0000000000e+00 5.2929214387e-09 -6.0520562696e-09
-3.7878787879e-01 5.3030303030e-01 0.0000000000e+00 5.4365196006e-09 -6.1552501212e-09
-3.4848484848e-01 5.3030303030e-01 0.0000000000e+00 5.5797521731e-09 -6.2611864072e-09
-3.1818181818e-01 5.3030303030e-01 0.0000000000e+00 5.7212872704e-09 -6.3685332419e-09
-2.8787878788e-01 5.3030303030e-01 0.0000000000e+00 5.8595919949e-09 -6.4757577277e-09
-2.5757575758e-01 5.3030303030e-01 0.0000000000e+00 5.9929435201e-09 -6.5811370381e-09
-2.2727272727e-01 5.3030303030e-01 0.0000000000e+00 6.1194529568e-09 -6.6827822838e-09
-1.9696969697e-01 5.3030303030e-01 0.0000000000e+00 6.2371037004e-09 -6.7786768602e-09
-1.6666666667e-01 5.3030303030e-01 0.0000000000e+00 6.3438052637e-09 -6.8667302804e-09
-1.3636363636e-01 5.3030303030e-01 0.0000000000e+00 6.4374626390e-09 -6.9448475363e-09
-1.0606060606e-01 5.3030303030e-01 0.0000000000e+00 6.5160599050e-09 -7.0110127067e-09
-7.5757575758e-02 5.3030303030e-01 0.0000000000e+00 6.5777549870e-09 -7.0633837171e-09
-4.5454545455e-02 5.3030303030e-01 0.0000000000e+00 6.6209801518e-09 -7.1003928342e-09
-1.5151515152e-02 5.3030303030e-01 0.0000000000e+00 6.6445402351e-09 -7.1208448936e-09
1.5151515152e-02 5.3030303030e-01 0.0000000000e+00 6.6476984032e-09 -7.1240030617e-09
4.5454545455e-02 5.3030303030e-01 0.0000000000e+00 6.6302383605e-09 -7.1096510429e-09
7.5757575758e-02 5.3030303030e-01 0.0000000000e+00 6.5924931662e-09 -7.0781218963e-09
1.0606060606e-01 5.3030303030e-01 0.0000000000e+00 6.5353345117e-09 -7.0302873135e-09
1.3636363636e-01 5.3030303030e-01 0.0000000000e+00 6.4601218851e-09 -6.9675067824e-09
1.6666666667e-01 5.3030303030e-01 0.0000000000e+00 6.3686171805e-09 -6.8915421972e-09
1.9696969697e-01 5.3030303030e-01 0.0000000000e+00 6.2628753821e-09 -6.8044485419e-09
2.2727272727e-01 5.3030303030e-01 0.0000000000e+00 6.1451246840e-09 -6.7084540110e-09
2.5757575758e-01 5.3030303030e-01 0.0000000000e+00 6.0176493565e-09 -6.6058428745e-09
2.8787878788e-01 5.3030303030e-01 0.0000000000e+00 5.8826862568e-09 -6.4988519896e-09
3.1818181818e-01 5.3030303030e-01 0.0000000000e+00 5.7423421081e-09 -6.3895880796e-09
3.4848484848e-01 5.3030303030e-01 0.0000000000e+00 5.5985345985e-09 -6.2799688326e-09
3.7878787879e-01 5.3030303030e-01 0.0000000000e+00 5.4529568466e-09 -6.1716873672e-09
4.0909090909e-01 5.3030303030e-01 0.0000000000e+00 5.3070623171e-09 -6.0661971480e-09
4.3939393939e-01 5.3030303030e-01 0.0000000000e+00 5.1620659372e-09 -5.9647131023e-09
4.6969696970e-01 5.3030303030e-01 0.0000000000e+00 5.0189568272e-09 -5.8682243505e-09
5.0000000000e-01 5.3030303030e-01 0.0000000000e+00 4.8785184019e-09 -5.7775143072e-09
5.3030303030e-01 5.3030303030e-01 0.0000000000e+00 4.7413523319e-09 -5.6931846430e-09
5.6060606061e-01 5.3030303030e-01 0.0000000000e+00 4.6079037129e-09 -5.6156804537e-09
5.9090909091e-01 5.3030303030e-01 0.0000000000e+00 4.4784856116e-09 -5.5453148060e-09
6.2121212121e-01 5.3030303030e-01 0.0000000000e+00 4.3533018440e-09 -5.4822915158e-09
6.5151515152e-01 5.3030303030e-01 0.0000000000e+00 4.2324673737e-09 -5.4267255469e-09
6.8181818182e-01 5.3030303030e-01 0.0000000000e+00 4.1160260950e-09 -5.3786607933e-09
7.1212121212e-01 5.3030303030e-01 0.0000000000e+00 4.0039660112e-09 -5.3380852587e-09
7.4242424242e-01 5.3030303030e-01 0.0000000000e+00 3.8962319728e-09 -5.3049437932e-09
7.7272727273e-01 5.3030303030e-01 0.0000000000e+00 3.7927362150e-09 -5.2791486322e-09
8.0303030303e-01 5.3030303030e-01 0.0000000000e+00 3.6933669695e-09 -5.2605880074e-09
8.3333333333e-01 5.3030303030e-01 0.0000000000e+00 3.5979954242e-09 -5.2491331067e-09
8.6363636364e-01 5.3030303030e-01 0.0000000000e+00 3.5064812897e-09 -5.2446436406e-09
8.9393939394e-01 5.3030303030e-01 0.0000000000e+00 3.4186772047e-09 -5.2469722479e-09
9.2424242424e-01 5.3030303030e-01 0.0000000000e+00 3.3344321863e-09 -5.2559679458e-09
9.5454545455e-01 5.3030303030e-01 0.0000000000e+00 3.2535942995e-09 -5.2714787990e-09
9.8484848485e-01 5.3030303030e-01 0.0000000000e+00 3.1760126936e-09 -5.2933539570e-09
1.0151515152e+00 5.3030303030e-01 0.0000000000e+00 3.1015391303e-09 -5.3214451815e-09
1.0454545455e+00 5.3030303030e-01 0.0000000000e+00 3.0300291052e-09 -5.3556079682e-09
1.0757575758e+00 5.3030303030e-01 0.0000000000e+00 2.9613426463e-09 -5.3957023448e-09
1.1060606061e+00 5.3030303030e-01 0.0000000000e+00 2.8953448576e-09 -5.4415934155e-09
1.1363636364e+00 5.3030303030e-01 0.0000000000e+00 2.8319062640e-09 -5.4931517052e-09
1.1666666667e+00 5.3030303030e-01 0.0000000000e+00 2.7709030011e-09 -5.5502533495e-09
1.1969696970e+00 5.3030303030e-01 0.0000000000e+00 2.7122168864e-09 -5.6127801658e-09
1.2272727273e+00 5.3030303030e-01 0.0000000000e+00 2.6557353998e-09 -5.6806196342e-09
1.2575757576e+00 5.3030303030e-01 0.0000000000e+00 2.6013515974e-09 -5.7536648105e-09
1.2878787879e+00 5.3030303030e-01 0.0000000000e+00 2.5489639742e-09 -5.8318141900e-09
1.3181818182e+00 5.3030303030e-01 0.0000000000e+00 2.4984762936e-09 -5.9149715360e-09
1.3484848485e+00 5.3030303030e-01 0.0000000000e+00 2.4497973909e-09 -6.0030456837e-09
1.3787878788e+00 5.3030303030e-01 0.0000000000e+00 2.4028409623e-09 -6.0959503293e-09
1.4090909091e+00 5.3030303030e-01 0.0000000000e+00 2.3575253447e-09 -6.1936038099e-09
1.4393939394e+00 5.3030303030e-01 0.0000000000e+00 2.3137732924e-09 -6.2959288796e-09
1.4696969697e+00 5.3030303030e-01 0.0000000000e+00 2.2715117535e-09 -6.4028524866e-09
1.5000000000e+00 5.3030303030e-01 0.0000000000e+00 2.2306716499e-09 -6.5143055528e-09
-1.5000000000e+00 5.6060606061e-01 0.0000000000e+00 2.2164924745e-09 -6.5560708071e-09
-1.4696969697e+00 5.6060606061e-01 0.0000000000e+00 2.2565390356e-09 -6.4438241984e-09
-1.4393939394e+00 5.6060606061e-01 0.0000000000e+00 2.2979483244e-09 -6.3360483413e-09
-1.4090909091e+00 5.6060606061e-01 0.0000000000e+00 2.3407840580e-09 -6.2328069529e-09
-1.3787878788e+00 5.6060606061e-01 0.0000000000e+00 2.3851133513e-09 -6.1341671480e-09
-1.3484848485e+00 5.6060606061e-01 0.0000000000e+00 2.4310068672e-09 -6.0401995897e-09
-1.3181818182e+00 5.6060606061e-01 0.0000000000e+00 2.4785389613e-09 -5.9509786333e-09
-1.2878787879e+00 5.6060606061e-01 0.0000000000e+00 2.5277878154e-09 -5.8665824609e-09
-1.2575757576e+00 5.6060606061e-01 0.0000000000e+00 2.5788355573e-09 -5.7870932002e-09
-1.2272727273e+00 5.6060606061e-01 0.0000000000e+00 2.6317683575e-09 -5.7125970216e-09
-1.1969696970e+00 5.6060606061e-01 0.0000000000e+00 2.6866764961e-09 -5.6431842052e-09
-1.1666666667e+00 5.6060606061e-01 0.0000000000e+00 2.7436543886e-09 -5.5789491667e-09
-1.1363636364e+00 5.6060606061e-01 0.0000000000e+00 2.8028005593e-09 -5.5199904302e-09
-1.1060606061e+00 5.6060606061e-01 0.0000000000e+00 2.8642175439e-09 -5.4664105315e-09
-1.0757575758e+00 5.6060606061e-01 0.0000000000e+00 2.9280117034e-09 -5.4183158316e-09
-1.0454545455e+00 5.6060606061e-01 0.0000000000e+00 2.9942929250e-09 -5.3758162176e-09
-1.0151515152e+00 5.6060606061e-01 0.0000000000e+00 3.0631741791e-09 -5.3390246601e-09
-9.8484848485e-01 5.6060606061e-01 0.0000000000e+00 3.1347708990e-09 -5.3080565922e-09
-9.5454545455e-01 5.6060606061e-01 0.0000000000e+00 3.2092001372e-09 -5.2830290664e-09
-9.2424242424e-01 5.6060606061e-01 0.0000000000e+00 3.2865794488e-09 -5.2640596379e-09
-8.9393939394e-01 5.6060606061e-01 0.0000000000e+00 3.3670254391e-09 -5.2512649121e-09
-8.6363636364e-01 5.6060606061e-01 0.0000000000e+00 3.4506519032e-09 -5.2447586838e-09
-8.3333333333e-01 5.6060606061e-01 0.0000000000e+00 3.5375674720e-09 -5.2446495842e-09
-8.0303030303e-01 5.6060606061e-01 0.0000000000e+00 3.6278726687e-09 -5.2510381363e-09
-7.7272727273e-01 5.6060606061e-01 0.0000000000e+00 3.7216562652e-09 -5.2640131122e-09
-7.4242424242e-01 5.6060606061e-01 0.0000000000e+00 3.8189908179e-09 -5.2836470680e-09
-7.1212121212e-01 5.6060606061e-01 0.0000000000e+00 3.9199272545e-09 -5.3099909316e-09
-6.8181818182e-01 5.6060606061e-01 0.0000000000e+00 4.0244883817e-09 -5.3430675098e-09
-6.5151515152e-01 5.6060606061e-01 0.0000000000e+00 4.1326611905e-09 -5.3828637933e-09
-6.2121212121e-01 5.6060606061e-01 0.0000000000e+00 4.2443878568e-09 -5.4293219584e-09
-5.9090909091e-01 5.6060606061e-01 0.0000000000e+00 4.3595553792e-09 -5.4823290033e-09
-5.6060606061e-01 5.6060606061e-01 0.0000000000e+00 4.4779838588e-09 -5.5417050293e-09
-5.3030303030e-01 5.6060606061e-01 0.0000000000e+00 4.5994135340e-09 -5.6071902748e-09
-5.0000000000e-01 5.6060606061e-01 0.0000000000e+00 4.7234908174e-09 -5.6784311523e-09
-4.6969696970e-01 5.6060606061e-01 0.0000000000e+00 4.8497537717e-09 -5.7549657247e-09
-4.3939393939e-01 5.6060606061e-01 0.0000000000e+00 4.9776176840e-09 -5.8362092789e-09
-4.0909090909e-01 5.6060606061e-01 0.0000000000e+00 5.1063616522e-09 -5.9214409129e-09
-3.7878787879e-01 5.6060606061e-01 0.0000000000e+00 5.2351173687e-09 -6.0097923191e-09
-3.4848484848e-01 5.6060606061e-01 0.0000000000e+00 5.3628615280e-09 -6.1002401919e-09
-3.1818181818e-01 5.6060606061e-01 0.0000000000e+00 5.4884134745e-09 -6.1916038758e-09
-2.8787878788e-01 5.6060606061e-01 0.0000000000e+00 5.6104397859e-09 -6.2825499485e-09
-2.5757575758e-01 5.6060606061e-01 0.0000000000e+00 5.7274674291e-09 -6.3716053768e-09
-2.2727272727e-01 5.6060606061e-01 0.0000000000e+00 5.8379068908e-09 -6.4571806475e-09
-1.9696969697e-01 5.6060606061e-01 0.0000000000e+00 5.9400862720e-09 -6.5376038616e-09
-1.6666666667e-01 5.6060606061e-01 0.0000000000e+00 6.0322967169e-09 -6.6111661633e-09
-1.3636363636e-01 5.6060606061e-01 0.0000000000e+00 6.1128487182e-09 -6.6761780452e-09
-1.0606060606e-01 5.6060606061e-01 0.0000000000e+00 6.1801377625e-09 -6.7310349940e-09
-7.5757575758e-02 5.6060606061e-01 0.0000000000e+00 6.2327164451e-09 -6.7742896049e-09
-4.5454545455e-02 5.6060606061e-01 0.0000000000e+00 6.2693686657e-09 -6.8047257778e-09
-1.5151515152e-02 5.6060606061e-01 0.0000000000e+00 6.2891800337e-09 -6.8214291220e-09
1.5151515152e-02 5.6060606061e-01 0.0000000000e+00 6.2915975540e-09 -6.8238466422e-09
4.5454545455e-02 5.6060606061e-01 0.0000000000e+00 6.2764715055e-09 -6.8118286177e-09
7.5757575758e-02 5.6060606061e-01 0.0000000000e+00 6.2440735418e-09 -6.7856467016e-09
1.0606060606e-01 5.6060606061e-01 0.0000000000e+00 6.1950874971e-09 -6.7459847285e-09
1.3636363636e-01 5.6060606061e-01 0.0000000000e+00 6.1305728255e-09 -6.6939021525e-09
1.6666666667e-01 5.6060606061e-01 0.0000000000e+00 6.0519042943e-09 -6.6307737407e-09
1.9696969697e-01 5.6060606061e-01 0.0000000000e+00 5.9606946428e-09 -6.5582122324e-09
2.2727272727e-01 5.6060606061e-01 0.0000000000e+00 5.8587087062e-09 -6.4779824628e-09
2.5757575758e-01 5.6060606061e-01 0.0000000000e+00 5.7477777063e-09 -6.3919156539e-09
2.8787878788e-01 5.6060606061e-01 0.0000000000e+00 5.6297211859e-09 -6.3018313484e-09
3.1818181818e-01 5.6060606061e-01 0.0000000000e+00 5.5062819044e-09 -6.2094723056e-09
3.4848484848e-01 5.6060606061e-01 0.0000000000e+00 5.3790765132e-09 -6.1164551770e-09
3.7878787879e-01 5.6060606061e-01 0.0000000000e+00 5.2495625162e-09 -6.0242374665e-09
4.0909090909e-01 5.6060606061e-01 0.0000000000e+00 5.1190202350e-09 -5.9340994956e-09
4.3939393939e-01 5.6060606061e-01 0.0000000000e+00 4.9885473745e-09 -5.8471389694e-09
4.6969696970e-01 5.6060606061e-01 0.0000000000e+00 4.8590632908e-09 -5.7642752438e-09
5.0000000000e-01 5.6060606061e-01 0.0000000000e+00 4.7313200620e-09 -5.6862603969e-09
5.3030303030e-01 5.6060606061e-01 0.0000000000e+00 4.6059177870e-09 -5.6136945278e-09
5.6060606061e-01 5.6060606061e-01 0.0000000000e+00 4.4833220161e-09 -5.5470431866e-09
5.9090909091e-01 5.6060606061e-01 0.0000000000e+00 4.3638817412e-09 -5.4866553653e-09
6.2121212121e-01 5.6060606061e-01 0.0000000000e+00 4.2478468537e-09 -5.4327809553e-09
6.5151515152e-01 5.6060606061e-01 0.0000000000e+00 4.1353843800e-09 -5.3855869829e-09
6.8181818182e-01 5.6060606061e-01 0.0000000000e+00 4.0265931135e-09 -5.3451722416e-09
7.1212121212e-01 5.6060606061e-01 0.0000000000e+00 3.9215164907e-09 -5.3115801678e-09
7.4242424242e-01 5.6060606061e-01 0.0000000000e+00 3.8201537054e-09 -5.2848099555e-09
7.7272727273e-01 5.6060606061e-01 0.0000000000e+00 3.7224691559e-09 -5.2648260028e-09
8.0303030303e-01 5.6060606061e-01 0.0000000000e+00 3.6284003687e-09 -5.2515658364e-09
8.3333333333e-01 5.6060606061e-01 0.0000000000e+00 3.5378645712e-09 -5.2449466834e-09
8.6363636364e-01 5.6060606061e-01 0.0000000000e+00 3.4507640861e-09 -5.2448708667e-09
8.9393939394e-01 5.6060606061e-01 0.0000000000e+00 3.3669907198e-09 -5.2512301928e-09
9.2424242424e-01 5.6060606061e-01 0.0000000000e+00 3.2864292967e-09 -5.2639094858e-09
9.5454545455e-01 5.6060606061e-01 0.0000000000e+00 3.2089604806e-09 -5.2827894099e-09
9.8484848485e-01 5.6060606061e-01 0.0000000000e+00 3.1344630045e-09 -5.3077486976e-09
1.0151515152e+00 5.6060606061e-01 0.0000000000e+00 3.0628154115e-09 -5.3386658924e-09
1.0454545455e+00 5.6060606061e-01 0.0000000000e+00 2.9938973984e-09 -5.3754206911e-09
1.0757575758e+00 5.6060606061e-01 0.0000000000e+00 2.9275908341e-09 -5.4178949622e-09
1.1060606061e+00 5.6060606061e-01 0.0000000000e+00 2.8637805159e-09 -5.4659735035e-09
1.1363636364e+00 5.6060606061e-01 0.0000000000e+00 2.8023547160e-09 -5.5195445869e-09
1.1666666667e+00 5.6060606061e-01 0.0000000000e+00 2.7432055596e-09 -5.5785003377e-09
1.1969696970e+00 5.6060606061e-01 0.0000000000e+00 2.6862292693e-09 -5.6427369785e-09
1.2272727273e+00 5.6060606061e-01 0.0000000000e+00 2.6313263053e-09 -5.7121549694e-09
1.2575757576e+00 5.6060606061e-01 0.0000000000e+00 2.5784014233e-09 -5.7866590661e-09
1.2878787879e+00 5.6060606061e-01 0.0000000000e+00 2.5273636695e-09 -5.8661583150e-09
1.3181818182e+00 5.6060606061e-01 0.0000000000e+00 2.4781263270e-09 -5.9505659991e-09
1.3484848485e+00 5.6060606061e-01 0.0000000000e+00 2.4306068270e-09 -6.0397995495e-09
1.3787878788e+00 5.6060606061e-01 0.0000000000e+00 2.3847266325e-09 -6.1337804292e-09
1.4090909091e+00 5.6060606061e-01 0.0000000000e+00 2.3404111041e-09 -6.2324339990e-09
1.4393939394e+00 5.6060606061e-01 0.0000000000e+00 2.2975893531e-09 -6.3356893700e-09
1.4696969697e+00 5.6060606061e-01 0.0000000000e+00 2.2561940860e-09 -6.4434792488e-09
1.5000000000e+00 5.6060606061e-01 0.0000000000e+00 2.2161614465e-09 -6.5557397791e-09
-1.5000000000e+00 5.9090909091e-01 0.0000000000e+00 2.2014462895e-09 -6.6000770757e-09
-1.4696969697e+00 5.9090909091e-01 0.0000000000e+00 2.2406658489e-09 -6.4870034653e-09
-1.4393939394e+00 5.9090909091e-01 0.0000000000e+00 2.2811889198e-09 -6.3783413903e-09
-1.4090909091e+00 5.9090909091e-01 0.0000000000e+00 2.3230740849e-09 -6.2741494334e-09
-1.3787878788e+00 5.9090909091e-01 0.0000000000e+00 2.3663828150e-09 -6.1744890653e-09
-1.3484848485e+00 5.9090909091e-01 0.0000000000e+00 2.4111795636e-09 -6.0794247396e-09
-1.3181818182e+00 5.9090909091e-01 0.0000000000e+00 2.4575318508e-09 -5.9890239765e-09
-1.2878787879e+00 5.9090909091e-01 0.0000000000e+00 2.5055103304e-09 -5.9033574295e-09
-1.2575757576e+00 5.9090909091e-01 0.0000000000e+00 2.5551888342e-09 -5.8224989306e-09
-1.2272727273e+00 5.9090909091e-01 0.0000000000e+00 2.6066443875e-09 -5.7465255051e-09
-1.1969696970e+00 5.9090909091e-01 0.0000000000e+00 2.6599571863e-09 -5.6755173490e-09
-1.1666666667e+00 5.9090909091e-01 0.0000000000e+00 2.7152105261e-09 -5.6095577578e-09
-1.1363636364e+00 5.9090909091e-01 0.0000000000e+00 2.7724906679e-09 -5.5487329924e-09
-1.1060606061e+00 5.9090909091e-01 0.0000000000e+00 2.8318866278e-09 -5.4931320690e-09
-1.0757575758e+00 5.9090909091e-01 0.0000000000e+00 2.8934898687e-09 -5.4428464505e-09
-1.0454545455e+00 5.9090909091e-01 0.0000000000e+00 2.9573938733e-09 -5.3979696195e-09
-1.0151515152e+00 5.9090909091e-01 0.0000000000e+00 3.0236935683e-09 -5.3585965028e-09
-9.8484848485e-01 5.9090909091e-01 0.0000000000e+00 3.0924845697e-09 -5.3248227164e-09
-9.5454545455e-01 5.9090909091e-01 0.0000000000e+00 3.1638622083e-09 -5.2967435911e-09
-9.2424242424e-01 5.9090909091e-01 0.0000000000e+00 3.2379202901e-09 -5.2744529328e-09
-8.9393939394e-01 5.9090909091e-01 0.0000000000e+00 3.3147495395e-09 -5.2580414661e-09
-8.6363636364e-01 5.9090909091e-01 0.0000000000e+00 3.3944356635e-09 -5.2475948977e-09
-8.3333333333e-01 5.9090909091e-01 0.0000000000e+00 3.4770569678e-09 -5.2431915336e-09
-8.0303030303e-01 5.9090909091e-01 0.0000000000e+00 3.5626814487e-09 -5.2448993699e-09
-7.7272727273e-01 5.9090909091e-01 0.0000000000e+00 3.6513632762e-09 -5.2527725767e-09
-7.4242424242e-01 5.9090909091e-01 0.0000000000e+00 3.7431385821e-09 -5.2668472858e-09
-7.1212121212e-01 5.9090909091e-01 0.0000000000e+00 3.8380204636e-09 -5.2871365943e-09
-6.8181818182e-01 5.9090909091e-01 0.0000000000e+00 3.9359931211e-09 -5.3136247028e-09
-6.5151515152e-01 5.9090909091e-01 0.0000000000e+00 4.0370050635e-09 -5.3462601199e-09
-6.2121212121e-01 5.9090909091e-01 0.0000000000e+00 4.1409613399e-09 -5.3849478950e-09
-5.9090909091e-01 5.9090909091e-01 0.0000000000e+00 4.2477148050e-09 -5.4295408827e-09
-5.6060606061e-01 5.9090909091e-01 0.0000000000e+00 4.3570564853e-09 -5.4798301094e-09
-5.3030303030e-01 5.9090909091e-01 0.0000000000e+00 4.4687052076e-09 -5.5355344020e-09
-5.0000000000e-01 5.9090909091e-01 0.0000000000e+00 4.5822967647e-09 -5.5962895532e-09
-4.6969696970e-01 5.9090909091e-01 0.0000000000e+00 4.6973730395e-09 -5.6616374461e-09
-4.3939393939e-01 5.9090909091e-01 0.0000000000e+00 4.8133716749e-09 -5.7310157234e-09
-4.0909090909e-01 5.9090909091e-01 0.0000000000e+00 4.9296170547e-09 -5.8037487689e-09
-3.7878787879e-01 5.9090909091e-01 0.0000000000e+00 5.0453135406e-09 -5.8790409446e-09
-3.4848484848e-01 5.9090909091e-01 0.0000000000e+00 5.1595420568e-09 -5.9559731742e-09
-3.1818181818e-01 5.9090909091e-01 0.0000000000e+00 5.2712612091e-09 -6.0335040639e-09
-2.8787878788e-01 5.9090909091e-01 0.0000000000e+00 5.3793141412e-09 -6.1104767573e-09
-2.5757575758e-01 5.9090909091e-01 0.0000000000e+00 5.4824422267e-09 -6.1856326279e-09
-2.2727272727e-01 5.9090909091e-01 0.0000000000e+00 5.5793064756e-09 -6.2576326859e-09
-1.9696969697e-01 5.9090909091e-01 0.0000000000e+00 5.6685171604e-09 -6.3250872036e-09
-1.6666666667e-01 5.9090909091e-01 0.0000000000e+00 5.7486716513e-09 -6.3865935513e-09
-1.3636363636e-01 5.9090909091e-01 0.0000000000e+00 5.8183997781e-09 -6.4407815587e-09
-1.0606060606e-01 5.9090909091e-01 0.0000000000e+00 5.8764152132e-09 -6.4863648982e-09
-7.5757575758e-02 5.9090909091e-01 0.0000000000e+00 5.9215704341e-09 -6.5221960475e-09
-4.5454545455e-02 5.9090909091e-01 0.0000000000e+00 5.9529118510e-09 -6.5473214167e-09
-1.5151515152e-02 5.9090909091e-01 0.0000000000e+00 5.9697308435e-09 -6.5610323853e-09
1.5151515152e-02 5.9090909091e-01 0.0000000000e+00 5.9716059721e-09 -6.5629075139e-09
4.5454545455e-02 5.9090909091e-01 0.0000000000e+00 5.9584317517e-09 -6.5528413174e-09
7.5757575758e-02 5.9090909091e-01 0.0000000000e+00 5.9304302721e-09 -6.5310558855e-09
1.0606060606e-01 5.9090909091e-01 0.0000000000e+00 5.8881436018e-09 -6.4980932868e-09
1.3636363636e-01 5.9090909091e-01 0.0000000000e+00 5.8324070978e-09 -6.4547888783e-09
1.6666666667e-01 5.9090909091e-01 0.0000000000e+00 5.7643060396e-09 -6.4022279395e-09
1.9696969697e-01 5.9090909091e-01 0.0000000000e+00 5.6851199432e-09 -6.3416899863e-09
2.2727272727e-01 5.9090909091e-01 0.0000000000e+00 5.5962600955e-09 -6.2745863058e-09
2.5757575758e-01 5.9090909091e-01 0.0000000000e+00 5.4992061043e-09 -6.2023965056e-09
2.8787878788e-01 5.9090909091e-01 0.0000000000e+00 5.3954466351e-09 -6.1266092512e-09
3.1818181818e-01 5.9090909091e-01 0.0000000000e+00 5.2864282589e-09 -6.0486711137e-09
3.4848484848e-01 5.9090909091e-01 0.0000000000e+00 5.1735147898e-09 -5.9699459073e-09
3.7878787879e-01 5.9090909091e-01 0.0000000000e+00 5.0579579715e-09 -5.8916853754e-09
4.0909090909e-01 5.9090909091e-01 0.0000000000e+00 4.9408791047e-09 -5.8150108190e-09
4.3939393939e-01 5.9090909091e-01 0.0000000000e+00 4.8232603250e-09 -5.7409043735e-09
4.6969696970e-01 5.9090909091e-01 0.0000000000e+00 4.7059437445e-09 -5.6702081510e-09
5.0000000000e-01 5.9090909091e-01 0.0000000000e+00 4.5896365177e-09 -5.6036293063e-09
5.3030303030e-01 5.9090909091e-01 0.0000000000e+00 4.4749199920e-09 -5.5417491864e-09
5.6060606061e-01 5.9090909091e-01 0.0000000000e+00 4.3622613428e-09 -5.4850349669e-09
5.9090909091e-01 5.9090909091e-01 0.0000000000e+00 4.2520264129e-09 -5.4338524906e-09
6.2121212121e-01 5.9090909091e-01 0.0000000000e+00 4.1444927949e-09 -5.3884793501e-09
6.5151515152e-01 5.9090909091e-01 0.0000000000e+00 4.0398624821e-09 -5.3491175386e-09
6.8181818182e-01 5.9090909091e-01 0.0000000000e+00 3.9382736607e-09 -5.3159052424e-09
7.1212121212e-01 5.9090909091e-01 0.0000000000e+00 3.8398113988e-09 -5.2889275295e-09
7.4242424242e-01 5.9090909091e-01 0.0000000000e+00 3.7445171286e-09 -5.2682258323e-09
7.7272727273e-01 5.9090909091e-01 0.0000000000e+00 3.6523969137e-09 -5.2538062142e-09
8.0303030303e-01 5.9090909091e-01 0.0000000000e+00 3.5634285528e-09 -5.2456464740e-09
8.3333333333e-01 5.9090909091e-01 0.0000000000e+00 3.4775676121e-09 -5.2437021779e-09
8.6363636364e-01 5.9090909091e-01 0.0000000000e+00 3.3947524929e-09 -5.2479117271e-09
8.9393939394e-01 5.9090909091e-01 0.0000000000e+00 3.3149086486e-09 -5.2582005752e-09
9.2424242424e-01 5.9090909091e-01 0.0000000000e+00 3.2379520648e-09 -5.2744847076e-09
9.5454545455e-01 5.9090909091e-01 0.0000000000e+00 3.1637921055e-09 -5.2966734883e-09
9.8484848485e-01 5.9090909091e-01 0.0000000000e+00 3.0923338229e-09 -5.3246719697e-09
1.0151515152e+00 5.9090909091e-01 0.0000000000e+00 3.0234798148e-09 -5.3583827494e-09
1.0454545455e+00 5.9090909091e-01 0.0000000000e+00 2.9571317047e-09 -5.3977074510e-09
1.0757575758e+00 5.9090909091e-01 0.0000000000e+00 2.8931913082e-09 -5.4425478900e-09
1.1060606061e+00 5.9090909091e-01 0.0000000000e+00 2.8315615407e-09 -5.4928069819e-09
1.1363636364e+00 5.9090909091e-01 0.0000000000e+00 2.7721471132e-09 -5.5483894377e-09
1.1666666667e+00 5.9090909091e-01 0.0000000000e+00 2.7148550547e-09 -5.6092022863e-09
1.1969696970e+00 5.9090909091e-01 0.0000000000e+00 2.6595950934e-09 -5.6751552561e-09
1.2272727273e+00 5.9090909091e-01 0.0000000000e+00 2.6062799254e-09 -5.7461610430e-09
1.2575757576e+00 5.9090909091e-01 0.0000000000e+00 2.5548253914e-09 -5.8221354878e-09
1.2878787879e+00 5.9090909091e-01 0.0000000000e+00 2.5051505812e-09 -5.9029976803e-09
1.3181818182e+00 5.9090909091e-01 0.0000000000e+00 2.4571778808e-09 -5.9886700065e-09
1.3484848485e+00 5.9090909091e-01 0.0000000000e+00 2.4108329742e-09 -6.0790781503e-09
1.3787878788e+00 5.9090909091e-01 0.0000000000e+00 2.3660448108e-09 -6.1741510611e-09
1.4090909091e+00 5.9090909091e-01 0.0000000000e+00 2.3227455460e-09 -6.2738208945e-09
1.4393939394e+00 5.9090909091e-01 0.0000000000e+00 2.2808704620e-09 -6.3780229325e-09
1.4696969697e+00 5.9090909091e-01 0.0000000000e+00 2.2403578739e-09 -6.4866954903e-09
1.5000000000e+00 5.9090909091e-01 0.0000000000e+00 2.2011490262e-09 -6.5997798124e-09
-1.5000000000e+00 6.2121212121e-01 0.0000000000e+00 2.1859369136e-09 -6.6467281772e-09
-1.4696969697e+00 6.2121212121e-01 0.0000000000e+00 2.2243164837e-09 -6.5328145776e-09
-1.4393939394e+00 6.2121212121e-01 0.0000000000e+00 2.2639405992e-09 -6.4232535471e-09
-1.4090909091e+00 6.2121212121e-01 0.0000000000e+00 2.3048628644e-09 -6.3180986903e-09
-1.3787878788e+00 6.2121212121e-01 0.0000000000e+00 2.3471392949e-09 -6.2174060227e-09
-1.3484848485e+00 6.2121212121e-01 0.0000000000e+00 2.3908283640e-09 -6.1212340175e-09
-1.3181818182e+00 6.2121212121e-01 0.0000000000e+00 2.4359910330e-09 -6.0296436361e-09
-1.2878787879e+00 6.2121212121e-01 0.0000000000e+00 2.4826907597e-09 -5.9426983363e-09
-1.2575757576e+00 6.2121212121e-01 0.0000000000e+00 2.5309934794e-09 -5.8604640533e-09
-1.2272727273e+00 6.2121212121e-01 0.0000000000e+00 2.5809675513e-09 -5.7830091464e-09
-1.1969696970e+00 6.2121212121e-01 0.0000000000e+00 2.6326836606e-09 -5.7104043008e-09
-1.1666666667e+00 6.2121212121e-01 0.0000000000e+00 2.6862146672e-09 -5.6427223763e-09
-1.1363636364e+00 6.2121212121e-01 0.0000000000e+00 2.7416353867e-09 -5.5800381887e-09
-1.1060606061e+00 6.2121212121e-01 0.0000000000e+00 2.7990222898e-09 -5.5224282085e-09
-1.0757575758e+00 6.2121212121e-01 0.0000000000e+00 2.8584531011e-09 -5.4699701603e-09
-1.0454545455e+00 6.2121212121e-01 0.0000000000e+00 2.9200062766e-09 -5.4227425003e-09
-1.0151515152e+00 6.2121212121e-01 0.0000000000e+00 2.9837603348e-09 -5.3808237468e-09
-9.8484848485e-01 6.2121212121e-01 0.0000000000e+00 3.0497930119e-09 -5.3442916361e-09
-9.5454545455e-01 6.2121212121e-01 0.0000000000e+00 3.1181802065e-09 -5.3132220668e-09
-9.2424242424e-01 6.2121212121e-01 0.0000000000e+00 3.1889946761e-09 -5.2876877963e-09
-8.9393939394e-01 6.2121212121e-01 0.0000000000e+00 3.2623044404e-09 -5.2677568444e-09
-8.6363636364e-01 6.2121212121e-01 0.0000000000e+00 3.3381708412e-09 -5.2534905529e-09
-8.3333333333e-01 6.2121212121e-01 0.0000000000e+00 3.4166462054e-09 -5.2449412486e-09
-8.0303030303e-01 6.2121212121e-01 0.0000000000e+00 3.4977710527e-09 -5.2421494514e-09
-7.7272727273e-01 6.2121212121e-01 0.0000000000e+00 3.5815707861e-09 -5.2451405640e-09
-7.4242424242e-01 6.2121212121e-01 0.0000000000e+00 3.6680518059e-09 -5.2539209870e-09
-7.1212121212e-01 6.2121212121e-01 0.0000000000e+00 3.7571969920e-09 -5.2684736002e-09
-6.8181818182e-01 6.2121212121e-01 0.0000000000e+00 3.8489605087e-09 -5.2887525678e-09
-6.5151515152e-01 6.2121212121e-01 0.0000000000e+00 3.9432619059e-09 -5.3146774399e-09
-6.2121212121e-01 6.2121212121e-01 0.0000000000e+00 4.0399795220e-09 -5.3461265546e-09
-5.9090909091e-01 6.2121212121e-01 0.0000000000e+00 4.1389432311e-09 -5.3829297862e-09
-5.6060606061e-01 6.2121212121e-01 0.0000000000e+00 4.2399266423e-09 -5.4248607438e-09
-5.3030303030e-01 6.2121212121e-01 0.0000000000e+00 4.3426389287e-09 -5.4716286005e-09
-5.0000000000e-01 6.2121212121e-01 0.0000000000e+00 4.4467165610e-09 -5.5228698270e-09
-4.6969696970e-01 6.2121212121e-01 0.0000000000e+00 4.5517153280e-09 -5.5781402120e-09
-4.3939393939e-01 6.2121212121e-01 0.0000000000e+00 4.6571031495e-09 -5.6369076754e-09
-4.0909090909e-01 6.2121212121e-01 0.0000000000e+00 4.7622543074e-09 -5.6985464992e-09
-3.7878787879e-01 6.2121212121e-01 0.0000000000e+00 4.8664458366e-09 -5.7623337180e-09
-3.4848484848e-01 6.2121212121e-01 0.0000000000e+00 4.9688568986e-09 -5.8274484935e-09
-3.1818181818e-01 6.2121212121e-01 0.0000000000e+00 5.0685720031e-09 -5.8929753354e-09
-2.8787878788e-01 6.2121212121e-01 0.0000000000e+00 5.1645889110e-09 -5.9579120045e-09
-2.5757575758e-01 6.2121212121e-01 0.0000000000e+00 5.2558319420e-09 -6.0211828208e-09
-2.2727272727e-01 6.2121212121e-01 0.0000000000e+00 5.3411712017e-09 -6.0816578895e-09
-1.9696969697e-01 6.2121212121e-01 0.0000000000e+00 5.4194479256e-09 -6.1381784462e-09
-1.6666666667e-01 6.2121212121e-01 0.0000000000e+00 5.4895057221e-09 -6.1895880995e-09
-1.3636363636e-01 6.2121212121e-01 0.0000000000e+00 5.5502269722e-09 -6.2347692302e-09
-1.0606060606e-01 6.2121212121e-01 0.0000000000e+00 5.6005730409e-09 -6.2726832035e-09
-7.5757575758e-02 6.2121212121e-01 0.0000000000e+00 5.6396263139e-09 -6.3024124048e-09
-4.5454545455e-02 6.2121212121e-01 0.0000000000e+00 5.6666314563e-09 -6.3232014995e-09
-1.5151515152e-02 6.2121212121e-01 0.0000000000e+00 5.6810328241e-09 -6.3344948434e-09
1.5151515152e-02 6.2121212121e-01 0.0000000000e+00 5.6825047645e-09 -6.3359667838e-09
4.5454545455e-02 6.2121212121e-01 0.0000000000e+00 5.6709717542e-09 -6.3275417974e-09
7.5757575758e-02 6.2121212121e-01 0.0000000000e+00 5.6466160088e-09 -6.3094020997e-09
1.0606060606e-01 6.2121212121e-01 0.0000000000e+00 5.6098713262e-09 -6.2819814888e-09
1.3636363636e-01 6.2121212121e-01 0.0000000000e+00 5.5614033439e-09 -6.2459456019e-09
1.6666666667e-01 6.2121212121e-01 0.0000000000e+00 5.5020778587e-09 -6.2021602361e-09
1.9696969697e-01 6.2121212121e-01 0.0000000000e+00 5.4329201048e-09 -6.1516506254e-09
2.2727272727e-01 6.2121212121e-01 0.0000000000e+00 5.3550686798e-09 -6.0955553675e-09
2.5757575758e-01 6.2121212121e-01 0.0000000000e+00 5.2697280460e-09 -6.0350789247e-09
2.8787878788e-01 6.2121212121e-01 0.0000000000e+00 5.1781232229e-09 -5.9714463164e-09
3.1818181818e-01 6.2121212121e-01 0.0000000000e+00 5.0814595527e-09 -5.9058628850e-09
3.4848484848e-01 6.2121212121e-01 0.0000000000e+00 4.9808894645e-09 -5.8394810594e-09
3.7878787879e-01 6.2121212121e-01 0.0000000000e+00 4.8774871562e-09 -5.7733750375e-09
4.0909090909e-01 6.2121212121e-01 0.0000000000e+00 4.7722312337e-09 -5.7085234254e-09
4.3939393939e-01 6.2121212121e-01 0.0000000000e+00 4.6659946690e-09 -5.6457991950e-09
4.6969696970e-01 6.2121212121e-01 0.0000000000e+00 4.5595410116e-09 -5.5859658956e-09
5.0000000000e-01 6.2121212121e-01 0.0000000000e+00 4.4535255808e-09 -5.5296788469e-09
5.3030303030e-01 6.2121212121e-01 0.0000000000e+00 4.3485003509e-09 -5.4774900228e-09
5.6060606061e-01 6.2121212121e-01 0.0000000000e+00 4.2449213402e-09 -5.4298554417e-09
5.9090909091e-01 6.2121212121e-01 0.0000000000e+00 4.1431574967e-09 -5.3871440519e-09
6.2121212121e-01 6.2121212121e-01 0.0000000000e+00 4.0435002751e-09 -5.3496473077e-09
6.5151515152e-01 6.2121212121e-01 0.0000000000e+00 3.9461732988e-09 -5.3175888328e-09
6.8181818182e-01 6.2121212121e-01 0.0000000000e+00 3.8513416843e-09 -5.2911337434e-09
7.1212121212e-01 6.2121212121e-01 0.0000000000e+00 3.7591207504e-09 -5.2703973586e-09
7.4242424242e-01 6.2121212121e-01 0.0000000000e+00 3.6695839543e-09 -5.2554531355e-09
7.7272727273e-01 6.2121212121e-01 0.0000000000e+00 3.5827699825e-09 -5.2463397605e-09
8.0303030303e-01 6.2121212121e-01 0.0000000000e+00 3.4986889860e-09 -5.2430673847e-09
8.3333333333e-01 6.2121212121e-01 0.0000000000e+00 3.4173279921e-09 -5.2456230354e-09
8.6363636364e-01 6.2121212121e-01 0.0000000000e+00 3.3386555479e-09 -5.2539752596e-09
8.9393939394e-01 6.2121212121e-01 0.0000000000e+00 3.2626256659e-09 -5.2680780699e-09
9.2424242424e-01 6.2121212121e-01 0.0000000000e+00 3.1891811474e-09 -5.2878742676e-09
9.5454545455e-01 6.2121212121e-01 0.0000000000e+00 3.1182563600e-09 -5.3132982202e-09
9.8484848485e-01 6.2121212121e-01 0.0000000000e+00 3.0497795393e-09 -5.3442781635e-09
1.0151515152e+00 6.2121212121e-01 0.0000000000e+00 2.9836746847e-09 -5.3807380967e-09
1.0454545455e+00 6.2121212121e-01 0.0000000000e+00 2.9198631057e-09 -5.4225993294e-09
1.0757575758e+00 6.2121212121e-01 0.0000000000e+00 2.8582646762e-09 -5.4697817354e-09
1.1060606061e+00 6.2121212121e-01 0.0000000000e+00 2.7987988401e-09 -5.5222047588e-09
1.1363636364e+00 6.2121212121e-01 0.0000000000e+00 2.7413854111e-09 -5.5797882130e-09
1.1666666667e+00 6.2121212121e-01 0.0000000000e+00 2.6859451999e-09 -5.6424529091e-09
1.1969696970e+00 6.2121212121e-01 0.0000000000e+00 2.6324005000e-09 -5.7101211402e-09
1.2272727273e+00 6.2121212121e-01 0.0000000000e+00 2.5806754553e-09 -5.7827170503e-09
1.2575757576e+00 6.2121212121e-01 0.0000000000e+00 2.5306963320e-09 -5.8601669058e-09
1.2878787879e+00 6.2121212121e-01 0.0000000000e+00 2.4823917127e-09 -5.9423992892e-09
1.3181818182e+00 6.2121212121e-01 0.0000000000e+00 2.4356926261e-09 -6.0293452292e-09
1.3484848485e+00 6.2121212121e-01 0.0000000000e+00 2.3905326263e-09 -6.1209382798e-09
1.3787878788e+00 6.2121212121e-01 0.0000000000e+00 2.3468478303e-09 -6.2171145581e-09
1.4090909091e+00 6.2121212121e-01 0.0000000000e+00 2.3045769239e-09 -6.3178127498e-09
1.4393939394e+00 6.2121212121e-01 0.0000000000e+00 2.2636611412e-09 -6.4229740891e-09
1.4696969697e+00 6.2121212121e-01 0.0000000000e+00 2.2240442252e-09 -6.5325423191e-09
1.5000000000e+00 6.2121212121e-01 0.0000000000e+00 2.1856723727e-09 -6.6464636363e-09
-1.5000000000e+00 6.5151515152e-01 0.0000000000e+00 2.1700021392e-09 -6.6960619042e-09
-1.4696969697e+00 6.5151515152e-01 0.0000000000e+00 2.2075317451e-09 -6.5812983403e-09
-1.4393939394e+00 6.5151515152e-01 0.0000000000e+00 2.2462474452e-09 -6.4708288945e-09
-1.4090909091e+00 6.5151515152e-01 0.0000000000e+00 2.2861980449e-09 -6.3647023722e-09
-1.3787878788e+00 6.5151515152e-01 0.0000000000e+00 2.3274343186e-09 -6.2629695477e-09
-1.3484848485e+00 6.5151515152e-01 0.0000000000e+00 2.3700090145e-09 -6.1656831694e-09
-1.3181818182e+00 6.5151515152e-01 0.0000000000e+00 2.4139768388e-09 -6.0728979432e-09
-1.2878787879e+00 6.5151515152e-01 0.0000000000e+00 2.4593944142e-09 -5.9846704921e-09
-1.2575757576e+00 6.5151515152e-01 0.0000000000e+00 2.5063202077e-09 -5.9010592829e-09
-1.2272727273e+00 6.5151515152e-01 0.0000000000e+00 2.5548144193e-09 -5.8221245157e-09
-1.1969696970e+00 6.5151515152e-01 0.0000000000e+00 2.6049388237e-09 -5.7479279652e-09
-1.1666666667e+00 6.5151515152e-01 0.0000000000e+00 2.6567565547e-09 -5.6785327652e-09
-1.1363636364e+00 6.5151515152e-01 0.0000000000e+00 2.7103318198e-09 -5.6140031231e-09
-1.1060606061e+00 6.5151515152e-01 0.0000000000e+00 2.7657295314e-09 -5.5544039514e-09
-1.0757575758e+00 6.5151515152e-01 0.0000000000e+00 2.8230148379e-09 -5.4998003985e-09
-1.0454545455e+00 6.5151515152e-01 0.0000000000e+00 2.8822525355e-09 -5.4502572605e-09
-1.0151515152e+00 6.5151515152e-01 0.0000000000e+00 2.9435063377e-09 -5.4058382511e-09
-9.8484848485e-01 6.5151515152e-01 0.0000000000e+00 3.0068379788e-09 -5.3666051043e-09
-9.5454545455e-01 6.5151515152e-01 0.0000000000e+00 3.0723061201e-09 -5.3326164816e-09
-9.2424242424e-01 6.5151515152e-01 0.0000000000e+00 3.1399650282e-09 -5.3039266498e-09
-8.9393939394e-01 6.5151515152e-01 0.0000000000e+00 3.2098629892e-09 -5.2805838946e-09
-8.6363636364e-01 6.5151515152e-01 0.0000000000e+00 3.2820404179e-09 -5.2626286310e-09
-8.3333333333e-01 6.5151515152e-01 0.0000000000e+00 3.3565276235e-09 -5.2500911681e-09
-8.0303030303e-01 6.5151515152e-01 0.0000000000e+00 3.4333421866e-09 -5.2429890866e-09
-7.7272727273e-01 6.5151515152e-01 0.0000000000e+00 3.5124859074e-09 -5.2413241868e-09
-7.4242424242e-01 6.5151515152e-01 0.0000000000e+00 3.5939412866e-09 -5.2450789691e-09
-7.1212121212e-01 6.5151515152e-01 0.0000000000e+00 3.6776675075e-09 -5.2542126171e-09
-6.8181818182e-01 6.5151515152e-01 0.0000000000e+00 3.7635959045e-09 -5.2686564649e-09
-6.5151515152e-01 6.5151515152e-01 0.0000000000e+00 3.8516249178e-09 -5.2883089531e-09
-6.2121212121e-01 6.5151515152e-01 0.0000000000e+00 3.9416145682e-09 -5.3130301022e-09
-5.9090909091e-01 6.5151515152e-01 0.0000000000e+00 4.0333805195e-09 -5.3426355759e-09
-5.6060606061e-01 6.5151515152e-01 0.0000000000e+00 4.1266878498e-09 -5.3768904527e-09
-5.3030303030e-01 6.5151515152e-01 0.0000000000e+00 4.2212447140e-09 -5.4155028872e-09
-5.0000000000e-01 6.5151515152e-01 0.0000000000e+00 4.3166961499e-09 -5.4581179173e-09
-4.6969696970e-01 6.5151515152e-01 0.0000000000e+00 4.4126183667e-09 -5.5043117521e-09
-4.3939393939e-01 6.5151515152e-01 0.0000000000e+00 4.5085139363e-09 -5.5535869635e-09
-4.0909090909e-01 6.5151515152e-01 0.0000000000e+00 4.6038083914e-09 -5.6053690844e-09
-3.7878787879e-01 6.5151515152e-01 0.0000000000e+00 4.6978488041e-09 -5.6590051868e-09
-3.4848484848e-01 6.5151515152e-01 0.0000000000e+00 4.7899049579e-09 -5.7137650541e-09
-3.1818181818e-01 6.5151515152e-01 0.0000000000e+00 4.8791737344e-09 -5.7688455680e-09
-2.8787878788e-01 6.5151515152e-01 0.0000000000e+00 4.9647872827e-09 -5.8233788776e-09
-2.5757575758e-01 6.5151515152e-01 0.0000000000e+00 5.0458254304e-09 -5.8764448104e-09
-2.2727272727e-01 6.5151515152e-01 0.0000000000e+00 5.1213326080e-09 -5.9270877971e-09
-1.9696969697e-01 6.5151515152e-01 0.0000000000e+00 5.1903393024e-09 -5.9743383243e-09
-1.6666666667e-01 6.5151515152e-01 0.0000000000e+00 5.2518877205e-09 -6.0172385993e-09
-1.3636363636e-01 6.5151515152e-01 0.0000000000e+00 5.3050609543e-09 -6.0548717136e-09
-1.0606060606e-01 6.5151515152e-01 0.0000000000e+00 5.3490145028e-09 -6.0863931666e-09
-7.5757575758e-02 6.5151515152e-01 0.0000000000e+00 5.3830085746e-09 -6.1110631668e-09
-4.5454545455e-02 6.5151515152e-01 0.0000000000e+00 5.4064392076e-09 -6.1282777521e-09
-1.5151515152e-02 6.5151515152e-01 0.0000000000e+00 5.4188659905e-09 -6.1375965111e-09
1.5151515152e-02 6.5151515152e-01 0.0000000000e+00 5.4200341149e-09 -6.1387646356e-09
4.5454545455e-02 6.5151515152e-01 0.0000000000e+00 5.4098887082e-09 -6.1317272527e-09
7.5757575758e-02 6.5151515152e-01 0.0000000000e+00 5.3885799084e-09 -6.1166345006e-09
1.0606060606e-01 6.5151515152e-01 0.0000000000e+00 5.3564579221e-09 -6.0938365859e-09
1.3636363636e-01 6.5151515152e-01 0.0000000000e+00 5.3140582471e-09 -6.0638690064e-09
1.6666666667e-01 6.5151515152e-01 0.0000000000e+00 5.2620782037e-09 -6.0274290824e-09
1.9696969697e-01 6.5151515152e-01 0.0000000000e+00 5.2013467375e-09 -5.9853457594e-09
2.2727272727e-01 6.5151515152e-01 0.0000000000e+00 5.1327900024e-09 -5.9385451915e-09
2.5757575758e-01 6.5151515152e-01 0.0000000000e+00 5.0573954271e-09 -5.8880148072e-09
2.8787878788e-01 6.5151515152e-01 0.0000000000e+00 4.9761768207e-09 -5.8347684156e-09
3.1818181818e-01 6.5151515152e-01 0.0000000000e+00 4.8901426386e-09 -5.7798144722e-09
3.4848484848e-01 6.5151515152e-01 0.0000000000e+00 4.8002689292e-09 -5.7241290254e-09
3.7878787879e-01 6.5151515152e-01 0.0000000000e+00 4.7074778177e-09 -5.6686342004e-09
4.0909090909e-01 6.5151515152e-01 0.0000000000e+00 4.6126217697e-09 -5.6141824628e-09
4.3939393939e-01 6.5151515152e-01 0.0000000000e+00 4.5164733770e-09 -5.5615464043e-09
4.6969696970e-01 6.5151515152e-01 0.0000000000e+00 4.4197200520e-09 -5.5114134373e-09
5.0000000000e-01 6.5151515152e-01 0.0000000000e+00 4.3229628180e-09 -5.4643845854e-09
5.3030303030e-01 6.5151515152e-01 0.0000000000e+00 4.2267183066e-09 -5.4209764798e-09
5.6060606061e-01 6.5151515152e-01 0.0000000000e+00 4.1314230983e-09 -5.3816257012e-09
5.9090909091e-01 6.5151515152e-01 0.0000000000e+00 4.0374396327e-09 -5.3466946891e-09
6.2121212121e-01 6.5151515152e-01 0.0000000000e+00 3.9450630372e-09 -5.3164785711e-09
6.5151515152e-01 6.5151515152e-01 0.0000000000e+00 3.8545283561e-09 -5.2912123914e-09
6.8181818182e-01 6.5151515152e-01 0.0000000000e+00 3.7660177907e-09 -5.2710783512e-09
7.1212121212e-01 6.5151515152e-01 0.0000000000e+00 3.6796676756e-09 -5.2562127851e-09
7.4242424242e-01 6.5151515152e-01 0.0000000000e+00 3.5955750090e-09 -5.2467126915e-09
7.7272727273e-01 6.5151515152e-01 0.0000000000e+00 3.5138034313e-09 -5.2426417106e-09
8.0303030303e-01 6.5151515152e-01 0.0000000000e+00 3.4343886002e-09 -5.2440355002e-09
8.3333333333e-01 6.5151515152e-01 0.0000000000e+00 3.3573429554e-09 -5.2509065000e-09
8.6363636364e-01 6.5151515152e-01 0.0000000000e+00 3.2826598883e-09 -5.2632481013e-09
8.9393939394e-01 6.5151515152e-01 0.0000000000e+00 3.2103173543e-09 -5.2810382597e-09
9.2424242424e-01 6.5151515152e-01 0.0000000000e+00 3.1402809737e-09 -5.3042425953e-09
9.5454545455e-01 6.5151515152e-01 0.0000000000e+00 3.0725066708e-09 -5.3328170324e-09
9.8484848485e-01 6.5151515152e-01 0.0000000000e+00 3.0069429044e-09 -5.3667100300e-09
1.0151515152e+00 6.5151515152e-01 0.0000000000e+00 2.9435325393e-09 -5.4058644526e-09
1.0454545455e+00 6.5151515152e-01 0.0000000000e+00 2.8822144051e-09 -5.4502191302e-09
1.0757575758e+00 6.5151515152e-01 0.0000000000e+00 2.8229245870e-09 -5.4997101476e-09
1.1060606061e+00 6.5151515152e-01 0.0000000000e+00 2.7655974856e-09 -5.5542719056e-09
1.1363636364e+00 6.5151515152e-01 0.0000000000e+00 2.7101666815e-09 -5.6138379848e-09
1.1666666667e+00 6.5151515152e-01 0.0000000000e+00 2.6565656342e-09 -5.6783418446e-09
1.1969696970e+00 6.5151515152e-01 0.0000000000e+00 2.6047282411e-09 -5.7477173826e-09
1.2272727273e+00 6.5151515152e-01 0.0000000000e+00 2.5545892805e-09 -5.8218993769e-09
1.2575757576e+00 6.5151515152e-01 0.0000000000e+00 2.5060847563e-09 -5.9008238315e-09
1.2878787879e+00 6.5151515152e-01 0.0000000000e+00 2.4591521624e-09 -5.9844282403e-09
1.3181818182e+00 6.5151515152e-01 0.0000000000e+00 2.4137306795e-09 -6.0726517839e-09
1.3484848485e+00 6.5151515152e-01 0.0000000000e+00 2.3697613179e-09 -6.1654354727e-09
1.3787878788e+00 6.5151515152e-01 0.0000000000e+00 2.3271870138e-09 -6.2627222429e-09
1.4090909091e+00 6.5151515152e-01 0.0000000000e+00 2.2859526902e-09 -6.3644570175e-09
1.4393939394e+00 6.5151515152e-01 0.0000000000e+00 2.2460052876e-09 -6.4705867369e-09
1.4696969697e+00 6.5151515152e-01 0.0000000000e+00 2.2072937704e-09 -6.5810603656e-09
1.5000000000e+00 6.5151515152e-01 0.0000000000e+00 2.1697691153e-09 -6.6958288803e-09
-1.5000000000e+00 6.8181818182e-01 0.0000000000e+00 2.1536791924e-09 -6.7481154826e-09
-1.4696969697e+00 6.8181818182e-01 0.0000000000e+00 2.1903517275e-09 -6.6324948479e-09
-1.4393939394e+00 6.8181818182e-01 0.0000000000e+00 2.2281526605e-09 -6.5211106350e-09
-1.4090909091e+00 6.8181818182e-01 0.0000000000e+00 2.2671261954e-09 -6.4140070478e-09
-1.3787878788e+00 6.8181818182e-01 0.0000000000e+00 2.3073180995e-09 -6.3112298538e-09
-1.3484848485e+00 6.8181818182e-01 0.0000000000e+00 2.3487756714e-09 -6.2128263514e-09
-1.3181818182e+00 6.8181818182e-01 0.0000000000e+00 2.3915476863e-09 -6.1188453159e-09
-1.2878787879e+00 6.8181818182e-01 0.0000000000e+00 2.4356843130e-09 -6.0293369161e-09
-1.2575757576e+00 6.8181818182e-01 0.0000000000e+00 2.4812369977e-09 -5.9443525982e-09
-1.2272727273e+00 6.8181818182e-01 0.0000000000e+00 2.5282583064e-09 -5.8639449280e-09
-1.1969696970e+00 6.8181818182e-01 0.0000000000e+00 2.5768017181e-09 -5.7881673848e-09
-1.1666666667e+00 6.8181818182e-01 0.0000000000e+00 2.6269213604e-09 -5.7170740961e-09
-1.1363636364e+00 6.8181818182e-01 0.0000000000e+00 2.6786716740e-09 -5.6507195025e-09
-1.1060606061e+00 6.8181818182e-01 0.0000000000e+00 2.7321069953e-09 -5.5891579405e-09
-1.0757575758e+00 6.8181818182e-01 0.0000000000e+00 2.7872810417e-09 -5.5324431275e-09
-1.0454545455e+00 6.8181818182e-01 0.0000000000e+00 2.8442462816e-09 -5.4806275319e-09
-1.0151515152e+00 6.8181818182e-01 0.0000000000e+00 2.9030531715e-09 -5.4337616100e-09
-9.8484848485e-01 6.8181818182e-01 0.0000000000e+00 2.9637492369e-09 -5.3918928876e-09
-9.5454545455e-01 6.8181818182e-01 0.0000000000e+00 3.0263779749e-09 -5.3550648617e-09
-9.2424242424e-01 6.8181818182e-01 0.0000000000e+00 3.0909775499e-09 -5.3233156966e-09
-8.9393939394e-01 6.8181818182e-01 0.0000000000e+00 3.1575792559e-09 -5.2966766865e-09
-8.6363636364e-01 6.8181818182e-01 0.0000000000e+00 3.2262057151e-09 -5.2751704533e-09
-8.3333333333e-01 6.8181818182e-01 0.0000000000e+00 3.2968687821e-09 -5.2588088519e-09
-8.0303030303e-01 6.8181818182e-01 0.0000000000e+00 3.3695671255e-09 -5.2475905507e-09
-7.7272727273e-01 6.8181818182e-01 0.0000000000e+00 3.4442834591e-09 -5.2414982637e-09
-7.4242424242e-01 6.8181818182e-01 0.0000000000e+00 3.5209814037e-09 -5.2404956114e-09
-7.1212121212e-01 6.8181818182e-01 0.0000000000e+00 3.5996019656e-09 -5.2445236004e-09
-6.8181818182e-01 6.8181818182e-01 0.0000000000e+00 3.6800596371e-09 -5.2534967228e-09
-6.5151515152e-01 6.8181818182e-01 0.0000000000e+00 3.7622381376e-09 -5.2672986981e-09
-6.2121212121e-01 6.8181818182e-01 0.0000000000e+00 3.8459858454e-09 -5.2857779045e-09
-5.9090909091e-01 6.8181818182e-01 0.0000000000e+00 3.9311110007e-09 -5.3087425824e-09
-5.6060606061e-01 6.8181818182e-01 0.0000000000e+00 4.0173768031e-09 -5.3359559312e-09
-5.3030303030e-01 6.8181818182e-01 0.0000000000e+00 4.1044965754e-09 -5.3671312738e-09
-5.0000000000e-01 6.8181818182e-01 0.0000000000e+00 4.1921292215e-09 -5.4019275141e-09
-4.6969696970e-01 6.8181818182e-01 0.0000000000e+00 4.2798752660e-09 -5.4399451766e-09
-4.3939393939e-01 6.8181818182e-01 0.0000000000e+00 4.3672738205e-09 -5.4807233730e-09
-4.0909090909e-01 6.8181818182e-01 0.0000000000e+00 4.4538008763e-09 -5.5237380946e-09
-3.7878787879e-01 6.8181818182e-01 0.0000000000e+00 4.5388693604e-09 -5.5684022684e-09
-3.4848484848e-01 6.8181818182e-01 0.0000000000e+00 4.6218314073e-09 -5.6140680287e-09
-3.1818181818e-01 6.8181818182e-01 0.0000000000e+00 4.7019832845e-09 -5.6600316434e-09
-2.8787878788e-01 6.8181818182e-01 0.0000000000e+00 4.7785733519e-09 -5.7055414720e-09
-2.5757575758e-01 6.8181818182e-01 0.0000000000e+00 4.8508133284e-09 -5.7498092336e-09
-2.2727272727e-01 6.8181818182e-01 0.0000000000e+00 4.9178929871e-09 -5.7920247014e-09
-1.9696969697e-01 6.8181818182e-01 0.0000000000e+00 4.9789981859e-09 -5.8313737330e-09
-1.6666666667e-01 6.8181818182e-01 0.0000000000e+00 5.0333318887e-09 -5.8670592927e-09
-1.3636363636e-01 6.8181818182e-01 0.0000000000e+00 5.0801375403e-09 -5.8983248249e-09
-1.0606060606e-01 6.8181818182e-01 0.0000000000e+00 5.1187238491e-09 -5.9244790382e-09
-7.5757575758e-02 6.8181818182e-01 0.0000000000e+00 5.1484897454e-09 -5.9449208628e-09
-4.5454545455e-02 6.8181818182e-01 0.0000000000e+00 5.1689480400e-09 -5.9591631097e-09
-1.5151515152e-02 6.8181818182e-01 0.0000000000e+00 5.1797461800e-09 -5.9668532258e-09
1.5151515152e-02 6.8181818182e-01 0.0000000000e+00 5.1806825048e-09 -5.9677895507e-09
4.5454545455e-02 6.8181818182e-01 0.0000000000e+00 5.1717166045e-09 -5.9619316742e-09
7.5757575758e-02 6.8181818182e-01 0.0000000000e+00 5.1529727614e-09 -5.9494038789e-09
1.0606060606e-01 6.8181818182e-01 0.0000000000e+00 5.1247360002e-09 -5.9304911892e-09
1.3636363636e-01 6.8181818182e-01 0.0000000000e+00 5.0874409073e-09 -5.9056281919e-09
1.6666666667e-01 6.8181818182e-01 0.0000000000e+00 5.0416540258e-09 -5.8753814297e-09
1.9696969697e-01 6.8181818182e-01 0.0000000000e+00 4.9880511805e-09 -5.8404267277e-09
2.2727272727e-01 6.8181818182e-01 0.0000000000e+00 4.9273914687e-09 -5.8015231829e-09
2.5757575758e-01 6.8181818182e-01 0.0000000000e+00 4.8604898057e-09 -5.7594857110e-09
2.8787878788e-01 6.8181818182e-01 0.0000000000e+00 4.7881898522e-09 -5.7151579723e-09
3.1818181818e-01 6.8181818182e-01 0.0000000000e+00 4.7113388891e-09 -5.6693872479e-09
3.4848484848e-01 6.8181818182e-01 0.0000000000e+00 4.6307658282e-09 -5.6230024497e-09
3.7878787879e-01 6.8181818182e-01 0.0000000000e+00 4.5472631031e-09 -5.5767960110e-09
4.0909090909e-01 6.8181818182e-01 0.0000000000e+00 4.4615727604e-09 -5.5315099787e-09
4.3939393939e-01 6.8181818182e-01 0.0000000000e+00 4.3743767040e-09 -5.4878262565e-09
4.6969696970e-01 6.8181818182e-01 0.0000000000e+00 4.2862907622e-09 -5.4463606727e-09
5.0000000000e-01 6.8181818182e-01 0.0000000000e+00 4.1978620716e-09 -5.4076603641e-09
5.3030303030e-01 6.8181818182e-01 0.0000000000e+00 4.1095691764e-09 -5.3722038748e-09
5.6060606061e-01 6.8181818182e-01 0.0000000000e+00 4.0218242242e-09 -5.3404033523e-09
5.9090909091e-01 6.8181818182e-01 0.0000000000e+00 3.9349766780e-09 -5.3126082597e-09
6.2121212121e-01 6.8181818182e-01 0.0000000000e+00 3.8493180290e-09 -5.2891100881e-09
6.5151515152e-01 6.8181818182e-01 0.0000000000e+00 3.7650870830e-09 -5.2701476435e-09
6.8181818182e-01 6.8181818182e-01 0.0000000000e+00 3.6824754805e-09 -5.2559125662e-09
7.1212121212e-01 6.8181818182e-01 0.0000000000e+00 3.6016331933e-09 -5.2465548280e-09
7.4242424242e-01 6.8181818182e-01 0.0000000000e+00 3.5226738157e-09 -5.2421880234e-09
7.7272727273e-01 6.8181818182e-01 0.0000000000e+00 3.4456795284e-09 -5.2428943329e-09
8.0303030303e-01 6.8181818182e-01 0.0000000000e+00 3.3707056610e-09 -5.2487290862e-09
8.3333333333e-01 6.8181818182e-01 0.0000000000e+00 3.2977848191e-09 -5.2597248889e-09
8.6363636364e-01 6.8181818182e-01 0.0000000000e+00 3.2269305666e-09 -5.2758953048e-09
8.9393939394e-01 6.8181818182e-01 0.0000000000e+00 3.1581406733e-09 -5.2972381039e-09
9.2424242424e-01 6.8181818182e-01 0.0000000000e+00 3.0913999532e-09 -5.3237381000e-09
9.5454545455e-01 6.8181818182e-01 0.0000000000e+00 3.0266827213e-09 -5.3553696081e-09
9.8484848485e-01 6.8181818182e-01 0.0000000000e+00 2.9639549056e-09 -5.3920985564e-09
1.0151515152e+00 6.8181818182e-01 0.0000000000e+00 2.9031758503e-09 -5.4338842888e-09
1.0454545455e+00 6.8181818182e-01 0.0000000000e+00 2.8442998433e-09 -5.4806810935e-09
1.0757575758e+00 6.8181818182e-01 0.0000000000e+00 2.7872774042e-09 -5.5324394899e-09
1.1060606061e+00 6.8181818182e-01 0.0000000000e+00 2.7320563624e-09 -5.5891073076e-09
1.1363636364e+00 6.8181818182e-01 0.0000000000e+00 2.6785827539e-09 -5.6506305824e-09
1.1666666667e+00 6.8181818182e-01 0.0000000000e+00 2.6268015622e-09 -5.7169542979e-09
1.1969696970e+00 6.8181818182e-01 0.0000000000e+00 2.5766573268e-09 -5.7880229935e-09
1.2272727273e+00 6.8181818182e-01 0.0000000000e+00 2.5280946373e-09 -5.8637812589e-09
1.2575757576e+00 6.8181818182e-01 0.0000000000e+00 2.4810585324e-09 -5.9441741328e-09
1.2878787879e+00 6.8181818182e-01 0.0000000000e+00 2.4354948175e-09 -6.0291474206e-09
1.3181818182e+00 6.8181818182e-01 0.0000000000e+00 2.3913503144e-09 -6.1186479441e-09
1.3484848485e+00 6.8181818182e-01 0.0000000000e+00 2.3485730541e-09 -6.2126237341e-09
1.3787878788e+00 6.8181818182e-01 0.0000000000e+00 2.3071124217e-09 -6.3110241760e-09
1.4090909091e+00 6.8181818182e-01 0.0000000000e+00 2.2669192628e-09 -6.4138001153e-09
1.4393939394e+00 6.8181818182e-01 0.0000000000e+00 2.2279459566e-09 -6.5209039311e-09
1.4696969697e+00 6.8181818182e-01 0.0000000000e+00 2.1901464624e-09 -6.6322895828e-09
1.5000000000e+00 6.8181818182e-01 0.0000000000e+00 2.1534763451e-09 -6.7479126353e-09
-1.5000000000e+00 7.1212121212e-01 0.0000000000e+00 2.1370045669e-09 -6.8029254061e-09
-1.4696969697e+00 7.1212121212e-01 0.0000000000e+00 2.1728156378e-09 -6.6864433073e-09
-1.4393939394e+00 7.1212121212e-01 0.0000000000e+00 2.2096983781e-09 -6.5741409017e-09
-1.4090909091e+00 7.1212121212e-01 0.0000000000e+00 2.2476926035e-09 -6.4660580051e-09
-1.3787878788e+00 7.1212121212e-01 0.0000000000e+00 2.2868393230e-09 -6.3622356264e-09
-1.3484848485e+00 7.1212121212e-01 0.0000000000e+00 2.3271806757e-09 -6.2627159048e-09
-1.3181818182e+00 7.1212121212e-01 0.0000000000e+00 2.3687598444e-09 -6.1675420231e-09
-1.2878787879e+00 7.1212121212e-01 0.0000000000e+00 2.4116209382e-09 -6.0767580903e-09
-1.2575757576e+00 7.1212121212e-01 0.0000000000e+00 2.4558088412e-09 -5.9904089907e-09
-1.2272727273e+00 7.1212121212e-01 0.0000000000e+00 2.5013690186e-09 -5.9085401893e-09
-1.1969696970e+00 7.1212121212e-01 0.0000000000e+00 2.5483472732e-09 -5.8311974890e-09
-1.1666666667e+00 7.1212121212e-01 0.0000000000e+00 2.5967894444e-09 -5.7584267292e-09
-1.1363636364e+00 7.1212121212e-01 0.0000000000e+00 2.6467410383e-09 -5.6902734159e-09
-1.1060606061e+00 7.1212121212e-01 0.0000000000e+00 2.6982467779e-09 -5.6267822722e-09
-1.0757575758e+00 7.1212121212e-01 0.0000000000e+00 2.7513500608e-09 -5.5679966956e-09
-1.0454545455e+00 7.1212121212e-01 0.0000000000e+00 2.8060923089e-09 -5.5139581082e-09
-1.0151515152e+00 7.1212121212e-01 0.0000000000e+00 2.8625121950e-09 -5.4647051827e-09
-9.8484848485e-01 7.1212121212e-01 0.0000000000e+00 2.9206447268e-09 -5.4202729266e-09
-9.5454545455e-01 7.1212121212e-01 0.0000000000e+00 2.9805201699e-09 -5.3806916058e-09
-9.2424242424e-01 7.1212121212e-01 0.0000000000e+00 3.0421627899e-09 -5.3459854857e-09
-8.9393939394e-01 7.1212121212e-01 0.0000000000e+00 3.1055893894e-09 -5.3161713690e-09
-8.6363636364e-01 7.1212121212e-01 0.0000000000e+00 3.1708076213e-09 -5.2912569086e-09
-8.3333333333e-01 7.1212121212e-01 0.0000000000e+00 3.2378140559e-09 -5.2712386747e-09
-8.0303030303e-01 7.1212121212e-01 0.0000000000e+00 3.3065919831e-09 -5.2560999574e-09
-7.7272727273e-01 7.1212121212e-01 0.0000000000e+00 3.3771089370e-09 -5.2458082906e-09
-7.4242424242e-01 7.1212121212e-01 0.0000000000e+00 3.4493139326e-09 -5.2403126893e-09
-7.1212121212e-01 7.1212121212e-01 0.0000000000e+00 3.5231344196e-09 -5.2395406034e-09
-6.8181818182e-01 7.1212121212e-01 0.0000000000e+00 3.5984729662e-09 -5.2433946009e-09
-6.5151515152e-01 7.1212121212e-01 0.0000000000e+00 3.6752037076e-09 -5.2517488171e-09
-6.2121212121e-01 7.1212121212e-01 0.0000000000e+00 3.7531686154e-09 -5.2644452236e-09
-5.9090909091e-01 7.1212121212e-01 0.0000000000e+00 3.8321736726e-09 -5.2812898033e-09
-5.6060606061e-01 7.1212121212e-01 0.0000000000e+00 3.9119850716e-09 -5.3020487488e-09
-5.3030303030e-01 7.1212121212e-01 0.0000000000e+00 3.9923255935e-09 -5.3264448410e-09
-5.0000000000e-01 7.1212121212e-01 0.0000000000e+00 4.0728713638e-09 -5.3541542054e-09
-4.6969696970e-01 7.1212121212e-01 0.0000000000e+00 4.1532492272e-09 -5.3848036869e-09
-4.3939393939e-01 7.1212121212e-01 0.0000000000e+00 4.2330350192e-09 -5.4179691208e-09
-4.0909090909e-01 7.1212121212e-01 0.0000000000e+00 4.3117530459e-09 -5.4531748133e-09
-3.7878787879e-01 7.1212121212e-01 0.0000000000e+00 4.3888771029e-09 -5.4898945599e-09
-3.4848484848e-01 7.1212121212e-01 0.0000000000e+00 4.4638333620e-09 -5.5275545325e-09
-3.1818181818e-01 7.1212121212e-01 0.0000000000e+00 4.5360054291e-09 -5.5655383370e-09
-2.8787878788e-01 7.1212121212e-01 0.0000000000e+00 4.6047418195e-09 -5.6031944887e-09
-2.5757575758e-01 7.1212121212e-01 0.0000000000e+00 4.6693660023e-09 -5.6398464566e-09
-2.2727272727e-01 7.1212121212e-01 0.0000000000e+00 4.7291890377e-09 -5.6748053011e-09
-1.9696969697e-01 7.1212121212e-01 0.0000000000e+00 4.7835246637e-09 -5.7073847599e-09
-1.6666666667e-01 7.1212121212e-01 0.0000000000e+00 4.8317064953e-09 -5.7369184483e-09
-1.3636363636e-01 7.1212121212e-01 0.0000000000e+00 4.8731067867e-09 -5.7627786203e-09
-1.0606060606e-01 7.1212121212e-01 0.0000000000e+00 4.9071559895e-09 -5.7843957276e-09
-7.5757575758e-02 7.1212121212e-01 0.0000000000e+00 4.9333621489e-09 -5.8012778154e-09
-4.5454545455e-02 7.1212121212e-01 0.0000000000e+00 4.9513290341e-09 -5.8130286528e-09
-1.5151515152e-02 7.1212121212e-01 0.0000000000e+00 4.9607718319e-09 -5.8193634268e-09
1.5151515152e-02 7.1212121212e-01 0.0000000000e+00 4.9615292745e-09 -5.8201208694e-09
4.5454545455e-02 7.1212121212e-01 0.0000000000e+00 4.9535712305e-09 -5.8152708492e-09
7.5757575758e-02 7.1212121212e-01 0.0000000000e+00 4.9370010761e-09 -5.8049167426e-09
1.0606060606e-01 7.1212121212e-01 0.0000000000e+00 4.9120525407e-09 -5.7892922789e-09
1.3636363636e-01 7.1212121212e-01 0.0000000000e+00 4.8790811638e-09 -5.7687529975e-09
1.6666666667e-01 7.1212121212e-01 0.0000000000e+00 4.8385509373e-09 -5.7437628903e-09
1.9696969697e-01 7.1212121212e-01 0.0000000000e+00 4.7910170846e-09 -5.7148771808e-09
2.2727272727e-01 7.1212121212e-01 0.0000000000e+00 4.7371061946e-09 -5.6827224579e-09
2.5757575758e-01 7.1212121212e-01 0.0000000000e+00 4.6774950509e-09 -5.6479755052e-09
2.8787878788e-01 7.1212121212e-01 0.0000000000e+00 4.6128894746e-09 -5.6113421438e-09
3.1818181818e-01 7.1212121212e-01 0.0000000000e+00 4.5440043451e-09 -5.5735372530e-09
3.4848484848e-01 7.1212121212e-01 0.0000000000e+00 4.4715457193e-09 -5.5352668898e-09
3.7878787879e-01 7.1212121212e-01 0.0000000000e+00 4.3961956762e-09 -5.4972131332e-09
4.0909090909e-01 7.1212121212e-01 0.0000000000e+00 4.3186002176e-09 -5.4600219850e-09
4.3939393939e-01 7.1212121212e-01 0.0000000000e+00 4.2393602861e-09 -5.4242943877e-09
4.6969696970e-01 7.1212121212e-01 0.0000000000e+00 4.1590257471e-09 -5.3905802068e-09
5.0000000000e-01 7.1212121212e-01 0.0000000000e+00 4.0780920282e-09 -5.3593748699e-09
5.3030303030e-01 7.1212121212e-01 0.0000000000e+00 3.9969990179e-09 -5.3311182654e-09
5.6060606061e-01 7.1212121212e-01 0.0000000000e+00 3.9161317879e-09 -5.3061954651e-09
5.9090909091e-01 7.1212121212e-01 0.0000000000e+00 3.8358227087e-09 -5.2849388395e-09
6.2121212121e-01 7.1212121212e-01 0.0000000000e+00 3.7563545609e-09 -5.2676311691e-09
6.5151515152e-01 7.1212121212e-01 0.0000000000e+00 3.6779642964e-09 -5.2545094060e-09
6.8181818182e-01 7.1212121212e-01 0.0000000000e+00 3.6008471635e-09 -5.2457687983e-09
7.1212121212e-01 7.1212121212e-01 0.0000000000e+00 3.5251609670e-09 -5.2415671508e-09
7.4242424242e-01 7.1212121212e-01 0.0000000000e+00 3.4510302916e-09 -5.2420290484e-09
7.7272727273e-01 7.1212121212e-01 0.0000000000e+00 3.3785505658e-09 -5.2472499194e-09
8.0303030303e-01 7.1212121212e-01 0.0000000000e+00 3.3077918807e-09 -5.2572998550e-09
8.3333333333e-01 7.1212121212e-01 0.0000000000e+00 3.2388025147e-09 -5.2722271336e-09
8.6363636364e-01 7.1212121212e-01 0.0000000000e+00 3.1716121381e-09 -5.2920614255e-09
8.9393939394e-01 7.1212121212e-01 0.0000000000e+00 3.1062346892e-09 -5.3168166688e-09
9.2424242424e-01 7.1212121212e-01 0.0000000000e+00 3.0426709296e-09 -5.3464936254e-09
9.5454545455e-01 7.1212121212e-01 0.0000000000e+00 2.9809106931e-09 -5.3810821290e-09
9.8484848485e-01 7.1212121212e-01 0.0000000000e+00 2.9209348496e-09 -5.4205630494e-09
1.0151515152e+00 7.1212121212e-01 0.0000000000e+00 2.8627170065e-09 -5.4649099941e-09
1.0454545455e+00 7.1212121212e-01 0.0000000000e+00 2.8062249748e-09 -5.5140907741e-09
1.0757575758e+00 7.1212121212e-01 0.0000000000e+00 2.7514220235e-09 -5.5680686583e-09
1.1060606061e+00 7.1212121212e-01 0.0000000000e+00 2.6982679465e-09 -5.6268034408e-09
1.1363636364e+00 7.1212121212e-01 0.0000000000e+00 2.6467199663e-09 -5.6902523439e-09
1.1666666667e+00 7.1212121212e-01 0.0000000000e+00 2.5967334926e-09 -5.7583707773e-09
1.1969696970e+00 7.1212121212e-01 0.0000000000e+00 2.5482627580e-09 -5.8311129738e-09
1.2272727273e+00 7.1212121212e-01 0.0000000000e+00 2.5012613453e-09 -5.9084325160e-09
1.2575757576e+00 7.1212121212e-01 0.0000000000e+00 2.4556826227e-09 -5.9902827722e-09
1.2878787879e+00 7.1212121212e-01 0.0000000000e+00 2.4114801002e-09 -6.0766172524e-09
1.3181818182e+00 7.1212121212e-01 0.0000000000e+00 2.3686077184e-09 -6.1673898971e-09
1.3484848485e+00 7.1212121212e-01 0.0000000000e+00 2.3270200804e-09 -6.2625553095e-09
1.3787878788e+00 7.1212121212e-01 0.0000000000e+00 2.2866726350e-09 -6.3620689384e-09
1.4090909091e+00 7.1212121212e-01 0.0000000000e+00 2.2475218201e-09 -6.4658872217e-09
1.4393939394e+00 7.1212121212e-01 0.0000000000e+00 2.2095251705e-09 -6.5739676941e-09
1.4696969697e+00 7.1212121212e-01 0.0000000000e+00 2.1726413982e-09 -6.6862690676e-09
1.5000000000e+00 7.1212121212e-01 0.0000000000e+00 2.1368304486e-09 -6.8027512878e-09
-1.5000000000e+00 7.4242424242e-01 0.0000000000e+00 2.1200138792e-09 -6.8605272914e-09
-1.4696969697e+00 7.4242424242e-01 0.0000000000e+00 2.1549616405e-09 -6.7431818829e-09
-1.4393939394e+00 7.4242424242e-01 0.0000000000e+00 2.1909254982e-09 -6.6299605948e-09
-1.4090909091e+00 7.4242424242e-01 0.0000000000e+00 2.2279411038e-09 -6.5208990783e-09
-1.3787878788e+00 7.4242424242e-01 0.0000000000e+00 2.2660449668e-09 -6.4160338431e-09
-1.3484848485e+00 7.4242424242e-01 0.0000000000e+00 2.3052743672e-09 -6.3154021692e-09
-1.3181818182e+00 7.4242424242e-01 0.0000000000e+00 2.3456672420e-09 -6.2190419936e-09
-1.2878787879e+00 7.4242424242e-01 0.0000000000e+00 2.3872620417e-09 -6.1269917668e-09
-1.2575757576e+00 7.4242424242e-01 0.0000000000e+00 2.4300975509e-09 -6.0392902733e-09
-1.2272727273e+00 7.4242424242e-01 0.0000000000e+00 2.4742126672e-09 -5.9559764109e-09
-1.1969696970e+00 7.4242424242e-01 0.0000000000e+00 2.5196461317e-09 -5.8770889204e-09
-1.1666666667e+00 7.4242424242e-01 0.0000000000e+00 2.5664362022e-09 -5.8026660599e-09
-1.1363636364e+00 7.4242424242e-01 0.0000000000e+00 2.6146202618e-09 -5.7327452123e-09
-1.1060606061e+00 7.4242424242e-01 0.0000000000e+00 2.6642343509e-09 -5.6673624181e-09
-1.0757575758e+00 7.4242424242e-01 0.0000000000e+00 2.7153126127e-09 -5.6065518205e-09
-1.0454545455e+00 7.4242424242e-01 0.0000000000e+00 2.7678866399e-09 -5.5503450121e-09
-1.0151515152e+00 7.4242424242e-01 0.0000000000e+00 2.8219847077e-09 -5.4987702683e-09
-9.8484848485e-01 7.4242424242e-01 0.0000000000e+00 2.8776308809e-09 -5.4518516537e-09
-9.5454545455e-01 7.4242424242e-01 0.0000000000e+00 2.9348439771e-09 -5.4096079859e-09
-9.2424242424e-01 7.4242424242e-01 0.0000000000e+00 2.9936363731e-09 -5.3720516419e-09
-8.9393939394e-01 7.4242424242e-01 0.0000000000e+00 3.0540126365e-09 -5.3391871891e-09
-8.6363636364e-01 7.4242424242e-01 0.0000000000e+00 3.1159679687e-09 -5.3110098289e-09
-8.3333333333e-01 7.4242424242e-01 0.0000000000e+00 3.1794864464e-09 -5.2875036382e-09
-8.0303030303e-01 7.4242424242e-01 0.0000000000e+00 3.2445390509e-09 -5.2686395981e-09
-7.7272727273e-01 7.4242424242e-01 0.0000000000e+00 3.3110814804e-09 -5.2543734069e-09
-7.4242424242e-01 7.4242424242e-01 0.0000000000e+00 3.3790517468e-09 -5.2446430766e-09
-7.1212121212e-01 7.4242424242e-01 0.0000000000e+00 3.4483675689e-09 -5.2393663257e-09
-6.8181818182e-01 7.4242424242e-01 0.0000000000e+00 3.5189235844e-09 -5.2384377921e-09
-6.5151515152e-01 7.4242424242e-01 0.0000000000e+00 3.5905884221e-09 -5.2417261046e-09
-6.2121212121e-01 7.4242424242e-01 0.0000000000e+00 3.6632016919e-09 -5.2490708730e-09
-5.9090909091e-01 7.4242424242e-01 0.0000000000e+00 3.7365709761e-09 -5.2602796798e-09
-5.6060606061e-01 7.4242424242e-01 0.0000000000e+00 3.8104689308e-09 -5.2751251809e-09
-5.3030303030e-01 7.4242424242e-01 0.0000000000e+00 3.8846306342e-09 -5.2933424546e-09
-5.0000000000e-01 7.4242424242e-01 0.0000000000e+00 3.9587513524e-09 -5.3146267669e-09
-4.6969696970e-01 7.4242424242e-01 0.0000000000e+00 4.0324849176e-09 -5.3386319502e-09
-4.3939393939e-01 7.4242424242e-01 0.0000000000e+00 4.1054429426e-09 -5.3649696171e-09
-4.0909090909e-01 7.4242424242e-01 0.0000000000e+00 4.1771951112e-09 -5.3932094515e-09
-3.7878787879e-01 7.4242424242e-01 0.0000000000e+00 4.2472707912e-09 -5.4228808212e-09
-3.4848484848e-01 7.4242424242e-01 0.0000000000e+00 4.3151622061e-09 -5.4534759495e-09
-3.1818181818e-01 7.4242424242e-01 0.0000000000e+00 4.3803293709e-09 -5.4844548517e-09
-2.8787878788e-01 7.4242424242e-01 0.0000000000e+00 4.4422069455e-09 -5.5152521876e-09
-2.5757575758e-01 7.4242424242e-01 0.0000000000e+00 4.5002130761e-09 -5.5452861034e-09
-2.2727272727e-01 7.4242424242e-01 0.0000000000e+00 4.5537601929e-09 -5.5739690292e-09
-1.9696969697e-01 7.4242424242e-01 0.0000000000e+00 4.6022676002e-09 -5.6007202694e-09
-1.6666666667e-01 7.4242424242e-01 0.0000000000e+00 4.6451755514e-09 -5.6249800773e-09
-1.3636363636e-01 7.4242424242e-01 0.0000000000e+00 4.6819603438e-09 -5.6462247503e-09
-1.0606060606e-01 7.4242424242e-01 0.0000000000e+00 4.7121498199e-09 -5.6639821310e-09
-7.5757575758e-02 7.4242424242e-01 0.0000000000e+00 4.7353385338e-09 -5.6778467733e-09
-4.5454545455e-02 7.4242424242e-01 0.0000000000e+00 4.7512017517e-09 -5.6874939435e-09
-1.5151515152e-02 7.4242424242e-01 0.0000000000e+00 4.7595074320e-09 -5.6926915998e-09
1.5151515152e-02 7.4242424242e-01 0.0000000000e+00 4.7601253722e-09 -5.6933095401e-09
4.5454545455e-02 7.4242424242e-01 0.0000000000e+00 4.7530328462e-09 -5.6893250379e-09
7.5757575758e-02 7.4242424242e-01 0.0000000000e+00 4.7383162599e-09 -5.6808244993e-09
1.0606060606e-01 7.4242424242e-01 0.0000000000e+00 4.7161686304e-09 -5.6680009415e-09
1.3636363636e-01 7.4242424242e-01 0.0000000000e+00 4.6868829978e-09 -5.6511474044e-09
1.6666666667e-01 7.4242424242e-01 0.0000000000e+00 4.6508421849e-09 -5.6306467108e-09
1.9696969697e-01 7.4242424242e-01 0.0000000000e+00 4.6085055811e-09 -5.6069582503e-09
2.2727272727e-01 7.4242424242e-01 0.0000000000e+00 4.5603938200e-09 -5.5806026563e-09
2.5757575758e-01 7.4242424242e-01 0.0000000000e+00 4.5070723114e-09 -5.5521453387e-09
2.8787878788e-01 7.4242424242e-01 0.0000000000e+00 4.4491345913e-09 -5.5221798334e-09
3.1818181818e-01 7.4242424242e-01 0.0000000000e+00 4.3871863589e-09 -5.4913118398e-09
3.4848484848e-01 7.4242424242e-01 0.0000000000e+00 4.3218309144e-09 -5.4601446579e-09
3.7878787879e-01 7.4242424242e-01 0.0000000000e+00 4.2536565137e-09 -5.4292665436e-09
4.0909090909e-01 7.4242424242e-01 0.0000000000e+00 4.1832259487e-09 -5.3992402890e-09
4.3939393939e-01 7.4242424242e-01 0.0000000000e+00 4.1110684684e-09 -5.3705951429e-09
4.6969696970e-01 7.4242424242e-01 0.0000000000e+00 4.0376739889e-09 -5.3438210215e-09
5.0000000000e-01 7.4242424242e-01 0.0000000000e+00 3.9634894195e-09 -5.3193648341e-09
5.3030303030e-01 7.4242424242e-01 0.0000000000e+00 3.8889168453e-09 -5.2976286657e-09
5.6060606061e-01 7.4242424242e-01 0.0000000000e+00 3.8143132654e-09 -5.2789695155e-09
5.9090909091e-01 7.4242424242e-01 0.0000000000e+00 3.7399915716e-09 -5.2637002753e-09
6.2121212121e-01 7.4242424242e-01 0.0000000000e+00 3.6662224662e-09 -5.2520916474e-09
6.5151515152e-01 7.4242424242e-01 0.0000000000e+00 3.5932370440e-09 -5.2443747265e-09
6.8181818182e-01 7.4242424242e-01 0.0000000000e+00 3.5212298034e-09 -5.2407440111e-09
7.1212121212e-01 7.4242424242e-01 0.0000000000e+00 3.4503618900e-09 -5.2413606468e-09
7.4242424242e-01 7.4242424242e-01 0.0000000000e+00 3.3807644183e-09 -5.2463557480e-09
7.7272727273e-01 7.4242424242e-01 0.0000000000e+00 3.3125417524e-09 -5.2558336790e-09
8.0303030303e-01 7.4242424242e-01 0.0000000000e+00 3.2457746628e-09 -5.2698752100e-09
8.3333333333e-01 7.4242424242e-01 0.0000000000e+00 3.1805232975e-09 -5.2885404894e-09
8.6363636364e-01 7.4242424242e-01 0.0000000000e+00 3.1168299353e-09 -5.3118717956e-09
8.9393939394e-01 7.4242424242e-01 0.0000000000e+00 3.0547214988e-09 -5.3398960514e-09
9.2424242424e-01 7.4242424242e-01 0.0000000000e+00 2.9942118243e-09 -5.3726270931e-09
9.5454545455e-01 7.4242424242e-01 0.0000000000e+00 2.9353036901e-09 -5.4100676989e-09
9.8484848485e-01 7.4242424242e-01 0.0000000000e+00 2.8779906138e-09 -5.4522113865e-09
1.0151515152e+00 7.4242424242e-01 0.0000000000e+00 2.8222584334e-09 -5.4990439940e-09
1.0454545455e+00 7.4242424242e-01 0.0000000000e+00 2.7680866882e-09 -5.5505450604e-09
1.0757575758e+00 7.4242424242e-01 0.0000000000e+00 2.7154498173e-09 -5.6066890251e-09
1.1060606061e+00 7.4242424242e-01 0.0000000000e+00 2.6643181947e-09 -5.6674462619e-09
1.1363636364e+00 7.4242424242e-01 0.0000000000e+00 2.6146590170e-09 -5.7327839676e-09
1.1666666667e+00 7.4242424242e-01 0.0000000000e+00 2.5664370626e-09 -5.8026669203e-09
1.1969696970e+00 7.4242424242e-01 0.0000000000e+00 2.5196153350e-09 -5.8770581238e-09
1.2272727273e+00 7.4242424242e-01 0.0000000000e+00 2.4741556079e-09 -5.9559193516e-09
1.2575757576e+00 7.4242424242e-01 0.0000000000e+00 2.4300188818e-09 -6.0392116043e-09
1.2878787879e+00 7.4242424242e-01 0.0000000000e+00 2.3871657660e-09 -6.1268954912e-09
1.3181818182e+00 7.4242424242e-01 0.0000000000e+00 2.3455567954e-09 -6.2189315470e-09
1.3484848485e+00 7.4242424242e-01 0.0000000000e+00 2.3051526905e-09 -6.3152804926e-09
1.3787878788e+00 7.4242424242e-01 0.0000000000e+00 2.2659145709e-09 -6.4159034473e-09
1.4090909091e+00 7.4242424242e-01 0.0000000000e+00 2.2278041262e-09 -6.5207621007e-09
1.4393939394e+00 7.4242424242e-01 0.0000000000e+00 2.1907837529e-09 -6.6298188495e-09
1.4696969697e+00 7.4242424242e-01 0.0000000000e+00 2.1548166621e-09 -6.7430369045e-09
1.5000000000e+00 7.4242424242e-01 0.0000000000e+00 2.1198669609e-09 -6.8603803731e-09
-1.5000000000e+00 7.7272727273e-01 0.0000000000e+00 2.1027417418e-09 -6.9209557508e-09
-1.4696969697e+00 7.7272727273e-01 0.0000000000e+00 2.1368267251e-09 -6.8027475644e-09
-1.4393939394e+00 7.7272727273e-01 0.0000000000e+00 2.1718735500e-09 -6.6886092433e-09
-1.4090909091e+00 7.7272727273e-01 0.0000000000e+00 2.2079139343e-09 -6.5785725056e-09
-1.3787878788e+00 7.7272727273e-01 0.0000000000e+00 2.2449801541e-09 -6.4726696273e-09
-1.3484848485e+00 7.7272727273e-01 0.0000000000e+00 2.2831049353e-09 -6.3709333342e-09
-1.3181818182e+00 7.7272727273e-01 0.0000000000e+00 2.3223213198e-09 -6.2733966683e-09
-1.2878787879e+00 7.7272727273e-01 0.0000000000e+00 2.3626625009e-09 -6.1800928229e-09
-1.2575757576e+00 7.7272727273e-01 0.0000000000e+00 2.4041616239e-09 -6.0910549431e-09
-1.2272727273e+00 7.7272727273e-01 0.0000000000e+00 2.4468515453e-09 -6.0063158858e-09
-1.1969696970e+00 7.7272727273e-01 0.0000000000e+00 2.4907645461e-09 -5.9259079317e-09
-1.1666666667e+00 7.7272727273e-01 0.0000000000e+00 2.5359319895e-09 -5.8498624440e-09
-1.1363636364e+00 7.7272727273e-01 0.0000000000e+00 2.5823839180e-09 -5.7782094653e-09
-1.1060606061e+00 7.7272727273e-01 0.0000000000e+00 2.6301485791e-09 -5.7109772432e-09
-1.0757575758e+00 7.7272727273e-01 0.0000000000e+00 2.6792518722e-09 -5.6481916768e-09
-1.0454545455e+00 7.7272727273e-01 0.0000000000e+00 2.7297167038e-09 -5.5898756729e-09
-1.0151515152e+00 7.7272727273e-01 0.0000000000e+00 2.7815622430e-09 -5.5360484004e-09
-9.8484848485e-01 7.7272727273e-01 0.0000000000e+00 2.8348030640e-09 -5.4867244336e-09
-9.5454545455e-01 7.7272727273e-01 0.0000000000e+00 2.8894481646e-09 -5.4419127703e-09
-9.2424242424e-01 7.7272727273e-01 0.0000000000e+00 2.9454998498e-09 -5.4016157154e-09
-8.9393939394e-01 7.7272727273e-01 0.0000000000e+00 3.0029524680e-09 -5.3658276174e-09
-8.6363636364e-01 7.7272727273e-01 0.0000000000e+00 3.0617909931e-09 -5.3345334502e-09
-8.3333333333e-01 7.7272727273e-01 0.0000000000e+00 3.1219894425e-09 -5.3077072312e-09
-8.0303030303e-01 7.7272727273e-01 0.0000000000e+00 3.1835091303e-09 -5.2853102744e-09
-7.7272727273e-01 7.7272727273e-01 0.0000000000e+00 3.2462967546e-09 -5.2672892780e-09
-7.4242424242e-01 7.7272727273e-01 0.0000000000e+00 3.3102823297e-09 -5.2535742563e-09
-7.1212121212e-01 7.7272727273e-01 0.0000000000e+00 3.3753769780e-09 -5.2440763316e-09
-6.8181818182e-01 7.7272727273e-01 0.0000000000e+00 3.4414706116e-09 -5.2386854161e-09
-6.5151515152e-01 7.7272727273e-01 0.0000000000e+00 3.5084295453e-09 -5.2372678246e-09
-6.2121212121e-01 7.7272727273e-01 0.0000000000e+00 3.5760940986e-09 -5.2396638766e-09
-5.9090909091e-01 7.7272727273e-01 0.0000000000e+00 3.6442762644e-09 -5.2456855649e-09
-5.6060606061e-01 7.7272727273e-01 0.0000000000e+00 3.7127575413e-09 -5.2551143882e-09
-5.3030303030e-01 7.7272727273e-01 0.0000000000e+00 3.7812870492e-09 -5.2676994664e-09
-5.0000000000e-01 7.7272727273e-01 0.0000000000e+00 3.8495800685e-09 -5.2831560799e-09
-4.6969696970e-01 7.7272727273e-01 0.0000000000e+00 3.9173171627e-09 -5.3011647921e-09
-4.3939393939e-01 7.7272727273e-01 0.0000000000e+00 3.9841440599e-09 -5.3213713313e-09
-4.0909090909e-01 7.7272727273e-01 0.0000000000e+00 4.0496724767e-09 -5.3433874138e-09
-3.7878787879e-01 7.7272727273e-01 0.0000000000e+00 4.1134820650e-09 -5.3667926918e-09
-3.4848484848e-01 7.7272727273e-01 0.0000000000e+00 4.1751236501e-09 -5.3911379904e-09
-3.1818181818e-01 7.7272727273e-01 0.0000000000e+00 4.2341238949e-09 -5.4159499726e-09
-2.8787878788e-01 7.7272727273e-01 0.0000000000e+00 4.2899914782e-09 -5.4407373172e-09
-2.5757575758e-01 7.7272727273e-01 0.0000000000e+00 4.3422248093e-09 -5.4649984334e-09
-2.2727272727e-01 7.7272727273e-01 0.0000000000e+00 4.3903212135e-09 -5.4882306466e-09
-1.9696969697e-01 7.7272727273e-01 0.0000000000e+00 4.4337874271e-09 -5.5099406931e-09
-1.6666666667e-01 7.7272727273e-01 0.0000000000e+00 4.4721511270e-09 -5.5296562497e-09
-1.3636363636e-01 7.7272727273e-01 0.0000000000e+00 4.5049731119e-09 -5.5469381153e-09
-1.0606060606e-01 7.7272727273e-01 0.0000000000e+00 4.5318596451e-09 -5.5613925530e-09
-7.5757575758e-02 7.7272727273e-01 0.0000000000e+00 4.5524743851e-09 -5.5726832213e-09
-4.5454545455e-02 7.7272727273e-01 0.0000000000e+00 4.5665492806e-09 -5.5805420691e-09
-1.5151515152e-02 7.7272727273e-01 0.0000000000e+00 4.5738937964e-09 -5.5847785610e-09
1.5151515152e-02 7.7272727273e-01 0.0000000000e+00 4.5744018851e-09 -5.5852866498e-09
4.5454545455e-02 7.7272727273e-01 0.0000000000e+00 4.5680562225e-09 -5.5820490110e-09
7.5757575758e-02 7.7272727273e-01 0.0000000000e+00 4.5549293797e-09 -5.5751382160e-09
1.0606060606e-01 7.7272727273e-01 0.0000000000e+00 4.5351818037e-09 -5.5647147116e-09
1.3636363636e-01 7.7272727273e-01 0.0000000000e+00 4.5090566927e-09 -5.5510216961e-09
1.6666666667e-01 7.7272727273e-01 0.0000000000e+00 4.4768720709e-09 -5.5343771936e-09
1.9696969697e-01 7.7272727273e-01 0.0000000000e+00 4.4390105487e-09 -5.5151638147e-09
2.2727272727e-01 7.7272727273e-01 0.0000000000e+00 4.3959073966e-09 -5.4938168297e-09
2.5757575758e-01 7.7272727273e-01 0.0000000000e+00 4.3480376315e-09 -5.4708112556e-09
2.8787878788e-01 7.7272727273e-01 0.0000000000e+00 4.2959028246e-09 -5.4466486636e-09
3.1818181818e-01 7.7272727273e-01 0.0000000000e+00 4.2400182852e-09 -5.4218443629e-09
3.4848484848e-01 7.7272727273e-01 0.0000000000e+00 4.1809011732e-09 -5.3969155135e-09
3.7878787879e-01 7.7272727273e-01 0.0000000000e+00 4.1190599608e-09 -5.3723705876e-09
4.0909090909e-01 7.7272727273e-01 0.0000000000e+00 4.0549855176e-09 -5.3487004548e-09
4.3939393939e-01 7.7272727273e-01 0.0000000000e+00 3.9891439525e-09 -5.3263712238e-09
4.6969696970e-01 7.7272727273e-01 0.0000000000e+00 3.9219712216e-09 -5.3058188511e-09
5.0000000000e-01 7.7272727273e-01 0.0000000000e+00 3.8538694131e-09 -5.2874454245e-09
5.3030303030e-01 7.7272727273e-01 0.0000000000e+00 3.7852045441e-09 -5.2716169613e-09
5.6060606061e-01 7.7272727273e-01 0.0000000000e+00 3.7163056671e-09 -5.2586625141e-09
5.9090909091e-01 7.7272727273e-01 0.0000000000e+00 3.6474650571e-09 -5.2488743577e-09
6.2121212121e-01 7.7272727273e-01 0.0000000000e+00 3.5789392539e-09 -5.2425090319e-09
6.5151515152e-01 7.7272727273e-01 0.0000000000e+00 3.5109507457e-09 -5.2397890250e-09
6.8181818182e-01 7.7272727273e-01 0.0000000000e+00 3.4436901031e-09 -5.2409049076e-09
7.1212121212e-01 7.7272727273e-01 0.0000000000e+00 3.3773183990e-09 -5.2460177526e-09
7.4242424242e-01 7.7272727273e-01 0.0000000000e+00 3.3119697792e-09 -5.2552617058e-09
7.7272727273e-01 7.7272727273e-01 0.0000000000e+00 3.2477540768e-09 -5.2687466002e-09
8.0303030303e-01 7.7272727273e-01 0.0000000000e+00 3.1847593871e-09 -5.2865605312e-09
8.3333333333e-01 7.7272727273e-01 0.0000000000e+00 3.1230545443e-09 -5.3087723330e-09
8.6363636364e-01 7.7272727273e-01 0.0000000000e+00 3.0626914583e-09 -5.3354339154e-09
8.9393939394e-01 7.7272727273e-01 0.0000000000e+00 3.0037072856e-09 -5.3665824350e-09
9.2424242424e-01 7.7272727273e-01 0.0000000000e+00 2.9461264201e-09 -5.4022422856e-09
9.5454545455e-01 7.7272727273e-01 0.0000000000e+00 2.8899623002e-09 -5.4424269058e-09
9.8484848485e-01 7.7272727273e-01 0.0000000000e+00 2.8352190325e-09 -5.4871404021e-09
1.0151515152e+00 7.7272727273e-01 0.0000000000e+00 2.7818928396e-09 -5.5363789970e-09
1.0454545455e+00 7.7272727273e-01 0.0000000000e+00 2.7299733424e-09 -5.5901323115e-09
1.0757575758e+00 7.7272727273e-01 0.0000000000e+00 2.6794446872e-09 -5.6483844918e-09
1.1060606061e+00 7.7272727273e-01 0.0000000000e+00 2.6302865320e-09 -5.7111151961e-09
1.1363636364e+00 7.7272727273e-01 0.0000000000e+00 2.5824749044e-09 -5.7783004517e-09
1.1666666667e+00 7.7272727273e-01 0.0000000000e+00 2.5359829430e-09 -5.8499133976e-09
1.1969696970e+00 7.7272727273e-01 0.0000000000e+00 2.4907815374e-09 -5.9259249230e-09
1.2272727273e+00 7.7272727273e-01 0.0000000000e+00 2.4468398749e-09 -6.0063042154e-09
1.2575757576e+00 7.7272727273e-01 0.0000000000e+00 2.4041259080e-09 -6.0910192273e-09
1.2878787879e+00 7.7272727273e-01 0.0000000000e+00 2.3626067502e-09 -6.1800370721e-09
1.3181818182e+00 7.7272727273e-01 0.0000000000e+00 2.3222490102e-09 -6.2733243587e-09
1.3484848485e+00 7.7272727273e-01 0.0000000000e+00 2.2830190727e-09 -6.3708474716e-09
1.3787878788e+00 7.7272727273e-01 0.0000000000e+00 2.2448833316e-09 -6.4725728048e-09
1.4090909091e+00 7.7272727273e-01 0.0000000000e+00 2.2078083838e-09 -6.5784669551e-09
1.4393939394e+00 7.7272727273e-01 0.0000000000e+00 2.1717611875e-09 -6.6884968809e-09
1.4696969697e+00 7.7272727273e-01 0.0000000000e+00 2.1367091914e-09 -6.8026300307e-09
1.5000000000e+00 7.7272727273e-01 0.0000000000e+00 2.1026204376e-09 -6.9208344467e-09
-1.5000000000e+00 8.0303030303e-01 0.0000000000e+00 2.0852216558e-09 -6.9842442855e-09
-1.4696969697e+00 8.0303030303e-01 0.0000000000e+00 2.1184465954e-09 -6.8651760553e-09
-1.4393939394e+00 8.0303030303e-01 0.0000000000e+00 2.1525805772e-09 -6.7501248912e-09
-1.4090909091e+00 8.0303030303e-01 0.0000000000e+00 2.1876516211e-09 -6.6391188131e-09
-1.3787878788e+00 8.0303030303e-01 0.0000000000e+00 2.2236880382e-09 -6.5321861320e-09
-1.3484848485e+00 8.0303030303e-01 0.0000000000e+00 2.2607183066e-09 -6.4293553262e-09
-1.3181818182e+00 8.0303030303e-01 0.0000000000e+00 2.2987709222e-09 -6.3306548914e-09
-1.2878787879e+00 8.0303030303e-01 0.0000000000e+00 2.3378742188e-09 -6.2361131615e-09
-1.2575757576e+00 8.0303030303e-01 0.0000000000e+00 2.3780561547e-09 -6.1457580947e-09
-1.2272727273e+00 8.0303030303e-01 0.0000000000e+00 2.4193440595e-09 -6.0596170207e-09
-1.1969696970e+00 8.0303030303e-01 0.0000000000e+00 2.4617643366e-09 -5.9777163428e-09
-1.1666666667e+00 8.0303030303e-01 0.0000000000e+00 2.5053421149e-09 -5.9000811901e-09
-1.1363636364e+00 8.0303030303e-01 0.0000000000e+00 2.5501008430e-09 -5.8267350110e-09
-1.1060606061e+00 8.0303030303e-01 0.0000000000e+00 2.5960618182e-09 -5.7576991029e-09
-1.0757575758e+00 8.0303030303e-01 0.0000000000e+00 2.6432436437e-09 -5.6929920690e-09
-1.0454545455e+00 8.0303030303e-01 0.0000000000e+00 2.6916616045e-09 -5.6326291943e-09
-1.0151515152e+00 8.0303030303e-01 0.0000000000e+00 2.7413269545e-09 -5.5766217326e-09
-9.8484848485e-01 8.0303030303e-01 0.0000000000e+00 2.7922461049e-09 -5.5249760952e-09
-9.5454545455e-01 8.0303030303e-01 0.0000000000e+00 2.8444197073e-09 -5.4776929336e-09
-9.2424242424e-01 8.0303030303e-01 0.0000000000e+00 2.8978416215e-09 -5.4347661078e-09
-8.9393939394e-01 8.0303030303e-01 0.0000000000e+00 2.9524977633e-09 -5.3961815334e-09
-8.6363636364e-01 8.0303030303e-01 0.0000000000e+00 3.0083648256e-09 -5.3619159034e-09
-8.3333333333e-01 8.0303030303e-01 0.0000000000e+00 3.0654088714e-09 -5.3319352808e-09
-8.0303030303e-01 8.0303030303e-01 0.0000000000e+00 3.1235837999e-09 -5.3061935647e-09
-7.7272727273e-01 8.0303030303e-01 0.0000000000e+00 3.1828296917e-09 -5.2846308358e-09
-7.4242424242e-01 8.0303030303e-01 0.0000000000e+00 3.2430710457e-09 -5.2671715929e-09
-7.1212121212e-01 8.0303030303e-01 0.0000000000e+00 3.3042149284e-09 -5.2537229027e-09
-6.8181818182e-01 8.0303030303e-01 0.0000000000e+00 3.3661490656e-09 -5.2441724909e-09
-6.5151515152e-01 8.0303030303e-01 0.0000000000e+00 3.4287399189e-09 -5.2383868189e-09
-6.2121212121e-01 8.0303030303e-01 0.0000000000e+00 3.4918308003e-09 -5.2362091990e-09
-5.9090909091e-01 8.0303030303e-01 0.0000000000e+00 3.5552400978e-09 -5.2374580190e-09
-5.6060606061e-01 8.0303030303e-01 0.0000000000e+00 3.6187596930e-09 -5.2419251607e-09
-5.3030303030e-01 8.0303030303e-01 0.0000000000e+00 3.6821536763e-09 -5.2493747142e-09
-5.0000000000e-01 8.0303030303e-01 0.0000000000e+00 3.7451574714e-09 -5.2595421035e-09
-4.6969696970e-01 8.0303030303e-01 0.0000000000e+00 3.8074775008e-09 -5.2721337509e-09
-4.3939393939e-01 8.0303030303e-01 0.0000000000e+00 3.8687915266e-09 -5.2868274186e-09
-4.0909090909e-01 8.0303030303e-01 0.0000000000e+00 3.9287498056e-09 -5.3032733634e-09
-3.7878787879e-01 8.0303030303e-01 0.0000000000e+00 3.9869771915e-09 -5.3210964390e-09
-3.4848484848e-01 8.0303030303e-01 0.0000000000e+00 4.0430762983e-09 -5.3398992593e-09
-3.1818181818e-01 8.0303030303e-01 0.0000000000e+00 4.0966318128e-09 -5.3592665111e-09
-2.8787878788e-01 8.0303030303e-01 0.0000000000e+00 4.1472159998e-09 -5.3787704594e-09
-2.5757575758e-01 8.0303030303e-01 0.0000000000e+00 4.1943953911e-09 -5.3979776359e-09
-2.2727272727e-01 8.0303030303e-01 0.0000000000e+00 4.2377385796e-09 -5.4164566335e-09
-1.9696969697e-01 8.0303030303e-01 0.0000000000e+00 4.2768249652e-09 -5.4337868519e-09
-1.6666666667e-01 8.0303030303e-01 0.0000000000e+00 4.3112542169e-09 -5.4495679604e-09
-1.3636363636e-01 8.0303030303e-01 0.0000000000e+00 4.3406561361e-09 -5.4634297602e-09
-1.0606060606e-01 8.0303030303e-01 0.0000000000e+00 4.3647005308e-09 -5.4750420594e-09
-7.5757575758e-02 8.0303030303e-01 0.0000000000e+00 4.3831066593e-09 -5.4841241163e-09
-4.5454545455e-02 8.0303030303e-01 0.0000000000e+00 4.3956517696e-09 -5.4904531789e-09
-1.5151515152e-02 8.0303030303e-01 0.0000000000e+00 4.4021782654e-09 -5.4938716508e-09
1.5151515152e-02 8.0303030303e-01 0.0000000000e+00 4.4025990711e-09 -5.4942924565e-09
4.5454545455e-02 8.0303030303e-01 0.0000000000e+00 4.3969008492e-09 -5.4917022584e-09
7.5757575758e-02 8.0303030303e-01 0.0000000000e+00 4.3851448406e-09 -5.4861622976e-09
1.0606060606e-01 8.0303030303e-01 0.0000000000e+00 4.3674652416e-09 -5.4778067702e-09
1.3636363636e-01 8.0303030303e-01 0.0000000000e+00 4.3440651858e-09 -5.4668388099e-09
1.6666666667e-01 8.0303030303e-01 0.0000000000e+00 4.3152105557e-09 -5.4535242992e-09
1.9696969697e-01 8.0303030303e-01 0.0000000000e+00 4.2812219793e-09 -5.4381838660e-09
2.2727272727e-01 8.0303030303e-01 0.0000000000e+00 4.2424654688e-09 -5.4211835226e-09
2.5757575758e-01 8.0303030303e-01 0.0000000000e+00 4.1993422166e-09 -5.4029244614e-09
2.8787878788e-01 8.0303030303e-01 0.0000000000e+00 4.1522780754e-09 -5.3838325351e-09
3.1818181818e-01 8.0303030303e-01 0.0000000000e+00 4.1017132174e-09 -5.3643479157e-09
3.4848484848e-01 8.0303030303e-01 0.0000000000e+00 4.0480924028e-09 -5.3449153638e-09
3.7878787879e-01 8.0303030303e-01 0.0000000000e+00 3.9918561972e-09 -5.3259754446e-09
4.0909090909e-01 8.0303030303e-01 0.0000000000e+00 3.9334333734e-09 -5.3079569312e-09
4.3939393939e-01 8.0303030303e-01 0.0000000000e+00 3.8732346344e-09 -5.2912705265e-09
4.6969696970e-01 8.0303030303e-01 0.0000000000e+00 3.8116476969e-09 -5.2763039471e-09
5.0000000000e-01 8.0303030303e-01 0.0000000000e+00 3.7490336985e-09 -5.2634183306e-09
5.3030303030e-01 8.0303030303e-01 0.0000000000e+00 3.6857248318e-09 -5.2529458698e-09
5.6060606061e-01 8.0303030303e-01 0.0000000000e+00 3.6220230679e-09 -5.2451885355e-09
5.9090909091e-01 8.0303030303e-01 0.0000000000e+00 3.5581998076e-09 -5.2404177289e-09
6.2121212121e-01 8.0303030303e-01 0.0000000000e+00 3.4944962944e-09 -5.2388746931e-09
6.5151515152e-01 8.0303030303e-01 0.0000000000e+00 3.4311246222e-09 -5.2407715222e-09
6.8181818182e-01 8.0303030303e-01 0.0000000000e+00 3.3682691880e-09 -5.2462926132e-09
7.1212121212e-01 8.0303030303e-01 0.0000000000e+00 3.3060884526e-09 -5.2555964269e-09
7.4242424242e-01 8.0303030303e-01 0.0000000000e+00 3.2447168955e-09 -5.2688174428e-09
7.7272727273e-01 8.0303030303e-01 0.0000000000e+00 3.1842670673e-09 -5.2860682114e-09
8.0303030303e-01 8.0303030303e-01 0.0000000000e+00 3.1248316653e-09 -5.3074414300e-09
8.3333333333e-01 8.0303030303e-01 0.0000000000e+00 3.0664855736e-09 -5.3330119830e-09
8.6363636364e-01 8.0303030303e-01 0.0000000000e+00 3.0092878256e-09 -5.3628389033e-09
8.9393939394e-01 8.0303030303e-01 0.0000000000e+00 2.9532834579e-09 -5.3969672280e-09
9.2424242424e-01 8.0303030303e-01 0.0000000000e+00 2.8985052391e-09 -5.4354297253e-09
9.5454545455e-01 8.0303030303e-01 0.0000000000e+00 2.8449752603e-09 -5.4782484867e-09
9.8484848485e-01 8.0303030303e-01 0.0000000000e+00 2.7927063861e-09 -5.5254363764e-09
1.0151515152e+00 8.0303030303e-01 0.0000000000e+00 2.7417035641e-09 -5.5769983422e-09
1.0454545455e+00 8.0303030303e-01 0.0000000000e+00 2.6919650005e-09 -5.6329325903e-09
1.0757575758e+00 8.0303030303e-01 0.0000000000e+00 2.6434832065e-09 -5.6932316318e-09
1.1060606061e+00 8.0303030303e-01 0.0000000000e+00 2.5962459242e-09 -5.7578832090e-09
1.1363636364e+00 8.0303030303e-01 0.0000000000e+00 2.5502369428e-09 -5.8268711109e-09
1.1666666667e+00 8.0303030303e-01 0.0000000000e+00 2.5054368122e-09 -5.9001758874e-09
1.1969696970e+00 8.0303030303e-01 0.0000000000e+00 2.4618234660e-09 -5.9777754723e-09
1.2272727273e+00 8.0303030303e-01 0.0000000000e+00 2.4193727615e-09 -6.0596457227e-09
1.2575757576e+00 8.0303030303e-01 0.0000000000e+00 2.3780589462e-09 -6.1457608862e-09
1.2878787879e+00 8.0303030303e-01 0.0000000000e+00 2.3378550589e-09 -6.2360940016e-09
1.3181818182e+00 8.0303030303e-01 0.0000000000e+00 2.2987332733e-09 -6.3306172425e-09
1.3484848485e+00 8.0303030303e-01 0.0000000000e+00 2.2606651898e-09 -6.4293022094e-09
1.3787878788e+00 8.0303030303e-01 0.0000000000e+00 2.2236220841e-09 -6.5321201779e-09
1.4090909091e+00 8.0303030303e-01 0.0000000000e+00 2.1875751152e-09 -6.6390423072e-09
1.4393939394e+00 8.0303030303e-01 0.0000000000e+00 2.1524955008e-09 -6.7500398148e-09
1.4696969697e+00 8.0303030303e-01 0.0000000000e+00 2.1183546624e-09 -6.8650841224e-09
1.5000000000e+00 8.0303030303e-01 0.0000000000e+00 2.0851243454e-09 -6.9841469751e-09
-1.5000000000e+00 8.3333333333e-01 0.0000000000e+00 2.0674859214e-09 -7.0504251957e-09
-1.4696969697e+00 8.3333333333e-01 0.0000000000e+00 2.0998555779e-09 -6.9305016824e-09
-1.4393939394e+00 8.3333333333e-01 0.0000000000e+00 2.1330830477e-09 -6.8145440063e-09
-1.4090909091e+00 8.3333333333e-01 0.0000000000e+00 2.1671928889e-09 -6.7025767255e-09
-1.3787878788e+00 8.3333333333e-01 0.0000000000e+00 2.2022097158e-09 -6.5946244542e-09
-1.3484848485e+00 8.3333333333e-01 0.0000000000e+00 2.2381580630e-09 -6.4907117272e-09
-1.3181818182e+00 8.3333333333e-01 0.0000000000e+00 2.2750622246e-09 -6.3908628384e-09
-1.2878787879e+00 8.3333333333e-01 0.0000000000e+00 2.3129460644e-09 -6.2951016516e-09
-1.2575757576e+00 8.3333333333e-01 0.0000000000e+00 2.3518327935e-09 -6.2034513781e-09
-1.2272727273e+00 8.3333333333e-01 0.0000000000e+00 2.3917447109e-09 -6.1159343167e-09
-1.1969696970e+00 8.3333333333e-01 0.0000000000e+00 2.4327029022e-09 -6.0325715530e-09
-1.1666666667e+00 8.3333333333e-01 0.0000000000e+00 2.4747268906e-09 -5.9533826104e-09
-1.1363636364e+00 8.3333333333e-01 0.0000000000e+00 2.5178342366e-09 -5.8783850492e-09
-1.1060606061e+00 8.3333333333e-01 0.0000000000e+00 2.5620400773e-09 -5.8075940067e-09
-1.0757575758e+00 8.3333333333e-01 0.0000000000e+00 2.6073566025e-09 -5.7410216724e-09
-1.0454545455e+00 8.3333333333e-01 0.0000000000e+00 2.6537924577e-09 -5.6786766921e-09
-1.0151515152e+00 8.3333333333e-01 0.0000000000e+00 2.7013520707e-09 -5.6205634934e-09
-9.8484848485e-01 8.3333333333e-01 0.0000000000e+00 2.7500348931e-09 -5.5666815280e-09
-9.5454545455e-01 8.3333333333e-01 0.0000000000e+00 2.7998345526e-09 -5.5170244235e-09
-9.2424242424e-01 8.3333333333e-01 0.0000000000e+00 2.8507379095e-09 -5.4715790404e-09
-8.9393939394e-01 8.3333333333e-01 0.0000000000e+00 2.9027240162e-09 -5.4303244308e-09
-8.6363636364e-01 8.3333333333e-01 0.0000000000e+00 2.9557629751e-09 -5.3932306974e-09
-8.3333333333e-01 8.3333333333e-01 0.0000000000e+00 3.0098146989e-09 -5.3602577529e-09
-8.0303030303e-01 8.3333333333e-01 0.0000000000e+00 3.0648275766e-09 -5.3313539859e-09
-7.7272727273e-01 8.3333333333e-01 0.0000000000e+00 3.1207370535e-09 -5.3064548421e-09
-7.4242424242e-01 8.3333333333e-01 0.0000000000e+00 3.1774641434e-09 -5.2854813352e-09
-7.1212121212e-01 8.3333333333e-01 0.0000000000e+00 3.2349138915e-09 -5.2683385104e-09
-6.8181818182e-01 8.3333333333e-01 0.0000000000e+00 3.2929738209e-09 -5.2549138907e-09
-6.5151515152e-01 8.3333333333e-01 0.0000000000e+00 3.3515124009e-09 -5.2450759455e-09
-6.2121212121e-01 8.3333333333e-01 0.0000000000e+00 3.4103775886e-09 -5.2386726318e-09
-5.9090909091e-01 8.3333333333e-01 0.0000000000e+00 3.4693955048e-09 -5.2355300706e-09
-5.6060606061e-01 8.3333333333e-01 0.0000000000e+00 3.5283693179e-09 -5.2354514301e-09
-5.3030303030e-01 8.3333333333e-01 0.0000000000e+00 3.5870784201e-09 -5.2382161026e-09
-5.0000000000e-01 8.3333333333e-01 0.0000000000e+00 3.6452779909e-09 -5.2435792675e-09
-4.6969696970e-01 8.3333333333e-01 0.0000000000e+00 3.7026990482e-09 -5.2512719428e-09
-4.3939393939e-01 8.3333333333e-01 0.0000000000e+00 3.7590490945e-09 -5.2610016311e-09
-4.0909090909e-01 8.3333333333e-01 0.0000000000e+00 3.8140134597e-09 -5.2724536621e-09
-3.7878787879e-01 8.3333333333e-01 0.0000000000e+00 3.8672574354e-09 -5.2852933274e-09
-3.4848484848e-01 8.3333333333e-01 0.0000000000e+00 3.9184292798e-09 -5.2991688854e-09
-3.1818181818e-01 8.3333333333e-01 0.0000000000e+00 3.9671641441e-09 -5.3137154871e-09
-2.8787878788e-01 8.3333333333e-01 0.0000000000e+00 4.0130889371e-09 -5.3285600414e-09
-2.5757575758e-01 8.3333333333e-01 0.0000000000e+00 4.0558281000e-09 -5.3433269894e-09
-2.2727272727e-01 8.3333333333e-01 0.0000000000e+00 4.0950102101e-09 -5.3576449085e-09
-1.9696969697e-01 8.3333333333e-01 0.0000000000e+00 4.1302752741e-09 -5.3711538054e-09
-1.6666666667e-01 8.3333333333e-01 0.0000000000e+00 4.1612825115e-09 -5.3835128995e-09
-1.3636363636e-01 8.3333333333e-01 0.0000000000e+00 4.1877183686e-09 -5.3944086372e-09
-1.0606060606e-01 8.3333333333e-01 0.0000000000e+00 4.2093044581e-09 -5.4035626312e-09
-7.5757575758e-02 8.3333333333e-01 0.0000000000e+00 4.2258050783e-09 -5.4107391799e-09
-4.5454545455e-02 8.3333333333e-01 0.0000000000e+00 4.2370339538e-09 -5.4157520076e-09
-1.5151515152e-02 8.3333333333e-01 0.0000000000e+00 4.2428598462e-09 -5.4184698761e-09
1.5151515152e-02 8.3333333333e-01 0.0000000000e+00 4.2432107198e-09 -5.4188207498e-09
4.5454545455e-02 8.3333333333e-01 0.0000000000e+00 4.2380762118e-09 -5.4167942656e-09
7.5757575758e-02 8.3333333333e-01 0.0000000000e+00 4.2275082407e-09 -5.4124423423e-09
1.0606060606e-01 8.3333333333e-01 0.0000000000e+00 4.2116196975e-09 -5.4058778707e-09
1.3636363636e-01 8.3333333333e-01 0.0000000000e+00 4.1905812714e-09 -5.3972715401e-09
1.6666666667e-01 8.3333333333e-01 0.0000000000e+00 4.1646165780e-09 -5.3868469660e-09
1.9696969697e-01 8.3333333333e-01 0.0000000000e+00 4.1339958519e-09 -5.3748743832e-09
2.2727272727e-01 8.3333333333e-01 0.0000000000e+00 4.0990285418e-09 -5.3616632402e-09
2.5757575758e-01 8.3333333333e-01 0.0000000000e+00 4.0600551891e-09 -5.3475540784e-09
2.8787878788e-01 8.3333333333e-01 0.0000000000e+00 4.0174389866e-09 -5.3329100908e-09
3.1818181818e-01 8.3333333333e-01 0.0000000000e+00 3.9715573949e-09 -5.3181087378e-09
3.4848484848e-01 8.3333333333e-01 0.0000000000e+00 3.9227941499e-09 -5.3035337554e-09
3.7878787879e-01 8.3333333333e-01 0.0000000000e+00 3.8715319366e-09 -5.2895678286e-09
4.0909090909e-01 8.3333333333e-01 0.0000000000e+00 3.8181459284e-09 -5.2765861308e-09
4.3939393939e-01 8.3333333333e-01 0.0000000000e+00 3.7629983193e-09 -5.2649508558e-09
4.6969696970e-01 8.3333333333e-01 0.0000000000e+00 3.7064339044e-09 -5.2550067990e-09
5.0000000000e-01 8.3333333333e-01 0.0000000000e+00 3.6487767049e-09 -5.2470779815e-09
5.3030303030e-01 8.3333333333e-01 0.0000000000e+00 3.5903275824e-09 -5.2414652649e-09
5.6060606061e-01 8.3333333333e-01 0.0000000000e+00 3.5313627537e-09 -5.2384448659e-09
5.9090909091e-01 8.3333333333e-01 0.0000000000e+00 3.4721330946e-09 -5.2382676604e-09
6.2121212121e-01 8.3333333333e-01 0.0000000000e+00 3.4128641081e-09 -5.2411591513e-09
6.5151515152e-01 8.3333333333e-01 0.0000000000e+00 3.3537564336e-09 -5.2473199782e-09
6.8181818182e-01 8.3333333333e-01 0.0000000000e+00 3.2949867760e-09 -5.2569268458e-09
7.1212121212e-01 8.3333333333e-01 0.0000000000e+00 3.2367091459e-09 -5.2701337648e-09
7.4242424242e-01 8.3333333333e-01 0.0000000000e+00 3.1790563143e-09 -5.2870735061e-09
7.7272727273e-01 8.3333333333e-01 0.0000000000e+00 3.1221413989e-09 -5.3078591876e-09
8.0303030303e-01 8.3333333333e-01 0.0000000000e+00 3.0660595155e-09 -5.3325859249e-09
8.3333333333e-01 8.3333333333e-01 0.0000000000e+00 3.0108894393e-09 -5.3613324932e-09
8.6363636364e-01 8.3333333333e-01 0.0000000000e+00 2.9566952353e-09 -5.3941629576e-09
8.9393939394e-01 8.3333333333e-01 0.0000000000e+00 2.9035278265e-09 -5.4311282412e-09
9.2424242424e-01 8.3333333333e-01 0.0000000000e+00 2.8514264790e-09 -5.4722676098e-09
9.5454545455e-01 8.3333333333e-01 0.0000000000e+00 2.8004201889e-09 -5.5176100598e-09
9.8484848485e-01 8.3333333333e-01 0.0000000000e+00 2.7505289645e-09 -5.5671755994e-09
1.0151515152e+00 8.3333333333e-01 0.0000000000e+00 2.7017649997e-09 -5.6209764224e-09
1.0454545455e+00 8.3333333333e-01 0.0000000000e+00 2.6541337388e-09 -5.6790179731e-09
1.0757575758e+00 8.3333333333e-01 0.0000000000e+00 2.6076348366e-09 -5.7412999065e-09
1.1060606061e+00 8.3333333333e-01 0.0000000000e+00 2.5622630182e-09 -5.8078169476e-09
1.1363636364e+00 8.3333333333e-01 0.0000000000e+00 2.5180088446e-09 -5.8785596572e-09
1.1666666667e+00 8.3333333333e-01 0.0000000000e+00 2.4748593901e-09 -5.9535151099e-09
1.1969696970e+00 8.3333333333e-01 0.0000000000e+00 2.4327988405e-09 -6.0326674913e-09
1.2272727273e+00 8.3333333333e-01 0.0000000000e+00 2.3918090172e-09 -6.1159986230e-09
1.2575757576e+00 8.3333333333e-01 0.0000000000e+00 2.3518698352e-09 -6.2034884197e-09
1.2878787879e+00 8.3333333333e-01 0.0000000000e+00 2.3129597015e-09 -6.2951152887e-09
1.3181818182e+00 8.3333333333e-01 0.0000000000e+00 2.2750558609e-09 -6.3908564747e-09
1.3484848485e+00 8.3333333333e-01 0.0000000000e+00 2.2381346931e-09 -6.4906883573e-09
1.3787878788e+00 8.3333333333e-01 0.0000000000e+00 2.2021719688e-09 -6.5945867072e-09
1.4090909091e+00 8.3333333333e-01 0.0000000000e+00 2.1671430683e-09 -6.7025269049e-09
1.4393939394e+00 8.3333333333e-01 0.0000000000e+00 2.1330231679e-09 -6.8144841265e-09
1.4696969697e+00 8.3333333333e-01 0.0000000000e+00 2.0997873969e-09 -6.9304335014e-09
1.5000000000e+00 8.3333333333e-01 0.0000000000e+00 2.0674109700e-09 -7.0503502443e-09
-1.5000000000e+00 8.6363636364e-01 0.0000000000e+00 2.0495655657e-09 -7.1195295084e-09
-1.4696969697e+00 8.6363636364e-01 0.0000000000e+00 2.0810865511e-09 -6.9987573241e-09
-1.4393939394e+00 8.6363636364e-01 0.0000000000e+00 2.1134157838e-09 -6.8819014108e-09
-1.4090909091e+00 8.6363636364e-01 0.0000000000e+00 2.1465745951e-09 -6.7689831002e-09
-1.3787878788e+00 8.6363636364e-01 0.0000000000e+00 2.1805841679e-09 -6.6600235748e-09
-1.3484848485e+00 8.6363636364e-01 0.0000000000e+00 2.2154653917e-09 -6.5550437243e-09
-1.3181818182e+00 8.6363636364e-01 0.0000000000e+00 2.2512386949e-09 -6.4540639771e-09
-1.2878787879e+00 8.6363636364e-01 0.0000000000e+00 2.2879238492e-09 -6.3571041048e-09
-1.2575757576e+00 8.6363636364e-01 0.0000000000e+00 2.3255397428e-09 -6.2641829957e-09
-1.2272727273e+00 8.6363636364e-01 0.0000000000e+00 2.3641041195e-09 -6.1753183936e-09
-1.1969696970e+00 8.6363636364e-01 0.0000000000e+00 2.4036332786e-09 -6.0905265978e-09
-1.1666666667e+00 8.6363636364e-01 0.0000000000e+00 2.4441417321e-09 -6.0098221203e-09
-1.1363636364e+00 8.6363636364e-01 0.0000000000e+00 2.4856418138e-09 -5.9332172948e-09
-1.1060606061e+00 8.6363636364e-01 0.0000000000e+00 2.5281432362e-09 -5.8607218339e-09
-1.0757575758e+00 8.6363636364e-01 0.0000000000e+00 2.5716525897e-09 -5.7923423280e-09
-1.0454545455e+00 8.6363636364e-01 0.0000000000e+00 2.6161727799e-09 -5.7280816826e-09
-1.0151515152e+00 8.6363636364e-01 0.0000000000e+00 2.6617023971e-09 -5.6679384882e-09
-9.8484848485e-01 8.6363636364e-01 0.0000000000e+00 2.7082350156e-09 -5.6119063189e-09
-9.5454545455e-01 8.6363636364e-01 0.0000000000e+00 2.7557584170e-09 -5.5599729564e-09
-9.2424242424e-01 8.6363636364e-01 0.0000000000e+00 2.8042537367e-09 -5.5121195360e-09
-8.9393939394e-01 8.6363636364e-01 0.0000000000e+00 2.8536945315e-09 -5.4683196146e-09
-8.6363636364e-01 8.6363636364e-01 0.0000000000e+00 2.9040457701e-09 -5.4285381609e-09
-8.3333333333e-01 8.6363636364e-01 0.0000000000e+00 2.9552627491e-09 -5.3927304715e-09
-8.0303030303e-01 8.6363636364e-01 0.0000000000e+00 3.0072899427e-09 -5.3608410205e-09
-7.7272727273e-01 8.6363636364e-01 0.0000000000e+00 3.0600597960e-09 -5.3328022531e-09
-7.4242424242e-01 8.6363636364e-01 0.0000000000e+00 3.1134914794e-09 -5.3085333397e-09
-7.1212121212e-01 8.6363636364e-01 0.0000000000e+00 3.1674896255e-09 -5.2879389128e-09
-6.8181818182e-01 8.6363636364e-01 0.0000000000e+00 3.2219430781e-09 -5.2709078163e-09
-6.5151515152e-01 8.6363636364e-01 0.0000000000e+00 3.2767236899e-09 -5.2573119029e-09
-6.2121212121e-01 8.6363636364e-01 0.0000000000e+00 3.3316852140e-09 -5.2470049257e-09
-5.9090909091e-01 8.6363636364e-01 0.0000000000e+00 3.3866623432e-09 -5.2398215775e-09
-5.6060606061e-01 8.6363636364e-01 0.0000000000e+00 3.4414699587e-09 -5.2355767394e-09
-5.3030303030e-01 8.6363636364e-01 0.0000000000e+00 3.4959026591e-09 -5.2340650100e-09
-5.0000000000e-01 8.6363636364e-01 0.0000000000e+00 3.5497346444e-09 -5.2350605895e-09
-4.6969696970e-01 8.6363636364e-01 0.0000000000e+00 3.6027200369e-09 -5.2383176000e-09
-4.3939393939e-01 8.6363636364e-01 0.0000000000e+00 3.6545937172e-09 -5.2435709222e-09
-4.0909090909e-01 8.6363636364e-01 0.0000000000e+00 3.7050727530e-09 -5.2505376238e-09
-3.7878787879e-01 8.6363636364e-01 0.0000000000e+00 3.7538584874e-09 -5.2589190479e-09
-3.4848484848e-01 8.6363636364e-01 0.0000000000e+00 3.8006393365e-09 -5.2684036105e-09
-3.1818181818e-01 8.6363636364e-01 0.0000000000e+00 3.8450943256e-09 -5.2786703370e-09
-2.8787878788e-01 8.6363636364e-01 0.0000000000e+00 3.8868973620e-09 -5.2893931347e-09
-2.5757575758e-01 8.6363636364e-01 0.0000000000e+00 3.9257222067e-09 -5.3002457645e-09
-2.2727272727e-01 8.6363636364e-01 0.0000000000e+00 3.9612480666e-09 -5.3109074334e-09
-1.9696969697e-01 8.6363636364e-01 0.0000000000e+00 3.9931656837e-09 -5.3210688834e-09
-1.6666666667e-01 8.6363636364e-01 0.0000000000e+00 4.0211837538e-09 -5.3304388103e-09
-1.3636363636e-01 8.6363636364e-01 0.0000000000e+00 4.0450354644e-09 -5.3387504016e-09
-1.0606060606e-01 8.6363636364e-01 0.0000000000e+00 4.0644849085e-09 -5.3457677501e-09
-7.5757575758e-02 8.6363636364e-01 0.0000000000e+00 4.0793331072e-09 -5.3512918772e-09
-4.5454545455e-02 8.6363636364e-01 0.0000000000e+00 4.0894233666e-09 -5.3551660888e-09
-1.5151515152e-02 8.6363636364e-01 0.0000000000e+00 4.0946457040e-09 -5.3572804024e-09
1.5151515152e-02 8.6363636364e-01 0.0000000000e+00 4.0949401108e-09 -5.3575748091e-09
4.5454545455e-02 8.6363636364e-01 0.0000000000e+00 4.0902984654e-09 -5.3560411877e-09
7.5757575758e-02 8.6363636364e-01 0.0000000000e+00 4.0807649806e-09 -5.3527237506e-09
1.0606060606e-01 8.6363636364e-01 0.0000000000e+00 4.0664351419e-09 -5.3477179836e-09
1.3636363636e-01 8.6363636364e-01 0.0000000000e+00 4.0474531834e-09 -5.3411681205e-09
1.6666666667e-01 8.6363636364e-01 0.0000000000e+00 4.0240082220e-09 -5.3332632785e-09
1.9696969697e-01 8.6363636364e-01 0.0000000000e+00 3.9963292497e-09 -5.3242324494e-09
2.2727272727e-01 8.6363636364e-01 0.0000000000e+00 3.9646792320e-09 -5.3143385988e-09
2.5757575758e-01 8.6363636364e-01 0.0000000000e+00 3.9293486011e-09 -5.3038721589e-09
2.8787878788e-01 8.6363636364e-01 0.0000000000e+00 3.8906484428e-09 -5.2931442155e-09
3.1818181818e-01 8.6363636364e-01 0.0000000000e+00 3.8489036656e-09 -5.2824796769e-09
3.4848484848e-01 8.6363636364e-01 0.0000000000e+00 3.8044464151e-09 -5.2722106891e-09
3.7878787879e-01 8.6363636364e-01 0.0000000000e+00 3.7576099534e-09 -5.2626705139e-09
4.0909090909e-01 8.6363636364e-01 0.0000000000e+00 3.7087231707e-09 -5.2541880415e-09
4.3939393939e-01 8.6363636364e-01 0.0000000000e+00 3.6581058437e-09 -5.2470830487e-09
4.6969696970e-01 8.6363636364e-01 0.0000000000e+00 3.6060647028e-09 -5.2416622660e-09
5.0000000000e-01 8.6363636364e-01 0.0000000000e+00 3.5528903211e-09 -5.2382162662e-09
5.3030303030e-01 8.6363636364e-01 0.0000000000e+00 3.4988547997e-09 -5.2370171506e-09
5.6060606061e-01 8.6363636364e-01 0.0000000000e+00 3.4442101942e-09 -5.2383169749e-09
5.9090909091e-01 8.6363636364e-01 0.0000000000e+00 3.3891876050e-09 -5.2423468392e-09
6.2121212121e-01 8.6363636364e-01 0.0000000000e+00 3.3339968423e-09 -5.2493165540e-09
6.5151515152e-01 8.6363636364e-01 0.0000000000e+00 3.2788265719e-09 -5.2594147849e-09
6.8181818182e-01 8.6363636364e-01 0.0000000000e+00 3.2238448487e-09 -5.2728095870e-09
7.1212121212e-01 8.6363636364e-01 0.0000000000e+00 3.1691999500e-09 -5.2896492373e-09
7.4242424242e-01 8.6363636364e-01 0.0000000000e+00 3.1150214285e-09 -5.3100632888e-09
7.7272727273e-01 8.6363636364e-01 0.0000000000e+00 3.0614213167e-09 -5.3341637738e-09
8.0303030303e-01 8.6363636364e-01 0.0000000000e+00 3.0084954212e-09 -5.3620464990e-09
8.3333333333e-01 8.6363636364e-01 0.0000000000e+00 2.9563246603e-09 -5.3937923826e-09
8.6363636364e-01 8.6363636364e-01 0.0000000000e+00 2.9049764040e-09 -5.4294687948e-09
8.9393939394e-01 8.6363636364e-01 0.0000000000e+00 2.8545057877e-09 -5.4691308708e-09
9.2424242424e-01 8.6363636364e-01 0.0000000000e+00 2.8049569757e-09 -5.5128227750e-09
9.5454545455e-01 8.6363636364e-01 0.0000000000e+00 2.7563643597e-09 -5.5605788990e-09
9.8484848485e-01 8.6363636364e-01 0.0000000000e+00 2.7087536814e-09 -5.6124249847e-09
1.0151515152e+00 8.6363636364e-01 0.0000000000e+00 2.6621430731e-09 -5.6683791642e-09
1.0454545455e+00 8.6363636364e-01 0.0000000000e+00 2.6165440138e-09 -5.7284529166e-09
1.0757575758e+00 8.6363636364e-01 0.0000000000e+00 2.5719622011e-09 -5.7926519394e-09
1.1060606061e+00 8.6363636364e-01 0.0000000000e+00 2.5283983402e-09 -5.8609769380e-09
1.1363636364e+00 8.6363636364e-01 0.0000000000e+00 2.4858488549e-09 -5.9334243359e-09
1.1666666667e+00 8.6363636364e-01 0.0000000000e+00 2.4443065232e-09 -6.0099869114e-09
1.1969696970e+00 8.6363636364e-01 0.0000000000e+00 2.4037610438e-09 -6.0906543631e-09
1.2272727273e+00 8.6363636364e-01 0.0000000000e+00 2.3641995386e-09 -6.1754138127e-09
1.2575757576e+00 8.6363636364e-01 0.0000000000e+00 2.3256069955e-09 -6.2642502485e-09
1.2878787879e+00 8.6363636364e-01 0.0000000000e+00 2.2879666588e-09 -6.3571469144e-09
1.3181818182e+00 8.6363636364e-01 0.0000000000e+00 2.2512603699e-09 -6.4540856520e-09
1.3484848485e+00 8.6363636364e-01 0.0000000000e+00 2.2154688653e-09 -6.5550471979e-09
1.3787878788e+00 8.6363636364e-01 0.0000000000e+00 2.1805720352e-09 -6.6600114421e-09
1.4090909091e+00 8.6363636364e-01 0.0000000000e+00 2.1465491475e-09 -6.7689576525e-09
1.4393939394e+00 8.6363636364e-01 0.0000000000e+00 2.1133790404e-09 -6.8818646675e-09
1.4696969697e+00 8.6363636364e-01 0.0000000000e+00 2.0810402882e-09 -6.9987110611e-09
1.5000000000e+00 8.6363636364e-01 0.0000000000e+00 2.0495113425e-09 -7.1194752852e-09
-1.5000000000e+00 8.9393939394e-01 0.0000000000e+00 2.0314902868e-09 -7.1915869218e-09
-1.4696969697e+00 8.9393939394e-01 0.0000000000e+00 2.0621708920e-09 -7.0699743572e-09
-1.4393939394e+00 8.9393939394e-01 0.0000000000e+00 2.0936119132e-09 -6.9522302325e-09
-1.4090909091e+00 8.9393939394e-01 0.0000000000e+00 2.1258316870e-09 -6.8383728843e-09
-1.3787878788e+00 8.9393939394e-01 0.0000000000e+00 2.1588482240e-09 -6.7284203232e-09
-1.3484848485e+00 8.9393939394e-01 0.0000000000e+00 2.1926790598e-09 -6.6223900847e-09
-1.3181818182e+00 8.9393939394e-01 0.0000000000e+00 2.2273410826e-09 -6.5202990570e-09
-1.2878787879e+00 8.9393939394e-01 0.0000000000e+00 2.2628503352e-09 -6.4221632831e-09
-1.2575757576e+00 8.9393939394e-01 0.0000000000e+00 2.2992217886e-09 -6.3279977339e-09
-1.2272727273e+00 8.9393939394e-01 0.0000000000e+00 2.3364690830e-09 -6.2378160495e-09
-1.1969696970e+00 8.9393939394e-01 0.0000000000e+00 2.3746042336e-09 -6.1516302452e-09
-1.1666666667e+00 8.9393939394e-01 0.0000000000e+00 2.4136372974e-09 -6.0694503779e-09
-1.1363636364e+00 8.9393939394e-01 0.0000000000e+00 2.4535759976e-09 -5.9912841710e-09
-1.1060606061e+00 8.9393939394e-01 0.0000000000e+00 2.4944253009e-09 -5.9171365910e-09
-1.0757575758e+00 8.9393939394e-01 0.0000000000e+00 2.5361869452e-09 -5.8470093758e-09
-1.0454545455e+00 8.9393939394e-01 0.0000000000e+00 2.5788589132e-09 -5.7809005083e-09
-1.0151515152e+00 8.9393939394e-01 0.0000000000e+00 2.6224348492e-09 -5.7188036326e-09
-9.8484848485e-01 8.9393939394e-01 0.0000000000e+00 2.6669034161e-09 -5.6607074118e-09
-9.5454545455e-01 8.9393939394e-01 0.0000000000e+00 2.7122475916e-09 -5.6065948233e-09
-9.2424242424e-01 8.9393939394e-01 0.0000000000e+00 2.7584439011e-09 -5.5564423927e-09
-8.9393939394e-01 8.9393939394e-01 0.0000000000e+00 2.8054615904e-09 -5.5102193658e-09
-8.6363636364e-01 8.9393939394e-01 0.0000000000e+00 2.8532617394e-09 -5.4678868225e-09
-8.3333333333e-01 8.9393939394e-01 0.0000000000e+00 2.9017963226e-09 -5.4293967373e-09
-8.0303030303e-01 8.9393939394e-01 0.0000000000e+00 2.9510072251e-09 -5.3946909952e-09
-7.7272727273e-01 8.9393939394e-01 0.0000000000e+00 3.0008252255e-09 -5.3637003749e-09
-7.4242424242e-01 8.9393939394e-01 0.0000000000e+00 3.0511689634e-09 -5.3363435159e-09
-7.1212121212e-01 8.9393939394e-01 0.0000000000e+00 3.1019439114e-09 -5.3125258910e-09
-6.8181818182e-01 8.9393939394e-01 0.0000000000e+00 3.1530413809e-09 -5.2921388114e-09
-6.5151515152e-01 8.9393939394e-01 0.0000000000e+00 3.2043375928e-09 -5.2750584982e-09
-6.2121212121e-01 8.9393939394e-01 0.0000000000e+00 3.2556928544e-09 -5.2611452584e-09
-5.9090909091e-01 8.9393939394e-01 0.0000000000e+00 3.3069508880e-09 -5.2502428145e-09
-5.6060606061e-01 8.9393939394e-01 0.0000000000e+00 3.3579383629e-09 -5.2421778359e-09
-5.3030303030e-01 8.9393939394e-01 0.0000000000e+00 3.4084646897e-09 -5.2367597330e-09
-5.0000000000e-01 8.9393939394e-01 0.0000000000e+00 3.4583221349e-09 -5.2337807723e-09
-4.6969696970e-01 8.9393939394e-01 0.0000000000e+00 3.5072863210e-09 -5.2330165764e-09
-4.3939393939e-01 8.9393939394e-01 0.0000000000e+00 3.5551171709e-09 -5.2342270682e-09
-4.0909090909e-01 8.9393939394e-01 0.0000000000e+00 3.6015603528e-09 -5.2371579159e-09
-3.7878787879e-01 8.9393939394e-01 0.0000000000e+00 3.6463492717e-09 -5.2415425244e-09
-3.4848484848e-01 8.9393939394e-01 0.0000000000e+00 3.6892076384e-09 -5.2471046047e-09
-3.1818181818e-01 8.9393939394e-01 0.0000000000e+00 3.7298526291e-09 -5.2535613328e-09
-2.8787878788e-01 8.9393939394e-01 0.0000000000e+00 3.7679986219e-09 -5.2606270869e-09
-2.5757575758e-01 8.9393939394e-01 0.0000000000e+00 3.8033614703e-09 -5.2680177204e-09
-2.2727272727e-01 8.9393939394e-01 0.0000000000e+00 3.8356632396e-09 -5.2754552988e-09
-1.9696969697e-01 8.9393939394e-01 0.0000000000e+00 3.8646372991e-09 -5.2826731912e-09
-1.6666666667e-01 8.9393939394e-01 0.0000000000e+00 3.8900336307e-09 -5.2894213795e-09
-1.3636363636e-01 8.9393939394e-01 0.0000000000e+00 3.9116241831e-09 -5.2954718125e-09
-1.0606060606e-01 8.9393939394e-01 0.0000000000e+00 3.9292080785e-09 -5.3006236125e-09
-7.5757575758e-02 8.9393939394e-01 0.0000000000e+00 3.9426164644e-09 -5.3047079267e-09
-4.5454545455e-02 8.9393939394e-01 0.0000000000e+00 3.9517167975e-09 -5.3075922121e-09
-1.5151515152e-02 8.9393939394e-01 0.0000000000e+00 3.9564163614e-09 -5.3091837521e-09
1.5151515152e-02 8.9393939394e-01 0.0000000000e+00 3.9566648420e-09 -5.3094322327e-09
4.5454545455e-02 8.9393939394e-01 0.0000000000e+00 3.9524558234e-09 -5.3083312380e-09
7.5757575758e-02 8.9393939394e-01 0.0000000000e+00 3.9438271185e-09 -5.3059185808e-09
1.0606060606e-01 8.9393939394e-01 0.0000000000e+00 3.9308599059e-09 -5.3022754398e-09
1.3636363636e-01 8.9393939394e-01 0.0000000000e+00 3.9136767079e-09 -5.2975243374e-09
1.6666666667e-01 8.9393939394e-01 0.0000000000e+00 3.8924383026e-09 -5.2918260514e-09
1.9696969697e-01 8.9393939394e-01 0.0000000000e+00 3.8673397179e-09 -5.2853756099e-09
2.2727272727e-01 8.9393939394e-01 0.0000000000e+00 3.8386054968e-09 -5.2783975559e-09
2.5757575758e-01 8.9393939394e-01 0.0000000000e+00 3.8064844508e-09 -5.2711407010e-09
2.8787878788e-01 8.9393939394e-01 0.0000000000e+00 3.7712441294e-09 -5.2638725944e-09
3.1818181818e-01 8.9393939394e-01 0.0000000000e+00 3.7331652283e-09 -5.2568739320e-09
3.4848484848e-01 8.9393939394e-01 0.0000000000e+00 3.6925361447e-09 -5.2504331110e-09
3.7878787879e-01 8.9393939394e-01 0.0000000000e+00 3.6496478528e-09 -5.2448411056e-09
4.0909090909e-01 8.9393939394e-01 0.0000000000e+00 3.6047892425e-09 -5.2403868056e-09
4.3939393939e-01 8.9393939394e-01 0.0000000000e+00 3.5582430194e-09 -5.2373529167e-09
4.6969696970e-01 8.9393939394e-01 0.0000000000e+00 3.5102822287e-09 -5.2360124841e-09
5.0000000000e-01 8.9393939394e-01 0.0000000000e+00 3.4611674258e-09 -5.2366260632e-09
5.3030303030e-01 8.9393939394e-01 0.0000000000e+00 3.4111444871e-09 -5.2394395304e-09
5.6060606061e-01 8.9393939394e-01 0.0000000000e+00 3.3604430273e-09 -5.2446825003e-09
5.9090909091e-01 8.9393939394e-01 0.0000000000e+00 3.3092753731e-09 -5.2525672997e-09
6.2121212121e-01 8.9393939394e-01 0.0000000000e+00 3.2578360287e-09 -5.2632884327e-09
6.5151515152e-01 8.9393939394e-01 0.0000000000e+00 3.2063015635e-09 -5.2770224688e-09
6.8181818182e-01 8.9393939394e-01 0.0000000000e+00 3.1548308504e-09 -5.2939282809e-09
7.1212121212e-01 8.9393939394e-01 0.0000000000e+00 3.1035655848e-09 -5.3141475644e-09
7.4242424242e-01 8.9393939394e-01 0.0000000000e+00 3.0526310194e-09 -5.3378055720e-09
7.7272727273e-01 8.9393939394e-01 0.0000000000e+00 3.0021368572e-09 -5.3650120066e-09
8.0303030303e-01 8.9393939394e-01 0.0000000000e+00 2.9521782499e-09 -5.3958620200e-09
8.3333333333e-01 8.9393939394e-01 0.0000000000e+00 2.9028368606e-09 -5.4304372753e-09
8.6363636364e-01 8.9393939394e-01 0.0000000000e+00 2.8541819542e-09 -5.4688070373e-09
8.9393939394e-01 8.9393939394e-01 0.0000000000e+00 2.8062714860e-09 -5.5110292614e-09
9.2424242424e-01 8.9393939394e-01 0.0000000000e+00 2.7591531677e-09 -5.5571516593e-09
9.5454545455e-01 8.9393939394e-01 0.0000000000e+00 2.7128654941e-09 -5.6072127257e-09
9.8484848485e-01 8.9393939394e-01 0.0000000000e+00 2.6674387169e-09 -5.6612427125e-09
1.0151515152e+00 8.9393939394e-01 0.0000000000e+00 2.6228957601e-09 -5.7192645435e-09
1.0454545455e+00 8.9393939394e-01 0.0000000000e+00 2.5792530708e-09 -5.7812946659e-09
1.0757575758e+00 8.9393939394e-01 0.0000000000e+00 2.5365214031e-09 -5.8473438338e-09
1.1060606061e+00 8.9393939394e-01 0.0000000000e+00 2.4947065371e-09 -5.9174178271e-09
1.1363636364e+00 8.9393939394e-01 0.0000000000e+00 2.4538099308e-09 -5.9915181042e-09
1.1666666667e+00 8.9393939394e-01 0.0000000000e+00 2.4138293116e-09 -6.0696423921e-09
1.1969696970e+00 8.9393939394e-01 0.0000000000e+00 2.3747592069e-09 -6.1517852185e-09
1.2272727273e+00 8.9393939394e-01 0.0000000000e+00 2.3365914196e-09 -6.2379383862e-09
1.2575757576e+00 8.9393939394e-01 0.0000000000e+00 2.2993154525e-09 -6.3280913978e-09
1.2878787879e+00 8.9393939394e-01 0.0000000000e+00 2.2629188838e-09 -6.4222318318e-09
1.3181818182e+00 8.9393939394e-01 0.0000000000e+00 2.2273877004e-09 -6.5203456749e-09
1.3484848485e+00 8.9393939394e-01 0.0000000000e+00 2.1927065908e-09 -6.6224176157e-09
1.3787878788e+00 8.9393939394e-01 0.0000000000e+00 2.1588592022e-09 -6.7284313014e-09
1.4090909091e+00 8.9393939394e-01 0.0000000000e+00 2.1258283660e-09 -6.8383695634e-09
1.4393939394e+00 8.9393939394e-01 0.0000000000e+00 2.0935962933e-09 -6.9522146126e-09
1.4696969697e+00 8.9393939394e-01 0.0000000000e+00 2.0621447452e-09 -7.0699482105e-09
1.5000000000e+00 8.9393939394e-01 0.0000000000e+00 2.0314551803e-09 -7.1915518154e-09
-1.5000000000e+00 9.2424242424e-01 0.0000000000e+00 2.0132884131e-09 -7.2666257643e-09
-1.4696969697e+00 9.2424242424e-01 0.0000000000e+00 2.0431384390e-09 -7.1441826204e-09
-1.4393939394e+00 9.2424242424e-01 0.0000000000e+00 2.0737028378e-09 -7.0255618734e-09
-1.4090909091e+00 9.2424242424e-01 0.0000000000e+00 2.1049971775e-09 -6.9107790911e-09
-1.3787878788e+00 9.2424242424e-01 0.0000000000e+00 2.1370365490e-09 -6.7998493643e-09
-1.3484848485e+00 9.2424242424e-01 0.0000000000e+00 2.1698354145e-09 -6.6927871555e-09
-1.3181818182e+00 9.2424242424e-01 0.0000000000e+00 2.2034074345e-09 -6.5896061252e-09
-1.2878787879e+00 9.2424242424e-01 0.0000000000e+00 2.2377652705e-09 -6.4903189347e-09
-1.2575757576e+00 9.2424242424e-01 0.0000000000e+00 2.2729203610e-09 -6.3949370225e-09
-1.2272727273e+00 9.2424242424e-01 0.0000000000e+00 2.3088826684e-09 -6.3034703510e-09
-1.1969696970e+00 9.2424242424e-01 0.0000000000e+00 2.3456603940e-09 -6.2159271218e-09
-1.1666666667e+00 9.2424242424e-01 0.0000000000e+00 2.3832596584e-09 -6.1323134551e-09
-1.1363636364e+00 9.2424242424e-01 0.0000000000e+00 2.4216841428e-09 -6.0526330323e-09
-1.1060606061e+00 9.2424242424e-01 0.0000000000e+00 2.4609346913e-09 -5.9768866976e-09
-1.0757575758e+00 9.2424242424e-01 0.0000000000e+00 2.5010088689e-09 -5.9050720157e-09
-1.0454545455e+00 9.2424242424e-01 0.0000000000e+00 2.5419004734e-09 -5.8371827846e-09
-1.0151515152e+00 9.2424242424e-01 0.0000000000e+00 2.5835990006e-09 -5.7732085002e-09
-9.8484848485e-01 9.2424242424e-01 0.0000000000e+00 2.6260890596e-09 -5.7131337714e-09
-9.5454545455e-01 9.2424242424e-01 0.0000000000e+00 2.6693497390e-09 -5.6569376868e-09
-9.2424242424e-01 9.2424242424e-01 0.0000000000e+00 2.7133539237e-09 -5.6045931315e-09
-8.9393939394e-01 9.2424242424e-01 0.0000000000e+00 2.7580675662e-09 -5.5560660578e-09
-8.6363636364e-01 9.2424242424e-01 0.0000000000e+00 2.8034489138e-09 -5.5113147131e-09
-8.3333333333e-01 9.2424242424e-01 0.0000000000e+00 2.8494477012e-09 -5.4702888321e-09
-8.0303030303e-01 9.2424242424e-01 0.0000000000e+00 2.8960043152e-09 -5.4329288015e-09
-7.7272727273e-01 9.2424242424e-01 0.0000000000e+00 2.9430489449e-09 -5.3991648104e-09
-7.4242424242e-01 9.2424242424e-01 0.0000000000e+00 2.9905007334e-09 -5.3689160022e-09
-7.1212121212e-01 9.2424242424e-01 0.0000000000e+00 3.0382669519e-09 -5.3420896477e-09
-6.8181818182e-01 9.2424242424e-01 0.0000000000e+00 3.0862422193e-09 -5.3185803660e-09
-6.5151515152e-01 9.2424242424e-01 0.0000000000e+00 3.1343077988e-09 -5.2982694203e-09
-6.2121212121e-01 9.2424242424e-01 0.0000000000e+00 3.1823310049e-09 -5.2810241251e-09
-5.9090909091e-01 9.2424242424e-01 0.0000000000e+00 3.2301647601e-09 -5.2666974029e-09
-5.6060606061e-01 9.2424242424e-01 0.0000000000e+00 3.2776473450e-09 -5.2551275341e-09
-5.3030303030e-01 9.2424242424e-01 0.0000000000e+00 3.3246023868e-09 -5.2461381462e-09
-5.0000000000e-01 9.2424242424e-01 0.0000000000e+00 3.3708391370e-09 -5.2395384906e-09
-4.6969696970e-01 9.2424242424e-01 0.0000000000e+00 3.4161530834e-09 -5.2351240551e-09
-4.3939393939e-01 9.2424242424e-01 0.0000000000e+00 3.4603269437e-09 -5.2326775573e-09
-4.0909090909e-01 9.2424242424e-01 0.0000000000e+00 3.5031320799e-09 -5.2319703592e-09
-3.7878787879e-01 9.2424242424e-01 0.0000000000e+00 3.5443303640e-09 -5.2327643330e-09
-3.4848484848e-01 9.2424242424e-01 0.0000000000e+00 3.5836765133e-09 -5.2348141958e-09
-3.1818181818e-01 9.2424242424e-01 0.0000000000e+00 3.6209208968e-09 -5.2378703167e-09
-2.8787878788e-01 9.2424242424e-01 0.0000000000e+00 3.6558127936e-09 -5.2416819747e-09
-2.5757575758e-01 9.2424242424e-01 0.0000000000e+00 3.6881040628e-09 -5.2460010292e-09
-2.2727272727e-01 9.2424242424e-01 0.0000000000e+00 3.7175531582e-09 -5.2505859335e-09
-1.9696969697e-01 9.2424242424e-01 0.0000000000e+00 3.7439293946e-09 -5.2552060029e-09
-1.6666666667e-01 9.2424242424e-01 0.0000000000e+00 3.7670173524e-09 -5.2596458174e-09
-1.3636363636e-01 9.2424242424e-01 0.0000000000e+00 3.7866212793e-09 -5.2637096249e-09
-1.0606060606e-01 9.2424242424e-01 0.0000000000e+00 3.8025693375e-09 -5.2672255877e-09
-7.5757575758e-02 9.2424242424e-01 0.0000000000e+00 3.8147175336e-09 -5.2700497121e-09
-4.5454545455e-02 9.2424242424e-01 0.0000000000e+00 3.8229531658e-09 -5.2720692965e-09
-1.5151515152e-02 9.2424242424e-01 0.0000000000e+00 3.8271976391e-09 -5.2732057459e-09
1.5151515152e-02 9.2424242424e-01 0.0000000000e+00 3.8274085127e-09 -5.2734166196e-09
4.5454545455e-02 9.2424242424e-01 0.0000000000e+00 3.8235806797e-09 -5.2726968105e-09
7.5757575758e-02 9.2424242424e-01 0.0000000000e+00 3.8157466140e-09 -5.2710787925e-09
1.0606060606e-01 9.2424242424e-01 0.0000000000e+00 3.8039756654e-09 -5.2686319156e-09
1.3636363636e-01 9.2424242424e-01 0.0000000000e+00 3.7883724296e-09 -5.2654607752e-09
1.6666666667e-01 9.2424242424e-01 0.0000000000e+00 3.7690742643e-09 -5.2617027292e-09
1.9696969697e-01 9.2424242424e-01 0.0000000000e+00 3.7462480643e-09 -5.2575246725e-09
2.2727272727e-01 9.2424242424e-01 0.0000000000e+00 3.7200864380e-09 -5.2531192133e-09
2.5757575758e-01 9.2424242424e-01 0.0000000000e+00 3.6908034509e-09 -5.2487004172e-09
2.8787878788e-01 9.2424242424e-01 0.0000000000e+00 3.6586301125e-09 -5.2444992936e-09
3.1818181818e-01 9.2424242424e-01 0.0000000000e+00 3.6238097780e-09 -5.2407591979e-09
3.4848484848e-01 9.2424242424e-01 0.0000000000e+00 3.5865936301e-09 -5.2377313126e-09
3.7878787879e-01 9.2424242424e-01 0.0000000000e+00 3.5472363798e-09 -5.2356703487e-09
4.0909090909e-01 9.2424242424e-01 0.0000000000e+00 3.5059923044e-09 -5.2348305838e-09
4.3939393939e-01 9.2424242424e-01 0.0000000000e+00 3.4631117093e-09 -5.2354623228e-09
4.6969696970e-01 9.2424242424e-01 0.0000000000e+00 3.4188378690e-09 -5.2378088407e-09
5.0000000000e-01 9.2424242424e-01 0.0000000000e+00 3.3734044794e-09 -5.2421038330e-09
5.3030303030e-01 9.2424242424e-01 0.0000000000e+00 3.3270336216e-09 -5.2485693810e-09
5.6060606061e-01 9.2424242424e-01 0.0000000000e+00 3.2799342233e-09 -5.2574144125e-09
5.9090909091e-01 9.2424242424e-01 0.0000000000e+00 3.2323009827e-09 -5.2688336255e-09
6.2121212121e-01 9.2424242424e-01 0.0000000000e+00 3.1843137108e-09 -5.2830068310e-09
6.5151515152e-01 9.2424242424e-01 0.0000000000e+00 3.1361370411e-09 -5.3000986626e-09
6.8181818182e-01 9.2424242424e-01 0.0000000000e+00 3.0879204513e-09 -5.3202585980e-09
7.1212121212e-01 9.2424242424e-01 0.0000000000e+00 3.0397985431e-09 -5.3436212389e-09
7.4242424242e-01 9.2424242424e-01 0.0000000000e+00 2.9918915268e-09 -5.3703067955e-09
7.7272727273e-01 9.2424242424e-01 0.0000000000e+00 2.9443058634e-09 -5.4004217290e-09
8.0303030303e-01 9.2424242424e-01 0.0000000000e+00 2.8971350203e-09 -5.4340595066e-09
8.3333333333e-01 9.2424242424e-01 0.0000000000e+00 2.8504603032e-09 -5.4713014340e-09
8.6363636364e-01 9.2424242424e-01 0.0000000000e+00 2.8043517320e-09 -5.5122175313e-09
8.9393939394e-01 9.2424242424e-01 0.0000000000e+00 2.7588689357e-09 -5.5568674273e-09
9.2424242424e-01 9.2424242424e-01 0.0000000000e+00 2.7140620426e-09 -5.6053012504e-09
9.5454545455e-01 9.2424242424e-01 0.0000000000e+00 2.6699725520e-09 -5.6575604999e-09
9.8484848485e-01 9.2424242424e-01 0.0000000000e+00 2.6266341732e-09 -5.7136788850e-09
1.0151515152e+00 9.2424242424e-01 0.0000000000e+00 2.5840736234e-09 -5.7736831230e-09
1.0454545455e+00 9.2424242424e-01 0.0000000000e+00 2.5423113787e-09 -5.8375936900e-09
1.0757575758e+00 9.2424242424e-01 0.0000000000e+00 2.5013623742e-09 -5.9054255210e-09
1.1060606061e+00 9.2424242424e-01 0.0000000000e+00 2.4612366515e-09 -5.9771886578e-09
1.1363636364e+00 9.2424242424e-01 0.0000000000e+00 2.4219399541e-09 -6.0528888436e-09
1.1666666667e+00 9.2424242424e-01 0.0000000000e+00 2.3834742701e-09 -6.1325280669e-09
1.1969696970e+00 9.2424242424e-01 0.0000000000e+00 2.3458383265e-09 -6.2161050542e-09
1.2272727273e+00 9.2424242424e-01 0.0000000000e+00 2.3090280339e-09 -6.3036157166e-09
1.2575757576e+00 9.2424242424e-01 0.0000000000e+00 2.2730368885e-09 -6.3950535500e-09
1.2878787879e+00 9.2424242424e-01 0.0000000000e+00 2.2378563309e-09 -6.4904099950e-09
1.3181818182e+00 9.2424242424e-01 0.0000000000e+00 2.2034760663e-09 -6.5896747570e-09
1.3484848485e+00 9.2424242424e-01 0.0000000000e+00 2.1698843503e-09 -6.6928360914e-09
1.3787878788e+00 9.2424242424e-01 0.0000000000e+00 2.1370682403e-09 -6.7998810557e-09
1.4090909091e+00 9.2424242424e-01 0.0000000000e+00 2.1050138193e-09 -6.9107957328e-09
1.4393939394e+00 9.2424242424e-01 0.0000000000e+00 2.0737063911e-09 -7.0255654267e-09
1.4696969697e+00 9.2424242424e-01 0.0000000000e+00 2.0431306529e-09 -7.1441748344e-09
1.5000000000e+00 9.2424242424e-01 0.0000000000e+00 2.0132708450e-09 -7.2666081962e-09
-1.5000000000e+00 9.5454545455e-01 0.0000000000e+00 1.9949868761e-09 -7.3446729674e-09
-1.4696969697e+00 9.5454545455e-01 0.0000000000e+00 2.0240174708e-09 -7.2214103924e-09
-1.4393939394e+00 9.5454545455e-01 0.0000000000e+00 2.0537182196e-09 -7.1019259952e-09
-1.4090909091e+00 9.5454545455e-01 0.0000000000e+00 2.0841021407e-09 -6.9862327943e-09
-1.3787878788e+00 9.5454545455e-01 0.0000000000e+00 2.1151816487e-09 -6.8743432041e-09
-1.3484848485e+00 9.5454545455e-01 0.0000000000e+00 2.1469684022e-09 -6.7662688834e-09
-1.3181818182e+00 9.5454545455e-01 0.0000000000e+00 2.1794731322e-09 -6.6620205629e-09
-1.2878787879e+00 9.5454545455e-01 0.0000000000e+00 2.2127054477e-09 -6.5616078519e-09
-1.2575757576e+00 9.5454545455e-01 0.0000000000e+00 2.2466736176e-09 -6.4650390192e-09
-1.2272727273e+00 9.5454545455e-01 0.0000000000e+00 2.2813843258e-09 -6.3723207485e-09
-1.1969696970e+00 9.5454545455e-01 0.0000000000e+00 2.3168423977e-09 -6.2834578656e-09
-1.1666666667e+00 9.5454545455e-01 0.0000000000e+00 2.3530504961e-09 -6.1984530329e-09
-1.1363636364e+00 9.5454545455e-01 0.0000000000e+00 2.3900087832e-09 -6.1173064128e-09
-1.1060606061e+00 9.5454545455e-01 0.0000000000e+00 2.4277145484e-09 -6.0400152947e-09
-1.0757575758e+00 9.5454545455e-01 0.0000000000e+00 2.4661617981e-09 -5.9665736850e-09
-1.0454545455e+00 9.5454545455e-01 0.0000000000e+00 2.5053408080e-09 -5.8969718594e-09
-1.0151515152e+00 9.5454545455e-01 0.0000000000e+00 2.5452376350e-09 -5.8311958746e-09
-9.8484848485e-01 9.5454545455e-01 0.0000000000e+00 2.5858335897e-09 -5.7692270415e-09
-9.5454545455e-01 9.5454545455e-01 0.0000000000e+00 2.6271046703e-09 -5.7110413582e-09
-9.2424242424e-01 9.5454545455e-01 0.0000000000e+00 2.6690209584e-09 -5.6566089063e-09
-8.9393939394e-01 9.5454545455e-01 0.0000000000e+00 2.7115459807e-09 -5.6058932124e-09
-8.6363636364e-01 9.5454545455e-01 0.0000000000e+00 2.7546360415e-09 -5.5588505809e-09
-8.3333333333e-01 9.5454545455e-01 0.0000000000e+00 2.7982395330e-09 -5.5154294039e-09
-8.0303030303e-01 9.5454545455e-01 0.0000000000e+00 2.8422962321e-09 -5.4755694585e-09
-7.7272727273e-01 9.5454545455e-01 0.0000000000e+00 2.8867365969e-09 -5.4392012026e-09
-7.4242424242e-01 9.5454545455e-01 0.0000000000e+00 2.9314810773e-09 -5.4062450861e-09
-7.1212121212e-01 9.5454545455e-01 0.0000000000e+00 2.9764394584e-09 -5.3766108942e-09
-6.8181818182e-01 9.5454545455e-01 0.0000000000e+00 3.0215102600e-09 -5.3501971468e-09
-6.5151515152e-01 9.5454545455e-01 0.0000000000e+00 3.0665802168e-09 -5.3268905784e-09
-6.2121212121e-01 9.5454545455e-01 0.0000000000e+00 3.1115238696e-09 -5.3065657299e-09
-5.9090909091e-01 9.5454545455e-01 0.0000000000e+00 3.1562033002e-09 -5.2890846830e-09
-5.6060606061e-01 9.5454545455e-01 0.0000000000e+00 3.2004680455e-09 -5.2742969747e-09
-5.3030303030e-01 9.5454545455e-01 0.0000000000e+00 3.2441552285e-09 -5.2620397280e-09
-5.0000000000e-01 9.5454545455e-01 0.0000000000e+00 3.2870899433e-09 -5.2521380370e-09
-4.6969696970e-01 9.5454545455e-01 0.0000000000e+00 3.3290859320e-09 -5.2444056437e-09
-4.3939393939e-01 9.5454545455e-01 0.0000000000e+00 3.3699465852e-09 -5.2386459389e-09
-4.0909090909e-01 9.5454545455e-01 0.0000000000e+00 3.4094662962e-09 -5.2346533156e-09
-3.7878787879e-01 9.5454545455e-01 0.0000000000e+00 3.4474321866e-09 -5.2322148956e-09
-3.4848484848e-01 9.5454545455e-01 0.0000000000e+00 3.4836262128e-09 -5.2311126353e-09
-3.1818181818e-01 9.5454545455e-01 0.0000000000e+00 3.5178276486e-09 -5.2311258085e-09
-2.8787878788e-01 9.5454545455e-01 0.0000000000e+00 3.5498159212e-09 -5.2320338424e-09
-2.5757575758e-01 9.5454545455e-01 0.0000000000e+00 3.5793737618e-09 -5.2336194682e-09
-2.2727272727e-01 9.5454545455e-01 0.0000000000e+00 3.6062906124e-09 -5.2356721278e-09
-1.9696969697e-01 9.5454545455e-01 0.0000000000e+00 3.6303662089e-09 -5.2379915572e-09
-1.6666666667e-01 9.5454545455e-01 0.0000000000e+00 3.6514142459e-09 -5.2403914509e-09
-1.3636363636e-01 9.5454545455e-01 0.0000000000e+00 3.6692660105e-09 -5.2427030962e-09
-1.0606060606e-01 9.5454545455e-01 0.0000000000e+00 3.6837738631e-09 -5.2447788533e-09
-7.5757575758e-02 9.5454545455e-01 0.0000000000e+00 3.6948144367e-09 -5.2464953553e-09
-4.5454545455e-02 9.5454545455e-01 0.0000000000e+00 3.7022914287e-09 -5.2477562995e-09
-1.5151515152e-02 9.5454545455e-01 0.0000000000e+00 3.7061378667e-09 -5.2484947136e-09
1.5151515152e-02 9.5454545455e-01 0.0000000000e+00 3.7063177492e-09 -5.2486745961e-09
4.5454545455e-02 9.5454545455e-01 0.0000000000e+00 3.7028269824e-09 -5.2482918532e-09
7.5757575758e-02 9.5454545455e-01 0.0000000000e+00 3.6956935663e-09 -5.2473744848e-09
1.0606060606e-01 9.5454545455e-01 0.0000000000e+00 3.6849770167e-09 -5.2459820068e-09
1.3636363636e-01 9.5454545455e-01 0.0000000000e+00 3.6707670430e-09 -5.2442041287e-09
1.6666666667e-01 9.5454545455e-01 0.0000000000e+00 3.6531815383e-09 -5.2421587433e-09
1.9696969697e-01 9.5454545455e-01 0.0000000000e+00 3.6323639658e-09 -5.2399893141e-09
2.2727272727e-01 9.5454545455e-01 0.0000000000e+00 3.6084802529e-09 -5.2378617683e-09
2.5757575758e-01 9.5454545455e-01 0.0000000000e+00 3.5817153186e-09 -5.2359610250e-09
2.8787878788e-01 9.5454545455e-01 0.0000000000e+00 3.5522693710e-09 -5.2344872922e-09
3.1818181818e-01 9.5454545455e-01 0.0000000000e+00 3.5203541098e-09 -5.2336522697e-09
3.4848484848e-01 9.5454545455e-01 0.0000000000e+00 3.4861889628e-09 -5.2336753854e-09
3.7878787879e-01 9.5454545455e-01 0.0000000000e+00 3.4499974711e-09 -5.2347801801e-09
4.0909090909e-01 9.5454545455e-01 0.0000000000e+00 3.4120039177e-09 -5.2371909371e-09
4.3939393939e-01 9.5454545455e-01 0.0000000000e+00 3.3724302757e-09 -5.2411296293e-09
4.6969696970e-01 9.5454545455e-01 0.0000000000e+00 3.3314935268e-09 -5.2468132385e-09
5.0000000000e-01 9.5454545455e-01 0.0000000000e+00 3.2894033810e-09 -5.2544514747e-09
5.3030303030e-01 9.5454545455e-01 0.0000000000e+00 3.2463604076e-09 -5.2642449071e-09
5.6060606061e-01 9.5454545455e-01 0.0000000000e+00 3.2025545718e-09 -5.2763835010e-09
5.9090909091e-01 9.5454545455e-01 0.0000000000e+00 3.1581641546e-09 -5.2910455374e-09
6.2121212121e-01 9.5454545455e-01 0.0000000000e+00 3.1133550285e-09 -5.3083968888e-09
6.5151515152e-01 9.5454545455e-01 0.0000000000e+00 3.0682802481e-09 -5.3285906097e-09
6.8181818182e-01 9.5454545455e-01 0.0000000000e+00 3.0230799176e-09 -5.3517668044e-09
7.1212121212e-01 9.5454545455e-01 0.0000000000e+00 2.9778812897e-09 -5.3780527255e-09
7.4242424242e-01 9.5454545455e-01 0.0000000000e+00 2.9327990569e-09 -5.4075630658e-09
7.7272727273e-01 9.5454545455e-01 0.0000000000e+00 2.8879357936e-09 -5.4404003992e-09
8.0303030303e-01 9.5454545455e-01 0.0000000000e+00 2.8433825127e-09 -5.4766557390e-09
8.3333333333e-01 9.5454545455e-01 0.0000000000e+00 2.7992193069e-09 -5.5164091778e-09
8.6363636364e-01 9.5454545455e-01 0.0000000000e+00 2.7555160430e-09 -5.5597305824e-09
8.9393939394e-01 9.5454545455e-01 0.0000000000e+00 2.7123330889e-09 -5.6066803206e-09
9.2424242424e-01 9.5454545455e-01 0.0000000000e+00 2.6697220510e-09 -5.6573099989e-09
9.5454545455e-01 9.5454545455e-01 0.0000000000e+00 2.6277265080e-09 -5.7116631960e-09
9.8484848485e-01 9.5454545455e-01 0.0000000000e+00 2.5863827277e-09 -5.7697761796e-09
1.0151515152e+00 9.5454545455e-01 0.0000000000e+00 2.5457203573e-09 -5.8316785970e-09
1.0454545455e+00 9.5454545455e-01 0.0000000000e+00 2.5057630817e-09 -5.8973941330e-09
1.0757575758e+00 9.5454545455e-01 0.0000000000e+00 2.4665292430e-09 -5.9669411299e-09
1.1060606061e+00 9.5454545455e-01 0.0000000000e+00 2.4280324207e-09 -6.0403331670e-09
1.1363636364e+00 9.5454545455e-01 0.0000000000e+00 2.3902819696e-09 -6.1175795992e-09
1.1666666667e+00 9.5454545455e-01 0.0000000000e+00 2.3532835153e-09 -6.1986860521e-09
1.1969696970e+00 9.5454545455e-01 0.0000000000e+00 2.3170394091e-09 -6.2836548770e-09
1.2272727273e+00 9.5454545455e-01 0.0000000000e+00 2.2815491421e-09 -6.3724855648e-09
1.2575757576e+00 9.5454545455e-01 0.0000000000e+00 2.2468097210e-09 -6.4651751226e-09
1.2878787879e+00 9.5454545455e-01 0.0000000000e+00 2.2128160082e-09 -6.5617184124e-09
1.3181818182e+00 9.5454545455e-01 0.0000000000e+00 2.1795610270e-09 -6.6621084578e-09
1.3484848485e+00 9.5454545455e-01 0.0000000000e+00 2.1470362359e-09 -6.7663367171e-09
1.3787878788e+00 9.5454545455e-01 0.0000000000e+00 2.1152317734e-09 -6.8743933288e-09
1.4090909091e+00 9.5454545455e-01 0.0000000000e+00 2.0841366757e-09 -6.9862673293e-09
1.4393939394e+00 9.5454545455e-01 0.0000000000e+00 2.0537390707e-09 -7.1019468463e-09
1.4696969697e+00 9.5454545455e-01 0.0000000000e+00 2.0240263484e-09 -7.2214192699e-09
1.5000000000e+00 9.5454545455e-01 0.0000000000e+00 1.9949853125e-09 -7.3446714038e-09
-1.5000000000e+00 9.8484848485e-01 0.0000000000e+00 1.9766111964e-09 -7.4257540517e-09
-1.4696969697e+00 9.8484848485e-01 0.0000000000e+00 2.0048346986e-09 -7.3016843841e-09
-1.4393939394e+00 9.8484848485e-01 0.0000000000e+00 2.0336859802e-09 -7.1813505197e-09
-1.4090909091e+00 9.8484848485e-01 0.0000000000e+00 2.0631757212e-09 -7.0647631387e-09
-1.3787878788e+00 9.8484848485e-01 0.0000000000e+00 2.0933138928e-09 -6.9519322122e-09
-1.3484848485e+00 9.8484848485e-01 0.0000000000e+00 2.1241096070e-09 -6.8428668521e-09
-1.3181818182e+00 9.8484848485e-01 0.0000000000e+00 2.1555709475e-09 -6.7375751422e-09
-1.2878787879e+00 9.8484848485e-01 0.0000000000e+00 2.1877047814e-09 -6.6360639496e-09
-1.2575757576e+00 9.8484848485e-01 0.0000000000e+00 2.2205165479e-09 -6.5383387134e-09
-1.2272727273e+00 9.8484848485e-01 0.0000000000e+00 2.2540100240e-09 -6.4444032106e-09
-1.1969696970e+00 9.8484848485e-01 0.0000000000e+00 2.2881870643e-09 -6.3542592961e-09
-1.1666666667e+00 9.8484848485e-01 0.0000000000e+00 2.3230473143e-09 -6.2679066151e-09
-1.1363636364e+00 9.8484848485e-01 0.0000000000e+00 2.3585878944e-09 -6.1853422880e-09
-1.1060606061e+00 9.8484848485e-01 0.0000000000e+00 2.3948030538e-09 -6.1065605641e-09
-1.0757575758e+00 9.8484848485e-01 0.0000000000e+00 2.4316837936e-09 -6.0315524445e-09
-1.0454545455e+00 9.8484848485e-01 0.0000000000e+00 2.4692174577e-09 -5.9603052730e-09
-1.0151515152e+00 9.8484848485e-01 0.0000000000e+00 2.5073872915e-09 -5.8928022951e-09
-9.8484848485e-01 9.8484848485e-01 0.0000000000e+00 2.5461719694e-09 -5.8290221852e-09
-9.5454545455e-01 9.8484848485e-01 0.0000000000e+00 2.5855450917e-09 -5.7689385435e-09
-9.2424242424e-01 9.8484848485e-01 0.0000000000e+00 2.6254746538e-09 -5.7125193656e-09
-8.9393939394e-01 9.8484848485e-01 0.0000000000e+00 2.6659224921e-09 -5.6597264877e-09
-8.6363636364e-01 9.8484848485e-01 0.0000000000e+00 2.7068437103e-09 -5.6105150135e-09
-8.3333333333e-01 9.8484848485e-01 0.0000000000e+00 2.7481860950e-09 -5.5648327299e-09
-8.0303030303e-01 9.8484848485e-01 0.0000000000e+00 2.7898895292e-09 -5.5226195195e-09
-7.7272727273e-01 9.8484848485e-01 0.0000000000e+00 2.8318854143e-09 -5.4838067839e-09
-7.4242424242e-01 9.8484848485e-01 0.0000000000e+00 2.8740961170e-09 -5.4483168898e-09
-7.1212121212e-01 9.8484848485e-01 0.0000000000e+00 2.9164344555e-09 -5.4160626553e-09
-6.8181818182e-01 9.8484848485e-01 0.0000000000e+00 2.9588032462e-09 -5.3869468970e-09
-6.5151515152e-01 9.8484848485e-01 0.0000000000e+00 3.0010949337e-09 -5.3608620593e-09
-6.2121212121e-01 9.8484848485e-01 0.0000000000e+00 3.0431913274e-09 -5.3376899516e-09
-5.9090909091e-01 9.8484848485e-01 0.0000000000e+00 3.0849634740e-09 -5.3173016207e-09
-5.6060606061e-01 9.8484848485e-01 0.0000000000e+00 3.1262716938e-09 -5.2995573870e-09
-5.3030303030e-01 9.8484848485e-01 0.0000000000e+00 3.1669658113e-09 -5.2843070748e-09
-5.0000000000e-01 9.8484848485e-01 0.0000000000e+00 3.2068856087e-09 -5.2713904663e-09
-4.6969696970e-01 9.8484848485e-01 0.0000000000e+00 3.2458615308e-09 -5.2606380064e-09
-4.3939393939e-01 9.8484848485e-01 0.0000000000e+00 3.2837156656e-09 -5.2518717831e-09
-4.0909090909e-01 9.8484848485e-01 0.0000000000e+00 3.3202630192e-09 -5.2449068025e-09
-3.7878787879e-01 9.8484848485e-01 0.0000000000e+00 3.3553130973e-09 -5.2395525703e-09
-3.4848484848e-01 9.8484848485e-01 0.0000000000e+00 3.3886717947e-09 -5.2356149812e-09
-3.1818181818e-01 9.8484848485e-01 0.0000000000e+00 3.4201435844e-09 -5.2328985083e-09
-2.8787878788e-01 9.8484848485e-01 0.0000000000e+00 3.4495339832e-09 -5.2312086684e-09
-2.5757575758e-01 9.8484848485e-01 0.0000000000e+00 3.4766522581e-09 -5.2303547284e-09
-2.2727272727e-01 9.8484848485e-01 0.0000000000e+00 3.5013143203e-09 -5.2301525997e-09
-1.9696969697e-01 9.8484848485e-01 0.0000000000e+00 3.5233457424e-09 -5.2304278546e-09
-1.6666666667e-01 9.8484848485e-01 0.0000000000e+00 3.5425848173e-09 -5.2310187863e-09
-1.3636363636e-01 9.8484848485e-01 0.0000000000e+00 3.5588855700e-09 -5.2317794196e-09
-1.0606060606e-01 9.8484848485e-01 0.0000000000e+00 3.5721206229e-09 -5.2325823770e-09
-7.5757575758e-02 9.8484848485e-01 0.0000000000e+00 3.5821838142e-09 -5.2333214967e-09
-4.5454545455e-02 9.8484848485e-01 0.0000000000e+00 3.5889924708e-09 -5.2339141056e-09
-1.5151515152e-02 9.8484848485e-01 0.0000000000e+00 3.5924892449e-09 -5.2343028557e-09
1.5151515152e-02 9.8484848485e-01 0.0000000000e+00 3.5926434354e-09 -5.2344570463e-09
4.5454545455e-02 9.8484848485e-01 0.0000000000e+00 3.5894517389e-09 -5.2343733737e-09
7.5757575758e-02 9.8484848485e-01 0.0000000000e+00 3.5829383904e-09 -5.2340760729e-09
1.0606060606e-01 9.8484848485e-01 0.0000000000e+00 3.5731546873e-09 -5.2336164414e-09
1.3636363636e-01 9.8484848485e-01 0.0000000000e+00 3.5601779111e-09 -5.2330717607e-09
1.6666666667e-01 9.8484848485e-01 0.0000000000e+00 3.5441096907e-09 -5.2325436597e-09
1.9696969697e-01 9.8484848485e-01 0.0000000000e+00 3.5250738727e-09 -5.2321559849e-09
2.2727272727e-01 9.8484848485e-01 0.0000000000e+00 3.5032139829e-09 -5.2320522623e-09
2.5757575758e-01 9.8484848485e-01 0.0000000000e+00 3.4786903785e-09 -5.2323928488e-09
2.8787878788e-01 9.8484848485e-01 0.0000000000e+00 3.4516771953e-09 -5.2333518805e-09
3.1818181818e-01 9.8484848485e-01 0.0000000000e+00 3.4223591983e-09 -5.2351141222e-09
3.4848484848e-01 9.8484848485e-01 0.0000000000e+00 3.3909286360e-09 -5.2378718225e-09
3.7878787879e-01 9.8484848485e-01 0.0000000000e+00 3.3575821922e-09 -5.2418216652e-09
4.0909090909e-01 9.8484848485e-01 0.0000000000e+00 3.3225181141e-09 -5.2471618974e-09
4.3939393939e-01 9.8484848485e-01 0.0000000000e+00 3.2859335804e-09 -5.2540896979e-09
4.6969696970e-01 9.8484848485e-01 0.0000000000e+00 3.2480223547e-09 -5.2627988303e-09
5.0000000000e-01 9.8484848485e-01 0.0000000000e+00 3.2089727558e-09 -5.2734776134e-09
5.3030303030e-01 9.8484848485e-01 0.0000000000e+00 3.1689659568e-09 -5.2863072202e-09
5.6060606061e-01 9.8484848485e-01 0.0000000000e+00 3.1281746147e-09 -5.3014603079e-09
5.9090909091e-01 9.8484848485e-01 0.0000000000e+00 3.0867618188e-09 -5.3190999655e-09
6.2121212121e-01 9.8484848485e-01 0.0000000000e+00 3.0448803368e-09 -5.3393789610e-09
6.5151515152e-01 9.8484848485e-01 0.0000000000e+00 3.0026721332e-09 -5.3624392587e-09
6.8181818182e-01 9.8484848485e-01 0.0000000000e+00 2.9602681279e-09 -5.3884117787e-09
7.1212121212e-01 9.8484848485e-01 0.0000000000e+00 2.9177881636e-09 -5.4174163634e-09
7.4242424242e-01 9.8484848485e-01 0.0000000000e+00 2.8753411468e-09 -5.4495619196e-09
7.7272727273e-01 9.8484848485e-01 0.0000000000e+00 2.8330253329e-09 -5.4849467024e-09
8.0303030303e-01 9.8484848485e-01 0.0000000000e+00 2.7909287224e-09 -5.5236587127e-09
8.3333333333e-01 9.8484848485e-01 0.0000000000e+00 2.7491295442e-09 -5.5657761790e-09
8.6363636364e-01 9.8484848485e-01 0.0000000000e+00 2.7076967980e-09 -5.6113681013e-09
8.9393939394e-01 9.8484848485e-01 0.0000000000e+00 2.6666908379e-09 -5.6604948335e-09
9.2424242424e-01 9.8484848485e-01 0.0000000000e+00 2.6261639772e-09 -5.7132086890e-09
9.5454545455e-01 9.8484848485e-01 0.0000000000e+00 2.5861611010e-09 -5.7695545528e-09
9.8484848485e-01 9.8484848485e-01 0.0000000000e+00 2.5467202732e-09 -5.8295704890e-09
1.0151515152e+00 9.8484848485e-01 0.0000000000e+00 2.5078733307e-09 -5.8932883343e-09
1.0454545455e+00 9.8484848485e-01 0.0000000000e+00 2.4696464544e-09 -5.9607342697e-09
1.0757575758e+00 9.8484848485e-01 0.0000000000e+00 2.4320607154e-09 -6.0319293662e-09
1.1060606061e+00 9.8484848485e-01 0.0000000000e+00 2.3951325898e-09 -6.1068901000e-09
1.1363636364e+00 9.8484848485e-01 0.0000000000e+00 2.3588744416e-09 -6.1856288352e-09
1.1666666667e+00 9.8484848485e-01 0.0000000000e+00 2.3232949724e-09 -6.2681542731e-09
1.1969696970e+00 9.8484848485e-01 0.0000000000e+00 2.2883996359e-09 -6.3544718677e-09
1.2272727273e+00 9.8484848485e-01 0.0000000000e+00 2.2541910210e-09 -6.4445842077e-09
1.2575757576e+00 9.8484848485e-01 0.0000000000e+00 2.2206692007e-09 -6.5384913661e-09
1.2878787879e+00 9.8484848485e-01 0.0000000000e+00 2.1878320508e-09 -6.6361912190e-09
1.3181818182e+00 9.8484848485e-01 0.0000000000e+00 2.1556755390e-09 -6.7376797336e-09
1.3484848485e+00 9.8484848485e-01 0.0000000000e+00 2.1241939854e-09 -6.8429512305e-09
1.3787878788e+00 9.8484848485e-01 0.0000000000e+00 2.0933802982e-09 -6.9519986175e-09
1.4090909091e+00 9.8484848485e-01 0.0000000000e+00 2.0632261843e-09 -7.0648136018e-09
1.4393939394e+00 9.8484848485e-01 0.0000000000e+00 2.0337223383e-09 -7.1813868778e-09
1.4696969697e+00 9.8484848485e-01 0.0000000000e+00 2.0048586105e-09 -7.3017082960e-09
1.5000000000e+00 9.8484848485e-01 0.0000000000e+00 1.9766241571e-09 -7.4257670124e-09
-1.5000000000e+00 1.0151515152e+00 0.0000000000e+00 1.9581854806e-09 -7.5098931236e-09
-1.4696969697e+00 1.0151515152e+00 0.0000000000e+00 1.9856152700e-09 -7.3850297432e-09
-1.4393939394e+00 1.0151515152e+00 0.0000000000e+00 2.0136323147e-09 -7.2638616421e-09
-1.4090909091e+00 1.0151515152e+00 0.0000000000e+00 2.0422451588e-09 -7.1463973641e-09
-1.3787878788e+00 1.0151515152e+00 0.0000000000e+00 2.0714615520e-09 -7.0326446592e-09
-1.3484848485e+00 1.0151515152e+00 0.0000000000e+00 2.1012883028e-09 -6.9226103357e-09
-1.3181818182e+00 1.0151515152e+00 0.0000000000e+00 2.1317311142e-09 -6.8163000967e-09
-1.2878787879e+00 1.0151515152e+00 0.0000000000e+00 2.1627944019e-09 -6.7137183579e-09
-1.2575757576e+00 1.0151515152e+00 0.0000000000e+00 2.1944810922e-09 -6.6148680455e-09
-1.2272727273e+00 1.0151515152e+00 0.0000000000e+00 2.2267923993e-09 -6.5197503738e-09
-1.1969696970e+00 1.0151515152e+00 0.0000000000e+00 2.2597275800e-09 -6.4283645996e-09
-1.1666666667e+00 1.0151515152e+00 0.0000000000e+00 2.2932836653e-09 -6.3407077538e-09
-1.1363636364e+00 1.0151515152e+00 0.0000000000e+00 2.3274551664e-09 -6.2567743477e-09
-1.1060606061e+00 1.0151515152e+00 0.0000000000e+00 2.3622337566e-09 -6.1765560546e-09
-1.0757575758e+00 1.0151515152e+00 0.0000000000e+00 2.3976079260e-09 -6.1000413646e-09
-1.0454545455e+00 1.0151515152e+00 0.0000000000e+00 2.4335626107e-09 -6.0272152138e-09
-1.0151515152e+00 1.0151515152e+00 0.0000000000e+00 2.4700787965e-09 -5.9580585879e-09
-9.8484848485e-01 1.0151515152e+00 0.0000000000e+00 2.5071330975e-09 -5.8925481011e-09
-9.5454545455e-01 1.0151515152e+00 0.0000000000e+00 2.5446973127e-09 -5.8306555524e-09
-9.2424242424e-01 1.0151515152e+00 0.0000000000e+00 2.5827379629e-09 -5.7723474625e-09
-8.9393939394e-01 1.0151515152e+00 0.0000000000e+00 2.6212158115e-09 -5.7175845949e-09
-8.6363636364e-01 1.0151515152e+00 0.0000000000e+00 2.6600853762e-09 -5.6663214673e-09
-8.3333333333e-01 1.0151515152e+00 0.0000000000e+00 2.6992944375e-09 -5.6185058601e-09
-8.0303030303e-01 1.0151515152e+00 0.0000000000e+00 2.7387835527e-09 -5.5740783307e-09
-7.7272727273e-01 1.0151515152e+00 0.0000000000e+00 2.7784855876e-09 -5.5329717449e-09
-7.4242424242e-01 1.0151515152e+00 0.0000000000e+00 2.8183252773e-09 -5.4951108379e-09
-7.1212121212e-01 1.0151515152e+00 0.0000000000e+00 2.8582188324e-09 -5.4604118200e-09
-6.8181818182e-01 1.0151515152e+00 0.0000000000e+00 2.8980736060e-09 -5.4287820445e-09
-6.5151515152e-01 1.0151515152e+00 0.0000000000e+00 2.9377878438e-09 -5.4001197572e-09
-6.2121212121e-01 1.0151515152e+00 0.0000000000e+00 2.9772505352e-09 -5.3743139472e-09
-5.9090909091e-01 1.0151515152e+00 0.0000000000e+00 3.0163413902e-09 -5.3512443247e-09
-5.6060606061e-01 1.0151515152e+00 0.0000000000e+00 3.0549309645e-09 -5.3307814454e-09
-5.3030303030e-01 1.0151515152e+00 0.0000000000e+00 3.0928809573e-09 -5.3127870086e-09
-5.0000000000e-01 1.0151515152e+00 0.0000000000e+00 3.1300447037e-09 -5.2971143491e-09
-4.6969696970e-01 1.0151515152e+00 0.0000000000e+00 3.1662678825e-09 -5.2836091459e-09
-4.3939393939e-01 1.0151515152e+00 0.0000000000e+00 3.2013894580e-09 -5.2721103634e-09
-4.0909090909e-01 1.0151515152e+00 0.0000000000e+00 3.2352428667e-09 -5.2624514378e-09
-3.7878787879e-01 1.0151515152e+00 0.0000000000e+00 3.2676574554e-09 -5.2544617162e-09
-3.4848484848e-01 1.0151515152e+00 0.0000000000e+00 3.2984601699e-09 -5.2479681442e-09
-3.1818181818e-01 1.0151515152e+00 0.0000000000e+00 3.3274774809e-09 -5.2427971926e-09
-2.8787878788e-01 1.0151515152e+00 0.0000000000e+00 3.3545375269e-09 -5.2387769999e-09
-2.5757575758e-01 1.0151515152e+00 0.0000000000e+00 3.3794724399e-09 -5.2357396980e-09
-2.2727272727e-01 1.0151515152e+00 0.0000000000e+00 3.4021208086e-09 -5.2335238757e-09
-1.9696969697e-01 1.0151515152e+00 0.0000000000e+00 3.4223302250e-09 -5.2319771250e-09
-1.6666666667e-01 1.0151515152e+00 0.0000000000e+00 3.4399598463e-09 -5.2309586031e-09
-1.3636363636e-01 1.0151515152e+00 0.0000000000e+00 3.4548829004e-09 -5.2303415378e-09
-1.0606060606e-01 1.0151515152e+00 0.0000000000e+00 3.4669890550e-09 -5.2300155969e-09
-7.5757575758e-02 1.0151515152e+00 0.0000000000e+00 3.4761865715e-09 -5.2298890418e-09
-4.5454545455e-02 1.0151515152e+00 0.0000000000e+00 3.4824041658e-09 -5.2298905883e-09
-1.5151515152e-02 1.0151515152e+00 0.0000000000e+00 3.4855925040e-09 -5.2299709027e-09
1.5151515152e-02 1.0151515152e+00 0.0000000000e+00 3.4857252758e-09 -5.2301036745e-09
4.5454545455e-02 1.0151515152e+00 0.0000000000e+00 3.4827997985e-09 -5.2302862211e-09
7.5757575758e-02 1.0151515152e+00 0.0000000000e+00 3.4768371254e-09 -5.2305395957e-09
1.0606060606e-01 1.0151515152e+00 0.0000000000e+00 3.4678816518e-09 -5.2309081938e-09
1.3636363636e-01 1.0151515152e+00 0.0000000000e+00 3.4560002309e-09 -5.2314588683e-09
1.6666666667e-01 1.0151515152e+00 0.0000000000e+00 3.4412808334e-09 -5.2322795902e-09
1.9696969697e-01 1.0151515152e+00 0.0000000000e+00 3.4238308021e-09 -5.2334777021e-09
2.2727272727e-01 1.0151515152e+00 0.0000000000e+00 3.4037747664e-09 -5.2351778335e-09
2.5757575758e-01 1.0151515152e+00 0.0000000000e+00 3.3812522945e-09 -5.2375195526e-09
2.8787878788e-01 1.0151515152e+00 0.0000000000e+00 3.3564153651e-09 -5.2406548381e-09
3.1818181818e-01 1.0151515152e+00 0.0000000000e+00 3.3294257436e-09 -5.2447454553e-09
3.4848484848e-01 1.0151515152e+00 0.0000000000e+00 3.3004523442e-09 -5.2499603185e-09
3.7878787879e-01 1.0151515152e+00 0.0000000000e+00 3.2696686526e-09 -5.2564729134e-09
4.0909090909e-01 1.0151515152e+00 0.0000000000e+00 3.2372502758e-09 -5.2644588469e-09
4.3939393939e-01 1.0151515152e+00 0.0000000000e+00 3.2033726705e-09 -5.2740935759e-09
4.6969696970e-01 1.0151515152e+00 0.0000000000e+00 3.1682090938e-09 -5.2855503573e-09
5.0000000000e-01 1.0151515152e+00 0.0000000000e+00 3.1319288011e-09 -5.2989984465e-09
5.3030303030e-01 1.0151515152e+00 0.0000000000e+00 3.0946955095e-09 -5.3146015608e-09
5.6060606061e-01 1.0151515152e+00 0.0000000000e+00 3.0566661292e-09 -5.3325166102e-09
5.9090909091e-01 1.0151515152e+00 0.0000000000e+00 3.0179897589e-09 -5.3528926934e-09
6.2121212121e-01 1.0151515152e+00 0.0000000000e+00 2.9788069311e-09 -5.3758703431e-09
6.5151515152e-01 1.0151515152e+00 0.0000000000e+00 2.9392490904e-09 -5.4015810037e-09
6.8181818182e-01 1.0151515152e+00 0.0000000000e+00 2.8994382800e-09 -5.4301467186e-09
7.1212121212e-01 1.0151515152e+00 0.0000000000e+00 2.8594870132e-09 -5.4616800008e-09
7.4242424242e-01 1.0151515152e+00 0.0000000000e+00 2.8194983018e-09 -5.4962838624e-09
7.7272727273e-01 1.0151515152e+00 0.0000000000e+00 2.7795658180e-09 -5.5340519754e-09
8.0303030303e-01 1.0151515152e+00 0.0000000000e+00 2.7397741625e-09 -5.5750689406e-09
8.3333333333e-01 1.0151515152e+00 0.0000000000e+00 2.7001992182e-09 -5.6194106409e-09
8.6363636364e-01 1.0151515152e+00 0.0000000000e+00 2.6609085665e-09 -5.6671446576e-09
8.9393939394e-01 1.0151515152e+00 0.0000000000e+00 2.6219619492e-09 -5.7183307326e-09
9.2424242424e-01 1.0151515152e+00 0.0000000000e+00 2.5834117596e-09 -5.7730212592e-09
9.5454545455e-01 1.0151515152e+00 0.0000000000e+00 2.5453035489e-09 -5.8312617885e-09
9.8484848485e-01 1.0151515152e+00 0.0000000000e+00 2.5076765368e-09 -5.8930915404e-09
1.0151515152e+00 1.0151515152e+00 0.0000000000e+00 2.4705641179e-09 -5.9585439093e-09
1.0454545455e+00 1.0151515152e+00 0.0000000000e+00 2.4339943554e-09 -6.0276469585e-09
1.0757575758e+00 1.0151515152e+00 0.0000000000e+00 2.3979904579e-09 -6.1004238965e-09
1.1060606061e+00 1.0151515152e+00 0.0000000000e+00 2.3625712336e-09 -6.1768935317e-09
1.1363636364e+00 1.0151515152e+00 0.0000000000e+00 2.3277515217e-09 -6.2570707031e-09
1.1666666667e+00 1.0151515152e+00 0.0000000000e+00 2.2935425960e-09 -6.3409666845e-09
1.1969696970e+00 1.0151515152e+00 0.0000000000e+00 2.2599525423e-09 -6.4285895618e-09
1.2272727273e+00 1.0151515152e+00 0.0000000000e+00 2.2269866083e-09 -6.5199445828e-09
1.2575757576e+00 1.0151515152e+00 0.0000000000e+00 2.1946475263e-09 -6.6150344796e-09
1.2878787879e+00 1.0151515152e+00 0.0000000000e+00 2.1629358097e-09 -6.7138597656e-09
1.3181818182e+00 1.0151515152e+00 0.0000000000e+00 2.1318500233e-09 -6.8164190058e-09
1.3484848485e+00 1.0151515152e+00 0.0000000000e+00 2.1013870308e-09 -6.9227090637e-09
1.3787878788e+00 1.0151515152e+00 0.0000000000e+00 2.0715422180e-09 -7.0327253251e-09
1.4090909091e+00 1.0151515152e+00 0.0000000000e+00 2.0423096954e-09 -7.1464619007e-09
1.4393939394e+00 1.0151515152e+00 0.0000000000e+00 2.0136824806e-09 -7.2639118080e-09
1.4696969697e+00 1.0151515152e+00 0.0000000000e+00 1.9856526623e-09 -7.3850671356e-09
1.5000000000e+00 1.0151515152e+00 0.0000000000e+00 1.9582115467e-09 -7.5099191898e-09
-1.5000000000e+00 1.0454545455e+00 0.0000000000e+00 1.9397324282e-09 -7.5971128830e-09
-1.4696969697e+00 1.0454545455e+00 0.0000000000e+00 1.9663827843e-09 -7.4714700692e-09
-1.4393939394e+00 1.0454545455e+00 0.0000000000e+00 1.9935817161e-09 -7.3494838551e-09
-1.4090909091e+00 1.0454545455e+00 0.0000000000e+00 2.0213358241e-09 -7.2311608412e-09
-1.3787878788e+00 1.0454545455e+00 0.0000000000e+00 2.0496508471e-09 -7.1165067659e-09
-1.3484848485e+00 1.0454545455e+00 0.0000000000e+00 2.0785315190e-09 -7.0055263636e-09
-1.3181818182e+00 1.0454545455e+00 0.0000000000e+00 2.1079814119e-09 -6.8982232060e-09
-1.2878787879e+00 1.0454545455e+00 0.0000000000e+00 2.1380027609e-09 -6.7945995285e-09
-1.2575757576e+00 1.0454545455e+00 0.0000000000e+00 2.1685962730e-09 -6.6946560379e-09
-1.2272727273e+00 1.0454545455e+00 0.0000000000e+00 2.1997609166e-09 -6.5983917028e-09
-1.1969696970e+00 1.0454545455e+00 0.0000000000e+00 2.2314936921e-09 -6.5058035234e-09
-1.1666666667e+00 1.0454545455e+00 0.0000000000e+00 2.2637893820e-09 -6.4168862822e-09
-1.1363636364e+00 1.0454545455e+00 0.0000000000e+00 2.2966402798e-09 -6.3316322729e-09
-1.1060606061e+00 1.0454545455e+00 0.0000000000e+00 2.3300358987e-09 -6.2500310084e-09
-1.0757575758e+00 1.0454545455e+00 0.0000000000e+00 2.3639626574e-09 -6.1720689078e-09
-1.0454545455e+00 1.0454545455e+00 0.0000000000e+00 2.3984035468e-09 -6.0977289616e-09
-1.0151515152e+00 1.0454545455e+00 0.0000000000e+00 2.4333377749e-09 -6.0269903779e-09
-9.8484848485e-01 1.0454545455e+00 0.0000000000e+00 2.4687403944e-09 -5.9598282097e-09
-9.5454545455e-01 1.0454545455e+00 0.0000000000e+00 2.5045819139e-09 -5.8962129652e-09
-9.2424242424e-01 1.0454545455e+00 0.0000000000e+00 2.5408278958e-09 -5.8361102071e-09
-8.9393939394e-01 1.0454545455e+00 0.0000000000e+00 2.5774385458e-09 -5.7794801409e-09
-8.6363636364e-01 1.0454545455e+00 0.0000000000e+00 2.6143682995e-09 -5.7262772023e-09
-8.3333333333e-01 1.0454545455e+00 0.0000000000e+00 2.6515654119e-09 -5.6764496462e-09
-8.0303030303e-01 1.0454545455e+00 0.0000000000e+00 2.6889715600e-09 -5.6299391498e-09
-7.7272727273e-01 1.0454545455e+00 0.0000000000e+00 2.7265214666e-09 -5.5866804357e-09
-7.4242424242e-01 1.0454545455e+00 0.0000000000e+00 2.7641425580e-09 -5.5466009302e-09
-7.1212121212e-01 1.0454545455e+00 0.0000000000e+00 2.8017546680e-09 -5.5096204673e-09
-6.8181818182e-01 1.0454545455e+00 0.0000000000e+00 2.8392698051e-09 -5.4756510553e-09
-6.5151515152e-01 1.0454545455e+00 0.0000000000e+00 2.8765919958e-09 -5.4445967208e-09
-6.2121212121e-01 1.0454545455e+00 0.0000000000e+00 2.9136172260e-09 -5.4163534497e-09
-5.9090909091e-01 1.0454545455e+00 0.0000000000e+00 2.9502334951e-09 -5.3908092413e-09
-5.6060606061e-01 1.0454545455e+00 0.0000000000e+00 2.9863210042e-09 -5.3678442969e-09
-5.3030303030e-01 1.0454545455e+00 0.0000000000e+00 3.0217524966e-09 -5.3473313595e-09
-5.0000000000e-01 1.0454545455e+00 0.0000000000e+00 3.0563937665e-09 -5.3291362236e-09
-4.6969696970e-01 1.0454545455e+00 0.0000000000e+00 3.0901043531e-09 -5.3131184282e-09
-4.3939393939e-01 1.0454545455e+00 0.0000000000e+00 3.1227384315e-09 -5.2991321485e-09
-4.0909090909e-01 1.0454545455e+00 0.0000000000e+00 3.1541459074e-09 -5.2870272902e-09
-3.7878787879e-01 1.0454545455e+00 0.0000000000e+00 3.1841737186e-09 -5.2766507911e-09
-3.4848484848e-01 1.0454545455e+00 0.0000000000e+00 3.2126673388e-09 -5.2678481248e-09
-3.1818181818e-01 1.0454545455e+00 0.0000000000e+00 3.2394724701e-09 -5.2604649935e-09
-2.8787878788e-01 1.0454545455e+00 0.0000000000e+00 3.2644369050e-09 -5.2543491896e-09
-2.5757575758e-01 1.0454545455e+00 0.0000000000e+00 3.2874125271e-09 -5.2493525969e-09
-2.2727272727e-01 1.0454545455e+00 0.0000000000e+00 3.3082574122e-09 -5.2453332910e-09
-1.9696969697e-01 1.0454545455e+00 0.0000000000e+00 3.3268379820e-09 -5.2421576937e-09
-1.6666666667e-01 1.0454545455e+00 0.0000000000e+00 3.3430311577e-09 -5.2397027262e-09
-1.3636363636e-01 1.0454545455e+00 0.0000000000e+00 3.3567264516e-09 -5.2378579007e-09
-1.0606060606e-01 1.0454545455e+00 0.0000000000e+00 3.3678279352e-09 -5.2365272888e-09
-7.5757575758e-02 1.0454545455e+00 0.0000000000e+00 3.3762560185e-09 -5.2356313005e-09
-4.5454545455e-02 1.0454545455e+00 0.0000000000e+00 3.3819489815e-09 -5.2351082157e-09
-1.5151515152e-02 1.0454545455e+00 0.0000000000e+00 3.3848641998e-09 -5.2349154102e-09
1.5151515152e-02 1.0454545455e+00 0.0000000000e+00 3.3849790206e-09 -5.2350302310e-09
4.5454545455e-02 1.0454545455e+00 0.0000000000e+00 3.3822912523e-09 -5.2354504866e-09
7.5757575758e-02 1.0454545455e+00 0.0000000000e+00 3.3768192488e-09 -5.2361945308e-09
1.0606060606e-01 1.0454545455e+00 0.0000000000e+00 3.3686015814e-09 -5.2373009350e-09
1.3636363636e-01 1.0454545455e+00 0.0000000000e+00 3.3576963104e-09 -5.2388277595e-09
1.6666666667e-01 1.0454545455e+00 0.0000000000e+00 3.3441798823e-09 -5.2408514507e-09
1.9696969697e-01 1.0454545455e+00 0.0000000000e+00 3.3281456904e-09 -5.2434654021e-09
2.2727272727e-01 1.0454545455e+00 0.0000000000e+00 3.3097023538e-09 -5.2467782326e-09
2.5757575758e-01 1.0454545455e+00 0.0000000000e+00 3.2889717718e-09 -5.2509118416e-09
2.8787878788e-01 1.0454545455e+00 0.0000000000e+00 3.2660870205e-09 -5.2559993052e-09
3.1818181818e-01 1.0454545455e+00 0.0000000000e+00 3.2411901584e-09 -5.2621826818e-09
3.4848484848e-01 1.0454545455e+00 0.0000000000e+00 3.2144300066e-09 -5.2696107925e-09
3.7878787879e-01 1.0454545455e+00 0.0000000000e+00 3.1859599637e-09 -5.2784370362e-09
4.0909090909e-01 1.0454545455e+00 0.0000000000e+00 3.1559359115e-09 -5.2888172943e-09
4.3939393939e-01 1.0454545455e+00 0.0000000000e+00 3.1245142532e-09 -5.3009079702e-09
4.6969696970e-01 1.0454545455e+00 0.0000000000e+00 3.0918501242e-09 -5.3148641993e-09
5.0000000000e-01 1.0454545455e+00 0.0000000000e+00 3.0580957968e-09 -5.3308382539e-09
5.3030303030e-01 1.0454545455e+00 0.0000000000e+00 3.0233992981e-09 -5.3489781610e-09
5.6060606061e-01 1.0454545455e+00 0.0000000000e+00 2.9879032460e-09 -5.3694265386e-09
5.9090909091e-01 1.0454545455e+00 0.0000000000e+00 2.9517439028e-09 -5.3923196491e-09
6.2121212121e-01 1.0454545455e+00 0.0000000000e+00 2.9150504393e-09 -5.4177866630e-09
6.5151515152e-01 1.0454545455e+00 0.0000000000e+00 2.8779443958e-09 -5.4459491208e-09
6.8181818182e-01 1.0454545455e+00 0.0000000000e+00 2.8405393243e-09 -5.4769205745e-09
7.1212121212e-01 1.0454545455e+00 0.0000000000e+00 2.8029405924e-09 -5.5108063917e-09
7.4242424242e-01 1.0454545455e+00 0.0000000000e+00 2.7652453287e-09 -5.5477037009e-09
7.7272727273e-01 1.0454545455e+00 0.0000000000e+00 2.7275424888e-09 -5.5877014579e-09
8.0303030303e-01 1.0454545455e+00 0.0000000000e+00 2.6899130228e-09 -5.6308806125e-09
8.3333333333e-01 1.0454545455e+00 0.0000000000e+00 2.6524301229e-09 -5.6773143572e-09
8.6363636364e-01 1.0454545455e+00 0.0000000000e+00 2.6151595361e-09 -5.7270684389e-09
8.9393939394e-01 1.0454545455e+00 0.0000000000e+00 2.5781599240e-09 -5.7802015191e-09
9.2424242424e-01 1.0454545455e+00 0.0000000000e+00 2.5414832559e-09 -5.8367655672e-09
9.5454545455e-01 1.0454545455e+00 0.0000000000e+00 2.5051752244e-09 -5.8968062757e-09
9.8484848485e-01 1.0454545455e+00 0.0000000000e+00 2.4692756706e-09 -5.9603634859e-09
1.0151515152e+00 1.0454545455e+00 0.0000000000e+00 2.4338190130e-09 -6.0274716160e-09
1.0454545455e+00 1.0454545455e+00 0.0000000000e+00 2.3988346707e-09 -6.0981600855e-09
1.0757575758e+00 1.0454545455e+00 0.0000000000e+00 2.3643474776e-09 -6.1724537280e-09
1.1060606061e+00 1.0454545455e+00 0.0000000000e+00 2.3303780807e-09 -6.2503731904e-09
1.1363636364e+00 1.0454545455e+00 0.0000000000e+00 2.2969433219e-09 -6.3319353149e-09
1.1666666667e+00 1.0454545455e+00 0.0000000000e+00 2.2640565995e-09 -6.4171534997e-09
1.1969696970e+00 1.0454545455e+00 0.0000000000e+00 2.2317282087e-09 -6.5060380399e-09
1.2272727273e+00 1.0454545455e+00 0.0000000000e+00 2.1999656594e-09 -6.5985964456e-09
1.2575757576e+00 1.0454545455e+00 0.0000000000e+00 2.1687739726e-09 -6.6948337376e-09
1.2878787879e+00 1.0454545455e+00 0.0000000000e+00 2.1381559541e-09 -6.7947527217e-09
1.3181818182e+00 1.0454545455e+00 0.0000000000e+00 2.1081124466e-09 -6.8983542408e-09
1.3484848485e+00 1.0454545455e+00 0.0000000000e+00 2.0786425614e-09 -7.0056374060e-09
1.3787878788e+00 1.0454545455e+00 0.0000000000e+00 2.0497438896e-09 -7.1165998084e-09
1.4090909091e+00 1.0454545455e+00 0.0000000000e+00 2.0214126946e-09 -7.2312377116e-09
1.4393939394e+00 1.0454545455e+00 0.0000000000e+00 1.9936440873e-09 -7.3495462264e-09
1.4696969697e+00 1.0454545455e+00 0.0000000000e+00 1.9664321837e-09 -7.4715194687e-09
1.5000000000e+00 1.0454545455e+00 0.0000000000e+00 1.9397702479e-09 -7.5971507026e-09
-1.5000000000e+00 1.0757575758e+00 0.0000000000e+00 1.9212733484e-09 -7.6874346387e-09
-1.4696969697e+00 1.0757575758e+00 0.0000000000e+00 1.9471593168e-09 -7.5610274373e-09
-1.4393939394e+00 1.0757575758e+00 0.0000000000e+00 1.9735570092e-09 -7.4382399838e-09
-1.4090909091e+00 1.0757575758e+00 0.0000000000e+00 2.0004712646e-09 -7.3190771172e-09
-1.3787878788e+00 1.0757575758e+00 0.0000000000e+00 2.0279060084e-09 -7.2035427629e-09
-1.3484848485e+00 1.0757575758e+00 0.0000000000e+00 2.0558641157e-09 -7.0916397958e-09
-1.3181818182e+00 1.0757575758e+00 0.0000000000e+00 2.0843472596e-09 -6.9833698893e-09
-1.2878787879e+00 1.0757575758e+00 0.0000000000e+00 2.1133557464e-09 -6.8787333496e-09
-1.2575757576e+00 1.0757575758e+00 0.0000000000e+00 2.1428883343e-09 -6.7777289348e-09
-1.2272727273e+00 1.0757575758e+00 0.0000000000e+00 2.1729420366e-09 -6.6803536584e-09
-1.1969696970e+00 1.0757575758e+00 0.0000000000e+00 2.2035119082e-09 -6.5866025751e-09
-1.1666666667e+00 1.0757575758e+00 0.0000000000e+00 2.2345908145e-09 -6.4964685503e-09
-1.1363636364e+00 1.0757575758e+00 0.0000000000e+00 2.2661691828e-09 -6.4099420114e-09
-1.1060606061e+00 1.0757575758e+00 0.0000000000e+00 2.2982347371e-09 -6.3270106824e-09
-1.0757575758e+00 1.0757575758e+00 0.0000000000e+00 2.3307722143e-09 -6.2476593001e-09
-1.0454545455e+00 1.0757575758e+00 0.0000000000e+00 2.3637630649e-09 -6.1718693153e-09
-1.0151515152e+00 1.0757575758e+00 0.0000000000e+00 2.3971851387e-09 -6.0996185773e-09
-9.8484848485e-01 1.0757575758e+00 0.0000000000e+00 2.4310123560e-09 -6.0308810068e-09
-9.5454545455e-01 1.0757575758e+00 0.0000000000e+00 2.4652143689e-09 -5.9656262558e-09
-9.2424242424e-01 1.0757575758e+00 0.0000000000e+00 2.4997562152e-09 -5.9038193621e-09
-8.9393939394e-01 1.0757575758e+00 0.0000000000e+00 2.5345979683e-09 -5.8454203989e-09
-8.6363636364e-01 1.0757575758e+00 0.0000000000e+00 2.5696943897e-09 -5.7903841280e-09
-8.3333333333e-01 1.0757575758e+00 0.0000000000e+00 2.6049945905e-09 -5.7386596603e-09
-8.0303030303e-01 1.0757575758e+00 0.0000000000e+00 2.6404417082e-09 -5.6901901335e-09
-7.7272727273e-01 1.0757575758e+00 0.0000000000e+00 2.6759726100e-09 -5.6449124146e-09
-7.4242424242e-01 1.0757575758e+00 0.0000000000e+00 2.7115176306e-09 -5.6027568384e-09
-7.1212121212e-01 1.0757575758e+00 0.0000000000e+00 2.7470003581e-09 -5.5636469929e-09
-6.8181818182e-01 1.0757575758e+00 0.0000000000e+00 2.7823374792e-09 -5.5274995650e-09
-6.5151515152e-01 1.0757575758e+00 0.0000000000e+00 2.8174386992e-09 -5.4942242598e-09
-6.2121212121e-01 1.0757575758e+00 0.0000000000e+00 2.8522067499e-09 -5.4637238091e-09
-5.9090909091e-01 1.0757575758e+00 0.0000000000e+00 2.8865375012e-09 -5.4358940829e-09
-5.6060606061e-01 1.0757575758e+00 0.0000000000e+00 2.9203201922e-09 -5.4106243204e-09
-5.3030303030e-01 1.0757575758e+00 0.0000000000e+00 2.9534377950e-09 -5.3877974935e-09
-5.0000000000e-01 1.0757575758e+00 0.0000000000e+00 2.9857675248e-09 -5.3672908175e-09
-4.6969696970e-01 1.0757575758e+00 0.0000000000e+00 3.0171815083e-09 -5.3489764190e-09
-4.3939393939e-01 1.0757575758e+00 0.0000000000e+00 3.0475476169e-09 -5.3327221694e-09
-4.0909090909e-01 1.0757575758e+00 0.0000000000e+00 3.0767304701e-09 -5.3183926884e-09
-3.7878787879e-01 1.0757575758e+00 0.0000000000e+00 3.1045926087e-09 -5.3058505167e-09
-3.4848484848e-01 1.0757575758e+00 0.0000000000e+00 3.1309958306e-09 -5.2949574522e-09
-3.1818181818e-01 1.0757575758e+00 0.0000000000e+00 3.1558026775e-09 -5.2855760364e-09
-2.8787878788e-01 1.0757575758e+00 0.0000000000e+00 3.1788780530e-09 -5.2775711732e-09
-2.5757575758e-01 1.0757575758e+00 0.0000000000e+00 3.2000909463e-09 -5.2708118516e-09
-2.2727272727e-01 1.0757575758e+00 0.0000000000e+00 3.2193162268e-09 -5.2651729412e-09
-1.9696969697e-01 1.0757575758e+00 0.0000000000e+00 3.2364364723e-09 -5.2605370196e-09
-1.6666666667e-01 1.0757575758e+00 0.0000000000e+00 3.2513437834e-09 -5.2567961874e-09
-1.3636363636e-01 1.0757575758e+00 0.0000000000e+00 3.2639415372e-09 -5.2538538219e-09
-1.0606060606e-01 1.0757575758e+00 0.0000000000e+00 3.2741460282e-09 -5.2516262173e-09
-7.5757575758e-02 1.0757575758e+00 0.0000000000e+00 3.2818879458e-09 -5.2500440633e-09
-4.5454545455e-02 1.0757575758e+00 0.0000000000e+00 3.2871136402e-09 -5.2490537100e-09
-1.5151515152e-02 1.0757575758e+00 0.0000000000e+00 3.2897861325e-09 -5.2486181784e-09
1.5151515152e-02 1.0757575758e+00 0.0000000000e+00 3.2898858331e-09 -5.2487178791e-09
4.5454545455e-02 1.0757575758e+00 0.0000000000e+00 3.2874109420e-09 -5.2493510118e-09
7.5757575758e-02 1.0757575758e+00 0.0000000000e+00 3.2823775133e-09 -5.2505336308e-09
1.0606060606e-01 1.0757575758e+00 0.0000000000e+00 3.2748191823e-09 -5.2522993715e-09
1.3636363636e-01 1.0757575758e+00 0.0000000000e+00 3.2647865622e-09 -5.2546988468e-09
1.6666666667e-01 1.0757575758e+00 0.0000000000e+00 3.2523463308e-09 -5.2577987348e-09
1.9696969697e-01 1.0757575758e+00 0.0000000000e+00 3.2375800398e-09 -5.2616805870e-09
2.2727272727e-01 1.0757575758e+00 0.0000000000e+00 3.2205826857e-09 -5.2664394000e-09
2.5757575758e-01 1.0757575758e+00 0.0000000000e+00 3.2014610908e-09 -5.2721819962e-09
2.8787878788e-01 1.0757575758e+00 0.0000000000e+00 3.1803321460e-09 -5.2790252662e-09
3.1818181818e-01 1.0757575758e+00 0.0000000000e+00 3.1573209677e-09 -5.2870943266e-09
3.4848484848e-01 1.0757575758e+00 0.0000000000e+00 3.1325590242e-09 -5.2965206457e-09
3.7878787879e-01 1.0757575758e+00 0.0000000000e+00 3.1061822779e-09 -5.3074401859e-09
4.0909090909e-01 1.0757575758e+00 0.0000000000e+00 3.0783293910e-09 -5.3199916093e-09
4.3939393939e-01 1.0757575758e+00 0.0000000000e+00 3.0491400307e-09 -5.3343145833e-09
4.6969696970e-01 1.0757575758e+00 0.0000000000e+00 3.0187533063e-09 -5.3505482170e-09
5.0000000000e-01 1.0757575758e+00 0.0000000000e+00 2.9873063597e-09 -5.3688296524e-09
5.3030303030e-01 1.0757575758e+00 0.0000000000e+00 2.9549331266e-09 -5.3892928251e-09
5.6060606061e-01 1.0757575758e+00 0.0000000000e+00 2.9217632750e-09 -5.4120674032e-09
5.9090909091e-01 1.0757575758e+00 0.0000000000e+00 2.8879213238e-09 -5.4372779055e-09
6.2121212121e-01 1.0757575758e+00 0.0000000000e+00 2.8535259367e-09 -5.4650429960e-09
6.5151515152e-01 1.0757575758e+00 0.0000000000e+00 2.8186893845e-09 -5.4954749451e-09
6.8181818182e-01 1.0757575758e+00 0.0000000000e+00 2.7835171619e-09 -5.5286792477e-09
7.1212121212e-01 1.0757575758e+00 0.0000000000e+00 2.7481077466e-09 -5.5647543814e-09
7.4242424242e-01 1.0757575758e+00 0.0000000000e+00 2.7125524840e-09 -5.6037916918e-09
7.7272727273e-01 1.0757575758e+00 0.0000000000e+00 2.6769355814e-09 -5.6458753860e-09
8.0303030303e-01 1.0757575758e+00 0.0000000000e+00 2.6413341945e-09 -5.6910826198e-09
8.3333333333e-01 1.0757575758e+00 0.0000000000e+00 2.6058185921e-09 -5.7394836620e-09
8.6363636364e-01 1.0757575758e+00 0.0000000000e+00 2.5704523820e-09 -5.7911421203e-09
8.9393939394e-01 1.0757575758e+00 0.0000000000e+00 2.5352927862e-09 -5.8461152169e-09
9.2424242424e-01 1.0757575758e+00 0.0000000000e+00 2.5003909517e-09 -5.9044540985e-09
9.5454545455e-01 1.0757575758e+00 0.0000000000e+00 2.4657922864e-09 -5.9662041733e-09
9.8484848485e-01 1.0757575758e+00 0.0000000000e+00 2.4315368115e-09 -6.0314054623e-09
1.0151515152e+00 1.0757575758e+00 0.0000000000e+00 2.3976595211e-09 -6.1000929597e-09
1.0454545455e+00 1.0757575758e+00 0.0000000000e+00 2.3641907428e-09 -6.1722969931e-09
1.0757575758e+00 1.0757575758e+00 0.0000000000e+00 2.3311564949e-09 -6.2480435808e-09
1.1060606061e+00 1.0757575758e+00 0.0000000000e+00 2.2985788336e-09 -6.3273547789e-09
1.1363636364e+00 1.0757575758e+00 0.0000000000e+00 2.2664761895e-09 -6.4102490181e-09
1.1666666667e+00 1.0757575758e+00 0.0000000000e+00 2.2348636885e-09 -6.4967414243e-09
1.1969696970e+00 1.0757575758e+00 0.0000000000e+00 2.2037534577e-09 -6.5868441245e-09
1.2272727273e+00 1.0757575758e+00 0.0000000000e+00 2.1731549124e-09 -6.6805665341e-09
1.2575757576e+00 1.0757575758e+00 0.0000000000e+00 2.1430750266e-09 -6.7779156271e-09
1.2878787879e+00 1.0757575758e+00 0.0000000000e+00 2.1135185841e-09 -6.8788961872e-09
1.3181818182e+00 1.0757575758e+00 0.0000000000e+00 2.0844884119e-09 -6.9835110416e-09
1.3484848485e+00 1.0757575758e+00 0.0000000000e+00 2.0559855961e-09 -7.0917612762e-09
1.3787878788e+00 1.0757575758e+00 0.0000000000e+00 2.0280096800e-09 -7.2036464345e-09
1.4090909091e+00 1.0757575758e+00 0.0000000000e+00 2.0005588463e-09 -7.3191646989e-09
1.4393939394e+00 1.0757575758e+00 0.0000000000e+00 1.9736300828e-09 -7.4383130574e-09
1.4696969697e+00 1.0757575758e+00 0.0000000000e+00 1.9472193345e-09 -7.5610874550e-09
1.5000000000e+00 1.0757575758e+00 0.0000000000e+00 1.9213216405e-09 -7.6874829308e-09
-1.5000000000e+00 1.1060606061e+00 0.0000000000e+00 1.9028281829e-09 -7.7808783326e-09
-1.4696969697e+00 1.1060606061e+00 0.0000000000e+00 1.9279654513e-09 -7.6537224313e-09
-1.4393939394e+00 1.1060606061e+00 0.0000000000e+00 1.9535793934e-09 -7.5301512274e-09
-1.4090909091e+00 1.1060606061e+00 0.0000000000e+00 1.9796732581e-09 -7.4101679701e-09
-1.3787878788e+00 1.1060606061e+00 0.0000000000e+00 2.0062493439e-09 -7.2937749577e-09
-1.3484848485e+00 1.1060606061e+00 0.0000000000e+00 2.0333088667e-09 -7.1809734063e-09
-1.3181818182e+00 1.1060606061e+00 0.0000000000e+00 2.0608518173e-09 -7.0717633065e-09
-1.2878787879e+00 1.1060606061e+00 0.0000000000e+00 2.0888768049e-09 -6.9661432675e-09
-1.2575757576e+00 1.1060606061e+00 0.0000000000e+00 2.1173808873e-09 -6.8641103472e-09
-1.2272727273e+00 1.1060606061e+00 0.0000000000e+00 2.1463593880e-09 -6.7656598692e-09
-1.1969696970e+00 1.1060606061e+00 0.0000000000e+00 2.1758056983e-09 -6.6707852245e-09
-1.1666666667e+00 1.1060606061e+00 0.0000000000e+00 2.2057110648e-09 -6.5794776600e-09
-1.1363636364e+00 1.1060606061e+00 0.0000000000e+00 2.2360643634e-09 -6.4917260514e-09
-1.1060606061e+00 1.1060606061e+00 0.0000000000e+00 2.2668518577e-09 -6.4075166624e-09
-1.0757575758e+00 1.1060606061e+00 0.0000000000e+00 2.2980569455e-09 -6.3268328908e-09
-1.0454545455e+00 1.1060606061e+00 0.0000000000e+00 2.3296598913e-09 -6.2496550010e-09
-1.0151515152e+00 1.1060606061e+00 0.0000000000e+00 2.3616375481e-09 -6.1759598461e-09
-9.8484848485e-01 1.1060606061e+00 0.0000000000e+00 2.3939630706e-09 -6.1057205809e-09
-9.5454545455e-01 1.1060606061e+00 0.0000000000e+00 2.4266056214e-09 -6.0389063677e-09
-9.2424242424e-01 1.1060606061e+00 0.0000000000e+00 2.4595300740e-09 -5.9754820803e-09
-8.9393939394e-01 1.1060606061e+00 0.0000000000e+00 2.4926967173e-09 -5.9154080074e-09
-8.6363636364e-01 1.1060606061e+00 0.0000000000e+00 2.5260609662e-09 -5.8586395639e-09
-8.3333333333e-01 1.1060606061e+00 0.0000000000e+00 2.5595730835e-09 -5.8051270129e-09
-8.0303030303e-01 1.1060606061e+00 0.0000000000e+00 2.5931779227e-09 -5.7548152074e-09
-7.7272727273e-01 1.1060606061e+00 0.0000000000e+00 2.6268146959e-09 -5.7076433599e-09
-7.4242424242e-01 1.1060606061e+00 0.0000000000e+00 2.6604167798e-09 -5.6635448470e-09
-7.1212121212e-01 1.1060606061e+00 0.0000000000e+00 2.6939115671e-09 -5.6224470614e-09
-6.8181818182e-01 1.1060606061e+00 0.0000000000e+00 2.7272203755e-09 -5.5842713207e-09
-6.5151515152e-01 1.1060606061e+00 0.0000000000e+00 2.7602584259e-09 -5.5489328459e-09
-6.2121212121e-01 1.1060606061e+00 0.0000000000e+00 2.7929349010e-09 -5.5163408197e-09
-5.9090909091e-01 1.1060606061e+00 0.0000000000e+00 2.8251530981e-09 -5.4863985393e-09
-5.6060606061e-01 1.1060606061e+00 0.0000000000e+00 2.8568106863e-09 -5.4590036739e-09
-5.3030303030e-01 1.1060606061e+00 0.0000000000e+00 2.8878000809e-09 -5.4340486388e-09
-5.0000000000e-01 1.1060606061e+00 0.0000000000e+00 2.9180089435e-09 -5.4114210955e-09
-4.6969696970e-01 1.1060606061e+00 0.0000000000e+00 2.9473208164e-09 -5.3910045865e-09
-4.3939393939e-01 1.1060606061e+00 0.0000000000e+00 2.9756158967e-09 -5.3726793087e-09
-4.0909090909e-01 1.1060606061e+00 0.0000000000e+00 3.0027719506e-09 -5.3563230284e-09
-3.7878787879e-01 1.1060606061e+00 0.0000000000e+00 3.0286653675e-09 -5.3418121349e-09
-3.4848484848e-01 1.1060606061e+00 0.0000000000e+00 3.0531723450e-09 -5.3290228259e-09
-3.1818181818e-01 1.1060606061e+00 0.0000000000e+00 3.0761701945e-09 -5.3178324128e-09
-2.8787878788e-01 1.1060606061e+00 0.0000000000e+00 3.0975387484e-09 -5.3081207280e-09
-2.5757575758e-01 1.1060606061e+00 0.0000000000e+00 3.1171618465e-09 -5.2997716113e-09
-2.2727272727e-01 1.1060606061e+00 0.0000000000e+00 3.1349288734e-09 -5.2926744472e-09
-1.9696969697e-01 1.1060606061e+00 0.0000000000e+00 3.1507363127e-09 -5.2867257193e-09
-1.6666666667e-01 1.1060606061e+00 0.0000000000e+00 3.1644892820e-09 -5.2818305454e-09
-1.3636363636e-01 1.1060606061e+00 0.0000000000e+00 3.1761030079e-09 -5.2779041520e-09
-1.0606060606e-01 1.1060606061e+00 0.0000000000e+00 3.1855042000e-09 -5.2748732486e-09
-7.5757575758e-02 1.1060606061e+00 0.0000000000e+00 3.1926322828e-09 -5.2726772598e-09
-4.5454545455e-02 1.1060606061e+00 0.0000000000e+00 3.1974404472e-09 -5.2712693764e-09
-1.5151515152e-02 1.1060606061e+00 0.0000000000e+00 3.1998964870e-09 -5.2706173923e-09
1.5151515152e-02 1.1060606061e+00 0.0000000000e+00 3.1999833918e-09 -5.2707042971e-09
4.5454545455e-02 1.1060606061e+00 0.0000000000e+00 3.1976996749e-09 -5.2715286041e-09
7.5757575758e-02 1.1060606061e+00 0.0000000000e+00 3.1930594245e-09 -5.2731044014e-09
1.0606060606e-01 1.1060606061e+00 0.0000000000e+00 3.1860920746e-09 -5.2754611232e-09
1.3636363636e-01 1.1060606061e+00 0.0000000000e+00 3.1768419031e-09 -5.2786430472e-09
1.6666666667e-01 1.1060606061e+00 0.0000000000e+00 3.1653672729e-09 -5.2827085364e-09
1.9696969697e-01 1.1060606061e+00 0.0000000000e+00 3.1517396405e-09 -5.2877290472e-09
2.2727272727e-01 1.1060606061e+00 0.0000000000e+00 3.1360423651e-09 -5.2937879389e-09
2.5757575758e-01 1.1060606061e+00 0.0000000000e+00 3.1183693550e-09 -5.3009791198e-09
2.8787878788e-01 1.1060606061e+00 0.0000000000e+00 3.0988235932e-09 -5.3094055728e-09
3.1818181818e-01 1.1060606061e+00 0.0000000000e+00 3.0775155845e-09 -5.3191778029e-09
3.4848484848e-01 1.1060606061e+00 0.0000000000e+00 3.0545617678e-09 -5.3304122487e-09
3.7878787879e-01 1.1060606061e+00 0.0000000000e+00 3.0300829328e-09 -5.3432297002e-09
4.0909090909e-01 1.1060606061e+00 0.0000000000e+00 3.0042026800e-09 -5.3577537577e-09
4.3939393939e-01 1.1060606061e+00 0.0000000000e+00 2.9770459537e-09 -5.3741093657e-09
4.6969696970e-01 1.1060606061e+00 0.0000000000e+00 2.9487376771e-09 -5.3924214472e-09
5.0000000000e-01 1.1060606061e+00 0.0000000000e+00 2.9194015082e-09 -5.4128136602e-09
5.3030303030e-01 1.1060606061e+00 0.0000000000e+00 2.8891587321e-09 -5.4354072900e-09
5.6060606061e-01 1.1060606061e+00 0.0000000000e+00 2.8581272977e-09 -5.4603202853e-09
5.9090909091e-01 1.1060606061e+00 0.0000000000e+00 2.8264210033e-09 -5.4876664445e-09
6.2121212121e-01 1.1060606061e+00 0.0000000000e+00 2.7941488284e-09 -5.5175547471e-09
6.5151515152e-01 1.1060606061e+00 0.0000000000e+00 2.7614144078e-09 -5.5500888278e-09
6.8181818182e-01 1.1060606061e+00 0.0000000000e+00 2.7283156392e-09 -5.5853665844e-09
7.1212121212e-01 1.1060606061e+00 0.0000000000e+00 2.6949444140e-09 -5.6234799083e-09
7.4242424242e-01 1.1060606061e+00 0.0000000000e+00 2.6613864592e-09 -5.6645145265e-09
7.7272727273e-01 1.1060606061e+00 0.0000000000e+00 2.6277212774e-09 -5.7085499415e-09
8.0303030303e-01 1.1060606061e+00 0.0000000000e+00 2.5940221719e-09 -5.7556594567e-09
8.3333333333e-01 1.1060606061e+00 0.0000000000e+00 2.5603563438e-09 -5.8059102731e-09
8.6363636364e-01 1.1060606061e+00 0.0000000000e+00 2.5267850483e-09 -5.8593636460e-09
8.9393939394e-01 1.1060606061e+00 0.0000000000e+00 2.4933637994e-09 -5.9160750894e-09
9.2424242424e-01 1.1060606061e+00 0.0000000000e+00 2.4601426111e-09 -5.9760946173e-09
9.5454545455e-01 1.1060606061e+00 0.0000000000e+00 2.4271662664e-09 -6.0394670127e-09
9.8484848485e-01 1.1060606061e+00 0.0000000000e+00 2.3944746052e-09 -6.1062321155e-09
1.0151515152e+00 1.1060606061e+00 0.0000000000e+00 2.3621028242e-09 -6.1764251223e-09
1.0454545455e+00 1.1060606061e+00 0.0000000000e+00 2.3300817816e-09 -6.2500768914e-09
1.0757575758e+00 1.1060606061e+00 0.0000000000e+00 2.2984383032e-09 -6.3272142485e-09
1.1060606061e+00 1.1060606061e+00 0.0000000000e+00 2.2671954832e-09 -6.4078602880e-09
1.1363636364e+00 1.1060606061e+00 0.0000000000e+00 2.2363729790e-09 -6.4920346670e-09
1.1666666667e+00 1.1060606061e+00 0.0000000000e+00 2.2059872946e-09 -6.5797538898e-09
1.1969696970e+00 1.1060606061e+00 0.0000000000e+00 2.1760520537e-09 -6.6710315800e-09
1.2272727273e+00 1.1060606061e+00 0.0000000000e+00 2.1465782579e-09 -6.7658787390e-09
1.2575757576e+00 1.1060606061e+00 0.0000000000e+00 2.1175745311e-09 -6.8643039911e-09
1.2878787879e+00 1.1060606061e+00 0.0000000000e+00 2.0890473500e-09 -6.9663138126e-09
1.3181818182e+00 1.1060606061e+00 0.0000000000e+00 2.0610012579e-09 -7.0719127470e-09
1.3484848485e+00 1.1060606061e+00 0.0000000000e+00 2.0334390648e-09 -7.1811036044e-09
1.3787878788e+00 1.1060606061e+00 0.0000000000e+00 2.0063620327e-09 -7.2938876465e-09
1.4090909091e+00 1.1060606061e+00 0.0000000000e+00 1.9797700456e-09 -7.4102647576e-09
1.4393939394e+00 1.1060606061e+00 0.0000000000e+00 1.9536617672e-09 -7.5302336012e-09
1.4696969697e+00 1.1060606061e+00 0.0000000000e+00 1.9280347847e-09 -7.6537917646e-09
1.5000000000e+00 1.1060606061e+00 0.0000000000e+00 1.9028857402e-09 -7.7809358899e-09
-1.5000000000e+00 1.1363636364e+00 0.0000000000e+00 1.8844155366e-09 -7.8774625696e-09
-1.4696969697e+00 1.1363636364e+00 0.0000000000e+00 1.9088203186e-09 -7.7495741819e-09
-1.4393939394e+00 1.1363636364e+00 0.0000000000e+00 1.9336684910e-09 -7.6252372083e-09
-1.4090909091e+00 1.1363636364e+00 0.0000000000e+00 1.9589618741e-09 -7.5044534694e-09
-1.3787878788e+00 1.1363636364e+00 0.0000000000e+00 1.9847013124e-09 -7.3872238095e-09
-1.3484848485e+00 1.1363636364e+00 0.0000000000e+00 2.0108865492e-09 -7.2735479721e-09
-1.3181818182e+00 1.1363636364e+00 0.0000000000e+00 2.0375160925e-09 -7.1634244649e-09
-1.2878787879e+00 1.1363636364e+00 0.0000000000e+00 2.0645870673e-09 -7.0568504132e-09
-1.2575757576e+00 1.1363636364e+00 0.0000000000e+00 2.0920950586e-09 -6.9538214019e-09
-1.2272727273e+00 1.1363636364e+00 0.0000000000e+00 2.1200339407e-09 -6.8543313052e-09
-1.1969696970e+00 1.1363636364e+00 0.0000000000e+00 2.1483956957e-09 -6.7583721052e-09
-1.1666666667e+00 1.1363636364e+00 0.0000000000e+00 2.1771702192e-09 -6.6659336977e-09
-1.1363636364e+00 1.1363636364e+00 0.0000000000e+00 2.2063451151e-09 -6.5770036864e-09
-1.1060606061e+00 1.1363636364e+00 0.0000000000e+00 2.2359054781e-09 -6.4915671661e-09
-1.0757575758e+00 1.1363636364e+00 0.0000000000e+00 2.2658336667e-09 -6.4096064953e-09
-1.0454545455e+00 1.1363636364e+00 0.0000000000e+00 2.2961090660e-09 -6.3311010590e-09
-1.0151515152e+00 1.1363636364e+00 0.0000000000e+00 2.3267078439e-09 -6.2560270252e-09
-9.8484848485e-01 1.1363636364e+00 0.0000000000e+00 2.3576027005e-09 -6.1843570941e-09
-9.5454545455e-01 1.1363636364e+00 0.0000000000e+00 2.3887626158e-09 -6.1160602454e-09
-9.2424242424e-01 1.1363636364e+00 0.0000000000e+00 2.4201525965e-09 -6.0511014861e-09
-8.9393939394e-01 1.1363636364e+00 0.0000000000e+00 2.4517334285e-09 -5.9894416019e-09
-8.6363636364e-01 1.1363636364e+00 0.0000000000e+00 2.4834614370e-09 -5.9310369181e-09
-8.3333333333e-01 1.1363636364e+00 0.0000000000e+00 2.5152882627e-09 -5.8758390753e-09
-8.0303030303e-01 1.1363636364e+00 0.0000000000e+00 2.5471606577e-09 -5.8237948258e-09
-7.7272727273e-01 1.1363636364e+00 0.0000000000e+00 2.5790203103e-09 -5.7748458577e-09
-7.4242424242e-01 1.1363636364e+00 0.0000000000e+00 2.6108037054e-09 -5.7289286559e-09
-7.1212121212e-01 1.1363636364e+00 0.0000000000e+00 2.6424420295e-09 -5.6859744070e-09
-6.8181818182e-01 1.1363636364e+00 0.0000000000e+00 2.6738611301e-09 -5.6459089586e-09
-6.5151515152e-01 1.1363636364e+00 0.0000000000e+00 2.7049815386e-09 -5.6086528419e-09
-6.2121212121e-01 1.1363636364e+00 0.0000000000e+00 2.7357185664e-09 -5.5741213684e-09
-5.9090909091e-01 1.1363636364e+00 0.0000000000e+00 2.7659824849e-09 -5.5422248094e-09
-5.6060606061e-01 1.1363636364e+00 0.0000000000e+00 2.7956787983e-09 -5.5128686693e-09
-5.3030303030e-01 1.1363636364e+00 0.0000000000e+00 2.8247086174e-09 -5.4859540586e-09
-5.0000000000e-01 1.1363636364e+00 0.0000000000e+00 2.8529691423e-09 -5.4613781776e-09
-4.6969696970e-01 1.1363636364e+00 0.0000000000e+00 2.8803542592e-09 -5.4390349126e-09
-4.3939393939e-01 1.1363636364e+00 0.0000000000e+00 2.9067552539e-09 -5.4188155492e-09
-4.0909090909e-01 1.1363636364e+00 0.0000000000e+00 2.9320616428e-09 -5.4006096039e-09
-3.7878787879e-01 1.1363636364e+00 0.0000000000e+00 2.9561621167e-09 -5.3843057674e-09
-3.4848484848e-01 1.1363636364e+00 0.0000000000e+00 2.9789455920e-09 -5.3697929563e-09
-3.1818181818e-01 1.1363636364e+00 0.0000000000e+00 3.0003023569e-09 -5.3569614586e-09
-2.8787878788e-01 1.1363636364e+00 0.0000000000e+00 3.0201252957e-09 -5.3457041586e-09
-2.5757575758e-01 1.1363636364e+00 0.0000000000e+00 3.0383111738e-09 -5.3359178218e-09
-2.2727272727e-01 1.1363636364e+00 0.0000000000e+00 3.0547619560e-09 -5.3275044131e-09
-1.9696969697e-01 1.1363636364e+00 0.0000000000e+00 3.0693861331e-09 -5.3203724231e-09
-1.6666666667e-01 1.1363636364e+00 0.0000000000e+00 3.0821000233e-09 -5.3144381700e-09
-1.3636363636e-01 1.1363636364e+00 0.0000000000e+00 3.0928290175e-09 -5.3096270448e-09
-1.0606060606e-01 1.1363636364e+00 0.0000000000e+00 3.1015087342e-09 -5.3058746660e-09
-7.5757575758e-02 1.1363636364e+00 0.0000000000e+00 3.1080860512e-09 -5.3031279115e-09
-4.5454545455e-02 1.1363636364e+00 0.0000000000e+00 3.1125199833e-09 -5.3013457958e-09
-1.5151515152e-02 1.1363636364e+00 0.0000000000e+00 3.1147823773e-09 -5.3005001660e-09
1.5151515152e-02 1.1363636364e+00 0.0000000000e+00 3.1148584046e-09 -5.3005761933e-09
4.5454545455e-02 1.1363636364e+00 0.0000000000e+00 3.1127468313e-09 -5.3015726438e-09
7.5757575758e-02 1.1363636364e+00 0.0000000000e+00 3.1084600584e-09 -5.3035019187e-09
1.0606060606e-01 1.1363636364e+00 0.0000000000e+00 3.1020239298e-09 -5.3063898617e-09
1.3636363636e-01 1.1363636364e+00 0.0000000000e+00 3.0934773121e-09 -5.3102753394e-09
1.6666666667e-01 1.1363636364e+00 0.0000000000e+00 3.0828714610e-09 -5.3152096077e-09
1.9696969697e-01 1.1363636364e+00 0.0000000000e+00 3.0702691929e-09 -5.3212554829e-09
2.2727272727e-01 1.1363636364e+00 0.0000000000e+00 3.0557438877e-09 -5.3284863448e-09
2.5757575758e-01 1.1363636364e+00 0.0000000000e+00 3.0393783521e-09 -5.3369850002e-09
2.8787878788e-01 1.1363636364e+00 0.0000000000e+00 3.0212635777e-09 -5.3468424406e-09
3.1818181818e-01 1.1363636364e+00 0.0000000000e+00 3.0014974280e-09 -5.3581565296e-09
3.4848484848e-01 1.1363636364e+00 0.0000000000e+00 2.9801832885e-09 -5.3710306528e-09
3.7878787879e-01 1.1363636364e+00 0.0000000000e+00 2.9574287142e-09 -5.3855723650e-09
4.0909090909e-01 1.1363636364e+00 0.0000000000e+00 2.9333441041e-09 -5.4018920651e-09
4.3939393939e-01 1.1363636364e+00 0.0000000000e+00 2.9080414303e-09 -5.4201017256e-09
4.6969696970e-01 1.1363636364e+00 0.0000000000e+00 2.8816330454e-09 -5.4403136988e-09
5.0000000000e-01 1.1363636364e+00 0.0000000000e+00 2.8542305844e-09 -5.4626396198e-09
5.3030303030e-01 1.1363636364e+00 0.0000000000e+00 2.8259439763e-09 -5.4871894176e-09
5.6060606061e-01 1.1363636364e+00 0.0000000000e+00 2.7968805735e-09 -5.5140704444e-09
5.9090909091e-01 1.1363636364e+00 0.0000000000e+00 2.7671444028e-09 -5.5433867273e-09
6.2121212121e-01 1.1363636364e+00 0.0000000000e+00 2.7368355402e-09 -5.5752383422e-09
6.5151515152e-01 1.1363636364e+00 0.0000000000e+00 2.7060496050e-09 -5.6097209083e-09
6.8181818182e-01 1.1363636364e+00 0.0000000000e+00 2.6748773678e-09 -5.6469251963e-09
7.1212121212e-01 1.1363636364e+00 0.0000000000e+00 2.6434044665e-09 -5.6869368441e-09
7.4242424242e-01 1.1363636364e+00 0.0000000000e+00 2.6117112192e-09 -5.7298361698e-09
7.7272727273e-01 1.1363636364e+00 0.0000000000e+00 2.5798725248e-09 -5.7756980722e-09
8.0303030303e-01 1.1363636364e+00 0.0000000000e+00 2.5479578407e-09 -5.8245920088e-09
8.3333333333e-01 1.1363636364e+00 0.0000000000e+00 2.5160312272e-09 -5.8765820398e-09
8.6363636364e-01 1.1363636364e+00 0.0000000000e+00 2.4841514474e-09 -5.9317269284e-09
8.9393939394e-01 1.1363636364e+00 0.0000000000e+00 2.4523721137e-09 -5.9900802871e-09
9.2424242424e-01 1.1363636364e+00 0.0000000000e+00 2.4207418712e-09 -6.0516907608e-09
9.5454545455e-01 1.1363636364e+00 0.0000000000e+00 2.3893046093e-09 -6.1166022389e-09
9.8484848485e-01 1.1363636364e+00 0.0000000000e+00 2.3580996948e-09 -6.1848540884e-09
1.0151515152e+00 1.1363636364e+00 0.0000000000e+00 2.3271622192e-09 -6.2564814006e-09
1.0454545455e+00 1.1363636364e+00 0.0000000000e+00 2.2965232549e-09 -6.3315152479e-09
1.0757575758e+00 1.1363636364e+00 0.0000000000e+00 2.2662101149e-09 -6.4099829435e-09
1.1060606061e+00 1.1363636364e+00 0.0000000000e+00 2.2362466126e-09 -6.4919083006e-09
1.1363636364e+00 1.1363636364e+00 0.0000000000e+00 2.2066533179e-09 -6.5773118893e-09
1.1666666667e+00 1.1363636364e+00 0.0000000000e+00 2.1774478070e-09 -6.6662112855e-09
1.1969696970e+00 1.1363636364e+00 0.0000000000e+00 2.1486449036e-09 -6.7586213131e-09
1.2272727273e+00 1.1363636364e+00 0.0000000000e+00 2.1202569109e-09 -6.8545542754e-09
1.2575757576e+00 1.1363636364e+00 0.0000000000e+00 2.0922938318e-09 -6.9540201750e-09
1.2878787879e+00 1.1363636364e+00 0.0000000000e+00 2.0647635774e-09 -7.0570269233e-09
1.3181818182e+00 1.1363636364e+00 0.0000000000e+00 2.0376721639e-09 -7.1635805364e-09
1.3484848485e+00 1.1363636364e+00 0.0000000000e+00 2.0110238961e-09 -7.2736853190e-09
1.3787878788e+00 1.1363636364e+00 0.0000000000e+00 1.9848215391e-09 -7.3873440362e-09
1.4090909091e+00 1.1363636364e+00 0.0000000000e+00 1.9590664776e-09 -7.5045580729e-09
1.4393939394e+00 1.1363636364e+00 0.0000000000e+00 1.9337588637e-09 -7.6253275811e-09
1.4696969697e+00 1.1363636364e+00 0.0000000000e+00 1.9088977525e-09 -7.7496516157e-09
1.5000000000e+00 1.1363636364e+00 0.0000000000e+00 1.8844812271e-09 -7.8775282601e-09
-1.5000000000e+00 1.1666666667e+00 0.0000000000e+00 1.8660527136e-09 -7.9772046538e-09
-1.4696969697e+00 1.1666666667e+00 0.0000000000e+00 1.8897416413e-09 -7.8486004117e-09
-1.4393939394e+00 1.1666666667e+00 0.0000000000e+00 1.9138424024e-09 -7.7235160269e-09
-1.4090909091e+00 1.1666666667e+00 0.0000000000e+00 1.9383555391e-09 -7.6019520416e-09
-1.3787878788e+00 1.1666666667e+00 0.0000000000e+00 1.9632806028e-09 -7.4839080071e-09
-1.3484848485e+00 1.1666666667e+00 0.0000000000e+00 1.9886160369e-09 -7.3693823670e-09
-1.3181818182e+00 1.1666666667e+00 0.0000000000e+00 2.0143590498e-09 -7.2583723295e-09
-1.2878787879e+00 1.1666666667e+00 0.0000000000e+00 2.0405054781e-09 -7.1508737312e-09
-1.2575757576e+00 1.1666666667e+00 0.0000000000e+00 2.0670496399e-09 -7.0468808903e-09
-1.2272727273e+00 1.1666666667e+00 0.0000000000e+00 2.0939841784e-09 -6.9463864500e-09
-1.1969696970e+00 1.1666666667e+00 0.0000000000e+00 2.1212998953e-09 -6.8493812120e-09
-1.1666666667e+00 1.1666666667e+00 0.0000000000e+00 2.1489855741e-09 -6.7558539598e-09
-1.1363636364e+00 1.1666666667e+00 0.0000000000e+00 2.1770277946e-09 -6.6657912731e-09
-1.1060606061e+00 1.1666666667e+00 0.0000000000e+00 2.2054107381e-09 -6.5791773333e-09
-1.0757575758e+00 1.1666666667e+00 0.0000000000e+00 2.2341159852e-09 -6.4959937210e-09
-1.0454545455e+00 1.1666666667e+00 0.0000000000e+00 2.2631223069e-09 -6.4162192071e-09
-1.0151515152e+00 1.1666666667e+00 0.0000000000e+00 2.2924054511e-09 -6.3398295396e-09
-9.8484848485e-01 1.1666666667e+00 0.0000000000e+00 2.3219379259e-09 -6.2667972267e-09
-9.5454545455e-01 1.1666666667e+00 0.0000000000e+00 2.3516887836e-09 -6.1970913203e-09
-9.2424242424e-01 1.1666666667e+00 0.0000000000e+00 2.3816234066e-09 -6.1306772034e-09
-8.9393939394e-01 1.1666666667e+00 0.0000000000e+00 2.4117033018e-09 -6.0675163823e-09
-8.6363636364e-01 1.1666666667e+00 0.0000000000e+00 2.4418859040e-09 -6.0075662922e-09
-8.3333333333e-01 1.1666666667e+00 0.0000000000e+00 2.4721243976e-09 -5.9507801173e-09
-8.0303030303e-01 1.1666666667e+00 0.0000000000e+00 2.5023675585e-09 -5.8971066337e-09
-7.7272727273e-01 1.1666666667e+00 0.0000000000e+00 2.5325596252e-09 -5.8464900798e-09
-7.4242424242e-01 1.1666666667e+00 0.0000000000e+00 2.5626402044e-09 -5.7988700621e-09
-7.1212121212e-01 1.1666666667e+00 0.0000000000e+00 2.5925442187e-09 -5.7541815035e-09
-6.8181818182e-01 1.1666666667e+00 0.0000000000e+00 2.6222019057e-09 -5.7123546414e-09
-6.5151515152e-01 1.1666666667e+00 0.0000000000e+00 2.6515388741e-09 -5.6733150846e-09
-6.2121212121e-01 1.1666666667e+00 0.0000000000e+00 2.6804762268e-09 -5.6369839360e-09
-5.9090909091e-01 1.1666666667e+00 0.0000000000e+00 2.7089307584e-09 -5.6032779901e-09
-5.6060606061e-01 1.1666666667e+00 0.0000000000e+00 2.7368152336e-09 -5.5721100117e-09
-5.3030303030e-01 1.1666666667e+00 0.0000000000e+00 2.7640387544e-09 -5.5433891027e-09
-5.0000000000e-01 1.1666666667e+00 0.0000000000e+00 2.7905072198e-09 -5.5170211623e-09
-4.6969696970e-01 1.1666666667e+00 0.0000000000e+00 2.8161238829e-09 -5.4929094434e-09
-4.3939393939e-01 1.1666666667e+00 0.0000000000e+00 2.8407900056e-09 -5.4709552081e-09
-4.0909090909e-01 1.1666666667e+00 0.0000000000e+00 2.8644056109e-09 -5.4510584792e-09
-3.7878787879e-01 1.1666666667e+00 0.0000000000e+00 2.8868703277e-09 -5.4331188856e-09
-3.4848484848e-01 1.1666666667e+00 0.0000000000e+00 2.9080843218e-09 -5.4170365932e-09
-3.1818181818e-01 1.1666666667e+00 0.0000000000e+00 2.9279493027e-09 -5.4027133115e-09
-2.8787878788e-01 1.1666666667e+00 0.0000000000e+00 2.9463695904e-09 -5.3900533605e-09
-2.5757575758e-01 1.1666666667e+00 0.0000000000e+00 2.9632532274e-09 -5.3789647827e-09
-2.2727272727e-01 1.1666666667e+00 0.0000000000e+00 2.9785131127e-09 -5.3693604770e-09
-1.9696969697e-01 1.1666666667e+00 0.0000000000e+00 2.9920681356e-09 -5.3611593328e-09
-1.6666666667e-01 1.1666666667e+00 0.0000000000e+00 3.0038442836e-09 -5.3542873375e-09
-1.3636363636e-01 1.1666666667e+00 0.0000000000e+00 3.0137756972e-09 -5.3486786317e-09
-1.0606060606e-01 1.1666666667e+00 0.0000000000e+00 3.0218056441e-09 -5.3442764831e-09
-7.5757575758e-02 1.1666666667e+00 0.0000000000e+00 3.0278873868e-09 -5.3410341542e-09
-4.5454545455e-02 1.1666666667e+00 0.0000000000e+00 3.0319849179e-09 -5.3389156376e-09
-1.5151515152e-02 1.1666666667e+00 0.0000000000e+00 3.0340735414e-09 -5.3378962373e-09
1.5151515152e-02 1.1666666667e+00 0.0000000000e+00 3.0341402828e-09 -5.3379629786e-09
4.5454545455e-02 1.1666666667e+00 0.0000000000e+00 3.0321841128e-09 -5.3391148325e-09
7.5757575758e-02 1.1666666667e+00 0.0000000000e+00 3.0282159801e-09 -5.3413627476e-09
1.0606060606e-01 1.1666666667e+00 0.0000000000e+00 3.0222586483e-09 -5.3447294874e-09
1.3636363636e-01 1.1666666667e+00 0.0000000000e+00 3.0143463440e-09 -5.3492492785e-09
1.6666666667e-01 1.1666666667e+00 0.0000000000e+00 3.0045242249e-09 -5.3549672788e-09
1.9696969697e-01 1.1666666667e+00 0.0000000000e+00 2.9928476846e-09 -5.3619388817e-09
2.2727272727e-01 1.1666666667e+00 0.0000000000e+00 2.9793815137e-09 -5.3702288779e-09
2.5757575758e-01 1.1666666667e+00 0.0000000000e+00 2.9641989422e-09 -5.3799104975e-09
2.8787878788e-01 1.1666666667e+00 0.0000000000e+00 2.9473805894e-09 -5.3910643595e-09
3.1818181818e-01 1.1666666667e+00 0.0000000000e+00 2.9290133490e-09 -5.4037773578e-09
3.4848484848e-01 1.1666666667e+00 0.0000000000e+00 2.9091892387e-09 -5.4181415101e-09
3.7878787879e-01 1.1666666667e+00 0.0000000000e+00 2.8880042411e-09 -5.4342527990e-09
4.0909090909e-01 1.1666666667e+00 0.0000000000e+00 2.8655571609e-09 -5.4522100291e-09
4.3939393939e-01 1.1666666667e+00 0.0000000000e+00 2.8419485221e-09 -5.4721137246e-09
4.6969696970e-01 1.1666666667e+00 0.0000000000e+00 2.8172795246e-09 -5.4940650852e-09
5.0000000000e-01 1.1666666667e+00 0.0000000000e+00 2.7916510758e-09 -5.5181650183e-09
5.3030303030e-01 1.1666666667e+00 0.0000000000e+00 2.7651629091e-09 -5.5445132575e-09
5.6060606061e-01 1.1666666667e+00 0.0000000000e+00 2.7379127993e-09 -5.5732075774e-09
5.9090909091e-01 1.1666666667e+00 0.0000000000e+00 2.7099958780e-09 -5.6043431097e-09
6.2121212121e-01 1.1666666667e+00 0.0000000000e+00 2.6815040515e-09 -5.6380117607e-09
6.5151515152e-01 1.1666666667e+00 0.0000000000e+00 2.6525255203e-09 -5.6743017308e-09
6.8181818182e-01 1.1666666667e+00 0.0000000000e+00 2.6231443961e-09 -5.7132971318e-09
7.1212121212e-01 1.1666666667e+00 0.0000000000e+00 2.5934404115e-09 -5.7550776962e-09
7.4242424242e-01 1.1666666667e+00 0.0000000000e+00 2.5634887148e-09 -5.7997185725e-09
7.7272727273e-01 1.1666666667e+00 0.0000000000e+00 2.5333597431e-09 -5.8472901976e-09
8.0303030303e-01 1.1666666667e+00 0.0000000000e+00 2.5031191645e-09 -5.8978582397e-09
8.3333333333e-01 1.1666666667e+00 0.0000000000e+00 2.4728278808e-09 -5.9514836005e-09
8.6363636364e-01 1.1666666667e+00 0.0000000000e+00 2.4425420828e-09 -6.0082224710e-09
8.9393939394e-01 1.1666666667e+00 0.0000000000e+00 2.4123133493e-09 -6.0681264298e-09
9.2424242424e-01 1.1666666667e+00 0.0000000000e+00 2.3821887820e-09 -6.1312425788e-09
9.5454545455e-01 1.1666666667e+00 0.0000000000e+00 2.3522111694e-09 -6.1976137062e-09
9.8484848485e-01 1.1666666667e+00 0.0000000000e+00 2.3224191724e-09 -6.2672784731e-09
1.0151515152e+00 1.1666666667e+00 0.0000000000e+00 2.2928475267e-09 -6.3402716152e-09
1.0454545455e+00 1.1666666667e+00 0.0000000000e+00 2.2635272555e-09 -6.4166241557e-09
1.0757575758e+00 1.1666666667e+00 0.0000000000e+00 2.2344858895e-09 -6.4963636252e-09
1.1060606061e+00 1.1666666667e+00 0.0000000000e+00 2.2057476889e-09 -6.5795142840e-09
1.1363636364e+00 1.1666666667e+00 0.0000000000e+00 2.1773338650e-09 -6.6660973435e-09
1.1666666667e+00 1.1666666667e+00 0.0000000000e+00 2.1492627988e-09 -6.7561311845e-09
1.1969696970e+00 1.1666666667e+00 0.0000000000e+00 2.1215502541e-09 -6.8496315708e-09
1.2272727273e+00 1.1666666667e+00 0.0000000000e+00 2.0942095832e-09 -6.9466118548e-09
1.2575757576e+00 1.1666666667e+00 0.0000000000e+00 2.0672519252e-09 -7.0470831756e-09
1.2878787879e+00 1.1666666667e+00 0.0000000000e+00 2.0406863943e-09 -7.1510546474e-09
1.3181818182e+00 1.1666666667e+00 0.0000000000e+00 2.0145202587e-09 -7.2585335383e-09
1.3484848485e+00 1.1666666667e+00 0.0000000000e+00 1.9887591090e-09 -7.3695254391e-09
1.3787878788e+00 1.1666666667e+00 0.0000000000e+00 1.9634070168e-09 -7.4840344211e-09
1.4090909091e+00 1.1666666667e+00 0.0000000000e+00 1.9384666823e-09 -7.6020631847e-09
1.4393939394e+00 1.1666666667e+00 0.0000000000e+00 1.9139395721e-09 -7.7236131965e-09
1.4696969697e+00 1.1666666667e+00 0.0000000000e+00 1.8898260470e-09 -7.8486848174e-09
1.5000000000e+00 1.1666666667e+00 0.0000000000e+00 1.8661254806e-09 -7.9772774207e-09
-1.5000000000e+00 1.1969696970e+00 0.0000000000e+00 1.8477557568e-09 -8.0801206281e-09
-1.4696969697e+00 1.1969696970e+00 0.0000000000e+00 1.8707457824e-09 -7.9508174839e-09
-1.4393939394e+00 1.1969696970e+00 0.0000000000e+00 1.8941177644e-09 -7.8250043199e-09
-1.4090909091e+00 1.1969696970e+00 0.0000000000e+00 1.9178711063e-09 -7.7026805398e-09
-1.3787878788e+00 1.1969696970e+00 0.0000000000e+00 1.9420042163e-09 -7.5838445517e-09
-1.3484848485e+00 1.1969696970e+00 0.0000000000e+00 1.9665143963e-09 -7.4684936574e-09
-1.3181818182e+00 1.1969696970e+00 0.0000000000e+00 1.9913977237e-09 -7.3566239343e-09
-1.2878787879e+00 1.1969696970e+00 0.0000000000e+00 2.0166489240e-09 -7.2482301081e-09
-1.2575757576e+00 1.1969696970e+00 0.0000000000e+00 2.0422612363e-09 -7.1433054177e-09
-1.2272727273e+00 1.1969696970e+00 0.0000000000e+00 2.0682262687e-09 -7.0418414714e-09
-1.1969696970e+00 1.1969696970e+00 0.0000000000e+00 2.0945338472e-09 -6.9438280949e-09
-1.1666666667e+00 1.1969696970e+00 0.0000000000e+00 2.1211718553e-09 -6.8492531720e-09
-1.1363636364e+00 1.1969696970e+00 0.0000000000e+00 2.1481260675e-09 -6.7581024770e-09
-1.1060606061e+00 1.1969696970e+00 0.0000000000e+00 2.1753799752e-09 -6.6703595014e-09
-1.0757575758e+00 1.1969696970e+00 0.0000000000e+00 2.2029146078e-09 -6.5860052746e-09
-1.0454545455e+00 1.1969696970e+00 0.0000000000e+00 2.2307083494e-09 -6.5050181806e-09
-1.0151515152e+00 1.1969696970e+00 0.0000000000e+00 2.2587367528e-09 -6.4273737724e-09
-9.8484848485e-01 1.1969696970e+00 0.0000000000e+00 2.2869723536e-09 -6.3530445854e-09
-9.5454545455e-01 1.1969696970e+00 0.0000000000e+00 2.3153844859e-09 -6.2819999537e-09
-9.2424242424e-01 1.1969696970e+00 0.0000000000e+00 2.3439391035e-09 -6.2142058312e-09
-8.9393939394e-01 1.1969696970e+00 0.0000000000e+00 2.3725986093e-09 -6.1496246209e-09
-8.6363636364e-01 1.1969696970e+00 0.0000000000e+00 2.4013216979e-09 -6.0882150172e-09
-8.3333333333e-01 1.1969696970e+00 0.0000000000e+00 2.4300632143e-09 -6.0299318652e-09
-8.0303030303e-01 1.1969696970e+00 0.0000000000e+00 2.4587740355e-09 -5.9747260417e-09
-7.7272727273e-01 1.1969696970e+00 0.0000000000e+00 2.4874009792e-09 -5.9225443647e-09
-7.4242424242e-01 1.1969696970e+00 0.0000000000e+00 2.5158867464e-09 -5.8733295351e-09
-7.1212121212e-01 1.1969696970e+00 0.0000000000e+00 2.5441699035e-09 -5.8270201193e-09
-6.8181818182e-01 1.1969696970e+00 0.0000000000e+00 2.5721849109e-09 -5.7835505776e-09
-6.5151515152e-01 1.1969696970e+00 0.0000000000e+00 2.5998622045e-09 -5.7428513460e-09
-6.2121212121e-01 1.1969696970e+00 0.0000000000e+00 2.6271283368e-09 -5.7048489770e-09
-5.9090909091e-01 1.1969696970e+00 0.0000000000e+00 2.6539061839e-09 -5.6694663466e-09
-5.6060606061e-01 1.1969696970e+00 0.0000000000e+00 2.6801152236e-09 -5.6366229328e-09
-5.3030303030e-01 1.1969696970e+00 0.0000000000e+00 2.7056718904e-09 -5.6062351699e-09
-5.0000000000e-01 1.1969696970e+00 0.0000000000e+00 2.7304900095e-09 -5.5782168831e-09
-4.6969696970e-01 1.1969696970e+00 0.0000000000e+00 2.7544813133e-09 -5.5524798049e-09
-4.3939393939e-01 1.1969696970e+00 0.0000000000e+00 2.7775560405e-09 -5.5289341740e-09
-4.0909090909e-01 1.1969696970e+00 0.0000000000e+00 2.7996236150e-09 -5.5074894143e-09
-3.7878787879e-01 1.1969696970e+00 0.0000000000e+00 2.8205934017e-09 -5.4880548906e-09
-3.4848484848e-01 1.1969696970e+00 0.0000000000e+00 2.8403755305e-09 -5.4705407330e-09
-3.1818181818e-01 1.1969696970e+00 0.0000000000e+00 2.8588817814e-09 -5.4548587212e-09
-2.8787878788e-01 1.1969696970e+00 0.0000000000e+00 2.8760265150e-09 -5.4409232162e-09
-2.5757575758e-01 1.1969696970e+00 0.0000000000e+00 2.8917276368e-09 -5.4286521231e-09
-2.2727272727e-01 1.1969696970e+00 0.0000000000e+00 2.9059075741e-09 -5.4179678694e-09
-1.9696969697e-01 1.1969696970e+00 0.0000000000e+00 2.9184942485e-09 -5.4087983767e-09
-1.6666666667e-01 1.1969696970e+00 0.0000000000e+00 2.9294220215e-09 -5.4010780064e-09
-1.3636363636e-01 1.1969696970e+00 0.0000000000e+00 2.9386325904e-09 -5.3947484560e-09
-1.0606060606e-01 1.1969696970e+00 0.0000000000e+00 2.9460758143e-09 -5.3897595844e-09
-7.5757575758e-02 1.1969696970e+00 0.0000000000e+00 2.9517104452e-09 -5.3860701437e-09
-4.5454545455e-02 1.1969696970e+00 0.0000000000e+00 2.9555047476e-09 -5.3836483983e-09
-1.5151515152e-02 1.1969696970e+00 0.0000000000e+00 2.9574369859e-09 -5.3824726127e-09
1.5151515152e-02 1.1969696970e+00 0.0000000000e+00 2.9574957679e-09 -5.3825313947e-09
4.5454545455e-02 1.1969696970e+00 0.0000000000e+00 2.9556802315e-09 -5.3838238822e-09
7.5757575758e-02 1.1969696970e+00 0.0000000000e+00 2.9520000703e-09 -5.3863597687e-09
1.0606060606e-01 1.1969696970e+00 0.0000000000e+00 2.9464753959e-09 -5.3901591660e-09
1.3636363636e-01 1.1969696970e+00 0.0000000000e+00 2.9391364411e-09 -5.3952523067e-09
1.6666666667e-01 1.1969696970e+00 0.0000000000e+00 2.9300231122e-09 -5.4016790972e-09
1.9696969697e-01 1.1969696970e+00 0.0000000000e+00 2.9191844026e-09 -5.4094885308e-09
2.2727272727e-01 1.1969696970e+00 0.0000000000e+00 2.9066776846e-09 -5.4187379799e-09
2.5757575758e-01 1.1969696970e+00 0.0000000000e+00 2.8925678996e-09 -5.4294923859e-09
2.8787878788e-01 1.1969696970e+00 0.0000000000e+00 2.8769266663e-09 -5.4418233674e-09
3.1818181818e-01 1.1969696970e+00 0.0000000000e+00 2.8598313317e-09 -5.4558082716e-09
3.4848484848e-01 1.1969696970e+00 0.0000000000e+00 2.8413639875e-09 -5.4715291900e-09
3.7878787879e-01 1.1969696970e+00 0.0000000000e+00 2.8216104737e-09 -5.4890719626e-09
4.0909090909e-01 1.1969696970e+00 0.0000000000e+00 2.8006593914e-09 -5.5085251907e-09
4.3939393939e-01 1.1969696970e+00 0.0000000000e+00 2.7786011447e-09 -5.5299792782e-09
4.6969696970e-01 1.1969696970e+00 0.0000000000e+00 2.7555270263e-09 -5.5535255179e-09
5.0000000000e-01 1.1969696970e+00 0.0000000000e+00 2.7315283635e-09 -5.5792552371e-09
5.3030303030e-01 1.1969696970e+00 0.0000000000e+00 2.7066957332e-09 -5.6072590126e-09
5.6060606061e-01 1.1969696970e+00 0.0000000000e+00 2.6811182554e-09 -5.6376259646e-09
5.9090909091e-01 1.1969696970e+00 0.0000000000e+00 2.6548829700e-09 -5.6704431327e-09
6.2121212121e-01 1.1969696970e+00 0.0000000000e+00 2.6280742980e-09 -5.7057949381e-09
6.5151515152e-01 1.1969696970e+00 0.0000000000e+00 2.6007735896e-09 -5.7437627311e-09
6.8181818182e-01 1.1969696970e+00 0.0000000000e+00 2.5730587548e-09 -5.7844244215e-09
7.1212121212e-01 1.1969696970e+00 0.0000000000e+00 2.5450039738e-09 -5.8278541896e-09
7.4242424242e-01 1.1969696970e+00 0.0000000000e+00 2.5166794828e-09 -5.8741222716e-09
7.7272727273e-01 1.1969696970e+00 0.0000000000e+00 2.4881514277e-09 -5.9232948132e-09
8.0303030303e-01 1.1969696970e+00 0.0000000000e+00 2.4594817801e-09 -5.9754337863e-09
8.3333333333e-01 1.1969696970e+00 0.0000000000e+00 2.4307283090e-09 -6.0305969598e-09
8.6363636364e-01 1.1969696970e+00 0.0000000000e+00 2.4019446002e-09 -6.0888379195e-09
8.9393939394e-01 1.1969696970e+00 0.0000000000e+00 2.3731801165e-09 -6.1502061281e-09
9.2424242424e-01 1.1969696970e+00 0.0000000000e+00 2.3444802934e-09 -6.2147470212e-09
9.5454545455e-01 1.1969696970e+00 0.0000000000e+00 2.3158866619e-09 -6.2825021298e-09
9.8484848485e-01 1.1969696970e+00 0.0000000000e+00 2.2874369950e-09 -6.3535092267e-09
1.0151515152e+00 1.1969696970e+00 0.0000000000e+00 2.2591654702e-09 -6.4278024897e-09
1.0454545455e+00 1.1969696970e+00 0.0000000000e+00 2.2311028456e-09 -6.5054126768e-09
1.0757575758e+00 1.1969696970e+00 0.0000000000e+00 2.2032766438e-09 -6.5863673106e-09
1.1060606061e+00 1.1969696970e+00 0.0000000000e+00 2.1757113409e-09 -6.6706908672e-09
1.1363636364e+00 1.1969696970e+00 0.0000000000e+00 2.1484285572e-09 -6.7584049667e-09
1.1666666667e+00 1.1969696970e+00 0.0000000000e+00 2.1214472469e-09 -6.8495285636e-09
1.1969696970e+00 1.1969696970e+00 0.0000000000e+00 2.0947838856e-09 -6.9440781333e-09
1.2272727273e+00 1.1969696970e+00 0.0000000000e+00 2.0684526526e-09 -7.0420678553e-09
1.2575757576e+00 1.1969696970e+00 0.0000000000e+00 2.0424656076e-09 -7.1435097891e-09
1.2878787879e+00 1.1969696970e+00 0.0000000000e+00 2.0168328600e-09 -7.2484140442e-09
1.3181818182e+00 1.1969696970e+00 0.0000000000e+00 1.9915627314e-09 -7.3567889420e-09
1.3484848485e+00 1.1969696970e+00 0.0000000000e+00 1.9666619089e-09 -7.4686411699e-09
1.3787878788e+00 1.1969696970e+00 0.0000000000e+00 1.9421355906e-09 -7.5839759260e-09
1.4090909091e+00 1.1969696970e+00 0.0000000000e+00 1.9179876225e-09 -7.7027970560e-09
1.4393939394e+00 1.1969696970e+00 0.0000000000e+00 1.8942206258e-09 -7.8251071814e-09
1.4696969697e+00 1.1969696970e+00 0.0000000000e+00 1.8708361171e-09 -7.9509078185e-09
1.5000000000e+00 1.1969696970e+00 0.0000000000e+00 1.8478346188e-09 -8.0801994900e-09
-1.5000000000e+00 1.2272727273e+00 0.0000000000e+00 1.8295394926e-09 -8.1862253187e-09
-1.4696969697e+00 1.2272727273e+00 0.0000000000e+00 1.8518477980e-09 -8.0562404543e-09
-1.4393939394e+00 1.2272727273e+00 0.0000000000e+00 1.8745098115e-09 -7.9297173220e-09
-1.4090909091e+00 1.2272727273e+00 0.0000000000e+00 1.8975239283e-09 -7.8066543168e-09
-1.3787878788e+00 1.2272727273e+00 0.0000000000e+00 1.9208875505e-09 -7.6870488408e-09
-1.3484848485e+00 1.2272727273e+00 0.0000000000e+00 1.9445969844e-09 -7.5708972003e-09
-1.3181818182e+00 1.2272727273e+00 0.0000000000e+00 1.9686473298e-09 -7.4581944953e-09
-1.2878787879e+00 1.2272727273e+00 0.0000000000e+00 1.9930323632e-09 -7.3489345022e-09
-1.2575757576e+00 1.2272727273e+00 0.0000000000e+00 2.0177444132e-09 -7.2431095496e-09
-1.2272727273e+00 1.2272727273e+00 0.0000000000e+00 2.0427742292e-09 -7.1407103868e-09
-1.1969696970e+00 1.2272727273e+00 0.0000000000e+00 2.0681108436e-09 -7.0417260463e-09
-1.1666666667e+00 1.2272727273e+00 0.0000000000e+00 2.0937414280e-09 -6.9461436996e-09
-1.1363636364e+00 1.2272727273e+00 0.0000000000e+00 2.1196511432e-09 -6.8539485076e-09
-1.1060606061e+00 1.2272727273e+00 0.0000000000e+00 2.1458229854e-09 -6.7651234665e-09
-1.0757575758e+00 1.2272727273e+00 0.0000000000e+00 2.1722376281e-09 -6.6796492498e-09
-1.0454545455e+00 1.2272727273e+00 0.0000000000e+00 2.1988732620e-09 -6.5975040482e-09
-1.0151515152e+00 1.2272727273e+00 0.0000000000e+00 2.2257054344e-09 -6.5186634089e-09
-9.8484848485e-01 1.2272727273e+00 0.0000000000e+00 2.2527068899e-09 -6.4431000766e-09
-9.5454545455e-01 1.2272727273e+00 0.0000000000e+00 2.2798474152e-09 -6.3707838380e-09
-9.2424242424e-01 1.2272727273e+00 0.0000000000e+00 2.3070936899e-09 -6.3016813726e-09
-8.9393939394e-01 1.2272727273e+00 0.0000000000e+00 2.3344091479e-09 -6.2357561144e-09
-8.6363636364e-01 1.2272727273e+00 0.0000000000e+00 2.3617538515e-09 -6.1729681257e-09
-8.3333333333e-01 1.2272727273e+00 0.0000000000e+00 2.3890843834e-09 -6.1132739891e-09
-8.0303030303e-01 1.2272727273e+00 0.0000000000e+00 2.4163537602e-09 -6.0566267213e-09
-7.7272727273e-01 1.2272727273e+00 0.0000000000e+00 2.4435113726e-09 -6.0029757131e-09
-7.4242424242e-01 1.2272727273e+00 0.0000000000e+00 2.4705029574e-09 -5.9522667011e-09
-7.1212121212e-01 1.2272727273e+00 0.0000000000e+00 2.4972706066e-09 -5.9044417773e-09
-6.8181818182e-01 1.2272727273e+00 0.0000000000e+00 2.5237528183e-09 -5.8594394399e-09
-6.5151515152e-01 1.2272727273e+00 0.0000000000e+00 2.5498845968e-09 -5.8171946932e-09
-6.2121212121e-01 1.2272727273e+00 0.0000000000e+00 2.5755976045e-09 -5.7776391996e-09
-5.9090909091e-01 1.2272727273e+00 0.0000000000e+00 2.6008203730e-09 -5.7407014906e-09
-5.6060606061e-01 1.2272727273e+00 0.0000000000e+00 2.6254785756e-09 -5.7063072397e-09
-5.3030303030e-01 1.2272727273e+00 0.0000000000e+00 2.6494953670e-09 -5.6743796014e-09
-5.0000000000e-01 1.2272727273e+00 0.0000000000e+00 2.6727917900e-09 -5.6448396185e-09
-4.6969696970e-01 1.2272727273e+00 0.0000000000e+00 2.6952872527e-09 -5.6176066992e-09
-4.3939393939e-01 1.2272727273e+00 0.0000000000e+00 2.7169000739e-09 -5.5925991623e-09
-4.0909090909e-01 1.2272727273e+00 0.0000000000e+00 2.7375480958e-09 -5.5697348501e-09
-3.7878787879e-01 1.2272727273e+00 0.0000000000e+00 2.7571493590e-09 -5.5489318029e-09
-3.4848484848e-01 1.2272727273e+00 0.0000000000e+00 2.7756228323e-09 -5.5301089896e-09
-3.1818181818e-01 1.2272727273e+00 0.0000000000e+00 2.7928891909e-09 -5.5131870857e-09
-2.8787878788e-01 1.2272727273e+00 0.0000000000e+00 2.8088716300e-09 -5.4980892861e-09
-2.5757575758e-01 1.2272727273e+00 0.0000000000e+00 2.8234967013e-09 -5.4847421425e-09
-2.2727272727e-01 1.2272727273e+00 0.0000000000e+00 2.8366951574e-09 -5.4730764076e-09
-1.9696969697e-01 1.2272727273e+00 0.0000000000e+00 2.8484027878e-09 -5.4630278710e-09
-1.6666666667e-01 1.2272727273e+00 0.0000000000e+00 2.8585612281e-09 -5.4545381680e-09
-1.3636363636e-01 1.2272727273e+00 0.0000000000e+00 2.8671187241e-09 -5.4475555446e-09
-1.0606060606e-01 1.2272727273e+00 0.0000000000e+00 2.8740308334e-09 -5.4420355584e-09
-7.5757575758e-02 1.2272727273e+00 0.0000000000e+00 2.8792610451e-09 -5.4379416984e-09
-4.5454545455e-02 1.2272727273e+00 0.0000000000e+00 2.8827813030e-09 -5.4352459086e-09
-1.5151515152e-02 1.2272727273e+00 0.0000000000e+00 2.8845724168e-09 -5.4339289986e-09
1.5151515152e-02 1.2272727273e+00 0.0000000000e+00 2.8846243504e-09 -5.4339809322e-09
4.5454545455e-02 1.2272727273e+00 0.0000000000e+00 2.8829363785e-09 -5.4354009842e-09
7.5757575758e-02 1.2272727273e+00 0.0000000000e+00 2.8795171069e-09 -5.4381977603e-09
1.0606060606e-01 1.2272727273e+00 0.0000000000e+00 2.8743843557e-09 -5.4423890807e-09
1.3636363636e-01 1.2272727273e+00 0.0000000000e+00 2.8675649083e-09 -5.4480017288e-09
1.6666666667e-01 1.2272727273e+00 0.0000000000e+00 2.8590941322e-09 -5.4550710721e-09
1.9696969697e-01 1.2272727273e+00 0.0000000000e+00 2.8490154835e-09 -5.4636405667e-09
2.2727272727e-01 1.2272727273e+00 0.0000000000e+00 2.8373799064e-09 -5.4737611567e-09
2.5757575758e-01 1.2272727273e+00 0.0000000000e+00 2.8242451452e-09 -5.4854905864e-09
2.8787878788e-01 1.2272727273e+00 0.0000000000e+00 2.8096749851e-09 -5.4988926412e-09
3.1818181818e-01 1.2272727273e+00 0.0000000000e+00 2.7937384418e-09 -5.5140363366e-09
3.4848484848e-01 1.2272727273e+00 0.0000000000e+00 2.7765089171e-09 -5.5309950745e-09
3.7878787879e-01 1.2272727273e+00 0.0000000000e+00 2.7580633411e-09 -5.5498457850e-09
4.0909090909e-01 1.2272727273e+00 0.0000000000e+00 2.7384813176e-09 -5.5706680718e-09
4.3939393939e-01 1.2272727273e+00 0.0000000000e+00 2.7178442892e-09 -5.5935433776e-09
4.6969696970e-01 1.2272727273e+00 0.0000000000e+00 2.6962347363e-09 -5.6185541828e-09
5.0000000000e-01 1.2272727273e+00 0.0000000000e+00 2.6737354230e-09 -5.6457832515e-09
5.3030303030e-01 1.2272727273e+00 0.0000000000e+00 2.6504286982e-09 -5.6753129326e-09
5.6060606061e-01 1.2272727273e+00 0.0000000000e+00 2.6263958612e-09 -5.7072245252e-09
5.9090909091e-01 1.2272727273e+00 0.0000000000e+00 2.6017165943e-09 -5.7415977119e-09
6.2121212121e-01 1.2272727273e+00 0.0000000000e+00 2.5764684683e-09 -5.7785100633e-09
6.5151515152e-01 1.2272727273e+00 0.0000000000e+00 2.5507265190e-09 -5.8180366154e-09
6.8181818182e-01 1.2272727273e+00 0.0000000000e+00 2.5245628953e-09 -5.8602495169e-09
7.1212121212e-01 1.2272727273e+00 0.0000000000e+00 2.4980465758e-09 -5.9052177465e-09
7.4242424242e-01 1.2272727273e+00 0.0000000000e+00 2.4712431507e-09 -5.9530068943e-09
7.7272727273e-01 1.2272727273e+00 0.0000000000e+00 2.4442146639e-09 -6.0036790044e-09
8.0303030303e-01 1.2272727273e+00 0.0000000000e+00 2.4170195109e-09 -6.0572924720e-09
8.3333333333e-01 1.2272727273e+00 0.0000000000e+00 2.3897123861e-09 -6.1139019918e-09
8.6363636364e-01 1.2272727273e+00 0.0000000000e+00 2.3623442744e-09 -6.1735585486e-09
8.9393939394e-01 1.2272727273e+00 0.0000000000e+00 2.3349624810e-09 -6.2363094475e-09
9.2424242424e-01 1.2272727273e+00 0.0000000000e+00 2.3076106938e-09 -6.3021983765e-09
9.5454545455e-01 1.2272727273e+00 0.0000000000e+00 2.2803290732e-09 -6.3712654960e-09
9.8484848485e-01 1.2272727273e+00 0.0000000000e+00 2.2531543644e-09 -6.4435475511e-09
1.0151515152e+00 1.2272727273e+00 0.0000000000e+00 2.2261200266e-09 -6.5190780011e-09
1.0454545455e+00 1.2272727273e+00 0.0000000000e+00 2.1992563770e-09 -6.5978871632e-09
1.0757575758e+00 1.2272727273e+00 0.0000000000e+00 2.1725907431e-09 -6.6800023648e-09
1.1060606061e+00 1.2272727273e+00 0.0000000000e+00 2.1461476225e-09 -6.7654481037e-09
1.1363636364e+00 1.2272727273e+00 0.0000000000e+00 2.1199488462e-09 -6.8542462106e-09
1.1666666667e+00 1.2272727273e+00 0.0000000000e+00 2.0940137423e-09 -6.9464160139e-09
1.1969696970e+00 1.2272727273e+00 0.0000000000e+00 2.0683592998e-09 -7.0419745025e-09
1.2272727273e+00 1.2272727273e+00 0.0000000000e+00 2.0430003295e-09 -7.1409364871e-09
1.2575757576e+00 1.2272727273e+00 0.0000000000e+00 2.0179496206e-09 -7.2433147570e-09
1.2878787879e+00 1.2272727273e+00 0.0000000000e+00 1.9932180931e-09 -7.3491202321e-09
1.3181818182e+00 1.2272727273e+00 0.0000000000e+00 1.9688149432e-09 -7.4583621087e-09
1.3484848485e+00 1.2272727273e+00 0.0000000000e+00 1.9447477836e-09 -7.5710479995e-09
1.3787878788e+00 1.2272727273e+00 0.0000000000e+00 1.9210227758e-09 -7.6871840661e-09
1.4090909091e+00 1.2272727273e+00 0.0000000000e+00 1.8976447561e-09 -7.8067751445e-09
1.4393939394e+00 1.2272727273e+00 0.0000000000e+00 1.8746173537e-09 -7.9298248641e-09
1.4696969697e+00 1.2272727273e+00 0.0000000000e+00 1.8519431017e-09 -8.0563357581e-09
1.5000000000e+00 1.2272727273e+00 0.0000000000e+00 1.8296235416e-09 -8.1863093677e-09
-1.5000000000e+00 1.2575757576e+00 0.0000000000e+00 1.8114175768e-09 -8.2955323817e-09
-1.4696969697e+00 1.2575757576e+00 0.0000000000e+00 1.8330614915e-09 -8.1648831266e-09
-1.4393939394e+00 1.2575757576e+00 0.0000000000e+00 1.8550324408e-09 -8.0376689301e-09
-1.4090909091e+00 1.2575757576e+00 0.0000000000e+00 1.8773279310e-09 -7.9138872982e-09
-1.3787878788e+00 1.2575757576e+00 0.0000000000e+00 1.8999444848e-09 -7.7935347539e-09
-1.3484848485e+00 1.2575757576e+00 0.0000000000e+00 1.9228775461e-09 -7.6766067408e-09
-1.3181818182e+00 1.2575757576e+00 0.0000000000e+00 1.9461213772e-09 -7.5630975216e-09
-1.2878787879e+00 1.2575757576e+00 0.0000000000e+00 1.9696689515e-09 -7.4530000693e-09
-1.2575757576e+00 1.2575757576e+00 0.0000000000e+00 1.9935118391e-09 -7.3463059543e-09
-1.2272727273e+00 1.2575757576e+00 0.0000000000e+00 2.0176400880e-09 -7.2430052243e-09
-1.1969696970e+00 1.2575757576e+00 0.0000000000e+00 2.0420420990e-09 -7.1430862804e-09
-1.1666666667e+00 1.2575757576e+00 0.0000000000e+00 2.0667044968e-09 -7.0465357472e-09
-1.1363636364e+00 1.2575757576e+00 0.0000000000e+00 2.0916119966e-09 -6.9533383398e-09
-1.1060606061e+00 1.2575757576e+00 0.0000000000e+00 2.1167472675e-09 -6.8634767275e-09
-1.0757575758e+00 1.2575757576e+00 0.0000000000e+00 2.1420907945e-09 -6.7769313950e-09
-1.0454545455e+00 1.2575757576e+00 0.0000000000e+00 2.1676207388e-09 -6.6936805038e-09
-1.0151515152e+00 1.2575757576e+00 0.0000000000e+00 2.1933128001e-09 -6.6136997534e-09
-9.8484848485e-01 1.2575757576e+00 0.0000000000e+00 2.2191400812e-09 -6.5369622467e-09
-9.5454545455e-01 1.2575757576e+00 0.0000000000e+00 2.2450729577e-09 -6.4634383593e-09
-9.2424242424e-01 1.2575757576e+00 0.0000000000e+00 2.2710789557e-09 -6.3930956172e-09
-8.9393939394e-01 1.2575757576e+00 0.0000000000e+00 2.2971226396e-09 -6.3258985849e-09
-8.6363636364e-01 1.2575757576e+00 0.0000000000e+00 2.3231655141e-09 -6.2618087670e-09
-8.3333333333e-01 1.2575757576e+00 0.0000000000e+00 2.3491659433e-09 -6.2007845279e-09
-8.0303030303e-01 1.2575757576e+00 0.0000000000e+00 2.3750790914e-09 -6.1427810314e-09
-7.7272727273e-01 1.2575757576e+00 0.0000000000e+00 2.4008568880e-09 -6.0877502072e-09
-7.4242424242e-01 1.2575757576e+00 0.0000000000e+00 2.4264480237e-09 -6.0356407462e-09
-7.1212121212e-01 1.2575757576e+00 0.0000000000e+00 2.4517979802e-09 -5.9863981297e-09
-6.8181818182e-01 1.2575757576e+00 0.0000000000e+00 2.4768490979e-09 -5.9399646984e-09
-6.5151515152e-01 1.2575757576e+00 0.0000000000e+00 2.5015406880e-09 -5.8962797633e-09
-6.2121212121e-01 1.2575757576e+00 0.0000000000e+00 2.5258091909e-09 -5.8552797648e-09
-5.9090909091e-01 1.2575757576e+00 0.0000000000e+00 2.5495883863e-09 -5.8168984827e-09
-5.6060606061e-01 1.2575757576e+00 0.0000000000e+00 2.5728096576e-09 -5.7810673004e-09
-5.3030303030e-01 1.2575757576e+00 0.0000000000e+00 2.5954023131e-09 -5.7477155262e-09
-5.0000000000e-01 1.2575757576e+00 0.0000000000e+00 2.6172939660e-09 -5.7167707732e-09
-4.6969696970e-01 1.2575757576e+00 0.0000000000e+00 2.6384109726e-09 -5.6881593979e-09
-4.3939393939e-01 1.2575757576e+00 0.0000000000e+00 2.6586789290e-09 -5.6618069962e-09
-4.0909090909e-01 1.2575757576e+00 0.0000000000e+00 2.6780232221e-09 -5.6376389551e-09
-3.7878787879e-01 1.2575757576e+00 0.0000000000e+00 2.6963696326e-09 -5.6155810552e-09
-3.4848484848e-01 1.2575757576e+00 0.0000000000e+00 2.7136449820e-09 -5.5955601182e-09
-3.1818181818e-01 1.2575757576e+00 0.0000000000e+00 2.7297778173e-09 -5.5775046909e-09
-2.8787878788e-01 1.2575757576e+00 0.0000000000e+00 2.7446991226e-09 -5.5613457574e-09
-2.5757575758e-01 1.2575757576e+00 0.0000000000e+00 2.7583430469e-09 -5.5470174669e-09
-2.2727272727e-01 1.2575757576e+00 0.0000000000e+00 2.7706476358e-09 -5.5344578648e-09
-1.9696969697e-01 1.2575757576e+00 0.0000000000e+00 2.7815555509e-09 -5.5236096128e-09
-1.6666666667e-01 1.2575757576e+00 0.0000000000e+00 2.7910147654e-09 -5.5144206840e-09
-1.3636363636e-01 1.2575757576e+00 0.0000000000e+00 2.7989792170e-09 -5.5068450163e-09
-1.0606060606e-01 1.2575757576e+00 0.0000000000e+00 2.8054094067e-09 -5.5008431105e-09
-7.5757575758e-02 1.2575757576e+00 0.0000000000e+00 2.8102729252e-09 -5.4963825573e-09
-4.5454545455e-02 1.2575757576e+00 0.0000000000e+00 2.8135448966e-09 -5.4934384810e-09
-1.5151515152e-02 1.2575757576e+00 0.0000000000e+00 2.8152083268e-09 -5.4919938874e-09
1.5151515152e-02 1.2575757576e+00 0.0000000000e+00 2.8152543464e-09 -5.4920399070e-09
4.5454545455e-02 1.2575757576e+00 0.0000000000e+00 2.8136823427e-09 -5.4935759271e-09
7.5757575758e-02 1.2575757576e+00 0.0000000000e+00 2.8104999757e-09 -5.4966096079e-09
1.0606060606e-01 1.2575757576e+00 0.0000000000e+00 2.8057230791e-09 -5.5011567829e-09
1.3636363636e-01 1.2575757576e+00 0.0000000000e+00 2.7993754465e-09 -5.5072412458e-09
1.6666666667e-01 1.2575757576e+00 0.0000000000e+00 2.7914885100e-09 -5.5148944287e-09
1.9696969697e-01 1.2575757576e+00 0.0000000000e+00 2.7821009188e-09 -5.5241549807e-09
2.2727272727e-01 1.2575757576e+00 0.0000000000e+00 2.7712580290e-09 -5.5350682580e-09
2.5757575758e-01 1.2575757576e+00 0.0000000000e+00 2.7590113167e-09 -5.5476857367e-09
2.8787878788e-01 1.2575757576e+00 0.0000000000e+00 2.7454177299e-09 -5.5620643648e-09
3.1818181818e-01 1.2575757576e+00 0.0000000000e+00 2.7305389933e-09 -5.5782658669e-09
3.4848484848e-01 1.2575757576e+00 0.0000000000e+00 2.7144408824e-09 -5.5963560186e-09
3.7878787879e-01 1.2575757576e+00 0.0000000000e+00 2.6971924828e-09 -5.6164039054e-09
4.0909090909e-01 1.2575757576e+00 0.0000000000e+00 2.6788654482e-09 -5.6384811812e-09
4.3939393939e-01 1.2575757576e+00 0.0000000000e+00 2.6595332725e-09 -5.6626613397e-09
4.6969696970e-01 1.2575757576e+00 0.0000000000e+00 2.6392705868e-09 -5.6890190121e-09
5.0000000000e-01 1.2575757576e+00 0.0000000000e+00 2.6181524929e-09 -5.7176293002e-09
5.3030303030e-01 1.2575757576e+00 0.0000000000e+00 2.5962539418e-09 -5.7485671550e-09
5.6060606061e-01 1.2575757576e+00 0.0000000000e+00 2.5736491633e-09 -5.7819068061e-09
5.9090909091e-01 1.2575757576e+00 0.0000000000e+00 2.5504111523e-09 -5.8177212487e-09
6.2121212121e-01 1.2575757576e+00 0.0000000000e+00 2.5266112148e-09 -5.8560817887e-09
6.5151515152e-01 1.2575757576e+00 0.0000000000e+00 2.5023185745e-09 -5.8970576497e-09
6.8181818182e-01 1.2575757576e+00 0.0000000000e+00 2.4776000395e-09 -5.9407156399e-09
7.1212121212e-01 1.2575757576e+00 0.0000000000e+00 2.4525197290e-09 -5.9871198785e-09
7.4242424242e-01 1.2575757576e+00 0.0000000000e+00 2.4271388560e-09 -6.0363315784e-09
7.7272727273e-01 1.2575757576e+00 0.0000000000e+00 2.4015155631e-09 -6.0884088824e-09
8.0303030303e-01 1.2575757576e+00 0.0000000000e+00 2.3757048081e-09 -6.1434067481e-09
8.3333333333e-01 1.2575757576e+00 0.0000000000e+00 2.3497582935e-09 -6.2013768780e-09
8.6363636364e-01 1.2575757576e+00 0.0000000000e+00 2.3237244366e-09 -6.2623676896e-09
8.9393939394e-01 1.2575757576e+00 0.0000000000e+00 2.2976483751e-09 -6.3264243204e-09
9.2424242424e-01 1.2575757576e+00 0.0000000000e+00 2.2715720027e-09 -6.3935886642e-09
9.5454545455e-01 1.2575757576e+00 0.0000000000e+00 2.2455340312e-09 -6.4638994327e-09
9.8484848485e-01 1.2575757576e+00 0.0000000000e+00 2.2195700740e-09 -6.5373922394e-09
1.0151515152e+00 1.2575757576e+00 0.0000000000e+00 2.1937127477e-09 -6.6140997010e-09
1.0454545455e+00 1.2575757576e+00 0.0000000000e+00 2.1679917873e-09 -6.6940515523e-09
1.0757575758e+00 1.2575757576e+00 0.0000000000e+00 2.1424341721e-09 -6.7772747726e-09
1.1060606061e+00 1.2575757576e+00 0.0000000000e+00 2.1170642593e-09 -6.8637937192e-09
1.1363636364e+00 1.2575757576e+00 0.0000000000e+00 2.0919039223e-09 -6.9536302656e-09
1.1666666667e+00 1.2575757576e+00 0.0000000000e+00 2.0669726924e-09 -7.0468039428e-09
1.1969696970e+00 1.2575757576e+00 0.0000000000e+00 2.0422879003e-09 -7.1433320818e-09
1.2272727273e+00 1.2575757576e+00 0.0000000000e+00 2.0178648175e-09 -7.2432299539e-09
1.2575757576e+00 1.2575757576e+00 0.0000000000e+00 1.9937167947e-09 -7.3465109099e-09
1.2878787879e+00 1.2575757576e+00 0.0000000000e+00 1.9698553979e-09 -7.4531865157e-09
1.3181818182e+00 1.2575757576e+00 0.0000000000e+00 1.9462905387e-09 -7.5632666831e-09
1.3484848485e+00 1.2575757576e+00 0.0000000000e+00 1.9230306014e-09 -7.6767597961e-09
1.3787878788e+00 1.2575757576e+00 0.0000000000e+00 1.9000825631e-09 -7.7936728322e-09
1.4090909091e+00 1.2575757576e+00 0.0000000000e+00 1.8774521093e-09 -7.9140114765e-09
1.4393939394e+00 1.2575757576e+00 0.0000000000e+00 1.8551437425e-09 -8.0377802317e-09
1.4696969697e+00 1.2575757576e+00 0.0000000000e+00 1.8331608852e-09 -8.1649825203e-09
1.5000000000e+00 1.2575757576e+00 0.0000000000e+00 1.8115059768e-09 -8.2956207817e-09
-1.5000000000e+00 1.2878787879e+00 0.0000000000e+00 1.7934025440e-09 -8.4080543516e-09
-1.4696969697e+00 1.2878787879e+00 0.0000000000e+00 1.8143994708e-09 -8.2767581086e-09
-1.4393939394e+00 1.2878787879e+00 0.0000000000e+00 1.8356982764e-09 -8.1488717683e-09
-1.4090909091e+00 1.2878787879e+00 0.0000000000e+00 1.8572956882e-09 -8.0243920580e-09
-1.3787878788e+00 1.2878787879e+00 0.0000000000e+00 1.8791874657e-09 -7.9033147375e-09
-1.3484848485e+00 1.2878787879e+00 0.0000000000e+00 1.9013683118e-09 -7.7856345092e-09
-1.3181818182e+00 1.2878787879e+00 0.0000000000e+00 1.9238317780e-09 -7.6713449250e-09
-1.2878787879e+00 1.2878787879e+00 0.0000000000e+00 1.9465701661e-09 -7.5604382866e-09
-1.2575757576e+00 1.2878787879e+00 0.0000000000e+00 1.9695744242e-09 -7.4529055420e-09
-1.2272727273e+00 1.2878787879e+00 0.0000000000e+00 1.9928340385e-09 -7.3487361776e-09
-1.1969696970e+00 1.2878787879e+00 0.0000000000e+00 2.0163369216e-09 -7.2479181057e-09
-1.1666666667e+00 1.2878787879e+00 0.0000000000e+00 2.0400692961e-09 -7.1504375492e-09
-1.1363636364e+00 1.2878787879e+00 0.0000000000e+00 2.0640155772e-09 -7.0562789231e-09
-1.1060606061e+00 1.2878787879e+00 0.0000000000e+00 2.0881582521e-09 -6.9654247147e-09
-1.0757575758e+00 1.2878787879e+00 0.0000000000e+00 2.1124777593e-09 -6.8778553625e-09
-1.0454545455e+00 1.2878787879e+00 0.0000000000e+00 2.1369523684e-09 -6.7935491360e-09
-1.0151515152e+00 1.2878787879e+00 0.0000000000e+00 2.1615580619e-09 -6.7124820179e-09
-9.8484848485e-01 1.2878787879e+00 0.0000000000e+00 2.1862684216e-09 -6.6346275897e-09
-9.5454545455e-01 1.2878787879e+00 0.0000000000e+00 2.2110545196e-09 -6.5599569238e-09
-9.2424242424e-01 1.2878787879e+00 0.0000000000e+00 2.2358848195e-09 -6.4884384837e-09
-8.9393939394e-01 1.2878787879e+00 0.0000000000e+00 2.2607250872e-09 -6.4200380351e-09
-8.6363636364e-01 1.2878787879e+00 0.0000000000e+00 2.2855383159e-09 -6.3547185715e-09
-8.3333333333e-01 1.2878787879e+00 0.0000000000e+00 2.3102846686e-09 -6.2924402558e-09
-8.0303030303e-01 1.2878787879e+00 0.0000000000e+00 2.3349214403e-09 -6.2331603829e-09
-7.7272727273e-01 1.2878787879e+00 0.0000000000e+00 2.3594030444e-09 -6.1768333663e-09
-7.4242424242e-01 1.2878787879e+00 0.0000000000e+00 2.3836810268e-09 -6.1234107519e-09
-7.1212121212e-01 1.2878787879e+00 0.0000000000e+00 2.4077041111e-09 -6.0728412633e-09
-6.8181818182e-01 1.2878787879e+00 0.0000000000e+00 2.4314182794e-09 -6.0250708825e-09
-6.5151515152e-01 1.2878787879e+00 0.0000000000e+00 2.4547668907e-09 -5.9800429685e-09
-6.2121212121e-01 1.2878787879e+00 0.0000000000e+00 2.4776908426e-09 -5.9376984192e-09
-5.9090909091e-01 1.2878787879e+00 0.0000000000e+00 2.5001287772e-09 -5.8979758763e-09
-5.6060606061e-01 1.2878787879e+00 0.0000000000e+00 2.5220173345e-09 -5.8608119800e-09
-5.3030303030e-01 1.2878787879e+00 0.0000000000e+00 2.5432914547e-09 -5.8261416705e-09
-5.0000000000e-01 1.2878787879e+00 0.0000000000e+00 2.5638847310e-09 -5.7938985409e-09
-4.6969696970e-01 1.2878787879e+00 0.0000000000e+00 2.5837298115e-09 -5.7640152395e-09
-4.3939393939e-01 1.2878787879e+00 0.0000000000e+00 2.6027588499e-09 -5.7364239197e-09
-4.0909090909e-01 1.2878787879e+00 0.0000000000e+00 2.6209040015e-09 -5.7110567371e-09
-3.7878787879e-01 1.2878787879e+00 0.0000000000e+00 2.6380979614e-09 -5.6878463867e-09
-3.4848484848e-01 1.2878787879e+00 0.0000000000e+00 2.6542745382e-09 -5.6667266771e-09
-3.1818181818e-01 1.2878787879e+00 0.0000000000e+00 2.6693692572e-09 -5.6476331335e-09
-2.8787878788e-01 1.2878787879e+00 0.0000000000e+00 2.6833199839e-09 -5.6305036214e-09
-2.5757575758e-01 1.2878787879e+00 0.0000000000e+00 2.6960675584e-09 -5.6152789810e-09
-2.2727272727e-01 1.2878787879e+00 0.0000000000e+00 2.7075564300e-09 -5.6019036617e-09
-1.9696969697e-01 1.2878787879e+00 0.0000000000e+00 2.7177352794e-09 -5.5903263440e-09
-1.6666666667e-01 1.2878787879e+00 0.0000000000e+00 2.7265576168e-09 -5.5805005381e-09
-1.3636363636e-01 1.2878787879e+00 0.0000000000e+00 2.7339823425e-09 -5.5723851445e-09
-1.0606060606e-01 1.2878787879e+00 0.0000000000e+00 2.7399742589e-09 -5.5659449654e-09
-7.5757575758e-02 1.2878787879e+00 0.0000000000e+00 2.7445045196e-09 -5.5611511545e-09
-4.5454545455e-02 1.2878787879e+00 0.0000000000e+00 2.7475510074e-09 -5.5579815945e-09
-1.5151515152e-02 1.2878787879e+00 0.0000000000e+00 2.7490986296e-09 -5.5564211928e-09
1.5151515152e-02 1.2878787879e+00 0.0000000000e+00 2.7491395243e-09 -5.5564620875e-09
4.5454545455e-02 1.2878787879e+00 0.0000000000e+00 2.7476731718e-09 -5.5581037590e-09
7.5757575758e-02 1.2878787879e+00 0.0000000000e+00 2.7447064079e-09 -5.5613530427e-09
1.0606060606e-01 1.2878787879e+00 0.0000000000e+00 2.7402533381e-09 -5.5662240446e-09
1.3636363636e-01 1.2878787879e+00 0.0000000000e+00 2.7343351566e-09 -5.5727379586e-09
1.6666666667e-01 1.2878787879e+00 0.0000000000e+00 2.7269798719e-09 -5.5809227932e-09
1.9696969697e-01 1.2878787879e+00 0.0000000000e+00 2.7182219476e-09 -5.5908130122e-09
2.2727272727e-01 1.2878787879e+00 0.0000000000e+00 2.7081018670e-09 -5.6024490987e-09
2.5757575758e-01 1.2878787879e+00 0.0000000000e+00 2.6966656312e-09 -5.6158770539e-09
2.8787878788e-01 1.2878787879e+00 0.0000000000e+00 2.6839642033e-09 -5.6311478408e-09
3.1818181818e-01 1.2878787879e+00 0.0000000000e+00 2.6700529112e-09 -5.6483167874e-09
3.4848484848e-01 1.2878787879e+00 0.0000000000e+00 2.6549908212e-09 -5.6674429601e-09
3.7878787879e-01 1.2878787879e+00 0.0000000000e+00 2.6388400969e-09 -5.6885885222e-09
4.0909090909e-01 1.2878787879e+00 0.0000000000e+00 2.6216653538e-09 -5.7118180895e-09
4.3939393939e-01 1.2878787879e+00 0.0000000000e+00 2.6035330233e-09 -5.7371980932e-09
4.6969696970e-01 1.2878787879e+00 0.0000000000e+00 2.5845107348e-09 -5.7647961628e-09
5.0000000000e-01 1.2878787879e+00 0.0000000000e+00 2.5646667269e-09 -5.7946805369e-09
5.3030303030e-01 1.2878787879e+00 0.0000000000e+00 2.5440692934e-09 -5.8269195092e-09
5.6060606061e-01 1.2878787879e+00 0.0000000000e+00 2.5227862721e-09 -5.8615809176e-09
5.9090909091e-01 1.2878787879e+00 0.0000000000e+00 2.5008845793e-09 -5.8987316784e-09
6.2121212121e-01 1.2878787879e+00 0.0000000000e+00 2.4784297950e-09 -5.9384373715e-09
6.5151515152e-01 1.2878787879e+00 0.0000000000e+00 2.4554857980e-09 -5.9807618759e-09
6.8181818182e-01 1.2878787879e+00 0.0000000000e+00 2.4321144538e-09 -6.0257670569e-09
7.1212121212e-01 1.2878787879e+00 0.0000000000e+00 2.4083753524e-09 -6.0735125046e-09
7.4242424242e-01 1.2878787879e+00 0.0000000000e+00 2.3843255955e-09 -6.1240553206e-09
7.7272727273e-01 1.2878787879e+00 0.0000000000e+00 2.3600196305e-09 -6.1774499524e-09
8.0303030303e-01 1.2878787879e+00 0.0000000000e+00 2.3355091280e-09 -6.2337480706e-09
8.3333333333e-01 1.2878787879e+00 0.0000000000e+00 2.3108428989e-09 -6.2929984861e-09
8.6363636364e-01 1.2878787879e+00 0.0000000000e+00 2.2860668485e-09 -6.3552471042e-09
8.9393939394e-01 1.2878787879e+00 0.0000000000e+00 2.2612239624e-09 -6.4205369104e-09
9.2424242424e-01 1.2878787879e+00 0.0000000000e+00 2.2363543209e-09 -6.4889079851e-09
9.5454545455e-01 1.2878787879e+00 0.0000000000e+00 2.2114951384e-09 -6.5603975426e-09
9.8484848485e-01 1.2878787879e+00 0.0000000000e+00 2.1866808229e-09 -6.6350399911e-09
1.0151515152e+00 1.2878787879e+00 0.0000000000e+00 2.1619430539e-09 -6.7128670098e-09
1.0454545455e+00 1.2878787879e+00 0.0000000000e+00 2.1373108731e-09 -6.7939076408e-09
1.0757575758e+00 1.2878787879e+00 0.0000000000e+00 2.1128107875e-09 -6.8781883907e-09
1.1060606061e+00 1.2878787879e+00 0.0000000000e+00 2.0884668797e-09 -6.9657333424e-09
1.1363636364e+00 1.2878787879e+00 0.0000000000e+00 2.0643009251e-09 -7.0565642710e-09
1.1666666667e+00 1.2878787879e+00 0.0000000000e+00 2.0403325122e-09 -7.1507007653e-09
1.1969696970e+00 1.2878787879e+00 0.0000000000e+00 2.0165791657e-09 -7.2481603498e-09
1.2272727273e+00 1.2878787879e+00 0.0000000000e+00 1.9930564693e-09 -7.3489586083e-09
1.2575757576e+00 1.2878787879e+00 0.0000000000e+00 1.9697781880e-09 -7.4531093058e-09
1.2878787879e+00 1.2878787879e+00 0.0000000000e+00 1.9467563883e-09 -7.5606245088e-09
1.3181818182e+00 1.2878787879e+00 0.0000000000e+00 1.9240015556e-09 -7.6715147026e-09
1.3484848485e+00 1.2878787879e+00 0.0000000000e+00 1.9015227076e-09 -7.7857889050e-09
1.3787878788e+00 1.2878787879e+00 0.0000000000e+00 1.8793275039e-09 -7.9034547756e-09
1.4090909091e+00 1.2878787879e+00 0.0000000000e+00 1.8574223510e-09 -8.0245187209e-09
1.4393939394e+00 1.2878787879e+00 0.0000000000e+00 1.8358125022e-09 -8.1489859941e-09
1.4696969697e+00 1.2878787879e+00 0.0000000000e+00 1.8145021525e-09 -8.2768607903e-09
1.5000000000e+00 1.2878787879e+00 0.0000000000e+00 1.7934945281e-09 -8.4081463357e-09
-1.5000000000e+00 1.3181818182e+00 0.0000000000e+00 1.7755058575e-09 -8.5238026916e-09
-1.4696969697e+00 1.3181818182e+00 0.0000000000e+00 1.7958732056e-09 -8.3918768699e-09
-1.4393939394e+00 1.3181818182e+00 0.0000000000e+00 1.8165187354e-09 -8.2633372538e-09
-1.4090909091e+00 1.3181818182e+00 0.0000000000e+00 1.8374384968e-09 -8.1381798933e-09
-1.3787878788e+00 1.3181818182e+00 0.0000000000e+00 1.8586275920e-09 -8.0163998902e-09
-1.3484848485e+00 1.3181818182e+00 0.0000000000e+00 1.8800800927e-09 -7.8979913167e-09
-1.3181818182e+00 1.3181818182e+00 0.0000000000e+00 1.9017889544e-09 -7.7829471280e-09
-1.2878787879e+00 1.3181818182e+00 0.0000000000e+00 1.9237459256e-09 -7.6712590727e-09
-1.2575757576e+00 1.3181818182e+00 0.0000000000e+00 1.9459414537e-09 -7.5629175981e-09
-1.2272727273e+00 1.3181818182e+00 0.0000000000e+00 1.9683645876e-09 -7.4579117531e-09
-1.1969696970e+00 1.3181818182e+00 0.0000000000e+00 1.9910028767e-09 -7.3562290874e-09
-1.1666666667e+00 1.3181818182e+00 0.0000000000e+00 2.0138422688e-09 -7.2578555484e-09
-1.1363636364e+00 1.3181818182e+00 0.0000000000e+00 2.0368670047e-09 -7.1627753771e-09
-1.1060606061e+00 1.3181818182e+00 0.0000000000e+00 2.0600595136e-09 -7.0709710027e-09
-1.0757575758e+00 1.3181818182e+00 0.0000000000e+00 2.0834003080e-09 -6.9824229377e-09
-1.0454545455e+00 1.3181818182e+00 0.0000000000e+00 2.1068678802e-09 -6.8971096744e-09
-1.0151515152e+00 1.3181818182e+00 0.0000000000e+00 2.1304386026e-09 -6.8150075851e-09
-9.8484848485e-01 1.3181818182e+00 0.0000000000e+00 2.1540866315e-09 -6.7360908262e-09
-9.5454545455e-01 1.3181818182e+00 0.0000000000e+00 2.1777838190e-09 -6.6603312498e-09
-9.2424242424e-01 1.3181818182e+00 0.0000000000e+00 2.2014996326e-09 -6.5876983233e-09
-8.9393939394e-01 1.3181818182e+00 0.0000000000e+00 2.2252010861e-09 -6.5181590606e-09
-8.6363636364e-01 1.3181818182e+00 0.0000000000e+00 2.2488526847e-09 -6.4516779669e-09
-8.3333333333e-01 1.3181818182e+00 0.0000000000e+00 2.2724163861e-09 -6.3882169999e-09
-8.0303030303e-01 1.3181818182e+00 0.0000000000e+00 2.2958515808e-09 -6.3277355500e-09
-7.7272727273e-01 1.3181818182e+00 0.0000000000e+00 2.3191150951e-09 -6.2701904435e-09
-7.4242424242e-01 1.3181818182e+00 0.0000000000e+00 2.3421612193e-09 -6.2155359710e-09
-7.1212121212e-01 1.3181818182e+00 0.0000000000e+00 2.3649417653e-09 -6.1637239440e-09
-6.8181818182e-01 1.3181818182e+00 0.0000000000e+00 2.3874061542e-09 -6.1147037838e-09
-6.5151515152e-01 1.3181818182e+00 0.0000000000e+00 2.4095015404e-09 -6.0684226449e-09
-6.2121212121e-01 1.3181818182e+00 0.0000000000e+00 2.4311729719e-09 -6.0248255749e-09
-5.9090909091e-01 1.3181818182e+00 0.0000000000e+00 2.4523635894e-09 -5.9838557150e-09
-5.6060606061e-01 1.3181818182e+00 0.0000000000e+00 2.4730148682e-09 -5.9454545402e-09
-5.3030303030e-01 1.3181818182e+00 0.0000000000e+00 2.4930669011e-09 -5.9095621434e-09
-5.0000000000e-01 1.3181818182e+00 0.0000000000e+00 2.5124587241e-09 -5.8761175606e-09
-4.6969696970e-01 1.3181818182e+00 0.0000000000e+00 2.5311286848e-09 -5.8450591393e-09
-4.3939393939e-01 1.3181818182e+00 0.0000000000e+00 2.5490148504e-09 -5.8163249469e-09
-4.0909090909e-01 1.3181818182e+00 0.0000000000e+00 2.5660554544e-09 -5.7898532166e-09
-3.7878787879e-01 1.3181818182e+00 0.0000000000e+00 2.5821893763e-09 -5.7655828282e-09
-3.4848484848e-01 1.3181818182e+00 0.0000000000e+00 2.5973566515e-09 -5.7434538168e-09
-3.1818181818e-01 1.3181818182e+00 0.0000000000e+00 2.6114990025e-09 -5.7234079053e-09
-2.8787878788e-01 1.3181818182e+00 0.0000000000e+00 2.6245603868e-09 -5.7053890508e-09
-2.5757575758e-01 1.3181818182e+00 0.0000000000e+00 2.6364875502e-09 -5.6893439994e-09
-2.2727272727e-01 1.3181818182e+00 0.0000000000e+00 2.6472305791e-09 -5.6752228373e-09
-1.9696969697e-01 1.3181818182e+00 0.0000000000e+00 2.6567434391e-09 -5.6629795302e-09
-1.6666666667e-01 1.3181818182e+00 0.0000000000e+00 2.6649844915e-09 -5.6525724394e-09
-1.3636363636e-01 1.3181818182e+00 0.0000000000e+00 2.6719169758e-09 -5.6439648043e-09
-1.0606060606e-01 1.3181818182e+00 0.0000000000e+00 2.6775094484e-09 -5.6371251814e-09
-7.5757575758e-02 1.3181818182e+00 0.0000000000e+00 2.6817361678e-09 -5.6320278292e-09
-4.5454545455e-02 1.3181818182e+00 0.0000000000e+00 2.6845774171e-09 -5.6286530307e-09
-1.5151515152e-02 1.3181818182e+00 0.0000000000e+00 2.6860197555e-09 -5.6269873453e-09
1.5151515152e-02 1.3181818182e+00 0.0000000000e+00 2.6860561944e-09 -5.6270237842e-09
4.5454545455e-02 1.3181818182e+00 0.0000000000e+00 2.6846862914e-09 -5.6287619051e-09
7.5757575758e-02 1.3181818182e+00 0.0000000000e+00 2.6819161610e-09 -5.6322078224e-09
1.0606060606e-01 1.3181818182e+00 0.0000000000e+00 2.6777584015e-09 -5.6373741345e-09
1.3636363636e-01 1.3181818182e+00 0.0000000000e+00 2.6722319399e-09 -5.6442797684e-09
1.6666666667e-01 1.3181818182e+00 0.0000000000e+00 2.6653617970e-09 -5.6529497449e-09
1.9696969697e-01 1.3181818182e+00 0.0000000000e+00 2.6571787810e-09 -5.6634148721e-09
2.2727272727e-01 1.3181818182e+00 0.0000000000e+00 2.6477191135e-09 -5.6757113718e-09
2.5757575758e-01 1.3181818182e+00 0.0000000000e+00 2.6370239998e-09 -5.6898804490e-09
2.8787878788e-01 1.3181818182e+00 0.0000000000e+00 2.6251391506e-09 -5.7059678146e-09
3.1818181818e-01 1.3181818182e+00 0.0000000000e+00 2.6121142669e-09 -5.7240231697e-09
3.4848484848e-01 1.3181818182e+00 0.0000000000e+00 2.5980024989e-09 -5.7440996643e-09
3.7878787879e-01 1.3181818182e+00 0.0000000000e+00 2.5828598890e-09 -5.7662533408e-09
4.0909090909e-01 1.3181818182e+00 0.0000000000e+00 2.5667448096e-09 -5.7905425718e-09
4.3939393939e-01 1.3181818182e+00 0.0000000000e+00 2.5497174064e-09 -5.8170275028e-09
4.6969696970e-01 1.3181818182e+00 0.0000000000e+00 2.5318390545e-09 -5.8457695090e-09
5.0000000000e-01 1.3181818182e+00 0.0000000000e+00 2.5131718375e-09 -5.8768306740e-09
5.3030303030e-01 1.3181818182e+00 0.0000000000e+00 2.4937780541e-09 -5.9102732964e-09
5.6060606061e-01 1.3181818182e+00 0.0000000000e+00 2.4737197593e-09 -5.9461594313e-09
5.9090909091e-01 1.3181818182e+00 0.0000000000e+00 2.4530583440e-09 -5.9845504696e-09
6.2121212121e-01 1.3181818182e+00 0.0000000000e+00 2.4318541556e-09 -6.0255067587e-09
6.5151515152e-01 1.3181818182e+00 0.0000000000e+00 2.4101661623e-09 -6.0690872667e-09
6.8181818182e-01 1.3181818182e+00 0.0000000000e+00 2.3880516605e-09 -6.1153492901e-09
7.1212121212e-01 1.3181818182e+00 0.0000000000e+00 2.3655660266e-09 -6.1643482053e-09
7.4242424242e-01 1.3181818182e+00 0.0000000000e+00 2.3427625110e-09 -6.2161372627e-09
7.7272727273e-01 1.3181818182e+00 0.0000000000e+00 2.3196920727e-09 -6.2707674211e-09
8.0303030303e-01 1.3181818182e+00 0.0000000000e+00 2.2964032527e-09 -6.3282872218e-09
8.3333333333e-01 1.3181818182e+00 0.0000000000e+00 2.2729420831e-09 -6.3887426968e-09
8.6363636364e-01 1.3181818182e+00 0.0000000000e+00 2.2493520287e-09 -6.4521773108e-09
8.9393939394e-01 1.3181818182e+00 0.0000000000e+00 2.2256739581e-09 -6.5186319326e-09
9.2424242424e-01 1.3181818182e+00 0.0000000000e+00 2.2019461415e-09 -6.5881448322e-09
9.5454545455e-01 1.3181818182e+00 0.0000000000e+00 2.1782042709e-09 -6.6607517016e-09
9.8484848485e-01 1.3181818182e+00 0.0000000000e+00 2.1544815001e-09 -6.7364856947e-09
1.0151515152e+00 1.3181818182e+00 0.0000000000e+00 2.1308085023e-09 -6.8153774847e-09
1.0454545455e+00 1.3181818182e+00 0.0000000000e+00 2.1072135406e-09 -6.8974553348e-09
1.0757575758e+00 1.3181818182e+00 0.0000000000e+00 2.0837225505e-09 -6.9827451802e-09
1.1060606061e+00 1.3181818182e+00 0.0000000000e+00 2.0603592307e-09 -7.0712707198e-09
1.1363636364e+00 1.3181818182e+00 0.0000000000e+00 2.0371451409e-09 -7.1630535134e-09
1.1666666667e+00 1.3181818182e+00 0.0000000000e+00 2.0140998045e-09 -7.2581130841e-09
1.1969696970e+00 1.3181818182e+00 0.0000000000e+00 1.9912408132e-09 -7.3564670239e-09
1.2272727273e+00 1.3181818182e+00 0.0000000000e+00 1.9685839349e-09 -7.4581311005e-09
1.2575757576e+00 1.3181818182e+00 0.0000000000e+00 1.9461432201e-09 -7.5631193644e-09
1.2878787879e+00 1.3181818182e+00 0.0000000000e+00 1.9239311081e-09 -7.6714442552e-09
1.3181818182e+00 1.3181818182e+00 0.0000000000e+00 1.9019585320e-09 -7.7831167056e-09
1.3484848485e+00 1.3181818182e+00 0.0000000000e+00 1.8802350200e-09 -7.8981462440e-09
1.3787878788e+00 1.3181818182e+00 0.0000000000e+00 1.8587687946e-09 -8.0165410928e-09
1.4090909091e+00 1.3181818182e+00 0.0000000000e+00 1.8375668675e-09 -8.1383082639e-09
1.4393939394e+00 1.3181818182e+00 0.0000000000e+00 1.8166351314e-09 -8.2634536499e-09
1.4696969697e+00 1.3181818182e+00 0.0000000000e+00 1.7959784469e-09 -8.3919821113e-09
1.5000000000e+00 1.3181818182e+00 0.0000000000e+00 1.7756007255e-09 -8.5238975596e-09
-1.5000000000e+00 1.3484848485e+00 0.0000000000e+00 1.7577379603e-09 -8.6427878448e-09
-1.4696969697e+00 1.3484848485e+00 0.0000000000e+00 1.7774930854e-09 -8.5102498001e-09
-1.4393939394e+00 1.3484848485e+00 0.0000000000e+00 1.7975040940e-09 -8.3810756629e-09
-1.4090909091e+00 1.3484848485e+00 0.0000000000e+00 1.8177664512e-09 -8.2552608980e-09
-1.3787878788e+00 1.3484848485e+00 0.0000000000e+00 1.8382746976e-09 -8.1328000463e-09
-1.3484848485e+00 1.3484848485e+00 0.0000000000e+00 1.8590223742e-09 -8.0136866486e-09
-1.3181818182e+00 1.3484848485e+00 0.0000000000e+00 1.8800019432e-09 -7.8979131671e-09
-1.2878787879e+00 1.3484848485e+00 0.0000000000e+00 1.9012047055e-09 -7.7854709029e-09
-1.2575757576e+00 1.3484848485e+00 0.0000000000e+00 1.9226207160e-09 -7.6763499107e-09
-1.2272727273e+00 1.3484848485e+00 0.0000000000e+00 1.9442386954e-09 -7.5705389114e-09
-1.1969696970e+00 1.3484848485e+00 0.0000000000e+00 1.9660459409e-09 -7.4680252019e-09
-1.1666666667e+00 1.3484848485e+00 0.0000000000e+00 1.9880282344e-09 -7.3687945644e-09
-1.1363636364e+00 1.3484848485e+00 0.0000000000e+00 2.0101697512e-09 -7.2728311740e-09
-1.1060606061e+00 1.3484848485e+00 0.0000000000e+00 2.0324529676e-09 -7.1801175072e-09
-1.0757575758e+00 1.3484848485e+00 0.0000000000e+00 2.0548585708e-09 -7.0906342509e-09
-1.0454545455e+00 1.3484848485e+00 0.0000000000e+00 2.0773653704e-09 -7.0043602150e-09
-1.0151515152e+00 1.3484848485e+00 0.0000000000e+00 2.0999502142e-09 -6.9212722471e-09
-9.8484848485e-01 1.3484848485e+00 0.0000000000e+00 2.1225879088e-09 -6.8413451538e-09
-9.5454545455e-01 1.3484848485e+00 0.0000000000e+00 2.1452511477e-09 -6.7645516288e-09
-9.2424242424e-01 1.3484848485e+00 0.0000000000e+00 2.1679104481e-09 -6.6908621892e-09
-8.9393939394e-01 1.3484848485e+00 0.0000000000e+00 2.1905340989e-09 -6.6202451238e-09
-8.6363636364e-01 1.3484848485e+00 0.0000000000e+00 2.2130881217e-09 -6.5526664543e-09
-8.3333333333e-01 1.3484848485e+00 0.0000000000e+00 2.2355362479e-09 -6.4880899121e-09
-8.0303030303e-01 1.3484848485e+00 0.0000000000e+00 2.2578399136e-09 -6.4264769332e-09
-7.7272727273e-01 1.3484848485e+00 0.0000000000e+00 2.2799582756e-09 -6.3677866745e-09
-7.4242424242e-01 1.3484848485e+00 0.0000000000e+00 2.3018482508e-09 -6.3119760528e-09
-7.1212121212e-01 1.3484848485e+00 0.0000000000e+00 2.3234645813e-09 -6.2589998104e-09
-6.8181818182e-01 1.3484848485e+00 0.0000000000e+00 2.3447599285e-09 -6.2088106085e-09
-6.5151515152e-01 1.3484848485e+00 0.0000000000e+00 2.3656849973e-09 -6.1613591521e-09
-6.2121212121e-01 1.3484848485e+00 0.0000000000e+00 2.3861886940e-09 -6.1165943475e-09
-5.9090909091e-01 1.3484848485e+00 0.0000000000e+00 2.4062183181e-09 -6.0744634942e-09
-5.6060606061e-01 1.3484848485e+00 0.0000000000e+00 2.4257197901e-09 -6.0349125125e-09
-5.3030303030e-01 1.3484848485e+00 0.0000000000e+00 2.4446379153e-09 -5.9978862080e-09
-5.0000000000e-01 1.3484848485e+00 0.0000000000e+00 2.4629166850e-09 -5.9633285719e-09
-4.6969696970e-01 1.3484848485e+00 0.0000000000e+00 2.4804996119e-09 -5.9311831169e-09
-4.3939393939e-01 1.3484848485e+00 0.0000000000e+00 2.4973301005e-09 -5.9013932473e-09
-4.0909090909e-01 1.3484848485e+00 0.0000000000e+00 2.5133518478e-09 -5.8739026604e-09
-3.7878787879e-01 1.3484848485e+00 0.0000000000e+00 2.5285092729e-09 -5.8486557751e-09
-3.4848484848e-01 1.3484848485e+00 0.0000000000e+00 2.5427479683e-09 -5.8255981841e-09
-3.1818181818e-01 1.3484848485e+00 0.0000000000e+00 2.5560151705e-09 -5.8046771237e-09
-2.8787878788e-01 1.3484848485e+00 0.0000000000e+00 2.5682602403e-09 -5.7858419547e-09
-2.5757575758e-01 1.3484848485e+00 0.0000000000e+00 2.5794351476e-09 -5.7690446472e-09
-2.2727272727e-01 1.3484848485e+00 0.0000000000e+00 2.5894949523e-09 -5.7542402609e-09
-1.9696969697e-01 1.3484848485e+00 0.0000000000e+00 2.5983982722e-09 -5.7413874137e-09
-1.6666666667e-01 1.3484848485e+00 0.0000000000e+00 2.6061077301e-09 -5.7304487284e-09
-1.3636363636e-01 1.3484848485e+00 0.0000000000e+00 2.6125903696e-09 -5.7213912485e-09
-1.0606060606e-01 1.3484848485e+00 0.0000000000e+00 2.6178180333e-09 -5.7141868168e-09
-7.5757575758e-02 1.3484848485e+00 0.0000000000e+00 2.6217676936e-09 -5.7088124054e-09
-4.5454545455e-02 1.3484848485e+00 0.0000000000e+00 2.6244217282e-09 -5.7052503922e-09
-1.5151515152e-02 1.3484848485e+00 0.0000000000e+00 2.6257681366e-09 -5.7034887767e-09
1.5151515152e-02 1.3484848485e+00 0.0000000000e+00 2.6258006892e-09 -5.7035213294e-09
4.5454545455e-02 1.3484848485e+00 0.0000000000e+00 2.6245190080e-09 -5.7053476720e-09
7.5757575758e-02 1.3484848485e+00 0.0000000000e+00 2.6219285752e-09 -5.7089732870e-09
1.0606060606e-01 1.3484848485e+00 0.0000000000e+00 2.6180406703e-09 -5.7144094538e-09
1.3636363636e-01 1.3484848485e+00 0.0000000000e+00 2.6128722369e-09 -5.7216731158e-09
1.6666666667e-01 1.3484848485e+00 0.0000000000e+00 2.6064456813e-09 -5.7307866796e-09
1.9696969697e-01 1.3484848485e+00 0.0000000000e+00 2.5987886095e-09 -5.7417777510e-09
2.2727272727e-01 1.3484848485e+00 0.0000000000e+00 2.5899335058e-09 -5.7546788144e-09
2.5757575758e-01 1.3484848485e+00 0.0000000000e+00 2.5799173632e-09 -5.7695268628e-09
2.8787878788e-01 1.3484848485e+00 0.0000000000e+00 2.5687812705e-09 -5.7863629850e-09
3.1818181818e-01 1.3484848485e+00 0.0000000000e+00 2.5565699676e-09 -5.8052319208e-09
3.4848484848e-01 1.3484848485e+00 0.0000000000e+00 2.5433313755e-09 -5.8261815913e-09
3.7878787879e-01 1.3484848485e+00 0.0000000000e+00 2.5291161124e-09 -5.8492626147e-09
4.0909090909e-01 1.3484848485e+00 0.0000000000e+00 2.5139770025e-09 -5.8745278151e-09
4.3939393939e-01 1.3484848485e+00 0.0000000000e+00 2.4979685873e-09 -5.9020317342e-09
4.6969696970e-01 1.3484848485e+00 0.0000000000e+00 2.4811466475e-09 -5.9318301524e-09
5.0000000000e-01 1.3484848485e+00 0.0000000000e+00 2.4635677402e-09 -5.9639796271e-09
5.3030303030e-01 1.3484848485e+00 0.0000000000e+00 2.4452887602e-09 -5.9985370530e-09
5.6060606061e-01 1.3484848485e+00 0.0000000000e+00 2.4263665281e-09 -6.0355592506e-09
5.9090909091e-01 1.3484848485e+00 0.0000000000e+00 2.4068574105e-09 -6.0751025865e-09
6.2121212121e-01 1.3484848485e+00 0.0000000000e+00 2.3868169741e-09 -6.1172226276e-09
6.5151515152e-01 1.3484848485e+00 0.0000000000e+00 2.3662996771e-09 -6.1619738320e-09
6.8181818182e-01 1.3484848485e+00 0.0000000000e+00 2.3453585970e-09 -6.2094092770e-09
7.1212121212e-01 1.3484848485e+00 0.0000000000e+00 2.3240451958e-09 -6.2595804250e-09
7.4242424242e-01 1.3484848485e+00 0.0000000000e+00 2.3024091235e-09 -6.3125369255e-09
7.7272727273e-01 1.3484848485e+00 0.0000000000e+00 2.2804980549e-09 -6.3683264538e-09
8.0303030303e-01 1.3484848485e+00 0.0000000000e+00 2.2583575626e-09 -6.4269945821e-09
8.3333333333e-01 1.3484848485e+00 0.0000000000e+00 2.2360310201e-09 -6.4885846842e-09
8.6363636364e-01 1.3484848485e+00 0.0000000000e+00 2.2135595353e-09 -6.5531378679e-09
8.9393939394e-01 1.3484848485e+00 0.0000000000e+00 2.1909819104e-09 -6.6206929353e-09
9.2424242424e-01 1.3484848485e+00 0.0000000000e+00 2.1683346256e-09 -6.6912863667e-09
9.5454545455e-01 1.3484848485e+00 0.0000000000e+00 2.1456518448e-09 -6.7649523260e-09
9.8484848485e-01 1.3484848485e+00 0.0000000000e+00 2.1229654397e-09 -6.8417226848e-09
1.0151515152e+00 1.3484848485e+00 0.0000000000e+00 2.1003050293e-09 -6.9216270622e-09
1.0454545455e+00 1.3484848485e+00 0.0000000000e+00 2.0776980343e-09 -7.0046928789e-09
1.0757575758e+00 1.3484848485e+00 0.0000000000e+00 2.0551697411e-09 -7.0909454213e-09
1.1060606061e+00 1.3484848485e+00 0.0000000000e+00 2.0327433764e-09 -7.1804079160e-09
1.1363636364e+00 1.3484848485e+00 0.0000000000e+00 2.0104401877e-09 -7.2731016106e-09
1.1666666667e+00 1.3484848485e+00 0.0000000000e+00 1.9882795298e-09 -7.3690458598e-09
1.1969696970e+00 1.3484848485e+00 0.0000000000e+00 1.9662789546e-09 -7.4682582156e-09
1.2272727273e+00 1.3484848485e+00 0.0000000000e+00 1.9444543034e-09 -7.5707545194e-09
1.2575757576e+00 1.3484848485e+00 0.0000000000e+00 1.9228198005e-09 -7.6765489953e-09
1.2878787879e+00 1.3484848485e+00 0.0000000000e+00 1.9013881465e-09 -7.7856543440e-09
1.3181818182e+00 1.3484848485e+00 0.0000000000e+00 1.8801706108e-09 -7.8980818348e-09
1.3484848485e+00 1.3484848485e+00 0.0000000000e+00 1.8591771226e-09 -8.0138413970e-09
1.3787878788e+00 1.3484848485e+00 0.0000000000e+00 1.8384163602e-09 -8.1329417089e-09
1.4090909091e+00 1.3484848485e+00 0.0000000000e+00 1.8178958365e-09 -8.2553902834e-09
1.4393939394e+00 1.3484848485e+00 0.0000000000e+00 1.7976219828e-09 -8.3811935516e-09
1.4696969697e+00 1.3484848485e+00 0.0000000000e+00 1.7776002279e-09 -8.5103569427e-09
1.5000000000e+00 1.3484848485e+00 0.0000000000e+00 1.7578350753e-09 -8.6428849598e-09
-1.5000000000e+00 1.3787878788e+00 0.0000000000e+00 1.7401083265e-09 -8.7650192853e-09
-1.4696969697e+00 1.3787878788e+00 0.0000000000e+00 1.7592684776e-09 -8.6318862667e-09
-1.4393939394e+00 1.3787878788e+00 0.0000000000e+00 1.7786635526e-09 -8.5020961958e-09
-1.4090909091e+00 1.3787878788e+00 0.0000000000e+00 1.7982885157e-09 -8.3756440368e-09
-1.3787878788e+00 1.3787878788e+00 0.0000000000e+00 1.8181374337e-09 -8.2525238566e-09
-1.3484848485e+00 1.3787878788e+00 0.0000000000e+00 1.8382034065e-09 -8.1327287552e-09
-1.3181818182e+00 1.3787878788e+00 0.0000000000e+00 1.8584784955e-09 -8.0162507938e-09
-1.2878787879e+00 1.3787878788e+00 0.0000000000e+00 1.8789536486e-09 -7.9030809203e-09
-1.2575757576e+00 1.3787878788e+00 0.0000000000e+00 1.8996186235e-09 -7.7932088926e-09
-1.2272727273e+00 1.3787878788e+00 0.0000000000e+00 1.9204619093e-09 -7.6866231996e-09
-1.1969696970e+00 1.3787878788e+00 0.0000000000e+00 1.9414706465e-09 -7.5833109818e-09
-1.1666666667e+00 1.3787878788e+00 0.0000000000e+00 1.9626305464e-09 -7.4832579507e-09
-1.1363636364e+00 1.3787878788e+00 0.0000000000e+00 1.9839258109e-09 -7.3864483080e-09
-1.1060606061e+00 1.3787878788e+00 0.0000000000e+00 2.0053390524e-09 -7.2928646662e-09
-1.0757575758e+00 1.3787878788e+00 0.0000000000e+00 2.0268512163e-09 -7.2024879707e-09
-1.0454545455e+00 1.3787878788e+00 0.0000000000e+00 2.0484415064e-09 -7.1152974253e-09
-1.0151515152e+00 1.3787878788e+00 0.0000000000e+00 2.0700873140e-09 -7.0312704212e-09
-9.8484848485e-01 1.3787878788e+00 0.0000000000e+00 2.0917641530e-09 -6.9503824724e-09
-9.5454545455e-01 1.3787878788e+00 0.0000000000e+00 2.1134456027e-09 -6.8726071581e-09
-9.2424242424e-01 1.3787878788e+00 0.0000000000e+00 2.1351032586e-09 -6.7979160740e-09
-8.9393939394e-01 1.3787878788e+00 0.0000000000e+00 2.1567066951e-09 -6.7262787943e-09
-8.6363636364e-01 1.3787878788e+00 0.0000000000e+00 2.1782234398e-09 -6.6576628467e-09
-8.3333333333e-01 1.3787878788e+00 0.0000000000e+00 2.1996189637e-09 -6.5920337021e-09
-8.0303030303e-01 1.3787878788e+00 0.0000000000e+00 2.2208566878e-09 -6.5293547817e-09
-7.7272727273e-01 1.3787878788e+00 0.0000000000e+00 2.2418980093e-09 -6.4695874825e-09
-7.4242424242e-01 1.3787878788e+00 0.0000000000e+00 2.2627023490e-09 -6.4126912253e-09
-7.1212121212e-01 1.3787878788e+00 0.0000000000e+00 2.2832272219e-09 -6.3586235253e-09
-6.8181818182e-01 1.3787878788e+00 0.0000000000e+00 2.3034283344e-09 -6.3073400887e-09
-6.5151515152e-01 1.3787878788e+00 0.0000000000e+00 2.3232597078e-09 -6.2587949369e-09
-6.2121212121e-01 1.3787878788e+00 0.0000000000e+00 2.3426738314e-09 -6.2129405591e-09
-5.9090909091e-01 1.3787878788e+00 0.0000000000e+00 2.3616218453e-09 -6.1697280956e-09
-5.6060606061e-01 1.3787878788e+00 0.0000000000e+00 2.3800537552e-09 -6.1291075519e-09
-5.3030303030e-01 1.3787878788e+00 0.0000000000e+00 2.3979186771e-09 -6.0910280441e-09
-5.0000000000e-01 1.3787878788e+00 0.0000000000e+00 2.4151651143e-09 -6.0554380754e-09
-4.6969696970e-01 1.3787878788e+00 0.0000000000e+00 2.4317412635e-09 -6.0222858427e-09
-4.3939393939e-01 1.3787878788e+00 0.0000000000e+00 2.4475953499e-09 -5.9915195710e-09
-4.0909090909e-01 1.3787878788e+00 0.0000000000e+00 2.4626759879e-09 -5.9630878748e-09
-3.7878787879e-01 1.3787878788e+00 0.0000000000e+00 2.4769325641e-09 -5.9369401406e-09
-3.4848484848e-01 1.3787878788e+00 0.0000000000e+00 2.4903156392e-09 -5.9130269293e-09
-3.1818181818e-01 1.3787878788e+00 0.0000000000e+00 2.5027773636e-09 -5.8913003910e-09
-2.8787878788e-01 1.3787878788e+00 0.0000000000e+00 2.5142719001e-09 -5.8717146889e-09
-2.5757575758e-01 1.3787878788e+00 0.0000000000e+00 2.5247558496e-09 -5.8542264235e-09
-2.2727272727e-01 1.3787878788e+00 0.0000000000e+00 2.5341886701e-09 -5.8387950530e-09
-1.9696969697e-01 1.3787878788e+00 0.0000000000e+00 2.5425330845e-09 -5.8253833003e-09
-1.6666666667e-01 1.3787878788e+00 0.0000000000e+00 2.5497554683e-09 -5.8139575409e-09
-1.3636363636e-01 1.3787878788e+00 0.0000000000e+00 2.5558262096e-09 -5.8044881628e-09
-1.0606060606e-01 1.3787878788e+00 0.0000000000e+00 2.5607200356e-09 -5.7969498933e-09
-7.5757575758e-02 1.3787878788e+00 0.0000000000e+00 2.5644162970e-09 -5.7913220831e-09
-4.5454545455e-02 1.3787878788e+00 0.0000000000e+00 2.5668992058e-09 -5.7875889441e-09
-1.5151515152e-02 1.3787878788e+00 0.0000000000e+00 2.5681580202e-09 -5.7857397347e-09
1.5151515152e-02 1.3787878788e+00 0.0000000000e+00 2.5681871729e-09 -5.7857688874e-09
4.5454545455e-02 1.3787878788e+00 0.0000000000e+00 2.5669863398e-09 -5.7876760781e-09
7.5757575758e-02 1.3787878788e+00 0.0000000000e+00 2.5645604471e-09 -5.7914662332e-09
1.0606060606e-01 1.3787878788e+00 0.0000000000e+00 2.5609196173e-09 -5.7971494750e-09
1.3636363636e-01 1.3787878788e+00 0.0000000000e+00 2.5560790536e-09 -5.8047410068e-09
1.6666666667e-01 1.3787878788e+00 0.0000000000e+00 2.5500588681e-09 -5.8142609407e-09
1.9696969697e-01 1.3787878788e+00 0.0000000000e+00 2.5428838539e-09 -5.8257340697e-09
2.2727272727e-01 1.3787878788e+00 0.0000000000e+00 2.5345832091e-09 -5.8391895920e-09
2.5757575758e-01 1.3787878788e+00 0.0000000000e+00 2.5251902171e-09 -5.8546607909e-09
2.8787878788e-01 1.3787878788e+00 0.0000000000e+00 2.5147418898e-09 -5.8721846785e-09
3.1818181818e-01 1.3787878788e+00 0.0000000000e+00 2.5032785820e-09 -5.8918016095e-09
3.4848484848e-01 1.3787878788e+00 0.0000000000e+00 2.4908435831e-09 -5.9135548732e-09
3.7878787879e-01 1.3787878788e+00 0.0000000000e+00 2.4774826946e-09 -5.9374902711e-09
4.0909090909e-01 1.3787878788e+00 0.0000000000e+00 2.4632438004e-09 -5.9636556872e-09
4.3939393939e-01 1.3787878788e+00 0.0000000000e+00 2.4481764380e-09 -5.9921006591e-09
4.6969696970e-01 1.3787878788e+00 0.0000000000e+00 2.4323313758e-09 -6.0228759550e-09
5.0000000000e-01 1.3787878788e+00 0.0000000000e+00 2.4157602033e-09 -6.0560331645e-09
5.3030303030e-01 1.3787878788e+00 0.0000000000e+00 2.3985149395e-09 -6.0916243065e-09
5.6060606061e-01 1.3787878788e+00 0.0000000000e+00 2.3806476636e-09 -6.1297014604e-09
5.9090909091e-01 1.3787878788e+00 0.0000000000e+00 2.3622101720e-09 -6.1703164223e-09
6.2121212121e-01 1.3787878788e+00 0.0000000000e+00 2.3432536634e-09 -6.2135203912e-09
6.5151515152e-01 1.3787878788e+00 0.0000000000e+00 2.3238284554e-09 -6.2593636845e-09
6.8181818182e-01 1.3787878788e+00 0.0000000000e+00 2.3039837322e-09 -6.3078954865e-09
7.1212121212e-01 1.3787878788e+00 0.0000000000e+00 2.2837673244e-09 -6.3591636278e-09
7.4242424242e-01 1.3787878788e+00 0.0000000000e+00 2.2632255212e-09 -6.4132143975e-09
7.7272727273e-01 1.3787878788e+00 0.0000000000e+00 2.2424029131e-09 -6.4700923863e-09
8.0303030303e-01 1.3787878788e+00 0.0000000000e+00 2.2213422650e-09 -6.5298403589e-09
8.3333333333e-01 1.3787878788e+00 0.0000000000e+00 2.2000844170e-09 -6.5924991555e-09
8.6363636364e-01 1.3787878788e+00 0.0000000000e+00 2.1786682118e-09 -6.6581076187e-09
8.9393939394e-01 1.3787878788e+00 0.0000000000e+00 2.1571304463e-09 -6.7267025455e-09
9.2424242424e-01 1.3787878788e+00 0.0000000000e+00 2.1355058451e-09 -6.7983186605e-09
9.5454545455e-01 1.3787878788e+00 0.0000000000e+00 2.1138270541e-09 -6.8729886096e-09
9.8484848485e-01 1.3787878788e+00 0.0000000000e+00 2.0921246509e-09 -6.9507429703e-09
1.0151515152e+00 1.3787878788e+00 0.0000000000e+00 2.0704271708e-09 -7.0316102780e-09
1.0454545455e+00 1.3787878788e+00 0.0000000000e+00 2.0487611459e-09 -7.1156170648e-09
1.0757575758e+00 1.3787878788e+00 0.0000000000e+00 2.0271511551e-09 -7.2027879096e-09
1.1060606061e+00 1.3787878788e+00 0.0000000000e+00 2.0056198830e-09 -7.2931454968e-09
1.1363636364e+00 1.3787878788e+00 0.0000000000e+00 1.9841881861e-09 -7.3867106832e-09
1.1666666667e+00 1.3787878788e+00 0.0000000000e+00 1.9628751653e-09 -7.4835025696e-09
1.1969696970e+00 1.3787878788e+00 0.0000000000e+00 1.9416982419e-09 -7.5835385772e-09
1.2272727273e+00 1.3787878788e+00 0.0000000000e+00 1.9206732367e-09 -7.6868345269e-09
1.2575757576e+00 1.3787878788e+00 0.0000000000e+00 1.8998144512e-09 -7.7934047203e-09
1.2878787879e+00 1.3787878788e+00 0.0000000000e+00 1.8791347496e-09 -7.9032620213e-09
1.3181818182e+00 1.3787878788e+00 0.0000000000e+00 1.8586456401e-09 -8.0164179383e-09
1.3484848485e+00 1.3787878788e+00 0.0000000000e+00 1.8383573561e-09 -8.1328827047e-09
1.3787878788e+00 1.3787878788e+00 0.0000000000e+00 1.8182789359e-09 -8.2526653588e-09
1.4090909091e+00 1.3787878788e+00 0.0000000000e+00 1.7984183004e-09 -8.3757738215e-09
1.4393939394e+00 1.3787878788e+00 0.0000000000e+00 1.7787823281e-09 -8.5022149712e-09
1.4696969697e+00 1.3787878788e+00 0.0000000000e+00 1.7593769286e-09 -8.6319947176e-09
1.5000000000e+00 1.3787878788e+00 0.0000000000e+00 1.7402071117e-09 -8.7651180705e-09
-1.5000000000e+00 1.4090909091e+00 0.0000000000e+00 1.7226255125e-09 -8.8905055694e-09
-1.4696969697e+00 1.4090909091e+00 0.0000000000e+00 1.7412077850e-09 -8.7567946722e-09
-1.4393939394e+00 1.4090909091e+00 0.0000000000e+00 1.7600052997e-09 -8.6264070410e-09
-1.4090909091e+00 1.4090909091e+00 0.0000000000e+00 1.7790125965e-09 -8.4993372158e-09
-1.3787878788e+00 1.4090909091e+00 0.0000000000e+00 1.7982233473e-09 -8.3755788684e-09
-1.3484848485e+00 1.4090909091e+00 0.0000000000e+00 1.8176302921e-09 -8.2551247389e-09
-1.3181818182e+00 1.4090909091e+00 0.0000000000e+00 1.8372251739e-09 -8.1379665703e-09
-1.2878787879e+00 1.4090909091e+00 0.0000000000e+00 1.8569986711e-09 -8.0240950410e-09
-1.2575757576e+00 1.4090909091e+00 0.0000000000e+00 1.8769403290e-09 -7.9134996962e-09
-1.2272727273e+00 1.4090909091e+00 0.0000000000e+00 1.8970384888e-09 -7.8061688772e-09
-1.1969696970e+00 1.4090909091e+00 0.0000000000e+00 1.9172802178e-09 -7.7020896514e-09
-1.1666666667e+00 1.4090909091e+00 0.0000000000e+00 1.9376512382e-09 -7.6012477407e-09
-1.1363636364e+00 1.4090909091e+00 0.0000000000e+00 1.9581358566e-09 -7.5036274519e-09
-1.1060606061e+00 1.4090909091e+00 0.0000000000e+00 1.9787168960e-09 -7.4092116080e-09
-1.0757575758e+00 1.4090909091e+00 0.0000000000e+00 1.9993756286e-09 -7.3179814812e-09
-1.0454545455e+00 1.4090909091e+00 0.0000000000e+00 2.0200917137e-09 -7.2299167307e-09
-1.0151515152e+00 1.4090909091e+00 0.0000000000e+00 2.0408431388e-09 -7.1449953442e-09
-9.8484848485e-01 1.4090909091e+00 0.0000000000e+00 2.0616061673e-09 -7.0631935849e-09
-9.5454545455e-01 1.4090909091e+00 0.0000000000e+00 2.0823552934e-09 -6.9844859470e-09
-9.2424242424e-01 1.4090909091e+00 0.0000000000e+00 2.1030632054e-09 -6.9088451189e-09
-8.9393939394e-01 1.4090909091e+00 0.0000000000e+00 2.1237007601e-09 -6.8362419575e-09
-8.6363636364e-01 1.4090909091e+00 0.0000000000e+00 2.1442369693e-09 -6.7666454743e-09
-8.3333333333e-01 1.4090909091e+00 0.0000000000e+00 2.1646389992e-09 -6.7000228358e-09
-8.0303030303e-01 1.4090909091e+00 0.0000000000e+00 2.1848721874e-09 -6.6363393794e-09
-7.7272727273e-01 1.4090909091e+00 0.0000000000e+00 2.2049000761e-09 -6.5755586474e-09
-7.4242424242e-01 1.4090909091e+00 0.0000000000e+00 2.2246844655e-09 -6.5176424400e-09
-7.1212121212e-01 1.4090909091e+00 0.0000000000e+00 2.2441854884e-09 -6.4625508899e-09
-6.8181818182e-01 1.4090909091e+00 0.0000000000e+00 2.2633617074e-09 -6.4102425599e-09
-6.5151515152e-01 1.4090909091e+00 0.0000000000e+00 2.2821702369e-09 -6.3606745642e-09
-6.2121212121e-01 1.4090909091e+00 0.0000000000e+00 2.3005668902e-09 -6.3138027161e-09
-5.9090909091e-01 1.4090909091e+00 0.0000000000e+00 2.3185063529e-09 -6.2695817014e-09
-5.6060606061e-01 1.4090909091e+00 0.0000000000e+00 2.3359423839e-09 -6.2279652788e-09
-5.3030303030e-01 1.4090909091e+00 0.0000000000e+00 2.3528280426e-09 -6.1889065077e-09
-5.0000000000e-01 1.4090909091e+00 0.0000000000e+00 2.3691159423e-09 -6.1523580016e-09
-4.6969696970e-01 1.4090909091e+00 0.0000000000e+00 2.3847585303e-09 -6.1182722077e-09
-4.3939393939e-01 1.4090909091e+00 0.0000000000e+00 2.3997083902e-09 -6.0866017095e-09
-4.0909090909e-01 1.4090909091e+00 0.0000000000e+00 2.4139185664e-09 -6.0572995515e-09
-3.7878787879e-01 1.4090909091e+00 0.0000000000e+00 2.4273429069e-09 -6.0303195816e-09
-3.4848484848e-01 1.4090909091e+00 0.0000000000e+00 2.4399364202e-09 -6.0056168085e-09
-3.1818181818e-01 1.4090909091e+00 0.0000000000e+00 2.4516556438e-09 -5.9831477694e-09
-2.8787878788e-01 1.4090909091e+00 0.0000000000e+00 2.4624590166e-09 -5.9628709035e-09
-2.5757575758e-01 1.4090909091e+00 0.0000000000e+00 2.4723072524e-09 -5.9447469244e-09
-2.2727272727e-01 1.4090909091e+00 0.0000000000e+00 2.4811637074e-09 -5.9287391884e-09
-1.9696969697e-01 1.4090909091e+00 0.0000000000e+00 2.4889947352e-09 -5.9148140491e-09
-1.6666666667e-01 1.4090909091e+00 0.0000000000e+00 2.4957700243e-09 -5.9029411950e-09
-1.3636363636e-01 1.4090909091e+00 0.0000000000e+00 2.5014629108e-09 -5.8930939622e-09
-1.0606060606e-01 1.4090909091e+00 0.0000000000e+00 2.5060506603e-09 -5.8852496162e-09
-7.5757575758e-02 1.4090909091e+00 0.0000000000e+00 2.5095147143e-09 -5.8793895986e-09
-4.5454545455e-02 1.4090909091e+00 0.0000000000e+00 2.5118408948e-09 -5.8754997313e-09
-1.5151515152e-02 1.4090909091e+00 0.0000000000e+00 2.5130195638e-09 -5.8735703764e-09
1.5151515152e-02 1.4090909091e+00 0.0000000000e+00 2.5130457335e-09 -5.8735965461e-09
4.5454545455e-02 1.4090909091e+00 0.0000000000e+00 2.5119191251e-09 -5.8755779616e-09
7.5757575758e-02 1.4090909091e+00 0.0000000000e+00 2.5096441747e-09 -5.8795190590e-09
1.0606060606e-01 1.4090909091e+00 0.0000000000e+00 2.5062299866e-09 -5.8854289425e-09
1.3636363636e-01 1.4090909091e+00 0.0000000000e+00 2.5016902336e-09 -5.8933212850e-09
1.6666666667e-01 1.4090909091e+00 0.0000000000e+00 2.4960430083e-09 -5.9032141790e-09
1.9696969697e-01 1.4090909091e+00 0.0000000000e+00 2.4893106268e-09 -5.9151299407e-09
2.2727272727e-01 1.4090909091e+00 0.0000000000e+00 2.4815193897e-09 -5.9290948707e-09
2.5757575758e-01 1.4090909091e+00 0.0000000000e+00 2.4726993055e-09 -5.9451389776e-09
2.8787878788e-01 1.4090909091e+00 0.0000000000e+00 2.4628837815e-09 -5.9632956684e-09
3.1818181818e-01 1.4090909091e+00 0.0000000000e+00 2.4521092877e-09 -5.9836014133e-09
3.4848484848e-01 1.4090909091e+00 0.0000000000e+00 2.4404150019e-09 -6.0060953902e-09
3.7878787879e-01 1.4090909091e+00 0.0000000000e+00 2.4278424400e-09 -6.0308191147e-09
4.0909090909e-01 1.4090909091e+00 0.0000000000e+00 2.4144350794e-09 -6.0578160645e-09
4.3939393939e-01 1.4090909091e+00 0.0000000000e+00 2.4002379814e-09 -6.0871313007e-09
4.6969696970e-01 1.4090909091e+00 0.0000000000e+00 2.3852974177e-09 -6.1188110951e-09
5.0000000000e-01 1.4090909091e+00 0.0000000000e+00 2.3696605067e-09 -6.1529025660e-09
5.3030303030e-01 1.4090909091e+00 0.0000000000e+00 2.3533748637e-09 -6.1894533289e-09
5.6060606061e-01 1.4090909091e+00 0.0000000000e+00 2.3364882701e-09 -6.2285111649e-09
5.9090909091e-01 1.4090909091e+00 0.0000000000e+00 2.3190483630e-09 -6.2701237115e-09
6.2121212121e-01 1.4090909091e+00 0.0000000000e+00 2.3011023495e-09 -6.3143381754e-09
6.5151515152e-01 1.4090909091e+00 0.0000000000e+00 2.2826967465e-09 -6.3612010738e-09
6.8181818182e-01 1.4090909091e+00 0.0000000000e+00 2.2638771473e-09 -6.4107579997e-09
7.1212121212e-01 1.4090909091e+00 0.0000000000e+00 2.2446880161e-09 -6.4630534177e-09
7.4242424242e-01 1.4090909091e+00 0.0000000000e+00 2.2251725101e-09 -6.5181304846e-09
7.7272727273e-01 1.4090909091e+00 0.0000000000e+00 2.2053723282e-09 -6.5760308995e-09
8.0303030303e-01 1.4090909091e+00 0.0000000000e+00 2.1853275864e-09 -6.6367947784e-09
8.3333333333e-01 1.4090909091e+00 0.0000000000e+00 2.1650767180e-09 -6.7004605546e-09
8.6363636364e-01 1.4090909091e+00 0.0000000000e+00 2.1446563974e-09 -6.7670649025e-09
8.9393939394e-01 1.4090909091e+00 0.0000000000e+00 2.1241014860e-09 -6.8366426834e-09
9.2424242424e-01 1.4090909091e+00 0.0000000000e+00 2.1034449973e-09 -6.9092269108e-09
9.5454545455e-01 1.4090909091e+00 0.0000000000e+00 2.0827180809e-09 -6.9848487345e-09
9.8484848485e-01 1.4090909091e+00 0.0000000000e+00 2.0619500229e-09 -7.0635374404e-09
1.0151515152e+00 1.4090909091e+00 0.0000000000e+00 2.0411682593e-09 -7.1453204647e-09
1.0454545455e+00 1.4090909091e+00 0.0000000000e+00 2.0203984036e-09 -7.2302234206e-09
1.0757575758e+00 1.4090909091e+00 0.0000000000e+00 1.9996642835e-09 -7.3182701360e-09
1.1060606061e+00 1.4090909091e+00 0.0000000000e+00 1.9789879873e-09 -7.4094826993e-09
1.1363636364e+00 1.4090909091e+00 0.0000000000e+00 1.9583899180e-09 -7.5038815133e-09
1.1666666667e+00 1.4090909091e+00 0.0000000000e+00 1.9378888523e-09 -7.6014853547e-09
1.1969696970e+00 1.4090909091e+00 0.0000000000e+00 1.9175020048e-09 -7.7023114383e-09
1.2272727273e+00 1.4090909091e+00 0.0000000000e+00 1.8972450962e-09 -7.8063754847e-09
1.2575757576e+00 1.4090909091e+00 0.0000000000e+00 1.8771324225e-09 -7.9136917898e-09
1.2878787879e+00 1.4090909091e+00 0.0000000000e+00 1.8571769267e-09 -8.0242732966e-09
1.3181818182e+00 1.4090909091e+00 0.0000000000e+00 1.8373902703e-09 -8.1381316667e-09
1.3484848485e+00 1.4090909091e+00 0.0000000000e+00 1.8177829056e-09 -8.2552773524e-09
1.3787878788e+00 1.4090909091e+00 0.0000000000e+00 1.7983641462e-09 -8.3757196673e-09
1.4090909091e+00 1.4090909091e+00 0.0000000000e+00 1.7791422371e-09 -8.4994668564e-09
1.4393939394e+00 1.4090909091e+00 0.0000000000e+00 1.7601244228e-09 -8.6265261641e-09
1.4696969697e+00 1.4090909091e+00 0.0000000000e+00 1.7413170131e-09 -8.7569039003e-09
1.5000000000e+00 1.4090909091e+00 0.0000000000e+00 1.7227254476e-09 -8.8906055046e-09
-1.5000000000e+00 1.4393939394e+00 0.0000000000e+00 1.7052972074e-09 -9.0192543864e-09
-1.4696969697e+00 1.4393939394e+00 0.0000000000e+00 1.7233185019e-09 -8.8849825111e-09
-1.4393939394e+00 1.4393939394e+00 0.0000000000e+00 1.7415365747e-09 -8.7540154380e-09
-1.4090909091e+00 1.4393939394e+00 0.0000000000e+00 1.7599456109e-09 -8.6263473522e-09
-1.3787878788e+00 1.4393939394e+00 0.0000000000e+00 1.7785389584e-09 -8.5019716016e-09
-1.3484848485e+00 1.4393939394e+00 0.0000000000e+00 1.7973090699e-09 -8.3808806388e-09
-1.3181818182e+00 1.4393939394e+00 0.0000000000e+00 1.8162474437e-09 -8.2630659621e-09
-1.2878787879e+00 1.4393939394e+00 0.0000000000e+00 1.8353445628e-09 -8.1485180547e-09
-1.2575757576e+00 1.4393939394e+00 0.0000000000e+00 1.8545898337e-09 -8.0372263229e-09
-1.2272727273e+00 1.4393939394e+00 0.0000000000e+00 1.8739715235e-09 -7.9291790339e-09
-1.1969696970e+00 1.4393939394e+00 0.0000000000e+00 1.8934766979e-09 -7.8243632534e-09
-1.1666666667e+00 1.4393939394e+00 0.0000000000e+00 1.9130911590e-09 -7.7227647835e-09
-1.1363636364e+00 1.4393939394e+00 0.0000000000e+00 1.9327993848e-09 -7.6243681021e-09
-1.1060606061e+00 1.4393939394e+00 0.0000000000e+00 1.9525844695e-09 -7.5291563035e-09
-1.0757575758e+00 1.4393939394e+00 0.0000000000e+00 1.9724280682e-09 -7.4371110428e-09
-1.0454545455e+00 1.4393939394e+00 0.0000000000e+00 1.9923103439e-09 -7.3482124830e-09
-1.0151515152e+00 1.4393939394e+00 0.0000000000e+00 2.0122099198e-09 -7.2624392472e-09
-9.8484848485e-01 1.4393939394e+00 0.0000000000e+00 2.0321038377e-09 -7.1797683773e-09
-9.5454545455e-01 1.4393939394e+00 0.0000000000e+00 2.0519675235e-09 -7.1001752992e-09
-9.2424242424e-01 1.4393939394e+00 0.0000000000e+00 2.0717747612e-09 -7.0236337968e-09
-8.9393939394e-01 1.4393939394e+00 0.0000000000e+00 2.0914976769e-09 -6.9501159963e-09
-8.6363636364e-01 1.4393939394e+00 0.0000000000e+00 2.1111067345e-09 -6.8795923616e-09
-8.3333333333e-01 1.4393939394e+00 0.0000000000e+00 2.1305707443e-09 -6.8120317029e-09
-8.0303030303e-01 1.4393939394e+00 0.0000000000e+00 2.1498568862e-09 -6.7474012002e-09
-7.7272727273e-01 1.4393939394e+00 0.0000000000e+00 2.1689307495e-09 -6.6856664429e-09
-7.4242424242e-01 1.4393939394e+00 0.0000000000e+00 2.1877563899e-09 -6.6267914864e-09
-7.1212121212e-01 1.4393939394e+00 0.0000000000e+00 2.2062964058e-09 -6.5707389294e-09
-6.8181818182e-01 1.4393939394e+00 0.0000000000e+00 2.2245120353e-09 -6.5174700098e-09
-6.5151515152e-01 1.4393939394e+00 0.0000000000e+00 2.2423632742e-09 -6.4669447235e-09
-6.2121212121e-01 1.4393939394e+00 0.0000000000e+00 2.2598090175e-09 -6.4191219655e-09
-5.9090909091e-01 1.4393939394e+00 0.0000000000e+00 2.2768072223e-09 -6.3739596928e-09
-5.6060606061e-01 1.4393939394e+00 0.0000000000e+00 2.2933150958e-09 -6.3314151127e-09
-5.3030303030e-01 1.4393939394e+00 0.0000000000e+00 2.3092893050e-09 -6.2914448922e-09
-5.0000000000e-01 1.4393939394e+00 0.0000000000e+00 2.3246862095e-09 -6.2540053908e-09
-4.6969696970e-01 1.4393939394e+00 0.0000000000e+00 2.3394621161e-09 -6.2190529155e-09
-4.3939393939e-01 1.4393939394e+00 0.0000000000e+00 2.3535735526e-09 -6.1865439940e-09
-4.0909090909e-01 1.4393939394e+00 0.0000000000e+00 2.3669775594e-09 -6.1564356665e-09
-3.7878787879e-01 1.4393939394e+00 0.0000000000e+00 2.3796319962e-09 -6.1286857929e-09
-3.4848484848e-01 1.4393939394e+00 0.0000000000e+00 2.3914958600e-09 -6.1032533703e-09
-3.1818181818e-01 1.4393939394e+00 0.0000000000e+00 2.4025296114e-09 -6.0800988590e-09
-2.8787878788e-01 1.4393939394e+00 0.0000000000e+00 2.4126955038e-09 -6.0591845127e-09
-2.5757575758e-01 1.4393939394e+00 0.0000000000e+00 2.4219579120e-09 -6.0404747061e-09
-2.2727272727e-01 1.4393939394e+00 0.0000000000e+00 2.4302836542e-09 -6.0239362572e-09
-1.9696969697e-01 1.4393939394e+00 0.0000000000e+00 2.4376423025e-09 -6.0095387384e-09
-1.6666666667e-01 1.4393939394e+00 0.0000000000e+00 2.4440064773e-09 -5.9972547700e-09
-1.3636363636e-01 1.4393939394e+00 0.0000000000e+00 2.4493521192e-09 -5.9870602926e-09
-1.0606060606e-01 1.4393939394e+00 0.0000000000e+00 2.4536587339e-09 -5.9789348118e-09
-7.5757575758e-02 1.4393939394e+00 0.0000000000e+00 2.4569096052e-09 -5.9728616114e-09
-4.5454545455e-02 1.4393939394e+00 0.0000000000e+00 2.4590919726e-09 -5.9688279311e-09
-1.5151515152e-02 1.4393939394e+00 0.0000000000e+00 2.4601971685e-09 -5.9668251031e-09
1.5151515152e-02 1.4393939394e+00 0.0000000000e+00 2.4602207137e-09 -5.9668486483e-09
4.5454545455e-02 1.4393939394e+00 0.0000000000e+00 2.4591623676e-09 -5.9688983261e-09
7.5757575758e-02 1.4393939394e+00 0.0000000000e+00 2.4570261333e-09 -5.9729781395e-09
1.0606060606e-01 1.4393939394e+00 0.0000000000e+00 2.4538202168e-09 -5.9790962947e-09
1.3636363636e-01 1.4393939394e+00 0.0000000000e+00 2.4495569411e-09 -5.9872651145e-09
1.6666666667e-01 1.4393939394e+00 0.0000000000e+00 2.4442526172e-09 -5.9975009099e-09
1.9696969697e-01 1.4393939394e+00 0.0000000000e+00 2.4379273739e-09 -6.0098238098e-09
2.2727272727e-01 1.4393939394e+00 0.0000000000e+00 2.4306049510e-09 -6.0242575541e-09
2.5757575758e-01 1.4393939394e+00 0.0000000000e+00 2.4223124589e-09 -6.0408292530e-09
2.8787878788e-01 1.4393939394e+00 0.0000000000e+00 2.4130801099e-09 -6.0595691189e-09
3.1818181818e-01 1.4393939394e+00 0.0000000000e+00 2.4029409254e-09 -6.0805101731e-09
3.4848484848e-01 1.4393939394e+00 0.0000000000e+00 2.3919304255e-09 -6.1036879358e-09
3.7878787879e-01 1.4393939394e+00 0.0000000000e+00 2.3800863056e-09 -6.1291401023e-09
4.0909090909e-01 1.4393939394e+00 0.0000000000e+00 2.3674481054e-09 -6.1569062125e-09
4.3939393939e-01 1.4393939394e+00 0.0000000000e+00 2.3540568759e-09 -6.1870273172e-09
4.6969696970e-01 1.4393939394e+00 0.0000000000e+00 2.3399548487e-09 -6.2195456481e-09
5.0000000000e-01 1.4393939394e+00 0.0000000000e+00 2.3251851129e-09 -6.2545042943e-09
5.3030303030e-01 1.4393939394e+00 0.0000000000e+00 2.3097913028e-09 -6.2919468900e-09
5.6060606061e-01 1.4393939394e+00 0.0000000000e+00 2.2938173006e-09 -6.3319173175e-09
5.9090909091e-01 1.4393939394e+00 0.0000000000e+00 2.2773069563e-09 -6.3744594268e-09
6.2121212121e-01 1.4393939394e+00 0.0000000000e+00 2.2603038281e-09 -6.4196167761e-09
6.5151515152e-01 1.4393939394e+00 0.0000000000e+00 2.2428509441e-09 -6.4674323934e-09
6.8181818182e-01 1.4393939394e+00 0.0000000000e+00 2.2249905869e-09 -6.5179485614e-09
7.1212121212e-01 1.4393939394e+00 0.0000000000e+00 2.2067641025e-09 -6.5712066261e-09
7.4242424242e-01 1.4393939394e+00 0.0000000000e+00 2.1882117320e-09 -6.6272468285e-09
7.7272727273e-01 1.4393939394e+00 0.0000000000e+00 2.1693724675e-09 -6.6861081608e-09
8.0303030303e-01 1.4393939394e+00 0.0000000000e+00 2.1502839312e-09 -6.7478282452e-09
8.3333333333e-01 1.4393939394e+00 0.0000000000e+00 2.1309822762e-09 -6.8124432349e-09
8.6363636364e-01 1.4393939394e+00 0.0000000000e+00 2.1115021086e-09 -6.8799877357e-09
8.9393939394e-01 1.4393939394e+00 0.0000000000e+00 2.0918764289e-09 -6.9504947482e-09
9.2424242424e-01 1.4393939394e+00 0.0000000000e+00 2.0721365916e-09 -7.0239956272e-09
9.5454545455e-01 1.4393939394e+00 0.0000000000e+00 2.0523122822e-09 -7.1005200578e-09
9.8484848485e-01 1.4393939394e+00 0.0000000000e+00 2.0324315079e-09 -7.1800960474e-09
1.0151515152e+00 1.4393939394e+00 0.0000000000e+00 2.0125206025e-09 -7.2627499298e-09
1.0454545455e+00 1.4393939394e+00 0.0000000000e+00 1.9926042429e-09 -7.3485063820e-09
1.0757575758e+00 1.4393939394e+00 0.0000000000e+00 1.9727054759e-09 -7.4373884504e-09
1.1060606061e+00 1.4393939394e+00 0.0000000000e+00 1.9528457529e-09 -7.5294175869e-09
1.1363636364e+00 1.4393939394e+00 0.0000000000e+00 1.9330449735e-09 -7.6246136908e-09
1.1666666667e+00 1.4393939394e+00 0.0000000000e+00 1.9133215335e-09 -7.7229951580e-09
1.1969696970e+00 1.4393939394e+00 0.0000000000e+00 1.8936923786e-09 -7.8245789342e-09
1.2272727273e+00 1.4393939394e+00 0.0000000000e+00 1.8741730618e-09 -7.9293805722e-09
1.2575757576e+00 1.4393939394e+00 0.0000000000e+00 1.8547778029e-09 -8.0374142921e-09
1.2878787879e+00 1.4393939394e+00 0.0000000000e+00 1.8355195509e-09 -8.1486930428e-09
1.3181818182e+00 1.4393939394e+00 0.0000000000e+00 1.8164100465e-09 -8.2632285649e-09
1.3484848485e+00 1.4393939394e+00 0.0000000000e+00 1.7974598855e-09 -8.3810314543e-09
1.3787878788e+00 1.4393939394e+00 0.0000000000e+00 1.7786785819e-09 -8.5021112251e-09
1.4090909091e+00 1.4393939394e+00 0.0000000000e+00 1.7600746306e-09 -8.6264763718e-09
1.4393939394e+00 1.4393939394e+00 0.0000000000e+00 1.7416555682e-09 -8.7541344315e-09
1.4696969697e+00 1.4393939394e+00 0.0000000000e+00 1.7234280335e-09 -8.8850920427e-09
1.5000000000e+00 1.4393939394e+00 0.0000000000e+00 1.7053978256e-09 -9.0193550046e-09
-1.5000000000e+00 1.4696969697e+00 0.0000000000e+00 1.6881302835e-09 -9.1512726084e-09
-1.4696969697e+00 1.4696969697e+00 0.0000000000e+00 1.7056072698e-09 -9.0164564249e-09
-1.4393939394e+00 1.4696969697e+00 0.0000000000e+00 1.7232637290e-09 -8.8849277382e-09
-1.4090909091e+00 1.4696969697e+00 0.0000000000e+00 1.7410935542e-09 -8.7566804414e-09
-1.3787878788e+00 1.4696969697e+00 0.0000000000e+00 1.7590898331e-09 -8.6317076222e-09
-1.3484848485e+00 1.4696969697e+00 0.0000000000e+00 1.7772447958e-09 -8.5100015105e-09
-1.3181818182e+00 1.4696969697e+00 0.0000000000e+00 1.7955497609e-09 -8.3915534253e-09
-1.2878787879e+00 1.4696969697e+00 0.0000000000e+00 1.8139950816e-09 -8.2763537195e-09
-1.2575757576e+00 1.4696969697e+00 0.0000000000e+00 1.8325700902e-09 -8.1643917254e-09
-1.2272727273e+00 1.4696969697e+00 0.0000000000e+00 1.8512630431e-09 -8.0556556994e-09
-1.1969696970e+00 1.4696969697e+00 0.0000000000e+00 1.8700610659e-09 -7.9501327673e-09
-1.1666666667e+00 1.4696969697e+00 0.0000000000e+00 1.8889500996e-09 -7.8478088700e-09
-1.1363636364e+00 1.4696969697e+00 0.0000000000e+00 1.9079148479e-09 -7.7486687111e-09
-1.1060606061e+00 1.4696969697e+00 0.0000000000e+00 1.9269387271e-09 -7.6526957070e-09
-1.0757575758e+00 1.4696969697e+00 0.0000000000e+00 1.9460038189e-09 -7.5598719394e-09
-1.0454545455e+00 1.4696969697e+00 0.0000000000e+00 1.9650908270e-09 -7.4701781119e-09
-1.0151515152e+00 1.4696969697e+00 0.0000000000e+00 1.9841790387e-09 -7.3835935120e-09
-9.8484848485e-01 1.4696969697e+00 0.0000000000e+00 2.0032462925e-09 -7.3000959779e-09
-9.5454545455e-01 1.4696969697e+00 0.0000000000e+00 2.0222689525e-09 -7.2196618740e-09
-9.2424242424e-01 1.4696969697e+00 0.0000000000e+00 2.0412218915e-09 -7.1422660730e-09
-8.9393939394e-01 1.4696969697e+00 0.0000000000e+00 2.0600784830e-09 -7.0678819483e-09
-8.6363636364e-01 1.4696969697e+00 0.0000000000e+00 2.0788106047e-09 -6.9964813777e-09
-8.3333333333e-01 1.4696969697e+00 0.0000000000e+00 2.0973886537e-09 -6.9280347583e-09
-8.0303030303e-01 1.4696969697e+00 0.0000000000e+00 2.1157815754e-09 -6.8625110353e-09
-7.7272727273e-01 1.4696969697e+00 0.0000000000e+00 2.1339569068e-09 -6.7998777461e-09
-7.4242424242e-01 1.4696969697e+00 0.0000000000e+00 2.1518808369e-09 -6.7401010793e-09
-7.1212121212e-01 1.4696969697e+00 0.0000000000e+00 2.1695182826e-09 -6.6831459521e-09
-6.8181818182e-01 1.4696969697e+00 0.0000000000e+00 2.1868329846e-09 -6.6289761050e-09
-6.5151515152e-01 1.4696969697e+00 0.0000000000e+00 2.2037876212e-09 -6.5775542164e-09
-6.2121212121e-01 1.4696969697e+00 0.0000000000e+00 2.2203439423e-09 -6.5288420362e-09
-5.9090909091e-01 1.4696969697e+00 0.0000000000e+00 2.2364629233e-09 -6.4828005397e-09
-5.6060606061e-01 1.4696969697e+00 0.0000000000e+00 2.2521049394e-09 -6.4393901022e-09
-5.3030303030e-01 1.4696969697e+00 0.0000000000e+00 2.2672299594e-09 -6.3985706925e-09
-5.0000000000e-01 1.4696969697e+00 0.0000000000e+00 2.2817977593e-09 -6.3603020866e-09
-4.6969696970e-01 1.4696969697e+00 0.0000000000e+00 2.2957681532e-09 -6.3245440985e-09
-4.3939393939e-01 1.4696969697e+00 0.0000000000e+00 2.3091012416e-09 -6.2912568288e-09
-4.0909090909e-01 1.4696969697e+00 0.0000000000e+00 2.3217576734e-09 -6.2604009264e-09
-3.7878787879e-01 1.4696969697e+00 0.0000000000e+00 2.3336989208e-09 -6.2319378635e-09
-3.4848484848e-01 1.4696969697e+00 0.0000000000e+00 2.3448875627e-09 -6.2058302188e-09
-3.1818181818e-01 1.4696969697e+00 0.0000000000e+00 2.3552875738e-09 -6.1820419674e-09
-2.8787878788e-01 1.4696969697e+00 0.0000000000e+00 2.3648646168e-09 -6.1605387716e-09
-2.5757575758e-01 1.4696969697e+00 0.0000000000e+00 2.3735863309e-09 -6.1412882709e-09
-2.2727272727e-01 1.4696969697e+00 0.0000000000e+00 2.3814226156e-09 -6.1242603645e-09
-1.9696969697e-01 1.4696969697e+00 0.0000000000e+00 2.3883459024e-09 -6.1094274843e-09
-1.6666666667e-01 1.4696969697e+00 0.0000000000e+00 2.3943314123e-09 -6.0967648510e-09
-1.3636363636e-01 1.4696969697e+00 0.0000000000e+00 2.3993573926e-09 -6.0862507119e-09
-1.0606060606e-01 1.4696969697e+00 0.0000000000e+00 2.4034053303e-09 -6.0778665541e-09
-7.5757575758e-02 1.4696969697e+00 0.0000000000e+00 2.4064601371e-09 -6.0715972892e-09
-4.5454545455e-02 1.4696969697e+00 0.0000000000e+00 2.4085103035e-09 -6.0674314079e-09
-1.5151515152e-02 1.4696969697e+00 0.0000000000e+00 2.4095480176e-09 -6.0653610981e-09
1.5151515152e-02 1.4696969697e+00 0.0000000000e+00 2.4095692476e-09 -6.0653823281e-09
4.5454545455e-02 1.4696969697e+00 0.0000000000e+00 2.4085737852e-09 -6.0674948896e-09
7.5757575758e-02 1.4696969697e+00 0.0000000000e+00 2.4065652501e-09 -6.0717024022e-09
1.0606060606e-01 1.4696969697e+00 0.0000000000e+00 2.4035510539e-09 -6.0780122777e-09
1.3636363636e-01 1.4696969697e+00 0.0000000000e+00 2.3995423262e-09 -6.0864356455e-09
1.6666666667e-01 1.4696969697e+00 0.0000000000e+00 2.3945538018e-09 -6.0969872404e-09
1.9696969697e-01 1.4696969697e+00 0.0000000000e+00 2.3886036738e-09 -6.1096852557e-09
2.2727272727e-01 1.4696969697e+00 0.0000000000e+00 2.3817134132e-09 -6.1245511621e-09
2.5757575758e-01 1.4696969697e+00 0.0000000000e+00 2.3739075597e-09 -6.1416094996e-09
2.8787878788e-01 1.4696969697e+00 0.0000000000e+00 2.3652134874e-09 -6.1608876422e-09
3.1818181818e-01 1.4696969697e+00 0.0000000000e+00 2.3556611495e-09 -6.1824155431e-09
3.4848484848e-01 1.4696969697e+00 0.0000000000e+00 2.3452828059e-09 -6.2062254621e-09
3.7878787879e-01 1.4696969697e+00 0.0000000000e+00 2.3341127397e-09 -6.2323516823e-09
4.0909090909e-01 1.4696969697e+00 0.0000000000e+00 2.3221869656e-09 -6.2608302185e-09
4.3939393939e-01 1.4696969697e+00 0.0000000000e+00 2.3095429357e-09 -6.2916985229e-09
4.6969696970e-01 1.4696969697e+00 0.0000000000e+00 2.2962192469e-09 -6.3249951922e-09
5.0000000000e-01 1.4696969697e+00 0.0000000000e+00 2.2822553526e-09 -6.3607596799e-09
5.3030303030e-01 1.4696969697e+00 0.0000000000e+00 2.2676912841e-09 -6.3990320172e-09
5.6060606061e-01 1.4696969697e+00 0.0000000000e+00 2.2525673832e-09 -6.4398525460e-09
5.9090909091e-01 1.4696969697e+00 0.0000000000e+00 2.2369240495e-09 -6.4832616659e-09
6.2121212121e-01 1.4696969697e+00 0.0000000000e+00 2.2208015044e-09 -6.5292995983e-09
6.5151515152e-01 1.4696969697e+00 0.0000000000e+00 2.2042395734e-09 -6.5780061686e-09
6.8181818182e-01 1.4696969697e+00 0.0000000000e+00 2.1872774873e-09 -6.6294206077e-09
7.1212121212e-01 1.4696969697e+00 0.0000000000e+00 2.1699537047e-09 -6.6835813742e-09
7.4242424242e-01 1.4696969697e+00 0.0000000000e+00 2.1523057544e-09 -6.7405259968e-09
7.7272727273e-01 1.4696969697e+00 0.0000000000e+00 2.1343700980e-09 -6.8002909372e-09
8.0303030303e-01 1.4696969697e+00 0.0000000000e+00 2.1161820139e-09 -6.8629114739e-09
8.3333333333e-01 1.4696969697e+00 0.0000000000e+00 2.0977754997e-09 -6.9284216042e-09
8.6363636364e-01 1.4696969697e+00 0.0000000000e+00 2.0791831936e-09 -6.9968539665e-09
8.9393939394e-01 1.4696969697e+00 0.0000000000e+00 2.0604363138e-09 -7.0682397791e-09
9.2424242424e-01 1.4696969697e+00 0.0000000000e+00 2.0415646140e-09 -7.1426087954e-09
9.5454545455e-01 1.4696969697e+00 0.0000000000e+00 2.0225963539e-09 -7.2199892754e-09
9.8484848485e-01 1.4696969697e+00 0.0000000000e+00 2.0035582839e-09 -7.3004079694e-09
1.0151515152e+00 1.4696969697e+00 0.0000000000e+00 1.9844756421e-09 -7.3838901154e-09
1.0454545455e+00 1.4696969697e+00 0.0000000000e+00 1.9653721618e-09 -7.4704594468e-09
1.0757575758e+00 1.4696969697e+00 0.0000000000e+00 1.9462700896e-09 -7.5601382101e-09
1.1060606061e+00 1.4696969697e+00 0.0000000000e+00 1.9271902113e-09 -7.6529471912e-09
1.1363636364e+00 1.4696969697e+00 0.0000000000e+00 1.9081518850e-09 -7.7489057482e-09
1.1666666667e+00 1.4696969697e+00 0.0000000000e+00 1.8891730804e-09 -7.8480318508e-09
1.1969696970e+00 1.4696969697e+00 0.0000000000e+00 1.8702704230e-09 -7.9503421245e-09
1.2272727273e+00 1.4696969697e+00 0.0000000000e+00 1.8514592422e-09 -8.0558518986e-09
1.2575757576e+00 1.4696969697e+00 0.0000000000e+00 1.8327536221e-09 -8.1645752572e-09
1.2878787879e+00 1.4696969697e+00 0.0000000000e+00 1.8141664550e-09 -8.2765250928e-09
1.3181818182e+00 1.4696969697e+00 0.0000000000e+00 1.7957094963e-09 -8.3917131606e-09
1.3484848485e+00 1.4696969697e+00 0.0000000000e+00 1.7773934198e-09 -8.5101501345e-09
1.3787878788e+00 1.4696969697e+00 0.0000000000e+00 1.7592278738e-09 -8.6318456629e-09
1.4090909091e+00 1.4696969697e+00 0.0000000000e+00 1.7412215370e-09 -8.7568084242e-09
1.4393939394e+00 1.4696969697e+00 0.0000000000e+00 1.7233821729e-09 -8.8850461821e-09
1.4696969697e+00 1.4696969697e+00 0.0000000000e+00 1.7057166846e-09 -9.0165658397e-09
1.5000000000e+00 1.4696969697e+00 0.0000000000e+00 1.6882311673e-09 -9.1513734922e-09
-1.5000000000e+00 1.5000000000e+00 0.0000000000e+00 1.6711308443e-09 -9.2865663390e-09
-1.4696969697e+00 1.5000000000e+00 0.0000000000e+00 1.6880799309e-09 -9.1512222558e-09
-1.4393939394e+00 1.5000000000e+00 0.0000000000e+00 1.7051922852e-09 -9.0191494642e-09
-1.4090909091e+00 1.5000000000e+00 0.0000000000e+00 1.7224615647e-09 -8.8903416216e-09
-1.3787878788e+00 1.5000000000e+00 0.0000000000e+00 1.7398806542e-09 -8.7647916130e-09
-1.3484848485e+00 1.5000000000e+00 0.0000000000e+00 1.7574416186e-09 -8.6424915032e-09
-1.3181818182e+00 1.5000000000e+00 0.0000000000e+00 1.7751356550e-09 -8.5234324891e-09
-1.2878787879e+00 1.5000000000e+00 0.0000000000e+00 1.7929530435e-09 -8.4076048510e-09
-1.2575757576e+00 1.5000000000e+00 0.0000000000e+00 1.8108830985e-09 -8.2949979034e-09
-1.2272727273e+00 1.5000000000e+00 0.0000000000e+00 1.8289141204e-09 -8.1855999465e-09
-1.1969696970e+00 1.5000000000e+00 0.0000000000e+00 1.8470333471e-09 -8.0793982183e-09
-1.1666666667e+00 1.5000000000e+00 0.0000000000e+00 1.8652269076e-09 -7.9763788478e-09
-1.1363636364e+00 1.5000000000e+00 0.0000000000e+00 1.8834797769e-09 -7.8765268099e-09
-1.1060606061e+00 1.5000000000e+00 0.0000000000e+00 1.9017757334e-09 -7.7798258831e-09
-1.0757575758e+00 1.5000000000e+00 0.0000000000e+00 1.9200973199e-09 -7.6862586102e-09
-1.0454545455e+00 1.5000000000e+00 0.0000000000e+00 1.9384258080e-09 -7.5958062627e-09
-1.0151515152e+00 1.5000000000e+00 0.0000000000e+00 1.9567411680e-09 -7.5084488110e-09
-9.8484848485e-01 1.5000000000e+00 0.0000000000e+00 1.9750220441e-09 -7.4241648993e-09
-9.5454545455e-01 1.5000000000e+00 0.0000000000e+00 1.9932457367e-09 -7.3429318280e-09
-9.2424242424e-01 1.5000000000e+00 0.0000000000e+00 2.0113881930e-09 -7.2647255443e-09
-8.9393939394e-01 1.5000000000e+00 0.0000000000e+00 2.0294240057e-09 -7.1895206407e-09
-8.6363636364e-01 1.5000000000e+00 0.0000000000e+00 2.0473264222e-09 -7.1172903650e-09
-8.3333333333e-01 1.5000000000e+00 0.0000000000e+00 2.0650673659e-09 -7.0480066402e-09
-8.0303030303e-01 1.5000000000e+00 0.0000000000e+00 2.0826174685e-09 -6.9816400982e-09
-7.7272727273e-01 1.5000000000e+00 0.0000000000e+00 2.0999461163e-09 -6.9181601254e-09
-7.4242424242e-01 1.5000000000e+00 0.0000000000e+00 2.1170215119e-09 -6.8575349241e-09
-7.1212121212e-01 1.5000000000e+00 0.0000000000e+00 2.1338107496e-09 -6.7997315888e-09
-6.8181818182e-01 1.5000000000e+00 0.0000000000e+00 2.1502799086e-09 -6.7447161988e-09
-6.5151515152e-01 1.5000000000e+00 0.0000000000e+00 2.1663941623e-09 -6.6924539273e-09
-6.2121212121e-01 1.5000000000e+00 0.0000000000e+00 2.1821179049e-09 -6.6429091686e-09
-5.9090909091e-01 1.5000000000e+00 0.0000000000e+00 2.1974148958e-09 -6.5960456820e-09
-5.6060606061e-01 1.5000000000e+00 0.0000000000e+00 2.2122484214e-09 -6.5518267540e-09
-5.3030303030e-01 1.5000000000e+00 0.0000000000e+00 2.2265814737e-09 -6.5102153766e-09
-5.0000000000e-01 1.5000000000e+00 0.0000000000e+00 2.2403769457e-09 -6.4711744427e-09
-4.6969696970e-01 1.5000000000e+00 0.0000000000e+00 2.2535978415e-09 -6.4346669566e-09
-4.3939393939e-01 1.5000000000e+00 0.0000000000e+00 2.2662075011e-09 -6.4006562581e-09
-4.0909090909e-01 1.5000000000e+00 0.0000000000e+00 2.2781698361e-09 -6.3691062588e-09
-3.7878787879e-01 1.5000000000e+00 0.0000000000e+00 2.2894495757e-09 -6.3399816881e-09
-3.4848484848e-01 1.5000000000e+00 0.0000000000e+00 2.3000125201e-09 -6.3132483460e-09
-3.1818181818e-01 1.5000000000e+00 0.0000000000e+00 2.3098257976e-09 -6.2888733610e-09
-2.8787878788e-01 1.5000000000e+00 0.0000000000e+00 2.3188581228e-09 -6.2668254474e-09
-2.5757575758e-01 1.5000000000e+00 0.0000000000e+00 2.3270800517e-09 -6.2470751615e-09
-2.2727272727e-01 1.5000000000e+00 0.0000000000e+00 2.3344642317e-09 -6.2295951505e-09
-1.9696969697e-01 1.5000000000e+00 0.0000000000e+00 2.3409856401e-09 -6.2143603917e-09
-1.6666666667e-01 1.5000000000e+00 0.0000000000e+00 2.3466218094e-09 -6.2013484178e-09
-1.3636363636e-01 1.5000000000e+00 0.0000000000e+00 2.3513530347e-09 -6.1905395237e-09
-1.0606060606e-01 1.5000000000e+00 0.0000000000e+00 2.3551625597e-09 -6.1819169533e-09
-7.5757575758e-02 1.5000000000e+00 0.0000000000e+00 2.3580367382e-09 -6.1754670601e-09
-4.5454545455e-02 1.5000000000e+00 0.0000000000e+00 2.3599651673e-09 -6.1711794415e-09
-1.5151515152e-02 1.5000000000e+00 0.0000000000e+00 2.3609407915e-09 -6.1690470418e-09
1.5151515152e-02 1.5000000000e+00 0.0000000000e+00 2.3609599739e-09 -6.1690662242e-09
4.5454545455e-02 1.5000000000e+00 0.0000000000e+00 2.3600225337e-09 -6.1712368079e-09
7.5757575758e-02 1.5000000000e+00 0.0000000000e+00 2.3581317500e-09 -6.1755620719e-09
1.0606060606e-01 1.5000000000e+00 0.0000000000e+00 2.3552943303e-09 -6.1820487239e-09
1.3636363636e-01 1.5000000000e+00 0.0000000000e+00 2.3515203463e-09 -6.1907068353e-09
1.6666666667e-01 1.5000000000e+00 0.0000000000e+00 2.3468231356e-09 -6.2015497440e-09
1.9696969697e-01 1.5000000000e+00 0.0000000000e+00 2.3412191737e-09 -6.2145939254e-09
2.2727272727e-01 1.5000000000e+00 0.0000000000e+00 2.3347279168e-09 -6.2298588356e-09
2.5757575758e-01 1.5000000000e+00 0.0000000000e+00 2.3273716194e-09 -6.2473667291e-09
2.8787878788e-01 1.5000000000e+00 0.0000000000e+00 2.3191751291e-09 -6.2671424537e-09
3.1818181818e-01 1.5000000000e+00 0.0000000000e+00 2.3101656634e-09 -6.2892132268e-09
3.4848484848e-01 1.5000000000e+00 0.0000000000e+00 2.3003725707e-09 -6.3136083966e-09
3.7878787879e-01 1.5000000000e+00 0.0000000000e+00 2.2898270805e-09 -6.3403591930e-09
4.0909090909e-01 1.5000000000e+00 0.0000000000e+00 2.2785620467e-09 -6.3694984695e-09
4.3939393939e-01 1.5000000000e+00 0.0000000000e+00 2.2666116871e-09 -6.4010604441e-09
4.6969696970e-01 1.5000000000e+00 0.0000000000e+00 2.2540113232e-09 -6.4350804383e-09
5.0000000000e-01 1.5000000000e+00 0.0000000000e+00 2.2407971241e-09 -6.4715946211e-09
5.3030303030e-01 1.5000000000e+00 0.0000000000e+00 2.2270058567e-09 -6.5106397596e-09
5.6060606061e-01 1.5000000000e+00 0.0000000000e+00 2.2126746454e-09 -6.5522529780e-09
5.9090909091e-01 1.5000000000e+00 0.0000000000e+00 2.1978407441e-09 -6.5964715303e-09
6.2121212121e-01 1.5000000000e+00 0.0000000000e+00 2.1825413216e-09 -6.6433325852e-09
6.5151515152e-01 1.5000000000e+00 0.0000000000e+00 2.1668132623e-09 -6.6928730273e-09
6.8181818182e-01 1.5000000000e+00 0.0000000000e+00 2.1506929844e-09 -6.7451292745e-09
7.1212121212e-01 1.5000000000e+00 0.0000000000e+00 2.1342162740e-09 -6.8001371133e-09
7.4242424242e-01 1.5000000000e+00 0.0000000000e+00 2.1174181385e-09 -6.8579315507e-09
7.7272727273e-01 1.5000000000e+00 0.0000000000e+00 2.1003326765e-09 -6.9185466855e-09
8.0303030303e-01 1.5000000000e+00 0.0000000000e+00 2.0829929664e-09 -6.9820155961e-09
8.3333333333e-01 1.5000000000e+00 0.0000000000e+00 2.0654309718e-09 -7.0483702461e-09
8.6363636364e-01 1.5000000000e+00 0.0000000000e+00 2.0476774636e-09 -7.1176414063e-09
8.9393939394e-01 1.5000000000e+00 0.0000000000e+00 2.0297619580e-09 -7.1898585930e-09
9.2424242424e-01 1.5000000000e+00 0.0000000000e+00 2.0117126691e-09 -7.2650500203e-09
9.5454545455e-01 1.5000000000e+00 0.0000000000e+00 1.9935564754e-09 -7.3432425667e-09
9.8484848485e-01 1.5000000000e+00 0.0000000000e+00 1.9753188991e-09 -7.4244617543e-09
1.0151515152e+00 1.5000000000e+00 0.0000000000e+00 1.9570240965e-09 -7.5087317396e-09
1.0454545455e+00 1.5000000000e+00 0.0000000000e+00 1.9386948593e-09 -7.5960753140e-09
1.0757575758e+00 1.5000000000e+00 0.0000000000e+00 1.9203526242e-09 -7.6865139145e-09
1.1060606061e+00 1.5000000000e+00 0.0000000000e+00 1.9020174917e-09 -7.7800676414e-09
1.1363636364e+00 1.5000000000e+00 0.0000000000e+00 1.8837082508e-09 -7.8767552838e-09
1.1666666667e+00 1.5000000000e+00 0.0000000000e+00 1.8654424098e-09 -7.9765943500e-09
1.1969696970e+00 1.5000000000e+00 0.0000000000e+00 1.8472362329e-09 -8.0796011042e-09
1.2272727273e+00 1.5000000000e+00 0.0000000000e+00 1.8291047797e-09 -8.1857906058e-09
1.2575757576e+00 1.5000000000e+00 0.0000000000e+00 1.8110619483e-09 -8.2951767532e-09
1.2878787879e+00 1.5000000000e+00 0.0000000000e+00 1.7931205213e-09 -8.4077723289e-09
1.3181818182e+00 1.5000000000e+00 0.0000000000e+00 1.7752922133e-09 -8.5235890474e-09
1.3484848485e+00 1.5000000000e+00 0.0000000000e+00 1.7575877191e-09 -8.6426376037e-09
1.3787878788e+00 1.5000000000e+00 0.0000000000e+00 1.7400167635e-09 -8.7649277223e-09
1.4090909091e+00 1.5000000000e+00 0.0000000000e+00 1.7225881503e-09 -8.8904682073e-09
1.4393939394e+00 1.5000000000e+00 0.0000000000e+00 1.7053098119e-09 -9.0192669909e-09
1.4696969697e+00 1.5000000000e+00 0.0000000000e+00 1.6881888579e-09 -9.1513311828e-09
1.5000000000e+00 1.5000000000e+00 0.0000000000e+00 1.6712316227e-09 -9.2866671174e-09
